	Rhodotorula_mucilaginosa_TFCN_25-0-2E334-1.cds.fa	Rhodotorula_mucilaginosa_DBVPG_3775.cds.fa
GF00000001	TFCN2502E3341_000135-T1, TFCN2502E3341_008407-T1, TFCN2502E3341_007106-T1, TFCN2502E3341_014391-T1, TFCN2502E3341_000339-T1, TFCN2502E3341_014696-T1, TFCN2502E3341_010062-T1, TFCN2502E3341_001057-T1, TFCN2502E3341_000746-T1, TFCN2502E3341_005495-T1, TFCN2502E3341_002506-T1, TFCN2502E3341_009196-T1, TFCN2502E3341_004688-T1, TFCN2502E3341_003793-T1, TFCN2502E3341_005741-T1, TFCN2502E3341_002083-T1, TFCN2502E3341_000185-T1, TFCN2502E3341_004463-T1, TFCN2502E3341_013643-T1, TFCN2502E3341_004643-T1, TFCN2502E3341_000959-T1, TFCN2502E3341_008248-T1, TFCN2502E3341_014141-T1, TFCN2502E3341_009517-T1, TFCN2502E3341_004815-T1, TFCN2502E3341_002323-T1, TFCN2502E3341_004245-T1, TFCN2502E3341_001283-T1, TFCN2502E3341_014014-T1, TFCN2502E3341_002581-T1, TFCN2502E3341_004563-T1, TFCN2502E3341_012227-T1, TFCN2502E3341_009399-T1, TFCN2502E3341_000459-T1, TFCN2502E3341_007189-T1, TFCN2502E3341_013081-T1, TFCN2502E3341_008999-T1, TFCN2502E3341_014699-T1, TFCN2502E3341_000699-T1, TFCN2502E3341_012805-T1, TFCN2502E3341_009830-T1, TFCN2502E3341_013597-T1, TFCN2502E3341_011457-T1, TFCN2502E3341_014190-T1, TFCN2502E3341_001436-T1, TFCN2502E3341_003906-T1, TFCN2502E3341_012866-T1, TFCN2502E3341_014774-T1, TFCN2502E3341_009699-T1, TFCN2502E3341_012345-T1, TFCN2502E3341_013404-T1	DBVPG3775_001381-T1, DBVPG3775_001425-T1, DBVPG3775_001810-T1, DBVPG3775_001966-T1, DBVPG3775_002135-T1, DBVPG3775_002229-T1, DBVPG3775_002302-T1, DBVPG3775_002446-T1, DBVPG3775_002948-T1, DBVPG3775_003090-T1, DBVPG3775_003289-T1, DBVPG3775_003641-T1, DBVPG3775_004107-T1, DBVPG3775_004108-T1, DBVPG3775_004113-T1, DBVPG3775_004163-T1, DBVPG3775_004535-T1, DBVPG3775_004694-T1, DBVPG3775_005192-T1, DBVPG3775_005417-T1, DBVPG3775_005505-T1, DBVPG3775_005743-T1, DBVPG3775_006170-T1, DBVPG3775_006852-T1, DBVPG3775_007352-T1
GF00000002	TFCN2502E3341_000171-T1, TFCN2502E3341_005727-T1, TFCN2502E3341_010976-T1, TFCN2502E3341_006105-T1, TFCN2502E3341_001247-T1, TFCN2502E3341_005711-T1, TFCN2502E3341_007789-T1, TFCN2502E3341_007145-T1, TFCN2502E3341_011053-T1, TFCN2502E3341_011414-T1, TFCN2502E3341_003494-T1, TFCN2502E3341_005447-T1, TFCN2502E3341_007091-T1, TFCN2502E3341_009946-T1, TFCN2502E3341_007329-T1, TFCN2502E3341_014577-T1, TFCN2502E3341_012171-T1, TFCN2502E3341_009717-T1, TFCN2502E3341_011407-T1, TFCN2502E3341_007010-T1, TFCN2502E3341_009257-T1, TFCN2502E3341_013465-T1, TFCN2502E3341_010941-T1, TFCN2502E3341_007244-T1, TFCN2502E3341_003796-T1, TFCN2502E3341_014369-T1, TFCN2502E3341_003622-T1, TFCN2502E3341_006972-T1, TFCN2502E3341_006746-T1, TFCN2502E3341_004933-T1, TFCN2502E3341_002080-T1, TFCN2502E3341_010017-T1, TFCN2502E3341_006180-T1, TFCN2502E3341_010012-T1, TFCN2502E3341_005594-T1, TFCN2502E3341_011925-T1, TFCN2502E3341_013178-T1, TFCN2502E3341_006185-T1, TFCN2502E3341_014578-T1, TFCN2502E3341_007790-T1	DBVPG3775_000601-T1, DBVPG3775_000606-T1, DBVPG3775_001963-T1, DBVPG3775_002321-T1, DBVPG3775_003371-T1, DBVPG3775_003524-T1, DBVPG3775_003779-T1, DBVPG3775_004127-T1, DBVPG3775_004623-T1, DBVPG3775_004631-T1, DBVPG3775_004636-T1, DBVPG3775_004989-T1, DBVPG3775_005602-T1, DBVPG3775_006265-T1, DBVPG3775_006438-T1, DBVPG3775_006626-T1, DBVPG3775_006758-T1, DBVPG3775_006822-T1, DBVPG3775_007162-T1
GF00000003	TFCN2502E3341_000760-T1, TFCN2502E3341_005482-T1, TFCN2502E3341_013967-T1, TFCN2502E3341_013630-T1, TFCN2502E3341_000016-T1, TFCN2502E3341_007751-T1, TFCN2502E3341_010640-T1, TFCN2502E3341_005908-T1, TFCN2502E3341_001570-T1, TFCN2502E3341_013987-T1, TFCN2502E3341_009501-T1, TFCN2502E3341_007806-T1, TFCN2502E3341_009584-T1, TFCN2502E3341_012421-T1, TFCN2502E3341_001624-T1, TFCN2502E3341_013207-T1, TFCN2502E3341_014128-T1, TFCN2502E3341_007293-T1, TFCN2502E3341_001388-T1, TFCN2502E3341_008589-T1, TFCN2502E3341_006659-T1, TFCN2502E3341_005859-T1, TFCN2502E3341_002793-T1, TFCN2502E3341_000125-T1, TFCN2502E3341_008416-T1, TFCN2502E3341_011508-T1, TFCN2502E3341_004011-T1, TFCN2502E3341_013854-T1, TFCN2502E3341_009923-T1, TFCN2502E3341_002179-T1, TFCN2502E3341_008673-T1, TFCN2502E3341_004189-T1, TFCN2502E3341_004741-T1, TFCN2502E3341_006635-T1, TFCN2502E3341_014058-T1, TFCN2502E3341_002121-T1, TFCN2502E3341_009500-T1, TFCN2502E3341_013348-T1	DBVPG3775_000122-T1, DBVPG3775_000507-T1, DBVPG3775_000709-T1, DBVPG3775_000760-T1, DBVPG3775_000898-T1, DBVPG3775_000949-T1, DBVPG3775_001085-T1, DBVPG3775_001440-T1, DBVPG3775_002004-T1, DBVPG3775_002963-T1, DBVPG3775_003862-T1, DBVPG3775_004172-T1, DBVPG3775_005307-T1, DBVPG3775_005618-T1, DBVPG3775_006739-T1, DBVPG3775_006748-T1, DBVPG3775_006799-T1, DBVPG3775_007532-T1
GF00000004	TFCN2502E3341_001260-T1, TFCN2502E3341_005698-T1, TFCN2502E3341_003483-T1, TFCN2502E3341_003535-T1, TFCN2502E3341_005613-T1, TFCN2502E3341_005618-T1, TFCN2502E3341_003698-T1, TFCN2502E3341_005589-T1, TFCN2502E3341_005639-T1, TFCN2502E3341_005588-T1, TFCN2502E3341_011921-T1, TFCN2502E3341_005614-T1, TFCN2502E3341_005617-T1, TFCN2502E3341_005612-T1, TFCN2502E3341_005590-T1, TFCN2502E3341_005636-T1, TFCN2502E3341_005591-T1, TFCN2502E3341_010534-T1, TFCN2502E3341_005611-T1, TFCN2502E3341_005638-T1, TFCN2502E3341_003291-T1, TFCN2502E3341_001689-T1, TFCN2502E3341_008879-T1, TFCN2502E3341_011326-T1, TFCN2502E3341_005616-T1, TFCN2502E3341_003682-T1, TFCN2502E3341_009351-T1, TFCN2502E3341_005637-T1, TFCN2502E3341_005635-T1, TFCN2502E3341_011922-T1	DBVPG3775_001472-T1, DBVPG3775_003768-T1, DBVPG3775_004916-T1, DBVPG3775_006423-T1, DBVPG3775_006424-T1, DBVPG3775_006425-T1, DBVPG3775_006426-T1, DBVPG3775_006578-T1, DBVPG3775_006825-T1, DBVPG3775_006826-T1, DBVPG3775_006827-T1, DBVPG3775_006828-T1, DBVPG3775_006829-T1, DBVPG3775_006830-T1, DBVPG3775_006864-T1, DBVPG3775_006865-T1, DBVPG3775_006866-T1, DBVPG3775_006886-T1, DBVPG3775_006887-T1, DBVPG3775_006888-T1, DBVPG3775_006889-T1, DBVPG3775_006890-T1, DBVPG3775_003651-T1
GF00000005	TFCN2502E3341_000165-T1, TFCN2502E3341_005722-T1, TFCN2502E3341_008538-T1, TFCN2502E3341_012250-T1, TFCN2502E3341_000534-T1, TFCN2502E3341_007557-T1, TFCN2502E3341_006593-T1, TFCN2502E3341_003508-T1, TFCN2502E3341_010303-T1, TFCN2502E3341_005433-T1, TFCN2502E3341_013664-T1, TFCN2502E3341_004967-T1, TFCN2502E3341_013633-T1, TFCN2502E3341_014546-T1, TFCN2502E3341_005764-T1, TFCN2502E3341_000210-T1, TFCN2502E3341_000435-T1, TFCN2502E3341_008358-T1, TFCN2502E3341_014678-T1, TFCN2502E3341_004115-T1, TFCN2502E3341_000255-T1, TFCN2502E3341_009454-T1, TFCN2502E3341_007611-T1, TFCN2502E3341_008742-T1, TFCN2502E3341_008543-T1, TFCN2502E3341_012255-T1, TFCN2502E3341_012741-T1, TFCN2502E3341_002460-T1, TFCN2502E3341_013786-T1, TFCN2502E3341_001902-T1, TFCN2502E3341_003189-T1, TFCN2502E3341_002583-T1, TFCN2502E3341_004565-T1, TFCN2502E3341_009660-T1, TFCN2502E3341_006692-T1	DBVPG3775_000664-T1, DBVPG3775_000970-T1, DBVPG3775_001585-T1, DBVPG3775_001734-T1, DBVPG3775_002304-T1, DBVPG3775_002352-T1, DBVPG3775_003112-T1, DBVPG3775_003791-T1, DBVPG3775_003935-T1, DBVPG3775_004025-T1, DBVPG3775_004132-T1, DBVPG3775_005071-T1, DBVPG3775_005929-T1, DBVPG3775_005934-T1, DBVPG3775_006694-T1, DBVPG3775_006745-T1, DBVPG3775_007074-T1
GF00000006	TFCN2502E3341_007600-T1, TFCN2502E3341_011016-T1, TFCN2502E3341_012215-T1, TFCN2502E3341_007346-T1, TFCN2502E3341_004926-T1, TFCN2502E3341_001890-T1, TFCN2502E3341_007943-T1, TFCN2502E3341_011698-T1, TFCN2502E3341_013554-T1, TFCN2502E3341_001099-T1, TFCN2502E3341_014746-T1, TFCN2502E3341_008655-T1, TFCN2502E3341_008617-T1, TFCN2502E3341_005189-T1, TFCN2502E3341_008914-T1, TFCN2502E3341_010422-T1, TFCN2502E3341_006703-T1, TFCN2502E3341_003104-T1, TFCN2502E3341_004297-T1, TFCN2502E3341_003061-T1, TFCN2502E3341_004981-T1, TFCN2502E3341_007949-T1, TFCN2502E3341_001884-T1, TFCN2502E3341_008769-T1, TFCN2502E3341_007586-T1, TFCN2502E3341_006411-T1, TFCN2502E3341_004375-T1, TFCN2502E3341_002089-T1, TFCN2502E3341_003787-T1, TFCN2502E3341_010921-T1, TFCN2502E3341_009036-T1, TFCN2502E3341_010934-T1, TFCN2502E3341_009049-T1	DBVPG3775_000981-T1, DBVPG3775_000995-T1, DBVPG3775_001148-T1, DBVPG3775_001513-T1, DBVPG3775_001597-T1, DBVPG3775_001603-T1, DBVPG3775_001720-T1, DBVPG3775_001973-T1, DBVPG3775_002174-T1, DBVPG3775_002507-T1, DBVPG3775_003948-T1, DBVPG3775_004799-T1, DBVPG3775_005327-T1, DBVPG3775_005341-T1, DBVPG3775_005374-T1, DBVPG3775_006140-T1, DBVPG3775_006618-T1
GF00000007	TFCN2502E3341_000624-T1, TFCN2502E3341_000615-T1, TFCN2502E3341_000612-T1, TFCN2502E3341_007783-T1, TFCN2502E3341_007784-T1, TFCN2502E3341_000623-T1, TFCN2502E3341_007148-T1, TFCN2502E3341_000613-T1, TFCN2502E3341_007157-T1, TFCN2502E3341_012411-T1, TFCN2502E3341_012412-T1, TFCN2502E3341_000625-T1, TFCN2502E3341_007159-T1, TFCN2502E3341_009828-T1, TFCN2502E3341_000633-T1, TFCN2502E3341_007818-T1, TFCN2502E3341_011981-T1, TFCN2502E3341_004126-T1, TFCN2502E3341_007819-T1, TFCN2502E3341_000618-T1, TFCN2502E3341_007161-T1, TFCN2502E3341_009596-T1, TFCN2502E3341_007170-T1, TFCN2502E3341_000696-T1, TFCN2502E3341_009595-T1, TFCN2502E3341_009613-T1	DBVPG3775_001378-T1, DBVPG3775_003924-T1, DBVPG3775_005565-T1, DBVPG3775_005573-T1, DBVPG3775_005574-T1, DBVPG3775_005575-T1, DBVPG3775_005579-T1, DBVPG3775_005582-T1, DBVPG3775_005584-T1, DBVPG3775_005585-T1, DBVPG3775_005586-T1, DBVPG3775_005596-T1, DBVPG3775_005597-T1, DBVPG3775_005628-T1, DBVPG3775_005629-T1, DBVPG3775_007341-T1, DBVPG3775_007342-T1
GF00000008	TFCN2502E3341_000045-T1, TFCN2502E3341_012830-T1, TFCN2502E3341_013514-T1, TFCN2502E3341_007379-T1, TFCN2502E3341_009335-T1, TFCN2502E3341_002606-T1, TFCN2502E3341_007370-T1, TFCN2502E3341_013515-T1, TFCN2502E3341_007373-T1, TFCN2502E3341_002618-T1, TFCN2502E3341_009338-T1, TFCN2502E3341_002619-T1, TFCN2502E3341_013516-T1, TFCN2502E3341_002660-T1, TFCN2502E3341_009315-T1, TFCN2502E3341_000046-T1, TFCN2502E3341_001998-T1, TFCN2502E3341_009316-T1, TFCN2502E3341_009314-T1, TFCN2502E3341_002605-T1, TFCN2502E3341_013518-T1, TFCN2502E3341_002659-T1, TFCN2502E3341_013517-T1	DBVPG3775_001053-T1, DBVPG3775_004364-T1, DBVPG3775_004365-T1, DBVPG3775_004366-T1, DBVPG3775_004367-T1, DBVPG3775_004368-T1, DBVPG3775_004388-T1, DBVPG3775_004389-T1, DBVPG3775_004391-T1, DBVPG3775_004397-T1, DBVPG3775_004440-T1, DBVPG3775_004441-T1, DBVPG3775_004452-T1, DBVPG3775_004453-T1, DBVPG3775_005712-T1, DBVPG3775_005713-T1, DBVPG3775_005714-T1, DBVPG3775_005715-T1
GF00000009	TFCN2502E3341_012777-T1, TFCN2502E3341_008787-T1, TFCN2502E3341_001103-T1, TFCN2502E3341_013544-T1, TFCN2502E3341_010978-T1, TFCN2502E3341_014059-T1, TFCN2502E3341_002120-T1, TFCN2502E3341_008241-T1, TFCN2502E3341_014134-T1, TFCN2502E3341_002813-T1, TFCN2502E3341_009889-T1, TFCN2502E3341_007891-T1, TFCN2502E3341_003917-T1, TFCN2502E3341_009015-T1, TFCN2502E3341_008004-T1, TFCN2502E3341_005149-T1, TFCN2502E3341_011765-T1, TFCN2502E3341_008172-T1, TFCN2502E3341_014435-T1, TFCN2502E3341_008856-T1, TFCN2502E3341_006747-T1, TFCN2502E3341_004932-T1, TFCN2502E3341_006103-T1, TFCN2502E3341_005474-T1, TFCN2502E3341_012300-T1, TFCN2502E3341_005473-T1, TFCN2502E3341_011412-T1	DBVPG3775_000052-T1, DBVPG3775_000354-T1, DBVPG3775_001448-T1, DBVPG3775_001799-T1, DBVPG3775_002003-T1, DBVPG3775_002128-T1, DBVPG3775_002787-T1, DBVPG3775_004678-T1, DBVPG3775_005370-T1, DBVPG3775_006267-T1, DBVPG3775_006624-T1, DBVPG3775_007119-T1
GF00000010	TFCN2502E3341_008717-T1, TFCN2502E3341_010590-T1, TFCN2502E3341_002134-T1, TFCN2502E3341_012968-T1, TFCN2502E3341_006217-T1, TFCN2502E3341_004709-T1, TFCN2502E3341_004950-T1, TFCN2502E3341_014616-T1, TFCN2502E3341_006371-T1, TFCN2502E3341_001539-T1, TFCN2502E3341_004590-T1, TFCN2502E3341_000908-T1, TFCN2502E3341_012643-T1, TFCN2502E3341_005445-T1, TFCN2502E3341_003496-T1, TFCN2502E3341_002035-T1, TFCN2502E3341_002621-T1, TFCN2502E3341_013147-T1, TFCN2502E3341_013293-T1, TFCN2502E3341_004324-T1, TFCN2502E3341_003078-T1, TFCN2502E3341_014408-T1	DBVPG3775_000746-T1, DBVPG3775_000867-T1, DBVPG3775_001752-T1, DBVPG3775_002017-T1, DBVPG3775_002532-T1, DBVPG3775_003035-T1, DBVPG3775_003309-T1, DBVPG3775_003781-T1, DBVPG3775_004455-T1, DBVPG3775_004768-T1, DBVPG3775_005244-T1, DBVPG3775_005784-T1
GF00000011	TFCN2502E3341_000151-T1, TFCN2502E3341_008391-T1, TFCN2502E3341_012879-T1, TFCN2502E3341_003894-T1, TFCN2502E3341_008257-T1, TFCN2502E3341_014319-T1, TFCN2502E3341_014330-T1, TFCN2502E3341_006273-T1, TFCN2502E3341_010396-T1, TFCN2502E3341_001307-T1, TFCN2502E3341_009476-T1, TFCN2502E3341_010886-T1, TFCN2502E3341_002775-T1, TFCN2502E3341_006755-T1, TFCN2502E3341_012096-T1, TFCN2502E3341_000783-T1, TFCN2502E3341_008092-T1, TFCN2502E3341_009642-T1, TFCN2502E3341_000261-T1, TFCN2502E3341_013078-T1, TFCN2502E3341_011736-T1, TFCN2502E3341_011246-T1	DBVPG3775_000780-T1, DBVPG3775_001312-T1, DBVPG3775_001822-T1, DBVPG3775_002144-T1, DBVPG3775_002394-T1, DBVPG3775_003365-T1, DBVPG3775_004031-T1, DBVPG3775_004148-T1, DBVPG3775_004951-T1, DBVPG3775_005480-T1, DBVPG3775_005529-T1
GF00000012	TFCN2502E3341_000402-T1, TFCN2502E3341_005273-T1, TFCN2502E3341_005039-T1, TFCN2502E3341_005303-T1, TFCN2502E3341_003756-T1, TFCN2502E3341_001777-T1, TFCN2502E3341_005944-T1, TFCN2502E3341_013424-T1, TFCN2502E3341_008378-T1, TFCN2502E3341_003760-T1, TFCN2502E3341_001782-T1, TFCN2502E3341_002562-T1, TFCN2502E3341_004544-T1, TFCN2502E3341_006608-T1, TFCN2502E3341_011202-T1, TFCN2502E3341_006211-T1, TFCN2502E3341_009981-T1, TFCN2502E3341_002062-T1, TFCN2502E3341_007407-T1, TFCN2502E3341_002519-T1, TFCN2502E3341_004503-T1	DBVPG3775_000011-T1, DBVPG3775_002242-T1, DBVPG3775_002284-T1, DBVPG3775_002987-T1, DBVPG3775_003133-T1, DBVPG3775_004425-T1, DBVPG3775_006042-T1, DBVPG3775_006046-T1, DBVPG3775_006709-T1, DBVPG3775_007551-T1
GF00000013	TFCN2502E3341_000947-T1, TFCN2502E3341_004630-T1, TFCN2502E3341_001937-T1, TFCN2502E3341_008058-T1, TFCN2502E3341_008721-T1, TFCN2502E3341_014412-T1, TFCN2502E3341_010540-T1, TFCN2502E3341_011150-T1, TFCN2502E3341_007334-T1, TFCN2502E3341_014413-T1, TFCN2502E3341_004913-T1, TFCN2502E3341_001163-T1, TFCN2502E3341_012325-T1, TFCN2502E3341_009317-T1, TFCN2502E3341_011452-T1, TFCN2502E3341_014736-T1, TFCN2502E3341_007119-T1, TFCN2502E3341_004912-T1, TFCN2502E3341_007120-T1, TFCN2502E3341_013519-T1	DBVPG3775_001546-T1, DBVPG3775_004369-T1, DBVPG3775_005206-T1, DBVPG3775_005788-T1, DBVPG3775_006461-T1, DBVPG3775_006604-T1, DBVPG3775_006605-T1, DBVPG3775_007217-T1, DBVPG3775_007366-T1, DBVPG3775_007367-T1, DBVPG3775_007368-T1
GF00000014	TFCN2502E3341_001255-T1, TFCN2502E3341_005702-T1, TFCN2502E3341_003674-T1, TFCN2502E3341_011464-T1, TFCN2502E3341_013605-T1, TFCN2502E3341_005650-T1, TFCN2502E3341_004228-T1, TFCN2502E3341_002340-T1, TFCN2502E3341_014465-T1, TFCN2502E3341_011946-T1, TFCN2502E3341_005308-T1, TFCN2502E3341_008381-T1, TFCN2502E3341_003457-T1, TFCN2502E3341_003558-T1, TFCN2502E3341_001475-T1, TFCN2502E3341_004039-T1, TFCN2502E3341_002277-T1, TFCN2502E3341_006655-T1, TFCN2502E3341_008594-T1, TFCN2502E3341_014799-T1	DBVPG3775_000220-T1, DBVPG3775_002880-T1, DBVPG3775_003138-T1, DBVPG3775_003600-T1, DBVPG3775_003743-T1, DBVPG3775_004518-T1, DBVPG3775_006430-T1, DBVPG3775_006795-T1, DBVPG3775_006844-T1, DBVPG3775_006854-T1, DBVPG3775_007229-T1
GF00000015	TFCN2502E3341_001574-T1, TFCN2502E3341_005904-T1, TFCN2502E3341_007079-T1, TFCN2502E3341_007077-T1, TFCN2502E3341_013474-T1, TFCN2502E3341_007080-T1, TFCN2502E3341_013473-T1, TFCN2502E3341_013472-T1, TFCN2502E3341_002907-T1, TFCN2502E3341_008822-T1, TFCN2502E3341_012858-T1, TFCN2502E3341_014684-T1, TFCN2502E3341_007004-T1, TFCN2502E3341_009263-T1, TFCN2502E3341_001661-T1, TFCN2502E3341_006291-T1, TFCN2502E3341_003791-T1, TFCN2502E3341_002085-T1, TFCN2502E3341_003344-T1, TFCN2502E3341_003345-T1	DBVPG3775_000902-T1, DBVPG3775_001968-T1, DBVPG3775_001969-T1, DBVPG3775_002547-T1, DBVPG3775_002548-T1, DBVPG3775_002549-T1, DBVPG3775_002633-T1, DBVPG3775_003491-T1, DBVPG3775_003530-T1, DBVPG3775_007393-T1
GF00000016	TFCN2502E3341_000634-T1, TFCN2502E3341_007657-T1, TFCN2502E3341_008806-T1, TFCN2502E3341_007169-T1, TFCN2502E3341_009245-T1, TFCN2502E3341_007022-T1, TFCN2502E3341_009881-T1, TFCN2502E3341_002805-T1, TFCN2502E3341_012914-T1, TFCN2502E3341_002294-T1, TFCN2502E3341_002127-T1, TFCN2502E3341_009682-T1, TFCN2502E3341_012975-T1, TFCN2502E3341_003208-T1, TFCN2502E3341_006121-T1, TFCN2502E3341_007660-T1, TFCN2502E3341_014206-T1, TFCN2502E3341_014708-T1, TFCN2502E3341_002293-T1, TFCN2502E3341_008803-T1	DBVPG3775_000070-T1, DBVPG3775_000073-T1, DBVPG3775_000646-T1, DBVPG3775_002010-T1, DBVPG3775_003512-T1, DBVPG3775_004564-T1, DBVPG3775_005564-T1, DBVPG3775_006246-T1, DBVPG3775_007111-T1
GF00000017	TFCN2502E3341_013873-T1, TFCN2502E3341_009407-T1, TFCN2502E3341_001588-T1, TFCN2502E3341_005894-T1, TFCN2502E3341_004828-T1, TFCN2502E3341_009530-T1, TFCN2502E3341_013144-T1, TFCN2502E3341_013290-T1, TFCN2502E3341_001633-T1, TFCN2502E3341_005850-T1, TFCN2502E3341_005890-T1, TFCN2502E3341_001592-T1, TFCN2502E3341_012639-T1, TFCN2502E3341_008751-T1, TFCN2502E3341_012656-T1, TFCN2502E3341_007602-T1, TFCN2502E3341_004827-T1, TFCN2502E3341_009529-T1, TFCN2502E3341_007603-T1, TFCN2502E3341_008750-T1	DBVPG3775_000922-T1, DBVPG3775_000926-T1, DBVPG3775_000959-T1, DBVPG3775_000979-T1, DBVPG3775_002364-T1, DBVPG3775_002438-T1, DBVPG3775_002935-T1, DBVPG3775_002936-T1, DBVPG3775_003039-T1
GF00000018	TFCN2502E3341_007835-T1, TFCN2502E3341_006464-T1, TFCN2502E3341_001493-T1, TFCN2502E3341_001492-T1, TFCN2502E3341_014105-T1, TFCN2502E3341_000680-T1, TFCN2502E3341_009818-T1, TFCN2502E3341_014305-T1, TFCN2502E3341_005953-T1, TFCN2502E3341_012994-T1, TFCN2502E3341_014145-T1, TFCN2502E3341_010880-T1, TFCN2502E3341_010387-T1, TFCN2502E3341_012993-T1, TFCN2502E3341_006498-T1, TFCN2502E3341_006499-T1, TFCN2502E3341_012685-T1, TFCN2502E3341_004417-T1	DBVPG3775_000020-T1, DBVPG3775_001365-T1, DBVPG3775_003582-T1, DBVPG3775_003583-T1, DBVPG3775_005521-T1, DBVPG3775_005883-T1, DBVPG3775_006206-T1, DBVPG3775_006207-T1, DBVPG3775_006585-T1, DBVPG3775_007174-T1
GF00000019	TFCN2502E3341_001702-T1, TFCN2502E3341_003277-T1, TFCN2502E3341_003636-T1, TFCN2502E3341_006956-T1, TFCN2502E3341_002284-T1, TFCN2502E3341_004032-T1, TFCN2502E3341_009148-T1, TFCN2502E3341_008976-T1, TFCN2502E3341_002162-T1, TFCN2502E3341_010260-T1, TFCN2502E3341_009989-T1, TFCN2502E3341_006157-T1, TFCN2502E3341_001746-T1, TFCN2502E3341_011358-T1, TFCN2502E3341_006500-T1, TFCN2502E3341_012995-T1, TFCN2502E3341_008098-T1, TFCN2502E3341_009636-T1	DBVPG3775_000227-T1, DBVPG3775_000339-T1, DBVPG3775_002045-T1, DBVPG3775_004659-T1, DBVPG3775_004856-T1, DBVPG3775_004903-T1, DBVPG3775_004957-T1, DBVPG3775_005006-T1, DBVPG3775_006208-T1
GF00000020	TFCN2502E3341_002163-T1, TFCN2502E3341_010261-T1, TFCN2502E3341_003482-T1, TFCN2502E3341_003536-T1, TFCN2502E3341_012011-T1, TFCN2502E3341_003986-T1, TFCN2502E3341_010716-T1, TFCN2502E3341_007138-T1, TFCN2502E3341_007797-T1, TFCN2502E3341_004408-T1, TFCN2502E3341_002985-T1, TFCN2502E3341_002984-T1, TFCN2502E3341_014786-T1, TFCN2502E3341_014768-T1, TFCN2502E3341_014827-T1, TFCN2502E3341_014807-T1	DBVPG3775_000444-T1, DBVPG3775_002046-T1, DBVPG3775_002710-T1, DBVPG3775_003767-T1, DBVPG3775_005609-T1, DBVPG3775_007165-T1, DBVPG3775_007574-T1, DBVPG3775_007580-T1, DBVPG3775_007598-T1
GF00000021	TFCN2502E3341_003143-T1, TFCN2502E3341_013743-T1, TFCN2502E3341_008872-T1, TFCN2502E3341_011333-T1, TFCN2502E3341_011146-T1, TFCN2502E3341_008912-T1, TFCN2502E3341_010537-T1, TFCN2502E3341_005187-T1, TFCN2502E3341_006666-T1, TFCN2502E3341_008581-T1, TFCN2502E3341_013268-T1, TFCN2502E3341_008123-T1, TFCN2502E3341_013744-T1, TFCN2502E3341_003864-T1, TFCN2502E3341_004749-T1, TFCN2502E3341_005971-T1, TFCN2502E3341_005519-T1	DBVPG3775_001464-T1, DBVPG3775_001893-T1, DBVPG3775_002118-T1, DBVPG3775_002468-T1, DBVPG3775_003247-T1, DBVPG3775_004801-T1, DBVPG3775_006805-T1, DBVPG3775_007221-T1
GF00000022	TFCN2502E3341_000088-T1, TFCN2502E3341_008204-T1, TFCN2502E3341_013691-T1, TFCN2502E3341_004162-T1, TFCN2502E3341_008801-T1, TFCN2502E3341_007662-T1, TFCN2502E3341_012317-T1, TFCN2502E3341_005919-T1, TFCN2502E3341_013069-T1, TFCN2502E3341_000271-T1, TFCN2502E3341_009384-T1, TFCN2502E3341_010507-T1, TFCN2502E3341_013710-T1, TFCN2502E3341_001799-T1, TFCN2502E3341_000904-T1, TFCN2502E3341_004586-T1	DBVPG3775_000068-T1, DBVPG3775_003889-T1, DBVPG3775_004041-T1, DBVPG3775_004212-T1, DBVPG3775_005248-T1, DBVPG3775_006550-T1, DBVPG3775_007311-T1, DBVPG3775_007478-T1
GF00000023	TFCN2502E3341_000837-T1, TFCN2502E3341_006875-T1, TFCN2502E3341_003175-T1, TFCN2502E3341_004207-T1, TFCN2502E3341_002363-T1, TFCN2502E3341_014247-T1, TFCN2502E3341_008298-T1, TFCN2502E3341_013954-T1, TFCN2502E3341_008621-T1, TFCN2502E3341_008651-T1, TFCN2502E3341_006874-T1, TFCN2502E3341_009648-T1, TFCN2502E3341_013367-T1, TFCN2502E3341_006135-T1, TFCN2502E3341_003060-T1, TFCN2502E3341_004982-T1, TFCN2502E3341_009650-T1	DBVPG3775_000677-T1, DBVPG3775_001251-T1, DBVPG3775_001509-T1, DBVPG3775_001719-T1, DBVPG3775_004497-T1, DBVPG3775_005432-T1, DBVPG3775_006228-T1
GF00000024	TFCN2502E3341_000747-T1, TFCN2502E3341_005494-T1, TFCN2502E3341_005493-T1, TFCN2502E3341_012161-T1, TFCN2502E3341_000749-T1, TFCN2502E3341_001033-T1, TFCN2502E3341_001032-T1, TFCN2502E3341_000748-T1, TFCN2502E3341_009214-T1, TFCN2502E3341_007604-T1, TFCN2502E3341_007605-T1, TFCN2502E3341_008749-T1, TFCN2502E3341_009134-T1, TFCN2502E3341_008748-T1, TFCN2502E3341_008836-T1	DBVPG3775_000976-T1, DBVPG3775_000977-T1, DBVPG3775_000978-T1, DBVPG3775_001426-T1, DBVPG3775_001427-T1, DBVPG3775_002210-T1, DBVPG3775_002618-T1, DBVPG3775_007152-T1
GF00000025	TFCN2502E3341_005554-T1, TFCN2502E3341_006003-T1, TFCN2502E3341_012720-T1, TFCN2502E3341_008784-T1, TFCN2502E3341_013008-T1, TFCN2502E3341_012774-T1, TFCN2502E3341_006512-T1, TFCN2502E3341_013203-T1, TFCN2502E3341_014123-T1, TFCN2502E3341_006511-T1, TFCN2502E3341_011473-T1, TFCN2502E3341_011916-T1, TFCN2502E3341_007581-T1, TFCN2502E3341_008774-T1, TFCN2502E3341_014296-T1, TFCN2502E3341_014295-T1	DBVPG3775_000049-T1, DBVPG3775_000501-T1, DBVPG3775_000502-T1, DBVPG3775_001000-T1, DBVPG3775_002083-T1, DBVPG3775_006221-T1, DBVPG3775_006836-T1
GF00000026	TFCN2502E3341_007163-T1, TFCN2502E3341_000627-T1, TFCN2502E3341_004847-T1, TFCN2502E3341_012608-T1, TFCN2502E3341_000804-T1, TFCN2502E3341_000468-T1, TFCN2502E3341_007198-T1, TFCN2502E3341_003891-T1, TFCN2502E3341_006431-T1, TFCN2502E3341_004357-T1, TFCN2502E3341_012882-T1, TFCN2502E3341_001387-T1, TFCN2502E3341_007292-T1, TFCN2502E3341_006905-T1, TFCN2502E3341_013248-T1	DBVPG3775_001167-T1, DBVPG3775_001288-T1, DBVPG3775_001825-T1, DBVPG3775_002916-T1, DBVPG3775_003081-T1, DBVPG3775_005306-T1, DBVPG3775_005571-T1
GF00000027	TFCN2502E3341_000285-T1, TFCN2502E3341_013833-T1, TFCN2502E3341_010770-T1, TFCN2502E3341_011904-T1, TFCN2502E3341_005985-T1, TFCN2502E3341_005536-T1, TFCN2502E3341_013227-T1, TFCN2502E3341_000290-T1, TFCN2502E3341_012306-T1, TFCN2502E3341_005933-T1, TFCN2502E3341_005153-T1, TFCN2502E3341_007837-T1, TFCN2502E3341_006462-T1, TFCN2502E3341_013829-T1, TFCN2502E3341_008436-T1	DBVPG3775_000350-T1, DBVPG3775_002101-T1, DBVPG3775_004055-T1, DBVPG3775_004060-T1, DBVPG3775_005885-T1, DBVPG3775_006531-T1, DBVPG3775_007326-T1
GF00000028	TFCN2502E3341_010916-T1, TFCN2502E3341_009031-T1, TFCN2502E3341_001264-T1, TFCN2502E3341_005694-T1, TFCN2502E3341_005685-T1, TFCN2502E3341_001272-T1, TFCN2502E3341_007986-T1, TFCN2502E3341_005128-T1, TFCN2502E3341_011738-T1, TFCN2502E3341_011248-T1, TFCN2502E3341_013014-T1, TFCN2502E3341_014600-T1, TFCN2502E3341_005332-T1, TFCN2502E3341_010652-T1, TFCN2502E3341_012432-T1	DBVPG3775_000374-T1, DBVPG3775_000721-T1, DBVPG3775_002392-T1, DBVPG3775_003162-T1, DBVPG3775_005346-T1, DBVPG3775_006413-T1, DBVPG3775_006419-T1
GF00000029	TFCN2502E3341_000853-T1, TFCN2502E3341_007473-T1, TFCN2502E3341_010520-T1, TFCN2502E3341_007435-T1, TFCN2502E3341_012959-T1, TFCN2502E3341_007436-T1, TFCN2502E3341_001403-T1, TFCN2502E3341_009055-T1, TFCN2502E3341_007149-T1, TFCN2502E3341_007782-T1, TFCN2502E3341_012958-T1, TFCN2502E3341_009370-T1, TFCN2502E3341_007668-T1, TFCN2502E3341_011168-T1, TFCN2502E3341_009369-T1	DBVPG3775_001234-T1, DBVPG3775_005321-T1, DBVPG3775_005595-T1, DBVPG3775_006563-T1, DBVPG3775_007033-T1, DBVPG3775_007034-T1, DBVPG3775_007200-T1
GF00000030	TFCN2502E3341_000219-T1, TFCN2502E3341_006480-T1, TFCN2502E3341_008048-T1, TFCN2502E3341_001944-T1, TFCN2502E3341_008051-T1, TFCN2502E3341_008049-T1, TFCN2502E3341_001946-T1, TFCN2502E3341_001945-T1, TFCN2502E3341_001590-T1, TFCN2502E3341_005892-T1, TFCN2502E3341_006786-T1, TFCN2502E3341_002750-T1, TFCN2502E3341_001806-T1, TFCN2502E3341_011318-T1	DBVPG3775_000805-T1, DBVPG3775_000924-T1, DBVPG3775_001536-T1, DBVPG3775_001537-T1, DBVPG3775_001539-T1, DBVPG3775_006982-T1, DBVPG3775_007083-T1
GF00000031	TFCN2502E3341_000224-T1, TFCN2502E3341_006475-T1, TFCN2502E3341_012074-T1, TFCN2502E3341_014690-T1, TFCN2502E3341_001620-T1, TFCN2502E3341_005863-T1, TFCN2502E3341_014832-T1, TFCN2502E3341_014340-T1, TFCN2502E3341_008240-T1, TFCN2502E3341_013161-T1, TFCN2502E3341_014399-T1, TFCN2502E3341_001948-T1, TFCN2502E3341_008046-T1, TFCN2502E3341_010488-T1, TFCN2502E3341_004678-T1	DBVPG3775_000946-T1, DBVPG3775_001534-T1, DBVPG3775_002127-T1, DBVPG3775_003280-T1, DBVPG3775_004260-T1, DBVPG3775_007088-T1
GF00000032	TFCN2502E3341_000440-T1, TFCN2502E3341_008353-T1, TFCN2502E3341_009866-T1, TFCN2502E3341_013159-T1, TFCN2502E3341_003219-T1, TFCN2502E3341_009745-T1, TFCN2502E3341_006232-T1, TFCN2502E3341_004726-T1, TFCN2502E3341_006994-T1, TFCN2502E3341_007719-T1, TFCN2502E3341_011327-T1, TFCN2502E3341_008878-T1, TFCN2502E3341_007718-T1, TFCN2502E3341_014407-T1	DBVPG3775_000636-T1, DBVPG3775_001471-T1, DBVPG3775_003107-T1, DBVPG3775_003326-T1, DBVPG3775_005871-T1, DBVPG3775_005872-T1, DBVPG3775_007096-T1
GF00000033	TFCN2502E3341_000933-T1, TFCN2502E3341_004615-T1, TFCN2502E3341_003427-T1, TFCN2502E3341_013730-T1, TFCN2502E3341_006309-T1, TFCN2502E3341_002433-T1, TFCN2502E3341_009708-T1, TFCN2502E3341_010570-T1, TFCN2502E3341_006941-T1, TFCN2502E3341_003655-T1, TFCN2502E3341_014073-T1, TFCN2502E3341_008789-T1, TFCN2502E3341_012779-T1, TFCN2502E3341_001011-T1	DBVPG3775_000054-T1, DBVPG3775_002869-T1, DBVPG3775_005020-T1, DBVPG3775_005220-T1, DBVPG3775_005649-T1, DBVPG3775_005752-T1, DBVPG3775_007131-T1
GF00000034	TFCN2502E3341_002117-T1, TFCN2502E3341_014062-T1, TFCN2502E3341_006600-T1, TFCN2502E3341_011194-T1, TFCN2502E3341_006599-T1, TFCN2502E3341_011193-T1, TFCN2502E3341_014060-T1, TFCN2502E3341_002119-T1, TFCN2502E3341_005146-T1, TFCN2502E3341_008001-T1, TFCN2502E3341_011746-T1, TFCN2502E3341_011258-T1, TFCN2502E3341_011745-T1	DBVPG3775_000357-T1, DBVPG3775_002000-T1, DBVPG3775_002002-T1, DBVPG3775_002382-T1, DBVPG3775_006698-T1, DBVPG3775_006699-T1, DBVPG3775_006700-T1, DBVPG3775_006701-T1
GF00000035	TFCN2502E3341_000232-T1, TFCN2502E3341_009430-T1, TFCN2502E3341_009822-T1, TFCN2502E3341_000686-T1, TFCN2502E3341_012860-T1, TFCN2502E3341_012924-T1, TFCN2502E3341_003417-T1, TFCN2502E3341_010142-T1, TFCN2502E3341_002778-T1, TFCN2502E3341_006751-T1, TFCN2502E3341_012428-T1, TFCN2502E3341_010647-T1, TFCN2502E3341_006752-T1	DBVPG3775_000716-T1, DBVPG3775_000776-T1, DBVPG3775_000777-T1, DBVPG3775_001370-T1, DBVPG3775_002859-T1, DBVPG3775_003489-T1, DBVPG3775_004002-T1
GF00000036	TFCN2502E3341_000413-T1, TFCN2502E3341_011817-T1, TFCN2502E3341_007854-T1, TFCN2502E3341_012698-T1, TFCN2502E3341_014630-T1, TFCN2502E3341_013330-T1, TFCN2502E3341_009354-T1, TFCN2502E3341_006234-T1, TFCN2502E3341_014842-T1, TFCN2502E3341_010463-T1, TFCN2502E3341_004728-T1, TFCN2502E3341_010448-T1, TFCN2502E3341_014852-T1, TFCN2502E3341_006236-T1, TFCN2502E3341_014821-T1	DBVPG3775_003328-T1, DBVPG3775_003330-T1, DBVPG3775_004277-T1, DBVPG3775_005902-T1, DBVPG3775_006341-T1
GF00000037	TFCN2502E3341_011102-T1, TFCN2502E3341_003918-T1, TFCN2502E3341_007892-T1, TFCN2502E3341_009782-T1, TFCN2502E3341_002872-T1, TFCN2502E3341_001333-T1, TFCN2502E3341_014293-T1, TFCN2502E3341_010214-T1, TFCN2502E3341_001980-T1, TFCN2502E3341_002680-T1, TFCN2502E3341_008758-T1, TFCN2502E3341_007591-T1	DBVPG3775_000990-T1, DBVPG3775_001797-T1, DBVPG3775_001798-T1, DBVPG3775_005455-T1, DBVPG3775_005693-T1, DBVPG3775_005995-T1, DBVPG3775_005996-T1, DBVPG3775_006335-T1
GF00000038	TFCN2502E3341_002854-T1, TFCN2502E3341_007328-T1, TFCN2502E3341_009947-T1, TFCN2502E3341_010232-T1, TFCN2502E3341_001405-T1, TFCN2502E3341_010289-T1, TFCN2502E3341_007347-T1, TFCN2502E3341_004927-T1, TFCN2502E3341_001898-T1, TFCN2502E3341_011089-T1, TFCN2502E3341_014656-T1, TFCN2502E3341_007935-T1, TFCN2502E3341_013790-T1, TFCN2502E3341_006580-T1	DBVPG3775_001589-T1, DBVPG3775_003674-T1, DBVPG3775_004622-T1, DBVPG3775_005981-T1, DBVPG3775_006317-T1, DBVPG3775_006619-T1
GF00000039	TFCN2502E3341_011001-T1, TFCN2502E3341_002135-T1, TFCN2502E3341_012967-T1, TFCN2502E3341_014246-T1, TFCN2502E3341_008296-T1, TFCN2502E3341_013494-T1, TFCN2502E3341_010069-T1, TFCN2502E3341_012913-T1, TFCN2502E3341_002295-T1, TFCN2502E3341_012197-T1, TFCN2502E3341_013756-T1, TFCN2502E3341_012612-T1, TFCN2502E3341_008297-T1	DBVPG3775_002018-T1, DBVPG3775_004563-T1, DBVPG3775_005431-T1, DBVPG3775_005960-T1, DBVPG3775_006128-T1, DBVPG3775_006647-T1
GF00000040	TFCN2502E3341_000361-T1, TFCN2502E3341_006538-T1, TFCN2502E3341_008343-T1, TFCN2502E3341_000453-T1, TFCN2502E3341_008153-T1, TFCN2502E3341_003369-T1, TFCN2502E3341_004467-T1, TFCN2502E3341_013647-T1, TFCN2502E3341_012301-T1, TFCN2502E3341_001071-T1, TFCN2502E3341_000393-T1, TFCN2502E3341_010018-T1, TFCN2502E3341_014423-T1	DBVPG3775_002812-T1, DBVPG3775_003096-T1, DBVPG3775_004329-T1, DBVPG3775_004630-T1, DBVPG3775_006174-T1, DBVPG3775_007584-T1
GF00000041	TFCN2502E3341_012599-T1, TFCN2502E3341_004856-T1, TFCN2502E3341_000809-T1, TFCN2502E3341_006903-T1, TFCN2502E3341_006350-T1, TFCN2502E3341_005687-T1, TFCN2502E3341_001274-T1, TFCN2502E3341_007014-T1, TFCN2502E3341_009253-T1, TFCN2502E3341_001521-T1, TFCN2502E3341_014849-T1, TFCN2502E3341_009020-T1, TFCN2502E3341_011761-T1	DBVPG3775_000849-T1, DBVPG3775_001283-T1, DBVPG3775_002908-T1, DBVPG3775_003520-T1, DBVPG3775_004673-T1, DBVPG3775_006411-T1
GF00000042	TFCN2502E3341_012588-T1, TFCN2502E3341_004866-T1, TFCN2502E3341_000159-T1, TFCN2502E3341_005717-T1, TFCN2502E3341_010184-T1, TFCN2502E3341_011591-T1, TFCN2502E3341_008936-T1, TFCN2502E3341_009187-T1, TFCN2502E3341_007545-T1, TFCN2502E3341_000547-T1, TFCN2502E3341_000396-T1, TFCN2502E3341_006575-T1	DBVPG3775_000298-T1, DBVPG3775_000564-T1, DBVPG3775_002898-T1, DBVPG3775_004139-T1, DBVPG3775_004293-T1, DBVPG3775_005085-T1
GF00000043	TFCN2502E3341_000162-T1, TFCN2502E3341_005720-T1, TFCN2502E3341_001023-T1, TFCN2502E3341_012152-T1, TFCN2502E3341_009153-T1, TFCN2502E3341_008971-T1, TFCN2502E3341_002226-T1, TFCN2502E3341_004088-T1, TFCN2502E3341_002272-T1, TFCN2502E3341_004044-T1, TFCN2502E3341_006376-T1, TFCN2502E3341_001544-T1	DBVPG3775_000170-T1, DBVPG3775_000215-T1, DBVPG3775_000333-T1, DBVPG3775_000872-T1, DBVPG3775_004136-T1, DBVPG3775_007143-T1
GF00000044	TFCN2502E3341_001037-T1, TFCN2502E3341_012165-T1, TFCN2502E3341_007610-T1, TFCN2502E3341_005959-T1, TFCN2502E3341_008743-T1, TFCN2502E3341_013576-T1, TFCN2502E3341_011426-T1, TFCN2502E3341_011040-T1, TFCN2502E3341_001641-T1, TFCN2502E3341_003321-T1, TFCN2502E3341_009401-T1, TFCN2502E3341_012229-T1	DBVPG3775_000026-T1, DBVPG3775_000589-T1, DBVPG3775_000971-T1, DBVPG3775_002444-T1, DBVPG3775_007156-T1, DBVPG3775_007415-T1
GF00000045	TFCN2502E3341_002494-T1, TFCN2502E3341_009205-T1, TFCN2502E3341_002495-T1, TFCN2502E3341_011731-T1, TFCN2502E3341_009220-T1, TFCN2502E3341_009218-T1, TFCN2502E3341_002497-T1, TFCN2502E3341_009204-T1, TFCN2502E3341_011729-T1, TFCN2502E3341_002496-T1, TFCN2502E3341_011730-T1, TFCN2502E3341_009219-T1	DBVPG3775_002205-T1, DBVPG3775_002206-T1, DBVPG3775_002207-T1, DBVPG3775_002219-T1, DBVPG3775_002220-T1, DBVPG3775_003704-T1
GF00000046	TFCN2502E3341_001346-T1, TFCN2502E3341_007268-T1, TFCN2502E3341_009984-T1, TFCN2502E3341_006151-T1, TFCN2502E3341_001376-T1, TFCN2502E3341_007283-T1, TFCN2502E3341_003555-T1, TFCN2502E3341_003461-T1, TFCN2502E3341_003557-T1, TFCN2502E3341_003458-T1, TFCN2502E3341_003460-T1	DBVPG3775_003744-T1, DBVPG3775_003746-T1, DBVPG3775_003747-T1, DBVPG3775_004665-T1, DBVPG3775_005266-T1, DBVPG3775_005295-T1
GF00000047	TFCN2502E3341_002480-T1, TFCN2502E3341_004578-T1, TFCN2502E3341_014383-T1, TFCN2502E3341_014782-T1, TFCN2502E3341_002483-T1, TFCN2502E3341_013171-T1, TFCN2502E3341_002484-T1, TFCN2502E3341_002819-T1, TFCN2502E3341_009897-T1	DBVPG3775_002317-T1, DBVPG3775_002318-T1, DBVPG3775_002327-T1, DBVPG3775_002328-T1, DBVPG3775_002333-T1, DBVPG3775_007125-T1, DBVPG3775_007571-T1, DBVPG3775_007573-T1
GF00000048	TFCN2502E3341_005663-T1, TFCN2502E3341_012486-T1, TFCN2502E3341_014767-T1, TFCN2502E3341_014109-T1, TFCN2502E3341_006861-T1, TFCN2502E3341_012763-T1, TFCN2502E3341_013326-T1, TFCN2502E3341_010373-T1, TFCN2502E3341_009349-T1, TFCN2502E3341_010536-T1, TFCN2502E3341_014862-T1, TFCN2502E3341_014851-T1	DBVPG3775_003439-T1, DBVPG3775_006345-T1, DBVPG3775_006580-T1, DBVPG3775_006581-T1, DBVPG3775_006958-T1
GF00000049	TFCN2502E3341_001828-T1, TFCN2502E3341_013343-T1, TFCN2502E3341_000433-T1, TFCN2502E3341_000454-T1, TFCN2502E3341_008360-T1, TFCN2502E3341_010465-T1, TFCN2502E3341_006251-T1, TFCN2502E3341_000542-T1, TFCN2502E3341_007550-T1, TFCN2502E3341_008342-T1	DBVPG3775_003095-T1, DBVPG3775_003114-T1, DBVPG3775_003115-T1, DBVPG3775_003344-T1, DBVPG3775_005080-T1, DBVPG3775_007004-T1
GF00000050	TFCN2502E3341_000090-T1, TFCN2502E3341_008202-T1, TFCN2502E3341_006027-T1, TFCN2502E3341_014802-T1, TFCN2502E3341_002137-T1, TFCN2502E3341_012965-T1, TFCN2502E3341_002493-T1, TFCN2502E3341_009206-T1, TFCN2502E3341_003243-T1, TFCN2502E3341_009724-T1, TFCN2502E3341_014834-T1	DBVPG3775_000293-T1, DBVPG3775_000613-T1, DBVPG3775_002020-T1, DBVPG3775_002218-T1, DBVPG3775_004210-T1
GF00000051	TFCN2502E3341_002125-T1, TFCN2502E3341_012977-T1, TFCN2502E3341_012962-T1, TFCN2502E3341_002159-T1, TFCN2502E3341_002126-T1, TFCN2502E3341_012976-T1, TFCN2502E3341_002160-T1, TFCN2502E3341_010258-T1, TFCN2502E3341_010257-T1, TFCN2502E3341_007425-T1, TFCN2502E3341_012185-T1	DBVPG3775_002008-T1, DBVPG3775_002009-T1, DBVPG3775_002042-T1, DBVPG3775_002043-T1, DBVPG3775_007023-T1
GF00000052	TFCN2502E3341_000157-T1, TFCN2502E3341_006839-T1, TFCN2502E3341_014575-T1, TFCN2502E3341_014204-T1, TFCN2502E3341_006838-T1, TFCN2502E3341_014203-T1, TFCN2502E3341_006129-T1, TFCN2502E3341_005715-T1, TFCN2502E3341_005714-T1	DBVPG3775_003417-T1, DBVPG3775_003418-T1, DBVPG3775_004141-T1, DBVPG3775_006243-T1, DBVPG3775_006244-T1, DBVPG3775_006249-T1
GF00000053	TFCN2502E3341_000266-T1, TFCN2502E3341_013073-T1, TFCN2502E3341_003617-T1, TFCN2502E3341_006980-T1, TFCN2502E3341_010757-T1, TFCN2502E3341_014632-T1, TFCN2502E3341_003860-T1, TFCN2502E3341_004752-T1, TFCN2502E3341_001039-T1, TFCN2502E3341_012167-T1	DBVPG3775_001896-T1, DBVPG3775_004037-T1, DBVPG3775_004982-T1, DBVPG3775_006518-T1, DBVPG3775_007158-T1
GF00000054	TFCN2502E3341_000281-T1, TFCN2502E3341_013837-T1, TFCN2502E3341_011027-T1, TFCN2502E3341_010197-T1, TFCN2502E3341_004822-T1, TFCN2502E3341_007067-T1, TFCN2502E3341_010797-T1, TFCN2502E3341_002107-T1, TFCN2502E3341_013188-T1, TFCN2502E3341_009524-T1	DBVPG3775_000578-T1, DBVPG3775_001989-T1, DBVPG3775_002558-T1, DBVPG3775_002941-T1, DBVPG3775_004051-T1
GF00000055	TFCN2502E3341_000380-T1, TFCN2502E3341_006559-T1, TFCN2502E3341_006567-T1, TFCN2502E3341_005996-T1, TFCN2502E3341_000387-T1, TFCN2502E3341_005547-T1, TFCN2502E3341_006560-T1, TFCN2502E3341_006558-T1, TFCN2502E3341_006766-T1, TFCN2502E3341_002766-T1	DBVPG3775_000789-T1, DBVPG3775_002090-T1, DBVPG3775_004300-T1, DBVPG3775_004307-T1, DBVPG3775_004308-T1
GF00000056	TFCN2502E3341_012351-T1, TFCN2502E3341_003167-T1, TFCN2502E3341_009557-T1, TFCN2502E3341_008703-T1, TFCN2502E3341_009691-T1, TFCN2502E3341_008704-T1, TFCN2502E3341_009692-T1, TFCN2502E3341_010580-T1, TFCN2502E3341_010581-T1	DBVPG3775_000685-T1, DBVPG3775_001866-T1, DBVPG3775_005735-T1, DBVPG3775_005736-T1, DBVPG3775_005769-T1, DBVPG3775_005770-T1
GF00000057	TFCN2502E3341_000736-T1, TFCN2502E3341_005504-T1, TFCN2502E3341_008309-T1, TFCN2502E3341_013241-T1, TFCN2502E3341_011570-T1, TFCN2502E3341_000985-T1, TFCN2502E3341_008646-T1, TFCN2502E3341_008625-T1, TFCN2502E3341_012407-T1, TFCN2502E3341_009617-T1	DBVPG3775_001416-T1, DBVPG3775_001505-T1, DBVPG3775_005166-T1, DBVPG3775_005441-T1, DBVPG3775_007337-T1
GF00000058	TFCN2502E3341_000771-T1, TFCN2502E3341_012081-T1, TFCN2502E3341_003852-T1, TFCN2502E3341_004759-T1, TFCN2502E3341_003853-T1, TFCN2502E3341_004760-T1, TFCN2502E3341_002357-T1, TFCN2502E3341_004212-T1, TFCN2502E3341_007115-T1, TFCN2502E3341_011448-T1	DBVPG3775_001329-T1, DBVPG3775_001903-T1, DBVPG3775_001904-T1, DBVPG3775_004502-T1, DBVPG3775_007362-T1
GF00000059	TFCN2502E3341_001047-T1, TFCN2502E3341_010865-T1, TFCN2502E3341_012032-T1, TFCN2502E3341_012175-T1, TFCN2502E3341_007667-T1, TFCN2502E3341_011169-T1, TFCN2502E3341_001207-T1, TFCN2502E3341_014070-T1, TFCN2502E3341_008859-T1, TFCN2502E3341_005471-T1	DBVPG3775_001451-T1, DBVPG3775_004734-T1, DBVPG3775_006928-T1, DBVPG3775_007199-T1, DBVPG3775_007594-T1
GF00000060	TFCN2502E3341_008628-T1, TFCN2502E3341_008643-T1, TFCN2502E3341_001901-T1, TFCN2502E3341_013787-T1, TFCN2502E3341_007962-T1, TFCN2502E3341_013956-T1, TFCN2502E3341_012481-T1, TFCN2502E3341_005658-T1, TFCN2502E3341_008767-T1, TFCN2502E3341_007588-T1	DBVPG3775_000993-T1, DBVPG3775_001502-T1, DBVPG3775_001586-T1, DBVPG3775_001616-T1, DBVPG3775_006953-T1
GF00000061	TFCN2502E3341_002153-T1, TFCN2502E3341_004758-T1, TFCN2502E3341_003854-T1, TFCN2502E3341_008507-T1, TFCN2502E3341_010549-T1, TFCN2502E3341_009871-T1, TFCN2502E3341_013153-T1, TFCN2502E3341_009873-T1, TFCN2502E3341_008506-T1	DBVPG3775_001902-T1, DBVPG3775_002036-T1, DBVPG3775_005827-T1, DBVPG3775_005828-T1, DBVPG3775_007101-T1, DBVPG3775_007103-T1
GF00000062	TFCN2502E3341_003661-T1, TFCN2502E3341_006935-T1, TFCN2502E3341_005272-T1, TFCN2502E3341_005040-T1, TFCN2502E3341_005049-T1, TFCN2502E3341_005260-T1, TFCN2502E3341_013683-T1, TFCN2502E3341_004170-T1, TFCN2502E3341_005271-T1, TFCN2502E3341_005259-T1	DBVPG3775_002988-T1, DBVPG3775_002997-T1, DBVPG3775_002998-T1, DBVPG3775_003881-T1, DBVPG3775_005026-T1
GF00000063	TFCN2502E3341_003964-T1, TFCN2502E3341_011184-T1, TFCN2502E3341_013417-T1, TFCN2502E3341_008032-T1, TFCN2502E3341_008302-T1, TFCN2502E3341_008612-T1, TFCN2502E3341_013415-T1, TFCN2502E3341_014556-T1, TFCN2502E3341_013246-T1, TFCN2502E3341_008304-T1	DBVPG3775_000467-T1, DBVPG3775_001488-T1, DBVPG3775_001490-T1, DBVPG3775_001518-T1, DBVPG3775_005436-T1
GF00000064	TFCN2502E3341_000013-T1, TFCN2502E3341_007748-T1, TFCN2502E3341_004250-T1, TFCN2502E3341_002318-T1, TFCN2502E3341_013191-T1, TFCN2502E3341_002104-T1, TFCN2502E3341_001500-T1, TFCN2502E3341_007127-T1, TFCN2502E3341_011439-T1	DBVPG3775_001088-T1, DBVPG3775_001986-T1, DBVPG3775_003576-T1, DBVPG3775_004540-T1, DBVPG3775_007455-T1
GF00000065	TFCN2502E3341_000150-T1, TFCN2502E3341_008392-T1, TFCN2502E3341_010779-T1, TFCN2502E3341_007049-T1, TFCN2502E3341_014421-T1, TFCN2502E3341_008684-T1, TFCN2502E3341_003969-T1, TFCN2502E3341_011189-T1, TFCN2502E3341_012027-T1	DBVPG3775_000459-T1, DBVPG3775_000462-T1, DBVPG3775_002577-T1, DBVPG3775_003851-T1, DBVPG3775_004149-T1
GF00000066	TFCN2502E3341_000533-T1, TFCN2502E3341_007558-T1, TFCN2502E3341_008713-T1, TFCN2502E3341_005115-T1, TFCN2502E3341_005114-T1, TFCN2502E3341_008712-T1, TFCN2502E3341_013219-T1	DBVPG3775_000387-T1, DBVPG3775_000388-T1, DBVPG3775_000460-T1, DBVPG3775_000461-T1, DBVPG3775_005070-T1, DBVPG3775_005779-T1, DBVPG3775_005780-T1
GF00000067	TFCN2502E3341_000980-T1, TFCN2502E3341_011575-T1, TFCN2502E3341_001599-T1, TFCN2502E3341_006033-T1, TFCN2502E3341_009069-T1, TFCN2502E3341_012444-T1, TFCN2502E3341_005883-T1, TFCN2502E3341_013272-T1, TFCN2502E3341_008127-T1	DBVPG3775_000287-T1, DBVPG3775_000915-T1, DBVPG3775_001018-T1, DBVPG3775_003244-T1, DBVPG3775_005171-T1
GF00000068	TFCN2502E3341_004658-T1, TFCN2502E3341_010506-T1, TFCN2502E3341_013905-T1, TFCN2502E3341_014184-T1, TFCN2502E3341_004661-T1, TFCN2502E3341_013265-T1, TFCN2502E3341_014472-T1, TFCN2502E3341_013906-T1, TFCN2502E3341_013898-T1, TFCN2502E3341_014471-T1	DBVPG3775_003251-T1, DBVPG3775_003258-T1, DBVPG3775_003259-T1, DBVPG3775_003263-T1
GF00000069	TFCN2502E3341_000043-T1, TFCN2502E3341_012828-T1, TFCN2502E3341_011840-T1, TFCN2502E3341_013718-T1, TFCN2502E3341_002588-T1, TFCN2502E3341_004570-T1, TFCN2502E3341_009215-T1, TFCN2502E3341_008886-T1, TFCN2502E3341_013406-T1	DBVPG3775_001055-T1, DBVPG3775_001480-T1, DBVPG3775_002309-T1, DBVPG3775_007424-T1
GF00000070	TFCN2502E3341_000164-T1, TFCN2502E3341_005721-T1, TFCN2502E3341_004840-T1, TFCN2502E3341_014501-T1, TFCN2502E3341_007574-T1, TFCN2502E3341_013676-T1, TFCN2502E3341_014725-T1, TFCN2502E3341_002713-T1, TFCN2502E3341_006343-T1	DBVPG3775_000842-T1, DBVPG3775_001007-T1, DBVPG3775_002923-T1, DBVPG3775_004133-T1
GF00000071	TFCN2502E3341_000308-T1, TFCN2502E3341_008456-T1, TFCN2502E3341_010560-T1, TFCN2502E3341_008519-T1, TFCN2502E3341_002929-T1, TFCN2502E3341_012980-T1, TFCN2502E3341_003902-T1, TFCN2502E3341_012871-T1, TFCN2502E3341_012870-T1	DBVPG3775_001814-T1, DBVPG3775_002655-T1, DBVPG3775_004080-T1, DBVPG3775_005815-T1
GF00000072	TFCN2502E3341_000439-T1, TFCN2502E3341_008354-T1, TFCN2502E3341_011134-T1, TFCN2502E3341_002951-T1, TFCN2502E3341_013468-T1, TFCN2502E3341_007084-T1, TFCN2502E3341_010802-T1, TFCN2502E3341_007072-T1, TFCN2502E3341_007073-T1	DBVPG3775_002543-T1, DBVPG3775_002553-T1, DBVPG3775_002677-T1, DBVPG3775_003108-T1
GF00000073	TFCN2502E3341_000474-T1, TFCN2502E3341_007205-T1, TFCN2502E3341_004475-T1, TFCN2502E3341_005775-T1, TFCN2502E3341_005450-T1, TFCN2502E3341_003491-T1, TFCN2502E3341_009199-T1, TFCN2502E3341_002503-T1, TFCN2502E3341_006687-T1	DBVPG3775_002226-T1, DBVPG3775_003075-T1, DBVPG3775_003776-T1, DBVPG3775_006182-T1
GF00000074	TFCN2502E3341_000611-T1, TFCN2502E3341_007785-T1, TFCN2502E3341_007786-T1, TFCN2502E3341_000614-T1, TFCN2502E3341_000620-T1, TFCN2502E3341_000622-T1, TFCN2502E3341_000621-T1	DBVPG3775_005576-T1, DBVPG3775_005577-T1, DBVPG3775_005583-T1, DBVPG3775_005587-T1, DBVPG3775_005598-T1, DBVPG3775_005599-T1
GF00000075	TFCN2502E3341_000994-T1, TFCN2502E3341_012158-T1, TFCN2502E3341_011560-T1, TFCN2502E3341_001029-T1, TFCN2502E3341_012156-T1, TFCN2502E3341_000995-T1, TFCN2502E3341_012157-T1, TFCN2502E3341_001028-T1, TFCN2502E3341_011559-T1	DBVPG3775_005156-T1, DBVPG3775_005157-T1, DBVPG3775_007148-T1, DBVPG3775_007149-T1
GF00000076	TFCN2502E3341_001082-T1, TFCN2502E3341_010053-T1, TFCN2502E3341_001083-T1, TFCN2502E3341_010054-T1, TFCN2502E3341_012038-T1, TFCN2502E3341_010860-T1, TFCN2502E3341_002475-T1, TFCN2502E3341_014387-T1, TFCN2502E3341_002474-T1	DBVPG3775_002338-T1, DBVPG3775_004729-T1, DBVPG3775_005391-T1, DBVPG3775_005392-T1
GF00000077	TFCN2502E3341_001638-T1, TFCN2502E3341_008738-T1, TFCN2502E3341_014160-T1, TFCN2502E3341_005598-T1, TFCN2502E3341_008157-T1, TFCN2502E3341_003364-T1, TFCN2502E3341_011866-T1, TFCN2502E3341_011393-T1, TFCN2502E3341_011929-T1	DBVPG3775_000964-T1, DBVPG3775_002807-T1, DBVPG3775_006818-T1, DBVPG3775_007247-T1
GF00000078	TFCN2502E3341_011386-T1, TFCN2502E3341_011388-T1, TFCN2502E3341_011389-T1, TFCN2502E3341_011863-T1, TFCN2502E3341_011861-T1, TFCN2502E3341_011387-T1, TFCN2502E3341_011862-T1	DBVPG3775_007238-T1, DBVPG3775_007239-T1, DBVPG3775_007240-T1, DBVPG3775_007241-T1, DBVPG3775_007242-T1, DBVPG3775_007243-T1
GF00000079	TFCN2502E3341_000034-T1, TFCN2502E3341_007771-T1, TFCN2502E3341_010039-T1, TFCN2502E3341_001066-T1, TFCN2502E3341_009058-T1, TFCN2502E3341_001400-T1, TFCN2502E3341_007243-T1, TFCN2502E3341_000513-T1	DBVPG3775_001065-T1, DBVPG3775_005050-T1, DBVPG3775_005318-T1, DBVPG3775_005407-T1
GF00000080	TFCN2502E3341_012852-T1, TFCN2502E3341_014358-T1, TFCN2502E3341_001801-T1, TFCN2502E3341_011321-T1, TFCN2502E3341_013270-T1, TFCN2502E3341_008124-T1, TFCN2502E3341_006174-T1, TFCN2502E3341_010006-T1	DBVPG3775_003246-T1, DBVPG3775_003497-T1, DBVPG3775_004642-T1, DBVPG3775_006977-T1
GF00000081	TFCN2502E3341_000225-T1, TFCN2502E3341_006474-T1, TFCN2502E3341_013693-T1, TFCN2502E3341_004160-T1, TFCN2502E3341_006508-T1, TFCN2502E3341_013003-T1, TFCN2502E3341_009052-T1, TFCN2502E3341_010937-T1	DBVPG3775_003891-T1, DBVPG3775_005324-T1, DBVPG3775_006216-T1, DBVPG3775_007089-T1
GF00000082	TFCN2502E3341_000353-T1, TFCN2502E3341_006529-T1, TFCN2502E3341_003578-T1, TFCN2502E3341_003438-T1, TFCN2502E3341_009143-T1, TFCN2502E3341_008981-T1, TFCN2502E3341_005926-T1, TFCN2502E3341_012310-T1	DBVPG3775_000344-T1, DBVPG3775_003724-T1, DBVPG3775_004339-T1, DBVPG3775_007319-T1
GF00000083	TFCN2502E3341_003452-T1, TFCN2502E3341_003563-T1, TFCN2502E3341_006140-T1, TFCN2502E3341_012463-T1, TFCN2502E3341_007098-T1, TFCN2502E3341_013396-T1, TFCN2502E3341_003559-T1, TFCN2502E3341_003456-T1	DBVPG3775_003379-T1, DBVPG3775_003738-T1, DBVPG3775_003742-T1, DBVPG3775_006935-T1
GF00000084	TFCN2502E3341_000563-T1, TFCN2502E3341_007530-T1, TFCN2502E3341_003502-T1, TFCN2502E3341_005439-T1, TFCN2502E3341_012097-T1, TFCN2502E3341_000784-T1, TFCN2502E3341_010407-T1, TFCN2502E3341_010897-T1	DBVPG3775_001311-T1, DBVPG3775_003785-T1, DBVPG3775_005101-T1, DBVPG3775_005540-T1
GF00000085	TFCN2502E3341_000574-T1, TFCN2502E3341_007519-T1, TFCN2502E3341_006757-T1, TFCN2502E3341_002773-T1, TFCN2502E3341_005432-T1, TFCN2502E3341_004271-T1, TFCN2502E3341_003509-T1, TFCN2502E3341_003127-T1	DBVPG3775_000782-T1, DBVPG3775_002483-T1, DBVPG3775_003792-T1, DBVPG3775_005112-T1
GF00000086	TFCN2502E3341_000577-T1, TFCN2502E3341_007516-T1, TFCN2502E3341_006015-T1, TFCN2502E3341_005570-T1, TFCN2502E3341_002161-T1, TFCN2502E3341_010259-T1, TFCN2502E3341_005135-T1, TFCN2502E3341_007989-T1	DBVPG3775_000368-T1, DBVPG3775_002044-T1, DBVPG3775_002067-T1, DBVPG3775_005115-T1
GF00000087	TFCN2502E3341_009008-T1, TFCN2502E3341_001012-T1, TFCN2502E3341_014074-T1, TFCN2502E3341_011772-T1, TFCN2502E3341_002586-T1, TFCN2502E3341_004568-T1, TFCN2502E3341_013416-T1, TFCN2502E3341_014555-T1	DBVPG3775_001489-T1, DBVPG3775_002307-T1, DBVPG3775_004685-T1, DBVPG3775_007132-T1
GF00000088	TFCN2502E3341_000988-T1, TFCN2502E3341_011567-T1, TFCN2502E3341_014376-T1, TFCN2502E3341_004151-T1, TFCN2502E3341_011681-T1, TFCN2502E3341_001185-T1, TFCN2502E3341_014470-T1, TFCN2502E3341_013899-T1	DBVPG3775_003252-T1, DBVPG3775_003900-T1, DBVPG3775_005163-T1, DBVPG3775_006910-T1
GF00000089	TFCN2502E3341_006788-T1, TFCN2502E3341_002748-T1, TFCN2502E3341_012181-T1, TFCN2502E3341_007429-T1, TFCN2502E3341_014106-T1, TFCN2502E3341_014306-T1, TFCN2502E3341_002737-T1, TFCN2502E3341_006798-T1	DBVPG3775_000807-T1, DBVPG3775_000818-T1, DBVPG3775_006584-T1, DBVPG3775_007027-T1
GF00000090	TFCN2502E3341_001232-T1, TFCN2502E3341_012715-T1, TFCN2502E3341_004978-T1, TFCN2502E3341_003064-T1, TFCN2502E3341_004979-T1, TFCN2502E3341_003021-T1, TFCN2502E3341_013108-T1, TFCN2502E3341_003063-T1	DBVPG3775_001677-T1, DBVPG3775_001722-T1, DBVPG3775_001723-T1, DBVPG3775_006452-T1
GF00000091	TFCN2502E3341_012475-T1, TFCN2502E3341_005653-T1, TFCN2502E3341_002800-T1, TFCN2502E3341_013846-T1, TFCN2502E3341_012619-T1, TFCN2502E3341_013764-T1, TFCN2502E3341_008561-T1, TFCN2502E3341_007867-T1	DBVPG3775_000753-T1, DBVPG3775_005914-T1, DBVPG3775_006654-T1, DBVPG3775_006948-T1
GF00000092	TFCN2502E3341_004231-T1, TFCN2502E3341_002337-T1, TFCN2502E3341_002100-T1, TFCN2502E3341_013194-T1, TFCN2502E3341_012465-T1, TFCN2502E3341_002891-T1, TFCN2502E3341_006142-T1, TFCN2502E3341_005405-T1	DBVPG3775_001982-T1, DBVPG3775_003819-T1, DBVPG3775_004521-T1, DBVPG3775_006937-T1
GF00000093	TFCN2502E3341_002156-T1, TFCN2502E3341_010254-T1, TFCN2502E3341_011539-T1, TFCN2502E3341_010334-T1, TFCN2502E3341_003511-T1, TFCN2502E3341_005430-T1, TFCN2502E3341_004763-T1, TFCN2502E3341_003850-T1	DBVPG3775_001907-T1, DBVPG3775_002039-T1, DBVPG3775_002738-T1, DBVPG3775_003794-T1
GF00000094	TFCN2502E3341_002246-T1, TFCN2502E3341_002250-T1, TFCN2502E3341_002247-T1, TFCN2502E3341_002248-T1, TFCN2502E3341_002251-T1, TFCN2502E3341_004067-T1, TFCN2502E3341_004068-T1	DBVPG3775_000190-T1, DBVPG3775_000191-T1, DBVPG3775_000192-T1, DBVPG3775_000194-T1, DBVPG3775_000195-T1
GF00000095	TFCN2502E3341_002536-T1, TFCN2502E3341_004518-T1, TFCN2502E3341_006400-T1, TFCN2502E3341_004387-T1, TFCN2502E3341_013048-T1, TFCN2502E3341_007723-T1, TFCN2502E3341_007722-T1, TFCN2502E3341_013047-T1	DBVPG3775_001112-T1, DBVPG3775_001113-T1, DBVPG3775_001136-T1, DBVPG3775_002257-T1
GF00000096	TFCN2502E3341_002572-T1, TFCN2502E3341_004553-T1, TFCN2502E3341_002573-T1, TFCN2502E3341_004554-T1, TFCN2502E3341_012453-T1, TFCN2502E3341_007245-T1, TFCN2502E3341_003614-T1, TFCN2502E3341_010624-T1	DBVPG3775_001027-T1, DBVPG3775_002294-T1, DBVPG3775_002295-T1, DBVPG3775_003686-T1
GF00000097	TFCN2502E3341_003084-T1, TFCN2502E3341_004318-T1, TFCN2502E3341_003086-T1, TFCN2502E3341_004316-T1, TFCN2502E3341_010600-T1, TFCN2502E3341_003591-T1, TFCN2502E3341_004306-T1, TFCN2502E3341_003094-T1	DBVPG3775_002517-T1, DBVPG3775_002524-T1, DBVPG3775_002526-T1, DBVPG3775_003711-T1
GF00000098	TFCN2502E3341_003507-T1, TFCN2502E3341_005434-T1, TFCN2502E3341_007648-T1, TFCN2502E3341_011873-T1, TFCN2502E3341_005091-T1, TFCN2502E3341_008022-T1, TFCN2502E3341_009086-T1, TFCN2502E3341_006050-T1	DBVPG3775_000082-T1, DBVPG3775_000269-T1, DBVPG3775_000411-T1, DBVPG3775_003790-T1
GF00000099	TFCN2502E3341_013249-T1, TFCN2502E3341_003872-T1, TFCN2502E3341_009569-T1, TFCN2502E3341_013258-T1, TFCN2502E3341_009574-T1, TFCN2502E3341_003890-T1, TFCN2502E3341_013259-T1	DBVPG3775_001826-T1, DBVPG3775_001835-T1, DBVPG3775_001836-T1, DBVPG3775_001847-T1, DBVPG3775_001853-T1
GF00000100	TFCN2502E3341_004001-T1, TFCN2502E3341_011518-T1, TFCN2502E3341_011856-T1, TFCN2502E3341_006649-T1, TFCN2502E3341_011381-T1, TFCN2502E3341_005342-T1, TFCN2502E3341_005838-T1, TFCN2502E3341_008600-T1	DBVPG3775_000429-T1, DBVPG3775_003172-T1, DBVPG3775_006788-T1, DBVPG3775_007233-T1
GF00000101	TFCN2502E3341_004672-T1, TFCN2502E3341_010492-T1, TFCN2502E3341_004673-T1, TFCN2502E3341_004676-T1, TFCN2502E3341_010490-T1, TFCN2502E3341_010491-T1, TFCN2502E3341_004674-T1	DBVPG3775_003273-T1, DBVPG3775_003274-T1, DBVPG3775_003275-T1, DBVPG3775_003277-T1, DBVPG3775_003278-T1
GF00000102	TFCN2502E3341_005215-T1, TFCN2502E3341_014036-T1, TFCN2502E3341_014659-T1, TFCN2502E3341_011959-T1, TFCN2502E3341_011960-T1, TFCN2502E3341_014660-T1, TFCN2502E3341_011961-T1	DBVPG3775_004751-T1, DBVPG3775_004752-T1, DBVPG3775_004753-T1, DBVPG3775_004754-T1, DBVPG3775_004766-T1
GF00000103	TFCN2502E3341_005623-T1, TFCN2502E3341_014187-T1, TFCN2502E3341_013902-T1, TFCN2502E3341_008138-T1, TFCN2502E3341_008139-T1, TFCN2502E3341_014095-T1, TFCN2502E3341_008140-T1, TFCN2502E3341_014188-T1, TFCN2502E3341_014467-T1	DBVPG3775_003255-T1, DBVPG3775_003451-T1, DBVPG3775_006879-T1
GF00000104	TFCN2502E3341_009709-T1, TFCN2502E3341_010572-T1, TFCN2502E3341_009710-T1, TFCN2502E3341_009711-T1, TFCN2502E3341_009713-T1, TFCN2502E3341_009712-T1	DBVPG3775_005753-T1, DBVPG3775_005754-T1, DBVPG3775_005755-T1, DBVPG3775_005756-T1, DBVPG3775_005757-T1, DBVPG3775_005758-T1
GF00000105	TFCN2502E3341_000014-T1, TFCN2502E3341_007749-T1, TFCN2502E3341_002729-T1, TFCN2502E3341_002079-T1, TFCN2502E3341_003797-T1, TFCN2502E3341_006805-T1, TFCN2502E3341_011937-T1, TFCN2502E3341_006806-T1	DBVPG3775_000826-T1, DBVPG3775_001087-T1, DBVPG3775_001962-T1
GF00000106	TFCN2502E3341_000115-T1, TFCN2502E3341_008427-T1, TFCN2502E3341_008426-T1, TFCN2502E3341_000116-T1, TFCN2502E3341_008425-T1, TFCN2502E3341_000117-T1	DBVPG3775_004181-T1, DBVPG3775_004182-T1, DBVPG3775_004183-T1, DBVPG3775_004184-T1, DBVPG3775_004185-T1
GF00000107	TFCN2502E3341_012006-T1, TFCN2502E3341_003991-T1, TFCN2502E3341_001152-T1, TFCN2502E3341_012337-T1, TFCN2502E3341_012336-T1, TFCN2502E3341_012577-T1, TFCN2502E3341_010098-T1	DBVPG3775_000439-T1, DBVPG3775_006472-T1, DBVPG3775_006473-T1, DBVPG3775_006670-T1
GF00000108	TFCN2502E3341_002209-T1, TFCN2502E3341_004105-T1, TFCN2502E3341_011442-T1, TFCN2502E3341_007113-T1, TFCN2502E3341_011446-T1, TFCN2502E3341_007122-T1, TFCN2502E3341_007123-T1	DBVPG3775_000153-T1, DBVPG3775_007360-T1, DBVPG3775_007451-T1, DBVPG3775_007452-T1
GF00000109	TFCN2502E3341_002485-T1, TFCN2502E3341_002592-T1, TFCN2502E3341_013173-T1, TFCN2502E3341_002591-T1, TFCN2502E3341_004573-T1, TFCN2502E3341_013172-T1, TFCN2502E3341_002486-T1, TFCN2502E3341_013174-T1	DBVPG3775_002312-T1, DBVPG3775_002313-T1, DBVPG3775_002326-T1
GF00000110	TFCN2502E3341_003120-T1, TFCN2502E3341_004278-T1, TFCN2502E3341_012059-T1, TFCN2502E3341_011237-T1, TFCN2502E3341_009875-T1, TFCN2502E3341_003573-T1, TFCN2502E3341_003443-T1	DBVPG3775_002490-T1, DBVPG3775_003729-T1, DBVPG3775_004242-T1, DBVPG3775_007105-T1
GF00000111	TFCN2502E3341_003726-T1, TFCN2502E3341_010133-T1, TFCN2502E3341_004395-T1, TFCN2502E3341_013387-T1, TFCN2502E3341_013410-T1, TFCN2502E3341_008890-T1, TFCN2502E3341_008889-T1, TFCN2502E3341_013409-T1	DBVPG3775_001128-T1, DBVPG3775_001483-T1, DBVPG3775_006076-T1
GF00000112	TFCN2502E3341_011501-T1, TFCN2502E3341_011528-T1, TFCN2502E3341_011527-T1, TFCN2502E3341_010744-T1, TFCN2502E3341_010746-T1, TFCN2502E3341_010745-T1, TFCN2502E3341_010748-T1	DBVPG3775_002751-T1, DBVPG3775_002752-T1, DBVPG3775_002753-T1, DBVPG3775_002755-T1
GF00000113	TFCN2502E3341_005659-T1, TFCN2502E3341_012482-T1, TFCN2502E3341_012490-T1, TFCN2502E3341_005669-T1, TFCN2502E3341_012491-T1, TFCN2502E3341_005667-T1, TFCN2502E3341_005668-T1	DBVPG3775_006954-T1, DBVPG3775_006962-T1, DBVPG3775_006963-T1, DBVPG3775_006964-T1
GF00000114	TFCN2502E3341_000154-T1, TFCN2502E3341_008388-T1, TFCN2502E3341_010862-T1, TFCN2502E3341_005199-T1, TFCN2502E3341_008924-T1, TFCN2502E3341_012035-T1, TFCN2502E3341_012036-T1	DBVPG3775_004145-T1, DBVPG3775_004731-T1, DBVPG3775_004788-T1
GF00000115	TFCN2502E3341_000287-T1, TFCN2502E3341_013832-T1, TFCN2502E3341_012416-T1, TFCN2502E3341_009608-T1, TFCN2502E3341_014201-T1, TFCN2502E3341_006124-T1, TFCN2502E3341_006125-T1	DBVPG3775_004057-T1, DBVPG3775_006241-T1, DBVPG3775_007346-T1
GF00000116	TFCN2502E3341_007839-T1, TFCN2502E3341_006460-T1, TFCN2502E3341_009852-T1, TFCN2502E3341_012675-T1, TFCN2502E3341_000431-T1, TFCN2502E3341_008362-T1, TFCN2502E3341_012674-T1	DBVPG3775_000527-T1, DBVPG3775_003117-T1, DBVPG3775_005887-T1
GF00000117	TFCN2502E3341_005096-T1, TFCN2502E3341_005184-T1, TFCN2502E3341_008910-T1, TFCN2502E3341_008016-T1, TFCN2502E3341_002313-T1, TFCN2502E3341_004254-T1, TFCN2502E3341_005185-T1	DBVPG3775_000406-T1, DBVPG3775_004545-T1, DBVPG3775_004803-T1
GF00000118	TFCN2502E3341_002338-T1, TFCN2502E3341_004230-T1, TFCN2502E3341_010300-T1, TFCN2502E3341_007331-T1, TFCN2502E3341_004909-T1, TFCN2502E3341_006590-T1	DBVPG3775_003684-T1, DBVPG3775_004520-T1, DBVPG3775_006600-T1, DBVPG3775_006601-T1
GF00000119	TFCN2502E3341_000871-T1, TFCN2502E3341_000872-T1, TFCN2502E3341_007491-T1, TFCN2502E3341_003560-T1, TFCN2502E3341_003455-T1, TFCN2502E3341_000873-T1	DBVPG3775_001214-T1, DBVPG3775_001215-T1, DBVPG3775_001216-T1, DBVPG3775_003741-T1
GF00000120	TFCN2502E3341_011593-T1, TFCN2502E3341_010182-T1, TFCN2502E3341_003121-T1, TFCN2502E3341_004277-T1, TFCN2502E3341_003994-T1, TFCN2502E3341_011526-T1, TFCN2502E3341_012003-T1	DBVPG3775_000436-T1, DBVPG3775_000562-T1, DBVPG3775_002489-T1
GF00000121	TFCN2502E3341_001513-T1, TFCN2502E3341_013439-T1, TFCN2502E3341_006404-T1, TFCN2502E3341_004383-T1, TFCN2502E3341_013286-T1, TFCN2502E3341_013140-T1, TFCN2502E3341_013139-T1	DBVPG3775_000738-T1, DBVPG3775_001140-T1, DBVPG3775_003043-T1
GF00000122	TFCN2502E3341_001630-T1, TFCN2502E3341_005853-T1, TFCN2502E3341_006193-T1, TFCN2502E3341_004898-T1, TFCN2502E3341_004220-T1, TFCN2502E3341_002348-T1, TFCN2502E3341_002349-T1	DBVPG3775_000956-T1, DBVPG3775_004510-T1, DBVPG3775_007483-T1
GF00000123	TFCN2502E3341_001722-T1, TFCN2502E3341_003254-T1, TFCN2502E3341_009976-T1, TFCN2502E3341_007299-T1, TFCN2502E3341_012935-T1, TFCN2502E3341_012142-T1	DBVPG3775_003479-T1, DBVPG3775_004880-T1, DBVPG3775_007539-T1, DBVPG3775_007588-T1
GF00000124	TFCN2502E3341_002111-T1, TFCN2502E3341_013184-T1, TFCN2502E3341_004556-T1, TFCN2502E3341_002575-T1, TFCN2502E3341_003446-T1, TFCN2502E3341_003570-T1, TFCN2502E3341_009504-T1	DBVPG3775_001993-T1, DBVPG3775_002297-T1, DBVPG3775_003732-T1
GF00000125	TFCN2502E3341_002230-T1, TFCN2502E3341_004084-T1, TFCN2502E3341_006832-T1, TFCN2502E3341_011636-T1, TFCN2502E3341_005782-T1, TFCN2502E3341_013991-T1, TFCN2502E3341_013990-T1	DBVPG3775_000174-T1, DBVPG3775_003230-T1, DBVPG3775_003411-T1
GF00000126	TFCN2502E3341_011006-T1, TFCN2502E3341_012210-T1, TFCN2502E3341_002590-T1, TFCN2502E3341_004572-T1, TFCN2502E3341_009042-T1, TFCN2502E3341_010927-T1	DBVPG3775_002311-T1, DBVPG3775_005334-T1, DBVPG3775_005335-T1, DBVPG3775_006133-T1
GF00000127	TFCN2502E3341_002769-T1, TFCN2502E3341_006763-T1, TFCN2502E3341_006762-T1, TFCN2502E3341_007143-T1, TFCN2502E3341_007792-T1, TFCN2502E3341_007791-T1, TFCN2502E3341_007144-T1	DBVPG3775_000786-T1, DBVPG3775_005603-T1, DBVPG3775_005604-T1
GF00000128	TFCN2502E3341_003013-T1, TFCN2502E3341_005014-T1, TFCN2502E3341_005015-T1, TFCN2502E3341_013100-T1, TFCN2502E3341_010688-T1, TFCN2502E3341_014840-T1	DBVPG3775_001667-T1, DBVPG3775_001668-T1, DBVPG3775_001685-T1, DBVPG3775_001686-T1
GF00000129	TFCN2502E3341_003237-T1, TFCN2502E3341_009729-T1, TFCN2502E3341_009725-T1, TFCN2502E3341_003242-T1, TFCN2502E3341_013876-T1, TFCN2502E3341_009410-T1	DBVPG3775_000614-T1, DBVPG3775_000615-T1, DBVPG3775_000619-T1, DBVPG3775_002435-T1
GF00000130	TFCN2502E3341_003593-T1, TFCN2502E3341_010602-T1, TFCN2502E3341_006119-T1, TFCN2502E3341_014706-T1, TFCN2502E3341_014836-T1, TFCN2502E3341_010960-T1, TFCN2502E3341_014574-T1	DBVPG3775_003709-T1, DBVPG3775_006248-T1, DBVPG3775_006250-T1
GF00000131	TFCN2502E3341_003708-T1, TFCN2502E3341_010114-T1, TFCN2502E3341_014083-T1, TFCN2502E3341_014512-T1, TFCN2502E3341_014084-T1, TFCN2502E3341_014085-T1	DBVPG3775_003460-T1, DBVPG3775_003461-T1, DBVPG3775_003463-T1, DBVPG3775_006388-T1
GF00000132	TFCN2502E3341_004168-T1, TFCN2502E3341_013685-T1, TFCN2502E3341_013992-T1, TFCN2502E3341_005783-T1, TFCN2502E3341_005071-T1, TFCN2502E3341_005238-T1, TFCN2502E3341_014449-T1	DBVPG3775_003020-T1, DBVPG3775_003229-T1, DBVPG3775_003883-T1
GF00000133	TFCN2502E3341_005103-T1, TFCN2502E3341_008009-T1, TFCN2502E3341_005142-T1, TFCN2502E3341_007996-T1, TFCN2502E3341_005104-T1, TFCN2502E3341_007997-T1	DBVPG3775_000360-T1, DBVPG3775_000361-T1, DBVPG3775_000398-T1, DBVPG3775_000399-T1
GF00000134	TFCN2502E3341_010342-T1, TFCN2502E3341_012904-T1, TFCN2502E3341_005340-T1, TFCN2502E3341_005840-T1, TFCN2502E3341_010847-T1, TFCN2502E3341_012051-T1	DBVPG3775_003170-T1, DBVPG3775_004717-T1, DBVPG3775_006376-T1, DBVPG3775_006377-T1
GF00000135	TFCN2502E3341_005664-T1, TFCN2502E3341_012487-T1, TFCN2502E3341_013365-T1, TFCN2502E3341_013364-T1, TFCN2502E3341_006137-T1	DBVPG3775_006224-T1, DBVPG3775_006225-T1, DBVPG3775_006226-T1, DBVPG3775_006932-T1, DBVPG3775_006959-T1
GF00000136	TFCN2502E3341_006509-T1, TFCN2502E3341_013004-T1, TFCN2502E3341_013005-T1, TFCN2502E3341_006510-T1, TFCN2502E3341_013007-T1, TFCN2502E3341_013006-T1	DBVPG3775_006217-T1, DBVPG3775_006218-T1, DBVPG3775_006219-T1, DBVPG3775_006220-T1
GF00000137	TFCN2502E3341_000001-T1, TFCN2502E3341_007734-T1, TFCN2502E3341_009760-T1, TFCN2502E3341_012796-T1, TFCN2502E3341_009735-T1, TFCN2502E3341_003229-T1	DBVPG3775_000627-T1, DBVPG3775_001101-T1, DBVPG3775_006015-T1
GF00000138	TFCN2502E3341_000005-T1, TFCN2502E3341_007738-T1, TFCN2502E3341_002841-T1, TFCN2502E3341_005381-T1, TFCN2502E3341_005295-T1, TFCN2502E3341_005018-T1	DBVPG3775_001097-T1, DBVPG3775_002965-T1, DBVPG3775_006304-T1
GF00000139	TFCN2502E3341_000040-T1, TFCN2502E3341_012825-T1, TFCN2502E3341_008674-T1, TFCN2502E3341_004190-T1, TFCN2502E3341_010013-T1, TFCN2502E3341_006181-T1	DBVPG3775_001058-T1, DBVPG3775_003861-T1, DBVPG3775_004635-T1
GF00000140	TFCN2502E3341_000098-T1, TFCN2502E3341_008189-T1, TFCN2502E3341_002045-T1, TFCN2502E3341_002615-T1, TFCN2502E3341_006682-T1, TFCN2502E3341_013124-T1	DBVPG3775_004202-T1, DBVPG3775_004450-T1, DBVPG3775_007442-T1
GF00000141	TFCN2502E3341_000199-T1, TFCN2502E3341_005753-T1, TFCN2502E3341_010605-T1, TFCN2502E3341_002645-T1, TFCN2502E3341_002013-T1, TFCN2502E3341_003597-T1	DBVPG3775_003706-T1, DBVPG3775_004479-T1, DBVPG3775_007063-T1
GF00000142	TFCN2502E3341_000222-T1, TFCN2502E3341_006477-T1, TFCN2502E3341_007894-T1, TFCN2502E3341_003920-T1, TFCN2502E3341_008728-T1, TFCN2502E3341_013797-T1	DBVPG3775_001795-T1, DBVPG3775_005795-T1, DBVPG3775_007086-T1
GF00000143	TFCN2502E3341_000325-T1, TFCN2502E3341_008473-T1, TFCN2502E3341_009942-T1, TFCN2502E3341_007626-T1, TFCN2502E3341_002320-T1, TFCN2502E3341_004248-T1	DBVPG3775_000103-T1, DBVPG3775_004097-T1, DBVPG3775_004538-T1
GF00000144	TFCN2502E3341_000359-T1, TFCN2502E3341_006532-T1, TFCN2502E3341_010965-T1, TFCN2502E3341_006114-T1, TFCN2502E3341_005965-T1, TFCN2502E3341_013570-T1	DBVPG3775_000032-T1, DBVPG3775_004335-T1, DBVPG3775_006255-T1
GF00000145	TFCN2502E3341_000370-T1, TFCN2502E3341_006547-T1, TFCN2502E3341_006548-T1, TFCN2502E3341_000371-T1, TFCN2502E3341_002302-T1, TFCN2502E3341_012908-T1	DBVPG3775_004318-T1, DBVPG3775_004319-T1, DBVPG3775_004556-T1
GF00000146	TFCN2502E3341_000502-T1, TFCN2502E3341_007233-T1, TFCN2502E3341_014634-T1, TFCN2502E3341_006089-T1, TFCN2502E3341_004029-T1, TFCN2502E3341_014764-T1, TFCN2502E3341_014796-T1	DBVPG3775_000230-T1, DBVPG3775_003051-T1
GF00000147	TFCN2502E3341_000544-T1, TFCN2502E3341_007548-T1, TFCN2502E3341_009578-T1, TFCN2502E3341_003390-T1, TFCN2502E3341_003879-T1, TFCN2502E3341_010168-T1	DBVPG3775_001843-T1, DBVPG3775_002832-T1, DBVPG3775_005082-T1
GF00000148	TFCN2502E3341_000571-T1, TFCN2502E3341_007522-T1, TFCN2502E3341_003260-T1, TFCN2502E3341_001716-T1, TFCN2502E3341_002446-T1, TFCN2502E3341_006322-T1	DBVPG3775_004886-T1, DBVPG3775_005109-T1, DBVPG3775_005661-T1
GF00000149	TFCN2502E3341_000582-T1, TFCN2502E3341_013895-T1, TFCN2502E3341_003981-T1, TFCN2502E3341_012016-T1, TFCN2502E3341_001375-T1, TFCN2502E3341_007282-T1	DBVPG3775_000449-T1, DBVPG3775_005120-T1, DBVPG3775_005294-T1
GF00000150	TFCN2502E3341_000655-T1, TFCN2502E3341_009793-T1, TFCN2502E3341_005957-T1, TFCN2502E3341_013578-T1, TFCN2502E3341_008533-T1, TFCN2502E3341_012242-T1	DBVPG3775_000024-T1, DBVPG3775_001340-T1, DBVPG3775_005942-T1
GF00000151	TFCN2502E3341_000709-T1, TFCN2502E3341_012815-T1, TFCN2502E3341_005165-T1, TFCN2502E3341_014252-T1, TFCN2502E3341_009084-T1, TFCN2502E3341_006048-T1	DBVPG3775_000271-T1, DBVPG3775_001390-T1, DBVPG3775_004822-T1
GF00000152	TFCN2502E3341_000723-T1, TFCN2502E3341_005517-T1, TFCN2502E3341_008031-T1, TFCN2502E3341_008301-T1, TFCN2502E3341_008613-T1, TFCN2502E3341_013247-T1	DBVPG3775_001403-T1, DBVPG3775_001517-T1, DBVPG3775_005435-T1
GF00000153	TFCN2502E3341_000732-T1, TFCN2502E3341_005508-T1, TFCN2502E3341_011018-T1, TFCN2502E3341_014352-T1, TFCN2502E3341_012626-T1, TFCN2502E3341_012569-T1	DBVPG3775_001412-T1, DBVPG3775_006142-T1, DBVPG3775_006662-T1
GF00000154	TFCN2502E3341_009934-T1, TFCN2502E3341_007618-T1, TFCN2502E3341_003015-T1, TFCN2502E3341_013115-T1, TFCN2502E3341_013109-T1, TFCN2502E3341_003020-T1	DBVPG3775_000111-T1, DBVPG3775_001671-T1, DBVPG3775_001676-T1
GF00000155	TFCN2502E3341_000824-T1, TFCN2502E3341_006888-T1, TFCN2502E3341_011580-T1, TFCN2502E3341_000974-T1, TFCN2502E3341_009491-T1, TFCN2502E3341_001322-T1	DBVPG3775_001266-T1, DBVPG3775_005177-T1, DBVPG3775_005466-T1
GF00000156	TFCN2502E3341_000917-T1, TFCN2502E3341_004599-T1, TFCN2502E3341_012885-T1, TFCN2502E3341_010363-T1, TFCN2502E3341_012884-T1, TFCN2502E3341_010362-T1	DBVPG3775_005235-T1, DBVPG3775_006356-T1, DBVPG3775_006357-T1
GF00000157	TFCN2502E3341_000919-T1, TFCN2502E3341_004601-T1, TFCN2502E3341_006771-T1, TFCN2502E3341_002762-T1, TFCN2502E3341_001246-T1, TFCN2502E3341_005712-T1	DBVPG3775_000793-T1, DBVPG3775_005233-T1, DBVPG3775_006439-T1
GF00000158	TFCN2502E3341_005066-T1, TFCN2502E3341_005243-T1, TFCN2502E3341_001794-T1, TFCN2502E3341_003774-T1, TFCN2502E3341_012118-T1, TFCN2502E3341_001878-T1	DBVPG3775_003015-T1, DBVPG3775_003980-T1, DBVPG3775_006031-T1
GF00000159	TFCN2502E3341_001124-T1, TFCN2502E3341_005454-T1, TFCN2502E3341_004774-T1, TFCN2502E3341_003839-T1, TFCN2502E3341_004550-T1, TFCN2502E3341_002569-T1	DBVPG3775_001918-T1, DBVPG3775_002291-T1, DBVPG3775_006500-T1
GF00000160	TFCN2502E3341_001136-T1, TFCN2502E3341_005466-T1, TFCN2502E3341_006844-T1, TFCN2502E3341_011629-T1, TFCN2502E3341_001442-T1, TFCN2502E3341_011784-T1	DBVPG3775_003422-T1, DBVPG3775_003635-T1, DBVPG3775_006488-T1
GF00000161	TFCN2502E3341_001213-T1, TFCN2502E3341_014241-T1, TFCN2502E3341_014692-T1, TFCN2502E3341_014704-T1, TFCN2502E3341_003666-T1, TFCN2502E3341_011141-T1, TFCN2502E3341_003671-T1	DBVPG3775_006027-T1, DBVPG3775_007226-T1
GF00000162	TFCN2502E3341_001269-T1, TFCN2502E3341_005682-T1, TFCN2502E3341_010683-T1, TFCN2502E3341_003009-T1, TFCN2502E3341_009352-T1, TFCN2502E3341_010533-T1	DBVPG3775_001662-T1, DBVPG3775_006416-T1, DBVPG3775_006577-T1
GF00000163	TFCN2502E3341_002554-T1, TFCN2502E3341_004536-T1, TFCN2502E3341_003823-T1, TFCN2502E3341_004791-T1, TFCN2502E3341_002741-T1, TFCN2502E3341_006794-T1	DBVPG3775_000814-T1, DBVPG3775_001934-T1, DBVPG3775_002276-T1
GF00000164	TFCN2502E3341_001310-T1, TFCN2502E3341_009479-T1, TFCN2502E3341_014194-T1, TFCN2502E3341_001432-T1, TFCN2502E3341_008860-T1, TFCN2502E3341_011345-T1	DBVPG3775_001452-T1, DBVPG3775_003645-T1, DBVPG3775_005477-T1
GF00000165	TFCN2502E3341_001434-T1, TFCN2502E3341_014192-T1, TFCN2502E3341_001435-T1, TFCN2502E3341_014191-T1, TFCN2502E3341_012614-T1, TFCN2502E3341_013759-T1	DBVPG3775_003642-T1, DBVPG3775_003643-T1, DBVPG3775_006649-T1
GF00000166	TFCN2502E3341_006824-T1, TFCN2502E3341_011644-T1, TFCN2502E3341_007714-T1, TFCN2502E3341_010095-T1, TFCN2502E3341_012580-T1, TFCN2502E3341_013804-T1	DBVPG3775_003403-T1, DBVPG3775_005867-T1, DBVPG3775_006673-T1
GF00000167	TFCN2502E3341_001666-T1, TFCN2502E3341_003315-T1, TFCN2502E3341_005220-T1, TFCN2502E3341_011953-T1, TFCN2502E3341_012029-T1, TFCN2502E3341_010867-T1	DBVPG3775_004736-T1, DBVPG3775_004760-T1, DBVPG3775_004940-T1
GF00000168	TFCN2502E3341_001720-T1, TFCN2502E3341_003256-T1, TFCN2502E3341_005177-T1, TFCN2502E3341_008903-T1, TFCN2502E3341_008904-T1, TFCN2502E3341_005178-T1	DBVPG3775_004809-T1, DBVPG3775_004810-T1, DBVPG3775_004882-T1
GF00000169	TFCN2502E3341_001930-T1, TFCN2502E3341_005802-T1, TFCN2502E3341_001934-T1, TFCN2502E3341_008061-T1, TFCN2502E3341_008065-T1	DBVPG3775_001549-T1, DBVPG3775_001553-T1, DBVPG3775_003209-T1, DBVPG3775_003210-T1
GF00000170	TFCN2502E3341_001949-T1, TFCN2502E3341_008045-T1, TFCN2502E3341_004892-T1, TFCN2502E3341_006199-T1, TFCN2502E3341_003122-T1, TFCN2502E3341_004276-T1	DBVPG3775_001533-T1, DBVPG3775_002488-T1, DBVPG3775_007489-T1
GF00000171	TFCN2502E3341_001978-T1, TFCN2502E3341_002683-T1, TFCN2502E3341_002682-T1, TFCN2502E3341_001979-T1, TFCN2502E3341_010841-T1, TFCN2502E3341_012057-T1	DBVPG3775_004711-T1, DBVPG3775_005691-T1, DBVPG3775_005692-T1
GF00000172	TFCN2502E3341_002078-T1, TFCN2502E3341_014181-T1, TFCN2502E3341_003798-T1, TFCN2502E3341_012403-T1, TFCN2502E3341_008682-T1, TFCN2502E3341_014419-T1	DBVPG3775_001961-T1, DBVPG3775_003853-T1, DBVPG3775_007333-T1
GF00000173	TFCN2502E3341_002166-T1, TFCN2502E3341_010264-T1, TFCN2502E3341_002314-T1, TFCN2502E3341_004253-T1, TFCN2502E3341_002861-T1, TFCN2502E3341_010225-T1	DBVPG3775_002049-T1, DBVPG3775_004544-T1, DBVPG3775_006324-T1
GF00000174	TFCN2502E3341_002198-T1, TFCN2502E3341_009905-T1, TFCN2502E3341_003391-T1, TFCN2502E3341_010167-T1, TFCN2502E3341_010413-T1, TFCN2502E3341_008142-T1	DBVPG3775_000140-T1, DBVPG3775_002833-T1, DBVPG3775_005546-T1
GF00000175	TFCN2502E3341_002276-T1, TFCN2502E3341_004040-T1, TFCN2502E3341_004530-T1, TFCN2502E3341_002548-T1, TFCN2502E3341_004531-T1, TFCN2502E3341_002549-T1	DBVPG3775_000219-T1, DBVPG3775_002270-T1, DBVPG3775_002271-T1
GF00000176	TFCN2502E3341_002402-T1, TFCN2502E3341_002403-T1, TFCN2502E3341_002408-T1, TFCN2502E3341_002404-T1, TFCN2502E3341_006283-T1	DBVPG3775_007270-T1, DBVPG3775_007271-T1, DBVPG3775_007272-T1, DBVPG3775_007273-T1
GF00000177	TFCN2502E3341_002534-T1, TFCN2502E3341_004517-T1, TFCN2502E3341_014001-T1, TFCN2502E3341_011830-T1, TFCN2502E3341_011829-T1, TFCN2502E3341_002535-T1	DBVPG3775_002256-T1, DBVPG3775_006590-T1, DBVPG3775_006591-T1
GF00000178	TFCN2502E3341_002980-T1, TFCN2502E3341_010712-T1, TFCN2502E3341_011271-T1, TFCN2502E3341_008525-T1, TFCN2502E3341_013448-T1, TFCN2502E3341_011673-T1	DBVPG3775_002706-T1, DBVPG3775_004582-T1, DBVPG3775_005809-T1
GF00000179	TFCN2502E3341_003155-T1, TFCN2502E3341_013363-T1, TFCN2502E3341_014795-T1, TFCN2502E3341_010861-T1, TFCN2502E3341_012037-T1, TFCN2502E3341_013939-T1, TFCN2502E3341_010626-T1	DBVPG3775_000695-T1, DBVPG3775_004730-T1
GF00000180	TFCN2502E3341_003222-T1, TFCN2502E3341_009743-T1, TFCN2502E3341_007424-T1, TFCN2502E3341_012186-T1, TFCN2502E3341_009519-T1, TFCN2502E3341_004817-T1	DBVPG3775_000633-T1, DBVPG3775_002946-T1, DBVPG3775_007022-T1
GF00000181	TFCN2502E3341_007356-T1, TFCN2502E3341_007355-T1, TFCN2502E3341_007357-T1, TFCN2502E3341_007358-T1, TFCN2502E3341_009322-T1	DBVPG3775_004373-T1, DBVPG3775_004374-T1, DBVPG3775_004375-T1, DBVPG3775_004376-T1
GF00000182	TFCN2502E3341_003885-T1, TFCN2502E3341_013255-T1, TFCN2502E3341_005813-T1, TFCN2502E3341_013508-T1, TFCN2502E3341_009308-T1, TFCN2502E3341_005365-T1	DBVPG3775_001832-T1, DBVPG3775_003198-T1, DBVPG3775_004358-T1
GF00000183	TFCN2502E3341_003989-T1, TFCN2502E3341_012008-T1, TFCN2502E3341_012007-T1, TFCN2502E3341_003990-T1, TFCN2502E3341_014457-T1, TFCN2502E3341_012392-T1	DBVPG3775_000440-T1, DBVPG3775_000441-T1, DBVPG3775_005038-T1
GF00000184	TFCN2502E3341_004110-T1, TFCN2502E3341_006697-T1, TFCN2502E3341_004819-T1, TFCN2502E3341_009521-T1, TFCN2502E3341_008379-T1, TFCN2502E3341_005304-T1	DBVPG3775_002944-T1, DBVPG3775_003134-T1, DBVPG3775_003941-T1
GF00000185	TFCN2502E3341_004174-T1, TFCN2502E3341_008659-T1, TFCN2502E3341_012265-T1, TFCN2502E3341_012546-T1, TFCN2502E3341_010863-T1, TFCN2502E3341_012034-T1	DBVPG3775_002420-T1, DBVPG3775_003877-T1, DBVPG3775_004732-T1
GF00000186	TFCN2502E3341_004861-T1, TFCN2502E3341_012592-T1, TFCN2502E3341_012853-T1, TFCN2502E3341_014357-T1, TFCN2502E3341_013317-T1, TFCN2502E3341_010365-T1	DBVPG3775_002904-T1, DBVPG3775_003496-T1, DBVPG3775_006354-T1
GF00000187	TFCN2502E3341_004874-T1, TFCN2502E3341_011935-T1, TFCN2502E3341_005223-T1, TFCN2502E3341_011956-T1, TFCN2502E3341_006667-T1, TFCN2502E3341_008580-T1	DBVPG3775_002890-T1, DBVPG3775_004757-T1, DBVPG3775_006806-T1
GF00000188	TFCN2502E3341_005169-T1, TFCN2502E3341_008895-T1, TFCN2502E3341_005216-T1, TFCN2502E3341_014037-T1, TFCN2502E3341_010851-T1, TFCN2502E3341_012047-T1	DBVPG3775_004721-T1, DBVPG3775_004765-T1, DBVPG3775_004818-T1
GF00000189	TFCN2502E3341_005778-T1, TFCN2502E3341_011850-T1, TFCN2502E3341_010478-T1, TFCN2502E3341_006266-T1, TFCN2502E3341_007846-T1, TFCN2502E3341_010809-T1	DBVPG3775_003234-T1, DBVPG3775_003358-T1, DBVPG3775_005894-T1
GF00000190	TFCN2502E3341_006501-T1, TFCN2502E3341_012996-T1, TFCN2502E3341_009607-T1, TFCN2502E3341_012417-T1, TFCN2502E3341_011459-T1, TFCN2502E3341_013599-T1	DBVPG3775_006209-T1, DBVPG3775_006850-T1, DBVPG3775_007347-T1
GF00000191	TFCN2502E3341_006583-T1, TFCN2502E3341_010292-T1, TFCN2502E3341_012642-T1, TFCN2502E3341_007582-T1, TFCN2502E3341_008773-T1, TFCN2502E3341_012653-T1	DBVPG3775_000999-T1, DBVPG3775_002361-T1, DBVPG3775_003677-T1
GF00000192	TFCN2502E3341_008950-T1, TFCN2502E3341_009174-T1, TFCN2502E3341_010568-T1, TFCN2502E3341_009706-T1, TFCN2502E3341_010071-T1, TFCN2502E3341_013497-T1	DBVPG3775_000312-T1, DBVPG3775_005750-T1, DBVPG3775_005957-T1
GF00000193	TFCN2502E3341_009864-T1, TFCN2502E3341_012666-T1, TFCN2502E3341_014826-T1, TFCN2502E3341_013212-T1, TFCN2502E3341_014748-T1, TFCN2502E3341_014772-T1, TFCN2502E3341_014749-T1	DBVPG3775_000513-T1, DBVPG3775_000514-T1
GF00000194	TFCN2502E3341_011042-T1, TFCN2502E3341_011045-T1, TFCN2502E3341_011423-T1, TFCN2502E3341_011046-T1, TFCN2502E3341_011043-T1, TFCN2502E3341_011424-T1, TFCN2502E3341_011044-T1	DBVPG3775_000591-T1, DBVPG3775_000592-T1
GF00000195	TFCN2502E3341_011532-T1, TFCN2502E3341_011534-T1, TFCN2502E3341_011535-T1, TFCN2502E3341_011533-T1	DBVPG3775_002742-T1, DBVPG3775_002743-T1, DBVPG3775_002744-T1, DBVPG3775_002745-T1, DBVPG3775_002746-T1
GF00000196	TFCN2502E3341_011702-T1, TFCN2502E3341_013558-T1, TFCN2502E3341_011704-T1, TFCN2502E3341_011703-T1, TFCN2502E3341_011705-T1	DBVPG3775_002178-T1, DBVPG3775_002179-T1, DBVPG3775_002180-T1, DBVPG3775_002181-T1
GF00000197	TFCN2502E3341_011839-T1, TFCN2502E3341_013719-T1, TFCN2502E3341_011948-T1, TFCN2502E3341_014463-T1, TFCN2502E3341_012559-T1, TFCN2502E3341_012278-T1	DBVPG3775_002406-T1, DBVPG3775_002878-T1, DBVPG3775_007423-T1
GF00000198	TFCN2502E3341_000050-T1, TFCN2502E3341_012834-T1, TFCN2502E3341_000051-T1, TFCN2502E3341_012835-T1, TFCN2502E3341_012836-T1, TFCN2502E3341_000052-T1	DBVPG3775_001048-T1, DBVPG3775_001049-T1
GF00000199	TFCN2502E3341_000107-T1, TFCN2502E3341_008180-T1, TFCN2502E3341_000857-T1, TFCN2502E3341_007475-T1, TFCN2502E3341_008435-T1, TFCN2502E3341_014622-T1	DBVPG3775_001230-T1, DBVPG3775_004193-T1
GF00000200	TFCN2502E3341_000194-T1, TFCN2502E3341_005750-T1, TFCN2502E3341_011804-T1, TFCN2502E3341_001461-T1, TFCN2502E3341_001462-T1	DBVPG3775_003615-T1, DBVPG3775_003616-T1, DBVPG3775_007059-T1
GF00000201	TFCN2502E3341_000286-T1, TFCN2502E3341_004430-T1, TFCN2502E3341_010816-T1, TFCN2502E3341_001711-T1, TFCN2502E3341_003266-T1	DBVPG3775_004056-T1, DBVPG3775_004892-T1, DBVPG3775_007188-T1
GF00000202	TFCN2502E3341_000483-T1, TFCN2502E3341_007215-T1, TFCN2502E3341_007237-T1, TFCN2502E3341_000507-T1	DBVPG3775_003066-T1, DBVPG3775_005044-T1, DBVPG3775_007589-T1, DBVPG3775_007590-T1
GF00000203	TFCN2502E3341_000541-T1, TFCN2502E3341_002477-T1, TFCN2502E3341_005075-T1, TFCN2502E3341_005234-T1	DBVPG3775_002336-T1, DBVPG3775_003024-T1, DBVPG3775_005078-T1, DBVPG3775_005079-T1
GF00000204	TFCN2502E3341_007263-T1, TFCN2502E3341_001351-T1, TFCN2502E3341_002325-T1, TFCN2502E3341_004242-T1, TFCN2502E3341_004241-T1, TFCN2502E3341_004243-T1	DBVPG3775_004533-T1, DBVPG3775_005271-T1
GF00000205	TFCN2502E3341_000682-T1, TFCN2502E3341_009820-T1, TFCN2502E3341_012507-T1, TFCN2502E3341_000683-T1, TFCN2502E3341_000684-T1	DBVPG3775_001367-T1, DBVPG3775_001368-T1, DBVPG3775_003568-T1
GF00000206	TFCN2502E3341_000796-T1, TFCN2502E3341_006913-T1, TFCN2502E3341_006915-T1, TFCN2502E3341_006914-T1, TFCN2502E3341_012144-T1, TFCN2502E3341_012933-T1	DBVPG3775_001297-T1, DBVPG3775_003481-T1
GF00000207	TFCN2502E3341_001046-T1, TFCN2502E3341_010866-T1, TFCN2502E3341_012031-T1, TFCN2502E3341_012174-T1, TFCN2502E3341_012030-T1, TFCN2502E3341_008303-T1	DBVPG3775_004735-T1, DBVPG3775_007597-T1
GF00000208	TFCN2502E3341_012495-T1, TFCN2502E3341_005673-T1, TFCN2502E3341_012630-T1, TFCN2502E3341_011267-T1, TFCN2502E3341_011757-T1, TFCN2502E3341_012665-T1	DBVPG3775_002373-T1, DBVPG3775_006968-T1
GF00000209	TFCN2502E3341_014769-T1, TFCN2502E3341_014815-T1, TFCN2502E3341_014859-T1, TFCN2502E3341_014787-T1, TFCN2502E3341_014808-T1	DBVPG3775_007575-T1, DBVPG3775_007581-T1, DBVPG3775_007602-T1
GF00000210	TFCN2502E3341_001265-T1, TFCN2502E3341_005693-T1, TFCN2502E3341_014647-T1, TFCN2502E3341_005680-T1, TFCN2502E3341_001266-T1, TFCN2502E3341_001267-T1	DBVPG3775_006404-T1, DBVPG3775_006418-T1
GF00000211	TFCN2502E3341_001313-T1, TFCN2502E3341_009482-T1, TFCN2502E3341_001314-T1, TFCN2502E3341_009484-T1, TFCN2502E3341_009483-T1	DBVPG3775_005472-T1, DBVPG3775_005473-T1, DBVPG3775_005474-T1
GF00000212	TFCN2502E3341_001395-T1, TFCN2502E3341_009062-T1, TFCN2502E3341_001397-T1, TFCN2502E3341_009061-T1, TFCN2502E3341_001396-T1, TFCN2502E3341_009060-T1	DBVPG3775_005314-T1, DBVPG3775_005315-T1
GF00000213	TFCN2502E3341_001469-T1, TFCN2502E3341_010165-T1, TFCN2502E3341_003393-T1, TFCN2502E3341_005917-T1, TFCN2502E3341_012319-T1	DBVPG3775_002835-T1, DBVPG3775_003607-T1, DBVPG3775_007309-T1
GF00000214	TFCN2502E3341_001505-T1, TFCN2502E3341_012439-T1, TFCN2502E3341_001506-T1, TFCN2502E3341_012441-T1, TFCN2502E3341_012440-T1	DBVPG3775_000728-T1, DBVPG3775_000729-T1, DBVPG3775_000730-T1
GF00000215	TFCN2502E3341_005043-T1, TFCN2502E3341_005044-T1, TFCN2502E3341_005265-T1, TFCN2502E3341_005268-T1, TFCN2502E3341_005267-T1, TFCN2502E3341_005266-T1	DBVPG3775_002991-T1, DBVPG3775_002992-T1
GF00000216	TFCN2502E3341_008670-T1, TFCN2502E3341_004186-T1, TFCN2502E3341_003701-T1, TFCN2502E3341_005609-T1, TFCN2502E3341_004185-T1, TFCN2502E3341_014601-T1	DBVPG3775_003865-T1, DBVPG3775_006892-T1
GF00000217	TFCN2502E3341_002724-T1, TFCN2502E3341_006334-T1, TFCN2502E3341_002723-T1, TFCN2502E3341_003944-T1, TFCN2502E3341_011599-T1	DBVPG3775_000487-T1, DBVPG3775_000831-T1, DBVPG3775_000832-T1
GF00000218	TFCN2502E3341_001988-T1, TFCN2502E3341_002672-T1, TFCN2502E3341_011668-T1, TFCN2502E3341_011277-T1, TFCN2502E3341_012446-T1	DBVPG3775_001020-T1, DBVPG3775_005701-T1, DBVPG3775_007369-T1
GF00000219	TFCN2502E3341_001997-T1, TFCN2502E3341_002661-T1, TFCN2502E3341_002662-T1, TFCN2502E3341_009097-T1, TFCN2502E3341_006061-T1	DBVPG3775_000258-T1, DBVPG3775_005710-T1, DBVPG3775_005711-T1
GF00000220	TFCN2502E3341_002059-T1, TFCN2502E3341_007410-T1, TFCN2502E3341_006455-T1, TFCN2502E3341_014710-T1, TFCN2502E3341_002060-T1, TFCN2502E3341_007409-T1	DBVPG3775_001192-T1, DBVPG3775_004427-T1
GF00000221	TFCN2502E3341_002098-T1, TFCN2502E3341_013196-T1, TFCN2502E3341_011421-T1, TFCN2502E3341_011047-T1, TFCN2502E3341_011422-T1	DBVPG3775_000593-T1, DBVPG3775_000594-T1, DBVPG3775_001980-T1
GF00000222	TFCN2502E3341_002577-T1, TFCN2502E3341_002576-T1, TFCN2502E3341_006339-T1, TFCN2502E3341_002717-T1, TFCN2502E3341_004557-T1	DBVPG3775_000838-T1, DBVPG3775_002298-T1, DBVPG3775_002299-T1
GF00000223	TFCN2502E3341_002781-T1, TFCN2502E3341_014047-T1, TFCN2502E3341_012451-T1, TFCN2502E3341_002789-T1, TFCN2502E3341_014055-T1	DBVPG3775_000764-T1, DBVPG3775_000773-T1, DBVPG3775_001025-T1
GF00000224	TFCN2502E3341_003014-T1, TFCN2502E3341_013116-T1, TFCN2502E3341_003036-T1, TFCN2502E3341_005016-T1, TFCN2502E3341_005013-T1	DBVPG3775_001669-T1, DBVPG3775_001670-T1, DBVPG3775_001687-T1
GF00000225	TFCN2502E3341_003677-T1, TFCN2502E3341_005647-T1, TFCN2502E3341_005646-T1, TFCN2502E3341_003678-T1, TFCN2502E3341_005645-T1	DBVPG3775_006857-T1, DBVPG3775_006858-T1, DBVPG3775_006859-T1
GF00000226	TFCN2502E3341_003867-T1, TFCN2502E3341_009570-T1, TFCN2502E3341_003883-T1, TFCN2502E3341_013257-T1, TFCN2502E3341_003868-T1	DBVPG3775_001834-T1, DBVPG3775_001851-T1, DBVPG3775_001852-T1
GF00000227	TFCN2502E3341_013592-T1, TFCN2502E3341_007040-T1, TFCN2502E3341_013591-T1, TFCN2502E3341_007038-T1, TFCN2502E3341_007039-T1	DBVPG3775_002585-T1, DBVPG3775_002586-T1, DBVPG3775_002587-T1
GF00000228	TFCN2502E3341_004888-T1, TFCN2502E3341_006203-T1, TFCN2502E3341_011604-T1, TFCN2502E3341_012357-T1, TFCN2502E3341_011547-T1, TFCN2502E3341_012358-T1	DBVPG3775_002730-T1, DBVPG3775_007522-T1
GF00000229	TFCN2502E3341_004918-T1, TFCN2502E3341_007339-T1, TFCN2502E3341_004919-T1, TFCN2502E3341_009997-T1, TFCN2502E3341_006165-T1	DBVPG3775_004651-T1, DBVPG3775_006610-T1, DBVPG3775_006611-T1
GF00000230	TFCN2502E3341_005038-T1, TFCN2502E3341_005275-T1, TFCN2502E3341_005274-T1, TFCN2502E3341_010529-T1, TFCN2502E3341_009360-T1	DBVPG3775_002985-T1, DBVPG3775_002986-T1, DBVPG3775_006573-T1
GF00000231	TFCN2502E3341_005158-T1, TFCN2502E3341_008982-T1, TFCN2502E3341_013608-T1, TFCN2502E3341_011468-T1, TFCN2502E3341_009142-T1, TFCN2502E3341_013609-T1	DBVPG3775_000345-T1, DBVPG3775_006841-T1
GF00000232	TFCN2502E3341_005604-T1, TFCN2502E3341_014154-T1, TFCN2502E3341_014153-T1, TFCN2502E3341_005605-T1, TFCN2502E3341_014155-T1	DBVPG3775_006896-T1, DBVPG3775_006897-T1, DBVPG3775_006898-T1
GF00000233	TFCN2502E3341_013768-T1, TFCN2502E3341_012566-T1, TFCN2502E3341_014751-T1, TFCN2502E3341_012623-T1, TFCN2502E3341_014830-T1	DBVPG3775_006643-T1, DBVPG3775_006658-T1, DBVPG3775_006659-T1
GF00000234	TFCN2502E3341_006179-T1, TFCN2502E3341_010011-T1, TFCN2502E3341_013884-T1, TFCN2502E3341_009416-T1, TFCN2502E3341_012258-T1, TFCN2502E3341_012539-T1	DBVPG3775_002427-T1, DBVPG3775_004637-T1
GF00000235	TFCN2502E3341_008850-T1, TFCN2502E3341_009118-T1, TFCN2502E3341_009112-T1, TFCN2502E3341_009107-T1, TFCN2502E3341_013582-T1	DBVPG3775_002591-T1, DBVPG3775_002596-T1, DBVPG3775_002601-T1
GF00000236	TFCN2502E3341_010401-T1, TFCN2502E3341_010891-T1, TFCN2502E3341_012064-T1, TFCN2502E3341_011229-T1, TFCN2502E3341_011230-T1	DBVPG3775_004249-T1, DBVPG3775_004250-T1, DBVPG3775_005534-T1
GF00000237	TFCN2502E3341_000039-T1, TFCN2502E3341_009867-T1, TFCN2502E3341_013158-T1, TFCN2502E3341_007777-T1, TFCN2502E3341_012824-T1	DBVPG3775_001059-T1, DBVPG3775_007097-T1
GF00000238	TFCN2502E3341_000259-T1, TFCN2502E3341_013080-T1, TFCN2502E3341_001422-T1, TFCN2502E3341_010273-T1, TFCN2502E3341_009458-T1	DBVPG3775_003657-T1, DBVPG3775_004029-T1
GF00000239	TFCN2502E3341_000264-T1, TFCN2502E3341_013075-T1, TFCN2502E3341_014848-T1, TFCN2502E3341_014818-T1, TFCN2502E3341_014817-T1	DBVPG3775_004034-T1, DBVPG3775_004035-T1
GF00000240	TFCN2502E3341_000442-T1, TFCN2502E3341_000444-T1, TFCN2502E3341_000445-T1, TFCN2502E3341_000443-T1, TFCN2502E3341_008351-T1	DBVPG3775_003104-T1, DBVPG3775_003105-T1
GF00000241	TFCN2502E3341_000517-T1, TFCN2502E3341_014164-T1, TFCN2502E3341_000518-T1, TFCN2502E3341_014165-T1, TFCN2502E3341_014855-T1	DBVPG3775_005054-T1, DBVPG3775_005055-T1
GF00000242	TFCN2502E3341_000546-T1, TFCN2502E3341_007546-T1, TFCN2502E3341_011958-T1, TFCN2502E3341_005225-T1, TFCN2502E3341_014661-T1	DBVPG3775_004755-T1, DBVPG3775_005084-T1
GF00000243	TFCN2502E3341_000652-T1, TFCN2502E3341_002706-T1, TFCN2502E3341_000653-T1	DBVPG3775_001336-T1, DBVPG3775_001337-T1, DBVPG3775_001338-T1, DBVPG3775_005669-T1
GF00000244	TFCN2502E3341_000689-T1, TFCN2502E3341_009823-T1, TFCN2502E3341_012686-T1, TFCN2502E3341_004418-T1, TFCN2502E3341_009824-T1	DBVPG3775_001373-T1, DBVPG3775_007175-T1
GF00000245	TFCN2502E3341_009623-T1, TFCN2502E3341_008118-T1, TFCN2502E3341_001188-T1, TFCN2502E3341_011684-T1, TFCN2502E3341_001189-T1	DBVPG3775_004977-T1, DBVPG3775_006913-T1
GF00000246	TFCN2502E3341_002154-T1, TFCN2502E3341_010252-T1, TFCN2502E3341_010099-T1, TFCN2502E3341_012576-T1, TFCN2502E3341_010251-T1	DBVPG3775_002037-T1, DBVPG3775_006669-T1
GF00000247	TFCN2502E3341_000740-T1, TFCN2502E3341_005500-T1, TFCN2502E3341_013133-T1, TFCN2502E3341_006691-T1, TFCN2502E3341_000741-T1	DBVPG3775_001420-T1, DBVPG3775_007433-T1
GF00000248	TFCN2502E3341_000894-T1, TFCN2502E3341_007513-T1, TFCN2502E3341_006456-T1, TFCN2502E3341_014711-T1, TFCN2502E3341_014790-T1, TFCN2502E3341_014798-T1	DBVPG3775_001193-T1
GF00000249	TFCN2502E3341_000897-T1, TFCN2502E3341_004581-T1, TFCN2502E3341_014327-T1, TFCN2502E3341_006270-T1, TFCN2502E3341_004610-T1	DBVPG3775_003362-T1, DBVPG3775_005254-T1
GF00000250	TFCN2502E3341_005453-T1, TFCN2502E3341_001123-T1, TFCN2502E3341_011120-T1, TFCN2502E3341_002937-T1, TFCN2502E3341_013622-T1	DBVPG3775_002663-T1, DBVPG3775_006501-T1
GF00000251	TFCN2502E3341_000938-T1, TFCN2502E3341_004621-T1, TFCN2502E3341_003775-T1, TFCN2502E3341_001216-T1, TFCN2502E3341_004620-T1	DBVPG3775_005215-T1, DBVPG3775_006030-T1
GF00000252	TFCN2502E3341_001075-T1, TFCN2502E3341_010046-T1, TFCN2502E3341_010160-T1, TFCN2502E3341_003398-T1	DBVPG3775_002840-T1, DBVPG3775_005399-T1, DBVPG3775_005400-T1
GF00000253	TFCN2502E3341_001139-T1, TFCN2502E3341_005469-T1, TFCN2502E3341_001140-T1, TFCN2502E3341_008097-T1, TFCN2502E3341_009637-T1	DBVPG3775_004956-T1, DBVPG3775_006485-T1
GF00000254	TFCN2502E3341_001203-T1, TFCN2502E3341_014066-T1, TFCN2502E3341_011696-T1, TFCN2502E3341_013962-T1, TFCN2502E3341_007956-T1	DBVPG3775_001610-T1, DBVPG3775_006924-T1
GF00000255	TFCN2502E3341_001229-T1, TFCN2502E3341_012718-T1, TFCN2502E3341_013994-T1, TFCN2502E3341_001845-T1	DBVPG3775_006455-T1, DBVPG3775_007517-T1, DBVPG3775_007545-T1
GF00000256	TFCN2502E3341_002305-T1, TFCN2502E3341_003888-T1, TFCN2502E3341_012905-T1, TFCN2502E3341_004264-T1, TFCN2502E3341_013251-T1	DBVPG3775_001828-T1, DBVPG3775_004553-T1
GF00000257	TFCN2502E3341_001258-T1, TFCN2502E3341_005699-T1, TFCN2502E3341_014117-T1, TFCN2502E3341_007391-T1, TFCN2502E3341_001259-T1	DBVPG3775_004409-T1, DBVPG3775_006427-T1
GF00000258	TFCN2502E3341_001302-T1, TFCN2502E3341_009471-T1, TFCN2502E3341_007126-T1, TFCN2502E3341_011440-T1, TFCN2502E3341_007125-T1	DBVPG3775_005485-T1, DBVPG3775_007454-T1
GF00000259	TFCN2502E3341_006597-T1, TFCN2502E3341_011191-T1, TFCN2502E3341_006595-T1, TFCN2502E3341_011190-T1, TFCN2502E3341_010305-T1, TFCN2502E3341_006596-T1	DBVPG3775_006696-T1
GF00000260	TFCN2502E3341_002626-T1, TFCN2502E3341_002031-T1, TFCN2502E3341_005573-T1, TFCN2502E3341_006018-T1, TFCN2502E3341_002625-T1	DBVPG3775_002064-T1, DBVPG3775_004459-T1
GF00000261	TFCN2502E3341_001431-T1, TFCN2502E3341_014195-T1, TFCN2502E3341_005986-T1, TFCN2502E3341_005537-T1, TFCN2502E3341_006294-T1	DBVPG3775_002100-T1, DBVPG3775_003646-T1
GF00000262	TFCN2502E3341_001683-T1, TFCN2502E3341_003297-T1, TFCN2502E3341_011833-T1, TFCN2502E3341_014004-T1	DBVPG3775_004922-T1, DBVPG3775_006594-T1, DBVPG3775_007417-T1
GF00000263	TFCN2502E3341_001701-T1, TFCN2502E3341_014202-T1, TFCN2502E3341_006123-T1, TFCN2502E3341_003279-T1, TFCN2502E3341_003278-T1	DBVPG3775_004904-T1, DBVPG3775_006242-T1
GF00000264	TFCN2502E3341_001726-T1, TFCN2502E3341_003250-T1, TFCN2502E3341_005403-T1, TFCN2502E3341_002889-T1	DBVPG3775_003821-T1, DBVPG3775_003822-T1, DBVPG3775_004876-T1
GF00000265	TFCN2502E3341_004702-T1, TFCN2502E3341_013096-T1, TFCN2502E3341_004698-T1, TFCN2502E3341_002681-T1, TFCN2502E3341_013093-T1	DBVPG3775_003299-T1, DBVPG3775_003302-T1
GF00000266	TFCN2502E3341_001737-T1, TFCN2502E3341_011366-T1, TFCN2502E3341_011367-T1, TFCN2502E3341_005622-T1	DBVPG3775_004865-T1, DBVPG3775_006880-T1, DBVPG3775_006881-T1
GF00000267	TFCN2502E3341_001742-T1, TFCN2502E3341_011362-T1, TFCN2502E3341_011226-T1, TFCN2502E3341_012067-T1	DBVPG3775_004253-T1, DBVPG3775_004860-T1, DBVPG3775_004861-T1
GF00000268	TFCN2502E3341_001761-T1, TFCN2502E3341_003739-T1, TFCN2502E3341_014609-T1, TFCN2502E3341_007932-T1, TFCN2502E3341_007931-T1	DBVPG3775_001759-T1, DBVPG3775_006062-T1
GF00000269	TFCN2502E3341_001785-T1, TFCN2502E3341_003763-T1, TFCN2502E3341_008488-T1, TFCN2502E3341_007693-T1, TFCN2502E3341_007692-T1	DBVPG3775_005845-T1, DBVPG3775_006039-T1
GF00000270	TFCN2502E3341_001786-T1, TFCN2502E3341_003764-T1, TFCN2502E3341_006213-T1, TFCN2502E3341_004706-T1, TFCN2502E3341_006214-T1	DBVPG3775_003306-T1, DBVPG3775_006038-T1
GF00000271	TFCN2502E3341_001864-T1, TFCN2502E3341_012126-T1, TFCN2502E3341_001870-T1, TFCN2502E3341_007118-T1, TFCN2502E3341_011451-T1	DBVPG3775_005145-T1, DBVPG3775_007365-T1
GF00000272	TFCN2502E3341_008694-T1, TFCN2502E3341_011060-T1, TFCN2502E3341_007466-T1, TFCN2502E3341_011077-T1, TFCN2502E3341_011066-T1	DBVPG3775_003841-T1, DBVPG3775_004842-T1
GF00000273	TFCN2502E3341_001947-T1, TFCN2502E3341_008047-T1, TFCN2502E3341_012214-T1, TFCN2502E3341_011014-T1, TFCN2502E3341_011013-T1	DBVPG3775_001535-T1, DBVPG3775_006139-T1
GF00000274	TFCN2502E3341_001989-T1, TFCN2502E3341_002670-T1, TFCN2502E3341_006297-T1, TFCN2502E3341_002420-T1, TFCN2502E3341_002671-T1	DBVPG3775_005636-T1, DBVPG3775_005702-T1
GF00000275	TFCN2502E3341_002235-T1, TFCN2502E3341_004079-T1, TFCN2502E3341_008522-T1, TFCN2502E3341_011268-T1, TFCN2502E3341_010563-T1	DBVPG3775_000179-T1, DBVPG3775_005812-T1
GF00000276	TFCN2502E3341_002405-T1, TFCN2502E3341_002409-T1, TFCN2502E3341_002410-T1, TFCN2502E3341_002406-T1, TFCN2502E3341_006284-T1	DBVPG3775_007274-T1, DBVPG3775_007277-T1
GF00000277	TFCN2502E3341_002422-T1, TFCN2502E3341_006299-T1, TFCN2502E3341_006949-T1, TFCN2502E3341_003629-T1, TFCN2502E3341_003628-T1	DBVPG3775_005013-T1, DBVPG3775_005638-T1
GF00000278	TFCN2502E3341_002429-T1, TFCN2502E3341_006306-T1, TFCN2502E3341_009011-T1, TFCN2502E3341_011769-T1, TFCN2502E3341_009895-T1	DBVPG3775_004682-T1, DBVPG3775_005645-T1
GF00000279	TFCN2502E3341_002779-T1, TFCN2502E3341_012272-T1, TFCN2502E3341_006749-T1, TFCN2502E3341_006750-T1, TFCN2502E3341_012554-T1	DBVPG3775_000775-T1, DBVPG3775_002412-T1
GF00000280	TFCN2502E3341_002900-T1, TFCN2502E3341_008829-T1, TFCN2502E3341_010669-T1, TFCN2502E3341_002996-T1, TFCN2502E3341_009141-T1	DBVPG3775_001649-T1, DBVPG3775_002626-T1
GF00000281	TFCN2502E3341_002997-T1, TFCN2502E3341_010671-T1, TFCN2502E3341_010670-T1, TFCN2502E3341_013253-T1, TFCN2502E3341_003886-T1	DBVPG3775_001650-T1, DBVPG3775_001830-T1
GF00000282	TFCN2502E3341_003077-T1, TFCN2502E3341_004326-T1, TFCN2502E3341_004314-T1, TFCN2502E3341_003088-T1, TFCN2502E3341_004325-T1	DBVPG3775_002522-T1, DBVPG3775_002533-T1
GF00000283	TFCN2502E3341_003109-T1, TFCN2502E3341_004291-T1, TFCN2502E3341_013931-T1, TFCN2502E3341_007704-T1	DBVPG3775_002502-T1, DBVPG3775_002503-T1, DBVPG3775_005857-T1
GF00000284	TFCN2502E3341_003416-T1, TFCN2502E3341_010143-T1, TFCN2502E3341_005847-T1, TFCN2502E3341_005333-T1, TFCN2502E3341_014599-T1	DBVPG3775_002858-T1, DBVPG3775_003163-T1
GF00000285	TFCN2502E3341_003595-T1, TFCN2502E3341_010604-T1, TFCN2502E3341_003596-T1, TFCN2502E3341_008724-T1, TFCN2502E3341_013801-T1	DBVPG3775_003707-T1, DBVPG3775_005791-T1
GF00000286	TFCN2502E3341_003606-T1, TFCN2502E3341_010613-T1, TFCN2502E3341_009111-T1, TFCN2502E3341_013588-T1, TFCN2502E3341_013587-T1	DBVPG3775_002595-T1, DBVPG3775_003696-T1
GF00000287	TFCN2502E3341_003681-T1, TFCN2502E3341_005642-T1, TFCN2502E3341_005641-T1, TFCN2502E3341_010015-T1, TFCN2502E3341_006183-T1	DBVPG3775_004633-T1, DBVPG3775_006862-T1
GF00000288	TFCN2502E3341_003717-T1, TFCN2502E3341_010123-T1, TFCN2502E3341_014488-T1, TFCN2502E3341_009290-T1, TFCN2502E3341_009291-T1	DBVPG3775_006115-T1, DBVPG3775_006397-T1
GF00000289	TFCN2502E3341_003722-T1, TFCN2502E3341_010129-T1, TFCN2502E3341_010128-T1	DBVPG3775_006079-T1, DBVPG3775_006082-T1, DBVPG3775_006402-T1, DBVPG3775_006080-T1
GF00000290	TFCN2502E3341_003956-T1, TFCN2502E3341_011177-T1, TFCN2502E3341_008198-T1, TFCN2502E3341_014640-T1, TFCN2502E3341_008199-T1	DBVPG3775_000475-T1, DBVPG3775_007556-T1
GF00000291	TFCN2502E3341_004020-T1, TFCN2502E3341_006081-T1, TFCN2502E3341_012134-T1, TFCN2502E3341_009231-T1, TFCN2502E3341_012943-T1	DBVPG3775_000238-T1, DBVPG3775_003471-T1
GF00000292	TFCN2502E3341_004024-T1, TFCN2502E3341_006085-T1, TFCN2502E3341_006086-T1, TFCN2502E3341_004026-T1, TFCN2502E3341_004025-T1	DBVPG3775_000233-T1, DBVPG3775_000234-T1
GF00000293	TFCN2502E3341_009239-T1, TFCN2502E3341_009238-T1, TFCN2502E3341_012129-T1, TFCN2502E3341_012128-T1, TFCN2502E3341_014778-T1	DBVPG3775_003464-T1, DBVPG3775_003466-T1
GF00000294	TFCN2502E3341_005123-T1, TFCN2502E3341_005126-T1, TFCN2502E3341_005127-T1, TFCN2502E3341_007985-T1	DBVPG3775_000375-T1, DBVPG3775_000376-T1, DBVPG3775_000379-T1
GF00000295	TFCN2502E3341_005788-T1, TFCN2502E3341_014444-T1, TFCN2502E3341_013520-T1, TFCN2502E3341_008754-T1, TFCN2502E3341_007599-T1	DBVPG3775_000982-T1, DBVPG3775_003224-T1
GF00000296	TFCN2502E3341_005804-T1, TFCN2502E3341_013527-T1, TFCN2502E3341_005805-T1, TFCN2502E3341_005806-T1	DBVPG3775_003205-T1, DBVPG3775_003206-T1, DBVPG3775_003207-T1
GF00000297	TFCN2502E3341_006069-T1, TFCN2502E3341_006070-T1, TFCN2502E3341_006071-T1, TFCN2502E3341_009104-T1	DBVPG3775_000248-T1, DBVPG3775_000249-T1, DBVPG3775_000250-T1
GF00000298	TFCN2502E3341_006108-T1, TFCN2502E3341_010972-T1, TFCN2502E3341_006117-T1, TFCN2502E3341_010962-T1, TFCN2502E3341_010973-T1	DBVPG3775_006252-T1, DBVPG3775_006262-T1
GF00000299	TFCN2502E3341_006457-T1, TFCN2502E3341_007842-T1, TFCN2502E3341_009140-T1, TFCN2502E3341_008830-T1, TFCN2502E3341_010805-T1	DBVPG3775_002625-T1, DBVPG3775_005890-T1
GF00000300	TFCN2502E3341_007031-T1, TFCN2502E3341_012773-T1, TFCN2502E3341_012848-T1, TFCN2502E3341_012847-T1	DBVPG3775_003501-T1, DBVPG3775_003502-T1, DBVPG3775_003503-T1
GF00000301	TFCN2502E3341_007051-T1, TFCN2502E3341_010781-T1, TFCN2502E3341_014759-T1, TFCN2502E3341_007964-T1, TFCN2502E3341_007965-T1	DBVPG3775_001618-T1, DBVPG3775_002575-T1
GF00000302	TFCN2502E3341_007454-T1, TFCN2502E3341_011064-T1, TFCN2502E3341_007455-T1, TFCN2502E3341_008696-T1	DBVPG3775_003838-T1, DBVPG3775_004830-T1, DBVPG3775_004831-T1
GF00000303	TFCN2502E3341_007697-T1, TFCN2502E3341_013938-T1, TFCN2502E3341_008483-T1, TFCN2502E3341_010317-T1, TFCN2502E3341_008272-T1	DBVPG3775_002159-T1, DBVPG3775_005850-T1
GF00000304	TFCN2502E3341_007868-T1, TFCN2502E3341_008560-T1, TFCN2502E3341_008558-T1, TFCN2502E3341_014813-T1, TFCN2502E3341_008559-T1	DBVPG3775_005915-T1, DBVPG3775_007591-T1
GF00000305	TFCN2502E3341_009292-T1, TFCN2502E3341_014489-T1, TFCN2502E3341_011966-T1, TFCN2502E3341_014615-T1, TFCN2502E3341_010877-T1	DBVPG3775_004746-T1, DBVPG3775_006116-T1
GF00000306	TFCN2502E3341_009761-T1, TFCN2502E3341_012797-T1, TFCN2502E3341_009763-T1, TFCN2502E3341_009762-T1, TFCN2502E3341_009764-T1	DBVPG3775_006013-T1, DBVPG3775_006014-T1
GF00000307	TFCN2502E3341_009791-T1, TFCN2502E3341_011093-T1, TFCN2502E3341_011092-T1, TFCN2502E3341_009792-T1, TFCN2502E3341_014653-T1	DBVPG3775_005985-T1, DBVPG3775_005986-T1
GF00000308	TFCN2502E3341_010742-T1, TFCN2502E3341_010747-T1, TFCN2502E3341_010743-T1, TFCN2502E3341_011500-T1	DBVPG3775_002754-T1, DBVPG3775_002756-T1, DBVPG3775_002757-T1
GF00000309	TFCN2502E3341_011531-T1, TFCN2502E3341_011530-T1, TFCN2502E3341_011529-T1	DBVPG3775_002747-T1, DBVPG3775_002748-T1, DBVPG3775_002749-T1, DBVPG3775_002750-T1
GF00000310	TFCN2502E3341_010758-T1, TFCN2502E3341_010759-T1, TFCN2502E3341_011894-T1, TFCN2502E3341_011893-T1, TFCN2502E3341_014633-T1	DBVPG3775_006519-T1, DBVPG3775_006520-T1
GF00000311	TFCN2502E3341_010868-T1, TFCN2502E3341_011975-T1, TFCN2502E3341_014628-T1, TFCN2502E3341_013332-T1, TFCN2502E3341_012028-T1	DBVPG3775_004737-T1, DBVPG3775_006339-T1
GF00000312	TFCN2502E3341_011465-T1, TFCN2502E3341_013606-T1, TFCN2502E3341_013607-T1, TFCN2502E3341_011467-T1, TFCN2502E3341_011466-T1	DBVPG3775_006842-T1, DBVPG3775_006843-T1
GF00000313	TFCN2502E3341_012279-T1, TFCN2502E3341_012560-T1, TFCN2502E3341_012561-T1, TFCN2502E3341_012280-T1	DBVPG3775_002403-T1, DBVPG3775_002404-T1, DBVPG3775_002405-T1
GF00000314	TFCN2502E3341_000012-T1, TFCN2502E3341_007747-T1, TFCN2502E3341_004053-T1, TFCN2502E3341_002264-T1	DBVPG3775_000208-T1, DBVPG3775_001089-T1
GF00000315	TFCN2502E3341_000033-T1, TFCN2502E3341_007770-T1, TFCN2502E3341_001015-T1, TFCN2502E3341_014077-T1	DBVPG3775_001066-T1, DBVPG3775_007135-T1
GF00000316	TFCN2502E3341_000049-T1, TFCN2502E3341_012833-T1, TFCN2502E3341_009701-T1, TFCN2502E3341_012343-T1	DBVPG3775_001050-T1, DBVPG3775_005745-T1
GF00000317	TFCN2502E3341_000058-T1, TFCN2502E3341_012844-T1, TFCN2502E3341_010777-T1, TFCN2502E3341_007046-T1	DBVPG3775_001041-T1, DBVPG3775_002579-T1
GF00000318	TFCN2502E3341_003818-T1, TFCN2502E3341_004796-T1, TFCN2502E3341_001415-T1, TFCN2502E3341_010280-T1	DBVPG3775_001939-T1, DBVPG3775_003664-T1
GF00000319	TFCN2502E3341_000068-T1, TFCN2502E3341_008224-T1, TFCN2502E3341_008222-T1, TFCN2502E3341_000070-T1	DBVPG3775_004230-T1, DBVPG3775_004232-T1
GF00000320	TFCN2502E3341_012340-T1, TFCN2502E3341_001149-T1, TFCN2502E3341_004431-T1, TFCN2502E3341_010817-T1	DBVPG3775_006476-T1, DBVPG3775_007189-T1
GF00000321	TFCN2502E3341_000089-T1, TFCN2502E3341_008203-T1, TFCN2502E3341_008585-T1, TFCN2502E3341_006662-T1	DBVPG3775_004211-T1, DBVPG3775_006802-T1
GF00000322	TFCN2502E3341_006312-T1, TFCN2502E3341_002436-T1, TFCN2502E3341_008991-T1, TFCN2502E3341_014315-T1	DBVPG3775_004702-T1, DBVPG3775_005652-T1
GF00000323	TFCN2502E3341_012425-T1, TFCN2502E3341_010644-T1, TFCN2502E3341_007162-T1, TFCN2502E3341_000626-T1	DBVPG3775_000713-T1, DBVPG3775_005572-T1
GF00000324	TFCN2502E3341_000131-T1, TFCN2502E3341_008411-T1, TFCN2502E3341_000146-T1, TFCN2502E3341_008396-T1	DBVPG3775_004153-T1, DBVPG3775_004167-T1
GF00000325	TFCN2502E3341_000142-T1, TFCN2502E3341_008400-T1, TFCN2502E3341_010196-T1, TFCN2502E3341_011026-T1	DBVPG3775_000577-T1, DBVPG3775_004156-T1
GF00000326	TFCN2502E3341_000143-T1, TFCN2502E3341_008399-T1, TFCN2502E3341_008755-T1, TFCN2502E3341_007598-T1	DBVPG3775_000983-T1, DBVPG3775_004155-T1
GF00000327	TFCN2502E3341_000313-T1, TFCN2502E3341_008461-T1, TFCN2502E3341_002941-T1, TFCN2502E3341_011124-T1	DBVPG3775_002667-T1, DBVPG3775_004085-T1
GF00000328	TFCN2502E3341_000176-T1, TFCN2502E3341_005732-T1, TFCN2502E3341_004400-T1, TFCN2502E3341_013383-T1	DBVPG3775_001123-T1, DBVPG3775_004122-T1
GF00000329	TFCN2502E3341_001262-T1, TFCN2502E3341_005696-T1, TFCN2502E3341_000177-T1, TFCN2502E3341_005733-T1	DBVPG3775_004121-T1, DBVPG3775_006421-T1
GF00000330	TFCN2502E3341_013766-T1, TFCN2502E3341_012621-T1, TFCN2502E3341_004665-T1, TFCN2502E3341_010500-T1	DBVPG3775_003267-T1, DBVPG3775_006656-T1
GF00000331	TFCN2502E3341_000181-T1, TFCN2502E3341_000184-T1, TFCN2502E3341_005740-T1, TFCN2502E3341_005737-T1	DBVPG3775_004114-T1, DBVPG3775_004117-T1
GF00000332	TFCN2502E3341_000182-T1, TFCN2502E3341_005738-T1, TFCN2502E3341_000884-T1, TFCN2502E3341_007502-T1	DBVPG3775_001203-T1, DBVPG3775_004116-T1
GF00000333	TFCN2502E3341_000191-T1, TFCN2502E3341_005747-T1, TFCN2502E3341_001173-T1, TFCN2502E3341_009270-T1	DBVPG3775_006089-T1, DBVPG3775_007056-T1
GF00000334	TFCN2502E3341_000204-T1, TFCN2502E3341_005758-T1, TFCN2502E3341_010702-T1, TFCN2502E3341_002969-T1	DBVPG3775_002694-T1, DBVPG3775_007068-T1
GF00000335	TFCN2502E3341_000214-T1, TFCN2502E3341_005768-T1, TFCN2502E3341_000215-T1, TFCN2502E3341_006484-T1	DBVPG3775_007078-T1, DBVPG3775_007079-T1
GF00000336	TFCN2502E3341_000235-T1, TFCN2502E3341_009433-T1, TFCN2502E3341_006573-T1, TFCN2502E3341_000395-T1	DBVPG3775_004005-T1, DBVPG3775_004294-T1
GF00000337	TFCN2502E3341_000249-T1, TFCN2502E3341_009448-T1, TFCN2502E3341_002678-T1, TFCN2502E3341_001982-T1	DBVPG3775_004019-T1, DBVPG3775_005695-T1
GF00000338	TFCN2502E3341_000272-T1, TFCN2502E3341_013068-T1, TFCN2502E3341_013337-T1, TFCN2502E3341_001834-T1	DBVPG3775_004042-T1, DBVPG3775_007010-T1
GF00000339	TFCN2502E3341_012556-T1, TFCN2502E3341_012274-T1, TFCN2502E3341_012555-T1, TFCN2502E3341_012275-T1	DBVPG3775_002409-T1, DBVPG3775_002410-T1
GF00000340	TFCN2502E3341_000332-T1, TFCN2502E3341_008479-T1, TFCN2502E3341_007689-T1, TFCN2502E3341_008491-T1	DBVPG3775_004103-T1, DBVPG3775_005842-T1
GF00000341	TFCN2502E3341_000346-T1, TFCN2502E3341_006520-T1, TFCN2502E3341_013403-T1, TFCN2502E3341_007105-T1	DBVPG3775_003386-T1, DBVPG3775_004348-T1
GF00000342	TFCN2502E3341_000350-T1, TFCN2502E3341_006526-T1, TFCN2502E3341_009789-T1, TFCN2502E3341_011095-T1	DBVPG3775_004342-T1, DBVPG3775_005988-T1
GF00000343	TFCN2502E3341_006233-T1, TFCN2502E3341_004727-T1, TFCN2502E3341_000832-T1, TFCN2502E3341_006880-T1	DBVPG3775_001256-T1, DBVPG3775_003327-T1
GF00000344	TFCN2502E3341_000369-T1, TFCN2502E3341_006546-T1, TFCN2502E3341_001903-T1, TFCN2502E3341_013785-T1	DBVPG3775_001584-T1, DBVPG3775_004320-T1
GF00000345	TFCN2502E3341_000378-T1, TFCN2502E3341_006555-T1, TFCN2502E3341_006557-T1, TFCN2502E3341_000379-T1	DBVPG3775_004309-T1, DBVPG3775_004311-T1
GF00000346	TFCN2502E3341_000381-T1, TFCN2502E3341_006561-T1, TFCN2502E3341_003687-T1, TFCN2502E3341_005630-T1	DBVPG3775_004306-T1, DBVPG3775_006872-T1
GF00000347	TFCN2502E3341_000389-T1, TFCN2502E3341_006569-T1, TFCN2502E3341_000559-T1, TFCN2502E3341_007534-T1	DBVPG3775_004298-T1, DBVPG3775_005097-T1
GF00000348	TFCN2502E3341_011022-T1, TFCN2502E3341_003485-T1, TFCN2502E3341_003533-T1, TFCN2502E3341_014348-T1	DBVPG3775_003770-T1, DBVPG3775_006147-T1
GF00000349	TFCN2502E3341_000449-T1, TFCN2502E3341_008347-T1, TFCN2502E3341_005250-T1, TFCN2502E3341_005059-T1	DBVPG3775_003007-T1, DBVPG3775_003100-T1
GF00000350	TFCN2502E3341_000465-T1, TFCN2502E3341_007195-T1, TFCN2502E3341_003809-T1, TFCN2502E3341_004805-T1	DBVPG3775_001949-T1, DBVPG3775_003084-T1
GF00000351	TFCN2502E3341_000484-T1, TFCN2502E3341_007216-T1, TFCN2502E3341_000485-T1, TFCN2502E3341_007217-T1	DBVPG3775_003064-T1, DBVPG3775_003065-T1
GF00000352	TFCN2502E3341_000514-T1, TFCN2502E3341_014161-T1, TFCN2502E3341_003562-T1, TFCN2502E3341_003453-T1	DBVPG3775_003739-T1, DBVPG3775_005051-T1
GF00000353	TFCN2502E3341_000525-T1, TFCN2502E3341_007566-T1, TFCN2502E3341_004596-T1, TFCN2502E3341_000914-T1	DBVPG3775_005062-T1, DBVPG3775_005238-T1
GF00000354	TFCN2502E3341_000528-T1, TFCN2502E3341_007563-T1, TFCN2502E3341_001710-T1, TFCN2502E3341_003267-T1	DBVPG3775_004893-T1, DBVPG3775_005065-T1
GF00000355	TFCN2502E3341_000545-T1, TFCN2502E3341_007547-T1, TFCN2502E3341_010634-T1, TFCN2502E3341_013355-T1	DBVPG3775_000703-T1, DBVPG3775_005083-T1
GF00000356	TFCN2502E3341_000578-T1, TFCN2502E3341_007515-T1, TFCN2502E3341_009092-T1, TFCN2502E3341_006056-T1	DBVPG3775_000263-T1, DBVPG3775_005116-T1
GF00000357	TFCN2502E3341_000584-T1, TFCN2502E3341_013893-T1, TFCN2502E3341_013892-T1, TFCN2502E3341_000585-T1	DBVPG3775_005122-T1, DBVPG3775_005123-T1
GF00000358	TFCN2502E3341_000591-T1, TFCN2502E3341_013886-T1, TFCN2502E3341_006948-T1, TFCN2502E3341_003627-T1	DBVPG3775_005014-T1, DBVPG3775_005129-T1
GF00000359	TFCN2502E3341_000597-T1, TFCN2502E3341_001856-T1, TFCN2502E3341_004149-T1, TFCN2502E3341_014378-T1	DBVPG3775_003902-T1, DBVPG3775_005135-T1
GF00000360	TFCN2502E3341_000606-T1, TFCN2502E3341_001869-T1, TFCN2502E3341_014789-T1, TFCN2502E3341_012127-T1	DBVPG3775_005143-T1, DBVPG3775_005144-T1
GF00000361	TFCN2502E3341_000617-T1, TFCN2502E3341_007158-T1, TFCN2502E3341_009587-T1, TFCN2502E3341_007809-T1	DBVPG3775_005580-T1, DBVPG3775_005621-T1
GF00000362	TFCN2502E3341_000619-T1, TFCN2502E3341_007160-T1, TFCN2502E3341_001297-T1, TFCN2502E3341_009466-T1	DBVPG3775_005490-T1, DBVPG3775_005578-T1
GF00000363	TFCN2502E3341_007815-T1, TFCN2502E3341_009592-T1, TFCN2502E3341_005968-T1, TFCN2502E3341_013567-T1	DBVPG3775_000035-T1, DBVPG3775_005626-T1
GF00000364	TFCN2502E3341_000642-T1, TFCN2502E3341_007177-T1, TFCN2502E3341_008888-T1, TFCN2502E3341_013408-T1	DBVPG3775_001482-T1, DBVPG3775_005556-T1
GF00000365	TFCN2502E3341_000648-T1, TFCN2502E3341_007183-T1, TFCN2502E3341_012323-T1, TFCN2502E3341_001165-T1	DBVPG3775_005550-T1, DBVPG3775_006459-T1
GF00000366	TFCN2502E3341_000671-T1, TFCN2502E3341_009809-T1, TFCN2502E3341_004958-T1, TFCN2502E3341_014828-T1	DBVPG3775_001356-T1, DBVPG3775_001744-T1
GF00000367	TFCN2502E3341_000694-T1, TFCN2502E3341_009826-T1, TFCN2502E3341_008948-T1, TFCN2502E3341_009176-T1	DBVPG3775_000310-T1, DBVPG3775_001376-T1
GF00000368	TFCN2502E3341_000697-T1, TFCN2502E3341_000698-T1, TFCN2502E3341_009829-T1, TFCN2502E3341_014785-T1	DBVPG3775_001379-T1, DBVPG3775_001380-T1
GF00000369	TFCN2502E3341_000704-T1, TFCN2502E3341_012809-T1, TFCN2502E3341_004680-T1, TFCN2502E3341_010486-T1	DBVPG3775_001385-T1, DBVPG3775_003282-T1
GF00000370	TFCN2502E3341_000711-T1, TFCN2502E3341_012816-T1, TFCN2502E3341_005282-T1, TFCN2502E3341_005031-T1	DBVPG3775_001392-T1, DBVPG3775_002978-T1
GF00000371	TFCN2502E3341_000712-T1, TFCN2502E3341_012817-T1, TFCN2502E3341_007492-T1, TFCN2502E3341_000874-T1	DBVPG3775_001213-T1, DBVPG3775_001393-T1
GF00000372	TFCN2502E3341_000734-T1, TFCN2502E3341_005506-T1, TFCN2502E3341_014019-T1, TFCN2502E3341_014763-T1	DBVPG3775_001414-T1, DBVPG3775_005510-T1
GF00000373	TFCN2502E3341_000739-T1, TFCN2502E3341_005501-T1, TFCN2502E3341_003396-T1, TFCN2502E3341_010162-T1	DBVPG3775_001419-T1, DBVPG3775_002838-T1
GF00000374	TFCN2502E3341_000777-T1, TFCN2502E3341_012088-T1, TFCN2502E3341_010084-T1, TFCN2502E3341_013913-T1	DBVPG3775_001322-T1, DBVPG3775_006684-T1
GF00000375	TFCN2502E3341_000778-T1, TFCN2502E3341_012089-T1, TFCN2502E3341_012090-T1	DBVPG3775_001319-T1, DBVPG3775_001320-T1, DBVPG3775_001321-T1
GF00000376	TFCN2502E3341_000826-T1, TFCN2502E3341_006886-T1, TFCN2502E3341_004631-T1, TFCN2502E3341_000948-T1	DBVPG3775_001264-T1, DBVPG3775_005205-T1
GF00000377	TFCN2502E3341_000833-T1, TFCN2502E3341_006879-T1, TFCN2502E3341_005179-T1, TFCN2502E3341_008905-T1	DBVPG3775_001255-T1, DBVPG3775_004808-T1
GF00000378	TFCN2502E3341_000886-T1, TFCN2502E3341_007504-T1, TFCN2502E3341_012978-T1, TFCN2502E3341_002124-T1	DBVPG3775_001201-T1, DBVPG3775_002007-T1
GF00000379	TFCN2502E3341_000895-T1, TFCN2502E3341_004579-T1, TFCN2502E3341_005159-T1, TFCN2502E3341_014259-T1	DBVPG3775_004829-T1, DBVPG3775_005256-T1
GF00000380	TFCN2502E3341_002490-T1, TFCN2502E3341_009209-T1, TFCN2502E3341_001311-T1, TFCN2502E3341_009480-T1	DBVPG3775_002215-T1, DBVPG3775_005476-T1
GF00000381	TFCN2502E3341_000925-T1, TFCN2502E3341_004606-T1, TFCN2502E3341_009358-T1, TFCN2502E3341_010532-T1	DBVPG3775_005228-T1, DBVPG3775_006576-T1
GF00000382	TFCN2502E3341_000992-T1, TFCN2502E3341_011562-T1, TFCN2502E3341_012160-T1, TFCN2502E3341_001031-T1	DBVPG3775_005159-T1, DBVPG3775_007151-T1
GF00000383	TFCN2502E3341_000993-T1, TFCN2502E3341_012159-T1, TFCN2502E3341_011561-T1, TFCN2502E3341_001030-T1	DBVPG3775_005158-T1, DBVPG3775_007150-T1
GF00000384	TFCN2502E3341_000996-T1, TFCN2502E3341_011558-T1, TFCN2502E3341_004156-T1, TFCN2502E3341_014695-T1	DBVPG3775_003895-T1, DBVPG3775_005155-T1
GF00000385	TFCN2502E3341_001049-T1, TFCN2502E3341_008291-T1, TFCN2502E3341_004401-T1, TFCN2502E3341_013382-T1	DBVPG3775_001122-T1, DBVPG3775_005426-T1
GF00000386	TFCN2502E3341_013040-T1, TFCN2502E3341_007731-T1, TFCN2502E3341_014458-T1, TFCN2502E3341_012393-T1	DBVPG3775_001104-T1, DBVPG3775_005039-T1
GF00000387	TFCN2502E3341_001063-T1, TFCN2502E3341_010036-T1, TFCN2502E3341_013615-T1, TFCN2502E3341_001115-T1	DBVPG3775_005358-T1, DBVPG3775_005411-T1
GF00000388	TFCN2502E3341_001094-T1, TFCN2502E3341_010024-T1, TFCN2502E3341_003657-T1, TFCN2502E3341_006939-T1	DBVPG3775_005022-T1, DBVPG3775_005379-T1
GF00000389	TFCN2502E3341_001118-T1, TFCN2502E3341_013618-T1, TFCN2502E3341_001119-T1	DBVPG3775_005354-T1, DBVPG3775_005355-T1, DBVPG3775_006506-T1
GF00000390	TFCN2502E3341_001122-T1, TFCN2502E3341_013621-T1, TFCN2502E3341_005455-T1, TFCN2502E3341_001125-T1	DBVPG3775_006499-T1, DBVPG3775_006503-T1
GF00000391	TFCN2502E3341_001131-T1, TFCN2502E3341_005461-T1, TFCN2502E3341_008060-T1, TFCN2502E3341_001935-T1	DBVPG3775_001548-T1, DBVPG3775_006493-T1
GF00000392	TFCN2502E3341_001204-T1, TFCN2502E3341_014067-T1, TFCN2502E3341_003089-T1, TFCN2502E3341_004313-T1	DBVPG3775_002521-T1, DBVPG3775_006925-T1
GF00000393	TFCN2502E3341_001217-T1, TFCN2502E3341_013705-T1, TFCN2502E3341_007057-T1, TFCN2502E3341_010786-T1	DBVPG3775_002569-T1, DBVPG3775_007473-T1
GF00000394	TFCN2502E3341_001220-T1, TFCN2502E3341_013702-T1, TFCN2502E3341_001812-T1, TFCN2502E3341_011311-T1	DBVPG3775_006988-T1, DBVPG3775_007470-T1
GF00000395	TFCN2502E3341_001231-T1, TFCN2502E3341_012716-T1, TFCN2502E3341_013475-T1, TFCN2502E3341_007076-T1	DBVPG3775_002550-T1, DBVPG3775_006453-T1
GF00000396	TFCN2502E3341_001256-T1, TFCN2502E3341_005701-T1, TFCN2502E3341_008537-T1, TFCN2502E3341_012246-T1	DBVPG3775_005938-T1, DBVPG3775_006429-T1
GF00000397	TFCN2502E3341_001268-T1, TFCN2502E3341_005681-T1, TFCN2502E3341_012617-T1, TFCN2502E3341_013762-T1	DBVPG3775_006417-T1, DBVPG3775_006652-T1
GF00000398	TFCN2502E3341_001282-T1, TFCN2502E3341_014015-T1, TFCN2502E3341_006767-T1, TFCN2502E3341_002765-T1	DBVPG3775_000790-T1, DBVPG3775_005506-T1
GF00000399	TFCN2502E3341_001289-T1, TFCN2502E3341_014008-T1, TFCN2502E3341_014831-T1, TFCN2502E3341_014835-T1, TFCN2502E3341_014752-T1	DBVPG3775_005499-T1
GF00000400	TFCN2502E3341_001296-T1, TFCN2502E3341_009465-T1, TFCN2502E3341_004407-T1, TFCN2502E3341_013051-T1	DBVPG3775_001116-T1, DBVPG3775_005491-T1
GF00000401	TFCN2502E3341_001304-T1, TFCN2502E3341_009473-T1, TFCN2502E3341_006724-T1, TFCN2502E3341_010443-T1	DBVPG3775_003968-T1, DBVPG3775_005483-T1
GF00000402	TFCN2502E3341_001309-T1, TFCN2502E3341_009478-T1, TFCN2502E3341_014741-T1, TFCN2502E3341_001800-T1	DBVPG3775_005478-T1, DBVPG3775_006976-T1
GF00000403	TFCN2502E3341_001312-T1, TFCN2502E3341_009481-T1, TFCN2502E3341_010357-T1, TFCN2502E3341_012890-T1	DBVPG3775_005475-T1, DBVPG3775_006362-T1
GF00000404	TFCN2502E3341_001331-T1, TFCN2502E3341_014294-T1, TFCN2502E3341_008530-T1, TFCN2502E3341_012239-T1	DBVPG3775_005457-T1, DBVPG3775_005945-T1
GF00000405	TFCN2502E3341_001338-T1, TFCN2502E3341_014289-T1, TFCN2502E3341_009837-T1, TFCN2502E3341_014450-T1	DBVPG3775_000543-T1, DBVPG3775_005258-T1
GF00000406	TFCN2502E3341_001370-T1, TFCN2502E3341_007278-T1, TFCN2502E3341_013940-T1, TFCN2502E3341_003161-T1	DBVPG3775_000692-T1, DBVPG3775_005289-T1
GF00000407	TFCN2502E3341_001391-T1, TFCN2502E3341_009066-T1, TFCN2502E3341_010070-T1, TFCN2502E3341_013495-T1	DBVPG3775_005310-T1, DBVPG3775_005959-T1
GF00000408	TFCN2502E3341_001394-T1, TFCN2502E3341_009063-T1, TFCN2502E3341_004555-T1, TFCN2502E3341_002574-T1	DBVPG3775_002296-T1, DBVPG3775_005313-T1
GF00000409	TFCN2502E3341_001399-T1, TFCN2502E3341_009059-T1, TFCN2502E3341_006647-T1, TFCN2502E3341_008602-T1	DBVPG3775_005317-T1, DBVPG3775_006786-T1
GF00000410	TFCN2502E3341_010101-T1, TFCN2502E3341_012574-T1, TFCN2502E3341_014297-T1, TFCN2502E3341_013202-T1	DBVPG3775_000500-T1, DBVPG3775_006667-T1
GF00000411	TFCN2502E3341_001465-T1, TFCN2502E3341_014571-T1, TFCN2502E3341_007638-T1, TFCN2502E3341_011883-T1	DBVPG3775_000092-T1, DBVPG3775_003612-T1
GF00000412	TFCN2502E3341_013827-T1, TFCN2502E3341_013923-T1, TFCN2502E3341_007011-T1, TFCN2502E3341_009256-T1	DBVPG3775_003523-T1, DBVPG3775_006548-T1
GF00000413	TFCN2502E3341_001509-T1, TFCN2502E3341_013443-T1, TFCN2502E3341_001510-T1, TFCN2502E3341_013442-T1	DBVPG3775_000733-T1, DBVPG3775_000735-T1
GF00000414	TFCN2502E3341_001530-T1, TFCN2502E3341_006362-T1, TFCN2502E3341_011161-T1, TFCN2502E3341_007675-T1	DBVPG3775_000858-T1, DBVPG3775_007207-T1
GF00000415	TFCN2502E3341_001548-T1, TFCN2502E3341_006380-T1, TFCN2502E3341_010629-T1, TFCN2502E3341_013360-T1	DBVPG3775_000698-T1, DBVPG3775_000876-T1
GF00000416	TFCN2502E3341_001550-T1, TFCN2502E3341_006382-T1, TFCN2502E3341_010660-T1, TFCN2502E3341_002987-T1	DBVPG3775_000878-T1, DBVPG3775_001640-T1
GF00000417	TFCN2502E3341_001553-T1, TFCN2502E3341_006385-T1, TFCN2502E3341_003262-T1, TFCN2502E3341_001714-T1	DBVPG3775_000881-T1, DBVPG3775_004888-T1
GF00000418	TFCN2502E3341_001563-T1, TFCN2502E3341_005915-T1, TFCN2502E3341_003177-T1, TFCN2502E3341_009670-T1	DBVPG3775_000675-T1, DBVPG3775_000891-T1
GF00000419	TFCN2502E3341_001571-T1, TFCN2502E3341_005907-T1, TFCN2502E3341_001660-T1, TFCN2502E3341_003342-T1	DBVPG3775_000899-T1, DBVPG3775_007395-T1
GF00000420	TFCN2502E3341_001572-T1, TFCN2502E3341_005906-T1, TFCN2502E3341_002401-T1, TFCN2502E3341_006282-T1	DBVPG3775_000900-T1, DBVPG3775_007269-T1
GF00000421	TFCN2502E3341_001602-T1, TFCN2502E3341_005880-T1, TFCN2502E3341_002491-T1, TFCN2502E3341_009208-T1	DBVPG3775_000913-T1, DBVPG3775_002216-T1
GF00000422	TFCN2502E3341_001603-T1, TFCN2502E3341_005879-T1, TFCN2502E3341_010622-T1, TFCN2502E3341_003612-T1	DBVPG3775_000912-T1, DBVPG3775_003688-T1
GF00000423	TFCN2502E3341_001628-T1, TFCN2502E3341_005855-T1, TFCN2502E3341_013389-T1, TFCN2502E3341_004393-T1	DBVPG3775_000953-T1, DBVPG3775_001130-T1
GF00000424	TFCN2502E3341_001631-T1, TFCN2502E3341_005852-T1, TFCN2502E3341_006828-T1, TFCN2502E3341_011640-T1	DBVPG3775_000957-T1, DBVPG3775_003407-T1
GF00000425	TFCN2502E3341_001634-T1, TFCN2502E3341_005849-T1, TFCN2502E3341_007624-T1, TFCN2502E3341_009940-T1	DBVPG3775_000105-T1, DBVPG3775_000960-T1
GF00000426	TFCN2502E3341_006926-T1, TFCN2502E3341_012388-T1, TFCN2502E3341_005677-T1, TFCN2502E3341_012499-T1	DBVPG3775_005034-T1, DBVPG3775_006972-T1
GF00000427	TFCN2502E3341_001639-T1, TFCN2502E3341_008739-T1, TFCN2502E3341_011971-T1, TFCN2502E3341_010872-T1	DBVPG3775_000965-T1, DBVPG3775_004741-T1
GF00000428	TFCN2502E3341_001646-T1, TFCN2502E3341_003326-T1, TFCN2502E3341_008680-T1, TFCN2502E3341_014417-T1	DBVPG3775_003855-T1, DBVPG3775_007410-T1
GF00000429	TFCN2502E3341_001653-T1, TFCN2502E3341_003334-T1, TFCN2502E3341_006436-T1, TFCN2502E3341_004352-T1	DBVPG3775_001172-T1, DBVPG3775_007402-T1
GF00000430	TFCN2502E3341_001655-T1, TFCN2502E3341_003336-T1, TFCN2502E3341_009681-T1, TFCN2502E3341_003207-T1	DBVPG3775_000647-T1, DBVPG3775_007400-T1
GF00000431	TFCN2502E3341_001657-T1, TFCN2502E3341_003338-T1, TFCN2502E3341_010126-T1, TFCN2502E3341_003720-T1	DBVPG3775_006400-T1, DBVPG3775_007398-T1
GF00000432	TFCN2502E3341_001671-T1, TFCN2502E3341_003310-T1, TFCN2502E3341_004526-T1, TFCN2502E3341_002544-T1	DBVPG3775_002266-T1, DBVPG3775_004935-T1
GF00000433	TFCN2502E3341_001673-T1, TFCN2502E3341_003307-T1, TFCN2502E3341_003306-T1, TFCN2502E3341_001674-T1	DBVPG3775_004931-T1, DBVPG3775_004932-T1
GF00000434	TFCN2502E3341_001692-T1, TFCN2502E3341_003288-T1, TFCN2502E3341_009073-T1, TFCN2502E3341_006037-T1	DBVPG3775_000282-T1, DBVPG3775_004913-T1
GF00000435	TFCN2502E3341_001715-T1, TFCN2502E3341_003261-T1, TFCN2502E3341_006704-T1, TFCN2502E3341_010423-T1	DBVPG3775_003949-T1, DBVPG3775_004887-T1
GF00000436	TFCN2502E3341_001730-T1, TFCN2502E3341_011375-T1, TFCN2502E3341_011666-T1, TFCN2502E3341_011279-T1	DBVPG3775_004872-T1, DBVPG3775_007371-T1
GF00000437	TFCN2502E3341_001734-T1, TFCN2502E3341_011370-T1, TFCN2502E3341_003470-T1, TFCN2502E3341_003547-T1	DBVPG3775_003755-T1, DBVPG3775_004868-T1
GF00000438	TFCN2502E3341_001822-T1, TFCN2502E3341_011301-T1, TFCN2502E3341_013357-T1, TFCN2502E3341_010632-T1	DBVPG3775_000701-T1, DBVPG3775_006998-T1
GF00000439	TFCN2502E3341_001832-T1, TFCN2502E3341_013339-T1, TFCN2502E3341_010219-T1, TFCN2502E3341_002868-T1	DBVPG3775_006331-T1, DBVPG3775_007008-T1
GF00000440	TFCN2502E3341_001842-T1, TFCN2502E3341_014527-T1, TFCN2502E3341_005670-T1, TFCN2502E3341_012492-T1	DBVPG3775_006965-T1, DBVPG3775_007514-T1
GF00000441	TFCN2502E3341_001846-T1, TFCN2502E3341_013995-T1, TFCN2502E3341_005224-T1, TFCN2502E3341_011957-T1	DBVPG3775_004756-T1, DBVPG3775_007546-T1
GF00000442	TFCN2502E3341_001885-T1, TFCN2502E3341_007948-T1, TFCN2502E3341_009282-T1, TFCN2502E3341_014226-T1	DBVPG3775_001602-T1, DBVPG3775_006103-T1
GF00000443	TFCN2502E3341_001896-T1, TFCN2502E3341_007937-T1, TFCN2502E3341_006992-T1, TFCN2502E3341_007716-T1	DBVPG3775_001591-T1, DBVPG3775_005869-T1
GF00000444	TFCN2502E3341_001927-T1, TFCN2502E3341_008068-T1, TFCN2502E3341_013208-T1, TFCN2502E3341_014129-T1	DBVPG3775_000508-T1, DBVPG3775_001556-T1
GF00000445	TFCN2502E3341_001929-T1, TFCN2502E3341_008066-T1, TFCN2502E3341_014623-T1, TFCN2502E3341_009551-T1	DBVPG3775_001554-T1, DBVPG3775_001872-T1
GF00000446	TFCN2502E3341_001953-T1, TFCN2502E3341_008041-T1, TFCN2502E3341_004722-T1, TFCN2502E3341_006229-T1	DBVPG3775_001529-T1, DBVPG3775_003322-T1
GF00000447	TFCN2502E3341_001964-T1, TFCN2502E3341_002701-T1, TFCN2502E3341_007702-T1, TFCN2502E3341_013933-T1	DBVPG3775_005674-T1, DBVPG3775_005855-T1
GF00000448	TFCN2502E3341_009339-T1, TFCN2502E3341_007374-T1, TFCN2502E3341_007369-T1, TFCN2502E3341_009334-T1	DBVPG3775_004387-T1, DBVPG3775_004392-T1
GF00000449	TFCN2502E3341_012801-T1, TFCN2502E3341_009768-T1, TFCN2502E3341_009769-T1, TFCN2502E3341_012802-T1	DBVPG3775_006008-T1, DBVPG3775_006009-T1
GF00000450	TFCN2502E3341_001990-T1, TFCN2502E3341_002669-T1, TFCN2502E3341_005595-T1, TFCN2502E3341_011926-T1	DBVPG3775_005703-T1, DBVPG3775_006821-T1
GF00000451	TFCN2502E3341_002000-T1, TFCN2502E3341_002657-T1, TFCN2502E3341_002291-T1, TFCN2502E3341_012916-T1	DBVPG3775_004566-T1, DBVPG3775_005717-T1
GF00000452	TFCN2502E3341_002003-T1, TFCN2502E3341_002654-T1, TFCN2502E3341_002653-T1, TFCN2502E3341_002004-T1	DBVPG3775_005720-T1, DBVPG3775_005721-T1
GF00000453	TFCN2502E3341_006062-T1, TFCN2502E3341_009098-T1, TFCN2502E3341_004696-T1, TFCN2502E3341_013091-T1	DBVPG3775_000257-T1, DBVPG3775_003297-T1
GF00000454	TFCN2502E3341_002022-T1, TFCN2502E3341_002635-T1, TFCN2502E3341_004955-T1, TFCN2502E3341_014441-T1	DBVPG3775_001747-T1, DBVPG3775_004469-T1
GF00000455	TFCN2502E3341_002028-T1, TFCN2502E3341_002629-T1, TFCN2502E3341_007651-T1, TFCN2502E3341_008812-T1	DBVPG3775_000079-T1, DBVPG3775_004462-T1
GF00000456	TFCN2502E3341_002044-T1, TFCN2502E3341_002614-T1, TFCN2502E3341_007893-T1, TFCN2502E3341_003919-T1	DBVPG3775_001796-T1, DBVPG3775_004449-T1
GF00000457	TFCN2502E3341_002064-T1, TFCN2502E3341_007405-T1, TFCN2502E3341_002065-T1, TFCN2502E3341_007404-T1	DBVPG3775_004422-T1, DBVPG3775_004423-T1
GF00000458	TFCN2502E3341_002081-T1, TFCN2502E3341_003795-T1, TFCN2502E3341_005526-T1, TFCN2502E3341_005977-T1	DBVPG3775_001964-T1, DBVPG3775_002111-T1
GF00000459	TFCN2502E3341_002088-T1, TFCN2502E3341_003788-T1, TFCN2502E3341_011945-T1, TFCN2502E3341_014466-T1	DBVPG3775_001972-T1, DBVPG3775_002881-T1
GF00000460	TFCN2502E3341_002112-T1, TFCN2502E3341_013182-T1, TFCN2502E3341_010870-T1, TFCN2502E3341_011973-T1	DBVPG3775_001995-T1, DBVPG3775_004739-T1
GF00000461	TFCN2502E3341_002141-T1, TFCN2502E3341_010239-T1, TFCN2502E3341_007649-T1, TFCN2502E3341_011872-T1	DBVPG3775_000081-T1, DBVPG3775_002024-T1
GF00000462	TFCN2502E3341_002148-T1, TFCN2502E3341_010245-T1, TFCN2502E3341_012620-T1, TFCN2502E3341_013765-T1	DBVPG3775_002031-T1, DBVPG3775_006655-T1
GF00000463	TFCN2502E3341_013577-T1, TFCN2502E3341_005958-T1, TFCN2502E3341_005960-T1, TFCN2502E3341_013575-T1	DBVPG3775_000025-T1, DBVPG3775_000027-T1
GF00000464	TFCN2502E3341_002152-T1, TFCN2502E3341_010250-T1, TFCN2502E3341_010125-T1, TFCN2502E3341_003719-T1	DBVPG3775_002035-T1, DBVPG3775_006399-T1
GF00000465	TFCN2502E3341_004886-T1, TFCN2502E3341_006205-T1, TFCN2502E3341_003355-T1, TFCN2502E3341_008164-T1	DBVPG3775_002798-T1, DBVPG3775_007520-T1
GF00000466	TFCN2502E3341_002211-T1, TFCN2502E3341_004103-T1, TFCN2502E3341_013426-T1, TFCN2502E3341_005941-T1	DBVPG3775_000008-T1, DBVPG3775_000155-T1
GF00000467	TFCN2502E3341_008007-T1, TFCN2502E3341_005107-T1, TFCN2502E3341_013226-T1, TFCN2502E3341_005152-T1	DBVPG3775_000351-T1, DBVPG3775_000395-T1
GF00000468	TFCN2502E3341_002258-T1, TFCN2502E3341_004060-T1, TFCN2502E3341_010398-T1, TFCN2502E3341_010888-T1	DBVPG3775_000202-T1, DBVPG3775_005531-T1
GF00000469	TFCN2502E3341_002263-T1, TFCN2502E3341_004054-T1, TFCN2502E3341_005157-T1, TFCN2502E3341_008983-T1	DBVPG3775_000207-T1, DBVPG3775_000346-T1
GF00000470	TFCN2502E3341_008577-T1, TFCN2502E3341_003017-T1, TFCN2502E3341_013112-T1, TFCN2502E3341_006669-T1	DBVPG3775_001673-T1, DBVPG3775_006809-T1
GF00000471	TFCN2502E3341_008953-T1, TFCN2502E3341_009171-T1, TFCN2502E3341_010630-T1, TFCN2502E3341_013359-T1	DBVPG3775_000315-T1, DBVPG3775_000699-T1
GF00000472	TFCN2502E3341_002300-T1, TFCN2502E3341_012909-T1, TFCN2502E3341_014485-T1, TFCN2502E3341_009844-T1	DBVPG3775_000535-T1, DBVPG3775_004558-T1
GF00000473	TFCN2502E3341_002322-T1, TFCN2502E3341_004246-T1, TFCN2502E3341_010512-T1, TFCN2502E3341_009378-T1	DBVPG3775_004536-T1, DBVPG3775_006555-T1
GF00000474	TFCN2502E3341_002345-T1, TFCN2502E3341_004223-T1, TFCN2502E3341_010513-T1, TFCN2502E3341_009377-T1	DBVPG3775_004513-T1, DBVPG3775_006556-T1
GF00000475	TFCN2502E3341_002346-T1, TFCN2502E3341_004222-T1, TFCN2502E3341_007068-T1, TFCN2502E3341_010798-T1	DBVPG3775_002557-T1, DBVPG3775_004512-T1
GF00000476	TFCN2502E3341_002376-T1, TFCN2502E3341_004196-T1, TFCN2502E3341_005364-T1, TFCN2502E3341_005814-T1	DBVPG3775_003197-T1, DBVPG3775_004482-T1
GF00000477	TFCN2502E3341_002487-T1, TFCN2502E3341_009212-T1, TFCN2502E3341_005424-T1, TFCN2502E3341_003517-T1	DBVPG3775_002212-T1, DBVPG3775_003800-T1
GF00000478	TFCN2502E3341_002513-T1, TFCN2502E3341_004498-T1, TFCN2502E3341_012018-T1, TFCN2502E3341_003979-T1	DBVPG3775_000451-T1, DBVPG3775_002236-T1
GF00000479	TFCN2502E3341_002517-T1, TFCN2502E3341_004501-T1, TFCN2502E3341_013932-T1, TFCN2502E3341_007703-T1	DBVPG3775_002240-T1, DBVPG3775_005856-T1
GF00000480	TFCN2502E3341_002579-T1, TFCN2502E3341_004559-T1, TFCN2502E3341_002580-T1, TFCN2502E3341_004562-T1	DBVPG3775_002301-T1, DBVPG3775_007593-T1
GF00000481	TFCN2502E3341_002587-T1, TFCN2502E3341_004569-T1, TFCN2502E3341_004816-T1, TFCN2502E3341_009518-T1	DBVPG3775_002308-T1, DBVPG3775_002947-T1
GF00000482	TFCN2502E3341_002595-T1, TFCN2502E3341_004577-T1, TFCN2502E3341_008928-T1, TFCN2502E3341_005203-T1	DBVPG3775_002316-T1, DBVPG3775_004784-T1
GF00000483	TFCN2502E3341_004322-T1, TFCN2502E3341_003080-T1, TFCN2502E3341_009528-T1, TFCN2502E3341_004826-T1	DBVPG3775_002530-T1, DBVPG3775_002937-T1
GF00000484	TFCN2502E3341_002744-T1, TFCN2502E3341_002747-T1, TFCN2502E3341_006790-T1, TFCN2502E3341_006791-T1	DBVPG3775_000808-T1, DBVPG3775_000811-T1
GF00000485	TFCN2502E3341_002754-T1, TFCN2502E3341_006779-T1, TFCN2502E3341_003380-T1, TFCN2502E3341_010901-T1	DBVPG3775_000801-T1, DBVPG3775_002822-T1
GF00000486	TFCN2502E3341_002777-T1, TFCN2502E3341_006753-T1, TFCN2502E3341_003095-T1, TFCN2502E3341_004305-T1	DBVPG3775_000778-T1, DBVPG3775_002516-T1
GF00000487	TFCN2502E3341_002780-T1, TFCN2502E3341_006748-T1, TFCN2502E3341_013857-T1, TFCN2502E3341_002790-T1	DBVPG3775_000763-T1, DBVPG3775_000774-T1
GF00000488	TFCN2502E3341_002782-T1, TFCN2502E3341_014048-T1, TFCN2502E3341_013502-T1, TFCN2502E3341_010076-T1	DBVPG3775_000772-T1, DBVPG3775_005952-T1
GF00000489	TFCN2502E3341_003497-T1, TFCN2502E3341_005444-T1, TFCN2502E3341_003499-T1, TFCN2502E3341_005442-T1, TFCN2502E3341_005443-T1	DBVPG3775_003782-T1
GF00000490	TFCN2502E3341_002799-T1, TFCN2502E3341_013847-T1, TFCN2502E3341_009633-T1, TFCN2502E3341_008107-T1	DBVPG3775_000754-T1, DBVPG3775_004968-T1
GF00000491	TFCN2502E3341_009138-T1, TFCN2502E3341_008832-T1, TFCN2502E3341_008833-T1, TFCN2502E3341_009137-T1	DBVPG3775_002621-T1, DBVPG3775_002623-T1
GF00000492	TFCN2502E3341_002822-T1, TFCN2502E3341_005400-T1, TFCN2502E3341_011714-T1, TFCN2502E3341_013565-T1	DBVPG3775_002190-T1, DBVPG3775_006283-T1
GF00000493	TFCN2502E3341_002879-T1, TFCN2502E3341_010207-T1, TFCN2502E3341_014318-T1, TFCN2502E3341_008258-T1	DBVPG3775_002145-T1, DBVPG3775_003832-T1
GF00000494	TFCN2502E3341_002911-T1, TFCN2502E3341_008818-T1, TFCN2502E3341_009869-T1, TFCN2502E3341_013155-T1	DBVPG3775_002637-T1, DBVPG3775_007099-T1
GF00000495	TFCN2502E3341_007457-T1, TFCN2502E3341_011068-T1, TFCN2502E3341_007117-T1, TFCN2502E3341_011450-T1	DBVPG3775_004833-T1, DBVPG3775_007364-T1
GF00000496	TFCN2502E3341_002939-T1, TFCN2502E3341_011122-T1, TFCN2502E3341_003643-T1, TFCN2502E3341_006963-T1	DBVPG3775_002665-T1, DBVPG3775_004998-T1
GF00000497	TFCN2502E3341_002946-T1, TFCN2502E3341_011129-T1, TFCN2502E3341_009550-T1, TFCN2502E3341_012299-T1	DBVPG3775_001873-T1, DBVPG3775_002672-T1
GF00000498	TFCN2502E3341_002965-T1, TFCN2502E3341_010698-T1, TFCN2502E3341_011328-T1, TFCN2502E3341_008877-T1	DBVPG3775_001470-T1, DBVPG3775_002690-T1
GF00000499	TFCN2502E3341_003004-T1, TFCN2502E3341_010678-T1, TFCN2502E3341_014111-T1, TFCN2502E3341_007385-T1	DBVPG3775_001657-T1, DBVPG3775_004403-T1
GF00000500	TFCN2502E3341_009754-T1, TFCN2502E3341_012790-T1, TFCN2502E3341_006825-T1, TFCN2502E3341_011643-T1	DBVPG3775_003404-T1, DBVPG3775_006021-T1
GF00000501	TFCN2502E3341_003019-T1, TFCN2502E3341_013110-T1, TFCN2502E3341_007659-T1, TFCN2502E3341_008804-T1	DBVPG3775_000071-T1, DBVPG3775_001675-T1
GF00000502	TFCN2502E3341_003029-T1, TFCN2502E3341_005010-T1, TFCN2502E3341_003035-T1, TFCN2502E3341_005012-T1	DBVPG3775_001688-T1, DBVPG3775_001690-T1
GF00000503	TFCN2502E3341_003032-T1, TFCN2502E3341_005008-T1, TFCN2502E3341_005009-T1, TFCN2502E3341_003033-T1	DBVPG3775_001691-T1, DBVPG3775_001692-T1
GF00000504	TFCN2502E3341_003040-T1, TFCN2502E3341_005002-T1, TFCN2502E3341_013377-T1, TFCN2502E3341_004406-T1	DBVPG3775_001117-T1, DBVPG3775_001698-T1
GF00000505	TFCN2502E3341_003046-T1, TFCN2502E3341_004995-T1, TFCN2502E3341_003047-T1, TFCN2502E3341_003048-T1	DBVPG3775_001705-T1, DBVPG3775_001706-T1
GF00000506	TFCN2502E3341_003069-T1, TFCN2502E3341_004973-T1, TFCN2502E3341_004351-T1, TFCN2502E3341_006437-T1	DBVPG3775_001173-T1, DBVPG3775_001728-T1
GF00000507	TFCN2502E3341_003107-T1, TFCN2502E3341_004294-T1, TFCN2502E3341_003108-T1, TFCN2502E3341_004293-T1, TFCN2502E3341_004292-T1	DBVPG3775_002504-T1
GF00000508	TFCN2502E3341_003119-T1, TFCN2502E3341_004279-T1, TFCN2502E3341_014453-T1, TFCN2502E3341_009834-T1	DBVPG3775_000546-T1, DBVPG3775_002491-T1
GF00000509	TFCN2502E3341_003124-T1, TFCN2502E3341_004274-T1, TFCN2502E3341_008725-T1, TFCN2502E3341_013800-T1	DBVPG3775_002486-T1, DBVPG3775_005792-T1
GF00000510	TFCN2502E3341_003126-T1, TFCN2502E3341_004272-T1, TFCN2502E3341_003409-T1, TFCN2502E3341_010149-T1	DBVPG3775_002484-T1, DBVPG3775_002851-T1
GF00000511	TFCN2502E3341_003153-T1, TFCN2502E3341_009387-T1, TFCN2502E3341_012999-T1, TFCN2502E3341_006504-T1	DBVPG3775_002458-T1, DBVPG3775_006212-T1
GF00000512	TFCN2502E3341_014738-T1, TFCN2502E3341_003160-T1, TFCN2502E3341_014669-T1, TFCN2502E3341_012399-T1	DBVPG3775_000693-T1, DBVPG3775_007329-T1
GF00000513	TFCN2502E3341_003185-T1, TFCN2502E3341_009663-T1, TFCN2502E3341_008843-T1, TFCN2502E3341_009126-T1	DBVPG3775_000668-T1, DBVPG3775_002610-T1
GF00000514	TFCN2502E3341_003201-T1, TFCN2502E3341_009674-T1, TFCN2502E3341_011661-T1, TFCN2502E3341_011284-T1	DBVPG3775_000653-T1, DBVPG3775_007376-T1
GF00000515	TFCN2502E3341_003205-T1, TFCN2502E3341_003210-T1, TFCN2502E3341_009678-T1, TFCN2502E3341_009752-T1	DBVPG3775_000644-T1, DBVPG3775_000649-T1
GF00000516	TFCN2502E3341_003368-T1, TFCN2502E3341_008154-T1, TFCN2502E3341_014515-T1, TFCN2502E3341_014592-T1	DBVPG3775_002811-T1, DBVPG3775_007093-T1
GF00000517	TFCN2502E3341_003379-T1, TFCN2502E3341_008143-T1, TFCN2502E3341_008269-T1, TFCN2502E3341_010315-T1	DBVPG3775_002156-T1, DBVPG3775_002821-T1
GF00000518	TFCN2502E3341_003439-T1, TFCN2502E3341_003577-T1, TFCN2502E3341_011283-T1, TFCN2502E3341_011662-T1	DBVPG3775_003725-T1, DBVPG3775_007375-T1
GF00000519	TFCN2502E3341_003585-T1, TFCN2502E3341_010594-T1, TFCN2502E3341_014041-T1, TFCN2502E3341_013015-T1	DBVPG3775_003717-T1, DBVPG3775_005970-T1
GF00000520	TFCN2502E3341_003594-T1, TFCN2502E3341_010603-T1, TFCN2502E3341_010321-T1, TFCN2502E3341_008275-T1	DBVPG3775_002162-T1, DBVPG3775_003708-T1
GF00000521	TFCN2502E3341_003664-T1, TFCN2502E3341_011143-T1, TFCN2502E3341_011615-T1, TFCN2502E3341_012374-T1	DBVPG3775_002716-T1, DBVPG3775_007224-T1
GF00000522	TFCN2502E3341_003821-T1, TFCN2502E3341_004793-T1, TFCN2502E3341_008955-T1, TFCN2502E3341_009169-T1	DBVPG3775_000317-T1, DBVPG3775_001936-T1
GF00000523	TFCN2502E3341_003881-T1, TFCN2502E3341_009576-T1, TFCN2502E3341_009967-T1, TFCN2502E3341_007309-T1	DBVPG3775_001845-T1, DBVPG3775_004602-T1
GF00000524	TFCN2502E3341_003898-T1, TFCN2502E3341_012875-T1, TFCN2502E3341_012874-T1, TFCN2502E3341_003899-T1	DBVPG3775_001817-T1, DBVPG3775_001818-T1
GF00000525	TFCN2502E3341_003900-T1, TFCN2502E3341_012873-T1, TFCN2502E3341_006106-T1, TFCN2502E3341_010975-T1	DBVPG3775_001816-T1, DBVPG3775_006264-T1
GF00000526	TFCN2502E3341_003903-T1, TFCN2502E3341_012869-T1, TFCN2502E3341_004141-T1, TFCN2502E3341_011996-T1	DBVPG3775_001813-T1, DBVPG3775_003910-T1
GF00000527	TFCN2502E3341_003912-T1, TFCN2502E3341_007885-T1, TFCN2502E3341_007112-T1, TFCN2502E3341_011445-T1	DBVPG3775_001804-T1, DBVPG3775_007359-T1
GF00000528	TFCN2502E3341_003915-T1, TFCN2502E3341_007889-T1, TFCN2502E3341_010445-T1, TFCN2502E3341_006726-T1	DBVPG3775_001801-T1, DBVPG3775_003970-T1
GF00000529	TFCN2502E3341_003930-T1, TFCN2502E3341_007906-T1, TFCN2502E3341_010555-T1, TFCN2502E3341_008514-T1	DBVPG3775_001783-T1, DBVPG3775_005820-T1
GF00000530	TFCN2502E3341_004829-T1, TFCN2502E3341_009531-T1, TFCN2502E3341_010324-T1, TFCN2502E3341_008279-T1	DBVPG3775_002165-T1, DBVPG3775_002934-T1
GF00000531	TFCN2502E3341_003998-T1, TFCN2502E3341_011521-T1, TFCN2502E3341_011834-T1, TFCN2502E3341_014005-T1	DBVPG3775_000432-T1, DBVPG3775_007418-T1
GF00000532	TFCN2502E3341_004122-T1, TFCN2502E3341_011977-T1, TFCN2502E3341_010938-T1, TFCN2502E3341_009053-T1	DBVPG3775_003928-T1, DBVPG3775_005323-T1
GF00000533	TFCN2502E3341_004142-T1, TFCN2502E3341_011997-T1, TFCN2502E3341_009714-T1, TFCN2502E3341_010573-T1	DBVPG3775_003909-T1, DBVPG3775_005759-T1
GF00000534	TFCN2502E3341_004173-T1, TFCN2502E3341_008658-T1, TFCN2502E3341_010762-T1, TFCN2502E3341_011897-T1	DBVPG3775_003878-T1, DBVPG3775_006523-T1
GF00000535	TFCN2502E3341_004188-T1, TFCN2502E3341_008672-T1, TFCN2502E3341_005102-T1, TFCN2502E3341_008010-T1	DBVPG3775_000400-T1, DBVPG3775_003863-T1
GF00000536	TFCN2502E3341_008540-T1, TFCN2502E3341_012252-T1, TFCN2502E3341_006506-T1, TFCN2502E3341_013001-T1	DBVPG3775_005932-T1, DBVPG3775_006214-T1
GF00000537	TFCN2502E3341_004355-T1, TFCN2502E3341_006433-T1, TFCN2502E3341_004715-T1, TFCN2502E3341_006222-T1	DBVPG3775_001169-T1, DBVPG3775_003315-T1
GF00000538	TFCN2502E3341_004404-T1, TFCN2502E3341_013379-T1, TFCN2502E3341_007695-T1, TFCN2502E3341_008486-T1	DBVPG3775_001119-T1, DBVPG3775_005847-T1
GF00000539	TFCN2502E3341_013012-T1, TFCN2502E3341_014044-T1, TFCN2502E3341_005218-T1, TFCN2502E3341_011950-T1	DBVPG3775_004763-T1, DBVPG3775_005967-T1
GF00000540	TFCN2502E3341_004469-T1, TFCN2502E3341_013649-T1, TFCN2502E3341_013650-T1, TFCN2502E3341_004470-T1	DBVPG3775_006176-T1, DBVPG3775_006177-T1
GF00000541	TFCN2502E3341_012693-T1, TFCN2502E3341_007849-T1, TFCN2502E3341_007615-T1, TFCN2502E3341_009931-T1	DBVPG3775_000114-T1, DBVPG3775_005897-T1
GF00000542	TFCN2502E3341_006051-T1, TFCN2502E3341_009087-T1, TFCN2502E3341_010452-T1, TFCN2502E3341_006247-T1	DBVPG3775_000268-T1, DBVPG3775_003340-T1
GF00000543	TFCN2502E3341_004705-T1, TFCN2502E3341_013099-T1, TFCN2502E3341_014185-T1, TFCN2502E3341_013904-T1	DBVPG3775_003257-T1, DBVPG3775_003305-T1
GF00000544	TFCN2502E3341_004712-T1, TFCN2502E3341_006220-T1, TFCN2502E3341_009787-T1, TFCN2502E3341_011097-T1	DBVPG3775_003312-T1, DBVPG3775_005990-T1
GF00000545	TFCN2502E3341_004721-T1, TFCN2502E3341_006228-T1, TFCN2502E3341_006817-T1, TFCN2502E3341_013811-T1	DBVPG3775_003321-T1, DBVPG3775_003396-T1
GF00000546	TFCN2502E3341_004738-T1, TFCN2502E3341_006633-T1, TFCN2502E3341_004739-T1	DBVPG3775_006735-T1, DBVPG3775_006736-T1, DBVPG3775_006737-T1
GF00000547	TFCN2502E3341_004740-T1, TFCN2502E3341_006634-T1, TFCN2502E3341_004954-T1, TFCN2502E3341_014440-T1	DBVPG3775_001748-T1, DBVPG3775_006738-T1
GF00000548	TFCN2502E3341_004833-T1, TFCN2502E3341_009534-T1, TFCN2502E3341_014460-T1, TFCN2502E3341_012395-T1	DBVPG3775_002930-T1, DBVPG3775_005041-T1
GF00000549	TFCN2502E3341_004857-T1, TFCN2502E3341_012596-T1, TFCN2502E3341_012595-T1, TFCN2502E3341_012597-T1, TFCN2502E3341_012598-T1	DBVPG3775_002907-T1
GF00000550	TFCN2502E3341_004883-T1, TFCN2502E3341_006208-T1, TFCN2502E3341_006207-T1, TFCN2502E3341_004884-T1	DBVPG3775_007518-T1, DBVPG3775_007554-T1
GF00000551	TFCN2502E3341_007665-T1, TFCN2502E3341_008798-T1, TFCN2502E3341_006170-T1, TFCN2502E3341_010002-T1	DBVPG3775_000065-T1, DBVPG3775_004646-T1
GF00000552	TFCN2502E3341_004925-T1, TFCN2502E3341_007345-T1, TFCN2502E3341_011343-T1, TFCN2502E3341_008862-T1	DBVPG3775_001454-T1, DBVPG3775_006617-T1
GF00000553	TFCN2502E3341_004949-T1, TFCN2502E3341_006730-T1, TFCN2502E3341_006995-T1, TFCN2502E3341_014406-T1	DBVPG3775_005873-T1, DBVPG3775_006642-T1
GF00000554	TFCN2502E3341_004951-T1, TFCN2502E3341_007925-T1, TFCN2502E3341_007924-T1	DBVPG3775_001751-T1, DBVPG3775_001764-T1, DBVPG3775_001765-T1
GF00000555	TFCN2502E3341_007836-T1, TFCN2502E3341_006463-T1, TFCN2502E3341_009144-T1, TFCN2502E3341_008980-T1	DBVPG3775_000343-T1, DBVPG3775_005884-T1
GF00000556	TFCN2502E3341_005046-T1, TFCN2502E3341_005263-T1, TFCN2502E3341_009323-T1, TFCN2502E3341_007359-T1	DBVPG3775_002994-T1, DBVPG3775_004377-T1
GF00000557	TFCN2502E3341_005057-T1, TFCN2502E3341_005252-T1, TFCN2502E3341_010993-T1, TFCN2502E3341_009296-T1	DBVPG3775_003005-T1, DBVPG3775_006121-T1
GF00000558	TFCN2502E3341_005060-T1, TFCN2502E3341_005249-T1, TFCN2502E3341_014777-T1, TFCN2502E3341_006729-T1	DBVPG3775_003008-T1, DBVPG3775_007577-T1
GF00000559	TFCN2502E3341_005069-T1, TFCN2502E3341_005240-T1, TFCN2502E3341_006592-T1, TFCN2502E3341_010302-T1	DBVPG3775_003018-T1, DBVPG3775_006693-T1
GF00000560	TFCN2502E3341_005074-T1, TFCN2502E3341_005235-T1, TFCN2502E3341_010438-T1, TFCN2502E3341_006720-T1	DBVPG3775_003023-T1, DBVPG3775_003964-T1
GF00000561	TFCN2502E3341_005088-T1, TFCN2502E3341_008025-T1, TFCN2502E3341_005582-T1, TFCN2502E3341_006024-T1	DBVPG3775_000414-T1, DBVPG3775_002056-T1
GF00000562	TFCN2502E3341_005168-T1, TFCN2502E3341_008894-T1, TFCN2502E3341_008729-T1, TFCN2502E3341_013796-T1	DBVPG3775_004819-T1, DBVPG3775_005796-T1
GF00000563	TFCN2502E3341_006093-T1, TFCN2502E3341_010988-T1, TFCN2502E3341_005323-T1, TFCN2502E3341_013305-T1	DBVPG3775_003153-T1, DBVPG3775_006277-T1
GF00000564	TFCN2502E3341_008740-T1, TFCN2502E3341_007614-T1, TFCN2502E3341_008129-T1, TFCN2502E3341_013274-T1	DBVPG3775_000966-T1, DBVPG3775_003242-T1
GF00000565	TFCN2502E3341_005313-T1, TFCN2502E3341_013314-T1, TFCN2502E3341_005347-T1, TFCN2502E3341_005830-T1	DBVPG3775_003143-T1, DBVPG3775_003180-T1
GF00000566	TFCN2502E3341_005326-T1, TFCN2502E3341_013302-T1, TFCN2502E3341_009606-T1, TFCN2502E3341_012419-T1	DBVPG3775_003156-T1, DBVPG3775_007349-T1
GF00000567	TFCN2502E3341_005352-T1, TFCN2502E3341_005828-T1, TFCN2502E3341_011701-T1, TFCN2502E3341_013557-T1	DBVPG3775_002177-T1, DBVPG3775_003182-T1
GF00000568	TFCN2502E3341_005370-T1, TFCN2502E3341_005808-T1, TFCN2502E3341_013525-T1, TFCN2502E3341_013524-T1, TFCN2502E3341_013526-T1	DBVPG3775_003203-T1
GF00000569	TFCN2502E3341_005374-T1, TFCN2502E3341_005794-T1, TFCN2502E3341_005795-T1, TFCN2502E3341_013535-T1	DBVPG3775_003217-T1, DBVPG3775_003218-T1
GF00000570	TFCN2502E3341_005566-T1, TFCN2502E3341_006012-T1, TFCN2502E3341_008794-T1, TFCN2502E3341_012784-T1	DBVPG3775_000059-T1, DBVPG3775_002071-T1
GF00000571	TFCN2502E3341_005652-T1, TFCN2502E3341_012474-T1, TFCN2502E3341_011638-T1, TFCN2502E3341_006830-T1	DBVPG3775_003409-T1, DBVPG3775_006947-T1
GF00000572	TFCN2502E3341_005797-T1, TFCN2502E3341_013533-T1, TFCN2502E3341_005798-T1, TFCN2502E3341_013532-T1	DBVPG3775_003214-T1, DBVPG3775_003215-T1
GF00000573	TFCN2502E3341_005936-T1, TFCN2502E3341_013431-T1, TFCN2502E3341_011252-T1, TFCN2502E3341_011742-T1	DBVPG3775_000003-T1, DBVPG3775_002388-T1
GF00000574	TFCN2502E3341_005961-T1, TFCN2502E3341_013574-T1, TFCN2502E3341_012724-T1, TFCN2502E3341_008780-T1	DBVPG3775_000028-T1, DBVPG3775_000045-T1
GF00000575	TFCN2502E3341_006032-T1, TFCN2502E3341_009068-T1, TFCN2502E3341_010521-T1, TFCN2502E3341_009368-T1	DBVPG3775_000288-T1, DBVPG3775_006564-T1
GF00000576	TFCN2502E3341_006065-T1, TFCN2502E3341_009100-T1, TFCN2502E3341_006066-T1, TFCN2502E3341_009101-T1	DBVPG3775_000253-T1, DBVPG3775_000254-T1
GF00000577	TFCN2502E3341_006094-T1, TFCN2502E3341_010987-T1, TFCN2502E3341_006101-T1, TFCN2502E3341_010980-T1	DBVPG3775_006269-T1, DBVPG3775_006276-T1
GF00000578	TFCN2502E3341_006235-T1, TFCN2502E3341_010449-T1, TFCN2502E3341_006237-T1, TFCN2502E3341_010462-T1	DBVPG3775_003329-T1, DBVPG3775_003331-T1
GF00000579	TFCN2502E3341_006263-T1, TFCN2502E3341_010475-T1, TFCN2502E3341_010400-T1, TFCN2502E3341_010890-T1	DBVPG3775_003355-T1, DBVPG3775_005533-T1
GF00000580	TFCN2502E3341_006459-T1, TFCN2502E3341_007840-T1, TFCN2502E3341_012634-T1, TFCN2502E3341_012661-T1	DBVPG3775_002369-T1, DBVPG3775_005888-T1
GF00000581	TFCN2502E3341_006469-T1, TFCN2502E3341_007829-T1, TFCN2502E3341_006863-T1, TFCN2502E3341_012765-T1	DBVPG3775_003441-T1, DBVPG3775_005877-T1
GF00000582	TFCN2502E3341_006581-T1, TFCN2502E3341_010290-T1, TFCN2502E3341_011541-T1, TFCN2502E3341_010332-T1	DBVPG3775_002736-T1, DBVPG3775_003675-T1
GF00000583	TFCN2502E3341_006645-T1, TFCN2502E3341_008605-T1, TFCN2502E3341_007636-T1, TFCN2502E3341_011885-T1	DBVPG3775_000094-T1, DBVPG3775_006784-T1
GF00000584	TFCN2502E3341_006670-T1, TFCN2502E3341_008576-T1, TFCN2502E3341_006680-T1, TFCN2502E3341_013122-T1	DBVPG3775_006810-T1, DBVPG3775_007444-T1
GF00000585	TFCN2502E3341_006671-T1, TFCN2502E3341_008575-T1, TFCN2502E3341_006672-T1, TFCN2502E3341_008574-T1	DBVPG3775_006811-T1, DBVPG3775_006812-T1
GF00000586	TFCN2502E3341_006674-T1, TFCN2502E3341_008572-T1, TFCN2502E3341_012291-T1, TFCN2502E3341_009543-T1	DBVPG3775_001880-T1, DBVPG3775_006814-T1
GF00000587	TFCN2502E3341_006707-T1, TFCN2502E3341_010426-T1, TFCN2502E3341_013013-T1, TFCN2502E3341_014043-T1	DBVPG3775_003952-T1, DBVPG3775_005968-T1
GF00000588	TFCN2502E3341_006811-T1, TFCN2502E3341_013817-T1, TFCN2502E3341_014390-T1, TFCN2502E3341_007107-T1	DBVPG3775_003390-T1, DBVPG3775_007354-T1
GF00000589	TFCN2502E3341_006997-T1, TFCN2502E3341_014403-T1, TFCN2502E3341_012369-T1, TFCN2502E3341_011611-T1	DBVPG3775_002720-T1, DBVPG3775_003537-T1
GF00000590	TFCN2502E3341_007053-T1, TFCN2502E3341_010783-T1, TFCN2502E3341_011051-T1, TFCN2502E3341_011416-T1	DBVPG3775_000599-T1, DBVPG3775_002573-T1
GF00000591	TFCN2502E3341_007094-T1, TFCN2502E3341_013392-T1, TFCN2502E3341_007102-T1, TFCN2502E3341_013400-T1	DBVPG3775_003375-T1, DBVPG3775_003383-T1
GF00000592	TFCN2502E3341_007116-T1, TFCN2502E3341_011449-T1, TFCN2502E3341_011067-T1, TFCN2502E3341_007456-T1	DBVPG3775_004832-T1, DBVPG3775_007363-T1
GF00000593	TFCN2502E3341_007300-T1, TFCN2502E3341_009975-T1, TFCN2502E3341_007301-T1	DBVPG3775_004594-T1, DBVPG3775_007599-T1, DBVPG3775_007600-T1
GF00000594	TFCN2502E3341_007363-T1, TFCN2502E3341_009327-T1, TFCN2502E3341_007364-T1, TFCN2502E3341_009328-T1	DBVPG3775_004381-T1, DBVPG3775_004382-T1
GF00000595	TFCN2502E3341_007419-T1, TFCN2502E3341_012190-T1, TFCN2502E3341_007420-T1, TFCN2502E3341_011852-T1	DBVPG3775_003236-T1, DBVPG3775_007018-T1
GF00000596	TFCN2502E3341_007587-T1, TFCN2502E3341_008768-T1, TFCN2502E3341_009021-T1, TFCN2502E3341_011760-T1	DBVPG3775_000994-T1, DBVPG3775_004672-T1
GF00000597	TFCN2502E3341_007606-T1, TFCN2502E3341_008747-T1, TFCN2502E3341_011261-T1, TFCN2502E3341_011749-T1	DBVPG3775_000975-T1, DBVPG3775_002379-T1
GF00000598	TFCN2502E3341_007646-T1, TFCN2502E3341_011875-T1, TFCN2502E3341_010911-T1, TFCN2502E3341_009026-T1	DBVPG3775_000084-T1, DBVPG3775_005351-T1
GF00000599	TFCN2502E3341_007823-T1, TFCN2502E3341_009599-T1, TFCN2502E3341_007824-T1, TFCN2502E3341_009600-T1	DBVPG3775_005632-T1, DBVPG3775_005633-T1
GF00000600	TFCN2502E3341_008270-T1, TFCN2502E3341_010316-T1, TFCN2502E3341_010319-T1, TFCN2502E3341_008273-T1	DBVPG3775_002157-T1, DBVPG3775_002160-T1
GF00000601	TFCN2502E3341_008637-T1, TFCN2502E3341_014552-T1, TFCN2502E3341_014677-T1, TFCN2502E3341_013418-T1	DBVPG3775_001491-T1, DBVPG3775_001496-T1
GF00000602	TFCN2502E3341_008679-T1, TFCN2502E3341_014416-T1, TFCN2502E3341_012584-T1, TFCN2502E3341_010091-T1	DBVPG3775_003856-T1, DBVPG3775_006677-T1
GF00000603	TFCN2502E3341_009610-T1, TFCN2502E3341_012414-T1, TFCN2502E3341_012413-T1, TFCN2502E3341_009612-T1	DBVPG3775_007343-T1, DBVPG3775_007344-T1
GF00000604	TFCN2502E3341_009715-T1, TFCN2502E3341_011413-T1, TFCN2502E3341_009716-T1, TFCN2502E3341_011408-T1, TFCN2502E3341_011410-T1	DBVPG3775_000605-T1
GF00000605	TFCN2502E3341_010348-T1, TFCN2502E3341_012899-T1, TFCN2502E3341_010349-T1, TFCN2502E3341_012898-T1	DBVPG3775_006370-T1, DBVPG3775_006371-T1
GF00000606	TFCN2502E3341_010377-T1, TFCN2502E3341_014260-T1, TFCN2502E3341_014825-T1, TFCN2502E3341_014020-T1, TFCN2502E3341_014762-T1	DBVPG3775_005511-T1
GF00000607	TFCN2502E3341_010763-T1, TFCN2502E3341_011898-T1, TFCN2502E3341_010764-T1, TFCN2502E3341_011899-T1	DBVPG3775_006524-T1, DBVPG3775_006525-T1
GF00000608	TFCN2502E3341_010767-T1, TFCN2502E3341_011901-T1, TFCN2502E3341_010769-T1, TFCN2502E3341_011903-T1	DBVPG3775_006528-T1, DBVPG3775_006530-T1
GF00000609	TFCN2502E3341_010768-T1, TFCN2502E3341_011902-T1, TFCN2502E3341_011396-T1, TFCN2502E3341_011869-T1	DBVPG3775_006529-T1, DBVPG3775_007250-T1
GF00000610	TFCN2502E3341_010949-T1, TFCN2502E3341_013626-T1, TFCN2502E3341_013971-T1, TFCN2502E3341_013458-T1	DBVPG3775_006753-T1, DBVPG3775_006766-T1
GF00000611	TFCN2502E3341_011078-T1, TFCN2502E3341_014271-T1, TFCN2502E3341_011350-T1, TFCN2502E3341_014797-T1	DBVPG3775_004843-T1, DBVPG3775_004847-T1
GF00000612	TFCN2502E3341_011273-T1, TFCN2502E3341_011671-T1, TFCN2502E3341_011286-T1, TFCN2502E3341_011659-T1	DBVPG3775_005807-T1, DBVPG3775_007378-T1
GF00000613	TFCN2502E3341_011384-T1, TFCN2502E3341_011858-T1, TFCN2502E3341_011385-T1, TFCN2502E3341_011859-T1	DBVPG3775_007236-T1, DBVPG3775_007237-T1
GF00000614	TFCN2502E3341_011841-T1, TFCN2502E3341_013717-T1, TFCN2502E3341_012635-T1, TFCN2502E3341_012660-T1	DBVPG3775_002368-T1, DBVPG3775_007425-T1
GF00000615	TFCN2502E3341_011843-T1, TFCN2502E3341_013715-T1, TFCN2502E3341_012926-T1, TFCN2502E3341_012862-T1	DBVPG3775_003487-T1, DBVPG3775_007427-T1
GF00000616	TFCN2502E3341_012531-T1, TFCN2502E3341_014277-T1, TFCN2502E3341_012532-T1, TFCN2502E3341_014278-T1	DBVPG3775_007293-T1, DBVPG3775_007294-T1
GF00000617	TFCN2502E3341_013721-T1, TFCN2502E3341_014773-T1, TFCN2502E3341_014803-T1, TFCN2502E3341_014541-T1	DBVPG3775_007559-T1, DBVPG3775_007561-T1
GF00000618	TFCN2502E3341_000118-T1, TFCN2502E3341_008423-T1, TFCN2502E3341_008424-T1	DBVPG3775_004179-T1, DBVPG3775_004180-T1
GF00000619	TFCN2502E3341_000144-T1, TFCN2502E3341_008398-T1, TFCN2502E3341_000145-T1, TFCN2502E3341_008397-T1	DBVPG3775_004154-T1
GF00000620	TFCN2502E3341_000156-T1, TFCN2502E3341_008385-T1, TFCN2502E3341_014844-T1, TFCN2502E3341_005713-T1	DBVPG3775_004142-T1
GF00000621	TFCN2502E3341_000196-T1, TFCN2502E3341_005751-T1, TFCN2502E3341_000197-T1	DBVPG3775_007060-T1, DBVPG3775_007061-T1
GF00000622	TFCN2502E3341_000302-T1, TFCN2502E3341_008449-T1, TFCN2502E3341_008450-T1	DBVPG3775_004072-T1, DBVPG3775_004074-T1
GF00000623	TFCN2502E3341_000347-T1, TFCN2502E3341_006521-T1, TFCN2502E3341_006522-T1	DBVPG3775_004346-T1, DBVPG3775_004347-T1
GF00000624	TFCN2502E3341_000414-T1, TFCN2502E3341_011818-T1, TFCN2502E3341_000415-T1, TFCN2502E3341_011819-T1	DBVPG3775_004276-T1
GF00000625	TFCN2502E3341_002115-T1, TFCN2502E3341_002086-T1, TFCN2502E3341_003790-T1	DBVPG3775_001970-T1, DBVPG3775_001998-T1
GF00000626	TFCN2502E3341_000505-T1, TFCN2502E3341_007236-T1, TFCN2502E3341_014637-T1	DBVPG3775_003048-T1, DBVPG3775_007570-T1
GF00000627	TFCN2502E3341_010900-T1, TFCN2502E3341_010411-T1, TFCN2502E3341_010412-T1	DBVPG3775_005544-T1, DBVPG3775_005545-T1
GF00000628	TFCN2502E3341_000635-T1, TFCN2502E3341_007171-T1, TFCN2502E3341_000636-T1	DBVPG3775_005562-T1, DBVPG3775_005563-T1
GF00000629	TFCN2502E3341_000842-T1, TFCN2502E3341_006869-T1, TFCN2502E3341_000843-T1	DBVPG3775_001245-T1, DBVPG3775_001246-T1
GF00000630	TFCN2502E3341_000899-T1, TFCN2502E3341_004583-T1, TFCN2502E3341_000900-T1	DBVPG3775_005251-T1, DBVPG3775_005252-T1
GF00000631	TFCN2502E3341_001091-T1, TFCN2502E3341_010027-T1, TFCN2502E3341_010028-T1	DBVPG3775_005381-T1, DBVPG3775_005383-T1
GF00000632	TFCN2502E3341_009657-T1, TFCN2502E3341_003192-T1, TFCN2502E3341_003193-T1, TFCN2502E3341_009656-T1	DBVPG3775_000661-T1
GF00000633	TFCN2502E3341_013454-T1, TFCN2502E3341_005070-T1, TFCN2502E3341_005239-T1	DBVPG3775_003019-T1, DBVPG3775_004575-T1
GF00000634	TFCN2502E3341_001107-T1, TFCN2502E3341_013539-T1, TFCN2502E3341_001108-T1	DBVPG3775_005365-T1, DBVPG3775_005366-T1
GF00000635	TFCN2502E3341_001200-T1, TFCN2502E3341_011693-T1, TFCN2502E3341_011694-T1, TFCN2502E3341_001201-T1	DBVPG3775_006922-T1
GF00000636	TFCN2502E3341_014042-T1, TFCN2502E3341_002273-T1, TFCN2502E3341_004043-T1	DBVPG3775_000216-T1, DBVPG3775_005969-T1
GF00000637	TFCN2502E3341_001326-T1, TFCN2502E3341_009495-T1, TFCN2502E3341_001327-T1	DBVPG3775_005461-T1, DBVPG3775_005462-T1
GF00000638	TFCN2502E3341_001358-T1, TFCN2502E3341_007257-T1, TFCN2502E3341_001359-T1, TFCN2502E3341_007256-T1	DBVPG3775_005278-T1
GF00000639	TFCN2502E3341_001384-T1, TFCN2502E3341_007289-T1, TFCN2502E3341_012285-T1	DBVPG3775_001887-T1, DBVPG3775_005303-T1
GF00000640	TFCN2502E3341_001407-T1, TFCN2502E3341_001408-T1, TFCN2502E3341_010287-T1	DBVPG3775_003671-T1, DBVPG3775_003672-T1
GF00000641	TFCN2502E3341_001453-T1, TFCN2502E3341_011796-T1, TFCN2502E3341_011795-T1	DBVPG3775_003623-T1, DBVPG3775_003624-T1
GF00000642	TFCN2502E3341_001470-T1, TFCN2502E3341_011402-T1, TFCN2502E3341_014495-T1	DBVPG3775_003606-T1, DBVPG3775_007256-T1
GF00000643	TFCN2502E3341_001476-T1, TFCN2502E3341_004801-T1, TFCN2502E3341_003813-T1	DBVPG3775_001945-T1, DBVPG3775_003599-T1
GF00000644	TFCN2502E3341_001479-T1, TFCN2502E3341_002201-T1, TFCN2502E3341_014537-T1	DBVPG3775_000143-T1, DBVPG3775_003596-T1
GF00000645	TFCN2502E3341_001486-T1, TFCN2502E3341_009901-T1, TFCN2502E3341_002885-T1	DBVPG3775_003589-T1, DBVPG3775_003826-T1
GF00000646	TFCN2502E3341_001491-T1, TFCN2502E3341_014146-T1, TFCN2502E3341_005952-T1	DBVPG3775_000019-T1, DBVPG3775_003584-T1
GF00000647	TFCN2502E3341_001527-T1, TFCN2502E3341_006357-T1, TFCN2502E3341_006358-T1	DBVPG3775_000855-T1, DBVPG3775_007562-T1
GF00000648	TFCN2502E3341_001579-T1, TFCN2502E3341_005875-T1, TFCN2502E3341_001608-T1	DBVPG3775_000907-T1, DBVPG3775_000934-T1
GF00000649	TFCN2502E3341_001580-T1, TFCN2502E3341_001607-T1, TFCN2502E3341_005876-T1	DBVPG3775_000908-T1, DBVPG3775_000933-T1
GF00000650	TFCN2502E3341_001687-T1, TFCN2502E3341_003293-T1, TFCN2502E3341_012202-T1, TFCN2502E3341_012201-T1	DBVPG3775_004918-T1
GF00000651	TFCN2502E3341_001708-T1, TFCN2502E3341_003270-T1, TFCN2502E3341_003269-T1	DBVPG3775_004895-T1, DBVPG3775_004896-T1
GF00000652	TFCN2502E3341_001713-T1, TFCN2502E3341_003264-T1, TFCN2502E3341_003263-T1	DBVPG3775_004889-T1, DBVPG3775_004890-T1
GF00000653	TFCN2502E3341_014133-T1, TFCN2502E3341_013211-T1, TFCN2502E3341_014132-T1	DBVPG3775_000511-T1, DBVPG3775_000512-T1
GF00000654	TFCN2502E3341_001724-T1, TFCN2502E3341_003252-T1, TFCN2502E3341_009216-T1	DBVPG3775_002209-T1, DBVPG3775_004878-T1
GF00000655	TFCN2502E3341_001848-T1, TFCN2502E3341_013997-T1, TFCN2502E3341_001849-T1	DBVPG3775_006644-T1, DBVPG3775_007548-T1
GF00000656	TFCN2502E3341_001882-T1, TFCN2502E3341_007952-T1, TFCN2502E3341_013778-T1	DBVPG3775_001576-T1, DBVPG3775_001606-T1
GF00000657	TFCN2502E3341_001908-T1, TFCN2502E3341_013780-T1, TFCN2502E3341_001909-T1	DBVPG3775_001578-T1, DBVPG3775_001579-T1
GF00000658	TFCN2502E3341_001942-T1, TFCN2502E3341_008053-T1, TFCN2502E3341_001943-T1, TFCN2502E3341_008052-T1	DBVPG3775_001541-T1
GF00000659	TFCN2502E3341_002055-T1, TFCN2502E3341_002596-T1, TFCN2502E3341_007413-T1, TFCN2502E3341_002056-T1	DBVPG3775_004430-T1
GF00000660	TFCN2502E3341_002092-T1, TFCN2502E3341_003784-T1, TFCN2502E3341_002094-T1, TFCN2502E3341_003782-T1	DBVPG3775_001976-T1
GF00000661	TFCN2502E3341_014728-T1, TFCN2502E3341_014719-T1, TFCN2502E3341_014718-T1, TFCN2502E3341_014729-T1	DBVPG3775_007566-T1
GF00000662	TFCN2502E3341_002109-T1, TFCN2502E3341_013186-T1, TFCN2502E3341_009133-T1	DBVPG3775_001991-T1, DBVPG3775_002617-T1
GF00000663	TFCN2502E3341_002145-T1, TFCN2502E3341_002155-T1, TFCN2502E3341_010253-T1	DBVPG3775_002028-T1, DBVPG3775_002038-T1
GF00000664	TFCN2502E3341_002223-T1, TFCN2502E3341_002224-T1, TFCN2502E3341_004090-T1	DBVPG3775_000167-T1, DBVPG3775_000168-T1
GF00000665	TFCN2502E3341_002252-T1, TFCN2502E3341_004066-T1, TFCN2502E3341_002249-T1	DBVPG3775_000193-T1, DBVPG3775_000196-T1
GF00000666	TFCN2502E3341_002366-T1, TFCN2502E3341_002370-T1, TFCN2502E3341_004201-T1	DBVPG3775_004488-T1, DBVPG3775_004492-T1
GF00000667	TFCN2502E3341_002374-T1, TFCN2502E3341_004197-T1, TFCN2502E3341_002375-T1	DBVPG3775_004483-T1, DBVPG3775_004484-T1
GF00000668	TFCN2502E3341_002396-T1, TFCN2502E3341_006279-T1, TFCN2502E3341_002397-T1	DBVPG3775_007265-T1, DBVPG3775_007266-T1
GF00000669	TFCN2502E3341_002417-T1, TFCN2502E3341_002418-T1, TFCN2502E3341_006292-T1	DBVPG3775_007284-T1, DBVPG3775_007285-T1
GF00000670	TFCN2502E3341_002440-T1, TFCN2502E3341_006316-T1, TFCN2502E3341_002441-T1, TFCN2502E3341_006317-T1	DBVPG3775_005656-T1
GF00000671	TFCN2502E3341_002501-T1, TFCN2502E3341_002502-T1, TFCN2502E3341_009200-T1	DBVPG3775_002224-T1, DBVPG3775_002225-T1
GF00000672	TFCN2502E3341_002515-T1, TFCN2502E3341_004500-T1, TFCN2502E3341_002516-T1	DBVPG3775_002238-T1, DBVPG3775_002239-T1
GF00000673	TFCN2502E3341_004421-T1, TFCN2502E3341_012689-T1, TFCN2502E3341_004422-T1	DBVPG3775_007179-T1, DBVPG3775_007180-T1
GF00000674	TFCN2502E3341_002719-T1, TFCN2502E3341_006337-T1, TFCN2502E3341_002720-T1	DBVPG3775_000835-T1, DBVPG3775_000836-T1
GF00000675	TFCN2502E3341_002831-T1, TFCN2502E3341_005391-T1, TFCN2502E3341_002832-T1, TFCN2502E3341_005390-T1	DBVPG3775_006295-T1
GF00000676	TFCN2502E3341_002862-T1, TFCN2502E3341_002863-T1, TFCN2502E3341_010224-T1	DBVPG3775_006325-T1, DBVPG3775_006326-T1
GF00000677	TFCN2502E3341_002974-T1, TFCN2502E3341_010707-T1, TFCN2502E3341_002975-T1	DBVPG3775_002700-T1, DBVPG3775_002701-T1
GF00000678	TFCN2502E3341_003059-T1, TFCN2502E3341_004983-T1, TFCN2502E3341_004984-T1	DBVPG3775_001717-T1, DBVPG3775_001718-T1
GF00000679	TFCN2502E3341_003091-T1, TFCN2502E3341_004310-T1, TFCN2502E3341_003092-T1, TFCN2502E3341_004311-T1	DBVPG3775_002519-T1
GF00000680	TFCN2502E3341_003186-T1, TFCN2502E3341_009662-T1, TFCN2502E3341_003187-T1	DBVPG3775_000666-T1, DBVPG3775_000667-T1
GF00000681	TFCN2502E3341_003220-T1, TFCN2502E3341_009744-T1, TFCN2502E3341_003221-T1	DBVPG3775_000634-T1, DBVPG3775_000635-T1
GF00000682	TFCN2502E3341_003226-T1, TFCN2502E3341_009738-T1, TFCN2502E3341_003227-T1, TFCN2502E3341_009737-T1	DBVPG3775_000629-T1
GF00000683	TFCN2502E3341_003230-T1, TFCN2502E3341_009734-T1, TFCN2502E3341_003231-T1	DBVPG3775_000625-T1, DBVPG3775_000626-T1
GF00000684	TFCN2502E3341_003234-T1, TFCN2502E3341_009731-T1, TFCN2502E3341_003235-T1	DBVPG3775_000621-T1, DBVPG3775_000622-T1
GF00000685	TFCN2502E3341_003240-T1, TFCN2502E3341_009726-T1, TFCN2502E3341_012506-T1	DBVPG3775_000616-T1, DBVPG3775_003569-T1
GF00000686	TFCN2502E3341_003247-T1, TFCN2502E3341_009719-T1, TFCN2502E3341_011405-T1	DBVPG3775_000608-T1, DBVPG3775_000609-T1
GF00000687	TFCN2502E3341_003489-T1, TFCN2502E3341_003529-T1, TFCN2502E3341_005452-T1, TFCN2502E3341_003528-T1	DBVPG3775_003774-T1
GF00000688	TFCN2502E3341_003506-T1, TFCN2502E3341_005435-T1, TFCN2502E3341_010945-T1	DBVPG3775_003789-T1, DBVPG3775_006762-T1
GF00000689	TFCN2502E3341_003518-T1, TFCN2502E3341_005422-T1, TFCN2502E3341_005423-T1	DBVPG3775_003801-T1, DBVPG3775_003802-T1
GF00000690	TFCN2502E3341_003599-T1, TFCN2502E3341_010607-T1, TFCN2502E3341_003600-T1, TFCN2502E3341_003601-T1	DBVPG3775_003703-T1
GF00000691	TFCN2502E3341_003683-T1, TFCN2502E3341_005634-T1, TFCN2502E3341_005615-T1, TFCN2502E3341_003699-T1	DBVPG3775_006867-T1
GF00000692	TFCN2502E3341_003977-T1, TFCN2502E3341_012020-T1, TFCN2502E3341_003978-T1, TFCN2502E3341_012019-T1	DBVPG3775_000452-T1
GF00000693	TFCN2502E3341_004396-T1, TFCN2502E3341_013386-T1, TFCN2502E3341_004397-T1	DBVPG3775_001126-T1, DBVPG3775_001127-T1
GF00000694	TFCN2502E3341_004454-T1, TFCN2502E3341_010839-T1, TFCN2502E3341_004455-T1	DBVPG3775_006161-T1, DBVPG3775_006162-T1
GF00000695	TFCN2502E3341_004474-T1, TFCN2502E3341_005776-T1, TFCN2502E3341_014846-T1, TFCN2502E3341_013654-T1	DBVPG3775_006181-T1
GF00000696	TFCN2502E3341_004666-T1, TFCN2502E3341_010499-T1, TFCN2502E3341_004668-T1	DBVPG3775_003268-T1, DBVPG3775_003269-T1
GF00000697	TFCN2502E3341_004724-T1, TFCN2502E3341_006231-T1, TFCN2502E3341_004725-T1	DBVPG3775_003324-T1, DBVPG3775_003325-T1
GF00000698	TFCN2502E3341_004820-T1, TFCN2502E3341_009522-T1, TFCN2502E3341_004821-T1	DBVPG3775_002942-T1, DBVPG3775_002943-T1
GF00000699	TFCN2502E3341_006008-T1, TFCN2502E3341_005560-T1, TFCN2502E3341_005559-T1	DBVPG3775_002077-T1, DBVPG3775_002078-T1
GF00000700	TFCN2502E3341_004863-T1, TFCN2502E3341_012590-T1, TFCN2502E3341_004864-T1	DBVPG3775_002900-T1, DBVPG3775_002901-T1
GF00000701	TFCN2502E3341_004961-T1, TFCN2502E3341_013658-T1, TFCN2502E3341_013657-T1	DBVPG3775_001740-T1, DBVPG3775_001741-T1
GF00000702	TFCN2502E3341_005017-T1, TFCN2502E3341_005296-T1, TFCN2502E3341_009499-T1, TFCN2502E3341_013988-T1	DBVPG3775_002964-T1
GF00000703	TFCN2502E3341_005047-T1, TFCN2502E3341_005262-T1, TFCN2502E3341_012516-T1	DBVPG3775_002995-T1, DBVPG3775_003559-T1
GF00000704	TFCN2502E3341_005054-T1, TFCN2502E3341_005254-T1, TFCN2502E3341_005255-T1	DBVPG3775_003002-T1, DBVPG3775_003003-T1
GF00000705	TFCN2502E3341_005078-T1, TFCN2502E3341_005231-T1, TFCN2502E3341_008690-T1	DBVPG3775_003027-T1, DBVPG3775_003845-T1
GF00000706	TFCN2502E3341_005083-T1, TFCN2502E3341_005226-T1, TFCN2502E3341_013150-T1, TFCN2502E3341_013296-T1	DBVPG3775_003032-T1
GF00000707	TFCN2502E3341_005204-T1, TFCN2502E3341_008929-T1, TFCN2502E3341_008930-T1	DBVPG3775_004782-T1, DBVPG3775_004783-T1
GF00000708	TFCN2502E3341_005206-T1, TFCN2502E3341_014770-T1, TFCN2502E3341_008933-T1, TFCN2502E3341_008934-T1	DBVPG3775_004778-T1
GF00000709	TFCN2502E3341_005209-T1, TFCN2502E3341_014028-T1, TFCN2502E3341_014771-T1	DBVPG3775_004774-T1, DBVPG3775_004777-T1
GF00000710	TFCN2502E3341_005317-T1, TFCN2502E3341_013309-T1, TFCN2502E3341_005319-T1	DBVPG3775_003147-T1, DBVPG3775_003149-T1
GF00000711	TFCN2502E3341_005355-T1, TFCN2502E3341_005823-T1, TFCN2502E3341_005825-T1	DBVPG3775_003185-T1, DBVPG3775_003187-T1
GF00000712	TFCN2502E3341_014645-T1, TFCN2502E3341_005692-T1, TFCN2502E3341_014646-T1	DBVPG3775_006405-T1, DBVPG3775_006406-T1
GF00000713	TFCN2502E3341_005679-T1, TFCN2502E3341_012501-T1, TFCN2502E3341_014648-T1	DBVPG3775_006403-T1, DBVPG3775_006974-T1
GF00000714	TFCN2502E3341_006250-T1, TFCN2502E3341_010464-T1, TFCN2502E3341_006252-T1	DBVPG3775_003343-T1, DBVPG3775_003345-T1
GF00000715	TFCN2502E3341_006684-T1, TFCN2502E3341_013126-T1, TFCN2502E3341_013127-T1	DBVPG3775_007439-T1, DBVPG3775_007440-T1
GF00000716	TFCN2502E3341_007023-T1, TFCN2502E3341_009244-T1, TFCN2502E3341_009243-T1	DBVPG3775_003510-T1, DBVPG3775_003511-T1
GF00000717	TFCN2502E3341_007034-T1, TFCN2502E3341_012851-T1, TFCN2502E3341_014359-T1, TFCN2502E3341_014856-T1	DBVPG3775_003498-T1
GF00000718	TFCN2502E3341_007062-T1, TFCN2502E3341_010791-T1, TFCN2502E3341_010792-T1	DBVPG3775_002563-T1, DBVPG3775_002564-T1
GF00000719	TFCN2502E3341_007417-T1, TFCN2502E3341_012193-T1, TFCN2502E3341_012192-T1	DBVPG3775_007015-T1, DBVPG3775_007016-T1
GF00000720	TFCN2502E3341_007628-T1, TFCN2502E3341_009944-T1, TFCN2502E3341_007629-T1, TFCN2502E3341_011892-T1	DBVPG3775_000101-T1
GF00000721	TFCN2502E3341_007682-T1, TFCN2502E3341_008500-T1, TFCN2502E3341_008501-T1	DBVPG3775_005833-T1, DBVPG3775_005834-T1
GF00000722	TFCN2502E3341_007728-T1, TFCN2502E3341_013042-T1, TFCN2502E3341_007729-T1	DBVPG3775_001106-T1, DBVPG3775_001107-T1
GF00000723	TFCN2502E3341_007878-T1, TFCN2502E3341_008548-T1, TFCN2502E3341_007879-T1, TFCN2502E3341_008547-T1	DBVPG3775_005925-T1
GF00000724	TFCN2502E3341_007916-T1, TFCN2502E3341_014535-T1, TFCN2502E3341_007917-T1	DBVPG3775_001772-T1, DBVPG3775_001773-T1
GF00000725	TFCN2502E3341_007975-T1, TFCN2502E3341_008329-T1, TFCN2502E3341_007976-T1	DBVPG3775_001629-T1, DBVPG3775_001630-T1
GF00000726	TFCN2502E3341_008099-T1, TFCN2502E3341_009635-T1, TFCN2502E3341_008100-T1	DBVPG3775_004958-T1, DBVPG3775_004959-T1
GF00000727	TFCN2502E3341_008113-T1, TFCN2502E3341_008114-T1, TFCN2502E3341_008115-T1, TFCN2502E3341_009626-T1, TFCN2502E3341_009627-T1	
GF00000728	TFCN2502E3341_008102-T1, TFCN2502E3341_008103-T1	DBVPG3775_004961-T1, DBVPG3775_004962-T1, DBVPG3775_004963-T1
GF00000729	TFCN2502E3341_008122-T1, TFCN2502E3341_013267-T1, TFCN2502E3341_014474-T1	DBVPG3775_003248-T1, DBVPG3775_003249-T1
GF00000730	TFCN2502E3341_008249-T1, TFCN2502E3341_014142-T1, TFCN2502E3341_008250-T1	DBVPG3775_002136-T1, DBVPG3775_002137-T1
GF00000731	TFCN2502E3341_008504-T1, TFCN2502E3341_010547-T1, TFCN2502E3341_014553-T1, TFCN2502E3341_014554-T1	DBVPG3775_005830-T1
GF00000732	TFCN2502E3341_008705-T1, TFCN2502E3341_010582-T1, TFCN2502E3341_008706-T1	DBVPG3775_005771-T1, DBVPG3775_005772-T1
GF00000733	TFCN2502E3341_008846-T1, TFCN2502E3341_009123-T1, TFCN2502E3341_009122-T1	DBVPG3775_002605-T1, DBVPG3775_002606-T1
GF00000734	TFCN2502E3341_009232-T1, TFCN2502E3341_012133-T1, TFCN2502E3341_009234-T1, TFCN2502E3341_009233-T1	DBVPG3775_003470-T1
GF00000735	TFCN2502E3341_009285-T1, TFCN2502E3341_014230-T1, TFCN2502E3341_014229-T1	DBVPG3775_006107-T1, DBVPG3775_006108-T1
GF00000736	TFCN2502E3341_009564-T1, TFCN2502E3341_013862-T1, TFCN2502E3341_013861-T1	DBVPG3775_001858-T1, DBVPG3775_001859-T1
GF00000737	TFCN2502E3341_009697-T1, TFCN2502E3341_012043-T1, TFCN2502E3341_010855-T1	DBVPG3775_004725-T1, DBVPG3775_005741-T1
GF00000738	TFCN2502E3341_009771-T1, TFCN2502E3341_012804-T1, TFCN2502E3341_011112-T1, TFCN2502E3341_009772-T1	DBVPG3775_006006-T1
GF00000739	TFCN2502E3341_009945-T1, TFCN2502E3341_010021-T1	DBVPG3775_004624-T1, DBVPG3775_004626-T1, DBVPG3775_004627-T1
GF00000740	TFCN2502E3341_010371-T1, TFCN2502E3341_013324-T1, TFCN2502E3341_013322-T1	DBVPG3775_006347-T1, DBVPG3775_006349-T1
GF00000741	TFCN2502E3341_010625-T1, TFCN2502E3341_012397-T1, TFCN2502E3341_014462-T1	DBVPG3775_003685-T1, DBVPG3775_005043-T1
GF00000742	TFCN2502E3341_010950-T1, TFCN2502E3341_013627-T1, TFCN2502E3341_013970-T1	DBVPG3775_006752-T1, DBVPG3775_006767-T1
GF00000743	TFCN2502E3341_011049-T1, TFCN2502E3341_011419-T1, TFCN2502E3341_011418-T1	DBVPG3775_000596-T1, DBVPG3775_000597-T1
GF00000744	TFCN2502E3341_011241-T1, TFCN2502E3341_011732-T1, TFCN2502E3341_012284-T1, TFCN2502E3341_012565-T1	DBVPG3775_002399-T1
GF00000745	TFCN2502E3341_011242-T1, TFCN2502E3341_011733-T1, TFCN2502E3341_011243-T1	DBVPG3775_002397-T1, DBVPG3775_002398-T1
GF00000746	TFCN2502E3341_011274-T1, TFCN2502E3341_011670-T1, TFCN2502E3341_011275-T1	DBVPG3775_005805-T1, DBVPG3775_005806-T1
GF00000747	TFCN2502E3341_011295-T1, TFCN2502E3341_011649-T1, TFCN2502E3341_011648-T1	DBVPG3775_007388-T1, DBVPG3775_007389-T1
GF00000748	TFCN2502E3341_011390-T1, TFCN2502E3341_011391-T1, TFCN2502E3341_011864-T1	DBVPG3775_007244-T1, DBVPG3775_007245-T1
GF00000749	TFCN2502E3341_011827-T1, TFCN2502E3341_014780-T1, TFCN2502E3341_014334-T1, TFCN2502E3341_013480-T1	DBVPG3775_004268-T1
GF00000750	TFCN2502E3341_011844-T1, TFCN2502E3341_013714-T1, TFCN2502E3341_011845-T1	DBVPG3775_007428-T1, DBVPG3775_007429-T1
GF00000751	TFCN2502E3341_013136-T1, TFCN2502E3341_013283-T1, TFCN2502E3341_013137-T1, TFCN2502E3341_013284-T1	DBVPG3775_003045-T1
GF00000752	TFCN2502E3341_000007-T1, TFCN2502E3341_007742-T1, TFCN2502E3341_007741-T1	DBVPG3775_001094-T1
GF00000753	TFCN2502E3341_000055-T1, TFCN2502E3341_012839-T1	DBVPG3775_001045-T1, DBVPG3775_004590-T1
GF00000754	TFCN2502E3341_000059-T1, TFCN2502E3341_012846-T1, TFCN2502E3341_008233-T1	DBVPG3775_001039-T1
GF00000755	TFCN2502E3341_000101-T1, TFCN2502E3341_008186-T1, TFCN2502E3341_014617-T1	DBVPG3775_004199-T1
GF00000756	TFCN2502E3341_000102-T1, TFCN2502E3341_008185-T1, TFCN2502E3341_014618-T1	DBVPG3775_004198-T1
GF00000757	TFCN2502E3341_000103-T1, TFCN2502E3341_008184-T1, TFCN2502E3341_014619-T1	DBVPG3775_004197-T1
GF00000758	TFCN2502E3341_000104-T1, TFCN2502E3341_008183-T1, TFCN2502E3341_014620-T1	DBVPG3775_004196-T1
GF00000759	TFCN2502E3341_000105-T1, TFCN2502E3341_008182-T1, TFCN2502E3341_014621-T1	DBVPG3775_004195-T1
GF00000760	TFCN2502E3341_000113-T1, TFCN2502E3341_008429-T1, TFCN2502E3341_000114-T1	DBVPG3775_004187-T1
GF00000761	TFCN2502E3341_012652-T1, TFCN2502E3341_004165-T1, TFCN2502E3341_013688-T1	DBVPG3775_003886-T1
GF00000762	TFCN2502E3341_000141-T1, TFCN2502E3341_008401-T1, TFCN2502E3341_005375-T1	DBVPG3775_004157-T1
GF00000763	TFCN2502E3341_004121-T1, TFCN2502E3341_014703-T1, TFCN2502E3341_011976-T1	DBVPG3775_003929-T1
GF00000764	TFCN2502E3341_000169-T1, TFCN2502E3341_005726-T1, TFCN2502E3341_000170-T1	DBVPG3775_004128-T1
GF00000765	TFCN2502E3341_002763-T1, TFCN2502E3341_006769-T1, TFCN2502E3341_006770-T1	DBVPG3775_000792-T1
GF00000766	TFCN2502E3341_002601-T1, TFCN2502E3341_002050-T1	DBVPG3775_004435-T1, DBVPG3775_004436-T1
GF00000767	TFCN2502E3341_000228-T1, TFCN2502E3341_009425-T1, TFCN2502E3341_012102-T1	DBVPG3775_003998-T1
GF00000768	TFCN2502E3341_000231-T1, TFCN2502E3341_009429-T1, TFCN2502E3341_009428-T1	DBVPG3775_004001-T1
GF00000769	TFCN2502E3341_000239-T1, TFCN2502E3341_009437-T1, TFCN2502E3341_009438-T1	DBVPG3775_004009-T1
GF00000770	TFCN2502E3341_000268-T1, TFCN2502E3341_013071-T1, TFCN2502E3341_000269-T1	DBVPG3775_004039-T1
GF00000771	TFCN2502E3341_000275-T1, TFCN2502E3341_013065-T1, TFCN2502E3341_013843-T1	DBVPG3775_004045-T1
GF00000772	TFCN2502E3341_014034-T1, TFCN2502E3341_005214-T1, TFCN2502E3341_014033-T1	DBVPG3775_004769-T1
GF00000773	TFCN2502E3341_000329-T1, TFCN2502E3341_008477-T1, TFCN2502E3341_000330-T1	DBVPG3775_004101-T1
GF00000774	TFCN2502E3341_000354-T1, TFCN2502E3341_006530-T1, TFCN2502E3341_014624-T1	DBVPG3775_004338-T1
GF00000775	TFCN2502E3341_009514-T1, TFCN2502E3341_013975-T1, TFCN2502E3341_004812-T1	DBVPG3775_002951-T1
GF00000776	TFCN2502E3341_000363-T1, TFCN2502E3341_006540-T1	DBVPG3775_004326-T1, DBVPG3775_004327-T1
GF00000777	TFCN2502E3341_010173-T1, TFCN2502E3341_011170-T1, TFCN2502E3341_014594-T1	DBVPG3775_000554-T1
GF00000778	TFCN2502E3341_000422-T1, TFCN2502E3341_008371-T1, TFCN2502E3341_005297-T1	DBVPG3775_003127-T1
GF00000779	TFCN2502E3341_000457-T1, TFCN2502E3341_007187-T1, TFCN2502E3341_008339-T1	DBVPG3775_003092-T1
GF00000780	TFCN2502E3341_000469-T1, TFCN2502E3341_007200-T1, TFCN2502E3341_007199-T1	DBVPG3775_003080-T1
GF00000781	TFCN2502E3341_000494-T1, TFCN2502E3341_007225-T1, TFCN2502E3341_014582-T1	DBVPG3775_003055-T1
GF00000782	TFCN2502E3341_000495-T1, TFCN2502E3341_007226-T1, TFCN2502E3341_014583-T1	DBVPG3775_003054-T1
GF00000783	TFCN2502E3341_000496-T1, TFCN2502E3341_007227-T1, TFCN2502E3341_014584-T1	DBVPG3775_003053-T1
GF00000784	TFCN2502E3341_000497-T1, TFCN2502E3341_007228-T1, TFCN2502E3341_014585-T1	DBVPG3775_003052-T1
GF00000785	TFCN2502E3341_000503-T1, TFCN2502E3341_007234-T1, TFCN2502E3341_014635-T1	DBVPG3775_003050-T1
GF00000786	TFCN2502E3341_000504-T1, TFCN2502E3341_007235-T1, TFCN2502E3341_014636-T1	DBVPG3775_003049-T1
GF00000787	TFCN2502E3341_013271-T1, TFCN2502E3341_008125-T1, TFCN2502E3341_008126-T1	DBVPG3775_003245-T1
GF00000788	TFCN2502E3341_000580-T1, TFCN2502E3341_013897-T1, TFCN2502E3341_014829-T1	DBVPG3775_005118-T1
GF00000789	TFCN2502E3341_000592-T1, TFCN2502E3341_013885-T1, TFCN2502E3341_001850-T1	DBVPG3775_005130-T1
GF00000790	TFCN2502E3341_000595-T1, TFCN2502E3341_001853-T1, TFCN2502E3341_001854-T1	DBVPG3775_005133-T1
GF00000791	TFCN2502E3341_000600-T1, TFCN2502E3341_001859-T1, TFCN2502E3341_000601-T1	DBVPG3775_005138-T1
GF00000792	TFCN2502E3341_000687-T1, TFCN2502E3341_000690-T1	DBVPG3775_001371-T1, DBVPG3775_001374-T1
GF00000793	TFCN2502E3341_002453-T1, TFCN2502E3341_000654-T1	DBVPG3775_001339-T1, DBVPG3775_005668-T1
GF00000794	TFCN2502E3341_000658-T1, TFCN2502E3341_009796-T1, TFCN2502E3341_009797-T1	DBVPG3775_001343-T1
GF00000795	TFCN2502E3341_000702-T1, TFCN2502E3341_012808-T1, TFCN2502E3341_000703-T1	DBVPG3775_001384-T1
GF00000796	TFCN2502E3341_000706-T1, TFCN2502E3341_012811-T1, TFCN2502E3341_012812-T1	DBVPG3775_001387-T1
GF00000797	TFCN2502E3341_000718-T1, TFCN2502E3341_014688-T1, TFCN2502E3341_012823-T1	DBVPG3775_001399-T1
GF00000798	TFCN2502E3341_000752-T1, TFCN2502E3341_005490-T1	DBVPG3775_001430-T1, DBVPG3775_001431-T1
GF00000799	TFCN2502E3341_000754-T1, TFCN2502E3341_005488-T1	DBVPG3775_001433-T1, DBVPG3775_001434-T1
GF00000800	TFCN2502E3341_000763-T1, TFCN2502E3341_005479-T1, TFCN2502E3341_008851-T1	DBVPG3775_001443-T1
GF00000801	TFCN2502E3341_000765-T1, TFCN2502E3341_012076-T1, TFCN2502E3341_000766-T1	DBVPG3775_001334-T1
GF00000802	TFCN2502E3341_000782-T1, TFCN2502E3341_012095-T1	DBVPG3775_001313-T1, DBVPG3775_001314-T1
GF00000803	TFCN2502E3341_000788-T1, TFCN2502E3341_006923-T1	DBVPG3775_001305-T1, DBVPG3775_001306-T1
GF00000804	TFCN2502E3341_000795-T1, TFCN2502E3341_006916-T1	DBVPG3775_001296-T1, DBVPG3775_001298-T1
GF00000805	TFCN2502E3341_001111-T1, TFCN2502E3341_013611-T1, TFCN2502E3341_013536-T1	DBVPG3775_005362-T1
GF00000806	TFCN2502E3341_000812-T1, TFCN2502E3341_006900-T1	DBVPG3775_001279-T1, DBVPG3775_001280-T1
GF00000807	TFCN2502E3341_000827-T1, TFCN2502E3341_006885-T1	DBVPG3775_001262-T1, DBVPG3775_001263-T1
GF00000808	TFCN2502E3341_000828-T1, TFCN2502E3341_006884-T1	DBVPG3775_001260-T1, DBVPG3775_001261-T1
GF00000809	TFCN2502E3341_007590-T1, TFCN2502E3341_008757-T1, TFCN2502E3341_008756-T1	DBVPG3775_000991-T1
GF00000810	TFCN2502E3341_000951-T1, TFCN2502E3341_004634-T1, TFCN2502E3341_004635-T1	DBVPG3775_005202-T1
GF00000811	TFCN2502E3341_000955-T1, TFCN2502E3341_004639-T1, TFCN2502E3341_004638-T1	DBVPG3775_005197-T1
GF00000812	TFCN2502E3341_000989-T1, TFCN2502E3341_011565-T1, TFCN2502E3341_011566-T1	DBVPG3775_005162-T1
GF00000813	TFCN2502E3341_001241-T1, TFCN2502E3341_001240-T1, TFCN2502E3341_012706-T1	DBVPG3775_006444-T1
GF00000814	TFCN2502E3341_001022-T1, TFCN2502E3341_012151-T1	DBVPG3775_003544-T1, DBVPG3775_007142-T1
GF00000815	TFCN2502E3341_001043-T1, TFCN2502E3341_003640-T1, TFCN2502E3341_006960-T1	DBVPG3775_005001-T1
GF00000816	TFCN2502E3341_001048-T1, TFCN2502E3341_008292-T1, TFCN2502E3341_014242-T1	DBVPG3775_005427-T1
GF00000817	TFCN2502E3341_001050-T1, TFCN2502E3341_008290-T1	DBVPG3775_005424-T1, DBVPG3775_005425-T1
GF00000818	TFCN2502E3341_001064-T1, TFCN2502E3341_010037-T1	DBVPG3775_005409-T1, DBVPG3775_005410-T1
GF00000819	TFCN2502E3341_001095-T1, TFCN2502E3341_014721-T1, TFCN2502E3341_010023-T1	DBVPG3775_005378-T1
GF00000820	TFCN2502E3341_001097-T1, TFCN2502E3341_014723-T1, TFCN2502E3341_014744-T1	DBVPG3775_005376-T1
GF00000821	TFCN2502E3341_001101-T1, TFCN2502E3341_013547-T1, TFCN2502E3341_013546-T1	DBVPG3775_005372-T1
GF00000822	TFCN2502E3341_014503-T1, TFCN2502E3341_004838-T1, TFCN2502E3341_013181-T1	DBVPG3775_002925-T1
GF00000823	TFCN2502E3341_001143-T1, TFCN2502E3341_012342-T1, TFCN2502E3341_014479-T1	DBVPG3775_006482-T1
GF00000824	TFCN2502E3341_008590-T1, TFCN2502E3341_006658-T1, TFCN2502E3341_008591-T1	DBVPG3775_006798-T1
GF00000825	TFCN2502E3341_001168-T1, TFCN2502E3341_009275-T1, TFCN2502E3341_014564-T1	DBVPG3775_006094-T1
GF00000826	TFCN2502E3341_001228-T1, TFCN2502E3341_014740-T1	DBVPG3775_006456-T1, DBVPG3775_006975-T1
GF00000827	TFCN2502E3341_012401-T1, TFCN2502E3341_014183-T1, TFCN2502E3341_014814-T1	DBVPG3775_007331-T1
GF00000828	TFCN2502E3341_001250-T1, TFCN2502E3341_005707-T1, TFCN2502E3341_005708-T1	DBVPG3775_006435-T1
GF00000829	TFCN2502E3341_001278-T1, TFCN2502E3341_005691-T1, TFCN2502E3341_014644-T1	DBVPG3775_006407-T1
GF00000830	TFCN2502E3341_001315-T1, TFCN2502E3341_009485-T1, TFCN2502E3341_009486-T1	DBVPG3775_005471-T1
GF00000831	TFCN2502E3341_001317-T1, TFCN2502E3341_009488-T1, TFCN2502E3341_001318-T1	DBVPG3775_005469-T1
GF00000832	TFCN2502E3341_001353-T1, TFCN2502E3341_007261-T1	DBVPG3775_005273-T1, DBVPG3775_005274-T1
GF00000833	TFCN2502E3341_001354-T1, TFCN2502E3341_001355-T1, TFCN2502E3341_007260-T1	DBVPG3775_005275-T1
GF00000834	TFCN2502E3341_001404-T1, TFCN2502E3341_009054-T1, TFCN2502E3341_010939-T1	DBVPG3775_005322-T1
GF00000835	TFCN2502E3341_001456-T1, TFCN2502E3341_011799-T1, TFCN2502E3341_001457-T1	DBVPG3775_003620-T1
GF00000836	TFCN2502E3341_001459-T1, TFCN2502E3341_011801-T1, TFCN2502E3341_011802-T1	DBVPG3775_003618-T1
GF00000837	TFCN2502E3341_001463-T1, TFCN2502E3341_014573-T1, TFCN2502E3341_011805-T1	DBVPG3775_003614-T1
GF00000838	TFCN2502E3341_001526-T1, TFCN2502E3341_006356-T1, TFCN2502E3341_006355-T1	DBVPG3775_000854-T1
GF00000839	TFCN2502E3341_001529-T1, TFCN2502E3341_006361-T1, TFCN2502E3341_006360-T1	DBVPG3775_000857-T1
GF00000840	TFCN2502E3341_001555-T1, TFCN2502E3341_006387-T1, TFCN2502E3341_006388-T1	DBVPG3775_000883-T1
GF00000841	TFCN2502E3341_001581-T1, TFCN2502E3341_001606-T1	DBVPG3775_000909-T1, DBVPG3775_000932-T1
GF00000842	TFCN2502E3341_001586-T1, TFCN2502E3341_005895-T1, TFCN2502E3341_001587-T1	DBVPG3775_000927-T1
GF00000843	TFCN2502E3341_001635-T1, TFCN2502E3341_008735-T1, TFCN2502E3341_005848-T1	DBVPG3775_000961-T1
GF00000844	TFCN2502E3341_004411-T1, TFCN2502E3341_014561-T1, TFCN2502E3341_014562-T1	DBVPG3775_007168-T1
GF00000845	TFCN2502E3341_001688-T1, TFCN2502E3341_003292-T1, TFCN2502E3341_012203-T1	DBVPG3775_004917-T1
GF00000846	TFCN2502E3341_001728-T1, TFCN2502E3341_003248-T1, TFCN2502E3341_011378-T1	DBVPG3775_004874-T1
GF00000847	TFCN2502E3341_001729-T1, TFCN2502E3341_011376-T1, TFCN2502E3341_011377-T1	DBVPG3775_004873-T1
GF00000848	TFCN2502E3341_001740-T1, TFCN2502E3341_011363-T1, TFCN2502E3341_001741-T1	DBVPG3775_004862-T1
GF00000849	TFCN2502E3341_001780-T1, TFCN2502E3341_003759-T1, TFCN2502E3341_001781-T1	DBVPG3775_006043-T1
GF00000850	TFCN2502E3341_001793-T1, TFCN2502E3341_003771-T1, TFCN2502E3341_003772-T1	DBVPG3775_006032-T1
GF00000851	TFCN2502E3341_006721-T1, TFCN2502E3341_010440-T1, TFCN2502E3341_010439-T1	DBVPG3775_003965-T1
GF00000852	TFCN2502E3341_001803-T1, TFCN2502E3341_001804-T1	DBVPG3775_006979-T1, DBVPG3775_006980-T1
GF00000853	TFCN2502E3341_001824-T1, TFCN2502E3341_013347-T1, TFCN2502E3341_011299-T1	DBVPG3775_007000-T1
GF00000854	TFCN2502E3341_001835-T1, TFCN2502E3341_013336-T1	DBVPG3775_007011-T1, DBVPG3775_007506-T1
GF00000855	TFCN2502E3341_001838-T1, TFCN2502E3341_014523-T1, TFCN2502E3341_013333-T1	DBVPG3775_007510-T1
GF00000856	TFCN2502E3341_004259-T1, TFCN2502E3341_002309-T1, TFCN2502E3341_004260-T1	DBVPG3775_004549-T1
GF00000857	TFCN2502E3341_001844-T1, TFCN2502E3341_013993-T1, TFCN2502E3341_014529-T1	DBVPG3775_007516-T1
GF00000858	TFCN2502E3341_001867-T1, TFCN2502E3341_009230-T1, TFCN2502E3341_011720-T1	DBVPG3775_002196-T1
GF00000859	TFCN2502E3341_001868-T1, TFCN2502E3341_007612-T1	DBVPG3775_000968-T1, DBVPG3775_000969-T1
GF00000860	TFCN2502E3341_001879-T1, TFCN2502E3341_012117-T1	DBVPG3775_003981-T1, DBVPG3775_003982-T1
GF00000861	TFCN2502E3341_001881-T1, TFCN2502E3341_012115-T1, TFCN2502E3341_012114-T1	DBVPG3775_003984-T1
GF00000862	TFCN2502E3341_001911-T1, TFCN2502E3341_014783-T1, TFCN2502E3341_013777-T1	DBVPG3775_001575-T1
GF00000863	TFCN2502E3341_001920-T1, TFCN2502E3341_008076-T1	DBVPG3775_001564-T1, DBVPG3775_001565-T1
GF00000864	TFCN2502E3341_002011-T1, TFCN2502E3341_002646-T1, TFCN2502E3341_002012-T1	DBVPG3775_004480-T1
GF00000865	TFCN2502E3341_002024-T1, TFCN2502E3341_002633-T1	DBVPG3775_004466-T1, DBVPG3775_004467-T1
GF00000866	TFCN2502E3341_002036-T1, TFCN2502E3341_002620-T1, TFCN2502E3341_002037-T1	DBVPG3775_004454-T1
GF00000867	TFCN2502E3341_002046-T1, TFCN2502E3341_002616-T1, TFCN2502E3341_002617-T1	DBVPG3775_004451-T1
GF00000868	TFCN2502E3341_002073-T1, TFCN2502E3341_007396-T1, TFCN2502E3341_014122-T1	DBVPG3775_004414-T1
GF00000869	TFCN2502E3341_002199-T1, TFCN2502E3341_014847-T1, TFCN2502E3341_009904-T1	DBVPG3775_000141-T1
GF00000870	TFCN2502E3341_002149-T1, TFCN2502E3341_010246-T1, TFCN2502E3341_010247-T1	DBVPG3775_002032-T1
GF00000871	TFCN2502E3341_002171-T1, TFCN2502E3341_006026-T1, TFCN2502E3341_005584-T1	DBVPG3775_002054-T1
GF00000872	TFCN2502E3341_002206-T1, TFCN2502E3341_004108-T1	DBVPG3775_000149-T1, DBVPG3775_000150-T1
GF00000873	TFCN2502E3341_002216-T1, TFCN2502E3341_004097-T1, TFCN2502E3341_004098-T1	DBVPG3775_000160-T1
GF00000874	TFCN2502E3341_002265-T1, TFCN2502E3341_004051-T1, TFCN2502E3341_004052-T1	DBVPG3775_000209-T1
GF00000875	TFCN2502E3341_002312-T1, TFCN2502E3341_004255-T1, TFCN2502E3341_004256-T1	DBVPG3775_004546-T1
GF00000876	TFCN2502E3341_002355-T1, TFCN2502E3341_014712-T1, TFCN2502E3341_012788-T1	DBVPG3775_004504-T1
GF00000877	TFCN2502E3341_002358-T1, TFCN2502E3341_004211-T1, TFCN2502E3341_002359-T1	DBVPG3775_004501-T1
GF00000878	TFCN2502E3341_002383-T1, TFCN2502E3341_010751-T1, TFCN2502E3341_002384-T1	DBVPG3775_006512-T1
GF00000879	TFCN2502E3341_002393-T1, TFCN2502E3341_006277-T1, TFCN2502E3341_002394-T1	DBVPG3775_007263-T1
GF00000880	TFCN2502E3341_002473-T1, TFCN2502E3341_012754-T1, TFCN2502E3341_014388-T1	DBVPG3775_002339-T1
GF00000881	TFCN2502E3341_002481-T1, TFCN2502E3341_014381-T1, TFCN2502E3341_013169-T1	DBVPG3775_002330-T1
GF00000882	TFCN2502E3341_002531-T1, TFCN2502E3341_004515-T1, TFCN2502E3341_002532-T1	DBVPG3775_002254-T1
GF00000883	TFCN2502E3341_002538-T1, TFCN2502E3341_004520-T1	DBVPG3775_002259-T1, DBVPG3775_002260-T1
GF00000884	TFCN2502E3341_002593-T1, TFCN2502E3341_004574-T1, TFCN2502E3341_004575-T1	DBVPG3775_002314-T1
GF00000885	TFCN2502E3341_002752-T1, TFCN2502E3341_006784-T1, TFCN2502E3341_006781-T1	DBVPG3775_000803-T1
GF00000886	TFCN2502E3341_002771-T1, TFCN2502E3341_006760-T1, TFCN2502E3341_006759-T1	DBVPG3775_000784-T1
GF00000887	TFCN2502E3341_002794-T1, TFCN2502E3341_013852-T1, TFCN2502E3341_013853-T1	DBVPG3775_000759-T1
GF00000888	TFCN2502E3341_002825-T1, TFCN2502E3341_005397-T1	DBVPG3775_006286-T1, DBVPG3775_006289-T1
GF00000889	TFCN2502E3341_002843-T1, TFCN2502E3341_005379-T1	DBVPG3775_006306-T1, DBVPG3775_006307-T1
GF00000890	TFCN2502E3341_002871-T1, TFCN2502E3341_010216-T1, TFCN2502E3341_010215-T1	DBVPG3775_006334-T1
GF00000891	TFCN2502E3341_002899-T1, TFCN2502E3341_005413-T1, TFCN2502E3341_003527-T1	DBVPG3775_003811-T1
GF00000892	TFCN2502E3341_002926-T1, TFCN2502E3341_012983-T1, TFCN2502E3341_005056-T1	DBVPG3775_002652-T1
GF00000893	TFCN2502E3341_002932-T1, TFCN2502E3341_011114-T1, TFCN2502E3341_011117-T1	DBVPG3775_002658-T1
GF00000894	TFCN2502E3341_007430-T1, TFCN2502E3341_012179-T1, TFCN2502E3341_012180-T1	DBVPG3775_007028-T1
GF00000895	TFCN2502E3341_002955-T1, TFCN2502E3341_011138-T1, TFCN2502E3341_010689-T1	DBVPG3775_002681-T1
GF00000896	TFCN2502E3341_002958-T1, TFCN2502E3341_010692-T1, TFCN2502E3341_002959-T1	DBVPG3775_002684-T1
GF00000897	TFCN2502E3341_003055-T1, TFCN2502E3341_004988-T1, TFCN2502E3341_003056-T1	DBVPG3775_001713-T1
GF00000898	TFCN2502E3341_003070-T1, TFCN2502E3341_004972-T1, TFCN2502E3341_013669-T1	DBVPG3775_001729-T1
GF00000899	TFCN2502E3341_003083-T1, TFCN2502E3341_004319-T1	DBVPG3775_002527-T1, DBVPG3775_004475-T1
GF00000900	TFCN2502E3341_003118-T1, TFCN2502E3341_004281-T1, TFCN2502E3341_004280-T1	DBVPG3775_002492-T1
GF00000901	TFCN2502E3341_003133-T1, TFCN2502E3341_004265-T1, TFCN2502E3341_003134-T1	DBVPG3775_002477-T1
GF00000902	TFCN2502E3341_003148-T1, TFCN2502E3341_013749-T1, TFCN2502E3341_013750-T1	DBVPG3775_002463-T1
GF00000903	TFCN2502E3341_003151-T1, TFCN2502E3341_009385-T1, TFCN2502E3341_013753-T1	DBVPG3775_002460-T1
GF00000904	TFCN2502E3341_003224-T1, TFCN2502E3341_009741-T1, TFCN2502E3341_009740-T1	DBVPG3775_000631-T1
GF00000905	TFCN2502E3341_003246-T1, TFCN2502E3341_009720-T1, TFCN2502E3341_009721-T1	DBVPG3775_000610-T1
GF00000906	TFCN2502E3341_003358-T1, TFCN2502E3341_003359-T1	DBVPG3775_002801-T1, DBVPG3775_002802-T1
GF00000907	TFCN2502E3341_004846-T1, TFCN2502E3341_014365-T1, TFCN2502E3341_012609-T1	DBVPG3775_002917-T1
GF00000908	TFCN2502E3341_003388-T1, TFCN2502E3341_010908-T1, TFCN2502E3341_010170-T1	DBVPG3775_002830-T1
GF00000909	TFCN2502E3341_003423-T1, TFCN2502E3341_013734-T1, TFCN2502E3341_010136-T1	DBVPG3775_002865-T1
GF00000910	TFCN2502E3341_003450-T1, TFCN2502E3341_003565-T1, TFCN2502E3341_003566-T1	DBVPG3775_003736-T1
GF00000911	TFCN2502E3341_003465-T1, TFCN2502E3341_003551-T1, TFCN2502E3341_003466-T1	DBVPG3775_003751-T1
GF00000912	TFCN2502E3341_003477-T1, TFCN2502E3341_003541-T1, TFCN2502E3341_012213-T1	DBVPG3775_003762-T1
GF00000913	TFCN2502E3341_003605-T1, TFCN2502E3341_010612-T1	DBVPG3775_003697-T1, DBVPG3775_003698-T1
GF00000914	TFCN2502E3341_003611-T1, TFCN2502E3341_010620-T1, TFCN2502E3341_010621-T1	DBVPG3775_003689-T1
GF00000915	TFCN2502E3341_003616-T1, TFCN2502E3341_008121-T1, TFCN2502E3341_009620-T1	DBVPG3775_004980-T1
GF00000916	TFCN2502E3341_003620-T1, TFCN2502E3341_006976-T1, TFCN2502E3341_006977-T1	DBVPG3775_004985-T1
GF00000917	TFCN2502E3341_003647-T1, TFCN2502E3341_006967-T1, TFCN2502E3341_003648-T1	DBVPG3775_004994-T1
GF00000918	TFCN2502E3341_003694-T1, TFCN2502E3341_006623-T1, TFCN2502E3341_011218-T1	DBVPG3775_006725-T1
GF00000919	TFCN2502E3341_003804-T1, TFCN2502E3341_004810-T1	DBVPG3775_001954-T1, DBVPG3775_001955-T1
GF00000920	TFCN2502E3341_003861-T1, TFCN2502E3341_004751-T1, TFCN2502E3341_003862-T1	DBVPG3775_001895-T1
GF00000921	TFCN2502E3341_003865-T1, TFCN2502E3341_009567-T1, TFCN2502E3341_013858-T1	DBVPG3775_001855-T1
GF00000922	TFCN2502E3341_004010-T1, TFCN2502E3341_011509-T1	DBVPG3775_000418-T1, DBVPG3775_007531-T1
GF00000923	TFCN2502E3341_003914-T1, TFCN2502E3341_007888-T1, TFCN2502E3341_007887-T1	DBVPG3775_001802-T1
GF00000924	TFCN2502E3341_003922-T1, TFCN2502E3341_007896-T1	DBVPG3775_001792-T1, DBVPG3775_001793-T1
GF00000925	TFCN2502E3341_003942-T1, TFCN2502E3341_011601-T1, TFCN2502E3341_013197-T1	DBVPG3775_000490-T1
GF00000926	TFCN2502E3341_003973-T1, TFCN2502E3341_007207-T1, TFCN2502E3341_008508-T1	DBVPG3775_005826-T1
GF00000927	TFCN2502E3341_003997-T1, TFCN2502E3341_011522-T1, TFCN2502E3341_011523-T1	DBVPG3775_000433-T1
GF00000928	TFCN2502E3341_004016-T1, TFCN2502E3341_011503-T1, TFCN2502E3341_004017-T1	DBVPG3775_007537-T1
GF00000929	TFCN2502E3341_004119-T1, TFCN2502E3341_014682-T1, TFCN2502E3341_014701-T1	DBVPG3775_003931-T1
GF00000930	TFCN2502E3341_004129-T1, TFCN2502E3341_011984-T1, TFCN2502E3341_012200-T1	DBVPG3775_003922-T1
GF00000931	TFCN2502E3341_004147-T1, TFCN2502E3341_014380-T1, TFCN2502E3341_012002-T1	DBVPG3775_003904-T1
GF00000932	TFCN2502E3341_004158-T1, TFCN2502E3341_013695-T1, TFCN2502E3341_014693-T1	DBVPG3775_003893-T1
GF00000933	TFCN2502E3341_004183-T1, TFCN2502E3341_008668-T1	DBVPG3775_003867-T1, DBVPG3775_003868-T1
GF00000934	TFCN2502E3341_004333-T1, TFCN2502E3341_006454-T1, TFCN2502E3341_014709-T1	DBVPG3775_001191-T1
GF00000935	TFCN2502E3341_004348-T1, TFCN2502E3341_006441-T1, TFCN2502E3341_006440-T1	DBVPG3775_001176-T1
GF00000936	TFCN2502E3341_004359-T1, TFCN2502E3341_006428-T1, TFCN2502E3341_006429-T1	DBVPG3775_001165-T1
GF00000937	TFCN2502E3341_004371-T1, TFCN2502E3341_006415-T1, TFCN2502E3341_006416-T1	DBVPG3775_001153-T1
GF00000938	TFCN2502E3341_004388-T1, TFCN2502E3341_006398-T1, TFCN2502E3341_006399-T1	DBVPG3775_001135-T1
GF00000939	TFCN2502E3341_004436-T1, TFCN2502E3341_010822-T1, TFCN2502E3341_004437-T1	DBVPG3775_007195-T1
GF00000940	TFCN2502E3341_004659-T1, TFCN2502E3341_010505-T1	DBVPG3775_003260-T1, DBVPG3775_003261-T1
GF00000941	TFCN2502E3341_004685-T1, TFCN2502E3341_010483-T1, TFCN2502E3341_010482-T1	DBVPG3775_003286-T1
GF00000942	TFCN2502E3341_004686-T1, TFCN2502E3341_014791-T1, TFCN2502E3341_014776-T1	DBVPG3775_003287-T1
GF00000943	TFCN2502E3341_004693-T1, TFCN2502E3341_013087-T1, TFCN2502E3341_013086-T1	DBVPG3775_003294-T1
GF00000944	TFCN2502E3341_004695-T1, TFCN2502E3341_013089-T1, TFCN2502E3341_013090-T1	DBVPG3775_003296-T1
GF00000945	TFCN2502E3341_004890-T1, TFCN2502E3341_006201-T1, TFCN2502E3341_006202-T1	DBVPG3775_007524-T1
GF00000946	TFCN2502E3341_004841-T1, TFCN2502E3341_014360-T1, TFCN2502E3341_014724-T1	DBVPG3775_002922-T1
GF00000947	TFCN2502E3341_004851-T1, TFCN2502E3341_012604-T1, TFCN2502E3341_004852-T1	DBVPG3775_002912-T1
GF00000948	TFCN2502E3341_004855-T1, TFCN2502E3341_012601-T1, TFCN2502E3341_012600-T1	DBVPG3775_002909-T1
GF00000949	TFCN2502E3341_004859-T1, TFCN2502E3341_012593-T1, TFCN2502E3341_004860-T1	DBVPG3775_002905-T1
GF00000950	TFCN2502E3341_011933-T1, TFCN2502E3341_011934-T1, TFCN2502E3341_004873-T1	DBVPG3775_002891-T1
GF00000951	TFCN2502E3341_004872-T1, TFCN2502E3341_013540-T1, TFCN2502E3341_011936-T1	DBVPG3775_002892-T1
GF00000952	TFCN2502E3341_009284-T1, TFCN2502E3341_014228-T1	DBVPG3775_006105-T1, DBVPG3775_006106-T1
GF00000953	TFCN2502E3341_005027-T1, TFCN2502E3341_005285-T1, TFCN2502E3341_005028-T1	DBVPG3775_002975-T1
GF00000954	TFCN2502E3341_005051-T1, TFCN2502E3341_005257-T1, TFCN2502E3341_005052-T1	DBVPG3775_003000-T1
GF00000955	TFCN2502E3341_005156-T1, TFCN2502E3341_013230-T1, TFCN2502E3341_008984-T1	DBVPG3775_000347-T1
GF00000956	TFCN2502E3341_005162-T1, TFCN2502E3341_014256-T1, TFCN2502E3341_014255-T1	DBVPG3775_004826-T1
GF00000957	TFCN2502E3341_005167-T1, TFCN2502E3341_014250-T1, TFCN2502E3341_008893-T1	DBVPG3775_004820-T1
GF00000958	TFCN2502E3341_005196-T1, TFCN2502E3341_008921-T1	DBVPG3775_004791-T1, DBVPG3775_004792-T1
GF00000959	TFCN2502E3341_005205-T1, TFCN2502E3341_008931-T1	DBVPG3775_004780-T1, DBVPG3775_004781-T1
GF00000960	TFCN2502E3341_005217-T1, TFCN2502E3341_014038-T1, TFCN2502E3341_011949-T1	DBVPG3775_004764-T1
GF00000961	TFCN2502E3341_005302-T1, TFCN2502E3341_008376-T1, TFCN2502E3341_008377-T1	DBVPG3775_003132-T1
GF00000962	TFCN2502E3341_005369-T1, TFCN2502E3341_005809-T1, TFCN2502E3341_013523-T1	DBVPG3775_003202-T1
GF00000963	TFCN2502E3341_005520-T1, TFCN2502E3341_005972-T1, TFCN2502E3341_005521-T1	DBVPG3775_002117-T1
GF00000964	TFCN2502E3341_005525-T1, TFCN2502E3341_005976-T1	DBVPG3775_002112-T1, DBVPG3775_002113-T1
GF00000965	TFCN2502E3341_005585-T1, TFCN2502E3341_011918-T1, TFCN2502E3341_011475-T1	DBVPG3775_006834-T1
GF00000966	TFCN2502E3341_005606-T1, TFCN2502E3341_014152-T1, TFCN2502E3341_014604-T1	DBVPG3775_006895-T1
GF00000967	TFCN2502E3341_005651-T1, TFCN2502E3341_012473-T1, TFCN2502E3341_014765-T1	DBVPG3775_006946-T1
GF00000968	TFCN2502E3341_005657-T1, TFCN2502E3341_012480-T1, TFCN2502E3341_012479-T1	DBVPG3775_006952-T1
GF00000969	TFCN2502E3341_005660-T1, TFCN2502E3341_014812-T1, TFCN2502E3341_012483-T1	DBVPG3775_006955-T1
GF00000970	TFCN2502E3341_005934-T1, TFCN2502E3341_012305-T1	DBVPG3775_000001-T1, DBVPG3775_007327-T1
GF00000971	TFCN2502E3341_005954-T1, TFCN2502E3341_014144-T1, TFCN2502E3341_013581-T1	DBVPG3775_000021-T1
GF00000972	TFCN2502E3341_006109-T1, TFCN2502E3341_010971-T1	DBVPG3775_006260-T1, DBVPG3775_006261-T1
GF00000973	TFCN2502E3341_006112-T1, TFCN2502E3341_010967-T1, TFCN2502E3341_010968-T1	DBVPG3775_006257-T1
GF00000974	TFCN2502E3341_006145-T1, TFCN2502E3341_012468-T1	DBVPG3775_006940-T1, DBVPG3775_006941-T1
GF00000975	TFCN2502E3341_006212-T1, TFCN2502E3341_009980-T1	DBVPG3775_007543-T1, DBVPG3775_007550-T1
GF00000976	TFCN2502E3341_006240-T1, TFCN2502E3341_010459-T1, TFCN2502E3341_010458-T1	DBVPG3775_003334-T1
GF00000977	TFCN2502E3341_006261-T1, TFCN2502E3341_010474-T1, TFCN2502E3341_006262-T1	DBVPG3775_003354-T1
GF00000978	TFCN2502E3341_006268-T1, TFCN2502E3341_014733-T1, TFCN2502E3341_010480-T1	DBVPG3775_003360-T1
GF00000979	TFCN2502E3341_006514-T1, TFCN2502E3341_014516-T1, TFCN2502E3341_014761-T1	DBVPG3775_006223-T1
GF00000980	TFCN2502E3341_006586-T1, TFCN2502E3341_010296-T1, TFCN2502E3341_010295-T1	DBVPG3775_003680-T1
GF00000981	TFCN2502E3341_006646-T1, TFCN2502E3341_008604-T1, TFCN2502E3341_008603-T1	DBVPG3775_006785-T1
GF00000982	TFCN2502E3341_006661-T1, TFCN2502E3341_008586-T1, TFCN2502E3341_008587-T1	DBVPG3775_006801-T1
GF00000983	TFCN2502E3341_006716-T1, TFCN2502E3341_010435-T1, TFCN2502E3341_006717-T1	DBVPG3775_003961-T1
GF00000984	TFCN2502E3341_006865-T1, TFCN2502E3341_007024-T1, TFCN2502E3341_009242-T1	DBVPG3775_003443-T1
GF00000985	TFCN2502E3341_006924-T1, TFCN2502E3341_012390-T1, TFCN2502E3341_014455-T1	DBVPG3775_005036-T1
GF00000986	TFCN2502E3341_006929-T1, TFCN2502E3341_012385-T1, TFCN2502E3341_012384-T1	DBVPG3775_005031-T1
GF00000987	TFCN2502E3341_007075-T1, TFCN2502E3341_010804-T1, TFCN2502E3341_013476-T1	DBVPG3775_002551-T1
GF00000988	TFCN2502E3341_007088-T1, TFCN2502E3341_014332-T1	DBVPG3775_003367-T1, DBVPG3775_003368-T1
GF00000989	TFCN2502E3341_007093-T1, TFCN2502E3341_013391-T1, TFCN2502E3341_014581-T1	DBVPG3775_003374-T1
GF00000990	TFCN2502E3341_007366-T1, TFCN2502E3341_009331-T1, TFCN2502E3341_009330-T1	DBVPG3775_004384-T1
GF00000991	TFCN2502E3341_007384-T1, TFCN2502E3341_009348-T1, TFCN2502E3341_014110-T1	DBVPG3775_004402-T1
GF00000992	TFCN2502E3341_007569-T1, TFCN2502E3341_013681-T1, TFCN2502E3341_014171-T1	DBVPG3775_001012-T1
GF00000993	TFCN2502E3341_008753-T1, TFCN2502E3341_007601-T1, TFCN2502E3341_008752-T1	DBVPG3775_000980-T1
GF00000994	TFCN2502E3341_007630-T1, TFCN2502E3341_011890-T1, TFCN2502E3341_011891-T1	DBVPG3775_000100-T1
GF00000995	TFCN2502E3341_007676-T1, TFCN2502E3341_011160-T1, TFCN2502E3341_007677-T1	DBVPG3775_007208-T1
GF00000996	TFCN2502E3341_007681-T1, TFCN2502E3341_008502-T1, TFCN2502E3341_011065-T1	DBVPG3775_005832-T1
GF00000997	TFCN2502E3341_007804-T1, TFCN2502E3341_009583-T1, TFCN2502E3341_007805-T1	DBVPG3775_005617-T1
GF00000998	TFCN2502E3341_007810-T1, TFCN2502E3341_009588-T1, TFCN2502E3341_007811-T1	DBVPG3775_005622-T1
GF00000999	TFCN2502E3341_007855-T1, TFCN2502E3341_012699-T1, TFCN2502E3341_009353-T1	DBVPG3775_005903-T1
GF00001000	TFCN2502E3341_007881-T1, TFCN2502E3341_008545-T1, TFCN2502E3341_012257-T1	DBVPG3775_005927-T1
GF00001001	TFCN2502E3341_007927-T1, TFCN2502E3341_014650-T1, TFCN2502E3341_007928-T1	DBVPG3775_001762-T1
GF00001002	TFCN2502E3341_007969-T1, TFCN2502E3341_008335-T1	DBVPG3775_001622-T1, DBVPG3775_001623-T1
GF00001003	TFCN2502E3341_007978-T1, TFCN2502E3341_008326-T1, TFCN2502E3341_008327-T1	DBVPG3775_001632-T1
GF00001004	TFCN2502E3341_008251-T1, TFCN2502E3341_014325-T1, TFCN2502E3341_014143-T1	DBVPG3775_002138-T1
GF00001005	TFCN2502E3341_008260-T1, TFCN2502E3341_014317-T1, TFCN2502E3341_010306-T1	DBVPG3775_002147-T1
GF00001006	TFCN2502E3341_008277-T1, TFCN2502E3341_010323-T1, TFCN2502E3341_008278-T1	DBVPG3775_002164-T1
GF00001007	TFCN2502E3341_008318-T1, TFCN2502E3341_013231-T1, TFCN2502E3341_008319-T1	DBVPG3775_005451-T1
GF00001008	TFCN2502E3341_008526-T1, TFCN2502E3341_012235-T1, TFCN2502E3341_014822-T1	DBVPG3775_005949-T1
GF00001009	TFCN2502E3341_008685-T1, TFCN2502E3341_014175-T1, TFCN2502E3341_014422-T1	DBVPG3775_003850-T1
GF00001010	TFCN2502E3341_008687-T1, TFCN2502E3341_014177-T1, TFCN2502E3341_011054-T1	DBVPG3775_003848-T1
GF00001011	TFCN2502E3341_008695-T1, TFCN2502E3341_011062-T1	DBVPG3775_003839-T1, DBVPG3775_003840-T1
GF00001012	TFCN2502E3341_008844-T1, TFCN2502E3341_009125-T1	DBVPG3775_002608-T1, DBVPG3775_002609-T1
GF00001013	TFCN2502E3341_008873-T1, TFCN2502E3341_011332-T1	DBVPG3775_001465-T1, DBVPG3775_001466-T1
GF00001014	TFCN2502E3341_008882-T1, TFCN2502E3341_011323-T1	DBVPG3775_001475-T1, DBVPG3775_001476-T1
GF00001015	TFCN2502E3341_008885-T1, TFCN2502E3341_013405-T1, TFCN2502E3341_011322-T1	DBVPG3775_001479-T1
GF00001016	TFCN2502E3341_008938-T1, TFCN2502E3341_009185-T1	DBVPG3775_000300-T1, DBVPG3775_000301-T1
GF00001017	TFCN2502E3341_008942-T1, TFCN2502E3341_009181-T1, TFCN2502E3341_008943-T1	DBVPG3775_000305-T1
GF00001018	TFCN2502E3341_008972-T1, TFCN2502E3341_009152-T1	DBVPG3775_000334-T1, DBVPG3775_000335-T1
GF00001019	TFCN2502E3341_008992-T1, TFCN2502E3341_014341-T1, TFCN2502E3341_014316-T1	DBVPG3775_004701-T1
GF00001020	TFCN2502E3341_008998-T1, TFCN2502E3341_014347-T1, TFCN2502E3341_014698-T1	DBVPG3775_004695-T1
GF00001021	TFCN2502E3341_009003-T1, TFCN2502E3341_011777-T1, TFCN2502E3341_014754-T1	DBVPG3775_004690-T1
GF00001022	TFCN2502E3341_009108-T1, TFCN2502E3341_013584-T1, TFCN2502E3341_013583-T1	DBVPG3775_002592-T1
GF00001023	TFCN2502E3341_009223-T1, TFCN2502E3341_011726-T1, TFCN2502E3341_009224-T1	DBVPG3775_002202-T1
GF00001024	TFCN2502E3341_011719-T1, TFCN2502E3341_011715-T1	DBVPG3775_002191-T1, DBVPG3775_002195-T1
GF00001025	TFCN2502E3341_009281-T1, TFCN2502E3341_014225-T1	DBVPG3775_006101-T1, DBVPG3775_006102-T1
GF00001026	TFCN2502E3341_009286-T1, TFCN2502E3341_014231-T1	DBVPG3775_006109-T1, DBVPG3775_006110-T1
GF00001027	TFCN2502E3341_009289-T1, TFCN2502E3341_014234-T1, TFCN2502E3341_014486-T1	DBVPG3775_006113-T1
GF00001028	TFCN2502E3341_009301-T1, TFCN2502E3341_010998-T1, TFCN2502E3341_010999-T1	DBVPG3775_006126-T1
GF00001029	TFCN2502E3341_009365-T1, TFCN2502E3341_010524-T1	DBVPG3775_006567-T1, DBVPG3775_006568-T1
GF00001030	TFCN2502E3341_009382-T1, TFCN2502E3341_010508-T1, TFCN2502E3341_009383-T1	DBVPG3775_006551-T1
GF00001031	TFCN2502E3341_009406-T1, TFCN2502E3341_012234-T1, TFCN2502E3341_013872-T1	DBVPG3775_002439-T1
GF00001032	TFCN2502E3341_009422-T1, TFCN2502E3341_012106-T1	DBVPG3775_003992-T1, DBVPG3775_003993-T1
GF00001033	TFCN2502E3341_009423-T1, TFCN2502E3341_012105-T1	DBVPG3775_003994-T1, DBVPG3775_003995-T1
GF00001034	TFCN2502E3341_009611-T1, TFCN2502E3341_014819-T1, TFCN2502E3341_013921-T1	DBVPG3775_006901-T1
GF00001035	TFCN2502E3341_009618-T1, TFCN2502E3341_012406-T1, TFCN2502E3341_014178-T1	DBVPG3775_007336-T1
GF00001036	TFCN2502E3341_012613-T1, TFCN2502E3341_013758-T1, TFCN2502E3341_013757-T1	DBVPG3775_006648-T1
GF00001037	TFCN2502E3341_009831-T1, TFCN2502E3341_014801-T1, TFCN2502E3341_014598-T1	DBVPG3775_000549-T1
GF00001038	TFCN2502E3341_009868-T1, TFCN2502E3341_013157-T1, TFCN2502E3341_013156-T1	DBVPG3775_007098-T1
GF00001039	TFCN2502E3341_010090-T1, TFCN2502E3341_012585-T1, TFCN2502E3341_013907-T1	DBVPG3775_006678-T1
GF00001040	TFCN2502E3341_010103-T1, TFCN2502E3341_012572-T1, TFCN2502E3341_012629-T1	DBVPG3775_006665-T1
GF00001041	TFCN2502E3341_010172-T1, TFCN2502E3341_014595-T1	DBVPG3775_000550-T1, DBVPG3775_000553-T1
GF00001042	TFCN2502E3341_010193-T1, TFCN2502E3341_011023-T1, TFCN2502E3341_011582-T1	DBVPG3775_000574-T1
GF00001043	TFCN2502E3341_010203-T1, TFCN2502E3341_011035-T1, TFCN2502E3341_011431-T1	DBVPG3775_000584-T1
GF00001044	TFCN2502E3341_010337-T1, TFCN2502E3341_011536-T1, TFCN2502E3341_011502-T1	DBVPG3775_002741-T1
GF00001045	TFCN2502E3341_010364-T1, TFCN2502E3341_013316-T1, TFCN2502E3341_012883-T1	DBVPG3775_006355-T1
GF00001046	TFCN2502E3341_010393-T1, TFCN2502E3341_010885-T1, TFCN2502E3341_010394-T1	DBVPG3775_005527-T1
GF00001047	TFCN2502E3341_010408-T1, TFCN2502E3341_010898-T1	DBVPG3775_003540-T1, DBVPG3775_005541-T1
GF00001048	TFCN2502E3341_010544-T1, TFCN2502E3341_011154-T1, TFCN2502E3341_011155-T1	DBVPG3775_007213-T1
GF00001049	TFCN2502E3341_010635-T1, TFCN2502E3341_013353-T1, TFCN2502E3341_013354-T1	DBVPG3775_000704-T1
GF00001050	TFCN2502E3341_010773-T1, TFCN2502E3341_011907-T1, TFCN2502E3341_014586-T1	DBVPG3775_006534-T1
GF00001051	TFCN2502E3341_010852-T1, TFCN2502E3341_012046-T1	DBVPG3775_004722-T1, DBVPG3775_006288-T1
GF00001052	TFCN2502E3341_011002-T1, TFCN2502E3341_012198-T1, TFCN2502E3341_012199-T1	DBVPG3775_006129-T1
GF00001053	TFCN2502E3341_011263-T1, TFCN2502E3341_011752-T1, TFCN2502E3341_011751-T1	DBVPG3775_002377-T1
GF00001054	TFCN2502E3341_011264-T1, TFCN2502E3341_011753-T1, TFCN2502E3341_011754-T1	DBVPG3775_002376-T1
GF00001055	TFCN2502E3341_011354-T1, TFCN2502E3341_014267-T1	DBVPG3775_004851-T1, DBVPG3775_004852-T1
GF00001056	TFCN2502E3341_011469-T1, TFCN2502E3341_013610-T1, TFCN2502E3341_014850-T1	DBVPG3775_006840-T1
GF00001057	TFCN2502E3341_011613-T1, TFCN2502E3341_012371-T1, TFCN2502E3341_012372-T1	DBVPG3775_002718-T1
GF00001058	TFCN2502E3341_011838-T1, TFCN2502E3341_013720-T1, TFCN2502E3341_013549-T1	DBVPG3775_007422-T1
GF00001059	TFCN2502E3341_011910-T1, TFCN2502E3341_014589-T1, TFCN2502E3341_011911-T1	DBVPG3775_006537-T1
GF00001060	TFCN2502E3341_011963-T1, TFCN2502E3341_014612-T1, TFCN2502E3341_014657-T1	DBVPG3775_004749-T1
GF00001061	TFCN2502E3341_012859-T1, TFCN2502E3341_014683-T1, TFCN2502E3341_012923-T1	DBVPG3775_003490-T1
GF00001062	TFCN2502E3341_012520-T1, TFCN2502E3341_013031-T1, TFCN2502E3341_012521-T1	DBVPG3775_007303-T1
GF00001063	TFCN2502E3341_012528-T1, TFCN2502E3341_014274-T1, TFCN2502E3341_013037-T1	DBVPG3775_007297-T1
GF00001064	TFCN2502E3341_012534-T1, TFCN2502E3341_014280-T1, TFCN2502E3341_014281-T1	DBVPG3775_007291-T1
GF00001065	TFCN2502E3341_012733-T1, TFCN2502E3341_014730-T1	DBVPG3775_000038-T1, DBVPG3775_000039-T1
GF00001066	TFCN2502E3341_012863-T1, TFCN2502E3341_012927-T1, TFCN2502E3341_012928-T1	DBVPG3775_003486-T1
GF00001067	TFCN2502E3341_013010-T1, TFCN2502E3341_014046-T1	DBVPG3775_005964-T1, DBVPG3775_005965-T1
GF00001068	TFCN2502E3341_013062-T1, TFCN2502E3341_013482-T1	DBVPG3775_007500-T1, DBVPG3775_007501-T1
GF00001069	TFCN2502E3341_013477-T1, TFCN2502E3341_014337-T1, TFCN2502E3341_014392-T1	DBVPG3775_004265-T1
GF00001070	TFCN2502E3341_013631-T1, TFCN2502E3341_013966-T1, TFCN2502E3341_014545-T1	DBVPG3775_006747-T1
GF00001071	TFCN2502E3341_013824-T1, TFCN2502E3341_013925-T1	DBVPG3775_006544-T1, DBVPG3775_006545-T1
GF00001072	TFCN2502E3341_014514-T1, TFCN2502E3341_014593-T1	DBVPG3775_002120-T1, DBVPG3775_007092-T1
GF00001073	TFCN2502E3341_000163-T1	DBVPG3775_000421-T1, DBVPG3775_004134-T1, DBVPG3775_004135-T1
GF00001074	TFCN2502E3341_014094-T1, TFCN2502E3341_014088-T1	DBVPG3775_003452-T1, DBVPG3775_003458-T1
GF00001075	TFCN2502E3341_000002-T1, TFCN2502E3341_007735-T1	DBVPG3775_001100-T1
GF00001076	TFCN2502E3341_000003-T1, TFCN2502E3341_007736-T1	DBVPG3775_001099-T1
GF00001077	TFCN2502E3341_000004-T1, TFCN2502E3341_007737-T1	DBVPG3775_001098-T1
GF00001078	TFCN2502E3341_000006-T1, TFCN2502E3341_007740-T1	DBVPG3775_001095-T1
GF00001079	TFCN2502E3341_000008-T1, TFCN2502E3341_007743-T1	DBVPG3775_001093-T1
GF00001080	TFCN2502E3341_000010-T1, TFCN2502E3341_007745-T1	DBVPG3775_001091-T1
GF00001081	TFCN2502E3341_000015-T1, TFCN2502E3341_007750-T1	DBVPG3775_001086-T1
GF00001082	TFCN2502E3341_005118-T1, TFCN2502E3341_013216-T1	DBVPG3775_000384-T1
GF00001083	TFCN2502E3341_000017-T1, TFCN2502E3341_007753-T1	DBVPG3775_001083-T1
GF00001084	TFCN2502E3341_000018-T1, TFCN2502E3341_007754-T1	DBVPG3775_001082-T1
GF00001085	TFCN2502E3341_000019-T1, TFCN2502E3341_007755-T1	DBVPG3775_001081-T1
GF00001086	TFCN2502E3341_000020-T1, TFCN2502E3341_007756-T1	DBVPG3775_001080-T1
GF00001087	TFCN2502E3341_000021-T1, TFCN2502E3341_007757-T1	DBVPG3775_001079-T1
GF00001088	TFCN2502E3341_000022-T1, TFCN2502E3341_007758-T1	DBVPG3775_001078-T1
GF00001089	TFCN2502E3341_000023-T1, TFCN2502E3341_007759-T1	DBVPG3775_001077-T1
GF00001090	TFCN2502E3341_000024-T1, TFCN2502E3341_007760-T1	DBVPG3775_001076-T1
GF00001091	TFCN2502E3341_000025-T1, TFCN2502E3341_007761-T1	DBVPG3775_001075-T1
GF00001092	TFCN2502E3341_000026-T1, TFCN2502E3341_007762-T1	DBVPG3775_001074-T1
GF00001093	TFCN2502E3341_000027-T1, TFCN2502E3341_007764-T1	DBVPG3775_001072-T1
GF00001094	TFCN2502E3341_000028-T1, TFCN2502E3341_007765-T1	DBVPG3775_001071-T1
GF00001095	TFCN2502E3341_000029-T1, TFCN2502E3341_007766-T1	DBVPG3775_001070-T1
GF00001096	TFCN2502E3341_000030-T1, TFCN2502E3341_007767-T1	DBVPG3775_001069-T1
GF00001097	TFCN2502E3341_000031-T1, TFCN2502E3341_007768-T1	DBVPG3775_001068-T1
GF00001098	TFCN2502E3341_000032-T1, TFCN2502E3341_007769-T1	DBVPG3775_001067-T1
GF00001099	TFCN2502E3341_000035-T1, TFCN2502E3341_007772-T1	DBVPG3775_001064-T1
GF00001100	TFCN2502E3341_000036-T1, TFCN2502E3341_007774-T1	DBVPG3775_001062-T1
GF00001101	TFCN2502E3341_000037-T1, TFCN2502E3341_007775-T1	DBVPG3775_001061-T1
GF00001102	TFCN2502E3341_000038-T1, TFCN2502E3341_007776-T1	DBVPG3775_001060-T1
GF00001103	TFCN2502E3341_000041-T1, TFCN2502E3341_012826-T1	DBVPG3775_001057-T1
GF00001104	TFCN2502E3341_000042-T1, TFCN2502E3341_012827-T1	DBVPG3775_001056-T1
GF00001105	TFCN2502E3341_000044-T1, TFCN2502E3341_012829-T1	DBVPG3775_001054-T1
GF00001106	TFCN2502E3341_000047-T1, TFCN2502E3341_012831-T1	DBVPG3775_001052-T1
GF00001107	TFCN2502E3341_000048-T1, TFCN2502E3341_012832-T1	DBVPG3775_001051-T1
GF00001108	TFCN2502E3341_000053-T1, TFCN2502E3341_012837-T1	DBVPG3775_001047-T1
GF00001109	TFCN2502E3341_000054-T1, TFCN2502E3341_012838-T1	DBVPG3775_001046-T1
GF00001110	TFCN2502E3341_000056-T1, TFCN2502E3341_012840-T1	DBVPG3775_001044-T1
GF00001111	TFCN2502E3341_000057-T1, TFCN2502E3341_012843-T1	DBVPG3775_001042-T1
GF00001112	TFCN2502E3341_005843-T1, TFCN2502E3341_005337-T1	DBVPG3775_003167-T1
GF00001113	TFCN2502E3341_000060-T1, TFCN2502E3341_008232-T1	DBVPG3775_001038-T1
GF00001114	TFCN2502E3341_000061-T1, TFCN2502E3341_008231-T1	DBVPG3775_001037-T1
GF00001115	TFCN2502E3341_000062-T1, TFCN2502E3341_008230-T1	DBVPG3775_001036-T1
GF00001116	TFCN2502E3341_000063-T1, TFCN2502E3341_008229-T1	DBVPG3775_004237-T1
GF00001117	TFCN2502E3341_000064-T1, TFCN2502E3341_008228-T1	DBVPG3775_004236-T1
GF00001118	TFCN2502E3341_000065-T1, TFCN2502E3341_008227-T1	DBVPG3775_004235-T1
GF00001119	TFCN2502E3341_000066-T1, TFCN2502E3341_008226-T1	DBVPG3775_004234-T1
GF00001120	TFCN2502E3341_000067-T1, TFCN2502E3341_008225-T1	DBVPG3775_004233-T1
GF00001121	TFCN2502E3341_000069-T1, TFCN2502E3341_008223-T1	DBVPG3775_004231-T1
GF00001122	TFCN2502E3341_000071-T1, TFCN2502E3341_008221-T1	DBVPG3775_004229-T1
GF00001123	TFCN2502E3341_000072-T1, TFCN2502E3341_008220-T1	DBVPG3775_004228-T1
GF00001124	TFCN2502E3341_000073-T1, TFCN2502E3341_008219-T1	DBVPG3775_004227-T1
GF00001125	TFCN2502E3341_000074-T1, TFCN2502E3341_008218-T1	DBVPG3775_004226-T1
GF00001126	TFCN2502E3341_000075-T1, TFCN2502E3341_008217-T1	DBVPG3775_004225-T1
GF00001127	TFCN2502E3341_000076-T1, TFCN2502E3341_008216-T1	DBVPG3775_004224-T1
GF00001128	TFCN2502E3341_000077-T1, TFCN2502E3341_008215-T1	DBVPG3775_004223-T1
GF00001129	TFCN2502E3341_000078-T1, TFCN2502E3341_008214-T1	DBVPG3775_004222-T1
GF00001130	TFCN2502E3341_000079-T1, TFCN2502E3341_008213-T1	DBVPG3775_004221-T1
GF00001131	TFCN2502E3341_000080-T1, TFCN2502E3341_008212-T1	DBVPG3775_004220-T1
GF00001132	TFCN2502E3341_000081-T1, TFCN2502E3341_008211-T1	DBVPG3775_004219-T1
GF00001133	TFCN2502E3341_000082-T1, TFCN2502E3341_008210-T1	DBVPG3775_004218-T1
GF00001134	TFCN2502E3341_000083-T1, TFCN2502E3341_008209-T1	DBVPG3775_004217-T1
GF00001135	TFCN2502E3341_000084-T1, TFCN2502E3341_008208-T1	DBVPG3775_004216-T1
GF00001136	TFCN2502E3341_000085-T1, TFCN2502E3341_008207-T1	DBVPG3775_004215-T1
GF00001137	TFCN2502E3341_000086-T1, TFCN2502E3341_008206-T1	DBVPG3775_004214-T1
GF00001138	TFCN2502E3341_000087-T1, TFCN2502E3341_008205-T1	DBVPG3775_004213-T1
GF00001139	TFCN2502E3341_000091-T1, TFCN2502E3341_008200-T1	DBVPG3775_004209-T1
GF00001140	TFCN2502E3341_000092-T1, TFCN2502E3341_008195-T1	DBVPG3775_004208-T1
GF00001141	TFCN2502E3341_000093-T1, TFCN2502E3341_008194-T1	DBVPG3775_004207-T1
GF00001142	TFCN2502E3341_000094-T1, TFCN2502E3341_008193-T1	DBVPG3775_004206-T1
GF00001143	TFCN2502E3341_000095-T1, TFCN2502E3341_008192-T1	DBVPG3775_004205-T1
GF00001144	TFCN2502E3341_000096-T1, TFCN2502E3341_008191-T1	DBVPG3775_004204-T1
GF00001145	TFCN2502E3341_000097-T1, TFCN2502E3341_008190-T1	DBVPG3775_004203-T1
GF00001146	TFCN2502E3341_000099-T1, TFCN2502E3341_008188-T1	DBVPG3775_004201-T1
GF00001147	TFCN2502E3341_000100-T1, TFCN2502E3341_008187-T1	DBVPG3775_004200-T1
GF00001148	TFCN2502E3341_000106-T1, TFCN2502E3341_008181-T1	DBVPG3775_004194-T1
GF00001149	TFCN2502E3341_000108-T1, TFCN2502E3341_008434-T1	DBVPG3775_004192-T1
GF00001150	TFCN2502E3341_000109-T1, TFCN2502E3341_008433-T1	DBVPG3775_004191-T1
GF00001151	TFCN2502E3341_000110-T1, TFCN2502E3341_008432-T1	DBVPG3775_004190-T1
GF00001152	TFCN2502E3341_000111-T1, TFCN2502E3341_008431-T1	DBVPG3775_004189-T1
GF00001153	TFCN2502E3341_000112-T1, TFCN2502E3341_008430-T1	DBVPG3775_004188-T1
GF00001154	TFCN2502E3341_000119-T1, TFCN2502E3341_008422-T1	DBVPG3775_004178-T1
GF00001155	TFCN2502E3341_000120-T1, TFCN2502E3341_008421-T1	DBVPG3775_004177-T1
GF00001156	TFCN2502E3341_000121-T1, TFCN2502E3341_008420-T1	DBVPG3775_004176-T1
GF00001157	TFCN2502E3341_000122-T1, TFCN2502E3341_008419-T1	DBVPG3775_004175-T1
GF00001158	TFCN2502E3341_000123-T1, TFCN2502E3341_008418-T1	DBVPG3775_004174-T1
GF00001159	TFCN2502E3341_000124-T1, TFCN2502E3341_008417-T1	DBVPG3775_004173-T1
GF00001160	TFCN2502E3341_000126-T1, TFCN2502E3341_008415-T1	DBVPG3775_004171-T1
GF00001161	TFCN2502E3341_000127-T1, TFCN2502E3341_008414-T1	DBVPG3775_004170-T1
GF00001162	TFCN2502E3341_000129-T1, TFCN2502E3341_008413-T1	DBVPG3775_004169-T1
GF00001163	TFCN2502E3341_000130-T1, TFCN2502E3341_008412-T1	DBVPG3775_004168-T1
GF00001164	TFCN2502E3341_000132-T1, TFCN2502E3341_008410-T1	DBVPG3775_004166-T1
GF00001165	TFCN2502E3341_000133-T1, TFCN2502E3341_008409-T1	DBVPG3775_004165-T1
GF00001166	TFCN2502E3341_000134-T1, TFCN2502E3341_008408-T1	DBVPG3775_004164-T1
GF00001167	TFCN2502E3341_000136-T1, TFCN2502E3341_008406-T1	DBVPG3775_004162-T1
GF00001168	TFCN2502E3341_000137-T1, TFCN2502E3341_008405-T1	DBVPG3775_004161-T1
GF00001169	TFCN2502E3341_000138-T1, TFCN2502E3341_008404-T1	DBVPG3775_004160-T1
GF00001170	TFCN2502E3341_000139-T1, TFCN2502E3341_008403-T1	DBVPG3775_004159-T1
GF00001171	TFCN2502E3341_000140-T1, TFCN2502E3341_008402-T1	DBVPG3775_004158-T1
GF00001172	TFCN2502E3341_000147-T1, TFCN2502E3341_008395-T1	DBVPG3775_004152-T1
GF00001173	TFCN2502E3341_000148-T1, TFCN2502E3341_008394-T1	DBVPG3775_004151-T1
GF00001174	TFCN2502E3341_000149-T1, TFCN2502E3341_008393-T1	DBVPG3775_004150-T1
GF00001175	TFCN2502E3341_006221-T1, TFCN2502E3341_004713-T1	DBVPG3775_003313-T1
GF00001176	TFCN2502E3341_000152-T1, TFCN2502E3341_008390-T1	DBVPG3775_004147-T1
GF00001177	TFCN2502E3341_000153-T1, TFCN2502E3341_008389-T1	DBVPG3775_004146-T1
GF00001178	TFCN2502E3341_000155-T1, TFCN2502E3341_008386-T1	DBVPG3775_004143-T1
GF00001179	TFCN2502E3341_000158-T1, TFCN2502E3341_005716-T1	DBVPG3775_004140-T1
GF00001180	TFCN2502E3341_000160-T1, TFCN2502E3341_005718-T1	DBVPG3775_004138-T1
GF00001181	TFCN2502E3341_000161-T1, TFCN2502E3341_005719-T1	DBVPG3775_004137-T1
GF00001182	TFCN2502E3341_000166-T1, TFCN2502E3341_005723-T1	DBVPG3775_004131-T1
GF00001183	TFCN2502E3341_000167-T1, TFCN2502E3341_005724-T1	DBVPG3775_004130-T1
GF00001184	TFCN2502E3341_000168-T1, TFCN2502E3341_005725-T1	DBVPG3775_004129-T1
GF00001185	TFCN2502E3341_000172-T1, TFCN2502E3341_005728-T1	DBVPG3775_004126-T1
GF00001186	TFCN2502E3341_000173-T1, TFCN2502E3341_005729-T1	DBVPG3775_004125-T1
GF00001187	TFCN2502E3341_004567-T1, TFCN2502E3341_002585-T1	DBVPG3775_002306-T1
GF00001188	TFCN2502E3341_000174-T1, TFCN2502E3341_005730-T1	DBVPG3775_004124-T1
GF00001189	TFCN2502E3341_000175-T1, TFCN2502E3341_005731-T1	DBVPG3775_004123-T1
GF00001190	TFCN2502E3341_000178-T1, TFCN2502E3341_005734-T1	DBVPG3775_004120-T1
GF00001191	TFCN2502E3341_000179-T1, TFCN2502E3341_005735-T1	DBVPG3775_004119-T1
GF00001192	TFCN2502E3341_000180-T1, TFCN2502E3341_005736-T1	DBVPG3775_004118-T1
GF00001193	TFCN2502E3341_004603-T1, TFCN2502E3341_000922-T1	DBVPG3775_005231-T1
GF00001194	TFCN2502E3341_000183-T1, TFCN2502E3341_005739-T1	DBVPG3775_004115-T1
GF00001195	TFCN2502E3341_000186-T1, TFCN2502E3341_005742-T1	DBVPG3775_007051-T1
GF00001196	TFCN2502E3341_000187-T1, TFCN2502E3341_005743-T1	DBVPG3775_007052-T1
GF00001197	TFCN2502E3341_000188-T1, TFCN2502E3341_005744-T1	DBVPG3775_007053-T1
GF00001198	TFCN2502E3341_000189-T1, TFCN2502E3341_005745-T1	DBVPG3775_007054-T1
GF00001199	TFCN2502E3341_000190-T1, TFCN2502E3341_005746-T1	DBVPG3775_007055-T1
GF00001200	TFCN2502E3341_000192-T1, TFCN2502E3341_005748-T1	DBVPG3775_007057-T1
GF00001201	TFCN2502E3341_000193-T1, TFCN2502E3341_005749-T1	DBVPG3775_007058-T1
GF00001202	TFCN2502E3341_000198-T1, TFCN2502E3341_005752-T1	DBVPG3775_007062-T1
GF00001203	TFCN2502E3341_000200-T1, TFCN2502E3341_005754-T1	DBVPG3775_007064-T1
GF00001204	TFCN2502E3341_000201-T1, TFCN2502E3341_005755-T1	DBVPG3775_007065-T1
GF00001205	TFCN2502E3341_000202-T1, TFCN2502E3341_005756-T1	DBVPG3775_007066-T1
GF00001206	TFCN2502E3341_000203-T1, TFCN2502E3341_005757-T1	DBVPG3775_007067-T1
GF00001207	TFCN2502E3341_000205-T1, TFCN2502E3341_005759-T1	DBVPG3775_007069-T1
GF00001208	TFCN2502E3341_000206-T1, TFCN2502E3341_005760-T1	DBVPG3775_007070-T1
GF00001209	TFCN2502E3341_000207-T1, TFCN2502E3341_005761-T1	DBVPG3775_007071-T1
GF00001210	TFCN2502E3341_000208-T1, TFCN2502E3341_005762-T1	DBVPG3775_007072-T1
GF00001211	TFCN2502E3341_000209-T1, TFCN2502E3341_005763-T1	DBVPG3775_007073-T1
GF00001212	TFCN2502E3341_000211-T1, TFCN2502E3341_005765-T1	DBVPG3775_007075-T1
GF00001213	TFCN2502E3341_000212-T1, TFCN2502E3341_005766-T1	DBVPG3775_007076-T1
GF00001214	TFCN2502E3341_000213-T1, TFCN2502E3341_005767-T1	DBVPG3775_007077-T1
GF00001215	TFCN2502E3341_000216-T1, TFCN2502E3341_006483-T1	DBVPG3775_007080-T1
GF00001216	TFCN2502E3341_000217-T1, TFCN2502E3341_006482-T1	DBVPG3775_007081-T1
GF00001217	TFCN2502E3341_000218-T1, TFCN2502E3341_006481-T1	DBVPG3775_007082-T1
GF00001218	TFCN2502E3341_000220-T1, TFCN2502E3341_006479-T1	DBVPG3775_007084-T1
GF00001219	TFCN2502E3341_000221-T1, TFCN2502E3341_006478-T1	DBVPG3775_007085-T1
GF00001220	TFCN2502E3341_000223-T1, TFCN2502E3341_006476-T1	DBVPG3775_007087-T1
GF00001221	TFCN2502E3341_000226-T1, TFCN2502E3341_006473-T1	DBVPG3775_007090-T1
GF00001222	TFCN2502E3341_000227-T1, TFCN2502E3341_006472-T1	DBVPG3775_007091-T1
GF00001223	TFCN2502E3341_000229-T1, TFCN2502E3341_009426-T1	DBVPG3775_003999-T1
GF00001224	TFCN2502E3341_000230-T1, TFCN2502E3341_009427-T1	DBVPG3775_004000-T1
GF00001225	TFCN2502E3341_000233-T1, TFCN2502E3341_009431-T1	DBVPG3775_004003-T1
GF00001226	TFCN2502E3341_000234-T1, TFCN2502E3341_009432-T1	DBVPG3775_004004-T1
GF00001227	TFCN2502E3341_000236-T1, TFCN2502E3341_009434-T1	DBVPG3775_004006-T1
GF00001228	TFCN2502E3341_000237-T1, TFCN2502E3341_009435-T1	DBVPG3775_004007-T1
GF00001229	TFCN2502E3341_000240-T1, TFCN2502E3341_009439-T1	DBVPG3775_004010-T1
GF00001230	TFCN2502E3341_000241-T1, TFCN2502E3341_009440-T1	DBVPG3775_004011-T1
GF00001231	TFCN2502E3341_000242-T1, TFCN2502E3341_009441-T1	DBVPG3775_004012-T1
GF00001232	TFCN2502E3341_000243-T1, TFCN2502E3341_009442-T1	DBVPG3775_004013-T1
GF00001233	TFCN2502E3341_000244-T1, TFCN2502E3341_009443-T1	DBVPG3775_004014-T1
GF00001234	TFCN2502E3341_000245-T1, TFCN2502E3341_009444-T1	DBVPG3775_004015-T1
GF00001235	TFCN2502E3341_000247-T1, TFCN2502E3341_009446-T1	DBVPG3775_004017-T1
GF00001236	TFCN2502E3341_000248-T1, TFCN2502E3341_009447-T1	DBVPG3775_004018-T1
GF00001237	TFCN2502E3341_000250-T1, TFCN2502E3341_009449-T1	DBVPG3775_004020-T1
GF00001238	TFCN2502E3341_000251-T1, TFCN2502E3341_009450-T1	DBVPG3775_004021-T1
GF00001239	TFCN2502E3341_000252-T1, TFCN2502E3341_009451-T1	DBVPG3775_004022-T1
GF00001240	TFCN2502E3341_000253-T1, TFCN2502E3341_009452-T1	DBVPG3775_004023-T1
GF00001241	TFCN2502E3341_000254-T1, TFCN2502E3341_009453-T1	DBVPG3775_004024-T1
GF00001242	TFCN2502E3341_000256-T1, TFCN2502E3341_009455-T1	DBVPG3775_004026-T1
GF00001243	TFCN2502E3341_000257-T1, TFCN2502E3341_009456-T1	DBVPG3775_004027-T1
GF00001244	TFCN2502E3341_000258-T1, TFCN2502E3341_009457-T1	DBVPG3775_004028-T1
GF00001245	TFCN2502E3341_000260-T1, TFCN2502E3341_013079-T1	DBVPG3775_004030-T1
GF00001246	TFCN2502E3341_000262-T1, TFCN2502E3341_013077-T1	DBVPG3775_004032-T1
GF00001247	TFCN2502E3341_000263-T1, TFCN2502E3341_013076-T1	DBVPG3775_004033-T1
GF00001248	TFCN2502E3341_004844-T1, TFCN2502E3341_014363-T1	DBVPG3775_002919-T1
GF00001249	TFCN2502E3341_000265-T1, TFCN2502E3341_013074-T1	DBVPG3775_004036-T1
GF00001250	TFCN2502E3341_000267-T1, TFCN2502E3341_013072-T1	DBVPG3775_004038-T1
GF00001251	TFCN2502E3341_000270-T1, TFCN2502E3341_013070-T1	DBVPG3775_004040-T1
GF00001252	TFCN2502E3341_000273-T1, TFCN2502E3341_013067-T1	DBVPG3775_004043-T1
GF00001253	TFCN2502E3341_000274-T1, TFCN2502E3341_013066-T1	DBVPG3775_004044-T1
GF00001254	TFCN2502E3341_000276-T1, TFCN2502E3341_013842-T1	DBVPG3775_004046-T1
GF00001255	TFCN2502E3341_000277-T1, TFCN2502E3341_013841-T1	DBVPG3775_004047-T1
GF00001256	TFCN2502E3341_000278-T1, TFCN2502E3341_013840-T1	DBVPG3775_004048-T1
GF00001257	TFCN2502E3341_000279-T1, TFCN2502E3341_013839-T1	DBVPG3775_004049-T1
GF00001258	TFCN2502E3341_000280-T1, TFCN2502E3341_013838-T1	DBVPG3775_004050-T1
GF00001259	TFCN2502E3341_008517-T1, TFCN2502E3341_010558-T1	DBVPG3775_005817-T1
GF00001260	TFCN2502E3341_000282-T1, TFCN2502E3341_013836-T1	DBVPG3775_004052-T1
GF00001261	TFCN2502E3341_000283-T1, TFCN2502E3341_013835-T1	DBVPG3775_004053-T1
GF00001262	TFCN2502E3341_000284-T1, TFCN2502E3341_013834-T1	DBVPG3775_004054-T1
GF00001263	TFCN2502E3341_000288-T1, TFCN2502E3341_013831-T1	DBVPG3775_004058-T1
GF00001264	TFCN2502E3341_000289-T1, TFCN2502E3341_013830-T1	DBVPG3775_004059-T1
GF00001265	TFCN2502E3341_000291-T1, TFCN2502E3341_008437-T1	DBVPG3775_004061-T1
GF00001266	TFCN2502E3341_005322-T1, TFCN2502E3341_013306-T1	DBVPG3775_003152-T1
GF00001267	TFCN2502E3341_000292-T1, TFCN2502E3341_008438-T1	DBVPG3775_004062-T1
GF00001268	TFCN2502E3341_000293-T1, TFCN2502E3341_008439-T1	DBVPG3775_004063-T1
GF00001269	TFCN2502E3341_000294-T1, TFCN2502E3341_008440-T1	DBVPG3775_004064-T1
GF00001270	TFCN2502E3341_000295-T1, TFCN2502E3341_008441-T1	DBVPG3775_004065-T1
GF00001271	TFCN2502E3341_000296-T1, TFCN2502E3341_008442-T1	DBVPG3775_004066-T1
GF00001272	TFCN2502E3341_000297-T1, TFCN2502E3341_008444-T1	DBVPG3775_004067-T1
GF00001273	TFCN2502E3341_000298-T1, TFCN2502E3341_008445-T1	DBVPG3775_004068-T1
GF00001274	TFCN2502E3341_000299-T1, TFCN2502E3341_008446-T1	DBVPG3775_004069-T1
GF00001275	TFCN2502E3341_000300-T1, TFCN2502E3341_008447-T1	DBVPG3775_004070-T1
GF00001276	TFCN2502E3341_000301-T1, TFCN2502E3341_008448-T1	DBVPG3775_004071-T1
GF00001277	TFCN2502E3341_000303-T1, TFCN2502E3341_008451-T1	DBVPG3775_004075-T1
GF00001278	TFCN2502E3341_000304-T1, TFCN2502E3341_008452-T1	DBVPG3775_004076-T1
GF00001279	TFCN2502E3341_000305-T1, TFCN2502E3341_008453-T1	DBVPG3775_004077-T1
GF00001280	TFCN2502E3341_000306-T1, TFCN2502E3341_008454-T1	DBVPG3775_004078-T1
GF00001281	TFCN2502E3341_000307-T1, TFCN2502E3341_008455-T1	DBVPG3775_004079-T1
GF00001282	TFCN2502E3341_000309-T1, TFCN2502E3341_008457-T1	DBVPG3775_004081-T1
GF00001283	TFCN2502E3341_000310-T1, TFCN2502E3341_008458-T1	DBVPG3775_004082-T1
GF00001284	TFCN2502E3341_000311-T1, TFCN2502E3341_008459-T1	DBVPG3775_004083-T1
GF00001285	TFCN2502E3341_013315-T1, TFCN2502E3341_005312-T1	DBVPG3775_003142-T1
GF00001286	TFCN2502E3341_000312-T1, TFCN2502E3341_008460-T1	DBVPG3775_004084-T1
GF00001287	TFCN2502E3341_000314-T1, TFCN2502E3341_008462-T1	DBVPG3775_004086-T1
GF00001288	TFCN2502E3341_000315-T1, TFCN2502E3341_008463-T1	DBVPG3775_004087-T1
GF00001289	TFCN2502E3341_000316-T1, TFCN2502E3341_008464-T1	DBVPG3775_004088-T1
GF00001290	TFCN2502E3341_000317-T1, TFCN2502E3341_008465-T1	DBVPG3775_004089-T1
GF00001291	TFCN2502E3341_000318-T1, TFCN2502E3341_008466-T1	DBVPG3775_004090-T1
GF00001292	TFCN2502E3341_000319-T1, TFCN2502E3341_008467-T1	DBVPG3775_004091-T1
GF00001293	TFCN2502E3341_000320-T1, TFCN2502E3341_008468-T1	DBVPG3775_004092-T1
GF00001294	TFCN2502E3341_000321-T1, TFCN2502E3341_008469-T1	DBVPG3775_004093-T1
GF00001295	TFCN2502E3341_000322-T1, TFCN2502E3341_008470-T1	DBVPG3775_004094-T1
GF00001296	TFCN2502E3341_000323-T1, TFCN2502E3341_008471-T1	DBVPG3775_004095-T1
GF00001297	TFCN2502E3341_000324-T1, TFCN2502E3341_008472-T1	DBVPG3775_004096-T1
GF00001298	TFCN2502E3341_000326-T1, TFCN2502E3341_008474-T1	DBVPG3775_004098-T1
GF00001299	TFCN2502E3341_000327-T1, TFCN2502E3341_008475-T1	DBVPG3775_004099-T1
GF00001300	TFCN2502E3341_000328-T1, TFCN2502E3341_008476-T1	DBVPG3775_004100-T1
GF00001301	TFCN2502E3341_000331-T1, TFCN2502E3341_008478-T1	DBVPG3775_004102-T1
GF00001302	TFCN2502E3341_000333-T1, TFCN2502E3341_008480-T1	DBVPG3775_004104-T1
GF00001303	TFCN2502E3341_000334-T1, TFCN2502E3341_008481-T1	DBVPG3775_004105-T1
GF00001304	TFCN2502E3341_000335-T1, TFCN2502E3341_008482-T1	DBVPG3775_004106-T1
GF00001305	TFCN2502E3341_000340-T1, TFCN2502E3341_014697-T1	DBVPG3775_004109-T1
GF00001306	TFCN2502E3341_000341-T1, TFCN2502E3341_006515-T1	DBVPG3775_004110-T1
GF00001307	TFCN2502E3341_000342-T1, TFCN2502E3341_006516-T1	DBVPG3775_004111-T1
GF00001308	TFCN2502E3341_000343-T1, TFCN2502E3341_006517-T1	DBVPG3775_004112-T1
GF00001309	TFCN2502E3341_000344-T1, TFCN2502E3341_006518-T1	DBVPG3775_004350-T1
GF00001310	TFCN2502E3341_000345-T1, TFCN2502E3341_006519-T1	DBVPG3775_004349-T1
GF00001311	TFCN2502E3341_000348-T1, TFCN2502E3341_006523-T1	DBVPG3775_004345-T1
GF00001312	TFCN2502E3341_000349-T1, TFCN2502E3341_006524-T1	DBVPG3775_004344-T1
GF00001313	TFCN2502E3341_000351-T1, TFCN2502E3341_006527-T1	DBVPG3775_004341-T1
GF00001314	TFCN2502E3341_000352-T1, TFCN2502E3341_006528-T1	DBVPG3775_004340-T1
GF00001315	TFCN2502E3341_000355-T1, TFCN2502E3341_006531-T1	DBVPG3775_004337-T1
GF00001316	TFCN2502E3341_000356-T1, TFCN2502E3341_006535-T1	DBVPG3775_004332-T1
GF00001317	TFCN2502E3341_000357-T1, TFCN2502E3341_006534-T1	DBVPG3775_004333-T1
GF00001318	TFCN2502E3341_000358-T1, TFCN2502E3341_006533-T1	DBVPG3775_004334-T1
GF00001319	TFCN2502E3341_000360-T1, TFCN2502E3341_006537-T1	DBVPG3775_004330-T1
GF00001320	TFCN2502E3341_000362-T1, TFCN2502E3341_006539-T1	DBVPG3775_004328-T1
GF00001321	TFCN2502E3341_000364-T1, TFCN2502E3341_006541-T1	DBVPG3775_004325-T1
GF00001322	TFCN2502E3341_000365-T1, TFCN2502E3341_006542-T1	DBVPG3775_004324-T1
GF00001323	TFCN2502E3341_000366-T1, TFCN2502E3341_006543-T1	DBVPG3775_004323-T1
GF00001324	TFCN2502E3341_000367-T1, TFCN2502E3341_006544-T1	DBVPG3775_004322-T1
GF00001325	TFCN2502E3341_000368-T1, TFCN2502E3341_006545-T1	DBVPG3775_004321-T1
GF00001326	TFCN2502E3341_012387-T1, TFCN2502E3341_006927-T1	DBVPG3775_005033-T1
GF00001327	TFCN2502E3341_000372-T1, TFCN2502E3341_006549-T1	DBVPG3775_004317-T1
GF00001328	TFCN2502E3341_000373-T1, TFCN2502E3341_006550-T1	DBVPG3775_004316-T1
GF00001329	TFCN2502E3341_000374-T1, TFCN2502E3341_006551-T1	DBVPG3775_004315-T1
GF00001330	TFCN2502E3341_000375-T1, TFCN2502E3341_006552-T1	DBVPG3775_004314-T1
GF00001331	TFCN2502E3341_000376-T1, TFCN2502E3341_006553-T1	DBVPG3775_004313-T1
GF00001332	TFCN2502E3341_000377-T1, TFCN2502E3341_006554-T1	DBVPG3775_004312-T1
GF00001333	TFCN2502E3341_000382-T1, TFCN2502E3341_006562-T1	DBVPG3775_004305-T1
GF00001334	TFCN2502E3341_000383-T1, TFCN2502E3341_006563-T1	DBVPG3775_004304-T1
GF00001335	TFCN2502E3341_000384-T1, TFCN2502E3341_006564-T1	DBVPG3775_004303-T1
GF00001336	TFCN2502E3341_000385-T1, TFCN2502E3341_006565-T1	DBVPG3775_004302-T1
GF00001337	TFCN2502E3341_000386-T1, TFCN2502E3341_006566-T1	DBVPG3775_004301-T1
GF00001338	TFCN2502E3341_000388-T1, TFCN2502E3341_006568-T1	DBVPG3775_004299-T1
GF00001339	TFCN2502E3341_000390-T1, TFCN2502E3341_006570-T1	DBVPG3775_004297-T1
GF00001340	TFCN2502E3341_000391-T1, TFCN2502E3341_006571-T1	DBVPG3775_004296-T1
GF00001341	TFCN2502E3341_000392-T1, TFCN2502E3341_006572-T1	DBVPG3775_004295-T1
GF00001342	TFCN2502E3341_000394-T1, TFCN2502E3341_009357-T1, TFCN2502E3341_001072-T1	
GF00001343	TFCN2502E3341_000397-T1, TFCN2502E3341_006576-T1	DBVPG3775_004292-T1
GF00001344	TFCN2502E3341_000398-T1, TFCN2502E3341_006577-T1	DBVPG3775_004291-T1
GF00001345	TFCN2502E3341_000399-T1, TFCN2502E3341_006578-T1	DBVPG3775_004290-T1
GF00001346	TFCN2502E3341_000404-T1, TFCN2502E3341_011808-T1	DBVPG3775_004286-T1
GF00001347	TFCN2502E3341_000405-T1, TFCN2502E3341_011809-T1	DBVPG3775_004285-T1
GF00001348	TFCN2502E3341_000406-T1, TFCN2502E3341_011810-T1	DBVPG3775_004284-T1
GF00001349	TFCN2502E3341_000407-T1, TFCN2502E3341_011811-T1	DBVPG3775_004283-T1
GF00001350	TFCN2502E3341_000408-T1, TFCN2502E3341_011812-T1	DBVPG3775_004282-T1
GF00001351	TFCN2502E3341_000409-T1, TFCN2502E3341_011813-T1	DBVPG3775_004281-T1
GF00001352	TFCN2502E3341_000410-T1, TFCN2502E3341_011814-T1	DBVPG3775_004280-T1
GF00001353	TFCN2502E3341_000411-T1, TFCN2502E3341_011815-T1	DBVPG3775_004279-T1
GF00001354	TFCN2502E3341_000412-T1, TFCN2502E3341_011816-T1	DBVPG3775_004278-T1
GF00001355	TFCN2502E3341_000416-T1, TFCN2502E3341_011820-T1	DBVPG3775_004275-T1
GF00001356	TFCN2502E3341_000417-T1, TFCN2502E3341_011821-T1	DBVPG3775_004274-T1
GF00001357	TFCN2502E3341_000418-T1, TFCN2502E3341_011822-T1	DBVPG3775_004273-T1
GF00001358	TFCN2502E3341_000419-T1, TFCN2502E3341_011823-T1	DBVPG3775_004272-T1
GF00001359	TFCN2502E3341_000420-T1, TFCN2502E3341_011824-T1	DBVPG3775_004271-T1
GF00001360	TFCN2502E3341_000421-T1, TFCN2502E3341_011825-T1	DBVPG3775_004270-T1
GF00001361	TFCN2502E3341_000423-T1, TFCN2502E3341_008370-T1	DBVPG3775_003126-T1
GF00001362	TFCN2502E3341_000424-T1, TFCN2502E3341_008369-T1	DBVPG3775_003125-T1
GF00001363	TFCN2502E3341_000425-T1, TFCN2502E3341_008368-T1	DBVPG3775_003124-T1
GF00001364	TFCN2502E3341_000426-T1, TFCN2502E3341_008367-T1	DBVPG3775_003123-T1
GF00001365	TFCN2502E3341_000427-T1, TFCN2502E3341_008366-T1	DBVPG3775_003122-T1
GF00001366	TFCN2502E3341_000428-T1, TFCN2502E3341_008365-T1	DBVPG3775_003121-T1
GF00001367	TFCN2502E3341_000429-T1, TFCN2502E3341_008364-T1	DBVPG3775_003120-T1
GF00001368	TFCN2502E3341_014237-T1, TFCN2502E3341_001209-T1	DBVPG3775_006931-T1
GF00001369	TFCN2502E3341_000430-T1, TFCN2502E3341_008363-T1	DBVPG3775_003118-T1
GF00001370	TFCN2502E3341_000432-T1, TFCN2502E3341_008361-T1	DBVPG3775_003116-T1
GF00001371	TFCN2502E3341_000434-T1, TFCN2502E3341_008359-T1	DBVPG3775_003113-T1
GF00001372	TFCN2502E3341_000436-T1, TFCN2502E3341_008357-T1	DBVPG3775_003111-T1
GF00001373	TFCN2502E3341_000437-T1, TFCN2502E3341_008356-T1	DBVPG3775_003110-T1
GF00001374	TFCN2502E3341_000438-T1, TFCN2502E3341_008355-T1	DBVPG3775_003109-T1
GF00001375	TFCN2502E3341_000441-T1, TFCN2502E3341_008352-T1	DBVPG3775_003106-T1
GF00001376	TFCN2502E3341_000446-T1, TFCN2502E3341_008350-T1	DBVPG3775_003103-T1
GF00001377	TFCN2502E3341_000447-T1, TFCN2502E3341_008349-T1	DBVPG3775_003102-T1
GF00001378	TFCN2502E3341_000448-T1, TFCN2502E3341_008348-T1	DBVPG3775_003101-T1
GF00001379	TFCN2502E3341_000450-T1, TFCN2502E3341_008346-T1	DBVPG3775_003099-T1
GF00001380	TFCN2502E3341_000451-T1, TFCN2502E3341_008345-T1	DBVPG3775_003098-T1
GF00001381	TFCN2502E3341_000452-T1, TFCN2502E3341_008344-T1	DBVPG3775_003097-T1
GF00001382	TFCN2502E3341_000455-T1, TFCN2502E3341_008341-T1	DBVPG3775_003094-T1
GF00001383	TFCN2502E3341_000456-T1, TFCN2502E3341_008340-T1	DBVPG3775_003093-T1
GF00001384	TFCN2502E3341_000458-T1, TFCN2502E3341_007188-T1	DBVPG3775_003091-T1
GF00001385	TFCN2502E3341_000460-T1, TFCN2502E3341_007190-T1	DBVPG3775_003089-T1
GF00001386	TFCN2502E3341_000461-T1, TFCN2502E3341_007191-T1	DBVPG3775_003088-T1
GF00001387	TFCN2502E3341_000462-T1, TFCN2502E3341_007192-T1	DBVPG3775_003087-T1
GF00001388	TFCN2502E3341_014308-T1, TFCN2502E3341_014108-T1	DBVPG3775_006582-T1
GF00001389	TFCN2502E3341_000463-T1, TFCN2502E3341_007193-T1	DBVPG3775_003086-T1
GF00001390	TFCN2502E3341_000464-T1, TFCN2502E3341_007194-T1	DBVPG3775_003085-T1
GF00001391	TFCN2502E3341_000466-T1, TFCN2502E3341_007196-T1	DBVPG3775_003083-T1
GF00001392	TFCN2502E3341_000467-T1, TFCN2502E3341_007197-T1	DBVPG3775_003082-T1
GF00001393	TFCN2502E3341_013467-T1, TFCN2502E3341_007085-T1	DBVPG3775_002542-T1
GF00001394	TFCN2502E3341_014063-T1, TFCN2502E3341_002116-T1	DBVPG3775_001999-T1
GF00001395	TFCN2502E3341_010284-T1, TFCN2502E3341_001411-T1	DBVPG3775_003668-T1
GF00001396	TFCN2502E3341_000470-T1, TFCN2502E3341_007201-T1	DBVPG3775_003079-T1
GF00001397	TFCN2502E3341_000471-T1, TFCN2502E3341_007202-T1	DBVPG3775_003078-T1
GF00001398	TFCN2502E3341_000472-T1, TFCN2502E3341_007203-T1	DBVPG3775_003077-T1
GF00001399	TFCN2502E3341_000473-T1, TFCN2502E3341_007204-T1	DBVPG3775_003076-T1
GF00001400	TFCN2502E3341_000475-T1, TFCN2502E3341_007206-T1	DBVPG3775_003074-T1
GF00001401	TFCN2502E3341_000476-T1, TFCN2502E3341_007208-T1	DBVPG3775_003073-T1
GF00001402	TFCN2502E3341_000477-T1, TFCN2502E3341_007209-T1	DBVPG3775_003072-T1
GF00001403	TFCN2502E3341_000478-T1, TFCN2502E3341_007210-T1	DBVPG3775_003071-T1
GF00001404	TFCN2502E3341_007690-T1, TFCN2502E3341_008490-T1	DBVPG3775_005843-T1
GF00001405	TFCN2502E3341_000479-T1, TFCN2502E3341_007211-T1	DBVPG3775_003070-T1
GF00001406	TFCN2502E3341_000480-T1, TFCN2502E3341_007212-T1	DBVPG3775_003069-T1
GF00001407	TFCN2502E3341_000481-T1, TFCN2502E3341_007213-T1	DBVPG3775_003068-T1
GF00001408	TFCN2502E3341_000482-T1, TFCN2502E3341_007214-T1	DBVPG3775_003067-T1
GF00001409	TFCN2502E3341_006641-T1, TFCN2502E3341_004747-T1	DBVPG3775_001891-T1
GF00001410	TFCN2502E3341_000486-T1, TFCN2502E3341_007218-T1	DBVPG3775_003063-T1
GF00001411	TFCN2502E3341_000488-T1, TFCN2502E3341_007219-T1	DBVPG3775_003061-T1
GF00001412	TFCN2502E3341_000489-T1, TFCN2502E3341_007220-T1	DBVPG3775_003060-T1
GF00001413	TFCN2502E3341_000490-T1, TFCN2502E3341_007221-T1	DBVPG3775_003059-T1
GF00001414	TFCN2502E3341_000491-T1, TFCN2502E3341_007222-T1	DBVPG3775_003058-T1
GF00001415	TFCN2502E3341_000492-T1, TFCN2502E3341_007223-T1	DBVPG3775_003057-T1
GF00001416	TFCN2502E3341_000493-T1, TFCN2502E3341_007224-T1	DBVPG3775_003056-T1
GF00001417	TFCN2502E3341_000498-T1, TFCN2502E3341_007229-T1, TFCN2502E3341_004561-T1	
GF00001418	TFCN2502E3341_000508-T1, TFCN2502E3341_007238-T1	DBVPG3775_005045-T1
GF00001419	TFCN2502E3341_000509-T1, TFCN2502E3341_007239-T1	DBVPG3775_005046-T1
GF00001420	TFCN2502E3341_000510-T1, TFCN2502E3341_007240-T1	DBVPG3775_005047-T1
GF00001421	TFCN2502E3341_002847-T1, TFCN2502E3341_010238-T1	DBVPG3775_006311-T1
GF00001422	TFCN2502E3341_000511-T1, TFCN2502E3341_007241-T1	DBVPG3775_005048-T1
GF00001423	TFCN2502E3341_000512-T1, TFCN2502E3341_007242-T1	DBVPG3775_005049-T1
GF00001424	TFCN2502E3341_004780-T1, TFCN2502E3341_003833-T1	DBVPG3775_001924-T1
GF00001425	TFCN2502E3341_008268-T1, TFCN2502E3341_010314-T1	DBVPG3775_002155-T1
GF00001426	TFCN2502E3341_000515-T1, TFCN2502E3341_014162-T1	DBVPG3775_005052-T1
GF00001427	TFCN2502E3341_000516-T1, TFCN2502E3341_014163-T1	DBVPG3775_005053-T1
GF00001428	TFCN2502E3341_013374-T1, TFCN2502E3341_006131-T1	DBVPG3775_006235-T1
GF00001429	TFCN2502E3341_009007-T1, TFCN2502E3341_011773-T1	DBVPG3775_004686-T1
GF00001430	TFCN2502E3341_000519-T1, TFCN2502E3341_014166-T1	DBVPG3775_005056-T1
GF00001431	TFCN2502E3341_000520-T1, TFCN2502E3341_014167-T1	DBVPG3775_005057-T1
GF00001432	TFCN2502E3341_000521-T1, TFCN2502E3341_014168-T1	DBVPG3775_005058-T1
GF00001433	TFCN2502E3341_000522-T1, TFCN2502E3341_014169-T1	DBVPG3775_005059-T1
GF00001434	TFCN2502E3341_000523-T1, TFCN2502E3341_014170-T1	DBVPG3775_005060-T1
GF00001435	TFCN2502E3341_000524-T1, TFCN2502E3341_007567-T1	DBVPG3775_005061-T1
GF00001436	TFCN2502E3341_000526-T1, TFCN2502E3341_007565-T1	DBVPG3775_005063-T1
GF00001437	TFCN2502E3341_000527-T1, TFCN2502E3341_007564-T1	DBVPG3775_005064-T1
GF00001438	TFCN2502E3341_000529-T1, TFCN2502E3341_007562-T1	DBVPG3775_005066-T1
GF00001439	TFCN2502E3341_000530-T1, TFCN2502E3341_007561-T1	DBVPG3775_005067-T1
GF00001440	TFCN2502E3341_000531-T1, TFCN2502E3341_007560-T1	DBVPG3775_005068-T1
GF00001441	TFCN2502E3341_000532-T1, TFCN2502E3341_007559-T1	DBVPG3775_005069-T1
GF00001442	TFCN2502E3341_000535-T1, TFCN2502E3341_007556-T1	DBVPG3775_005072-T1
GF00001443	TFCN2502E3341_000536-T1, TFCN2502E3341_007555-T1	DBVPG3775_005073-T1
GF00001444	TFCN2502E3341_000537-T1, TFCN2502E3341_007554-T1	DBVPG3775_005074-T1
GF00001445	TFCN2502E3341_000538-T1, TFCN2502E3341_007553-T1	DBVPG3775_005075-T1
GF00001446	TFCN2502E3341_000539-T1, TFCN2502E3341_007552-T1	DBVPG3775_005076-T1
GF00001447	TFCN2502E3341_000540-T1, TFCN2502E3341_007551-T1	DBVPG3775_005077-T1
GF00001448	TFCN2502E3341_000543-T1, TFCN2502E3341_007549-T1	DBVPG3775_005081-T1
GF00001449	TFCN2502E3341_000548-T1, TFCN2502E3341_007544-T1	DBVPG3775_005086-T1
GF00001450	TFCN2502E3341_000549-T1, TFCN2502E3341_007543-T1	DBVPG3775_005087-T1
GF00001451	TFCN2502E3341_000550-T1, TFCN2502E3341_007542-T1	DBVPG3775_005088-T1
GF00001452	TFCN2502E3341_000551-T1, TFCN2502E3341_007541-T1	DBVPG3775_005089-T1
GF00001453	TFCN2502E3341_000553-T1, TFCN2502E3341_007540-T1	DBVPG3775_005091-T1
GF00001454	TFCN2502E3341_000554-T1, TFCN2502E3341_007539-T1	DBVPG3775_005092-T1
GF00001455	TFCN2502E3341_000555-T1, TFCN2502E3341_007538-T1	DBVPG3775_005093-T1
GF00001456	TFCN2502E3341_000556-T1, TFCN2502E3341_007537-T1	DBVPG3775_005094-T1
GF00001457	TFCN2502E3341_000557-T1, TFCN2502E3341_007536-T1	DBVPG3775_005095-T1
GF00001458	TFCN2502E3341_000558-T1, TFCN2502E3341_007535-T1	DBVPG3775_005096-T1
GF00001459	TFCN2502E3341_000560-T1, TFCN2502E3341_007533-T1	DBVPG3775_005098-T1
GF00001460	TFCN2502E3341_000561-T1, TFCN2502E3341_007532-T1	DBVPG3775_005099-T1
GF00001461	TFCN2502E3341_000562-T1, TFCN2502E3341_007531-T1	DBVPG3775_005100-T1
GF00001462	TFCN2502E3341_000564-T1, TFCN2502E3341_007529-T1	DBVPG3775_005102-T1
GF00001463	TFCN2502E3341_000565-T1, TFCN2502E3341_007528-T1	DBVPG3775_005103-T1
GF00001464	TFCN2502E3341_000566-T1, TFCN2502E3341_007527-T1	DBVPG3775_005104-T1
GF00001465	TFCN2502E3341_000567-T1, TFCN2502E3341_007526-T1	DBVPG3775_005105-T1
GF00001466	TFCN2502E3341_000568-T1, TFCN2502E3341_007525-T1	DBVPG3775_005106-T1
GF00001467	TFCN2502E3341_000569-T1, TFCN2502E3341_007524-T1	DBVPG3775_005107-T1
GF00001468	TFCN2502E3341_000570-T1, TFCN2502E3341_007523-T1	DBVPG3775_005108-T1
GF00001469	TFCN2502E3341_000572-T1, TFCN2502E3341_007521-T1	DBVPG3775_005110-T1
GF00001470	TFCN2502E3341_000573-T1, TFCN2502E3341_007520-T1	DBVPG3775_005111-T1
GF00001471	TFCN2502E3341_000575-T1, TFCN2502E3341_007518-T1	DBVPG3775_005113-T1
GF00001472	TFCN2502E3341_000576-T1, TFCN2502E3341_007517-T1	DBVPG3775_005114-T1
GF00001473	TFCN2502E3341_000579-T1, TFCN2502E3341_007514-T1	DBVPG3775_005117-T1
GF00001474	TFCN2502E3341_000581-T1, TFCN2502E3341_013896-T1	DBVPG3775_005119-T1
GF00001475	TFCN2502E3341_000583-T1, TFCN2502E3341_013894-T1	DBVPG3775_005121-T1
GF00001476	TFCN2502E3341_000586-T1, TFCN2502E3341_013891-T1	DBVPG3775_005124-T1
GF00001477	TFCN2502E3341_000587-T1, TFCN2502E3341_013890-T1	DBVPG3775_005125-T1
GF00001478	TFCN2502E3341_000588-T1, TFCN2502E3341_013889-T1	DBVPG3775_005126-T1
GF00001479	TFCN2502E3341_000589-T1, TFCN2502E3341_013888-T1	DBVPG3775_005127-T1
GF00001480	TFCN2502E3341_000590-T1, TFCN2502E3341_013887-T1	DBVPG3775_005128-T1
GF00001481	TFCN2502E3341_000593-T1, TFCN2502E3341_001851-T1	DBVPG3775_005131-T1
GF00001482	TFCN2502E3341_000594-T1, TFCN2502E3341_001852-T1	DBVPG3775_005132-T1
GF00001483	TFCN2502E3341_000596-T1, TFCN2502E3341_001855-T1	DBVPG3775_005134-T1
GF00001484	TFCN2502E3341_000598-T1, TFCN2502E3341_001857-T1	DBVPG3775_005136-T1
GF00001485	TFCN2502E3341_000599-T1, TFCN2502E3341_001858-T1	DBVPG3775_005137-T1
GF00001486	TFCN2502E3341_000602-T1, TFCN2502E3341_001860-T1	DBVPG3775_005139-T1
GF00001487	TFCN2502E3341_000603-T1, TFCN2502E3341_001861-T1	DBVPG3775_005140-T1
GF00001488	TFCN2502E3341_000604-T1, TFCN2502E3341_001862-T1	DBVPG3775_005141-T1
GF00001489	TFCN2502E3341_000605-T1, TFCN2502E3341_001863-T1	DBVPG3775_005142-T1
GF00001490	TFCN2502E3341_000608-T1, TFCN2502E3341_007154-T1	DBVPG3775_005590-T1
GF00001491	TFCN2502E3341_000609-T1, TFCN2502E3341_007155-T1	DBVPG3775_005589-T1
GF00001492	TFCN2502E3341_000610-T1, TFCN2502E3341_007156-T1	DBVPG3775_005588-T1
GF00001493	TFCN2502E3341_000628-T1, TFCN2502E3341_007164-T1	DBVPG3775_005570-T1
GF00001494	TFCN2502E3341_000629-T1, TFCN2502E3341_007165-T1	DBVPG3775_005569-T1
GF00001495	TFCN2502E3341_000630-T1, TFCN2502E3341_007166-T1	DBVPG3775_005568-T1
GF00001496	TFCN2502E3341_000631-T1, TFCN2502E3341_007167-T1	DBVPG3775_005567-T1
GF00001497	TFCN2502E3341_000632-T1, TFCN2502E3341_007168-T1	DBVPG3775_005566-T1
GF00001498	TFCN2502E3341_000637-T1, TFCN2502E3341_007172-T1	DBVPG3775_005561-T1
GF00001499	TFCN2502E3341_000638-T1, TFCN2502E3341_007173-T1	DBVPG3775_005560-T1
GF00001500	TFCN2502E3341_000639-T1, TFCN2502E3341_007174-T1	DBVPG3775_005559-T1
GF00001501	TFCN2502E3341_000640-T1, TFCN2502E3341_007175-T1	DBVPG3775_005558-T1
GF00001502	TFCN2502E3341_000641-T1, TFCN2502E3341_007176-T1	DBVPG3775_005557-T1
GF00001503	TFCN2502E3341_000643-T1, TFCN2502E3341_007178-T1	DBVPG3775_005555-T1
GF00001504	TFCN2502E3341_000644-T1, TFCN2502E3341_007179-T1	DBVPG3775_005554-T1
GF00001505	TFCN2502E3341_000645-T1, TFCN2502E3341_007180-T1	DBVPG3775_005553-T1
GF00001506	TFCN2502E3341_000646-T1, TFCN2502E3341_007181-T1	DBVPG3775_005552-T1
GF00001507	TFCN2502E3341_000647-T1, TFCN2502E3341_007182-T1	DBVPG3775_005551-T1
GF00001508	TFCN2502E3341_000649-T1, TFCN2502E3341_007184-T1	DBVPG3775_005549-T1
GF00001509	TFCN2502E3341_000656-T1, TFCN2502E3341_009794-T1	DBVPG3775_001341-T1
GF00001510	TFCN2502E3341_000657-T1, TFCN2502E3341_009795-T1	DBVPG3775_001342-T1
GF00001511	TFCN2502E3341_000659-T1, TFCN2502E3341_009798-T1	DBVPG3775_001344-T1
GF00001512	TFCN2502E3341_000660-T1, TFCN2502E3341_009799-T1	DBVPG3775_001345-T1
GF00001513	TFCN2502E3341_000662-T1, TFCN2502E3341_009800-T1	DBVPG3775_001347-T1
GF00001514	TFCN2502E3341_000663-T1, TFCN2502E3341_009801-T1	DBVPG3775_001348-T1
GF00001515	TFCN2502E3341_000664-T1, TFCN2502E3341_009802-T1	DBVPG3775_001349-T1
GF00001516	TFCN2502E3341_000665-T1, TFCN2502E3341_009803-T1	DBVPG3775_001350-T1
GF00001517	TFCN2502E3341_000666-T1, TFCN2502E3341_009804-T1	DBVPG3775_001351-T1
GF00001518	TFCN2502E3341_000667-T1, TFCN2502E3341_009805-T1	DBVPG3775_001352-T1
GF00001519	TFCN2502E3341_000668-T1, TFCN2502E3341_009806-T1	DBVPG3775_001353-T1
GF00001520	TFCN2502E3341_000669-T1, TFCN2502E3341_009807-T1	DBVPG3775_001354-T1
GF00001521	TFCN2502E3341_000670-T1, TFCN2502E3341_009808-T1	DBVPG3775_001355-T1
GF00001522	TFCN2502E3341_000672-T1, TFCN2502E3341_009810-T1	DBVPG3775_001357-T1
GF00001523	TFCN2502E3341_000673-T1, TFCN2502E3341_009811-T1	DBVPG3775_001358-T1
GF00001524	TFCN2502E3341_000674-T1, TFCN2502E3341_009812-T1	DBVPG3775_001359-T1
GF00001525	TFCN2502E3341_000675-T1, TFCN2502E3341_009813-T1	DBVPG3775_001360-T1
GF00001526	TFCN2502E3341_000676-T1, TFCN2502E3341_009814-T1	DBVPG3775_001361-T1
GF00001527	TFCN2502E3341_000677-T1, TFCN2502E3341_009815-T1	DBVPG3775_001362-T1
GF00001528	TFCN2502E3341_000678-T1, TFCN2502E3341_009816-T1	DBVPG3775_001363-T1
GF00001529	TFCN2502E3341_000679-T1, TFCN2502E3341_009817-T1	DBVPG3775_001364-T1
GF00001530	TFCN2502E3341_000681-T1, TFCN2502E3341_009819-T1	DBVPG3775_001366-T1
GF00001531	TFCN2502E3341_000685-T1, TFCN2502E3341_009821-T1	DBVPG3775_001369-T1
GF00001532	TFCN2502E3341_000695-T1, TFCN2502E3341_009827-T1	DBVPG3775_001377-T1
GF00001533	TFCN2502E3341_000688-T1, TFCN2502E3341_000691-T1	DBVPG3775_001372-T1
GF00001534	TFCN2502E3341_000693-T1, TFCN2502E3341_009825-T1	DBVPG3775_001375-T1
GF00001535	TFCN2502E3341_007360-T1, TFCN2502E3341_009324-T1	DBVPG3775_004378-T1
GF00001536	TFCN2502E3341_000700-T1, TFCN2502E3341_012806-T1	DBVPG3775_001382-T1
GF00001537	TFCN2502E3341_000701-T1, TFCN2502E3341_012807-T1	DBVPG3775_001383-T1
GF00001538	TFCN2502E3341_000705-T1, TFCN2502E3341_012810-T1	DBVPG3775_001386-T1
GF00001539	TFCN2502E3341_000707-T1, TFCN2502E3341_012813-T1	DBVPG3775_001388-T1
GF00001540	TFCN2502E3341_000708-T1, TFCN2502E3341_012814-T1	DBVPG3775_001389-T1
GF00001541	TFCN2502E3341_003268-T1, TFCN2502E3341_001709-T1	DBVPG3775_004894-T1
GF00001542	TFCN2502E3341_000713-T1, TFCN2502E3341_012818-T1	DBVPG3775_001394-T1
GF00001543	TFCN2502E3341_000714-T1, TFCN2502E3341_012819-T1	DBVPG3775_001395-T1
GF00001544	TFCN2502E3341_000715-T1, TFCN2502E3341_012820-T1	DBVPG3775_001396-T1
GF00001545	TFCN2502E3341_000716-T1, TFCN2502E3341_012821-T1	DBVPG3775_001397-T1
GF00001546	TFCN2502E3341_000717-T1, TFCN2502E3341_012822-T1	DBVPG3775_001398-T1
GF00001547	TFCN2502E3341_000719-T1, TFCN2502E3341_014687-T1	DBVPG3775_001400-T1
GF00001548	TFCN2502E3341_000720-T1, TFCN2502E3341_014686-T1	DBVPG3775_001401-T1
GF00001549	TFCN2502E3341_000721-T1, TFCN2502E3341_014685-T1	DBVPG3775_001402-T1
GF00001550	TFCN2502E3341_000724-T1, TFCN2502E3341_005516-T1	DBVPG3775_001404-T1
GF00001551	TFCN2502E3341_000725-T1, TFCN2502E3341_005515-T1	DBVPG3775_001405-T1
GF00001552	TFCN2502E3341_000726-T1, TFCN2502E3341_005514-T1	DBVPG3775_001406-T1
GF00001553	TFCN2502E3341_000727-T1, TFCN2502E3341_005513-T1	DBVPG3775_001407-T1
GF00001554	TFCN2502E3341_000728-T1, TFCN2502E3341_005512-T1	DBVPG3775_001408-T1
GF00001555	TFCN2502E3341_000729-T1, TFCN2502E3341_005511-T1	DBVPG3775_001409-T1
GF00001556	TFCN2502E3341_009247-T1, TFCN2502E3341_007020-T1	DBVPG3775_003514-T1
GF00001557	TFCN2502E3341_000730-T1, TFCN2502E3341_005510-T1	DBVPG3775_001410-T1
GF00001558	TFCN2502E3341_000731-T1, TFCN2502E3341_005509-T1	DBVPG3775_001411-T1
GF00001559	TFCN2502E3341_000733-T1, TFCN2502E3341_005507-T1	DBVPG3775_001413-T1
GF00001560	TFCN2502E3341_000735-T1, TFCN2502E3341_005505-T1	DBVPG3775_001415-T1
GF00001561	TFCN2502E3341_000737-T1, TFCN2502E3341_005503-T1	DBVPG3775_001417-T1
GF00001562	TFCN2502E3341_000738-T1, TFCN2502E3341_005502-T1	DBVPG3775_001418-T1
GF00001563	TFCN2502E3341_000742-T1, TFCN2502E3341_005499-T1	DBVPG3775_001421-T1
GF00001564	TFCN2502E3341_000743-T1, TFCN2502E3341_005498-T1	DBVPG3775_001422-T1
GF00001565	TFCN2502E3341_000744-T1, TFCN2502E3341_005497-T1	DBVPG3775_001423-T1
GF00001566	TFCN2502E3341_000745-T1, TFCN2502E3341_005496-T1	DBVPG3775_001424-T1
GF00001567	TFCN2502E3341_000750-T1, TFCN2502E3341_005492-T1	DBVPG3775_001428-T1
GF00001568	TFCN2502E3341_000751-T1, TFCN2502E3341_005491-T1	DBVPG3775_001429-T1
GF00001569	TFCN2502E3341_000753-T1, TFCN2502E3341_005489-T1	DBVPG3775_001432-T1
GF00001570	TFCN2502E3341_000755-T1, TFCN2502E3341_005487-T1	DBVPG3775_001435-T1
GF00001571	TFCN2502E3341_000756-T1, TFCN2502E3341_005486-T1	DBVPG3775_001436-T1
GF00001572	TFCN2502E3341_000757-T1, TFCN2502E3341_005485-T1	DBVPG3775_001437-T1
GF00001573	TFCN2502E3341_000758-T1, TFCN2502E3341_005484-T1	DBVPG3775_001438-T1
GF00001574	TFCN2502E3341_000759-T1, TFCN2502E3341_005483-T1	DBVPG3775_001439-T1
GF00001575	TFCN2502E3341_000761-T1, TFCN2502E3341_005481-T1	DBVPG3775_001441-T1
GF00001576	TFCN2502E3341_000762-T1, TFCN2502E3341_005480-T1	DBVPG3775_001442-T1
GF00001577	TFCN2502E3341_000764-T1, TFCN2502E3341_012075-T1	DBVPG3775_001335-T1
GF00001578	TFCN2502E3341_000767-T1, TFCN2502E3341_012077-T1	DBVPG3775_001333-T1
GF00001579	TFCN2502E3341_000768-T1, TFCN2502E3341_012078-T1	DBVPG3775_001332-T1
GF00001580	TFCN2502E3341_000769-T1, TFCN2502E3341_012079-T1	DBVPG3775_001331-T1
GF00001581	TFCN2502E3341_000770-T1, TFCN2502E3341_012080-T1	DBVPG3775_001330-T1
GF00001582	TFCN2502E3341_000772-T1, TFCN2502E3341_012083-T1	DBVPG3775_001327-T1
GF00001583	TFCN2502E3341_000773-T1, TFCN2502E3341_012084-T1	DBVPG3775_001326-T1
GF00001584	TFCN2502E3341_000774-T1, TFCN2502E3341_012085-T1	DBVPG3775_001325-T1
GF00001585	TFCN2502E3341_000775-T1, TFCN2502E3341_012086-T1	DBVPG3775_001324-T1
GF00001586	TFCN2502E3341_000776-T1, TFCN2502E3341_012087-T1	DBVPG3775_001323-T1
GF00001587	TFCN2502E3341_000779-T1, TFCN2502E3341_012091-T1	DBVPG3775_001318-T1
GF00001588	TFCN2502E3341_000780-T1, TFCN2502E3341_012092-T1	DBVPG3775_001317-T1
GF00001589	TFCN2502E3341_000781-T1, TFCN2502E3341_012093-T1	DBVPG3775_001316-T1
GF00001590	TFCN2502E3341_000785-T1, TFCN2502E3341_012099-T1	DBVPG3775_001309-T1
GF00001591	TFCN2502E3341_000786-T1, TFCN2502E3341_012100-T1	DBVPG3775_001308-T1
GF00001592	TFCN2502E3341_000787-T1, TFCN2502E3341_012101-T1	DBVPG3775_001307-T1
GF00001593	TFCN2502E3341_000789-T1, TFCN2502E3341_006922-T1	DBVPG3775_001304-T1
GF00001594	TFCN2502E3341_000790-T1, TFCN2502E3341_006921-T1	DBVPG3775_001303-T1
GF00001595	TFCN2502E3341_000791-T1, TFCN2502E3341_006920-T1	DBVPG3775_001302-T1
GF00001596	TFCN2502E3341_000792-T1, TFCN2502E3341_006919-T1	DBVPG3775_001301-T1
GF00001597	TFCN2502E3341_000793-T1, TFCN2502E3341_006918-T1	DBVPG3775_001300-T1
GF00001598	TFCN2502E3341_000794-T1, TFCN2502E3341_006917-T1	DBVPG3775_001299-T1
GF00001599	TFCN2502E3341_000797-T1, TFCN2502E3341_006912-T1	DBVPG3775_001295-T1
GF00001600	TFCN2502E3341_000798-T1, TFCN2502E3341_006911-T1	DBVPG3775_001294-T1
GF00001601	TFCN2502E3341_000799-T1, TFCN2502E3341_006910-T1	DBVPG3775_001293-T1
GF00001602	TFCN2502E3341_000800-T1, TFCN2502E3341_006909-T1	DBVPG3775_001292-T1
GF00001603	TFCN2502E3341_000801-T1, TFCN2502E3341_006908-T1	DBVPG3775_001291-T1
GF00001604	TFCN2502E3341_000802-T1, TFCN2502E3341_006907-T1	DBVPG3775_001290-T1
GF00001605	TFCN2502E3341_000803-T1, TFCN2502E3341_006906-T1	DBVPG3775_001289-T1
GF00001606	TFCN2502E3341_000808-T1, TFCN2502E3341_006904-T1	DBVPG3775_001284-T1
GF00001607	TFCN2502E3341_000810-T1, TFCN2502E3341_006902-T1	DBVPG3775_001282-T1
GF00001608	TFCN2502E3341_000811-T1, TFCN2502E3341_006901-T1	DBVPG3775_001281-T1
GF00001609	TFCN2502E3341_000813-T1, TFCN2502E3341_006899-T1	DBVPG3775_001278-T1
GF00001610	TFCN2502E3341_000814-T1, TFCN2502E3341_006898-T1	DBVPG3775_001277-T1
GF00001611	TFCN2502E3341_008283-T1, TFCN2502E3341_010328-T1	DBVPG3775_002169-T1
GF00001612	TFCN2502E3341_000815-T1, TFCN2502E3341_006897-T1	DBVPG3775_001276-T1
GF00001613	TFCN2502E3341_000816-T1, TFCN2502E3341_006896-T1	DBVPG3775_001275-T1
GF00001614	TFCN2502E3341_000817-T1, TFCN2502E3341_006895-T1	DBVPG3775_001274-T1
GF00001615	TFCN2502E3341_000818-T1, TFCN2502E3341_006894-T1	DBVPG3775_001273-T1
GF00001616	TFCN2502E3341_000819-T1, TFCN2502E3341_006893-T1	DBVPG3775_001272-T1
GF00001617	TFCN2502E3341_000820-T1, TFCN2502E3341_006892-T1	DBVPG3775_001271-T1
GF00001618	TFCN2502E3341_000821-T1, TFCN2502E3341_006891-T1	DBVPG3775_001269-T1
GF00001619	TFCN2502E3341_000822-T1, TFCN2502E3341_006890-T1	DBVPG3775_001268-T1
GF00001620	TFCN2502E3341_000823-T1, TFCN2502E3341_006889-T1	DBVPG3775_001267-T1
GF00001621	TFCN2502E3341_000825-T1, TFCN2502E3341_006887-T1	DBVPG3775_001265-T1
GF00001622	TFCN2502E3341_000829-T1, TFCN2502E3341_006883-T1	DBVPG3775_001259-T1
GF00001623	TFCN2502E3341_000830-T1, TFCN2502E3341_006882-T1	DBVPG3775_001258-T1
GF00001624	TFCN2502E3341_000831-T1, TFCN2502E3341_006881-T1	DBVPG3775_001257-T1
GF00001625	TFCN2502E3341_000834-T1, TFCN2502E3341_006878-T1	DBVPG3775_001254-T1
GF00001626	TFCN2502E3341_000835-T1, TFCN2502E3341_006877-T1	DBVPG3775_001253-T1
GF00001627	TFCN2502E3341_000836-T1, TFCN2502E3341_006876-T1	DBVPG3775_001252-T1
GF00001628	TFCN2502E3341_000838-T1, TFCN2502E3341_006873-T1	DBVPG3775_001250-T1
GF00001629	TFCN2502E3341_000839-T1, TFCN2502E3341_006872-T1	DBVPG3775_001249-T1
GF00001630	TFCN2502E3341_000840-T1, TFCN2502E3341_006871-T1	DBVPG3775_001248-T1
GF00001631	TFCN2502E3341_000841-T1, TFCN2502E3341_006870-T1	DBVPG3775_001247-T1
GF00001632	TFCN2502E3341_000844-T1, TFCN2502E3341_006868-T1	DBVPG3775_001244-T1
GF00001633	TFCN2502E3341_000845-T1, TFCN2502E3341_014858-T1	DBVPG3775_001242-T1
GF00001634	TFCN2502E3341_000846-T1, TFCN2502E3341_007467-T1	DBVPG3775_001241-T1
GF00001635	TFCN2502E3341_000847-T1, TFCN2502E3341_007468-T1	DBVPG3775_001240-T1
GF00001636	TFCN2502E3341_000848-T1, TFCN2502E3341_007469-T1	DBVPG3775_001239-T1
GF00001637	TFCN2502E3341_000849-T1, TFCN2502E3341_007470-T1	DBVPG3775_001238-T1
GF00001638	TFCN2502E3341_000851-T1, TFCN2502E3341_007471-T1	DBVPG3775_001236-T1
GF00001639	TFCN2502E3341_000852-T1, TFCN2502E3341_007472-T1	DBVPG3775_001235-T1
GF00001640	TFCN2502E3341_000854-T1, TFCN2502E3341_007474-T1	DBVPG3775_001233-T1
GF00001641	TFCN2502E3341_000855-T1, TFCN2502E3341_007477-T1	DBVPG3775_001232-T1
GF00001642	TFCN2502E3341_000856-T1, TFCN2502E3341_007476-T1	DBVPG3775_001231-T1
GF00001643	TFCN2502E3341_009960-T1, TFCN2502E3341_007315-T1	DBVPG3775_004609-T1
GF00001644	TFCN2502E3341_000858-T1, TFCN2502E3341_007478-T1	DBVPG3775_001229-T1
GF00001645	TFCN2502E3341_000859-T1, TFCN2502E3341_007479-T1	DBVPG3775_001228-T1
GF00001646	TFCN2502E3341_000860-T1, TFCN2502E3341_007480-T1	DBVPG3775_001227-T1
GF00001647	TFCN2502E3341_000861-T1, TFCN2502E3341_007481-T1	DBVPG3775_001226-T1
GF00001648	TFCN2502E3341_000862-T1, TFCN2502E3341_007482-T1	DBVPG3775_001225-T1
GF00001649	TFCN2502E3341_000863-T1, TFCN2502E3341_007483-T1	DBVPG3775_001224-T1
GF00001650	TFCN2502E3341_000864-T1, TFCN2502E3341_007484-T1	DBVPG3775_001223-T1
GF00001651	TFCN2502E3341_000865-T1, TFCN2502E3341_007485-T1	DBVPG3775_001222-T1
GF00001652	TFCN2502E3341_000866-T1, TFCN2502E3341_007486-T1	DBVPG3775_001221-T1
GF00001653	TFCN2502E3341_000867-T1, TFCN2502E3341_007487-T1	DBVPG3775_001220-T1
GF00001654	TFCN2502E3341_000868-T1, TFCN2502E3341_007488-T1	DBVPG3775_001219-T1
GF00001655	TFCN2502E3341_000869-T1, TFCN2502E3341_007489-T1	DBVPG3775_001218-T1
GF00001656	TFCN2502E3341_000870-T1, TFCN2502E3341_007490-T1	DBVPG3775_001217-T1
GF00001657	TFCN2502E3341_000875-T1, TFCN2502E3341_007493-T1	DBVPG3775_001212-T1
GF00001658	TFCN2502E3341_000876-T1, TFCN2502E3341_007494-T1	DBVPG3775_001211-T1
GF00001659	TFCN2502E3341_000877-T1, TFCN2502E3341_007495-T1	DBVPG3775_001210-T1
GF00001660	TFCN2502E3341_000878-T1, TFCN2502E3341_007496-T1	DBVPG3775_001209-T1
GF00001661	TFCN2502E3341_000879-T1, TFCN2502E3341_007497-T1	DBVPG3775_001208-T1
GF00001662	TFCN2502E3341_000880-T1, TFCN2502E3341_007498-T1	DBVPG3775_001207-T1
GF00001663	TFCN2502E3341_000881-T1, TFCN2502E3341_007499-T1	DBVPG3775_001206-T1
GF00001664	TFCN2502E3341_000882-T1, TFCN2502E3341_007500-T1	DBVPG3775_001205-T1
GF00001665	TFCN2502E3341_000883-T1, TFCN2502E3341_007501-T1	DBVPG3775_001204-T1
GF00001666	TFCN2502E3341_000885-T1, TFCN2502E3341_007503-T1	DBVPG3775_001202-T1
GF00001667	TFCN2502E3341_000887-T1, TFCN2502E3341_007505-T1	DBVPG3775_001200-T1
GF00001668	TFCN2502E3341_000888-T1, TFCN2502E3341_007506-T1	DBVPG3775_001199-T1
GF00001669	TFCN2502E3341_000889-T1, TFCN2502E3341_007507-T1	DBVPG3775_001198-T1
GF00001670	TFCN2502E3341_000890-T1, TFCN2502E3341_007509-T1	DBVPG3775_001197-T1
GF00001671	TFCN2502E3341_000891-T1, TFCN2502E3341_007510-T1	DBVPG3775_001196-T1
GF00001672	TFCN2502E3341_000892-T1, TFCN2502E3341_007511-T1	DBVPG3775_001195-T1
GF00001673	TFCN2502E3341_000893-T1, TFCN2502E3341_007512-T1	DBVPG3775_001194-T1
GF00001674	TFCN2502E3341_000896-T1, TFCN2502E3341_004580-T1	DBVPG3775_005255-T1
GF00001675	TFCN2502E3341_000898-T1, TFCN2502E3341_004582-T1	DBVPG3775_005253-T1
GF00001676	TFCN2502E3341_000901-T1, TFCN2502E3341_004584-T1	DBVPG3775_005250-T1
GF00001677	TFCN2502E3341_000902-T1, TFCN2502E3341_004585-T1	DBVPG3775_005249-T1
GF00001678	TFCN2502E3341_000905-T1, TFCN2502E3341_004587-T1	DBVPG3775_005247-T1
GF00001679	TFCN2502E3341_000906-T1, TFCN2502E3341_004588-T1	DBVPG3775_005246-T1
GF00001680	TFCN2502E3341_000907-T1, TFCN2502E3341_004589-T1	DBVPG3775_005245-T1
GF00001681	TFCN2502E3341_000909-T1, TFCN2502E3341_004591-T1	DBVPG3775_005243-T1
GF00001682	TFCN2502E3341_000910-T1, TFCN2502E3341_004592-T1	DBVPG3775_005242-T1
GF00001683	TFCN2502E3341_000911-T1, TFCN2502E3341_004593-T1	DBVPG3775_005241-T1
GF00001684	TFCN2502E3341_000912-T1, TFCN2502E3341_004594-T1	DBVPG3775_005240-T1
GF00001685	TFCN2502E3341_000913-T1, TFCN2502E3341_004595-T1	DBVPG3775_005239-T1
GF00001686	TFCN2502E3341_000915-T1, TFCN2502E3341_004597-T1	DBVPG3775_005237-T1
GF00001687	TFCN2502E3341_000916-T1, TFCN2502E3341_004598-T1	DBVPG3775_005236-T1
GF00001688	TFCN2502E3341_000921-T1, TFCN2502E3341_004602-T1	DBVPG3775_005232-T1
GF00001689	TFCN2502E3341_000926-T1, TFCN2502E3341_004607-T1	DBVPG3775_005227-T1
GF00001690	TFCN2502E3341_000927-T1, TFCN2502E3341_004608-T1	DBVPG3775_005226-T1
GF00001691	TFCN2502E3341_000928-T1, TFCN2502E3341_004609-T1	DBVPG3775_005225-T1
GF00001692	TFCN2502E3341_000929-T1, TFCN2502E3341_004611-T1	DBVPG3775_005224-T1
GF00001693	TFCN2502E3341_000930-T1, TFCN2502E3341_004612-T1	DBVPG3775_005223-T1
GF00001694	TFCN2502E3341_000931-T1, TFCN2502E3341_004613-T1	DBVPG3775_005222-T1
GF00001695	TFCN2502E3341_000932-T1, TFCN2502E3341_004614-T1	DBVPG3775_005221-T1
GF00001696	TFCN2502E3341_000934-T1, TFCN2502E3341_004616-T1	DBVPG3775_005219-T1
GF00001697	TFCN2502E3341_000935-T1, TFCN2502E3341_004617-T1	DBVPG3775_005218-T1
GF00001698	TFCN2502E3341_000936-T1, TFCN2502E3341_004618-T1	DBVPG3775_005217-T1
GF00001699	TFCN2502E3341_000937-T1, TFCN2502E3341_004619-T1	DBVPG3775_005216-T1
GF00001700	TFCN2502E3341_000939-T1, TFCN2502E3341_004622-T1	DBVPG3775_005214-T1
GF00001701	TFCN2502E3341_000940-T1, TFCN2502E3341_004623-T1	DBVPG3775_005213-T1
GF00001702	TFCN2502E3341_000941-T1, TFCN2502E3341_004624-T1	DBVPG3775_005212-T1
GF00001703	TFCN2502E3341_000942-T1, TFCN2502E3341_004625-T1	DBVPG3775_005211-T1
GF00001704	TFCN2502E3341_000943-T1, TFCN2502E3341_004626-T1	DBVPG3775_005210-T1
GF00001705	TFCN2502E3341_000944-T1, TFCN2502E3341_004627-T1	DBVPG3775_005209-T1
GF00001706	TFCN2502E3341_000945-T1, TFCN2502E3341_004628-T1	DBVPG3775_005208-T1
GF00001707	TFCN2502E3341_000946-T1, TFCN2502E3341_004629-T1	DBVPG3775_005207-T1
GF00001708	TFCN2502E3341_005552-T1, TFCN2502E3341_006001-T1	DBVPG3775_002085-T1
GF00001709	TFCN2502E3341_000949-T1, TFCN2502E3341_004632-T1	DBVPG3775_005204-T1
GF00001710	TFCN2502E3341_000950-T1, TFCN2502E3341_004633-T1	DBVPG3775_005203-T1
GF00001711	TFCN2502E3341_000952-T1, TFCN2502E3341_004636-T1	DBVPG3775_005200-T1
GF00001712	TFCN2502E3341_000953-T1, TFCN2502E3341_004637-T1	DBVPG3775_005199-T1
GF00001713	TFCN2502E3341_000958-T1, TFCN2502E3341_004642-T1	DBVPG3775_005193-T1
GF00001714	TFCN2502E3341_000960-T1, TFCN2502E3341_004644-T1	DBVPG3775_005191-T1
GF00001715	TFCN2502E3341_000961-T1, TFCN2502E3341_004645-T1	DBVPG3775_005190-T1
GF00001716	TFCN2502E3341_000962-T1, TFCN2502E3341_004646-T1	DBVPG3775_005189-T1
GF00001717	TFCN2502E3341_000963-T1, TFCN2502E3341_004647-T1	DBVPG3775_005188-T1
GF00001718	TFCN2502E3341_000964-T1, TFCN2502E3341_004648-T1	DBVPG3775_005187-T1
GF00001719	TFCN2502E3341_000965-T1, TFCN2502E3341_004649-T1	DBVPG3775_005186-T1
GF00001720	TFCN2502E3341_000966-T1, TFCN2502E3341_004650-T1	DBVPG3775_005185-T1
GF00001721	TFCN2502E3341_000967-T1, TFCN2502E3341_004651-T1	DBVPG3775_005184-T1
GF00001722	TFCN2502E3341_000968-T1, TFCN2502E3341_004652-T1	DBVPG3775_005183-T1
GF00001723	TFCN2502E3341_000969-T1, TFCN2502E3341_004653-T1	DBVPG3775_005182-T1
GF00001724	TFCN2502E3341_000970-T1, TFCN2502E3341_004654-T1	DBVPG3775_005181-T1
GF00001725	TFCN2502E3341_000971-T1, TFCN2502E3341_004655-T1	DBVPG3775_005180-T1
GF00001726	TFCN2502E3341_000972-T1, TFCN2502E3341_004656-T1	DBVPG3775_005179-T1
GF00001727	TFCN2502E3341_000978-T1, TFCN2502E3341_011577-T1	DBVPG3775_005173-T1
GF00001728	TFCN2502E3341_000979-T1, TFCN2502E3341_011576-T1	DBVPG3775_005172-T1
GF00001729	TFCN2502E3341_002181-T1, TFCN2502E3341_009921-T1	DBVPG3775_000124-T1
GF00001730	TFCN2502E3341_000981-T1, TFCN2502E3341_011574-T1	DBVPG3775_005170-T1
GF00001731	TFCN2502E3341_000982-T1, TFCN2502E3341_011573-T1	DBVPG3775_005169-T1
GF00001732	TFCN2502E3341_000983-T1, TFCN2502E3341_011572-T1	DBVPG3775_005168-T1
GF00001733	TFCN2502E3341_000984-T1, TFCN2502E3341_011571-T1	DBVPG3775_005167-T1
GF00001734	TFCN2502E3341_000986-T1, TFCN2502E3341_011569-T1	DBVPG3775_005165-T1
GF00001735	TFCN2502E3341_000987-T1, TFCN2502E3341_011568-T1	DBVPG3775_005164-T1
GF00001736	TFCN2502E3341_000990-T1, TFCN2502E3341_011564-T1	DBVPG3775_005161-T1
GF00001737	TFCN2502E3341_000991-T1, TFCN2502E3341_011563-T1	DBVPG3775_005160-T1
GF00001738	TFCN2502E3341_000997-T1, TFCN2502E3341_011557-T1	DBVPG3775_005154-T1
GF00001739	TFCN2502E3341_000998-T1, TFCN2502E3341_011556-T1	DBVPG3775_005153-T1
GF00001740	TFCN2502E3341_000999-T1, TFCN2502E3341_011555-T1	DBVPG3775_005152-T1
GF00001741	TFCN2502E3341_001000-T1, TFCN2502E3341_011554-T1	DBVPG3775_005151-T1
GF00001742	TFCN2502E3341_001002-T1, TFCN2502E3341_011553-T1	DBVPG3775_005149-T1
GF00001743	TFCN2502E3341_001003-T1, TFCN2502E3341_011552-T1	DBVPG3775_005148-T1
GF00001744	TFCN2502E3341_001004-T1, TFCN2502E3341_011551-T1	DBVPG3775_005147-T1
GF00001745	TFCN2502E3341_001005-T1, TFCN2502E3341_011550-T1	DBVPG3775_005146-T1
GF00001746	TFCN2502E3341_001006-T1, TFCN2502E3341_011549-T1	DBVPG3775_007126-T1
GF00001747	TFCN2502E3341_001007-T1, TFCN2502E3341_011548-T1	DBVPG3775_007127-T1
GF00001748	TFCN2502E3341_001008-T1, TFCN2502E3341_014071-T1	DBVPG3775_007128-T1
GF00001749	TFCN2502E3341_001010-T1, TFCN2502E3341_014072-T1	DBVPG3775_007130-T1
GF00001750	TFCN2502E3341_012705-T1, TFCN2502E3341_001242-T1	DBVPG3775_006443-T1
GF00001751	TFCN2502E3341_001013-T1, TFCN2502E3341_014075-T1	DBVPG3775_007133-T1
GF00001752	TFCN2502E3341_001014-T1, TFCN2502E3341_014076-T1	DBVPG3775_007134-T1
GF00001753	TFCN2502E3341_001016-T1, TFCN2502E3341_014078-T1	DBVPG3775_007136-T1
GF00001754	TFCN2502E3341_001017-T1, TFCN2502E3341_014079-T1	DBVPG3775_007137-T1
GF00001755	TFCN2502E3341_001018-T1, TFCN2502E3341_014080-T1	DBVPG3775_007138-T1
GF00001756	TFCN2502E3341_001019-T1, TFCN2502E3341_014081-T1	DBVPG3775_007139-T1
GF00001757	TFCN2502E3341_001020-T1, TFCN2502E3341_012149-T1	DBVPG3775_007140-T1
GF00001758	TFCN2502E3341_001021-T1, TFCN2502E3341_012150-T1	DBVPG3775_007141-T1
GF00001759	TFCN2502E3341_001025-T1, TFCN2502E3341_012153-T1	DBVPG3775_007145-T1
GF00001760	TFCN2502E3341_001026-T1, TFCN2502E3341_012154-T1	DBVPG3775_007146-T1
GF00001761	TFCN2502E3341_013294-T1, TFCN2502E3341_013148-T1	DBVPG3775_003034-T1
GF00001762	TFCN2502E3341_001027-T1, TFCN2502E3341_012155-T1	DBVPG3775_007147-T1
GF00001763	TFCN2502E3341_001034-T1, TFCN2502E3341_012162-T1	DBVPG3775_007153-T1
GF00001764	TFCN2502E3341_001035-T1, TFCN2502E3341_012163-T1	DBVPG3775_007154-T1
GF00001765	TFCN2502E3341_001036-T1, TFCN2502E3341_012164-T1	DBVPG3775_007155-T1
GF00001766	TFCN2502E3341_001038-T1, TFCN2502E3341_012166-T1	DBVPG3775_007157-T1
GF00001767	TFCN2502E3341_006100-T1, TFCN2502E3341_010981-T1	DBVPG3775_006270-T1
GF00001768	TFCN2502E3341_001041-T1, TFCN2502E3341_012169-T1	DBVPG3775_007160-T1
GF00001769	TFCN2502E3341_001042-T1, TFCN2502E3341_012170-T1	DBVPG3775_007161-T1
GF00001770	TFCN2502E3341_001044-T1, TFCN2502E3341_012172-T1	DBVPG3775_007163-T1
GF00001771	TFCN2502E3341_001045-T1, TFCN2502E3341_012173-T1	DBVPG3775_007164-T1
GF00001772	TFCN2502E3341_001051-T1, TFCN2502E3341_008289-T1	DBVPG3775_005423-T1
GF00001773	TFCN2502E3341_001052-T1, TFCN2502E3341_008288-T1	DBVPG3775_005422-T1
GF00001774	TFCN2502E3341_001053-T1, TFCN2502E3341_008287-T1	DBVPG3775_005421-T1
GF00001775	TFCN2502E3341_001054-T1, TFCN2502E3341_010065-T1	DBVPG3775_005420-T1
GF00001776	TFCN2502E3341_001055-T1, TFCN2502E3341_010064-T1	DBVPG3775_005419-T1
GF00001777	TFCN2502E3341_001056-T1, TFCN2502E3341_010063-T1	DBVPG3775_005418-T1
GF00001778	TFCN2502E3341_001058-T1, TFCN2502E3341_010061-T1	DBVPG3775_005416-T1
GF00001779	TFCN2502E3341_001059-T1, TFCN2502E3341_010060-T1	DBVPG3775_005415-T1
GF00001780	TFCN2502E3341_001061-T1, TFCN2502E3341_010034-T1	DBVPG3775_005413-T1
GF00001781	TFCN2502E3341_001062-T1, TFCN2502E3341_010035-T1	DBVPG3775_005412-T1
GF00001782	TFCN2502E3341_001065-T1, TFCN2502E3341_010038-T1	DBVPG3775_005408-T1
GF00001783	TFCN2502E3341_001067-T1, TFCN2502E3341_010040-T1	DBVPG3775_005406-T1
GF00001784	TFCN2502E3341_001068-T1, TFCN2502E3341_010041-T1	DBVPG3775_005405-T1
GF00001785	TFCN2502E3341_001069-T1, TFCN2502E3341_010042-T1	DBVPG3775_005404-T1
GF00001786	TFCN2502E3341_001070-T1, TFCN2502E3341_010043-T1	DBVPG3775_005403-T1
GF00001787	TFCN2502E3341_001073-T1, TFCN2502E3341_010044-T1	DBVPG3775_005402-T1
GF00001788	TFCN2502E3341_001074-T1, TFCN2502E3341_010045-T1	DBVPG3775_005401-T1
GF00001789	TFCN2502E3341_001076-T1, TFCN2502E3341_010047-T1	DBVPG3775_005398-T1
GF00001790	TFCN2502E3341_001077-T1, TFCN2502E3341_010048-T1	DBVPG3775_005397-T1
GF00001791	TFCN2502E3341_001078-T1, TFCN2502E3341_010049-T1	DBVPG3775_005396-T1
GF00001792	TFCN2502E3341_001079-T1, TFCN2502E3341_010050-T1	DBVPG3775_005395-T1
GF00001793	TFCN2502E3341_001080-T1, TFCN2502E3341_010051-T1	DBVPG3775_005394-T1
GF00001794	TFCN2502E3341_001081-T1, TFCN2502E3341_010052-T1	DBVPG3775_005393-T1
GF00001795	TFCN2502E3341_001084-T1, TFCN2502E3341_010055-T1	DBVPG3775_005390-T1
GF00001796	TFCN2502E3341_001085-T1, TFCN2502E3341_010056-T1	DBVPG3775_005389-T1
GF00001797	TFCN2502E3341_001086-T1, TFCN2502E3341_010057-T1	DBVPG3775_005388-T1
GF00001798	TFCN2502E3341_001088-T1, TFCN2502E3341_010031-T1	DBVPG3775_005386-T1
GF00001799	TFCN2502E3341_001089-T1, TFCN2502E3341_010030-T1	DBVPG3775_005385-T1
GF00001800	TFCN2502E3341_001090-T1, TFCN2502E3341_010029-T1	DBVPG3775_005384-T1
GF00001801	TFCN2502E3341_010026-T1, TFCN2502E3341_001092-T1	DBVPG3775_005382-T1
GF00001802	TFCN2502E3341_001093-T1, TFCN2502E3341_010025-T1	DBVPG3775_005380-T1
GF00001803	TFCN2502E3341_001096-T1, TFCN2502E3341_014722-T1	DBVPG3775_005377-T1
GF00001804	TFCN2502E3341_001098-T1, TFCN2502E3341_014745-T1	DBVPG3775_005375-T1
GF00001805	TFCN2502E3341_001100-T1, TFCN2502E3341_013548-T1	DBVPG3775_005373-T1
GF00001806	TFCN2502E3341_001102-T1, TFCN2502E3341_013545-T1	DBVPG3775_005371-T1
GF00001807	TFCN2502E3341_006104-T1, TFCN2502E3341_010977-T1	DBVPG3775_006266-T1
GF00001808	TFCN2502E3341_001104-T1, TFCN2502E3341_013543-T1	DBVPG3775_005369-T1
GF00001809	TFCN2502E3341_001105-T1, TFCN2502E3341_013542-T1	DBVPG3775_005368-T1
GF00001810	TFCN2502E3341_001106-T1, TFCN2502E3341_013541-T1	DBVPG3775_005367-T1
GF00001811	TFCN2502E3341_001109-T1, TFCN2502E3341_013538-T1	DBVPG3775_005364-T1
GF00001812	TFCN2502E3341_001110-T1, TFCN2502E3341_013537-T1	DBVPG3775_005363-T1
GF00001813	TFCN2502E3341_002177-T1, TFCN2502E3341_009925-T1	DBVPG3775_000120-T1
GF00001814	TFCN2502E3341_001112-T1, TFCN2502E3341_013612-T1	DBVPG3775_005361-T1
GF00001815	TFCN2502E3341_001113-T1, TFCN2502E3341_013613-T1	DBVPG3775_005360-T1
GF00001816	TFCN2502E3341_001114-T1, TFCN2502E3341_013614-T1	DBVPG3775_005359-T1
GF00001817	TFCN2502E3341_001116-T1, TFCN2502E3341_013616-T1	DBVPG3775_005357-T1
GF00001818	TFCN2502E3341_007069-T1, TFCN2502E3341_010799-T1	DBVPG3775_002556-T1
GF00001819	TFCN2502E3341_001117-T1, TFCN2502E3341_013617-T1	DBVPG3775_005356-T1
GF00001820	TFCN2502E3341_001120-T1, TFCN2502E3341_013619-T1	DBVPG3775_006505-T1
GF00001821	TFCN2502E3341_001121-T1, TFCN2502E3341_013620-T1	DBVPG3775_006504-T1
GF00001822	TFCN2502E3341_001126-T1, TFCN2502E3341_005456-T1	DBVPG3775_006498-T1
GF00001823	TFCN2502E3341_001127-T1, TFCN2502E3341_005457-T1	DBVPG3775_006497-T1
GF00001824	TFCN2502E3341_001128-T1, TFCN2502E3341_005458-T1	DBVPG3775_006496-T1
GF00001825	TFCN2502E3341_001129-T1, TFCN2502E3341_005459-T1	DBVPG3775_006495-T1
GF00001826	TFCN2502E3341_001130-T1, TFCN2502E3341_005460-T1	DBVPG3775_006494-T1
GF00001827	TFCN2502E3341_001132-T1, TFCN2502E3341_005462-T1	DBVPG3775_006492-T1
GF00001828	TFCN2502E3341_001133-T1, TFCN2502E3341_005463-T1	DBVPG3775_006491-T1
GF00001829	TFCN2502E3341_001134-T1, TFCN2502E3341_005464-T1	DBVPG3775_006490-T1
GF00001830	TFCN2502E3341_001135-T1, TFCN2502E3341_005465-T1	DBVPG3775_006489-T1
GF00001831	TFCN2502E3341_001137-T1, TFCN2502E3341_005467-T1	DBVPG3775_006487-T1
GF00001832	TFCN2502E3341_001138-T1, TFCN2502E3341_005468-T1	DBVPG3775_006486-T1
GF00001833	TFCN2502E3341_012056-T1, TFCN2502E3341_010842-T1	DBVPG3775_004712-T1
GF00001834	TFCN2502E3341_001141-T1, TFCN2502E3341_005470-T1	DBVPG3775_006484-T1
GF00001835	TFCN2502E3341_001142-T1, TFCN2502E3341_011346-T1	DBVPG3775_006483-T1
GF00001836	TFCN2502E3341_001144-T1, TFCN2502E3341_014475-T1	DBVPG3775_006481-T1
GF00001837	TFCN2502E3341_001145-T1, TFCN2502E3341_014476-T1	DBVPG3775_006480-T1
GF00001838	TFCN2502E3341_001146-T1, TFCN2502E3341_014477-T1	DBVPG3775_006479-T1
GF00001839	TFCN2502E3341_001147-T1, TFCN2502E3341_014478-T1	DBVPG3775_006478-T1
GF00001840	TFCN2502E3341_001148-T1, TFCN2502E3341_012341-T1	DBVPG3775_006477-T1
GF00001841	TFCN2502E3341_007982-T1, TFCN2502E3341_008322-T1	DBVPG3775_001636-T1
GF00001842	TFCN2502E3341_001150-T1, TFCN2502E3341_012339-T1	DBVPG3775_006475-T1
GF00001843	TFCN2502E3341_001151-T1, TFCN2502E3341_012338-T1	DBVPG3775_006474-T1
GF00001844	TFCN2502E3341_001153-T1, TFCN2502E3341_012335-T1	DBVPG3775_006471-T1
GF00001845	TFCN2502E3341_001154-T1, TFCN2502E3341_012334-T1	DBVPG3775_006470-T1
GF00001846	TFCN2502E3341_001155-T1, TFCN2502E3341_012333-T1	DBVPG3775_006469-T1
GF00001847	TFCN2502E3341_001156-T1, TFCN2502E3341_012332-T1	DBVPG3775_006468-T1
GF00001848	TFCN2502E3341_001157-T1, TFCN2502E3341_012331-T1	DBVPG3775_006467-T1
GF00001849	TFCN2502E3341_001158-T1, TFCN2502E3341_012330-T1	DBVPG3775_006466-T1
GF00001850	TFCN2502E3341_001159-T1, TFCN2502E3341_012329-T1	DBVPG3775_006465-T1
GF00001851	TFCN2502E3341_001160-T1, TFCN2502E3341_012328-T1	DBVPG3775_006464-T1
GF00001852	TFCN2502E3341_001161-T1, TFCN2502E3341_012327-T1	DBVPG3775_006463-T1
GF00001853	TFCN2502E3341_001162-T1, TFCN2502E3341_012326-T1	DBVPG3775_006462-T1
GF00001854	TFCN2502E3341_001164-T1, TFCN2502E3341_012324-T1	DBVPG3775_006460-T1
GF00001855	TFCN2502E3341_001166-T1, TFCN2502E3341_012322-T1	DBVPG3775_006458-T1
GF00001856	TFCN2502E3341_001167-T1, TFCN2502E3341_012321-T1	DBVPG3775_006457-T1
GF00001857	TFCN2502E3341_001169-T1, TFCN2502E3341_009274-T1	DBVPG3775_006093-T1
GF00001858	TFCN2502E3341_001170-T1, TFCN2502E3341_009273-T1	DBVPG3775_006092-T1
GF00001859	TFCN2502E3341_001171-T1, TFCN2502E3341_009272-T1	DBVPG3775_006091-T1
GF00001860	TFCN2502E3341_001172-T1, TFCN2502E3341_009271-T1	DBVPG3775_006090-T1
GF00001861	TFCN2502E3341_001174-T1, TFCN2502E3341_009269-T1	DBVPG3775_006088-T1
GF00001862	TFCN2502E3341_001175-T1, TFCN2502E3341_009268-T1	DBVPG3775_006087-T1
GF00001863	TFCN2502E3341_001180-T1, TFCN2502E3341_011676-T1	DBVPG3775_006905-T1
GF00001864	TFCN2502E3341_001181-T1, TFCN2502E3341_011677-T1	DBVPG3775_006906-T1
GF00001865	TFCN2502E3341_001182-T1, TFCN2502E3341_011678-T1	DBVPG3775_006907-T1
GF00001866	TFCN2502E3341_001183-T1, TFCN2502E3341_011679-T1	DBVPG3775_006908-T1
GF00001867	TFCN2502E3341_001184-T1, TFCN2502E3341_011680-T1	DBVPG3775_006909-T1
GF00001868	TFCN2502E3341_001186-T1, TFCN2502E3341_011682-T1	DBVPG3775_006911-T1
GF00001869	TFCN2502E3341_001187-T1, TFCN2502E3341_011683-T1	DBVPG3775_006912-T1
GF00001870	TFCN2502E3341_001190-T1, TFCN2502E3341_011685-T1	DBVPG3775_006914-T1
GF00001871	TFCN2502E3341_001191-T1, TFCN2502E3341_011686-T1	DBVPG3775_006915-T1
GF00001872	TFCN2502E3341_001192-T1, TFCN2502E3341_011687-T1	DBVPG3775_006916-T1
GF00001873	TFCN2502E3341_001193-T1, TFCN2502E3341_011688-T1	DBVPG3775_006917-T1
GF00001874	TFCN2502E3341_001194-T1, TFCN2502E3341_011689-T1	DBVPG3775_006918-T1
GF00001875	TFCN2502E3341_001196-T1, TFCN2502E3341_011690-T1	DBVPG3775_006919-T1
GF00001876	TFCN2502E3341_001198-T1, TFCN2502E3341_011691-T1	DBVPG3775_006920-T1
GF00001877	TFCN2502E3341_001199-T1, TFCN2502E3341_011692-T1	DBVPG3775_006921-T1
GF00001878	TFCN2502E3341_001202-T1, TFCN2502E3341_011695-T1	DBVPG3775_006923-T1
GF00001879	TFCN2502E3341_001205-T1, TFCN2502E3341_014068-T1	DBVPG3775_006926-T1
GF00001880	TFCN2502E3341_001206-T1, TFCN2502E3341_014069-T1	DBVPG3775_006927-T1
GF00001881	TFCN2502E3341_001208-T1, TFCN2502E3341_014236-T1	DBVPG3775_006930-T1
GF00001882	TFCN2502E3341_001211-T1, TFCN2502E3341_014239-T1	DBVPG3775_006025-T1
GF00001883	TFCN2502E3341_001212-T1, TFCN2502E3341_014240-T1	DBVPG3775_006026-T1
GF00001884	TFCN2502E3341_001214-T1, TFCN2502E3341_003777-T1	DBVPG3775_006028-T1
GF00001885	TFCN2502E3341_001215-T1, TFCN2502E3341_003776-T1	DBVPG3775_006029-T1
GF00001886	TFCN2502E3341_009044-T1, TFCN2502E3341_010929-T1	DBVPG3775_005332-T1
GF00001887	TFCN2502E3341_001218-T1, TFCN2502E3341_013704-T1	DBVPG3775_007472-T1
GF00001888	TFCN2502E3341_001219-T1, TFCN2502E3341_013703-T1	DBVPG3775_007471-T1
GF00001889	TFCN2502E3341_001221-T1, TFCN2502E3341_013701-T1	DBVPG3775_007469-T1
GF00001890	TFCN2502E3341_001222-T1, TFCN2502E3341_013700-T1	DBVPG3775_007468-T1
GF00001891	TFCN2502E3341_001223-T1, TFCN2502E3341_013699-T1	DBVPG3775_007467-T1
GF00001892	TFCN2502E3341_001224-T1, TFCN2502E3341_013698-T1	DBVPG3775_007466-T1
GF00001893	TFCN2502E3341_001225-T1, TFCN2502E3341_013697-T1	DBVPG3775_007465-T1
GF00001894	TFCN2502E3341_001226-T1, TFCN2502E3341_013696-T1	DBVPG3775_007464-T1
GF00001895	TFCN2502E3341_001230-T1, TFCN2502E3341_012717-T1	DBVPG3775_006454-T1
GF00001896	TFCN2502E3341_001233-T1, TFCN2502E3341_012714-T1	DBVPG3775_006451-T1
GF00001897	TFCN2502E3341_001234-T1, TFCN2502E3341_012713-T1	DBVPG3775_006450-T1
GF00001898	TFCN2502E3341_001235-T1, TFCN2502E3341_012712-T1	DBVPG3775_006449-T1
GF00001899	TFCN2502E3341_001236-T1, TFCN2502E3341_012711-T1	DBVPG3775_006448-T1
GF00001900	TFCN2502E3341_001237-T1, TFCN2502E3341_012710-T1	DBVPG3775_006447-T1
GF00001901	TFCN2502E3341_001238-T1, TFCN2502E3341_012709-T1	DBVPG3775_006446-T1
GF00001902	TFCN2502E3341_001239-T1, TFCN2502E3341_012707-T1	DBVPG3775_006445-T1
GF00001903	TFCN2502E3341_001243-T1, TFCN2502E3341_012704-T1	DBVPG3775_006442-T1
GF00001904	TFCN2502E3341_001244-T1, TFCN2502E3341_012703-T1	DBVPG3775_006441-T1
GF00001905	TFCN2502E3341_001245-T1, TFCN2502E3341_012702-T1	DBVPG3775_006440-T1
GF00001906	TFCN2502E3341_001248-T1, TFCN2502E3341_005710-T1	DBVPG3775_006437-T1
GF00001907	TFCN2502E3341_001249-T1, TFCN2502E3341_005709-T1	DBVPG3775_006436-T1
GF00001908	TFCN2502E3341_001251-T1, TFCN2502E3341_005706-T1	DBVPG3775_006434-T1
GF00001909	TFCN2502E3341_001252-T1, TFCN2502E3341_005705-T1	DBVPG3775_006433-T1
GF00001910	TFCN2502E3341_001253-T1, TFCN2502E3341_005704-T1	DBVPG3775_006432-T1
GF00001911	TFCN2502E3341_001254-T1, TFCN2502E3341_005703-T1	DBVPG3775_006431-T1
GF00001912	TFCN2502E3341_001257-T1, TFCN2502E3341_005700-T1	DBVPG3775_006428-T1
GF00001913	TFCN2502E3341_001261-T1, TFCN2502E3341_005697-T1	DBVPG3775_006422-T1
GF00001914	TFCN2502E3341_001263-T1, TFCN2502E3341_005695-T1	DBVPG3775_006420-T1
GF00001915	TFCN2502E3341_001270-T1, TFCN2502E3341_005683-T1	DBVPG3775_006415-T1
GF00001916	TFCN2502E3341_001271-T1, TFCN2502E3341_005684-T1	DBVPG3775_006414-T1
GF00001917	TFCN2502E3341_001273-T1, TFCN2502E3341_005686-T1	DBVPG3775_006412-T1
GF00001918	TFCN2502E3341_001275-T1, TFCN2502E3341_005688-T1	DBVPG3775_006410-T1
GF00001919	TFCN2502E3341_001276-T1, TFCN2502E3341_005689-T1	DBVPG3775_006409-T1
GF00001920	TFCN2502E3341_001277-T1, TFCN2502E3341_005690-T1	DBVPG3775_006408-T1
GF00001921	TFCN2502E3341_001279-T1, TFCN2502E3341_014018-T1	DBVPG3775_005509-T1
GF00001922	TFCN2502E3341_001280-T1, TFCN2502E3341_014017-T1	DBVPG3775_005508-T1
GF00001923	TFCN2502E3341_001281-T1, TFCN2502E3341_014016-T1	DBVPG3775_005507-T1
GF00001924	TFCN2502E3341_001284-T1, TFCN2502E3341_014013-T1	DBVPG3775_005504-T1
GF00001925	TFCN2502E3341_001285-T1, TFCN2502E3341_014012-T1	DBVPG3775_005503-T1
GF00001926	TFCN2502E3341_004970-T1, TFCN2502E3341_013667-T1	DBVPG3775_001731-T1
GF00001927	TFCN2502E3341_001286-T1, TFCN2502E3341_014011-T1	DBVPG3775_005502-T1
GF00001928	TFCN2502E3341_001287-T1, TFCN2502E3341_014010-T1	DBVPG3775_005501-T1
GF00001929	TFCN2502E3341_001288-T1, TFCN2502E3341_014009-T1	DBVPG3775_005500-T1
GF00001930	TFCN2502E3341_001290-T1, TFCN2502E3341_014753-T1	DBVPG3775_005498-T1
GF00001931	TFCN2502E3341_001291-T1, TFCN2502E3341_009459-T1	DBVPG3775_005497-T1
GF00001932	TFCN2502E3341_001292-T1, TFCN2502E3341_009460-T1	DBVPG3775_005496-T1
GF00001933	TFCN2502E3341_001293-T1, TFCN2502E3341_009461-T1	DBVPG3775_005495-T1
GF00001934	TFCN2502E3341_001294-T1, TFCN2502E3341_009463-T1	DBVPG3775_005493-T1
GF00001935	TFCN2502E3341_001295-T1, TFCN2502E3341_009464-T1	DBVPG3775_005492-T1
GF00001936	TFCN2502E3341_001298-T1, TFCN2502E3341_009467-T1	DBVPG3775_005489-T1
GF00001937	TFCN2502E3341_001299-T1, TFCN2502E3341_009468-T1	DBVPG3775_005488-T1
GF00001938	TFCN2502E3341_001300-T1, TFCN2502E3341_009469-T1	DBVPG3775_005487-T1
GF00001939	TFCN2502E3341_001301-T1, TFCN2502E3341_009470-T1	DBVPG3775_005486-T1
GF00001940	TFCN2502E3341_003802-T1, TFCN2502E3341_002074-T1	DBVPG3775_001957-T1
GF00001941	TFCN2502E3341_001303-T1, TFCN2502E3341_009472-T1	DBVPG3775_005484-T1
GF00001942	TFCN2502E3341_001305-T1, TFCN2502E3341_009474-T1	DBVPG3775_005482-T1
GF00001943	TFCN2502E3341_001306-T1, TFCN2502E3341_009475-T1	DBVPG3775_005481-T1
GF00001944	TFCN2502E3341_001308-T1, TFCN2502E3341_009477-T1	DBVPG3775_005479-T1
GF00001945	TFCN2502E3341_001316-T1, TFCN2502E3341_009487-T1	DBVPG3775_005470-T1
GF00001946	TFCN2502E3341_001319-T1, TFCN2502E3341_009489-T1	DBVPG3775_005468-T1
GF00001947	TFCN2502E3341_001321-T1, TFCN2502E3341_009490-T1	DBVPG3775_005467-T1
GF00001948	TFCN2502E3341_001323-T1, TFCN2502E3341_009492-T1	DBVPG3775_005465-T1
GF00001949	TFCN2502E3341_001324-T1, TFCN2502E3341_009493-T1	DBVPG3775_005464-T1
GF00001950	TFCN2502E3341_001325-T1, TFCN2502E3341_009494-T1	DBVPG3775_005463-T1
GF00001951	TFCN2502E3341_001328-T1, TFCN2502E3341_009496-T1	DBVPG3775_005460-T1
GF00001952	TFCN2502E3341_001329-T1, TFCN2502E3341_009497-T1	DBVPG3775_005459-T1
GF00001953	TFCN2502E3341_001330-T1, TFCN2502E3341_009498-T1	DBVPG3775_005458-T1
GF00001954	TFCN2502E3341_008610-T1, TFCN2502E3341_008034-T1	DBVPG3775_001521-T1
GF00001955	TFCN2502E3341_001335-T1, TFCN2502E3341_014292-T1	DBVPG3775_005453-T1
GF00001956	TFCN2502E3341_001336-T1, TFCN2502E3341_014291-T1	DBVPG3775_005452-T1
GF00001957	TFCN2502E3341_001337-T1, TFCN2502E3341_014290-T1	DBVPG3775_005257-T1
GF00001958	TFCN2502E3341_001339-T1, TFCN2502E3341_007248-T1	DBVPG3775_005259-T1
GF00001959	TFCN2502E3341_001340-T1, TFCN2502E3341_007249-T1	DBVPG3775_005260-T1
GF00001960	TFCN2502E3341_001341-T1, TFCN2502E3341_007250-T1	DBVPG3775_005261-T1
GF00001961	TFCN2502E3341_001342-T1, TFCN2502E3341_007251-T1	DBVPG3775_005262-T1
GF00001962	TFCN2502E3341_001343-T1, TFCN2502E3341_007252-T1	DBVPG3775_005263-T1
GF00001963	TFCN2502E3341_001344-T1, TFCN2502E3341_007253-T1	DBVPG3775_005264-T1
GF00001964	TFCN2502E3341_001345-T1, TFCN2502E3341_007254-T1	DBVPG3775_005265-T1
GF00001965	TFCN2502E3341_001347-T1, TFCN2502E3341_007267-T1	DBVPG3775_005267-T1
GF00001966	TFCN2502E3341_001348-T1, TFCN2502E3341_007266-T1	DBVPG3775_005268-T1
GF00001967	TFCN2502E3341_001349-T1, TFCN2502E3341_007265-T1	DBVPG3775_005269-T1
GF00001968	TFCN2502E3341_001350-T1, TFCN2502E3341_007264-T1	DBVPG3775_005270-T1
GF00001969	TFCN2502E3341_001352-T1, TFCN2502E3341_007262-T1	DBVPG3775_005272-T1
GF00001970	TFCN2502E3341_001356-T1, TFCN2502E3341_007259-T1	DBVPG3775_005276-T1
GF00001971	TFCN2502E3341_001357-T1, TFCN2502E3341_007258-T1	DBVPG3775_005277-T1
GF00001972	TFCN2502E3341_001360-T1, TFCN2502E3341_007255-T1	DBVPG3775_005279-T1
GF00001973	TFCN2502E3341_001361-T1, TFCN2502E3341_007269-T1	DBVPG3775_005280-T1
GF00001974	TFCN2502E3341_001362-T1, TFCN2502E3341_007270-T1	DBVPG3775_005281-T1
GF00001975	TFCN2502E3341_001363-T1, TFCN2502E3341_007271-T1	DBVPG3775_005282-T1
GF00001976	TFCN2502E3341_001364-T1, TFCN2502E3341_007272-T1	DBVPG3775_005283-T1
GF00001977	TFCN2502E3341_001365-T1, TFCN2502E3341_007273-T1	DBVPG3775_005284-T1
GF00001978	TFCN2502E3341_001366-T1, TFCN2502E3341_007274-T1	DBVPG3775_005285-T1
GF00001979	TFCN2502E3341_001367-T1, TFCN2502E3341_007275-T1	DBVPG3775_005286-T1
GF00001980	TFCN2502E3341_001368-T1, TFCN2502E3341_007276-T1	DBVPG3775_005287-T1
GF00001981	TFCN2502E3341_001369-T1, TFCN2502E3341_007277-T1	DBVPG3775_005288-T1
GF00001982	TFCN2502E3341_001371-T1, TFCN2502E3341_007279-T1	DBVPG3775_005290-T1
GF00001983	TFCN2502E3341_001372-T1, TFCN2502E3341_007280-T1	DBVPG3775_005291-T1
GF00001984	TFCN2502E3341_001373-T1, TFCN2502E3341_007281-T1	DBVPG3775_005292-T1
GF00001985	TFCN2502E3341_001378-T1, TFCN2502E3341_007284-T1	DBVPG3775_005297-T1
GF00001986	TFCN2502E3341_001379-T1, TFCN2502E3341_007285-T1	DBVPG3775_005298-T1
GF00001987	TFCN2502E3341_001380-T1, TFCN2502E3341_007286-T1	DBVPG3775_005299-T1
GF00001988	TFCN2502E3341_001382-T1, TFCN2502E3341_007287-T1	DBVPG3775_005301-T1
GF00001989	TFCN2502E3341_001383-T1, TFCN2502E3341_007288-T1	DBVPG3775_005302-T1
GF00001990	TFCN2502E3341_001385-T1, TFCN2502E3341_007290-T1	DBVPG3775_005304-T1
GF00001991	TFCN2502E3341_001386-T1, TFCN2502E3341_007291-T1	DBVPG3775_005305-T1
GF00001992	TFCN2502E3341_001389-T1, TFCN2502E3341_007294-T1	DBVPG3775_005308-T1
GF00001993	TFCN2502E3341_001390-T1, TFCN2502E3341_007295-T1	DBVPG3775_005309-T1
GF00001994	TFCN2502E3341_001392-T1, TFCN2502E3341_009065-T1	DBVPG3775_005311-T1
GF00001995	TFCN2502E3341_001393-T1, TFCN2502E3341_009064-T1	DBVPG3775_005312-T1
GF00001996	TFCN2502E3341_001401-T1, TFCN2502E3341_009057-T1	DBVPG3775_005319-T1
GF00001997	TFCN2502E3341_001402-T1, TFCN2502E3341_009056-T1	DBVPG3775_005320-T1
GF00001998	TFCN2502E3341_001406-T1, TFCN2502E3341_010288-T1	DBVPG3775_003673-T1
GF00001999	TFCN2502E3341_001409-T1, TFCN2502E3341_010286-T1	DBVPG3775_003670-T1
GF00002000	TFCN2502E3341_001410-T1, TFCN2502E3341_010285-T1	DBVPG3775_003669-T1
GF00002001	TFCN2502E3341_001412-T1, TFCN2502E3341_010283-T1	DBVPG3775_003667-T1
GF00002002	TFCN2502E3341_001413-T1, TFCN2502E3341_010282-T1	DBVPG3775_003666-T1
GF00002003	TFCN2502E3341_001414-T1, TFCN2502E3341_010281-T1	DBVPG3775_003665-T1
GF00002004	TFCN2502E3341_001416-T1, TFCN2502E3341_010279-T1	DBVPG3775_003663-T1
GF00002005	TFCN2502E3341_010278-T1, TFCN2502E3341_001417-T1	DBVPG3775_003662-T1
GF00002006	TFCN2502E3341_001418-T1, TFCN2502E3341_010277-T1	DBVPG3775_003661-T1
GF00002007	TFCN2502E3341_001419-T1, TFCN2502E3341_010276-T1	DBVPG3775_003660-T1
GF00002008	TFCN2502E3341_001420-T1, TFCN2502E3341_010275-T1	DBVPG3775_003659-T1
GF00002009	TFCN2502E3341_001421-T1, TFCN2502E3341_010274-T1	DBVPG3775_003658-T1
GF00002010	TFCN2502E3341_001423-T1, TFCN2502E3341_010272-T1	DBVPG3775_003656-T1
GF00002011	TFCN2502E3341_001425-T1, TFCN2502E3341_010270-T1	DBVPG3775_003654-T1
GF00002012	TFCN2502E3341_001429-T1, TFCN2502E3341_014197-T1	DBVPG3775_003648-T1
GF00002013	TFCN2502E3341_001430-T1, TFCN2502E3341_014196-T1	DBVPG3775_003647-T1
GF00002014	TFCN2502E3341_001433-T1, TFCN2502E3341_014193-T1	DBVPG3775_003644-T1
GF00002015	TFCN2502E3341_001437-T1, TFCN2502E3341_014189-T1	DBVPG3775_003640-T1
GF00002016	TFCN2502E3341_001440-T1, TFCN2502E3341_011782-T1	DBVPG3775_003637-T1
GF00002017	TFCN2502E3341_001441-T1, TFCN2502E3341_011783-T1	DBVPG3775_003636-T1
GF00002018	TFCN2502E3341_001443-T1, TFCN2502E3341_011785-T1	DBVPG3775_003634-T1
GF00002019	TFCN2502E3341_001444-T1, TFCN2502E3341_011786-T1	DBVPG3775_003633-T1
GF00002020	TFCN2502E3341_001446-T1, TFCN2502E3341_011788-T1	DBVPG3775_003631-T1
GF00002021	TFCN2502E3341_001447-T1, TFCN2502E3341_011789-T1	DBVPG3775_003630-T1
GF00002022	TFCN2502E3341_001448-T1, TFCN2502E3341_011790-T1	DBVPG3775_003629-T1
GF00002023	TFCN2502E3341_001449-T1, TFCN2502E3341_011791-T1	DBVPG3775_003628-T1
GF00002024	TFCN2502E3341_001450-T1, TFCN2502E3341_011792-T1	DBVPG3775_003627-T1
GF00002025	TFCN2502E3341_001451-T1, TFCN2502E3341_011793-T1	DBVPG3775_003626-T1
GF00002026	TFCN2502E3341_001452-T1, TFCN2502E3341_011794-T1	DBVPG3775_003625-T1
GF00002027	TFCN2502E3341_001454-T1, TFCN2502E3341_011797-T1	DBVPG3775_003622-T1
GF00002028	TFCN2502E3341_001455-T1, TFCN2502E3341_011798-T1	DBVPG3775_003621-T1
GF00002029	TFCN2502E3341_001458-T1, TFCN2502E3341_011800-T1	DBVPG3775_003619-T1
GF00002030	TFCN2502E3341_001460-T1, TFCN2502E3341_011803-T1	DBVPG3775_003617-T1
GF00002031	TFCN2502E3341_001464-T1, TFCN2502E3341_014572-T1	DBVPG3775_003613-T1
GF00002032	TFCN2502E3341_001466-T1, TFCN2502E3341_014570-T1	DBVPG3775_003611-T1
GF00002033	TFCN2502E3341_001467-T1, TFCN2502E3341_014569-T1	DBVPG3775_003610-T1
GF00002034	TFCN2502E3341_001474-T1	DBVPG3775_003601-T1, DBVPG3775_003602-T1
GF00002035	TFCN2502E3341_006621-T1, TFCN2502E3341_011215-T1	DBVPG3775_006722-T1
GF00002036	TFCN2502E3341_001503-T1, TFCN2502E3341_012437-T1	DBVPG3775_000726-T1
GF00002037	TFCN2502E3341_001504-T1, TFCN2502E3341_012438-T1	DBVPG3775_000727-T1
GF00002038	TFCN2502E3341_001507-T1, TFCN2502E3341_013445-T1	DBVPG3775_000731-T1
GF00002039	TFCN2502E3341_001508-T1, TFCN2502E3341_013444-T1	DBVPG3775_000732-T1
GF00002040	TFCN2502E3341_001511-T1, TFCN2502E3341_013441-T1	DBVPG3775_000736-T1
GF00002041	TFCN2502E3341_001512-T1, TFCN2502E3341_013440-T1	DBVPG3775_000737-T1
GF00002042	TFCN2502E3341_001514-T1, TFCN2502E3341_013438-T1	DBVPG3775_000739-T1
GF00002043	TFCN2502E3341_001515-T1, TFCN2502E3341_013437-T1	DBVPG3775_000740-T1
GF00002044	TFCN2502E3341_001516-T1, TFCN2502E3341_013436-T1	DBVPG3775_000741-T1
GF00002045	TFCN2502E3341_001517-T1, TFCN2502E3341_013435-T1	DBVPG3775_000742-T1
GF00002046	TFCN2502E3341_001518-T1, TFCN2502E3341_013434-T1	DBVPG3775_000743-T1
GF00002047	TFCN2502E3341_001519-T1, TFCN2502E3341_013433-T1	DBVPG3775_000744-T1
GF00002048	TFCN2502E3341_001520-T1, TFCN2502E3341_013432-T1	DBVPG3775_000745-T1
GF00002049	TFCN2502E3341_001522-T1, TFCN2502E3341_006351-T1	DBVPG3775_000850-T1
GF00002050	TFCN2502E3341_006352-T1, TFCN2502E3341_001523-T1	DBVPG3775_000851-T1
GF00002051	TFCN2502E3341_001524-T1, TFCN2502E3341_006353-T1	DBVPG3775_000852-T1
GF00002052	TFCN2502E3341_001525-T1, TFCN2502E3341_006354-T1	DBVPG3775_000853-T1
GF00002053	TFCN2502E3341_001528-T1, TFCN2502E3341_006359-T1	DBVPG3775_000856-T1
GF00002054	TFCN2502E3341_003663-T1, TFCN2502E3341_011144-T1	DBVPG3775_007223-T1
GF00002055	TFCN2502E3341_001531-T1, TFCN2502E3341_006363-T1	DBVPG3775_000859-T1
GF00002056	TFCN2502E3341_001532-T1, TFCN2502E3341_006364-T1	DBVPG3775_000860-T1
GF00002057	TFCN2502E3341_001533-T1, TFCN2502E3341_006365-T1	DBVPG3775_000861-T1
GF00002058	TFCN2502E3341_001534-T1, TFCN2502E3341_006366-T1	DBVPG3775_000862-T1
GF00002059	TFCN2502E3341_001535-T1, TFCN2502E3341_006367-T1	DBVPG3775_000863-T1
GF00002060	TFCN2502E3341_001536-T1, TFCN2502E3341_006368-T1	DBVPG3775_000864-T1
GF00002061	TFCN2502E3341_001537-T1, TFCN2502E3341_006369-T1	DBVPG3775_000865-T1
GF00002062	TFCN2502E3341_001538-T1, TFCN2502E3341_006370-T1	DBVPG3775_000866-T1
GF00002063	TFCN2502E3341_001540-T1, TFCN2502E3341_006372-T1	DBVPG3775_000868-T1
GF00002064	TFCN2502E3341_001541-T1, TFCN2502E3341_006373-T1	DBVPG3775_000869-T1
GF00002065	TFCN2502E3341_001542-T1, TFCN2502E3341_006374-T1	DBVPG3775_000870-T1
GF00002066	TFCN2502E3341_001543-T1, TFCN2502E3341_006375-T1	DBVPG3775_000871-T1
GF00002067	TFCN2502E3341_008645-T1, TFCN2502E3341_008626-T1	DBVPG3775_001504-T1
GF00002068	TFCN2502E3341_001545-T1, TFCN2502E3341_006377-T1	DBVPG3775_000873-T1
GF00002069	TFCN2502E3341_001546-T1, TFCN2502E3341_006378-T1	DBVPG3775_000874-T1
GF00002070	TFCN2502E3341_001547-T1, TFCN2502E3341_006379-T1	DBVPG3775_000875-T1
GF00002071	TFCN2502E3341_001549-T1, TFCN2502E3341_006381-T1	DBVPG3775_000877-T1
GF00002072	TFCN2502E3341_001551-T1, TFCN2502E3341_006383-T1	DBVPG3775_000879-T1
GF00002073	TFCN2502E3341_001552-T1, TFCN2502E3341_006384-T1	DBVPG3775_000880-T1
GF00002074	TFCN2502E3341_004361-T1, TFCN2502E3341_006426-T1	DBVPG3775_001163-T1
GF00002075	TFCN2502E3341_001554-T1, TFCN2502E3341_006386-T1	DBVPG3775_000882-T1
GF00002076	TFCN2502E3341_001556-T1, TFCN2502E3341_006389-T1	DBVPG3775_000884-T1
GF00002077	TFCN2502E3341_001557-T1, TFCN2502E3341_006390-T1	DBVPG3775_000885-T1
GF00002078	TFCN2502E3341_001559-T1, TFCN2502E3341_006391-T1	DBVPG3775_000887-T1
GF00002079	TFCN2502E3341_001560-T1, TFCN2502E3341_006392-T1	DBVPG3775_000888-T1
GF00002080	TFCN2502E3341_001561-T1, TFCN2502E3341_006393-T1	DBVPG3775_000889-T1
GF00002081	TFCN2502E3341_001562-T1, TFCN2502E3341_006394-T1	DBVPG3775_000890-T1
GF00002082	TFCN2502E3341_001564-T1, TFCN2502E3341_005914-T1	DBVPG3775_000892-T1
GF00002083	TFCN2502E3341_001565-T1, TFCN2502E3341_005913-T1	DBVPG3775_000893-T1
GF00002084	TFCN2502E3341_001566-T1, TFCN2502E3341_005912-T1	DBVPG3775_000894-T1
GF00002085	TFCN2502E3341_001567-T1, TFCN2502E3341_005911-T1	DBVPG3775_000895-T1
GF00002086	TFCN2502E3341_001568-T1, TFCN2502E3341_005910-T1	DBVPG3775_000896-T1
GF00002087	TFCN2502E3341_001569-T1, TFCN2502E3341_005909-T1	DBVPG3775_000897-T1
GF00002088	TFCN2502E3341_004471-T1, TFCN2502E3341_013651-T1	DBVPG3775_006178-T1
GF00002089	TFCN2502E3341_001573-T1, TFCN2502E3341_005905-T1	DBVPG3775_000901-T1
GF00002090	TFCN2502E3341_001575-T1, TFCN2502E3341_005903-T1	DBVPG3775_000903-T1
GF00002091	TFCN2502E3341_001576-T1, TFCN2502E3341_005902-T1	DBVPG3775_000904-T1
GF00002092	TFCN2502E3341_001577-T1, TFCN2502E3341_005901-T1	DBVPG3775_000905-T1
GF00002093	TFCN2502E3341_001578-T1, TFCN2502E3341_005900-T1	DBVPG3775_000906-T1
GF00002094	TFCN2502E3341_001582-T1, TFCN2502E3341_005899-T1	DBVPG3775_000931-T1
GF00002095	TFCN2502E3341_001583-T1, TFCN2502E3341_005898-T1	DBVPG3775_000930-T1
GF00002096	TFCN2502E3341_001584-T1, TFCN2502E3341_005897-T1	DBVPG3775_000929-T1
GF00002097	TFCN2502E3341_001585-T1, TFCN2502E3341_005896-T1	DBVPG3775_000928-T1
GF00002098	TFCN2502E3341_001589-T1, TFCN2502E3341_005893-T1	DBVPG3775_000925-T1
GF00002099	TFCN2502E3341_001591-T1, TFCN2502E3341_005891-T1	DBVPG3775_000923-T1
GF00002100	TFCN2502E3341_001593-T1, TFCN2502E3341_005889-T1	DBVPG3775_000921-T1
GF00002101	TFCN2502E3341_001594-T1, TFCN2502E3341_005888-T1	DBVPG3775_000920-T1
GF00002102	TFCN2502E3341_001595-T1, TFCN2502E3341_005887-T1	DBVPG3775_000919-T1
GF00002103	TFCN2502E3341_001596-T1, TFCN2502E3341_005886-T1	DBVPG3775_000918-T1
GF00002104	TFCN2502E3341_001597-T1, TFCN2502E3341_005885-T1	DBVPG3775_000917-T1
GF00002105	TFCN2502E3341_001598-T1, TFCN2502E3341_005884-T1	DBVPG3775_000916-T1
GF00002106	TFCN2502E3341_001601-T1, TFCN2502E3341_005881-T1	DBVPG3775_000914-T1
GF00002107	TFCN2502E3341_001604-T1, TFCN2502E3341_005878-T1	DBVPG3775_000911-T1
GF00002108	TFCN2502E3341_001605-T1, TFCN2502E3341_005877-T1	DBVPG3775_000910-T1
GF00002109	TFCN2502E3341_011280-T1, TFCN2502E3341_011665-T1	DBVPG3775_007372-T1
GF00002110	TFCN2502E3341_001609-T1, TFCN2502E3341_005874-T1	DBVPG3775_000935-T1
GF00002111	TFCN2502E3341_001610-T1, TFCN2502E3341_005873-T1	DBVPG3775_000936-T1
GF00002112	TFCN2502E3341_001611-T1, TFCN2502E3341_005872-T1	DBVPG3775_000937-T1
GF00002113	TFCN2502E3341_001612-T1, TFCN2502E3341_005871-T1	DBVPG3775_000938-T1
GF00002114	TFCN2502E3341_001613-T1, TFCN2502E3341_005870-T1	DBVPG3775_000939-T1
GF00002115	TFCN2502E3341_001614-T1, TFCN2502E3341_005869-T1	DBVPG3775_000940-T1
GF00002116	TFCN2502E3341_001615-T1, TFCN2502E3341_005868-T1	DBVPG3775_000941-T1
GF00002117	TFCN2502E3341_001616-T1, TFCN2502E3341_005867-T1	DBVPG3775_000942-T1
GF00002118	TFCN2502E3341_001617-T1, TFCN2502E3341_005866-T1	DBVPG3775_000943-T1
GF00002119	TFCN2502E3341_001618-T1, TFCN2502E3341_005865-T1	DBVPG3775_000944-T1
GF00002120	TFCN2502E3341_001619-T1, TFCN2502E3341_005864-T1	DBVPG3775_000945-T1
GF00002121	TFCN2502E3341_001622-T1, TFCN2502E3341_005861-T1	DBVPG3775_000947-T1
GF00002122	TFCN2502E3341_001623-T1, TFCN2502E3341_005860-T1	DBVPG3775_000948-T1
GF00002123	TFCN2502E3341_001625-T1, TFCN2502E3341_005858-T1	DBVPG3775_000950-T1
GF00002124	TFCN2502E3341_001626-T1, TFCN2502E3341_005857-T1	DBVPG3775_000951-T1
GF00002125	TFCN2502E3341_001627-T1, TFCN2502E3341_005856-T1	DBVPG3775_000952-T1
GF00002126	TFCN2502E3341_001629-T1, TFCN2502E3341_005854-T1	DBVPG3775_000955-T1
GF00002127	TFCN2502E3341_003652-T1, TFCN2502E3341_006944-T1	DBVPG3775_005017-T1
GF00002128	TFCN2502E3341_006206-T1, TFCN2502E3341_004885-T1	DBVPG3775_007519-T1
GF00002129	TFCN2502E3341_001632-T1, TFCN2502E3341_005851-T1	DBVPG3775_000958-T1
GF00002130	TFCN2502E3341_001636-T1, TFCN2502E3341_008736-T1	DBVPG3775_000962-T1
GF00002131	TFCN2502E3341_001637-T1, TFCN2502E3341_008737-T1	DBVPG3775_000963-T1
GF00002132	TFCN2502E3341_006954-T1, TFCN2502E3341_003634-T1	DBVPG3775_005008-T1
GF00002133	TFCN2502E3341_001640-T1, TFCN2502E3341_003320-T1	DBVPG3775_007416-T1
GF00002134	TFCN2502E3341_001642-T1, TFCN2502E3341_003322-T1	DBVPG3775_007414-T1
GF00002135	TFCN2502E3341_001643-T1, TFCN2502E3341_003323-T1	DBVPG3775_007413-T1
GF00002136	TFCN2502E3341_001644-T1, TFCN2502E3341_003324-T1	DBVPG3775_007412-T1
GF00002137	TFCN2502E3341_001645-T1, TFCN2502E3341_003325-T1	DBVPG3775_007411-T1
GF00002138	TFCN2502E3341_001647-T1, TFCN2502E3341_003327-T1	DBVPG3775_007409-T1
GF00002139	TFCN2502E3341_001648-T1, TFCN2502E3341_003328-T1	DBVPG3775_007408-T1
GF00002140	TFCN2502E3341_001649-T1, TFCN2502E3341_003329-T1	DBVPG3775_007407-T1
GF00002141	TFCN2502E3341_001650-T1, TFCN2502E3341_003330-T1	DBVPG3775_007406-T1
GF00002142	TFCN2502E3341_001651-T1, TFCN2502E3341_003331-T1	DBVPG3775_007405-T1
GF00002143	TFCN2502E3341_001652-T1, TFCN2502E3341_003332-T1	DBVPG3775_007404-T1
GF00002144	TFCN2502E3341_001654-T1, TFCN2502E3341_003335-T1	DBVPG3775_007401-T1
GF00002145	TFCN2502E3341_001656-T1, TFCN2502E3341_003337-T1	DBVPG3775_007399-T1
GF00002146	TFCN2502E3341_001658-T1, TFCN2502E3341_003339-T1	DBVPG3775_007397-T1
GF00002147	TFCN2502E3341_001659-T1, TFCN2502E3341_003340-T1	DBVPG3775_007396-T1
GF00002148	TFCN2502E3341_001662-T1, TFCN2502E3341_003319-T1	DBVPG3775_004944-T1
GF00002149	TFCN2502E3341_001663-T1, TFCN2502E3341_003318-T1	DBVPG3775_004943-T1
GF00002150	TFCN2502E3341_001664-T1, TFCN2502E3341_003317-T1	DBVPG3775_004942-T1
GF00002151	TFCN2502E3341_001665-T1, TFCN2502E3341_003316-T1	DBVPG3775_004941-T1
GF00002152	TFCN2502E3341_001667-T1, TFCN2502E3341_003314-T1	DBVPG3775_004939-T1
GF00002153	TFCN2502E3341_001668-T1, TFCN2502E3341_003313-T1	DBVPG3775_004938-T1
GF00002154	TFCN2502E3341_001669-T1, TFCN2502E3341_003312-T1	DBVPG3775_004937-T1
GF00002155	TFCN2502E3341_001670-T1, TFCN2502E3341_003311-T1	DBVPG3775_004936-T1
GF00002156	TFCN2502E3341_001672-T1, TFCN2502E3341_003308-T1	DBVPG3775_004933-T1
GF00002157	TFCN2502E3341_001675-T1, TFCN2502E3341_003305-T1	DBVPG3775_004930-T1
GF00002158	TFCN2502E3341_001676-T1, TFCN2502E3341_003304-T1	DBVPG3775_004929-T1
GF00002159	TFCN2502E3341_001677-T1, TFCN2502E3341_003303-T1	DBVPG3775_004928-T1
GF00002160	TFCN2502E3341_001678-T1, TFCN2502E3341_003302-T1	DBVPG3775_004927-T1
GF00002161	TFCN2502E3341_001679-T1, TFCN2502E3341_003301-T1	DBVPG3775_004926-T1
GF00002162	TFCN2502E3341_001680-T1, TFCN2502E3341_003300-T1	DBVPG3775_004925-T1
GF00002163	TFCN2502E3341_001681-T1, TFCN2502E3341_003299-T1	DBVPG3775_004924-T1
GF00002164	TFCN2502E3341_001682-T1, TFCN2502E3341_003298-T1	DBVPG3775_004923-T1
GF00002165	TFCN2502E3341_001684-T1, TFCN2502E3341_003296-T1	DBVPG3775_004921-T1
GF00002166	TFCN2502E3341_001685-T1, TFCN2502E3341_003295-T1	DBVPG3775_004920-T1
GF00002167	TFCN2502E3341_001686-T1, TFCN2502E3341_003294-T1	DBVPG3775_004919-T1
GF00002168	TFCN2502E3341_001690-T1, TFCN2502E3341_003290-T1	DBVPG3775_004915-T1
GF00002169	TFCN2502E3341_001691-T1, TFCN2502E3341_003289-T1	DBVPG3775_004914-T1
GF00002170	TFCN2502E3341_001693-T1, TFCN2502E3341_003287-T1	DBVPG3775_004912-T1
GF00002171	TFCN2502E3341_001694-T1, TFCN2502E3341_003286-T1	DBVPG3775_004911-T1
GF00002172	TFCN2502E3341_001695-T1, TFCN2502E3341_003285-T1	DBVPG3775_004910-T1
GF00002173	TFCN2502E3341_001696-T1, TFCN2502E3341_003284-T1	DBVPG3775_004909-T1
GF00002174	TFCN2502E3341_001697-T1, TFCN2502E3341_003283-T1	DBVPG3775_004908-T1
GF00002175	TFCN2502E3341_001698-T1, TFCN2502E3341_003282-T1	DBVPG3775_004907-T1
GF00002176	TFCN2502E3341_001699-T1, TFCN2502E3341_003281-T1	DBVPG3775_004906-T1
GF00002177	TFCN2502E3341_001700-T1, TFCN2502E3341_003280-T1	DBVPG3775_004905-T1
GF00002178	TFCN2502E3341_001703-T1, TFCN2502E3341_003275-T1	DBVPG3775_004901-T1
GF00002179	TFCN2502E3341_001704-T1, TFCN2502E3341_003274-T1	DBVPG3775_004900-T1
GF00002180	TFCN2502E3341_001705-T1, TFCN2502E3341_003273-T1	DBVPG3775_004899-T1
GF00002181	TFCN2502E3341_001706-T1, TFCN2502E3341_003272-T1	DBVPG3775_004898-T1
GF00002182	TFCN2502E3341_001707-T1, TFCN2502E3341_003271-T1	DBVPG3775_004897-T1
GF00002183	TFCN2502E3341_005533-T1, TFCN2502E3341_005983-T1	DBVPG3775_002104-T1
GF00002184	TFCN2502E3341_001717-T1, TFCN2502E3341_003259-T1	DBVPG3775_004885-T1
GF00002185	TFCN2502E3341_001719-T1, TFCN2502E3341_003257-T1	DBVPG3775_004883-T1
GF00002186	TFCN2502E3341_001721-T1, TFCN2502E3341_003255-T1	DBVPG3775_004881-T1
GF00002187	TFCN2502E3341_001723-T1, TFCN2502E3341_003253-T1	DBVPG3775_004879-T1
GF00002188	TFCN2502E3341_001725-T1, TFCN2502E3341_003251-T1	DBVPG3775_004877-T1
GF00002189	TFCN2502E3341_001727-T1, TFCN2502E3341_003249-T1	DBVPG3775_004875-T1
GF00002190	TFCN2502E3341_001731-T1, TFCN2502E3341_011374-T1	DBVPG3775_004871-T1
GF00002191	TFCN2502E3341_001732-T1, TFCN2502E3341_011372-T1	DBVPG3775_004870-T1
GF00002192	TFCN2502E3341_001733-T1, TFCN2502E3341_011371-T1	DBVPG3775_004869-T1
GF00002193	TFCN2502E3341_001735-T1, TFCN2502E3341_011369-T1	DBVPG3775_004867-T1
GF00002194	TFCN2502E3341_001736-T1, TFCN2502E3341_011368-T1	DBVPG3775_004866-T1
GF00002195	TFCN2502E3341_001738-T1, TFCN2502E3341_011365-T1	DBVPG3775_004864-T1
GF00002196	TFCN2502E3341_001739-T1, TFCN2502E3341_011364-T1	DBVPG3775_004863-T1
GF00002197	TFCN2502E3341_001743-T1, TFCN2502E3341_011361-T1	DBVPG3775_004859-T1
GF00002198	TFCN2502E3341_001744-T1, TFCN2502E3341_011360-T1	DBVPG3775_004858-T1
GF00002199	TFCN2502E3341_001745-T1, TFCN2502E3341_011359-T1	DBVPG3775_004857-T1
GF00002200	TFCN2502E3341_001747-T1, TFCN2502E3341_011357-T1	DBVPG3775_004855-T1
GF00002201	TFCN2502E3341_001749-T1, TFCN2502E3341_011355-T1	DBVPG3775_004853-T1
GF00002202	TFCN2502E3341_001750-T1, TFCN2502E3341_003729-T1	DBVPG3775_006073-T1
GF00002203	TFCN2502E3341_001751-T1, TFCN2502E3341_003730-T1	DBVPG3775_006072-T1
GF00002204	TFCN2502E3341_001752-T1, TFCN2502E3341_003731-T1	DBVPG3775_006071-T1
GF00002205	TFCN2502E3341_001753-T1, TFCN2502E3341_003732-T1	DBVPG3775_006070-T1
GF00002206	TFCN2502E3341_001754-T1, TFCN2502E3341_003733-T1	DBVPG3775_006069-T1
GF00002207	TFCN2502E3341_001755-T1, TFCN2502E3341_003734-T1	DBVPG3775_006068-T1
GF00002208	TFCN2502E3341_001756-T1, TFCN2502E3341_003735-T1	DBVPG3775_006067-T1
GF00002209	TFCN2502E3341_001757-T1, TFCN2502E3341_003736-T1	DBVPG3775_006066-T1
GF00002210	TFCN2502E3341_001758-T1, TFCN2502E3341_003737-T1	DBVPG3775_006065-T1
GF00002211	TFCN2502E3341_001759-T1, TFCN2502E3341_003738-T1	DBVPG3775_006064-T1
GF00002212	TFCN2502E3341_001762-T1, TFCN2502E3341_003740-T1	DBVPG3775_006061-T1
GF00002213	TFCN2502E3341_001763-T1, TFCN2502E3341_003741-T1	DBVPG3775_006060-T1
GF00002214	TFCN2502E3341_001764-T1, TFCN2502E3341_003742-T1	DBVPG3775_006059-T1
GF00002215	TFCN2502E3341_001765-T1, TFCN2502E3341_003743-T1	DBVPG3775_006058-T1
GF00002216	TFCN2502E3341_001766-T1, TFCN2502E3341_003745-T1	DBVPG3775_006057-T1
GF00002217	TFCN2502E3341_001767-T1, TFCN2502E3341_003746-T1	DBVPG3775_006056-T1
GF00002218	TFCN2502E3341_001768-T1, TFCN2502E3341_003747-T1	DBVPG3775_006055-T1
GF00002219	TFCN2502E3341_001769-T1, TFCN2502E3341_003748-T1	DBVPG3775_006054-T1
GF00002220	TFCN2502E3341_001770-T1, TFCN2502E3341_003749-T1	DBVPG3775_006053-T1
GF00002221	TFCN2502E3341_001771-T1, TFCN2502E3341_003750-T1	DBVPG3775_006052-T1
GF00002222	TFCN2502E3341_001772-T1, TFCN2502E3341_003751-T1	DBVPG3775_006051-T1
GF00002223	TFCN2502E3341_001773-T1, TFCN2502E3341_003752-T1	DBVPG3775_006050-T1
GF00002224	TFCN2502E3341_001774-T1, TFCN2502E3341_003753-T1	DBVPG3775_006049-T1
GF00002225	TFCN2502E3341_001775-T1, TFCN2502E3341_003754-T1	DBVPG3775_006048-T1
GF00002226	TFCN2502E3341_001776-T1, TFCN2502E3341_003755-T1	DBVPG3775_006047-T1
GF00002227	TFCN2502E3341_001778-T1, TFCN2502E3341_003757-T1	DBVPG3775_006045-T1
GF00002228	TFCN2502E3341_001779-T1, TFCN2502E3341_003758-T1	DBVPG3775_006044-T1
GF00002229	TFCN2502E3341_006940-T1, TFCN2502E3341_003656-T1	DBVPG3775_005021-T1
GF00002230	TFCN2502E3341_001783-T1, TFCN2502E3341_003761-T1	DBVPG3775_006041-T1
GF00002231	TFCN2502E3341_001784-T1, TFCN2502E3341_003762-T1	DBVPG3775_006040-T1
GF00002232	TFCN2502E3341_001787-T1, TFCN2502E3341_003765-T1	DBVPG3775_006037-T1
GF00002233	TFCN2502E3341_001789-T1, TFCN2502E3341_003767-T1	DBVPG3775_006036-T1
GF00002234	TFCN2502E3341_001790-T1, TFCN2502E3341_003768-T1	DBVPG3775_006035-T1
GF00002235	TFCN2502E3341_001792-T1, TFCN2502E3341_003770-T1	DBVPG3775_006033-T1
GF00002236	TFCN2502E3341_001795-T1, TFCN2502E3341_013706-T1	DBVPG3775_007474-T1
GF00002237	TFCN2502E3341_001796-T1, TFCN2502E3341_013707-T1	DBVPG3775_007475-T1
GF00002238	TFCN2502E3341_001797-T1, TFCN2502E3341_013708-T1	DBVPG3775_007476-T1
GF00002239	TFCN2502E3341_001798-T1, TFCN2502E3341_013709-T1	DBVPG3775_007477-T1
GF00002240	TFCN2502E3341_001802-T1, TFCN2502E3341_011320-T1	DBVPG3775_006978-T1
GF00002241	TFCN2502E3341_001805-T1, TFCN2502E3341_011319-T1	DBVPG3775_006981-T1
GF00002242	TFCN2502E3341_001807-T1, TFCN2502E3341_011317-T1	DBVPG3775_006983-T1
GF00002243	TFCN2502E3341_001808-T1, TFCN2502E3341_011316-T1	DBVPG3775_006984-T1
GF00002244	TFCN2502E3341_001809-T1, TFCN2502E3341_011315-T1	DBVPG3775_006985-T1
GF00002245	TFCN2502E3341_001810-T1, TFCN2502E3341_011314-T1	DBVPG3775_006986-T1
GF00002246	TFCN2502E3341_001811-T1, TFCN2502E3341_011313-T1	DBVPG3775_006987-T1
GF00002247	TFCN2502E3341_001813-T1, TFCN2502E3341_011310-T1	DBVPG3775_006989-T1
GF00002248	TFCN2502E3341_001814-T1, TFCN2502E3341_011309-T1	DBVPG3775_006990-T1
GF00002249	TFCN2502E3341_001815-T1, TFCN2502E3341_011308-T1	DBVPG3775_006991-T1
GF00002250	TFCN2502E3341_001816-T1, TFCN2502E3341_011307-T1	DBVPG3775_006992-T1
GF00002251	TFCN2502E3341_001817-T1, TFCN2502E3341_011306-T1	DBVPG3775_006993-T1
GF00002252	TFCN2502E3341_001818-T1, TFCN2502E3341_011305-T1	DBVPG3775_006994-T1
GF00002253	TFCN2502E3341_001819-T1, TFCN2502E3341_011304-T1	DBVPG3775_006995-T1
GF00002254	TFCN2502E3341_001820-T1, TFCN2502E3341_011303-T1	DBVPG3775_006996-T1
GF00002255	TFCN2502E3341_007097-T1, TFCN2502E3341_013395-T1	DBVPG3775_003378-T1
GF00002256	TFCN2502E3341_001821-T1, TFCN2502E3341_011302-T1	DBVPG3775_006997-T1
GF00002257	TFCN2502E3341_001823-T1, TFCN2502E3341_011300-T1	DBVPG3775_006999-T1
GF00002258	TFCN2502E3341_001825-T1, TFCN2502E3341_013346-T1	DBVPG3775_007001-T1
GF00002259	TFCN2502E3341_001826-T1, TFCN2502E3341_013345-T1	DBVPG3775_007002-T1
GF00002260	TFCN2502E3341_001827-T1, TFCN2502E3341_013344-T1	DBVPG3775_007003-T1
GF00002261	TFCN2502E3341_001829-T1, TFCN2502E3341_013342-T1	DBVPG3775_007005-T1
GF00002262	TFCN2502E3341_001830-T1, TFCN2502E3341_013341-T1	DBVPG3775_007006-T1
GF00002263	TFCN2502E3341_001831-T1, TFCN2502E3341_013340-T1	DBVPG3775_007007-T1
GF00002264	TFCN2502E3341_001833-T1, TFCN2502E3341_013338-T1	DBVPG3775_007009-T1
GF00002265	TFCN2502E3341_001836-T1, TFCN2502E3341_013335-T1	DBVPG3775_007508-T1
GF00002266	TFCN2502E3341_001837-T1, TFCN2502E3341_013334-T1	DBVPG3775_007509-T1
GF00002267	TFCN2502E3341_001839-T1, TFCN2502E3341_014524-T1	DBVPG3775_007511-T1
GF00002268	TFCN2502E3341_001840-T1, TFCN2502E3341_014525-T1	DBVPG3775_007512-T1
GF00002269	TFCN2502E3341_001841-T1, TFCN2502E3341_014526-T1	DBVPG3775_007513-T1
GF00002270	TFCN2502E3341_001843-T1, TFCN2502E3341_014528-T1	DBVPG3775_007515-T1
GF00002271	TFCN2502E3341_001847-T1, TFCN2502E3341_013996-T1	DBVPG3775_007547-T1
GF00002272	TFCN2502E3341_001871-T1, TFCN2502E3341_012125-T1	DBVPG3775_003973-T1
GF00002273	TFCN2502E3341_001872-T1, TFCN2502E3341_012124-T1	DBVPG3775_003974-T1
GF00002274	TFCN2502E3341_001873-T1, TFCN2502E3341_012123-T1	DBVPG3775_003975-T1
GF00002275	TFCN2502E3341_001874-T1, TFCN2502E3341_012122-T1	DBVPG3775_003976-T1
GF00002276	TFCN2502E3341_001875-T1, TFCN2502E3341_012121-T1	DBVPG3775_003977-T1
GF00002277	TFCN2502E3341_001876-T1, TFCN2502E3341_012120-T1	DBVPG3775_003978-T1
GF00002278	TFCN2502E3341_001877-T1, TFCN2502E3341_012119-T1	DBVPG3775_003979-T1
GF00002279	TFCN2502E3341_001880-T1, TFCN2502E3341_012116-T1	DBVPG3775_003983-T1
GF00002280	TFCN2502E3341_007953-T1, TFCN2502E3341_013965-T1	DBVPG3775_001607-T1
GF00002281	TFCN2502E3341_001883-T1, TFCN2502E3341_007950-T1	DBVPG3775_001604-T1
GF00002282	TFCN2502E3341_001886-T1, TFCN2502E3341_007947-T1	DBVPG3775_001601-T1
GF00002283	TFCN2502E3341_001887-T1, TFCN2502E3341_007946-T1	DBVPG3775_001600-T1
GF00002284	TFCN2502E3341_001888-T1, TFCN2502E3341_007945-T1	DBVPG3775_001599-T1
GF00002285	TFCN2502E3341_001889-T1, TFCN2502E3341_007944-T1	DBVPG3775_001598-T1
GF00002286	TFCN2502E3341_001891-T1, TFCN2502E3341_007942-T1	DBVPG3775_001596-T1
GF00002287	TFCN2502E3341_001893-T1, TFCN2502E3341_007940-T1	DBVPG3775_001594-T1
GF00002288	TFCN2502E3341_001894-T1, TFCN2502E3341_007939-T1	DBVPG3775_001593-T1
GF00002289	TFCN2502E3341_001895-T1, TFCN2502E3341_007938-T1	DBVPG3775_001592-T1
GF00002290	TFCN2502E3341_001897-T1, TFCN2502E3341_007936-T1	DBVPG3775_001590-T1
GF00002291	TFCN2502E3341_001899-T1, TFCN2502E3341_013789-T1	DBVPG3775_001588-T1
GF00002292	TFCN2502E3341_001900-T1, TFCN2502E3341_013788-T1	DBVPG3775_001587-T1
GF00002293	TFCN2502E3341_001904-T1, TFCN2502E3341_013784-T1	DBVPG3775_001583-T1
GF00002294	TFCN2502E3341_001905-T1, TFCN2502E3341_013783-T1	DBVPG3775_001582-T1
GF00002295	TFCN2502E3341_001906-T1, TFCN2502E3341_013782-T1	DBVPG3775_001581-T1
GF00002296	TFCN2502E3341_001907-T1, TFCN2502E3341_013781-T1	DBVPG3775_001580-T1
GF00002297	TFCN2502E3341_001910-T1, TFCN2502E3341_013779-T1	DBVPG3775_001577-T1
GF00002298	TFCN2502E3341_001912-T1, TFCN2502E3341_008084-T1	DBVPG3775_001574-T1
GF00002299	TFCN2502E3341_001913-T1, TFCN2502E3341_008083-T1	DBVPG3775_001573-T1
GF00002300	TFCN2502E3341_001914-T1, TFCN2502E3341_008082-T1	DBVPG3775_001571-T1
GF00002301	TFCN2502E3341_001915-T1, TFCN2502E3341_008081-T1	DBVPG3775_001570-T1
GF00002302	TFCN2502E3341_001916-T1, TFCN2502E3341_008080-T1	DBVPG3775_001569-T1
GF00002303	TFCN2502E3341_001917-T1, TFCN2502E3341_008079-T1	DBVPG3775_001568-T1
GF00002304	TFCN2502E3341_001918-T1, TFCN2502E3341_008078-T1	DBVPG3775_001567-T1
GF00002305	TFCN2502E3341_001919-T1, TFCN2502E3341_008077-T1	DBVPG3775_001566-T1
GF00002306	TFCN2502E3341_001921-T1, TFCN2502E3341_008075-T1	DBVPG3775_001563-T1
GF00002307	TFCN2502E3341_001922-T1, TFCN2502E3341_008074-T1	DBVPG3775_001562-T1
GF00002308	TFCN2502E3341_001923-T1, TFCN2502E3341_008073-T1	DBVPG3775_001561-T1
GF00002309	TFCN2502E3341_001924-T1, TFCN2502E3341_008072-T1	DBVPG3775_001560-T1
GF00002310	TFCN2502E3341_001925-T1, TFCN2502E3341_008071-T1	DBVPG3775_001559-T1
GF00002311	TFCN2502E3341_001926-T1, TFCN2502E3341_008069-T1	DBVPG3775_001557-T1
GF00002312	TFCN2502E3341_001928-T1, TFCN2502E3341_008067-T1	DBVPG3775_001555-T1
GF00002313	TFCN2502E3341_001931-T1, TFCN2502E3341_008064-T1	DBVPG3775_001552-T1
GF00002314	TFCN2502E3341_001932-T1, TFCN2502E3341_008063-T1	DBVPG3775_001551-T1
GF00002315	TFCN2502E3341_001936-T1, TFCN2502E3341_008059-T1	DBVPG3775_001547-T1
GF00002316	TFCN2502E3341_001938-T1, TFCN2502E3341_008057-T1	DBVPG3775_001545-T1
GF00002317	TFCN2502E3341_001939-T1, TFCN2502E3341_008056-T1	DBVPG3775_001544-T1
GF00002318	TFCN2502E3341_001940-T1, TFCN2502E3341_008055-T1	DBVPG3775_001543-T1
GF00002319	TFCN2502E3341_001941-T1, TFCN2502E3341_008054-T1	DBVPG3775_001542-T1
GF00002320	TFCN2502E3341_001950-T1, TFCN2502E3341_008044-T1	DBVPG3775_001532-T1
GF00002321	TFCN2502E3341_001951-T1, TFCN2502E3341_008043-T1	DBVPG3775_001531-T1
GF00002322	TFCN2502E3341_001952-T1, TFCN2502E3341_008042-T1	DBVPG3775_001530-T1
GF00002323	TFCN2502E3341_001954-T1, TFCN2502E3341_008040-T1	DBVPG3775_001528-T1
GF00002324	TFCN2502E3341_001955-T1, TFCN2502E3341_008039-T1	DBVPG3775_001527-T1
GF00002325	TFCN2502E3341_001956-T1, TFCN2502E3341_008038-T1	DBVPG3775_001526-T1
GF00002326	TFCN2502E3341_001957-T1, TFCN2502E3341_008037-T1	DBVPG3775_001524-T1
GF00002327	TFCN2502E3341_001958-T1, TFCN2502E3341_008036-T1	DBVPG3775_001523-T1
GF00002328	TFCN2502E3341_001962-T1, TFCN2502E3341_002699-T1	DBVPG3775_005676-T1
GF00002329	TFCN2502E3341_001963-T1, TFCN2502E3341_002700-T1	DBVPG3775_005675-T1
GF00002330	TFCN2502E3341_001965-T1, TFCN2502E3341_002702-T1	DBVPG3775_005673-T1
GF00002331	TFCN2502E3341_001966-T1, TFCN2502E3341_002703-T1	DBVPG3775_005672-T1
GF00002332	TFCN2502E3341_001967-T1, TFCN2502E3341_002704-T1	DBVPG3775_005671-T1
GF00002333	TFCN2502E3341_001968-T1, TFCN2502E3341_002694-T1	DBVPG3775_005681-T1
GF00002334	TFCN2502E3341_001969-T1, TFCN2502E3341_002693-T1	DBVPG3775_005682-T1
GF00002335	TFCN2502E3341_001970-T1, TFCN2502E3341_002692-T1	DBVPG3775_005683-T1
GF00002336	TFCN2502E3341_001971-T1, TFCN2502E3341_002691-T1	DBVPG3775_005684-T1
GF00002337	TFCN2502E3341_001972-T1, TFCN2502E3341_002690-T1	DBVPG3775_005685-T1
GF00002338	TFCN2502E3341_001973-T1, TFCN2502E3341_002689-T1	DBVPG3775_005686-T1
GF00002339	TFCN2502E3341_001974-T1, TFCN2502E3341_002688-T1	DBVPG3775_005687-T1
GF00002340	TFCN2502E3341_001975-T1, TFCN2502E3341_002687-T1	DBVPG3775_005688-T1
GF00002341	TFCN2502E3341_001976-T1, TFCN2502E3341_002685-T1	DBVPG3775_005689-T1
GF00002342	TFCN2502E3341_001977-T1, TFCN2502E3341_002684-T1	DBVPG3775_005690-T1
GF00002343	TFCN2502E3341_001981-T1, TFCN2502E3341_002679-T1	DBVPG3775_005694-T1
GF00002344	TFCN2502E3341_001983-T1, TFCN2502E3341_002677-T1	DBVPG3775_005696-T1
GF00002345	TFCN2502E3341_001984-T1, TFCN2502E3341_002676-T1	DBVPG3775_005697-T1
GF00002346	TFCN2502E3341_001985-T1, TFCN2502E3341_002675-T1	DBVPG3775_005698-T1
GF00002347	TFCN2502E3341_001986-T1, TFCN2502E3341_002674-T1	DBVPG3775_005699-T1
GF00002348	TFCN2502E3341_001987-T1, TFCN2502E3341_002673-T1	DBVPG3775_005700-T1
GF00002349	TFCN2502E3341_001991-T1, TFCN2502E3341_002668-T1	DBVPG3775_005704-T1
GF00002350	TFCN2502E3341_001992-T1, TFCN2502E3341_002667-T1	DBVPG3775_005705-T1
GF00002351	TFCN2502E3341_001993-T1, TFCN2502E3341_002666-T1	DBVPG3775_005706-T1
GF00002352	TFCN2502E3341_001994-T1, TFCN2502E3341_002665-T1	DBVPG3775_005707-T1
GF00002353	TFCN2502E3341_001995-T1, TFCN2502E3341_002664-T1	DBVPG3775_005708-T1
GF00002354	TFCN2502E3341_001996-T1, TFCN2502E3341_002663-T1	DBVPG3775_005709-T1
GF00002355	TFCN2502E3341_001999-T1, TFCN2502E3341_002658-T1	DBVPG3775_005716-T1
GF00002356	TFCN2502E3341_002001-T1, TFCN2502E3341_002656-T1	DBVPG3775_005718-T1
GF00002357	TFCN2502E3341_002002-T1, TFCN2502E3341_002655-T1	DBVPG3775_005719-T1
GF00002358	TFCN2502E3341_002005-T1, TFCN2502E3341_002652-T1	DBVPG3775_005722-T1
GF00002359	TFCN2502E3341_002006-T1, TFCN2502E3341_002651-T1	DBVPG3775_005723-T1
GF00002360	TFCN2502E3341_002007-T1, TFCN2502E3341_002650-T1	DBVPG3775_005724-T1
GF00002361	TFCN2502E3341_002008-T1, TFCN2502E3341_002649-T1	DBVPG3775_005726-T1
GF00002362	TFCN2502E3341_002009-T1, TFCN2502E3341_002648-T1	DBVPG3775_005727-T1
GF00002363	TFCN2502E3341_002010-T1, TFCN2502E3341_002647-T1	DBVPG3775_004481-T1
GF00002364	TFCN2502E3341_002014-T1, TFCN2502E3341_002644-T1	DBVPG3775_004478-T1
GF00002365	TFCN2502E3341_002015-T1, TFCN2502E3341_002643-T1	DBVPG3775_004477-T1
GF00002366	TFCN2502E3341_002016-T1, TFCN2502E3341_002642-T1	DBVPG3775_004476-T1
GF00002367	TFCN2502E3341_002017-T1, TFCN2502E3341_002640-T1	DBVPG3775_004474-T1
GF00002368	TFCN2502E3341_002018-T1, TFCN2502E3341_002639-T1	DBVPG3775_004473-T1
GF00002369	TFCN2502E3341_002019-T1, TFCN2502E3341_002638-T1	DBVPG3775_004472-T1
GF00002370	TFCN2502E3341_002020-T1, TFCN2502E3341_002637-T1	DBVPG3775_004471-T1
GF00002371	TFCN2502E3341_002021-T1, TFCN2502E3341_002636-T1	DBVPG3775_004470-T1
GF00002372	TFCN2502E3341_002023-T1, TFCN2502E3341_002634-T1	DBVPG3775_004468-T1
GF00002373	TFCN2502E3341_002025-T1, TFCN2502E3341_002632-T1	DBVPG3775_004465-T1
GF00002374	TFCN2502E3341_002026-T1, TFCN2502E3341_002631-T1	DBVPG3775_004464-T1
GF00002375	TFCN2502E3341_002027-T1, TFCN2502E3341_002630-T1	DBVPG3775_004463-T1
GF00002376	TFCN2502E3341_002029-T1, TFCN2502E3341_002628-T1	DBVPG3775_004461-T1
GF00002377	TFCN2502E3341_002030-T1, TFCN2502E3341_002627-T1	DBVPG3775_004460-T1
GF00002378	TFCN2502E3341_002032-T1, TFCN2502E3341_002624-T1	DBVPG3775_004458-T1
GF00002379	TFCN2502E3341_002033-T1, TFCN2502E3341_002623-T1	DBVPG3775_004457-T1
GF00002380	TFCN2502E3341_002034-T1, TFCN2502E3341_002622-T1	DBVPG3775_004456-T1
GF00002381	TFCN2502E3341_002038-T1, TFCN2502E3341_002607-T1	DBVPG3775_004442-T1
GF00002382	TFCN2502E3341_002039-T1, TFCN2502E3341_002608-T1	DBVPG3775_004443-T1
GF00002383	TFCN2502E3341_002040-T1, TFCN2502E3341_002610-T1	DBVPG3775_004445-T1
GF00002384	TFCN2502E3341_002041-T1, TFCN2502E3341_002611-T1	DBVPG3775_004446-T1
GF00002385	TFCN2502E3341_002042-T1, TFCN2502E3341_002612-T1	DBVPG3775_004447-T1
GF00002386	TFCN2502E3341_002043-T1, TFCN2502E3341_002613-T1	DBVPG3775_004448-T1
GF00002387	TFCN2502E3341_002047-T1, TFCN2502E3341_002604-T1	DBVPG3775_004439-T1
GF00002388	TFCN2502E3341_002048-T1, TFCN2502E3341_002603-T1	DBVPG3775_004438-T1
GF00002389	TFCN2502E3341_002049-T1, TFCN2502E3341_002602-T1	DBVPG3775_004437-T1
GF00002390	TFCN2502E3341_002051-T1, TFCN2502E3341_002600-T1	DBVPG3775_004434-T1
GF00002391	TFCN2502E3341_002052-T1, TFCN2502E3341_002599-T1	DBVPG3775_004433-T1
GF00002392	TFCN2502E3341_002053-T1, TFCN2502E3341_002598-T1	DBVPG3775_004432-T1
GF00002393	TFCN2502E3341_002054-T1, TFCN2502E3341_002597-T1	DBVPG3775_004431-T1
GF00002394	TFCN2502E3341_002057-T1, TFCN2502E3341_007412-T1	DBVPG3775_004429-T1
GF00002395	TFCN2502E3341_002058-T1, TFCN2502E3341_007411-T1	DBVPG3775_004428-T1
GF00002396	TFCN2502E3341_002061-T1, TFCN2502E3341_007408-T1	DBVPG3775_004426-T1
GF00002397	TFCN2502E3341_002063-T1, TFCN2502E3341_007406-T1	DBVPG3775_004424-T1
GF00002398	TFCN2502E3341_002066-T1, TFCN2502E3341_007403-T1	DBVPG3775_004421-T1
GF00002399	TFCN2502E3341_002067-T1, TFCN2502E3341_007402-T1	DBVPG3775_004420-T1
GF00002400	TFCN2502E3341_002068-T1, TFCN2502E3341_007401-T1	DBVPG3775_004419-T1
GF00002401	TFCN2502E3341_002069-T1, TFCN2502E3341_007400-T1	DBVPG3775_004418-T1
GF00002402	TFCN2502E3341_002070-T1, TFCN2502E3341_007399-T1	DBVPG3775_004417-T1
GF00002403	TFCN2502E3341_002071-T1, TFCN2502E3341_007398-T1	DBVPG3775_004416-T1
GF00002404	TFCN2502E3341_002072-T1, TFCN2502E3341_007397-T1	DBVPG3775_004415-T1
GF00002405	TFCN2502E3341_002075-T1, TFCN2502E3341_003801-T1	DBVPG3775_001958-T1
GF00002406	TFCN2502E3341_002076-T1, TFCN2502E3341_003800-T1	DBVPG3775_001959-T1
GF00002407	TFCN2502E3341_002077-T1, TFCN2502E3341_003799-T1	DBVPG3775_001960-T1
GF00002408	TFCN2502E3341_002082-T1, TFCN2502E3341_003794-T1	DBVPG3775_001965-T1
GF00002409	TFCN2502E3341_002084-T1, TFCN2502E3341_003792-T1	DBVPG3775_001967-T1
GF00002410	TFCN2502E3341_002087-T1, TFCN2502E3341_003789-T1	DBVPG3775_001971-T1
GF00002411	TFCN2502E3341_002090-T1, TFCN2502E3341_003786-T1	DBVPG3775_001974-T1
GF00002412	TFCN2502E3341_002091-T1, TFCN2502E3341_003785-T1	DBVPG3775_001975-T1
GF00002413	TFCN2502E3341_002095-T1, TFCN2502E3341_003780-T1	DBVPG3775_001977-T1
GF00002414	TFCN2502E3341_002096-T1, TFCN2502E3341_003779-T1	DBVPG3775_001978-T1
GF00002415	TFCN2502E3341_002097-T1, TFCN2502E3341_003778-T1	DBVPG3775_001979-T1
GF00002416	TFCN2502E3341_002099-T1, TFCN2502E3341_013195-T1	DBVPG3775_001981-T1
GF00002417	TFCN2502E3341_002102-T1, TFCN2502E3341_013193-T1	DBVPG3775_001984-T1
GF00002418	TFCN2502E3341_002103-T1, TFCN2502E3341_013192-T1	DBVPG3775_001985-T1
GF00002419	TFCN2502E3341_002105-T1, TFCN2502E3341_013190-T1	DBVPG3775_001987-T1
GF00002420	TFCN2502E3341_002106-T1, TFCN2502E3341_013189-T1	DBVPG3775_001988-T1
GF00002421	TFCN2502E3341_002108-T1, TFCN2502E3341_013187-T1	DBVPG3775_001990-T1
GF00002422	TFCN2502E3341_002110-T1, TFCN2502E3341_013185-T1	DBVPG3775_001992-T1
GF00002423	TFCN2502E3341_009503-T1, TFCN2502E3341_013985-T1	DBVPG3775_002961-T1
GF00002424	TFCN2502E3341_013553-T1, TFCN2502E3341_011697-T1	DBVPG3775_002173-T1
GF00002425	TFCN2502E3341_002113-T1, TFCN2502E3341_014065-T1	DBVPG3775_001996-T1
GF00002426	TFCN2502E3341_002114-T1, TFCN2502E3341_014064-T1	DBVPG3775_001997-T1
GF00002427	TFCN2502E3341_006702-T1, TFCN2502E3341_010421-T1	DBVPG3775_003947-T1
GF00002428	TFCN2502E3341_002118-T1, TFCN2502E3341_014061-T1	DBVPG3775_002001-T1
GF00002429	TFCN2502E3341_002122-T1, TFCN2502E3341_014057-T1	DBVPG3775_002005-T1
GF00002430	TFCN2502E3341_002123-T1, TFCN2502E3341_014056-T1	DBVPG3775_002006-T1
GF00002431	TFCN2502E3341_002128-T1, TFCN2502E3341_012974-T1	DBVPG3775_002011-T1
GF00002432	TFCN2502E3341_002129-T1, TFCN2502E3341_012973-T1	DBVPG3775_002012-T1
GF00002433	TFCN2502E3341_002130-T1, TFCN2502E3341_012972-T1	DBVPG3775_002013-T1
GF00002434	TFCN2502E3341_002131-T1, TFCN2502E3341_012971-T1	DBVPG3775_002014-T1
GF00002435	TFCN2502E3341_002132-T1, TFCN2502E3341_012970-T1	DBVPG3775_002015-T1
GF00002436	TFCN2502E3341_002133-T1, TFCN2502E3341_012969-T1	DBVPG3775_002016-T1
GF00002437	TFCN2502E3341_002136-T1, TFCN2502E3341_012966-T1	DBVPG3775_002019-T1
GF00002438	TFCN2502E3341_002138-T1, TFCN2502E3341_012964-T1	DBVPG3775_002021-T1
GF00002439	TFCN2502E3341_002139-T1, TFCN2502E3341_012963-T1	DBVPG3775_002022-T1
GF00002440	TFCN2502E3341_002142-T1, TFCN2502E3341_010240-T1	DBVPG3775_002025-T1
GF00002441	TFCN2502E3341_002143-T1, TFCN2502E3341_010241-T1	DBVPG3775_002026-T1
GF00002442	TFCN2502E3341_002144-T1, TFCN2502E3341_010242-T1	DBVPG3775_002027-T1
GF00002443	TFCN2502E3341_002146-T1, TFCN2502E3341_010243-T1	DBVPG3775_002029-T1
GF00002444	TFCN2502E3341_002147-T1, TFCN2502E3341_010244-T1	DBVPG3775_002030-T1
GF00002445	TFCN2502E3341_011512-T1, TFCN2502E3341_004007-T1	DBVPG3775_000423-T1
GF00002446	TFCN2502E3341_002150-T1, TFCN2502E3341_010248-T1	DBVPG3775_002033-T1
GF00002447	TFCN2502E3341_002151-T1, TFCN2502E3341_010249-T1	DBVPG3775_002034-T1
GF00002448	TFCN2502E3341_011837-T1, TFCN2502E3341_014007-T1	DBVPG3775_007421-T1
GF00002449	TFCN2502E3341_002157-T1, TFCN2502E3341_010255-T1	DBVPG3775_002040-T1
GF00002450	TFCN2502E3341_002158-T1, TFCN2502E3341_010256-T1	DBVPG3775_002041-T1
GF00002451	TFCN2502E3341_002164-T1, TFCN2502E3341_010262-T1	DBVPG3775_002047-T1
GF00002452	TFCN2502E3341_002165-T1, TFCN2502E3341_010263-T1	DBVPG3775_002048-T1
GF00002453	TFCN2502E3341_002167-T1, TFCN2502E3341_010265-T1	DBVPG3775_002050-T1
GF00002454	TFCN2502E3341_002168-T1, TFCN2502E3341_010266-T1	DBVPG3775_002051-T1
GF00002455	TFCN2502E3341_002169-T1, TFCN2502E3341_010267-T1	DBVPG3775_002052-T1
GF00002456	TFCN2502E3341_002170-T1, TFCN2502E3341_010268-T1	DBVPG3775_002053-T1
GF00002457	TFCN2502E3341_002172-T1, TFCN2502E3341_009930-T1	DBVPG3775_000115-T1
GF00002458	TFCN2502E3341_002173-T1, TFCN2502E3341_009929-T1	DBVPG3775_000116-T1
GF00002459	TFCN2502E3341_002174-T1, TFCN2502E3341_009928-T1	DBVPG3775_000117-T1
GF00002460	TFCN2502E3341_002175-T1, TFCN2502E3341_009927-T1	DBVPG3775_000118-T1
GF00002461	TFCN2502E3341_002176-T1, TFCN2502E3341_009926-T1	DBVPG3775_000119-T1
GF00002462	TFCN2502E3341_002178-T1, TFCN2502E3341_009924-T1	DBVPG3775_000121-T1
GF00002463	TFCN2502E3341_002180-T1, TFCN2502E3341_009922-T1	DBVPG3775_000123-T1
GF00002464	TFCN2502E3341_002182-T1, TFCN2502E3341_009920-T1	DBVPG3775_000125-T1
GF00002465	TFCN2502E3341_002183-T1, TFCN2502E3341_009919-T1	DBVPG3775_000126-T1
GF00002466	TFCN2502E3341_002184-T1, TFCN2502E3341_009918-T1	DBVPG3775_000127-T1
GF00002467	TFCN2502E3341_002185-T1, TFCN2502E3341_009917-T1	DBVPG3775_000128-T1
GF00002468	TFCN2502E3341_002186-T1, TFCN2502E3341_009916-T1	DBVPG3775_000129-T1
GF00002469	TFCN2502E3341_002187-T1, TFCN2502E3341_009915-T1	DBVPG3775_000130-T1
GF00002470	TFCN2502E3341_002188-T1, TFCN2502E3341_009914-T1	DBVPG3775_000131-T1
GF00002471	TFCN2502E3341_002189-T1, TFCN2502E3341_009913-T1	DBVPG3775_000132-T1
GF00002472	TFCN2502E3341_002190-T1, TFCN2502E3341_009912-T1	DBVPG3775_000133-T1
GF00002473	TFCN2502E3341_002191-T1, TFCN2502E3341_009911-T1	DBVPG3775_000134-T1
GF00002474	TFCN2502E3341_002192-T1, TFCN2502E3341_009910-T1	DBVPG3775_000135-T1
GF00002475	TFCN2502E3341_002193-T1, TFCN2502E3341_009909-T1	DBVPG3775_000136-T1
GF00002476	TFCN2502E3341_002195-T1, TFCN2502E3341_009908-T1	DBVPG3775_000137-T1
GF00002477	TFCN2502E3341_002196-T1, TFCN2502E3341_009907-T1	DBVPG3775_000138-T1
GF00002478	TFCN2502E3341_002197-T1, TFCN2502E3341_009906-T1	DBVPG3775_000139-T1
GF00002479	TFCN2502E3341_002200-T1, TFCN2502E3341_014536-T1	DBVPG3775_000142-T1
GF00002480	TFCN2502E3341_002202-T1, TFCN2502E3341_014538-T1	DBVPG3775_000144-T1
GF00002481	TFCN2502E3341_002203-T1, TFCN2502E3341_014539-T1	DBVPG3775_000145-T1
GF00002482	TFCN2502E3341_002204-T1, TFCN2502E3341_014540-T1	DBVPG3775_000146-T1
GF00002483	TFCN2502E3341_002205-T1, TFCN2502E3341_014788-T1	DBVPG3775_000147-T1
GF00002484	TFCN2502E3341_002207-T1, TFCN2502E3341_004107-T1	DBVPG3775_000151-T1
GF00002485	TFCN2502E3341_002208-T1, TFCN2502E3341_004106-T1	DBVPG3775_000152-T1
GF00002486	TFCN2502E3341_002210-T1, TFCN2502E3341_004104-T1	DBVPG3775_000154-T1
GF00002487	TFCN2502E3341_002212-T1, TFCN2502E3341_004102-T1	DBVPG3775_000156-T1
GF00002488	TFCN2502E3341_002213-T1, TFCN2502E3341_004101-T1	DBVPG3775_000157-T1
GF00002489	TFCN2502E3341_002214-T1, TFCN2502E3341_004100-T1	DBVPG3775_000158-T1
GF00002490	TFCN2502E3341_002215-T1, TFCN2502E3341_004099-T1	DBVPG3775_000159-T1
GF00002491	TFCN2502E3341_002217-T1, TFCN2502E3341_004096-T1	DBVPG3775_000161-T1
GF00002492	TFCN2502E3341_002218-T1, TFCN2502E3341_004095-T1	DBVPG3775_000162-T1
GF00002493	TFCN2502E3341_002219-T1, TFCN2502E3341_004094-T1	DBVPG3775_000163-T1
GF00002494	TFCN2502E3341_002220-T1, TFCN2502E3341_004093-T1	DBVPG3775_000164-T1
GF00002495	TFCN2502E3341_002221-T1, TFCN2502E3341_004092-T1	DBVPG3775_000165-T1
GF00002496	TFCN2502E3341_002222-T1, TFCN2502E3341_004091-T1	DBVPG3775_000166-T1
GF00002497	TFCN2502E3341_002225-T1, TFCN2502E3341_004089-T1	DBVPG3775_000169-T1
GF00002498	TFCN2502E3341_002227-T1, TFCN2502E3341_004087-T1	DBVPG3775_000171-T1
GF00002499	TFCN2502E3341_002228-T1, TFCN2502E3341_004086-T1	DBVPG3775_000172-T1
GF00002500	TFCN2502E3341_002231-T1, TFCN2502E3341_004083-T1	DBVPG3775_000175-T1
GF00002501	TFCN2502E3341_002232-T1, TFCN2502E3341_004082-T1	DBVPG3775_000176-T1
GF00002502	TFCN2502E3341_002233-T1, TFCN2502E3341_004081-T1	DBVPG3775_000177-T1
GF00002503	TFCN2502E3341_002234-T1, TFCN2502E3341_004080-T1	DBVPG3775_000178-T1
GF00002504	TFCN2502E3341_002236-T1, TFCN2502E3341_004078-T1	DBVPG3775_000180-T1
GF00002505	TFCN2502E3341_002237-T1, TFCN2502E3341_004077-T1	DBVPG3775_000181-T1
GF00002506	TFCN2502E3341_002238-T1, TFCN2502E3341_004076-T1	DBVPG3775_000182-T1
GF00002507	TFCN2502E3341_002239-T1, TFCN2502E3341_004075-T1	DBVPG3775_000183-T1
GF00002508	TFCN2502E3341_002240-T1, TFCN2502E3341_004074-T1	DBVPG3775_000184-T1
GF00002509	TFCN2502E3341_002241-T1, TFCN2502E3341_004073-T1	DBVPG3775_000185-T1
GF00002510	TFCN2502E3341_002242-T1, TFCN2502E3341_004072-T1	DBVPG3775_000186-T1
GF00002511	TFCN2502E3341_002243-T1, TFCN2502E3341_004071-T1	DBVPG3775_000187-T1
GF00002512	TFCN2502E3341_002244-T1, TFCN2502E3341_004070-T1	DBVPG3775_000188-T1
GF00002513	TFCN2502E3341_002245-T1, TFCN2502E3341_004069-T1	DBVPG3775_000189-T1
GF00002514	TFCN2502E3341_002253-T1, TFCN2502E3341_004065-T1	DBVPG3775_000197-T1
GF00002515	TFCN2502E3341_002254-T1, TFCN2502E3341_004064-T1	DBVPG3775_000198-T1
GF00002516	TFCN2502E3341_002255-T1, TFCN2502E3341_004063-T1	DBVPG3775_000199-T1
GF00002517	TFCN2502E3341_002256-T1, TFCN2502E3341_004062-T1	DBVPG3775_000200-T1
GF00002518	TFCN2502E3341_002257-T1, TFCN2502E3341_004061-T1	DBVPG3775_000201-T1
GF00002519	TFCN2502E3341_002259-T1, TFCN2502E3341_004059-T1	DBVPG3775_000203-T1
GF00002520	TFCN2502E3341_002260-T1, TFCN2502E3341_004058-T1	DBVPG3775_000204-T1
GF00002521	TFCN2502E3341_002261-T1, TFCN2502E3341_004056-T1	DBVPG3775_000205-T1
GF00002522	TFCN2502E3341_002262-T1, TFCN2502E3341_004055-T1	DBVPG3775_000206-T1
GF00002523	TFCN2502E3341_002266-T1, TFCN2502E3341_004050-T1	DBVPG3775_000210-T1
GF00002524	TFCN2502E3341_002267-T1, TFCN2502E3341_004049-T1	DBVPG3775_000211-T1
GF00002525	TFCN2502E3341_002268-T1, TFCN2502E3341_004048-T1	DBVPG3775_000212-T1
GF00002526	TFCN2502E3341_002269-T1, TFCN2502E3341_004047-T1	DBVPG3775_000213-T1
GF00002527	TFCN2502E3341_002271-T1, TFCN2502E3341_004045-T1	DBVPG3775_000214-T1
GF00002528	TFCN2502E3341_002274-T1, TFCN2502E3341_004042-T1	DBVPG3775_000217-T1
GF00002529	TFCN2502E3341_002275-T1, TFCN2502E3341_004041-T1	DBVPG3775_000218-T1
GF00002530	TFCN2502E3341_002278-T1, TFCN2502E3341_004038-T1	DBVPG3775_000221-T1
GF00002531	TFCN2502E3341_002279-T1, TFCN2502E3341_004037-T1	DBVPG3775_000222-T1
GF00002532	TFCN2502E3341_010444-T1, TFCN2502E3341_006725-T1	DBVPG3775_003969-T1
GF00002533	TFCN2502E3341_002280-T1, TFCN2502E3341_004036-T1	DBVPG3775_000223-T1
GF00002534	TFCN2502E3341_002281-T1, TFCN2502E3341_004035-T1	DBVPG3775_000224-T1
GF00002535	TFCN2502E3341_002282-T1, TFCN2502E3341_004034-T1	DBVPG3775_000225-T1
GF00002536	TFCN2502E3341_002283-T1, TFCN2502E3341_004033-T1	DBVPG3775_000226-T1
GF00002537	TFCN2502E3341_002287-T1, TFCN2502E3341_012920-T1	DBVPG3775_004570-T1
GF00002538	TFCN2502E3341_002288-T1, TFCN2502E3341_012919-T1	DBVPG3775_004569-T1
GF00002539	TFCN2502E3341_002289-T1, TFCN2502E3341_012918-T1	DBVPG3775_004568-T1
GF00002540	TFCN2502E3341_002290-T1, TFCN2502E3341_012917-T1	DBVPG3775_004567-T1
GF00002541	TFCN2502E3341_002292-T1, TFCN2502E3341_012915-T1	DBVPG3775_004565-T1
GF00002542	TFCN2502E3341_002948-T1, TFCN2502E3341_011131-T1	DBVPG3775_002674-T1
GF00002543	TFCN2502E3341_002296-T1, TFCN2502E3341_012912-T1	DBVPG3775_004562-T1
GF00002544	TFCN2502E3341_002297-T1, TFCN2502E3341_012911-T1	DBVPG3775_004561-T1
GF00002545	TFCN2502E3341_002298-T1, TFCN2502E3341_012910-T1	DBVPG3775_004560-T1
GF00002546	TFCN2502E3341_002303-T1, TFCN2502E3341_012907-T1	DBVPG3775_004555-T1
GF00002547	TFCN2502E3341_002304-T1, TFCN2502E3341_012906-T1	DBVPG3775_004554-T1
GF00002548	TFCN2502E3341_002306-T1, TFCN2502E3341_004263-T1	DBVPG3775_004552-T1
GF00002549	TFCN2502E3341_002307-T1, TFCN2502E3341_004262-T1	DBVPG3775_004551-T1
GF00002550	TFCN2502E3341_002308-T1, TFCN2502E3341_004261-T1	DBVPG3775_004550-T1
GF00002551	TFCN2502E3341_002310-T1, TFCN2502E3341_004258-T1	DBVPG3775_004548-T1
GF00002552	TFCN2502E3341_002311-T1, TFCN2502E3341_004257-T1	DBVPG3775_004547-T1
GF00002553	TFCN2502E3341_002315-T1, TFCN2502E3341_004252-T1	DBVPG3775_004543-T1
GF00002554	TFCN2502E3341_002316-T1, TFCN2502E3341_004251-T1	DBVPG3775_004542-T1
GF00002555	TFCN2502E3341_002319-T1, TFCN2502E3341_004249-T1	DBVPG3775_004539-T1
GF00002556	TFCN2502E3341_002321-T1, TFCN2502E3341_004247-T1	DBVPG3775_004537-T1
GF00002557	TFCN2502E3341_002324-T1, TFCN2502E3341_004244-T1	DBVPG3775_004534-T1
GF00002558	TFCN2502E3341_002326-T1, TFCN2502E3341_004240-T1	DBVPG3775_004532-T1
GF00002559	TFCN2502E3341_002328-T1, TFCN2502E3341_004239-T1	DBVPG3775_004530-T1
GF00002560	TFCN2502E3341_002329-T1, TFCN2502E3341_004238-T1	DBVPG3775_004529-T1
GF00002561	TFCN2502E3341_002330-T1, TFCN2502E3341_004237-T1	DBVPG3775_004528-T1
GF00002562	TFCN2502E3341_002331-T1, TFCN2502E3341_004236-T1	DBVPG3775_004527-T1
GF00002563	TFCN2502E3341_002332-T1, TFCN2502E3341_004235-T1	DBVPG3775_004526-T1
GF00002564	TFCN2502E3341_002333-T1, TFCN2502E3341_004234-T1	DBVPG3775_004525-T1
GF00002565	TFCN2502E3341_002335-T1, TFCN2502E3341_004233-T1	DBVPG3775_004523-T1
GF00002566	TFCN2502E3341_002336-T1, TFCN2502E3341_004232-T1	DBVPG3775_004522-T1
GF00002567	TFCN2502E3341_002339-T1, TFCN2502E3341_004229-T1	DBVPG3775_004519-T1
GF00002568	TFCN2502E3341_002341-T1, TFCN2502E3341_004227-T1	DBVPG3775_004517-T1
GF00002569	TFCN2502E3341_002342-T1, TFCN2502E3341_004226-T1	DBVPG3775_004516-T1
GF00002570	TFCN2502E3341_002343-T1, TFCN2502E3341_004225-T1	DBVPG3775_004515-T1
GF00002571	TFCN2502E3341_002344-T1, TFCN2502E3341_004224-T1	DBVPG3775_004514-T1
GF00002572	TFCN2502E3341_002347-T1, TFCN2502E3341_004221-T1	DBVPG3775_004511-T1
GF00002573	TFCN2502E3341_002350-T1, TFCN2502E3341_004219-T1	DBVPG3775_004509-T1
GF00002574	TFCN2502E3341_002351-T1, TFCN2502E3341_004218-T1	DBVPG3775_004508-T1
GF00002575	TFCN2502E3341_002352-T1, TFCN2502E3341_004217-T1	DBVPG3775_004507-T1
GF00002576	TFCN2502E3341_002353-T1, TFCN2502E3341_004216-T1	DBVPG3775_004506-T1
GF00002577	TFCN2502E3341_002356-T1, TFCN2502E3341_004213-T1	DBVPG3775_004503-T1
GF00002578	TFCN2502E3341_013285-T1, TFCN2502E3341_013138-T1	DBVPG3775_003044-T1
GF00002579	TFCN2502E3341_002360-T1, TFCN2502E3341_004210-T1	DBVPG3775_004500-T1
GF00002580	TFCN2502E3341_002361-T1, TFCN2502E3341_004209-T1	DBVPG3775_004499-T1
GF00002581	TFCN2502E3341_002362-T1, TFCN2502E3341_004208-T1	DBVPG3775_004498-T1
GF00002582	TFCN2502E3341_002364-T1, TFCN2502E3341_004206-T1	DBVPG3775_004496-T1
GF00002583	TFCN2502E3341_002365-T1, TFCN2502E3341_004205-T1	DBVPG3775_004493-T1
GF00002584	TFCN2502E3341_002367-T1, TFCN2502E3341_004204-T1	DBVPG3775_004491-T1
GF00002585	TFCN2502E3341_002368-T1, TFCN2502E3341_004203-T1	DBVPG3775_004490-T1
GF00002586	TFCN2502E3341_002369-T1, TFCN2502E3341_004202-T1	DBVPG3775_004489-T1
GF00002587	TFCN2502E3341_002371-T1, TFCN2502E3341_004200-T1	DBVPG3775_004487-T1
GF00002588	TFCN2502E3341_002372-T1, TFCN2502E3341_004199-T1	DBVPG3775_004486-T1
GF00002589	TFCN2502E3341_002373-T1, TFCN2502E3341_004198-T1	DBVPG3775_004485-T1
GF00002590	TFCN2502E3341_002378-T1, TFCN2502E3341_004195-T1	DBVPG3775_006507-T1
GF00002591	TFCN2502E3341_002379-T1, TFCN2502E3341_004194-T1	DBVPG3775_006508-T1
GF00002592	TFCN2502E3341_002380-T1, TFCN2502E3341_004193-T1	DBVPG3775_006509-T1
GF00002593	TFCN2502E3341_008253-T1, TFCN2502E3341_014323-T1	DBVPG3775_002140-T1
GF00002594	TFCN2502E3341_002381-T1, TFCN2502E3341_010749-T1	DBVPG3775_006510-T1
GF00002595	TFCN2502E3341_002382-T1, TFCN2502E3341_010750-T1	DBVPG3775_006511-T1
GF00002596	TFCN2502E3341_002385-T1, TFCN2502E3341_010752-T1	DBVPG3775_006513-T1
GF00002597	TFCN2502E3341_002386-T1, TFCN2502E3341_013029-T1	DBVPG3775_007305-T1
GF00002598	TFCN2502E3341_002387-T1, TFCN2502E3341_013028-T1	DBVPG3775_007306-T1
GF00002599	TFCN2502E3341_002388-T1, TFCN2502E3341_013027-T1	DBVPG3775_007307-T1
GF00002600	TFCN2502E3341_002389-T1, TFCN2502E3341_013026-T1	DBVPG3775_007259-T1
GF00002601	TFCN2502E3341_002390-T1, TFCN2502E3341_013025-T1	DBVPG3775_007260-T1
GF00002602	TFCN2502E3341_002391-T1, TFCN2502E3341_006275-T1	DBVPG3775_007261-T1
GF00002603	TFCN2502E3341_002392-T1, TFCN2502E3341_006276-T1	DBVPG3775_007262-T1
GF00002604	TFCN2502E3341_002395-T1, TFCN2502E3341_006278-T1	DBVPG3775_007264-T1
GF00002605	TFCN2502E3341_002399-T1, TFCN2502E3341_006280-T1	DBVPG3775_007267-T1
GF00002606	TFCN2502E3341_002400-T1, TFCN2502E3341_006281-T1	DBVPG3775_007268-T1
GF00002607	TFCN2502E3341_002407-T1	DBVPG3775_007275-T1, DBVPG3775_007276-T1
GF00002608	TFCN2502E3341_002411-T1, TFCN2502E3341_006285-T1	DBVPG3775_007278-T1
GF00002609	TFCN2502E3341_002412-T1, TFCN2502E3341_006286-T1	DBVPG3775_007279-T1
GF00002610	TFCN2502E3341_002413-T1, TFCN2502E3341_006287-T1	DBVPG3775_007280-T1
GF00002611	TFCN2502E3341_002414-T1, TFCN2502E3341_006288-T1	DBVPG3775_007281-T1
GF00002612	TFCN2502E3341_002415-T1, TFCN2502E3341_006289-T1	DBVPG3775_007282-T1
GF00002613	TFCN2502E3341_002416-T1, TFCN2502E3341_006290-T1	DBVPG3775_007283-T1
GF00002614	TFCN2502E3341_002421-T1, TFCN2502E3341_006298-T1	DBVPG3775_005637-T1
GF00002615	TFCN2502E3341_002423-T1, TFCN2502E3341_006300-T1	DBVPG3775_005639-T1
GF00002616	TFCN2502E3341_002424-T1, TFCN2502E3341_006301-T1	DBVPG3775_005640-T1
GF00002617	TFCN2502E3341_002425-T1, TFCN2502E3341_006302-T1	DBVPG3775_005641-T1
GF00002618	TFCN2502E3341_002426-T1, TFCN2502E3341_006303-T1	DBVPG3775_005642-T1
GF00002619	TFCN2502E3341_002427-T1, TFCN2502E3341_006304-T1	DBVPG3775_005643-T1
GF00002620	TFCN2502E3341_002428-T1, TFCN2502E3341_006305-T1	DBVPG3775_005644-T1
GF00002621	TFCN2502E3341_002431-T1, TFCN2502E3341_006307-T1	DBVPG3775_005647-T1
GF00002622	TFCN2502E3341_002432-T1, TFCN2502E3341_006308-T1	DBVPG3775_005648-T1
GF00002623	TFCN2502E3341_009195-T1, TFCN2502E3341_002507-T1	DBVPG3775_002230-T1
GF00002624	TFCN2502E3341_002434-T1, TFCN2502E3341_006310-T1	DBVPG3775_005650-T1
GF00002625	TFCN2502E3341_002435-T1, TFCN2502E3341_006311-T1	DBVPG3775_005651-T1
GF00002626	TFCN2502E3341_002437-T1, TFCN2502E3341_006313-T1	DBVPG3775_005653-T1
GF00002627	TFCN2502E3341_002438-T1, TFCN2502E3341_006314-T1	DBVPG3775_005654-T1
GF00002628	TFCN2502E3341_002439-T1, TFCN2502E3341_006315-T1	DBVPG3775_005655-T1
GF00002629	TFCN2502E3341_002442-T1, TFCN2502E3341_006318-T1	DBVPG3775_005657-T1
GF00002630	TFCN2502E3341_002443-T1, TFCN2502E3341_006319-T1	DBVPG3775_005658-T1
GF00002631	TFCN2502E3341_002444-T1, TFCN2502E3341_006320-T1	DBVPG3775_005659-T1
GF00002632	TFCN2502E3341_002445-T1, TFCN2502E3341_006321-T1	DBVPG3775_005660-T1
GF00002633	TFCN2502E3341_002447-T1, TFCN2502E3341_006323-T1	DBVPG3775_005662-T1
GF00002634	TFCN2502E3341_002448-T1, TFCN2502E3341_006324-T1	DBVPG3775_005663-T1
GF00002635	TFCN2502E3341_002458-T1, TFCN2502E3341_012739-T1	DBVPG3775_002354-T1
GF00002636	TFCN2502E3341_002459-T1, TFCN2502E3341_012740-T1	DBVPG3775_002353-T1
GF00002637	TFCN2502E3341_002461-T1, TFCN2502E3341_012742-T1	DBVPG3775_002351-T1
GF00002638	TFCN2502E3341_002462-T1, TFCN2502E3341_012743-T1	DBVPG3775_002350-T1
GF00002639	TFCN2502E3341_002463-T1, TFCN2502E3341_012744-T1	DBVPG3775_002349-T1
GF00002640	TFCN2502E3341_002464-T1, TFCN2502E3341_012745-T1	DBVPG3775_002348-T1
GF00002641	TFCN2502E3341_002465-T1, TFCN2502E3341_012746-T1	DBVPG3775_002347-T1
GF00002642	TFCN2502E3341_002466-T1, TFCN2502E3341_012747-T1	DBVPG3775_002346-T1
GF00002643	TFCN2502E3341_002467-T1, TFCN2502E3341_012748-T1	DBVPG3775_002345-T1
GF00002644	TFCN2502E3341_002468-T1, TFCN2502E3341_012749-T1	DBVPG3775_002344-T1
GF00002645	TFCN2502E3341_002469-T1, TFCN2502E3341_012750-T1	DBVPG3775_002343-T1
GF00002646	TFCN2502E3341_002470-T1, TFCN2502E3341_012751-T1	DBVPG3775_002342-T1
GF00002647	TFCN2502E3341_002471-T1, TFCN2502E3341_012752-T1	DBVPG3775_002341-T1
GF00002648	TFCN2502E3341_002472-T1, TFCN2502E3341_012753-T1	DBVPG3775_002340-T1
GF00002649	TFCN2502E3341_002476-T1, TFCN2502E3341_014386-T1	DBVPG3775_002337-T1
GF00002650	TFCN2502E3341_002478-T1, TFCN2502E3341_014385-T1	DBVPG3775_002335-T1
GF00002651	TFCN2502E3341_002479-T1, TFCN2502E3341_014384-T1	DBVPG3775_002334-T1
GF00002652	TFCN2502E3341_002482-T1, TFCN2502E3341_013170-T1	DBVPG3775_002329-T1
GF00002653	TFCN2502E3341_002488-T1, TFCN2502E3341_009211-T1	DBVPG3775_002213-T1
GF00002654	TFCN2502E3341_002489-T1, TFCN2502E3341_009210-T1	DBVPG3775_002214-T1
GF00002655	TFCN2502E3341_002492-T1, TFCN2502E3341_009207-T1	DBVPG3775_002217-T1
GF00002656	TFCN2502E3341_002498-T1, TFCN2502E3341_009203-T1	DBVPG3775_002221-T1
GF00002657	TFCN2502E3341_002499-T1, TFCN2502E3341_009202-T1	DBVPG3775_002222-T1
GF00002658	TFCN2502E3341_002500-T1, TFCN2502E3341_009201-T1	DBVPG3775_002223-T1
GF00002659	TFCN2502E3341_002504-T1, TFCN2502E3341_009198-T1	DBVPG3775_002227-T1
GF00002660	TFCN2502E3341_002505-T1, TFCN2502E3341_009197-T1	DBVPG3775_002228-T1
GF00002661	TFCN2502E3341_002508-T1, TFCN2502E3341_009194-T1	DBVPG3775_002231-T1
GF00002662	TFCN2502E3341_002509-T1, TFCN2502E3341_009193-T1	DBVPG3775_002232-T1
GF00002663	TFCN2502E3341_002510-T1, TFCN2502E3341_009192-T1	DBVPG3775_002233-T1
GF00002664	TFCN2502E3341_002512-T1, TFCN2502E3341_009191-T1	DBVPG3775_002235-T1
GF00002665	TFCN2502E3341_002514-T1, TFCN2502E3341_004499-T1	DBVPG3775_002237-T1
GF00002666	TFCN2502E3341_002518-T1, TFCN2502E3341_004502-T1	DBVPG3775_002241-T1
GF00002667	TFCN2502E3341_002520-T1, TFCN2502E3341_004504-T1	DBVPG3775_002243-T1
GF00002668	TFCN2502E3341_002521-T1, TFCN2502E3341_004505-T1	DBVPG3775_002244-T1
GF00002669	TFCN2502E3341_002522-T1, TFCN2502E3341_004506-T1	DBVPG3775_002245-T1
GF00002670	TFCN2502E3341_002523-T1, TFCN2502E3341_004507-T1	DBVPG3775_002246-T1
GF00002671	TFCN2502E3341_002524-T1, TFCN2502E3341_004508-T1	DBVPG3775_002247-T1
GF00002672	TFCN2502E3341_002525-T1, TFCN2502E3341_004509-T1	DBVPG3775_002248-T1
GF00002673	TFCN2502E3341_002526-T1, TFCN2502E3341_004510-T1	DBVPG3775_002249-T1
GF00002674	TFCN2502E3341_002527-T1, TFCN2502E3341_004511-T1	DBVPG3775_002250-T1
GF00002675	TFCN2502E3341_002528-T1, TFCN2502E3341_004512-T1	DBVPG3775_002251-T1
GF00002676	TFCN2502E3341_002529-T1, TFCN2502E3341_004513-T1	DBVPG3775_002252-T1
GF00002677	TFCN2502E3341_002530-T1, TFCN2502E3341_004514-T1	DBVPG3775_002253-T1
GF00002678	TFCN2502E3341_002533-T1, TFCN2502E3341_004516-T1	DBVPG3775_002255-T1
GF00002679	TFCN2502E3341_002537-T1, TFCN2502E3341_004519-T1	DBVPG3775_002258-T1
GF00002680	TFCN2502E3341_002539-T1, TFCN2502E3341_004521-T1	DBVPG3775_002261-T1
GF00002681	TFCN2502E3341_002540-T1, TFCN2502E3341_004522-T1	DBVPG3775_002262-T1
GF00002682	TFCN2502E3341_002541-T1, TFCN2502E3341_004523-T1	DBVPG3775_002263-T1
GF00002683	TFCN2502E3341_002542-T1, TFCN2502E3341_004524-T1	DBVPG3775_002264-T1
GF00002684	TFCN2502E3341_002543-T1, TFCN2502E3341_004525-T1	DBVPG3775_002265-T1
GF00002685	TFCN2502E3341_002545-T1, TFCN2502E3341_004527-T1	DBVPG3775_002267-T1
GF00002686	TFCN2502E3341_002546-T1, TFCN2502E3341_004528-T1	DBVPG3775_002268-T1
GF00002687	TFCN2502E3341_002547-T1, TFCN2502E3341_004529-T1	DBVPG3775_002269-T1
GF00002688	TFCN2502E3341_002550-T1, TFCN2502E3341_004532-T1	DBVPG3775_002272-T1
GF00002689	TFCN2502E3341_002551-T1, TFCN2502E3341_004533-T1	DBVPG3775_002273-T1
GF00002690	TFCN2502E3341_002552-T1, TFCN2502E3341_004534-T1	DBVPG3775_002274-T1
GF00002691	TFCN2502E3341_002553-T1, TFCN2502E3341_004535-T1	DBVPG3775_002275-T1
GF00002692	TFCN2502E3341_002804-T1, TFCN2502E3341_009880-T1	DBVPG3775_007110-T1
GF00002693	TFCN2502E3341_002555-T1, TFCN2502E3341_004537-T1	DBVPG3775_002277-T1
GF00002694	TFCN2502E3341_002556-T1, TFCN2502E3341_004538-T1	DBVPG3775_002278-T1
GF00002695	TFCN2502E3341_002557-T1, TFCN2502E3341_004539-T1	DBVPG3775_002279-T1
GF00002696	TFCN2502E3341_002558-T1, TFCN2502E3341_004540-T1	DBVPG3775_002280-T1
GF00002697	TFCN2502E3341_002559-T1, TFCN2502E3341_004541-T1	DBVPG3775_002281-T1
GF00002698	TFCN2502E3341_004542-T1, TFCN2502E3341_002560-T1	DBVPG3775_002282-T1
GF00002699	TFCN2502E3341_002561-T1, TFCN2502E3341_004543-T1	DBVPG3775_002283-T1
GF00002700	TFCN2502E3341_002563-T1, TFCN2502E3341_004545-T1	DBVPG3775_002285-T1
GF00002701	TFCN2502E3341_002565-T1, TFCN2502E3341_004546-T1	DBVPG3775_002287-T1
GF00002702	TFCN2502E3341_002566-T1, TFCN2502E3341_004547-T1	DBVPG3775_002288-T1
GF00002703	TFCN2502E3341_002567-T1, TFCN2502E3341_004548-T1	DBVPG3775_002289-T1
GF00002704	TFCN2502E3341_002568-T1, TFCN2502E3341_004549-T1	DBVPG3775_002290-T1
GF00002705	TFCN2502E3341_002570-T1, TFCN2502E3341_004551-T1	DBVPG3775_002292-T1
GF00002706	TFCN2502E3341_002571-T1, TFCN2502E3341_004552-T1	DBVPG3775_002293-T1
GF00002707	TFCN2502E3341_002578-T1, TFCN2502E3341_004558-T1	DBVPG3775_002300-T1
GF00002708	TFCN2502E3341_013507-T1, TFCN2502E3341_009307-T1	DBVPG3775_004357-T1
GF00002709	TFCN2502E3341_002582-T1, TFCN2502E3341_004564-T1	DBVPG3775_002303-T1
GF00002710	TFCN2502E3341_002584-T1, TFCN2502E3341_004566-T1	DBVPG3775_002305-T1
GF00002711	TFCN2502E3341_002873-T1, TFCN2502E3341_010213-T1	DBVPG3775_006336-T1
GF00002712	TFCN2502E3341_002589-T1, TFCN2502E3341_004571-T1	DBVPG3775_002310-T1
GF00002713	TFCN2502E3341_002594-T1, TFCN2502E3341_004576-T1	DBVPG3775_002315-T1
GF00002714	TFCN2502E3341_002707-T1, TFCN2502E3341_006349-T1	DBVPG3775_000848-T1
GF00002715	TFCN2502E3341_002708-T1, TFCN2502E3341_006348-T1	DBVPG3775_000847-T1
GF00002716	TFCN2502E3341_002709-T1, TFCN2502E3341_006347-T1	DBVPG3775_000846-T1
GF00002717	TFCN2502E3341_002710-T1, TFCN2502E3341_006346-T1	DBVPG3775_000845-T1
GF00002718	TFCN2502E3341_002711-T1, TFCN2502E3341_006345-T1	DBVPG3775_000844-T1
GF00002719	TFCN2502E3341_002712-T1, TFCN2502E3341_006344-T1	DBVPG3775_000843-T1
GF00002720	TFCN2502E3341_002714-T1, TFCN2502E3341_006342-T1	DBVPG3775_000841-T1
GF00002721	TFCN2502E3341_002715-T1, TFCN2502E3341_006341-T1	DBVPG3775_000840-T1
GF00002722	TFCN2502E3341_002716-T1, TFCN2502E3341_006340-T1	DBVPG3775_000839-T1
GF00002723	TFCN2502E3341_002718-T1, TFCN2502E3341_006338-T1	DBVPG3775_000837-T1
GF00002724	TFCN2502E3341_002721-T1, TFCN2502E3341_006336-T1	DBVPG3775_000834-T1
GF00002725	TFCN2502E3341_002722-T1, TFCN2502E3341_006335-T1	DBVPG3775_000833-T1
GF00002726	TFCN2502E3341_002725-T1, TFCN2502E3341_006333-T1	DBVPG3775_000830-T1
GF00002727	TFCN2502E3341_002726-T1, TFCN2502E3341_006332-T1	DBVPG3775_000829-T1
GF00002728	TFCN2502E3341_002727-T1, TFCN2502E3341_006331-T1	DBVPG3775_000828-T1
GF00002729	TFCN2502E3341_002728-T1, TFCN2502E3341_006330-T1	DBVPG3775_000827-T1
GF00002730	TFCN2502E3341_002730-T1, TFCN2502E3341_006804-T1	DBVPG3775_000825-T1
GF00002731	TFCN2502E3341_002731-T1, TFCN2502E3341_006803-T1	DBVPG3775_000824-T1
GF00002732	TFCN2502E3341_002732-T1, TFCN2502E3341_006802-T1	DBVPG3775_000823-T1
GF00002733	TFCN2502E3341_002733-T1, TFCN2502E3341_006801-T1	DBVPG3775_000822-T1
GF00002734	TFCN2502E3341_002734-T1, TFCN2502E3341_006800-T1	DBVPG3775_000821-T1
GF00002735	TFCN2502E3341_002738-T1, TFCN2502E3341_006797-T1	DBVPG3775_000817-T1
GF00002736	TFCN2502E3341_002740-T1, TFCN2502E3341_006795-T1	DBVPG3775_000815-T1
GF00002737	TFCN2502E3341_002742-T1, TFCN2502E3341_006793-T1	DBVPG3775_000813-T1
GF00002738	TFCN2502E3341_002743-T1, TFCN2502E3341_006792-T1	DBVPG3775_000812-T1
GF00002739	TFCN2502E3341_002745-T1, TFCN2502E3341_006789-T1	DBVPG3775_000810-T1
GF00002740	TFCN2502E3341_002749-T1, TFCN2502E3341_006787-T1	DBVPG3775_000806-T1
GF00002741	TFCN2502E3341_002751-T1, TFCN2502E3341_006785-T1	DBVPG3775_000804-T1
GF00002742	TFCN2502E3341_002753-T1, TFCN2502E3341_006780-T1	DBVPG3775_000802-T1
GF00002743	TFCN2502E3341_002755-T1, TFCN2502E3341_006778-T1	DBVPG3775_000800-T1
GF00002744	TFCN2502E3341_002756-T1, TFCN2502E3341_006777-T1	DBVPG3775_000799-T1
GF00002745	TFCN2502E3341_002757-T1, TFCN2502E3341_006776-T1	DBVPG3775_000798-T1
GF00002746	TFCN2502E3341_002758-T1, TFCN2502E3341_006775-T1	DBVPG3775_000797-T1
GF00002747	TFCN2502E3341_002759-T1, TFCN2502E3341_006774-T1	DBVPG3775_000796-T1
GF00002748	TFCN2502E3341_002760-T1, TFCN2502E3341_006773-T1	DBVPG3775_000795-T1
GF00002749	TFCN2502E3341_002761-T1, TFCN2502E3341_006772-T1	DBVPG3775_000794-T1
GF00002750	TFCN2502E3341_002764-T1, TFCN2502E3341_006768-T1	DBVPG3775_000791-T1
GF00002751	TFCN2502E3341_002767-T1, TFCN2502E3341_006765-T1	DBVPG3775_000788-T1
GF00002752	TFCN2502E3341_002768-T1, TFCN2502E3341_006764-T1	DBVPG3775_000787-T1
GF00002753	TFCN2502E3341_002770-T1, TFCN2502E3341_006761-T1	DBVPG3775_000785-T1
GF00002754	TFCN2502E3341_002772-T1, TFCN2502E3341_006758-T1	DBVPG3775_000783-T1
GF00002755	TFCN2502E3341_002774-T1, TFCN2502E3341_006756-T1	DBVPG3775_000781-T1
GF00002756	TFCN2502E3341_002776-T1, TFCN2502E3341_006754-T1	DBVPG3775_000779-T1
GF00002757	TFCN2502E3341_002783-T1, TFCN2502E3341_014049-T1	DBVPG3775_000771-T1
GF00002758	TFCN2502E3341_002784-T1, TFCN2502E3341_014050-T1	DBVPG3775_000769-T1
GF00002759	TFCN2502E3341_002785-T1, TFCN2502E3341_014051-T1	DBVPG3775_000768-T1
GF00002760	TFCN2502E3341_002786-T1, TFCN2502E3341_014052-T1	DBVPG3775_000767-T1
GF00002761	TFCN2502E3341_002787-T1, TFCN2502E3341_014053-T1	DBVPG3775_000766-T1
GF00002762	TFCN2502E3341_002788-T1, TFCN2502E3341_014054-T1	DBVPG3775_000765-T1
GF00002763	TFCN2502E3341_002791-T1, TFCN2502E3341_013856-T1	DBVPG3775_000762-T1
GF00002764	TFCN2502E3341_002792-T1, TFCN2502E3341_013855-T1	DBVPG3775_000761-T1
GF00002765	TFCN2502E3341_002795-T1, TFCN2502E3341_013851-T1	DBVPG3775_000758-T1
GF00002766	TFCN2502E3341_002796-T1, TFCN2502E3341_013850-T1	DBVPG3775_000757-T1
GF00002767	TFCN2502E3341_002797-T1, TFCN2502E3341_013849-T1	DBVPG3775_000756-T1
GF00002768	TFCN2502E3341_002798-T1, TFCN2502E3341_013848-T1	DBVPG3775_000755-T1
GF00002769	TFCN2502E3341_002801-T1, TFCN2502E3341_013845-T1	DBVPG3775_000752-T1
GF00002770	TFCN2502E3341_002802-T1, TFCN2502E3341_009878-T1	DBVPG3775_007108-T1
GF00002771	TFCN2502E3341_002803-T1, TFCN2502E3341_009879-T1	DBVPG3775_007109-T1
GF00002772	TFCN2502E3341_002806-T1, TFCN2502E3341_009882-T1	DBVPG3775_007112-T1
GF00002773	TFCN2502E3341_002807-T1, TFCN2502E3341_009883-T1	DBVPG3775_007113-T1
GF00002774	TFCN2502E3341_002808-T1, TFCN2502E3341_009884-T1	DBVPG3775_007114-T1
GF00002775	TFCN2502E3341_002809-T1, TFCN2502E3341_009885-T1	DBVPG3775_007115-T1
GF00002776	TFCN2502E3341_002810-T1, TFCN2502E3341_009886-T1	DBVPG3775_007116-T1
GF00002777	TFCN2502E3341_002811-T1, TFCN2502E3341_009887-T1	DBVPG3775_007117-T1
GF00002778	TFCN2502E3341_002812-T1, TFCN2502E3341_009888-T1	DBVPG3775_007118-T1
GF00002779	TFCN2502E3341_002814-T1, TFCN2502E3341_009890-T1	DBVPG3775_007120-T1
GF00002780	TFCN2502E3341_002815-T1, TFCN2502E3341_009891-T1	DBVPG3775_007121-T1
GF00002781	TFCN2502E3341_002816-T1, TFCN2502E3341_009892-T1	DBVPG3775_007122-T1
GF00002782	TFCN2502E3341_002817-T1, TFCN2502E3341_009893-T1	DBVPG3775_007123-T1
GF00002783	TFCN2502E3341_002818-T1, TFCN2502E3341_009896-T1	DBVPG3775_007124-T1
GF00002784	TFCN2502E3341_002820-T1, TFCN2502E3341_005402-T1	DBVPG3775_006281-T1
GF00002785	TFCN2502E3341_002821-T1, TFCN2502E3341_005401-T1	DBVPG3775_006282-T1
GF00002786	TFCN2502E3341_002823-T1, TFCN2502E3341_005399-T1	DBVPG3775_006284-T1
GF00002787	TFCN2502E3341_002824-T1, TFCN2502E3341_005398-T1	DBVPG3775_006285-T1
GF00002788	TFCN2502E3341_002826-T1, TFCN2502E3341_005396-T1	DBVPG3775_006290-T1
GF00002789	TFCN2502E3341_002827-T1, TFCN2502E3341_005395-T1	DBVPG3775_006291-T1
GF00002790	TFCN2502E3341_002828-T1, TFCN2502E3341_005394-T1	DBVPG3775_006292-T1
GF00002791	TFCN2502E3341_002829-T1, TFCN2502E3341_005393-T1	DBVPG3775_006293-T1
GF00002792	TFCN2502E3341_002830-T1, TFCN2502E3341_005392-T1	DBVPG3775_006294-T1
GF00002793	TFCN2502E3341_002833-T1, TFCN2502E3341_005389-T1	DBVPG3775_006296-T1
GF00002794	TFCN2502E3341_002834-T1, TFCN2502E3341_005388-T1	DBVPG3775_006297-T1
GF00002795	TFCN2502E3341_002835-T1, TFCN2502E3341_005387-T1	DBVPG3775_006298-T1
GF00002796	TFCN2502E3341_002836-T1, TFCN2502E3341_005386-T1	DBVPG3775_006299-T1
GF00002797	TFCN2502E3341_002837-T1, TFCN2502E3341_005385-T1	DBVPG3775_006300-T1
GF00002798	TFCN2502E3341_002838-T1, TFCN2502E3341_005384-T1	DBVPG3775_006301-T1
GF00002799	TFCN2502E3341_002839-T1, TFCN2502E3341_005383-T1	DBVPG3775_006302-T1
GF00002800	TFCN2502E3341_002840-T1, TFCN2502E3341_005382-T1	DBVPG3775_006303-T1
GF00002801	TFCN2502E3341_002842-T1, TFCN2502E3341_005380-T1	DBVPG3775_006305-T1
GF00002802	TFCN2502E3341_002844-T1, TFCN2502E3341_005378-T1	DBVPG3775_006308-T1
GF00002803	TFCN2502E3341_002845-T1, TFCN2502E3341_005377-T1	DBVPG3775_006309-T1
GF00002804	TFCN2502E3341_002846-T1, TFCN2502E3341_005376-T1	DBVPG3775_006310-T1
GF00002805	TFCN2502E3341_002848-T1, TFCN2502E3341_010237-T1	DBVPG3775_006312-T1
GF00002806	TFCN2502E3341_002849-T1, TFCN2502E3341_010236-T1	DBVPG3775_006313-T1
GF00002807	TFCN2502E3341_002850-T1, TFCN2502E3341_010235-T1	DBVPG3775_006314-T1
GF00002808	TFCN2502E3341_002851-T1, TFCN2502E3341_010234-T1	DBVPG3775_006315-T1
GF00002809	TFCN2502E3341_002852-T1, TFCN2502E3341_010233-T1	DBVPG3775_006316-T1
GF00002810	TFCN2502E3341_002855-T1, TFCN2502E3341_010231-T1	DBVPG3775_006318-T1
GF00002811	TFCN2502E3341_002856-T1, TFCN2502E3341_010230-T1	DBVPG3775_006319-T1
GF00002812	TFCN2502E3341_002857-T1, TFCN2502E3341_010229-T1	DBVPG3775_006320-T1
GF00002813	TFCN2502E3341_002858-T1, TFCN2502E3341_010228-T1	DBVPG3775_006321-T1
GF00002814	TFCN2502E3341_002859-T1, TFCN2502E3341_010227-T1	DBVPG3775_006322-T1
GF00002815	TFCN2502E3341_002860-T1, TFCN2502E3341_010226-T1	DBVPG3775_006323-T1
GF00002816	TFCN2502E3341_002864-T1, TFCN2502E3341_010223-T1	DBVPG3775_006327-T1
GF00002817	TFCN2502E3341_002865-T1, TFCN2502E3341_010222-T1	DBVPG3775_006328-T1
GF00002818	TFCN2502E3341_002866-T1, TFCN2502E3341_010221-T1	DBVPG3775_006329-T1
GF00002819	TFCN2502E3341_002867-T1, TFCN2502E3341_010220-T1	DBVPG3775_006330-T1
GF00002820	TFCN2502E3341_002869-T1, TFCN2502E3341_010218-T1	DBVPG3775_006332-T1
GF00002821	TFCN2502E3341_002870-T1, TFCN2502E3341_010217-T1	DBVPG3775_006333-T1
GF00002822	TFCN2502E3341_012541-T1, TFCN2502E3341_012260-T1	DBVPG3775_002425-T1
GF00002823	TFCN2502E3341_002874-T1, TFCN2502E3341_010212-T1	DBVPG3775_003837-T1
GF00002824	TFCN2502E3341_002875-T1, TFCN2502E3341_010211-T1	DBVPG3775_003836-T1
GF00002825	TFCN2502E3341_002876-T1, TFCN2502E3341_010210-T1	DBVPG3775_003835-T1
GF00002826	TFCN2502E3341_002877-T1, TFCN2502E3341_010209-T1	DBVPG3775_003834-T1
GF00002827	TFCN2502E3341_002878-T1, TFCN2502E3341_010208-T1	DBVPG3775_003833-T1
GF00002828	TFCN2502E3341_002880-T1, TFCN2502E3341_010206-T1	DBVPG3775_003831-T1
GF00002829	TFCN2502E3341_002881-T1, TFCN2502E3341_010205-T1	DBVPG3775_003830-T1
GF00002830	TFCN2502E3341_002882-T1, TFCN2502E3341_010204-T1	DBVPG3775_003829-T1
GF00002831	TFCN2502E3341_002883-T1, TFCN2502E3341_009903-T1	DBVPG3775_003828-T1
GF00002832	TFCN2502E3341_002884-T1, TFCN2502E3341_009902-T1	DBVPG3775_003827-T1
GF00002833	TFCN2502E3341_002886-T1, TFCN2502E3341_009900-T1	DBVPG3775_003825-T1
GF00002834	TFCN2502E3341_002887-T1, TFCN2502E3341_009899-T1	DBVPG3775_003824-T1
GF00002835	TFCN2502E3341_002888-T1, TFCN2502E3341_009898-T1	DBVPG3775_003823-T1
GF00002836	TFCN2502E3341_002890-T1, TFCN2502E3341_005404-T1	DBVPG3775_003820-T1
GF00002837	TFCN2502E3341_002892-T1, TFCN2502E3341_005406-T1	DBVPG3775_003818-T1
GF00002838	TFCN2502E3341_002893-T1, TFCN2502E3341_005407-T1	DBVPG3775_003817-T1
GF00002839	TFCN2502E3341_002894-T1, TFCN2502E3341_005408-T1	DBVPG3775_003816-T1
GF00002840	TFCN2502E3341_002895-T1, TFCN2502E3341_005409-T1	DBVPG3775_003815-T1
GF00002841	TFCN2502E3341_002896-T1, TFCN2502E3341_005410-T1	DBVPG3775_003814-T1
GF00002842	TFCN2502E3341_002897-T1, TFCN2502E3341_005411-T1	DBVPG3775_003813-T1
GF00002843	TFCN2502E3341_002898-T1, TFCN2502E3341_005412-T1	DBVPG3775_003812-T1
GF00002844	TFCN2502E3341_002901-T1, TFCN2502E3341_008828-T1	DBVPG3775_002627-T1
GF00002845	TFCN2502E3341_002902-T1, TFCN2502E3341_008827-T1	DBVPG3775_002628-T1
GF00002846	TFCN2502E3341_002903-T1, TFCN2502E3341_008826-T1	DBVPG3775_002629-T1
GF00002847	TFCN2502E3341_002904-T1, TFCN2502E3341_008825-T1	DBVPG3775_002630-T1
GF00002848	TFCN2502E3341_002906-T1, TFCN2502E3341_008823-T1	DBVPG3775_002632-T1
GF00002849	TFCN2502E3341_002908-T1, TFCN2502E3341_008821-T1	DBVPG3775_002634-T1
GF00002850	TFCN2502E3341_002909-T1, TFCN2502E3341_008820-T1	DBVPG3775_002635-T1
GF00002851	TFCN2502E3341_002910-T1, TFCN2502E3341_008819-T1	DBVPG3775_002636-T1
GF00002852	TFCN2502E3341_002912-T1, TFCN2502E3341_008817-T1	DBVPG3775_002638-T1
GF00002853	TFCN2502E3341_002913-T1, TFCN2502E3341_008816-T1	DBVPG3775_002639-T1
GF00002854	TFCN2502E3341_002914-T1, TFCN2502E3341_008815-T1	DBVPG3775_002640-T1
GF00002855	TFCN2502E3341_002915-T1, TFCN2502E3341_008814-T1	DBVPG3775_002641-T1
GF00002856	TFCN2502E3341_002916-T1, TFCN2502E3341_008813-T1	DBVPG3775_002642-T1
GF00002857	TFCN2502E3341_002918-T1, TFCN2502E3341_012991-T1	DBVPG3775_002644-T1
GF00002858	TFCN2502E3341_002919-T1, TFCN2502E3341_012990-T1	DBVPG3775_002645-T1
GF00002859	TFCN2502E3341_002920-T1, TFCN2502E3341_012989-T1	DBVPG3775_002646-T1
GF00002860	TFCN2502E3341_002921-T1, TFCN2502E3341_012988-T1	DBVPG3775_002647-T1
GF00002861	TFCN2502E3341_002922-T1, TFCN2502E3341_012987-T1	DBVPG3775_002648-T1
GF00002862	TFCN2502E3341_002923-T1, TFCN2502E3341_012986-T1	DBVPG3775_002649-T1
GF00002863	TFCN2502E3341_002924-T1, TFCN2502E3341_012985-T1	DBVPG3775_002650-T1
GF00002864	TFCN2502E3341_002925-T1, TFCN2502E3341_012984-T1	DBVPG3775_002651-T1
GF00002865	TFCN2502E3341_002927-T1, TFCN2502E3341_012982-T1	DBVPG3775_002653-T1
GF00002866	TFCN2502E3341_002928-T1, TFCN2502E3341_012981-T1	DBVPG3775_002654-T1
GF00002867	TFCN2502E3341_002930-T1, TFCN2502E3341_012979-T1	DBVPG3775_002656-T1
GF00002868	TFCN2502E3341_002931-T1, TFCN2502E3341_011113-T1	DBVPG3775_002657-T1
GF00002869	TFCN2502E3341_002933-T1, TFCN2502E3341_011115-T1	DBVPG3775_002659-T1
GF00002870	TFCN2502E3341_002934-T1, TFCN2502E3341_011116-T1	DBVPG3775_002660-T1
GF00002871	TFCN2502E3341_007427-T1, TFCN2502E3341_012183-T1	DBVPG3775_007025-T1
GF00002872	TFCN2502E3341_002935-T1, TFCN2502E3341_011118-T1	DBVPG3775_002661-T1
GF00002873	TFCN2502E3341_002936-T1, TFCN2502E3341_011119-T1	DBVPG3775_002662-T1
GF00002874	TFCN2502E3341_002938-T1, TFCN2502E3341_011121-T1	DBVPG3775_002664-T1
GF00002875	TFCN2502E3341_002940-T1, TFCN2502E3341_011123-T1	DBVPG3775_002666-T1
GF00002876	TFCN2502E3341_002942-T1, TFCN2502E3341_011125-T1	DBVPG3775_002668-T1
GF00002877	TFCN2502E3341_002943-T1, TFCN2502E3341_011126-T1	DBVPG3775_002669-T1
GF00002878	TFCN2502E3341_002944-T1, TFCN2502E3341_011127-T1	DBVPG3775_002670-T1
GF00002879	TFCN2502E3341_002945-T1, TFCN2502E3341_011128-T1	DBVPG3775_002671-T1
GF00002880	TFCN2502E3341_002947-T1, TFCN2502E3341_011130-T1	DBVPG3775_002673-T1
GF00002881	TFCN2502E3341_002949-T1, TFCN2502E3341_011132-T1	DBVPG3775_002675-T1
GF00002882	TFCN2502E3341_002950-T1, TFCN2502E3341_011133-T1	DBVPG3775_002676-T1
GF00002883	TFCN2502E3341_002952-T1, TFCN2502E3341_011135-T1	DBVPG3775_002678-T1
GF00002884	TFCN2502E3341_002953-T1, TFCN2502E3341_011136-T1	DBVPG3775_002679-T1
GF00002885	TFCN2502E3341_002954-T1, TFCN2502E3341_011137-T1	DBVPG3775_002680-T1
GF00002886	TFCN2502E3341_002956-T1, TFCN2502E3341_010690-T1	DBVPG3775_002682-T1
GF00002887	TFCN2502E3341_002957-T1, TFCN2502E3341_010691-T1	DBVPG3775_002683-T1
GF00002888	TFCN2502E3341_002960-T1, TFCN2502E3341_010693-T1	DBVPG3775_002685-T1
GF00002889	TFCN2502E3341_002961-T1, TFCN2502E3341_010694-T1	DBVPG3775_002686-T1
GF00002890	TFCN2502E3341_002962-T1, TFCN2502E3341_010695-T1	DBVPG3775_002687-T1
GF00002891	TFCN2502E3341_002963-T1, TFCN2502E3341_010696-T1	DBVPG3775_002688-T1
GF00002892	TFCN2502E3341_002964-T1, TFCN2502E3341_010697-T1	DBVPG3775_002689-T1
GF00002893	TFCN2502E3341_002966-T1, TFCN2502E3341_010699-T1	DBVPG3775_002691-T1
GF00002894	TFCN2502E3341_002967-T1, TFCN2502E3341_010700-T1	DBVPG3775_002692-T1
GF00002895	TFCN2502E3341_002968-T1, TFCN2502E3341_010701-T1	DBVPG3775_002693-T1
GF00002896	TFCN2502E3341_002970-T1, TFCN2502E3341_010703-T1	DBVPG3775_002695-T1
GF00002897	TFCN2502E3341_002971-T1, TFCN2502E3341_010704-T1	DBVPG3775_002696-T1
GF00002898	TFCN2502E3341_002972-T1, TFCN2502E3341_010705-T1	DBVPG3775_002698-T1
GF00002899	TFCN2502E3341_002973-T1, TFCN2502E3341_010706-T1	DBVPG3775_002699-T1
GF00002900	TFCN2502E3341_002976-T1, TFCN2502E3341_010708-T1	DBVPG3775_002702-T1
GF00002901	TFCN2502E3341_002977-T1, TFCN2502E3341_010709-T1	DBVPG3775_002703-T1
GF00002902	TFCN2502E3341_002978-T1, TFCN2502E3341_010710-T1	DBVPG3775_002704-T1
GF00002903	TFCN2502E3341_002979-T1, TFCN2502E3341_010711-T1	DBVPG3775_002705-T1
GF00002904	TFCN2502E3341_011433-T1, TFCN2502E3341_007133-T1	DBVPG3775_007461-T1
GF00002905	TFCN2502E3341_002981-T1, TFCN2502E3341_010713-T1	DBVPG3775_002707-T1
GF00002906	TFCN2502E3341_002982-T1, TFCN2502E3341_010714-T1	DBVPG3775_002708-T1
GF00002907	TFCN2502E3341_002983-T1, TFCN2502E3341_010715-T1	DBVPG3775_002709-T1
GF00002908	TFCN2502E3341_002986-T1, TFCN2502E3341_010659-T1	DBVPG3775_001639-T1
GF00002909	TFCN2502E3341_002988-T1, TFCN2502E3341_010661-T1	DBVPG3775_001641-T1
GF00002910	TFCN2502E3341_002989-T1, TFCN2502E3341_010662-T1	DBVPG3775_001642-T1
GF00002911	TFCN2502E3341_002990-T1, TFCN2502E3341_010663-T1	DBVPG3775_001643-T1
GF00002912	TFCN2502E3341_002991-T1, TFCN2502E3341_010664-T1	DBVPG3775_001644-T1
GF00002913	TFCN2502E3341_002992-T1, TFCN2502E3341_010665-T1	DBVPG3775_001645-T1
GF00002914	TFCN2502E3341_002993-T1, TFCN2502E3341_010666-T1	DBVPG3775_001646-T1
GF00002915	TFCN2502E3341_002994-T1, TFCN2502E3341_010667-T1	DBVPG3775_001647-T1
GF00002916	TFCN2502E3341_002995-T1, TFCN2502E3341_010668-T1	DBVPG3775_001648-T1
GF00002917	TFCN2502E3341_014530-T1, TFCN2502E3341_007922-T1	DBVPG3775_001767-T1
GF00002918	TFCN2502E3341_007440-T1, TFCN2502E3341_012954-T1	DBVPG3775_007038-T1
GF00002919	TFCN2502E3341_011435-T1, TFCN2502E3341_007131-T1	DBVPG3775_007459-T1
GF00002920	TFCN2502E3341_002998-T1, TFCN2502E3341_010672-T1	DBVPG3775_001651-T1
GF00002921	TFCN2502E3341_002999-T1, TFCN2502E3341_010673-T1	DBVPG3775_001652-T1
GF00002922	TFCN2502E3341_003000-T1, TFCN2502E3341_010674-T1	DBVPG3775_001653-T1
GF00002923	TFCN2502E3341_003001-T1, TFCN2502E3341_010675-T1	DBVPG3775_001654-T1
GF00002924	TFCN2502E3341_003002-T1, TFCN2502E3341_010676-T1	DBVPG3775_001655-T1
GF00002925	TFCN2502E3341_003003-T1, TFCN2502E3341_010677-T1	DBVPG3775_001656-T1
GF00002926	TFCN2502E3341_012346-T1, TFCN2502E3341_009698-T1	DBVPG3775_005742-T1
GF00002927	TFCN2502E3341_003005-T1, TFCN2502E3341_010679-T1	DBVPG3775_001658-T1
GF00002928	TFCN2502E3341_003006-T1, TFCN2502E3341_010680-T1	DBVPG3775_001659-T1
GF00002929	TFCN2502E3341_003007-T1, TFCN2502E3341_010681-T1	DBVPG3775_001660-T1
GF00002930	TFCN2502E3341_003008-T1, TFCN2502E3341_010682-T1	DBVPG3775_001661-T1
GF00002931	TFCN2502E3341_003010-T1, TFCN2502E3341_010684-T1	DBVPG3775_001663-T1
GF00002932	TFCN2502E3341_003011-T1, TFCN2502E3341_010685-T1	DBVPG3775_001664-T1
GF00002933	TFCN2502E3341_003012-T1, TFCN2502E3341_010686-T1	DBVPG3775_001665-T1
GF00002934	TFCN2502E3341_003016-T1, TFCN2502E3341_013114-T1	DBVPG3775_001672-T1
GF00002935	TFCN2502E3341_003018-T1, TFCN2502E3341_013111-T1	DBVPG3775_001674-T1
GF00002936	TFCN2502E3341_003022-T1, TFCN2502E3341_013107-T1	DBVPG3775_001678-T1
GF00002937	TFCN2502E3341_003023-T1, TFCN2502E3341_013106-T1	DBVPG3775_001679-T1
GF00002938	TFCN2502E3341_003024-T1, TFCN2502E3341_013105-T1	DBVPG3775_001680-T1
GF00002939	TFCN2502E3341_003025-T1, TFCN2502E3341_013104-T1	DBVPG3775_001681-T1
GF00002940	TFCN2502E3341_003026-T1, TFCN2502E3341_013103-T1	DBVPG3775_001682-T1
GF00002941	TFCN2502E3341_003027-T1, TFCN2502E3341_013102-T1	DBVPG3775_001683-T1
GF00002942	TFCN2502E3341_003028-T1, TFCN2502E3341_013101-T1	DBVPG3775_001684-T1
GF00002943	TFCN2502E3341_003030-T1, TFCN2502E3341_005006-T1	DBVPG3775_001694-T1
GF00002944	TFCN2502E3341_003031-T1, TFCN2502E3341_005007-T1	DBVPG3775_001693-T1
GF00002945	TFCN2502E3341_003034-T1, TFCN2502E3341_005011-T1	DBVPG3775_001689-T1
GF00002946	TFCN2502E3341_003037-T1, TFCN2502E3341_005005-T1	DBVPG3775_001695-T1
GF00002947	TFCN2502E3341_003038-T1, TFCN2502E3341_005004-T1	DBVPG3775_001696-T1
GF00002948	TFCN2502E3341_003039-T1, TFCN2502E3341_005003-T1	DBVPG3775_001697-T1
GF00002949	TFCN2502E3341_003041-T1, TFCN2502E3341_005000-T1	DBVPG3775_001700-T1
GF00002950	TFCN2502E3341_003042-T1, TFCN2502E3341_004999-T1	DBVPG3775_001701-T1
GF00002951	TFCN2502E3341_003043-T1, TFCN2502E3341_004998-T1	DBVPG3775_001702-T1
GF00002952	TFCN2502E3341_003044-T1, TFCN2502E3341_004997-T1	DBVPG3775_001703-T1
GF00002953	TFCN2502E3341_003045-T1, TFCN2502E3341_004996-T1	DBVPG3775_001704-T1
GF00002954	TFCN2502E3341_003049-T1, TFCN2502E3341_004994-T1	DBVPG3775_001707-T1
GF00002955	TFCN2502E3341_003050-T1, TFCN2502E3341_004993-T1	DBVPG3775_001708-T1
GF00002956	TFCN2502E3341_003051-T1, TFCN2502E3341_004992-T1	DBVPG3775_001709-T1
GF00002957	TFCN2502E3341_003052-T1, TFCN2502E3341_004991-T1	DBVPG3775_001710-T1
GF00002958	TFCN2502E3341_003053-T1, TFCN2502E3341_004990-T1	DBVPG3775_001711-T1
GF00002959	TFCN2502E3341_003054-T1, TFCN2502E3341_004989-T1	DBVPG3775_001712-T1
GF00002960	TFCN2502E3341_003057-T1, TFCN2502E3341_004986-T1	DBVPG3775_001715-T1
GF00002961	TFCN2502E3341_003058-T1, TFCN2502E3341_004985-T1	DBVPG3775_001716-T1
GF00002962	TFCN2502E3341_003062-T1, TFCN2502E3341_004980-T1	DBVPG3775_001721-T1
GF00002963	TFCN2502E3341_003065-T1, TFCN2502E3341_004977-T1	DBVPG3775_001724-T1
GF00002964	TFCN2502E3341_003066-T1, TFCN2502E3341_004976-T1	DBVPG3775_001725-T1
GF00002965	TFCN2502E3341_003067-T1, TFCN2502E3341_004975-T1	DBVPG3775_001726-T1
GF00002966	TFCN2502E3341_003068-T1, TFCN2502E3341_004974-T1	DBVPG3775_001727-T1
GF00002967	TFCN2502E3341_003071-T1, TFCN2502E3341_004332-T1	DBVPG3775_002539-T1
GF00002968	TFCN2502E3341_003072-T1, TFCN2502E3341_004331-T1	DBVPG3775_002538-T1
GF00002969	TFCN2502E3341_003073-T1, TFCN2502E3341_004330-T1	DBVPG3775_002537-T1
GF00002970	TFCN2502E3341_003074-T1, TFCN2502E3341_004329-T1	DBVPG3775_002536-T1
GF00002971	TFCN2502E3341_003075-T1, TFCN2502E3341_004328-T1	DBVPG3775_002535-T1
GF00002972	TFCN2502E3341_003076-T1, TFCN2502E3341_004327-T1	DBVPG3775_002534-T1
GF00002973	TFCN2502E3341_003079-T1, TFCN2502E3341_004323-T1	DBVPG3775_002531-T1
GF00002974	TFCN2502E3341_003081-T1, TFCN2502E3341_004321-T1	DBVPG3775_002529-T1
GF00002975	TFCN2502E3341_003082-T1, TFCN2502E3341_004320-T1	DBVPG3775_002528-T1
GF00002976	TFCN2502E3341_003085-T1, TFCN2502E3341_004317-T1	DBVPG3775_002525-T1
GF00002977	TFCN2502E3341_003087-T1, TFCN2502E3341_004315-T1	DBVPG3775_002523-T1
GF00002978	TFCN2502E3341_003090-T1, TFCN2502E3341_004312-T1	DBVPG3775_002520-T1
GF00002979	TFCN2502E3341_003093-T1, TFCN2502E3341_004307-T1	DBVPG3775_002518-T1
GF00002980	TFCN2502E3341_003096-T1, TFCN2502E3341_004304-T1	DBVPG3775_002515-T1
GF00002981	TFCN2502E3341_003097-T1, TFCN2502E3341_004303-T1	DBVPG3775_002514-T1
GF00002982	TFCN2502E3341_003098-T1, TFCN2502E3341_004302-T1	DBVPG3775_002513-T1
GF00002983	TFCN2502E3341_003099-T1, TFCN2502E3341_004301-T1	DBVPG3775_002512-T1
GF00002984	TFCN2502E3341_003100-T1, TFCN2502E3341_004300-T1	DBVPG3775_002511-T1
GF00002985	TFCN2502E3341_003101-T1, TFCN2502E3341_004299-T1	DBVPG3775_002510-T1
GF00002986	TFCN2502E3341_003103-T1, TFCN2502E3341_004298-T1	DBVPG3775_002508-T1
GF00002987	TFCN2502E3341_003105-T1, TFCN2502E3341_004296-T1	DBVPG3775_002506-T1
GF00002988	TFCN2502E3341_003106-T1, TFCN2502E3341_004295-T1	DBVPG3775_002505-T1
GF00002989	TFCN2502E3341_003110-T1, TFCN2502E3341_004289-T1	DBVPG3775_002500-T1
GF00002990	TFCN2502E3341_003111-T1, TFCN2502E3341_004288-T1	DBVPG3775_002499-T1
GF00002991	TFCN2502E3341_003112-T1, TFCN2502E3341_004287-T1	DBVPG3775_002498-T1
GF00002992	TFCN2502E3341_003113-T1, TFCN2502E3341_004286-T1	DBVPG3775_002497-T1
GF00002993	TFCN2502E3341_003114-T1, TFCN2502E3341_004285-T1	DBVPG3775_002496-T1
GF00002994	TFCN2502E3341_003115-T1, TFCN2502E3341_004284-T1	DBVPG3775_002495-T1
GF00002995	TFCN2502E3341_003116-T1, TFCN2502E3341_004283-T1	DBVPG3775_002494-T1
GF00002996	TFCN2502E3341_003117-T1, TFCN2502E3341_004282-T1	DBVPG3775_002493-T1
GF00002997	TFCN2502E3341_003123-T1, TFCN2502E3341_004275-T1	DBVPG3775_002487-T1
GF00002998	TFCN2502E3341_003125-T1, TFCN2502E3341_004273-T1	DBVPG3775_002485-T1
GF00002999	TFCN2502E3341_003128-T1, TFCN2502E3341_004270-T1	DBVPG3775_002482-T1
GF00003000	TFCN2502E3341_003129-T1, TFCN2502E3341_004269-T1	DBVPG3775_002481-T1
GF00003001	TFCN2502E3341_003130-T1, TFCN2502E3341_004268-T1	DBVPG3775_002480-T1
GF00003002	TFCN2502E3341_003131-T1, TFCN2502E3341_004267-T1	DBVPG3775_002479-T1
GF00003003	TFCN2502E3341_003132-T1, TFCN2502E3341_004266-T1	DBVPG3775_002478-T1
GF00003004	TFCN2502E3341_003135-T1, TFCN2502E3341_013735-T1	DBVPG3775_002476-T1
GF00003005	TFCN2502E3341_003136-T1, TFCN2502E3341_013736-T1	DBVPG3775_002475-T1
GF00003006	TFCN2502E3341_003137-T1, TFCN2502E3341_013737-T1	DBVPG3775_002474-T1
GF00003007	TFCN2502E3341_003138-T1, TFCN2502E3341_013738-T1	DBVPG3775_002473-T1
GF00003008	TFCN2502E3341_003139-T1, TFCN2502E3341_013739-T1	DBVPG3775_002472-T1
GF00003009	TFCN2502E3341_003140-T1, TFCN2502E3341_013740-T1	DBVPG3775_002471-T1
GF00003010	TFCN2502E3341_003141-T1, TFCN2502E3341_013741-T1	DBVPG3775_002470-T1
GF00003011	TFCN2502E3341_003142-T1, TFCN2502E3341_013742-T1	DBVPG3775_002469-T1
GF00003012	TFCN2502E3341_003144-T1, TFCN2502E3341_013745-T1	DBVPG3775_002467-T1
GF00003013	TFCN2502E3341_003145-T1, TFCN2502E3341_013746-T1	DBVPG3775_002466-T1
GF00003014	TFCN2502E3341_003146-T1, TFCN2502E3341_013747-T1	DBVPG3775_002465-T1
GF00003015	TFCN2502E3341_003147-T1, TFCN2502E3341_013748-T1	DBVPG3775_002464-T1
GF00003016	TFCN2502E3341_003149-T1, TFCN2502E3341_013751-T1	DBVPG3775_002462-T1
GF00003017	TFCN2502E3341_003150-T1, TFCN2502E3341_013752-T1	DBVPG3775_002461-T1
GF00003018	TFCN2502E3341_003152-T1, TFCN2502E3341_009386-T1	DBVPG3775_002459-T1
GF00003019	TFCN2502E3341_003154-T1, TFCN2502E3341_009388-T1	DBVPG3775_002457-T1
GF00003020	TFCN2502E3341_003159-T1, TFCN2502E3341_014737-T1	DBVPG3775_000694-T1
GF00003021	TFCN2502E3341_003162-T1, TFCN2502E3341_013941-T1	DBVPG3775_000691-T1
GF00003022	TFCN2502E3341_003163-T1, TFCN2502E3341_013942-T1	DBVPG3775_000690-T1
GF00003023	TFCN2502E3341_003164-T1, TFCN2502E3341_013944-T1	DBVPG3775_000688-T1
GF00003024	TFCN2502E3341_003165-T1, TFCN2502E3341_013945-T1	DBVPG3775_000687-T1
GF00003025	TFCN2502E3341_003166-T1, TFCN2502E3341_013946-T1	DBVPG3775_000686-T1
GF00003026	TFCN2502E3341_003168-T1, TFCN2502E3341_013947-T1	DBVPG3775_000684-T1
GF00003027	TFCN2502E3341_003169-T1, TFCN2502E3341_013948-T1	DBVPG3775_000683-T1
GF00003028	TFCN2502E3341_003170-T1, TFCN2502E3341_013949-T1	DBVPG3775_000682-T1
GF00003029	TFCN2502E3341_003171-T1, TFCN2502E3341_013950-T1	DBVPG3775_000681-T1
GF00003030	TFCN2502E3341_003172-T1, TFCN2502E3341_013951-T1	DBVPG3775_000680-T1
GF00003031	TFCN2502E3341_009280-T1, TFCN2502E3341_014224-T1	DBVPG3775_006100-T1
GF00003032	TFCN2502E3341_003173-T1, TFCN2502E3341_013952-T1	DBVPG3775_000679-T1
GF00003033	TFCN2502E3341_003174-T1, TFCN2502E3341_013953-T1	DBVPG3775_000678-T1
GF00003034	TFCN2502E3341_003178-T1, TFCN2502E3341_009669-T1	DBVPG3775_000674-T1
GF00003035	TFCN2502E3341_003179-T1, TFCN2502E3341_009668-T1	DBVPG3775_000673-T1
GF00003036	TFCN2502E3341_003180-T1, TFCN2502E3341_009667-T1	DBVPG3775_000672-T1
GF00003037	TFCN2502E3341_003181-T1, TFCN2502E3341_009666-T1	DBVPG3775_000671-T1
GF00003038	TFCN2502E3341_003183-T1, TFCN2502E3341_009665-T1	DBVPG3775_000670-T1
GF00003039	TFCN2502E3341_003184-T1, TFCN2502E3341_009664-T1	DBVPG3775_000669-T1
GF00003040	TFCN2502E3341_003188-T1, TFCN2502E3341_009661-T1	DBVPG3775_000665-T1
GF00003041	TFCN2502E3341_003190-T1, TFCN2502E3341_009659-T1	DBVPG3775_000663-T1
GF00003042	TFCN2502E3341_003191-T1, TFCN2502E3341_009658-T1	DBVPG3775_000662-T1
GF00003043	TFCN2502E3341_003194-T1, TFCN2502E3341_009655-T1	DBVPG3775_000660-T1
GF00003044	TFCN2502E3341_003195-T1, TFCN2502E3341_009654-T1	DBVPG3775_000659-T1
GF00003045	TFCN2502E3341_003196-T1, TFCN2502E3341_009653-T1	DBVPG3775_000658-T1
GF00003046	TFCN2502E3341_003197-T1, TFCN2502E3341_009652-T1	DBVPG3775_000657-T1
GF00003047	TFCN2502E3341_003200-T1, TFCN2502E3341_009673-T1	DBVPG3775_000654-T1
GF00003048	TFCN2502E3341_003202-T1, TFCN2502E3341_009675-T1	DBVPG3775_000652-T1
GF00003049	TFCN2502E3341_003203-T1, TFCN2502E3341_009676-T1	DBVPG3775_000651-T1
GF00003050	TFCN2502E3341_003204-T1, TFCN2502E3341_009677-T1	DBVPG3775_000650-T1
GF00003051	TFCN2502E3341_003206-T1, TFCN2502E3341_009680-T1	DBVPG3775_000648-T1
GF00003052	TFCN2502E3341_003209-T1, TFCN2502E3341_009683-T1	DBVPG3775_000645-T1
GF00003053	TFCN2502E3341_003211-T1, TFCN2502E3341_009751-T1	DBVPG3775_000643-T1
GF00003054	TFCN2502E3341_003212-T1, TFCN2502E3341_009750-T1	DBVPG3775_000642-T1
GF00003055	TFCN2502E3341_003213-T1, TFCN2502E3341_009749-T1	DBVPG3775_000641-T1
GF00003056	TFCN2502E3341_003214-T1, TFCN2502E3341_009748-T1	DBVPG3775_000640-T1
GF00003057	TFCN2502E3341_003216-T1, TFCN2502E3341_009747-T1	DBVPG3775_000638-T1
GF00003058	TFCN2502E3341_003217-T1, TFCN2502E3341_009746-T1	DBVPG3775_000637-T1
GF00003059	TFCN2502E3341_003223-T1, TFCN2502E3341_009742-T1	DBVPG3775_000632-T1
GF00003060	TFCN2502E3341_003225-T1, TFCN2502E3341_009739-T1	DBVPG3775_000630-T1
GF00003061	TFCN2502E3341_003228-T1, TFCN2502E3341_009736-T1	DBVPG3775_000628-T1
GF00003062	TFCN2502E3341_003232-T1, TFCN2502E3341_009733-T1	DBVPG3775_000624-T1
GF00003063	TFCN2502E3341_003233-T1, TFCN2502E3341_009732-T1	DBVPG3775_000623-T1
GF00003064	TFCN2502E3341_003236-T1, TFCN2502E3341_009730-T1	DBVPG3775_000620-T1
GF00003065	TFCN2502E3341_003238-T1, TFCN2502E3341_009728-T1	DBVPG3775_000618-T1
GF00003066	TFCN2502E3341_003239-T1, TFCN2502E3341_009727-T1	DBVPG3775_000617-T1
GF00003067	TFCN2502E3341_003244-T1, TFCN2502E3341_009723-T1	DBVPG3775_000612-T1
GF00003068	TFCN2502E3341_003245-T1, TFCN2502E3341_009722-T1	DBVPG3775_000611-T1
GF00003069	TFCN2502E3341_003348-T1, TFCN2502E3341_008170-T1	DBVPG3775_002791-T1
GF00003070	TFCN2502E3341_003349-T1, TFCN2502E3341_008169-T1	DBVPG3775_002792-T1
GF00003071	TFCN2502E3341_003350-T1, TFCN2502E3341_008168-T1	DBVPG3775_002793-T1
GF00003072	TFCN2502E3341_003352-T1, TFCN2502E3341_008167-T1	DBVPG3775_002795-T1
GF00003073	TFCN2502E3341_003353-T1, TFCN2502E3341_008166-T1	DBVPG3775_002796-T1
GF00003074	TFCN2502E3341_003354-T1, TFCN2502E3341_008165-T1	DBVPG3775_002797-T1
GF00003075	TFCN2502E3341_003356-T1, TFCN2502E3341_008163-T1	DBVPG3775_002799-T1
GF00003076	TFCN2502E3341_003357-T1, TFCN2502E3341_008162-T1	DBVPG3775_002800-T1
GF00003077	TFCN2502E3341_003360-T1, TFCN2502E3341_008161-T1	DBVPG3775_002803-T1
GF00003078	TFCN2502E3341_003361-T1, TFCN2502E3341_008160-T1	DBVPG3775_002804-T1
GF00003079	TFCN2502E3341_003362-T1, TFCN2502E3341_008159-T1	DBVPG3775_002805-T1
GF00003080	TFCN2502E3341_003363-T1, TFCN2502E3341_008158-T1	DBVPG3775_002806-T1
GF00003081	TFCN2502E3341_003365-T1, TFCN2502E3341_008156-T1	DBVPG3775_002808-T1
GF00003082	TFCN2502E3341_003367-T1, TFCN2502E3341_008155-T1	DBVPG3775_002810-T1
GF00003083	TFCN2502E3341_003370-T1, TFCN2502E3341_008152-T1	DBVPG3775_002813-T1
GF00003084	TFCN2502E3341_003371-T1, TFCN2502E3341_008151-T1	DBVPG3775_002814-T1
GF00003085	TFCN2502E3341_003372-T1, TFCN2502E3341_008150-T1	DBVPG3775_002815-T1
GF00003086	TFCN2502E3341_003373-T1, TFCN2502E3341_008149-T1	DBVPG3775_002816-T1
GF00003087	TFCN2502E3341_003375-T1, TFCN2502E3341_008147-T1	DBVPG3775_002817-T1
GF00003088	TFCN2502E3341_010007-T1, TFCN2502E3341_006175-T1	DBVPG3775_004641-T1
GF00003089	TFCN2502E3341_003376-T1, TFCN2502E3341_008146-T1	DBVPG3775_002818-T1
GF00003090	TFCN2502E3341_003377-T1, TFCN2502E3341_008145-T1	DBVPG3775_002819-T1
GF00003091	TFCN2502E3341_003378-T1, TFCN2502E3341_008144-T1	DBVPG3775_002820-T1
GF00003092	TFCN2502E3341_003381-T1, TFCN2502E3341_010902-T1	DBVPG3775_002823-T1
GF00003093	TFCN2502E3341_003382-T1, TFCN2502E3341_010903-T1	DBVPG3775_002824-T1
GF00003094	TFCN2502E3341_003383-T1, TFCN2502E3341_010904-T1	DBVPG3775_002825-T1
GF00003095	TFCN2502E3341_003385-T1, TFCN2502E3341_010905-T1	DBVPG3775_002827-T1
GF00003096	TFCN2502E3341_003386-T1, TFCN2502E3341_010906-T1	DBVPG3775_002828-T1
GF00003097	TFCN2502E3341_003387-T1, TFCN2502E3341_010907-T1	DBVPG3775_002829-T1
GF00003098	TFCN2502E3341_003389-T1, TFCN2502E3341_010169-T1	DBVPG3775_002831-T1
GF00003099	TFCN2502E3341_003392-T1, TFCN2502E3341_010166-T1	DBVPG3775_002834-T1
GF00003100	TFCN2502E3341_003394-T1, TFCN2502E3341_010164-T1	DBVPG3775_002836-T1
GF00003101	TFCN2502E3341_003395-T1, TFCN2502E3341_010163-T1	DBVPG3775_002837-T1
GF00003102	TFCN2502E3341_003397-T1, TFCN2502E3341_010161-T1	DBVPG3775_002839-T1
GF00003103	TFCN2502E3341_003399-T1, TFCN2502E3341_010159-T1	DBVPG3775_002841-T1
GF00003104	TFCN2502E3341_003400-T1, TFCN2502E3341_010158-T1	DBVPG3775_002842-T1
GF00003105	TFCN2502E3341_003401-T1, TFCN2502E3341_010157-T1	DBVPG3775_002843-T1
GF00003106	TFCN2502E3341_003402-T1, TFCN2502E3341_010156-T1	DBVPG3775_002844-T1
GF00003107	TFCN2502E3341_003403-T1, TFCN2502E3341_010155-T1	DBVPG3775_002845-T1
GF00003108	TFCN2502E3341_003404-T1, TFCN2502E3341_010154-T1	DBVPG3775_002846-T1
GF00003109	TFCN2502E3341_003405-T1, TFCN2502E3341_010153-T1	DBVPG3775_002847-T1
GF00003110	TFCN2502E3341_003406-T1, TFCN2502E3341_010152-T1	DBVPG3775_002848-T1
GF00003111	TFCN2502E3341_003407-T1, TFCN2502E3341_010151-T1	DBVPG3775_002849-T1
GF00003112	TFCN2502E3341_003408-T1, TFCN2502E3341_010150-T1	DBVPG3775_002850-T1
GF00003113	TFCN2502E3341_008701-T1, TFCN2502E3341_010578-T1	DBVPG3775_005767-T1
GF00003114	TFCN2502E3341_003411-T1, TFCN2502E3341_010148-T1	DBVPG3775_002853-T1
GF00003115	TFCN2502E3341_003412-T1, TFCN2502E3341_010147-T1	DBVPG3775_002854-T1
GF00003116	TFCN2502E3341_003413-T1, TFCN2502E3341_010146-T1	DBVPG3775_002855-T1
GF00003117	TFCN2502E3341_003414-T1, TFCN2502E3341_010145-T1	DBVPG3775_002856-T1
GF00003118	TFCN2502E3341_003415-T1, TFCN2502E3341_010144-T1	DBVPG3775_002857-T1
GF00003119	TFCN2502E3341_003418-T1, TFCN2502E3341_010141-T1	DBVPG3775_002860-T1
GF00003120	TFCN2502E3341_003419-T1, TFCN2502E3341_010140-T1	DBVPG3775_002861-T1
GF00003121	TFCN2502E3341_003420-T1, TFCN2502E3341_010139-T1	DBVPG3775_002862-T1
GF00003122	TFCN2502E3341_003421-T1, TFCN2502E3341_010138-T1	DBVPG3775_002863-T1
GF00003123	TFCN2502E3341_003422-T1, TFCN2502E3341_010137-T1	DBVPG3775_002864-T1
GF00003124	TFCN2502E3341_003424-T1, TFCN2502E3341_013733-T1	DBVPG3775_002866-T1
GF00003125	TFCN2502E3341_003425-T1, TFCN2502E3341_013732-T1	DBVPG3775_002867-T1
GF00003126	TFCN2502E3341_003426-T1, TFCN2502E3341_013731-T1	DBVPG3775_002868-T1
GF00003127	TFCN2502E3341_003428-T1, TFCN2502E3341_013729-T1	DBVPG3775_002870-T1
GF00003128	TFCN2502E3341_003429-T1, TFCN2502E3341_013728-T1	DBVPG3775_002871-T1
GF00003129	TFCN2502E3341_003430-T1, TFCN2502E3341_013727-T1	DBVPG3775_002872-T1
GF00003130	TFCN2502E3341_003431-T1, TFCN2502E3341_013726-T1	DBVPG3775_002873-T1
GF00003131	TFCN2502E3341_003432-T1, TFCN2502E3341_013725-T1	DBVPG3775_002874-T1
GF00003132	TFCN2502E3341_003433-T1, TFCN2502E3341_013724-T1	DBVPG3775_002875-T1
GF00003133	TFCN2502E3341_003434-T1, TFCN2502E3341_013723-T1	DBVPG3775_002876-T1
GF00003134	TFCN2502E3341_003435-T1, TFCN2502E3341_003581-T1	DBVPG3775_003721-T1
GF00003135	TFCN2502E3341_003436-T1, TFCN2502E3341_003580-T1	DBVPG3775_003722-T1
GF00003136	TFCN2502E3341_003437-T1, TFCN2502E3341_003579-T1	DBVPG3775_003723-T1
GF00003137	TFCN2502E3341_003440-T1, TFCN2502E3341_003576-T1	DBVPG3775_003726-T1
GF00003138	TFCN2502E3341_003441-T1, TFCN2502E3341_003575-T1	DBVPG3775_003727-T1
GF00003139	TFCN2502E3341_003442-T1, TFCN2502E3341_003574-T1	DBVPG3775_003728-T1
GF00003140	TFCN2502E3341_003444-T1, TFCN2502E3341_003572-T1	DBVPG3775_003730-T1
GF00003141	TFCN2502E3341_003445-T1, TFCN2502E3341_003571-T1	DBVPG3775_003731-T1
GF00003142	TFCN2502E3341_003447-T1, TFCN2502E3341_003569-T1	DBVPG3775_003733-T1
GF00003143	TFCN2502E3341_003448-T1, TFCN2502E3341_003568-T1	DBVPG3775_003734-T1
GF00003144	TFCN2502E3341_003449-T1, TFCN2502E3341_003567-T1	DBVPG3775_003735-T1
GF00003145	TFCN2502E3341_003451-T1, TFCN2502E3341_003564-T1	DBVPG3775_003737-T1
GF00003146	TFCN2502E3341_003454-T1, TFCN2502E3341_003561-T1	DBVPG3775_003740-T1
GF00003147	TFCN2502E3341_003459-T1, TFCN2502E3341_003556-T1	DBVPG3775_003745-T1
GF00003148	TFCN2502E3341_003462-T1, TFCN2502E3341_003554-T1	DBVPG3775_003748-T1
GF00003149	TFCN2502E3341_003463-T1, TFCN2502E3341_003553-T1	DBVPG3775_003749-T1
GF00003150	TFCN2502E3341_003464-T1, TFCN2502E3341_003552-T1	DBVPG3775_003750-T1
GF00003151	TFCN2502E3341_003467-T1, TFCN2502E3341_003550-T1	DBVPG3775_003752-T1
GF00003152	TFCN2502E3341_003468-T1, TFCN2502E3341_003549-T1	DBVPG3775_003753-T1
GF00003153	TFCN2502E3341_003469-T1, TFCN2502E3341_003548-T1	DBVPG3775_003754-T1
GF00003154	TFCN2502E3341_003471-T1, TFCN2502E3341_003546-T1	DBVPG3775_003756-T1
GF00003155	TFCN2502E3341_003472-T1, TFCN2502E3341_003545-T1	DBVPG3775_003757-T1
GF00003156	TFCN2502E3341_003473-T1, TFCN2502E3341_003544-T1	DBVPG3775_003758-T1
GF00003157	TFCN2502E3341_003475-T1, TFCN2502E3341_003543-T1	DBVPG3775_003760-T1
GF00003158	TFCN2502E3341_003476-T1, TFCN2502E3341_003542-T1	DBVPG3775_003761-T1
GF00003159	TFCN2502E3341_003478-T1, TFCN2502E3341_003540-T1	DBVPG3775_003763-T1
GF00003160	TFCN2502E3341_003479-T1, TFCN2502E3341_003539-T1	DBVPG3775_003764-T1
GF00003161	TFCN2502E3341_003480-T1, TFCN2502E3341_003538-T1	DBVPG3775_003765-T1
GF00003162	TFCN2502E3341_003481-T1, TFCN2502E3341_003537-T1	DBVPG3775_003766-T1
GF00003163	TFCN2502E3341_003484-T1, TFCN2502E3341_003534-T1	DBVPG3775_003769-T1
GF00003164	TFCN2502E3341_003486-T1, TFCN2502E3341_003532-T1	DBVPG3775_003771-T1
GF00003165	TFCN2502E3341_003487-T1, TFCN2502E3341_003531-T1	DBVPG3775_003772-T1
GF00003166	TFCN2502E3341_003488-T1, TFCN2502E3341_003530-T1	DBVPG3775_003773-T1
GF00003167	TFCN2502E3341_003490-T1, TFCN2502E3341_005451-T1	DBVPG3775_003775-T1
GF00003168	TFCN2502E3341_003492-T1, TFCN2502E3341_005449-T1	DBVPG3775_003777-T1
GF00003169	TFCN2502E3341_003493-T1, TFCN2502E3341_005448-T1	DBVPG3775_003778-T1
GF00003170	TFCN2502E3341_003495-T1, TFCN2502E3341_005446-T1	DBVPG3775_003780-T1
GF00003171	TFCN2502E3341_003500-T1, TFCN2502E3341_005441-T1	DBVPG3775_003783-T1
GF00003172	TFCN2502E3341_003501-T1, TFCN2502E3341_005440-T1	DBVPG3775_003784-T1
GF00003173	TFCN2502E3341_003503-T1, TFCN2502E3341_005438-T1	DBVPG3775_003786-T1
GF00003174	TFCN2502E3341_003504-T1, TFCN2502E3341_005437-T1	DBVPG3775_003787-T1
GF00003175	TFCN2502E3341_003505-T1, TFCN2502E3341_005436-T1	DBVPG3775_003788-T1
GF00003176	TFCN2502E3341_003510-T1, TFCN2502E3341_005431-T1	DBVPG3775_003793-T1
GF00003177	TFCN2502E3341_003512-T1, TFCN2502E3341_005429-T1	DBVPG3775_003795-T1
GF00003178	TFCN2502E3341_003513-T1, TFCN2502E3341_005428-T1	DBVPG3775_003796-T1
GF00003179	TFCN2502E3341_003514-T1, TFCN2502E3341_005427-T1	DBVPG3775_003797-T1
GF00003180	TFCN2502E3341_003515-T1, TFCN2502E3341_005426-T1	DBVPG3775_003798-T1
GF00003181	TFCN2502E3341_003516-T1, TFCN2502E3341_005425-T1	DBVPG3775_003799-T1
GF00003182	TFCN2502E3341_003519-T1, TFCN2502E3341_005421-T1	DBVPG3775_003803-T1
GF00003183	TFCN2502E3341_003520-T1, TFCN2502E3341_005420-T1	DBVPG3775_003804-T1
GF00003184	TFCN2502E3341_003521-T1, TFCN2502E3341_005419-T1	DBVPG3775_003805-T1
GF00003185	TFCN2502E3341_003522-T1, TFCN2502E3341_005418-T1	DBVPG3775_003806-T1
GF00003186	TFCN2502E3341_003523-T1, TFCN2502E3341_005417-T1	DBVPG3775_003807-T1
GF00003187	TFCN2502E3341_003524-T1, TFCN2502E3341_005416-T1	DBVPG3775_003808-T1
GF00003188	TFCN2502E3341_003525-T1, TFCN2502E3341_005415-T1	DBVPG3775_003809-T1
GF00003189	TFCN2502E3341_003526-T1, TFCN2502E3341_005414-T1	DBVPG3775_003810-T1
GF00003190	TFCN2502E3341_003582-T1, TFCN2502E3341_010591-T1	DBVPG3775_003720-T1
GF00003191	TFCN2502E3341_003583-T1, TFCN2502E3341_010592-T1	DBVPG3775_003719-T1
GF00003192	TFCN2502E3341_003584-T1, TFCN2502E3341_010593-T1	DBVPG3775_003718-T1
GF00003193	TFCN2502E3341_003586-T1, TFCN2502E3341_010595-T1	DBVPG3775_003716-T1
GF00003194	TFCN2502E3341_003587-T1, TFCN2502E3341_010596-T1	DBVPG3775_003715-T1
GF00003195	TFCN2502E3341_003588-T1, TFCN2502E3341_010597-T1	DBVPG3775_003714-T1
GF00003196	TFCN2502E3341_003589-T1, TFCN2502E3341_010598-T1	DBVPG3775_003713-T1
GF00003197	TFCN2502E3341_003590-T1, TFCN2502E3341_010599-T1	DBVPG3775_003712-T1
GF00003198	TFCN2502E3341_003592-T1, TFCN2502E3341_010601-T1	DBVPG3775_003710-T1
GF00003199	TFCN2502E3341_003598-T1, TFCN2502E3341_010606-T1	DBVPG3775_003705-T1
GF00003200	TFCN2502E3341_003602-T1, TFCN2502E3341_010608-T1	DBVPG3775_003702-T1
GF00003201	TFCN2502E3341_003603-T1, TFCN2502E3341_010609-T1	DBVPG3775_003701-T1
GF00003202	TFCN2502E3341_003604-T1, TFCN2502E3341_010610-T1	DBVPG3775_003700-T1
GF00003203	TFCN2502E3341_003607-T1, TFCN2502E3341_010614-T1	DBVPG3775_003695-T1
GF00003204	TFCN2502E3341_003608-T1, TFCN2502E3341_010615-T1	DBVPG3775_003694-T1
GF00003205	TFCN2502E3341_003609-T1, TFCN2502E3341_010616-T1	DBVPG3775_003693-T1
GF00003206	TFCN2502E3341_003610-T1, TFCN2502E3341_010617-T1	DBVPG3775_003692-T1
GF00003207	TFCN2502E3341_003613-T1, TFCN2502E3341_010623-T1	DBVPG3775_003687-T1
GF00003208	TFCN2502E3341_003618-T1, TFCN2502E3341_006979-T1	DBVPG3775_004983-T1
GF00003209	TFCN2502E3341_003619-T1, TFCN2502E3341_006978-T1	DBVPG3775_004984-T1
GF00003210	TFCN2502E3341_003621-T1, TFCN2502E3341_006973-T1	DBVPG3775_004988-T1
GF00003211	TFCN2502E3341_003623-T1, TFCN2502E3341_006971-T1	DBVPG3775_004990-T1
GF00003212	TFCN2502E3341_003624-T1, TFCN2502E3341_006945-T1	DBVPG3775_005016-T1
GF00003213	TFCN2502E3341_003630-T1, TFCN2502E3341_006950-T1	DBVPG3775_005012-T1
GF00003214	TFCN2502E3341_003631-T1, TFCN2502E3341_006951-T1	DBVPG3775_005011-T1
GF00003215	TFCN2502E3341_003632-T1, TFCN2502E3341_006952-T1	DBVPG3775_005010-T1
GF00003216	TFCN2502E3341_003633-T1, TFCN2502E3341_006953-T1	DBVPG3775_005009-T1
GF00003217	TFCN2502E3341_003635-T1, TFCN2502E3341_006955-T1	DBVPG3775_005007-T1
GF00003218	TFCN2502E3341_003637-T1, TFCN2502E3341_006957-T1	DBVPG3775_005005-T1
GF00003219	TFCN2502E3341_003638-T1, TFCN2502E3341_006958-T1	DBVPG3775_005004-T1
GF00003220	TFCN2502E3341_003639-T1, TFCN2502E3341_006959-T1	DBVPG3775_005003-T1
GF00003221	TFCN2502E3341_003641-T1, TFCN2502E3341_006961-T1	DBVPG3775_005000-T1
GF00003222	TFCN2502E3341_003642-T1, TFCN2502E3341_006962-T1	DBVPG3775_004999-T1
GF00003223	TFCN2502E3341_003644-T1, TFCN2502E3341_006964-T1	DBVPG3775_004997-T1
GF00003224	TFCN2502E3341_003645-T1, TFCN2502E3341_006965-T1	DBVPG3775_004996-T1
GF00003225	TFCN2502E3341_003646-T1, TFCN2502E3341_006966-T1	DBVPG3775_004995-T1
GF00003226	TFCN2502E3341_003649-T1, TFCN2502E3341_006968-T1	DBVPG3775_004993-T1
GF00003227	TFCN2502E3341_003650-T1, TFCN2502E3341_006969-T1	DBVPG3775_004992-T1
GF00003228	TFCN2502E3341_003651-T1, TFCN2502E3341_006970-T1	DBVPG3775_004991-T1
GF00003229	TFCN2502E3341_003653-T1, TFCN2502E3341_006943-T1	DBVPG3775_005018-T1
GF00003230	TFCN2502E3341_003654-T1, TFCN2502E3341_006942-T1	DBVPG3775_005019-T1
GF00003231	TFCN2502E3341_003658-T1, TFCN2502E3341_006938-T1	DBVPG3775_005023-T1
GF00003232	TFCN2502E3341_003659-T1, TFCN2502E3341_006937-T1	DBVPG3775_005024-T1
GF00003233	TFCN2502E3341_003660-T1, TFCN2502E3341_006936-T1	DBVPG3775_005025-T1
GF00003234	TFCN2502E3341_003662-T1, TFCN2502E3341_011145-T1	DBVPG3775_007222-T1
GF00003235	TFCN2502E3341_003665-T1, TFCN2502E3341_011142-T1	DBVPG3775_007225-T1
GF00003236	TFCN2502E3341_003672-T1, TFCN2502E3341_011140-T1	DBVPG3775_007227-T1
GF00003237	TFCN2502E3341_003673-T1, TFCN2502E3341_011139-T1	DBVPG3775_007228-T1
GF00003238	TFCN2502E3341_003675-T1, TFCN2502E3341_005649-T1	DBVPG3775_006855-T1
GF00003239	TFCN2502E3341_003676-T1, TFCN2502E3341_005648-T1	DBVPG3775_006856-T1
GF00003240	TFCN2502E3341_003679-T1, TFCN2502E3341_005644-T1	DBVPG3775_006860-T1
GF00003241	TFCN2502E3341_003680-T1, TFCN2502E3341_005643-T1	DBVPG3775_006861-T1
GF00003242	TFCN2502E3341_003684-T1, TFCN2502E3341_005633-T1	DBVPG3775_006868-T1
GF00003243	TFCN2502E3341_003685-T1, TFCN2502E3341_005632-T1	DBVPG3775_006870-T1
GF00003244	TFCN2502E3341_003686-T1, TFCN2502E3341_005631-T1	DBVPG3775_006871-T1
GF00003245	TFCN2502E3341_003688-T1, TFCN2502E3341_005629-T1	DBVPG3775_006873-T1
GF00003246	TFCN2502E3341_003689-T1, TFCN2502E3341_005628-T1	DBVPG3775_006874-T1
GF00003247	TFCN2502E3341_003690-T1, TFCN2502E3341_005627-T1	DBVPG3775_006875-T1
GF00003248	TFCN2502E3341_003691-T1, TFCN2502E3341_005626-T1	DBVPG3775_006876-T1
GF00003249	TFCN2502E3341_003692-T1, TFCN2502E3341_005625-T1	DBVPG3775_006877-T1
GF00003250	TFCN2502E3341_003695-T1, TFCN2502E3341_005621-T1	DBVPG3775_006882-T1
GF00003251	TFCN2502E3341_003696-T1, TFCN2502E3341_005620-T1	DBVPG3775_006883-T1
GF00003252	TFCN2502E3341_003697-T1, TFCN2502E3341_005619-T1	DBVPG3775_006884-T1
GF00003253	TFCN2502E3341_003700-T1, TFCN2502E3341_005610-T1	DBVPG3775_006891-T1
GF00003254	TFCN2502E3341_003702-T1, TFCN2502E3341_010108-T1	DBVPG3775_006382-T1
GF00003255	TFCN2502E3341_003703-T1, TFCN2502E3341_010109-T1	DBVPG3775_006383-T1
GF00003256	TFCN2502E3341_003704-T1, TFCN2502E3341_010110-T1	DBVPG3775_006384-T1
GF00003257	TFCN2502E3341_003705-T1, TFCN2502E3341_010111-T1	DBVPG3775_006385-T1
GF00003258	TFCN2502E3341_003706-T1, TFCN2502E3341_010112-T1	DBVPG3775_006386-T1
GF00003259	TFCN2502E3341_003707-T1, TFCN2502E3341_010113-T1	DBVPG3775_006387-T1
GF00003260	TFCN2502E3341_003709-T1, TFCN2502E3341_010115-T1	DBVPG3775_006389-T1
GF00003261	TFCN2502E3341_003710-T1, TFCN2502E3341_010116-T1	DBVPG3775_006390-T1
GF00003262	TFCN2502E3341_003711-T1, TFCN2502E3341_010117-T1	DBVPG3775_006391-T1
GF00003263	TFCN2502E3341_003712-T1, TFCN2502E3341_010118-T1	DBVPG3775_006392-T1
GF00003264	TFCN2502E3341_003713-T1, TFCN2502E3341_010119-T1	DBVPG3775_006393-T1
GF00003265	TFCN2502E3341_003714-T1, TFCN2502E3341_010120-T1	DBVPG3775_006394-T1
GF00003266	TFCN2502E3341_003715-T1, TFCN2502E3341_010121-T1	DBVPG3775_006395-T1
GF00003267	TFCN2502E3341_003716-T1, TFCN2502E3341_010122-T1	DBVPG3775_006396-T1
GF00003268	TFCN2502E3341_003718-T1, TFCN2502E3341_010124-T1	DBVPG3775_006398-T1
GF00003269	TFCN2502E3341_003721-T1, TFCN2502E3341_010127-T1	DBVPG3775_006401-T1
GF00003270	TFCN2502E3341_003723-T1, TFCN2502E3341_010130-T1	DBVPG3775_006081-T1
GF00003271	TFCN2502E3341_003724-T1, TFCN2502E3341_010131-T1	DBVPG3775_006078-T1
GF00003272	TFCN2502E3341_003725-T1, TFCN2502E3341_010132-T1	DBVPG3775_006077-T1
GF00003273	TFCN2502E3341_003727-T1, TFCN2502E3341_010134-T1	DBVPG3775_006075-T1
GF00003274	TFCN2502E3341_003728-T1, TFCN2502E3341_010135-T1	DBVPG3775_006074-T1
GF00003275	TFCN2502E3341_003803-T1, TFCN2502E3341_004811-T1	DBVPG3775_001956-T1
GF00003276	TFCN2502E3341_003805-T1, TFCN2502E3341_004809-T1	DBVPG3775_001953-T1
GF00003277	TFCN2502E3341_003806-T1, TFCN2502E3341_004808-T1	DBVPG3775_001952-T1
GF00003278	TFCN2502E3341_003807-T1, TFCN2502E3341_004807-T1	DBVPG3775_001951-T1
GF00003279	TFCN2502E3341_003808-T1, TFCN2502E3341_004806-T1	DBVPG3775_001950-T1
GF00003280	TFCN2502E3341_003810-T1, TFCN2502E3341_004804-T1	DBVPG3775_001948-T1
GF00003281	TFCN2502E3341_003811-T1, TFCN2502E3341_004803-T1	DBVPG3775_001947-T1
GF00003282	TFCN2502E3341_003812-T1, TFCN2502E3341_004802-T1	DBVPG3775_001946-T1
GF00003283	TFCN2502E3341_003814-T1, TFCN2502E3341_004800-T1	DBVPG3775_001944-T1
GF00003284	TFCN2502E3341_003815-T1, TFCN2502E3341_004799-T1	DBVPG3775_001942-T1
GF00003285	TFCN2502E3341_003816-T1, TFCN2502E3341_004798-T1	DBVPG3775_001941-T1
GF00003286	TFCN2502E3341_003817-T1, TFCN2502E3341_004797-T1	DBVPG3775_001940-T1
GF00003287	TFCN2502E3341_003819-T1, TFCN2502E3341_004795-T1	DBVPG3775_001938-T1
GF00003288	TFCN2502E3341_003820-T1, TFCN2502E3341_004794-T1	DBVPG3775_001937-T1
GF00003289	TFCN2502E3341_003822-T1, TFCN2502E3341_004792-T1	DBVPG3775_001935-T1
GF00003290	TFCN2502E3341_003824-T1, TFCN2502E3341_004789-T1	DBVPG3775_001933-T1
GF00003291	TFCN2502E3341_003825-T1, TFCN2502E3341_004788-T1	DBVPG3775_001932-T1
GF00003292	TFCN2502E3341_003826-T1, TFCN2502E3341_004787-T1	DBVPG3775_001931-T1
GF00003293	TFCN2502E3341_003827-T1, TFCN2502E3341_004786-T1	DBVPG3775_001930-T1
GF00003294	TFCN2502E3341_003828-T1, TFCN2502E3341_004785-T1	DBVPG3775_001929-T1
GF00003295	TFCN2502E3341_003829-T1, TFCN2502E3341_004784-T1	DBVPG3775_001928-T1
GF00003296	TFCN2502E3341_003830-T1, TFCN2502E3341_004783-T1	DBVPG3775_001927-T1
GF00003297	TFCN2502E3341_003831-T1, TFCN2502E3341_004782-T1	DBVPG3775_001926-T1
GF00003298	TFCN2502E3341_003832-T1, TFCN2502E3341_004781-T1	DBVPG3775_001925-T1
GF00003299	TFCN2502E3341_003834-T1, TFCN2502E3341_004779-T1	DBVPG3775_001923-T1
GF00003300	TFCN2502E3341_003835-T1, TFCN2502E3341_004778-T1	DBVPG3775_001922-T1
GF00003301	TFCN2502E3341_003836-T1, TFCN2502E3341_004777-T1	DBVPG3775_001921-T1
GF00003302	TFCN2502E3341_003837-T1, TFCN2502E3341_004776-T1	DBVPG3775_001920-T1
GF00003303	TFCN2502E3341_003838-T1, TFCN2502E3341_004775-T1	DBVPG3775_001919-T1
GF00003304	TFCN2502E3341_003840-T1, TFCN2502E3341_004773-T1	DBVPG3775_001917-T1
GF00003305	TFCN2502E3341_003841-T1, TFCN2502E3341_004772-T1	DBVPG3775_001916-T1
GF00003306	TFCN2502E3341_003842-T1, TFCN2502E3341_004771-T1	DBVPG3775_001915-T1
GF00003307	TFCN2502E3341_003843-T1, TFCN2502E3341_004770-T1	DBVPG3775_001914-T1
GF00003308	TFCN2502E3341_003844-T1, TFCN2502E3341_004769-T1	DBVPG3775_001913-T1
GF00003309	TFCN2502E3341_003845-T1, TFCN2502E3341_004768-T1	DBVPG3775_001912-T1
GF00003310	TFCN2502E3341_003846-T1, TFCN2502E3341_004767-T1	DBVPG3775_001911-T1
GF00003311	TFCN2502E3341_003847-T1, TFCN2502E3341_004766-T1	DBVPG3775_001910-T1
GF00003312	TFCN2502E3341_003848-T1, TFCN2502E3341_004765-T1	DBVPG3775_001909-T1
GF00003313	TFCN2502E3341_003849-T1, TFCN2502E3341_004764-T1	DBVPG3775_001908-T1
GF00003314	TFCN2502E3341_003851-T1, TFCN2502E3341_004762-T1	DBVPG3775_001906-T1
GF00003315	TFCN2502E3341_003855-T1, TFCN2502E3341_004757-T1	DBVPG3775_001901-T1
GF00003316	TFCN2502E3341_003856-T1, TFCN2502E3341_004756-T1	DBVPG3775_001900-T1
GF00003317	TFCN2502E3341_003857-T1, TFCN2502E3341_004755-T1	DBVPG3775_001899-T1
GF00003318	TFCN2502E3341_003858-T1, TFCN2502E3341_004754-T1	DBVPG3775_001898-T1
GF00003319	TFCN2502E3341_003859-T1, TFCN2502E3341_004753-T1	DBVPG3775_001897-T1
GF00003320	TFCN2502E3341_003863-T1, TFCN2502E3341_004750-T1	DBVPG3775_001894-T1
GF00003321	TFCN2502E3341_003869-T1, TFCN2502E3341_009571-T1	DBVPG3775_001850-T1
GF00003322	TFCN2502E3341_003870-T1, TFCN2502E3341_009572-T1	DBVPG3775_001849-T1
GF00003323	TFCN2502E3341_003871-T1, TFCN2502E3341_009573-T1	DBVPG3775_001848-T1
GF00003324	TFCN2502E3341_003874-T1, TFCN2502E3341_013261-T1	DBVPG3775_001838-T1
GF00003325	TFCN2502E3341_013262-T1, TFCN2502E3341_003875-T1	DBVPG3775_001839-T1
GF00003326	TFCN2502E3341_003876-T1, TFCN2502E3341_013263-T1	DBVPG3775_001840-T1
GF00003327	TFCN2502E3341_003877-T1, TFCN2502E3341_013264-T1	DBVPG3775_001841-T1
GF00003328	TFCN2502E3341_003878-T1, TFCN2502E3341_009579-T1	DBVPG3775_001842-T1
GF00003329	TFCN2502E3341_003880-T1, TFCN2502E3341_009577-T1	DBVPG3775_001844-T1
GF00003330	TFCN2502E3341_003884-T1, TFCN2502E3341_013256-T1	DBVPG3775_001833-T1
GF00003331	TFCN2502E3341_003887-T1, TFCN2502E3341_013252-T1	DBVPG3775_001829-T1
GF00003332	TFCN2502E3341_003892-T1, TFCN2502E3341_012881-T1	DBVPG3775_001824-T1
GF00003333	TFCN2502E3341_003893-T1, TFCN2502E3341_012880-T1	DBVPG3775_001823-T1
GF00003334	TFCN2502E3341_003895-T1, TFCN2502E3341_012878-T1	DBVPG3775_001821-T1
GF00003335	TFCN2502E3341_003896-T1, TFCN2502E3341_012877-T1	DBVPG3775_001820-T1
GF00003336	TFCN2502E3341_003897-T1, TFCN2502E3341_012876-T1	DBVPG3775_001819-T1
GF00003337	TFCN2502E3341_003901-T1, TFCN2502E3341_012872-T1	DBVPG3775_001815-T1
GF00003338	TFCN2502E3341_003904-T1, TFCN2502E3341_012868-T1	DBVPG3775_001812-T1
GF00003339	TFCN2502E3341_003905-T1, TFCN2502E3341_012867-T1	DBVPG3775_001811-T1
GF00003340	TFCN2502E3341_003907-T1, TFCN2502E3341_012865-T1	DBVPG3775_001809-T1
GF00003341	TFCN2502E3341_003908-T1, TFCN2502E3341_012864-T1	DBVPG3775_001808-T1
GF00003342	TFCN2502E3341_003909-T1, TFCN2502E3341_007882-T1	DBVPG3775_001807-T1
GF00003343	TFCN2502E3341_003910-T1, TFCN2502E3341_007883-T1	DBVPG3775_001806-T1
GF00003344	TFCN2502E3341_003911-T1, TFCN2502E3341_007884-T1	DBVPG3775_001805-T1
GF00003345	TFCN2502E3341_003913-T1, TFCN2502E3341_007886-T1	DBVPG3775_001803-T1
GF00003346	TFCN2502E3341_003916-T1, TFCN2502E3341_007890-T1	DBVPG3775_001800-T1
GF00003347	TFCN2502E3341_003921-T1, TFCN2502E3341_007895-T1	DBVPG3775_001794-T1
GF00003348	TFCN2502E3341_003923-T1, TFCN2502E3341_007897-T1	DBVPG3775_001791-T1
GF00003349	TFCN2502E3341_003924-T1, TFCN2502E3341_007899-T1	DBVPG3775_001790-T1
GF00003350	TFCN2502E3341_003925-T1, TFCN2502E3341_007900-T1	DBVPG3775_001789-T1
GF00003351	TFCN2502E3341_003926-T1, TFCN2502E3341_007901-T1	DBVPG3775_001788-T1
GF00003352	TFCN2502E3341_003927-T1, TFCN2502E3341_007902-T1	DBVPG3775_001787-T1
GF00003353	TFCN2502E3341_003928-T1, TFCN2502E3341_007903-T1	DBVPG3775_001786-T1
GF00003354	TFCN2502E3341_003929-T1, TFCN2502E3341_007905-T1	DBVPG3775_001784-T1
GF00003355	TFCN2502E3341_003931-T1, TFCN2502E3341_007907-T1	DBVPG3775_001782-T1
GF00003356	TFCN2502E3341_003932-T1, TFCN2502E3341_007908-T1	DBVPG3775_001781-T1
GF00003357	TFCN2502E3341_003933-T1, TFCN2502E3341_007909-T1	DBVPG3775_001780-T1
GF00003358	TFCN2502E3341_003934-T1, TFCN2502E3341_007910-T1	DBVPG3775_001779-T1
GF00003359	TFCN2502E3341_003935-T1, TFCN2502E3341_007911-T1	DBVPG3775_001778-T1
GF00003360	TFCN2502E3341_003936-T1, TFCN2502E3341_007912-T1	DBVPG3775_001777-T1
GF00003361	TFCN2502E3341_003937-T1, TFCN2502E3341_007913-T1	DBVPG3775_001776-T1
GF00003362	TFCN2502E3341_003938-T1, TFCN2502E3341_007914-T1	DBVPG3775_001775-T1
GF00003363	TFCN2502E3341_003939-T1, TFCN2502E3341_007915-T1	DBVPG3775_001774-T1
GF00003364	TFCN2502E3341_003941-T1, TFCN2502E3341_013198-T1	DBVPG3775_000491-T1
GF00003365	TFCN2502E3341_003943-T1, TFCN2502E3341_011600-T1	DBVPG3775_000489-T1
GF00003366	TFCN2502E3341_003945-T1, TFCN2502E3341_011598-T1	DBVPG3775_000486-T1
GF00003367	TFCN2502E3341_003946-T1, TFCN2502E3341_011597-T1	DBVPG3775_000485-T1
GF00003368	TFCN2502E3341_003948-T1, TFCN2502E3341_011596-T1	DBVPG3775_000484-T1
GF00003369	TFCN2502E3341_003954-T1, TFCN2502E3341_011175-T1	DBVPG3775_000477-T1
GF00003370	TFCN2502E3341_003955-T1, TFCN2502E3341_011176-T1	DBVPG3775_000476-T1
GF00003371	TFCN2502E3341_003957-T1, TFCN2502E3341_011178-T1	DBVPG3775_000474-T1
GF00003372	TFCN2502E3341_003959-T1, TFCN2502E3341_011179-T1	DBVPG3775_000472-T1
GF00003373	TFCN2502E3341_003960-T1, TFCN2502E3341_011180-T1	DBVPG3775_000471-T1
GF00003374	TFCN2502E3341_003961-T1, TFCN2502E3341_011181-T1	DBVPG3775_000470-T1
GF00003375	TFCN2502E3341_003962-T1, TFCN2502E3341_011182-T1	DBVPG3775_000469-T1
GF00003376	TFCN2502E3341_003963-T1, TFCN2502E3341_011183-T1	DBVPG3775_000468-T1
GF00003377	TFCN2502E3341_003965-T1, TFCN2502E3341_011185-T1	DBVPG3775_000466-T1
GF00003378	TFCN2502E3341_003966-T1, TFCN2502E3341_011186-T1	DBVPG3775_000465-T1
GF00003379	TFCN2502E3341_003967-T1, TFCN2502E3341_011187-T1	DBVPG3775_000464-T1
GF00003380	TFCN2502E3341_003968-T1, TFCN2502E3341_011188-T1	DBVPG3775_000463-T1
GF00003381	TFCN2502E3341_003970-T1, TFCN2502E3341_012026-T1	DBVPG3775_000458-T1
GF00003382	TFCN2502E3341_003971-T1, TFCN2502E3341_012025-T1	DBVPG3775_000457-T1
GF00003383	TFCN2502E3341_003972-T1, TFCN2502E3341_012024-T1	DBVPG3775_000456-T1
GF00003384	TFCN2502E3341_003974-T1, TFCN2502E3341_012023-T1	DBVPG3775_000455-T1
GF00003385	TFCN2502E3341_003975-T1, TFCN2502E3341_012022-T1	DBVPG3775_000454-T1
GF00003386	TFCN2502E3341_003976-T1, TFCN2502E3341_012021-T1	DBVPG3775_000453-T1
GF00003387	TFCN2502E3341_003980-T1, TFCN2502E3341_012017-T1	DBVPG3775_000450-T1
GF00003388	TFCN2502E3341_003982-T1, TFCN2502E3341_012015-T1	DBVPG3775_000448-T1
GF00003389	TFCN2502E3341_003983-T1, TFCN2502E3341_012014-T1	DBVPG3775_000447-T1
GF00003390	TFCN2502E3341_003984-T1, TFCN2502E3341_012013-T1	DBVPG3775_000446-T1
GF00003391	TFCN2502E3341_003985-T1, TFCN2502E3341_012012-T1	DBVPG3775_000445-T1
GF00003392	TFCN2502E3341_003987-T1, TFCN2502E3341_012010-T1	DBVPG3775_000443-T1
GF00003393	TFCN2502E3341_003988-T1, TFCN2502E3341_012009-T1	DBVPG3775_000442-T1
GF00003394	TFCN2502E3341_013356-T1, TFCN2502E3341_010633-T1	DBVPG3775_000702-T1
GF00003395	TFCN2502E3341_003992-T1, TFCN2502E3341_012005-T1	DBVPG3775_000438-T1
GF00003396	TFCN2502E3341_003993-T1, TFCN2502E3341_012004-T1	DBVPG3775_000437-T1
GF00003397	TFCN2502E3341_003995-T1, TFCN2502E3341_011525-T1	DBVPG3775_000435-T1
GF00003398	TFCN2502E3341_003996-T1, TFCN2502E3341_011524-T1	DBVPG3775_000434-T1
GF00003399	TFCN2502E3341_003999-T1, TFCN2502E3341_011520-T1	DBVPG3775_000431-T1
GF00003400	TFCN2502E3341_004000-T1, TFCN2502E3341_011519-T1	DBVPG3775_000430-T1
GF00003401	TFCN2502E3341_004002-T1, TFCN2502E3341_011517-T1	DBVPG3775_000428-T1
GF00003402	TFCN2502E3341_004003-T1, TFCN2502E3341_011516-T1	DBVPG3775_000427-T1
GF00003403	TFCN2502E3341_004004-T1, TFCN2502E3341_011515-T1	DBVPG3775_000426-T1
GF00003404	TFCN2502E3341_004005-T1, TFCN2502E3341_011514-T1	DBVPG3775_000425-T1
GF00003405	TFCN2502E3341_004006-T1, TFCN2502E3341_011513-T1	DBVPG3775_000424-T1
GF00003406	TFCN2502E3341_004008-T1, TFCN2502E3341_011511-T1	DBVPG3775_000422-T1
GF00003407	TFCN2502E3341_004009-T1, TFCN2502E3341_011510-T1	DBVPG3775_000419-T1
GF00003408	TFCN2502E3341_004012-T1, TFCN2502E3341_011507-T1	DBVPG3775_007533-T1
GF00003409	TFCN2502E3341_004013-T1, TFCN2502E3341_011506-T1	DBVPG3775_007534-T1
GF00003410	TFCN2502E3341_004014-T1, TFCN2502E3341_011505-T1	DBVPG3775_007535-T1
GF00003411	TFCN2502E3341_004015-T1, TFCN2502E3341_011504-T1	DBVPG3775_007536-T1
GF00003412	TFCN2502E3341_004018-T1, TFCN2502E3341_014793-T1	DBVPG3775_007538-T1
GF00003413	TFCN2502E3341_004019-T1, TFCN2502E3341_006080-T1	DBVPG3775_000239-T1
GF00003414	TFCN2502E3341_004021-T1, TFCN2502E3341_006082-T1	DBVPG3775_000237-T1
GF00003415	TFCN2502E3341_004022-T1, TFCN2502E3341_006083-T1	DBVPG3775_000236-T1
GF00003416	TFCN2502E3341_004023-T1, TFCN2502E3341_006084-T1	DBVPG3775_000235-T1
GF00003417	TFCN2502E3341_004027-T1, TFCN2502E3341_006087-T1	DBVPG3775_000232-T1
GF00003418	TFCN2502E3341_004028-T1, TFCN2502E3341_006088-T1	DBVPG3775_000231-T1
GF00003419	TFCN2502E3341_004030-T1, TFCN2502E3341_006090-T1	DBVPG3775_000229-T1
GF00003420	TFCN2502E3341_004111-T1, TFCN2502E3341_006696-T1	DBVPG3775_003939-T1
GF00003421	TFCN2502E3341_004112-T1, TFCN2502E3341_006695-T1	DBVPG3775_003938-T1
GF00003422	TFCN2502E3341_004113-T1, TFCN2502E3341_006694-T1	DBVPG3775_003937-T1
GF00003423	TFCN2502E3341_004114-T1, TFCN2502E3341_006693-T1	DBVPG3775_003936-T1
GF00003424	TFCN2502E3341_004116-T1, TFCN2502E3341_014679-T1	DBVPG3775_003934-T1
GF00003425	TFCN2502E3341_004117-T1, TFCN2502E3341_014680-T1	DBVPG3775_003933-T1
GF00003426	TFCN2502E3341_004118-T1, TFCN2502E3341_014681-T1	DBVPG3775_003932-T1
GF00003427	TFCN2502E3341_004120-T1, TFCN2502E3341_014702-T1	DBVPG3775_003930-T1
GF00003428	TFCN2502E3341_004123-T1, TFCN2502E3341_011978-T1	DBVPG3775_003927-T1
GF00003429	TFCN2502E3341_004124-T1, TFCN2502E3341_011979-T1	DBVPG3775_003926-T1
GF00003430	TFCN2502E3341_004125-T1, TFCN2502E3341_011980-T1	DBVPG3775_003925-T1
GF00003431	TFCN2502E3341_004128-T1, TFCN2502E3341_011983-T1	DBVPG3775_003923-T1
GF00003432	TFCN2502E3341_004130-T1, TFCN2502E3341_011985-T1	DBVPG3775_003921-T1
GF00003433	TFCN2502E3341_004131-T1, TFCN2502E3341_011986-T1	DBVPG3775_003920-T1
GF00003434	TFCN2502E3341_004132-T1, TFCN2502E3341_011987-T1	DBVPG3775_003919-T1
GF00003435	TFCN2502E3341_004133-T1, TFCN2502E3341_011988-T1	DBVPG3775_003918-T1
GF00003436	TFCN2502E3341_004135-T1, TFCN2502E3341_011990-T1	DBVPG3775_003916-T1
GF00003437	TFCN2502E3341_004136-T1, TFCN2502E3341_011991-T1	DBVPG3775_003915-T1
GF00003438	TFCN2502E3341_004137-T1, TFCN2502E3341_011992-T1	DBVPG3775_003914-T1
GF00003439	TFCN2502E3341_004138-T1, TFCN2502E3341_011993-T1	DBVPG3775_003913-T1
GF00003440	TFCN2502E3341_004139-T1, TFCN2502E3341_011994-T1	DBVPG3775_003912-T1
GF00003441	TFCN2502E3341_004140-T1, TFCN2502E3341_011995-T1	DBVPG3775_003911-T1
GF00003442	TFCN2502E3341_004143-T1, TFCN2502E3341_011998-T1	DBVPG3775_003908-T1
GF00003443	TFCN2502E3341_004144-T1, TFCN2502E3341_011999-T1	DBVPG3775_003907-T1
GF00003444	TFCN2502E3341_004145-T1, TFCN2502E3341_012000-T1	DBVPG3775_003906-T1
GF00003445	TFCN2502E3341_004146-T1, TFCN2502E3341_012001-T1	DBVPG3775_003905-T1
GF00003446	TFCN2502E3341_004148-T1, TFCN2502E3341_014379-T1	DBVPG3775_003903-T1
GF00003447	TFCN2502E3341_004150-T1, TFCN2502E3341_014377-T1	DBVPG3775_003901-T1
GF00003448	TFCN2502E3341_004152-T1, TFCN2502E3341_014375-T1	DBVPG3775_003899-T1
GF00003449	TFCN2502E3341_004153-T1, TFCN2502E3341_014374-T1	DBVPG3775_003898-T1
GF00003450	TFCN2502E3341_004154-T1, TFCN2502E3341_014373-T1	DBVPG3775_003897-T1
GF00003451	TFCN2502E3341_004155-T1, TFCN2502E3341_014372-T1	DBVPG3775_003896-T1
GF00003452	TFCN2502E3341_004157-T1, TFCN2502E3341_014694-T1	DBVPG3775_003894-T1
GF00003453	TFCN2502E3341_004159-T1, TFCN2502E3341_013694-T1	DBVPG3775_003892-T1
GF00003454	TFCN2502E3341_010195-T1, TFCN2502E3341_011025-T1	DBVPG3775_000576-T1
GF00003455	TFCN2502E3341_004161-T1, TFCN2502E3341_013692-T1	DBVPG3775_003890-T1
GF00003456	TFCN2502E3341_004163-T1, TFCN2502E3341_013690-T1	DBVPG3775_003888-T1
GF00003457	TFCN2502E3341_004164-T1, TFCN2502E3341_013689-T1	DBVPG3775_003887-T1
GF00003458	TFCN2502E3341_004166-T1, TFCN2502E3341_013687-T1	DBVPG3775_003885-T1
GF00003459	TFCN2502E3341_004167-T1, TFCN2502E3341_013686-T1	DBVPG3775_003884-T1
GF00003460	TFCN2502E3341_004169-T1, TFCN2502E3341_013684-T1	DBVPG3775_003882-T1
GF00003461	TFCN2502E3341_004171-T1, TFCN2502E3341_013682-T1	DBVPG3775_003880-T1
GF00003462	TFCN2502E3341_004172-T1, TFCN2502E3341_008657-T1	DBVPG3775_003879-T1
GF00003463	TFCN2502E3341_004175-T1, TFCN2502E3341_008660-T1	DBVPG3775_003876-T1
GF00003464	TFCN2502E3341_004176-T1, TFCN2502E3341_008661-T1	DBVPG3775_003875-T1
GF00003465	TFCN2502E3341_004178-T1, TFCN2502E3341_008662-T1	DBVPG3775_003874-T1
GF00003466	TFCN2502E3341_004179-T1, TFCN2502E3341_008663-T1	DBVPG3775_003873-T1
GF00003467	TFCN2502E3341_004180-T1, TFCN2502E3341_008664-T1	DBVPG3775_003872-T1
GF00003468	TFCN2502E3341_004181-T1, TFCN2502E3341_008666-T1	DBVPG3775_003870-T1
GF00003469	TFCN2502E3341_004182-T1, TFCN2502E3341_008667-T1	DBVPG3775_003869-T1
GF00003470	TFCN2502E3341_004184-T1, TFCN2502E3341_008669-T1	DBVPG3775_003866-T1
GF00003471	TFCN2502E3341_004187-T1, TFCN2502E3341_008671-T1	DBVPG3775_003864-T1
GF00003472	TFCN2502E3341_004191-T1, TFCN2502E3341_008675-T1	DBVPG3775_003860-T1
GF00003473	TFCN2502E3341_004192-T1, TFCN2502E3341_008676-T1	DBVPG3775_003859-T1
GF00003474	TFCN2502E3341_004334-T1, TFCN2502E3341_006453-T1	DBVPG3775_001190-T1
GF00003475	TFCN2502E3341_004336-T1, TFCN2502E3341_006452-T1	DBVPG3775_001188-T1
GF00003476	TFCN2502E3341_004337-T1, TFCN2502E3341_006451-T1	DBVPG3775_001187-T1
GF00003477	TFCN2502E3341_004338-T1, TFCN2502E3341_006450-T1	DBVPG3775_001186-T1
GF00003478	TFCN2502E3341_004339-T1, TFCN2502E3341_006449-T1	DBVPG3775_001185-T1
GF00003479	TFCN2502E3341_004340-T1, TFCN2502E3341_006448-T1	DBVPG3775_001184-T1
GF00003480	TFCN2502E3341_004341-T1, TFCN2502E3341_006447-T1	DBVPG3775_001183-T1
GF00003481	TFCN2502E3341_004342-T1, TFCN2502E3341_006446-T1	DBVPG3775_001182-T1
GF00003482	TFCN2502E3341_004343-T1, TFCN2502E3341_006445-T1	DBVPG3775_001181-T1
GF00003483	TFCN2502E3341_004344-T1, TFCN2502E3341_006444-T1	DBVPG3775_001180-T1
GF00003484	TFCN2502E3341_004345-T1, TFCN2502E3341_006443-T1	DBVPG3775_001179-T1
GF00003485	TFCN2502E3341_004346-T1, TFCN2502E3341_006442-T1	DBVPG3775_001178-T1
GF00003486	TFCN2502E3341_004349-T1, TFCN2502E3341_006439-T1	DBVPG3775_001175-T1
GF00003487	TFCN2502E3341_004350-T1, TFCN2502E3341_006438-T1	DBVPG3775_001174-T1
GF00003488	TFCN2502E3341_004353-T1, TFCN2502E3341_006435-T1	DBVPG3775_001171-T1
GF00003489	TFCN2502E3341_005030-T1, TFCN2502E3341_005283-T1	DBVPG3775_002977-T1
GF00003490	TFCN2502E3341_004354-T1, TFCN2502E3341_006434-T1	DBVPG3775_001170-T1
GF00003491	TFCN2502E3341_004356-T1, TFCN2502E3341_006432-T1	DBVPG3775_001168-T1
GF00003492	TFCN2502E3341_004358-T1, TFCN2502E3341_006430-T1	DBVPG3775_001166-T1
GF00003493	TFCN2502E3341_004360-T1, TFCN2502E3341_006427-T1	DBVPG3775_001164-T1
GF00003494	TFCN2502E3341_004362-T1, TFCN2502E3341_006425-T1	DBVPG3775_001162-T1
GF00003495	TFCN2502E3341_004363-T1, TFCN2502E3341_006424-T1	DBVPG3775_001161-T1
GF00003496	TFCN2502E3341_004364-T1, TFCN2502E3341_006423-T1	DBVPG3775_001160-T1
GF00003497	TFCN2502E3341_004365-T1, TFCN2502E3341_006422-T1	DBVPG3775_001159-T1
GF00003498	TFCN2502E3341_004366-T1, TFCN2502E3341_006421-T1	DBVPG3775_001158-T1
GF00003499	TFCN2502E3341_004367-T1, TFCN2502E3341_006420-T1	DBVPG3775_001157-T1
GF00003500	TFCN2502E3341_004368-T1, TFCN2502E3341_006419-T1	DBVPG3775_001156-T1
GF00003501	TFCN2502E3341_004369-T1, TFCN2502E3341_006418-T1	DBVPG3775_001155-T1
GF00003502	TFCN2502E3341_004370-T1, TFCN2502E3341_006417-T1	DBVPG3775_001154-T1
GF00003503	TFCN2502E3341_004372-T1, TFCN2502E3341_006414-T1	DBVPG3775_001152-T1
GF00003504	TFCN2502E3341_004373-T1, TFCN2502E3341_006413-T1	DBVPG3775_001151-T1
GF00003505	TFCN2502E3341_004374-T1, TFCN2502E3341_006412-T1	DBVPG3775_001149-T1
GF00003506	TFCN2502E3341_004376-T1, TFCN2502E3341_006410-T1	DBVPG3775_001147-T1
GF00003507	TFCN2502E3341_004377-T1, TFCN2502E3341_006409-T1	DBVPG3775_001146-T1
GF00003508	TFCN2502E3341_004378-T1, TFCN2502E3341_006408-T1	DBVPG3775_001145-T1
GF00003509	TFCN2502E3341_004379-T1, TFCN2502E3341_006407-T1	DBVPG3775_001144-T1
GF00003510	TFCN2502E3341_004380-T1, TFCN2502E3341_006406-T1	DBVPG3775_001143-T1
GF00003511	TFCN2502E3341_004381-T1, TFCN2502E3341_006405-T1	DBVPG3775_001142-T1
GF00003512	TFCN2502E3341_004384-T1, TFCN2502E3341_006403-T1	DBVPG3775_001139-T1
GF00003513	TFCN2502E3341_004385-T1, TFCN2502E3341_006402-T1	DBVPG3775_001138-T1
GF00003514	TFCN2502E3341_004386-T1, TFCN2502E3341_006401-T1	DBVPG3775_001137-T1
GF00003515	TFCN2502E3341_004389-T1, TFCN2502E3341_006397-T1	DBVPG3775_001134-T1
GF00003516	TFCN2502E3341_004390-T1, TFCN2502E3341_006396-T1	DBVPG3775_001133-T1
GF00003517	TFCN2502E3341_004391-T1, TFCN2502E3341_006395-T1	DBVPG3775_001132-T1
GF00003518	TFCN2502E3341_004392-T1, TFCN2502E3341_013390-T1	DBVPG3775_001131-T1
GF00003519	TFCN2502E3341_004394-T1, TFCN2502E3341_013388-T1	DBVPG3775_001129-T1
GF00003520	TFCN2502E3341_004398-T1, TFCN2502E3341_013385-T1	DBVPG3775_001125-T1
GF00003521	TFCN2502E3341_004399-T1, TFCN2502E3341_013384-T1	DBVPG3775_001124-T1
GF00003522	TFCN2502E3341_004402-T1, TFCN2502E3341_013381-T1	DBVPG3775_001121-T1
GF00003523	TFCN2502E3341_004403-T1, TFCN2502E3341_013380-T1	DBVPG3775_001120-T1
GF00003524	TFCN2502E3341_004405-T1, TFCN2502E3341_013378-T1	DBVPG3775_001118-T1
GF00003525	TFCN2502E3341_004410-T1, TFCN2502E3341_014563-T1	DBVPG3775_007167-T1
GF00003526	TFCN2502E3341_004414-T1, TFCN2502E3341_014559-T1	DBVPG3775_007171-T1
GF00003527	TFCN2502E3341_004415-T1, TFCN2502E3341_012683-T1	DBVPG3775_007172-T1
GF00003528	TFCN2502E3341_004416-T1, TFCN2502E3341_012684-T1	DBVPG3775_007173-T1
GF00003529	TFCN2502E3341_007713-T1, TFCN2502E3341_006990-T1	DBVPG3775_005866-T1
GF00003530	TFCN2502E3341_004419-T1, TFCN2502E3341_012687-T1	DBVPG3775_007176-T1
GF00003531	TFCN2502E3341_004420-T1, TFCN2502E3341_012688-T1	DBVPG3775_007178-T1
GF00003532	TFCN2502E3341_004423-T1, TFCN2502E3341_012690-T1	DBVPG3775_007181-T1
GF00003533	TFCN2502E3341_004424-T1, TFCN2502E3341_012691-T1	DBVPG3775_007182-T1
GF00003534	TFCN2502E3341_004425-T1, TFCN2502E3341_012692-T1	DBVPG3775_007183-T1
GF00003535	TFCN2502E3341_004426-T1, TFCN2502E3341_010812-T1	DBVPG3775_007184-T1
GF00003536	TFCN2502E3341_004427-T1, TFCN2502E3341_010813-T1	DBVPG3775_007185-T1
GF00003537	TFCN2502E3341_004428-T1, TFCN2502E3341_010814-T1	DBVPG3775_007186-T1
GF00003538	TFCN2502E3341_004429-T1, TFCN2502E3341_010815-T1	DBVPG3775_007187-T1
GF00003539	TFCN2502E3341_004432-T1, TFCN2502E3341_010818-T1	DBVPG3775_007190-T1
GF00003540	TFCN2502E3341_004433-T1, TFCN2502E3341_010819-T1	DBVPG3775_007191-T1
GF00003541	TFCN2502E3341_004434-T1, TFCN2502E3341_010820-T1	DBVPG3775_007193-T1
GF00003542	TFCN2502E3341_004435-T1, TFCN2502E3341_010821-T1	DBVPG3775_007194-T1
GF00003543	TFCN2502E3341_004438-T1, TFCN2502E3341_010823-T1	DBVPG3775_007196-T1
GF00003544	TFCN2502E3341_004439-T1, TFCN2502E3341_010824-T1	DBVPG3775_007197-T1
GF00003545	TFCN2502E3341_004440-T1, TFCN2502E3341_010825-T1	DBVPG3775_007198-T1
GF00003546	TFCN2502E3341_004441-T1, TFCN2502E3341_010826-T1	DBVPG3775_006148-T1
GF00003547	TFCN2502E3341_004442-T1, TFCN2502E3341_010827-T1	DBVPG3775_006149-T1
GF00003548	TFCN2502E3341_004443-T1, TFCN2502E3341_010828-T1	DBVPG3775_006150-T1
GF00003549	TFCN2502E3341_004444-T1, TFCN2502E3341_010829-T1	DBVPG3775_006151-T1
GF00003550	TFCN2502E3341_004445-T1, TFCN2502E3341_010830-T1	DBVPG3775_006152-T1
GF00003551	TFCN2502E3341_004446-T1, TFCN2502E3341_010831-T1	DBVPG3775_006153-T1
GF00003552	TFCN2502E3341_004447-T1, TFCN2502E3341_010832-T1	DBVPG3775_006154-T1
GF00003553	TFCN2502E3341_004448-T1, TFCN2502E3341_010833-T1	DBVPG3775_006155-T1
GF00003554	TFCN2502E3341_004449-T1, TFCN2502E3341_010834-T1	DBVPG3775_006156-T1
GF00003555	TFCN2502E3341_004450-T1, TFCN2502E3341_010835-T1	DBVPG3775_006157-T1
GF00003556	TFCN2502E3341_004451-T1, TFCN2502E3341_010836-T1	DBVPG3775_006158-T1
GF00003557	TFCN2502E3341_004452-T1, TFCN2502E3341_010837-T1	DBVPG3775_006159-T1
GF00003558	TFCN2502E3341_004453-T1, TFCN2502E3341_010838-T1	DBVPG3775_006160-T1
GF00003559	TFCN2502E3341_004456-T1, TFCN2502E3341_013636-T1	DBVPG3775_006163-T1
GF00003560	TFCN2502E3341_004457-T1, TFCN2502E3341_013637-T1	DBVPG3775_006164-T1
GF00003561	TFCN2502E3341_004458-T1, TFCN2502E3341_013638-T1	DBVPG3775_006165-T1
GF00003562	TFCN2502E3341_004459-T1, TFCN2502E3341_013639-T1	DBVPG3775_006166-T1
GF00003563	TFCN2502E3341_004460-T1, TFCN2502E3341_013640-T1	DBVPG3775_006167-T1
GF00003564	TFCN2502E3341_004461-T1, TFCN2502E3341_013641-T1	DBVPG3775_006168-T1
GF00003565	TFCN2502E3341_004462-T1, TFCN2502E3341_013642-T1	DBVPG3775_006169-T1
GF00003566	TFCN2502E3341_004464-T1, TFCN2502E3341_013644-T1	DBVPG3775_006171-T1
GF00003567	TFCN2502E3341_004465-T1, TFCN2502E3341_013645-T1	DBVPG3775_006172-T1
GF00003568	TFCN2502E3341_004466-T1, TFCN2502E3341_013646-T1	DBVPG3775_006173-T1
GF00003569	TFCN2502E3341_004468-T1, TFCN2502E3341_013648-T1	DBVPG3775_006175-T1
GF00003570	TFCN2502E3341_004472-T1, TFCN2502E3341_013652-T1	DBVPG3775_006179-T1
GF00003571	TFCN2502E3341_004473-T1, TFCN2502E3341_013653-T1	DBVPG3775_006180-T1
GF00003572	TFCN2502E3341_004476-T1, TFCN2502E3341_005774-T1	DBVPG3775_006183-T1
GF00003573	TFCN2502E3341_004477-T1, TFCN2502E3341_005773-T1	DBVPG3775_006184-T1
GF00003574	TFCN2502E3341_004478-T1, TFCN2502E3341_005772-T1	DBVPG3775_006185-T1
GF00003575	TFCN2502E3341_004479-T1, TFCN2502E3341_005771-T1	DBVPG3775_006186-T1
GF00003576	TFCN2502E3341_004480-T1, TFCN2502E3341_005770-T1	DBVPG3775_006187-T1
GF00003577	TFCN2502E3341_004481-T1, TFCN2502E3341_005769-T1	DBVPG3775_006188-T1
GF00003578	TFCN2502E3341_004483-T1, TFCN2502E3341_006485-T1	DBVPG3775_006190-T1
GF00003579	TFCN2502E3341_004484-T1, TFCN2502E3341_006486-T1	DBVPG3775_006191-T1
GF00003580	TFCN2502E3341_004485-T1, TFCN2502E3341_006487-T1	DBVPG3775_006192-T1
GF00003581	TFCN2502E3341_004486-T1, TFCN2502E3341_006488-T1	DBVPG3775_006193-T1
GF00003582	TFCN2502E3341_004487-T1, TFCN2502E3341_006489-T1	DBVPG3775_006194-T1
GF00003583	TFCN2502E3341_004488-T1, TFCN2502E3341_006490-T1	DBVPG3775_006195-T1
GF00003584	TFCN2502E3341_004489-T1, TFCN2502E3341_006491-T1	DBVPG3775_006196-T1
GF00003585	TFCN2502E3341_004490-T1, TFCN2502E3341_006492-T1	DBVPG3775_006197-T1
GF00003586	TFCN2502E3341_004491-T1, TFCN2502E3341_006493-T1	DBVPG3775_006198-T1
GF00003587	TFCN2502E3341_004492-T1, TFCN2502E3341_006494-T1	DBVPG3775_006199-T1
GF00003588	TFCN2502E3341_004494-T1, TFCN2502E3341_006495-T1	DBVPG3775_006202-T1
GF00003589	TFCN2502E3341_004495-T1, TFCN2502E3341_006496-T1	DBVPG3775_006203-T1
GF00003590	TFCN2502E3341_004497-T1, TFCN2502E3341_006497-T1	DBVPG3775_006205-T1
GF00003591	TFCN2502E3341_004660-T1, TFCN2502E3341_010504-T1	DBVPG3775_003262-T1
GF00003592	TFCN2502E3341_004662-T1, TFCN2502E3341_010503-T1	DBVPG3775_003264-T1
GF00003593	TFCN2502E3341_004663-T1, TFCN2502E3341_010502-T1	DBVPG3775_003265-T1
GF00003594	TFCN2502E3341_004664-T1, TFCN2502E3341_010501-T1	DBVPG3775_003266-T1
GF00003595	TFCN2502E3341_004669-T1, TFCN2502E3341_010498-T1	DBVPG3775_003270-T1
GF00003596	TFCN2502E3341_004670-T1, TFCN2502E3341_010494-T1	DBVPG3775_003271-T1
GF00003597	TFCN2502E3341_004677-T1, TFCN2502E3341_010489-T1	DBVPG3775_003279-T1
GF00003598	TFCN2502E3341_004679-T1, TFCN2502E3341_010487-T1	DBVPG3775_003281-T1
GF00003599	TFCN2502E3341_004681-T1, TFCN2502E3341_010485-T1	DBVPG3775_003283-T1
GF00003600	TFCN2502E3341_004682-T1, TFCN2502E3341_010484-T1	DBVPG3775_003284-T1
GF00003601	TFCN2502E3341_004684-T1, TFCN2502E3341_010481-T1	DBVPG3775_003285-T1
GF00003602	TFCN2502E3341_004687-T1, TFCN2502E3341_014775-T1	DBVPG3775_003288-T1
GF00003603	TFCN2502E3341_004689-T1, TFCN2502E3341_013082-T1	DBVPG3775_003290-T1
GF00003604	TFCN2502E3341_004690-T1, TFCN2502E3341_013083-T1	DBVPG3775_003291-T1
GF00003605	TFCN2502E3341_004691-T1, TFCN2502E3341_013084-T1	DBVPG3775_003292-T1
GF00003606	TFCN2502E3341_004692-T1, TFCN2502E3341_013085-T1	DBVPG3775_003293-T1
GF00003607	TFCN2502E3341_004694-T1, TFCN2502E3341_013088-T1	DBVPG3775_003295-T1
GF00003608	TFCN2502E3341_004697-T1, TFCN2502E3341_013092-T1	DBVPG3775_003298-T1
GF00003609	TFCN2502E3341_004700-T1, TFCN2502E3341_013094-T1	DBVPG3775_003300-T1
GF00003610	TFCN2502E3341_004701-T1, TFCN2502E3341_013095-T1	DBVPG3775_003301-T1
GF00003611	TFCN2502E3341_004703-T1, TFCN2502E3341_013097-T1	DBVPG3775_003303-T1
GF00003612	TFCN2502E3341_004704-T1, TFCN2502E3341_013098-T1	DBVPG3775_003304-T1
GF00003613	TFCN2502E3341_004707-T1, TFCN2502E3341_006215-T1	DBVPG3775_003307-T1
GF00003614	TFCN2502E3341_004708-T1, TFCN2502E3341_006216-T1	DBVPG3775_003308-T1
GF00003615	TFCN2502E3341_004710-T1, TFCN2502E3341_006218-T1	DBVPG3775_003310-T1
GF00003616	TFCN2502E3341_004711-T1, TFCN2502E3341_006219-T1	DBVPG3775_003311-T1
GF00003617	TFCN2502E3341_004716-T1, TFCN2502E3341_006223-T1	DBVPG3775_003316-T1
GF00003618	TFCN2502E3341_004717-T1, TFCN2502E3341_006224-T1	DBVPG3775_003317-T1
GF00003619	TFCN2502E3341_004718-T1, TFCN2502E3341_006225-T1	DBVPG3775_003318-T1
GF00003620	TFCN2502E3341_004719-T1, TFCN2502E3341_006226-T1	DBVPG3775_003319-T1
GF00003621	TFCN2502E3341_004720-T1, TFCN2502E3341_006227-T1	DBVPG3775_003320-T1
GF00003622	TFCN2502E3341_004723-T1, TFCN2502E3341_006230-T1	DBVPG3775_003323-T1
GF00003623	TFCN2502E3341_004730-T1, TFCN2502E3341_006625-T1	DBVPG3775_006727-T1
GF00003624	TFCN2502E3341_004731-T1, TFCN2502E3341_006626-T1	DBVPG3775_006728-T1
GF00003625	TFCN2502E3341_004732-T1, TFCN2502E3341_006627-T1	DBVPG3775_006729-T1
GF00003626	TFCN2502E3341_004733-T1, TFCN2502E3341_006628-T1	DBVPG3775_006730-T1
GF00003627	TFCN2502E3341_004734-T1, TFCN2502E3341_006629-T1	DBVPG3775_006731-T1
GF00003628	TFCN2502E3341_004735-T1, TFCN2502E3341_006630-T1	DBVPG3775_006732-T1
GF00003629	TFCN2502E3341_004736-T1, TFCN2502E3341_006631-T1	DBVPG3775_006733-T1
GF00003630	TFCN2502E3341_004737-T1, TFCN2502E3341_006632-T1	DBVPG3775_006734-T1
GF00003631	TFCN2502E3341_004742-T1, TFCN2502E3341_006636-T1	DBVPG3775_006740-T1
GF00003632	TFCN2502E3341_004743-T1, TFCN2502E3341_006637-T1	DBVPG3775_006741-T1
GF00003633	TFCN2502E3341_004744-T1, TFCN2502E3341_006638-T1	DBVPG3775_006742-T1
GF00003634	TFCN2502E3341_004745-T1, TFCN2502E3341_006639-T1	DBVPG3775_001889-T1
GF00003635	TFCN2502E3341_004746-T1, TFCN2502E3341_006640-T1	DBVPG3775_001890-T1
GF00003636	TFCN2502E3341_004748-T1, TFCN2502E3341_006642-T1	DBVPG3775_001892-T1
GF00003637	TFCN2502E3341_004813-T1, TFCN2502E3341_009515-T1	DBVPG3775_002950-T1
GF00003638	TFCN2502E3341_004814-T1, TFCN2502E3341_009516-T1	DBVPG3775_002949-T1
GF00003639	TFCN2502E3341_004818-T1, TFCN2502E3341_009520-T1	DBVPG3775_002945-T1
GF00003640	TFCN2502E3341_004823-T1, TFCN2502E3341_009525-T1	DBVPG3775_002940-T1
GF00003641	TFCN2502E3341_004824-T1, TFCN2502E3341_009526-T1	DBVPG3775_002939-T1
GF00003642	TFCN2502E3341_004825-T1, TFCN2502E3341_009527-T1	DBVPG3775_002938-T1
GF00003643	TFCN2502E3341_004830-T1, TFCN2502E3341_009532-T1	DBVPG3775_002933-T1
GF00003644	TFCN2502E3341_004832-T1, TFCN2502E3341_009533-T1	DBVPG3775_002931-T1
GF00003645	TFCN2502E3341_004834-T1, TFCN2502E3341_009535-T1	DBVPG3775_002929-T1
GF00003646	TFCN2502E3341_004835-T1, TFCN2502E3341_014506-T1	DBVPG3775_002928-T1
GF00003647	TFCN2502E3341_004836-T1, TFCN2502E3341_014505-T1	DBVPG3775_002927-T1
GF00003648	TFCN2502E3341_004837-T1, TFCN2502E3341_014504-T1	DBVPG3775_002926-T1
GF00003649	TFCN2502E3341_004839-T1, TFCN2502E3341_014502-T1	DBVPG3775_002924-T1
GF00003650	TFCN2502E3341_004842-T1, TFCN2502E3341_014361-T1	DBVPG3775_002921-T1
GF00003651	TFCN2502E3341_004843-T1, TFCN2502E3341_014362-T1	DBVPG3775_002920-T1
GF00003652	TFCN2502E3341_004845-T1, TFCN2502E3341_014364-T1	DBVPG3775_002918-T1
GF00003653	TFCN2502E3341_004848-T1, TFCN2502E3341_012607-T1	DBVPG3775_002915-T1
GF00003654	TFCN2502E3341_004849-T1, TFCN2502E3341_012606-T1	DBVPG3775_002914-T1
GF00003655	TFCN2502E3341_004850-T1, TFCN2502E3341_012605-T1	DBVPG3775_002913-T1
GF00003656	TFCN2502E3341_004853-T1, TFCN2502E3341_012603-T1	DBVPG3775_002911-T1
GF00003657	TFCN2502E3341_004854-T1, TFCN2502E3341_012602-T1	DBVPG3775_002910-T1
GF00003658	TFCN2502E3341_004858-T1, TFCN2502E3341_012594-T1	DBVPG3775_002906-T1
GF00003659	TFCN2502E3341_004862-T1, TFCN2502E3341_012591-T1	DBVPG3775_002902-T1
GF00003660	TFCN2502E3341_004865-T1, TFCN2502E3341_012589-T1	DBVPG3775_002899-T1
GF00003661	TFCN2502E3341_004867-T1, TFCN2502E3341_012587-T1	DBVPG3775_002897-T1
GF00003662	TFCN2502E3341_004868-T1, TFCN2502E3341_012586-T1	DBVPG3775_002896-T1
GF00003663	TFCN2502E3341_004869-T1, TFCN2502E3341_011930-T1	DBVPG3775_002895-T1
GF00003664	TFCN2502E3341_004870-T1, TFCN2502E3341_011931-T1	DBVPG3775_002894-T1
GF00003665	TFCN2502E3341_004871-T1, TFCN2502E3341_011932-T1	DBVPG3775_002893-T1
GF00003666	TFCN2502E3341_008994-T1, TFCN2502E3341_014343-T1	DBVPG3775_004699-T1
GF00003667	TFCN2502E3341_004875-T1, TFCN2502E3341_011938-T1	DBVPG3775_002888-T1
GF00003668	TFCN2502E3341_004876-T1, TFCN2502E3341_011939-T1	DBVPG3775_002887-T1
GF00003669	TFCN2502E3341_004877-T1, TFCN2502E3341_011940-T1	DBVPG3775_002886-T1
GF00003670	TFCN2502E3341_004878-T1, TFCN2502E3341_011941-T1	DBVPG3775_002885-T1
GF00003671	TFCN2502E3341_004879-T1, TFCN2502E3341_011942-T1	DBVPG3775_002884-T1
GF00003672	TFCN2502E3341_004880-T1, TFCN2502E3341_011943-T1	DBVPG3775_002883-T1
GF00003673	TFCN2502E3341_004881-T1, TFCN2502E3341_011944-T1	DBVPG3775_002882-T1
GF00003674	TFCN2502E3341_004882-T1, TFCN2502E3341_006209-T1	DBVPG3775_007553-T1
GF00003675	TFCN2502E3341_004887-T1, TFCN2502E3341_006204-T1	DBVPG3775_007521-T1
GF00003676	TFCN2502E3341_004891-T1, TFCN2502E3341_006200-T1	DBVPG3775_007490-T1
GF00003677	TFCN2502E3341_004893-T1, TFCN2502E3341_006198-T1	DBVPG3775_007488-T1
GF00003678	TFCN2502E3341_004894-T1, TFCN2502E3341_006197-T1	DBVPG3775_007487-T1
GF00003679	TFCN2502E3341_004895-T1, TFCN2502E3341_006196-T1	DBVPG3775_007486-T1
GF00003680	TFCN2502E3341_004896-T1, TFCN2502E3341_006195-T1	DBVPG3775_007485-T1
GF00003681	TFCN2502E3341_004897-T1, TFCN2502E3341_006194-T1	DBVPG3775_007484-T1
GF00003682	TFCN2502E3341_004899-T1, TFCN2502E3341_006192-T1	DBVPG3775_007482-T1
GF00003683	TFCN2502E3341_004902-T1, TFCN2502E3341_006191-T1	DBVPG3775_007480-T1
GF00003684	TFCN2502E3341_004903-T1, TFCN2502E3341_006190-T1	DBVPG3775_007479-T1
GF00003685	TFCN2502E3341_004904-T1, TFCN2502E3341_006189-T1	DBVPG3775_006595-T1
GF00003686	TFCN2502E3341_004905-T1, TFCN2502E3341_006188-T1	DBVPG3775_006596-T1
GF00003687	TFCN2502E3341_004906-T1, TFCN2502E3341_006187-T1	DBVPG3775_006597-T1
GF00003688	TFCN2502E3341_004907-T1, TFCN2502E3341_006186-T1	DBVPG3775_006598-T1
GF00003689	TFCN2502E3341_004908-T1, TFCN2502E3341_007330-T1	DBVPG3775_006599-T1
GF00003690	TFCN2502E3341_004910-T1, TFCN2502E3341_007332-T1	DBVPG3775_006602-T1
GF00003691	TFCN2502E3341_004911-T1, TFCN2502E3341_007333-T1	DBVPG3775_006603-T1
GF00003692	TFCN2502E3341_004914-T1, TFCN2502E3341_007335-T1	DBVPG3775_006606-T1
GF00003693	TFCN2502E3341_004915-T1, TFCN2502E3341_007336-T1	DBVPG3775_006607-T1
GF00003694	TFCN2502E3341_004916-T1, TFCN2502E3341_007337-T1	DBVPG3775_006608-T1
GF00003695	TFCN2502E3341_004917-T1, TFCN2502E3341_007338-T1	DBVPG3775_006609-T1
GF00003696	TFCN2502E3341_004920-T1, TFCN2502E3341_007340-T1	DBVPG3775_006612-T1
GF00003697	TFCN2502E3341_004921-T1, TFCN2502E3341_007341-T1	DBVPG3775_006613-T1
GF00003698	TFCN2502E3341_004922-T1, TFCN2502E3341_007342-T1	DBVPG3775_006614-T1
GF00003699	TFCN2502E3341_004923-T1, TFCN2502E3341_007343-T1	DBVPG3775_006615-T1
GF00003700	TFCN2502E3341_004924-T1, TFCN2502E3341_007344-T1	DBVPG3775_006616-T1
GF00003701	TFCN2502E3341_004928-T1, TFCN2502E3341_007348-T1	DBVPG3775_006620-T1
GF00003702	TFCN2502E3341_004929-T1, TFCN2502E3341_007349-T1	DBVPG3775_006621-T1
GF00003703	TFCN2502E3341_004930-T1, TFCN2502E3341_007350-T1	DBVPG3775_006622-T1
GF00003704	TFCN2502E3341_004931-T1, TFCN2502E3341_007351-T1	DBVPG3775_006623-T1
GF00003705	TFCN2502E3341_004934-T1, TFCN2502E3341_006745-T1	DBVPG3775_006627-T1
GF00003706	TFCN2502E3341_004935-T1, TFCN2502E3341_006744-T1	DBVPG3775_006628-T1
GF00003707	TFCN2502E3341_004936-T1, TFCN2502E3341_006743-T1	DBVPG3775_006629-T1
GF00003708	TFCN2502E3341_004937-T1, TFCN2502E3341_006742-T1	DBVPG3775_006630-T1
GF00003709	TFCN2502E3341_004938-T1, TFCN2502E3341_006741-T1	DBVPG3775_006631-T1
GF00003710	TFCN2502E3341_004939-T1, TFCN2502E3341_006740-T1	DBVPG3775_006632-T1
GF00003711	TFCN2502E3341_004940-T1, TFCN2502E3341_006739-T1	DBVPG3775_006633-T1
GF00003712	TFCN2502E3341_004941-T1, TFCN2502E3341_006738-T1	DBVPG3775_006634-T1
GF00003713	TFCN2502E3341_004942-T1, TFCN2502E3341_006737-T1	DBVPG3775_006635-T1
GF00003714	TFCN2502E3341_004943-T1, TFCN2502E3341_006736-T1	DBVPG3775_006636-T1
GF00003715	TFCN2502E3341_004944-T1, TFCN2502E3341_006735-T1	DBVPG3775_006637-T1
GF00003716	TFCN2502E3341_004945-T1, TFCN2502E3341_006734-T1	DBVPG3775_006638-T1
GF00003717	TFCN2502E3341_004946-T1, TFCN2502E3341_006733-T1	DBVPG3775_006639-T1
GF00003718	TFCN2502E3341_004947-T1, TFCN2502E3341_006732-T1	DBVPG3775_006640-T1
GF00003719	TFCN2502E3341_004948-T1, TFCN2502E3341_006731-T1	DBVPG3775_006641-T1
GF00003720	TFCN2502E3341_004952-T1, TFCN2502E3341_014438-T1	DBVPG3775_001750-T1
GF00003721	TFCN2502E3341_004953-T1, TFCN2502E3341_014439-T1	DBVPG3775_001749-T1
GF00003722	TFCN2502E3341_004956-T1, TFCN2502E3341_014442-T1	DBVPG3775_001746-T1
GF00003723	TFCN2502E3341_004957-T1, TFCN2502E3341_014443-T1	DBVPG3775_001745-T1
GF00003724	TFCN2502E3341_013655-T1, TFCN2502E3341_004959-T1	DBVPG3775_001743-T1
GF00003725	TFCN2502E3341_004960-T1, TFCN2502E3341_013656-T1	DBVPG3775_001742-T1
GF00003726	TFCN2502E3341_004962-T1, TFCN2502E3341_013659-T1	DBVPG3775_001739-T1
GF00003727	TFCN2502E3341_004963-T1, TFCN2502E3341_013660-T1	DBVPG3775_001738-T1
GF00003728	TFCN2502E3341_004964-T1, TFCN2502E3341_013661-T1	DBVPG3775_001737-T1
GF00003729	TFCN2502E3341_004965-T1, TFCN2502E3341_013662-T1	DBVPG3775_001736-T1
GF00003730	TFCN2502E3341_004966-T1, TFCN2502E3341_013663-T1	DBVPG3775_001735-T1
GF00003731	TFCN2502E3341_004968-T1, TFCN2502E3341_013665-T1	DBVPG3775_001733-T1
GF00003732	TFCN2502E3341_004969-T1, TFCN2502E3341_013666-T1	DBVPG3775_001732-T1
GF00003733	TFCN2502E3341_004971-T1, TFCN2502E3341_013668-T1	DBVPG3775_001730-T1
GF00003734	TFCN2502E3341_005020-T1, TFCN2502E3341_005293-T1	DBVPG3775_002967-T1
GF00003735	TFCN2502E3341_005021-T1, TFCN2502E3341_005291-T1	DBVPG3775_002969-T1
GF00003736	TFCN2502E3341_005022-T1, TFCN2502E3341_005290-T1	DBVPG3775_002970-T1
GF00003737	TFCN2502E3341_005023-T1, TFCN2502E3341_005289-T1	DBVPG3775_002971-T1
GF00003738	TFCN2502E3341_005024-T1, TFCN2502E3341_005288-T1	DBVPG3775_002972-T1
GF00003739	TFCN2502E3341_005025-T1, TFCN2502E3341_005287-T1	DBVPG3775_002973-T1
GF00003740	TFCN2502E3341_005026-T1, TFCN2502E3341_005286-T1	DBVPG3775_002974-T1
GF00003741	TFCN2502E3341_005029-T1, TFCN2502E3341_005284-T1	DBVPG3775_002976-T1
GF00003742	TFCN2502E3341_005032-T1, TFCN2502E3341_005281-T1	DBVPG3775_002979-T1
GF00003743	TFCN2502E3341_005033-T1, TFCN2502E3341_005280-T1	DBVPG3775_002980-T1
GF00003744	TFCN2502E3341_005034-T1, TFCN2502E3341_005279-T1	DBVPG3775_002981-T1
GF00003745	TFCN2502E3341_005035-T1, TFCN2502E3341_005278-T1	DBVPG3775_002982-T1
GF00003746	TFCN2502E3341_005036-T1, TFCN2502E3341_005277-T1	DBVPG3775_002983-T1
GF00003747	TFCN2502E3341_005037-T1, TFCN2502E3341_005276-T1	DBVPG3775_002984-T1
GF00003748	TFCN2502E3341_005041-T1, TFCN2502E3341_005270-T1	DBVPG3775_002989-T1
GF00003749	TFCN2502E3341_005042-T1, TFCN2502E3341_005269-T1	DBVPG3775_002990-T1
GF00003750	TFCN2502E3341_005045-T1, TFCN2502E3341_005264-T1	DBVPG3775_002993-T1
GF00003751	TFCN2502E3341_005048-T1, TFCN2502E3341_005261-T1	DBVPG3775_002996-T1
GF00003752	TFCN2502E3341_010519-T1, TFCN2502E3341_009371-T1	DBVPG3775_006562-T1
GF00003753	TFCN2502E3341_005050-T1, TFCN2502E3341_005258-T1	DBVPG3775_002999-T1
GF00003754	TFCN2502E3341_005053-T1, TFCN2502E3341_005256-T1	DBVPG3775_003001-T1
GF00003755	TFCN2502E3341_005055-T1, TFCN2502E3341_005253-T1	DBVPG3775_003004-T1
GF00003756	TFCN2502E3341_005058-T1, TFCN2502E3341_005251-T1	DBVPG3775_003006-T1
GF00003757	TFCN2502E3341_005061-T1, TFCN2502E3341_005248-T1	DBVPG3775_003009-T1
GF00003758	TFCN2502E3341_005062-T1, TFCN2502E3341_005247-T1	DBVPG3775_003010-T1
GF00003759	TFCN2502E3341_005063-T1, TFCN2502E3341_005246-T1	DBVPG3775_003012-T1
GF00003760	TFCN2502E3341_005064-T1, TFCN2502E3341_005245-T1	DBVPG3775_003013-T1
GF00003761	TFCN2502E3341_005065-T1, TFCN2502E3341_005244-T1	DBVPG3775_003014-T1
GF00003762	TFCN2502E3341_005067-T1, TFCN2502E3341_005242-T1	DBVPG3775_003016-T1
GF00003763	TFCN2502E3341_005068-T1, TFCN2502E3341_005241-T1	DBVPG3775_003017-T1
GF00003764	TFCN2502E3341_005072-T1, TFCN2502E3341_005237-T1	DBVPG3775_003021-T1
GF00003765	TFCN2502E3341_005073-T1, TFCN2502E3341_005236-T1	DBVPG3775_003022-T1
GF00003766	TFCN2502E3341_005076-T1, TFCN2502E3341_005233-T1	DBVPG3775_003025-T1
GF00003767	TFCN2502E3341_005077-T1, TFCN2502E3341_005232-T1	DBVPG3775_003026-T1
GF00003768	TFCN2502E3341_005079-T1, TFCN2502E3341_005230-T1	DBVPG3775_003028-T1
GF00003769	TFCN2502E3341_005080-T1, TFCN2502E3341_005229-T1	DBVPG3775_003029-T1
GF00003770	TFCN2502E3341_005081-T1, TFCN2502E3341_005228-T1	DBVPG3775_003030-T1
GF00003771	TFCN2502E3341_005082-T1, TFCN2502E3341_005227-T1	DBVPG3775_003031-T1
GF00003772	TFCN2502E3341_005087-T1, TFCN2502E3341_008026-T1	DBVPG3775_000415-T1
GF00003773	TFCN2502E3341_005089-T1, TFCN2502E3341_008024-T1	DBVPG3775_000413-T1
GF00003774	TFCN2502E3341_005090-T1, TFCN2502E3341_008023-T1	DBVPG3775_000412-T1
GF00003775	TFCN2502E3341_005092-T1, TFCN2502E3341_008021-T1	DBVPG3775_000410-T1
GF00003776	TFCN2502E3341_005093-T1, TFCN2502E3341_008020-T1	DBVPG3775_000409-T1
GF00003777	TFCN2502E3341_005094-T1, TFCN2502E3341_008019-T1	DBVPG3775_000408-T1
GF00003778	TFCN2502E3341_005095-T1, TFCN2502E3341_008017-T1	DBVPG3775_000407-T1
GF00003779	TFCN2502E3341_005097-T1, TFCN2502E3341_008015-T1	DBVPG3775_000405-T1
GF00003780	TFCN2502E3341_005098-T1, TFCN2502E3341_008014-T1	DBVPG3775_000404-T1
GF00003781	TFCN2502E3341_005099-T1, TFCN2502E3341_008013-T1	DBVPG3775_000403-T1
GF00003782	TFCN2502E3341_005100-T1, TFCN2502E3341_008012-T1	DBVPG3775_000402-T1
GF00003783	TFCN2502E3341_005101-T1, TFCN2502E3341_008011-T1	DBVPG3775_000401-T1
GF00003784	TFCN2502E3341_005106-T1, TFCN2502E3341_008008-T1	DBVPG3775_000396-T1
GF00003785	TFCN2502E3341_005108-T1, TFCN2502E3341_013225-T1	DBVPG3775_000394-T1
GF00003786	TFCN2502E3341_005109-T1, TFCN2502E3341_013224-T1	DBVPG3775_000393-T1
GF00003787	TFCN2502E3341_005110-T1, TFCN2502E3341_013223-T1	DBVPG3775_000392-T1
GF00003788	TFCN2502E3341_005111-T1, TFCN2502E3341_013222-T1	DBVPG3775_000391-T1
GF00003789	TFCN2502E3341_005112-T1, TFCN2502E3341_013221-T1	DBVPG3775_000390-T1
GF00003790	TFCN2502E3341_005113-T1, TFCN2502E3341_013220-T1	DBVPG3775_000389-T1
GF00003791	TFCN2502E3341_005116-T1, TFCN2502E3341_013218-T1	DBVPG3775_000386-T1
GF00003792	TFCN2502E3341_005117-T1, TFCN2502E3341_013217-T1	DBVPG3775_000385-T1
GF00003793	TFCN2502E3341_005119-T1, TFCN2502E3341_013215-T1	DBVPG3775_000383-T1
GF00003794	TFCN2502E3341_005120-T1, TFCN2502E3341_013214-T1	DBVPG3775_000382-T1
GF00003795	TFCN2502E3341_005121-T1, TFCN2502E3341_013213-T1	DBVPG3775_000381-T1
GF00003796	TFCN2502E3341_005129-T1, TFCN2502E3341_007987-T1	DBVPG3775_000373-T1
GF00003797	TFCN2502E3341_005130-T1, TFCN2502E3341_007988-T1	DBVPG3775_000372-T1
GF00003798	TFCN2502E3341_005136-T1, TFCN2502E3341_007990-T1	DBVPG3775_000367-T1
GF00003799	TFCN2502E3341_005137-T1, TFCN2502E3341_007991-T1	DBVPG3775_000366-T1
GF00003800	TFCN2502E3341_005138-T1, TFCN2502E3341_007992-T1	DBVPG3775_000365-T1
GF00003801	TFCN2502E3341_005139-T1, TFCN2502E3341_007993-T1	DBVPG3775_000364-T1
GF00003802	TFCN2502E3341_005140-T1, TFCN2502E3341_007994-T1	DBVPG3775_000363-T1
GF00003803	TFCN2502E3341_005141-T1, TFCN2502E3341_007995-T1	DBVPG3775_000362-T1
GF00003804	TFCN2502E3341_005144-T1, TFCN2502E3341_007999-T1	DBVPG3775_000359-T1
GF00003805	TFCN2502E3341_005145-T1, TFCN2502E3341_008000-T1	DBVPG3775_000358-T1
GF00003806	TFCN2502E3341_005147-T1, TFCN2502E3341_008002-T1	DBVPG3775_000356-T1
GF00003807	TFCN2502E3341_005148-T1, TFCN2502E3341_008003-T1	DBVPG3775_000355-T1
GF00003808	TFCN2502E3341_005150-T1, TFCN2502E3341_008005-T1	DBVPG3775_000353-T1
GF00003809	TFCN2502E3341_005151-T1, TFCN2502E3341_008006-T1	DBVPG3775_000352-T1
GF00003810	TFCN2502E3341_005154-T1, TFCN2502E3341_013228-T1	DBVPG3775_000349-T1
GF00003811	TFCN2502E3341_005155-T1, TFCN2502E3341_013229-T1	DBVPG3775_000348-T1
GF00003812	TFCN2502E3341_005160-T1, TFCN2502E3341_014258-T1	DBVPG3775_004828-T1
GF00003813	TFCN2502E3341_005161-T1, TFCN2502E3341_014257-T1	DBVPG3775_004827-T1
GF00003814	TFCN2502E3341_005163-T1, TFCN2502E3341_014254-T1	DBVPG3775_004824-T1
GF00003815	TFCN2502E3341_005164-T1, TFCN2502E3341_014253-T1	DBVPG3775_004823-T1
GF00003816	TFCN2502E3341_005166-T1, TFCN2502E3341_014251-T1	DBVPG3775_004821-T1
GF00003817	TFCN2502E3341_005170-T1, TFCN2502E3341_008896-T1	DBVPG3775_004817-T1
GF00003818	TFCN2502E3341_005171-T1, TFCN2502E3341_008897-T1	DBVPG3775_004816-T1
GF00003819	TFCN2502E3341_005172-T1, TFCN2502E3341_008898-T1	DBVPG3775_004815-T1
GF00003820	TFCN2502E3341_005173-T1, TFCN2502E3341_008899-T1	DBVPG3775_004814-T1
GF00003821	TFCN2502E3341_005174-T1, TFCN2502E3341_008900-T1	DBVPG3775_004813-T1
GF00003822	TFCN2502E3341_005175-T1, TFCN2502E3341_008901-T1	DBVPG3775_004812-T1
GF00003823	TFCN2502E3341_005176-T1, TFCN2502E3341_008902-T1	DBVPG3775_004811-T1
GF00003824	TFCN2502E3341_005180-T1, TFCN2502E3341_008906-T1	DBVPG3775_004807-T1
GF00003825	TFCN2502E3341_005181-T1, TFCN2502E3341_008907-T1	DBVPG3775_004806-T1
GF00003826	TFCN2502E3341_005182-T1, TFCN2502E3341_008908-T1	DBVPG3775_004805-T1
GF00003827	TFCN2502E3341_005186-T1, TFCN2502E3341_008911-T1	DBVPG3775_004802-T1
GF00003828	TFCN2502E3341_005188-T1, TFCN2502E3341_008913-T1	DBVPG3775_004800-T1
GF00003829	TFCN2502E3341_005190-T1, TFCN2502E3341_008915-T1	DBVPG3775_004798-T1
GF00003830	TFCN2502E3341_005191-T1, TFCN2502E3341_008916-T1	DBVPG3775_004797-T1
GF00003831	TFCN2502E3341_005192-T1, TFCN2502E3341_008917-T1	DBVPG3775_004796-T1
GF00003832	TFCN2502E3341_005193-T1, TFCN2502E3341_008918-T1	DBVPG3775_004795-T1
GF00003833	TFCN2502E3341_005194-T1, TFCN2502E3341_008919-T1	DBVPG3775_004794-T1
GF00003834	TFCN2502E3341_005195-T1, TFCN2502E3341_008920-T1	DBVPG3775_004793-T1
GF00003835	TFCN2502E3341_005197-T1, TFCN2502E3341_008922-T1	DBVPG3775_004790-T1
GF00003836	TFCN2502E3341_005198-T1, TFCN2502E3341_008923-T1	DBVPG3775_004789-T1
GF00003837	TFCN2502E3341_005200-T1, TFCN2502E3341_008925-T1	DBVPG3775_004787-T1
GF00003838	TFCN2502E3341_005201-T1, TFCN2502E3341_008926-T1	DBVPG3775_004786-T1
GF00003839	TFCN2502E3341_005202-T1, TFCN2502E3341_008927-T1	DBVPG3775_004785-T1
GF00003840	TFCN2502E3341_005207-T1, TFCN2502E3341_014666-T1	DBVPG3775_004776-T1
GF00003841	TFCN2502E3341_005208-T1, TFCN2502E3341_014667-T1	DBVPG3775_004775-T1
GF00003842	TFCN2502E3341_005210-T1, TFCN2502E3341_014029-T1	DBVPG3775_004773-T1
GF00003843	TFCN2502E3341_005211-T1, TFCN2502E3341_014030-T1	DBVPG3775_004772-T1
GF00003844	TFCN2502E3341_005212-T1, TFCN2502E3341_014031-T1	DBVPG3775_004771-T1
GF00003845	TFCN2502E3341_005213-T1, TFCN2502E3341_014032-T1	DBVPG3775_004770-T1
GF00003846	TFCN2502E3341_005219-T1, TFCN2502E3341_011951-T1	DBVPG3775_004762-T1
GF00003847	TFCN2502E3341_005221-T1, TFCN2502E3341_011954-T1	DBVPG3775_004759-T1
GF00003848	TFCN2502E3341_005222-T1, TFCN2502E3341_011955-T1	DBVPG3775_004758-T1
GF00003849	TFCN2502E3341_005298-T1, TFCN2502E3341_008372-T1	DBVPG3775_003128-T1
GF00003850	TFCN2502E3341_005299-T1, TFCN2502E3341_008373-T1	DBVPG3775_003129-T1
GF00003851	TFCN2502E3341_005300-T1, TFCN2502E3341_008374-T1	DBVPG3775_003130-T1
GF00003852	TFCN2502E3341_005301-T1, TFCN2502E3341_008375-T1	DBVPG3775_003131-T1
GF00003853	TFCN2502E3341_005305-T1, TFCN2502E3341_008380-T1	DBVPG3775_003135-T1
GF00003854	TFCN2502E3341_005309-T1, TFCN2502E3341_008382-T1	DBVPG3775_003139-T1
GF00003855	TFCN2502E3341_005310-T1, TFCN2502E3341_008383-T1	DBVPG3775_003140-T1
GF00003856	TFCN2502E3341_005311-T1, TFCN2502E3341_008384-T1	DBVPG3775_003141-T1
GF00003857	TFCN2502E3341_005314-T1, TFCN2502E3341_013313-T1	DBVPG3775_003144-T1
GF00003858	TFCN2502E3341_005315-T1, TFCN2502E3341_013312-T1	DBVPG3775_003145-T1
GF00003859	TFCN2502E3341_005316-T1, TFCN2502E3341_013311-T1	DBVPG3775_003146-T1
GF00003860	TFCN2502E3341_005318-T1, TFCN2502E3341_013310-T1	DBVPG3775_003148-T1
GF00003861	TFCN2502E3341_005320-T1, TFCN2502E3341_013308-T1	DBVPG3775_003150-T1
GF00003862	TFCN2502E3341_005321-T1, TFCN2502E3341_013307-T1	DBVPG3775_003151-T1
GF00003863	TFCN2502E3341_005324-T1, TFCN2502E3341_013304-T1	DBVPG3775_003154-T1
GF00003864	TFCN2502E3341_005325-T1, TFCN2502E3341_013303-T1	DBVPG3775_003155-T1
GF00003865	TFCN2502E3341_005327-T1, TFCN2502E3341_013301-T1	DBVPG3775_003157-T1
GF00003866	TFCN2502E3341_005328-T1, TFCN2502E3341_013300-T1	DBVPG3775_003158-T1
GF00003867	TFCN2502E3341_005329-T1, TFCN2502E3341_013299-T1	DBVPG3775_003159-T1
GF00003868	TFCN2502E3341_005330-T1, TFCN2502E3341_013298-T1	DBVPG3775_003160-T1
GF00003869	TFCN2502E3341_005331-T1, TFCN2502E3341_013297-T1	DBVPG3775_003161-T1
GF00003870	TFCN2502E3341_005334-T1, TFCN2502E3341_005846-T1	DBVPG3775_003164-T1
GF00003871	TFCN2502E3341_005335-T1, TFCN2502E3341_005845-T1	DBVPG3775_003165-T1
GF00003872	TFCN2502E3341_005336-T1, TFCN2502E3341_005844-T1	DBVPG3775_003166-T1
GF00003873	TFCN2502E3341_005338-T1, TFCN2502E3341_005842-T1	DBVPG3775_003168-T1
GF00003874	TFCN2502E3341_005339-T1, TFCN2502E3341_005841-T1	DBVPG3775_003169-T1
GF00003875	TFCN2502E3341_005341-T1, TFCN2502E3341_005839-T1	DBVPG3775_003171-T1
GF00003876	TFCN2502E3341_005343-T1, TFCN2502E3341_005837-T1	DBVPG3775_003173-T1
GF00003877	TFCN2502E3341_005344-T1, TFCN2502E3341_005836-T1	DBVPG3775_003174-T1
GF00003878	TFCN2502E3341_005345-T1, TFCN2502E3341_005835-T1	DBVPG3775_003175-T1
GF00003879	TFCN2502E3341_005348-T1, TFCN2502E3341_005831-T1	DBVPG3775_003179-T1
GF00003880	TFCN2502E3341_005349-T1, TFCN2502E3341_005832-T1	DBVPG3775_003178-T1
GF00003881	TFCN2502E3341_005350-T1, TFCN2502E3341_005833-T1	DBVPG3775_003177-T1
GF00003882	TFCN2502E3341_005353-T1, TFCN2502E3341_005827-T1	DBVPG3775_003183-T1
GF00003883	TFCN2502E3341_005354-T1, TFCN2502E3341_005826-T1	DBVPG3775_003184-T1
GF00003884	TFCN2502E3341_005356-T1, TFCN2502E3341_005822-T1	DBVPG3775_003189-T1
GF00003885	TFCN2502E3341_005357-T1, TFCN2502E3341_005821-T1	DBVPG3775_003190-T1
GF00003886	TFCN2502E3341_005358-T1, TFCN2502E3341_005820-T1	DBVPG3775_003191-T1
GF00003887	TFCN2502E3341_005359-T1, TFCN2502E3341_005819-T1	DBVPG3775_003192-T1
GF00003888	TFCN2502E3341_005360-T1, TFCN2502E3341_005818-T1	DBVPG3775_003193-T1
GF00003889	TFCN2502E3341_005361-T1, TFCN2502E3341_005817-T1	DBVPG3775_003194-T1
GF00003890	TFCN2502E3341_005362-T1, TFCN2502E3341_005816-T1	DBVPG3775_003195-T1
GF00003891	TFCN2502E3341_005363-T1, TFCN2502E3341_005815-T1	DBVPG3775_003196-T1
GF00003892	TFCN2502E3341_005366-T1, TFCN2502E3341_005812-T1	DBVPG3775_003199-T1
GF00003893	TFCN2502E3341_005367-T1, TFCN2502E3341_005811-T1	DBVPG3775_003200-T1
GF00003894	TFCN2502E3341_005368-T1, TFCN2502E3341_005810-T1	DBVPG3775_003201-T1
GF00003895	TFCN2502E3341_005371-T1, TFCN2502E3341_005791-T1	DBVPG3775_003221-T1
GF00003896	TFCN2502E3341_005372-T1, TFCN2502E3341_005792-T1	DBVPG3775_003220-T1
GF00003897	TFCN2502E3341_005373-T1, TFCN2502E3341_005793-T1	DBVPG3775_003219-T1
GF00003898	TFCN2502E3341_005472-T1, TFCN2502E3341_008857-T1	DBVPG3775_001449-T1
GF00003899	TFCN2502E3341_005475-T1, TFCN2502E3341_008855-T1	DBVPG3775_001447-T1
GF00003900	TFCN2502E3341_005476-T1, TFCN2502E3341_008854-T1	DBVPG3775_001446-T1
GF00003901	TFCN2502E3341_005477-T1, TFCN2502E3341_008853-T1	DBVPG3775_001445-T1
GF00003902	TFCN2502E3341_005478-T1, TFCN2502E3341_008852-T1	DBVPG3775_001444-T1
GF00003903	TFCN2502E3341_005518-T1, TFCN2502E3341_005970-T1	DBVPG3775_002119-T1
GF00003904	TFCN2502E3341_005522-T1, TFCN2502E3341_005973-T1	DBVPG3775_002116-T1
GF00003905	TFCN2502E3341_005523-T1, TFCN2502E3341_005974-T1	DBVPG3775_002115-T1
GF00003906	TFCN2502E3341_005524-T1, TFCN2502E3341_005975-T1	DBVPG3775_002114-T1
GF00003907	TFCN2502E3341_005528-T1, TFCN2502E3341_005978-T1	DBVPG3775_002109-T1
GF00003908	TFCN2502E3341_005529-T1, TFCN2502E3341_005979-T1	DBVPG3775_002108-T1
GF00003909	TFCN2502E3341_005530-T1, TFCN2502E3341_005980-T1	DBVPG3775_002107-T1
GF00003910	TFCN2502E3341_005531-T1, TFCN2502E3341_005981-T1	DBVPG3775_002106-T1
GF00003911	TFCN2502E3341_005532-T1, TFCN2502E3341_005982-T1	DBVPG3775_002105-T1
GF00003912	TFCN2502E3341_005534-T1, TFCN2502E3341_005984-T1	DBVPG3775_002103-T1
GF00003913	TFCN2502E3341_010637-T1, TFCN2502E3341_013351-T1	DBVPG3775_000706-T1
GF00003914	TFCN2502E3341_005538-T1, TFCN2502E3341_005987-T1	DBVPG3775_002099-T1
GF00003915	TFCN2502E3341_005539-T1, TFCN2502E3341_005988-T1	DBVPG3775_002098-T1
GF00003916	TFCN2502E3341_005540-T1, TFCN2502E3341_005989-T1	DBVPG3775_002097-T1
GF00003917	TFCN2502E3341_005541-T1, TFCN2502E3341_005990-T1	DBVPG3775_002096-T1
GF00003918	TFCN2502E3341_005542-T1, TFCN2502E3341_005991-T1	DBVPG3775_002095-T1
GF00003919	TFCN2502E3341_005543-T1, TFCN2502E3341_005992-T1	DBVPG3775_002094-T1
GF00003920	TFCN2502E3341_005544-T1, TFCN2502E3341_005993-T1	DBVPG3775_002093-T1
GF00003921	TFCN2502E3341_005545-T1, TFCN2502E3341_005994-T1	DBVPG3775_002092-T1
GF00003922	TFCN2502E3341_005546-T1, TFCN2502E3341_005995-T1	DBVPG3775_002091-T1
GF00003923	TFCN2502E3341_005548-T1, TFCN2502E3341_005997-T1	DBVPG3775_002089-T1
GF00003924	TFCN2502E3341_005549-T1, TFCN2502E3341_005998-T1	DBVPG3775_002088-T1
GF00003925	TFCN2502E3341_005550-T1, TFCN2502E3341_005999-T1	DBVPG3775_002087-T1
GF00003926	TFCN2502E3341_005551-T1, TFCN2502E3341_006000-T1	DBVPG3775_002086-T1
GF00003927	TFCN2502E3341_005553-T1, TFCN2502E3341_006002-T1	DBVPG3775_002084-T1
GF00003928	TFCN2502E3341_005555-T1, TFCN2502E3341_006004-T1	DBVPG3775_002082-T1
GF00003929	TFCN2502E3341_005556-T1, TFCN2502E3341_006005-T1	DBVPG3775_002081-T1
GF00003930	TFCN2502E3341_005557-T1, TFCN2502E3341_006006-T1	DBVPG3775_002080-T1
GF00003931	TFCN2502E3341_005558-T1, TFCN2502E3341_006007-T1	DBVPG3775_002079-T1
GF00003932	TFCN2502E3341_005561-T1, TFCN2502E3341_006009-T1	DBVPG3775_002076-T1
GF00003933	TFCN2502E3341_005562-T1, TFCN2502E3341_006010-T1	DBVPG3775_002075-T1
GF00003934	TFCN2502E3341_005565-T1, TFCN2502E3341_006011-T1	DBVPG3775_002072-T1
GF00003935	TFCN2502E3341_005568-T1, TFCN2502E3341_006013-T1	DBVPG3775_002069-T1
GF00003936	TFCN2502E3341_005569-T1, TFCN2502E3341_006014-T1	DBVPG3775_002068-T1
GF00003937	TFCN2502E3341_005571-T1, TFCN2502E3341_006016-T1	DBVPG3775_002066-T1
GF00003938	TFCN2502E3341_005572-T1, TFCN2502E3341_006017-T1	DBVPG3775_002065-T1
GF00003939	TFCN2502E3341_005575-T1, TFCN2502E3341_006020-T1	DBVPG3775_002062-T1
GF00003940	TFCN2502E3341_005579-T1, TFCN2502E3341_006021-T1	DBVPG3775_002059-T1
GF00003941	TFCN2502E3341_005580-T1, TFCN2502E3341_006022-T1	DBVPG3775_002058-T1
GF00003942	TFCN2502E3341_005581-T1, TFCN2502E3341_006023-T1	DBVPG3775_002057-T1
GF00003943	TFCN2502E3341_005583-T1, TFCN2502E3341_006025-T1	DBVPG3775_002055-T1
GF00003944	TFCN2502E3341_005586-T1, TFCN2502E3341_011919-T1	DBVPG3775_006832-T1
GF00003945	TFCN2502E3341_005587-T1, TFCN2502E3341_011920-T1	DBVPG3775_006831-T1
GF00003946	TFCN2502E3341_005592-T1, TFCN2502E3341_011923-T1	DBVPG3775_006824-T1
GF00003947	TFCN2502E3341_005593-T1, TFCN2502E3341_011924-T1	DBVPG3775_006823-T1
GF00003948	TFCN2502E3341_005596-T1, TFCN2502E3341_011927-T1	DBVPG3775_006820-T1
GF00003949	TFCN2502E3341_005597-T1, TFCN2502E3341_011928-T1	DBVPG3775_006819-T1
GF00003950	TFCN2502E3341_005599-T1, TFCN2502E3341_014159-T1	DBVPG3775_006817-T1
GF00003951	TFCN2502E3341_005600-T1, TFCN2502E3341_014158-T1	DBVPG3775_006816-T1
GF00003952	TFCN2502E3341_005602-T1, TFCN2502E3341_014157-T1	DBVPG3775_006900-T1
GF00003953	TFCN2502E3341_005603-T1, TFCN2502E3341_014156-T1	DBVPG3775_006899-T1
GF00003954	TFCN2502E3341_005607-T1, TFCN2502E3341_014603-T1	DBVPG3775_006894-T1
GF00003955	TFCN2502E3341_005608-T1, TFCN2502E3341_014602-T1	DBVPG3775_006893-T1
GF00003956	TFCN2502E3341_005654-T1, TFCN2502E3341_012476-T1	DBVPG3775_006949-T1
GF00003957	TFCN2502E3341_005655-T1, TFCN2502E3341_012477-T1	DBVPG3775_006950-T1
GF00003958	TFCN2502E3341_005656-T1, TFCN2502E3341_012478-T1	DBVPG3775_006951-T1
GF00003959	TFCN2502E3341_005661-T1, TFCN2502E3341_012484-T1	DBVPG3775_006956-T1
GF00003960	TFCN2502E3341_005662-T1, TFCN2502E3341_012485-T1	DBVPG3775_006957-T1
GF00003961	TFCN2502E3341_005665-T1, TFCN2502E3341_012488-T1	DBVPG3775_006960-T1
GF00003962	TFCN2502E3341_005666-T1, TFCN2502E3341_012489-T1	DBVPG3775_006961-T1
GF00003963	TFCN2502E3341_005671-T1, TFCN2502E3341_012493-T1	DBVPG3775_006966-T1
GF00003964	TFCN2502E3341_005672-T1, TFCN2502E3341_012494-T1	DBVPG3775_006967-T1
GF00003965	TFCN2502E3341_005674-T1, TFCN2502E3341_012496-T1	DBVPG3775_006969-T1
GF00003966	TFCN2502E3341_005675-T1, TFCN2502E3341_012497-T1	DBVPG3775_006970-T1
GF00003967	TFCN2502E3341_005676-T1, TFCN2502E3341_012498-T1	DBVPG3775_006971-T1
GF00003968	TFCN2502E3341_005678-T1, TFCN2502E3341_012500-T1	DBVPG3775_006973-T1
GF00003969	TFCN2502E3341_005777-T1, TFCN2502E3341_011851-T1	DBVPG3775_003235-T1
GF00003970	TFCN2502E3341_005779-T1, TFCN2502E3341_011849-T1	DBVPG3775_003233-T1
GF00003971	TFCN2502E3341_005781-T1, TFCN2502E3341_013989-T1	DBVPG3775_003231-T1
GF00003972	TFCN2502E3341_005784-T1, TFCN2502E3341_014448-T1	DBVPG3775_003228-T1
GF00003973	TFCN2502E3341_005785-T1, TFCN2502E3341_014447-T1	DBVPG3775_003227-T1
GF00003974	TFCN2502E3341_005786-T1, TFCN2502E3341_014446-T1	DBVPG3775_003226-T1
GF00003975	TFCN2502E3341_005787-T1, TFCN2502E3341_014445-T1	DBVPG3775_003225-T1
GF00003976	TFCN2502E3341_005789-T1, TFCN2502E3341_013521-T1	DBVPG3775_003223-T1
GF00003977	TFCN2502E3341_005790-T1, TFCN2502E3341_013522-T1	DBVPG3775_003222-T1
GF00003978	TFCN2502E3341_005796-T1, TFCN2502E3341_013534-T1	DBVPG3775_003216-T1
GF00003979	TFCN2502E3341_005799-T1, TFCN2502E3341_013531-T1	DBVPG3775_003213-T1
GF00003980	TFCN2502E3341_005800-T1, TFCN2502E3341_013530-T1	DBVPG3775_003212-T1
GF00003981	TFCN2502E3341_005801-T1, TFCN2502E3341_013529-T1	DBVPG3775_003211-T1
GF00003982	TFCN2502E3341_005803-T1, TFCN2502E3341_013528-T1	DBVPG3775_003208-T1
GF00003983	TFCN2502E3341_005916-T1, TFCN2502E3341_012320-T1	DBVPG3775_007308-T1
GF00003984	TFCN2502E3341_005918-T1, TFCN2502E3341_012318-T1	DBVPG3775_007310-T1
GF00003985	TFCN2502E3341_005920-T1, TFCN2502E3341_012316-T1	DBVPG3775_007312-T1
GF00003986	TFCN2502E3341_005921-T1, TFCN2502E3341_012315-T1	DBVPG3775_007313-T1
GF00003987	TFCN2502E3341_005922-T1, TFCN2502E3341_012314-T1	DBVPG3775_007315-T1
GF00003988	TFCN2502E3341_005923-T1, TFCN2502E3341_012313-T1	DBVPG3775_007316-T1
GF00003989	TFCN2502E3341_005924-T1, TFCN2502E3341_012312-T1	DBVPG3775_007317-T1
GF00003990	TFCN2502E3341_005925-T1, TFCN2502E3341_012311-T1	DBVPG3775_007318-T1
GF00003991	TFCN2502E3341_005927-T1, TFCN2502E3341_012309-T1	DBVPG3775_007320-T1
GF00003992	TFCN2502E3341_005928-T1, TFCN2502E3341_012308-T1	DBVPG3775_007321-T1
GF00003993	TFCN2502E3341_005929-T1, TFCN2502E3341_012307-T1	DBVPG3775_007322-T1
GF00003994	TFCN2502E3341_005935-T1, TFCN2502E3341_012304-T1	DBVPG3775_000002-T1
GF00003995	TFCN2502E3341_005937-T1, TFCN2502E3341_013430-T1	DBVPG3775_000004-T1
GF00003996	TFCN2502E3341_005938-T1, TFCN2502E3341_013429-T1	DBVPG3775_000005-T1
GF00003997	TFCN2502E3341_005939-T1, TFCN2502E3341_013428-T1	DBVPG3775_000006-T1
GF00003998	TFCN2502E3341_005940-T1, TFCN2502E3341_013427-T1	DBVPG3775_000007-T1
GF00003999	TFCN2502E3341_005942-T1, TFCN2502E3341_013425-T1	DBVPG3775_000009-T1
GF00004000	TFCN2502E3341_005945-T1, TFCN2502E3341_013423-T1	DBVPG3775_000012-T1
GF00004001	TFCN2502E3341_005946-T1, TFCN2502E3341_013422-T1	DBVPG3775_000013-T1
GF00004002	TFCN2502E3341_005947-T1, TFCN2502E3341_014151-T1	DBVPG3775_000014-T1
GF00004003	TFCN2502E3341_005948-T1, TFCN2502E3341_014150-T1	DBVPG3775_000015-T1
GF00004004	TFCN2502E3341_005949-T1, TFCN2502E3341_014149-T1	DBVPG3775_000016-T1
GF00004005	TFCN2502E3341_005950-T1, TFCN2502E3341_014148-T1	DBVPG3775_000017-T1
GF00004006	TFCN2502E3341_005951-T1, TFCN2502E3341_014147-T1	DBVPG3775_000018-T1
GF00004007	TFCN2502E3341_005955-T1, TFCN2502E3341_013580-T1	DBVPG3775_000022-T1
GF00004008	TFCN2502E3341_005956-T1, TFCN2502E3341_013579-T1	DBVPG3775_000023-T1
GF00004009	TFCN2502E3341_013572-T1, TFCN2502E3341_005963-T1	DBVPG3775_000030-T1
GF00004010	TFCN2502E3341_005962-T1, TFCN2502E3341_013573-T1	DBVPG3775_000029-T1
GF00004011	TFCN2502E3341_005964-T1, TFCN2502E3341_013571-T1	DBVPG3775_000031-T1
GF00004012	TFCN2502E3341_005966-T1, TFCN2502E3341_013569-T1	DBVPG3775_000033-T1
GF00004013	TFCN2502E3341_005967-T1, TFCN2502E3341_013568-T1	DBVPG3775_000034-T1
GF00004014	TFCN2502E3341_005969-T1, TFCN2502E3341_013566-T1	DBVPG3775_000036-T1
GF00004015	TFCN2502E3341_011166-T1, TFCN2502E3341_007670-T1	DBVPG3775_007202-T1
GF00004016	TFCN2502E3341_006031-T1, TFCN2502E3341_009067-T1	DBVPG3775_000289-T1
GF00004017	TFCN2502E3341_006034-T1, TFCN2502E3341_009070-T1	DBVPG3775_000286-T1
GF00004018	TFCN2502E3341_006035-T1, TFCN2502E3341_009071-T1	DBVPG3775_000285-T1
GF00004019	TFCN2502E3341_006036-T1, TFCN2502E3341_009072-T1	DBVPG3775_000284-T1
GF00004020	TFCN2502E3341_006038-T1, TFCN2502E3341_009074-T1	DBVPG3775_000281-T1
GF00004021	TFCN2502E3341_006039-T1, TFCN2502E3341_009075-T1	DBVPG3775_000280-T1
GF00004022	TFCN2502E3341_006040-T1, TFCN2502E3341_009076-T1	DBVPG3775_000279-T1
GF00004023	TFCN2502E3341_006042-T1, TFCN2502E3341_009078-T1	DBVPG3775_000277-T1
GF00004024	TFCN2502E3341_006043-T1, TFCN2502E3341_009079-T1	DBVPG3775_000276-T1
GF00004025	TFCN2502E3341_006044-T1, TFCN2502E3341_009080-T1	DBVPG3775_000275-T1
GF00004026	TFCN2502E3341_006045-T1, TFCN2502E3341_009081-T1	DBVPG3775_000274-T1
GF00004027	TFCN2502E3341_006046-T1, TFCN2502E3341_009082-T1	DBVPG3775_000273-T1
GF00004028	TFCN2502E3341_006047-T1, TFCN2502E3341_009083-T1	DBVPG3775_000272-T1
GF00004029	TFCN2502E3341_006154-T1, TFCN2502E3341_009986-T1	DBVPG3775_004662-T1
GF00004030	TFCN2502E3341_006049-T1, TFCN2502E3341_009085-T1	DBVPG3775_000270-T1
GF00004031	TFCN2502E3341_006052-T1, TFCN2502E3341_009088-T1	DBVPG3775_000267-T1
GF00004032	TFCN2502E3341_006053-T1, TFCN2502E3341_009089-T1	DBVPG3775_000266-T1
GF00004033	TFCN2502E3341_006054-T1, TFCN2502E3341_009090-T1	DBVPG3775_000265-T1
GF00004034	TFCN2502E3341_006055-T1, TFCN2502E3341_009091-T1	DBVPG3775_000264-T1
GF00004035	TFCN2502E3341_006057-T1, TFCN2502E3341_009093-T1	DBVPG3775_000262-T1
GF00004036	TFCN2502E3341_006058-T1, TFCN2502E3341_009094-T1	DBVPG3775_000261-T1
GF00004037	TFCN2502E3341_006059-T1, TFCN2502E3341_009095-T1	DBVPG3775_000260-T1
GF00004038	TFCN2502E3341_006060-T1, TFCN2502E3341_009096-T1	DBVPG3775_000259-T1
GF00004039	TFCN2502E3341_008867-T1, TFCN2502E3341_011338-T1	DBVPG3775_001459-T1
GF00004040	TFCN2502E3341_006064-T1, TFCN2502E3341_009099-T1	DBVPG3775_000255-T1
GF00004041	TFCN2502E3341_006067-T1, TFCN2502E3341_009102-T1	DBVPG3775_000252-T1
GF00004042	TFCN2502E3341_006068-T1, TFCN2502E3341_009103-T1	DBVPG3775_000251-T1
GF00004043	TFCN2502E3341_006072-T1, TFCN2502E3341_009105-T1	DBVPG3775_000247-T1
GF00004044	TFCN2502E3341_006073-T1, TFCN2502E3341_014027-T1	DBVPG3775_000246-T1
GF00004045	TFCN2502E3341_006074-T1, TFCN2502E3341_014026-T1	DBVPG3775_000245-T1
GF00004046	TFCN2502E3341_006075-T1, TFCN2502E3341_014025-T1	DBVPG3775_000244-T1
GF00004047	TFCN2502E3341_006076-T1, TFCN2502E3341_014024-T1	DBVPG3775_000243-T1
GF00004048	TFCN2502E3341_006077-T1, TFCN2502E3341_014023-T1	DBVPG3775_000242-T1
GF00004049	TFCN2502E3341_006078-T1, TFCN2502E3341_014022-T1	DBVPG3775_000241-T1
GF00004050	TFCN2502E3341_006079-T1, TFCN2502E3341_014021-T1	DBVPG3775_000240-T1
GF00004051	TFCN2502E3341_006091-T1, TFCN2502E3341_010990-T1	DBVPG3775_006279-T1
GF00004052	TFCN2502E3341_006092-T1, TFCN2502E3341_010989-T1	DBVPG3775_006278-T1
GF00004053	TFCN2502E3341_006095-T1, TFCN2502E3341_010986-T1	DBVPG3775_006275-T1
GF00004054	TFCN2502E3341_006096-T1, TFCN2502E3341_010985-T1	DBVPG3775_006274-T1
GF00004055	TFCN2502E3341_006097-T1, TFCN2502E3341_010984-T1	DBVPG3775_006273-T1
GF00004056	TFCN2502E3341_006098-T1, TFCN2502E3341_010983-T1	DBVPG3775_006272-T1
GF00004057	TFCN2502E3341_006099-T1, TFCN2502E3341_010982-T1	DBVPG3775_006271-T1
GF00004058	TFCN2502E3341_006102-T1, TFCN2502E3341_010979-T1	DBVPG3775_006268-T1
GF00004059	TFCN2502E3341_006107-T1, TFCN2502E3341_010974-T1	DBVPG3775_006263-T1
GF00004060	TFCN2502E3341_006110-T1, TFCN2502E3341_010970-T1	DBVPG3775_006259-T1
GF00004061	TFCN2502E3341_006111-T1, TFCN2502E3341_010969-T1	DBVPG3775_006258-T1
GF00004062	TFCN2502E3341_006113-T1, TFCN2502E3341_010966-T1	DBVPG3775_006256-T1
GF00004063	TFCN2502E3341_006115-T1, TFCN2502E3341_010964-T1	DBVPG3775_006254-T1
GF00004064	TFCN2502E3341_006116-T1, TFCN2502E3341_010963-T1	DBVPG3775_006253-T1
GF00004065	TFCN2502E3341_006118-T1, TFCN2502E3341_010961-T1	DBVPG3775_006251-T1
GF00004066	TFCN2502E3341_006120-T1, TFCN2502E3341_014707-T1	DBVPG3775_006247-T1
GF00004067	TFCN2502E3341_006122-T1, TFCN2502E3341_014205-T1	DBVPG3775_006245-T1
GF00004068	TFCN2502E3341_006126-T1, TFCN2502E3341_014200-T1	DBVPG3775_006240-T1
GF00004069	TFCN2502E3341_006127-T1, TFCN2502E3341_014199-T1	DBVPG3775_006239-T1
GF00004070	TFCN2502E3341_006128-T1, TFCN2502E3341_014198-T1	DBVPG3775_006238-T1
GF00004071	TFCN2502E3341_006130-T1, TFCN2502E3341_013375-T1	DBVPG3775_006236-T1
GF00004072	TFCN2502E3341_006132-T1, TFCN2502E3341_013372-T1	DBVPG3775_006233-T1
GF00004073	TFCN2502E3341_006133-T1, TFCN2502E3341_013371-T1	DBVPG3775_006232-T1
GF00004074	TFCN2502E3341_006134-T1, TFCN2502E3341_013368-T1	DBVPG3775_006229-T1
GF00004075	TFCN2502E3341_006136-T1, TFCN2502E3341_013366-T1	DBVPG3775_006227-T1
GF00004076	TFCN2502E3341_006138-T1, TFCN2502E3341_012461-T1	DBVPG3775_006933-T1
GF00004077	TFCN2502E3341_006139-T1, TFCN2502E3341_012462-T1	DBVPG3775_006934-T1
GF00004078	TFCN2502E3341_006141-T1, TFCN2502E3341_012464-T1	DBVPG3775_006936-T1
GF00004079	TFCN2502E3341_006143-T1, TFCN2502E3341_012466-T1	DBVPG3775_006938-T1
GF00004080	TFCN2502E3341_006144-T1, TFCN2502E3341_012467-T1	DBVPG3775_006939-T1
GF00004081	TFCN2502E3341_006146-T1, TFCN2502E3341_012469-T1	DBVPG3775_006942-T1
GF00004082	TFCN2502E3341_006147-T1, TFCN2502E3341_012470-T1	DBVPG3775_006943-T1
GF00004083	TFCN2502E3341_006148-T1, TFCN2502E3341_012471-T1	DBVPG3775_006944-T1
GF00004084	TFCN2502E3341_006149-T1, TFCN2502E3341_012472-T1	DBVPG3775_006945-T1
GF00004085	TFCN2502E3341_006153-T1, TFCN2502E3341_009985-T1	DBVPG3775_004663-T1
GF00004086	TFCN2502E3341_006155-T1, TFCN2502E3341_009987-T1	DBVPG3775_004661-T1
GF00004087	TFCN2502E3341_006156-T1, TFCN2502E3341_009988-T1	DBVPG3775_004660-T1
GF00004088	TFCN2502E3341_006158-T1, TFCN2502E3341_009990-T1	DBVPG3775_004658-T1
GF00004089	TFCN2502E3341_006159-T1, TFCN2502E3341_009991-T1	DBVPG3775_004657-T1
GF00004090	TFCN2502E3341_006160-T1, TFCN2502E3341_009992-T1	DBVPG3775_004656-T1
GF00004091	TFCN2502E3341_006161-T1, TFCN2502E3341_009993-T1	DBVPG3775_004655-T1
GF00004092	TFCN2502E3341_006162-T1, TFCN2502E3341_009994-T1	DBVPG3775_004654-T1
GF00004093	TFCN2502E3341_006163-T1, TFCN2502E3341_009995-T1	DBVPG3775_004653-T1
GF00004094	TFCN2502E3341_006164-T1, TFCN2502E3341_009996-T1	DBVPG3775_004652-T1
GF00004095	TFCN2502E3341_006166-T1, TFCN2502E3341_009998-T1	DBVPG3775_004650-T1
GF00004096	TFCN2502E3341_006167-T1, TFCN2502E3341_009999-T1	DBVPG3775_004649-T1
GF00004097	TFCN2502E3341_006168-T1, TFCN2502E3341_010000-T1	DBVPG3775_004648-T1
GF00004098	TFCN2502E3341_006169-T1, TFCN2502E3341_010001-T1	DBVPG3775_004647-T1
GF00004099	TFCN2502E3341_006171-T1, TFCN2502E3341_010003-T1	DBVPG3775_004645-T1
GF00004100	TFCN2502E3341_006172-T1, TFCN2502E3341_010004-T1	DBVPG3775_004644-T1
GF00004101	TFCN2502E3341_006173-T1, TFCN2502E3341_010005-T1	DBVPG3775_004643-T1
GF00004102	TFCN2502E3341_006176-T1, TFCN2502E3341_010008-T1	DBVPG3775_004640-T1
GF00004103	TFCN2502E3341_006177-T1, TFCN2502E3341_010009-T1	DBVPG3775_004639-T1
GF00004104	TFCN2502E3341_006178-T1, TFCN2502E3341_010010-T1	DBVPG3775_004638-T1
GF00004105	TFCN2502E3341_006182-T1, TFCN2502E3341_010014-T1	DBVPG3775_004634-T1
GF00004106	TFCN2502E3341_006184-T1, TFCN2502E3341_010016-T1	DBVPG3775_004632-T1
GF00004107	TFCN2502E3341_006210-T1, TFCN2502E3341_009982-T1	DBVPG3775_007552-T1
GF00004108	TFCN2502E3341_006238-T1, TFCN2502E3341_010461-T1	DBVPG3775_003332-T1
GF00004109	TFCN2502E3341_006239-T1, TFCN2502E3341_010460-T1	DBVPG3775_003333-T1
GF00004110	TFCN2502E3341_006241-T1, TFCN2502E3341_010457-T1	DBVPG3775_003335-T1
GF00004111	TFCN2502E3341_006243-T1, TFCN2502E3341_010456-T1	DBVPG3775_003336-T1
GF00004112	TFCN2502E3341_006244-T1, TFCN2502E3341_010455-T1	DBVPG3775_003337-T1
GF00004113	TFCN2502E3341_006245-T1, TFCN2502E3341_010454-T1	DBVPG3775_003338-T1
GF00004114	TFCN2502E3341_006246-T1, TFCN2502E3341_010453-T1	DBVPG3775_003339-T1
GF00004115	TFCN2502E3341_006248-T1, TFCN2502E3341_010451-T1	DBVPG3775_003341-T1
GF00004116	TFCN2502E3341_006249-T1, TFCN2502E3341_010450-T1	DBVPG3775_003342-T1
GF00004117	TFCN2502E3341_006253-T1, TFCN2502E3341_010466-T1	DBVPG3775_003346-T1
GF00004118	TFCN2502E3341_006254-T1, TFCN2502E3341_010467-T1	DBVPG3775_003347-T1
GF00004119	TFCN2502E3341_006255-T1, TFCN2502E3341_010468-T1	DBVPG3775_003348-T1
GF00004120	TFCN2502E3341_006256-T1, TFCN2502E3341_010469-T1	DBVPG3775_003349-T1
GF00004121	TFCN2502E3341_006257-T1, TFCN2502E3341_010470-T1	DBVPG3775_003350-T1
GF00004122	TFCN2502E3341_006258-T1, TFCN2502E3341_010471-T1	DBVPG3775_003351-T1
GF00004123	TFCN2502E3341_006259-T1, TFCN2502E3341_010472-T1	DBVPG3775_003352-T1
GF00004124	TFCN2502E3341_006260-T1, TFCN2502E3341_010473-T1	DBVPG3775_003353-T1
GF00004125	TFCN2502E3341_006264-T1, TFCN2502E3341_010476-T1	DBVPG3775_003356-T1
GF00004126	TFCN2502E3341_006265-T1, TFCN2502E3341_010477-T1	DBVPG3775_003357-T1
GF00004127	TFCN2502E3341_006267-T1, TFCN2502E3341_010479-T1	DBVPG3775_003359-T1
GF00004128	TFCN2502E3341_006269-T1, TFCN2502E3341_014734-T1	DBVPG3775_003361-T1
GF00004129	TFCN2502E3341_006271-T1, TFCN2502E3341_014328-T1	DBVPG3775_003363-T1
GF00004130	TFCN2502E3341_006272-T1, TFCN2502E3341_014329-T1	DBVPG3775_003364-T1
GF00004131	TFCN2502E3341_006274-T1, TFCN2502E3341_014331-T1	DBVPG3775_003366-T1
GF00004132	TFCN2502E3341_012637-T1, TFCN2502E3341_012658-T1	DBVPG3775_002366-T1
GF00004133	TFCN2502E3341_006458-T1, TFCN2502E3341_007841-T1	DBVPG3775_005889-T1
GF00004134	TFCN2502E3341_006461-T1, TFCN2502E3341_007838-T1	DBVPG3775_005886-T1
GF00004135	TFCN2502E3341_006465-T1, TFCN2502E3341_007834-T1	DBVPG3775_005882-T1
GF00004136	TFCN2502E3341_006466-T1, TFCN2502E3341_007833-T1	DBVPG3775_005881-T1
GF00004137	TFCN2502E3341_006467-T1, TFCN2502E3341_007832-T1	DBVPG3775_005880-T1
GF00004138	TFCN2502E3341_006468-T1, TFCN2502E3341_007831-T1	DBVPG3775_005879-T1
GF00004139	TFCN2502E3341_006470-T1, TFCN2502E3341_007828-T1	DBVPG3775_005876-T1
GF00004140	TFCN2502E3341_006502-T1, TFCN2502E3341_012997-T1	DBVPG3775_006210-T1
GF00004141	TFCN2502E3341_006503-T1, TFCN2502E3341_012998-T1	DBVPG3775_006211-T1
GF00004142	TFCN2502E3341_006505-T1, TFCN2502E3341_013000-T1	DBVPG3775_006213-T1
GF00004143	TFCN2502E3341_006507-T1, TFCN2502E3341_013002-T1	DBVPG3775_006215-T1
GF00004144	TFCN2502E3341_006513-T1, TFCN2502E3341_013009-T1	DBVPG3775_006222-T1
GF00004145	TFCN2502E3341_006582-T1, TFCN2502E3341_010291-T1	DBVPG3775_003676-T1
GF00004146	TFCN2502E3341_006584-T1, TFCN2502E3341_010293-T1	DBVPG3775_003678-T1
GF00004147	TFCN2502E3341_006585-T1, TFCN2502E3341_010294-T1	DBVPG3775_003679-T1
GF00004148	TFCN2502E3341_006588-T1, TFCN2502E3341_010298-T1	DBVPG3775_003682-T1
GF00004149	TFCN2502E3341_006589-T1, TFCN2502E3341_010299-T1	DBVPG3775_003683-T1
GF00004150	TFCN2502E3341_006594-T1, TFCN2502E3341_010304-T1	DBVPG3775_006695-T1
GF00004151	TFCN2502E3341_006598-T1, TFCN2502E3341_011192-T1	DBVPG3775_006697-T1
GF00004152	TFCN2502E3341_006601-T1, TFCN2502E3341_011195-T1	DBVPG3775_006702-T1
GF00004153	TFCN2502E3341_006602-T1, TFCN2502E3341_011196-T1	DBVPG3775_006703-T1
GF00004154	TFCN2502E3341_006603-T1, TFCN2502E3341_011197-T1	DBVPG3775_006704-T1
GF00004155	TFCN2502E3341_006604-T1, TFCN2502E3341_011198-T1	DBVPG3775_006705-T1
GF00004156	TFCN2502E3341_006605-T1, TFCN2502E3341_011199-T1	DBVPG3775_006706-T1
GF00004157	TFCN2502E3341_006606-T1, TFCN2502E3341_011200-T1	DBVPG3775_006707-T1
GF00004158	TFCN2502E3341_006607-T1, TFCN2502E3341_011201-T1	DBVPG3775_006708-T1
GF00004159	TFCN2502E3341_006609-T1, TFCN2502E3341_011203-T1	DBVPG3775_006710-T1
GF00004160	TFCN2502E3341_006610-T1, TFCN2502E3341_011204-T1	DBVPG3775_006711-T1
GF00004161	TFCN2502E3341_006611-T1, TFCN2502E3341_011205-T1	DBVPG3775_006712-T1
GF00004162	TFCN2502E3341_006612-T1, TFCN2502E3341_011206-T1	DBVPG3775_006713-T1
GF00004163	TFCN2502E3341_006613-T1, TFCN2502E3341_011207-T1	DBVPG3775_006714-T1
GF00004164	TFCN2502E3341_006614-T1, TFCN2502E3341_011208-T1	DBVPG3775_006715-T1
GF00004165	TFCN2502E3341_006615-T1, TFCN2502E3341_011209-T1	DBVPG3775_006716-T1
GF00004166	TFCN2502E3341_006616-T1, TFCN2502E3341_011210-T1	DBVPG3775_006717-T1
GF00004167	TFCN2502E3341_006617-T1, TFCN2502E3341_011211-T1	DBVPG3775_006718-T1
GF00004168	TFCN2502E3341_006618-T1, TFCN2502E3341_011212-T1	DBVPG3775_006719-T1
GF00004169	TFCN2502E3341_006619-T1, TFCN2502E3341_011213-T1	DBVPG3775_006720-T1
GF00004170	TFCN2502E3341_006620-T1, TFCN2502E3341_011214-T1	DBVPG3775_006721-T1
GF00004171	TFCN2502E3341_006622-T1, TFCN2502E3341_011216-T1	DBVPG3775_006723-T1
GF00004172	TFCN2502E3341_006643-T1, TFCN2502E3341_008607-T1	DBVPG3775_006782-T1
GF00004173	TFCN2502E3341_006644-T1, TFCN2502E3341_008606-T1	DBVPG3775_006783-T1
GF00004174	TFCN2502E3341_006648-T1, TFCN2502E3341_008601-T1	DBVPG3775_006787-T1
GF00004175	TFCN2502E3341_006650-T1, TFCN2502E3341_008599-T1	DBVPG3775_006789-T1
GF00004176	TFCN2502E3341_006651-T1, TFCN2502E3341_008598-T1	DBVPG3775_006791-T1
GF00004177	TFCN2502E3341_006652-T1, TFCN2502E3341_008597-T1	DBVPG3775_006792-T1
GF00004178	TFCN2502E3341_006653-T1, TFCN2502E3341_008596-T1	DBVPG3775_006793-T1
GF00004179	TFCN2502E3341_006654-T1, TFCN2502E3341_008595-T1	DBVPG3775_006794-T1
GF00004180	TFCN2502E3341_006656-T1, TFCN2502E3341_008593-T1	DBVPG3775_006796-T1
GF00004181	TFCN2502E3341_006657-T1, TFCN2502E3341_008592-T1	DBVPG3775_006797-T1
GF00004182	TFCN2502E3341_006660-T1, TFCN2502E3341_008588-T1	DBVPG3775_006800-T1
GF00004183	TFCN2502E3341_006663-T1, TFCN2502E3341_008584-T1	DBVPG3775_006803-T1
GF00004184	TFCN2502E3341_006664-T1, TFCN2502E3341_008583-T1	DBVPG3775_006804-T1
GF00004185	TFCN2502E3341_006668-T1, TFCN2502E3341_008579-T1	DBVPG3775_006807-T1
GF00004186	TFCN2502E3341_006673-T1, TFCN2502E3341_008573-T1	DBVPG3775_006813-T1
GF00004187	TFCN2502E3341_006675-T1, TFCN2502E3341_013117-T1	DBVPG3775_007449-T1
GF00004188	TFCN2502E3341_006676-T1, TFCN2502E3341_013118-T1	DBVPG3775_007448-T1
GF00004189	TFCN2502E3341_006677-T1, TFCN2502E3341_013119-T1	DBVPG3775_007447-T1
GF00004190	TFCN2502E3341_006678-T1, TFCN2502E3341_013120-T1	DBVPG3775_007446-T1
GF00004191	TFCN2502E3341_006679-T1, TFCN2502E3341_013121-T1	DBVPG3775_007445-T1
GF00004192	TFCN2502E3341_006681-T1, TFCN2502E3341_013123-T1	DBVPG3775_007443-T1
GF00004193	TFCN2502E3341_006683-T1, TFCN2502E3341_013125-T1	DBVPG3775_007441-T1
GF00004194	TFCN2502E3341_006685-T1, TFCN2502E3341_013128-T1	DBVPG3775_007438-T1
GF00004195	TFCN2502E3341_006686-T1, TFCN2502E3341_013129-T1	DBVPG3775_007437-T1
GF00004196	TFCN2502E3341_006688-T1, TFCN2502E3341_013130-T1	DBVPG3775_007436-T1
GF00004197	TFCN2502E3341_006689-T1, TFCN2502E3341_013131-T1	DBVPG3775_007435-T1
GF00004198	TFCN2502E3341_006690-T1, TFCN2502E3341_013132-T1	DBVPG3775_007434-T1
GF00004199	TFCN2502E3341_006698-T1, TFCN2502E3341_010416-T1	DBVPG3775_003943-T1
GF00004200	TFCN2502E3341_006699-T1, TFCN2502E3341_010417-T1	DBVPG3775_003944-T1
GF00004201	TFCN2502E3341_006700-T1, TFCN2502E3341_010418-T1	DBVPG3775_003945-T1
GF00004202	TFCN2502E3341_006701-T1, TFCN2502E3341_010419-T1	DBVPG3775_003946-T1
GF00004203	TFCN2502E3341_006705-T1, TFCN2502E3341_010424-T1	DBVPG3775_003950-T1
GF00004204	TFCN2502E3341_006706-T1, TFCN2502E3341_010425-T1	DBVPG3775_003951-T1
GF00004205	TFCN2502E3341_006708-T1, TFCN2502E3341_010427-T1	DBVPG3775_003953-T1
GF00004206	TFCN2502E3341_006709-T1, TFCN2502E3341_010428-T1	DBVPG3775_003954-T1
GF00004207	TFCN2502E3341_006710-T1, TFCN2502E3341_010429-T1	DBVPG3775_003955-T1
GF00004208	TFCN2502E3341_006711-T1, TFCN2502E3341_010430-T1	DBVPG3775_003956-T1
GF00004209	TFCN2502E3341_006712-T1, TFCN2502E3341_010431-T1	DBVPG3775_003957-T1
GF00004210	TFCN2502E3341_006713-T1, TFCN2502E3341_010432-T1	DBVPG3775_003958-T1
GF00004211	TFCN2502E3341_006714-T1, TFCN2502E3341_010433-T1	DBVPG3775_003959-T1
GF00004212	TFCN2502E3341_006715-T1, TFCN2502E3341_010434-T1	DBVPG3775_003960-T1
GF00004213	TFCN2502E3341_008809-T1, TFCN2502E3341_007654-T1	DBVPG3775_000076-T1
GF00004214	TFCN2502E3341_006718-T1, TFCN2502E3341_010436-T1	DBVPG3775_003962-T1
GF00004215	TFCN2502E3341_006719-T1, TFCN2502E3341_010437-T1	DBVPG3775_003963-T1
GF00004216	TFCN2502E3341_006722-T1, TFCN2502E3341_010441-T1	DBVPG3775_003966-T1
GF00004217	TFCN2502E3341_006723-T1, TFCN2502E3341_010442-T1	DBVPG3775_003967-T1
GF00004218	TFCN2502E3341_006727-T1, TFCN2502E3341_010446-T1	DBVPG3775_003971-T1
GF00004219	TFCN2502E3341_006728-T1, TFCN2502E3341_010447-T1	DBVPG3775_003972-T1
GF00004220	TFCN2502E3341_006807-T1, TFCN2502E3341_014608-T1	DBVPG3775_003387-T1
GF00004221	TFCN2502E3341_006808-T1, TFCN2502E3341_014607-T1	DBVPG3775_003388-T1
GF00004222	TFCN2502E3341_006809-T1, TFCN2502E3341_014606-T1	DBVPG3775_003389-T1
GF00004223	TFCN2502E3341_006810-T1, TFCN2502E3341_013818-T1, TFCN2502E3341_014605-T1	
GF00004224	TFCN2502E3341_006812-T1, TFCN2502E3341_013816-T1	DBVPG3775_003391-T1
GF00004225	TFCN2502E3341_006813-T1, TFCN2502E3341_013815-T1	DBVPG3775_003392-T1
GF00004226	TFCN2502E3341_006814-T1, TFCN2502E3341_013814-T1	DBVPG3775_003393-T1
GF00004227	TFCN2502E3341_006815-T1, TFCN2502E3341_013813-T1	DBVPG3775_003394-T1
GF00004228	TFCN2502E3341_006816-T1, TFCN2502E3341_013812-T1	DBVPG3775_003395-T1
GF00004229	TFCN2502E3341_006818-T1, TFCN2502E3341_013810-T1	DBVPG3775_003397-T1
GF00004230	TFCN2502E3341_006819-T1, TFCN2502E3341_013809-T1	DBVPG3775_003398-T1
GF00004231	TFCN2502E3341_006820-T1, TFCN2502E3341_013808-T1	DBVPG3775_003399-T1
GF00004232	TFCN2502E3341_006821-T1, TFCN2502E3341_013807-T1	DBVPG3775_003400-T1
GF00004233	TFCN2502E3341_006822-T1, TFCN2502E3341_013806-T1	DBVPG3775_003401-T1
GF00004234	TFCN2502E3341_006823-T1, TFCN2502E3341_013805-T1	DBVPG3775_003402-T1
GF00004235	TFCN2502E3341_006826-T1, TFCN2502E3341_011642-T1	DBVPG3775_003405-T1
GF00004236	TFCN2502E3341_006827-T1, TFCN2502E3341_011641-T1	DBVPG3775_003406-T1
GF00004237	TFCN2502E3341_006829-T1, TFCN2502E3341_011639-T1	DBVPG3775_003408-T1
GF00004238	TFCN2502E3341_006831-T1, TFCN2502E3341_011637-T1	DBVPG3775_003410-T1
GF00004239	TFCN2502E3341_006833-T1, TFCN2502E3341_011635-T1	DBVPG3775_003412-T1
GF00004240	TFCN2502E3341_006834-T1, TFCN2502E3341_011634-T1	DBVPG3775_003413-T1
GF00004241	TFCN2502E3341_006835-T1, TFCN2502E3341_011633-T1	DBVPG3775_003414-T1
GF00004242	TFCN2502E3341_006836-T1, TFCN2502E3341_011632-T1	DBVPG3775_003415-T1
GF00004243	TFCN2502E3341_006840-T1, TFCN2502E3341_011631-T1	DBVPG3775_003419-T1
GF00004244	TFCN2502E3341_006843-T1, TFCN2502E3341_011630-T1	DBVPG3775_003421-T1
GF00004245	TFCN2502E3341_006845-T1, TFCN2502E3341_011628-T1	DBVPG3775_003423-T1
GF00004246	TFCN2502E3341_006846-T1, TFCN2502E3341_011627-T1	DBVPG3775_003424-T1
GF00004247	TFCN2502E3341_006847-T1, TFCN2502E3341_011626-T1	DBVPG3775_003425-T1
GF00004248	TFCN2502E3341_006848-T1, TFCN2502E3341_011625-T1	DBVPG3775_003426-T1
GF00004249	TFCN2502E3341_006849-T1, TFCN2502E3341_011624-T1	DBVPG3775_003427-T1
GF00004250	TFCN2502E3341_006850-T1, TFCN2502E3341_011623-T1	DBVPG3775_003428-T1
GF00004251	TFCN2502E3341_006851-T1, TFCN2502E3341_011622-T1	DBVPG3775_003429-T1
GF00004252	TFCN2502E3341_006852-T1, TFCN2502E3341_011621-T1	DBVPG3775_003430-T1
GF00004253	TFCN2502E3341_006853-T1, TFCN2502E3341_012755-T1	DBVPG3775_003431-T1
GF00004254	TFCN2502E3341_006854-T1, TFCN2502E3341_012756-T1	DBVPG3775_003432-T1
GF00004255	TFCN2502E3341_006855-T1, TFCN2502E3341_012757-T1	DBVPG3775_003433-T1
GF00004256	TFCN2502E3341_006856-T1, TFCN2502E3341_012758-T1	DBVPG3775_003434-T1
GF00004257	TFCN2502E3341_006857-T1, TFCN2502E3341_012759-T1	DBVPG3775_003435-T1
GF00004258	TFCN2502E3341_006858-T1, TFCN2502E3341_012760-T1	DBVPG3775_003436-T1
GF00004259	TFCN2502E3341_006859-T1, TFCN2502E3341_012761-T1	DBVPG3775_003437-T1
GF00004260	TFCN2502E3341_006860-T1, TFCN2502E3341_012762-T1	DBVPG3775_003438-T1
GF00004261	TFCN2502E3341_006862-T1, TFCN2502E3341_012764-T1	DBVPG3775_003440-T1
GF00004262	TFCN2502E3341_006864-T1, TFCN2502E3341_012766-T1	DBVPG3775_003442-T1
GF00004263	TFCN2502E3341_006866-T1, TFCN2502E3341_009241-T1	DBVPG3775_003444-T1
GF00004264	TFCN2502E3341_006867-T1, TFCN2502E3341_009240-T1	DBVPG3775_003445-T1
GF00004265	TFCN2502E3341_006925-T1, TFCN2502E3341_012389-T1	DBVPG3775_005035-T1
GF00004266	TFCN2502E3341_006928-T1, TFCN2502E3341_012386-T1	DBVPG3775_005032-T1
GF00004267	TFCN2502E3341_006930-T1, TFCN2502E3341_012383-T1	DBVPG3775_005030-T1
GF00004268	TFCN2502E3341_006931-T1, TFCN2502E3341_012382-T1	DBVPG3775_005029-T1
GF00004269	TFCN2502E3341_006932-T1, TFCN2502E3341_012381-T1	DBVPG3775_005028-T1
GF00004270	TFCN2502E3341_006934-T1, TFCN2502E3341_012380-T1	DBVPG3775_005027-T1
GF00004271	TFCN2502E3341_006981-T1, TFCN2502E3341_007706-T1	DBVPG3775_005859-T1
GF00004272	TFCN2502E3341_006982-T1, TFCN2502E3341_007707-T1	DBVPG3775_005860-T1
GF00004273	TFCN2502E3341_006983-T1, TFCN2502E3341_007708-T1	DBVPG3775_005861-T1
GF00004274	TFCN2502E3341_006984-T1, TFCN2502E3341_007709-T1	DBVPG3775_005862-T1
GF00004275	TFCN2502E3341_006985-T1, TFCN2502E3341_007710-T1	DBVPG3775_005863-T1
GF00004276	TFCN2502E3341_006986-T1, TFCN2502E3341_007711-T1	DBVPG3775_005864-T1
GF00004277	TFCN2502E3341_006987-T1, TFCN2502E3341_007712-T1	DBVPG3775_005865-T1
GF00004278	TFCN2502E3341_006988-T1, TFCN2502E3341_011255-T1	DBVPG3775_002385-T1
GF00004279	TFCN2502E3341_006989-T1, TFCN2502E3341_011254-T1	DBVPG3775_002386-T1
GF00004280	TFCN2502E3341_006991-T1, TFCN2502E3341_007715-T1	DBVPG3775_005868-T1
GF00004281	TFCN2502E3341_006993-T1, TFCN2502E3341_007717-T1	DBVPG3775_005870-T1
GF00004282	TFCN2502E3341_006996-T1, TFCN2502E3341_014404-T1	DBVPG3775_003538-T1
GF00004283	TFCN2502E3341_006998-T1, TFCN2502E3341_014402-T1	DBVPG3775_003536-T1
GF00004284	TFCN2502E3341_006999-T1, TFCN2502E3341_014401-T1	DBVPG3775_003535-T1
GF00004285	TFCN2502E3341_007000-T1, TFCN2502E3341_014400-T1	DBVPG3775_003534-T1
GF00004286	TFCN2502E3341_007001-T1, TFCN2502E3341_009266-T1	DBVPG3775_003533-T1
GF00004287	TFCN2502E3341_007002-T1, TFCN2502E3341_009265-T1	DBVPG3775_003532-T1
GF00004288	TFCN2502E3341_007003-T1, TFCN2502E3341_009264-T1	DBVPG3775_003531-T1
GF00004289	TFCN2502E3341_007005-T1, TFCN2502E3341_009262-T1	DBVPG3775_003529-T1
GF00004290	TFCN2502E3341_007006-T1, TFCN2502E3341_009261-T1	DBVPG3775_003528-T1
GF00004291	TFCN2502E3341_007007-T1, TFCN2502E3341_009260-T1	DBVPG3775_003527-T1
GF00004292	TFCN2502E3341_007008-T1, TFCN2502E3341_009259-T1	DBVPG3775_003526-T1
GF00004293	TFCN2502E3341_007009-T1, TFCN2502E3341_009258-T1	DBVPG3775_003525-T1
GF00004294	TFCN2502E3341_007012-T1, TFCN2502E3341_009255-T1	DBVPG3775_003522-T1
GF00004295	TFCN2502E3341_007013-T1, TFCN2502E3341_009254-T1	DBVPG3775_003521-T1
GF00004296	TFCN2502E3341_007015-T1, TFCN2502E3341_009252-T1	DBVPG3775_003519-T1
GF00004297	TFCN2502E3341_007016-T1, TFCN2502E3341_009251-T1	DBVPG3775_003518-T1
GF00004298	TFCN2502E3341_007017-T1, TFCN2502E3341_009250-T1	DBVPG3775_003517-T1
GF00004299	TFCN2502E3341_007018-T1, TFCN2502E3341_009249-T1	DBVPG3775_003516-T1
GF00004300	TFCN2502E3341_007019-T1, TFCN2502E3341_009248-T1	DBVPG3775_003515-T1
GF00004301	TFCN2502E3341_007021-T1, TFCN2502E3341_009246-T1	DBVPG3775_003513-T1
GF00004302	TFCN2502E3341_007025-T1, TFCN2502E3341_012767-T1	DBVPG3775_003509-T1
GF00004303	TFCN2502E3341_007026-T1, TFCN2502E3341_012768-T1	DBVPG3775_003508-T1
GF00004304	TFCN2502E3341_007027-T1, TFCN2502E3341_012769-T1	DBVPG3775_003507-T1
GF00004305	TFCN2502E3341_007028-T1, TFCN2502E3341_012770-T1	DBVPG3775_003506-T1
GF00004306	TFCN2502E3341_007029-T1, TFCN2502E3341_012771-T1	DBVPG3775_003505-T1
GF00004307	TFCN2502E3341_007030-T1, TFCN2502E3341_012772-T1	DBVPG3775_003504-T1
GF00004308	TFCN2502E3341_007032-T1, TFCN2502E3341_012849-T1	DBVPG3775_003500-T1
GF00004309	TFCN2502E3341_007033-T1, TFCN2502E3341_012850-T1	DBVPG3775_003499-T1
GF00004310	TFCN2502E3341_007036-T1, TFCN2502E3341_013589-T1	DBVPG3775_002589-T1
GF00004311	TFCN2502E3341_007037-T1, TFCN2502E3341_013590-T1	DBVPG3775_002588-T1
GF00004312	TFCN2502E3341_007041-T1, TFCN2502E3341_013593-T1	DBVPG3775_002584-T1
GF00004313	TFCN2502E3341_007042-T1, TFCN2502E3341_013594-T1	DBVPG3775_002583-T1
GF00004314	TFCN2502E3341_007043-T1, TFCN2502E3341_010774-T1	DBVPG3775_002582-T1
GF00004315	TFCN2502E3341_007044-T1, TFCN2502E3341_010775-T1	DBVPG3775_002581-T1
GF00004316	TFCN2502E3341_007045-T1, TFCN2502E3341_010776-T1	DBVPG3775_002580-T1
GF00004317	TFCN2502E3341_007047-T1, TFCN2502E3341_010778-T1	DBVPG3775_002578-T1
GF00004318	TFCN2502E3341_007050-T1, TFCN2502E3341_010780-T1	DBVPG3775_002576-T1
GF00004319	TFCN2502E3341_007052-T1, TFCN2502E3341_010782-T1	DBVPG3775_002574-T1
GF00004320	TFCN2502E3341_007054-T1, TFCN2502E3341_010784-T1	DBVPG3775_002572-T1
GF00004321	TFCN2502E3341_007056-T1, TFCN2502E3341_010785-T1	DBVPG3775_002570-T1
GF00004322	TFCN2502E3341_007058-T1, TFCN2502E3341_010787-T1	DBVPG3775_002568-T1
GF00004323	TFCN2502E3341_007059-T1, TFCN2502E3341_010788-T1	DBVPG3775_002567-T1
GF00004324	TFCN2502E3341_007060-T1, TFCN2502E3341_010789-T1	DBVPG3775_002566-T1
GF00004325	TFCN2502E3341_007061-T1, TFCN2502E3341_010790-T1	DBVPG3775_002565-T1
GF00004326	TFCN2502E3341_007063-T1, TFCN2502E3341_010793-T1	DBVPG3775_002562-T1
GF00004327	TFCN2502E3341_007064-T1, TFCN2502E3341_010794-T1	DBVPG3775_002561-T1
GF00004328	TFCN2502E3341_007065-T1, TFCN2502E3341_010795-T1	DBVPG3775_002560-T1
GF00004329	TFCN2502E3341_007066-T1, TFCN2502E3341_010796-T1	DBVPG3775_002559-T1
GF00004330	TFCN2502E3341_007070-T1, TFCN2502E3341_010800-T1	DBVPG3775_002555-T1
GF00004331	TFCN2502E3341_007071-T1, TFCN2502E3341_010801-T1	DBVPG3775_002554-T1
GF00004332	TFCN2502E3341_007074-T1, TFCN2502E3341_010803-T1	DBVPG3775_002552-T1
GF00004333	TFCN2502E3341_007081-T1, TFCN2502E3341_013471-T1	DBVPG3775_002546-T1
GF00004334	TFCN2502E3341_007082-T1, TFCN2502E3341_013470-T1	DBVPG3775_002545-T1
GF00004335	TFCN2502E3341_007083-T1, TFCN2502E3341_013469-T1	DBVPG3775_002544-T1
GF00004336	TFCN2502E3341_007086-T1, TFCN2502E3341_013466-T1	DBVPG3775_002541-T1
GF00004337	TFCN2502E3341_007087-T1, TFCN2502E3341_014800-T1	DBVPG3775_002540-T1
GF00004338	TFCN2502E3341_007089-T1, TFCN2502E3341_014333-T1	DBVPG3775_003369-T1
GF00004339	TFCN2502E3341_007090-T1, TFCN2502E3341_014576-T1	DBVPG3775_003370-T1
GF00004340	TFCN2502E3341_007092-T1, TFCN2502E3341_014579-T1	DBVPG3775_003372-T1
GF00004341	TFCN2502E3341_007095-T1, TFCN2502E3341_013393-T1	DBVPG3775_003376-T1
GF00004342	TFCN2502E3341_007096-T1, TFCN2502E3341_013394-T1	DBVPG3775_003377-T1
GF00004343	TFCN2502E3341_007099-T1, TFCN2502E3341_013397-T1	DBVPG3775_003380-T1
GF00004344	TFCN2502E3341_007100-T1, TFCN2502E3341_013398-T1	DBVPG3775_003381-T1
GF00004345	TFCN2502E3341_007101-T1, TFCN2502E3341_013399-T1	DBVPG3775_003382-T1
GF00004346	TFCN2502E3341_007103-T1, TFCN2502E3341_013401-T1	DBVPG3775_003384-T1
GF00004347	TFCN2502E3341_007104-T1, TFCN2502E3341_013402-T1	DBVPG3775_003385-T1
GF00004348	TFCN2502E3341_007108-T1, TFCN2502E3341_014389-T1	DBVPG3775_007355-T1
GF00004349	TFCN2502E3341_007110-T1, TFCN2502E3341_011453-T1	DBVPG3775_007357-T1
GF00004350	TFCN2502E3341_007111-T1, TFCN2502E3341_011444-T1	DBVPG3775_007358-T1
GF00004351	TFCN2502E3341_007114-T1, TFCN2502E3341_011447-T1	DBVPG3775_007361-T1
GF00004352	TFCN2502E3341_007121-T1, TFCN2502E3341_011443-T1	DBVPG3775_007450-T1
GF00004353	TFCN2502E3341_007124-T1, TFCN2502E3341_011441-T1	DBVPG3775_007453-T1
GF00004354	TFCN2502E3341_007128-T1, TFCN2502E3341_011438-T1	DBVPG3775_007456-T1
GF00004355	TFCN2502E3341_007129-T1, TFCN2502E3341_011437-T1	DBVPG3775_007457-T1
GF00004356	TFCN2502E3341_007130-T1, TFCN2502E3341_011436-T1	DBVPG3775_007458-T1
GF00004357	TFCN2502E3341_007132-T1, TFCN2502E3341_011434-T1	DBVPG3775_007460-T1
GF00004358	TFCN2502E3341_007134-T1, TFCN2502E3341_011432-T1	DBVPG3775_007462-T1
GF00004359	TFCN2502E3341_007136-T1, TFCN2502E3341_007799-T1	DBVPG3775_005611-T1
GF00004360	TFCN2502E3341_007137-T1, TFCN2502E3341_007798-T1	DBVPG3775_005610-T1
GF00004361	TFCN2502E3341_007139-T1, TFCN2502E3341_007796-T1	DBVPG3775_005608-T1
GF00004362	TFCN2502E3341_007140-T1, TFCN2502E3341_007795-T1	DBVPG3775_005607-T1
GF00004363	TFCN2502E3341_007141-T1, TFCN2502E3341_007794-T1	DBVPG3775_005606-T1
GF00004364	TFCN2502E3341_007142-T1, TFCN2502E3341_007793-T1	DBVPG3775_005605-T1
GF00004365	TFCN2502E3341_007146-T1, TFCN2502E3341_007788-T1	DBVPG3775_005601-T1
GF00004366	TFCN2502E3341_007147-T1, TFCN2502E3341_007787-T1	DBVPG3775_005600-T1
GF00004367	TFCN2502E3341_007150-T1, TFCN2502E3341_007781-T1	DBVPG3775_005594-T1
GF00004368	TFCN2502E3341_007151-T1, TFCN2502E3341_007780-T1	DBVPG3775_005593-T1
GF00004369	TFCN2502E3341_007152-T1, TFCN2502E3341_007779-T1	DBVPG3775_005592-T1
GF00004370	TFCN2502E3341_007153-T1, TFCN2502E3341_007778-T1	DBVPG3775_005591-T1
GF00004371	TFCN2502E3341_007296-T1, TFCN2502E3341_009979-T1	DBVPG3775_007542-T1
GF00004372	TFCN2502E3341_007297-T1, TFCN2502E3341_009978-T1	DBVPG3775_007541-T1
GF00004373	TFCN2502E3341_007298-T1, TFCN2502E3341_009977-T1	DBVPG3775_007540-T1
GF00004374	TFCN2502E3341_007302-T1, TFCN2502E3341_009974-T1	DBVPG3775_004595-T1
GF00004375	TFCN2502E3341_007303-T1, TFCN2502E3341_009973-T1	DBVPG3775_004596-T1
GF00004376	TFCN2502E3341_007304-T1, TFCN2502E3341_009972-T1	DBVPG3775_004597-T1
GF00004377	TFCN2502E3341_007305-T1, TFCN2502E3341_009971-T1	DBVPG3775_004598-T1
GF00004378	TFCN2502E3341_007307-T1, TFCN2502E3341_009969-T1	DBVPG3775_004600-T1
GF00004379	TFCN2502E3341_007308-T1, TFCN2502E3341_009968-T1	DBVPG3775_004601-T1
GF00004380	TFCN2502E3341_007310-T1, TFCN2502E3341_009965-T1	DBVPG3775_004604-T1
GF00004381	TFCN2502E3341_007311-T1, TFCN2502E3341_009964-T1	DBVPG3775_004605-T1
GF00004382	TFCN2502E3341_007312-T1, TFCN2502E3341_009963-T1	DBVPG3775_004606-T1
GF00004383	TFCN2502E3341_007313-T1, TFCN2502E3341_009962-T1	DBVPG3775_004607-T1
GF00004384	TFCN2502E3341_007314-T1, TFCN2502E3341_009961-T1	DBVPG3775_004608-T1
GF00004385	TFCN2502E3341_007316-T1, TFCN2502E3341_009959-T1	DBVPG3775_004610-T1
GF00004386	TFCN2502E3341_007317-T1, TFCN2502E3341_009958-T1	DBVPG3775_004611-T1
GF00004387	TFCN2502E3341_007318-T1, TFCN2502E3341_009957-T1	DBVPG3775_004612-T1
GF00004388	TFCN2502E3341_007319-T1, TFCN2502E3341_009956-T1	DBVPG3775_004613-T1
GF00004389	TFCN2502E3341_007321-T1, TFCN2502E3341_009954-T1	DBVPG3775_004615-T1
GF00004390	TFCN2502E3341_007322-T1, TFCN2502E3341_009953-T1	DBVPG3775_004616-T1
GF00004391	TFCN2502E3341_007323-T1, TFCN2502E3341_009952-T1	DBVPG3775_004617-T1
GF00004392	TFCN2502E3341_007324-T1, TFCN2502E3341_009951-T1	DBVPG3775_004618-T1
GF00004393	TFCN2502E3341_007325-T1, TFCN2502E3341_009950-T1	DBVPG3775_004619-T1
GF00004394	TFCN2502E3341_007326-T1, TFCN2502E3341_009949-T1	DBVPG3775_004620-T1
GF00004395	TFCN2502E3341_007327-T1, TFCN2502E3341_009948-T1	DBVPG3775_004621-T1
GF00004396	TFCN2502E3341_007353-T1, TFCN2502E3341_009320-T1	DBVPG3775_004371-T1
GF00004397	TFCN2502E3341_007354-T1, TFCN2502E3341_009321-T1	DBVPG3775_004372-T1
GF00004398	TFCN2502E3341_007361-T1, TFCN2502E3341_009325-T1	DBVPG3775_004379-T1
GF00004399	TFCN2502E3341_007362-T1, TFCN2502E3341_009326-T1	DBVPG3775_004380-T1
GF00004400	TFCN2502E3341_007365-T1, TFCN2502E3341_009329-T1	DBVPG3775_004383-T1
GF00004401	TFCN2502E3341_007367-T1, TFCN2502E3341_009332-T1	DBVPG3775_004385-T1
GF00004402	TFCN2502E3341_007368-T1, TFCN2502E3341_009333-T1	DBVPG3775_004386-T1
GF00004403	TFCN2502E3341_007371-T1, TFCN2502E3341_009337-T1	DBVPG3775_004390-T1
GF00004404	TFCN2502E3341_007375-T1, TFCN2502E3341_009340-T1	DBVPG3775_004393-T1
GF00004405	TFCN2502E3341_007376-T1, TFCN2502E3341_009341-T1	DBVPG3775_004394-T1
GF00004406	TFCN2502E3341_007377-T1, TFCN2502E3341_009342-T1	DBVPG3775_004395-T1
GF00004407	TFCN2502E3341_007378-T1, TFCN2502E3341_009343-T1	DBVPG3775_004396-T1
GF00004408	TFCN2502E3341_007380-T1, TFCN2502E3341_009344-T1	DBVPG3775_004398-T1
GF00004409	TFCN2502E3341_007381-T1, TFCN2502E3341_009345-T1	DBVPG3775_004399-T1
GF00004410	TFCN2502E3341_007382-T1, TFCN2502E3341_009346-T1	DBVPG3775_004400-T1
GF00004411	TFCN2502E3341_007383-T1, TFCN2502E3341_009347-T1	DBVPG3775_004401-T1
GF00004412	TFCN2502E3341_007386-T1, TFCN2502E3341_014112-T1	DBVPG3775_004404-T1
GF00004413	TFCN2502E3341_007387-T1, TFCN2502E3341_014113-T1	DBVPG3775_004405-T1
GF00004414	TFCN2502E3341_007388-T1, TFCN2502E3341_014114-T1	DBVPG3775_004406-T1
GF00004415	TFCN2502E3341_007389-T1, TFCN2502E3341_014115-T1	DBVPG3775_004407-T1
GF00004416	TFCN2502E3341_007390-T1, TFCN2502E3341_014116-T1	DBVPG3775_004408-T1
GF00004417	TFCN2502E3341_007392-T1, TFCN2502E3341_014118-T1	DBVPG3775_004410-T1
GF00004418	TFCN2502E3341_007393-T1, TFCN2502E3341_014119-T1	DBVPG3775_004411-T1
GF00004419	TFCN2502E3341_007394-T1, TFCN2502E3341_014120-T1	DBVPG3775_004412-T1
GF00004420	TFCN2502E3341_007395-T1, TFCN2502E3341_014121-T1	DBVPG3775_004413-T1
GF00004421	TFCN2502E3341_007414-T1, TFCN2502E3341_012196-T1	DBVPG3775_007012-T1
GF00004422	TFCN2502E3341_007415-T1, TFCN2502E3341_012195-T1	DBVPG3775_007013-T1
GF00004423	TFCN2502E3341_007416-T1, TFCN2502E3341_012194-T1	DBVPG3775_007014-T1
GF00004424	TFCN2502E3341_007418-T1, TFCN2502E3341_012191-T1	DBVPG3775_007017-T1
GF00004425	TFCN2502E3341_007421-T1, TFCN2502E3341_012189-T1	DBVPG3775_007019-T1
GF00004426	TFCN2502E3341_007422-T1, TFCN2502E3341_012188-T1	DBVPG3775_007020-T1
GF00004427	TFCN2502E3341_007423-T1, TFCN2502E3341_012187-T1	DBVPG3775_007021-T1
GF00004428	TFCN2502E3341_007426-T1, TFCN2502E3341_012184-T1	DBVPG3775_007024-T1
GF00004429	TFCN2502E3341_007428-T1, TFCN2502E3341_012182-T1	DBVPG3775_007026-T1
GF00004430	TFCN2502E3341_007431-T1, TFCN2502E3341_012178-T1	DBVPG3775_007029-T1
GF00004431	TFCN2502E3341_007432-T1, TFCN2502E3341_012177-T1	DBVPG3775_007030-T1
GF00004432	TFCN2502E3341_007433-T1, TFCN2502E3341_012176-T1	DBVPG3775_007031-T1
GF00004433	TFCN2502E3341_007434-T1, TFCN2502E3341_012960-T1	DBVPG3775_007032-T1
GF00004434	TFCN2502E3341_007437-T1, TFCN2502E3341_012957-T1	DBVPG3775_007035-T1
GF00004435	TFCN2502E3341_007438-T1, TFCN2502E3341_012956-T1	DBVPG3775_007036-T1
GF00004436	TFCN2502E3341_007439-T1, TFCN2502E3341_012955-T1	DBVPG3775_007037-T1
GF00004437	TFCN2502E3341_007441-T1, TFCN2502E3341_012953-T1	DBVPG3775_007039-T1
GF00004438	TFCN2502E3341_007442-T1, TFCN2502E3341_012952-T1	DBVPG3775_007040-T1
GF00004439	TFCN2502E3341_007446-T1, TFCN2502E3341_012951-T1	DBVPG3775_007043-T1
GF00004440	TFCN2502E3341_007447-T1, TFCN2502E3341_012950-T1	DBVPG3775_007044-T1
GF00004441	TFCN2502E3341_007448-T1, TFCN2502E3341_012949-T1	DBVPG3775_007045-T1
GF00004442	TFCN2502E3341_007449-T1, TFCN2502E3341_012948-T1	DBVPG3775_007046-T1
GF00004443	TFCN2502E3341_007458-T1, TFCN2502E3341_011069-T1	DBVPG3775_004834-T1
GF00004444	TFCN2502E3341_007459-T1, TFCN2502E3341_011070-T1	DBVPG3775_004835-T1
GF00004445	TFCN2502E3341_007460-T1, TFCN2502E3341_011071-T1	DBVPG3775_004836-T1
GF00004446	TFCN2502E3341_007461-T1, TFCN2502E3341_011072-T1	DBVPG3775_004837-T1
GF00004447	TFCN2502E3341_007462-T1, TFCN2502E3341_011073-T1	DBVPG3775_004838-T1
GF00004448	TFCN2502E3341_007463-T1, TFCN2502E3341_011074-T1	DBVPG3775_004839-T1
GF00004449	TFCN2502E3341_007464-T1, TFCN2502E3341_011075-T1	DBVPG3775_004840-T1
GF00004450	TFCN2502E3341_007465-T1, TFCN2502E3341_011076-T1	DBVPG3775_004841-T1
GF00004451	TFCN2502E3341_007568-T1, TFCN2502E3341_014172-T1	DBVPG3775_001013-T1
GF00004452	TFCN2502E3341_007570-T1, TFCN2502E3341_013680-T1	DBVPG3775_001011-T1
GF00004453	TFCN2502E3341_007571-T1, TFCN2502E3341_013679-T1	DBVPG3775_001010-T1
GF00004454	TFCN2502E3341_007572-T1, TFCN2502E3341_013678-T1	DBVPG3775_001009-T1
GF00004455	TFCN2502E3341_007573-T1, TFCN2502E3341_013677-T1	DBVPG3775_001008-T1
GF00004456	TFCN2502E3341_007576-T1, TFCN2502E3341_013674-T1	DBVPG3775_001005-T1
GF00004457	TFCN2502E3341_007577-T1, TFCN2502E3341_013673-T1	DBVPG3775_001004-T1
GF00004458	TFCN2502E3341_007578-T1, TFCN2502E3341_013672-T1	DBVPG3775_001003-T1
GF00004459	TFCN2502E3341_007579-T1, TFCN2502E3341_013671-T1	DBVPG3775_001002-T1
GF00004460	TFCN2502E3341_007580-T1, TFCN2502E3341_013670-T1	DBVPG3775_001001-T1
GF00004461	TFCN2502E3341_007583-T1, TFCN2502E3341_008772-T1	DBVPG3775_000998-T1
GF00004462	TFCN2502E3341_007584-T1, TFCN2502E3341_008771-T1	DBVPG3775_000997-T1
GF00004463	TFCN2502E3341_007585-T1, TFCN2502E3341_008770-T1	DBVPG3775_000996-T1
GF00004464	TFCN2502E3341_007589-T1, TFCN2502E3341_008766-T1	DBVPG3775_000992-T1
GF00004465	TFCN2502E3341_007592-T1, TFCN2502E3341_008759-T1	DBVPG3775_000989-T1
GF00004466	TFCN2502E3341_007593-T1, TFCN2502E3341_008760-T1	DBVPG3775_000988-T1
GF00004467	TFCN2502E3341_007594-T1, TFCN2502E3341_008761-T1	DBVPG3775_000987-T1
GF00004468	TFCN2502E3341_007595-T1, TFCN2502E3341_008763-T1	DBVPG3775_000986-T1
GF00004469	TFCN2502E3341_007596-T1, TFCN2502E3341_008764-T1	DBVPG3775_000985-T1
GF00004470	TFCN2502E3341_007597-T1, TFCN2502E3341_008765-T1	DBVPG3775_000984-T1
GF00004471	TFCN2502E3341_007607-T1, TFCN2502E3341_008746-T1	DBVPG3775_000974-T1
GF00004472	TFCN2502E3341_007608-T1, TFCN2502E3341_008745-T1	DBVPG3775_000973-T1
GF00004473	TFCN2502E3341_007609-T1, TFCN2502E3341_008744-T1	DBVPG3775_000972-T1
GF00004474	TFCN2502E3341_007613-T1, TFCN2502E3341_008741-T1	DBVPG3775_000967-T1
GF00004475	TFCN2502E3341_007616-T1, TFCN2502E3341_009932-T1	DBVPG3775_000113-T1
GF00004476	TFCN2502E3341_007617-T1, TFCN2502E3341_009933-T1	DBVPG3775_000112-T1
GF00004477	TFCN2502E3341_007619-T1, TFCN2502E3341_009935-T1	DBVPG3775_000110-T1
GF00004478	TFCN2502E3341_007620-T1, TFCN2502E3341_009936-T1	DBVPG3775_000109-T1
GF00004479	TFCN2502E3341_007621-T1, TFCN2502E3341_009937-T1	DBVPG3775_000108-T1
GF00004480	TFCN2502E3341_007622-T1, TFCN2502E3341_009938-T1	DBVPG3775_000107-T1
GF00004481	TFCN2502E3341_007623-T1, TFCN2502E3341_009939-T1	DBVPG3775_000106-T1
GF00004482	TFCN2502E3341_007625-T1, TFCN2502E3341_009941-T1	DBVPG3775_000104-T1
GF00004483	TFCN2502E3341_007627-T1, TFCN2502E3341_009943-T1	DBVPG3775_000102-T1
GF00004484	TFCN2502E3341_007631-T1, TFCN2502E3341_011889-T1	DBVPG3775_000099-T1
GF00004485	TFCN2502E3341_007632-T1, TFCN2502E3341_011888-T1	DBVPG3775_000098-T1
GF00004486	TFCN2502E3341_007634-T1, TFCN2502E3341_011887-T1	DBVPG3775_000096-T1
GF00004487	TFCN2502E3341_007635-T1, TFCN2502E3341_011886-T1	DBVPG3775_000095-T1
GF00004488	TFCN2502E3341_007637-T1, TFCN2502E3341_011884-T1	DBVPG3775_000093-T1
GF00004489	TFCN2502E3341_007639-T1, TFCN2502E3341_011882-T1	DBVPG3775_000091-T1
GF00004490	TFCN2502E3341_007640-T1, TFCN2502E3341_011881-T1	DBVPG3775_000090-T1
GF00004491	TFCN2502E3341_007641-T1, TFCN2502E3341_011880-T1	DBVPG3775_000089-T1
GF00004492	TFCN2502E3341_007642-T1, TFCN2502E3341_011879-T1	DBVPG3775_000088-T1
GF00004493	TFCN2502E3341_007643-T1, TFCN2502E3341_011878-T1	DBVPG3775_000087-T1
GF00004494	TFCN2502E3341_007644-T1, TFCN2502E3341_011877-T1	DBVPG3775_000086-T1
GF00004495	TFCN2502E3341_007645-T1, TFCN2502E3341_011876-T1	DBVPG3775_000085-T1
GF00004496	TFCN2502E3341_007647-T1, TFCN2502E3341_011874-T1	DBVPG3775_000083-T1
GF00004497	TFCN2502E3341_007650-T1, TFCN2502E3341_011871-T1	DBVPG3775_000080-T1
GF00004498	TFCN2502E3341_007652-T1, TFCN2502E3341_008811-T1	DBVPG3775_000078-T1
GF00004499	TFCN2502E3341_007653-T1, TFCN2502E3341_008810-T1	DBVPG3775_000077-T1
GF00004500	TFCN2502E3341_007655-T1, TFCN2502E3341_008808-T1	DBVPG3775_000075-T1
GF00004501	TFCN2502E3341_007656-T1, TFCN2502E3341_008807-T1	DBVPG3775_000074-T1
GF00004502	TFCN2502E3341_007658-T1, TFCN2502E3341_008805-T1	DBVPG3775_000072-T1
GF00004503	TFCN2502E3341_007661-T1, TFCN2502E3341_008802-T1	DBVPG3775_000069-T1
GF00004504	TFCN2502E3341_007663-T1, TFCN2502E3341_008800-T1	DBVPG3775_000067-T1
GF00004505	TFCN2502E3341_007664-T1, TFCN2502E3341_008799-T1	DBVPG3775_000066-T1
GF00004506	TFCN2502E3341_007666-T1, TFCN2502E3341_008797-T1	DBVPG3775_000064-T1
GF00004507	TFCN2502E3341_007669-T1, TFCN2502E3341_011167-T1	DBVPG3775_007201-T1
GF00004508	TFCN2502E3341_007671-T1, TFCN2502E3341_011165-T1	DBVPG3775_007203-T1
GF00004509	TFCN2502E3341_007672-T1, TFCN2502E3341_011164-T1	DBVPG3775_007204-T1
GF00004510	TFCN2502E3341_007673-T1, TFCN2502E3341_011163-T1	DBVPG3775_007205-T1
GF00004511	TFCN2502E3341_007674-T1, TFCN2502E3341_011162-T1	DBVPG3775_007206-T1
GF00004512	TFCN2502E3341_007678-T1, TFCN2502E3341_011159-T1	DBVPG3775_007209-T1
GF00004513	TFCN2502E3341_011158-T1, TFCN2502E3341_007679-T1	DBVPG3775_007210-T1
GF00004514	TFCN2502E3341_007680-T1, TFCN2502E3341_008503-T1	DBVPG3775_005831-T1
GF00004515	TFCN2502E3341_007683-T1, TFCN2502E3341_008499-T1	DBVPG3775_005835-T1
GF00004516	TFCN2502E3341_007684-T1, TFCN2502E3341_008498-T1	DBVPG3775_005836-T1
GF00004517	TFCN2502E3341_007685-T1, TFCN2502E3341_008497-T1	DBVPG3775_005837-T1
GF00004518	TFCN2502E3341_007686-T1, TFCN2502E3341_008496-T1	DBVPG3775_005838-T1
GF00004519	TFCN2502E3341_007687-T1, TFCN2502E3341_008493-T1	DBVPG3775_005840-T1
GF00004520	TFCN2502E3341_007688-T1, TFCN2502E3341_008492-T1	DBVPG3775_005841-T1
GF00004521	TFCN2502E3341_007691-T1, TFCN2502E3341_008489-T1	DBVPG3775_005844-T1
GF00004522	TFCN2502E3341_007694-T1, TFCN2502E3341_008487-T1	DBVPG3775_005846-T1
GF00004523	TFCN2502E3341_007696-T1, TFCN2502E3341_008484-T1	DBVPG3775_005849-T1
GF00004524	TFCN2502E3341_007698-T1, TFCN2502E3341_013937-T1	DBVPG3775_005851-T1
GF00004525	TFCN2502E3341_007699-T1, TFCN2502E3341_013936-T1	DBVPG3775_005852-T1
GF00004526	TFCN2502E3341_007700-T1, TFCN2502E3341_013935-T1	DBVPG3775_005853-T1
GF00004527	TFCN2502E3341_007701-T1, TFCN2502E3341_013934-T1	DBVPG3775_005854-T1
GF00004528	TFCN2502E3341_007705-T1, TFCN2502E3341_013930-T1	DBVPG3775_005858-T1
GF00004529	TFCN2502E3341_007720-T1, TFCN2502E3341_013050-T1	DBVPG3775_001115-T1
GF00004530	TFCN2502E3341_007721-T1, TFCN2502E3341_013049-T1	DBVPG3775_001114-T1
GF00004531	TFCN2502E3341_007724-T1, TFCN2502E3341_013046-T1	DBVPG3775_001111-T1
GF00004532	TFCN2502E3341_007725-T1, TFCN2502E3341_013045-T1	DBVPG3775_001110-T1
GF00004533	TFCN2502E3341_007726-T1, TFCN2502E3341_013044-T1	DBVPG3775_001109-T1
GF00004534	TFCN2502E3341_007727-T1, TFCN2502E3341_013043-T1	DBVPG3775_001108-T1
GF00004535	TFCN2502E3341_007730-T1, TFCN2502E3341_013041-T1	DBVPG3775_001105-T1
GF00004536	TFCN2502E3341_007732-T1, TFCN2502E3341_013039-T1	DBVPG3775_001103-T1
GF00004537	TFCN2502E3341_007733-T1, TFCN2502E3341_013038-T1	DBVPG3775_001102-T1
GF00004538	TFCN2502E3341_007801-T1, TFCN2502E3341_009580-T1	DBVPG3775_005613-T1
GF00004539	TFCN2502E3341_007802-T1, TFCN2502E3341_009581-T1	DBVPG3775_005614-T1
GF00004540	TFCN2502E3341_007803-T1, TFCN2502E3341_009582-T1	DBVPG3775_005615-T1
GF00004541	TFCN2502E3341_007807-T1, TFCN2502E3341_009585-T1	DBVPG3775_005619-T1
GF00004542	TFCN2502E3341_007808-T1, TFCN2502E3341_009586-T1	DBVPG3775_005620-T1
GF00004543	TFCN2502E3341_007812-T1, TFCN2502E3341_009589-T1	DBVPG3775_005623-T1
GF00004544	TFCN2502E3341_007813-T1, TFCN2502E3341_009590-T1	DBVPG3775_005624-T1
GF00004545	TFCN2502E3341_007814-T1, TFCN2502E3341_009591-T1	DBVPG3775_005625-T1
GF00004546	TFCN2502E3341_007816-T1, TFCN2502E3341_009593-T1	DBVPG3775_005627-T1
GF00004547	TFCN2502E3341_007820-T1, TFCN2502E3341_009597-T1	DBVPG3775_005630-T1
GF00004548	TFCN2502E3341_007822-T1, TFCN2502E3341_009598-T1	DBVPG3775_005631-T1
GF00004549	TFCN2502E3341_007825-T1, TFCN2502E3341_009601-T1	DBVPG3775_005634-T1
GF00004550	TFCN2502E3341_007843-T1, TFCN2502E3341_010806-T1	DBVPG3775_005891-T1
GF00004551	TFCN2502E3341_007844-T1, TFCN2502E3341_010807-T1	DBVPG3775_005892-T1
GF00004552	TFCN2502E3341_007845-T1, TFCN2502E3341_010808-T1	DBVPG3775_005893-T1
GF00004553	TFCN2502E3341_007847-T1, TFCN2502E3341_010810-T1	DBVPG3775_005895-T1
GF00004554	TFCN2502E3341_007848-T1, TFCN2502E3341_010811-T1	DBVPG3775_005896-T1
GF00004555	TFCN2502E3341_007850-T1, TFCN2502E3341_012694-T1	DBVPG3775_005898-T1
GF00004556	TFCN2502E3341_007851-T1, TFCN2502E3341_012695-T1	DBVPG3775_005899-T1
GF00004557	TFCN2502E3341_007852-T1, TFCN2502E3341_012696-T1	DBVPG3775_005900-T1
GF00004558	TFCN2502E3341_007853-T1, TFCN2502E3341_012697-T1	DBVPG3775_005901-T1
GF00004559	TFCN2502E3341_007857-T1, TFCN2502E3341_008571-T1	DBVPG3775_005904-T1
GF00004560	TFCN2502E3341_007858-T1, TFCN2502E3341_008570-T1	DBVPG3775_005905-T1
GF00004561	TFCN2502E3341_007859-T1, TFCN2502E3341_008569-T1	DBVPG3775_005906-T1
GF00004562	TFCN2502E3341_007860-T1, TFCN2502E3341_008568-T1	DBVPG3775_005907-T1
GF00004563	TFCN2502E3341_007861-T1, TFCN2502E3341_008567-T1	DBVPG3775_005908-T1
GF00004564	TFCN2502E3341_007862-T1, TFCN2502E3341_008566-T1	DBVPG3775_005909-T1
GF00004565	TFCN2502E3341_007863-T1, TFCN2502E3341_008565-T1	DBVPG3775_005910-T1
GF00004566	TFCN2502E3341_007864-T1, TFCN2502E3341_008564-T1	DBVPG3775_005911-T1
GF00004567	TFCN2502E3341_007865-T1, TFCN2502E3341_008563-T1	DBVPG3775_005912-T1
GF00004568	TFCN2502E3341_007866-T1, TFCN2502E3341_008562-T1	DBVPG3775_005913-T1
GF00004569	TFCN2502E3341_007869-T1, TFCN2502E3341_008557-T1	DBVPG3775_005916-T1
GF00004570	TFCN2502E3341_007870-T1, TFCN2502E3341_008556-T1	DBVPG3775_005917-T1
GF00004571	TFCN2502E3341_007871-T1, TFCN2502E3341_008555-T1	DBVPG3775_005918-T1
GF00004572	TFCN2502E3341_007872-T1, TFCN2502E3341_008554-T1	DBVPG3775_005919-T1
GF00004573	TFCN2502E3341_007873-T1, TFCN2502E3341_008553-T1	DBVPG3775_005920-T1
GF00004574	TFCN2502E3341_007874-T1, TFCN2502E3341_008552-T1	DBVPG3775_005921-T1
GF00004575	TFCN2502E3341_007875-T1, TFCN2502E3341_008551-T1	DBVPG3775_005922-T1
GF00004576	TFCN2502E3341_007876-T1, TFCN2502E3341_008550-T1	DBVPG3775_005923-T1
GF00004577	TFCN2502E3341_007877-T1, TFCN2502E3341_008549-T1	DBVPG3775_005924-T1
GF00004578	TFCN2502E3341_007880-T1, TFCN2502E3341_008546-T1	DBVPG3775_005926-T1
GF00004579	TFCN2502E3341_007918-T1, TFCN2502E3341_014534-T1	DBVPG3775_001771-T1
GF00004580	TFCN2502E3341_007919-T1, TFCN2502E3341_014533-T1	DBVPG3775_001770-T1
GF00004581	TFCN2502E3341_007920-T1, TFCN2502E3341_014532-T1	DBVPG3775_001769-T1
GF00004582	TFCN2502E3341_007921-T1, TFCN2502E3341_014531-T1	DBVPG3775_001768-T1
GF00004583	TFCN2502E3341_007926-T1, TFCN2502E3341_014649-T1	DBVPG3775_001763-T1
GF00004584	TFCN2502E3341_007929-T1, TFCN2502E3341_014651-T1	DBVPG3775_001761-T1
GF00004585	TFCN2502E3341_007930-T1, TFCN2502E3341_014652-T1	DBVPG3775_001760-T1
GF00004586	TFCN2502E3341_007933-T1, TFCN2502E3341_014610-T1	DBVPG3775_001758-T1
GF00004587	TFCN2502E3341_007954-T1, TFCN2502E3341_013964-T1	DBVPG3775_001608-T1
GF00004588	TFCN2502E3341_007955-T1, TFCN2502E3341_013963-T1	DBVPG3775_001609-T1
GF00004589	TFCN2502E3341_013273-T1, TFCN2502E3341_008128-T1	DBVPG3775_003243-T1
GF00004590	TFCN2502E3341_007958-T1, TFCN2502E3341_013960-T1	DBVPG3775_001612-T1
GF00004591	TFCN2502E3341_007959-T1, TFCN2502E3341_013959-T1	DBVPG3775_001613-T1
GF00004592	TFCN2502E3341_007960-T1, TFCN2502E3341_013958-T1	DBVPG3775_001614-T1
GF00004593	TFCN2502E3341_007961-T1, TFCN2502E3341_013957-T1	DBVPG3775_001615-T1
GF00004594	TFCN2502E3341_007963-T1, TFCN2502E3341_013955-T1	DBVPG3775_001617-T1
GF00004595	TFCN2502E3341_007966-T1, TFCN2502E3341_008338-T1	DBVPG3775_001619-T1
GF00004596	TFCN2502E3341_007967-T1, TFCN2502E3341_008337-T1	DBVPG3775_001620-T1
GF00004597	TFCN2502E3341_007968-T1, TFCN2502E3341_008336-T1	DBVPG3775_001621-T1
GF00004598	TFCN2502E3341_007970-T1, TFCN2502E3341_008334-T1	DBVPG3775_001624-T1
GF00004599	TFCN2502E3341_007971-T1, TFCN2502E3341_008333-T1	DBVPG3775_001625-T1
GF00004600	TFCN2502E3341_007972-T1, TFCN2502E3341_008332-T1	DBVPG3775_001626-T1
GF00004601	TFCN2502E3341_007973-T1, TFCN2502E3341_008331-T1	DBVPG3775_001627-T1
GF00004602	TFCN2502E3341_007974-T1, TFCN2502E3341_008330-T1	DBVPG3775_001628-T1
GF00004603	TFCN2502E3341_007977-T1, TFCN2502E3341_008328-T1	DBVPG3775_001631-T1
GF00004604	TFCN2502E3341_007979-T1, TFCN2502E3341_008325-T1	DBVPG3775_001633-T1
GF00004605	TFCN2502E3341_007980-T1, TFCN2502E3341_008324-T1	DBVPG3775_001634-T1
GF00004606	TFCN2502E3341_007981-T1, TFCN2502E3341_008323-T1	DBVPG3775_001635-T1
GF00004607	TFCN2502E3341_007983-T1, TFCN2502E3341_008321-T1	DBVPG3775_001637-T1
GF00004608	TFCN2502E3341_007984-T1, TFCN2502E3341_008320-T1	DBVPG3775_001638-T1
GF00004609	TFCN2502E3341_008944-T1, TFCN2502E3341_009180-T1	DBVPG3775_000306-T1
GF00004610	TFCN2502E3341_008029-T1, TFCN2502E3341_008615-T1	DBVPG3775_001515-T1
GF00004611	TFCN2502E3341_008030-T1, TFCN2502E3341_008614-T1	DBVPG3775_001516-T1
GF00004612	TFCN2502E3341_008033-T1, TFCN2502E3341_008611-T1	DBVPG3775_001519-T1
GF00004613	TFCN2502E3341_008035-T1, TFCN2502E3341_008609-T1	DBVPG3775_001522-T1
GF00004614	TFCN2502E3341_008085-T1, TFCN2502E3341_009647-T1	DBVPG3775_004945-T1
GF00004615	TFCN2502E3341_008086-T1, TFCN2502E3341_009646-T1	DBVPG3775_004946-T1
GF00004616	TFCN2502E3341_008088-T1, TFCN2502E3341_009645-T1	DBVPG3775_004948-T1
GF00004617	TFCN2502E3341_008090-T1, TFCN2502E3341_009644-T1	DBVPG3775_004949-T1
GF00004618	TFCN2502E3341_008091-T1, TFCN2502E3341_009643-T1	DBVPG3775_004950-T1
GF00004619	TFCN2502E3341_008093-T1, TFCN2502E3341_009641-T1	DBVPG3775_004952-T1
GF00004620	TFCN2502E3341_008094-T1, TFCN2502E3341_009640-T1	DBVPG3775_004953-T1
GF00004621	TFCN2502E3341_008096-T1, TFCN2502E3341_009638-T1	DBVPG3775_004955-T1
GF00004622	TFCN2502E3341_008104-T1	DBVPG3775_004964-T1, DBVPG3775_004965-T1
GF00004623	TFCN2502E3341_008106-T1, TFCN2502E3341_009634-T1	DBVPG3775_004967-T1
GF00004624	TFCN2502E3341_008109-T1, TFCN2502E3341_009632-T1	DBVPG3775_004970-T1
GF00004625	TFCN2502E3341_008110-T1, TFCN2502E3341_009631-T1	DBVPG3775_004971-T1
GF00004626	TFCN2502E3341_008111-T1	DBVPG3775_004972-T1, DBVPG3775_004973-T1
GF00004627	TFCN2502E3341_008112-T1, TFCN2502E3341_009628-T1	DBVPG3775_004974-T1
GF00004628	TFCN2502E3341_008116-T1, TFCN2502E3341_009625-T1	DBVPG3775_004975-T1
GF00004629	TFCN2502E3341_008117-T1, TFCN2502E3341_009624-T1	DBVPG3775_004976-T1
GF00004630	TFCN2502E3341_008119-T1, TFCN2502E3341_009622-T1	DBVPG3775_004978-T1
GF00004631	TFCN2502E3341_008120-T1, TFCN2502E3341_009621-T1	DBVPG3775_004979-T1
GF00004632	TFCN2502E3341_008130-T1, TFCN2502E3341_013275-T1	DBVPG3775_003241-T1
GF00004633	TFCN2502E3341_008131-T1, TFCN2502E3341_013276-T1	DBVPG3775_003240-T1
GF00004634	TFCN2502E3341_008132-T1, TFCN2502E3341_013277-T1	DBVPG3775_003239-T1
GF00004635	TFCN2502E3341_008133-T1, TFCN2502E3341_013278-T1	DBVPG3775_003238-T1
GF00004636	TFCN2502E3341_008136-T1, TFCN2502E3341_014543-T1	DBVPG3775_007596-T1
GF00004637	TFCN2502E3341_008171-T1, TFCN2502E3341_014436-T1	DBVPG3775_002788-T1
GF00004638	TFCN2502E3341_008173-T1, TFCN2502E3341_014434-T1	DBVPG3775_002786-T1
GF00004639	TFCN2502E3341_008174-T1, TFCN2502E3341_014433-T1	DBVPG3775_002785-T1
GF00004640	TFCN2502E3341_008175-T1, TFCN2502E3341_014432-T1	DBVPG3775_002784-T1
GF00004641	TFCN2502E3341_008234-T1, TFCN2502E3341_013168-T1	DBVPG3775_002121-T1
GF00004642	TFCN2502E3341_008235-T1, TFCN2502E3341_013167-T1	DBVPG3775_002122-T1
GF00004643	TFCN2502E3341_008236-T1, TFCN2502E3341_013165-T1	DBVPG3775_002123-T1
GF00004644	TFCN2502E3341_008237-T1, TFCN2502E3341_013164-T1	DBVPG3775_002124-T1
GF00004645	TFCN2502E3341_008238-T1, TFCN2502E3341_013163-T1	DBVPG3775_002125-T1
GF00004646	TFCN2502E3341_008239-T1, TFCN2502E3341_013162-T1	DBVPG3775_002126-T1
GF00004647	TFCN2502E3341_008242-T1, TFCN2502E3341_014135-T1	DBVPG3775_002129-T1
GF00004648	TFCN2502E3341_008243-T1, TFCN2502E3341_014136-T1	DBVPG3775_002130-T1
GF00004649	TFCN2502E3341_008244-T1, TFCN2502E3341_014137-T1	DBVPG3775_002131-T1
GF00004650	TFCN2502E3341_008245-T1, TFCN2502E3341_014138-T1	DBVPG3775_002132-T1
GF00004651	TFCN2502E3341_008246-T1, TFCN2502E3341_014139-T1	DBVPG3775_002133-T1
GF00004652	TFCN2502E3341_008247-T1, TFCN2502E3341_014140-T1	DBVPG3775_002134-T1
GF00004653	TFCN2502E3341_008252-T1, TFCN2502E3341_014324-T1	DBVPG3775_002139-T1
GF00004654	TFCN2502E3341_008254-T1, TFCN2502E3341_014322-T1	DBVPG3775_002141-T1
GF00004655	TFCN2502E3341_008255-T1, TFCN2502E3341_014321-T1	DBVPG3775_002142-T1
GF00004656	TFCN2502E3341_008256-T1, TFCN2502E3341_014320-T1	DBVPG3775_002143-T1
GF00004657	TFCN2502E3341_008261-T1, TFCN2502E3341_010307-T1	DBVPG3775_002148-T1
GF00004658	TFCN2502E3341_008262-T1, TFCN2502E3341_010308-T1	DBVPG3775_002149-T1
GF00004659	TFCN2502E3341_008263-T1, TFCN2502E3341_010309-T1	DBVPG3775_002150-T1
GF00004660	TFCN2502E3341_008264-T1, TFCN2502E3341_010310-T1	DBVPG3775_002151-T1
GF00004661	TFCN2502E3341_008265-T1, TFCN2502E3341_010311-T1	DBVPG3775_002152-T1
GF00004662	TFCN2502E3341_008266-T1, TFCN2502E3341_010312-T1	DBVPG3775_002153-T1
GF00004663	TFCN2502E3341_008267-T1, TFCN2502E3341_010313-T1	DBVPG3775_002154-T1
GF00004664	TFCN2502E3341_008271-T1, TFCN2502E3341_010318-T1	DBVPG3775_002158-T1
GF00004665	TFCN2502E3341_008274-T1, TFCN2502E3341_010320-T1	DBVPG3775_002161-T1
GF00004666	TFCN2502E3341_008276-T1, TFCN2502E3341_010322-T1	DBVPG3775_002163-T1
GF00004667	TFCN2502E3341_008280-T1, TFCN2502E3341_010325-T1	DBVPG3775_002166-T1
GF00004668	TFCN2502E3341_008281-T1, TFCN2502E3341_010326-T1	DBVPG3775_002167-T1
GF00004669	TFCN2502E3341_008282-T1, TFCN2502E3341_010327-T1	DBVPG3775_002168-T1
GF00004670	TFCN2502E3341_008284-T1, TFCN2502E3341_013550-T1	DBVPG3775_002170-T1
GF00004671	TFCN2502E3341_008285-T1, TFCN2502E3341_013551-T1	DBVPG3775_002171-T1
GF00004672	TFCN2502E3341_008286-T1, TFCN2502E3341_013552-T1	DBVPG3775_002172-T1
GF00004673	TFCN2502E3341_008293-T1, TFCN2502E3341_014243-T1	DBVPG3775_005428-T1
GF00004674	TFCN2502E3341_008294-T1, TFCN2502E3341_014244-T1	DBVPG3775_005429-T1
GF00004675	TFCN2502E3341_008295-T1, TFCN2502E3341_014245-T1	DBVPG3775_005430-T1
GF00004676	TFCN2502E3341_008299-T1, TFCN2502E3341_014248-T1	DBVPG3775_005433-T1
GF00004677	TFCN2502E3341_008300-T1, TFCN2502E3341_014249-T1	DBVPG3775_005434-T1
GF00004678	TFCN2502E3341_008305-T1, TFCN2502E3341_013245-T1	DBVPG3775_005437-T1
GF00004679	TFCN2502E3341_008306-T1, TFCN2502E3341_013244-T1	DBVPG3775_005438-T1
GF00004680	TFCN2502E3341_008307-T1, TFCN2502E3341_013243-T1	DBVPG3775_005439-T1
GF00004681	TFCN2502E3341_008308-T1, TFCN2502E3341_013242-T1	DBVPG3775_005440-T1
GF00004682	TFCN2502E3341_008310-T1, TFCN2502E3341_013240-T1	DBVPG3775_005442-T1
GF00004683	TFCN2502E3341_008311-T1, TFCN2502E3341_013239-T1	DBVPG3775_005443-T1
GF00004684	TFCN2502E3341_008312-T1, TFCN2502E3341_013238-T1	DBVPG3775_005444-T1
GF00004685	TFCN2502E3341_008313-T1, TFCN2502E3341_013236-T1	DBVPG3775_005446-T1
GF00004686	TFCN2502E3341_008314-T1, TFCN2502E3341_013235-T1	DBVPG3775_005447-T1
GF00004687	TFCN2502E3341_008315-T1, TFCN2502E3341_013234-T1	DBVPG3775_005448-T1
GF00004688	TFCN2502E3341_008317-T1, TFCN2502E3341_013232-T1	DBVPG3775_005450-T1
GF00004689	TFCN2502E3341_008505-T1, TFCN2502E3341_010548-T1	DBVPG3775_005829-T1
GF00004690	TFCN2502E3341_013152-T1, TFCN2502E3341_009872-T1	DBVPG3775_007102-T1
GF00004691	TFCN2502E3341_008510-T1, TFCN2502E3341_010551-T1	DBVPG3775_005824-T1
GF00004692	TFCN2502E3341_008511-T1, TFCN2502E3341_010552-T1	DBVPG3775_005823-T1
GF00004693	TFCN2502E3341_008512-T1, TFCN2502E3341_010553-T1	DBVPG3775_005822-T1
GF00004694	TFCN2502E3341_008513-T1, TFCN2502E3341_010554-T1	DBVPG3775_005821-T1
GF00004695	TFCN2502E3341_008515-T1, TFCN2502E3341_010556-T1	DBVPG3775_005819-T1
GF00004696	TFCN2502E3341_008516-T1, TFCN2502E3341_010557-T1	DBVPG3775_005818-T1
GF00004697	TFCN2502E3341_008518-T1, TFCN2502E3341_010559-T1	DBVPG3775_005816-T1
GF00004698	TFCN2502E3341_008520-T1, TFCN2502E3341_010561-T1	DBVPG3775_005814-T1
GF00004699	TFCN2502E3341_008521-T1, TFCN2502E3341_010562-T1	DBVPG3775_005813-T1
GF00004700	TFCN2502E3341_008523-T1, TFCN2502E3341_011269-T1	DBVPG3775_005811-T1
GF00004701	TFCN2502E3341_008524-T1, TFCN2502E3341_011270-T1	DBVPG3775_005810-T1
GF00004702	TFCN2502E3341_008527-T1, TFCN2502E3341_012236-T1	DBVPG3775_005948-T1
GF00004703	TFCN2502E3341_008528-T1, TFCN2502E3341_012237-T1	DBVPG3775_005947-T1
GF00004704	TFCN2502E3341_008529-T1, TFCN2502E3341_012238-T1	DBVPG3775_005946-T1
GF00004705	TFCN2502E3341_008531-T1, TFCN2502E3341_012240-T1	DBVPG3775_005944-T1
GF00004706	TFCN2502E3341_008532-T1, TFCN2502E3341_012241-T1	DBVPG3775_005943-T1
GF00004707	TFCN2502E3341_008534-T1, TFCN2502E3341_012243-T1	DBVPG3775_005941-T1
GF00004708	TFCN2502E3341_008535-T1, TFCN2502E3341_012244-T1	DBVPG3775_005940-T1
GF00004709	TFCN2502E3341_008536-T1, TFCN2502E3341_012245-T1	DBVPG3775_005939-T1
GF00004710	TFCN2502E3341_008539-T1, TFCN2502E3341_012251-T1	DBVPG3775_005933-T1
GF00004711	TFCN2502E3341_008541-T1, TFCN2502E3341_012253-T1	DBVPG3775_005931-T1
GF00004712	TFCN2502E3341_008542-T1, TFCN2502E3341_012254-T1	DBVPG3775_005930-T1
GF00004713	TFCN2502E3341_008544-T1, TFCN2502E3341_012256-T1	DBVPG3775_005928-T1
GF00004714	TFCN2502E3341_008616-T1, TFCN2502E3341_008656-T1	DBVPG3775_001514-T1
GF00004715	TFCN2502E3341_008618-T1, TFCN2502E3341_008654-T1	DBVPG3775_001512-T1
GF00004716	TFCN2502E3341_008619-T1, TFCN2502E3341_008653-T1	DBVPG3775_001511-T1
GF00004717	TFCN2502E3341_008620-T1, TFCN2502E3341_008652-T1	DBVPG3775_001510-T1
GF00004718	TFCN2502E3341_008622-T1, TFCN2502E3341_008650-T1	DBVPG3775_001508-T1
GF00004719	TFCN2502E3341_008623-T1, TFCN2502E3341_008649-T1	DBVPG3775_001507-T1
GF00004720	TFCN2502E3341_008624-T1, TFCN2502E3341_008647-T1	DBVPG3775_001506-T1
GF00004721	TFCN2502E3341_008627-T1, TFCN2502E3341_008644-T1	DBVPG3775_001503-T1
GF00004722	TFCN2502E3341_008629-T1, TFCN2502E3341_008642-T1	DBVPG3775_001501-T1
GF00004723	TFCN2502E3341_008630-T1, TFCN2502E3341_008641-T1	DBVPG3775_001500-T1
GF00004724	TFCN2502E3341_008631-T1, TFCN2502E3341_008640-T1	DBVPG3775_001499-T1
GF00004725	TFCN2502E3341_008632-T1, TFCN2502E3341_008639-T1	DBVPG3775_001498-T1
GF00004726	TFCN2502E3341_008633-T1, TFCN2502E3341_008638-T1	DBVPG3775_001497-T1
GF00004727	TFCN2502E3341_008635-T1, TFCN2502E3341_014674-T1	DBVPG3775_001494-T1
GF00004728	TFCN2502E3341_008636-T1, TFCN2502E3341_014676-T1	DBVPG3775_001495-T1
GF00004729	TFCN2502E3341_008677-T1, TFCN2502E3341_014414-T1	DBVPG3775_003858-T1
GF00004730	TFCN2502E3341_008678-T1, TFCN2502E3341_014415-T1	DBVPG3775_003857-T1
GF00004731	TFCN2502E3341_008681-T1, TFCN2502E3341_014418-T1	DBVPG3775_003854-T1
GF00004732	TFCN2502E3341_008683-T1, TFCN2502E3341_014420-T1	DBVPG3775_003852-T1
GF00004733	TFCN2502E3341_008686-T1, TFCN2502E3341_014176-T1	DBVPG3775_003849-T1
GF00004734	TFCN2502E3341_008688-T1, TFCN2502E3341_011055-T1	DBVPG3775_003847-T1
GF00004735	TFCN2502E3341_008689-T1, TFCN2502E3341_011056-T1	DBVPG3775_003846-T1
GF00004736	TFCN2502E3341_008691-T1, TFCN2502E3341_011057-T1	DBVPG3775_003844-T1
GF00004737	TFCN2502E3341_008692-T1, TFCN2502E3341_011058-T1	DBVPG3775_003843-T1
GF00004738	TFCN2502E3341_008693-T1, TFCN2502E3341_011059-T1	DBVPG3775_003842-T1
GF00004739	TFCN2502E3341_008697-T1, TFCN2502E3341_010574-T1	DBVPG3775_005760-T1
GF00004740	TFCN2502E3341_008698-T1, TFCN2502E3341_010575-T1	DBVPG3775_005761-T1
GF00004741	TFCN2502E3341_008699-T1, TFCN2502E3341_010576-T1	DBVPG3775_005762-T1
GF00004742	TFCN2502E3341_008700-T1, TFCN2502E3341_010577-T1	DBVPG3775_005766-T1
GF00004743	TFCN2502E3341_008702-T1, TFCN2502E3341_010579-T1	DBVPG3775_005768-T1
GF00004744	TFCN2502E3341_008707-T1, TFCN2502E3341_010583-T1	DBVPG3775_005773-T1
GF00004745	TFCN2502E3341_008708-T1, TFCN2502E3341_010584-T1	DBVPG3775_005774-T1
GF00004746	TFCN2502E3341_008709-T1, TFCN2502E3341_010585-T1	DBVPG3775_005775-T1
GF00004747	TFCN2502E3341_008710-T1, TFCN2502E3341_010586-T1	DBVPG3775_005776-T1
GF00004748	TFCN2502E3341_008711-T1, TFCN2502E3341_010587-T1	DBVPG3775_005777-T1
GF00004749	TFCN2502E3341_008716-T1, TFCN2502E3341_010589-T1	DBVPG3775_005783-T1
GF00004750	TFCN2502E3341_008718-T1, TFCN2502E3341_014409-T1	DBVPG3775_005785-T1
GF00004751	TFCN2502E3341_008719-T1, TFCN2502E3341_014410-T1	DBVPG3775_005786-T1
GF00004752	TFCN2502E3341_008720-T1, TFCN2502E3341_014411-T1	DBVPG3775_005787-T1
GF00004753	TFCN2502E3341_008722-T1, TFCN2502E3341_013803-T1	DBVPG3775_005789-T1
GF00004754	TFCN2502E3341_008723-T1, TFCN2502E3341_013802-T1	DBVPG3775_005790-T1
GF00004755	TFCN2502E3341_008726-T1, TFCN2502E3341_013799-T1	DBVPG3775_005793-T1
GF00004756	TFCN2502E3341_008727-T1, TFCN2502E3341_013798-T1	DBVPG3775_005794-T1
GF00004757	TFCN2502E3341_008730-T1, TFCN2502E3341_013795-T1	DBVPG3775_005797-T1
GF00004758	TFCN2502E3341_008731-T1	DBVPG3775_005798-T1, DBVPG3775_005799-T1
GF00004759	TFCN2502E3341_008732-T1, TFCN2502E3341_013794-T1	DBVPG3775_005800-T1
GF00004760	TFCN2502E3341_008733-T1, TFCN2502E3341_013793-T1	DBVPG3775_005801-T1
GF00004761	TFCN2502E3341_008775-T1, TFCN2502E3341_012729-T1	DBVPG3775_000040-T1
GF00004762	TFCN2502E3341_008776-T1, TFCN2502E3341_012728-T1	DBVPG3775_000041-T1
GF00004763	TFCN2502E3341_008777-T1, TFCN2502E3341_012727-T1	DBVPG3775_000042-T1
GF00004764	TFCN2502E3341_008778-T1, TFCN2502E3341_012726-T1	DBVPG3775_000043-T1
GF00004765	TFCN2502E3341_008779-T1, TFCN2502E3341_012725-T1	DBVPG3775_000044-T1
GF00004766	TFCN2502E3341_008781-T1, TFCN2502E3341_012723-T1	DBVPG3775_000046-T1
GF00004767	TFCN2502E3341_008782-T1, TFCN2502E3341_012722-T1	DBVPG3775_000047-T1
GF00004768	TFCN2502E3341_008783-T1, TFCN2502E3341_012721-T1	DBVPG3775_000048-T1
GF00004769	TFCN2502E3341_008785-T1, TFCN2502E3341_012775-T1	DBVPG3775_000050-T1
GF00004770	TFCN2502E3341_008786-T1, TFCN2502E3341_012776-T1	DBVPG3775_000051-T1
GF00004771	TFCN2502E3341_008788-T1, TFCN2502E3341_012778-T1	DBVPG3775_000053-T1
GF00004772	TFCN2502E3341_008790-T1, TFCN2502E3341_012780-T1	DBVPG3775_000055-T1
GF00004773	TFCN2502E3341_008791-T1, TFCN2502E3341_012781-T1	DBVPG3775_000056-T1
GF00004774	TFCN2502E3341_008792-T1, TFCN2502E3341_012782-T1	DBVPG3775_000057-T1
GF00004775	TFCN2502E3341_008793-T1, TFCN2502E3341_012783-T1	DBVPG3775_000058-T1
GF00004776	TFCN2502E3341_008795-T1, TFCN2502E3341_012785-T1	DBVPG3775_000060-T1
GF00004777	TFCN2502E3341_008796-T1, TFCN2502E3341_012786-T1	DBVPG3775_000061-T1
GF00004778	TFCN2502E3341_012230-T1, TFCN2502E3341_009402-T1	DBVPG3775_002443-T1
GF00004779	TFCN2502E3341_014547-T1, TFCN2502E3341_013634-T1	DBVPG3775_006744-T1
GF00004780	TFCN2502E3341_008831-T1, TFCN2502E3341_009139-T1	DBVPG3775_002624-T1
GF00004781	TFCN2502E3341_008834-T1, TFCN2502E3341_009136-T1	DBVPG3775_002620-T1
GF00004782	TFCN2502E3341_008835-T1, TFCN2502E3341_009135-T1	DBVPG3775_002619-T1
GF00004783	TFCN2502E3341_008837-T1, TFCN2502E3341_009132-T1	DBVPG3775_002616-T1
GF00004784	TFCN2502E3341_008838-T1, TFCN2502E3341_009131-T1	DBVPG3775_002615-T1
GF00004785	TFCN2502E3341_008839-T1, TFCN2502E3341_009130-T1	DBVPG3775_002614-T1
GF00004786	TFCN2502E3341_008840-T1, TFCN2502E3341_009129-T1	DBVPG3775_002613-T1
GF00004787	TFCN2502E3341_008841-T1, TFCN2502E3341_009128-T1	DBVPG3775_002612-T1
GF00004788	TFCN2502E3341_008842-T1, TFCN2502E3341_009127-T1	DBVPG3775_002611-T1
GF00004789	TFCN2502E3341_008845-T1, TFCN2502E3341_009124-T1	DBVPG3775_002607-T1
GF00004790	TFCN2502E3341_008847-T1, TFCN2502E3341_009121-T1	DBVPG3775_002604-T1
GF00004791	TFCN2502E3341_008848-T1, TFCN2502E3341_009120-T1	DBVPG3775_002603-T1
GF00004792	TFCN2502E3341_008849-T1, TFCN2502E3341_009119-T1	DBVPG3775_002602-T1
GF00004793	TFCN2502E3341_008861-T1, TFCN2502E3341_011344-T1	DBVPG3775_001453-T1
GF00004794	TFCN2502E3341_008863-T1, TFCN2502E3341_011342-T1	DBVPG3775_001455-T1
GF00004795	TFCN2502E3341_008864-T1, TFCN2502E3341_011341-T1	DBVPG3775_001456-T1
GF00004796	TFCN2502E3341_008865-T1, TFCN2502E3341_011340-T1	DBVPG3775_001457-T1
GF00004797	TFCN2502E3341_008866-T1, TFCN2502E3341_011339-T1	DBVPG3775_001458-T1
GF00004798	TFCN2502E3341_008868-T1, TFCN2502E3341_011337-T1	DBVPG3775_001460-T1
GF00004799	TFCN2502E3341_008869-T1, TFCN2502E3341_011336-T1	DBVPG3775_001461-T1
GF00004800	TFCN2502E3341_008870-T1, TFCN2502E3341_011335-T1	DBVPG3775_001462-T1
GF00004801	TFCN2502E3341_008871-T1, TFCN2502E3341_011334-T1	DBVPG3775_001463-T1
GF00004802	TFCN2502E3341_008874-T1, TFCN2502E3341_011331-T1	DBVPG3775_001467-T1
GF00004803	TFCN2502E3341_008875-T1, TFCN2502E3341_011330-T1	DBVPG3775_001468-T1
GF00004804	TFCN2502E3341_008876-T1, TFCN2502E3341_011329-T1	DBVPG3775_001469-T1
GF00004805	TFCN2502E3341_008880-T1, TFCN2502E3341_011325-T1	DBVPG3775_001473-T1
GF00004806	TFCN2502E3341_008881-T1, TFCN2502E3341_011324-T1	DBVPG3775_001474-T1
GF00004807	TFCN2502E3341_008887-T1, TFCN2502E3341_013407-T1	DBVPG3775_001481-T1
GF00004808	TFCN2502E3341_008891-T1, TFCN2502E3341_013411-T1	DBVPG3775_001484-T1
GF00004809	TFCN2502E3341_008892-T1, TFCN2502E3341_013412-T1	DBVPG3775_001485-T1
GF00004810	TFCN2502E3341_008935-T1, TFCN2502E3341_009188-T1	DBVPG3775_000297-T1
GF00004811	TFCN2502E3341_008937-T1, TFCN2502E3341_009186-T1	DBVPG3775_000299-T1
GF00004812	TFCN2502E3341_008939-T1, TFCN2502E3341_009184-T1	DBVPG3775_000302-T1
GF00004813	TFCN2502E3341_008940-T1, TFCN2502E3341_009183-T1	DBVPG3775_000303-T1
GF00004814	TFCN2502E3341_008941-T1, TFCN2502E3341_009182-T1	DBVPG3775_000304-T1
GF00004815	TFCN2502E3341_008945-T1, TFCN2502E3341_009179-T1	DBVPG3775_000307-T1
GF00004816	TFCN2502E3341_008946-T1, TFCN2502E3341_009178-T1	DBVPG3775_000308-T1
GF00004817	TFCN2502E3341_008947-T1, TFCN2502E3341_009177-T1	DBVPG3775_000309-T1
GF00004818	TFCN2502E3341_008949-T1, TFCN2502E3341_009175-T1	DBVPG3775_000311-T1
GF00004819	TFCN2502E3341_008951-T1, TFCN2502E3341_009173-T1	DBVPG3775_000313-T1
GF00004820	TFCN2502E3341_008952-T1, TFCN2502E3341_009172-T1	DBVPG3775_000314-T1
GF00004821	TFCN2502E3341_008954-T1, TFCN2502E3341_009170-T1	DBVPG3775_000316-T1
GF00004822	TFCN2502E3341_008956-T1, TFCN2502E3341_009168-T1	DBVPG3775_000318-T1
GF00004823	TFCN2502E3341_008957-T1, TFCN2502E3341_009167-T1	DBVPG3775_000319-T1
GF00004824	TFCN2502E3341_008958-T1, TFCN2502E3341_009166-T1	DBVPG3775_000320-T1
GF00004825	TFCN2502E3341_008959-T1, TFCN2502E3341_009165-T1	DBVPG3775_000321-T1
GF00004826	TFCN2502E3341_008960-T1, TFCN2502E3341_009164-T1	DBVPG3775_000322-T1
GF00004827	TFCN2502E3341_008961-T1, TFCN2502E3341_009163-T1	DBVPG3775_000323-T1
GF00004828	TFCN2502E3341_008962-T1, TFCN2502E3341_009162-T1	DBVPG3775_000324-T1
GF00004829	TFCN2502E3341_008963-T1, TFCN2502E3341_009161-T1	DBVPG3775_000325-T1
GF00004830	TFCN2502E3341_008964-T1, TFCN2502E3341_009160-T1	DBVPG3775_000326-T1
GF00004831	TFCN2502E3341_008965-T1, TFCN2502E3341_009159-T1	DBVPG3775_000327-T1
GF00004832	TFCN2502E3341_008966-T1, TFCN2502E3341_009158-T1	DBVPG3775_000328-T1
GF00004833	TFCN2502E3341_008967-T1, TFCN2502E3341_009157-T1	DBVPG3775_000329-T1
GF00004834	TFCN2502E3341_008968-T1, TFCN2502E3341_009156-T1	DBVPG3775_000330-T1
GF00004835	TFCN2502E3341_008969-T1, TFCN2502E3341_009155-T1	DBVPG3775_000331-T1
GF00004836	TFCN2502E3341_008970-T1, TFCN2502E3341_009154-T1	DBVPG3775_000332-T1
GF00004837	TFCN2502E3341_008973-T1, TFCN2502E3341_009151-T1	DBVPG3775_000336-T1
GF00004838	TFCN2502E3341_008974-T1, TFCN2502E3341_009150-T1	DBVPG3775_000337-T1
GF00004839	TFCN2502E3341_008975-T1, TFCN2502E3341_009149-T1	DBVPG3775_000338-T1
GF00004840	TFCN2502E3341_008977-T1, TFCN2502E3341_009147-T1	DBVPG3775_000340-T1
GF00004841	TFCN2502E3341_008978-T1, TFCN2502E3341_009146-T1	DBVPG3775_000341-T1
GF00004842	TFCN2502E3341_008979-T1, TFCN2502E3341_009145-T1	DBVPG3775_000342-T1
GF00004843	TFCN2502E3341_008985-T1, TFCN2502E3341_014309-T1	DBVPG3775_004708-T1
GF00004844	TFCN2502E3341_008986-T1, TFCN2502E3341_014310-T1	DBVPG3775_004707-T1
GF00004845	TFCN2502E3341_008987-T1, TFCN2502E3341_014311-T1	DBVPG3775_004706-T1
GF00004846	TFCN2502E3341_008988-T1, TFCN2502E3341_014312-T1	DBVPG3775_004705-T1
GF00004847	TFCN2502E3341_008989-T1, TFCN2502E3341_014313-T1	DBVPG3775_004704-T1
GF00004848	TFCN2502E3341_008990-T1, TFCN2502E3341_014314-T1	DBVPG3775_004703-T1
GF00004849	TFCN2502E3341_008993-T1, TFCN2502E3341_014342-T1	DBVPG3775_004700-T1
GF00004850	TFCN2502E3341_008995-T1, TFCN2502E3341_014344-T1	DBVPG3775_004698-T1
GF00004851	TFCN2502E3341_008996-T1, TFCN2502E3341_014345-T1	DBVPG3775_004697-T1
GF00004852	TFCN2502E3341_008997-T1, TFCN2502E3341_014346-T1	DBVPG3775_004696-T1
GF00004853	TFCN2502E3341_009000-T1, TFCN2502E3341_014700-T1	DBVPG3775_004693-T1
GF00004854	TFCN2502E3341_009001-T1, TFCN2502E3341_014756-T1	DBVPG3775_004692-T1
GF00004855	TFCN2502E3341_009002-T1, TFCN2502E3341_014755-T1	DBVPG3775_004691-T1
GF00004856	TFCN2502E3341_009004-T1, TFCN2502E3341_011776-T1	DBVPG3775_004689-T1
GF00004857	TFCN2502E3341_009005-T1, TFCN2502E3341_011775-T1	DBVPG3775_004688-T1
GF00004858	TFCN2502E3341_009006-T1, TFCN2502E3341_011774-T1	DBVPG3775_004687-T1
GF00004859	TFCN2502E3341_009009-T1, TFCN2502E3341_011771-T1	DBVPG3775_004684-T1
GF00004860	TFCN2502E3341_009010-T1, TFCN2502E3341_011770-T1	DBVPG3775_004683-T1
GF00004861	TFCN2502E3341_009012-T1, TFCN2502E3341_011768-T1	DBVPG3775_004681-T1
GF00004862	TFCN2502E3341_009013-T1, TFCN2502E3341_011767-T1	DBVPG3775_004680-T1
GF00004863	TFCN2502E3341_009014-T1, TFCN2502E3341_011766-T1	DBVPG3775_004679-T1
GF00004864	TFCN2502E3341_009016-T1, TFCN2502E3341_011764-T1	DBVPG3775_004677-T1
GF00004865	TFCN2502E3341_009017-T1, TFCN2502E3341_011763-T1	DBVPG3775_004676-T1
GF00004866	TFCN2502E3341_009018-T1, TFCN2502E3341_011762-T1	DBVPG3775_004675-T1
GF00004867	TFCN2502E3341_009022-T1, TFCN2502E3341_011759-T1	DBVPG3775_004671-T1
GF00004868	TFCN2502E3341_009023-T1, TFCN2502E3341_011758-T1	DBVPG3775_004670-T1
GF00004869	TFCN2502E3341_009024-T1, TFCN2502E3341_010909-T1	DBVPG3775_005353-T1
GF00004870	TFCN2502E3341_009025-T1, TFCN2502E3341_010910-T1	DBVPG3775_005352-T1
GF00004871	TFCN2502E3341_009027-T1, TFCN2502E3341_010912-T1	DBVPG3775_005350-T1
GF00004872	TFCN2502E3341_009028-T1, TFCN2502E3341_010913-T1	DBVPG3775_005349-T1
GF00004873	TFCN2502E3341_009029-T1, TFCN2502E3341_010914-T1	DBVPG3775_005348-T1
GF00004874	TFCN2502E3341_009030-T1, TFCN2502E3341_010915-T1	DBVPG3775_005347-T1
GF00004875	TFCN2502E3341_009032-T1, TFCN2502E3341_010917-T1	DBVPG3775_005345-T1
GF00004876	TFCN2502E3341_009033-T1, TFCN2502E3341_010918-T1	DBVPG3775_005344-T1
GF00004877	TFCN2502E3341_009034-T1, TFCN2502E3341_010919-T1	DBVPG3775_005343-T1
GF00004878	TFCN2502E3341_009035-T1, TFCN2502E3341_010920-T1	DBVPG3775_005342-T1
GF00004879	TFCN2502E3341_009037-T1, TFCN2502E3341_010922-T1	DBVPG3775_005340-T1
GF00004880	TFCN2502E3341_009038-T1, TFCN2502E3341_010923-T1	DBVPG3775_005339-T1
GF00004881	TFCN2502E3341_009039-T1, TFCN2502E3341_010924-T1	DBVPG3775_005338-T1
GF00004882	TFCN2502E3341_009040-T1, TFCN2502E3341_010925-T1	DBVPG3775_005337-T1
GF00004883	TFCN2502E3341_009041-T1, TFCN2502E3341_010926-T1	DBVPG3775_005336-T1
GF00004884	TFCN2502E3341_009043-T1, TFCN2502E3341_010928-T1	DBVPG3775_005333-T1
GF00004885	TFCN2502E3341_009045-T1, TFCN2502E3341_010930-T1	DBVPG3775_005331-T1
GF00004886	TFCN2502E3341_009046-T1, TFCN2502E3341_010931-T1	DBVPG3775_005330-T1
GF00004887	TFCN2502E3341_009047-T1, TFCN2502E3341_010932-T1	DBVPG3775_005329-T1
GF00004888	TFCN2502E3341_009048-T1, TFCN2502E3341_010933-T1	DBVPG3775_005328-T1
GF00004889	TFCN2502E3341_009050-T1, TFCN2502E3341_010935-T1	DBVPG3775_005326-T1
GF00004890	TFCN2502E3341_009051-T1, TFCN2502E3341_010936-T1	DBVPG3775_005325-T1
GF00004891	TFCN2502E3341_009109-T1, TFCN2502E3341_013585-T1	DBVPG3775_002593-T1
GF00004892	TFCN2502E3341_009110-T1, TFCN2502E3341_013586-T1	DBVPG3775_002594-T1
GF00004893	TFCN2502E3341_009114-T1, TFCN2502E3341_014430-T1	DBVPG3775_002598-T1
GF00004894	TFCN2502E3341_009115-T1, TFCN2502E3341_014429-T1	DBVPG3775_002599-T1
GF00004895	TFCN2502E3341_009116-T1, TFCN2502E3341_014428-T1	DBVPG3775_002600-T1
GF00004896	TFCN2502E3341_009221-T1, TFCN2502E3341_011728-T1	DBVPG3775_002204-T1
GF00004897	TFCN2502E3341_009222-T1, TFCN2502E3341_011727-T1	DBVPG3775_002203-T1
GF00004898	TFCN2502E3341_009225-T1, TFCN2502E3341_011725-T1	DBVPG3775_002201-T1
GF00004899	TFCN2502E3341_009226-T1, TFCN2502E3341_011724-T1	DBVPG3775_002200-T1
GF00004900	TFCN2502E3341_009227-T1, TFCN2502E3341_011723-T1	DBVPG3775_002199-T1
GF00004901	TFCN2502E3341_009228-T1, TFCN2502E3341_011722-T1	DBVPG3775_002198-T1
GF00004902	TFCN2502E3341_009229-T1, TFCN2502E3341_011721-T1	DBVPG3775_002197-T1
GF00004903	TFCN2502E3341_009235-T1, TFCN2502E3341_012132-T1	DBVPG3775_003469-T1
GF00004904	TFCN2502E3341_009236-T1, TFCN2502E3341_012131-T1	DBVPG3775_003468-T1
GF00004905	TFCN2502E3341_009237-T1, TFCN2502E3341_012130-T1	DBVPG3775_003467-T1
GF00004906	TFCN2502E3341_009276-T1, TFCN2502E3341_014565-T1	DBVPG3775_006095-T1
GF00004907	TFCN2502E3341_009277-T1, TFCN2502E3341_014566-T1	DBVPG3775_006096-T1
GF00004908	TFCN2502E3341_009278-T1, TFCN2502E3341_014567-T1	DBVPG3775_006097-T1
GF00004909	TFCN2502E3341_009279-T1, TFCN2502E3341_014223-T1	DBVPG3775_006099-T1
GF00004910	TFCN2502E3341_009283-T1, TFCN2502E3341_014227-T1	DBVPG3775_006104-T1
GF00004911	TFCN2502E3341_009287-T1, TFCN2502E3341_014232-T1	DBVPG3775_006111-T1
GF00004912	TFCN2502E3341_009288-T1, TFCN2502E3341_014233-T1	DBVPG3775_006112-T1
GF00004913	TFCN2502E3341_009293-T1, TFCN2502E3341_014490-T1	DBVPG3775_006117-T1
GF00004914	TFCN2502E3341_009294-T1, TFCN2502E3341_014491-T1	DBVPG3775_006118-T1
GF00004915	TFCN2502E3341_009295-T1, TFCN2502E3341_010992-T1	DBVPG3775_006120-T1
GF00004916	TFCN2502E3341_009297-T1, TFCN2502E3341_010994-T1	DBVPG3775_006122-T1
GF00004917	TFCN2502E3341_009298-T1, TFCN2502E3341_010995-T1	DBVPG3775_006123-T1
GF00004918	TFCN2502E3341_009299-T1, TFCN2502E3341_010996-T1	DBVPG3775_006124-T1
GF00004919	TFCN2502E3341_009300-T1, TFCN2502E3341_010997-T1	DBVPG3775_006125-T1
GF00004920	TFCN2502E3341_009302-T1, TFCN2502E3341_011000-T1	DBVPG3775_006127-T1
GF00004921	TFCN2502E3341_009303-T1, TFCN2502E3341_013503-T1	DBVPG3775_004353-T1
GF00004922	TFCN2502E3341_009304-T1, TFCN2502E3341_013504-T1	DBVPG3775_004354-T1
GF00004923	TFCN2502E3341_009305-T1, TFCN2502E3341_013505-T1	DBVPG3775_004355-T1
GF00004924	TFCN2502E3341_009306-T1, TFCN2502E3341_013506-T1	DBVPG3775_004356-T1
GF00004925	TFCN2502E3341_009309-T1, TFCN2502E3341_013509-T1	DBVPG3775_004359-T1
GF00004926	TFCN2502E3341_009310-T1, TFCN2502E3341_013510-T1	DBVPG3775_004360-T1
GF00004927	TFCN2502E3341_009311-T1, TFCN2502E3341_013511-T1	DBVPG3775_004361-T1
GF00004928	TFCN2502E3341_009312-T1, TFCN2502E3341_013512-T1	DBVPG3775_004362-T1
GF00004929	TFCN2502E3341_009313-T1, TFCN2502E3341_013513-T1	DBVPG3775_004363-T1
GF00004930	TFCN2502E3341_009350-T1, TFCN2502E3341_010535-T1	DBVPG3775_006579-T1
GF00004931	TFCN2502E3341_009359-T1, TFCN2502E3341_010531-T1	DBVPG3775_006575-T1
GF00004932	TFCN2502E3341_009361-T1, TFCN2502E3341_010528-T1	DBVPG3775_006572-T1
GF00004933	TFCN2502E3341_009362-T1, TFCN2502E3341_010527-T1	DBVPG3775_006571-T1
GF00004934	TFCN2502E3341_009363-T1, TFCN2502E3341_010526-T1	DBVPG3775_006570-T1
GF00004935	TFCN2502E3341_009364-T1, TFCN2502E3341_010525-T1	DBVPG3775_006569-T1
GF00004936	TFCN2502E3341_009366-T1, TFCN2502E3341_010523-T1	DBVPG3775_006566-T1
GF00004937	TFCN2502E3341_009367-T1, TFCN2502E3341_010522-T1	DBVPG3775_006565-T1
GF00004938	TFCN2502E3341_009372-T1, TFCN2502E3341_010518-T1	DBVPG3775_006561-T1
GF00004939	TFCN2502E3341_009373-T1, TFCN2502E3341_010517-T1	DBVPG3775_006560-T1
GF00004940	TFCN2502E3341_009374-T1, TFCN2502E3341_010516-T1	DBVPG3775_006559-T1
GF00004941	TFCN2502E3341_009375-T1, TFCN2502E3341_010515-T1	DBVPG3775_006558-T1
GF00004942	TFCN2502E3341_009376-T1, TFCN2502E3341_010514-T1	DBVPG3775_006557-T1
GF00004943	TFCN2502E3341_009379-T1, TFCN2502E3341_010511-T1	DBVPG3775_006554-T1
GF00004944	TFCN2502E3341_009380-T1, TFCN2502E3341_010510-T1	DBVPG3775_006553-T1
GF00004945	TFCN2502E3341_009381-T1, TFCN2502E3341_010509-T1	DBVPG3775_006552-T1
GF00004946	TFCN2502E3341_009389-T1, TFCN2502E3341_012217-T1	DBVPG3775_002456-T1
GF00004947	TFCN2502E3341_009390-T1, TFCN2502E3341_012218-T1	DBVPG3775_002455-T1
GF00004948	TFCN2502E3341_009391-T1, TFCN2502E3341_012219-T1	DBVPG3775_002454-T1
GF00004949	TFCN2502E3341_009392-T1, TFCN2502E3341_012220-T1	DBVPG3775_002453-T1
GF00004950	TFCN2502E3341_009393-T1, TFCN2502E3341_012221-T1	DBVPG3775_002452-T1
GF00004951	TFCN2502E3341_009394-T1, TFCN2502E3341_012222-T1	DBVPG3775_002451-T1
GF00004952	TFCN2502E3341_009395-T1, TFCN2502E3341_012223-T1	DBVPG3775_002450-T1
GF00004953	TFCN2502E3341_009396-T1, TFCN2502E3341_012224-T1	DBVPG3775_002449-T1
GF00004954	TFCN2502E3341_009397-T1, TFCN2502E3341_012225-T1	DBVPG3775_002448-T1
GF00004955	TFCN2502E3341_009398-T1, TFCN2502E3341_012226-T1	DBVPG3775_002447-T1
GF00004956	TFCN2502E3341_009400-T1, TFCN2502E3341_012228-T1	DBVPG3775_002445-T1
GF00004957	TFCN2502E3341_009403-T1, TFCN2502E3341_012231-T1	DBVPG3775_002442-T1
GF00004958	TFCN2502E3341_009404-T1, TFCN2502E3341_012232-T1	DBVPG3775_002441-T1
GF00004959	TFCN2502E3341_009405-T1, TFCN2502E3341_012233-T1	DBVPG3775_002440-T1
GF00004960	TFCN2502E3341_009408-T1, TFCN2502E3341_013874-T1	DBVPG3775_002437-T1
GF00004961	TFCN2502E3341_009409-T1, TFCN2502E3341_013875-T1	DBVPG3775_002436-T1
GF00004962	TFCN2502E3341_009411-T1, TFCN2502E3341_013877-T1	DBVPG3775_002434-T1
GF00004963	TFCN2502E3341_009412-T1, TFCN2502E3341_013878-T1	DBVPG3775_002433-T1
GF00004964	TFCN2502E3341_009413-T1, TFCN2502E3341_013880-T1	DBVPG3775_002431-T1
GF00004965	TFCN2502E3341_009414-T1, TFCN2502E3341_013881-T1	DBVPG3775_002430-T1
GF00004966	TFCN2502E3341_009415-T1, TFCN2502E3341_013882-T1	DBVPG3775_002429-T1
GF00004967	TFCN2502E3341_009417-T1, TFCN2502E3341_012111-T1	DBVPG3775_003987-T1
GF00004968	TFCN2502E3341_009418-T1, TFCN2502E3341_012110-T1	DBVPG3775_003988-T1
GF00004969	TFCN2502E3341_009419-T1, TFCN2502E3341_012109-T1	DBVPG3775_003989-T1
GF00004970	TFCN2502E3341_009420-T1, TFCN2502E3341_012108-T1	DBVPG3775_003990-T1
GF00004971	TFCN2502E3341_009421-T1, TFCN2502E3341_012107-T1	DBVPG3775_003991-T1
GF00004972	TFCN2502E3341_009424-T1, TFCN2502E3341_012104-T1	DBVPG3775_003996-T1
GF00004973	TFCN2502E3341_009502-T1, TFCN2502E3341_013986-T1	DBVPG3775_002962-T1
GF00004974	TFCN2502E3341_009505-T1, TFCN2502E3341_013984-T1	DBVPG3775_002960-T1
GF00004975	TFCN2502E3341_009506-T1, TFCN2502E3341_013983-T1	DBVPG3775_002959-T1
GF00004976	TFCN2502E3341_009507-T1, TFCN2502E3341_013982-T1	DBVPG3775_002958-T1
GF00004977	TFCN2502E3341_009508-T1, TFCN2502E3341_013981-T1	DBVPG3775_002957-T1
GF00004978	TFCN2502E3341_009509-T1, TFCN2502E3341_013980-T1	DBVPG3775_002956-T1
GF00004979	TFCN2502E3341_009510-T1, TFCN2502E3341_013979-T1	DBVPG3775_002955-T1
GF00004980	TFCN2502E3341_009511-T1, TFCN2502E3341_013978-T1	DBVPG3775_002954-T1
GF00004981	TFCN2502E3341_009512-T1, TFCN2502E3341_013977-T1	DBVPG3775_002953-T1
GF00004982	TFCN2502E3341_009513-T1, TFCN2502E3341_013976-T1	DBVPG3775_002952-T1
GF00004983	TFCN2502E3341_009536-T1, TFCN2502E3341_012286-T1	DBVPG3775_001886-T1
GF00004984	TFCN2502E3341_009537-T1, TFCN2502E3341_012287-T1	DBVPG3775_001885-T1
GF00004985	TFCN2502E3341_009538-T1, TFCN2502E3341_012288-T1	DBVPG3775_001884-T1
GF00004986	TFCN2502E3341_009539-T1, TFCN2502E3341_012289-T1	DBVPG3775_001883-T1
GF00004987	TFCN2502E3341_009540-T1, TFCN2502E3341_012290-T1	DBVPG3775_001882-T1
GF00004988	TFCN2502E3341_009544-T1, TFCN2502E3341_012293-T1	DBVPG3775_001879-T1
GF00004989	TFCN2502E3341_009545-T1, TFCN2502E3341_012294-T1	DBVPG3775_001878-T1
GF00004990	TFCN2502E3341_009546-T1, TFCN2502E3341_012295-T1	DBVPG3775_001877-T1
GF00004991	TFCN2502E3341_009547-T1, TFCN2502E3341_012296-T1	DBVPG3775_001876-T1
GF00004992	TFCN2502E3341_009548-T1, TFCN2502E3341_012297-T1	DBVPG3775_001875-T1
GF00004993	TFCN2502E3341_009549-T1, TFCN2502E3341_012298-T1	DBVPG3775_001874-T1
GF00004994	TFCN2502E3341_009552-T1, TFCN2502E3341_014757-T1	DBVPG3775_001871-T1
GF00004995	TFCN2502E3341_009553-T1, TFCN2502E3341_013871-T1	DBVPG3775_001870-T1
GF00004996	TFCN2502E3341_009554-T1, TFCN2502E3341_013870-T1	DBVPG3775_001869-T1
GF00004997	TFCN2502E3341_009555-T1, TFCN2502E3341_013869-T1	DBVPG3775_001868-T1
GF00004998	TFCN2502E3341_009556-T1, TFCN2502E3341_013868-T1	DBVPG3775_001867-T1
GF00004999	TFCN2502E3341_009558-T1, TFCN2502E3341_013867-T1	DBVPG3775_001865-T1
GF00005000	TFCN2502E3341_009559-T1, TFCN2502E3341_013866-T1	DBVPG3775_001864-T1
GF00005001	TFCN2502E3341_009560-T1, TFCN2502E3341_013865-T1	DBVPG3775_001863-T1
GF00005002	TFCN2502E3341_009561-T1, TFCN2502E3341_013864-T1	DBVPG3775_001862-T1
GF00005003	TFCN2502E3341_009562-T1, TFCN2502E3341_013863-T1	DBVPG3775_001861-T1
GF00005004	TFCN2502E3341_009565-T1, TFCN2502E3341_013860-T1	DBVPG3775_001857-T1
GF00005005	TFCN2502E3341_009566-T1, TFCN2502E3341_013859-T1	DBVPG3775_001856-T1
GF00005006	TFCN2502E3341_009609-T1, TFCN2502E3341_012415-T1	DBVPG3775_007345-T1
GF00005007	TFCN2502E3341_009614-T1, TFCN2502E3341_012410-T1	DBVPG3775_007340-T1
GF00005008	TFCN2502E3341_009615-T1, TFCN2502E3341_012409-T1	DBVPG3775_007339-T1
GF00005009	TFCN2502E3341_009616-T1, TFCN2502E3341_012408-T1	DBVPG3775_007338-T1
GF00005010	TFCN2502E3341_009684-T1, TFCN2502E3341_014507-T1	DBVPG3775_005728-T1
GF00005011	TFCN2502E3341_009685-T1, TFCN2502E3341_014508-T1	DBVPG3775_005729-T1
GF00005012	TFCN2502E3341_009686-T1, TFCN2502E3341_014509-T1	DBVPG3775_005730-T1
GF00005013	TFCN2502E3341_009687-T1, TFCN2502E3341_012355-T1	DBVPG3775_005731-T1
GF00005014	TFCN2502E3341_009688-T1, TFCN2502E3341_012354-T1	DBVPG3775_005732-T1
GF00005015	TFCN2502E3341_009689-T1, TFCN2502E3341_012353-T1	DBVPG3775_005733-T1
GF00005016	TFCN2502E3341_009690-T1, TFCN2502E3341_012352-T1	DBVPG3775_005734-T1
GF00005017	TFCN2502E3341_009693-T1, TFCN2502E3341_012350-T1	DBVPG3775_005737-T1
GF00005018	TFCN2502E3341_009694-T1, TFCN2502E3341_012349-T1	DBVPG3775_005738-T1
GF00005019	TFCN2502E3341_009695-T1, TFCN2502E3341_012348-T1	DBVPG3775_005739-T1
GF00005020	TFCN2502E3341_009696-T1, TFCN2502E3341_012347-T1	DBVPG3775_005740-T1
GF00005021	TFCN2502E3341_009700-T1, TFCN2502E3341_012344-T1	DBVPG3775_005744-T1
GF00005022	TFCN2502E3341_009702-T1, TFCN2502E3341_010564-T1	DBVPG3775_005746-T1
GF00005023	TFCN2502E3341_009703-T1, TFCN2502E3341_010565-T1	DBVPG3775_005747-T1
GF00005024	TFCN2502E3341_009704-T1, TFCN2502E3341_010566-T1	DBVPG3775_005748-T1
GF00005025	TFCN2502E3341_009705-T1, TFCN2502E3341_010567-T1	DBVPG3775_005749-T1
GF00005026	TFCN2502E3341_009707-T1, TFCN2502E3341_010569-T1	DBVPG3775_005751-T1
GF00005027	TFCN2502E3341_009718-T1, TFCN2502E3341_011406-T1	DBVPG3775_000607-T1
GF00005028	TFCN2502E3341_009753-T1, TFCN2502E3341_012789-T1	DBVPG3775_006022-T1
GF00005029	TFCN2502E3341_009755-T1, TFCN2502E3341_012791-T1	DBVPG3775_006020-T1
GF00005030	TFCN2502E3341_009756-T1, TFCN2502E3341_012792-T1	DBVPG3775_006019-T1
GF00005031	TFCN2502E3341_009757-T1, TFCN2502E3341_012793-T1	DBVPG3775_006018-T1
GF00005032	TFCN2502E3341_009758-T1, TFCN2502E3341_012794-T1	DBVPG3775_006017-T1
GF00005033	TFCN2502E3341_009759-T1, TFCN2502E3341_012795-T1	DBVPG3775_006016-T1
GF00005034	TFCN2502E3341_009765-T1, TFCN2502E3341_012798-T1	DBVPG3775_006012-T1
GF00005035	TFCN2502E3341_009766-T1, TFCN2502E3341_012799-T1	DBVPG3775_006011-T1
GF00005036	TFCN2502E3341_009767-T1, TFCN2502E3341_012800-T1	DBVPG3775_006010-T1
GF00005037	TFCN2502E3341_009770-T1, TFCN2502E3341_012803-T1	DBVPG3775_006007-T1
GF00005038	TFCN2502E3341_009773-T1, TFCN2502E3341_011111-T1	DBVPG3775_006005-T1
GF00005039	TFCN2502E3341_009774-T1, TFCN2502E3341_011110-T1	DBVPG3775_006004-T1
GF00005040	TFCN2502E3341_009775-T1, TFCN2502E3341_011109-T1	DBVPG3775_006003-T1
GF00005041	TFCN2502E3341_009776-T1, TFCN2502E3341_011108-T1	DBVPG3775_006002-T1
GF00005042	TFCN2502E3341_009777-T1, TFCN2502E3341_011107-T1	DBVPG3775_006001-T1
GF00005043	TFCN2502E3341_009778-T1, TFCN2502E3341_011106-T1	DBVPG3775_006000-T1
GF00005044	TFCN2502E3341_009779-T1, TFCN2502E3341_011105-T1	DBVPG3775_005999-T1
GF00005045	TFCN2502E3341_009780-T1, TFCN2502E3341_011104-T1	DBVPG3775_005998-T1
GF00005046	TFCN2502E3341_009781-T1, TFCN2502E3341_011103-T1	DBVPG3775_005997-T1
GF00005047	TFCN2502E3341_009783-T1, TFCN2502E3341_011101-T1	DBVPG3775_005994-T1
GF00005048	TFCN2502E3341_009784-T1, TFCN2502E3341_011100-T1	DBVPG3775_005993-T1
GF00005049	TFCN2502E3341_009785-T1, TFCN2502E3341_011099-T1	DBVPG3775_005992-T1
GF00005050	TFCN2502E3341_009786-T1, TFCN2502E3341_011098-T1	DBVPG3775_005991-T1
GF00005051	TFCN2502E3341_009788-T1, TFCN2502E3341_011096-T1	DBVPG3775_005989-T1
GF00005052	TFCN2502E3341_009790-T1, TFCN2502E3341_011094-T1	DBVPG3775_005987-T1
GF00005053	TFCN2502E3341_009833-T1, TFCN2502E3341_014454-T1	DBVPG3775_000547-T1
GF00005054	TFCN2502E3341_009835-T1, TFCN2502E3341_014452-T1	DBVPG3775_000545-T1
GF00005055	TFCN2502E3341_009836-T1, TFCN2502E3341_014451-T1	DBVPG3775_000544-T1
GF00005056	TFCN2502E3341_009838-T1, TFCN2502E3341_014480-T1	DBVPG3775_000542-T1
GF00005057	TFCN2502E3341_009839-T1, TFCN2502E3341_014481-T1	DBVPG3775_000541-T1
GF00005058	TFCN2502E3341_009841-T1, TFCN2502E3341_014482-T1	DBVPG3775_000539-T1
GF00005059	TFCN2502E3341_009842-T1, TFCN2502E3341_014483-T1	DBVPG3775_000538-T1
GF00005060	TFCN2502E3341_009843-T1, TFCN2502E3341_014484-T1	DBVPG3775_000537-T1
GF00005061	TFCN2502E3341_009845-T1, TFCN2502E3341_012682-T1	DBVPG3775_000534-T1
GF00005062	TFCN2502E3341_009846-T1, TFCN2502E3341_012681-T1	DBVPG3775_000533-T1
GF00005063	TFCN2502E3341_009847-T1, TFCN2502E3341_012680-T1	DBVPG3775_000532-T1
GF00005064	TFCN2502E3341_009848-T1, TFCN2502E3341_012679-T1	DBVPG3775_000531-T1
GF00005065	TFCN2502E3341_009849-T1, TFCN2502E3341_012678-T1	DBVPG3775_000530-T1
GF00005066	TFCN2502E3341_009850-T1, TFCN2502E3341_012677-T1	DBVPG3775_000529-T1
GF00005067	TFCN2502E3341_009851-T1, TFCN2502E3341_012676-T1	DBVPG3775_000528-T1
GF00005068	TFCN2502E3341_009857-T1, TFCN2502E3341_012673-T1	DBVPG3775_000521-T1
GF00005069	TFCN2502E3341_009858-T1, TFCN2502E3341_012672-T1	DBVPG3775_000520-T1
GF00005070	TFCN2502E3341_009859-T1, TFCN2502E3341_012671-T1	DBVPG3775_000519-T1
GF00005071	TFCN2502E3341_009860-T1, TFCN2502E3341_012670-T1	DBVPG3775_000518-T1
GF00005072	TFCN2502E3341_009861-T1, TFCN2502E3341_012669-T1	DBVPG3775_000517-T1
GF00005073	TFCN2502E3341_009862-T1, TFCN2502E3341_012668-T1	DBVPG3775_000516-T1
GF00005074	TFCN2502E3341_009863-T1, TFCN2502E3341_012667-T1	DBVPG3775_000515-T1
GF00005075	TFCN2502E3341_009865-T1, TFCN2502E3341_013160-T1	DBVPG3775_007095-T1
GF00005076	TFCN2502E3341_009870-T1, TFCN2502E3341_013154-T1	DBVPG3775_007100-T1
GF00005077	TFCN2502E3341_009874-T1, TFCN2502E3341_013151-T1	DBVPG3775_007104-T1
GF00005078	TFCN2502E3341_009966-T1, TFCN2502E3341_014425-T1	DBVPG3775_004603-T1
GF00005079	TFCN2502E3341_010033-T1, TFCN2502E3341_010058-T1	DBVPG3775_004667-T1
GF00005080	TFCN2502E3341_010068-T1, TFCN2502E3341_013493-T1	DBVPG3775_005961-T1
GF00005081	TFCN2502E3341_010072-T1, TFCN2502E3341_013498-T1	DBVPG3775_005956-T1
GF00005082	TFCN2502E3341_010073-T1, TFCN2502E3341_013499-T1	DBVPG3775_005955-T1
GF00005083	TFCN2502E3341_010074-T1, TFCN2502E3341_013500-T1	DBVPG3775_005954-T1
GF00005084	TFCN2502E3341_010075-T1, TFCN2502E3341_013501-T1	DBVPG3775_005953-T1
GF00005085	TFCN2502E3341_010079-T1, TFCN2502E3341_013919-T1	DBVPG3775_006690-T1
GF00005086	TFCN2502E3341_010080-T1, TFCN2502E3341_013918-T1	DBVPG3775_006689-T1
GF00005087	TFCN2502E3341_010081-T1, TFCN2502E3341_013917-T1	DBVPG3775_006688-T1
GF00005088	TFCN2502E3341_010082-T1, TFCN2502E3341_013916-T1	DBVPG3775_006687-T1
GF00005089	TFCN2502E3341_010083-T1, TFCN2502E3341_013915-T1	DBVPG3775_006686-T1
GF00005090	TFCN2502E3341_010085-T1, TFCN2502E3341_013912-T1	DBVPG3775_006683-T1
GF00005091	TFCN2502E3341_010086-T1, TFCN2502E3341_013911-T1	DBVPG3775_006682-T1
GF00005092	TFCN2502E3341_010087-T1, TFCN2502E3341_013910-T1	DBVPG3775_006681-T1
GF00005093	TFCN2502E3341_010088-T1, TFCN2502E3341_013909-T1	DBVPG3775_006680-T1
GF00005094	TFCN2502E3341_010089-T1, TFCN2502E3341_013908-T1	DBVPG3775_006679-T1
GF00005095	TFCN2502E3341_010092-T1, TFCN2502E3341_012583-T1	DBVPG3775_006676-T1
GF00005096	TFCN2502E3341_010093-T1, TFCN2502E3341_012582-T1	DBVPG3775_006675-T1
GF00005097	TFCN2502E3341_010094-T1, TFCN2502E3341_012581-T1	DBVPG3775_006674-T1
GF00005098	TFCN2502E3341_010096-T1, TFCN2502E3341_012579-T1	DBVPG3775_006672-T1
GF00005099	TFCN2502E3341_010097-T1, TFCN2502E3341_012578-T1	DBVPG3775_006671-T1
GF00005100	TFCN2502E3341_010100-T1, TFCN2502E3341_012575-T1	DBVPG3775_006668-T1
GF00005101	TFCN2502E3341_010102-T1, TFCN2502E3341_012573-T1	DBVPG3775_006666-T1
GF00005102	TFCN2502E3341_010104-T1, TFCN2502E3341_010341-T1	DBVPG3775_006378-T1
GF00005103	TFCN2502E3341_010105-T1, TFCN2502E3341_010340-T1	DBVPG3775_006379-T1
GF00005104	TFCN2502E3341_010106-T1, TFCN2502E3341_010339-T1	DBVPG3775_006380-T1
GF00005105	TFCN2502E3341_010107-T1, TFCN2502E3341_010338-T1	DBVPG3775_006381-T1
GF00005106	TFCN2502E3341_010171-T1, TFCN2502E3341_014596-T1	DBVPG3775_000552-T1
GF00005107	TFCN2502E3341_010174-T1, TFCN2502E3341_011171-T1	DBVPG3775_000555-T1
GF00005108	TFCN2502E3341_010175-T1, TFCN2502E3341_011172-T1	DBVPG3775_000556-T1
GF00005109	TFCN2502E3341_010176-T1, TFCN2502E3341_011173-T1	DBVPG3775_000557-T1
GF00005110	TFCN2502E3341_010183-T1, TFCN2502E3341_011592-T1	DBVPG3775_000563-T1
GF00005111	TFCN2502E3341_010185-T1, TFCN2502E3341_011590-T1	DBVPG3775_000565-T1
GF00005112	TFCN2502E3341_010186-T1, TFCN2502E3341_011589-T1	DBVPG3775_000566-T1
GF00005113	TFCN2502E3341_010187-T1, TFCN2502E3341_011588-T1	DBVPG3775_000567-T1
GF00005114	TFCN2502E3341_010188-T1, TFCN2502E3341_011587-T1	DBVPG3775_000568-T1
GF00005115	TFCN2502E3341_010189-T1, TFCN2502E3341_011586-T1	DBVPG3775_000569-T1
GF00005116	TFCN2502E3341_010190-T1, TFCN2502E3341_011585-T1	DBVPG3775_000570-T1
GF00005117	TFCN2502E3341_010191-T1, TFCN2502E3341_011584-T1	DBVPG3775_000571-T1
GF00005118	TFCN2502E3341_010192-T1, TFCN2502E3341_011583-T1	DBVPG3775_000572-T1
GF00005119	TFCN2502E3341_010194-T1, TFCN2502E3341_011024-T1	DBVPG3775_000575-T1
GF00005120	TFCN2502E3341_010198-T1, TFCN2502E3341_011028-T1	DBVPG3775_000579-T1
GF00005121	TFCN2502E3341_010199-T1, TFCN2502E3341_011029-T1	DBVPG3775_000580-T1
GF00005122	TFCN2502E3341_010200-T1, TFCN2502E3341_011030-T1	DBVPG3775_000581-T1
GF00005123	TFCN2502E3341_010201-T1, TFCN2502E3341_011031-T1	DBVPG3775_000582-T1
GF00005124	TFCN2502E3341_010202-T1, TFCN2502E3341_011032-T1	DBVPG3775_000583-T1
GF00005125	TFCN2502E3341_010329-T1, TFCN2502E3341_011544-T1	DBVPG3775_002733-T1
GF00005126	TFCN2502E3341_010330-T1, TFCN2502E3341_011543-T1	DBVPG3775_002734-T1
GF00005127	TFCN2502E3341_010331-T1, TFCN2502E3341_011542-T1	DBVPG3775_002735-T1
GF00005128	TFCN2502E3341_010333-T1, TFCN2502E3341_011540-T1	DBVPG3775_002737-T1
GF00005129	TFCN2502E3341_010335-T1, TFCN2502E3341_011538-T1	DBVPG3775_002739-T1
GF00005130	TFCN2502E3341_010336-T1, TFCN2502E3341_011537-T1	DBVPG3775_002740-T1
GF00005131	TFCN2502E3341_010346-T1, TFCN2502E3341_012901-T1	DBVPG3775_006373-T1
GF00005132	TFCN2502E3341_010347-T1, TFCN2502E3341_012900-T1	DBVPG3775_006372-T1
GF00005133	TFCN2502E3341_010350-T1, TFCN2502E3341_012897-T1	DBVPG3775_006369-T1
GF00005134	TFCN2502E3341_010351-T1, TFCN2502E3341_012896-T1	DBVPG3775_006368-T1
GF00005135	TFCN2502E3341_010352-T1, TFCN2502E3341_012895-T1	DBVPG3775_006367-T1
GF00005136	TFCN2502E3341_010353-T1, TFCN2502E3341_012894-T1	DBVPG3775_006366-T1
GF00005137	TFCN2502E3341_010354-T1, TFCN2502E3341_012893-T1	DBVPG3775_006365-T1
GF00005138	TFCN2502E3341_010355-T1, TFCN2502E3341_012892-T1	DBVPG3775_006364-T1
GF00005139	TFCN2502E3341_010356-T1, TFCN2502E3341_012891-T1	DBVPG3775_006363-T1
GF00005140	TFCN2502E3341_010358-T1, TFCN2502E3341_012889-T1	DBVPG3775_006361-T1
GF00005141	TFCN2502E3341_010359-T1, TFCN2502E3341_012888-T1	DBVPG3775_006360-T1
GF00005142	TFCN2502E3341_010360-T1, TFCN2502E3341_012887-T1	DBVPG3775_006359-T1
GF00005143	TFCN2502E3341_010361-T1, TFCN2502E3341_012886-T1	DBVPG3775_006358-T1
GF00005144	TFCN2502E3341_010366-T1, TFCN2502E3341_013318-T1	DBVPG3775_006353-T1
GF00005145	TFCN2502E3341_010367-T1, TFCN2502E3341_013319-T1	DBVPG3775_006352-T1
GF00005146	TFCN2502E3341_010368-T1, TFCN2502E3341_013320-T1	DBVPG3775_006351-T1
GF00005147	TFCN2502E3341_010369-T1, TFCN2502E3341_013321-T1	DBVPG3775_006350-T1
GF00005148	TFCN2502E3341_010370-T1, TFCN2502E3341_013323-T1	DBVPG3775_006348-T1
GF00005149	TFCN2502E3341_010372-T1, TFCN2502E3341_013325-T1	DBVPG3775_006346-T1
GF00005150	TFCN2502E3341_010374-T1, TFCN2502E3341_013327-T1	DBVPG3775_006344-T1
GF00005151	TFCN2502E3341_010375-T1, TFCN2502E3341_013328-T1	DBVPG3775_006343-T1
GF00005152	TFCN2502E3341_010376-T1, TFCN2502E3341_013329-T1	DBVPG3775_006342-T1
GF00005153	TFCN2502E3341_010378-T1, TFCN2502E3341_014261-T1	DBVPG3775_005512-T1
GF00005154	TFCN2502E3341_010379-T1, TFCN2502E3341_014262-T1	DBVPG3775_005513-T1
GF00005155	TFCN2502E3341_010380-T1, TFCN2502E3341_014263-T1	DBVPG3775_005514-T1
GF00005156	TFCN2502E3341_010381-T1, TFCN2502E3341_014264-T1	DBVPG3775_005515-T1
GF00005157	TFCN2502E3341_010382-T1, TFCN2502E3341_014265-T1	DBVPG3775_005516-T1
GF00005158	TFCN2502E3341_010383-T1, TFCN2502E3341_014266-T1	DBVPG3775_005517-T1
GF00005159	TFCN2502E3341_010385-T1, TFCN2502E3341_010878-T1	DBVPG3775_005519-T1
GF00005160	TFCN2502E3341_010386-T1, TFCN2502E3341_010879-T1	DBVPG3775_005520-T1
GF00005161	TFCN2502E3341_010388-T1, TFCN2502E3341_010881-T1	DBVPG3775_005522-T1
GF00005162	TFCN2502E3341_010389-T1, TFCN2502E3341_010882-T1	DBVPG3775_005523-T1
GF00005163	TFCN2502E3341_010390-T1, TFCN2502E3341_010883-T1	DBVPG3775_005524-T1
GF00005164	TFCN2502E3341_010392-T1, TFCN2502E3341_010884-T1	DBVPG3775_005526-T1
GF00005165	TFCN2502E3341_010397-T1, TFCN2502E3341_010887-T1	DBVPG3775_005530-T1
GF00005166	TFCN2502E3341_010399-T1, TFCN2502E3341_010889-T1	DBVPG3775_005532-T1
GF00005167	TFCN2502E3341_010402-T1, TFCN2502E3341_010892-T1	DBVPG3775_005535-T1
GF00005168	TFCN2502E3341_010403-T1, TFCN2502E3341_010893-T1	DBVPG3775_005536-T1
GF00005169	TFCN2502E3341_010404-T1, TFCN2502E3341_010894-T1	DBVPG3775_005537-T1
GF00005170	TFCN2502E3341_010405-T1, TFCN2502E3341_010895-T1	DBVPG3775_005538-T1
GF00005171	TFCN2502E3341_010406-T1, TFCN2502E3341_010896-T1	DBVPG3775_005539-T1
GF00005172	TFCN2502E3341_010409-T1, TFCN2502E3341_010899-T1	DBVPG3775_005542-T1
GF00005173	TFCN2502E3341_010538-T1, TFCN2502E3341_011147-T1	DBVPG3775_007220-T1
GF00005174	TFCN2502E3341_010539-T1, TFCN2502E3341_011148-T1	DBVPG3775_007219-T1
GF00005175	TFCN2502E3341_010541-T1, TFCN2502E3341_011151-T1	DBVPG3775_007216-T1
GF00005176	TFCN2502E3341_010542-T1, TFCN2502E3341_011152-T1	DBVPG3775_007215-T1
GF00005177	TFCN2502E3341_010543-T1, TFCN2502E3341_011153-T1	DBVPG3775_007214-T1
GF00005178	TFCN2502E3341_010545-T1, TFCN2502E3341_011156-T1	DBVPG3775_007212-T1
GF00005179	TFCN2502E3341_010546-T1, TFCN2502E3341_011157-T1	DBVPG3775_007211-T1
GF00005180	TFCN2502E3341_010627-T1, TFCN2502E3341_013362-T1	DBVPG3775_000696-T1
GF00005181	TFCN2502E3341_010628-T1, TFCN2502E3341_013361-T1	DBVPG3775_000697-T1
GF00005182	TFCN2502E3341_010631-T1, TFCN2502E3341_013358-T1	DBVPG3775_000700-T1
GF00005183	TFCN2502E3341_010636-T1, TFCN2502E3341_013352-T1	DBVPG3775_000705-T1
GF00005184	TFCN2502E3341_010638-T1, TFCN2502E3341_013350-T1	DBVPG3775_000707-T1
GF00005185	TFCN2502E3341_010639-T1, TFCN2502E3341_013349-T1	DBVPG3775_000708-T1
GF00005186	TFCN2502E3341_010641-T1, TFCN2502E3341_012422-T1	DBVPG3775_000710-T1
GF00005187	TFCN2502E3341_010642-T1, TFCN2502E3341_012423-T1	DBVPG3775_000711-T1
GF00005188	TFCN2502E3341_010643-T1, TFCN2502E3341_012424-T1	DBVPG3775_000712-T1
GF00005189	TFCN2502E3341_010645-T1, TFCN2502E3341_012426-T1	DBVPG3775_000714-T1
GF00005190	TFCN2502E3341_010646-T1, TFCN2502E3341_012427-T1	DBVPG3775_000715-T1
GF00005191	TFCN2502E3341_010648-T1, TFCN2502E3341_012429-T1	DBVPG3775_000717-T1
GF00005192	TFCN2502E3341_010650-T1, TFCN2502E3341_012430-T1	DBVPG3775_000719-T1
GF00005193	TFCN2502E3341_010651-T1, TFCN2502E3341_012431-T1	DBVPG3775_000720-T1
GF00005194	TFCN2502E3341_010653-T1, TFCN2502E3341_012433-T1	DBVPG3775_000722-T1
GF00005195	TFCN2502E3341_010654-T1, TFCN2502E3341_012434-T1	DBVPG3775_000723-T1
GF00005196	TFCN2502E3341_010655-T1, TFCN2502E3341_012435-T1	DBVPG3775_000724-T1
GF00005197	TFCN2502E3341_010656-T1, TFCN2502E3341_012436-T1	DBVPG3775_000725-T1
GF00005198	TFCN2502E3341_010718-T1, TFCN2502E3341_011477-T1	DBVPG3775_002781-T1
GF00005199	TFCN2502E3341_010719-T1, TFCN2502E3341_011478-T1	DBVPG3775_002780-T1
GF00005200	TFCN2502E3341_010720-T1, TFCN2502E3341_011479-T1	DBVPG3775_002779-T1
GF00005201	TFCN2502E3341_010721-T1, TFCN2502E3341_011480-T1	DBVPG3775_002778-T1
GF00005202	TFCN2502E3341_010722-T1, TFCN2502E3341_011481-T1	DBVPG3775_002777-T1
GF00005203	TFCN2502E3341_010723-T1, TFCN2502E3341_011482-T1	DBVPG3775_002776-T1
GF00005204	TFCN2502E3341_010725-T1, TFCN2502E3341_011483-T1	DBVPG3775_002774-T1
GF00005205	TFCN2502E3341_010726-T1, TFCN2502E3341_011484-T1	DBVPG3775_002773-T1
GF00005206	TFCN2502E3341_010727-T1, TFCN2502E3341_011485-T1	DBVPG3775_002772-T1
GF00005207	TFCN2502E3341_010728-T1, TFCN2502E3341_011486-T1	DBVPG3775_002771-T1
GF00005208	TFCN2502E3341_010729-T1, TFCN2502E3341_011487-T1	DBVPG3775_002770-T1
GF00005209	TFCN2502E3341_010730-T1, TFCN2502E3341_011489-T1	DBVPG3775_002769-T1
GF00005210	TFCN2502E3341_010731-T1, TFCN2502E3341_011488-T1	DBVPG3775_002768-T1
GF00005211	TFCN2502E3341_010732-T1, TFCN2502E3341_011490-T1	DBVPG3775_002767-T1
GF00005212	TFCN2502E3341_010733-T1, TFCN2502E3341_011491-T1	DBVPG3775_002766-T1
GF00005213	TFCN2502E3341_010734-T1, TFCN2502E3341_011492-T1	DBVPG3775_002765-T1
GF00005214	TFCN2502E3341_010735-T1, TFCN2502E3341_011493-T1	DBVPG3775_002764-T1
GF00005215	TFCN2502E3341_010736-T1, TFCN2502E3341_011494-T1	DBVPG3775_002763-T1
GF00005216	TFCN2502E3341_010737-T1, TFCN2502E3341_011495-T1	DBVPG3775_002762-T1
GF00005217	TFCN2502E3341_010738-T1, TFCN2502E3341_011496-T1	DBVPG3775_002761-T1
GF00005218	TFCN2502E3341_010739-T1, TFCN2502E3341_011497-T1	DBVPG3775_002760-T1
GF00005219	TFCN2502E3341_010740-T1, TFCN2502E3341_011498-T1	DBVPG3775_002759-T1
GF00005220	TFCN2502E3341_010741-T1, TFCN2502E3341_011499-T1	DBVPG3775_002758-T1
GF00005221	TFCN2502E3341_010754-T1, TFCN2502E3341_014742-T1	DBVPG3775_006516-T1
GF00005222	TFCN2502E3341_010756-T1, TFCN2502E3341_014631-T1	DBVPG3775_006517-T1
GF00005223	TFCN2502E3341_010760-T1, TFCN2502E3341_011895-T1	DBVPG3775_006521-T1
GF00005224	TFCN2502E3341_010761-T1, TFCN2502E3341_011896-T1	DBVPG3775_006522-T1
GF00005225	TFCN2502E3341_010766-T1, TFCN2502E3341_011900-T1	DBVPG3775_006527-T1
GF00005226	TFCN2502E3341_010771-T1, TFCN2502E3341_011905-T1	DBVPG3775_006532-T1
GF00005227	TFCN2502E3341_010772-T1, TFCN2502E3341_011906-T1	DBVPG3775_006533-T1
GF00005228	TFCN2502E3341_010840-T1, TFCN2502E3341_012058-T1	DBVPG3775_004710-T1
GF00005229	TFCN2502E3341_010843-T1, TFCN2502E3341_012055-T1	DBVPG3775_004713-T1
GF00005230	TFCN2502E3341_010844-T1, TFCN2502E3341_012054-T1	DBVPG3775_004714-T1
GF00005231	TFCN2502E3341_010845-T1, TFCN2502E3341_012053-T1	DBVPG3775_004715-T1
GF00005232	TFCN2502E3341_010846-T1, TFCN2502E3341_012052-T1	DBVPG3775_004716-T1
GF00005233	TFCN2502E3341_010848-T1, TFCN2502E3341_012050-T1	DBVPG3775_004718-T1
GF00005234	TFCN2502E3341_010849-T1, TFCN2502E3341_012049-T1	DBVPG3775_004719-T1
GF00005235	TFCN2502E3341_010850-T1, TFCN2502E3341_012048-T1	DBVPG3775_004720-T1
GF00005236	TFCN2502E3341_010853-T1, TFCN2502E3341_012045-T1	DBVPG3775_004723-T1
GF00005237	TFCN2502E3341_010854-T1, TFCN2502E3341_012044-T1	DBVPG3775_004724-T1
GF00005238	TFCN2502E3341_010856-T1, TFCN2502E3341_012042-T1	DBVPG3775_004726-T1
GF00005239	TFCN2502E3341_010857-T1, TFCN2502E3341_012041-T1	DBVPG3775_004727-T1
GF00005240	TFCN2502E3341_010858-T1, TFCN2502E3341_012040-T1	DBVPG3775_004728-T1
GF00005241	TFCN2502E3341_010864-T1, TFCN2502E3341_012033-T1	DBVPG3775_004733-T1
GF00005242	TFCN2502E3341_010869-T1, TFCN2502E3341_011974-T1	DBVPG3775_004738-T1
GF00005243	TFCN2502E3341_010871-T1, TFCN2502E3341_011972-T1	DBVPG3775_004740-T1
GF00005244	TFCN2502E3341_010873-T1, TFCN2502E3341_011970-T1	DBVPG3775_004742-T1
GF00005245	TFCN2502E3341_010874-T1, TFCN2502E3341_011969-T1	DBVPG3775_004743-T1
GF00005246	TFCN2502E3341_010875-T1, TFCN2502E3341_011968-T1	DBVPG3775_004744-T1
GF00005247	TFCN2502E3341_010876-T1, TFCN2502E3341_011967-T1	DBVPG3775_004745-T1
GF00005248	TFCN2502E3341_010942-T1, TFCN2502E3341_013464-T1	DBVPG3775_006759-T1
GF00005249	TFCN2502E3341_010943-T1, TFCN2502E3341_013463-T1	DBVPG3775_006760-T1
GF00005250	TFCN2502E3341_010944-T1, TFCN2502E3341_013462-T1	DBVPG3775_006761-T1
GF00005251	TFCN2502E3341_010946-T1, TFCN2502E3341_013461-T1	DBVPG3775_006763-T1
GF00005252	TFCN2502E3341_010947-T1, TFCN2502E3341_013460-T1	DBVPG3775_006764-T1
GF00005253	TFCN2502E3341_010948-T1, TFCN2502E3341_013459-T1	DBVPG3775_006765-T1
GF00005254	TFCN2502E3341_010951-T1, TFCN2502E3341_013769-T1	DBVPG3775_006768-T1
GF00005255	TFCN2502E3341_010952-T1, TFCN2502E3341_013770-T1	DBVPG3775_006769-T1
GF00005256	TFCN2502E3341_010953-T1, TFCN2502E3341_013771-T1	DBVPG3775_006770-T1
GF00005257	TFCN2502E3341_010954-T1, TFCN2502E3341_013772-T1	DBVPG3775_006771-T1
GF00005258	TFCN2502E3341_010955-T1, TFCN2502E3341_013773-T1	DBVPG3775_006772-T1
GF00005259	TFCN2502E3341_010957-T1, TFCN2502E3341_013774-T1	DBVPG3775_006775-T1
GF00005260	TFCN2502E3341_010958-T1, TFCN2502E3341_013775-T1	DBVPG3775_006776-T1
GF00005261	TFCN2502E3341_010959-T1, TFCN2502E3341_013776-T1	DBVPG3775_006778-T1
GF00005262	TFCN2502E3341_011004-T1, TFCN2502E3341_012208-T1	DBVPG3775_006131-T1
GF00005263	TFCN2502E3341_011005-T1, TFCN2502E3341_012209-T1	DBVPG3775_006132-T1
GF00005264	TFCN2502E3341_011011-T1, TFCN2502E3341_012211-T1	DBVPG3775_006137-T1
GF00005265	TFCN2502E3341_011012-T1, TFCN2502E3341_012212-T1	DBVPG3775_006138-T1
GF00005266	TFCN2502E3341_011017-T1, TFCN2502E3341_012216-T1	DBVPG3775_006141-T1
GF00005267	TFCN2502E3341_011019-T1, TFCN2502E3341_014351-T1	DBVPG3775_006144-T1
GF00005268	TFCN2502E3341_011020-T1, TFCN2502E3341_014350-T1	DBVPG3775_006145-T1
GF00005269	TFCN2502E3341_011021-T1, TFCN2502E3341_014349-T1	DBVPG3775_006146-T1
GF00005270	TFCN2502E3341_011036-T1, TFCN2502E3341_011430-T1	DBVPG3775_000585-T1
GF00005271	TFCN2502E3341_011037-T1, TFCN2502E3341_011429-T1	DBVPG3775_000586-T1
GF00005272	TFCN2502E3341_011038-T1, TFCN2502E3341_011428-T1	DBVPG3775_000587-T1
GF00005273	TFCN2502E3341_011039-T1, TFCN2502E3341_011427-T1	DBVPG3775_000588-T1
GF00005274	TFCN2502E3341_011041-T1, TFCN2502E3341_011425-T1	DBVPG3775_000590-T1
GF00005275	TFCN2502E3341_011048-T1, TFCN2502E3341_011420-T1	DBVPG3775_000595-T1
GF00005276	TFCN2502E3341_011050-T1, TFCN2502E3341_011417-T1	DBVPG3775_000598-T1
GF00005277	TFCN2502E3341_011052-T1, TFCN2502E3341_011415-T1	DBVPG3775_000600-T1
GF00005278	TFCN2502E3341_011082-T1, TFCN2502E3341_013018-T1	DBVPG3775_005973-T1
GF00005279	TFCN2502E3341_011083-T1, TFCN2502E3341_013019-T1	DBVPG3775_005974-T1
GF00005280	TFCN2502E3341_011084-T1, TFCN2502E3341_013020-T1	DBVPG3775_005975-T1
GF00005281	TFCN2502E3341_011085-T1, TFCN2502E3341_013021-T1	DBVPG3775_005976-T1
GF00005282	TFCN2502E3341_011086-T1, TFCN2502E3341_013022-T1	DBVPG3775_005978-T1
GF00005283	TFCN2502E3341_011087-T1, TFCN2502E3341_013023-T1	DBVPG3775_005979-T1
GF00005284	TFCN2502E3341_011088-T1, TFCN2502E3341_013024-T1	DBVPG3775_005980-T1
GF00005285	TFCN2502E3341_011090-T1, TFCN2502E3341_014655-T1	DBVPG3775_005982-T1
GF00005286	TFCN2502E3341_011091-T1, TFCN2502E3341_014654-T1	DBVPG3775_005983-T1
GF00005287	TFCN2502E3341_011220-T1, TFCN2502E3341_012072-T1	DBVPG3775_004258-T1
GF00005288	TFCN2502E3341_011221-T1, TFCN2502E3341_012071-T1	DBVPG3775_004257-T1
GF00005289	TFCN2502E3341_011222-T1, TFCN2502E3341_012070-T1	DBVPG3775_004256-T1
GF00005290	TFCN2502E3341_011223-T1, TFCN2502E3341_012069-T1	DBVPG3775_004255-T1
GF00005291	TFCN2502E3341_011225-T1, TFCN2502E3341_012068-T1	DBVPG3775_004254-T1
GF00005292	TFCN2502E3341_011227-T1, TFCN2502E3341_012066-T1	DBVPG3775_004252-T1
GF00005293	TFCN2502E3341_011228-T1, TFCN2502E3341_012065-T1	DBVPG3775_004251-T1
GF00005294	TFCN2502E3341_011231-T1, TFCN2502E3341_012063-T1	DBVPG3775_004248-T1
GF00005295	TFCN2502E3341_011232-T1, TFCN2502E3341_012062-T1	DBVPG3775_004247-T1
GF00005296	TFCN2502E3341_011234-T1, TFCN2502E3341_012061-T1	DBVPG3775_004245-T1
GF00005297	TFCN2502E3341_011235-T1, TFCN2502E3341_012060-T1	DBVPG3775_004244-T1
GF00005298	TFCN2502E3341_011238-T1, TFCN2502E3341_014673-T1	DBVPG3775_004241-T1
GF00005299	TFCN2502E3341_011239-T1, TFCN2502E3341_014672-T1	DBVPG3775_004240-T1
GF00005300	TFCN2502E3341_011240-T1, TFCN2502E3341_014671-T1	DBVPG3775_004239-T1
GF00005301	TFCN2502E3341_011244-T1, TFCN2502E3341_011734-T1	DBVPG3775_002396-T1
GF00005302	TFCN2502E3341_011245-T1, TFCN2502E3341_011735-T1	DBVPG3775_002395-T1
GF00005303	TFCN2502E3341_011247-T1, TFCN2502E3341_011737-T1	DBVPG3775_002393-T1
GF00005304	TFCN2502E3341_011249-T1, TFCN2502E3341_011739-T1	DBVPG3775_002391-T1
GF00005305	TFCN2502E3341_011250-T1, TFCN2502E3341_011740-T1	DBVPG3775_002390-T1
GF00005306	TFCN2502E3341_011251-T1, TFCN2502E3341_011741-T1	DBVPG3775_002389-T1
GF00005307	TFCN2502E3341_011253-T1, TFCN2502E3341_011743-T1	DBVPG3775_002387-T1
GF00005308	TFCN2502E3341_011257-T1, TFCN2502E3341_011744-T1	DBVPG3775_002383-T1
GF00005309	TFCN2502E3341_011259-T1, TFCN2502E3341_011747-T1	DBVPG3775_002381-T1
GF00005310	TFCN2502E3341_011260-T1, TFCN2502E3341_011748-T1	DBVPG3775_002380-T1
GF00005311	TFCN2502E3341_011262-T1, TFCN2502E3341_011750-T1	DBVPG3775_002378-T1
GF00005312	TFCN2502E3341_011265-T1, TFCN2502E3341_011755-T1	DBVPG3775_002375-T1
GF00005313	TFCN2502E3341_011266-T1, TFCN2502E3341_011756-T1	DBVPG3775_002374-T1
GF00005314	TFCN2502E3341_011272-T1, TFCN2502E3341_011672-T1	DBVPG3775_005808-T1
GF00005315	TFCN2502E3341_011276-T1, TFCN2502E3341_011669-T1	DBVPG3775_005804-T1
GF00005316	TFCN2502E3341_011278-T1, TFCN2502E3341_011667-T1	DBVPG3775_007370-T1
GF00005317	TFCN2502E3341_011281-T1, TFCN2502E3341_011664-T1	DBVPG3775_007373-T1
GF00005318	TFCN2502E3341_011282-T1, TFCN2502E3341_011663-T1	DBVPG3775_007374-T1
GF00005319	TFCN2502E3341_011285-T1, TFCN2502E3341_011660-T1	DBVPG3775_007377-T1
GF00005320	TFCN2502E3341_011287-T1, TFCN2502E3341_011658-T1	DBVPG3775_007379-T1
GF00005321	TFCN2502E3341_011288-T1, TFCN2502E3341_011657-T1	DBVPG3775_007380-T1
GF00005322	TFCN2502E3341_011289-T1, TFCN2502E3341_011656-T1	DBVPG3775_007381-T1
GF00005323	TFCN2502E3341_011290-T1, TFCN2502E3341_011655-T1	DBVPG3775_007382-T1
GF00005324	TFCN2502E3341_011291-T1, TFCN2502E3341_011654-T1	DBVPG3775_007383-T1
GF00005325	TFCN2502E3341_011292-T1, TFCN2502E3341_011652-T1	DBVPG3775_007385-T1
GF00005326	TFCN2502E3341_011293-T1, TFCN2502E3341_011651-T1	DBVPG3775_007386-T1
GF00005327	TFCN2502E3341_011294-T1, TFCN2502E3341_011650-T1	DBVPG3775_007387-T1
GF00005328	TFCN2502E3341_011296-T1, TFCN2502E3341_011647-T1	DBVPG3775_007390-T1
GF00005329	TFCN2502E3341_011297-T1, TFCN2502E3341_011646-T1	DBVPG3775_007391-T1
GF00005330	TFCN2502E3341_011298-T1, TFCN2502E3341_011645-T1	DBVPG3775_007392-T1
GF00005331	TFCN2502E3341_011348-T1, TFCN2502E3341_014273-T1	DBVPG3775_004845-T1
GF00005332	TFCN2502E3341_011349-T1, TFCN2502E3341_014272-T1	DBVPG3775_004846-T1
GF00005333	TFCN2502E3341_011351-T1, TFCN2502E3341_014270-T1	DBVPG3775_004848-T1
GF00005334	TFCN2502E3341_011352-T1, TFCN2502E3341_014269-T1	DBVPG3775_004849-T1
GF00005335	TFCN2502E3341_011353-T1, TFCN2502E3341_014268-T1	DBVPG3775_004850-T1
GF00005336	TFCN2502E3341_011379-T1, TFCN2502E3341_011854-T1	DBVPG3775_007231-T1
GF00005337	TFCN2502E3341_011380-T1, TFCN2502E3341_011855-T1	DBVPG3775_007232-T1
GF00005338	TFCN2502E3341_011857-T1, TFCN2502E3341_011383-T1	DBVPG3775_007235-T1
GF00005339	TFCN2502E3341_011392-T1, TFCN2502E3341_011865-T1	DBVPG3775_007246-T1
GF00005340	TFCN2502E3341_011394-T1, TFCN2502E3341_011867-T1	DBVPG3775_007248-T1
GF00005341	TFCN2502E3341_011395-T1, TFCN2502E3341_011868-T1	DBVPG3775_007249-T1
GF00005342	TFCN2502E3341_011397-T1, TFCN2502E3341_014500-T1	DBVPG3775_007251-T1
GF00005343	TFCN2502E3341_011398-T1, TFCN2502E3341_014499-T1	DBVPG3775_007252-T1
GF00005344	TFCN2502E3341_011399-T1, TFCN2502E3341_014498-T1	DBVPG3775_007253-T1
GF00005345	TFCN2502E3341_011400-T1, TFCN2502E3341_014497-T1	DBVPG3775_007254-T1
GF00005346	TFCN2502E3341_011401-T1, TFCN2502E3341_014496-T1	DBVPG3775_007255-T1
GF00005347	TFCN2502E3341_011403-T1, TFCN2502E3341_014494-T1	DBVPG3775_007257-T1
GF00005348	TFCN2502E3341_011404-T1, TFCN2502E3341_014493-T1	DBVPG3775_007258-T1
GF00005349	TFCN2502E3341_011458-T1, TFCN2502E3341_013598-T1	DBVPG3775_006851-T1
GF00005350	TFCN2502E3341_011460-T1, TFCN2502E3341_013600-T1	DBVPG3775_006849-T1
GF00005351	TFCN2502E3341_011461-T1, TFCN2502E3341_013601-T1	DBVPG3775_006847-T1
GF00005352	TFCN2502E3341_011462-T1, TFCN2502E3341_013602-T1	DBVPG3775_006846-T1
GF00005353	TFCN2502E3341_011463-T1, TFCN2502E3341_013604-T1	DBVPG3775_006845-T1
GF00005354	TFCN2502E3341_011470-T1, TFCN2502E3341_011914-T1	DBVPG3775_006839-T1
GF00005355	TFCN2502E3341_011471-T1, TFCN2502E3341_011915-T1	DBVPG3775_006838-T1
GF00005356	TFCN2502E3341_011474-T1, TFCN2502E3341_011917-T1	DBVPG3775_006835-T1
GF00005357	TFCN2502E3341_011545-T1, TFCN2502E3341_011602-T1	DBVPG3775_002732-T1
GF00005358	TFCN2502E3341_011546-T1, TFCN2502E3341_011603-T1	DBVPG3775_002731-T1
GF00005359	TFCN2502E3341_011605-T1, TFCN2502E3341_012359-T1	DBVPG3775_002729-T1
GF00005360	TFCN2502E3341_011606-T1, TFCN2502E3341_012360-T1	DBVPG3775_002728-T1
GF00005361	TFCN2502E3341_011607-T1, TFCN2502E3341_012362-T1	DBVPG3775_002726-T1
GF00005362	TFCN2502E3341_011608-T1, TFCN2502E3341_012363-T1	DBVPG3775_002725-T1
GF00005363	TFCN2502E3341_011609-T1, TFCN2502E3341_012367-T1	DBVPG3775_002722-T1
GF00005364	TFCN2502E3341_011610-T1, TFCN2502E3341_012368-T1	DBVPG3775_002721-T1
GF00005365	TFCN2502E3341_011612-T1, TFCN2502E3341_012370-T1	DBVPG3775_002719-T1
GF00005366	TFCN2502E3341_011614-T1, TFCN2502E3341_012373-T1	DBVPG3775_002717-T1
GF00005367	TFCN2502E3341_011616-T1, TFCN2502E3341_012375-T1	DBVPG3775_002715-T1
GF00005368	TFCN2502E3341_011617-T1, TFCN2502E3341_012376-T1	DBVPG3775_002714-T1
GF00005369	TFCN2502E3341_011618-T1, TFCN2502E3341_012377-T1	DBVPG3775_002713-T1
GF00005370	TFCN2502E3341_011619-T1, TFCN2502E3341_012378-T1	DBVPG3775_002712-T1
GF00005371	TFCN2502E3341_011620-T1, TFCN2502E3341_012379-T1	DBVPG3775_002711-T1
GF00005372	TFCN2502E3341_011699-T1, TFCN2502E3341_013555-T1	DBVPG3775_002175-T1
GF00005373	TFCN2502E3341_011700-T1, TFCN2502E3341_013556-T1	DBVPG3775_002176-T1
GF00005374	TFCN2502E3341_011706-T1, TFCN2502E3341_013559-T1	DBVPG3775_002182-T1
GF00005375	TFCN2502E3341_011707-T1, TFCN2502E3341_013560-T1	DBVPG3775_002183-T1
GF00005376	TFCN2502E3341_011708-T1, TFCN2502E3341_013561-T1	DBVPG3775_002184-T1
GF00005377	TFCN2502E3341_011709-T1, TFCN2502E3341_013562-T1	DBVPG3775_002185-T1
GF00005378	TFCN2502E3341_011710-T1, TFCN2502E3341_013563-T1	DBVPG3775_002186-T1
GF00005379	TFCN2502E3341_011711-T1, TFCN2502E3341_013564-T1	DBVPG3775_002187-T1
GF00005380	TFCN2502E3341_011826-T1, TFCN2502E3341_014781-T1	DBVPG3775_004269-T1
GF00005381	TFCN2502E3341_011828-T1, TFCN2502E3341_014000-T1	DBVPG3775_006589-T1
GF00005382	TFCN2502E3341_011831-T1, TFCN2502E3341_014002-T1	DBVPG3775_006592-T1
GF00005383	TFCN2502E3341_011832-T1, TFCN2502E3341_014003-T1	DBVPG3775_006593-T1
GF00005384	TFCN2502E3341_011835-T1, TFCN2502E3341_014006-T1	DBVPG3775_007419-T1
GF00005385	TFCN2502E3341_011842-T1, TFCN2502E3341_013716-T1	DBVPG3775_007426-T1
GF00005386	TFCN2502E3341_011846-T1, TFCN2502E3341_013713-T1	DBVPG3775_007430-T1
GF00005387	TFCN2502E3341_011847-T1, TFCN2502E3341_013712-T1	DBVPG3775_007431-T1
GF00005388	TFCN2502E3341_011848-T1, TFCN2502E3341_013711-T1	DBVPG3775_007432-T1
GF00005389	TFCN2502E3341_011870-T1, TFCN2502E3341_014426-T1, TFCN2502E3341_014427-T1	
GF00005390	TFCN2502E3341_011908-T1, TFCN2502E3341_014587-T1	DBVPG3775_006535-T1
GF00005391	TFCN2502E3341_011909-T1, TFCN2502E3341_014588-T1	DBVPG3775_006536-T1
GF00005392	TFCN2502E3341_011947-T1, TFCN2502E3341_014464-T1	DBVPG3775_002879-T1
GF00005393	TFCN2502E3341_011962-T1, TFCN2502E3341_014658-T1	DBVPG3775_004750-T1
GF00005394	TFCN2502E3341_011964-T1, TFCN2502E3341_014613-T1	DBVPG3775_004748-T1
GF00005395	TFCN2502E3341_011965-T1, TFCN2502E3341_014614-T1	DBVPG3775_004747-T1
GF00005396	TFCN2502E3341_012073-T1, TFCN2502E3341_014689-T1	DBVPG3775_004259-T1
GF00005397	TFCN2502E3341_012135-T1, TFCN2502E3341_012942-T1	DBVPG3775_003472-T1
GF00005398	TFCN2502E3341_012136-T1, TFCN2502E3341_012941-T1	DBVPG3775_003473-T1
GF00005399	TFCN2502E3341_012137-T1, TFCN2502E3341_012940-T1	DBVPG3775_003474-T1
GF00005400	TFCN2502E3341_012138-T1, TFCN2502E3341_012939-T1	DBVPG3775_003475-T1
GF00005401	TFCN2502E3341_012139-T1, TFCN2502E3341_012938-T1	DBVPG3775_003476-T1
GF00005402	TFCN2502E3341_012140-T1, TFCN2502E3341_012937-T1	DBVPG3775_003477-T1
GF00005403	TFCN2502E3341_012141-T1, TFCN2502E3341_012936-T1	DBVPG3775_003478-T1
GF00005404	TFCN2502E3341_012143-T1, TFCN2502E3341_012934-T1	DBVPG3775_003480-T1
GF00005405	TFCN2502E3341_012145-T1, TFCN2502E3341_012932-T1	DBVPG3775_003482-T1
GF00005406	TFCN2502E3341_012146-T1, TFCN2502E3341_012931-T1	DBVPG3775_003483-T1
GF00005407	TFCN2502E3341_012147-T1, TFCN2502E3341_012930-T1	DBVPG3775_003484-T1
GF00005408	TFCN2502E3341_012148-T1, TFCN2502E3341_012929-T1	DBVPG3775_003485-T1
GF00005409	TFCN2502E3341_012259-T1, TFCN2502E3341_012540-T1	DBVPG3775_002426-T1
GF00005410	TFCN2502E3341_012261-T1, TFCN2502E3341_012542-T1	DBVPG3775_002424-T1
GF00005411	TFCN2502E3341_012262-T1, TFCN2502E3341_012543-T1	DBVPG3775_002423-T1
GF00005412	TFCN2502E3341_012263-T1, TFCN2502E3341_012544-T1	DBVPG3775_002422-T1
GF00005413	TFCN2502E3341_012264-T1, TFCN2502E3341_012545-T1	DBVPG3775_002421-T1
GF00005414	TFCN2502E3341_012266-T1, TFCN2502E3341_012547-T1	DBVPG3775_002419-T1
GF00005415	TFCN2502E3341_012267-T1, TFCN2502E3341_012548-T1	DBVPG3775_002418-T1
GF00005416	TFCN2502E3341_012268-T1, TFCN2502E3341_012549-T1	DBVPG3775_002417-T1
GF00005417	TFCN2502E3341_012269-T1, TFCN2502E3341_012550-T1	DBVPG3775_002416-T1
GF00005418	TFCN2502E3341_012270-T1, TFCN2502E3341_012551-T1	DBVPG3775_002415-T1
GF00005419	TFCN2502E3341_012271-T1, TFCN2502E3341_012553-T1	DBVPG3775_002413-T1
GF00005420	TFCN2502E3341_012276-T1, TFCN2502E3341_012557-T1	DBVPG3775_002408-T1
GF00005421	TFCN2502E3341_012277-T1, TFCN2502E3341_012558-T1	DBVPG3775_002407-T1
GF00005422	TFCN2502E3341_012281-T1, TFCN2502E3341_012562-T1	DBVPG3775_002402-T1
GF00005423	TFCN2502E3341_012282-T1, TFCN2502E3341_012563-T1	DBVPG3775_002401-T1
GF00005424	TFCN2502E3341_012283-T1, TFCN2502E3341_012564-T1	DBVPG3775_002400-T1
GF00005425	TFCN2502E3341_012391-T1, TFCN2502E3341_014456-T1	DBVPG3775_005037-T1
GF00005426	TFCN2502E3341_012394-T1, TFCN2502E3341_014459-T1	DBVPG3775_005040-T1
GF00005427	TFCN2502E3341_012396-T1, TFCN2502E3341_014461-T1	DBVPG3775_005042-T1
GF00005428	TFCN2502E3341_012398-T1, TFCN2502E3341_014670-T1	DBVPG3775_007328-T1
GF00005429	TFCN2502E3341_012400-T1, TFCN2502E3341_014668-T1	DBVPG3775_007330-T1
GF00005430	TFCN2502E3341_012402-T1, TFCN2502E3341_014182-T1	DBVPG3775_007332-T1
GF00005431	TFCN2502E3341_012404-T1, TFCN2502E3341_014180-T1	DBVPG3775_007334-T1
GF00005432	TFCN2502E3341_012405-T1, TFCN2502E3341_014179-T1	DBVPG3775_007335-T1
GF00005433	TFCN2502E3341_012519-T1, TFCN2502E3341_013030-T1	DBVPG3775_007304-T1
GF00005434	TFCN2502E3341_012522-T1, TFCN2502E3341_013032-T1	DBVPG3775_007302-T1
GF00005435	TFCN2502E3341_012523-T1, TFCN2502E3341_013033-T1	DBVPG3775_007301-T1
GF00005436	TFCN2502E3341_012525-T1, TFCN2502E3341_013034-T1	DBVPG3775_007300-T1
GF00005437	TFCN2502E3341_012526-T1, TFCN2502E3341_013035-T1	DBVPG3775_007299-T1
GF00005438	TFCN2502E3341_012527-T1, TFCN2502E3341_013036-T1	DBVPG3775_007298-T1
GF00005439	TFCN2502E3341_012529-T1, TFCN2502E3341_014275-T1	DBVPG3775_007296-T1
GF00005440	TFCN2502E3341_012530-T1, TFCN2502E3341_014276-T1	DBVPG3775_007295-T1
GF00005441	TFCN2502E3341_012533-T1, TFCN2502E3341_014279-T1	DBVPG3775_007292-T1
GF00005442	TFCN2502E3341_012535-T1, TFCN2502E3341_014282-T1	DBVPG3775_007290-T1
GF00005443	TFCN2502E3341_012536-T1, TFCN2502E3341_014283-T1	DBVPG3775_007288-T1
GF00005444	TFCN2502E3341_012537-T1, TFCN2502E3341_014284-T1	DBVPG3775_007287-T1
GF00005445	TFCN2502E3341_012538-T1, TFCN2502E3341_014285-T1	DBVPG3775_007286-T1
GF00005446	TFCN2502E3341_012567-T1, TFCN2502E3341_012624-T1	DBVPG3775_006660-T1
GF00005447	TFCN2502E3341_012568-T1, TFCN2502E3341_012625-T1	DBVPG3775_006661-T1
GF00005448	TFCN2502E3341_012570-T1, TFCN2502E3341_012627-T1	DBVPG3775_006663-T1
GF00005449	TFCN2502E3341_012571-T1, TFCN2502E3341_012628-T1	DBVPG3775_006664-T1
GF00005450	TFCN2502E3341_012610-T1, TFCN2502E3341_013754-T1	DBVPG3775_006645-T1
GF00005451	TFCN2502E3341_012611-T1, TFCN2502E3341_013755-T1	DBVPG3775_006646-T1
GF00005452	TFCN2502E3341_012615-T1, TFCN2502E3341_013760-T1	DBVPG3775_006650-T1
GF00005453	TFCN2502E3341_012616-T1, TFCN2502E3341_013761-T1	DBVPG3775_006651-T1
GF00005454	TFCN2502E3341_012618-T1, TFCN2502E3341_013763-T1	DBVPG3775_006653-T1
GF00005455	TFCN2502E3341_012622-T1, TFCN2502E3341_013767-T1	DBVPG3775_006657-T1
GF00005456	TFCN2502E3341_012631-T1, TFCN2502E3341_012664-T1	DBVPG3775_002372-T1
GF00005457	TFCN2502E3341_012632-T1, TFCN2502E3341_012663-T1	DBVPG3775_002371-T1
GF00005458	TFCN2502E3341_012633-T1, TFCN2502E3341_012662-T1	DBVPG3775_002370-T1
GF00005459	TFCN2502E3341_012636-T1, TFCN2502E3341_012659-T1	DBVPG3775_002367-T1
GF00005460	TFCN2502E3341_012638-T1, TFCN2502E3341_012657-T1	DBVPG3775_002365-T1
GF00005461	TFCN2502E3341_012640-T1, TFCN2502E3341_012655-T1	DBVPG3775_002363-T1
GF00005462	TFCN2502E3341_012641-T1, TFCN2502E3341_012654-T1	DBVPG3775_002362-T1
GF00005463	TFCN2502E3341_012644-T1, TFCN2502E3341_012651-T1	DBVPG3775_000747-T1
GF00005464	TFCN2502E3341_012645-T1, TFCN2502E3341_012650-T1	DBVPG3775_000748-T1
GF00005465	TFCN2502E3341_012646-T1, TFCN2502E3341_012649-T1	DBVPG3775_000749-T1
GF00005466	TFCN2502E3341_012647-T1, TFCN2502E3341_012648-T1	DBVPG3775_000750-T1
GF00005467	TFCN2502E3341_012854-T1, TFCN2502E3341_014356-T1	DBVPG3775_003495-T1
GF00005468	TFCN2502E3341_012855-T1, TFCN2502E3341_014355-T1	DBVPG3775_003494-T1
GF00005469	TFCN2502E3341_012856-T1, TFCN2502E3341_014354-T1	DBVPG3775_003493-T1
GF00005470	TFCN2502E3341_012857-T1, TFCN2502E3341_014353-T1	DBVPG3775_003492-T1
GF00005471	TFCN2502E3341_012861-T1, TFCN2502E3341_012925-T1	DBVPG3775_003488-T1
GF00005472	TFCN2502E3341_013011-T1, TFCN2502E3341_014045-T1	DBVPG3775_005966-T1
GF00005473	TFCN2502E3341_013016-T1, TFCN2502E3341_014040-T1	DBVPG3775_005971-T1
GF00005474	TFCN2502E3341_013017-T1, TFCN2502E3341_014039-T1	DBVPG3775_005972-T1
GF00005475	TFCN2502E3341_013055-T1, TFCN2502E3341_013489-T1	DBVPG3775_007493-T1
GF00005476	TFCN2502E3341_013056-T1, TFCN2502E3341_013488-T1	DBVPG3775_007494-T1
GF00005477	TFCN2502E3341_013057-T1, TFCN2502E3341_013487-T1	DBVPG3775_007495-T1
GF00005478	TFCN2502E3341_013058-T1, TFCN2502E3341_013486-T1	DBVPG3775_007496-T1
GF00005479	TFCN2502E3341_013059-T1, TFCN2502E3341_013485-T1	DBVPG3775_007497-T1
GF00005480	TFCN2502E3341_013060-T1, TFCN2502E3341_013484-T1	DBVPG3775_007498-T1
GF00005481	TFCN2502E3341_013061-T1, TFCN2502E3341_013483-T1	DBVPG3775_007499-T1
GF00005482	TFCN2502E3341_013063-T1, TFCN2502E3341_013481-T1	DBVPG3775_007502-T1
GF00005483	TFCN2502E3341_013134-T1, TFCN2502E3341_013281-T1	DBVPG3775_003047-T1
GF00005484	TFCN2502E3341_013135-T1, TFCN2502E3341_013282-T1	DBVPG3775_003046-T1
GF00005485	TFCN2502E3341_013141-T1, TFCN2502E3341_013287-T1	DBVPG3775_003042-T1
GF00005486	TFCN2502E3341_013142-T1, TFCN2502E3341_013288-T1	DBVPG3775_003041-T1
GF00005487	TFCN2502E3341_013143-T1, TFCN2502E3341_013289-T1	DBVPG3775_003040-T1
GF00005488	TFCN2502E3341_013145-T1, TFCN2502E3341_013291-T1	DBVPG3775_003037-T1
GF00005489	TFCN2502E3341_013146-T1, TFCN2502E3341_013292-T1	DBVPG3775_003036-T1
GF00005490	TFCN2502E3341_013149-T1, TFCN2502E3341_013295-T1	DBVPG3775_003033-T1
GF00005491	TFCN2502E3341_013175-T1, TFCN2502E3341_014366-T1	DBVPG3775_002324-T1
GF00005492	TFCN2502E3341_013176-T1, TFCN2502E3341_014367-T1	DBVPG3775_002323-T1
GF00005493	TFCN2502E3341_013177-T1, TFCN2502E3341_014368-T1	DBVPG3775_002322-T1
GF00005494	TFCN2502E3341_013179-T1, TFCN2502E3341_014370-T1	DBVPG3775_002320-T1
GF00005495	TFCN2502E3341_013180-T1, TFCN2502E3341_014371-T1	DBVPG3775_002319-T1
GF00005496	TFCN2502E3341_013199-T1, TFCN2502E3341_014300-T1	DBVPG3775_000497-T1
GF00005497	TFCN2502E3341_013200-T1, TFCN2502E3341_014299-T1	DBVPG3775_000498-T1
GF00005498	TFCN2502E3341_013201-T1, TFCN2502E3341_014298-T1	DBVPG3775_000499-T1
GF00005499	TFCN2502E3341_013204-T1, TFCN2502E3341_014125-T1	DBVPG3775_000504-T1
GF00005500	TFCN2502E3341_013205-T1, TFCN2502E3341_014126-T1	DBVPG3775_000505-T1
GF00005501	TFCN2502E3341_013206-T1, TFCN2502E3341_014127-T1	DBVPG3775_000506-T1
GF00005502	TFCN2502E3341_013209-T1, TFCN2502E3341_014130-T1	DBVPG3775_000509-T1
GF00005503	TFCN2502E3341_013210-T1, TFCN2502E3341_014131-T1	DBVPG3775_000510-T1
GF00005504	TFCN2502E3341_013266-T1, TFCN2502E3341_014473-T1	DBVPG3775_003250-T1
GF00005505	TFCN2502E3341_013331-T1, TFCN2502E3341_014629-T1	DBVPG3775_006340-T1
GF00005506	TFCN2502E3341_013413-T1, TFCN2502E3341_014558-T1	DBVPG3775_001486-T1
GF00005507	TFCN2502E3341_013414-T1, TFCN2502E3341_014557-T1	DBVPG3775_001487-T1
GF00005508	TFCN2502E3341_013478-T1, TFCN2502E3341_014336-T1	DBVPG3775_004266-T1
GF00005509	TFCN2502E3341_013623-T1, TFCN2502E3341_013974-T1	DBVPG3775_006756-T1
GF00005510	TFCN2502E3341_013624-T1, TFCN2502E3341_013973-T1	DBVPG3775_006755-T1
GF00005511	TFCN2502E3341_013625-T1, TFCN2502E3341_013972-T1	DBVPG3775_006754-T1
GF00005512	TFCN2502E3341_013628-T1, TFCN2502E3341_013969-T1	DBVPG3775_006751-T1
GF00005513	TFCN2502E3341_013629-T1, TFCN2502E3341_013968-T1	DBVPG3775_006749-T1
GF00005514	TFCN2502E3341_013635-T1, TFCN2502E3341_014548-T1	DBVPG3775_006743-T1
GF00005515	TFCN2502E3341_013822-T1, TFCN2502E3341_013927-T1	DBVPG3775_006542-T1
GF00005516	TFCN2502E3341_013823-T1, TFCN2502E3341_013926-T1	DBVPG3775_006543-T1
GF00005517	TFCN2502E3341_013826-T1, TFCN2502E3341_013924-T1	DBVPG3775_006547-T1
GF00005518	TFCN2502E3341_013828-T1, TFCN2502E3341_013922-T1	DBVPG3775_006549-T1
GF00005519	TFCN2502E3341_013900-T1, TFCN2502E3341_014469-T1	DBVPG3775_003253-T1
GF00005520	TFCN2502E3341_013901-T1, TFCN2502E3341_014468-T1	DBVPG3775_003254-T1
GF00005521	TFCN2502E3341_013903-T1, TFCN2502E3341_014186-T1	DBVPG3775_003256-T1
GF00005522	TFCN2502E3341_014103-T1, TFCN2502E3341_014303-T1	DBVPG3775_006587-T1
GF00005523	TFCN2502E3341_014104-T1, TFCN2502E3341_014304-T1	DBVPG3775_006586-T1
GF00005524	TFCN2502E3341_014107-T1, TFCN2502E3341_014307-T1	DBVPG3775_006583-T1
GF00005525	TFCN2502E3341_014338-T1, TFCN2502E3341_014393-T1	DBVPG3775_004264-T1
GF00005526	TFCN2502E3341_014339-T1, TFCN2502E3341_014394-T1	DBVPG3775_004263-T1
GF00005527	TFCN2502E3341_014597-T1, TFCN2502E3341_014806-T1	DBVPG3775_000551-T1
GF00005528	TFCN2502E3341_014638-T1, TFCN2502E3341_014726-T1	DBVPG3775_007558-T1
GF00005529	TFCN2502E3341_014641-T1, TFCN2502E3341_014727-T1	DBVPG3775_007555-T1
GF00005530	TFCN2502E3341_014642-T1, TFCN2502E3341_014664-T1	DBVPG3775_007503-T1
GF00005531	TFCN2502E3341_014643-T1, TFCN2502E3341_014663-T1	DBVPG3775_007504-T1
GF00005532	TFCN2502E3341_014691-T1, TFCN2502E3341_014705-T1	DBVPG3775_007563-T1
GF00005533	TFCN2502E3341_014720-T1, TFCN2502E3341_014731-T1	DBVPG3775_001754-T1
GF00005534	TFCN2502E3341_009189-T1	DBVPG3775_000295-T1, DBVPG3775_000296-T1
GF00005535	TFCN2502E3341_005133-T1, TFCN2502E3341_005132-T1	DBVPG3775_000370-T1
GF00005536	TFCN2502E3341_003952-T1	DBVPG3775_000479-T1, DBVPG3775_000480-T1
GF00005537	TFCN2502E3341_012841-T1, TFCN2502E3341_012842-T1	DBVPG3775_001043-T1
GF00005538	TFCN2502E3341_005576-T1, TFCN2502E3341_005577-T1	DBVPG3775_002061-T1
GF00005539	TFCN2502E3341_005294-T1, TFCN2502E3341_005019-T1	DBVPG3775_002966-T1
GF00005540	TFCN2502E3341_014405-T1	DBVPG3775_003539-T1, DBVPG3775_005874-T1
GF00005541	TFCN2502E3341_001494-T1, TFCN2502E3341_001495-T1	DBVPG3775_003581-T1
GF00005542	TFCN2502E3341_010415-T1, TFCN2502E3341_004109-T1	DBVPG3775_003942-T1
GF00005543	TFCN2502E3341_007320-T1, TFCN2502E3341_009955-T1	DBVPG3775_004614-T1
GF00005544	TFCN2502E3341_001178-T1	DBVPG3775_006083-T1, DBVPG3775_006903-T1
GF00005545	TFCN2502E3341_011009-T1, TFCN2502E3341_011008-T1	DBVPG3775_006135-T1
GF00005546	TFCN2502E3341_010753-T1	DBVPG3775_006514-T1, DBVPG3775_006515-T1
GF00005547	TFCN2502E3341_007444-T1, TFCN2502E3341_007445-T1	DBVPG3775_007042-T1
GF00005548	TFCN2502E3341_004901-T1, TFCN2502E3341_004900-T1	DBVPG3775_007481-T1
GF00005549	TFCN2502E3341_000336-T1, TFCN2502E3341_012922-T1	
GF00005550	TFCN2502E3341_000499-T1, TFCN2502E3341_007230-T1	
GF00005551	TFCN2502E3341_000500-T1, TFCN2502E3341_007231-T1	
GF00005552	TFCN2502E3341_000501-T1, TFCN2502E3341_007232-T1	
GF00005553	TFCN2502E3341_008714-T1	DBVPG3775_005781-T1
GF00005554	TFCN2502E3341_003410-T1	DBVPG3775_002852-T1
GF00005555	TFCN2502E3341_000616-T1	DBVPG3775_005581-T1
GF00005556	TFCN2502E3341_005601-T1	DBVPG3775_006815-T1
GF00005557	TFCN2502E3341_001445-T1, TFCN2502E3341_011787-T1	
GF00005558	TFCN2502E3341_001489-T1	DBVPG3775_003586-T1
GF00005559	TFCN2502E3341_001600-T1, TFCN2502E3341_005882-T1	
GF00005560	TFCN2502E3341_001748-T1, TFCN2502E3341_011356-T1	
GF00005561	TFCN2502E3341_001865-T1, TFCN2502E3341_012207-T1	
GF00005562	TFCN2502E3341_008050-T1	DBVPG3775_001538-T1
GF00005563	TFCN2502E3341_002093-T1, TFCN2502E3341_003783-T1	
GF00005564	TFCN2502E3341_002270-T1, TFCN2502E3341_004046-T1	
GF00005565	TFCN2502E3341_010687-T1	DBVPG3775_001666-T1
GF00005566	TFCN2502E3341_003625-T1, TFCN2502E3341_006946-T1	
GF00005567	TFCN2502E3341_004127-T1, TFCN2502E3341_011982-T1	
GF00005568	TFCN2502E3341_005143-T1, TFCN2502E3341_007998-T1	
GF00005569	TFCN2502E3341_005807-T1	DBVPG3775_003204-T1
GF00005570	TFCN2502E3341_006041-T1, TFCN2502E3341_009077-T1	
GF00005571	TFCN2502E3341_006329-T1, TFCN2502E3341_014811-T1	
GF00005572	TFCN2502E3341_006665-T1, TFCN2502E3341_008582-T1	
GF00005573	TFCN2502E3341_006837-T1	DBVPG3775_003416-T1
GF00005574	TFCN2502E3341_007372-T1, TFCN2502E3341_009336-T1	
GF00005575	TFCN2502E3341_007817-T1, TFCN2502E3341_009594-T1	
GF00005576	TFCN2502E3341_007951-T1	DBVPG3775_001605-T1
GF00005577	TFCN2502E3341_008095-T1, TFCN2502E3341_009639-T1	
GF00005578	TFCN2502E3341_008101-T1	DBVPG3775_004960-T1
GF00005579	TFCN2502E3341_008824-T1	DBVPG3775_002631-T1
GF00005580	TFCN2502E3341_010859-T1, TFCN2502E3341_012039-T1	
GF00005581	TFCN2502E3341_011061-T1, TFCN2502E3341_011081-T1	
GF00005582	TFCN2502E3341_011382-T1	DBVPG3775_007234-T1
GF00005583	TFCN2502E3341_012730-T1, TFCN2502E3341_012732-T1	
GF00005584	TFCN2502E3341_014517-T1, TFCN2502E3341_014521-T1	
GF00005585	TFCN2502E3341_005943-T1	DBVPG3775_000010-T1
GF00005586	TFCN2502E3341_012787-T1	DBVPG3775_000062-T1
GF00005587	TFCN2502E3341_007633-T1	DBVPG3775_000097-T1
GF00005588	TFCN2502E3341_002229-T1	DBVPG3775_000173-T1
GF00005589	TFCN2502E3341_006063-T1	DBVPG3775_000256-T1
GF00005590	TFCN2502E3341_006030-T1	DBVPG3775_000290-T1
GF00005591	TFCN2502E3341_006029-T1	DBVPG3775_000291-T1
GF00005592	TFCN2502E3341_006028-T1	DBVPG3775_000292-T1
GF00005593	TFCN2502E3341_009190-T1	DBVPG3775_000294-T1
GF00005594	TFCN2502E3341_005134-T1	DBVPG3775_000369-T1
GF00005595	TFCN2502E3341_005131-T1	DBVPG3775_000371-T1
GF00005596	TFCN2502E3341_005125-T1	DBVPG3775_000377-T1
GF00005597	TFCN2502E3341_005124-T1	DBVPG3775_000378-T1
GF00005598	TFCN2502E3341_005122-T1	DBVPG3775_000380-T1
GF00005599	TFCN2502E3341_005105-T1	DBVPG3775_000397-T1
GF00005600	TFCN2502E3341_006782-T1	DBVPG3775_000420-T1
GF00005601	TFCN2502E3341_003958-T1	DBVPG3775_000473-T1
GF00005602	TFCN2502E3341_003951-T1	DBVPG3775_000481-T1
GF00005603	TFCN2502E3341_003950-T1	DBVPG3775_000482-T1
GF00005604	TFCN2502E3341_003940-T1	DBVPG3775_000492-T1
GF00005605	TFCN2502E3341_014302-T1	DBVPG3775_000494-T1
GF00005606	TFCN2502E3341_014301-T1	DBVPG3775_000496-T1
GF00005607	TFCN2502E3341_014124-T1	DBVPG3775_000503-T1
GF00005608	TFCN2502E3341_009856-T1	DBVPG3775_000523-T1
GF00005609	TFCN2502E3341_009855-T1	DBVPG3775_000524-T1
GF00005610	TFCN2502E3341_009854-T1	DBVPG3775_000525-T1
GF00005611	TFCN2502E3341_009853-T1	DBVPG3775_000526-T1
GF00005612	TFCN2502E3341_009832-T1	DBVPG3775_000548-T1
GF00005613	TFCN2502E3341_010179-T1	DBVPG3775_000560-T1
GF00005614	TFCN2502E3341_010181-T1	DBVPG3775_000561-T1
GF00005615	TFCN2502E3341_011411-T1	DBVPG3775_000603-T1
GF00005616	TFCN2502E3341_011409-T1	DBVPG3775_000604-T1
GF00005617	TFCN2502E3341_003215-T1	DBVPG3775_000639-T1
GF00005618	TFCN2502E3341_013943-T1	DBVPG3775_000689-T1
GF00005619	TFCN2502E3341_013844-T1	DBVPG3775_000751-T1
GF00005620	TFCN2502E3341_002746-T1	DBVPG3775_000809-T1
GF00005621	TFCN2502E3341_002736-T1	DBVPG3775_000819-T1
GF00005622	TFCN2502E3341_001558-T1	DBVPG3775_000886-T1
GF00005623	TFCN2502E3341_014173-T1	DBVPG3775_001014-T1
GF00005624	TFCN2502E3341_014174-T1	DBVPG3775_001015-T1
GF00005625	TFCN2502E3341_012442-T1	DBVPG3775_001016-T1
GF00005626	TFCN2502E3341_012443-T1	DBVPG3775_001017-T1
GF00005627	TFCN2502E3341_012445-T1	DBVPG3775_001019-T1
GF00005628	TFCN2502E3341_012447-T1	DBVPG3775_001021-T1
GF00005629	TFCN2502E3341_012448-T1	DBVPG3775_001022-T1
GF00005630	TFCN2502E3341_012449-T1	DBVPG3775_001023-T1
GF00005631	TFCN2502E3341_012450-T1	DBVPG3775_001024-T1
GF00005632	TFCN2502E3341_012452-T1	DBVPG3775_001026-T1
GF00005633	TFCN2502E3341_012454-T1	DBVPG3775_001028-T1
GF00005634	TFCN2502E3341_012455-T1	DBVPG3775_001029-T1
GF00005635	TFCN2502E3341_012456-T1	DBVPG3775_001030-T1
GF00005636	TFCN2502E3341_012457-T1	DBVPG3775_001031-T1
GF00005637	TFCN2502E3341_012458-T1	DBVPG3775_001032-T1
GF00005638	TFCN2502E3341_012459-T1	DBVPG3775_001033-T1
GF00005639	TFCN2502E3341_014288-T1	DBVPG3775_001034-T1
GF00005640	TFCN2502E3341_014287-T1	DBVPG3775_001035-T1
GF00005641	TFCN2502E3341_012845-T1	DBVPG3775_001040-T1
GF00005642	TFCN2502E3341_007773-T1	DBVPG3775_001063-T1
GF00005643	TFCN2502E3341_007763-T1	DBVPG3775_001073-T1
GF00005644	TFCN2502E3341_007752-T1	DBVPG3775_001084-T1
GF00005645	TFCN2502E3341_007739-T1	DBVPG3775_001096-T1
GF00005646	TFCN2502E3341_004382-T1	DBVPG3775_001141-T1
GF00005647	TFCN2502E3341_004347-T1	DBVPG3775_001177-T1
GF00005648	TFCN2502E3341_004335-T1	DBVPG3775_001189-T1
GF00005649	TFCN2502E3341_000850-T1	DBVPG3775_001237-T1
GF00005650	TFCN2502E3341_000807-T1	DBVPG3775_001285-T1
GF00005651	TFCN2502E3341_000806-T1	DBVPG3775_001286-T1
GF00005652	TFCN2502E3341_000805-T1	DBVPG3775_001287-T1
GF00005653	TFCN2502E3341_012098-T1	DBVPG3775_001310-T1
GF00005654	TFCN2502E3341_012094-T1	DBVPG3775_001315-T1
GF00005655	TFCN2502E3341_000661-T1	DBVPG3775_001346-T1
GF00005656	TFCN2502E3341_000710-T1	DBVPG3775_001391-T1
GF00005657	TFCN2502E3341_008858-T1	DBVPG3775_001450-T1
GF00005658	TFCN2502E3341_008883-T1	DBVPG3775_001477-T1
GF00005659	TFCN2502E3341_008884-T1	DBVPG3775_001478-T1
GF00005660	TFCN2502E3341_013419-T1	DBVPG3775_001492-T1
GF00005661	TFCN2502E3341_013421-T1	DBVPG3775_001493-T1
GF00005662	TFCN2502E3341_008070-T1	DBVPG3775_001558-T1
GF00005663	TFCN2502E3341_005001-T1	DBVPG3775_001699-T1
GF00005664	TFCN2502E3341_004987-T1	DBVPG3775_001714-T1
GF00005665	TFCN2502E3341_014732-T1	DBVPG3775_001755-T1
GF00005666	TFCN2502E3341_007934-T1	DBVPG3775_001757-T1
GF00005667	TFCN2502E3341_007923-T1	DBVPG3775_001766-T1
GF00005668	TFCN2502E3341_007904-T1	DBVPG3775_001785-T1
GF00005669	TFCN2502E3341_013254-T1	DBVPG3775_001831-T1
GF00005670	TFCN2502E3341_009563-T1	DBVPG3775_001860-T1
GF00005671	TFCN2502E3341_004761-T1	DBVPG3775_001905-T1
GF00005672	TFCN2502E3341_002101-T1	DBVPG3775_001983-T1
GF00005673	TFCN2502E3341_013183-T1	DBVPG3775_001994-T1
GF00005674	TFCN2502E3341_005567-T1	DBVPG3775_002070-T1
GF00005675	TFCN2502E3341_005564-T1	DBVPG3775_002073-T1
GF00005676	TFCN2502E3341_005563-T1	DBVPG3775_002074-T1
GF00005677	TFCN2502E3341_005535-T1	DBVPG3775_002102-T1
GF00005678	TFCN2502E3341_005527-T1	DBVPG3775_002110-T1
GF00005679	TFCN2502E3341_008259-T1	DBVPG3775_002146-T1
GF00005680	TFCN2502E3341_011712-T1	DBVPG3775_002188-T1
GF00005681	TFCN2502E3341_011713-T1	DBVPG3775_002189-T1
GF00005682	TFCN2502E3341_011716-T1	DBVPG3775_002192-T1
GF00005683	TFCN2502E3341_011717-T1	DBVPG3775_002193-T1
GF00005684	TFCN2502E3341_011718-T1	DBVPG3775_002194-T1
GF00005685	TFCN2502E3341_009217-T1	DBVPG3775_002208-T1
GF00005686	TFCN2502E3341_009213-T1	DBVPG3775_002211-T1
GF00005687	TFCN2502E3341_002511-T1	DBVPG3775_002234-T1
GF00005688	TFCN2502E3341_002564-T1	DBVPG3775_002286-T1
GF00005689	TFCN2502E3341_011256-T1	DBVPG3775_002384-T1
GF00005690	TFCN2502E3341_012273-T1	DBVPG3775_002411-T1
GF00005691	TFCN2502E3341_012552-T1	DBVPG3775_002414-T1
GF00005692	TFCN2502E3341_013883-T1	DBVPG3775_002428-T1
GF00005693	TFCN2502E3341_004290-T1	DBVPG3775_002501-T1
GF00005694	TFCN2502E3341_003102-T1	DBVPG3775_002509-T1
GF00005695	TFCN2502E3341_007055-T1	DBVPG3775_002571-T1
GF00005696	TFCN2502E3341_007035-T1	DBVPG3775_002590-T1
GF00005697	TFCN2502E3341_009113-T1	DBVPG3775_002597-T1
GF00005698	TFCN2502E3341_012366-T1	DBVPG3775_002723-T1
GF00005699	TFCN2502E3341_012365-T1	DBVPG3775_002724-T1
GF00005700	TFCN2502E3341_012361-T1	DBVPG3775_002727-T1
GF00005701	TFCN2502E3341_010724-T1	DBVPG3775_002775-T1
GF00005702	TFCN2502E3341_003351-T1	DBVPG3775_002794-T1
GF00005703	TFCN2502E3341_003366-T1	DBVPG3775_002809-T1
GF00005704	TFCN2502E3341_003384-T1	DBVPG3775_002826-T1
GF00005705	TFCN2502E3341_004831-T1	DBVPG3775_002932-T1
GF00005706	TFCN2502E3341_005292-T1	DBVPG3775_002968-T1
GF00005707	TFCN2502E3341_000487-T1	DBVPG3775_003062-T1
GF00005708	TFCN2502E3341_005306-T1	DBVPG3775_003136-T1
GF00005709	TFCN2502E3341_005307-T1	DBVPG3775_003137-T1
GF00005710	TFCN2502E3341_005824-T1	DBVPG3775_003186-T1
GF00005711	TFCN2502E3341_005780-T1	DBVPG3775_003232-T1
GF00005712	TFCN2502E3341_004671-T1	DBVPG3775_003272-T1
GF00005713	TFCN2502E3341_004675-T1	DBVPG3775_003276-T1
GF00005714	TFCN2502E3341_004714-T1	DBVPG3775_003314-T1
GF00005715	TFCN2502E3341_014580-T1	DBVPG3775_003373-T1
GF00005716	TFCN2502E3341_006842-T1	DBVPG3775_003420-T1
GF00005717	TFCN2502E3341_014100-T1	DBVPG3775_003446-T1
GF00005718	TFCN2502E3341_014099-T1	DBVPG3775_003447-T1
GF00005719	TFCN2502E3341_014098-T1	DBVPG3775_003448-T1
GF00005720	TFCN2502E3341_014097-T1	DBVPG3775_003449-T1
GF00005721	TFCN2502E3341_014096-T1	DBVPG3775_003450-T1
GF00005722	TFCN2502E3341_014093-T1	DBVPG3775_003453-T1
GF00005723	TFCN2502E3341_014092-T1	DBVPG3775_003454-T1
GF00005724	TFCN2502E3341_014091-T1	DBVPG3775_003455-T1
GF00005725	TFCN2502E3341_014090-T1	DBVPG3775_003456-T1
GF00005726	TFCN2502E3341_014089-T1	DBVPG3775_003457-T1
GF00005727	TFCN2502E3341_014086-T1	DBVPG3775_003459-T1
GF00005728	TFCN2502E3341_012518-T1	DBVPG3775_003557-T1
GF00005729	TFCN2502E3341_012517-T1	DBVPG3775_003558-T1
GF00005730	TFCN2502E3341_012515-T1	DBVPG3775_003560-T1
GF00005731	TFCN2502E3341_012514-T1	DBVPG3775_003561-T1
GF00005732	TFCN2502E3341_012513-T1	DBVPG3775_003562-T1
GF00005733	TFCN2502E3341_012512-T1	DBVPG3775_003563-T1
GF00005734	TFCN2502E3341_012511-T1	DBVPG3775_003564-T1
GF00005735	TFCN2502E3341_012510-T1	DBVPG3775_003565-T1
GF00005736	TFCN2502E3341_012509-T1	DBVPG3775_003566-T1
GF00005737	TFCN2502E3341_012508-T1	DBVPG3775_003567-T1
GF00005738	TFCN2502E3341_012505-T1	DBVPG3775_003570-T1
GF00005739	TFCN2502E3341_012504-T1	DBVPG3775_003571-T1
GF00005740	TFCN2502E3341_012503-T1	DBVPG3775_003572-T1
GF00005741	TFCN2502E3341_012502-T1	DBVPG3775_003573-T1
GF00005742	TFCN2502E3341_001502-T1	DBVPG3775_003574-T1
GF00005743	TFCN2502E3341_001501-T1	DBVPG3775_003575-T1
GF00005744	TFCN2502E3341_001499-T1	DBVPG3775_003577-T1
GF00005745	TFCN2502E3341_001498-T1	DBVPG3775_003578-T1
GF00005746	TFCN2502E3341_001497-T1	DBVPG3775_003579-T1
GF00005747	TFCN2502E3341_001496-T1	DBVPG3775_003580-T1
GF00005748	TFCN2502E3341_001490-T1	DBVPG3775_003585-T1
GF00005749	TFCN2502E3341_001488-T1	DBVPG3775_003587-T1
GF00005750	TFCN2502E3341_001487-T1	DBVPG3775_003588-T1
GF00005751	TFCN2502E3341_001485-T1	DBVPG3775_003590-T1
GF00005752	TFCN2502E3341_001484-T1	DBVPG3775_003591-T1
GF00005753	TFCN2502E3341_001483-T1	DBVPG3775_003592-T1
GF00005754	TFCN2502E3341_001482-T1	DBVPG3775_003593-T1
GF00005755	TFCN2502E3341_001481-T1	DBVPG3775_003594-T1
GF00005756	TFCN2502E3341_001480-T1	DBVPG3775_003595-T1
GF00005757	TFCN2502E3341_001478-T1	DBVPG3775_003597-T1
GF00005758	TFCN2502E3341_001477-T1	DBVPG3775_003598-T1
GF00005759	TFCN2502E3341_001473-T1	DBVPG3775_003603-T1
GF00005760	TFCN2502E3341_001472-T1	DBVPG3775_003604-T1
GF00005761	TFCN2502E3341_001471-T1	DBVPG3775_003605-T1
GF00005762	TFCN2502E3341_001468-T1	DBVPG3775_003608-T1
GF00005763	TFCN2502E3341_001428-T1	DBVPG3775_003649-T1
GF00005764	TFCN2502E3341_001427-T1	DBVPG3775_003652-T1
GF00005765	TFCN2502E3341_010619-T1	DBVPG3775_003690-T1
GF00005766	TFCN2502E3341_010618-T1	DBVPG3775_003691-T1
GF00005767	TFCN2502E3341_010611-T1	DBVPG3775_003699-T1
GF00005768	TFCN2502E3341_003474-T1	DBVPG3775_003759-T1
GF00005769	TFCN2502E3341_008665-T1	DBVPG3775_003871-T1
GF00005770	TFCN2502E3341_012113-T1	DBVPG3775_003985-T1
GF00005771	TFCN2502E3341_012112-T1	DBVPG3775_003986-T1
GF00005772	TFCN2502E3341_012103-T1	DBVPG3775_003997-T1
GF00005773	TFCN2502E3341_008387-T1	DBVPG3775_004144-T1
GF00005774	TFCN2502E3341_008428-T1	DBVPG3775_004186-T1
GF00005775	TFCN2502E3341_011236-T1	DBVPG3775_004243-T1
GF00005776	TFCN2502E3341_011233-T1	DBVPG3775_004246-T1
GF00005777	TFCN2502E3341_014396-T1	DBVPG3775_004261-T1
GF00005778	TFCN2502E3341_014395-T1	DBVPG3775_004262-T1
GF00005779	TFCN2502E3341_006556-T1	DBVPG3775_004310-T1
GF00005780	TFCN2502E3341_006536-T1	DBVPG3775_004331-T1
GF00005781	TFCN2502E3341_006525-T1	DBVPG3775_004343-T1
GF00005782	TFCN2502E3341_003346-T1	DBVPG3775_004351-T1
GF00005783	TFCN2502E3341_014735-T1	DBVPG3775_004370-T1
GF00005784	TFCN2502E3341_002609-T1	DBVPG3775_004444-T1
GF00005785	TFCN2502E3341_002334-T1	DBVPG3775_004524-T1
GF00005786	TFCN2502E3341_002327-T1	DBVPG3775_004531-T1
GF00005787	TFCN2502E3341_002301-T1	DBVPG3775_004557-T1
GF00005788	TFCN2502E3341_002299-T1	DBVPG3775_004559-T1
GF00005789	TFCN2502E3341_013456-T1	DBVPG3775_004573-T1
GF00005790	TFCN2502E3341_013455-T1	DBVPG3775_004574-T1
GF00005791	TFCN2502E3341_013453-T1	DBVPG3775_004577-T1
GF00005792	TFCN2502E3341_013452-T1	DBVPG3775_004578-T1
GF00005793	TFCN2502E3341_013451-T1	DBVPG3775_004579-T1
GF00005794	TFCN2502E3341_013450-T1	DBVPG3775_004580-T1
GF00005795	TFCN2502E3341_013449-T1	DBVPG3775_004581-T1
GF00005796	TFCN2502E3341_013447-T1	DBVPG3775_004583-T1
GF00005797	TFCN2502E3341_013446-T1	DBVPG3775_004584-T1
GF00005798	TFCN2502E3341_010022-T1	DBVPG3775_004625-T1
GF00005799	TFCN2502E3341_010020-T1	DBVPG3775_004628-T1
GF00005800	TFCN2502E3341_010019-T1	DBVPG3775_004629-T1
GF00005801	TFCN2502E3341_006152-T1	DBVPG3775_004664-T1
GF00005802	TFCN2502E3341_009019-T1	DBVPG3775_004674-T1
GF00005803	TFCN2502E3341_011952-T1	DBVPG3775_004761-T1
GF00005804	TFCN2502E3341_014035-T1	DBVPG3775_004767-T1
GF00005805	TFCN2502E3341_008932-T1	DBVPG3775_004779-T1
GF00005806	TFCN2502E3341_003276-T1	DBVPG3775_004902-T1
GF00005807	TFCN2502E3341_003309-T1	DBVPG3775_004934-T1
GF00005808	TFCN2502E3341_008105-T1	DBVPG3775_004966-T1
GF00005809	TFCN2502E3341_006975-T1	DBVPG3775_004986-T1
GF00005810	TFCN2502E3341_006974-T1	DBVPG3775_004987-T1
GF00005811	TFCN2502E3341_000552-T1	DBVPG3775_005090-T1
GF00005812	TFCN2502E3341_001001-T1	DBVPG3775_005150-T1
GF00005813	TFCN2502E3341_000976-T1	DBVPG3775_005175-T1
GF00005814	TFCN2502E3341_011581-T1	DBVPG3775_005178-T1
GF00005815	TFCN2502E3341_000954-T1	DBVPG3775_005198-T1
GF00005816	TFCN2502E3341_001377-T1	DBVPG3775_005296-T1
GF00005817	TFCN2502E3341_001381-T1	DBVPG3775_005300-T1
GF00005818	TFCN2502E3341_001398-T1	DBVPG3775_005316-T1
GF00005819	TFCN2502E3341_013237-T1	DBVPG3775_005445-T1
GF00005820	TFCN2502E3341_001334-T1	DBVPG3775_005454-T1
GF00005821	TFCN2502E3341_001332-T1	DBVPG3775_005456-T1
GF00005822	TFCN2502E3341_009462-T1	DBVPG3775_005494-T1
GF00005823	TFCN2502E3341_010384-T1	DBVPG3775_005518-T1
GF00005824	TFCN2502E3341_010391-T1	DBVPG3775_005525-T1
GF00005825	TFCN2502E3341_010395-T1	DBVPG3775_005528-T1
GF00005826	TFCN2502E3341_010410-T1	DBVPG3775_005543-T1
GF00005827	TFCN2502E3341_007800-T1	DBVPG3775_005612-T1
GF00005828	TFCN2502E3341_002430-T1	DBVPG3775_005646-T1
GF00005829	TFCN2502E3341_002705-T1	DBVPG3775_005670-T1
GF00005830	TFCN2502E3341_008495-T1	DBVPG3775_005839-T1
GF00005831	TFCN2502E3341_008485-T1	DBVPG3775_005848-T1
GF00005832	TFCN2502E3341_007830-T1	DBVPG3775_005878-T1
GF00005833	TFCN2502E3341_012249-T1	DBVPG3775_005935-T1
GF00005834	TFCN2502E3341_012248-T1	DBVPG3775_005936-T1
GF00005835	TFCN2502E3341_012247-T1	DBVPG3775_005937-T1
GF00005836	TFCN2502E3341_014760-T1	DBVPG3775_005951-T1
GF00005837	TFCN2502E3341_013496-T1	DBVPG3775_005958-T1
GF00005838	TFCN2502E3341_001791-T1	DBVPG3775_006034-T1
GF00005839	TFCN2502E3341_001760-T1	DBVPG3775_006063-T1
GF00005840	TFCN2502E3341_012700-T1	DBVPG3775_006084-T1
GF00005841	TFCN2502E3341_014568-T1	DBVPG3775_006098-T1
GF00005842	TFCN2502E3341_014487-T1	DBVPG3775_006114-T1
GF00005843	TFCN2502E3341_011003-T1	DBVPG3775_006130-T1
GF00005844	TFCN2502E3341_011007-T1	DBVPG3775_006134-T1
GF00005845	TFCN2502E3341_011010-T1	DBVPG3775_006136-T1
GF00005846	TFCN2502E3341_004493-T1	DBVPG3775_006200-T1
GF00005847	TFCN2502E3341_004496-T1	DBVPG3775_006204-T1
GF00005848	TFCN2502E3341_013369-T1	DBVPG3775_006230-T1
GF00005849	TFCN2502E3341_013370-T1	DBVPG3775_006231-T1
GF00005850	TFCN2502E3341_013373-T1	DBVPG3775_006234-T1
GF00005851	TFCN2502E3341_013376-T1	DBVPG3775_006237-T1
GF00005852	TFCN2502E3341_010765-T1	DBVPG3775_006526-T1
GF00005853	TFCN2502E3341_013819-T1	DBVPG3775_006540-T1
GF00005854	TFCN2502E3341_013825-T1	DBVPG3775_006546-T1
GF00005855	TFCN2502E3341_010530-T1	DBVPG3775_006574-T1
GF00005856	TFCN2502E3341_013999-T1	DBVPG3775_006588-T1
GF00005857	TFCN2502E3341_013914-T1	DBVPG3775_006685-T1
GF00005858	TFCN2502E3341_011217-T1	DBVPG3775_006724-T1
GF00005859	TFCN2502E3341_013632-T1	DBVPG3775_006746-T1
GF00005860	TFCN2502E3341_010940-T1	DBVPG3775_006757-T1
GF00005861	TFCN2502E3341_008608-T1	DBVPG3775_006779-T1
GF00005862	TFCN2502E3341_008578-T1	DBVPG3775_006808-T1
GF00005863	TFCN2502E3341_011472-T1	DBVPG3775_006837-T1
GF00005864	TFCN2502E3341_005640-T1	DBVPG3775_006863-T1
GF00005865	TFCN2502E3341_014542-T1	DBVPG3775_006902-T1
GF00005866	TFCN2502E3341_007443-T1	DBVPG3775_007041-T1
GF00005867	TFCN2502E3341_007453-T1	DBVPG3775_007050-T1
GF00005868	TFCN2502E3341_001197-T1	DBVPG3775_007094-T1
GF00005869	TFCN2502E3341_009876-T1	DBVPG3775_007106-T1
GF00005870	TFCN2502E3341_009877-T1	DBVPG3775_007107-T1
GF00005871	TFCN2502E3341_001009-T1	DBVPG3775_007129-T1
GF00005872	TFCN2502E3341_001024-T1	DBVPG3775_007144-T1
GF00005873	TFCN2502E3341_004409-T1	DBVPG3775_007166-T1
GF00005874	TFCN2502E3341_004413-T1	DBVPG3775_007170-T1
GF00005875	TFCN2502E3341_011149-T1	DBVPG3775_007218-T1
GF00005876	TFCN2502E3341_011853-T1	DBVPG3775_007230-T1
GF00005877	TFCN2502E3341_005930-T1	DBVPG3775_007323-T1
GF00005878	TFCN2502E3341_005931-T1	DBVPG3775_007324-T1
GF00005879	TFCN2502E3341_005932-T1	DBVPG3775_007325-T1
GF00005880	TFCN2502E3341_012418-T1	DBVPG3775_007348-T1
GF00005881	TFCN2502E3341_007109-T1	DBVPG3775_007356-T1
GF00005882	TFCN2502E3341_011653-T1	DBVPG3775_007384-T1
GF00005883	TFCN2502E3341_003343-T1	DBVPG3775_007394-T1
GF00005884	TFCN2502E3341_003333-T1	DBVPG3775_007403-T1
GF00005885	TFCN2502E3341_011836-T1	DBVPG3775_007420-T1
GF00005886	TFCN2502E3341_014662-T1	DBVPG3775_007505-T1
GF00005887	TFCN2502E3341_004889-T1	DBVPG3775_007523-T1
GF00005888	TFCN2502E3341_011454-T1	DBVPG3775_007527-T1
GF00005889	TFCN2502E3341_014747-T1	DBVPG3775_007529-T1
GF00005890	TFCN2502E3341_014639-T1	DBVPG3775_007557-T1
GF00005891	TFCN2502E3341_014544-T1	DBVPG3775_007560-T1
GF00005892	TFCN2502E3341_014792-T1	DBVPG3775_007583-T1
GF00005893	TFCN2502E3341_000506-T1	DBVPG3775_007585-T1
GF00005894	TFCN2502E3341_014864-T1	DBVPG3775_007592-T1
GF00005895	TFCN2502E3341_014843-T1	DBVPG3775_007595-T1
GF00005896	TFCN2502E3341_006574-T1	
GF00005897		DBVPG3775_004825-T1
GF00005898	TFCN2502E3341_004308-T1	
GF00005899		DBVPG3775_000522-T1
GF00005900	TFCN2502E3341_011674-T1	
GF00005901		DBVPG3775_002903-T1
GF00005902		DBVPG3775_000573-T1
GF00005903		DBVPG3775_000718-T1
GF00005904		DBVPG3775_006773-T1
GF00005905	TFCN2502E3341_012204-T1	
GF00005906	TFCN2502E3341_013879-T1	
GF00005907	TFCN2502E3341_006296-T1	
GF00005908	TFCN2502E3341_008177-T1	
GF00005909	TFCN2502E3341_003158-T1	
GF00005910		DBVPG3775_003551-T1
GF00005911		DBVPG3775_004589-T1
GF00005912	TFCN2502E3341_011080-T1	
GF00005913		DBVPG3775_007564-T1
GF00005914	TFCN2502E3341_004482-T1	
GF00005915		DBVPG3775_002331-T1
GF00005916	TFCN2502E3341_012302-T1	
GF00005917	TFCN2502E3341_012921-T1	
GF00005918	TFCN2502E3341_008197-T1	
GF00005919		DBVPG3775_005778-T1
GF00005920	TFCN2502E3341_014824-T1	
GF00005921	TFCN2502E3341_014665-T1	
GF00005922		DBVPG3775_003541-T1
GF00005923	TFCN2502E3341_011015-T1	
GF00005924		DBVPG3775_006781-T1
GF00005925		DBVPG3775_007528-T1
GF00005926	TFCN2502E3341_013791-T1	
GF00005927		DBVPG3775_006023-T1
GF00005928		DBVPG3775_003549-T1
GF00005929		DBVPG3775_002889-T1
GF00005930		DBVPG3775_002432-T1
GF00005931	TFCN2502E3341_003773-T1	
GF00005932	TFCN2502E3341_003156-T1	
GF00005933	TFCN2502E3341_013998-T1	
GF00005934	TFCN2502E3341_014513-T1	
GF00005935	TFCN2502E3341_014853-T1	
GF00005936		DBVPG3775_005765-T1
GF00005937	TFCN2502E3341_006933-T1	
GF00005938	TFCN2502E3341_003670-T1	
GF00005939		DBVPG3775_000488-T1
GF00005940		DBVPG3775_006869-T1
GF00005941		DBVPG3775_002332-T1
GF00005942	TFCN2502E3341_014510-T1	
GF00005943	TFCN2502E3341_010493-T1	
GF00005944	TFCN2502E3341_014857-T1	
GF00005945	TFCN2502E3341_014820-T1	
GF00005946	TFCN2502E3341_013420-T1	
GF00005947		DBVPG3775_006337-T1
GF00005948	TFCN2502E3341_014675-T1	
GF00005949	TFCN2502E3341_009117-T1	
GF00005950		DBVPG3775_000278-T1
GF00005951	TFCN2502E3341_010649-T1	
GF00005952		DBVPG3775_000495-T1
GF00005953		DBVPG3775_000493-T1
GF00005954		DBVPG3775_004587-T1
GF00005955		DBVPG3775_006774-T1
GF00005956		DBVPG3775_004591-T1
GF00005957	TFCN2502E3341_004177-T1	
GF00005958	TFCN2502E3341_006841-T1	
GF00005959	TFCN2502E3341_011778-T1	
GF00005960		DBVPG3775_004854-T1
GF00005961		DBVPG3775_002622-T1
GF00005962		DBVPG3775_004541-T1
GF00005963	TFCN2502E3341_000195-T1	
GF00005964		DBVPG3775_005201-T1
GF00005965	TFCN2502E3341_012719-T1	
GF00005966		DBVPG3775_005984-T1
GF00005967		DBVPG3775_004588-T1
GF00005968	TFCN2502E3341_009319-T1	
GF00005969	TFCN2502E3341_014519-T1	
GF00005970	TFCN2502E3341_009355-T1	
GF00005971	TFCN2502E3341_000338-T1	
GF00005972		DBVPG3775_005293-T1
GF00005973		DBVPG3775_006790-T1
GF00005974	TFCN2502E3341_014713-T1	
GF00005975		DBVPG3775_001243-T1
GF00005976	TFCN2502E3341_004214-T1	
GF00005977		DBVPG3775_003011-T1
GF00005978	TFCN2502E3341_006295-T1	
GF00005979	TFCN2502E3341_011860-T1	
GF00005980		DBVPG3775_002325-T1
GF00005981	TFCN2502E3341_011224-T1	
GF00005982	TFCN2502E3341_011312-T1	
GF00005983	TFCN2502E3341_003374-T1	
GF00005984	TFCN2502E3341_014837-T1	
GF00005985		DBVPG3775_000770-T1
GF00005986	TFCN2502E3341_014784-T1	
GF00005987		DBVPG3775_002789-T1
GF00005988		DBVPG3775_006280-T1
GF00005989	TFCN2502E3341_004699-T1	
GF00005990	TFCN2502E3341_008443-T1	
GF00005991	TFCN2502E3341_001195-T1	
GF00005992	TFCN2502E3341_014101-T1	
GF00005993	TFCN2502E3341_014424-T1	
GF00005994		DBVPG3775_000954-T1
GF00005995	TFCN2502E3341_000337-T1	
GF00005996		DBVPG3775_003547-T1
GF00005997	TFCN2502E3341_003157-T1	
GF00005998	TFCN2502E3341_003669-T1	
GF00005999	TFCN2502E3341_012708-T1	
GF00006000	TFCN2502E3341_002853-T1	
GF00006001	TFCN2502E3341_001788-T1	
GF00006002	TFCN2502E3341_008762-T1	
GF00006003		DBVPG3775_000734-T1
GF00006004	TFCN2502E3341_002317-T1	
GF00006005		DBVPG3775_003548-T1
GF00006006	TFCN2502E3341_000128-T1	
GF00006007	TFCN2502E3341_014779-T1	
GF00006008		DBVPG3775_001888-T1
GF00006009		DBVPG3775_004981-T1
GF00006010	TFCN2502E3341_014838-T1	
GF00006011	TFCN2502E3341_014398-T1	
GF00006012	TFCN2502E3341_007508-T1	
GF00006013	TFCN2502E3341_000903-T1	
GF00006014	TFCN2502E3341_013603-T1	
GF00006015	TFCN2502E3341_012364-T1	
GF00006016		DBVPG3775_007526-T1
GF00006017		DBVPG3775_003546-T1
GF00006018	TFCN2502E3341_013113-T1	
GF00006019	TFCN2502E3341_010497-T1	
GF00006020	TFCN2502E3341_007247-T1	
GF00006021		DBVPG3775_003462-T1
GF00006022		DBVPG3775_005950-T1
GF00006023	TFCN2502E3341_014809-T1	
GF00006024		DBVPG3775_006625-T1
GF00006025	TFCN2502E3341_007078-T1	
GF00006026		DBVPG3775_004494-T1
GF00006027	TFCN2502E3341_005578-T1	
GF00006028		DBVPG3775_002790-T1
GF00006029		DBVPG3775_004576-T1
GF00006030	TFCN2502E3341_001320-T1	
GF00006031		DBVPG3775_000536-T1
GF00006032		DBVPG3775_003609-T1
GF00006033		DBVPG3775_004954-T1
GF00006034		DBVPG3775_000602-T1
GF00006035	TFCN2502E3341_013166-T1	
GF00006036		DBVPG3775_004586-T1
GF00006037	TFCN2502E3341_002377-T1	
GF00006038	TFCN2502E3341_004667-T1	
GF00006039	TFCN2502E3341_012292-T1	
GF00006040	TFCN2502E3341_013269-T1	
GF00006041		DBVPG3775_006885-T1
GF00006042	TFCN2502E3341_011779-T1	
GF00006043	TFCN2502E3341_014739-T1	
GF00006044		DBVPG3775_001881-T1
GF00006045	TFCN2502E3341_012205-T1	
GF00006046	TFCN2502E3341_008201-T1	
GF00006047	TFCN2502E3341_014794-T1	
GF00006048	TFCN2502E3341_014492-T1	
GF00006049	TFCN2502E3341_004309-T1	
GF00006050	TFCN2502E3341_003626-T1	
GF00006051	TFCN2502E3341_000607-T1	
GF00006052	TFCN2502E3341_012082-T1	
GF00006053	TFCN2502E3341_003182-T1	
GF00006054		DBVPG3775_007192-T1
GF00006055	TFCN2502E3341_014810-T1	
GF00006056		DBVPG3775_006502-T1
GF00006057		DBVPG3775_007289-T1
GF00006058	TFCN2502E3341_005862-T1	
GF00006059		DBVPG3775_004668-T1
GF00006060	TFCN2502E3341_001227-T1	
GF00006061		DBVPG3775_003556-T1
GF00006062	TFCN2502E3341_012303-T1	
GF00006063	TFCN2502E3341_002641-T1	
GF00006064	TFCN2502E3341_010495-T1	
GF00006065		DBVPG3775_004947-T1
GF00006066		DBVPG3775_003543-T1
GF00006067	TFCN2502E3341_014382-T1	
GF00006068	TFCN2502E3341_008089-T1	
GF00006069		DBVPG3775_004073-T1
GF00006070	TFCN2502E3341_014611-T1	
GF00006071	TFCN2502E3341_012206-T1	
GF00006072		DBVPG3775_001525-T1
GF00006073		DBVPG3775_002877-T1
GF00006074	TFCN2502E3341_008018-T1	
GF00006075		DBVPG3775_006119-T1
GF00006076		DBVPG3775_004593-T1
GF00006077	TFCN2502E3341_014511-T1	
GF00006078	TFCN2502E3341_014326-T1	
GF00006079	TFCN2502E3341_008634-T1	
GF00006080	TFCN2502E3341_000722-T1	
GF00006081	TFCN2502E3341_003341-T1	
GF00006082	TFCN2502E3341_003769-T1	
GF00006083	TFCN2502E3341_012734-T1	
GF00006084	TFCN2502E3341_009523-T1	
GF00006085		DBVPG3775_003650-T1
GF00006086		DBVPG3775_006201-T1
GF00006087	TFCN2502E3341_012524-T1	
GF00006088	TFCN2502E3341_000973-T1	
GF00006089	TFCN2502E3341_014518-T1	
GF00006090		DBVPG3775_000283-T1
GF00006091	TFCN2502E3341_003947-T1	
GF00006092	TFCN2502E3341_010956-T1	
GF00006093		DBVPG3775_003553-T1
GF00006094	TFCN2502E3341_007898-T1	
GF00006095	TFCN2502E3341_000920-T1	
GF00006096	TFCN2502E3341_014863-T1	
GF00006097	TFCN2502E3341_003241-T1	
GF00006098	TFCN2502E3341_010755-T1	
GF00006099	TFCN2502E3341_012460-T1	
GF00006100		DBVPG3775_006143-T1
GF00006101	TFCN2502E3341_004657-T1	
GF00006102	TFCN2502E3341_014839-T1	
GF00006103	TFCN2502E3341_009106-T1	
GF00006104		DBVPG3775_002060-T1
GF00006105	TFCN2502E3341_004085-T1	
GF00006106		DBVPG3775_001540-T1
GF00006107	TFCN2502E3341_003744-T1	
GF00006108		DBVPG3775_005015-T1
GF00006109	TFCN2502E3341_014625-T1	
GF00006110	TFCN2502E3341_006242-T1	
GF00006111	TFCN2502E3341_003218-T1	
GF00006112		DBVPG3775_007565-T1
GF00006113		DBVPG3775_001753-T1
GF00006114		DBVPG3775_001150-T1
GF00006115		DBVPG3775_005764-T1
GF00006116		DBVPG3775_003545-T1
GF00006117		DBVPG3775_007177-T1
GF00006118		DBVPG3775_006929-T1
GF00006119	TFCN2502E3341_002398-T1	
GF00006120	TFCN2502E3341_014861-T1	
GF00006121	TFCN2502E3341_009649-T1	
GF00006122		DBVPG3775_004238-T1
GF00006123		DBVPG3775_006287-T1
GF00006124		DBVPG3775_001328-T1
GF00006125	TFCN2502E3341_014758-T1	
GF00006126	TFCN2502E3341_008179-T1	
GF00006127	TFCN2502E3341_009619-T1	
GF00006128	TFCN2502E3341_010571-T1	
GF00006129		DBVPG3775_005195-T1
GF00006130		DBVPG3775_006833-T1
GF00006131	TFCN2502E3341_014805-T1	
GF00006132	TFCN2502E3341_014397-T1	
GF00006133		DBVPG3775_006777-T1
GF00006134	TFCN2502E3341_009603-T1	
GF00006135	TFCN2502E3341_011063-T1	
GF00006136		DBVPG3775_001943-T1
GF00006137	TFCN2502E3341_008196-T1	
GF00006138	TFCN2502E3341_007352-T1	
GF00006139		DBVPG3775_007314-T1
GF00006140	TFCN2502E3341_001374-T1	
GF00006141	TFCN2502E3341_010420-T1	
GF00006142	TFCN2502E3341_013064-T1	
GF00006143		DBVPG3775_002697-T1
GF00006144	TFCN2502E3341_014087-T1	
GF00006145		DBVPG3775_003940-T1
GF00006146	TFCN2502E3341_014520-T1	
GF00006147		DBVPG3775_003632-T1
GF00006148		DBVPG3775_007586-T1
GF00006149	TFCN2502E3341_009604-T1	
GF00006150		DBVPG3775_006024-T1
GF00006151	TFCN2502E3341_014238-T1	
GF00006152		DBVPG3775_004352-T1
GF00006153	TFCN2502E3341_003781-T1	
GF00006154	TFCN2502E3341_009894-T1	
GF00006155	TFCN2502E3341_003667-T1	
GF00006156	TFCN2502E3341_001621-T1	
GF00006157	TFCN2502E3341_008648-T1	
GF00006158		DBVPG3775_007507-T1
GF00006159		DBVPG3775_004495-T1
GF00006160	TFCN2502E3341_014766-T1	
GF00006161	TFCN2502E3341_012356-T1	
GF00006162		DBVPG3775_006189-T1
GF00006163	TFCN2502E3341_008087-T1	
GF00006164	TFCN2502E3341_008148-T1	
GF00006165		DBVPG3775_006750-T1
GF00006166	TFCN2502E3341_003347-T1	
GF00006167	TFCN2502E3341_014854-T1	
GF00006168	TFCN2502E3341_003498-T1	
GF00006169	TFCN2502E3341_008178-T1	
GF00006170	TFCN2502E3341_014860-T1	
GF00006171	TFCN2502E3341_009605-T1	
GF00006172		DBVPG3775_003542-T1
GF00006173	TFCN2502E3341_003615-T1	
GF00006174		DBVPG3775_004336-T1
GF00006175	TFCN2502E3341_007246-T1	
GF00006176	TFCN2502E3341_003668-T1	
GF00006177	TFCN2502E3341_013929-T1	
GF00006178		DBVPG3775_000063-T1
GF00006179		DBVPG3775_003554-T1
GF00006180		DBVPG3775_004592-T1
GF00006181		DBVPG3775_004585-T1
GF00006182	TFCN2502E3341_014823-T1	
GF00006183	TFCN2502E3341_010496-T1	
GF00006184	TFCN2502E3341_011034-T1	
GF00006185		DBVPG3775_001572-T1
GF00006186		DBVPG3775_007601-T1
GF00006187		DBVPG3775_001756-T1
GF00006188		DBVPG3775_004969-T1
GF00006189		DBVPG3775_003465-T1
GF00006190		DBVPG3775_005977-T1
GF00006191		DBVPG3775_004709-T1
GF00006192	TFCN2502E3341_014816-T1	
GF00006193		DBVPG3775_001270-T1
GF00006194		DBVPG3775_000148-T1
GF00006195		DBVPG3775_002355-T1
GF00006196	TFCN2502E3341_014437-T1	
GF00006197	TFCN2502E3341_010991-T1	
GF00006198	TFCN2502E3341_004057-T1	
GF00006199	TFCN2502E3341_014841-T1	
GF00006200	TFCN2502E3341_011219-T1	
GF00006201		DBVPG3775_000037-T1
GF00006202	TFCN2502E3341_004683-T1	
GF00006203	TFCN2502E3341_007135-T1	
GF00006204	TFCN2502E3341_006783-T1	
GF00006205		DBVPG3775_003188-T1
GF00006206	TFCN2502E3341_011033-T1	
GF00006207	TFCN2502E3341_002686-T1	
GF00006208	TFCN2502E3341_010180-T1	
GF00006209		DBVPG3775_005763-T1
GF00006210	TFCN2502E3341_007856-T1	
GF00006211		DBVPG3775_003550-T1
GF00006212	TFCN2502E3341_009541-T1	
GF00006213	TFCN2502E3341_013820-T1	
GF00006214	TFCN2502E3341_007821-T1	
GF00006215	TFCN2502E3341_009679-T1	
GF00006216	TFCN2502E3341_004560-T1	
GF00006217	TFCN2502E3341_007048-T1	
GF00006218		DBVPG3775_003119-T1
GF00006219		DBVPG3775_003555-T1
GF00006220	TFCN2502E3341_014102-T1	
GF00006221		DBVPG3775_000540-T1
GF00006222	TFCN2502E3341_014833-T1	
GF00006223		DBVPG3775_005616-T1
GF00006224	TFCN2502E3341_001866-T1	
GF00006225	TFCN2502E3341_004790-T1	
GF00006226		DBVPG3775_005725-T1
GF00006227		DBVPG3775_005803-T1
GF00006228	TFCN2502E3341_009318-T1	
GF00006229	TFCN2502E3341_009356-T1	
GF00006230	TFCN2502E3341_009630-T1	
GF00006231	TFCN2502E3341_014750-T1	
GF00006232	TFCN2502E3341_009542-T1	
GF00006233		DBVPG3775_004669-T1
GF00006234		DBVPG3775_007587-T1
GF00006235	TFCN2502E3341_000692-T1	
GF00006236		DBVPG3775_007353-T1
GF00006237	TFCN2502E3341_014286-T1	
GF00006238	TFCN2502E3341_006947-T1	
GF00006239	TFCN2502E3341_014082-T1	
GF00006240	TFCN2502E3341_002905-T1	
GF00006241		DBVPG3775_006780-T1
GF00006242	TFCN2502E3341_008137-T1	
GF00006243	TFCN2502E3341_011373-T1	
GF00006244		DBVPG3775_007572-T1
GF00006245		DBVPG3775_001520-T1
GF00006246	TFCN2502E3341_003766-T1	
GF00006247	TFCN2502E3341_008108-T1	
GF00006248	TFCN2502E3341_012731-T1	
GF00006249		DBVPG3775_003038-T1
GF00006250	TFCN2502E3341_008494-T1	
GF00006251		DBVPG3775_007463-T1
GF00006252	TFCN2502E3341_014522-T1	
GF00006253	TFCN2502E3341_009629-T1	
GF00006254	TFCN2502E3341_001210-T1	
GF00006255		DBVPG3775_003552-T1
GF00006256	TFCN2502E3341_002194-T1	
GF00006257	TFCN2502E3341_009840-T1	
GF00006258		DBVPG3775_006338-T1
GF00006259		DBVPG3775_007576-T1
GF00006260		DBVPG3775_005002-T1
GF00006261		DBVPG3775_006848-T1
