	Rhodotorula_mucilaginosa_CHIFNET_14NJ214.cds.fa	Rhodotorula_mucilaginosa_DBVPG_3775.cds.fa
GF00000001	CHIFNET14NJ214_000506-T1	DBVPG3775_001425-T1
GF00000002	CHIFNET14NJ214_003486-T1	DBVPG3775_004172-T1
GF00000003	CHIFNET14NJ214_009213-T1	DBVPG3775_004132-T1
GF00000004	CHIFNET14NJ214_003659-T1	DBVPG3775_001973-T1
GF00000005	CHIFNET14NJ214_001839-T1	DBVPG3775_001644-T1
GF00000006	CHIFNET14NJ214_002286-T1	DBVPG3775_002003-T1
GF00000007	CHIFNET14NJ214_009198-T1	DBVPG3775_004632-T1
GF00000008	CHIFNET14NJ214_004818-T1	DBVPG3775_000220-T1
GF00000009	CHIFNET14NJ214_000454-T1	DBVPG3775_003781-T1
GF00000010	CHIFNET14NJ214_009571-T1	DBVPG3775_000780-T1
GF00000011	CHIFNET14NJ214_004151-T1	DBVPG3775_005585-T1
GF00000012	CHIFNET14NJ214_002143-T1	DBVPG3775_000902-T1
GF00000013	CHIFNET14NJ214_008042-T1	DBVPG3775_006246-T1
GF00000014	CHIFNET14NJ214_003923-T1	DBVPG3775_002987-T1
GF00000015	CHIFNET14NJ214_006144-T1	DBVPG3775_006585-T1
GF00000016	CHIFNET14NJ214_008403-T1	DBVPG3775_000926-T1
GF00000017	CHIFNET14NJ214_007666-T1	DBVPG3775_004453-T1
GF00000018	CHIFNET14NJ214_000797-T1	DBVPG3775_003162-T1
GF00000019	CHIFNET14NJ214_002879-T1	DBVPG3775_007326-T1
GF00000020	CHIFNET14NJ214_010858-T1	DBVPG3775_002916-T1
GF00000021	CHIFNET14NJ214_007882-T1	DBVPG3775_002467-T1
GF00000022	CHIFNET14NJ214_011426-T1	DBVPG3775_004041-T1
GF00000023	CHIFNET14NJ214_006030-T1	DBVPG3775_004957-T1
GF00000024	CHIFNET14NJ214_001426-T1	DBVPG3775_002812-T1
GF00000025	CHIFNET14NJ214_004331-T1	DBVPG3775_004369-T1
GF00000026	CHIFNET14NJ214_006969-T1	DBVPG3775_002869-T1
GF00000027	CHIFNET14NJ214_007166-T1	DBVPG3775_000946-T1
GF00000028	CHIFNET14NJ214_012714-T1	DBVPG3775_004622-T1
GF00000029	CHIFNET14NJ214_010559-T1	DBVPG3775_005693-T1
GF00000030	CHIFNET14NJ214_009491-T1	DBVPG3775_000357-T1
GF00000031	CHIFNET14NJ214_001407-T1	DBVPG3775_001426-T1
GF00000032	CHIFNET14NJ214_001245-T1	DBVPG3775_005960-T1
GF00000033	CHIFNET14NJ214_009085-T1	DBVPG3775_005578-T1
GF00000034	CHIFNET14NJ214_008852-T1	DBVPG3775_002749-T1
GF00000035	CHIFNET14NJ214_008603-T1	DBVPG3775_001370-T1
GF00000036	CHIFNET14NJ214_010192-T1	DBVPG3775_003326-T1
GF00000037	CHIFNET14NJ214_004090-T1	DBVPG3775_005417-T1
GF00000038	CHIFNET14NJ214_006780-T1	DBVPG3775_000026-T1
GF00000039	CHIFNET14NJ214_011689-T1	DBVPG3775_004061-T1
GF00000040	CHIFNET14NJ214_011712-T1	DBVPG3775_000924-T1
GF00000041	CHIFNET14NJ214_010979-T1	DBVPG3775_002328-T1
GF00000042	CHIFNET14NJ214_000026-T1	DBVPG3775_001667-T1
GF00000043	CHIFNET14NJ214_000496-T1	DBVPG3775_002218-T1
GF00000044	CHIFNET14NJ214_006993-T1	DBVPG3775_007022-T1
GF00000045	CHIFNET14NJ214_010903-T1	DBVPG3775_000916-T1
GF00000046	CHIFNET14NJ214_009807-T1	DBVPG3775_004293-T1
GF00000047	CHIFNET14NJ214_010359-T1	DBVPG3775_001234-T1
GF00000048	CHIFNET14NJ214_008130-T1	DBVPG3775_001834-T1
GF00000049	CHIFNET14NJ214_001917-T1	DBVPG3775_007226-T1
GF00000050	CHIFNET14NJ214_012785-T1	DBVPG3775_005166-T1
GF00000051	CHIFNET14NJ214_011042-T1	DBVPG3775_000387-T1
GF00000052	CHIFNET14NJ214_002735-T1	DBVPG3775_002046-T1
GF00000053	CHIFNET14NJ214_000484-T1	DBVPG3775_002206-T1
GF00000054	CHIFNET14NJ214_006734-T1	DBVPG3775_004141-T1
GF00000055	CHIFNET14NJ214_007001-T1	DBVPG3775_002043-T1
GF00000056	CHIFNET14NJ214_013553-T1	DBVPG3775_000993-T1
GF00000057	CHIFNET14NJ214_005643-T1	DBVPG3775_006911-T1
GF00000058	CHIFNET14NJ214_003112-T1	DBVPG3775_000191-T1
GF00000059	CHIFNET14NJ214_001057-T1	DBVPG3775_002941-T1
GF00000060	CHIFNET14NJ214_009679-T1	DBVPG3775_006345-T1
GF00000061	CHIFNET14NJ214_001137-T1	DBVPG3775_000466-T1
GF00000062	CHIFNET14NJ214_010925-T1	DBVPG3775_007132-T1
GF00000063	CHIFNET14NJ214_000210-T1	DBVPG3775_005736-T1
GF00000064	CHIFNET14NJ214_005543-T1	DBVPG3775_000562-T1
GF00000065	CHIFNET14NJ214_005313-T1	DBVPG3775_002083-T1
GF00000066	CHIFNET14NJ214_002903-T1	DBVPG3775_005295-T1
GF00000067	CHIFNET14NJ214_005494-T1	DBVPG3775_002577-T1
GF00000068	CHIFNET14NJ214_009451-T1	DBVPG3775_002336-T1
GF00000069	CHIFNET14NJ214_003614-T1	DBVPG3775_001088-T1
GF00000070	CHIFNET14NJ214_004938-T1	DBVPG3775_003686-T1
GF00000071	CHIFNET14NJ214_004506-T1	DBVPG3775_001549-T1
GF00000072	CHIFNET14NJ214_000465-T1	DBVPG3775_003794-T1
GF00000073	CHIFNET14NJ214_000348-T1	DBVPG3775_000082-T1
GF00000074	CHIFNET14NJ214_004598-T1	DBVPG3775_001213-T1
GF00000075	CHIFNET14NJ214_004615-T1	DBVPG3775_006584-T1
GF00000076	CHIFNET14NJ214_007756-T1	DBVPG3775_003785-T1
GF00000077	CHIFNET14NJ214_009668-T1	DBVPG3775_006959-T1
GF00000078	CHIFNET14NJ214_006602-T1	DBVPG3775_004080-T1
GF00000079	CHIFNET14NJ214_007048-T1	DBVPG3775_004521-T1
GF00000080	CHIFNET14NJ214_011876-T1	DBVPG3775_001451-T1
GF00000081	CHIFNET14NJ214_011562-T1	DBVPG3775_001251-T1
GF00000082	CHIFNET14NJ214_005802-T1	DBVPG3775_003273-T1
GF00000083	CHIFNET14NJ214_008449-T1	DBVPG3775_003251-T1
GF00000084	CHIFNET14NJ214_009010-T1	DBVPG3775_003742-T1
GF00000085	CHIFNET14NJ214_000533-T1	DBVPG3775_002257-T1
GF00000086	CHIFNET14NJ214_002243-T1	DBVPG3775_006818-T1
GF00000087	CHIFNET14NJ214_002113-T1	DBVPG3775_005603-T1
GF00000088	CHIFNET14NJ214_008011-T1	DBVPG3775_003581-T1
GF00000089	CHIFNET14NJ214_003207-T1	DBVPG3775_004308-T1
GF00000090	CHIFNET14NJ214_002485-T1	DBVPG3775_003328-T1
GF00000091	CHIFNET14NJ214_005390-T1	DBVPG3775_000527-T1
GF00000092	CHIFNET14NJ214_006540-T1	DBVPG3775_006961-T1
GF00000093	CHIFNET14NJ214_004947-T1	DBVPG3775_002326-T1
GF00000094	CHIFNET14NJ214_002696-T1	DBVPG3775_006031-T1
GF00000095	CHIFNET14NJ214_008384-T1	DBVPG3775_005753-T1
GF00000096	CHIFNET14NJ214_003331-T1	DBVPG3775_000376-T1
GF00000097	CHIFNET14NJ214_012914-T1	DBVPG3775_002226-T1
GF00000098	CHIFNET14NJ214_001711-T1	DBVPG3775_002579-T1
GF00000099	CHIFNET14NJ214_000671-T1	DBVPG3775_001065-T1
GF00000100	CHIFNET14NJ214_006452-T1	DBVPG3775_000794-T1
GF00000101	CHIFNET14NJ214_006453-T1	DBVPG3775_000792-T1
GF00000102	CHIFNET14NJ214_000784-T1	DBVPG3775_006418-T1
GF00000103	CHIFNET14NJ214_011582-T1	DBVPG3775_006643-T1
GF00000104	CHIFNET14NJ214_007148-T1	DBVPG3775_000842-T1
GF00000105	CHIFNET14NJ214_007276-T1	DBVPG3775_003172-T1
GF00000106	CHIFNET14NJ214_009345-T1	DBVPG3775_004339-T1
GF00000107	CHIFNET14NJ214_007474-T1	DBVPG3775_004982-T1
GF00000108	CHIFNET14NJ214_001758-T1	DBVPG3775_003422-T1
GF00000109	CHIFNET14NJ214_002447-T1	DBVPG3775_007105-T1
GF00000110	CHIFNET14NJ214_002583-T1	DBVPG3775_005795-T1
GF00000111	CHIFNET14NJ214_012938-T1	DBVPG3775_006388-T1
GF00000112	CHIFNET14NJ214_005625-T1	DBVPG3775_007423-T1
GF00000113	CHIFNET14NJ214_009158-T1	DBVPG3775_002526-T1
GF00000114	CHIFNET14NJ214_013426-T1	DBVPG3775_002338-T1
GF00000115	CHIFNET14NJ214_000799-T1	DBVPG3775_006416-T1
GF00000116	CHIFNET14NJ214_001866-T1	DBVPG3775_001677-T1
GF00000117	CHIFNET14NJ214_000663-T1	DBVPG3775_007424-T1
GF00000118	CHIFNET14NJ214_005775-T1	DBVPG3775_003302-T1
GF00000119	CHIFNET14NJ214_013723-T1	DBVPG3775_000368-T1
GF00000120	CHIFNET14NJ214_002296-T1	DBVPG3775_001993-T1
GF00000121	CHIFNET14NJ214_006926-T1	DBVPG3775_007162-T1
GF00000122	CHIFNET14NJ214_000463-T1	DBVPG3775_003792-T1
GF00000123	CHIFNET14NJ214_007071-T1	DBVPG3775_004544-T1
GF00000124	CHIFNET14NJ214_005658-T1	DBVPG3775_004642-T1
GF00000125	CHIFNET14NJ214_007904-T1	DBVPG3775_005157-T1
GF00000126	CHIFNET14NJ214_006231-T1	DBVPG3775_001266-T1
GF00000127	CHIFNET14NJ214_003984-T1	DBVPG3775_006420-T1
GF00000128	CHIFNET14NJ214_000795-T1	DBVPG3775_003520-T1
GF00000129	CHIFNET14NJ214_009610-T1	DBVPG3775_006948-T1
GF00000130	CHIFNET14NJ214_001480-T1	DBVPG3775_007270-T1
GF00000131	CHIFNET14NJ214_003613-T1	DBVPG3775_001962-T1
GF00000132	CHIFNET14NJ214_004347-T1	DBVPG3775_004387-T1
GF00000133	CHIFNET14NJ214_008914-T1	DBVPG3775_003229-T1
GF00000134	CHIFNET14NJ214_011307-T1	DBVPG3775_003496-T1
GF00000135	CHIFNET14NJ214_006522-T1	DBVPG3775_004717-T1
GF00000136	CHIFNET14NJ214_002877-T1	DBVPG3775_007250-T1
GF00000137	CHIFNET14NJ214_011916-T1	DBVPG3775_003865-T1
GF00000138	CHIFNET14NJ214_003093-T1	DBVPG3775_006210-T1
GF00000139	CHIFNET14NJ214_004034-T1	DBVPG3775_007241-T1
GF00000140	CHIFNET14NJ214_005285-T1	DBVPG3775_004181-T1
GF00000141	CHIFNET14NJ214_010454-T1	DBVPG3775_004754-T1
GF00000142	CHIFNET14NJ214_010321-T1	DBVPG3775_004545-T1
GF00000143	CHIFNET14NJ214_003310-T1	DBVPG3775_000399-T1
GF00000144	CHIFNET14NJ214_009637-T1	DBVPG3775_003362-T1
GF00000145	CHIFNET14NJ214_014107-T1	DBVPG3775_000346-T1
GF00000146	CHIFNET14NJ214_008312-T1	DBVPG3775_004097-T1
GF00000147	CHIFNET14NJ214_007317-T1	DBVPG3775_007575-T1
GF00000148	CHIFNET14NJ214_001114-T1	DBVPG3775_002610-T1
GF00000149	CHIFNET14NJ214_006083-T1	DBVPG3775_004876-T1
GF00000150	CHIFNET14NJ214_005650-T1	DBVPG3775_003255-T1
GF00000151	CHIFNET14NJ214_005263-T1	DBVPG3775_006133-T1
GF00000152	CHIFNET14NJ214_012134-T1	DBVPG3775_006856-T1
GF00000153	CHIFNET14NJ214_004333-T1	DBVPG3775_004376-T1
GF00000154	CHIFNET14NJ214_007049-T1	DBVPG3775_004520-T1
GF00000155	CHIFNET14NJ214_011835-T1	DBVPG3775_003607-T1
GF00000156	CHIFNET14NJ214_006590-T1	DBVPG3775_001902-T1
GF00000157	CHIFNET14NJ214_008996-T1	DBVPG3775_000814-T1
GF00000158	CHIFNET14NJ214_011518-T1	DBVPG3775_006357-T1
GF00000159	CHIFNET14NJ214_007395-T1	DBVPG3775_002435-T1
GF00000160	CHIFNET14NJ214_009318-T1	DBVPG3775_003877-T1
GF00000161	CHIFNET14NJ214_007958-T1	DBVPG3775_004556-T1
GF00000162	CHIFNET14NJ214_003244-T1	DBVPG3775_000775-T1
GF00000163	CHIFNET14NJ214_005488-T1	DBVPG3775_004155-T1
GF00000164	CHIFNET14NJ214_005137-T1	DBVPG3775_004515-T1
GF00000165	CHIFNET14NJ214_005822-T1	DBVPG3775_004760-T1
GF00000166	CHIFNET14NJ214_005661-T1	DBVPG3775_000966-T1
GF00000167	CHIFNET14NJ214_008132-T1	DBVPG3775_001832-T1
GF00000168	CHIFNET14NJ214_009316-T1	DBVPG3775_000695-T1
GF00000169	CHIFNET14NJ214_008510-T1	DBVPG3775_002751-T1
GF00000170	CHIFNET14NJ214_009723-T1	DBVPG3775_002596-T1
GF00000171	CHIFNET14NJ214_009788-T1	DBVPG3775_001517-T1
GF00000172	CHIFNET14NJ214_008516-T1	DBVPG3775_002756-T1
GF00000173	CHIFNET14NJ214_013063-T1	DBVPG3775_000475-T1
GF00000174	CHIFNET14NJ214_000846-T1	DBVPG3775_000312-T1
GF00000175	CHIFNET14NJ214_013722-T1	DBVPG3775_001751-T1
GF00000176	CHIFNET14NJ214_010139-T1	DBVPG3775_001718-T1
GF00000177	CHIFNET14NJ214_006203-T1	DBVPG3775_006015-T1
GF00000178	CHIFNET14NJ214_009953-T1	DBVPG3775_005938-T1
GF00000179	CHIFNET14NJ214_012258-T1	DBVPG3775_001961-T1
GF00000180	CHIFNET14NJ214_013094-T1	DBVPG3775_003411-T1
GF00000181	CHIFNET14NJ214_000958-T1	DBVPG3775_000179-T1
GF00000182	CHIFNET14NJ214_010768-T1	DBVPG3775_001329-T1
GF00000183	CHIFNET14NJ214_011237-T1	DBVPG3775_005546-T1
GF00000184	CHIFNET14NJ214_001425-T1	DBVPG3775_002917-T1
GF00000185	CHIFNET14NJ214_009067-T1	DBVPG3775_004034-T1
GF00000186	CHIFNET14NJ214_004718-T1	DBVPG3775_005038-T1
GF00000187	CHIFNET14NJ214_011592-T1	DBVPG3775_002965-T1
GF00000188	CHIFNET14NJ214_001151-T1	DBVPG3775_000449-T1
GF00000189	CHIFNET14NJ214_012490-T1	DBVPG3775_000702-T1
GF00000190	CHIFNET14NJ214_008625-T1	DBVPG3775_000439-T1
GF00000191	CHIFNET14NJ214_010370-T1	DBVPG3775_005109-T1
GF00000192	CHIFNET14NJ214_007504-T1	DBVPG3775_004880-T1
GF00000193	CHIFNET14NJ214_001342-T1	DBVPG3775_000249-T1
GF00000194	CHIFNET14NJ214_006914-T1	DBVPG3775_006014-T1
GF00000195	CHIFNET14NJ214_011624-T1	DBVPG3775_002180-T1
GF00000196	CHIFNET14NJ214_001715-T1	DBVPG3775_002575-T1
GF00000197	CHIFNET14NJ214_008773-T1	DBVPG3775_003643-T1
GF00000198	CHIFNET14NJ214_013911-T1	DBVPG3775_003881-T1
GF00000199	CHIFNET14NJ214_005498-T1	DBVPG3775_004731-T1
GF00000200	CHIFNET14NJ214_013048-T1	DBVPG3775_005324-T1
GF00000201	CHIFNET14NJ214_002086-T1	DBVPG3775_006806-T1
GF00000202	CHIFNET14NJ214_011646-T1	DBVPG3775_007442-T1
GF00000203	CHIFNET14NJ214_012491-T1	DBVPG3775_000701-T1
GF00000204	CHIFNET14NJ214_013378-T1	DBVPG3775_004711-T1
GF00000205	CHIFNET14NJ214_013087-T1	DBVPG3775_001020-T1
GF00000206	CHIFNET14NJ214_010087-T1	DBVPG3775_001529-T1
GF00000207	CHIFNET14NJ214_002560-T1	DBVPG3775_007063-T1
GF00000208	CHIFNET14NJ214_004057-T1	DBVPG3775_002291-T1
GF00000209	CHIFNET14NJ214_011410-T1	DBVPG3775_000730-T1
GF00000210	CHIFNET14NJ214_003903-T1	DBVPG3775_002488-T1
GF00000211	CHIFNET14NJ214_004986-T1	DBVPG3775_004275-T1
GF00000212	CHIFNET14NJ214_010842-T1	DBVPG3775_001025-T1
GF00000213	CHIFNET14NJ214_012358-T1	DBVPG3775_007483-T1
GF00000214	CHIFNET14NJ214_008406-T1	DBVPG3775_003224-T1
GF00000215	CHIFNET14NJ214_012171-T1	DBVPG3775_004821-T1
GF00000216	CHIFNET14NJ214_007757-T1	DBVPG3775_005541-T1
GF00000217	CHIFNET14NJ214_013134-T1	DBVPG3775_005842-T1
GF00000218	CHIFNET14NJ214_007312-T1	DBVPG3775_002706-T1
GF00000219	CHIFNET14NJ214_014267-T1	
GF00000220	CHIFNET14NJ214_010796-T1	DBVPG3775_004009-T1
GF00000221	CHIFNET14NJ214_013853-T1	DBVPG3775_005668-T1
GF00000222	CHIFNET14NJ214_007261-T1	DBVPG3775_001255-T1
GF00000223	CHIFNET14NJ214_007286-T1	DBVPG3775_003187-T1
GF00000224	CHIFNET14NJ214_007542-T1	DBVPG3775_004741-T1
GF00000225	CHIFNET14NJ214_008127-T1	DBVPG3775_005082-T1
GF00000226	CHIFNET14NJ214_013233-T1	DBVPG3775_004335-T1
GF00000227	CHIFNET14NJ214_011850-T1	DBVPG3775_003306-T1
GF00000228	CHIFNET14NJ214_005201-T1	DBVPG3775_005555-T1
GF00000229	CHIFNET14NJ214_010150-T1	DBVPG3775_005383-T1
GF00000230	CHIFNET14NJ214_005798-T1	DBVPG3775_003282-T1
GF00000231	CHIFNET14NJ214_003313-T1	DBVPG3775_000395-T1
GF00000232	CHIFNET14NJ214_005056-T1	DBVPG3775_004603-T1
GF00000233	CHIFNET14NJ214_005028-T1	DBVPG3775_006972-T1
GF00000234	CHIFNET14NJ214_000558-T1	DBVPG3775_003953-T1
GF00000235	CHIFNET14NJ214_002022-T1	DBVPG3775_005341-T1
GF00000236	CHIFNET14NJ214_000614-T1	DBVPG3775_003895-T1
GF00000237	CHIFNET14NJ214_000659-T1	DBVPG3775_001049-T1
GF00000238	CHIFNET14NJ214_009196-T1	DBVPG3775_004634-T1
GF00000239	CHIFNET14NJ214_008084-T1	DBVPG3775_003466-T1
GF00000240	CHIFNET14NJ214_010657-T1	DBVPG3775_002907-T1
GF00000241	CHIFNET14NJ214_012944-T1	DBVPG3775_002271-T1
GF00000242	CHIFNET14NJ214_007808-T1	DBVPG3775_005645-T1
GF00000243	CHIFNET14NJ214_008567-T1	DBVPG3775_000155-T1
GF00000244	CHIFNET14NJ214_010268-T1	DBVPG3775_003612-T1
GF00000245	CHIFNET14NJ214_001221-T1	DBVPG3775_004253-T1
GF00000246	CHIFNET14NJ214_002334-T1	DBVPG3775_000258-T1
GF00000247	CHIFNET14NJ214_011157-T1	DBVPG3775_007208-T1
GF00000248	CHIFNET14NJ214_001568-T1	DBVPG3775_003677-T1
GF00000249	CHIFNET14NJ214_001791-T1	DBVPG3775_003671-T1
GF00000250	CHIFNET14NJ214_001672-T1	DBVPG3775_002145-T1
GF00000251	CHIFNET14NJ214_008682-T1	DBVPG3775_003544-T1
GF00000252	CHIFNET14NJ214_001939-T1	DBVPG3775_000831-T1
GF00000253	CHIFNET14NJ214_013599-T1	DBVPG3775_005791-T1
GF00000254	CHIFNET14NJ214_009093-T1	DBVPG3775_005626-T1
GF00000255	CHIFNET14NJ214_002262-T1	DBVPG3775_006842-T1
GF00000256	CHIFNET14NJ214_002294-T1	DBVPG3775_001995-T1
GF00000257	CHIFNET14NJ214_009081-T1	DBVPG3775_004019-T1
GF00000258	CHIFNET14NJ214_003153-T1	DBVPG3775_004502-T1
GF00000259	CHIFNET14NJ214_006546-T1	DBVPG3775_001897-T1
GF00000260	CHIFNET14NJ214_002672-T1	DBVPG3775_006331-T1
GF00000261	CHIFNET14NJ214_012905-T1	DBVPG3775_002585-T1
GF00000262	CHIFNET14NJ214_003167-T1	DBVPG3775_006501-T1
GF00000263	CHIFNET14NJ214_012930-T1	DBVPG3775_007346-T1
GF00000264	CHIFNET14NJ214_011972-T1	DBVPG3775_002882-T1
GF00000265	CHIFNET14NJ214_004943-T1	DBVPG3775_002301-T1
GF00000266	CHIFNET14NJ214_004107-T1	DBVPG3775_002840-T1
GF00000267	CHIFNET14NJ214_014377-T1	DBVPG3775_001380-T1
GF00000268	CHIFNET14NJ214_004804-T1	DBVPG3775_004672-T1
GF00000269	CHIFNET14NJ214_004882-T1	DBVPG3775_006220-T1
GF00000270	CHIFNET14NJ214_009132-T1	DBVPG3775_005534-T1
GF00000271	CHIFNET14NJ214_005417-T1	DBVPG3775_003503-T1
GF00000272	CHIFNET14NJ214_005817-T1	DBVPG3775_004721-T1
GF00000273	CHIFNET14NJ214_012176-T1	DBVPG3775_004828-T1
GF00000274	CHIFNET14NJ214_010885-T1	DBVPG3775_003072-T1
GF00000275	CHIFNET14NJ214_013934-T1	DBVPG3775_002858-T1
GF00000276	CHIFNET14NJ214_009155-T1	DBVPG3775_002523-T1
GF00000277	CHIFNET14NJ214_007441-T1	DBVPG3775_000514-T1
GF00000278	CHIFNET14NJ214_009263-T1	DBVPG3775_006673-T1
GF00000279	CHIFNET14NJ214_009006-T1	DBVPG3775_003375-T1
GF00000280	CHIFNET14NJ214_009247-T1	DBVPG3775_001743-T1
GF00000281	CHIFNET14NJ214_010516-T1	DBVPG3775_003312-T1
GF00000282	CHIFNET14NJ214_012909-T1	DBVPG3775_003080-T1
GF00000283	CHIFNET14NJ214_000011-T1	DBVPG3775_001830-T1
GF00000284	CHIFNET14NJ214_003425-T1	DBVPG3775_004402-T1
GF00000285	CHIFNET14NJ214_001864-T1	DBVPG3775_001675-T1
GF00000286	CHIFNET14NJ214_000084-T1	DBVPG3775_006924-T1
GF00000287	CHIFNET14NJ214_010513-T1	DBVPG3775_005215-T1
GF00000288	CHIFNET14NJ214_010417-T1	DBVPG3775_005206-T1
GF00000289	CHIFNET14NJ214_002408-T1	DBVPG3775_003965-T1
GF00000290	CHIFNET14NJ214_004914-T1	DBVPG3775_006047-T1
GF00000291	CHIFNET14NJ214_001336-T1	DBVPG3775_000257-T1
GF00000292	CHIFNET14NJ214_003005-T1	DBVPG3775_004462-T1
GF00000293	CHIFNET14NJ214_007506-T1	DBVPG3775_004878-T1
GF00000294	CHIFNET14NJ214_003662-T1	DBVPG3775_001970-T1
GF00000295	CHIFNET14NJ214_003030-T1	DBVPG3775_002256-T1
GF00000296	CHIFNET14NJ214_002407-T1	DBVPG3775_003964-T1
GF00000297	CHIFNET14NJ214_010442-T1	DBVPG3775_004207-T1
GF00000298	CHIFNET14NJ214_009536-T1	DBVPG3775_003893-T1
GF00000299	CHIFNET14NJ214_003857-T1	DBVPG3775_006576-T1
GF00000300	CHIFNET14NJ214_002714-T1	DBVPG3775_007517-T1
GF00000301	CHIFNET14NJ214_002703-T1	DBVPG3775_006652-T1
GF00000302	CHIFNET14NJ214_010363-T1	DBVPG3775_001230-T1
GF00000303	CHIFNET14NJ214_009197-T1	DBVPG3775_004633-T1
GF00000304	CHIFNET14NJ214_000932-T1	DBVPG3775_000153-T1
GF00000305	CHIFNET14NJ214_009090-T1	DBVPG3775_005572-T1
GF00000306	CHIFNET14NJ214_001047-T1	DBVPG3775_002930-T1
GF00000307	CHIFNET14NJ214_001167-T1	DBVPG3775_000433-T1
GF00000308	CHIFNET14NJ214_005255-T1	DBVPG3775_006142-T1
GF00000309	CHIFNET14NJ214_001310-T1	DBVPG3775_003051-T1
GF00000310	CHIFNET14NJ214_002494-T1	DBVPG3775_003339-T1
GF00000311	CHIFNET14NJ214_001359-T1	DBVPG3775_000234-T1
GF00000312	CHIFNET14NJ214_011995-T1	DBVPG3775_005884-T1
GF00000313	CHIFNET14NJ214_009484-T1	DBVPG3775_003601-T1
GF00000314	CHIFNET14NJ214_007800-T1	DBVPG3775_005638-T1
GF00000315	CHIFNET14NJ214_011353-T1	DBVPG3775_001278-T1
GF00000316	CHIFNET14NJ214_011103-T1	DBVPG3775_001452-T1
GF00000317	CHIFNET14NJ214_006849-T1	DBVPG3775_004029-T1
GF00000318	CHIFNET14NJ214_010590-T1	DBVPG3775_005876-T1
GF00000319	CHIFNET14NJ214_007550-T1	DBVPG3775_003407-T1
GF00000320	CHIFNET14NJ214_003922-T1	DBVPG3775_006573-T1
GF00000321	CHIFNET14NJ214_002237-T1	DBVPG3775_006896-T1
GF00000322	CHIFNET14NJ214_009773-T1	DBVPG3775_002069-T1
GF00000323	CHIFNET14NJ214_004566-T1	DBVPG3775_002006-T1
GF00000324	CHIFNET14NJ214_006908-T1	DBVPG3775_006009-T1
GF00000325	CHIFNET14NJ214_002325-T1	DBVPG3775_005702-T1
GF00000326	CHIFNET14NJ214_012459-T1	DBVPG3775_004566-T1
GF00000327	CHIFNET14NJ214_006153-T1	DBVPG3775_005533-T1
GF00000328	CHIFNET14NJ214_008909-T1	DBVPG3775_003236-T1
GF00000329	CHIFNET14NJ214_003520-T1	DBVPG3775_001140-T1
GF00000330	CHIFNET14NJ214_002556-T1	DBVPG3775_007059-T1
GF00000331	CHIFNET14NJ214_002585-T1	DBVPG3775_007088-T1
GF00000332	CHIFNET14NJ214_002724-T1	DBVPG3775_007010-T1
GF00000333	CHIFNET14NJ214_009553-T1	DBVPG3775_002458-T1
GF00000334	CHIFNET14NJ214_003799-T1	DBVPG3775_007454-T1
GF00000335	CHIFNET14NJ214_005438-T1	DBVPG3775_005145-T1
GF00000336	CHIFNET14NJ214_003176-T1	DBVPG3775_006493-T1
GF00000337	CHIFNET14NJ214_003208-T1	DBVPG3775_004311-T1
GF00000338	CHIFNET14NJ214_003238-T1	DBVPG3775_002405-T1
GF00000339	CHIFNET14NJ214_005832-T1	DBVPG3775_002410-T1
GF00000340	CHIFNET14NJ214_003281-T1	DBVPG3775_005924-T1
GF00000341	CHIFNET14NJ214_009937-T1	DBVPG3775_001367-T1
GF00000342	CHIFNET14NJ214_004406-T1	DBVPG3775_000543-T1
GF00000343	CHIFNET14NJ214_010699-T1	DBVPG3775_000508-T1
GF00000344	CHIFNET14NJ214_005325-T1	DBVPG3775_001296-T1
GF00000345	CHIFNET14NJ214_010845-T1	DBVPG3775_000767-T1
GF00000346	CHIFNET14NJ214_011206-T1	DBVPG3775_000649-T1
GF00000347	CHIFNET14NJ214_006536-T1	DBVPG3775_006968-T1
GF00000348	CHIFNET14NJ214_005042-T1	DBVPG3775_001728-T1
GF00000349	CHIFNET14NJ214_008804-T1	DBVPG3775_003104-T1
GF00000350	CHIFNET14NJ214_005623-T1	DBVPG3775_007425-T1
GF00000351	CHIFNET14NJ214_013470-T1	DBVPG3775_005084-T1
GF00000352	CHIFNET14NJ214_008056-T1	DBVPG3775_004118-T1
GF00000353	CHIFNET14NJ214_006353-T1	DBVPG3775_003156-T1
GF00000354	CHIFNET14NJ214_006555-T1	DBVPG3775_006741-T1
GF00000355	CHIFNET14NJ214_006558-T1	DBVPG3775_006738-T1
GF00000356	CHIFNET14NJ214_006729-T1	DBVPG3775_006248-T1
GF00000357	CHIFNET14NJ214_012279-T1	DBVPG3775_005857-T1
GF00000358	CHIFNET14NJ214_007227-T1	DBVPG3775_001923-T1
GF00000359	CHIFNET14NJ214_010284-T1	DBVPG3775_005873-T1
GF00000360	CHIFNET14NJ214_008371-T1	DBVPG3775_002768-T1
GF00000361	CHIFNET14NJ214_009482-T1	DBVPG3775_003599-T1
GF00000362	CHIFNET14NJ214_008883-T1	DBVPG3775_003386-T1
GF00000363	CHIFNET14NJ214_011959-T1	DBVPG3775_004469-T1
GF00000364	CHIFNET14NJ214_009248-T1	DBVPG3775_001742-T1
GF00000365	CHIFNET14NJ214_012800-T1	DBVPG3775_005087-T1
GF00000366	CHIFNET14NJ214_012990-T1	DBVPG3775_004819-T1
GF00000367	CHIFNET14NJ214_010521-T1	DBVPG3775_005986-T1
GF00000368	CHIFNET14NJ214_013262-T1	DBVPG3775_007374-T1
GF00000369	CHIFNET14NJ214_003343-T1	DBVPG3775_000878-T1
GF00000370	CHIFNET14NJ214_001129-T1	DBVPG3775_002626-T1
GF00000371	CHIFNET14NJ214_000029-T1	DBVPG3775_001671-T1
GF00000372	CHIFNET14NJ214_002623-T1	DBVPG3775_006362-T1
GF00000373	CHIFNET14NJ214_010276-T1	DBVPG3775_003621-T1
GF00000374	CHIFNET14NJ214_006173-T1	DBVPG3775_001117-T1
GF00000375	CHIFNET14NJ214_006421-T1	DBVPG3775_002521-T1
GF00000376	CHIFNET14NJ214_002687-T1	DBVPG3775_006931-T1
GF00000377	CHIFNET14NJ214_000105-T1	DBVPG3775_006039-T1
GF00000378	CHIFNET14NJ214_004755-T1	DBVPG3775_001454-T1
GF00000379	CHIFNET14NJ214_011928-T1	DBVPG3775_006277-T1
GF00000380	CHIFNET14NJ214_001381-T1	DBVPG3775_002690-T1
GF00000381	CHIFNET14NJ214_000756-T1	DBVPG3775_006444-T1
GF00000382	CHIFNET14NJ214_006647-T1	DBVPG3775_001828-T1
GF00000383	CHIFNET14NJ214_000157-T1	DBVPG3775_001496-T1
GF00000384	CHIFNET14NJ214_000165-T1	DBVPG3775_001504-T1
GF00000385	CHIFNET14NJ214_003906-T1	DBVPG3775_002484-T1
GF00000386	CHIFNET14NJ214_000202-T1	DBVPG3775_005745-T1
GF00000387	CHIFNET14NJ214_000212-T1	DBVPG3775_005771-T1
GF00000388	CHIFNET14NJ214_009143-T1	DBVPG3775_007522-T1
GF00000389	CHIFNET14NJ214_011065-T1	DBVPG3775_003537-T1
GF00000390	CHIFNET14NJ214_009528-T1	DBVPG3775_002716-T1
GF00000391	CHIFNET14NJ214_002699-T1	DBVPG3775_003267-T1
GF00000392	CHIFNET14NJ214_013855-T1	DBVPG3775_002056-T1
GF00000393	CHIFNET14NJ214_000298-T1	DBVPG3775_000400-T1
GF00000394	CHIFNET14NJ214_001375-T1	DBVPG3775_000347-T1
GF00000395	CHIFNET14NJ214_013490-T1	DBVPG3775_002024-T1
GF00000396	CHIFNET14NJ214_003162-T1	DBVPG3775_007354-T1
GF00000397	CHIFNET14NJ214_000904-T1	DBVPG3775_004646-T1
GF00000398	CHIFNET14NJ214_013655-T1	DBVPG3775_002071-T1
GF00000399	CHIFNET14NJ214_000403-T1	DBVPG3775_000027-T1
GF00000400	CHIFNET14NJ214_009956-T1	DBVPG3775_005942-T1
GF00000401	CHIFNET14NJ214_009057-T1	DBVPG3775_000021-T1
GF00000402	CHIFNET14NJ214_003567-T1	DBVPG3775_005054-T1
GF00000403	CHIFNET14NJ214_001299-T1	DBVPG3775_005051-T1
GF00000404	CHIFNET14NJ214_000433-T1	DBVPG3775_003755-T1
GF00000405	CHIFNET14NJ214_012024-T1	DBVPG3775_006283-T1
GF00000406	CHIFNET14NJ214_000474-T1	DBVPG3775_002196-T1
GF00000407	CHIFNET14NJ214_006395-T1	DBVPG3775_002216-T1
GF00000408	CHIFNET14NJ214_001149-T1	DBVPG3775_000451-T1
GF00000409	CHIFNET14NJ214_009704-T1	DBVPG3775_005856-T1
GF00000410	CHIFNET14NJ214_003039-T1	DBVPG3775_002266-T1
GF00000411	CHIFNET14NJ214_000559-T1	DBVPG3775_003952-T1
GF00000412	CHIFNET14NJ214_007497-T1	DBVPG3775_004887-T1
GF00000413	CHIFNET14NJ214_005110-T1	DBVPG3775_001806-T1
GF00000414	CHIFNET14NJ214_002026-T1	DBVPG3775_005323-T1
GF00000415	CHIFNET14NJ214_003725-T1	DBVPG3775_003925-T1
GF00000416	CHIFNET14NJ214_005117-T1	DBVPG3775_001813-T1
GF00000417	CHIFNET14NJ214_009188-T1	DBVPG3775_006802-T1
GF00000418	CHIFNET14NJ214_010314-T1	DBVPG3775_004702-T1
GF00000419	CHIFNET14NJ214_000630-T1	DBVPG3775_004221-T1
GF00000420	CHIFNET14NJ214_000639-T1	DBVPG3775_004230-T1
GF00000421	CHIFNET14NJ214_006579-T1	DBVPG3775_007189-T1
GF00000422	CHIFNET14NJ214_000654-T1	DBVPG3775_001045-T1
GF00000423	CHIFNET14NJ214_014130-T1	DBVPG3775_001059-T1
GF00000424	CHIFNET14NJ214_010927-T1	DBVPG3775_007135-T1
GF00000425	CHIFNET14NJ214_005063-T1	DBVPG3775_006809-T1
GF00000426	CHIFNET14NJ214_000688-T1	DBVPG3775_005158-T1
GF00000427	CHIFNET14NJ214_000689-T1	DBVPG3775_005159-T1
GF00000428	CHIFNET14NJ214_000747-T1	DBVPG3775_006453-T1
GF00000429	CHIFNET14NJ214_003431-T1	DBVPG3775_004409-T1
GF00000430	CHIFNET14NJ214_005927-T1	DBVPG3775_004119-T1
GF00000431	CHIFNET14NJ214_011258-T1	DBVPG3775_005969-T1
GF00000432	CHIFNET14NJ214_000801-T1	DBVPG3775_000208-T1
GF00000433	CHIFNET14NJ214_008994-T1	DBVPG3775_001936-T1
GF00000434	CHIFNET14NJ214_005784-T1	DBVPG3775_005703-T1
GF00000435	CHIFNET14NJ214_012765-T1	DBVPG3775_000699-T1
GF00000436	CHIFNET14NJ214_008023-T1	DBVPG3775_001376-T1
GF00000437	CHIFNET14NJ214_011551-T1	DBVPG3775_002427-T1
GF00000438	CHIFNET14NJ214_009479-T1	DBVPG3775_003596-T1
GF00000439	CHIFNET14NJ214_003135-T1	DBVPG3775_000168-T1
GF00000440	CHIFNET14NJ214_006151-T1	DBVPG3775_005531-T1
GF00000441	CHIFNET14NJ214_008319-T1	DBVPG3775_000094-T1
GF00000442	CHIFNET14NJ214_001002-T1	DBVPG3775_000105-T1
GF00000443	CHIFNET14NJ214_001691-T1	DBVPG3775_002165-T1
GF00000444	CHIFNET14NJ214_002140-T1	DBVPG3775_000876-T1
GF00000445	CHIFNET14NJ214_009162-T1	DBVPG3775_002530-T1
GF00000446	CHIFNET14NJ214_005699-T1	DBVPG3775_002947-T1
GF00000447	CHIFNET14NJ214_001084-T1	DBVPG3775_002972-T1
GF00000448	CHIFNET14NJ214_001125-T1	DBVPG3775_002621-T1
GF00000449	CHIFNET14NJ214_013156-T1	DBVPG3775_000471-T1
GF00000450	CHIFNET14NJ214_001185-T1	DBVPG3775_006242-T1
GF00000451	CHIFNET14NJ214_006578-T1	DBVPG3775_007188-T1
GF00000452	CHIFNET14NJ214_007496-T1	DBVPG3775_004888-T1
GF00000453	CHIFNET14NJ214_013265-T1	DBVPG3775_007371-T1
GF00000454	CHIFNET14NJ214_001218-T1	DBVPG3775_004865-T1
GF00000455	CHIFNET14NJ214_013668-T1	DBVPG3775_004850-T1
GF00000456	CHIFNET14NJ214_001237-T1	DBVPG3775_001535-T1
GF00000457	CHIFNET14NJ214_001252-T1	DBVPG3775_006121-T1
GF00000458	CHIFNET14NJ214_011706-T1	DBVPG3775_006116-T1
GF00000459	CHIFNET14NJ214_011705-T1	DBVPG3775_006397-T1
GF00000460	CHIFNET14NJ214_003275-T1	DBVPG3775_001602-T1
GF00000461	CHIFNET14NJ214_006288-T1	DBVPG3775_005238-T1
GF00000462	CHIFNET14NJ214_001323-T1	DBVPG3775_003065-T1
GF00000463	CHIFNET14NJ214_010377-T1	DBVPG3775_000263-T1
GF00000464	CHIFNET14NJ214_009593-T1	DBVPG3775_002811-T1
GF00000465	CHIFNET14NJ214_012685-T1	DBVPG3775_004694-T1
GF00000466	CHIFNET14NJ214_001416-T1	DBVPG3775_002822-T1
GF00000467	CHIFNET14NJ214_010881-T1	DBVPG3775_002156-T1
GF00000468	CHIFNET14NJ214_001457-T1	DBVPG3775_007293-T1
GF00000469	CHIFNET14NJ214_006067-T1	DBVPG3775_000900-T1
GF00000470	CHIFNET14NJ214_009795-T1	DBVPG3775_004306-T1
GF00000471	CHIFNET14NJ214_001572-T1	DBVPG3775_003673-T1
GF00000472	CHIFNET14NJ214_001579-T1	DBVPG3775_004931-T1
GF00000473	CHIFNET14NJ214_005372-T1	DBVPG3775_000282-T1
GF00000474	CHIFNET14NJ214_001643-T1	DBVPG3775_004998-T1
GF00000475	CHIFNET14NJ214_010021-T1	DBVPG3775_002157-T1
GF00000476	CHIFNET14NJ214_007536-T1	DBVPG3775_003708-T1
GF00000477	CHIFNET14NJ214_004784-T1	DBVPG3775_002580-T1
GF00000478	CHIFNET14NJ214_001717-T1	DBVPG3775_002573-T1
GF00000479	CHIFNET14NJ214_001720-T1	DBVPG3775_002569-T1
GF00000480	CHIFNET14NJ214_008541-T1	DBVPG3775_001855-T1
GF00000481	CHIFNET14NJ214_001732-T1	DBVPG3775_002557-T1
GF00000482	CHIFNET14NJ214_001736-T1	DBVPG3775_002543-T1
GF00000483	CHIFNET14NJ214_002219-T1	DBVPG3775_003646-T1
GF00000484	CHIFNET14NJ214_004235-T1	DBVPG3775_003652-T1
GF00000485	CHIFNET14NJ214_001782-T1	DBVPG3775_003663-T1
GF00000486	CHIFNET14NJ214_011777-T1	DBVPG3775_005932-T1
GF00000487	CHIFNET14NJ214_009853-T1	DBVPG3775_006947-T1
GF00000488	CHIFNET14NJ214_014327-T1	DBVPG3775_007577-T1
GF00000489	CHIFNET14NJ214_003940-T1	DBVPG3775_003007-T1
GF00000490	CHIFNET14NJ214_001889-T1	DBVPG3775_003003-T1
GF00000491	CHIFNET14NJ214_006311-T1	DBVPG3775_004377-T1
GF00000492	CHIFNET14NJ214_011676-T1	DBVPG3775_002978-T1
GF00000493	CHIFNET14NJ214_004050-T1	DBVPG3775_002298-T1
GF00000494	CHIFNET14NJ214_007171-T1	DBVPG3775_005621-T1
GF00000495	CHIFNET14NJ214_011149-T1	DBVPG3775_006786-T1
GF00000496	CHIFNET14NJ214_004052-T1	DBVPG3775_002296-T1
GF00000497	CHIFNET14NJ214_002099-T1	DBVPG3775_006810-T1
GF00000498	CHIFNET14NJ214_002091-T1	DBVPG3775_006812-T1
GF00000499	CHIFNET14NJ214_008341-T1	DBVPG3775_006814-T1
GF00000500	CHIFNET14NJ214_004020-T1	DBVPG3775_007395-T1
GF00000501	CHIFNET14NJ214_008723-T1	DBVPG3775_000675-T1
GF00000502	CHIFNET14NJ214_009436-T1	DBVPG3775_006988-T1
GF00000503	CHIFNET14NJ214_002192-T1	DBVPG3775_006985-T1
GF00000504	CHIFNET14NJ214_002210-T1	DBVPG3775_002111-T1
GF00000505	CHIFNET14NJ214_003460-T1	DBVPG3775_001990-T1
GF00000506	CHIFNET14NJ214_002341-T1	DBVPG3775_005721-T1
GF00000507	CHIFNET14NJ214_009059-T1	DBVPG3775_000019-T1
GF00000508	CHIFNET14NJ214_008572-T1	DBVPG3775_000003-T1
GF00000509	CHIFNET14NJ214_003792-T1	DBVPG3775_007364-T1
GF00000510	CHIFNET14NJ214_008870-T1	DBVPG3775_004575-T1
GF00000511	CHIFNET14NJ214_002443-T1	DBVPG3775_003045-T1
GF00000512	CHIFNET14NJ214_002445-T1	DBVPG3775_007101-T1
GF00000513	CHIFNET14NJ214_002539-T1	DBVPG3775_001135-T1
GF00000514	CHIFNET14NJ214_009121-T1	DBVPG3775_000953-T1
GF00000515	CHIFNET14NJ214_008170-T1	DBVPG3775_007056-T1
GF00000516	CHIFNET14NJ214_003731-T1	DBVPG3775_002694-T1
GF00000517	CHIFNET14NJ214_002576-T1	DBVPG3775_007079-T1
GF00000518	CHIFNET14NJ214_013962-T1	DBVPG3775_001795-T1
GF00000519	CHIFNET14NJ214_002604-T1	DBVPG3775_004968-T1
GF00000520	CHIFNET14NJ214_002608-T1	DBVPG3775_004963-T1
GF00000521	CHIFNET14NJ214_002647-T1	DBVPG3775_006303-T1
GF00000522	CHIFNET14NJ214_002669-T1	DBVPG3775_006327-T1
GF00000523	CHIFNET14NJ214_008666-T1	DBVPG3775_002031-T1
GF00000524	CHIFNET14NJ214_008281-T1	DBVPG3775_005915-T1
GF00000525	CHIFNET14NJ214_005826-T1	DBVPG3775_004756-T1
GF00000526	CHIFNET14NJ214_005022-T1	DBVPG3775_006965-T1
GF00000527	CHIFNET14NJ214_008663-T1	DBVPG3775_002028-T1
GF00000528	CHIFNET14NJ214_008673-T1	DBVPG3775_002037-T1
GF00000529	CHIFNET14NJ214_007709-T1	DBVPG3775_007398-T1
GF00000530	CHIFNET14NJ214_002804-T1	DBVPG3775_004072-T1
GF00000531	CHIFNET14NJ214_003183-T1	DBVPG3775_006485-T1
GF00000532	CHIFNET14NJ214_007334-T1	DBVPG3775_006523-T1
GF00000533	CHIFNET14NJ214_007332-T1	DBVPG3775_006525-T1
GF00000534	CHIFNET14NJ214_010630-T1	DBVPG3775_000692-T1
GF00000535	CHIFNET14NJ214_003889-T1	DBVPG3775_001887-T1
GF00000536	CHIFNET14NJ214_002921-T1	DBVPG3775_007388-T1
GF00000537	CHIFNET14NJ214_011158-T1	DBVPG3775_007210-T1
GF00000538	CHIFNET14NJ214_010710-T1	DBVPG3775_000608-T1
GF00000539	CHIFNET14NJ214_002995-T1	DBVPG3775_004449-T1
GF00000540	CHIFNET14NJ214_007698-T1	DBVPG3775_007410-T1
GF00000541	CHIFNET14NJ214_003758-T1	DBVPG3775_003856-T1
GF00000542	CHIFNET14NJ214_003156-T1	DBVPG3775_007359-T1
GF00000543	CHIFNET14NJ214_009875-T1	DBVPG3775_005355-T1
GF00000544	CHIFNET14NJ214_010078-T1	DBVPG3775_001584-T1
GF00000545	CHIFNET14NJ214_003383-T1	DBVPG3775_001264-T1
GF00000546	CHIFNET14NJ214_003607-T1	DBVPG3775_001241-T1
GF00000547	CHIFNET14NJ214_005506-T1	DBVPG3775_000594-T1
GF00000548	CHIFNET14NJ214_005476-T1	DBVPG3775_004167-T1
GF00000549	CHIFNET14NJ214_005532-T1	DBVPG3775_000577-T1
GF00000550	CHIFNET14NJ214_005284-T1	DBVPG3775_004179-T1
GF00000551	CHIFNET14NJ214_011408-T1	DBVPG3775_000733-T1
GF00000552	CHIFNET14NJ214_014316-T1	DBVPG3775_001083-T1
GF00000553	CHIFNET14NJ214_004719-T1	DBVPG3775_005039-T1
GF00000554	CHIFNET14NJ214_012638-T1	DBVPG3775_007554-T1
GF00000555	CHIFNET14NJ214_003962-T1	DBVPG3775_002672-T1
GF00000556	CHIFNET14NJ214_003862-T1	DBVPG3775_006582-T1
GF00000557	CHIFNET14NJ214_012949-T1	DBVPG3775_000546-T1
GF00000558	CHIFNET14NJ214_003904-T1	DBVPG3775_002486-T1
GF00000559	CHIFNET14NJ214_007707-T1	DBVPG3775_007400-T1
GF00000560	CHIFNET14NJ214_004861-T1	DBVPG3775_007236-T1
GF00000561	CHIFNET14NJ214_004926-T1	DBVPG3775_002281-T1
GF00000562	CHIFNET14NJ214_004082-T1	DBVPG3775_005426-T1
GF00000563	CHIFNET14NJ214_004096-T1	DBVPG3775_005411-T1
GF00000564	CHIFNET14NJ214_009886-T1	DBVPG3775_006555-T1
GF00000565	CHIFNET14NJ214_004634-T1	DBVPG3775_003143-T1
GF00000566	CHIFNET14NJ214_004195-T1	DBVPG3775_006269-T1
GF00000567	CHIFNET14NJ214_004199-T1	DBVPG3775_001816-T1
GF00000568	CHIFNET14NJ214_010256-T1	DBVPG3775_006252-T1
GF00000569	CHIFNET14NJ214_010756-T1	DBVPG3775_005820-T1
GF00000570	CHIFNET14NJ214_007689-T1	DBVPG3775_007427-T1
GF00000571	CHIFNET14NJ214_009390-T1	DBVPG3775_001297-T1
GF00000572	CHIFNET14NJ214_005929-T1	DBVPG3775_004116-T1
GF00000573	CHIFNET14NJ214_014091-T1	DBVPG3775_001192-T1
GF00000574	CHIFNET14NJ214_004426-T1	DBVPG3775_005275-T1
GF00000575	CHIFNET14NJ214_004503-T1	DBVPG3775_001554-T1
GF00000576	CHIFNET14NJ214_008487-T1	DBVPG3775_004193-T1
GF00000577	CHIFNET14NJ214_004585-T1	DBVPG3775_001227-T1
GF00000578	CHIFNET14NJ214_006360-T1	DBVPG3775_003149-T1
GF00000579	CHIFNET14NJ214_004723-T1	DBVPG3775_005043-T1
GF00000580	CHIFNET14NJ214_004846-T1	DBVPG3775_006062-T1
GF00000581	CHIFNET14NJ214_006754-T1	DBVPG3775_003223-T1
GF00000582	CHIFNET14NJ214_011342-T1	DBVPG3775_004784-T1
GF00000583	CHIFNET14NJ214_005011-T1	DBVPG3775_000635-T1
GF00000584	CHIFNET14NJ214_011769-T1	DBVPG3775_007378-T1
GF00000585	CHIFNET14NJ214_005570-T1	DBVPG3775_005503-T1
GF00000586	CHIFNET14NJ214_005126-T1	DBVPG3775_004503-T1
GF00000587	CHIFNET14NJ214_006044-T1	DBVPG3775_004482-T1
GF00000588	CHIFNET14NJ214_006764-T1	DBVPG3775_003215-T1
GF00000589	CHIFNET14NJ214_006760-T1	DBVPG3775_003218-T1
GF00000590	CHIFNET14NJ214_010729-T1	DBVPG3775_006459-T1
GF00000591	CHIFNET14NJ214_005227-T1	DBVPG3775_002451-T1
GF00000592	CHIFNET14NJ214_005365-T1	DBVPG3775_000290-T1
GF00000593	CHIFNET14NJ214_013450-T1	DBVPG3775_004558-T1
GF00000594	CHIFNET14NJ214_008219-T1	DBVPG3775_001409-T1
GF00000595	CHIFNET14NJ214_012795-T1	DBVPG3775_003089-T1
GF00000596	CHIFNET14NJ214_012743-T1	DBVPG3775_001414-T1
GF00000597	CHIFNET14NJ214_006039-T1	DBVPG3775_004488-T1
GF00000598	CHIFNET14NJ214_007946-T1	DBVPG3775_005491-T1
GF00000599	CHIFNET14NJ214_007374-T1	DBVPG3775_002838-T1
GF00000600	CHIFNET14NJ214_006206-T1	DBVPG3775_007433-T1
GF00000601	CHIFNET14NJ214_011031-T1	DBVPG3775_005472-T1
GF00000602	CHIFNET14NJ214_009959-T1	DBVPG3775_005945-T1
GF00000603	CHIFNET14NJ214_006467-T1	DBVPG3775_000778-T1
GF00000604	CHIFNET14NJ214_010460-T1	DBVPG3775_004475-T1
GF00000605	CHIFNET14NJ214_006813-T1	DBVPG3775_004577-T1
GF00000606	CHIFNET14NJ214_008577-T1	DBVPG3775_005888-T1
GF00000607	CHIFNET14NJ214_008613-T1	DBVPG3775_006753-T1
GF00000608	CHIFNET14NJ214_006889-T1	DBVPG3775_001623-T1
GF00000609	CHIFNET14NJ214_006948-T1	DBVPG3775_005118-T1
GF00000610	CHIFNET14NJ214_006951-T1	DBVPG3775_005122-T1
GF00000611	CHIFNET14NJ214_007650-T1	DBVPG3775_000911-T1
GF00000612	CHIFNET14NJ214_011225-T1	DBVPG3775_005633-T1
GF00000613	CHIFNET14NJ214_007240-T1	DBVPG3775_006548-T1
GF00000614	CHIFNET14NJ214_007423-T1	DBVPG3775_002854-T1
GF00000615	CHIFNET14NJ214_011259-T1	DBVPG3775_005970-T1
GF00000616	CHIFNET14NJ214_009661-T1	DBVPG3775_003688-T1
GF00000617	CHIFNET14NJ214_008653-T1	DBVPG3775_002773-T1
GF00000618	CHIFNET14NJ214_013682-T1	DBVPG3775_002379-T1
GF00000619	CHIFNET14NJ214_008537-T1	DBVPG3775_001859-T1
GF00000620	CHIFNET14NJ214_008695-T1	DBVPG3775_004423-T1
GF00000621	CHIFNET14NJ214_009321-T1	DBVPG3775_004737-T1
GF00000622	CHIFNET14NJ214_012230-T1	DBVPG3775_007375-T1
GF00000623	CHIFNET14NJ214_012377-T1	DBVPG3775_004347-T1
GF00000624	CHIFNET14NJ214_009342-T1	DBVPG3775_004342-T1
GF00000625	CHIFNET14NJ214_014188-T1	DBVPG3775_004735-T1
GF00000626	CHIFNET14NJ214_009705-T1	DBVPG3775_005855-T1
GF00000627	CHIFNET14NJ214_009727-T1	DBVPG3775_002592-T1
GF00000628	CHIFNET14NJ214_009725-T1	DBVPG3775_002599-T1
GF00000629	CHIFNET14NJ214_009748-T1	DBVPG3775_006469-T1
GF00000630	CHIFNET14NJ214_013889-T1	DBVPG3775_007140-T1
GF00000631	CHIFNET14NJ214_012584-T1	DBVPG3775_003396-T1
GF00000632	CHIFNET14NJ214_010631-T1	DBVPG3775_000693-T1
GF00000633	CHIFNET14NJ214_014197-T1	DBVPG3775_001958-T1
GF00000634	CHIFNET14NJ214_013339-T1	DBVPG3775_006976-T1
GF00000635	CHIFNET14NJ214_012937-T1	DBVPG3775_005972-T1
GF00000636	CHIFNET14NJ214_011376-T1	DBVPG3775_003257-T1
GF00000637	CHIFNET14NJ214_013690-T1	DBVPG3775_004330-T1
GF00000638	CHIFNET14NJ214_013053-T1	DBVPG3775_005797-T1
GF00000639	CHIFNET14NJ214_003141-T1	DBVPG3775_007458-T1
GF00000640	CHIFNET14NJ214_000045-T1	DBVPG3775_001688-T1
GF00000641	CHIFNET14NJ214_000053-T1	DBVPG3775_001699-T1
GF00000642	CHIFNET14NJ214_010990-T1	DBVPG3775_001709-T1
GF00000643	CHIFNET14NJ214_000158-T1	DBVPG3775_001498-T1
GF00000644	CHIFNET14NJ214_003691-T1	DBVPG3775_001503-T1
GF00000645	CHIFNET14NJ214_011924-T1	DBVPG3775_005734-T1
GF00000646	CHIFNET14NJ214_000224-T1	DBVPG3775_005786-T1
GF00000647	CHIFNET14NJ214_000228-T1	DBVPG3775_002740-T1
GF00000648	CHIFNET14NJ214_008444-T1	DBVPG3775_003268-T1
GF00000649	CHIFNET14NJ214_005385-T1	DBVPG3775_000268-T1
GF00000650	CHIFNET14NJ214_006608-T1	DBVPG3775_000404-T1
GF00000651	CHIFNET14NJ214_000315-T1	DBVPG3775_000365-T1
GF00000652	CHIFNET14NJ214_000316-T1	DBVPG3775_000366-T1
GF00000653	CHIFNET14NJ214_006676-T1	DBVPG3775_000075-T1
GF00000654	CHIFNET14NJ214_000392-T1	DBVPG3775_000038-T1
GF00000655	CHIFNET14NJ214_006786-T1	DBVPG3775_000033-T1
GF00000656	CHIFNET14NJ214_013010-T1	DBVPG3775_001818-T1
GF00000657	CHIFNET14NJ214_000493-T1	DBVPG3775_005476-T1
GF00000658	CHIFNET14NJ214_000456-T1	DBVPG3775_003783-T1
GF00000659	CHIFNET14NJ214_001709-T1	DBVPG3775_002186-T1
GF00000660	CHIFNET14NJ214_000472-T1	DBVPG3775_002188-T1
GF00000661	CHIFNET14NJ214_000480-T1	DBVPG3775_002202-T1
GF00000662	CHIFNET14NJ214_003029-T1	DBVPG3775_002255-T1
GF00000663	CHIFNET14NJ214_000543-T1	DBVPG3775_002268-T1
GF00000664	CHIFNET14NJ214_002399-T1	DBVPG3775_003955-T1
GF00000665	CHIFNET14NJ214_000668-T1	DBVPG3775_001060-T1
GF00000666	CHIFNET14NJ214_008113-T1	DBVPG3775_001075-T1
GF00000667	CHIFNET14NJ214_000682-T1	DBVPG3775_007142-T1
GF00000668	CHIFNET14NJ214_007909-T1	DBVPG3775_005162-T1
GF00000669	CHIFNET14NJ214_000706-T1	DBVPG3775_005175-T1
GF00000670	CHIFNET14NJ214_000742-T1	DBVPG3775_005217-T1
GF00000671	CHIFNET14NJ214_003970-T1	DBVPG3775_006406-T1
GF00000672	CHIFNET14NJ214_000815-T1	DBVPG3775_000221-T1
GF00000673	CHIFNET14NJ214_000818-T1	DBVPG3775_000225-T1
GF00000674	CHIFNET14NJ214_004794-T1	DBVPG3775_004659-T1
GF00000675	CHIFNET14NJ214_011199-T1	DBVPG3775_000601-T1
GF00000676	CHIFNET14NJ214_004787-T1	DBVPG3775_006611-T1
GF00000677	CHIFNET14NJ214_003128-T1	DBVPG3775_000176-T1
GF00000678	CHIFNET14NJ214_000990-T1	DBVPG3775_000090-T1
GF00000679	CHIFNET14NJ214_001028-T1	DBVPG3775_000134-T1
GF00000680	CHIFNET14NJ214_009141-T1	DBVPG3775_007520-T1
GF00000681	CHIFNET14NJ214_002293-T1	DBVPG3775_002925-T1
GF00000682	CHIFNET14NJ214_005695-T1	DBVPG3775_002943-T1
GF00000683	CHIFNET14NJ214_010304-T1	DBVPG3775_004772-T1
GF00000684	CHIFNET14NJ214_001085-T1	DBVPG3775_002634-T1
GF00000685	CHIFNET14NJ214_001095-T1	DBVPG3775_002624-T1
GF00000686	CHIFNET14NJ214_001157-T1	DBVPG3775_000443-T1
GF00000687	CHIFNET14NJ214_001174-T1	DBVPG3775_000425-T1
GF00000688	CHIFNET14NJ214_009761-T1	DBVPG3775_000418-T1
GF00000689	CHIFNET14NJ214_001286-T1	DBVPG3775_005065-T1
GF00000690	CHIFNET14NJ214_001260-T1	DBVPG3775_006110-T1
GF00000691	CHIFNET14NJ214_009448-T1	DBVPG3775_005075-T1
GF00000692	CHIFNET14NJ214_001290-T1	DBVPG3775_005061-T1
GF00000693	CHIFNET14NJ214_003568-T1	DBVPG3775_005052-T1
GF00000694	CHIFNET14NJ214_007759-T1	DBVPG3775_005544-T1
GF00000695	CHIFNET14NJ214_001306-T1	DBVPG3775_007590-T1
GF00000696	CHIFNET14NJ214_004319-T1	DBVPG3775_003471-T1
GF00000697	CHIFNET14NJ214_002261-T1	DBVPG3775_006841-T1
GF00000698	CHIFNET14NJ214_011484-T1	DBVPG3775_002798-T1
GF00000699	CHIFNET14NJ214_008322-T1	DBVPG3775_007303-T1
GF00000700	CHIFNET14NJ214_001543-T1	DBVPG3775_006710-T1
GF00000701	CHIFNET14NJ214_012565-T1	DBVPG3775_006594-T1
GF00000702	CHIFNET14NJ214_004705-T1	DBVPG3775_005023-T1
GF00000703	CHIFNET14NJ214_006372-T1	DBVPG3775_005379-T1
GF00000704	CHIFNET14NJ214_001665-T1	DBVPG3775_002138-T1
GF00000705	CHIFNET14NJ214_010346-T1	DBVPG3775_002159-T1
GF00000706	CHIFNET14NJ214_001693-T1	DBVPG3775_002167-T1
GF00000707	CHIFNET14NJ214_014238-T1	DBVPG3775_003313-T1
GF00000708	CHIFNET14NJ214_001895-T1	DBVPG3775_003559-T1
GF00000709	CHIFNET14NJ214_003926-T1	DBVPG3775_002992-T1
GF00000710	CHIFNET14NJ214_006571-T1	DBVPG3775_007179-T1
GF00000711	CHIFNET14NJ214_003361-T1	DBVPG3775_000860-T1
GF00000712	CHIFNET14NJ214_003365-T1	DBVPG3775_000854-T1
GF00000713	CHIFNET14NJ214_004805-T1	DBVPG3775_004673-T1
GF00000714	CHIFNET14NJ214_001938-T1	DBVPG3775_000832-T1
GF00000715	CHIFNET14NJ214_007066-T1	DBVPG3775_004549-T1
GF00000716	CHIFNET14NJ214_013425-T1	DBVPG3775_002339-T1
GF00000717	CHIFNET14NJ214_009270-T1	DBVPG3775_006680-T1
GF00000718	CHIFNET14NJ214_002014-T1	DBVPG3775_005336-T1
GF00000719	CHIFNET14NJ214_007672-T1	DBVPG3775_004459-T1
GF00000720	CHIFNET14NJ214_011148-T1	DBVPG3775_005314-T1
GF00000721	CHIFNET14NJ214_002038-T1	DBVPG3775_005311-T1
GF00000722	CHIFNET14NJ214_002092-T1	DBVPG3775_006813-T1
GF00000723	CHIFNET14NJ214_004148-T1	DBVPG3775_005592-T1
GF00000724	CHIFNET14NJ214_005736-T1	DBVPG3775_006178-T1
GF00000725	CHIFNET14NJ214_008107-T1	DBVPG3775_001081-T1
GF00000726	CHIFNET14NJ214_002214-T1	DBVPG3775_002106-T1
GF00000727	CHIFNET14NJ214_002217-T1	DBVPG3775_002103-T1
GF00000728	CHIFNET14NJ214_005304-T1	DBVPG3775_002093-T1
GF00000729	CHIFNET14NJ214_008298-T1	DBVPG3775_006831-T1
GF00000730	CHIFNET14NJ214_002258-T1	DBVPG3775_006838-T1
GF00000731	CHIFNET14NJ214_002274-T1	DBVPG3775_002016-T1
GF00000732	CHIFNET14NJ214_004559-T1	DBVPG3775_002014-T1
GF00000733	CHIFNET14NJ214_002299-T1	DBVPG3775_001991-T1
GF00000734	CHIFNET14NJ214_011823-T1	DBVPG3775_005676-T1
GF00000735	CHIFNET14NJ214_008571-T1	DBVPG3775_000004-T1
GF00000736	CHIFNET14NJ214_012041-T1	DBVPG3775_003968-T1
GF00000737	CHIFNET14NJ214_009589-T1	DBVPG3775_001628-T1
GF00000738	CHIFNET14NJ214_002426-T1	DBVPG3775_003027-T1
GF00000739	CHIFNET14NJ214_013193-T1	DBVPG3775_007123-T1
GF00000740	CHIFNET14NJ214_002483-T1	DBVPG3775_003837-T1
GF00000741	CHIFNET14NJ214_010191-T1	DBVPG3775_001256-T1
GF00000742	CHIFNET14NJ214_002496-T1	DBVPG3775_003343-T1
GF00000743	CHIFNET14NJ214_008171-T1	DBVPG3775_007057-T1
GF00000744	CHIFNET14NJ214_002630-T1	DBVPG3775_006371-T1
GF00000745	CHIFNET14NJ214_002668-T1	DBVPG3775_006325-T1
GF00000746	CHIFNET14NJ214_002673-T1	DBVPG3775_006333-T1
GF00000747	CHIFNET14NJ214_010829-T1	DBVPG3775_007548-T1
GF00000748	CHIFNET14NJ214_002727-T1	DBVPG3775_002054-T1
GF00000749	CHIFNET14NJ214_002798-T1	DBVPG3775_004066-T1
GF00000750	CHIFNET14NJ214_002822-T1	DBVPG3775_004958-T1
GF00000751	CHIFNET14NJ214_002844-T1	DBVPG3775_002434-T1
GF00000752	CHIFNET14NJ214_011549-T1	DBVPG3775_002425-T1
GF00000753	CHIFNET14NJ214_002855-T1	DBVPG3775_002422-T1
GF00000754	CHIFNET14NJ214_002869-T1	DBVPG3775_006519-T1
GF00000755	CHIFNET14NJ214_002882-T1	DBVPG3775_006534-T1
GF00000756	CHIFNET14NJ214_003866-T1	DBVPG3775_005278-T1
GF00000757	CHIFNET14NJ214_002966-T1	DBVPG3775_000605-T1
GF00000758	CHIFNET14NJ214_007613-T1	DBVPG3775_000666-T1
GF00000759	CHIFNET14NJ214_003007-T1	DBVPG3775_004464-T1
GF00000760	CHIFNET14NJ214_010069-T1	DBVPG3775_003848-T1
GF00000761	CHIFNET14NJ214_003179-T1	DBVPG3775_006489-T1
GF00000762	CHIFNET14NJ214_010155-T1	DBVPG3775_006479-T1
GF00000763	CHIFNET14NJ214_005853-T1	DBVPG3775_002387-T1
GF00000764	CHIFNET14NJ214_010287-T1	DBVPG3775_005869-T1
GF00000765	CHIFNET14NJ214_003384-T1	DBVPG3775_001263-T1
GF00000766	CHIFNET14NJ214_003484-T1	DBVPG3775_004170-T1
GF00000767	CHIFNET14NJ214_009615-T1	DBVPG3775_000715-T1
GF00000768	CHIFNET14NJ214_006264-T1	DBVPG3775_001105-T1
GF00000769	CHIFNET14NJ214_012742-T1	DBVPG3775_001415-T1
GF00000770	CHIFNET14NJ214_007742-T1	DBVPG3775_002688-T1
GF00000771	CHIFNET14NJ214_007738-T1	DBVPG3775_002683-T1
GF00000772	CHIFNET14NJ214_003843-T1	DBVPG3775_006560-T1
GF00000773	CHIFNET14NJ214_004121-T1	DBVPG3775_006565-T1
GF00000774	CHIFNET14NJ214_003850-T1	DBVPG3775_006568-T1
GF00000775	CHIFNET14NJ214_004118-T1	DBVPG3775_006569-T1
GF00000776	CHIFNET14NJ214_007217-T1	DBVPG3775_002495-T1
GF00000777	CHIFNET14NJ214_004351-T1	DBVPG3775_007018-T1
GF00000778	CHIFNET14NJ214_004026-T1	DBVPG3775_007231-T1
GF00000779	CHIFNET14NJ214_011638-T1	DBVPG3775_005397-T1
GF00000780	CHIFNET14NJ214_004649-T1	DBVPG3775_003125-T1
GF00000781	CHIFNET14NJ214_010257-T1	DBVPG3775_006260-T1
GF00000782	CHIFNET14NJ214_004277-T1	DBVPG3775_003551-T1
GF00000783	CHIFNET14NJ214_004342-T1	DBVPG3775_004381-T1
GF00000784	CHIFNET14NJ214_004352-T1	DBVPG3775_007021-T1
GF00000785	CHIFNET14NJ214_004600-T1	DBVPG3775_001211-T1
GF00000786	CHIFNET14NJ214_012335-T1	DBVPG3775_001206-T1
GF00000787	CHIFNET14NJ214_006081-T1	DBVPG3775_003817-T1
GF00000788	CHIFNET14NJ214_004443-T1	DBVPG3775_006286-T1
GF00000789	CHIFNET14NJ214_010770-T1	DBVPG3775_001331-T1
GF00000790	CHIFNET14NJ214_010761-T1	DBVPG3775_001321-T1
GF00000791	CHIFNET14NJ214_004737-T1	DBVPG3775_000763-T1
GF00000792	CHIFNET14NJ214_006739-T1	DBVPG3775_006241-T1
GF00000793	CHIFNET14NJ214_013734-T1	DBVPG3775_002330-T1
GF00000794	CHIFNET14NJ214_012756-T1	DBVPG3775_002303-T1
GF00000795	CHIFNET14NJ214_014211-T1	DBVPG3775_000631-T1
GF00000796	CHIFNET14NJ214_005105-T1	DBVPG3775_001800-T1
GF00000797	CHIFNET14NJ214_007060-T1	DBVPG3775_004508-T1
GF00000798	CHIFNET14NJ214_011903-T1	DBVPG3775_003193-T1
GF00000799	CHIFNET14NJ214_006771-T1	DBVPG3775_003205-T1
GF00000800	CHIFNET14NJ214_012112-T1	DBVPG3775_004199-T1
GF00000801	CHIFNET14NJ214_008410-T1	DBVPG3775_003514-T1
GF00000802	CHIFNET14NJ214_005434-T1	DBVPG3775_005138-T1
GF00000803	CHIFNET14NJ214_010588-T1	DBVPG3775_004147-T1
GF00000804	CHIFNET14NJ214_011500-T1	DBVPG3775_000596-T1
GF00000805	CHIFNET14NJ214_011496-T1	DBVPG3775_000591-T1
GF00000806	CHIFNET14NJ214_005535-T1	DBVPG3775_000574-T1
GF00000807	CHIFNET14NJ214_005537-T1	DBVPG3775_000569-T1
GF00000808	CHIFNET14NJ214_008063-T1	DBVPG3775_005499-T1
GF00000809	CHIFNET14NJ214_006146-T1	DBVPG3775_005523-T1
GF00000810	CHIFNET14NJ214_012924-T1	DBVPG3775_004001-T1
GF00000811	CHIFNET14NJ214_012566-T1	DBVPG3775_006592-T1
GF00000812	CHIFNET14NJ214_006004-T1	DBVPG3775_006159-T1
GF00000813	CHIFNET14NJ214_006002-T1	DBVPG3775_006158-T1
GF00000814	CHIFNET14NJ214_005999-T1	DBVPG3775_006156-T1
GF00000815	CHIFNET14NJ214_005809-T1	DBVPG3775_004774-T1
GF00000816	CHIFNET14NJ214_013043-T1	DBVPG3775_005450-T1
GF00000817	CHIFNET14NJ214_006075-T1	DBVPG3775_003811-T1
GF00000818	CHIFNET14NJ214_006283-T1	DBVPG3775_002635-T1
GF00000819	CHIFNET14NJ214_006292-T1	DBVPG3775_005243-T1
GF00000820	CHIFNET14NJ214_006331-T1	DBVPG3775_005106-T1
GF00000821	CHIFNET14NJ214_006345-T1	DBVPG3775_003165-T1
GF00000822	CHIFNET14NJ214_006387-T1	DBVPG3775_005365-T1
GF00000823	CHIFNET14NJ214_012163-T1	DBVPG3775_006091-T1
GF00000824	CHIFNET14NJ214_006478-T1	DBVPG3775_006092-T1
GF00000825	CHIFNET14NJ214_012519-T1	DBVPG3775_004722-T1
GF00000826	CHIFNET14NJ214_006524-T1	DBVPG3775_004715-T1
GF00000827	CHIFNET14NJ214_006559-T1	DBVPG3775_006737-T1
GF00000828	CHIFNET14NJ214_006573-T1	DBVPG3775_007182-T1
GF00000829	CHIFNET14NJ214_007525-T1	DBVPG3775_005826-T1
GF00000830	CHIFNET14NJ214_012609-T1	DBVPG3775_002120-T1
GF00000831	CHIFNET14NJ214_006640-T1	DBVPG3775_001838-T1
GF00000832	CHIFNET14NJ214_006696-T1	DBVPG3775_001393-T1
GF00000833	CHIFNET14NJ214_006747-T1	DBVPG3775_006760-T1
GF00000834	CHIFNET14NJ214_006881-T1	DBVPG3775_005832-T1
GF00000835	CHIFNET14NJ214_014257-T1	DBVPG3775_005841-T1
GF00000836	CHIFNET14NJ214_007103-T1	DBVPG3775_005656-T1
GF00000837	CHIFNET14NJ214_007209-T1	DBVPG3775_002504-T1
GF00000838	CHIFNET14NJ214_007152-T1	DBVPG3775_000908-T1
GF00000839	CHIFNET14NJ214_007648-T1	DBVPG3775_000934-T1
GF00000840	CHIFNET14NJ214_007159-T1	DBVPG3775_000939-T1
GF00000841	CHIFNET14NJ214_010331-T1	DBVPG3775_004813-T1
GF00000842	CHIFNET14NJ214_011349-T1	DBVPG3775_000625-T1
GF00000843	CHIFNET14NJ214_011352-T1	DBVPG3775_000629-T1
GF00000844	CHIFNET14NJ214_007597-T1	DBVPG3775_006767-T1
GF00000845	CHIFNET14NJ214_007804-T1	DBVPG3775_005643-T1
GF00000846	CHIFNET14NJ214_010531-T1	DBVPG3775_002595-T1
GF00000847	CHIFNET14NJ214_007884-T1	DBVPG3775_002464-T1
GF00000848	CHIFNET14NJ214_008003-T1	DBVPG3775_005202-T1
GF00000849	CHIFNET14NJ214_008022-T1	DBVPG3775_001377-T1
GF00000850	CHIFNET14NJ214_008220-T1	DBVPG3775_001408-T1
GF00000851	CHIFNET14NJ214_012181-T1	DBVPG3775_001404-T1
GF00000852	CHIFNET14NJ214_008260-T1	DBVPG3775_000927-T1
GF00000853	CHIFNET14NJ214_008381-T1	DBVPG3775_002759-T1
GF00000854	CHIFNET14NJ214_008829-T1	DBVPG3775_004421-T1
GF00000855	CHIFNET14NJ214_008783-T1	DBVPG3775_006665-T1
GF00000856	CHIFNET14NJ214_014323-T1	DBVPG3775_006666-T1
GF00000857	CHIFNET14NJ214_013753-T1	DBVPG3775_004333-T1
GF00000858	CHIFNET14NJ214_009385-T1	DBVPG3775_003458-T1
GF00000859	CHIFNET14NJ214_009698-T1	DBVPG3775_005861-T1
GF00000860	CHIFNET14NJ214_009778-T1	DBVPG3775_001530-T1
GF00000861	CHIFNET14NJ214_009812-T1	DBVPG3775_002893-T1
GF00000862	CHIFNET14NJ214_009870-T1	DBVPG3775_005361-T1
GF00000863	CHIFNET14NJ214_012152-T1	DBVPG3775_003391-T1
GF00000864	CHIFNET14NJ214_010167-T1	DBVPG3775_004847-T1
GF00000865	CHIFNET14NJ214_010201-T1	DBVPG3775_003316-T1
GF00000866	CHIFNET14NJ214_014045-T1	DBVPG3775_003515-T1
GF00000867	CHIFNET14NJ214_010250-T1	DBVPG3775_003522-T1
GF00000868	CHIFNET14NJ214_014104-T1	DBVPG3775_003526-T1
GF00000869	CHIFNET14NJ214_010283-T1	DBVPG3775_005874-T1
GF00000870	CHIFNET14NJ214_010519-T1	DBVPG3775_005987-T1
GF00000871	CHIFNET14NJ214_013399-T1	DBVPG3775_002584-T1
GF00000872	CHIFNET14NJ214_011997-T1	DBVPG3775_005882-T1
GF00000873	CHIFNET14NJ214_013245-T1	DBVPG3775_002602-T1
GF00000874	CHIFNET14NJ214_013028-T1	DBVPG3775_007543-T1
GF00000875	CHIFNET14NJ214_010774-T1	DBVPG3775_007015-T1
GF00000876	CHIFNET14NJ214_010782-T1	DBVPG3775_001348-T1
GF00000877	CHIFNET14NJ214_010954-T1	DBVPG3775_002974-T1
GF00000878	CHIFNET14NJ214_011045-T1	DBVPG3775_005966-T1
GF00000879	CHIFNET14NJ214_011491-T1	DBVPG3775_006473-T1
GF00000880	CHIFNET14NJ214_013731-T1	DBVPG3775_001532-T1
GF00000881	CHIFNET14NJ214_013703-T1	DBVPG3775_000708-T1
GF00000882	CHIFNET14NJ214_012224-T1	DBVPG3775_004099-T1
GF00000883	CHIFNET14NJ214_012535-T1	DBVPG3775_001864-T1
GF00000884	CHIFNET14NJ214_012956-T1	DBVPG3775_004683-T1
GF00000885	CHIFNET14NJ214_012964-T1	DBVPG3775_004697-T1
GF00000886	CHIFNET14NJ214_013907-T1	DBVPG3775_000744-T1
GF00000887	CHIFNET14NJ214_013860-T1	DBVPG3775_004325-T1
GF00000888	CHIFNET14NJ214_013597-T1	DBVPG3775_005789-T1
GF00000889	CHIFNET14NJ214_013858-T1	DBVPG3775_004328-T1
GF00000890	CHIFNET14NJ214_007762-T1	DBVPG3775_007561-T1
GF00000891	CHIFNET14NJ214_004244-T1	DBVPG3775_001767-T1
GF00000892	CHIFNET14NJ214_006921-T1	DBVPG3775_006021-T1
GF00000893	CHIFNET14NJ214_001007-T1	DBVPG3775_000111-T1
GF00000894	CHIFNET14NJ214_000046-T1	DBVPG3775_001689-T1
GF00000895	CHIFNET14NJ214_000062-T1	DBVPG3775_001708-T1
GF00000896	CHIFNET14NJ214_010989-T1	DBVPG3775_001711-T1
GF00000897	CHIFNET14NJ214_000075-T1	DBVPG3775_006913-T1
GF00000898	CHIFNET14NJ214_005648-T1	DBVPG3775_006917-T1
GF00000899	CHIFNET14NJ214_000094-T1	DBVPG3775_006028-T1
GF00000900	CHIFNET14NJ214_000118-T1	DBVPG3775_001458-T1
GF00000901	CHIFNET14NJ214_000124-T1	DBVPG3775_001466-T1
GF00000902	CHIFNET14NJ214_012973-T1	DBVPG3775_001476-T1
GF00000903	CHIFNET14NJ214_000138-T1	DBVPG3775_001479-T1
GF00000904	CHIFNET14NJ214_010744-T1	DBVPG3775_002309-T1
GF00000905	CHIFNET14NJ214_008030-T1	DBVPG3775_001483-T1
GF00000906	CHIFNET14NJ214_002545-T1	DBVPG3775_001128-T1
GF00000907	CHIFNET14NJ214_002777-T1	DBVPG3775_006076-T1
GF00000908	CHIFNET14NJ214_002676-T1	DBVPG3775_006336-T1
GF00000909	CHIFNET14NJ214_000167-T1	DBVPG3775_001507-T1
GF00000910	CHIFNET14NJ214_000169-T1	DBVPG3775_001509-T1
GF00000911	CHIFNET14NJ214_009665-T1	DBVPG3775_006228-T1
GF00000912	CHIFNET14NJ214_005051-T1	DBVPG3775_001719-T1
GF00000913	CHIFNET14NJ214_000216-T1	DBVPG3775_005776-T1
GF00000914	CHIFNET14NJ214_005814-T1	DBVPG3775_004769-T1
GF00000915	CHIFNET14NJ214_010062-T1	DBVPG3775_003841-T1
GF00000916	CHIFNET14NJ214_000243-T1	DBVPG3775_002723-T1
GF00000917	CHIFNET14NJ214_000244-T1	DBVPG3775_002721-T1
GF00000918	CHIFNET14NJ214_000272-T1	DBVPG3775_003291-T1
GF00000919	CHIFNET14NJ214_009487-T1	DBVPG3775_000353-T1
GF00000920	CHIFNET14NJ214_000380-T1	DBVPG3775_000051-T1
GF00000921	CHIFNET14NJ214_000383-T1	DBVPG3775_000047-T1
GF00000922	CHIFNET14NJ214_000386-T1	DBVPG3775_000045-T1
GF00000923	CHIFNET14NJ214_000391-T1	DBVPG3775_000040-T1
GF00000924	CHIFNET14NJ214_006787-T1	DBVPG3775_000035-T1
GF00000925	CHIFNET14NJ214_010987-T1	DBVPG3775_001713-T1
GF00000926	CHIFNET14NJ214_008096-T1	DBVPG3775_003762-T1
GF00000927	CHIFNET14NJ214_001230-T1	DBVPG3775_006147-T1
GF00000928	CHIFNET14NJ214_012308-T1	DBVPG3775_000759-T1
GF00000929	CHIFNET14NJ214_000503-T1	DBVPG3775_002224-T1
GF00000930	CHIFNET14NJ214_000507-T1	DBVPG3775_002230-T1
GF00000931	CHIFNET14NJ214_003009-T1	DBVPG3775_002231-T1
GF00000932	CHIFNET14NJ214_000515-T1	DBVPG3775_002239-T1
GF00000933	CHIFNET14NJ214_000535-T1	DBVPG3775_002259-T1
GF00000934	CHIFNET14NJ214_002410-T1	DBVPG3775_003967-T1
GF00000935	CHIFNET14NJ214_002395-T1	DBVPG3775_003951-T1
GF00000936	CHIFNET14NJ214_000568-T1	DBVPG3775_003944-T1
GF00000937	CHIFNET14NJ214_010585-T1	DBVPG3775_004142-T1
GF00000938	CHIFNET14NJ214_013049-T1	DBVPG3775_005322-T1
GF00000939	CHIFNET14NJ214_000650-T1	DBVPG3775_001039-T1
GF00000940	CHIFNET14NJ214_000666-T1	DBVPG3775_001058-T1
GF00000941	CHIFNET14NJ214_000684-T1	DBVPG3775_007145-T1
GF00000942	CHIFNET14NJ214_000715-T1	DBVPG3775_005184-T1
GF00000943	CHIFNET14NJ214_000737-T1	DBVPG3775_005224-T1
GF00000944	CHIFNET14NJ214_000758-T1	DBVPG3775_006442-T1
GF00000945	CHIFNET14NJ214_011888-T1	DBVPG3775_006441-T1
GF00000946	CHIFNET14NJ214_000824-T1	DBVPG3775_000334-T1
GF00000947	CHIFNET14NJ214_000850-T1	DBVPG3775_000308-T1
GF00000948	CHIFNET14NJ214_000851-T1	DBVPG3775_000307-T1
GF00000949	CHIFNET14NJ214_010867-T1	DBVPG3775_000301-T1
GF00000950	CHIFNET14NJ214_010583-T1	DBVPG3775_004138-T1
GF00000951	CHIFNET14NJ214_000861-T1	DBVPG3775_000296-T1
GF00000952	CHIFNET14NJ214_010862-T1	DBVPG3775_000294-T1
GF00000953	CHIFNET14NJ214_000871-T1	DBVPG3775_004607-T1
GF00000954	CHIFNET14NJ214_000883-T1	DBVPG3775_004619-T1
GF00000955	CHIFNET14NJ214_000899-T1	DBVPG3775_004641-T1
GF00000956	CHIFNET14NJ214_000929-T1	DBVPG3775_000149-T1
GF00000957	CHIFNET14NJ214_000943-T1	DBVPG3775_000164-T1
GF00000958	CHIFNET14NJ214_000945-T1	DBVPG3775_000166-T1
GF00000959	CHIFNET14NJ214_000976-T1	DBVPG3775_000199-T1
GF00000960	CHIFNET14NJ214_013905-T1	DBVPG3775_000109-T1
GF00000961	CHIFNET14NJ214_001012-T1	DBVPG3775_000116-T1
GF00000962	CHIFNET14NJ214_001032-T1	DBVPG3775_000139-T1
GF00000963	CHIFNET14NJ214_011982-T1	DBVPG3775_002077-T1
GF00000964	CHIFNET14NJ214_009917-T1	DBVPG3775_005372-T1
GF00000965	CHIFNET14NJ214_009144-T1	DBVPG3775_007524-T1
GF00000966	CHIFNET14NJ214_001555-T1	DBVPG3775_006696-T1
GF00000967	CHIFNET14NJ214_001091-T1	DBVPG3775_002629-T1
GF00000968	CHIFNET14NJ214_001148-T1	DBVPG3775_000452-T1
GF00000969	CHIFNET14NJ214_001150-T1	DBVPG3775_000450-T1
GF00000970	CHIFNET14NJ214_002119-T1	DBVPG3775_005609-T1
GF00000971	CHIFNET14NJ214_001165-T1	DBVPG3775_000435-T1
GF00000972	CHIFNET14NJ214_001169-T1	DBVPG3775_000430-T1
GF00000973	CHIFNET14NJ214_009758-T1	DBVPG3775_000424-T1
GF00000974	CHIFNET14NJ214_001604-T1	DBVPG3775_004905-T1
GF00000975	CHIFNET14NJ214_001611-T1	DBVPG3775_004896-T1
GF00000976	CHIFNET14NJ214_001192-T1	DBVPG3775_004894-T1
GF00000977	CHIFNET14NJ214_007495-T1	DBVPG3775_004890-T1
GF00000978	CHIFNET14NJ214_001209-T1	DBVPG3775_004874-T1
GF00000979	CHIFNET14NJ214_001225-T1	DBVPG3775_004855-T1
GF00000980	CHIFNET14NJ214_013669-T1	DBVPG3775_004852-T1
GF00000981	CHIFNET14NJ214_004984-T1	DBVPG3775_004277-T1
GF00000982	CHIFNET14NJ214_012929-T1	DBVPG3775_004058-T1
GF00000983	CHIFNET14NJ214_001261-T1	DBVPG3775_006108-T1
GF00000984	CHIFNET14NJ214_006485-T1	DBVPG3775_006102-T1
GF00000985	CHIFNET14NJ214_006479-T1	DBVPG3775_006094-T1
GF00000986	CHIFNET14NJ214_009452-T1	DBVPG3775_005081-T1
GF00000987	CHIFNET14NJ214_010890-T1	DBVPG3775_003066-T1
GF00000988	CHIFNET14NJ214_001307-T1	DBVPG3775_007570-T1
GF00000989	CHIFNET14NJ214_001312-T1	DBVPG3775_003053-T1
GF00000990	CHIFNET14NJ214_001319-T1	DBVPG3775_003060-T1
GF00000991	CHIFNET14NJ214_001320-T1	DBVPG3775_003061-T1
GF00000992	CHIFNET14NJ214_001326-T1	DBVPG3775_000267-T1
GF00000993	CHIFNET14NJ214_001340-T1	DBVPG3775_000252-T1
GF00000994	CHIFNET14NJ214_001373-T1	DBVPG3775_000345-T1
GF00000995	CHIFNET14NJ214_001402-T1	DBVPG3775_001433-T1
GF00000996	CHIFNET14NJ214_006216-T1	DBVPG3775_001431-T1
GF00000997	CHIFNET14NJ214_006208-T1	DBVPG3775_001422-T1
GF00000998	CHIFNET14NJ214_008431-T1	DBVPG3775_002827-T1
GF00000999	CHIFNET14NJ214_001419-T1	DBVPG3775_002819-T1
GF00001000	CHIFNET14NJ214_001454-T1	DBVPG3775_007290-T1
GF00001001	CHIFNET14NJ214_007302-T1	DBVPG3775_007283-T1
GF00001002	CHIFNET14NJ214_002943-T1	DBVPG3775_007216-T1
GF00001003	CHIFNET14NJ214_001524-T1	DBVPG3775_006867-T1
GF00001004	CHIFNET14NJ214_001515-T1	DBVPG3775_006876-T1
GF00001005	CHIFNET14NJ214_001537-T1	DBVPG3775_006716-T1
GF00001006	CHIFNET14NJ214_001539-T1	DBVPG3775_006714-T1
GF00001007	CHIFNET14NJ214_011391-T1	DBVPG3775_006713-T1
GF00001008	CHIFNET14NJ214_012588-T1	DBVPG3775_003680-T1
GF00001009	CHIFNET14NJ214_001574-T1	DBVPG3775_004937-T1
GF00001010	CHIFNET14NJ214_001581-T1	DBVPG3775_004929-T1
GF00001011	CHIFNET14NJ214_005083-T1	DBVPG3775_004915-T1
GF00001012	CHIFNET14NJ214_013414-T1	DBVPG3775_002130-T1
GF00001013	CHIFNET14NJ214_001661-T1	DBVPG3775_002132-T1
GF00001014	CHIFNET14NJ214_004729-T1	DBVPG3775_000757-T1
GF00001015	CHIFNET14NJ214_009373-T1	DBVPG3775_005850-T1
GF00001016	CHIFNET14NJ214_007283-T1	DBVPG3775_003182-T1
GF00001017	CHIFNET14NJ214_001734-T1	DBVPG3775_002555-T1
GF00001018	CHIFNET14NJ214_001754-T1	DBVPG3775_003629-T1
GF00001019	CHIFNET14NJ214_001799-T1	DBVPG3775_003443-T1
GF00001020	CHIFNET14NJ214_001827-T1	DBVPG3775_003413-T1
GF00001021	CHIFNET14NJ214_003533-T1	DBVPG3775_002652-T1
GF00001022	CHIFNET14NJ214_001892-T1	DBVPG3775_002998-T1
GF00001023	CHIFNET14NJ214_001906-T1	DBVPG3775_002981-T1
GF00001024	CHIFNET14NJ214_001907-T1	DBVPG3775_002979-T1
GF00001025	CHIFNET14NJ214_001927-T1	DBVPG3775_000844-T1
GF00001026	CHIFNET14NJ214_001935-T1	DBVPG3775_000836-T1
GF00001027	CHIFNET14NJ214_001945-T1	DBVPG3775_000825-T1
GF00001028	CHIFNET14NJ214_001949-T1	DBVPG3775_000821-T1
GF00001029	CHIFNET14NJ214_007925-T1	DBVPG3775_005345-T1
GF00001030	CHIFNET14NJ214_002011-T1	DBVPG3775_005339-T1
GF00001031	CHIFNET14NJ214_011153-T1	DBVPG3775_005321-T1
GF00001032	CHIFNET14NJ214_009683-T1	DBVPG3775_006341-T1
GF00001033	CHIFNET14NJ214_006745-T1	DBVPG3775_003789-T1
GF00001034	CHIFNET14NJ214_013800-T1	DBVPG3775_003802-T1
GF00001035	CHIFNET14NJ214_006071-T1	DBVPG3775_003806-T1
GF00001036	CHIFNET14NJ214_009181-T1	DBVPG3775_006796-T1
GF00001037	CHIFNET14NJ214_007981-T1	DBVPG3775_005613-T1
GF00001038	CHIFNET14NJ214_002128-T1	DBVPG3775_005620-T1
GF00001039	CHIFNET14NJ214_002130-T1	DBVPG3775_005622-T1
GF00001040	CHIFNET14NJ214_011228-T1	DBVPG3775_005627-T1
GF00001041	CHIFNET14NJ214_005725-T1	DBVPG3775_001163-T1
GF00001042	CHIFNET14NJ214_002164-T1	DBVPG3775_000880-T1
GF00001043	CHIFNET14NJ214_004661-T1	DBVPG3775_007006-T1
GF00001044	CHIFNET14NJ214_002184-T1	DBVPG3775_006993-T1
GF00001045	CHIFNET14NJ214_002196-T1	DBVPG3775_006979-T1
GF00001046	CHIFNET14NJ214_010939-T1	DBVPG3775_004533-T1
GF00001047	CHIFNET14NJ214_002207-T1	DBVPG3775_002115-T1
GF00001048	CHIFNET14NJ214_002209-T1	DBVPG3775_002112-T1
GF00001049	CHIFNET14NJ214_011965-T1	DBVPG3775_000706-T1
GF00001050	CHIFNET14NJ214_002223-T1	DBVPG3775_002095-T1
GF00001051	CHIFNET14NJ214_005312-T1	DBVPG3775_002085-T1
GF00001052	CHIFNET14NJ214_005241-T1	DBVPG3775_006895-T1
GF00001053	CHIFNET14NJ214_002268-T1	DBVPG3775_002022-T1
GF00001054	CHIFNET14NJ214_005786-T1	DBVPG3775_005705-T1
GF00001055	CHIFNET14NJ214_002330-T1	DBVPG3775_005706-T1
GF00001056	CHIFNET14NJ214_010499-T1	DBVPG3775_005722-T1
GF00001057	CHIFNET14NJ214_008574-T1	DBVPG3775_000001-T1
GF00001058	CHIFNET14NJ214_002374-T1	DBVPG3775_004831-T1
GF00001059	CHIFNET14NJ214_003902-T1	DBVPG3775_002664-T1
GF00001060	CHIFNET14NJ214_002378-T1	DBVPG3775_004835-T1
GF00001061	CHIFNET14NJ214_010169-T1	DBVPG3775_004845-T1
GF00001062	CHIFNET14NJ214_008887-T1	DBVPG3775_003026-T1
GF00001063	CHIFNET14NJ214_002427-T1	DBVPG3775_003028-T1
GF00001064	CHIFNET14NJ214_012045-T1	DBVPG3775_007100-T1
GF00001065	CHIFNET14NJ214_002446-T1	DBVPG3775_007104-T1
GF00001066	CHIFNET14NJ214_012095-T1	DBVPG3775_003589-T1
GF00001067	CHIFNET14NJ214_002481-T1	DBVPG3775_003834-T1
GF00001068	CHIFNET14NJ214_002488-T1	DBVPG3775_003332-T1
GF00001069	CHIFNET14NJ214_002493-T1	DBVPG3775_003338-T1
GF00001070	CHIFNET14NJ214_002509-T1	DBVPG3775_003358-T1
GF00001071	CHIFNET14NJ214_002523-T1	DBVPG3775_001153-T1
GF00001072	CHIFNET14NJ214_002983-T1	DBVPG3775_004436-T1
GF00001073	CHIFNET14NJ214_002567-T1	DBVPG3775_007070-T1
GF00001074	CHIFNET14NJ214_002570-T1	DBVPG3775_007073-T1
GF00001075	CHIFNET14NJ214_002574-T1	DBVPG3775_007077-T1
GF00001076	CHIFNET14NJ214_013649-T1	DBVPG3775_006346-T1
GF00001077	CHIFNET14NJ214_002614-T1	DBVPG3775_006352-T1
GF00001078	CHIFNET14NJ214_002625-T1	DBVPG3775_006364-T1
GF00001079	CHIFNET14NJ214_002637-T1	DBVPG3775_006379-T1
GF00001080	CHIFNET14NJ214_002654-T1	DBVPG3775_004157-T1
GF00001081	CHIFNET14NJ214_002698-T1	DBVPG3775_006657-T1
GF00001082	CHIFNET14NJ214_008776-T1	DBVPG3775_006645-T1
GF00001083	CHIFNET14NJ214_009848-T1	DBVPG3775_006940-T1
GF00001084	CHIFNET14NJ214_002719-T1	DBVPG3775_007512-T1
GF00001085	CHIFNET14NJ214_004657-T1	DBVPG3775_007011-T1
GF00001086	CHIFNET14NJ214_002746-T1	DBVPG3775_002035-T1
GF00001087	CHIFNET14NJ214_007725-T1	DBVPG3775_006396-T1
GF00001088	CHIFNET14NJ214_007731-T1	DBVPG3775_006390-T1
GF00001089	CHIFNET14NJ214_007337-T1	DBVPG3775_004079-T1
GF00001090	CHIFNET14NJ214_013216-T1	DBVPG3775_004095-T1
GF00001091	CHIFNET14NJ214_002854-T1	DBVPG3775_002423-T1
GF00001092	CHIFNET14NJ214_007331-T1	DBVPG3775_006527-T1
GF00001093	CHIFNET14NJ214_002918-T1	DBVPG3775_007385-T1
GF00001094	CHIFNET14NJ214_011871-T1	DBVPG3775_007205-T1
GF00001095	CHIFNET14NJ214_007400-T1	DBVPG3775_000620-T1
GF00001096	CHIFNET14NJ214_002976-T1	DBVPG3775_000665-T1
GF00001097	CHIFNET14NJ214_002989-T1	DBVPG3775_004443-T1
GF00001098	CHIFNET14NJ214_003769-T1	DBVPG3775_003868-T1
GF00001099	CHIFNET14NJ214_003074-T1	DBVPG3775_006185-T1
GF00001100	CHIFNET14NJ214_003080-T1	DBVPG3775_006193-T1
GF00001101	CHIFNET14NJ214_009926-T1	DBVPG3775_006495-T1
GF00001102	CHIFNET14NJ214_003196-T1	DBVPG3775_004296-T1
GF00001103	CHIFNET14NJ214_005843-T1	DBVPG3775_002397-T1
GF00001104	CHIFNET14NJ214_003250-T1	DBVPG3775_001575-T1
GF00001105	CHIFNET14NJ214_014276-T1	DBVPG3775_005926-T1
GF00001106	CHIFNET14NJ214_008585-T1	DBVPG3775_005896-T1
GF00001107	CHIFNET14NJ214_003355-T1	DBVPG3775_000866-T1
GF00001108	CHIFNET14NJ214_003385-T1	DBVPG3775_001261-T1
GF00001109	CHIFNET14NJ214_003389-T1	DBVPG3775_001248-T1
GF00001110	CHIFNET14NJ214_003428-T1	DBVPG3775_004406-T1
GF00001111	CHIFNET14NJ214_003413-T1	DBVPG3775_004390-T1
GF00001112	CHIFNET14NJ214_008821-T1	DBVPG3775_004414-T1
GF00001113	CHIFNET14NJ214_003485-T1	DBVPG3775_004171-T1
GF00001114	CHIFNET14NJ214_003510-T1	DBVPG3775_000726-T1
GF00001115	CHIFNET14NJ214_003519-T1	DBVPG3775_000737-T1
GF00001116	CHIFNET14NJ214_013036-T1	DBVPG3775_000742-T1
GF00001117	CHIFNET14NJ214_003547-T1	DBVPG3775_002667-T1
GF00001118	CHIFNET14NJ214_006987-T1	DBVPG3775_007028-T1
GF00001119	CHIFNET14NJ214_003960-T1	DBVPG3775_002670-T1
GF00001120	CHIFNET14NJ214_011081-T1	DBVPG3775_005424-T1
GF00001121	CHIFNET14NJ214_003635-T1	DBVPG3775_001108-T1
GF00001122	CHIFNET14NJ214_003636-T1	DBVPG3775_001109-T1
GF00001123	CHIFNET14NJ214_012208-T1	DBVPG3775_001359-T1
GF00001124	CHIFNET14NJ214_003693-T1	DBVPG3775_001418-T1
GF00001125	CHIFNET14NJ214_003730-T1	DBVPG3775_002695-T1
GF00001126	CHIFNET14NJ214_003748-T1	DBVPG3775_002677-T1
GF00001127	CHIFNET14NJ214_003961-T1	DBVPG3775_002671-T1
GF00001128	CHIFNET14NJ214_003896-T1	DBVPG3775_002494-T1
GF00001129	CHIFNET14NJ214_004865-T1	DBVPG3775_007244-T1
GF00001130	CHIFNET14NJ214_004877-T1	DBVPG3775_007257-T1
GF00001131	CHIFNET14NJ214_004081-T1	DBVPG3775_005427-T1
GF00001132	CHIFNET14NJ214_004097-T1	DBVPG3775_005410-T1
GF00001133	CHIFNET14NJ214_004100-T1	DBVPG3775_005406-T1
GF00001134	CHIFNET14NJ214_011140-T1	DBVPG3775_006552-T1
GF00001135	CHIFNET14NJ214_004635-T1	DBVPG3775_004083-T1
GF00001136	CHIFNET14NJ214_007123-T1	DBVPG3775_006271-T1
GF00001137	CHIFNET14NJ214_006931-T1	DBVPG3775_007157-T1
GF00001138	CHIFNET14NJ214_004200-T1	DBVPG3775_006263-T1
GF00001139	CHIFNET14NJ214_008901-T1	DBVPG3775_004789-T1
GF00001140	CHIFNET14NJ214_008899-T1	DBVPG3775_004792-T1
GF00001141	CHIFNET14NJ214_004208-T1	DBVPG3775_004795-T1
GF00001142	CHIFNET14NJ214_004213-T1	DBVPG3775_004800-T1
GF00001143	CHIFNET14NJ214_014384-T1	DBVPG3775_001768-T1
GF00001144	CHIFNET14NJ214_004267-T1	DBVPG3775_001792-T1
GF00001145	CHIFNET14NJ214_008600-T1	DBVPG3775_003486-T1
GF00001146	CHIFNET14NJ214_004320-T1	DBVPG3775_003470-T1
GF00001147	CHIFNET14NJ214_010775-T1	DBVPG3775_007017-T1
GF00001148	CHIFNET14NJ214_004599-T1	DBVPG3775_001212-T1
GF00001149	CHIFNET14NJ214_004601-T1	DBVPG3775_001208-T1
GF00001150	CHIFNET14NJ214_004388-T1	DBVPG3775_001200-T1
GF00001151	CHIFNET14NJ214_004395-T1	DBVPG3775_001193-T1
GF00001152	CHIFNET14NJ214_004397-T1	DBVPG3775_001191-T1
GF00001153	CHIFNET14NJ214_013001-T1	DBVPG3775_001184-T1
GF00001154	CHIFNET14NJ214_006243-T1	DBVPG3775_005453-T1
GF00001155	CHIFNET14NJ214_004423-T1	DBVPG3775_005273-T1
GF00001156	CHIFNET14NJ214_009839-T1	DBVPG3775_006295-T1
GF00001157	CHIFNET14NJ214_013376-T1	DBVPG3775_001571-T1
GF00001158	CHIFNET14NJ214_010666-T1	DBVPG3775_001566-T1
GF00001159	CHIFNET14NJ214_010665-T1	DBVPG3775_001564-T1
GF00001160	CHIFNET14NJ214_004498-T1	DBVPG3775_001559-T1
GF00001161	CHIFNET14NJ214_011710-T1	DBVPG3775_001542-T1
GF00001162	CHIFNET14NJ214_004520-T1	DBVPG3775_004268-T1
GF00001163	CHIFNET14NJ214_004522-T1	DBVPG3775_004270-T1
GF00001164	CHIFNET14NJ214_004588-T1	DBVPG3775_001224-T1
GF00001165	CHIFNET14NJ214_004614-T1	DBVPG3775_000810-T1
GF00001166	CHIFNET14NJ214_004685-T1	DBVPG3775_001318-T1
GF00001167	CHIFNET14NJ214_004689-T1	DBVPG3775_001313-T1
GF00001168	CHIFNET14NJ214_004695-T1	DBVPG3775_001306-T1
GF00001169	CHIFNET14NJ214_007610-T1	DBVPG3775_005030-T1
GF00001170	CHIFNET14NJ214_005670-T1	DBVPG3775_006597-T1
GF00001171	CHIFNET14NJ214_004754-T1	DBVPG3775_006616-T1
GF00001172	CHIFNET14NJ214_004910-T1	DBVPG3775_006051-T1
GF00001173	CHIFNET14NJ214_011202-T1	DBVPG3775_000653-T1
GF00001174	CHIFNET14NJ214_005023-T1	DBVPG3775_006967-T1
GF00001175	CHIFNET14NJ214_005030-T1	DBVPG3775_006974-T1
GF00001176	CHIFNET14NJ214_009252-T1	DBVPG3775_001736-T1
GF00001177	CHIFNET14NJ214_005093-T1	DBVPG3775_004251-T1
GF00001178	CHIFNET14NJ214_005121-T1	DBVPG3775_004498-T1
GF00001179	CHIFNET14NJ214_005163-T1	DBVPG3775_003195-T1
GF00001180	CHIFNET14NJ214_005167-T1	DBVPG3775_003200-T1
GF00001181	CHIFNET14NJ214_005168-T1	DBVPG3775_003201-T1
GF00001182	CHIFNET14NJ214_005169-T1	DBVPG3775_003203-T1
GF00001183	CHIFNET14NJ214_006770-T1	DBVPG3775_003207-T1
GF00001184	CHIFNET14NJ214_010785-T1	DBVPG3775_001343-T1
GF00001185	CHIFNET14NJ214_005355-T1	DBVPG3775_005563-T1
GF00001186	CHIFNET14NJ214_009396-T1	DBVPG3775_001291-T1
GF00001187	CHIFNET14NJ214_005357-T1	DBVPG3775_005566-T1
GF00001188	CHIFNET14NJ214_005383-T1	DBVPG3775_000270-T1
GF00001189	CHIFNET14NJ214_007429-T1	DBVPG3775_000526-T1
GF00001190	CHIFNET14NJ214_005391-T1	DBVPG3775_000528-T1
GF00001191	CHIFNET14NJ214_012290-T1	DBVPG3775_000544-T1
GF00001192	CHIFNET14NJ214_005413-T1	DBVPG3775_003498-T1
GF00001193	CHIFNET14NJ214_009168-T1	DBVPG3775_005132-T1
GF00001194	CHIFNET14NJ214_005447-T1	DBVPG3775_003982-T1
GF00001195	CHIFNET14NJ214_005606-T1	DBVPG3775_003984-T1
GF00001196	CHIFNET14NJ214_005604-T1	DBVPG3775_003986-T1
GF00001197	CHIFNET14NJ214_013077-T1	DBVPG3775_000586-T1
GF00001198	CHIFNET14NJ214_005533-T1	DBVPG3775_000576-T1
GF00001199	CHIFNET14NJ214_005561-T1	DBVPG3775_001606-T1
GF00001200	CHIFNET14NJ214_013783-T1	DBVPG3775_003301-T1
GF00001201	CHIFNET14NJ214_005578-T1	DBVPG3775_005511-T1
GF00001202	CHIFNET14NJ214_005594-T1	DBVPG3775_003998-T1
GF00001203	CHIFNET14NJ214_011758-T1	DBVPG3775_003994-T1
GF00001204	CHIFNET14NJ214_011759-T1	DBVPG3775_003992-T1
GF00001205	CHIFNET14NJ214_005618-T1	DBVPG3775_007431-T1
GF00001206	CHIFNET14NJ214_007690-T1	DBVPG3775_007428-T1
GF00001207	CHIFNET14NJ214_005637-T1	DBVPG3775_006083-T1
GF00001208	CHIFNET14NJ214_006722-T1	DBVPG3775_003249-T1
GF00001209	CHIFNET14NJ214_005673-T1	DBVPG3775_001015-T1
GF00001210	CHIFNET14NJ214_005683-T1	DBVPG3775_001005-T1
GF00001211	CHIFNET14NJ214_005737-T1	DBVPG3775_006176-T1
GF00001212	CHIFNET14NJ214_005755-T1	DBVPG3775_006157-T1
GF00001213	CHIFNET14NJ214_006595-T1	DBVPG3775_005822-T1
GF00001214	CHIFNET14NJ214_005818-T1	DBVPG3775_004764-T1
GF00001215	CHIFNET14NJ214_005819-T1	DBVPG3775_005967-T1
GF00001216	CHIFNET14NJ214_010452-T1	DBVPG3775_004750-T1
GF00001217	CHIFNET14NJ214_009127-T1	DBVPG3775_004484-T1
GF00001218	CHIFNET14NJ214_009515-T1	DBVPG3775_001119-T1
GF00001219	CHIFNET14NJ214_009370-T1	DBVPG3775_005847-T1
GF00001220	CHIFNET14NJ214_010560-T1	DBVPG3775_005994-T1
GF00001221	CHIFNET14NJ214_006192-T1	DBVPG3775_006004-T1
GF00001222	CHIFNET14NJ214_006193-T1	DBVPG3775_006005-T1
GF00001223	CHIFNET14NJ214_006194-T1	DBVPG3775_006006-T1
GF00001224	CHIFNET14NJ214_006229-T1	DBVPG3775_005469-T1
GF00001225	CHIFNET14NJ214_010094-T1	DBVPG3775_001519-T1
GF00001226	CHIFNET14NJ214_012044-T1	DBVPG3775_007099-T1
GF00001227	CHIFNET14NJ214_006300-T1	DBVPG3775_005252-T1
GF00001228	CHIFNET14NJ214_009161-T1	DBVPG3775_002529-T1
GF00001229	CHIFNET14NJ214_006454-T1	DBVPG3775_000790-T1
GF00001230	CHIFNET14NJ214_006456-T1	DBVPG3775_000788-T1
GF00001231	CHIFNET14NJ214_006820-T1	DBVPG3775_004585-T1
GF00001232	CHIFNET14NJ214_006507-T1	DBVPG3775_003541-T1
GF00001233	CHIFNET14NJ214_006569-T1	DBVPG3775_007176-T1
GF00001234	CHIFNET14NJ214_006570-T1	DBVPG3775_007178-T1
GF00001235	CHIFNET14NJ214_006576-T1	DBVPG3775_007186-T1
GF00001236	CHIFNET14NJ214_006879-T1	DBVPG3775_005830-T1
GF00001237	CHIFNET14NJ214_006594-T1	DBVPG3775_005823-T1
GF00001238	CHIFNET14NJ214_013252-T1	DBVPG3775_005814-T1
GF00001239	CHIFNET14NJ214_012295-T1	DBVPG3775_002125-T1
GF00001240	CHIFNET14NJ214_006637-T1	DBVPG3775_001841-T1
GF00001241	CHIFNET14NJ214_006639-T1	DBVPG3775_001839-T1
GF00001242	CHIFNET14NJ214_006670-T1	DBVPG3775_002375-T1
GF00001243	CHIFNET14NJ214_008227-T1	DBVPG3775_001399-T1
GF00001244	CHIFNET14NJ214_006705-T1	DBVPG3775_001384-T1
GF00001245	CHIFNET14NJ214_006750-T1	DBVPG3775_006755-T1
GF00001246	CHIFNET14NJ214_006800-T1	DBVPG3775_001024-T1
GF00001247	CHIFNET14NJ214_010430-T1	DBVPG3775_001034-T1
GF00001248	CHIFNET14NJ214_006837-T1	DBVPG3775_004017-T1
GF00001249	CHIFNET14NJ214_006844-T1	DBVPG3775_004024-T1
GF00001250	CHIFNET14NJ214_009069-T1	DBVPG3775_004032-T1
GF00001251	CHIFNET14NJ214_006894-T1	DBVPG3775_001630-T1
GF00001252	CHIFNET14NJ214_012723-T1	DBVPG3775_006020-T1
GF00001253	CHIFNET14NJ214_006947-T1	DBVPG3775_005117-T1
GF00001254	CHIFNET14NJ214_006959-T1	DBVPG3775_005130-T1
GF00001255	CHIFNET14NJ214_007579-T1	DBVPG3775_002866-T1
GF00001256	CHIFNET14NJ214_007096-T1	DBVPG3775_005650-T1
GF00001257	CHIFNET14NJ214_007214-T1	DBVPG3775_002499-T1
GF00001258	CHIFNET14NJ214_010720-T1	DBVPG3775_004526-T1
GF00001259	CHIFNET14NJ214_007069-T1	DBVPG3775_004546-T1
GF00001260	CHIFNET14NJ214_014227-T1	DBVPG3775_002540-T1
GF00001261	CHIFNET14NJ214_007125-T1	DBVPG3775_006273-T1
GF00001262	CHIFNET14NJ214_007645-T1	DBVPG3775_000937-T1
GF00001263	CHIFNET14NJ214_011427-T1	DBVPG3775_004039-T1
GF00001264	CHIFNET14NJ214_007216-T1	DBVPG3775_002497-T1
GF00001265	CHIFNET14NJ214_008999-T1	DBVPG3775_001931-T1
GF00001266	CHIFNET14NJ214_008246-T1	DBVPG3775_001909-T1
GF00001267	CHIFNET14NJ214_007252-T1	DBVPG3775_004817-T1
GF00001268	CHIFNET14NJ214_007254-T1	DBVPG3775_004815-T1
GF00001269	CHIFNET14NJ214_009100-T1	DBVPG3775_002700-T1
GF00001270	CHIFNET14NJ214_011347-T1	DBVPG3775_000621-T1
GF00001271	CHIFNET14NJ214_007425-T1	DBVPG3775_002857-T1
GF00001272	CHIFNET14NJ214_010696-T1	DBVPG3775_000511-T1
GF00001273	CHIFNET14NJ214_007449-T1	DBVPG3775_001871-T1
GF00001274	CHIFNET14NJ214_013293-T1	DBVPG3775_006511-T1
GF00001275	CHIFNET14NJ214_007470-T1	DBVPG3775_006512-T1
GF00001276	CHIFNET14NJ214_009469-T1	DBVPG3775_003721-T1
GF00001277	CHIFNET14NJ214_007534-T1	DBVPG3775_003710-T1
GF00001278	CHIFNET14NJ214_007625-T1	DBVPG3775_000679-T1
GF00001279	CHIFNET14NJ214_013819-T1	DBVPG3775_000748-T1
GF00001280	CHIFNET14NJ214_007806-T1	DBVPG3775_005644-T1
GF00001281	CHIFNET14NJ214_007847-T1	DBVPG3775_003697-T1
GF00001282	CHIFNET14NJ214_009649-T1	DBVPG3775_003703-T1
GF00001283	CHIFNET14NJ214_007880-T1	DBVPG3775_002470-T1
GF00001284	CHIFNET14NJ214_011101-T1	DBVPG3775_005479-T1
GF00001285	CHIFNET14NJ214_008065-T1	DBVPG3775_005497-T1
GF00001286	CHIFNET14NJ214_007954-T1	DBVPG3775_004562-T1
GF00001287	CHIFNET14NJ214_007955-T1	DBVPG3775_004561-T1
GF00001288	CHIFNET14NJ214_008001-T1	DBVPG3775_005199-T1
GF00001289	CHIFNET14NJ214_009904-T1	DBVPG3775_003574-T1
GF00001290	CHIFNET14NJ214_009903-T1	DBVPG3775_003575-T1
GF00001291	CHIFNET14NJ214_008185-T1	DBVPG3775_005214-T1
GF00001292	CHIFNET14NJ214_011247-T1	DBVPG3775_005212-T1
GF00001293	CHIFNET14NJ214_010137-T1	DBVPG3775_006627-T1
GF00001294	CHIFNET14NJ214_009733-T1	DBVPG3775_006636-T1
GF00001295	CHIFNET14NJ214_009731-T1	DBVPG3775_006639-T1
GF00001296	CHIFNET14NJ214_008262-T1	DBVPG3775_000929-T1
GF00001297	CHIFNET14NJ214_010459-T1	DBVPG3775_004474-T1
GF00001298	CHIFNET14NJ214_008368-T1	DBVPG3775_002771-T1
GF00001299	CHIFNET14NJ214_008437-T1	DBVPG3775_002834-T1
GF00001300	CHIFNET14NJ214_011372-T1	DBVPG3775_003262-T1
GF00001301	CHIFNET14NJ214_008464-T1	DBVPG3775_001944-T1
GF00001302	CHIFNET14NJ214_008466-T1	DBVPG3775_001946-T1
GF00001303	CHIFNET14NJ214_009432-T1	DBVPG3775_007465-T1
GF00001304	CHIFNET14NJ214_012855-T1	DBVPG3775_001862-T1
GF00001305	CHIFNET14NJ214_008582-T1	DBVPG3775_005893-T1
GF00001306	CHIFNET14NJ214_008701-T1	DBVPG3775_004429-T1
GF00001307	CHIFNET14NJ214_008712-T1	DBVPG3775_006544-T1
GF00001308	CHIFNET14NJ214_008740-T1	DBVPG3775_007166-T1
GF00001309	CHIFNET14NJ214_008780-T1	DBVPG3775_006662-T1
GF00001310	CHIFNET14NJ214_008862-T1	DBVPG3775_004567-T1
GF00001311	CHIFNET14NJ214_008906-T1	DBVPG3775_004783-T1
GF00001312	CHIFNET14NJ214_011344-T1	DBVPG3775_004778-T1
GF00001313	CHIFNET14NJ214_012627-T1	DBVPG3775_007494-T1
GF00001314	CHIFNET14NJ214_008966-T1	DBVPG3775_007498-T1
GF00001315	CHIFNET14NJ214_011283-T1	DBVPG3775_007500-T1
GF00001316	CHIFNET14NJ214_009375-T1	DBVPG3775_005852-T1
GF00001317	CHIFNET14NJ214_012282-T1	DBVPG3775_005854-T1
GF00001318	CHIFNET14NJ214_009471-T1	DBVPG3775_003723-T1
GF00001319	CHIFNET14NJ214_009473-T1	DBVPG3775_003590-T1
GF00001320	CHIFNET14NJ214_009537-T1	DBVPG3775_003892-T1
GF00001321	CHIFNET14NJ214_009606-T1	DBVPG3775_006952-T1
GF00001322	CHIFNET14NJ214_009612-T1	DBVPG3775_006946-T1
GF00001323	CHIFNET14NJ214_012286-T1	DBVPG3775_000548-T1
GF00001324	CHIFNET14NJ214_009642-T1	DBVPG3775_003367-T1
GF00001325	CHIFNET14NJ214_009644-T1	DBVPG3775_003370-T1
GF00001326	CHIFNET14NJ214_011254-T1	DBVPG3775_006229-T1
GF00001327	CHIFNET14NJ214_009672-T1	DBVPG3775_006936-T1
GF00001328	CHIFNET14NJ214_009674-T1	DBVPG3775_006938-T1
GF00001329	CHIFNET14NJ214_012011-T1	DBVPG3775_005868-T1
GF00001330	CHIFNET14NJ214_009766-T1	DBVPG3775_007537-T1
GF00001331	CHIFNET14NJ214_013664-T1	DBVPG3775_002902-T1
GF00001332	CHIFNET14NJ214_013665-T1	DBVPG3775_002900-T1
GF00001333	CHIFNET14NJ214_013691-T1	DBVPG3775_002891-T1
GF00001334	CHIFNET14NJ214_010938-T1	DBVPG3775_004532-T1
GF00001335	CHIFNET14NJ214_010179-T1	DBVPG3775_002385-T1
GF00001336	CHIFNET14NJ214_009942-T1	DBVPG3775_007480-T1
GF00001337	CHIFNET14NJ214_009960-T1	DBVPG3775_005946-T1
GF00001338	CHIFNET14NJ214_012256-T1	DBVPG3775_007335-T1
GF00001339	CHIFNET14NJ214_012264-T1	DBVPG3775_007344-T1
GF00001340	CHIFNET14NJ214_010061-T1	DBVPG3775_003839-T1
GF00001341	CHIFNET14NJ214_011051-T1	DBVPG3775_004849-T1
GF00001342	CHIFNET14NJ214_010214-T1	DBVPG3775_006845-T1
GF00001343	CHIFNET14NJ214_010247-T1	DBVPG3775_003519-T1
GF00001344	CHIFNET14NJ214_010249-T1	DBVPG3775_003521-T1
GF00001345	CHIFNET14NJ214_010265-T1	DBVPG3775_003608-T1
GF00001346	CHIFNET14NJ214_012050-T1	DBVPG3775_003622-T1
GF00001347	CHIFNET14NJ214_012963-T1	DBVPG3775_004698-T1
GF00001348	CHIFNET14NJ214_013806-T1	DBVPG3775_004700-T1
GF00001349	CHIFNET14NJ214_010313-T1	DBVPG3775_004701-T1
GF00001350	CHIFNET14NJ214_010539-T1	DBVPG3775_006793-T1
GF00001351	CHIFNET14NJ214_010550-T1	DBVPG3775_006779-T1
GF00001352	CHIFNET14NJ214_010567-T1	DBVPG3775_006747-T1
GF00001353	CHIFNET14NJ214_011993-T1	DBVPG3775_005886-T1
GF00001354	CHIFNET14NJ214_010615-T1	DBVPG3775_004595-T1
GF00001355	CHIFNET14NJ214_010617-T1	DBVPG3775_007599-T1
GF00001356	CHIFNET14NJ214_010619-T1	DBVPG3775_007540-T1
GF00001357	CHIFNET14NJ214_011726-T1	DBVPG3775_000684-T1
GF00001358	CHIFNET14NJ214_010632-T1	DBVPG3775_000694-T1
GF00001359	CHIFNET14NJ214_012814-T1	DBVPG3775_000504-T1
GF00001360	CHIFNET14NJ214_010791-T1	DBVPG3775_004004-T1
GF00001361	CHIFNET14NJ214_010792-T1	DBVPG3775_004294-T1
GF00001362	CHIFNET14NJ214_010802-T1	DBVPG3775_003084-T1
GF00001363	CHIFNET14NJ214_010973-T1	DBVPG3775_002335-T1
GF00001364	CHIFNET14NJ214_011007-T1	DBVPG3775_001956-T1
GF00001365	CHIFNET14NJ214_011008-T1	DBVPG3775_001955-T1
GF00001366	CHIFNET14NJ214_011070-T1	DBVPG3775_003532-T1
GF00001367	CHIFNET14NJ214_012332-T1	DBVPG3775_003528-T1
GF00001368	CHIFNET14NJ214_011186-T1	DBVPG3775_006456-T1
GF00001369	CHIFNET14NJ214_011191-T1	DBVPG3775_004691-T1
GF00001370	CHIFNET14NJ214_011194-T1	DBVPG3775_004688-T1
GF00001371	CHIFNET14NJ214_012573-T1	DBVPG3775_004684-T1
GF00001372	CHIFNET14NJ214_011253-T1	DBVPG3775_006232-T1
GF00001373	CHIFNET14NJ214_011292-T1	DBVPG3775_000992-T1
GF00001374	CHIFNET14NJ214_011303-T1	DBVPG3775_005927-T1
GF00001375	CHIFNET14NJ214_011354-T1	DBVPG3775_001280-T1
GF00001376	CHIFNET14NJ214_011528-T1	DBVPG3775_003261-T1
GF00001377	CHIFNET14NJ214_014150-T1	DBVPG3775_003111-T1
GF00001378	CHIFNET14NJ214_013370-T1	DBVPG3775_000682-T1
GF00001379	CHIFNET14NJ214_011845-T1	DBVPG3775_003310-T1
GF00001380	CHIFNET14NJ214_013697-T1	DBVPG3775_003191-T1
GF00001381	CHIFNET14NJ214_011940-T1	DBVPG3775_002887-T1
GF00001382	CHIFNET14NJ214_012257-T1	DBVPG3775_007334-T1
GF00001383	CHIFNET14NJ214_012434-T1	DBVPG3775_003401-T1
GF00001384	CHIFNET14NJ214_013754-T1	DBVPG3775_004331-T1
GF00001385	CHIFNET14NJ214_012660-T1	DBVPG3775_000474-T1
GF00001386	CHIFNET14NJ214_012686-T1	DBVPG3775_004695-T1
GF00001387	CHIFNET14NJ214_012764-T1	DBVPG3775_000700-T1
GF00001388	CHIFNET14NJ214_012798-T1	DBVPG3775_005089-T1
GF00001389	CHIFNET14NJ214_013256-T1	DBVPG3775_004259-T1
GF00001390	CHIFNET14NJ214_013314-T1	DBVPG3775_001334-T1
GF00001391	CHIFNET14NJ214_013334-T1	DBVPG3775_005935-T1
GF00001392	CHIFNET14NJ214_013598-T1	DBVPG3775_005790-T1
GF00001393	CHIFNET14NJ214_014462-T1	DBVPG3775_007285-T1
GF00001394	CHIFNET14NJ214_013859-T1	DBVPG3775_004326-T1
GF00001395	CHIFNET14NJ214_014272-T1	DBVPG3775_001082-T1
GF00001396	CHIFNET14NJ214_009506-T1	DBVPG3775_000421-T1
GF00001397	CHIFNET14NJ214_000137-T1	DBVPG3775_001478-T1
GF00001398	CHIFNET14NJ214_014019-T1	DBVPG3775_004627-T1
GF00001399	CHIFNET14NJ214_007719-T1	DBVPG3775_006082-T1
GF00001400	CHIFNET14NJ214_009223-T1	DBVPG3775_007042-T1
GF00001401	CHIFNET14NJ214_000001-T1	DBVPG3775_001639-T1
GF00001402	CHIFNET14NJ214_001836-T1	DBVPG3775_001641-T1
GF00001403	CHIFNET14NJ214_000004-T1	DBVPG3775_001642-T1
GF00001404	CHIFNET14NJ214_001840-T1	DBVPG3775_001645-T1
GF00001405	CHIFNET14NJ214_000007-T1	DBVPG3775_001646-T1
GF00001406	CHIFNET14NJ214_001842-T1	DBVPG3775_001647-T1
GF00001407	CHIFNET14NJ214_001843-T1	DBVPG3775_001648-T1
GF00001408	CHIFNET14NJ214_004370-T1	DBVPG3775_007038-T1
GF00001409	CHIFNET14NJ214_000012-T1	DBVPG3775_001652-T1
GF00001410	CHIFNET14NJ214_001847-T1	DBVPG3775_001653-T1
GF00001411	CHIFNET14NJ214_001848-T1	DBVPG3775_001654-T1
GF00001412	CHIFNET14NJ214_000016-T1	DBVPG3775_001656-T1
GF00001413	CHIFNET14NJ214_000205-T1	DBVPG3775_005742-T1
GF00001414	CHIFNET14NJ214_001851-T1	DBVPG3775_001658-T1
GF00001415	CHIFNET14NJ214_001852-T1	DBVPG3775_001659-T1
GF00001416	CHIFNET14NJ214_000020-T1	DBVPG3775_001660-T1
GF00001417	CHIFNET14NJ214_001854-T1	DBVPG3775_001661-T1
GF00001418	CHIFNET14NJ214_001855-T1	DBVPG3775_001663-T1
GF00001419	CHIFNET14NJ214_000024-T1	DBVPG3775_001664-T1
GF00001420	CHIFNET14NJ214_001857-T1	DBVPG3775_001665-T1
GF00001421	CHIFNET14NJ214_001862-T1	DBVPG3775_001672-T1
GF00001422	CHIFNET14NJ214_000031-T1	DBVPG3775_001673-T1
GF00001423	CHIFNET14NJ214_000036-T1	DBVPG3775_001678-T1
GF00001424	CHIFNET14NJ214_001868-T1	DBVPG3775_001679-T1
GF00001425	CHIFNET14NJ214_000038-T1	DBVPG3775_001680-T1
GF00001426	CHIFNET14NJ214_000039-T1	DBVPG3775_001681-T1
GF00001427	CHIFNET14NJ214_001871-T1	DBVPG3775_001682-T1
GF00001428	CHIFNET14NJ214_000041-T1	DBVPG3775_001683-T1
GF00001429	CHIFNET14NJ214_014222-T1	DBVPG3775_001684-T1
GF00001430	CHIFNET14NJ214_000047-T1	DBVPG3775_001693-T1
GF00001431	CHIFNET14NJ214_005988-T1	DBVPG3775_001694-T1
GF00001432	CHIFNET14NJ214_005987-T1	DBVPG3775_001695-T1
GF00001433	CHIFNET14NJ214_000050-T1	DBVPG3775_001696-T1
GF00001434	CHIFNET14NJ214_005985-T1	DBVPG3775_001697-T1
GF00001435	CHIFNET14NJ214_005982-T1	DBVPG3775_001700-T1
GF00001436	CHIFNET14NJ214_000055-T1	DBVPG3775_001701-T1
GF00001437	CHIFNET14NJ214_000056-T1	DBVPG3775_001702-T1
GF00001438	CHIFNET14NJ214_000057-T1	DBVPG3775_001703-T1
GF00001439	CHIFNET14NJ214_000058-T1	DBVPG3775_001704-T1
GF00001440	CHIFNET14NJ214_000059-T1	DBVPG3775_001705-T1
GF00001441	CHIFNET14NJ214_000060-T1	DBVPG3775_001706-T1
GF00001442	CHIFNET14NJ214_000061-T1	DBVPG3775_001707-T1
GF00001443	CHIFNET14NJ214_005639-T1	DBVPG3775_006905-T1
GF00001444	CHIFNET14NJ214_000069-T1	DBVPG3775_006906-T1
GF00001445	CHIFNET14NJ214_000070-T1	DBVPG3775_006907-T1
GF00001446	CHIFNET14NJ214_000071-T1	DBVPG3775_006908-T1
GF00001447	CHIFNET14NJ214_005644-T1	DBVPG3775_006912-T1
GF00001448	CHIFNET14NJ214_005646-T1	DBVPG3775_006914-T1
GF00001449	CHIFNET14NJ214_000077-T1	DBVPG3775_006915-T1
GF00001450	CHIFNET14NJ214_000079-T1	DBVPG3775_006919-T1
GF00001451	CHIFNET14NJ214_000080-T1	DBVPG3775_006920-T1
GF00001452	CHIFNET14NJ214_000081-T1	DBVPG3775_006921-T1
GF00001453	CHIFNET14NJ214_002679-T1	DBVPG3775_006922-T1
GF00001454	CHIFNET14NJ214_000083-T1	DBVPG3775_006923-T1
GF00001455	CHIFNET14NJ214_000086-T1	DBVPG3775_006926-T1
GF00001456	CHIFNET14NJ214_002684-T1	DBVPG3775_006927-T1
GF00001457	CHIFNET14NJ214_000089-T1	DBVPG3775_006930-T1
GF00001458	CHIFNET14NJ214_002690-T1	DBVPG3775_006026-T1
GF00001459	CHIFNET14NJ214_000095-T1	DBVPG3775_006029-T1
GF00001460	CHIFNET14NJ214_011535-T1	DBVPG3775_005332-T1
GF00001461	CHIFNET14NJ214_000098-T1	DBVPG3775_006032-T1
GF00001462	CHIFNET14NJ214_013125-T1	DBVPG3775_006033-T1
GF00001463	CHIFNET14NJ214_012088-T1	DBVPG3775_006035-T1
GF00001464	CHIFNET14NJ214_000102-T1	DBVPG3775_006036-T1
GF00001465	CHIFNET14NJ214_000103-T1	DBVPG3775_006037-T1
GF00001466	CHIFNET14NJ214_000106-T1	DBVPG3775_006040-T1
GF00001467	CHIFNET14NJ214_000107-T1	DBVPG3775_006041-T1
GF00001468	CHIFNET14NJ214_001620-T1	DBVPG3775_005021-T1
GF00001469	CHIFNET14NJ214_000109-T1	DBVPG3775_006043-T1
GF00001470	CHIFNET14NJ214_004917-T1	DBVPG3775_006044-T1
GF00001471	CHIFNET14NJ214_004916-T1	DBVPG3775_006045-T1
GF00001472	CHIFNET14NJ214_008316-T1	DBVPG3775_000098-T1
GF00001473	CHIFNET14NJ214_000115-T1	DBVPG3775_001455-T1
GF00001474	CHIFNET14NJ214_000116-T1	DBVPG3775_001456-T1
GF00001475	CHIFNET14NJ214_000117-T1	DBVPG3775_001457-T1
GF00001476	CHIFNET14NJ214_000119-T1	DBVPG3775_001460-T1
GF00001477	CHIFNET14NJ214_000120-T1	DBVPG3775_001461-T1
GF00001478	CHIFNET14NJ214_000121-T1	DBVPG3775_001462-T1
GF00001479	CHIFNET14NJ214_001387-T1	DBVPG3775_001463-T1
GF00001480	CHIFNET14NJ214_000125-T1	DBVPG3775_001467-T1
GF00001481	CHIFNET14NJ214_000126-T1	DBVPG3775_001468-T1
GF00001482	CHIFNET14NJ214_000127-T1	DBVPG3775_001469-T1
GF00001483	CHIFNET14NJ214_012971-T1	DBVPG3775_001473-T1
GF00001484	CHIFNET14NJ214_000132-T1	DBVPG3775_001474-T1
GF00001485	CHIFNET14NJ214_000140-T1	DBVPG3775_001481-T1
GF00001486	CHIFNET14NJ214_000145-T1	DBVPG3775_001484-T1
GF00001487	CHIFNET14NJ214_008028-T1	DBVPG3775_001485-T1
GF00001488	CHIFNET14NJ214_000147-T1	DBVPG3775_001486-T1
GF00001489	CHIFNET14NJ214_008026-T1	DBVPG3775_001487-T1
GF00001490	CHIFNET14NJ214_003686-T1	DBVPG3775_001499-T1
GF00001491	CHIFNET14NJ214_000160-T1	DBVPG3775_001500-T1
GF00001492	CHIFNET14NJ214_000161-T1	DBVPG3775_001501-T1
GF00001493	CHIFNET14NJ214_012783-T1	DBVPG3775_001508-T1
GF00001494	CHIFNET14NJ214_000170-T1	DBVPG3775_001510-T1
GF00001495	CHIFNET14NJ214_012675-T1	DBVPG3775_001511-T1
GF00001496	CHIFNET14NJ214_012676-T1	DBVPG3775_001512-T1
GF00001497	CHIFNET14NJ214_012678-T1	DBVPG3775_001514-T1
GF00001498	CHIFNET14NJ214_013830-T1	DBVPG3775_005728-T1
GF00001499	CHIFNET14NJ214_013831-T1	DBVPG3775_005729-T1
GF00001500	CHIFNET14NJ214_000177-T1	DBVPG3775_005730-T1
GF00001501	CHIFNET14NJ214_000178-T1	DBVPG3775_005731-T1
GF00001502	CHIFNET14NJ214_000179-T1	DBVPG3775_005732-T1
GF00001503	CHIFNET14NJ214_008391-T1	DBVPG3775_005768-T1
GF00001504	CHIFNET14NJ214_000186-T1	DBVPG3775_005767-T1
GF00001505	CHIFNET14NJ214_008389-T1	DBVPG3775_005766-T1
GF00001506	CHIFNET14NJ214_000188-T1	DBVPG3775_005762-T1
GF00001507	CHIFNET14NJ214_000189-T1	DBVPG3775_005761-T1
GF00001508	CHIFNET14NJ214_000190-T1	DBVPG3775_005760-T1
GF00001509	CHIFNET14NJ214_000191-T1	DBVPG3775_005759-T1
GF00001510	CHIFNET14NJ214_010509-T1	DBVPG3775_005219-T1
GF00001511	CHIFNET14NJ214_000196-T1	DBVPG3775_005751-T1
GF00001512	CHIFNET14NJ214_004546-T1	DBVPG3775_005749-T1
GF00001513	CHIFNET14NJ214_004547-T1	DBVPG3775_005748-T1
GF00001514	CHIFNET14NJ214_004548-T1	DBVPG3775_005747-T1
GF00001515	CHIFNET14NJ214_000201-T1	DBVPG3775_005746-T1
GF00001516	CHIFNET14NJ214_000206-T1	DBVPG3775_005740-T1
GF00001517	CHIFNET14NJ214_004554-T1	DBVPG3775_005739-T1
GF00001518	CHIFNET14NJ214_000208-T1	DBVPG3775_005738-T1
GF00001519	CHIFNET14NJ214_004557-T1	DBVPG3775_005737-T1
GF00001520	CHIFNET14NJ214_000213-T1	DBVPG3775_005773-T1
GF00001521	CHIFNET14NJ214_000214-T1	DBVPG3775_005774-T1
GF00001522	CHIFNET14NJ214_012851-T1	DBVPG3775_005775-T1
GF00001523	CHIFNET14NJ214_011043-T1	DBVPG3775_005777-T1
GF00001524	CHIFNET14NJ214_011040-T1	DBVPG3775_005783-T1
GF00001525	CHIFNET14NJ214_011038-T1	DBVPG3775_005785-T1
GF00001526	CHIFNET14NJ214_013543-T1	DBVPG3775_005787-T1
GF00001527	CHIFNET14NJ214_000229-T1	DBVPG3775_002739-T1
GF00001528	CHIFNET14NJ214_000231-T1	DBVPG3775_002737-T1
GF00001529	CHIFNET14NJ214_000232-T1	DBVPG3775_002736-T1
GF00001530	CHIFNET14NJ214_007486-T1	DBVPG3775_002735-T1
GF00001531	CHIFNET14NJ214_007485-T1	DBVPG3775_002734-T1
GF00001532	CHIFNET14NJ214_007484-T1	DBVPG3775_002733-T1
GF00001533	CHIFNET14NJ214_000236-T1	DBVPG3775_002731-T1
GF00001534	CHIFNET14NJ214_000238-T1	DBVPG3775_002729-T1
GF00001535	CHIFNET14NJ214_000239-T1	DBVPG3775_002728-T1
GF00001536	CHIFNET14NJ214_000240-T1	DBVPG3775_002727-T1
GF00001537	CHIFNET14NJ214_000241-T1	DBVPG3775_002726-T1
GF00001538	CHIFNET14NJ214_000242-T1	DBVPG3775_002725-T1
GF00001539	CHIFNET14NJ214_000246-T1	DBVPG3775_002719-T1
GF00001540	CHIFNET14NJ214_000247-T1	DBVPG3775_002718-T1
GF00001541	CHIFNET14NJ214_000248-T1	DBVPG3775_002717-T1
GF00001542	CHIFNET14NJ214_008729-T1	DBVPG3775_005897-T1
GF00001543	CHIFNET14NJ214_008443-T1	DBVPG3775_003270-T1
GF00001544	CHIFNET14NJ214_000254-T1	DBVPG3775_003271-T1
GF00001545	CHIFNET14NJ214_000255-T1	DBVPG3775_003272-T1
GF00001546	CHIFNET14NJ214_000261-T1	DBVPG3775_003279-T1
GF00001547	CHIFNET14NJ214_000263-T1	DBVPG3775_003281-T1
GF00001548	CHIFNET14NJ214_000266-T1	DBVPG3775_003284-T1
GF00001549	CHIFNET14NJ214_005793-T1	DBVPG3775_003286-T1
GF00001550	CHIFNET14NJ214_000268-T1	DBVPG3775_003287-T1
GF00001551	CHIFNET14NJ214_005791-T1	DBVPG3775_003288-T1
GF00001552	CHIFNET14NJ214_000271-T1	DBVPG3775_003290-T1
GF00001553	CHIFNET14NJ214_011439-T1	DBVPG3775_003292-T1
GF00001554	CHIFNET14NJ214_000274-T1	DBVPG3775_003293-T1
GF00001555	CHIFNET14NJ214_000275-T1	DBVPG3775_003294-T1
GF00001556	CHIFNET14NJ214_000276-T1	DBVPG3775_003295-T1
GF00001557	CHIFNET14NJ214_000279-T1	DBVPG3775_003298-T1
GF00001558	CHIFNET14NJ214_000283-T1	DBVPG3775_000415-T1
GF00001559	CHIFNET14NJ214_006616-T1	DBVPG3775_000413-T1
GF00001560	CHIFNET14NJ214_000286-T1	DBVPG3775_000412-T1
GF00001561	CHIFNET14NJ214_006613-T1	DBVPG3775_000410-T1
GF00001562	CHIFNET14NJ214_000289-T1	DBVPG3775_000409-T1
GF00001563	CHIFNET14NJ214_000290-T1	DBVPG3775_000408-T1
GF00001564	CHIFNET14NJ214_000291-T1	DBVPG3775_000407-T1
GF00001565	CHIFNET14NJ214_000295-T1	DBVPG3775_000403-T1
GF00001566	CHIFNET14NJ214_000296-T1	DBVPG3775_000402-T1
GF00001567	CHIFNET14NJ214_000297-T1	DBVPG3775_000401-T1
GF00001568	CHIFNET14NJ214_000301-T1	DBVPG3775_000396-T1
GF00001569	CHIFNET14NJ214_000303-T1	DBVPG3775_000352-T1
GF00001570	CHIFNET14NJ214_004197-T1	DBVPG3775_006266-T1
GF00001571	CHIFNET14NJ214_009489-T1	DBVPG3775_000355-T1
GF00001572	CHIFNET14NJ214_000308-T1	DBVPG3775_000356-T1
GF00001573	CHIFNET14NJ214_009492-T1	DBVPG3775_000359-T1
GF00001574	CHIFNET14NJ214_000313-T1	DBVPG3775_000362-T1
GF00001575	CHIFNET14NJ214_000314-T1	DBVPG3775_000363-T1
GF00001576	CHIFNET14NJ214_000318-T1	DBVPG3775_000370-T1
GF00001577	CHIFNET14NJ214_000319-T1	DBVPG3775_000372-T1
GF00001578	CHIFNET14NJ214_000320-T1	DBVPG3775_000373-T1
GF00001579	CHIFNET14NJ214_003328-T1	DBVPG3775_000380-T1
GF00001580	CHIFNET14NJ214_003327-T1	DBVPG3775_000381-T1
GF00001581	CHIFNET14NJ214_003326-T1	DBVPG3775_000382-T1
GF00001582	CHIFNET14NJ214_003325-T1	DBVPG3775_000383-T1
GF00001583	CHIFNET14NJ214_003324-T1	DBVPG3775_000384-T1
GF00001584	CHIFNET14NJ214_003323-T1	DBVPG3775_000385-T1
GF00001585	CHIFNET14NJ214_000333-T1	DBVPG3775_000386-T1
GF00001586	CHIFNET14NJ214_003319-T1	DBVPG3775_000389-T1
GF00001587	CHIFNET14NJ214_000336-T1	DBVPG3775_000390-T1
GF00001588	CHIFNET14NJ214_000337-T1	DBVPG3775_000391-T1
GF00001589	CHIFNET14NJ214_003316-T1	DBVPG3775_000392-T1
GF00001590	CHIFNET14NJ214_000339-T1	DBVPG3775_000393-T1
GF00001591	CHIFNET14NJ214_000340-T1	DBVPG3775_000394-T1
GF00001592	CHIFNET14NJ214_001377-T1	DBVPG3775_000349-T1
GF00001593	CHIFNET14NJ214_001376-T1	DBVPG3775_000348-T1
GF00001594	CHIFNET14NJ214_013491-T1	DBVPG3775_000080-T1
GF00001595	CHIFNET14NJ214_000352-T1	DBVPG3775_000078-T1
GF00001596	CHIFNET14NJ214_006674-T1	DBVPG3775_000077-T1
GF00001597	CHIFNET14NJ214_000355-T1	DBVPG3775_000076-T1
GF00001598	CHIFNET14NJ214_006678-T1	DBVPG3775_000072-T1
GF00001599	CHIFNET14NJ214_000362-T1	DBVPG3775_000069-T1
GF00001600	CHIFNET14NJ214_000364-T1	DBVPG3775_000067-T1
GF00001601	CHIFNET14NJ214_000365-T1	DBVPG3775_000066-T1
GF00001602	CHIFNET14NJ214_008480-T1	DBVPG3775_000989-T1
GF00001603	CHIFNET14NJ214_011167-T1	DBVPG3775_006782-T1
GF00001604	CHIFNET14NJ214_006685-T1	DBVPG3775_000064-T1
GF00001605	CHIFNET14NJ214_000370-T1	DBVPG3775_000061-T1
GF00001606	CHIFNET14NJ214_000371-T1	DBVPG3775_000060-T1
GF00001607	CHIFNET14NJ214_000373-T1	DBVPG3775_000058-T1
GF00001608	CHIFNET14NJ214_000374-T1	DBVPG3775_000057-T1
GF00001609	CHIFNET14NJ214_000375-T1	DBVPG3775_000056-T1
GF00001610	CHIFNET14NJ214_000376-T1	DBVPG3775_000055-T1
GF00001611	CHIFNET14NJ214_000378-T1	DBVPG3775_000053-T1
GF00001612	CHIFNET14NJ214_005688-T1	DBVPG3775_001000-T1
GF00001613	CHIFNET14NJ214_010380-T1	DBVPG3775_006836-T1
GF00001614	CHIFNET14NJ214_009210-T1	DBVPG3775_000048-T1
GF00001615	CHIFNET14NJ214_000384-T1	DBVPG3775_000046-T1
GF00001616	CHIFNET14NJ214_000387-T1	DBVPG3775_000044-T1
GF00001617	CHIFNET14NJ214_012033-T1	DBVPG3775_000043-T1
GF00001618	CHIFNET14NJ214_000389-T1	DBVPG3775_000042-T1
GF00001619	CHIFNET14NJ214_000390-T1	DBVPG3775_000041-T1
GF00001620	CHIFNET14NJ214_010872-T1	DBVPG3775_000306-T1
GF00001621	CHIFNET14NJ214_006788-T1	DBVPG3775_000036-T1
GF00001622	CHIFNET14NJ214_000399-T1	DBVPG3775_000031-T1
GF00001623	CHIFNET14NJ214_006784-T1	DBVPG3775_000030-T1
GF00001624	CHIFNET14NJ214_006783-T1	DBVPG3775_000029-T1
GF00001625	CHIFNET14NJ214_000402-T1	DBVPG3775_000028-T1
GF00001626	CHIFNET14NJ214_000406-T1	DBVPG3775_000024-T1
GF00001627	CHIFNET14NJ214_000407-T1	DBVPG3775_000023-T1
GF00001628	CHIFNET14NJ214_006776-T1	DBVPG3775_000022-T1
GF00001629	CHIFNET14NJ214_009333-T1	DBVPG3775_003733-T1
GF00001630	CHIFNET14NJ214_000412-T1	DBVPG3775_003734-T1
GF00001631	CHIFNET14NJ214_000413-T1	DBVPG3775_003735-T1
GF00001632	CHIFNET14NJ214_009336-T1	DBVPG3775_003736-T1
GF00001633	CHIFNET14NJ214_009337-T1	DBVPG3775_003737-T1
GF00001634	CHIFNET14NJ214_013082-T1	DBVPG3775_003740-T1
GF00001635	CHIFNET14NJ214_000423-T1	DBVPG3775_003745-T1
GF00001636	CHIFNET14NJ214_000424-T1	DBVPG3775_003746-T1
GF00001637	CHIFNET14NJ214_000426-T1	DBVPG3775_003748-T1
GF00001638	CHIFNET14NJ214_000427-T1	DBVPG3775_003749-T1
GF00001639	CHIFNET14NJ214_000428-T1	DBVPG3775_003750-T1
GF00001640	CHIFNET14NJ214_000429-T1	DBVPG3775_003751-T1
GF00001641	CHIFNET14NJ214_008105-T1	DBVPG3775_003752-T1
GF00001642	CHIFNET14NJ214_000431-T1	DBVPG3775_003753-T1
GF00001643	CHIFNET14NJ214_000432-T1	DBVPG3775_003754-T1
GF00001644	CHIFNET14NJ214_000434-T1	DBVPG3775_003756-T1
GF00001645	CHIFNET14NJ214_000435-T1	DBVPG3775_003757-T1
GF00001646	CHIFNET14NJ214_000436-T1	DBVPG3775_003758-T1
GF00001647	CHIFNET14NJ214_000437-T1	DBVPG3775_003760-T1
GF00001648	CHIFNET14NJ214_000438-T1	DBVPG3775_003761-T1
GF00001649	CHIFNET14NJ214_008095-T1	DBVPG3775_003763-T1
GF00001650	CHIFNET14NJ214_008094-T1	DBVPG3775_003764-T1
GF00001651	CHIFNET14NJ214_008093-T1	DBVPG3775_003765-T1
GF00001652	CHIFNET14NJ214_008092-T1	DBVPG3775_003766-T1
GF00001653	CHIFNET14NJ214_000444-T1	DBVPG3775_003767-T1
GF00001654	CHIFNET14NJ214_000445-T1	DBVPG3775_003769-T1
GF00001655	CHIFNET14NJ214_000446-T1	DBVPG3775_003770-T1
GF00001656	CHIFNET14NJ214_002042-T1	DBVPG3775_003771-T1
GF00001657	CHIFNET14NJ214_000448-T1	DBVPG3775_003772-T1
GF00001658	CHIFNET14NJ214_000449-T1	DBVPG3775_003774-T1
GF00001659	CHIFNET14NJ214_002048-T1	DBVPG3775_003777-T1
GF00001660	CHIFNET14NJ214_004951-T1	DBVPG3775_002321-T1
GF00001661	CHIFNET14NJ214_000453-T1	DBVPG3775_003780-T1
GF00001662	CHIFNET14NJ214_000455-T1	DBVPG3775_003782-T1
GF00001663	CHIFNET14NJ214_000458-T1	DBVPG3775_003786-T1
GF00001664	CHIFNET14NJ214_002058-T1	DBVPG3775_003787-T1
GF00001665	CHIFNET14NJ214_002059-T1	DBVPG3775_003788-T1
GF00001666	CHIFNET14NJ214_010373-T1	DBVPG3775_005111-T1
GF00001667	CHIFNET14NJ214_002064-T1	DBVPG3775_003793-T1
GF00001668	CHIFNET14NJ214_000466-T1	DBVPG3775_003795-T1
GF00001669	CHIFNET14NJ214_000467-T1	DBVPG3775_003796-T1
GF00001670	CHIFNET14NJ214_000468-T1	DBVPG3775_003797-T1
GF00001671	CHIFNET14NJ214_000469-T1	DBVPG3775_003798-T1
GF00001672	CHIFNET14NJ214_000471-T1	DBVPG3775_002187-T1
GF00001673	CHIFNET14NJ214_000475-T1	DBVPG3775_002197-T1
GF00001674	CHIFNET14NJ214_008154-T1	DBVPG3775_002198-T1
GF00001675	CHIFNET14NJ214_008153-T1	DBVPG3775_002199-T1
GF00001676	CHIFNET14NJ214_000478-T1	DBVPG3775_002200-T1
GF00001677	CHIFNET14NJ214_000481-T1	DBVPG3775_002203-T1
GF00001678	CHIFNET14NJ214_000482-T1	DBVPG3775_002204-T1
GF00001679	CHIFNET14NJ214_000485-T1	DBVPG3775_002208-T1
GF00001680	CHIFNET14NJ214_000489-T1	DBVPG3775_002211-T1
GF00001681	CHIFNET14NJ214_000490-T1	DBVPG3775_002212-T1
GF00001682	CHIFNET14NJ214_002071-T1	DBVPG3775_003800-T1
GF00001683	CHIFNET14NJ214_006392-T1	DBVPG3775_002213-T1
GF00001684	CHIFNET14NJ214_000492-T1	DBVPG3775_002214-T1
GF00001685	CHIFNET14NJ214_006396-T1	DBVPG3775_002217-T1
GF00001686	CHIFNET14NJ214_000500-T1	DBVPG3775_002221-T1
GF00001687	CHIFNET14NJ214_006401-T1	DBVPG3775_002222-T1
GF00001688	CHIFNET14NJ214_000502-T1	DBVPG3775_002223-T1
GF00001689	CHIFNET14NJ214_000505-T1	DBVPG3775_002227-T1
GF00001690	CHIFNET14NJ214_013393-T1	DBVPG3775_005648-T1
GF00001691	CHIFNET14NJ214_000510-T1	DBVPG3775_002232-T1
GF00001692	CHIFNET14NJ214_003011-T1	DBVPG3775_002233-T1
GF00001693	CHIFNET14NJ214_000512-T1	DBVPG3775_002235-T1
GF00001694	CHIFNET14NJ214_003014-T1	DBVPG3775_002237-T1
GF00001695	CHIFNET14NJ214_000517-T1	DBVPG3775_002241-T1
GF00001696	CHIFNET14NJ214_000519-T1	DBVPG3775_002243-T1
GF00001697	CHIFNET14NJ214_000520-T1	DBVPG3775_002244-T1
GF00001698	CHIFNET14NJ214_000521-T1	DBVPG3775_002245-T1
GF00001699	CHIFNET14NJ214_003022-T1	DBVPG3775_002246-T1
GF00001700	CHIFNET14NJ214_000523-T1	DBVPG3775_002247-T1
GF00001701	CHIFNET14NJ214_003024-T1	DBVPG3775_002248-T1
GF00001702	CHIFNET14NJ214_000526-T1	DBVPG3775_002250-T1
GF00001703	CHIFNET14NJ214_003026-T1	DBVPG3775_002251-T1
GF00001704	CHIFNET14NJ214_000528-T1	DBVPG3775_002252-T1
GF00001705	CHIFNET14NJ214_003028-T1	DBVPG3775_002253-T1
GF00001706	CHIFNET14NJ214_003032-T1	DBVPG3775_002258-T1
GF00001707	CHIFNET14NJ214_000536-T1	DBVPG3775_002261-T1
GF00001708	CHIFNET14NJ214_003035-T1	DBVPG3775_002262-T1
GF00001709	CHIFNET14NJ214_003036-T1	DBVPG3775_002263-T1
GF00001710	CHIFNET14NJ214_003037-T1	DBVPG3775_002264-T1
GF00001711	CHIFNET14NJ214_000540-T1	DBVPG3775_002265-T1
GF00001712	CHIFNET14NJ214_003040-T1	DBVPG3775_002267-T1
GF00001713	CHIFNET14NJ214_000545-T1	DBVPG3775_003966-T1
GF00001714	CHIFNET14NJ214_000549-T1	DBVPG3775_003963-T1
GF00001715	CHIFNET14NJ214_000550-T1	DBVPG3775_003962-T1
GF00001716	CHIFNET14NJ214_000551-T1	DBVPG3775_003961-T1
GF00001717	CHIFNET14NJ214_000552-T1	DBVPG3775_003960-T1
GF00001718	CHIFNET14NJ214_000553-T1	DBVPG3775_003959-T1
GF00001719	CHIFNET14NJ214_002401-T1	DBVPG3775_003958-T1
GF00001720	CHIFNET14NJ214_000555-T1	DBVPG3775_003957-T1
GF00001721	CHIFNET14NJ214_000562-T1	DBVPG3775_003950-T1
GF00001722	CHIFNET14NJ214_005090-T1	DBVPG3775_004254-T1
GF00001723	CHIFNET14NJ214_000565-T1	DBVPG3775_003947-T1
GF00001724	CHIFNET14NJ214_002389-T1	DBVPG3775_003946-T1
GF00001725	CHIFNET14NJ214_000567-T1	DBVPG3775_003945-T1
GF00001726	CHIFNET14NJ214_011056-T1	DBVPG3775_003942-T1
GF00001727	CHIFNET14NJ214_000570-T1	DBVPG3775_003939-T1
GF00001728	CHIFNET14NJ214_011059-T1	DBVPG3775_003938-T1
GF00001729	CHIFNET14NJ214_000572-T1	DBVPG3775_003937-T1
GF00001730	CHIFNET14NJ214_000573-T1	DBVPG3775_003936-T1
GF00001731	CHIFNET14NJ214_000575-T1	DBVPG3775_003934-T1
GF00001732	CHIFNET14NJ214_000576-T1	DBVPG3775_003933-T1
GF00001733	CHIFNET14NJ214_000577-T1	DBVPG3775_003932-T1
GF00001734	CHIFNET14NJ214_012978-T1	DBVPG3775_003931-T1
GF00001735	CHIFNET14NJ214_000579-T1	DBVPG3775_003930-T1
GF00001736	CHIFNET14NJ214_003727-T1	DBVPG3775_003927-T1
GF00001737	CHIFNET14NJ214_000583-T1	DBVPG3775_003926-T1
GF00001738	CHIFNET14NJ214_003724-T1	DBVPG3775_003922-T1
GF00001739	CHIFNET14NJ214_003723-T1	DBVPG3775_003921-T1
GF00001740	CHIFNET14NJ214_000589-T1	DBVPG3775_003920-T1
GF00001741	CHIFNET14NJ214_000590-T1	DBVPG3775_003919-T1
GF00001742	CHIFNET14NJ214_003720-T1	DBVPG3775_003918-T1
GF00001743	CHIFNET14NJ214_003718-T1	DBVPG3775_003916-T1
GF00001744	CHIFNET14NJ214_000594-T1	DBVPG3775_003915-T1
GF00001745	CHIFNET14NJ214_000595-T1	DBVPG3775_003914-T1
GF00001746	CHIFNET14NJ214_000596-T1	DBVPG3775_003913-T1
GF00001747	CHIFNET14NJ214_000597-T1	DBVPG3775_003912-T1
GF00001748	CHIFNET14NJ214_000598-T1	DBVPG3775_003911-T1
GF00001749	CHIFNET14NJ214_003711-T1	DBVPG3775_003909-T1
GF00001750	CHIFNET14NJ214_000601-T1	DBVPG3775_003908-T1
GF00001751	CHIFNET14NJ214_003709-T1	DBVPG3775_003907-T1
GF00001752	CHIFNET14NJ214_000603-T1	DBVPG3775_003906-T1
GF00001753	CHIFNET14NJ214_000604-T1	DBVPG3775_003905-T1
GF00001754	CHIFNET14NJ214_003706-T1	DBVPG3775_003904-T1
GF00001755	CHIFNET14NJ214_000606-T1	DBVPG3775_003903-T1
GF00001756	CHIFNET14NJ214_000607-T1	DBVPG3775_003902-T1
GF00001757	CHIFNET14NJ214_000608-T1	DBVPG3775_003901-T1
GF00001758	CHIFNET14NJ214_000611-T1	DBVPG3775_003899-T1
GF00001759	CHIFNET14NJ214_000612-T1	DBVPG3775_003898-T1
GF00001760	CHIFNET14NJ214_003699-T1	DBVPG3775_003897-T1
GF00001761	CHIFNET14NJ214_010441-T1	DBVPG3775_004208-T1
GF00001762	CHIFNET14NJ214_010440-T1	DBVPG3775_004209-T1
GF00001763	CHIFNET14NJ214_000622-T1	DBVPG3775_004213-T1
GF00001764	CHIFNET14NJ214_010435-T1	DBVPG3775_004214-T1
GF00001765	CHIFNET14NJ214_000624-T1	DBVPG3775_004215-T1
GF00001766	CHIFNET14NJ214_010433-T1	DBVPG3775_004216-T1
GF00001767	CHIFNET14NJ214_000626-T1	DBVPG3775_004217-T1
GF00001768	CHIFNET14NJ214_000627-T1	DBVPG3775_004218-T1
GF00001769	CHIFNET14NJ214_000628-T1	DBVPG3775_004219-T1
GF00001770	CHIFNET14NJ214_009016-T1	DBVPG3775_004220-T1
GF00001771	CHIFNET14NJ214_009019-T1	DBVPG3775_004223-T1
GF00001772	CHIFNET14NJ214_009020-T1	DBVPG3775_004224-T1
GF00001773	CHIFNET14NJ214_009021-T1	DBVPG3775_004225-T1
GF00001774	CHIFNET14NJ214_009022-T1	DBVPG3775_004226-T1
GF00001775	CHIFNET14NJ214_000636-T1	DBVPG3775_004227-T1
GF00001776	CHIFNET14NJ214_009024-T1	DBVPG3775_004228-T1
GF00001777	CHIFNET14NJ214_000638-T1	DBVPG3775_004229-T1
GF00001778	CHIFNET14NJ214_000640-T1	DBVPG3775_004231-T1
GF00001779	CHIFNET14NJ214_009029-T1	DBVPG3775_004233-T1
GF00001780	CHIFNET14NJ214_009030-T1	DBVPG3775_004234-T1
GF00001781	CHIFNET14NJ214_000644-T1	DBVPG3775_004235-T1
GF00001782	CHIFNET14NJ214_000645-T1	DBVPG3775_004236-T1
GF00001783	CHIFNET14NJ214_000646-T1	DBVPG3775_004237-T1
GF00001784	CHIFNET14NJ214_000647-T1	DBVPG3775_001036-T1
GF00001785	CHIFNET14NJ214_012577-T1	DBVPG3775_001037-T1
GF00001786	CHIFNET14NJ214_000649-T1	DBVPG3775_001038-T1
GF00001787	CHIFNET14NJ214_000652-T1	DBVPG3775_001042-T1
GF00001788	CHIFNET14NJ214_000653-T1	DBVPG3775_001044-T1
GF00001789	CHIFNET14NJ214_007835-T1	DBVPG3775_001046-T1
GF00001790	CHIFNET14NJ214_007834-T1	DBVPG3775_001047-T1
GF00001791	CHIFNET14NJ214_007829-T1	DBVPG3775_001051-T1
GF00001792	CHIFNET14NJ214_000662-T1	DBVPG3775_001052-T1
GF00001793	CHIFNET14NJ214_007824-T1	DBVPG3775_001056-T1
GF00001794	CHIFNET14NJ214_000665-T1	DBVPG3775_001057-T1
GF00001795	CHIFNET14NJ214_000669-T1	DBVPG3775_001062-T1
GF00001796	CHIFNET14NJ214_000670-T1	DBVPG3775_001064-T1
GF00001797	CHIFNET14NJ214_000673-T1	DBVPG3775_001067-T1
GF00001798	CHIFNET14NJ214_000674-T1	DBVPG3775_001068-T1
GF00001799	CHIFNET14NJ214_008117-T1	DBVPG3775_001069-T1
GF00001800	CHIFNET14NJ214_000676-T1	DBVPG3775_001070-T1
GF00001801	CHIFNET14NJ214_008115-T1	DBVPG3775_001071-T1
GF00001802	CHIFNET14NJ214_008114-T1	DBVPG3775_001072-T1
GF00001803	CHIFNET14NJ214_008112-T1	DBVPG3775_001076-T1
GF00001804	CHIFNET14NJ214_008837-T1	DBVPG3775_003034-T1
GF00001805	CHIFNET14NJ214_006940-T1	DBVPG3775_007147-T1
GF00001806	CHIFNET14NJ214_000690-T1	DBVPG3775_005160-T1
GF00001807	CHIFNET14NJ214_007908-T1	DBVPG3775_005161-T1
GF00001808	CHIFNET14NJ214_007912-T1	DBVPG3775_005164-T1
GF00001809	CHIFNET14NJ214_000696-T1	DBVPG3775_005165-T1
GF00001810	CHIFNET14NJ214_000698-T1	DBVPG3775_005167-T1
GF00001811	CHIFNET14NJ214_000699-T1	DBVPG3775_005168-T1
GF00001812	CHIFNET14NJ214_000700-T1	DBVPG3775_005169-T1
GF00001813	CHIFNET14NJ214_011270-T1	DBVPG3775_005170-T1
GF00001814	CHIFNET14NJ214_001020-T1	DBVPG3775_000124-T1
GF00001815	CHIFNET14NJ214_011268-T1	DBVPG3775_005172-T1
GF00001816	CHIFNET14NJ214_000704-T1	DBVPG3775_005173-T1
GF00001817	CHIFNET14NJ214_000709-T1	DBVPG3775_005178-T1
GF00001818	CHIFNET14NJ214_011261-T1	DBVPG3775_005179-T1
GF00001819	CHIFNET14NJ214_000711-T1	DBVPG3775_005180-T1
GF00001820	CHIFNET14NJ214_000712-T1	DBVPG3775_005181-T1
GF00001821	CHIFNET14NJ214_000713-T1	DBVPG3775_005182-T1
GF00001822	CHIFNET14NJ214_013727-T1	DBVPG3775_005183-T1
GF00001823	CHIFNET14NJ214_000716-T1	DBVPG3775_005185-T1
GF00001824	CHIFNET14NJ214_000717-T1	DBVPG3775_005186-T1
GF00001825	CHIFNET14NJ214_007991-T1	DBVPG3775_005187-T1
GF00001826	CHIFNET14NJ214_000719-T1	DBVPG3775_005188-T1
GF00001827	CHIFNET14NJ214_000720-T1	DBVPG3775_005189-T1
GF00001828	CHIFNET14NJ214_000721-T1	DBVPG3775_005190-T1
GF00001829	CHIFNET14NJ214_007995-T1	DBVPG3775_005191-T1
GF00001830	CHIFNET14NJ214_000724-T1	DBVPG3775_005193-T1
GF00001831	CHIFNET14NJ214_000732-T1	DBVPG3775_005227-T1
GF00001832	CHIFNET14NJ214_000733-T1	DBVPG3775_005226-T1
GF00001833	CHIFNET14NJ214_000734-T1	DBVPG3775_005225-T1
GF00001834	CHIFNET14NJ214_000738-T1	DBVPG3775_005223-T1
GF00001835	CHIFNET14NJ214_000739-T1	DBVPG3775_005222-T1
GF00001836	CHIFNET14NJ214_000740-T1	DBVPG3775_005221-T1
GF00001837	CHIFNET14NJ214_000743-T1	DBVPG3775_005216-T1
GF00001838	CHIFNET14NJ214_008296-T1	DBVPG3775_006454-T1
GF00001839	CHIFNET14NJ214_000749-T1	DBVPG3775_006451-T1
GF00001840	CHIFNET14NJ214_000750-T1	DBVPG3775_006450-T1
GF00001841	CHIFNET14NJ214_000751-T1	DBVPG3775_006449-T1
GF00001842	CHIFNET14NJ214_000752-T1	DBVPG3775_006448-T1
GF00001843	CHIFNET14NJ214_008289-T1	DBVPG3775_006447-T1
GF00001844	CHIFNET14NJ214_000754-T1	DBVPG3775_006446-T1
GF00001845	CHIFNET14NJ214_000755-T1	DBVPG3775_006445-T1
GF00001846	CHIFNET14NJ214_000761-T1	DBVPG3775_006440-T1
GF00001847	CHIFNET14NJ214_011892-T1	DBVPG3775_006437-T1
GF00001848	CHIFNET14NJ214_000765-T1	DBVPG3775_006436-T1
GF00001849	CHIFNET14NJ214_011894-T1	DBVPG3775_006435-T1
GF00001850	CHIFNET14NJ214_000767-T1	DBVPG3775_006434-T1
GF00001851	CHIFNET14NJ214_000768-T1	DBVPG3775_006433-T1
GF00001852	CHIFNET14NJ214_000769-T1	DBVPG3775_006432-T1
GF00001853	CHIFNET14NJ214_000770-T1	DBVPG3775_006431-T1
GF00001854	CHIFNET14NJ214_000774-T1	DBVPG3775_006428-T1
GF00001855	CHIFNET14NJ214_003985-T1	DBVPG3775_006422-T1
GF00001856	CHIFNET14NJ214_000792-T1	DBVPG3775_006407-T1
GF00001857	CHIFNET14NJ214_003972-T1	DBVPG3775_006408-T1
GF00001858	CHIFNET14NJ214_000794-T1	DBVPG3775_006409-T1
GF00001859	CHIFNET14NJ214_000796-T1	DBVPG3775_006412-T1
GF00001860	CHIFNET14NJ214_003978-T1	DBVPG3775_006414-T1
GF00001861	CHIFNET14NJ214_000802-T1	DBVPG3775_000209-T1
GF00001862	CHIFNET14NJ214_004829-T1	DBVPG3775_000210-T1
GF00001863	CHIFNET14NJ214_000804-T1	DBVPG3775_000211-T1
GF00001864	CHIFNET14NJ214_004827-T1	DBVPG3775_000212-T1
GF00001865	CHIFNET14NJ214_000806-T1	DBVPG3775_000213-T1
GF00001866	CHIFNET14NJ214_004824-T1	DBVPG3775_000214-T1
GF00001867	CHIFNET14NJ214_000811-T1	DBVPG3775_000217-T1
GF00001868	CHIFNET14NJ214_000812-T1	DBVPG3775_000218-T1
GF00001869	CHIFNET14NJ214_000816-T1	DBVPG3775_000223-T1
GF00001870	CHIFNET14NJ214_004814-T1	DBVPG3775_000224-T1
GF00001871	CHIFNET14NJ214_011365-T1	DBVPG3775_000659-T1
GF00001872	CHIFNET14NJ214_003810-T1	DBVPG3775_000338-T1
GF00001873	CHIFNET14NJ214_003811-T1	DBVPG3775_000337-T1
GF00001874	CHIFNET14NJ214_000823-T1	DBVPG3775_000336-T1
GF00001875	CHIFNET14NJ214_000826-T1	DBVPG3775_000332-T1
GF00001876	CHIFNET14NJ214_003816-T1	DBVPG3775_000331-T1
GF00001877	CHIFNET14NJ214_000828-T1	DBVPG3775_000330-T1
GF00001878	CHIFNET14NJ214_003818-T1	DBVPG3775_000329-T1
GF00001879	CHIFNET14NJ214_000830-T1	DBVPG3775_000328-T1
GF00001880	CHIFNET14NJ214_003820-T1	DBVPG3775_000327-T1
GF00001881	CHIFNET14NJ214_003821-T1	DBVPG3775_000326-T1
GF00001882	CHIFNET14NJ214_000833-T1	DBVPG3775_000325-T1
GF00001883	CHIFNET14NJ214_000834-T1	DBVPG3775_000324-T1
GF00001884	CHIFNET14NJ214_000835-T1	DBVPG3775_000323-T1
GF00001885	CHIFNET14NJ214_003825-T1	DBVPG3775_000322-T1
GF00001886	CHIFNET14NJ214_000837-T1	DBVPG3775_000321-T1
GF00001887	CHIFNET14NJ214_000838-T1	DBVPG3775_000320-T1
GF00001888	CHIFNET14NJ214_003828-T1	DBVPG3775_000319-T1
GF00001889	CHIFNET14NJ214_003829-T1	DBVPG3775_000318-T1
GF00001890	CHIFNET14NJ214_000842-T1	DBVPG3775_000316-T1
GF00001891	CHIFNET14NJ214_000844-T1	DBVPG3775_000314-T1
GF00001892	CHIFNET14NJ214_003834-T1	DBVPG3775_000313-T1
GF00001893	CHIFNET14NJ214_000847-T1	DBVPG3775_000311-T1
GF00001894	CHIFNET14NJ214_000849-T1	DBVPG3775_000309-T1
GF00001895	CHIFNET14NJ214_000853-T1	DBVPG3775_000305-T1
GF00001896	CHIFNET14NJ214_000854-T1	DBVPG3775_000304-T1
GF00001897	CHIFNET14NJ214_010869-T1	DBVPG3775_000303-T1
GF00001898	CHIFNET14NJ214_010868-T1	DBVPG3775_000302-T1
GF00001899	CHIFNET14NJ214_000858-T1	DBVPG3775_000299-T1
GF00001900	CHIFNET14NJ214_002452-T1	DBVPG3775_007110-T1
GF00001901	CHIFNET14NJ214_011942-T1	DBVPG3775_002885-T1
GF00001902	CHIFNET14NJ214_010864-T1	DBVPG3775_000297-T1
GF00001903	CHIFNET14NJ214_000866-T1	DBVPG3775_004600-T1
GF00001904	CHIFNET14NJ214_000867-T1	DBVPG3775_004601-T1
GF00001905	CHIFNET14NJ214_000869-T1	DBVPG3775_004604-T1
GF00001906	CHIFNET14NJ214_007784-T1	DBVPG3775_004605-T1
GF00001907	CHIFNET14NJ214_007786-T1	DBVPG3775_004608-T1
GF00001908	CHIFNET14NJ214_000874-T1	DBVPG3775_004610-T1
GF00001909	CHIFNET14NJ214_007789-T1	DBVPG3775_004611-T1
GF00001910	CHIFNET14NJ214_007790-T1	DBVPG3775_004612-T1
GF00001911	CHIFNET14NJ214_000877-T1	DBVPG3775_004613-T1
GF00001912	CHIFNET14NJ214_000878-T1	DBVPG3775_004614-T1
GF00001913	CHIFNET14NJ214_000879-T1	DBVPG3775_004615-T1
GF00001914	CHIFNET14NJ214_007794-T1	DBVPG3775_004616-T1
GF00001915	CHIFNET14NJ214_000881-T1	DBVPG3775_004617-T1
GF00001916	CHIFNET14NJ214_000882-T1	DBVPG3775_004618-T1
GF00001917	CHIFNET14NJ214_000884-T1	DBVPG3775_004620-T1
GF00001918	CHIFNET14NJ214_012715-T1	DBVPG3775_004621-T1
GF00001919	CHIFNET14NJ214_009193-T1	DBVPG3775_004638-T1
GF00001920	CHIFNET14NJ214_009192-T1	DBVPG3775_004639-T1
GF00001921	CHIFNET14NJ214_009191-T1	DBVPG3775_004640-T1
GF00001922	CHIFNET14NJ214_012703-T1	DBVPG3775_004643-T1
GF00001923	CHIFNET14NJ214_000902-T1	DBVPG3775_004644-T1
GF00001924	CHIFNET14NJ214_000903-T1	DBVPG3775_004645-T1
GF00001925	CHIFNET14NJ214_000905-T1	DBVPG3775_004647-T1
GF00001926	CHIFNET14NJ214_000907-T1	DBVPG3775_004649-T1
GF00001927	CHIFNET14NJ214_004786-T1	DBVPG3775_004650-T1
GF00001928	CHIFNET14NJ214_000910-T1	DBVPG3775_004652-T1
GF00001929	CHIFNET14NJ214_004789-T1	DBVPG3775_004653-T1
GF00001930	CHIFNET14NJ214_004790-T1	DBVPG3775_004654-T1
GF00001931	CHIFNET14NJ214_000913-T1	DBVPG3775_004655-T1
GF00001932	CHIFNET14NJ214_000914-T1	DBVPG3775_004656-T1
GF00001933	CHIFNET14NJ214_000915-T1	DBVPG3775_004657-T1
GF00001934	CHIFNET14NJ214_000918-T1	DBVPG3775_004660-T1
GF00001935	CHIFNET14NJ214_000919-T1	DBVPG3775_004661-T1
GF00001936	CHIFNET14NJ214_000920-T1	DBVPG3775_004662-T1
GF00001937	CHIFNET14NJ214_005382-T1	DBVPG3775_000271-T1
GF00001938	CHIFNET14NJ214_000921-T1	DBVPG3775_004663-T1
GF00001939	CHIFNET14NJ214_000924-T1	DBVPG3775_000142-T1
GF00001940	CHIFNET14NJ214_012985-T1	DBVPG3775_000144-T1
GF00001941	CHIFNET14NJ214_012986-T1	DBVPG3775_000145-T1
GF00001942	CHIFNET14NJ214_000928-T1	DBVPG3775_000147-T1
GF00001943	CHIFNET14NJ214_000930-T1	DBVPG3775_000151-T1
GF00001944	CHIFNET14NJ214_000931-T1	DBVPG3775_000152-T1
GF00001945	CHIFNET14NJ214_003155-T1	DBVPG3775_007360-T1
GF00001946	CHIFNET14NJ214_000933-T1	DBVPG3775_000154-T1
GF00001947	CHIFNET14NJ214_000935-T1	DBVPG3775_000156-T1
GF00001948	CHIFNET14NJ214_010013-T1	DBVPG3775_000157-T1
GF00001949	CHIFNET14NJ214_000937-T1	DBVPG3775_000158-T1
GF00001950	CHIFNET14NJ214_000938-T1	DBVPG3775_000159-T1
GF00001951	CHIFNET14NJ214_000939-T1	DBVPG3775_000160-T1
GF00001952	CHIFNET14NJ214_000940-T1	DBVPG3775_000161-T1
GF00001953	CHIFNET14NJ214_000941-T1	DBVPG3775_000162-T1
GF00001954	CHIFNET14NJ214_010007-T1	DBVPG3775_000163-T1
GF00001955	CHIFNET14NJ214_013979-T1	DBVPG3775_000165-T1
GF00001956	CHIFNET14NJ214_000947-T1	DBVPG3775_000169-T1
GF00001957	CHIFNET14NJ214_003132-T1	DBVPG3775_000171-T1
GF00001958	CHIFNET14NJ214_003131-T1	DBVPG3775_000172-T1
GF00001959	CHIFNET14NJ214_011741-T1	DBVPG3775_001011-T1
GF00001960	CHIFNET14NJ214_003130-T1	DBVPG3775_000173-T1
GF00001961	CHIFNET14NJ214_003127-T1	DBVPG3775_000177-T1
GF00001962	CHIFNET14NJ214_000957-T1	DBVPG3775_000178-T1
GF00001963	CHIFNET14NJ214_003123-T1	DBVPG3775_000180-T1
GF00001964	CHIFNET14NJ214_000960-T1	DBVPG3775_000181-T1
GF00001965	CHIFNET14NJ214_000961-T1	DBVPG3775_000182-T1
GF00001966	CHIFNET14NJ214_000962-T1	DBVPG3775_000183-T1
GF00001967	CHIFNET14NJ214_003119-T1	DBVPG3775_000184-T1
GF00001968	CHIFNET14NJ214_000964-T1	DBVPG3775_000185-T1
GF00001969	CHIFNET14NJ214_003117-T1	DBVPG3775_000186-T1
GF00001970	CHIFNET14NJ214_000966-T1	DBVPG3775_000187-T1
GF00001971	CHIFNET14NJ214_003115-T1	DBVPG3775_000188-T1
GF00001972	CHIFNET14NJ214_000968-T1	DBVPG3775_000189-T1
GF00001973	CHIFNET14NJ214_000974-T1	DBVPG3775_000197-T1
GF00001974	CHIFNET14NJ214_003108-T1	DBVPG3775_000198-T1
GF00001975	CHIFNET14NJ214_003105-T1	DBVPG3775_000200-T1
GF00001976	CHIFNET14NJ214_000978-T1	DBVPG3775_000201-T1
GF00001977	CHIFNET14NJ214_003102-T1	DBVPG3775_000203-T1
GF00001978	CHIFNET14NJ214_003101-T1	DBVPG3775_000204-T1
GF00001979	CHIFNET14NJ214_000982-T1	DBVPG3775_000205-T1
GF00001980	CHIFNET14NJ214_000984-T1	DBVPG3775_000084-T1
GF00001981	CHIFNET14NJ214_007931-T1	DBVPG3775_005351-T1
GF00001982	CHIFNET14NJ214_000985-T1	DBVPG3775_000085-T1
GF00001983	CHIFNET14NJ214_011671-T1	DBVPG3775_000086-T1
GF00001984	CHIFNET14NJ214_000987-T1	DBVPG3775_000087-T1
GF00001985	CHIFNET14NJ214_011669-T1	DBVPG3775_000088-T1
GF00001986	CHIFNET14NJ214_000989-T1	DBVPG3775_000089-T1
GF00001987	CHIFNET14NJ214_008320-T1	DBVPG3775_000093-T1
GF00001988	CHIFNET14NJ214_008318-T1	DBVPG3775_000095-T1
GF00001989	CHIFNET14NJ214_000997-T1	DBVPG3775_000099-T1
GF00001990	CHIFNET14NJ214_008314-T1	DBVPG3775_000100-T1
GF00001991	CHIFNET14NJ214_008313-T1	DBVPG3775_000101-T1
GF00001992	CHIFNET14NJ214_008311-T1	DBVPG3775_000104-T1
GF00001993	CHIFNET14NJ214_009545-T1	DBVPG3775_003884-T1
GF00001994	CHIFNET14NJ214_001003-T1	DBVPG3775_000106-T1
GF00001995	CHIFNET14NJ214_001004-T1	DBVPG3775_000107-T1
GF00001996	CHIFNET14NJ214_001005-T1	DBVPG3775_000108-T1
GF00001997	CHIFNET14NJ214_001008-T1	DBVPG3775_000112-T1
GF00001998	CHIFNET14NJ214_001009-T1	DBVPG3775_000113-T1
GF00001999	CHIFNET14NJ214_001011-T1	DBVPG3775_000115-T1
GF00002000	CHIFNET14NJ214_001013-T1	DBVPG3775_000117-T1
GF00002001	CHIFNET14NJ214_010484-T1	DBVPG3775_000118-T1
GF00002002	CHIFNET14NJ214_001015-T1	DBVPG3775_000119-T1
GF00002003	CHIFNET14NJ214_010482-T1	DBVPG3775_000120-T1
GF00002004	CHIFNET14NJ214_010114-T1	DBVPG3775_005362-T1
GF00002005	CHIFNET14NJ214_010481-T1	DBVPG3775_000121-T1
GF00002006	CHIFNET14NJ214_010479-T1	DBVPG3775_000123-T1
GF00002007	CHIFNET14NJ214_001021-T1	DBVPG3775_000125-T1
GF00002008	CHIFNET14NJ214_001022-T1	DBVPG3775_000126-T1
GF00002009	CHIFNET14NJ214_010681-T1	DBVPG3775_000127-T1
GF00002010	CHIFNET14NJ214_010682-T1	DBVPG3775_000128-T1
GF00002011	CHIFNET14NJ214_010683-T1	DBVPG3775_000129-T1
GF00002012	CHIFNET14NJ214_001026-T1	DBVPG3775_000132-T1
GF00002013	CHIFNET14NJ214_010687-T1	DBVPG3775_000133-T1
GF00002014	CHIFNET14NJ214_010690-T1	DBVPG3775_000136-T1
GF00002015	CHIFNET14NJ214_001030-T1	DBVPG3775_000137-T1
GF00002016	CHIFNET14NJ214_001031-T1	DBVPG3775_000138-T1
GF00002017	CHIFNET14NJ214_001034-T1	DBVPG3775_000141-T1
GF00002018	CHIFNET14NJ214_011611-T1	DBVPG3775_002918-T1
GF00002019	CHIFNET14NJ214_001037-T1	DBVPG3775_002919-T1
GF00002020	CHIFNET14NJ214_007026-T1	DBVPG3775_005655-T1
GF00002021	CHIFNET14NJ214_001038-T1	DBVPG3775_002920-T1
GF00002022	CHIFNET14NJ214_001039-T1	DBVPG3775_002921-T1
GF00002023	CHIFNET14NJ214_011615-T1	DBVPG3775_002922-T1
GF00002024	CHIFNET14NJ214_001042-T1	DBVPG3775_002924-T1
GF00002025	CHIFNET14NJ214_001044-T1	DBVPG3775_002926-T1
GF00002026	CHIFNET14NJ214_001045-T1	DBVPG3775_002928-T1
GF00002027	CHIFNET14NJ214_009600-T1	DBVPG3775_002929-T1
GF00002028	CHIFNET14NJ214_005888-T1	DBVPG3775_002931-T1
GF00002029	CHIFNET14NJ214_001049-T1	DBVPG3775_002933-T1
GF00002030	CHIFNET14NJ214_012065-T1	DBVPG3775_000923-T1
GF00002031	CHIFNET14NJ214_001054-T1	DBVPG3775_002938-T1
GF00002032	CHIFNET14NJ214_005895-T1	DBVPG3775_002939-T1
GF00002033	CHIFNET14NJ214_005896-T1	DBVPG3775_002940-T1
GF00002034	CHIFNET14NJ214_001063-T1	DBVPG3775_002949-T1
GF00002035	CHIFNET14NJ214_001064-T1	DBVPG3775_002950-T1
GF00002036	CHIFNET14NJ214_005704-T1	DBVPG3775_002953-T1
GF00002037	CHIFNET14NJ214_005705-T1	DBVPG3775_002954-T1
GF00002038	CHIFNET14NJ214_005706-T1	DBVPG3775_002955-T1
GF00002039	CHIFNET14NJ214_001070-T1	DBVPG3775_002956-T1
GF00002040	CHIFNET14NJ214_001071-T1	DBVPG3775_002957-T1
GF00002041	CHIFNET14NJ214_005709-T1	DBVPG3775_002958-T1
GF00002042	CHIFNET14NJ214_005710-T1	DBVPG3775_002959-T1
GF00002043	CHIFNET14NJ214_005711-T1	DBVPG3775_002960-T1
GF00002044	CHIFNET14NJ214_001075-T1	DBVPG3775_002961-T1
GF00002045	CHIFNET14NJ214_001076-T1	DBVPG3775_002962-T1
GF00002046	CHIFNET14NJ214_001078-T1	DBVPG3775_002964-T1
GF00002047	CHIFNET14NJ214_011593-T1	DBVPG3775_002967-T1
GF00002048	CHIFNET14NJ214_001081-T1	DBVPG3775_002969-T1
GF00002049	CHIFNET14NJ214_011595-T1	DBVPG3775_002970-T1
GF00002050	CHIFNET14NJ214_001083-T1	DBVPG3775_002971-T1
GF00002051	CHIFNET14NJ214_012738-T1	DBVPG3775_002632-T1
GF00002052	CHIFNET14NJ214_011072-T1	DBVPG3775_003529-T1
GF00002053	CHIFNET14NJ214_001089-T1	DBVPG3775_002631-T1
GF00002054	CHIFNET14NJ214_002836-T1	DBVPG3775_002443-T1
GF00002055	CHIFNET14NJ214_012740-T1	DBVPG3775_002630-T1
GF00002056	CHIFNET14NJ214_001092-T1	DBVPG3775_002628-T1
GF00002057	CHIFNET14NJ214_001093-T1	DBVPG3775_002627-T1
GF00002058	CHIFNET14NJ214_010570-T1	DBVPG3775_006744-T1
GF00002059	CHIFNET14NJ214_008579-T1	DBVPG3775_005890-T1
GF00002060	CHIFNET14NJ214_001124-T1	DBVPG3775_002620-T1
GF00002061	CHIFNET14NJ214_001099-T1	DBVPG3775_002619-T1
GF00002062	CHIFNET14NJ214_001101-T1	DBVPG3775_002617-T1
GF00002063	CHIFNET14NJ214_001120-T1	DBVPG3775_002616-T1
GF00002064	CHIFNET14NJ214_001103-T1	DBVPG3775_002615-T1
GF00002065	CHIFNET14NJ214_001118-T1	DBVPG3775_002614-T1
GF00002066	CHIFNET14NJ214_001117-T1	DBVPG3775_002613-T1
GF00002067	CHIFNET14NJ214_001116-T1	DBVPG3775_002612-T1
GF00002068	CHIFNET14NJ214_001107-T1	DBVPG3775_002611-T1
GF00002069	CHIFNET14NJ214_001108-T1	DBVPG3775_002603-T1
GF00002070	CHIFNET14NJ214_001109-T1	DBVPG3775_002604-T1
GF00002071	CHIFNET14NJ214_001110-T1	DBVPG3775_002605-T1
GF00002072	CHIFNET14NJ214_001111-T1	DBVPG3775_002606-T1
GF00002073	CHIFNET14NJ214_001112-T1	DBVPG3775_002607-T1
GF00002074	CHIFNET14NJ214_001134-T1	DBVPG3775_000470-T1
GF00002075	CHIFNET14NJ214_012115-T1	DBVPG3775_000469-T1
GF00002076	CHIFNET14NJ214_001136-T1	DBVPG3775_000468-T1
GF00002077	CHIFNET14NJ214_012118-T1	DBVPG3775_000465-T1
GF00002078	CHIFNET14NJ214_012119-T1	DBVPG3775_000464-T1
GF00002079	CHIFNET14NJ214_001142-T1	DBVPG3775_000458-T1
GF00002080	CHIFNET14NJ214_011662-T1	DBVPG3775_000457-T1
GF00002081	CHIFNET14NJ214_001144-T1	DBVPG3775_000456-T1
GF00002082	CHIFNET14NJ214_001145-T1	DBVPG3775_000455-T1
GF00002083	CHIFNET14NJ214_011659-T1	DBVPG3775_000454-T1
GF00002084	CHIFNET14NJ214_011658-T1	DBVPG3775_000453-T1
GF00002085	CHIFNET14NJ214_001152-T1	DBVPG3775_000448-T1
GF00002086	CHIFNET14NJ214_008617-T1	DBVPG3775_000447-T1
GF00002087	CHIFNET14NJ214_001154-T1	DBVPG3775_000446-T1
GF00002088	CHIFNET14NJ214_001155-T1	DBVPG3775_000445-T1
GF00002089	CHIFNET14NJ214_008626-T1	DBVPG3775_000438-T1
GF00002090	CHIFNET14NJ214_001162-T1	DBVPG3775_000437-T1
GF00002091	CHIFNET14NJ214_001166-T1	DBVPG3775_000434-T1
GF00002092	CHIFNET14NJ214_001168-T1	DBVPG3775_000431-T1
GF00002093	CHIFNET14NJ214_012507-T1	DBVPG3775_000428-T1
GF00002094	CHIFNET14NJ214_012508-T1	DBVPG3775_000427-T1
GF00002095	CHIFNET14NJ214_012509-T1	DBVPG3775_000426-T1
GF00002096	CHIFNET14NJ214_002749-T1	DBVPG3775_002032-T1
GF00002097	CHIFNET14NJ214_009759-T1	DBVPG3775_000422-T1
GF00002098	CHIFNET14NJ214_009760-T1	DBVPG3775_000419-T1
GF00002099	CHIFNET14NJ214_001600-T1	DBVPG3775_004909-T1
GF00002100	CHIFNET14NJ214_001180-T1	DBVPG3775_004908-T1
GF00002101	CHIFNET14NJ214_001181-T1	DBVPG3775_004907-T1
GF00002102	CHIFNET14NJ214_001182-T1	DBVPG3775_004906-T1
GF00002103	CHIFNET14NJ214_001607-T1	DBVPG3775_004901-T1
GF00002104	CHIFNET14NJ214_001608-T1	DBVPG3775_004900-T1
GF00002105	CHIFNET14NJ214_001609-T1	DBVPG3775_004899-T1
GF00002106	CHIFNET14NJ214_001610-T1	DBVPG3775_004897-T1
GF00002107	CHIFNET14NJ214_001193-T1	DBVPG3775_004893-T1
GF00002108	CHIFNET14NJ214_013765-T1	DBVPG3775_002104-T1
GF00002109	CHIFNET14NJ214_001200-T1	DBVPG3775_004885-T1
GF00002110	CHIFNET14NJ214_001202-T1	DBVPG3775_004883-T1
GF00002111	CHIFNET14NJ214_007502-T1	DBVPG3775_004882-T1
GF00002112	CHIFNET14NJ214_008593-T1	DBVPG3775_003478-T1
GF00002113	CHIFNET14NJ214_001205-T1	DBVPG3775_004879-T1
GF00002114	CHIFNET14NJ214_001208-T1	DBVPG3775_004875-T1
GF00002115	CHIFNET14NJ214_001210-T1	DBVPG3775_004873-T1
GF00002116	CHIFNET14NJ214_001212-T1	DBVPG3775_004871-T1
GF00002117	CHIFNET14NJ214_001213-T1	DBVPG3775_004870-T1
GF00002118	CHIFNET14NJ214_007389-T1	DBVPG3775_004869-T1
GF00002119	CHIFNET14NJ214_007387-T1	DBVPG3775_004867-T1
GF00002120	CHIFNET14NJ214_001217-T1	DBVPG3775_004866-T1
GF00002121	CHIFNET14NJ214_007384-T1	DBVPG3775_004864-T1
GF00002122	CHIFNET14NJ214_001220-T1	DBVPG3775_004862-T1
GF00002123	CHIFNET14NJ214_001222-T1	DBVPG3775_004858-T1
GF00002124	CHIFNET14NJ214_007380-T1	DBVPG3775_004857-T1
GF00002125	CHIFNET14NJ214_005252-T1	DBVPG3775_006146-T1
GF00002126	CHIFNET14NJ214_001232-T1	DBVPG3775_006145-T1
GF00002127	CHIFNET14NJ214_001233-T1	DBVPG3775_006144-T1
GF00002128	CHIFNET14NJ214_005256-T1	DBVPG3775_006141-T1
GF00002129	CHIFNET14NJ214_005259-T1	DBVPG3775_006138-T1
GF00002130	CHIFNET14NJ214_001240-T1	DBVPG3775_006137-T1
GF00002131	CHIFNET14NJ214_001242-T1	DBVPG3775_006132-T1
GF00002132	CHIFNET14NJ214_001243-T1	DBVPG3775_006131-T1
GF00002133	CHIFNET14NJ214_001246-T1	DBVPG3775_006127-T1
GF00002134	CHIFNET14NJ214_001247-T1	DBVPG3775_006126-T1
GF00002135	CHIFNET14NJ214_001248-T1	DBVPG3775_006125-T1
GF00002136	CHIFNET14NJ214_005272-T1	DBVPG3775_006124-T1
GF00002137	CHIFNET14NJ214_001250-T1	DBVPG3775_006123-T1
GF00002138	CHIFNET14NJ214_001251-T1	DBVPG3775_006122-T1
GF00002139	CHIFNET14NJ214_001253-T1	DBVPG3775_006120-T1
GF00002140	CHIFNET14NJ214_001254-T1	DBVPG3775_006118-T1
GF00002141	CHIFNET14NJ214_011707-T1	DBVPG3775_006117-T1
GF00002142	CHIFNET14NJ214_001258-T1	DBVPG3775_006113-T1
GF00002143	CHIFNET14NJ214_001259-T1	DBVPG3775_006112-T1
GF00002144	CHIFNET14NJ214_001263-T1	DBVPG3775_006104-T1
GF00002145	CHIFNET14NJ214_006484-T1	DBVPG3775_006100-T1
GF00002146	CHIFNET14NJ214_006483-T1	DBVPG3775_006099-T1
GF00002147	CHIFNET14NJ214_006482-T1	DBVPG3775_006097-T1
GF00002148	CHIFNET14NJ214_001269-T1	DBVPG3775_006096-T1
GF00002149	CHIFNET14NJ214_001270-T1	DBVPG3775_006095-T1
GF00002150	CHIFNET14NJ214_009450-T1	DBVPG3775_005077-T1
GF00002151	CHIFNET14NJ214_009449-T1	DBVPG3775_005076-T1
GF00002152	CHIFNET14NJ214_001278-T1	DBVPG3775_005073-T1
GF00002153	CHIFNET14NJ214_001279-T1	DBVPG3775_005072-T1
GF00002154	CHIFNET14NJ214_003553-T1	DBVPG3775_005069-T1
GF00002155	CHIFNET14NJ214_001283-T1	DBVPG3775_005068-T1
GF00002156	CHIFNET14NJ214_003555-T1	DBVPG3775_005067-T1
GF00002157	CHIFNET14NJ214_001285-T1	DBVPG3775_005066-T1
GF00002158	CHIFNET14NJ214_003558-T1	DBVPG3775_005063-T1
GF00002159	CHIFNET14NJ214_001291-T1	DBVPG3775_005059-T1
GF00002160	CHIFNET14NJ214_003563-T1	DBVPG3775_005058-T1
GF00002161	CHIFNET14NJ214_003564-T1	DBVPG3775_005057-T1
GF00002162	CHIFNET14NJ214_001294-T1	DBVPG3775_005056-T1
GF00002163	CHIFNET14NJ214_011251-T1	DBVPG3775_006235-T1
GF00002164	CHIFNET14NJ214_011196-T1	DBVPG3775_004686-T1
GF00002165	CHIFNET14NJ214_007226-T1	DBVPG3775_001924-T1
GF00002166	CHIFNET14NJ214_010349-T1	DBVPG3775_002155-T1
GF00002167	CHIFNET14NJ214_003571-T1	DBVPG3775_005049-T1
GF00002168	CHIFNET14NJ214_003572-T1	DBVPG3775_005048-T1
GF00002169	CHIFNET14NJ214_001303-T1	DBVPG3775_005047-T1
GF00002170	CHIFNET14NJ214_010834-T1	DBVPG3775_006311-T1
GF00002171	CHIFNET14NJ214_001304-T1	DBVPG3775_005046-T1
GF00002172	CHIFNET14NJ214_001305-T1	DBVPG3775_005045-T1
GF00002173	CHIFNET14NJ214_001308-T1	DBVPG3775_003049-T1
GF00002174	CHIFNET14NJ214_001309-T1	DBVPG3775_003050-T1
GF00002175	CHIFNET14NJ214_001311-T1	DBVPG3775_003052-T1
GF00002176	CHIFNET14NJ214_001313-T1	DBVPG3775_003054-T1
GF00002177	CHIFNET14NJ214_001314-T1	DBVPG3775_003055-T1
GF00002178	CHIFNET14NJ214_011275-T1	DBVPG3775_003056-T1
GF00002179	CHIFNET14NJ214_001316-T1	DBVPG3775_003057-T1
GF00002180	CHIFNET14NJ214_001317-T1	DBVPG3775_003058-T1
GF00002181	CHIFNET14NJ214_001318-T1	DBVPG3775_003059-T1
GF00002182	CHIFNET14NJ214_001321-T1	DBVPG3775_003063-T1
GF00002183	CHIFNET14NJ214_010962-T1	DBVPG3775_000266-T1
GF00002184	CHIFNET14NJ214_010963-T1	DBVPG3775_000265-T1
GF00002185	CHIFNET14NJ214_001329-T1	DBVPG3775_000264-T1
GF00002186	CHIFNET14NJ214_001331-T1	DBVPG3775_000262-T1
GF00002187	CHIFNET14NJ214_001332-T1	DBVPG3775_000261-T1
GF00002188	CHIFNET14NJ214_001333-T1	DBVPG3775_000260-T1
GF00002189	CHIFNET14NJ214_010969-T1	DBVPG3775_000259-T1
GF00002190	CHIFNET14NJ214_008364-T1	DBVPG3775_004472-T1
GF00002191	CHIFNET14NJ214_001337-T1	DBVPG3775_000255-T1
GF00002192	CHIFNET14NJ214_001338-T1	DBVPG3775_000254-T1
GF00002193	CHIFNET14NJ214_004482-T1	DBVPG3775_000253-T1
GF00002194	CHIFNET14NJ214_001341-T1	DBVPG3775_000251-T1
GF00002195	CHIFNET14NJ214_004475-T1	DBVPG3775_000247-T1
GF00002196	CHIFNET14NJ214_004474-T1	DBVPG3775_000245-T1
GF00002197	CHIFNET14NJ214_001348-T1	DBVPG3775_000244-T1
GF00002198	CHIFNET14NJ214_001349-T1	DBVPG3775_000243-T1
GF00002199	CHIFNET14NJ214_001350-T1	DBVPG3775_000242-T1
GF00002200	CHIFNET14NJ214_004470-T1	DBVPG3775_000241-T1
GF00002201	CHIFNET14NJ214_004469-T1	DBVPG3775_000240-T1
GF00002202	CHIFNET14NJ214_004468-T1	DBVPG3775_000239-T1
GF00002203	CHIFNET14NJ214_004467-T1	DBVPG3775_000238-T1
GF00002204	CHIFNET14NJ214_004466-T1	DBVPG3775_000237-T1
GF00002205	CHIFNET14NJ214_004465-T1	DBVPG3775_000236-T1
GF00002206	CHIFNET14NJ214_001358-T1	DBVPG3775_000235-T1
GF00002207	CHIFNET14NJ214_001363-T1	DBVPG3775_000231-T1
GF00002208	CHIFNET14NJ214_004461-T1	DBVPG3775_000232-T1
GF00002209	CHIFNET14NJ214_001365-T1	DBVPG3775_000229-T1
GF00002210	CHIFNET14NJ214_003808-T1	DBVPG3775_000340-T1
GF00002211	CHIFNET14NJ214_001369-T1	DBVPG3775_000341-T1
GF00002212	CHIFNET14NJ214_001370-T1	DBVPG3775_000342-T1
GF00002213	CHIFNET14NJ214_001371-T1	DBVPG3775_000343-T1
GF00002214	CHIFNET14NJ214_006628-T1	DBVPG3775_007093-T1
GF00002215	CHIFNET14NJ214_001396-T1	DBVPG3775_001440-T1
GF00002216	CHIFNET14NJ214_006223-T1	DBVPG3775_001439-T1
GF00002217	CHIFNET14NJ214_006222-T1	DBVPG3775_001438-T1
GF00002218	CHIFNET14NJ214_001399-T1	DBVPG3775_001437-T1
GF00002219	CHIFNET14NJ214_006220-T1	DBVPG3775_001436-T1
GF00002220	CHIFNET14NJ214_001401-T1	DBVPG3775_001435-T1
GF00002221	CHIFNET14NJ214_001403-T1	DBVPG3775_001432-T1
GF00002222	CHIFNET14NJ214_001405-T1	DBVPG3775_001429-T1
GF00002223	CHIFNET14NJ214_001406-T1	DBVPG3775_001428-T1
GF00002224	CHIFNET14NJ214_001409-T1	DBVPG3775_001424-T1
GF00002225	CHIFNET14NJ214_001410-T1	DBVPG3775_001423-T1
GF00002226	CHIFNET14NJ214_001413-T1	DBVPG3775_002825-T1
GF00002227	CHIFNET14NJ214_001415-T1	DBVPG3775_002823-T1
GF00002228	CHIFNET14NJ214_010882-T1	DBVPG3775_002820-T1
GF00002229	CHIFNET14NJ214_009750-T1	DBVPG3775_002818-T1
GF00002230	CHIFNET14NJ214_009751-T1	DBVPG3775_002817-T1
GF00002231	CHIFNET14NJ214_009752-T1	DBVPG3775_002816-T1
GF00002232	CHIFNET14NJ214_009753-T1	DBVPG3775_002815-T1
GF00002233	CHIFNET14NJ214_006017-T1	DBVPG3775_006175-T1
GF00002234	CHIFNET14NJ214_001428-T1	DBVPG3775_002810-T1
GF00002235	CHIFNET14NJ214_009591-T1	DBVPG3775_002809-T1
GF00002236	CHIFNET14NJ214_001430-T1	DBVPG3775_002808-T1
GF00002237	CHIFNET14NJ214_001432-T1	DBVPG3775_002806-T1
GF00002238	CHIFNET14NJ214_010878-T1	DBVPG3775_002805-T1
GF00002239	CHIFNET14NJ214_010877-T1	DBVPG3775_002804-T1
GF00002240	CHIFNET14NJ214_010876-T1	DBVPG3775_002803-T1
GF00002241	CHIFNET14NJ214_001436-T1	DBVPG3775_002800-T1
GF00002242	CHIFNET14NJ214_001437-T1	DBVPG3775_002799-T1
GF00002243	CHIFNET14NJ214_011483-T1	DBVPG3775_002797-T1
GF00002244	CHIFNET14NJ214_001440-T1	DBVPG3775_002796-T1
GF00002245	CHIFNET14NJ214_001441-T1	DBVPG3775_002795-T1
GF00002246	CHIFNET14NJ214_001443-T1	DBVPG3775_002792-T1
GF00002247	CHIFNET14NJ214_011479-T1	DBVPG3775_002791-T1
GF00002248	CHIFNET14NJ214_001447-T1	DBVPG3775_002786-T1
GF00002249	CHIFNET14NJ214_001448-T1	DBVPG3775_002785-T1
GF00002250	CHIFNET14NJ214_001449-T1	DBVPG3775_002784-T1
GF00002251	CHIFNET14NJ214_001452-T1	DBVPG3775_007287-T1
GF00002252	CHIFNET14NJ214_001453-T1	DBVPG3775_007288-T1
GF00002253	CHIFNET14NJ214_001455-T1	DBVPG3775_007291-T1
GF00002254	CHIFNET14NJ214_001456-T1	DBVPG3775_007292-T1
GF00002255	CHIFNET14NJ214_001459-T1	DBVPG3775_007295-T1
GF00002256	CHIFNET14NJ214_008327-T1	DBVPG3775_007296-T1
GF00002257	CHIFNET14NJ214_008326-T1	DBVPG3775_007297-T1
GF00002258	CHIFNET14NJ214_001462-T1	DBVPG3775_007299-T1
GF00002259	CHIFNET14NJ214_001463-T1	DBVPG3775_007300-T1
GF00002260	CHIFNET14NJ214_001464-T1	DBVPG3775_007301-T1
GF00002261	CHIFNET14NJ214_009859-T1	DBVPG3775_007305-T1
GF00002262	CHIFNET14NJ214_009860-T1	DBVPG3775_007306-T1
GF00002263	CHIFNET14NJ214_009861-T1	DBVPG3775_007307-T1
GF00002264	CHIFNET14NJ214_001471-T1	DBVPG3775_007259-T1
GF00002265	CHIFNET14NJ214_009863-T1	DBVPG3775_007260-T1
GF00002266	CHIFNET14NJ214_001473-T1	DBVPG3775_007261-T1
GF00002267	CHIFNET14NJ214_009865-T1	DBVPG3775_007262-T1
GF00002268	CHIFNET14NJ214_009866-T1	DBVPG3775_007263-T1
GF00002269	CHIFNET14NJ214_009867-T1	DBVPG3775_007264-T1
GF00002270	CHIFNET14NJ214_001477-T1	DBVPG3775_007267-T1
GF00002271	CHIFNET14NJ214_007290-T1	DBVPG3775_007268-T1
GF00002272	CHIFNET14NJ214_001481-T1	DBVPG3775_007278-T1
GF00002273	CHIFNET14NJ214_001482-T1	DBVPG3775_007279-T1
GF00002274	CHIFNET14NJ214_007299-T1	DBVPG3775_007280-T1
GF00002275	CHIFNET14NJ214_007300-T1	DBVPG3775_007281-T1
GF00002276	CHIFNET14NJ214_007301-T1	DBVPG3775_007282-T1
GF00002277	CHIFNET14NJ214_001489-T1	DBVPG3775_007219-T1
GF00002278	CHIFNET14NJ214_002946-T1	DBVPG3775_007220-T1
GF00002279	CHIFNET14NJ214_005534-T1	DBVPG3775_000575-T1
GF00002280	CHIFNET14NJ214_002948-T1	DBVPG3775_007222-T1
GF00002281	CHIFNET14NJ214_002949-T1	DBVPG3775_007223-T1
GF00002282	CHIFNET14NJ214_002951-T1	DBVPG3775_007225-T1
GF00002283	CHIFNET14NJ214_001497-T1	DBVPG3775_007227-T1
GF00002284	CHIFNET14NJ214_013903-T1	DBVPG3775_007228-T1
GF00002285	CHIFNET14NJ214_001500-T1	DBVPG3775_006855-T1
GF00002286	CHIFNET14NJ214_012137-T1	DBVPG3775_006860-T1
GF00002287	CHIFNET14NJ214_012138-T1	DBVPG3775_006861-T1
GF00002288	CHIFNET14NJ214_005235-T1	DBVPG3775_006868-T1
GF00002289	CHIFNET14NJ214_001509-T1	DBVPG3775_006870-T1
GF00002290	CHIFNET14NJ214_005233-T1	DBVPG3775_006871-T1
GF00002291	CHIFNET14NJ214_001512-T1	DBVPG3775_006873-T1
GF00002292	CHIFNET14NJ214_005230-T1	DBVPG3775_006874-T1
GF00002293	CHIFNET14NJ214_005229-T1	DBVPG3775_006875-T1
GF00002294	CHIFNET14NJ214_001516-T1	DBVPG3775_006877-T1
GF00002295	CHIFNET14NJ214_012780-T1	DBVPG3775_006882-T1
GF00002296	CHIFNET14NJ214_001520-T1	DBVPG3775_006883-T1
GF00002297	CHIFNET14NJ214_012778-T1	DBVPG3775_006884-T1
GF00002298	CHIFNET14NJ214_001530-T1	DBVPG3775_006723-T1
GF00002299	CHIFNET14NJ214_001531-T1	DBVPG3775_006722-T1
GF00002300	CHIFNET14NJ214_001532-T1	DBVPG3775_006721-T1
GF00002301	CHIFNET14NJ214_001533-T1	DBVPG3775_006720-T1
GF00002302	CHIFNET14NJ214_008952-T1	DBVPG3775_006719-T1
GF00002303	CHIFNET14NJ214_008954-T1	DBVPG3775_006717-T1
GF00002304	CHIFNET14NJ214_008956-T1	DBVPG3775_006715-T1
GF00002305	CHIFNET14NJ214_011392-T1	DBVPG3775_006712-T1
GF00002306	CHIFNET14NJ214_011396-T1	DBVPG3775_006708-T1
GF00002307	CHIFNET14NJ214_001546-T1	DBVPG3775_006707-T1
GF00002308	CHIFNET14NJ214_001547-T1	DBVPG3775_006706-T1
GF00002309	CHIFNET14NJ214_001548-T1	DBVPG3775_006705-T1
GF00002310	CHIFNET14NJ214_001549-T1	DBVPG3775_006704-T1
GF00002311	CHIFNET14NJ214_001550-T1	DBVPG3775_006703-T1
GF00002312	CHIFNET14NJ214_009983-T1	DBVPG3775_006702-T1
GF00002313	CHIFNET14NJ214_001554-T1	DBVPG3775_006697-T1
GF00002314	CHIFNET14NJ214_001556-T1	DBVPG3775_006695-T1
GF00002315	CHIFNET14NJ214_001558-T1	DBVPG3775_006693-T1
GF00002316	CHIFNET14NJ214_013562-T1	DBVPG3775_003683-T1
GF00002317	CHIFNET14NJ214_001562-T1	DBVPG3775_003682-T1
GF00002318	CHIFNET14NJ214_001566-T1	DBVPG3775_003679-T1
GF00002319	CHIFNET14NJ214_012590-T1	DBVPG3775_003678-T1
GF00002320	CHIFNET14NJ214_012592-T1	DBVPG3775_003676-T1
GF00002321	CHIFNET14NJ214_012593-T1	DBVPG3775_003675-T1
GF00002322	CHIFNET14NJ214_001575-T1	DBVPG3775_004936-T1
GF00002323	CHIFNET14NJ214_001577-T1	DBVPG3775_004933-T1
GF00002324	CHIFNET14NJ214_001580-T1	DBVPG3775_004930-T1
GF00002325	CHIFNET14NJ214_001582-T1	DBVPG3775_004928-T1
GF00002326	CHIFNET14NJ214_001583-T1	DBVPG3775_004927-T1
GF00002327	CHIFNET14NJ214_001584-T1	DBVPG3775_004926-T1
GF00002328	CHIFNET14NJ214_005073-T1	DBVPG3775_004925-T1
GF00002329	CHIFNET14NJ214_001586-T1	DBVPG3775_004924-T1
GF00002330	CHIFNET14NJ214_001587-T1	DBVPG3775_004923-T1
GF00002331	CHIFNET14NJ214_005631-T1	DBVPG3775_007417-T1
GF00002332	CHIFNET14NJ214_001589-T1	DBVPG3775_004921-T1
GF00002333	CHIFNET14NJ214_005078-T1	DBVPG3775_004920-T1
GF00002334	CHIFNET14NJ214_005079-T1	DBVPG3775_004919-T1
GF00002335	CHIFNET14NJ214_005080-T1	DBVPG3775_004918-T1
GF00002336	CHIFNET14NJ214_005081-T1	DBVPG3775_004917-T1
GF00002337	CHIFNET14NJ214_001597-T1	DBVPG3775_004912-T1
GF00002338	CHIFNET14NJ214_001598-T1	DBVPG3775_004911-T1
GF00002339	CHIFNET14NJ214_005087-T1	DBVPG3775_004910-T1
GF00002340	CHIFNET14NJ214_004709-T1	DBVPG3775_005027-T1
GF00002341	CHIFNET14NJ214_004708-T1	DBVPG3775_005026-T1
GF00002342	CHIFNET14NJ214_001616-T1	DBVPG3775_005025-T1
GF00002343	CHIFNET14NJ214_001617-T1	DBVPG3775_005024-T1
GF00002344	CHIFNET14NJ214_001622-T1	DBVPG3775_005019-T1
GF00002345	CHIFNET14NJ214_001623-T1	DBVPG3775_005018-T1
GF00002346	CHIFNET14NJ214_006099-T1	DBVPG3775_005017-T1
GF00002347	CHIFNET14NJ214_001625-T1	DBVPG3775_005016-T1
GF00002348	CHIFNET14NJ214_001627-T1	DBVPG3775_005014-T1
GF00002349	CHIFNET14NJ214_006958-T1	DBVPG3775_005129-T1
GF00002350	CHIFNET14NJ214_006104-T1	DBVPG3775_005012-T1
GF00002351	CHIFNET14NJ214_001631-T1	DBVPG3775_005011-T1
GF00002352	CHIFNET14NJ214_001632-T1	DBVPG3775_005010-T1
GF00002353	CHIFNET14NJ214_001633-T1	DBVPG3775_005009-T1
GF00002354	CHIFNET14NJ214_006108-T1	DBVPG3775_005008-T1
GF00002355	CHIFNET14NJ214_001637-T1	DBVPG3775_005005-T1
GF00002356	CHIFNET14NJ214_006111-T1	DBVPG3775_005004-T1
GF00002357	CHIFNET14NJ214_001639-T1	DBVPG3775_005003-T1
GF00002358	CHIFNET14NJ214_001641-T1	DBVPG3775_005000-T1
GF00002359	CHIFNET14NJ214_006115-T1	DBVPG3775_004999-T1
GF00002360	CHIFNET14NJ214_002586-T1	DBVPG3775_004997-T1
GF00002361	CHIFNET14NJ214_001645-T1	DBVPG3775_004996-T1
GF00002362	CHIFNET14NJ214_001646-T1	DBVPG3775_004995-T1
GF00002363	CHIFNET14NJ214_001647-T1	DBVPG3775_004994-T1
GF00002364	CHIFNET14NJ214_001648-T1	DBVPG3775_004993-T1
GF00002365	CHIFNET14NJ214_001649-T1	DBVPG3775_004992-T1
GF00002366	CHIFNET14NJ214_002592-T1	DBVPG3775_004991-T1
GF00002367	CHIFNET14NJ214_001651-T1	DBVPG3775_004990-T1
GF00002368	CHIFNET14NJ214_001653-T1	DBVPG3775_004988-T1
GF00002369	CHIFNET14NJ214_002596-T1	DBVPG3775_004986-T1
GF00002370	CHIFNET14NJ214_002597-T1	DBVPG3775_004985-T1
GF00002371	CHIFNET14NJ214_002598-T1	DBVPG3775_004984-T1
GF00002372	CHIFNET14NJ214_002599-T1	DBVPG3775_004983-T1
GF00002373	CHIFNET14NJ214_013415-T1	DBVPG3775_002131-T1
GF00002374	CHIFNET14NJ214_001662-T1	DBVPG3775_002133-T1
GF00002375	CHIFNET14NJ214_001663-T1	DBVPG3775_002134-T1
GF00002376	CHIFNET14NJ214_001666-T1	DBVPG3775_002139-T1
GF00002377	CHIFNET14NJ214_001667-T1	DBVPG3775_002140-T1
GF00002378	CHIFNET14NJ214_001668-T1	DBVPG3775_002141-T1
GF00002379	CHIFNET14NJ214_001669-T1	DBVPG3775_002142-T1
GF00002380	CHIFNET14NJ214_001670-T1	DBVPG3775_002143-T1
GF00002381	CHIFNET14NJ214_001673-T1	DBVPG3775_002147-T1
GF00002382	CHIFNET14NJ214_001674-T1	DBVPG3775_002148-T1
GF00002383	CHIFNET14NJ214_001675-T1	DBVPG3775_002149-T1
GF00002384	CHIFNET14NJ214_010354-T1	DBVPG3775_002150-T1
GF00002385	CHIFNET14NJ214_001677-T1	DBVPG3775_002151-T1
GF00002386	CHIFNET14NJ214_010352-T1	DBVPG3775_002152-T1
GF00002387	CHIFNET14NJ214_001679-T1	DBVPG3775_002153-T1
GF00002388	CHIFNET14NJ214_001680-T1	DBVPG3775_002154-T1
GF00002389	CHIFNET14NJ214_010022-T1	DBVPG3775_002161-T1
GF00002390	CHIFNET14NJ214_010024-T1	DBVPG3775_002163-T1
GF00002391	CHIFNET14NJ214_010025-T1	DBVPG3775_002164-T1
GF00002392	CHIFNET14NJ214_001692-T1	DBVPG3775_002166-T1
GF00002393	CHIFNET14NJ214_001694-T1	DBVPG3775_002169-T1
GF00002394	CHIFNET14NJ214_001695-T1	DBVPG3775_002170-T1
GF00002395	CHIFNET14NJ214_001696-T1	DBVPG3775_002171-T1
GF00002396	CHIFNET14NJ214_001697-T1	DBVPG3775_002172-T1
GF00002397	CHIFNET14NJ214_001698-T1	DBVPG3775_002173-T1
GF00002398	CHIFNET14NJ214_011627-T1	DBVPG3775_002175-T1
GF00002399	CHIFNET14NJ214_001701-T1	DBVPG3775_002176-T1
GF00002400	CHIFNET14NJ214_011622-T1	DBVPG3775_002182-T1
GF00002401	CHIFNET14NJ214_011621-T1	DBVPG3775_002183-T1
GF00002402	CHIFNET14NJ214_011620-T1	DBVPG3775_002184-T1
GF00002403	CHIFNET14NJ214_001712-T1	DBVPG3775_002578-T1
GF00002404	CHIFNET14NJ214_004780-T1	DBVPG3775_002576-T1
GF00002405	CHIFNET14NJ214_001716-T1	DBVPG3775_002574-T1
GF00002406	CHIFNET14NJ214_001718-T1	DBVPG3775_002572-T1
GF00002407	CHIFNET14NJ214_004774-T1	DBVPG3775_002570-T1
GF00002408	CHIFNET14NJ214_006646-T1	DBVPG3775_001829-T1
GF00002409	CHIFNET14NJ214_001721-T1	DBVPG3775_002568-T1
GF00002410	CHIFNET14NJ214_001722-T1	DBVPG3775_002567-T1
GF00002411	CHIFNET14NJ214_004770-T1	DBVPG3775_002566-T1
GF00002412	CHIFNET14NJ214_001724-T1	DBVPG3775_002565-T1
GF00002413	CHIFNET14NJ214_004767-T1	DBVPG3775_002563-T1
GF00002414	CHIFNET14NJ214_001728-T1	DBVPG3775_002561-T1
GF00002415	CHIFNET14NJ214_001729-T1	DBVPG3775_002560-T1
GF00002416	CHIFNET14NJ214_004764-T1	DBVPG3775_002559-T1
GF00002417	CHIFNET14NJ214_001733-T1	DBVPG3775_002556-T1
GF00002418	CHIFNET14NJ214_001735-T1	DBVPG3775_002554-T1
GF00002419	CHIFNET14NJ214_001737-T1	DBVPG3775_002552-T1
GF00002420	CHIFNET14NJ214_007083-T1	DBVPG3775_002551-T1
GF00002421	CHIFNET14NJ214_007088-T1	DBVPG3775_002546-T1
GF00002422	CHIFNET14NJ214_001744-T1	DBVPG3775_002545-T1
GF00002423	CHIFNET14NJ214_001745-T1	DBVPG3775_002544-T1
GF00002424	CHIFNET14NJ214_001747-T1	DBVPG3775_002542-T1
GF00002425	CHIFNET14NJ214_007093-T1	DBVPG3775_002541-T1
GF00002426	CHIFNET14NJ214_001749-T1	DBVPG3775_003624-T1
GF00002427	CHIFNET14NJ214_001750-T1	DBVPG3775_003625-T1
GF00002428	CHIFNET14NJ214_001751-T1	DBVPG3775_003626-T1
GF00002429	CHIFNET14NJ214_001753-T1	DBVPG3775_003628-T1
GF00002430	CHIFNET14NJ214_004217-T1	DBVPG3775_003630-T1
GF00002431	CHIFNET14NJ214_004218-T1	DBVPG3775_003631-T1
GF00002432	CHIFNET14NJ214_004219-T1	DBVPG3775_003633-T1
GF00002433	CHIFNET14NJ214_004222-T1	DBVPG3775_003636-T1
GF00002434	CHIFNET14NJ214_001760-T1	DBVPG3775_003637-T1
GF00002435	CHIFNET14NJ214_004226-T1	DBVPG3775_003640-T1
GF00002436	CHIFNET14NJ214_004230-T1	DBVPG3775_003644-T1
GF00002437	CHIFNET14NJ214_001770-T1	DBVPG3775_003647-T1
GF00002438	CHIFNET14NJ214_004234-T1	DBVPG3775_003648-T1
GF00002439	CHIFNET14NJ214_001774-T1	DBVPG3775_003654-T1
GF00002440	CHIFNET14NJ214_004239-T1	DBVPG3775_003656-T1
GF00002441	CHIFNET14NJ214_001778-T1	DBVPG3775_003658-T1
GF00002442	CHIFNET14NJ214_001779-T1	DBVPG3775_003659-T1
GF00002443	CHIFNET14NJ214_004294-T1	DBVPG3775_003660-T1
GF00002444	CHIFNET14NJ214_004293-T1	DBVPG3775_003661-T1
GF00002445	CHIFNET14NJ214_001785-T1	DBVPG3775_003665-T1
GF00002446	CHIFNET14NJ214_001786-T1	DBVPG3775_003666-T1
GF00002447	CHIFNET14NJ214_004287-T1	DBVPG3775_003667-T1
GF00002448	CHIFNET14NJ214_004286-T1	DBVPG3775_003668-T1
GF00002449	CHIFNET14NJ214_001789-T1	DBVPG3775_003669-T1
GF00002450	CHIFNET14NJ214_001797-T1	DBVPG3775_003445-T1
GF00002451	CHIFNET14NJ214_008088-T1	DBVPG3775_003444-T1
GF00002452	CHIFNET14NJ214_001800-T1	DBVPG3775_003442-T1
GF00002453	CHIFNET14NJ214_001802-T1	DBVPG3775_003440-T1
GF00002454	CHIFNET14NJ214_001804-T1	DBVPG3775_003438-T1
GF00002455	CHIFNET14NJ214_010992-T1	DBVPG3775_003437-T1
GF00002456	CHIFNET14NJ214_010994-T1	DBVPG3775_003436-T1
GF00002457	CHIFNET14NJ214_010995-T1	DBVPG3775_003435-T1
GF00002458	CHIFNET14NJ214_010996-T1	DBVPG3775_003434-T1
GF00002459	CHIFNET14NJ214_010997-T1	DBVPG3775_003433-T1
GF00002460	CHIFNET14NJ214_001810-T1	DBVPG3775_003432-T1
GF00002461	CHIFNET14NJ214_001811-T1	DBVPG3775_003431-T1
GF00002462	CHIFNET14NJ214_001812-T1	DBVPG3775_003430-T1
GF00002463	CHIFNET14NJ214_001813-T1	DBVPG3775_003429-T1
GF00002464	CHIFNET14NJ214_011002-T1	DBVPG3775_003428-T1
GF00002465	CHIFNET14NJ214_001815-T1	DBVPG3775_003427-T1
GF00002466	CHIFNET14NJ214_001816-T1	DBVPG3775_003425-T1
GF00002467	CHIFNET14NJ214_013848-T1	DBVPG3775_003424-T1
GF00002468	CHIFNET14NJ214_001818-T1	DBVPG3775_003423-T1
GF00002469	CHIFNET14NJ214_001820-T1	DBVPG3775_003421-T1
GF00002470	CHIFNET14NJ214_001821-T1	DBVPG3775_003419-T1
GF00002471	CHIFNET14NJ214_001825-T1	DBVPG3775_003415-T1
GF00002472	CHIFNET14NJ214_010207-T1	DBVPG3775_003414-T1
GF00002473	CHIFNET14NJ214_013093-T1	DBVPG3775_003412-T1
GF00002474	CHIFNET14NJ214_001830-T1	DBVPG3775_003410-T1
GF00002475	CHIFNET14NJ214_001832-T1	DBVPG3775_003408-T1
GF00002476	CHIFNET14NJ214_002416-T1	DBVPG3775_003018-T1
GF00002477	CHIFNET14NJ214_001874-T1	DBVPG3775_003017-T1
GF00002478	CHIFNET14NJ214_001875-T1	DBVPG3775_003016-T1
GF00002479	CHIFNET14NJ214_001877-T1	DBVPG3775_003014-T1
GF00002480	CHIFNET14NJ214_003944-T1	DBVPG3775_003013-T1
GF00002481	CHIFNET14NJ214_003943-T1	DBVPG3775_003012-T1
GF00002482	CHIFNET14NJ214_001881-T1	DBVPG3775_003009-T1
GF00002483	CHIFNET14NJ214_003939-T1	DBVPG3775_003006-T1
GF00002484	CHIFNET14NJ214_001887-T1	DBVPG3775_003004-T1
GF00002485	CHIFNET14NJ214_001890-T1	DBVPG3775_003001-T1
GF00002486	CHIFNET14NJ214_001891-T1	DBVPG3775_003000-T1
GF00002487	CHIFNET14NJ214_003845-T1	DBVPG3775_006562-T1
GF00002488	CHIFNET14NJ214_001894-T1	DBVPG3775_002996-T1
GF00002489	CHIFNET14NJ214_001897-T1	DBVPG3775_002993-T1
GF00002490	CHIFNET14NJ214_003921-T1	DBVPG3775_002984-T1
GF00002491	CHIFNET14NJ214_001904-T1	DBVPG3775_002983-T1
GF00002492	CHIFNET14NJ214_001905-T1	DBVPG3775_002982-T1
GF00002493	CHIFNET14NJ214_003359-T1	DBVPG3775_000862-T1
GF00002494	CHIFNET14NJ214_003360-T1	DBVPG3775_000861-T1
GF00002495	CHIFNET14NJ214_001916-T1	DBVPG3775_000856-T1
GF00002496	CHIFNET14NJ214_003367-T1	DBVPG3775_000852-T1
GF00002497	CHIFNET14NJ214_003368-T1	DBVPG3775_000851-T1
GF00002498	CHIFNET14NJ214_003369-T1	DBVPG3775_000850-T1
GF00002499	CHIFNET14NJ214_013352-T1	DBVPG3775_000848-T1
GF00002500	CHIFNET14NJ214_013353-T1	DBVPG3775_000847-T1
GF00002501	CHIFNET14NJ214_001925-T1	DBVPG3775_000846-T1
GF00002502	CHIFNET14NJ214_013355-T1	DBVPG3775_000845-T1
GF00002503	CHIFNET14NJ214_001928-T1	DBVPG3775_000843-T1
GF00002504	CHIFNET14NJ214_001930-T1	DBVPG3775_000841-T1
GF00002505	CHIFNET14NJ214_001931-T1	DBVPG3775_000840-T1
GF00002506	CHIFNET14NJ214_007145-T1	DBVPG3775_000839-T1
GF00002507	CHIFNET14NJ214_001934-T1	DBVPG3775_000837-T1
GF00002508	CHIFNET14NJ214_007141-T1	DBVPG3775_000834-T1
GF00002509	CHIFNET14NJ214_001937-T1	DBVPG3775_000833-T1
GF00002510	CHIFNET14NJ214_001940-T1	DBVPG3775_000830-T1
GF00002511	CHIFNET14NJ214_001941-T1	DBVPG3775_000829-T1
GF00002512	CHIFNET14NJ214_001942-T1	DBVPG3775_000828-T1
GF00002513	CHIFNET14NJ214_001943-T1	DBVPG3775_000827-T1
GF00002514	CHIFNET14NJ214_001946-T1	DBVPG3775_000824-T1
GF00002515	CHIFNET14NJ214_013104-T1	DBVPG3775_000823-T1
GF00002516	CHIFNET14NJ214_001948-T1	DBVPG3775_000822-T1
GF00002517	CHIFNET14NJ214_001952-T1	DBVPG3775_000817-T1
GF00002518	CHIFNET14NJ214_001955-T1	DBVPG3775_002340-T1
GF00002519	CHIFNET14NJ214_001956-T1	DBVPG3775_002341-T1
GF00002520	CHIFNET14NJ214_001957-T1	DBVPG3775_002342-T1
GF00002521	CHIFNET14NJ214_005969-T1	DBVPG3775_002343-T1
GF00002522	CHIFNET14NJ214_005968-T1	DBVPG3775_002344-T1
GF00002523	CHIFNET14NJ214_001960-T1	DBVPG3775_002345-T1
GF00002524	CHIFNET14NJ214_005966-T1	DBVPG3775_002346-T1
GF00002525	CHIFNET14NJ214_001962-T1	DBVPG3775_002347-T1
GF00002526	CHIFNET14NJ214_005964-T1	DBVPG3775_002348-T1
GF00002527	CHIFNET14NJ214_001964-T1	DBVPG3775_002349-T1
GF00002528	CHIFNET14NJ214_001965-T1	DBVPG3775_002350-T1
GF00002529	CHIFNET14NJ214_005961-T1	DBVPG3775_002351-T1
GF00002530	CHIFNET14NJ214_005959-T1	DBVPG3775_002353-T1
GF00002531	CHIFNET14NJ214_001977-T1	DBVPG3775_005961-T1
GF00002532	CHIFNET14NJ214_001979-T1	DBVPG3775_005959-T1
GF00002533	CHIFNET14NJ214_001980-T1	DBVPG3775_005958-T1
GF00002534	CHIFNET14NJ214_001982-T1	DBVPG3775_005956-T1
GF00002535	CHIFNET14NJ214_012344-T1	DBVPG3775_005955-T1
GF00002536	CHIFNET14NJ214_012345-T1	DBVPG3775_005954-T1
GF00002537	CHIFNET14NJ214_012346-T1	DBVPG3775_005953-T1
GF00002538	CHIFNET14NJ214_012347-T1	DBVPG3775_005952-T1
GF00002539	CHIFNET14NJ214_010818-T1	DBVPG3775_006690-T1
GF00002540	CHIFNET14NJ214_010817-T1	DBVPG3775_006689-T1
GF00002541	CHIFNET14NJ214_001990-T1	DBVPG3775_006688-T1
GF00002542	CHIFNET14NJ214_001991-T1	DBVPG3775_006687-T1
GF00002543	CHIFNET14NJ214_001992-T1	DBVPG3775_006686-T1
GF00002544	CHIFNET14NJ214_001993-T1	DBVPG3775_006684-T1
GF00002545	CHIFNET14NJ214_010762-T1	DBVPG3775_001322-T1
GF00002546	CHIFNET14NJ214_001994-T1	DBVPG3775_006683-T1
GF00002547	CHIFNET14NJ214_010810-T1	DBVPG3775_006682-T1
GF00002548	CHIFNET14NJ214_001996-T1	DBVPG3775_006681-T1
GF00002549	CHIFNET14NJ214_007933-T1	DBVPG3775_005353-T1
GF00002550	CHIFNET14NJ214_001999-T1	DBVPG3775_005352-T1
GF00002551	CHIFNET14NJ214_002001-T1	DBVPG3775_005350-T1
GF00002552	CHIFNET14NJ214_007929-T1	DBVPG3775_005349-T1
GF00002553	CHIFNET14NJ214_007928-T1	DBVPG3775_005348-T1
GF00002554	CHIFNET14NJ214_002004-T1	DBVPG3775_005347-T1
GF00002555	CHIFNET14NJ214_007923-T1	DBVPG3775_005344-T1
GF00002556	CHIFNET14NJ214_007922-T1	DBVPG3775_005343-T1
GF00002557	CHIFNET14NJ214_007918-T1	DBVPG3775_005338-T1
GF00002558	CHIFNET14NJ214_007917-T1	DBVPG3775_005337-T1
GF00002559	CHIFNET14NJ214_011534-T1	DBVPG3775_005331-T1
GF00002560	CHIFNET14NJ214_011533-T1	DBVPG3775_005330-T1
GF00002561	CHIFNET14NJ214_002020-T1	DBVPG3775_005329-T1
GF00002562	CHIFNET14NJ214_002021-T1	DBVPG3775_005328-T1
GF00002563	CHIFNET14NJ214_013046-T1	DBVPG3775_005326-T1
GF00002564	CHIFNET14NJ214_013047-T1	DBVPG3775_005325-T1
GF00002565	CHIFNET14NJ214_011152-T1	DBVPG3775_005320-T1
GF00002566	CHIFNET14NJ214_002031-T1	DBVPG3775_005319-T1
GF00002567	CHIFNET14NJ214_011146-T1	DBVPG3775_005312-T1
GF00002568	CHIFNET14NJ214_002073-T1	DBVPG3775_003804-T1
GF00002569	CHIFNET14NJ214_002074-T1	DBVPG3775_003805-T1
GF00002570	CHIFNET14NJ214_009183-T1	DBVPG3775_006797-T1
GF00002571	CHIFNET14NJ214_009186-T1	DBVPG3775_006800-T1
GF00002572	CHIFNET14NJ214_002081-T1	DBVPG3775_006801-T1
GF00002573	CHIFNET14NJ214_002083-T1	DBVPG3775_006803-T1
GF00002574	CHIFNET14NJ214_002084-T1	DBVPG3775_006804-T1
GF00002575	CHIFNET14NJ214_005065-T1	DBVPG3775_006807-T1
GF00002576	CHIFNET14NJ214_002094-T1	DBVPG3775_007449-T1
GF00002577	CHIFNET14NJ214_002095-T1	DBVPG3775_007448-T1
GF00002578	CHIFNET14NJ214_011651-T1	DBVPG3775_007447-T1
GF00002579	CHIFNET14NJ214_011650-T1	DBVPG3775_007446-T1
GF00002580	CHIFNET14NJ214_002098-T1	DBVPG3775_007445-T1
GF00002581	CHIFNET14NJ214_011647-T1	DBVPG3775_007443-T1
GF00002582	CHIFNET14NJ214_002104-T1	DBVPG3775_005594-T1
GF00002583	CHIFNET14NJ214_004139-T1	DBVPG3775_005600-T1
GF00002584	CHIFNET14NJ214_004138-T1	DBVPG3775_005601-T1
GF00002585	CHIFNET14NJ214_002115-T1	DBVPG3775_005605-T1
GF00002586	CHIFNET14NJ214_002116-T1	DBVPG3775_005606-T1
GF00002587	CHIFNET14NJ214_002117-T1	DBVPG3775_005607-T1
GF00002588	CHIFNET14NJ214_002118-T1	DBVPG3775_005608-T1
GF00002589	CHIFNET14NJ214_002120-T1	DBVPG3775_005610-T1
GF00002590	CHIFNET14NJ214_007980-T1	DBVPG3775_005611-T1
GF00002591	CHIFNET14NJ214_002123-T1	DBVPG3775_005614-T1
GF00002592	CHIFNET14NJ214_007983-T1	DBVPG3775_005615-T1
GF00002593	CHIFNET14NJ214_002125-T1	DBVPG3775_005617-T1
GF00002594	CHIFNET14NJ214_007986-T1	DBVPG3775_005619-T1
GF00002595	CHIFNET14NJ214_002131-T1	DBVPG3775_005623-T1
GF00002596	CHIFNET14NJ214_007175-T1	DBVPG3775_005624-T1
GF00002597	CHIFNET14NJ214_002133-T1	DBVPG3775_005625-T1
GF00002598	CHIFNET14NJ214_002137-T1	DBVPG3775_000873-T1
GF00002599	CHIFNET14NJ214_002138-T1	DBVPG3775_000874-T1
GF00002600	CHIFNET14NJ214_002139-T1	DBVPG3775_000875-T1
GF00002601	CHIFNET14NJ214_003344-T1	DBVPG3775_000877-T1
GF00002602	CHIFNET14NJ214_002142-T1	DBVPG3775_000904-T1
GF00002603	CHIFNET14NJ214_002144-T1	DBVPG3775_000901-T1
GF00002604	CHIFNET14NJ214_002148-T1	DBVPG3775_000897-T1
GF00002605	CHIFNET14NJ214_002149-T1	DBVPG3775_000896-T1
GF00002606	CHIFNET14NJ214_006062-T1	DBVPG3775_000895-T1
GF00002607	CHIFNET14NJ214_006061-T1	DBVPG3775_000894-T1
GF00002608	CHIFNET14NJ214_002152-T1	DBVPG3775_000893-T1
GF00002609	CHIFNET14NJ214_006059-T1	DBVPG3775_000892-T1
GF00002610	CHIFNET14NJ214_006057-T1	DBVPG3775_000890-T1
GF00002611	CHIFNET14NJ214_002156-T1	DBVPG3775_000889-T1
GF00002612	CHIFNET14NJ214_002157-T1	DBVPG3775_000888-T1
GF00002613	CHIFNET14NJ214_002158-T1	DBVPG3775_000887-T1
GF00002614	CHIFNET14NJ214_002159-T1	DBVPG3775_000885-T1
GF00002615	CHIFNET14NJ214_006052-T1	DBVPG3775_000884-T1
GF00002616	CHIFNET14NJ214_006051-T1	DBVPG3775_000883-T1
GF00002617	CHIFNET14NJ214_006050-T1	DBVPG3775_000882-T1
GF00002618	CHIFNET14NJ214_003342-T1	DBVPG3775_000879-T1
GF00002619	CHIFNET14NJ214_002168-T1	DBVPG3775_000906-T1
GF00002620	CHIFNET14NJ214_008264-T1	DBVPG3775_000931-T1
GF00002621	CHIFNET14NJ214_008263-T1	DBVPG3775_000930-T1
GF00002622	CHIFNET14NJ214_004662-T1	DBVPG3775_007005-T1
GF00002623	CHIFNET14NJ214_002174-T1	DBVPG3775_007003-T1
GF00002624	CHIFNET14NJ214_004665-T1	DBVPG3775_007002-T1
GF00002625	CHIFNET14NJ214_002176-T1	DBVPG3775_007001-T1
GF00002626	CHIFNET14NJ214_004667-T1	DBVPG3775_007000-T1
GF00002627	CHIFNET14NJ214_002178-T1	DBVPG3775_006999-T1
GF00002628	CHIFNET14NJ214_004669-T1	DBVPG3775_006998-T1
GF00002629	CHIFNET14NJ214_002180-T1	DBVPG3775_006997-T1
GF00002630	CHIFNET14NJ214_004671-T1	DBVPG3775_006996-T1
GF00002631	CHIFNET14NJ214_008875-T1	DBVPG3775_003378-T1
GF00002632	CHIFNET14NJ214_002182-T1	DBVPG3775_006995-T1
GF00002633	CHIFNET14NJ214_002183-T1	DBVPG3775_006994-T1
GF00002634	CHIFNET14NJ214_011456-T1	DBVPG3775_006992-T1
GF00002635	CHIFNET14NJ214_002186-T1	DBVPG3775_006991-T1
GF00002636	CHIFNET14NJ214_002187-T1	DBVPG3775_006990-T1
GF00002637	CHIFNET14NJ214_002188-T1	DBVPG3775_006989-T1
GF00002638	CHIFNET14NJ214_011451-T1	DBVPG3775_006987-T1
GF00002639	CHIFNET14NJ214_002191-T1	DBVPG3775_006986-T1
GF00002640	CHIFNET14NJ214_002193-T1	DBVPG3775_006983-T1
GF00002641	CHIFNET14NJ214_002195-T1	DBVPG3775_006981-T1
GF00002642	CHIFNET14NJ214_008009-T1	DBVPG3775_003579-T1
GF00002643	CHIFNET14NJ214_008010-T1	DBVPG3775_003580-T1
GF00002644	CHIFNET14NJ214_002203-T1	DBVPG3775_002119-T1
GF00002645	CHIFNET14NJ214_002205-T1	DBVPG3775_002117-T1
GF00002646	CHIFNET14NJ214_002206-T1	DBVPG3775_002116-T1
GF00002647	CHIFNET14NJ214_002208-T1	DBVPG3775_002114-T1
GF00002648	CHIFNET14NJ214_002211-T1	DBVPG3775_002109-T1
GF00002649	CHIFNET14NJ214_011542-T1	DBVPG3775_002108-T1
GF00002650	CHIFNET14NJ214_011541-T1	DBVPG3775_002107-T1
GF00002651	CHIFNET14NJ214_013766-T1	DBVPG3775_002105-T1
GF00002652	CHIFNET14NJ214_002220-T1	DBVPG3775_002099-T1
GF00002653	CHIFNET14NJ214_002221-T1	DBVPG3775_002098-T1
GF00002654	CHIFNET14NJ214_002222-T1	DBVPG3775_002097-T1
GF00002655	CHIFNET14NJ214_005305-T1	DBVPG3775_002092-T1
GF00002656	CHIFNET14NJ214_002227-T1	DBVPG3775_002091-T1
GF00002657	CHIFNET14NJ214_005308-T1	DBVPG3775_002089-T1
GF00002658	CHIFNET14NJ214_005309-T1	DBVPG3775_002088-T1
GF00002659	CHIFNET14NJ214_002231-T1	DBVPG3775_002087-T1
GF00002660	CHIFNET14NJ214_002232-T1	DBVPG3775_002086-T1
GF00002661	CHIFNET14NJ214_002238-T1	DBVPG3775_006899-T1
GF00002662	CHIFNET14NJ214_002239-T1	DBVPG3775_006900-T1
GF00002663	CHIFNET14NJ214_002240-T1	DBVPG3775_006815-T1
GF00002664	CHIFNET14NJ214_002241-T1	DBVPG3775_006816-T1
GF00002665	CHIFNET14NJ214_005249-T1	DBVPG3775_006817-T1
GF00002666	CHIFNET14NJ214_002244-T1	DBVPG3775_006819-T1
GF00002667	CHIFNET14NJ214_008305-T1	DBVPG3775_006820-T1
GF00002668	CHIFNET14NJ214_002248-T1	DBVPG3775_006823-T1
GF00002669	CHIFNET14NJ214_002249-T1	DBVPG3775_006824-T1
GF00002670	CHIFNET14NJ214_010382-T1	DBVPG3775_006834-T1
GF00002671	CHIFNET14NJ214_002256-T1	DBVPG3775_006835-T1
GF00002672	CHIFNET14NJ214_013176-T1	DBVPG3775_006839-T1
GF00002673	CHIFNET14NJ214_002260-T1	DBVPG3775_006840-T1
GF00002674	CHIFNET14NJ214_012826-T1	DBVPG3775_002021-T1
GF00002675	CHIFNET14NJ214_002271-T1	DBVPG3775_002019-T1
GF00002676	CHIFNET14NJ214_002277-T1	DBVPG3775_002013-T1
GF00002677	CHIFNET14NJ214_004562-T1	DBVPG3775_002011-T1
GF00002678	CHIFNET14NJ214_004567-T1	DBVPG3775_002005-T1
GF00002679	CHIFNET14NJ214_002288-T1	DBVPG3775_002001-T1
GF00002680	CHIFNET14NJ214_004574-T1	DBVPG3775_001997-T1
GF00002681	CHIFNET14NJ214_004576-T1	DBVPG3775_001994-T1
GF00002682	CHIFNET14NJ214_002297-T1	DBVPG3775_001992-T1
GF00002683	CHIFNET14NJ214_002306-T1	DBVPG3775_005681-T1
GF00002684	CHIFNET14NJ214_005764-T1	DBVPG3775_005682-T1
GF00002685	CHIFNET14NJ214_005765-T1	DBVPG3775_005683-T1
GF00002686	CHIFNET14NJ214_002309-T1	DBVPG3775_005684-T1
GF00002687	CHIFNET14NJ214_005767-T1	DBVPG3775_005685-T1
GF00002688	CHIFNET14NJ214_005768-T1	DBVPG3775_005686-T1
GF00002689	CHIFNET14NJ214_002312-T1	DBVPG3775_005687-T1
GF00002690	CHIFNET14NJ214_005770-T1	DBVPG3775_005688-T1
GF00002691	CHIFNET14NJ214_002314-T1	DBVPG3775_005690-T1
GF00002692	CHIFNET14NJ214_005776-T1	DBVPG3775_005694-T1
GF00002693	CHIFNET14NJ214_002319-T1	DBVPG3775_005696-T1
GF00002694	CHIFNET14NJ214_002320-T1	DBVPG3775_005697-T1
GF00002695	CHIFNET14NJ214_002321-T1	DBVPG3775_005698-T1
GF00002696	CHIFNET14NJ214_005780-T1	DBVPG3775_005699-T1
GF00002697	CHIFNET14NJ214_002323-T1	DBVPG3775_005700-T1
GF00002698	CHIFNET14NJ214_002327-T1	DBVPG3775_005704-T1
GF00002699	CHIFNET14NJ214_011322-T1	DBVPG3775_005707-T1
GF00002700	CHIFNET14NJ214_002332-T1	DBVPG3775_005708-T1
GF00002701	CHIFNET14NJ214_002333-T1	DBVPG3775_005709-T1
GF00002702	CHIFNET14NJ214_011328-T1	DBVPG3775_005716-T1
GF00002703	CHIFNET14NJ214_010503-T1	DBVPG3775_005718-T1
GF00002704	CHIFNET14NJ214_010502-T1	DBVPG3775_005719-T1
GF00002705	CHIFNET14NJ214_009060-T1	DBVPG3775_000018-T1
GF00002706	CHIFNET14NJ214_002348-T1	DBVPG3775_000016-T1
GF00002707	CHIFNET14NJ214_002350-T1	DBVPG3775_000014-T1
GF00002708	CHIFNET14NJ214_002351-T1	DBVPG3775_000013-T1
GF00002709	CHIFNET14NJ214_002352-T1	DBVPG3775_000012-T1
GF00002710	CHIFNET14NJ214_002354-T1	DBVPG3775_007308-T1
GF00002711	CHIFNET14NJ214_007763-T1	DBVPG3775_007310-T1
GF00002712	CHIFNET14NJ214_007765-T1	DBVPG3775_007312-T1
GF00002713	CHIFNET14NJ214_002359-T1	DBVPG3775_007313-T1
GF00002714	CHIFNET14NJ214_007767-T1	DBVPG3775_007315-T1
GF00002715	CHIFNET14NJ214_002361-T1	DBVPG3775_007316-T1
GF00002716	CHIFNET14NJ214_007769-T1	DBVPG3775_007317-T1
GF00002717	CHIFNET14NJ214_007770-T1	DBVPG3775_007318-T1
GF00002718	CHIFNET14NJ214_002365-T1	DBVPG3775_007320-T1
GF00002719	CHIFNET14NJ214_002366-T1	DBVPG3775_007321-T1
GF00002720	CHIFNET14NJ214_007774-T1	DBVPG3775_007322-T1
GF00002721	CHIFNET14NJ214_007775-T1	DBVPG3775_007323-T1
GF00002722	CHIFNET14NJ214_002371-T1	DBVPG3775_000002-T1
GF00002723	CHIFNET14NJ214_013298-T1	DBVPG3775_004832-T1
GF00002724	CHIFNET14NJ214_002377-T1	DBVPG3775_004834-T1
GF00002725	CHIFNET14NJ214_010177-T1	DBVPG3775_004836-T1
GF00002726	CHIFNET14NJ214_002380-T1	DBVPG3775_004837-T1
GF00002727	CHIFNET14NJ214_002381-T1	DBVPG3775_004838-T1
GF00002728	CHIFNET14NJ214_010174-T1	DBVPG3775_004839-T1
GF00002729	CHIFNET14NJ214_010173-T1	DBVPG3775_004840-T1
GF00002730	CHIFNET14NJ214_002384-T1	DBVPG3775_004841-T1
GF00002731	CHIFNET14NJ214_002419-T1	DBVPG3775_003021-T1
GF00002732	CHIFNET14NJ214_002420-T1	DBVPG3775_003022-T1
GF00002733	CHIFNET14NJ214_002423-T1	DBVPG3775_003025-T1
GF00002734	CHIFNET14NJ214_003749-T1	DBVPG3775_002676-T1
GF00002735	CHIFNET14NJ214_002428-T1	DBVPG3775_003029-T1
GF00002736	CHIFNET14NJ214_008833-T1	DBVPG3775_003030-T1
GF00002737	CHIFNET14NJ214_008834-T1	DBVPG3775_003031-T1
GF00002738	CHIFNET14NJ214_002431-T1	DBVPG3775_003032-T1
GF00002739	CHIFNET14NJ214_008836-T1	DBVPG3775_003033-T1
GF00002740	CHIFNET14NJ214_002436-T1	DBVPG3775_003037-T1
GF00002741	CHIFNET14NJ214_008841-T1	DBVPG3775_003041-T1
GF00002742	CHIFNET14NJ214_002440-T1	DBVPG3775_003042-T1
GF00002743	CHIFNET14NJ214_002441-T1	DBVPG3775_003043-T1
GF00002744	CHIFNET14NJ214_002442-T1	DBVPG3775_003044-T1
GF00002745	CHIFNET14NJ214_013840-T1	DBVPG3775_000680-T1
GF00002746	CHIFNET14NJ214_002448-T1	DBVPG3775_007106-T1
GF00002747	CHIFNET14NJ214_008038-T1	DBVPG3775_007107-T1
GF00002748	CHIFNET14NJ214_008039-T1	DBVPG3775_007108-T1
GF00002749	CHIFNET14NJ214_002451-T1	DBVPG3775_007109-T1
GF00002750	CHIFNET14NJ214_002454-T1	DBVPG3775_007113-T1
GF00002751	CHIFNET14NJ214_002455-T1	DBVPG3775_007114-T1
GF00002752	CHIFNET14NJ214_008045-T1	DBVPG3775_007115-T1
GF00002753	CHIFNET14NJ214_002457-T1	DBVPG3775_007116-T1
GF00002754	CHIFNET14NJ214_002458-T1	DBVPG3775_007117-T1
GF00002755	CHIFNET14NJ214_002459-T1	DBVPG3775_007118-T1
GF00002756	CHIFNET14NJ214_008050-T1	DBVPG3775_007120-T1
GF00002757	CHIFNET14NJ214_002462-T1	DBVPG3775_007121-T1
GF00002758	CHIFNET14NJ214_013192-T1	DBVPG3775_007124-T1
GF00002759	CHIFNET14NJ214_002470-T1	DBVPG3775_003824-T1
GF00002760	CHIFNET14NJ214_006085-T1	DBVPG3775_003825-T1
GF00002761	CHIFNET14NJ214_006086-T1	DBVPG3775_003826-T1
GF00002762	CHIFNET14NJ214_006087-T1	DBVPG3775_003827-T1
GF00002763	CHIFNET14NJ214_002474-T1	DBVPG3775_003828-T1
GF00002764	CHIFNET14NJ214_006089-T1	DBVPG3775_003829-T1
GF00002765	CHIFNET14NJ214_006090-T1	DBVPG3775_003830-T1
GF00002766	CHIFNET14NJ214_002477-T1	DBVPG3775_003831-T1
GF00002767	CHIFNET14NJ214_002480-T1	DBVPG3775_003833-T1
GF00002768	CHIFNET14NJ214_002482-T1	DBVPG3775_003835-T1
GF00002769	CHIFNET14NJ214_002489-T1	DBVPG3775_003333-T1
GF00002770	CHIFNET14NJ214_012528-T1	DBVPG3775_003334-T1
GF00002771	CHIFNET14NJ214_002491-T1	DBVPG3775_003336-T1
GF00002772	CHIFNET14NJ214_002492-T1	DBVPG3775_003337-T1
GF00002773	CHIFNET14NJ214_013518-T1	DBVPG3775_003342-T1
GF00002774	CHIFNET14NJ214_009975-T1	DBVPG3775_003152-T1
GF00002775	CHIFNET14NJ214_002498-T1	DBVPG3775_003346-T1
GF00002776	CHIFNET14NJ214_002499-T1	DBVPG3775_003347-T1
GF00002777	CHIFNET14NJ214_002500-T1	DBVPG3775_003349-T1
GF00002778	CHIFNET14NJ214_007566-T1	DBVPG3775_003350-T1
GF00002779	CHIFNET14NJ214_007565-T1	DBVPG3775_003351-T1
GF00002780	CHIFNET14NJ214_007564-T1	DBVPG3775_003352-T1
GF00002781	CHIFNET14NJ214_007563-T1	DBVPG3775_003353-T1
GF00002782	CHIFNET14NJ214_007562-T1	DBVPG3775_003354-T1
GF00002783	CHIFNET14NJ214_007560-T1	DBVPG3775_003356-T1
GF00002784	CHIFNET14NJ214_002508-T1	DBVPG3775_003357-T1
GF00002785	CHIFNET14NJ214_008583-T1	DBVPG3775_005894-T1
GF00002786	CHIFNET14NJ214_007557-T1	DBVPG3775_003359-T1
GF00002787	CHIFNET14NJ214_002512-T1	DBVPG3775_003360-T1
GF00002788	CHIFNET14NJ214_002513-T1	DBVPG3775_003361-T1
GF00002789	CHIFNET14NJ214_002515-T1	DBVPG3775_001162-T1
GF00002790	CHIFNET14NJ214_002516-T1	DBVPG3775_001160-T1
GF00002791	CHIFNET14NJ214_002517-T1	DBVPG3775_001159-T1
GF00002792	CHIFNET14NJ214_005729-T1	DBVPG3775_001158-T1
GF00002793	CHIFNET14NJ214_002519-T1	DBVPG3775_001157-T1
GF00002794	CHIFNET14NJ214_002520-T1	DBVPG3775_001156-T1
GF00002795	CHIFNET14NJ214_005732-T1	DBVPG3775_001155-T1
GF00002796	CHIFNET14NJ214_002522-T1	DBVPG3775_001154-T1
GF00002797	CHIFNET14NJ214_005879-T1	DBVPG3775_001152-T1
GF00002798	CHIFNET14NJ214_002525-T1	DBVPG3775_001151-T1
GF00002799	CHIFNET14NJ214_002526-T1	DBVPG3775_001149-T1
GF00002800	CHIFNET14NJ214_002528-T1	DBVPG3775_001147-T1
GF00002801	CHIFNET14NJ214_002529-T1	DBVPG3775_001146-T1
GF00002802	CHIFNET14NJ214_002530-T1	DBVPG3775_001145-T1
GF00002803	CHIFNET14NJ214_005872-T1	DBVPG3775_001144-T1
GF00002804	CHIFNET14NJ214_005871-T1	DBVPG3775_001143-T1
GF00002805	CHIFNET14NJ214_002533-T1	DBVPG3775_001142-T1
GF00002806	CHIFNET14NJ214_005869-T1	DBVPG3775_001141-T1
GF00002807	CHIFNET14NJ214_002536-T1	DBVPG3775_001138-T1
GF00002808	CHIFNET14NJ214_002537-T1	DBVPG3775_001137-T1
GF00002809	CHIFNET14NJ214_002540-T1	DBVPG3775_001133-T1
GF00002810	CHIFNET14NJ214_002541-T1	DBVPG3775_001132-T1
GF00002811	CHIFNET14NJ214_005858-T1	DBVPG3775_001131-T1
GF00002812	CHIFNET14NJ214_002544-T1	DBVPG3775_001129-T1
GF00002813	CHIFNET14NJ214_006164-T1	DBVPG3775_001127-T1
GF00002814	CHIFNET14NJ214_008165-T1	DBVPG3775_007051-T1
GF00002815	CHIFNET14NJ214_008166-T1	DBVPG3775_007052-T1
GF00002816	CHIFNET14NJ214_008167-T1	DBVPG3775_007053-T1
GF00002817	CHIFNET14NJ214_008168-T1	DBVPG3775_007054-T1
GF00002818	CHIFNET14NJ214_002552-T1	DBVPG3775_007055-T1
GF00002819	CHIFNET14NJ214_002557-T1	DBVPG3775_007060-T1
GF00002820	CHIFNET14NJ214_002558-T1	DBVPG3775_007061-T1
GF00002821	CHIFNET14NJ214_002559-T1	DBVPG3775_007062-T1
GF00002822	CHIFNET14NJ214_002561-T1	DBVPG3775_007064-T1
GF00002823	CHIFNET14NJ214_008178-T1	DBVPG3775_007065-T1
GF00002824	CHIFNET14NJ214_008179-T1	DBVPG3775_007066-T1
GF00002825	CHIFNET14NJ214_002564-T1	DBVPG3775_007067-T1
GF00002826	CHIFNET14NJ214_002566-T1	DBVPG3775_007069-T1
GF00002827	CHIFNET14NJ214_013862-T1	DBVPG3775_007071-T1
GF00002828	CHIFNET14NJ214_002569-T1	DBVPG3775_007072-T1
GF00002829	CHIFNET14NJ214_013630-T1	DBVPG3775_007075-T1
GF00002830	CHIFNET14NJ214_013631-T1	DBVPG3775_007076-T1
GF00002831	CHIFNET14NJ214_011473-T1	DBVPG3775_007080-T1
GF00002832	CHIFNET14NJ214_002578-T1	DBVPG3775_007081-T1
GF00002833	CHIFNET14NJ214_011471-T1	DBVPG3775_007082-T1
GF00002834	CHIFNET14NJ214_002581-T1	DBVPG3775_007084-T1
GF00002835	CHIFNET14NJ214_002582-T1	DBVPG3775_007085-T1
GF00002836	CHIFNET14NJ214_002584-T1	DBVPG3775_007087-T1
GF00002837	CHIFNET14NJ214_002816-T1	DBVPG3775_004974-T1
GF00002838	CHIFNET14NJ214_002605-T1	DBVPG3775_004967-T1
GF00002839	CHIFNET14NJ214_002611-T1	DBVPG3775_006348-T1
GF00002840	CHIFNET14NJ214_002612-T1	DBVPG3775_006350-T1
GF00002841	CHIFNET14NJ214_014363-T1	DBVPG3775_006351-T1
GF00002842	CHIFNET14NJ214_013899-T1	DBVPG3775_006353-T1
GF00002843	CHIFNET14NJ214_002617-T1	DBVPG3775_006355-T1
GF00002844	CHIFNET14NJ214_011519-T1	DBVPG3775_006359-T1
GF00002845	CHIFNET14NJ214_011520-T1	DBVPG3775_006360-T1
GF00002846	CHIFNET14NJ214_011521-T1	DBVPG3775_006361-T1
GF00002847	CHIFNET14NJ214_002624-T1	DBVPG3775_006363-T1
GF00002848	CHIFNET14NJ214_002626-T1	DBVPG3775_006366-T1
GF00002849	CHIFNET14NJ214_010120-T1	DBVPG3775_006367-T1
GF00002850	CHIFNET14NJ214_010121-T1	DBVPG3775_006368-T1
GF00002851	CHIFNET14NJ214_002629-T1	DBVPG3775_006369-T1
GF00002852	CHIFNET14NJ214_002631-T1	DBVPG3775_006372-T1
GF00002853	CHIFNET14NJ214_002632-T1	DBVPG3775_006373-T1
GF00002854	CHIFNET14NJ214_004640-T1	DBVPG3775_003135-T1
GF00002855	CHIFNET14NJ214_002636-T1	DBVPG3775_006378-T1
GF00002856	CHIFNET14NJ214_002638-T1	DBVPG3775_006380-T1
GF00002857	CHIFNET14NJ214_002639-T1	DBVPG3775_006381-T1
GF00002858	CHIFNET14NJ214_012561-T1	DBVPG3775_006382-T1
GF00002859	CHIFNET14NJ214_002641-T1	DBVPG3775_006383-T1
GF00002860	CHIFNET14NJ214_012563-T1	DBVPG3775_006384-T1
GF00002861	CHIFNET14NJ214_002643-T1	DBVPG3775_006385-T1
GF00002862	CHIFNET14NJ214_002644-T1	DBVPG3775_006386-T1
GF00002863	CHIFNET14NJ214_012939-T1	DBVPG3775_006387-T1
GF00002864	CHIFNET14NJ214_010839-T1	DBVPG3775_006305-T1
GF00002865	CHIFNET14NJ214_002650-T1	DBVPG3775_006306-T1
GF00002866	CHIFNET14NJ214_010837-T1	DBVPG3775_006308-T1
GF00002867	CHIFNET14NJ214_010836-T1	DBVPG3775_006309-T1
GF00002868	CHIFNET14NJ214_002653-T1	DBVPG3775_006310-T1
GF00002869	CHIFNET14NJ214_002656-T1	DBVPG3775_006313-T1
GF00002870	CHIFNET14NJ214_002657-T1	DBVPG3775_006314-T1
GF00002871	CHIFNET14NJ214_002658-T1	DBVPG3775_006315-T1
GF00002872	CHIFNET14NJ214_002660-T1	DBVPG3775_006318-T1
GF00002873	CHIFNET14NJ214_002661-T1	DBVPG3775_006319-T1
GF00002874	CHIFNET14NJ214_012495-T1	DBVPG3775_006320-T1
GF00002875	CHIFNET14NJ214_012494-T1	DBVPG3775_006321-T1
GF00002876	CHIFNET14NJ214_002664-T1	DBVPG3775_006322-T1
GF00002877	CHIFNET14NJ214_002665-T1	DBVPG3775_006323-T1
GF00002878	CHIFNET14NJ214_008751-T1	DBVPG3775_006330-T1
GF00002879	CHIFNET14NJ214_008755-T1	DBVPG3775_006334-T1
GF00002880	CHIFNET14NJ214_011588-T1	DBVPG3775_006653-T1
GF00002881	CHIFNET14NJ214_002704-T1	DBVPG3775_006651-T1
GF00002882	CHIFNET14NJ214_003751-T1	DBVPG3775_002674-T1
GF00002883	CHIFNET14NJ214_010828-T1	DBVPG3775_007547-T1
GF00002884	CHIFNET14NJ214_010825-T1	DBVPG3775_007516-T1
GF00002885	CHIFNET14NJ214_002716-T1	DBVPG3775_007515-T1
GF00002886	CHIFNET14NJ214_002718-T1	DBVPG3775_007513-T1
GF00002887	CHIFNET14NJ214_002721-T1	DBVPG3775_007509-T1
GF00002888	CHIFNET14NJ214_004656-T1	DBVPG3775_007508-T1
GF00002889	CHIFNET14NJ214_004659-T1	DBVPG3775_007009-T1
GF00002890	CHIFNET14NJ214_008810-T1	DBVPG3775_003098-T1
GF00002891	CHIFNET14NJ214_002728-T1	DBVPG3775_002053-T1
GF00002892	CHIFNET14NJ214_002729-T1	DBVPG3775_002052-T1
GF00002893	CHIFNET14NJ214_002730-T1	DBVPG3775_002051-T1
GF00002894	CHIFNET14NJ214_007008-T1	DBVPG3775_002050-T1
GF00002895	CHIFNET14NJ214_007006-T1	DBVPG3775_002048-T1
GF00002896	CHIFNET14NJ214_007005-T1	DBVPG3775_002047-T1
GF00002897	CHIFNET14NJ214_006999-T1	DBVPG3775_002041-T1
GF00002898	CHIFNET14NJ214_002741-T1	DBVPG3775_002040-T1
GF00002899	CHIFNET14NJ214_005627-T1	DBVPG3775_007421-T1
GF00002900	CHIFNET14NJ214_002783-T1	DBVPG3775_006399-T1
GF00002901	CHIFNET14NJ214_008669-T1	DBVPG3775_002034-T1
GF00002902	CHIFNET14NJ214_002748-T1	DBVPG3775_002033-T1
GF00002903	CHIFNET14NJ214_008665-T1	DBVPG3775_002030-T1
GF00002904	CHIFNET14NJ214_008664-T1	DBVPG3775_002029-T1
GF00002905	CHIFNET14NJ214_002754-T1	DBVPG3775_002027-T1
GF00002906	CHIFNET14NJ214_008661-T1	DBVPG3775_002026-T1
GF00002907	CHIFNET14NJ214_002756-T1	DBVPG3775_002025-T1
GF00002908	CHIFNET14NJ214_002765-T1	DBVPG3775_006064-T1
GF00002909	CHIFNET14NJ214_002766-T1	DBVPG3775_006065-T1
GF00002910	CHIFNET14NJ214_002767-T1	DBVPG3775_006066-T1
GF00002911	CHIFNET14NJ214_002768-T1	DBVPG3775_006067-T1
GF00002912	CHIFNET14NJ214_004841-T1	DBVPG3775_006068-T1
GF00002913	CHIFNET14NJ214_002770-T1	DBVPG3775_006069-T1
GF00002914	CHIFNET14NJ214_002771-T1	DBVPG3775_006070-T1
GF00002915	CHIFNET14NJ214_004838-T1	DBVPG3775_006071-T1
GF00002916	CHIFNET14NJ214_002773-T1	DBVPG3775_006072-T1
GF00002917	CHIFNET14NJ214_004836-T1	DBVPG3775_006073-T1
GF00002918	CHIFNET14NJ214_002775-T1	DBVPG3775_006074-T1
GF00002919	CHIFNET14NJ214_002776-T1	DBVPG3775_006075-T1
GF00002920	CHIFNET14NJ214_002778-T1	DBVPG3775_006077-T1
GF00002921	CHIFNET14NJ214_002779-T1	DBVPG3775_006078-T1
GF00002922	CHIFNET14NJ214_002780-T1	DBVPG3775_006081-T1
GF00002923	CHIFNET14NJ214_007720-T1	DBVPG3775_006401-T1
GF00002924	CHIFNET14NJ214_002784-T1	DBVPG3775_006398-T1
GF00002925	CHIFNET14NJ214_002788-T1	DBVPG3775_006395-T1
GF00002926	CHIFNET14NJ214_002789-T1	DBVPG3775_006394-T1
GF00002927	CHIFNET14NJ214_002790-T1	DBVPG3775_006393-T1
GF00002928	CHIFNET14NJ214_007729-T1	DBVPG3775_006392-T1
GF00002929	CHIFNET14NJ214_002792-T1	DBVPG3775_006391-T1
GF00002930	CHIFNET14NJ214_007353-T1	DBVPG3775_004062-T1
GF00002931	CHIFNET14NJ214_002796-T1	DBVPG3775_004063-T1
GF00002932	CHIFNET14NJ214_002797-T1	DBVPG3775_004064-T1
GF00002933	CHIFNET14NJ214_007348-T1	DBVPG3775_004067-T1
GF00002934	CHIFNET14NJ214_007347-T1	DBVPG3775_004068-T1
GF00002935	CHIFNET14NJ214_002801-T1	DBVPG3775_004069-T1
GF00002936	CHIFNET14NJ214_002802-T1	DBVPG3775_004070-T1
GF00002937	CHIFNET14NJ214_002803-T1	DBVPG3775_004071-T1
GF00002938	CHIFNET14NJ214_007341-T1	DBVPG3775_004075-T1
GF00002939	CHIFNET14NJ214_002807-T1	DBVPG3775_004076-T1
GF00002940	CHIFNET14NJ214_002808-T1	DBVPG3775_004077-T1
GF00002941	CHIFNET14NJ214_002809-T1	DBVPG3775_004078-T1
GF00002942	CHIFNET14NJ214_002813-T1	DBVPG3775_004094-T1
GF00002943	CHIFNET14NJ214_006033-T1	DBVPG3775_004960-T1
GF00002944	CHIFNET14NJ214_006028-T1	DBVPG3775_004955-T1
GF00002945	CHIFNET14NJ214_002827-T1	DBVPG3775_004953-T1
GF00002946	CHIFNET14NJ214_002828-T1	DBVPG3775_004952-T1
GF00002947	CHIFNET14NJ214_006023-T1	DBVPG3775_004949-T1
GF00002948	CHIFNET14NJ214_002831-T1	DBVPG3775_004948-T1
GF00002949	CHIFNET14NJ214_002832-T1	DBVPG3775_004946-T1
GF00002950	CHIFNET14NJ214_002833-T1	DBVPG3775_004945-T1
GF00002951	CHIFNET14NJ214_002834-T1	DBVPG3775_002445-T1
GF00002952	CHIFNET14NJ214_005217-T1	DBVPG3775_002442-T1
GF00002953	CHIFNET14NJ214_002838-T1	DBVPG3775_002441-T1
GF00002954	CHIFNET14NJ214_005215-T1	DBVPG3775_002440-T1
GF00002955	CHIFNET14NJ214_002840-T1	DBVPG3775_002439-T1
GF00002956	CHIFNET14NJ214_005212-T1	DBVPG3775_002436-T1
GF00002957	CHIFNET14NJ214_011555-T1	DBVPG3775_002433-T1
GF00002958	CHIFNET14NJ214_011554-T1	DBVPG3775_002431-T1
GF00002959	CHIFNET14NJ214_002848-T1	DBVPG3775_002430-T1
GF00002960	CHIFNET14NJ214_002849-T1	DBVPG3775_002429-T1
GF00002961	CHIFNET14NJ214_002851-T1	DBVPG3775_002426-T1
GF00002962	CHIFNET14NJ214_012201-T1	DBVPG3775_002421-T1
GF00002963	CHIFNET14NJ214_002858-T1	DBVPG3775_002419-T1
GF00002964	CHIFNET14NJ214_012198-T1	DBVPG3775_002418-T1
GF00002965	CHIFNET14NJ214_002860-T1	DBVPG3775_002417-T1
GF00002966	CHIFNET14NJ214_002861-T1	DBVPG3775_002416-T1
GF00002967	CHIFNET14NJ214_002862-T1	DBVPG3775_003266-T1
GF00002968	CHIFNET14NJ214_008447-T1	DBVPG3775_003265-T1
GF00002969	CHIFNET14NJ214_002864-T1	DBVPG3775_003264-T1
GF00002970	CHIFNET14NJ214_002865-T1	DBVPG3775_006513-T1
GF00002971	CHIFNET14NJ214_002866-T1	DBVPG3775_006516-T1
GF00002972	CHIFNET14NJ214_002867-T1	DBVPG3775_006517-T1
GF00002973	CHIFNET14NJ214_007477-T1	DBVPG3775_006521-T1
GF00002974	CHIFNET14NJ214_002871-T1	DBVPG3775_006522-T1
GF00002975	CHIFNET14NJ214_002880-T1	DBVPG3775_006532-T1
GF00002976	CHIFNET14NJ214_007325-T1	DBVPG3775_006533-T1
GF00002977	CHIFNET14NJ214_002883-T1	DBVPG3775_006536-T1
GF00002978	CHIFNET14NJ214_007321-T1	DBVPG3775_006537-T1
GF00002979	CHIFNET14NJ214_003867-T1	DBVPG3775_005279-T1
GF00002980	CHIFNET14NJ214_002890-T1	DBVPG3775_005280-T1
GF00002981	CHIFNET14NJ214_002891-T1	DBVPG3775_005281-T1
GF00002982	CHIFNET14NJ214_002892-T1	DBVPG3775_005282-T1
GF00002983	CHIFNET14NJ214_003871-T1	DBVPG3775_005283-T1
GF00002984	CHIFNET14NJ214_002894-T1	DBVPG3775_005285-T1
GF00002985	CHIFNET14NJ214_002895-T1	DBVPG3775_005286-T1
GF00002986	CHIFNET14NJ214_002896-T1	DBVPG3775_005287-T1
GF00002987	CHIFNET14NJ214_002897-T1	DBVPG3775_005288-T1
GF00002988	CHIFNET14NJ214_002899-T1	DBVPG3775_005290-T1
GF00002989	CHIFNET14NJ214_003879-T1	DBVPG3775_005291-T1
GF00002990	CHIFNET14NJ214_002901-T1	DBVPG3775_005292-T1
GF00002991	CHIFNET14NJ214_002904-T1	DBVPG3775_005297-T1
GF00002992	CHIFNET14NJ214_002905-T1	DBVPG3775_005298-T1
GF00002993	CHIFNET14NJ214_002906-T1	DBVPG3775_005299-T1
GF00002994	CHIFNET14NJ214_002907-T1	DBVPG3775_005301-T1
GF00002995	CHIFNET14NJ214_003888-T1	DBVPG3775_005302-T1
GF00002996	CHIFNET14NJ214_003890-T1	DBVPG3775_005304-T1
GF00002997	CHIFNET14NJ214_002911-T1	DBVPG3775_005305-T1
GF00002998	CHIFNET14NJ214_002914-T1	DBVPG3775_005308-T1
GF00002999	CHIFNET14NJ214_013486-T1	DBVPG3775_005309-T1
GF00003000	CHIFNET14NJ214_002916-T1	DBVPG3775_005310-T1
GF00003001	CHIFNET14NJ214_002919-T1	DBVPG3775_007386-T1
GF00003002	CHIFNET14NJ214_013739-T1	DBVPG3775_007387-T1
GF00003003	CHIFNET14NJ214_014288-T1	DBVPG3775_007390-T1
GF00003004	CHIFNET14NJ214_002924-T1	DBVPG3775_007391-T1
GF00003005	CHIFNET14NJ214_002925-T1	DBVPG3775_007392-T1
GF00003006	CHIFNET14NJ214_011874-T1	DBVPG3775_007201-T1
GF00003007	CHIFNET14NJ214_011872-T1	DBVPG3775_007204-T1
GF00003008	CHIFNET14NJ214_011156-T1	DBVPG3775_007206-T1
GF00003009	CHIFNET14NJ214_011160-T1	DBVPG3775_007211-T1
GF00003010	CHIFNET14NJ214_011161-T1	DBVPG3775_007212-T1
GF00003011	CHIFNET14NJ214_002940-T1	DBVPG3775_007213-T1
GF00003012	CHIFNET14NJ214_002941-T1	DBVPG3775_007214-T1
GF00003013	CHIFNET14NJ214_011164-T1	DBVPG3775_007215-T1
GF00003014	CHIFNET14NJ214_007398-T1	DBVPG3775_000618-T1
GF00003015	CHIFNET14NJ214_002955-T1	DBVPG3775_000617-T1
GF00003016	CHIFNET14NJ214_007396-T1	DBVPG3775_000616-T1
GF00003017	CHIFNET14NJ214_010706-T1	DBVPG3775_000612-T1
GF00003018	CHIFNET14NJ214_010707-T1	DBVPG3775_000611-T1
GF00003019	CHIFNET14NJ214_002961-T1	DBVPG3775_000610-T1
GF00003020	CHIFNET14NJ214_002964-T1	DBVPG3775_000607-T1
GF00003021	CHIFNET14NJ214_002968-T1	DBVPG3775_000657-T1
GF00003022	CHIFNET14NJ214_002969-T1	DBVPG3775_000658-T1
GF00003023	CHIFNET14NJ214_002971-T1	DBVPG3775_000660-T1
GF00003024	CHIFNET14NJ214_011368-T1	DBVPG3775_000662-T1
GF00003025	CHIFNET14NJ214_011369-T1	DBVPG3775_000663-T1
GF00003026	CHIFNET14NJ214_008702-T1	DBVPG3775_004430-T1
GF00003027	CHIFNET14NJ214_011855-T1	DBVPG3775_004431-T1
GF00003028	CHIFNET14NJ214_011856-T1	DBVPG3775_004432-T1
GF00003029	CHIFNET14NJ214_002981-T1	DBVPG3775_004433-T1
GF00003030	CHIFNET14NJ214_011858-T1	DBVPG3775_004434-T1
GF00003031	CHIFNET14NJ214_002984-T1	DBVPG3775_004437-T1
GF00003032	CHIFNET14NJ214_011861-T1	DBVPG3775_004438-T1
GF00003033	CHIFNET14NJ214_002986-T1	DBVPG3775_004439-T1
GF00003034	CHIFNET14NJ214_012886-T1	DBVPG3775_004445-T1
GF00003035	CHIFNET14NJ214_002992-T1	DBVPG3775_004446-T1
GF00003036	CHIFNET14NJ214_002993-T1	DBVPG3775_004447-T1
GF00003037	CHIFNET14NJ214_002994-T1	DBVPG3775_004448-T1
GF00003038	CHIFNET14NJ214_007665-T1	DBVPG3775_004451-T1
GF00003039	CHIFNET14NJ214_002999-T1	DBVPG3775_004456-T1
GF00003040	CHIFNET14NJ214_003000-T1	DBVPG3775_004457-T1
GF00003041	CHIFNET14NJ214_003001-T1	DBVPG3775_004458-T1
GF00003042	CHIFNET14NJ214_007673-T1	DBVPG3775_004460-T1
GF00003043	CHIFNET14NJ214_003004-T1	DBVPG3775_004461-T1
GF00003044	CHIFNET14NJ214_003006-T1	DBVPG3775_004463-T1
GF00003045	CHIFNET14NJ214_003043-T1	DBVPG3775_003849-T1
GF00003046	CHIFNET14NJ214_003044-T1	DBVPG3775_003850-T1
GF00003047	CHIFNET14NJ214_003047-T1	DBVPG3775_003854-T1
GF00003048	CHIFNET14NJ214_003050-T1	DBVPG3775_003857-T1
GF00003049	CHIFNET14NJ214_003051-T1	DBVPG3775_003858-T1
GF00003050	CHIFNET14NJ214_003052-T1	DBVPG3775_003859-T1
GF00003051	CHIFNET14NJ214_003762-T1	DBVPG3775_003860-T1
GF00003052	CHIFNET14NJ214_003766-T1	DBVPG3775_003864-T1
GF00003053	CHIFNET14NJ214_003768-T1	DBVPG3775_003866-T1
GF00003054	CHIFNET14NJ214_003061-T1	DBVPG3775_003869-T1
GF00003055	CHIFNET14NJ214_003771-T1	DBVPG3775_003870-T1
GF00003056	CHIFNET14NJ214_003772-T1	DBVPG3775_003872-T1
GF00003057	CHIFNET14NJ214_003773-T1	DBVPG3775_003873-T1
GF00003058	CHIFNET14NJ214_003065-T1	DBVPG3775_003874-T1
GF00003059	CHIFNET14NJ214_003776-T1	DBVPG3775_003875-T1
GF00003060	CHIFNET14NJ214_003067-T1	DBVPG3775_003876-T1
GF00003061	CHIFNET14NJ214_003070-T1	DBVPG3775_003879-T1
GF00003062	CHIFNET14NJ214_003072-T1	DBVPG3775_006183-T1
GF00003063	CHIFNET14NJ214_003073-T1	DBVPG3775_006184-T1
GF00003064	CHIFNET14NJ214_012890-T1	DBVPG3775_006186-T1
GF00003065	CHIFNET14NJ214_003076-T1	DBVPG3775_006187-T1
GF00003066	CHIFNET14NJ214_012893-T1	DBVPG3775_006190-T1
GF00003067	CHIFNET14NJ214_012894-T1	DBVPG3775_006191-T1
GF00003068	CHIFNET14NJ214_003079-T1	DBVPG3775_006192-T1
GF00003069	CHIFNET14NJ214_003081-T1	DBVPG3775_006194-T1
GF00003070	CHIFNET14NJ214_013750-T1	DBVPG3775_006195-T1
GF00003071	CHIFNET14NJ214_013749-T1	DBVPG3775_006196-T1
GF00003072	CHIFNET14NJ214_003084-T1	DBVPG3775_006197-T1
GF00003073	CHIFNET14NJ214_003085-T1	DBVPG3775_006198-T1
GF00003074	CHIFNET14NJ214_003086-T1	DBVPG3775_006199-T1
GF00003075	CHIFNET14NJ214_004896-T1	DBVPG3775_006202-T1
GF00003076	CHIFNET14NJ214_004895-T1	DBVPG3775_006203-T1
GF00003077	CHIFNET14NJ214_004894-T1	DBVPG3775_006205-T1
GF00003078	CHIFNET14NJ214_003094-T1	DBVPG3775_006211-T1
GF00003079	CHIFNET14NJ214_003096-T1	DBVPG3775_006213-T1
GF00003080	CHIFNET14NJ214_003097-T1	DBVPG3775_006214-T1
GF00003081	CHIFNET14NJ214_003098-T1	DBVPG3775_006215-T1
GF00003082	CHIFNET14NJ214_003138-T1	DBVPG3775_007462-T1
GF00003083	CHIFNET14NJ214_003139-T1	DBVPG3775_007461-T1
GF00003084	CHIFNET14NJ214_003140-T1	DBVPG3775_007460-T1
GF00003085	CHIFNET14NJ214_003142-T1	DBVPG3775_007457-T1
GF00003086	CHIFNET14NJ214_003143-T1	DBVPG3775_007456-T1
GF00003087	CHIFNET14NJ214_003147-T1	DBVPG3775_007453-T1
GF00003088	CHIFNET14NJ214_003796-T1	DBVPG3775_007450-T1
GF00003089	CHIFNET14NJ214_003154-T1	DBVPG3775_007361-T1
GF00003090	CHIFNET14NJ214_003157-T1	DBVPG3775_007358-T1
GF00003091	CHIFNET14NJ214_003785-T1	DBVPG3775_007357-T1
GF00003092	CHIFNET14NJ214_003160-T1	DBVPG3775_007356-T1
GF00003093	CHIFNET14NJ214_003783-T1	DBVPG3775_007355-T1
GF00003094	CHIFNET14NJ214_003165-T1	DBVPG3775_006505-T1
GF00003095	CHIFNET14NJ214_009877-T1	DBVPG3775_006504-T1
GF00003096	CHIFNET14NJ214_003170-T1	DBVPG3775_006498-T1
GF00003097	CHIFNET14NJ214_003171-T1	DBVPG3775_006497-T1
GF00003098	CHIFNET14NJ214_009927-T1	DBVPG3775_006496-T1
GF00003099	CHIFNET14NJ214_003175-T1	DBVPG3775_006494-T1
GF00003100	CHIFNET14NJ214_003177-T1	DBVPG3775_006492-T1
GF00003101	CHIFNET14NJ214_008787-T1	DBVPG3775_006491-T1
GF00003102	CHIFNET14NJ214_003181-T1	DBVPG3775_006487-T1
GF00003103	CHIFNET14NJ214_008792-T1	DBVPG3775_006486-T1
GF00003104	CHIFNET14NJ214_013379-T1	DBVPG3775_004712-T1
GF00003105	CHIFNET14NJ214_008794-T1	DBVPG3775_006484-T1
GF00003106	CHIFNET14NJ214_003185-T1	DBVPG3775_006483-T1
GF00003107	CHIFNET14NJ214_010152-T1	DBVPG3775_006482-T1
GF00003108	CHIFNET14NJ214_010153-T1	DBVPG3775_006481-T1
GF00003109	CHIFNET14NJ214_003188-T1	DBVPG3775_006480-T1
GF00003110	CHIFNET14NJ214_003191-T1	DBVPG3775_004290-T1
GF00003111	CHIFNET14NJ214_013068-T1	DBVPG3775_004291-T1
GF00003112	CHIFNET14NJ214_013067-T1	DBVPG3775_004292-T1
GF00003113	CHIFNET14NJ214_013065-T1	DBVPG3775_004295-T1
GF00003114	CHIFNET14NJ214_003197-T1	DBVPG3775_004297-T1
GF00003115	CHIFNET14NJ214_003200-T1	DBVPG3775_004301-T1
GF00003116	CHIFNET14NJ214_009799-T1	DBVPG3775_004302-T1
GF00003117	CHIFNET14NJ214_003202-T1	DBVPG3775_004303-T1
GF00003118	CHIFNET14NJ214_003203-T1	DBVPG3775_004304-T1
GF00003119	CHIFNET14NJ214_009796-T1	DBVPG3775_004305-T1
GF00003120	CHIFNET14NJ214_003206-T1	DBVPG3775_004307-T1
GF00003121	CHIFNET14NJ214_003209-T1	DBVPG3775_004310-T1
GF00003122	CHIFNET14NJ214_011331-T1	DBVPG3775_004312-T1
GF00003123	CHIFNET14NJ214_003212-T1	DBVPG3775_004313-T1
GF00003124	CHIFNET14NJ214_011333-T1	DBVPG3775_004314-T1
GF00003125	CHIFNET14NJ214_011334-T1	DBVPG3775_004315-T1
GF00003126	CHIFNET14NJ214_003215-T1	DBVPG3775_004316-T1
GF00003127	CHIFNET14NJ214_003216-T1	DBVPG3775_004317-T1
GF00003128	CHIFNET14NJ214_013452-T1	DBVPG3775_004321-T1
GF00003129	CHIFNET14NJ214_003224-T1	DBVPG3775_002389-T1
GF00003130	CHIFNET14NJ214_003225-T1	DBVPG3775_002390-T1
GF00003131	CHIFNET14NJ214_005849-T1	DBVPG3775_002391-T1
GF00003132	CHIFNET14NJ214_003229-T1	DBVPG3775_002395-T1
GF00003133	CHIFNET14NJ214_003230-T1	DBVPG3775_002396-T1
GF00003134	CHIFNET14NJ214_003233-T1	DBVPG3775_002398-T1
GF00003135	CHIFNET14NJ214_003234-T1	DBVPG3775_002399-T1
GF00003136	CHIFNET14NJ214_003235-T1	DBVPG3775_002400-T1
GF00003137	CHIFNET14NJ214_003236-T1	DBVPG3775_002401-T1
GF00003138	CHIFNET14NJ214_003237-T1	DBVPG3775_002402-T1
GF00003139	CHIFNET14NJ214_003241-T1	DBVPG3775_002407-T1
GF00003140	CHIFNET14NJ214_005833-T1	DBVPG3775_002408-T1
GF00003141	CHIFNET14NJ214_003245-T1	DBVPG3775_002414-T1
GF00003142	CHIFNET14NJ214_003246-T1	DBVPG3775_002714-T1
GF00003143	CHIFNET14NJ214_009531-T1	DBVPG3775_002713-T1
GF00003144	CHIFNET14NJ214_003248-T1	DBVPG3775_002712-T1
GF00003145	CHIFNET14NJ214_003249-T1	DBVPG3775_002711-T1
GF00003146	CHIFNET14NJ214_003251-T1	DBVPG3775_001578-T1
GF00003147	CHIFNET14NJ214_010083-T1	DBVPG3775_001579-T1
GF00003148	CHIFNET14NJ214_010082-T1	DBVPG3775_001580-T1
GF00003149	CHIFNET14NJ214_003254-T1	DBVPG3775_001581-T1
GF00003150	CHIFNET14NJ214_003255-T1	DBVPG3775_001582-T1
GF00003151	CHIFNET14NJ214_010079-T1	DBVPG3775_001583-T1
GF00003152	CHIFNET14NJ214_003260-T1	DBVPG3775_001587-T1
GF00003153	CHIFNET14NJ214_010074-T1	DBVPG3775_001588-T1
GF00003154	CHIFNET14NJ214_003263-T1	DBVPG3775_001590-T1
GF00003155	CHIFNET14NJ214_003264-T1	DBVPG3775_001591-T1
GF00003156	CHIFNET14NJ214_005548-T1	DBVPG3775_001592-T1
GF00003157	CHIFNET14NJ214_003266-T1	DBVPG3775_001593-T1
GF00003158	CHIFNET14NJ214_003267-T1	DBVPG3775_001594-T1
GF00003159	CHIFNET14NJ214_003269-T1	DBVPG3775_001596-T1
GF00003160	CHIFNET14NJ214_005554-T1	DBVPG3775_001598-T1
GF00003161	CHIFNET14NJ214_003272-T1	DBVPG3775_001599-T1
GF00003162	CHIFNET14NJ214_003273-T1	DBVPG3775_001600-T1
GF00003163	CHIFNET14NJ214_005557-T1	DBVPG3775_001601-T1
GF00003164	CHIFNET14NJ214_005560-T1	DBVPG3775_001604-T1
GF00003165	CHIFNET14NJ214_003282-T1	DBVPG3775_005922-T1
GF00003166	CHIFNET14NJ214_008275-T1	DBVPG3775_005921-T1
GF00003167	CHIFNET14NJ214_008276-T1	DBVPG3775_005920-T1
GF00003168	CHIFNET14NJ214_003285-T1	DBVPG3775_005919-T1
GF00003169	CHIFNET14NJ214_003286-T1	DBVPG3775_005918-T1
GF00003170	CHIFNET14NJ214_003287-T1	DBVPG3775_005917-T1
GF00003171	CHIFNET14NJ214_003288-T1	DBVPG3775_005916-T1
GF00003172	CHIFNET14NJ214_008282-T1	DBVPG3775_005913-T1
GF00003173	CHIFNET14NJ214_003293-T1	DBVPG3775_005912-T1
GF00003174	CHIFNET14NJ214_003294-T1	DBVPG3775_005911-T1
GF00003175	CHIFNET14NJ214_003295-T1	DBVPG3775_005910-T1
GF00003176	CHIFNET14NJ214_003296-T1	DBVPG3775_005909-T1
GF00003177	CHIFNET14NJ214_008742-T1	DBVPG3775_005908-T1
GF00003178	CHIFNET14NJ214_003298-T1	DBVPG3775_005907-T1
GF00003179	CHIFNET14NJ214_003299-T1	DBVPG3775_005906-T1
GF00003180	CHIFNET14NJ214_003300-T1	DBVPG3775_005905-T1
GF00003181	CHIFNET14NJ214_008737-T1	DBVPG3775_005904-T1
GF00003182	CHIFNET14NJ214_008736-T1	DBVPG3775_005903-T1
GF00003183	CHIFNET14NJ214_003304-T1	DBVPG3775_005901-T1
GF00003184	CHIFNET14NJ214_008732-T1	DBVPG3775_005900-T1
GF00003185	CHIFNET14NJ214_003306-T1	DBVPG3775_005899-T1
GF00003186	CHIFNET14NJ214_003307-T1	DBVPG3775_005898-T1
GF00003187	CHIFNET14NJ214_003350-T1	DBVPG3775_000871-T1
GF00003188	CHIFNET14NJ214_003351-T1	DBVPG3775_000870-T1
GF00003189	CHIFNET14NJ214_003352-T1	DBVPG3775_000869-T1
GF00003190	CHIFNET14NJ214_003353-T1	DBVPG3775_000868-T1
GF00003191	CHIFNET14NJ214_003356-T1	DBVPG3775_000865-T1
GF00003192	CHIFNET14NJ214_013573-T1	DBVPG3775_000864-T1
GF00003193	CHIFNET14NJ214_003358-T1	DBVPG3775_000863-T1
GF00003194	CHIFNET14NJ214_003584-T1	DBVPG3775_001276-T1
GF00003195	CHIFNET14NJ214_003585-T1	DBVPG3775_001275-T1
GF00003196	CHIFNET14NJ214_003375-T1	DBVPG3775_001274-T1
GF00003197	CHIFNET14NJ214_003376-T1	DBVPG3775_001273-T1
GF00003198	CHIFNET14NJ214_003377-T1	DBVPG3775_001272-T1
GF00003199	CHIFNET14NJ214_003589-T1	DBVPG3775_001271-T1
GF00003200	CHIFNET14NJ214_003379-T1	DBVPG3775_001268-T1
GF00003201	CHIFNET14NJ214_003380-T1	DBVPG3775_001267-T1
GF00003202	CHIFNET14NJ214_003593-T1	DBVPG3775_001265-T1
GF00003203	CHIFNET14NJ214_003386-T1	DBVPG3775_001259-T1
GF00003204	CHIFNET14NJ214_003387-T1	DBVPG3775_001258-T1
GF00003205	CHIFNET14NJ214_003388-T1	DBVPG3775_001250-T1
GF00003206	CHIFNET14NJ214_003602-T1	DBVPG3775_001247-T1
GF00003207	CHIFNET14NJ214_003391-T1	DBVPG3775_001246-T1
GF00003208	CHIFNET14NJ214_003392-T1	DBVPG3775_001245-T1
GF00003209	CHIFNET14NJ214_003393-T1	DBVPG3775_001244-T1
GF00003210	CHIFNET14NJ214_003394-T1	DBVPG3775_001242-T1
GF00003211	CHIFNET14NJ214_003396-T1	DBVPG3775_001240-T1
GF00003212	CHIFNET14NJ214_003397-T1	DBVPG3775_001239-T1
GF00003213	CHIFNET14NJ214_003610-T1	DBVPG3775_001238-T1
GF00003214	CHIFNET14NJ214_003400-T1	DBVPG3775_004405-T1
GF00003215	CHIFNET14NJ214_003426-T1	DBVPG3775_004404-T1
GF00003216	CHIFNET14NJ214_003403-T1	DBVPG3775_004401-T1
GF00003217	CHIFNET14NJ214_003404-T1	DBVPG3775_004400-T1
GF00003218	CHIFNET14NJ214_003405-T1	DBVPG3775_004398-T1
GF00003219	CHIFNET14NJ214_003407-T1	DBVPG3775_004396-T1
GF00003220	CHIFNET14NJ214_003408-T1	DBVPG3775_004395-T1
GF00003221	CHIFNET14NJ214_003409-T1	DBVPG3775_004394-T1
GF00003222	CHIFNET14NJ214_003417-T1	DBVPG3775_004393-T1
GF00003223	CHIFNET14NJ214_003429-T1	DBVPG3775_004407-T1
GF00003224	CHIFNET14NJ214_008815-T1	DBVPG3775_004408-T1
GF00003225	CHIFNET14NJ214_008817-T1	DBVPG3775_004410-T1
GF00003226	CHIFNET14NJ214_003433-T1	DBVPG3775_004411-T1
GF00003227	CHIFNET14NJ214_003434-T1	DBVPG3775_004412-T1
GF00003228	CHIFNET14NJ214_003435-T1	DBVPG3775_004413-T1
GF00003229	CHIFNET14NJ214_003664-T1	DBVPG3775_001967-T1
GF00003230	CHIFNET14NJ214_003441-T1	DBVPG3775_001971-T1
GF00003231	CHIFNET14NJ214_003658-T1	DBVPG3775_001974-T1
GF00003232	CHIFNET14NJ214_003657-T1	DBVPG3775_001975-T1
GF00003233	CHIFNET14NJ214_003446-T1	DBVPG3775_001976-T1
GF00003234	CHIFNET14NJ214_003447-T1	DBVPG3775_001977-T1
GF00003235	CHIFNET14NJ214_003654-T1	DBVPG3775_001978-T1
GF00003236	CHIFNET14NJ214_003653-T1	DBVPG3775_001979-T1
GF00003237	CHIFNET14NJ214_003651-T1	DBVPG3775_001981-T1
GF00003238	CHIFNET14NJ214_003649-T1	DBVPG3775_001983-T1
GF00003239	CHIFNET14NJ214_003648-T1	DBVPG3775_001984-T1
GF00003240	CHIFNET14NJ214_003455-T1	DBVPG3775_001985-T1
GF00003241	CHIFNET14NJ214_010383-T1	DBVPG3775_007566-T1
GF00003242	CHIFNET14NJ214_003457-T1	DBVPG3775_001987-T1
GF00003243	CHIFNET14NJ214_003644-T1	DBVPG3775_001988-T1
GF00003244	CHIFNET14NJ214_003463-T1	DBVPG3775_004150-T1
GF00003245	CHIFNET14NJ214_005492-T1	DBVPG3775_004151-T1
GF00003246	CHIFNET14NJ214_005491-T1	DBVPG3775_004152-T1
GF00003247	CHIFNET14NJ214_003472-T1	DBVPG3775_004158-T1
GF00003248	CHIFNET14NJ214_005484-T1	DBVPG3775_004159-T1
GF00003249	CHIFNET14NJ214_003474-T1	DBVPG3775_004160-T1
GF00003250	CHIFNET14NJ214_003475-T1	DBVPG3775_004161-T1
GF00003251	CHIFNET14NJ214_003476-T1	DBVPG3775_004162-T1
GF00003252	CHIFNET14NJ214_003478-T1	DBVPG3775_004164-T1
GF00003253	CHIFNET14NJ214_003479-T1	DBVPG3775_004165-T1
GF00003254	CHIFNET14NJ214_005477-T1	DBVPG3775_004166-T1
GF00003255	CHIFNET14NJ214_005475-T1	DBVPG3775_004168-T1
GF00003256	CHIFNET14NJ214_005278-T1	DBVPG3775_004173-T1
GF00003257	CHIFNET14NJ214_003488-T1	DBVPG3775_004174-T1
GF00003258	CHIFNET14NJ214_003489-T1	DBVPG3775_004175-T1
GF00003259	CHIFNET14NJ214_003490-T1	DBVPG3775_004176-T1
GF00003260	CHIFNET14NJ214_003491-T1	DBVPG3775_004177-T1
GF00003261	CHIFNET14NJ214_003492-T1	DBVPG3775_004178-T1
GF00003262	CHIFNET14NJ214_011969-T1	DBVPG3775_000710-T1
GF00003263	CHIFNET14NJ214_003496-T1	DBVPG3775_000711-T1
GF00003264	CHIFNET14NJ214_014301-T1	DBVPG3775_000712-T1
GF00003265	CHIFNET14NJ214_009617-T1	DBVPG3775_000717-T1
GF00003266	CHIFNET14NJ214_003504-T1	DBVPG3775_000720-T1
GF00003267	CHIFNET14NJ214_003506-T1	DBVPG3775_000722-T1
GF00003268	CHIFNET14NJ214_003507-T1	DBVPG3775_000723-T1
GF00003269	CHIFNET14NJ214_003508-T1	DBVPG3775_000724-T1
GF00003270	CHIFNET14NJ214_009624-T1	DBVPG3775_000725-T1
GF00003271	CHIFNET14NJ214_003511-T1	DBVPG3775_000727-T1
GF00003272	CHIFNET14NJ214_003515-T1	DBVPG3775_000732-T1
GF00003273	CHIFNET14NJ214_011406-T1	DBVPG3775_000736-T1
GF00003274	CHIFNET14NJ214_013033-T1	DBVPG3775_000739-T1
GF00003275	CHIFNET14NJ214_003522-T1	DBVPG3775_000740-T1
GF00003276	CHIFNET14NJ214_003523-T1	DBVPG3775_000741-T1
GF00003277	CHIFNET14NJ214_003526-T1	DBVPG3775_002645-T1
GF00003278	CHIFNET14NJ214_003527-T1	DBVPG3775_002646-T1
GF00003279	CHIFNET14NJ214_003528-T1	DBVPG3775_002647-T1
GF00003280	CHIFNET14NJ214_003529-T1	DBVPG3775_002648-T1
GF00003281	CHIFNET14NJ214_006271-T1	DBVPG3775_002649-T1
GF00003282	CHIFNET14NJ214_003531-T1	DBVPG3775_002650-T1
GF00003283	CHIFNET14NJ214_006269-T1	DBVPG3775_002651-T1
GF00003284	CHIFNET14NJ214_003534-T1	DBVPG3775_002653-T1
GF00003285	CHIFNET14NJ214_003945-T1	DBVPG3775_002654-T1
GF00003286	CHIFNET14NJ214_003537-T1	DBVPG3775_002656-T1
GF00003287	CHIFNET14NJ214_003538-T1	DBVPG3775_002657-T1
GF00003288	CHIFNET14NJ214_003949-T1	DBVPG3775_002658-T1
GF00003289	CHIFNET14NJ214_003950-T1	DBVPG3775_002659-T1
GF00003290	CHIFNET14NJ214_003951-T1	DBVPG3775_002660-T1
GF00003291	CHIFNET14NJ214_003542-T1	DBVPG3775_002661-T1
GF00003292	CHIFNET14NJ214_003953-T1	DBVPG3775_002662-T1
GF00003293	CHIFNET14NJ214_003548-T1	DBVPG3775_002668-T1
GF00003294	CHIFNET14NJ214_003549-T1	DBVPG3775_002669-T1
GF00003295	CHIFNET14NJ214_006251-T1	DBVPG3775_001091-T1
GF00003296	CHIFNET14NJ214_003619-T1	DBVPG3775_001093-T1
GF00003297	CHIFNET14NJ214_006255-T1	DBVPG3775_001095-T1
GF00003298	CHIFNET14NJ214_003625-T1	DBVPG3775_001098-T1
GF00003299	CHIFNET14NJ214_006258-T1	DBVPG3775_001099-T1
GF00003300	CHIFNET14NJ214_003627-T1	DBVPG3775_001100-T1
GF00003301	CHIFNET14NJ214_003629-T1	DBVPG3775_001102-T1
GF00003302	CHIFNET14NJ214_003630-T1	DBVPG3775_001103-T1
GF00003303	CHIFNET14NJ214_003634-T1	DBVPG3775_001107-T1
GF00003304	CHIFNET14NJ214_006180-T1	DBVPG3775_001110-T1
GF00003305	CHIFNET14NJ214_003638-T1	DBVPG3775_001111-T1
GF00003306	CHIFNET14NJ214_012209-T1	DBVPG3775_001360-T1
GF00003307	CHIFNET14NJ214_003668-T1	DBVPG3775_001361-T1
GF00003308	CHIFNET14NJ214_003669-T1	DBVPG3775_001362-T1
GF00003309	CHIFNET14NJ214_009933-T1	DBVPG3775_001363-T1
GF00003310	CHIFNET14NJ214_003671-T1	DBVPG3775_001364-T1
GF00003311	CHIFNET14NJ214_003676-T1	DBVPG3775_001368-T1
GF00003312	CHIFNET14NJ214_009939-T1	DBVPG3775_001369-T1
GF00003313	CHIFNET14NJ214_003680-T1	DBVPG3775_001372-T1
GF00003314	CHIFNET14NJ214_003681-T1	DBVPG3775_001373-T1
GF00003315	CHIFNET14NJ214_003694-T1	DBVPG3775_001417-T1
GF00003316	CHIFNET14NJ214_009171-T1	DBVPG3775_005135-T1
GF00003317	CHIFNET14NJ214_007304-T1	DBVPG3775_002696-T1
GF00003318	CHIFNET14NJ214_007746-T1	DBVPG3775_002693-T1
GF00003319	CHIFNET14NJ214_007745-T1	DBVPG3775_002692-T1
GF00003320	CHIFNET14NJ214_003734-T1	DBVPG3775_002691-T1
GF00003321	CHIFNET14NJ214_007741-T1	DBVPG3775_002687-T1
GF00003322	CHIFNET14NJ214_003739-T1	DBVPG3775_002686-T1
GF00003323	CHIFNET14NJ214_003740-T1	DBVPG3775_002685-T1
GF00003324	CHIFNET14NJ214_003743-T1	DBVPG3775_002682-T1
GF00003325	CHIFNET14NJ214_007736-T1	DBVPG3775_002681-T1
GF00003326	CHIFNET14NJ214_003745-T1	DBVPG3775_002680-T1
GF00003327	CHIFNET14NJ214_003746-T1	DBVPG3775_002679-T1
GF00003328	CHIFNET14NJ214_003967-T1	DBVPG3775_002678-T1
GF00003329	CHIFNET14NJ214_003750-T1	DBVPG3775_002675-T1
GF00003330	CHIFNET14NJ214_003841-T1	DBVPG3775_006557-T1
GF00003331	CHIFNET14NJ214_003842-T1	DBVPG3775_006558-T1
GF00003332	CHIFNET14NJ214_003844-T1	DBVPG3775_006561-T1
GF00003333	CHIFNET14NJ214_010575-T1	DBVPG3775_000288-T1
GF00003334	CHIFNET14NJ214_003849-T1	DBVPG3775_006566-T1
GF00003335	CHIFNET14NJ214_003853-T1	DBVPG3775_006571-T1
GF00003336	CHIFNET14NJ214_003854-T1	DBVPG3775_006572-T1
GF00003337	CHIFNET14NJ214_004113-T1	DBVPG3775_006575-T1
GF00003338	CHIFNET14NJ214_003860-T1	DBVPG3775_006579-T1
GF00003339	CHIFNET14NJ214_003863-T1	DBVPG3775_006583-T1
GF00003340	CHIFNET14NJ214_003897-T1	DBVPG3775_002493-T1
GF00003341	CHIFNET14NJ214_003898-T1	DBVPG3775_002492-T1
GF00003342	CHIFNET14NJ214_006441-T1	DBVPG3775_002485-T1
GF00003343	CHIFNET14NJ214_003908-T1	DBVPG3775_002482-T1
GF00003344	CHIFNET14NJ214_006437-T1	DBVPG3775_002481-T1
GF00003345	CHIFNET14NJ214_003910-T1	DBVPG3775_002480-T1
GF00003346	CHIFNET14NJ214_003911-T1	DBVPG3775_002479-T1
GF00003347	CHIFNET14NJ214_006434-T1	DBVPG3775_002478-T1
GF00003348	CHIFNET14NJ214_003913-T1	DBVPG3775_002477-T1
GF00003349	CHIFNET14NJ214_006431-T1	DBVPG3775_002475-T1
GF00003350	CHIFNET14NJ214_003915-T1	DBVPG3775_002474-T1
GF00003351	CHIFNET14NJ214_003916-T1	DBVPG3775_002473-T1
GF00003352	CHIFNET14NJ214_013634-T1	DBVPG3775_002472-T1
GF00003353	CHIFNET14NJ214_004356-T1	DBVPG3775_007025-T1
GF00003354	CHIFNET14NJ214_003993-T1	DBVPG3775_004938-T1
GF00003355	CHIFNET14NJ214_003994-T1	DBVPG3775_004939-T1
GF00003356	CHIFNET14NJ214_003996-T1	DBVPG3775_004941-T1
GF00003357	CHIFNET14NJ214_010340-T1	DBVPG3775_004942-T1
GF00003358	CHIFNET14NJ214_003998-T1	DBVPG3775_004943-T1
GF00003359	CHIFNET14NJ214_003999-T1	DBVPG3775_004944-T1
GF00003360	CHIFNET14NJ214_010343-T1	DBVPG3775_007416-T1
GF00003361	CHIFNET14NJ214_004003-T1	DBVPG3775_007414-T1
GF00003362	CHIFNET14NJ214_004004-T1	DBVPG3775_007413-T1
GF00003363	CHIFNET14NJ214_004005-T1	DBVPG3775_007411-T1
GF00003364	CHIFNET14NJ214_004007-T1	DBVPG3775_007409-T1
GF00003365	CHIFNET14NJ214_007700-T1	DBVPG3775_007408-T1
GF00003366	CHIFNET14NJ214_007701-T1	DBVPG3775_007407-T1
GF00003367	CHIFNET14NJ214_007702-T1	DBVPG3775_007406-T1
GF00003368	CHIFNET14NJ214_007703-T1	DBVPG3775_007405-T1
GF00003369	CHIFNET14NJ214_007704-T1	DBVPG3775_007404-T1
GF00003370	CHIFNET14NJ214_005149-T1	DBVPG3775_001172-T1
GF00003371	CHIFNET14NJ214_007706-T1	DBVPG3775_007401-T1
GF00003372	CHIFNET14NJ214_007708-T1	DBVPG3775_007399-T1
GF00003373	CHIFNET14NJ214_004018-T1	DBVPG3775_007397-T1
GF00003374	CHIFNET14NJ214_004025-T1	DBVPG3775_007230-T1
GF00003375	CHIFNET14NJ214_004860-T1	DBVPG3775_007234-T1
GF00003376	CHIFNET14NJ214_004036-T1	DBVPG3775_007246-T1
GF00003377	CHIFNET14NJ214_004038-T1	DBVPG3775_007248-T1
GF00003378	CHIFNET14NJ214_004039-T1	DBVPG3775_007249-T1
GF00003379	CHIFNET14NJ214_004041-T1	DBVPG3775_007251-T1
GF00003380	CHIFNET14NJ214_004042-T1	DBVPG3775_007252-T1
GF00003381	CHIFNET14NJ214_004873-T1	DBVPG3775_007253-T1
GF00003382	CHIFNET14NJ214_004044-T1	DBVPG3775_007254-T1
GF00003383	CHIFNET14NJ214_004875-T1	DBVPG3775_007255-T1
GF00003384	CHIFNET14NJ214_004046-T1	DBVPG3775_007256-T1
GF00003385	CHIFNET14NJ214_004942-T1	DBVPG3775_002300-T1
GF00003386	CHIFNET14NJ214_004055-T1	DBVPG3775_002293-T1
GF00003387	CHIFNET14NJ214_004056-T1	DBVPG3775_002292-T1
GF00003388	CHIFNET14NJ214_004934-T1	DBVPG3775_002290-T1
GF00003389	CHIFNET14NJ214_004933-T1	DBVPG3775_002289-T1
GF00003390	CHIFNET14NJ214_004060-T1	DBVPG3775_002288-T1
GF00003391	CHIFNET14NJ214_004931-T1	DBVPG3775_002287-T1
GF00003392	CHIFNET14NJ214_004063-T1	DBVPG3775_002285-T1
GF00003393	CHIFNET14NJ214_004928-T1	DBVPG3775_002283-T1
GF00003394	CHIFNET14NJ214_004068-T1	DBVPG3775_002280-T1
GF00003395	CHIFNET14NJ214_004069-T1	DBVPG3775_002279-T1
GF00003396	CHIFNET14NJ214_004070-T1	DBVPG3775_002278-T1
GF00003397	CHIFNET14NJ214_004922-T1	DBVPG3775_002277-T1
GF00003398	CHIFNET14NJ214_004073-T1	DBVPG3775_002275-T1
GF00003399	CHIFNET14NJ214_012941-T1	DBVPG3775_002274-T1
GF00003400	CHIFNET14NJ214_004075-T1	DBVPG3775_002273-T1
GF00003401	CHIFNET14NJ214_004076-T1	DBVPG3775_002272-T1
GF00003402	CHIFNET14NJ214_004079-T1	DBVPG3775_002269-T1
GF00003403	CHIFNET14NJ214_011080-T1	DBVPG3775_005423-T1
GF00003404	CHIFNET14NJ214_004085-T1	DBVPG3775_005422-T1
GF00003405	CHIFNET14NJ214_004086-T1	DBVPG3775_005421-T1
GF00003406	CHIFNET14NJ214_004087-T1	DBVPG3775_005420-T1
GF00003407	CHIFNET14NJ214_004088-T1	DBVPG3775_005419-T1
GF00003408	CHIFNET14NJ214_004089-T1	DBVPG3775_005418-T1
GF00003409	CHIFNET14NJ214_005222-T1	DBVPG3775_002446-T1
GF00003410	CHIFNET14NJ214_004091-T1	DBVPG3775_005416-T1
GF00003411	CHIFNET14NJ214_011422-T1	DBVPG3775_005415-T1
GF00003412	CHIFNET14NJ214_004094-T1	DBVPG3775_005413-T1
GF00003413	CHIFNET14NJ214_011419-T1	DBVPG3775_005412-T1
GF00003414	CHIFNET14NJ214_011416-T1	DBVPG3775_005408-T1
GF00003415	CHIFNET14NJ214_010241-T1	DBVPG3775_005405-T1
GF00003416	CHIFNET14NJ214_004102-T1	DBVPG3775_005404-T1
GF00003417	CHIFNET14NJ214_010239-T1	DBVPG3775_005403-T1
GF00003418	CHIFNET14NJ214_004104-T1	DBVPG3775_005402-T1
GF00003419	CHIFNET14NJ214_004105-T1	DBVPG3775_005401-T1
GF00003420	CHIFNET14NJ214_010233-T1	DBVPG3775_005398-T1
GF00003421	CHIFNET14NJ214_004131-T1	DBVPG3775_006554-T1
GF00003422	CHIFNET14NJ214_004132-T1	DBVPG3775_006553-T1
GF00003423	CHIFNET14NJ214_011698-T1	DBVPG3775_005588-T1
GF00003424	CHIFNET14NJ214_011699-T1	DBVPG3775_005589-T1
GF00003425	CHIFNET14NJ214_011700-T1	DBVPG3775_005590-T1
GF00003426	CHIFNET14NJ214_004155-T1	DBVPG3775_005579-T1
GF00003427	CHIFNET14NJ214_004169-T1	DBVPG3775_003118-T1
GF00003428	CHIFNET14NJ214_011686-T1	DBVPG3775_003120-T1
GF00003429	CHIFNET14NJ214_004171-T1	DBVPG3775_003121-T1
GF00003430	CHIFNET14NJ214_004172-T1	DBVPG3775_003122-T1
GF00003431	CHIFNET14NJ214_004173-T1	DBVPG3775_003123-T1
GF00003432	CHIFNET14NJ214_004174-T1	DBVPG3775_003124-T1
GF00003433	CHIFNET14NJ214_004177-T1	DBVPG3775_003127-T1
GF00003434	CHIFNET14NJ214_004647-T1	DBVPG3775_003128-T1
GF00003435	CHIFNET14NJ214_004179-T1	DBVPG3775_003129-T1
GF00003436	CHIFNET14NJ214_004180-T1	DBVPG3775_003130-T1
GF00003437	CHIFNET14NJ214_004181-T1	DBVPG3775_003131-T1
GF00003438	CHIFNET14NJ214_004182-T1	DBVPG3775_003132-T1
GF00003439	CHIFNET14NJ214_004638-T1	DBVPG3775_003139-T1
GF00003440	CHIFNET14NJ214_004189-T1	DBVPG3775_003140-T1
GF00003441	CHIFNET14NJ214_004190-T1	DBVPG3775_003141-T1
GF00003442	CHIFNET14NJ214_004194-T1	DBVPG3775_006270-T1
GF00003443	CHIFNET14NJ214_004196-T1	DBVPG3775_006268-T1
GF00003444	CHIFNET14NJ214_004204-T1	DBVPG3775_004790-T1
GF00003445	CHIFNET14NJ214_004206-T1	DBVPG3775_004793-T1
GF00003446	CHIFNET14NJ214_008897-T1	DBVPG3775_004794-T1
GF00003447	CHIFNET14NJ214_011991-T1	DBVPG3775_004796-T1
GF00003448	CHIFNET14NJ214_011990-T1	DBVPG3775_004797-T1
GF00003449	CHIFNET14NJ214_004211-T1	DBVPG3775_004798-T1
GF00003450	CHIFNET14NJ214_007268-T1	DBVPG3775_004802-T1
GF00003451	CHIFNET14NJ214_014059-T1	DBVPG3775_001766-T1
GF00003452	CHIFNET14NJ214_004246-T1	DBVPG3775_001769-T1
GF00003453	CHIFNET14NJ214_004247-T1	DBVPG3775_001770-T1
GF00003454	CHIFNET14NJ214_004248-T1	DBVPG3775_001771-T1
GF00003455	CHIFNET14NJ214_013785-T1	DBVPG3775_001772-T1
GF00003456	CHIFNET14NJ214_004250-T1	DBVPG3775_001773-T1
GF00003457	CHIFNET14NJ214_004251-T1	DBVPG3775_001774-T1
GF00003458	CHIFNET14NJ214_004252-T1	DBVPG3775_001775-T1
GF00003459	CHIFNET14NJ214_005901-T1	DBVPG3775_001776-T1
GF00003460	CHIFNET14NJ214_005902-T1	DBVPG3775_001777-T1
GF00003461	CHIFNET14NJ214_004255-T1	DBVPG3775_001778-T1
GF00003462	CHIFNET14NJ214_004256-T1	DBVPG3775_001779-T1
GF00003463	CHIFNET14NJ214_005905-T1	DBVPG3775_001780-T1
GF00003464	CHIFNET14NJ214_004258-T1	DBVPG3775_001781-T1
GF00003465	CHIFNET14NJ214_004259-T1	DBVPG3775_001782-T1
GF00003466	CHIFNET14NJ214_005909-T1	DBVPG3775_001786-T1
GF00003467	CHIFNET14NJ214_005910-T1	DBVPG3775_001787-T1
GF00003468	CHIFNET14NJ214_004263-T1	DBVPG3775_001788-T1
GF00003469	CHIFNET14NJ214_005912-T1	DBVPG3775_001789-T1
GF00003470	CHIFNET14NJ214_005913-T1	DBVPG3775_001790-T1
GF00003471	CHIFNET14NJ214_005914-T1	DBVPG3775_001791-T1
GF00003472	CHIFNET14NJ214_004268-T1	DBVPG3775_001794-T1
GF00003473	CHIFNET14NJ214_004271-T1	DBVPG3775_003545-T1
GF00003474	CHIFNET14NJ214_004272-T1	DBVPG3775_003546-T1
GF00003475	CHIFNET14NJ214_008679-T1	DBVPG3775_003547-T1
GF00003476	CHIFNET14NJ214_008678-T1	DBVPG3775_003548-T1
GF00003477	CHIFNET14NJ214_004275-T1	DBVPG3775_003549-T1
GF00003478	CHIFNET14NJ214_004276-T1	DBVPG3775_003550-T1
GF00003479	CHIFNET14NJ214_013527-T1	DBVPG3775_003552-T1
GF00003480	CHIFNET14NJ214_013528-T1	DBVPG3775_003553-T1
GF00003481	CHIFNET14NJ214_004280-T1	DBVPG3775_003554-T1
GF00003482	CHIFNET14NJ214_004281-T1	DBVPG3775_003555-T1
GF00003483	CHIFNET14NJ214_013531-T1	DBVPG3775_003556-T1
GF00003484	CHIFNET14NJ214_004299-T1	DBVPG3775_003490-T1
GF00003485	CHIFNET14NJ214_008602-T1	DBVPG3775_003488-T1
GF00003486	CHIFNET14NJ214_008599-T1	DBVPG3775_003485-T1
GF00003487	CHIFNET14NJ214_004306-T1	DBVPG3775_003484-T1
GF00003488	CHIFNET14NJ214_004307-T1	DBVPG3775_003483-T1
GF00003489	CHIFNET14NJ214_004308-T1	DBVPG3775_003482-T1
GF00003490	CHIFNET14NJ214_004310-T1	DBVPG3775_003480-T1
GF00003491	CHIFNET14NJ214_004313-T1	DBVPG3775_003477-T1
GF00003492	CHIFNET14NJ214_004314-T1	DBVPG3775_003476-T1
GF00003493	CHIFNET14NJ214_004315-T1	DBVPG3775_003475-T1
GF00003494	CHIFNET14NJ214_004316-T1	DBVPG3775_003474-T1
GF00003495	CHIFNET14NJ214_013756-T1	DBVPG3775_003473-T1
GF00003496	CHIFNET14NJ214_013757-T1	DBVPG3775_003472-T1
GF00003497	CHIFNET14NJ214_004321-T1	DBVPG3775_003469-T1
GF00003498	CHIFNET14NJ214_004322-T1	DBVPG3775_003468-T1
GF00003499	CHIFNET14NJ214_008083-T1	DBVPG3775_003467-T1
GF00003500	CHIFNET14NJ214_004326-T1	DBVPG3775_004359-T1
GF00003501	CHIFNET14NJ214_012442-T1	DBVPG3775_004360-T1
GF00003502	CHIFNET14NJ214_012441-T1	DBVPG3775_004361-T1
GF00003503	CHIFNET14NJ214_004329-T1	DBVPG3775_004362-T1
GF00003504	CHIFNET14NJ214_012439-T1	DBVPG3775_004363-T1
GF00003505	CHIFNET14NJ214_004332-T1	DBVPG3775_004372-T1
GF00003506	CHIFNET14NJ214_004338-T1	DBVPG3775_004378-T1
GF00003507	CHIFNET14NJ214_006313-T1	DBVPG3775_004379-T1
GF00003508	CHIFNET14NJ214_006314-T1	DBVPG3775_004380-T1
GF00003509	CHIFNET14NJ214_004343-T1	DBVPG3775_004383-T1
GF00003510	CHIFNET14NJ214_006317-T1	DBVPG3775_004384-T1
GF00003511	CHIFNET14NJ214_004345-T1	DBVPG3775_004385-T1
GF00003512	CHIFNET14NJ214_006319-T1	DBVPG3775_004386-T1
GF00003513	CHIFNET14NJ214_004355-T1	DBVPG3775_007024-T1
GF00003514	CHIFNET14NJ214_004357-T1	DBVPG3775_007026-T1
GF00003515	CHIFNET14NJ214_004361-T1	DBVPG3775_007029-T1
GF00003516	CHIFNET14NJ214_006985-T1	DBVPG3775_007030-T1
GF00003517	CHIFNET14NJ214_006984-T1	DBVPG3775_007031-T1
GF00003518	CHIFNET14NJ214_006983-T1	DBVPG3775_007032-T1
GF00003519	CHIFNET14NJ214_004367-T1	DBVPG3775_007035-T1
GF00003520	CHIFNET14NJ214_004368-T1	DBVPG3775_007036-T1
GF00003521	CHIFNET14NJ214_004369-T1	DBVPG3775_007037-T1
GF00003522	CHIFNET14NJ214_004371-T1	DBVPG3775_007039-T1
GF00003523	CHIFNET14NJ214_004372-T1	DBVPG3775_007040-T1
GF00003524	CHIFNET14NJ214_004373-T1	DBVPG3775_007043-T1
GF00003525	CHIFNET14NJ214_009226-T1	DBVPG3775_007044-T1
GF00003526	CHIFNET14NJ214_004380-T1	DBVPG3775_001207-T1
GF00003527	CHIFNET14NJ214_004383-T1	DBVPG3775_001205-T1
GF00003528	CHIFNET14NJ214_004384-T1	DBVPG3775_001204-T1
GF00003529	CHIFNET14NJ214_004386-T1	DBVPG3775_001202-T1
GF00003530	CHIFNET14NJ214_004389-T1	DBVPG3775_001199-T1
GF00003531	CHIFNET14NJ214_004390-T1	DBVPG3775_001198-T1
GF00003532	CHIFNET14NJ214_011733-T1	DBVPG3775_001197-T1
GF00003533	CHIFNET14NJ214_004392-T1	DBVPG3775_001196-T1
GF00003534	CHIFNET14NJ214_004393-T1	DBVPG3775_001195-T1
GF00003535	CHIFNET14NJ214_011730-T1	DBVPG3775_001194-T1
GF00003536	CHIFNET14NJ214_012997-T1	DBVPG3775_001190-T1
GF00003537	CHIFNET14NJ214_012998-T1	DBVPG3775_001187-T1
GF00003538	CHIFNET14NJ214_004400-T1	DBVPG3775_001186-T1
GF00003539	CHIFNET14NJ214_013000-T1	DBVPG3775_001185-T1
GF00003540	CHIFNET14NJ214_006244-T1	DBVPG3775_005452-T1
GF00003541	CHIFNET14NJ214_005953-T1	DBVPG3775_005257-T1
GF00003542	CHIFNET14NJ214_004409-T1	DBVPG3775_005259-T1
GF00003543	CHIFNET14NJ214_005950-T1	DBVPG3775_005261-T1
GF00003544	CHIFNET14NJ214_004412-T1	DBVPG3775_005262-T1
GF00003545	CHIFNET14NJ214_005948-T1	DBVPG3775_005263-T1
GF00003546	CHIFNET14NJ214_005947-T1	DBVPG3775_005264-T1
GF00003547	CHIFNET14NJ214_005946-T1	DBVPG3775_005265-T1
GF00003548	CHIFNET14NJ214_005944-T1	DBVPG3775_005267-T1
GF00003549	CHIFNET14NJ214_004418-T1	DBVPG3775_005268-T1
GF00003550	CHIFNET14NJ214_004419-T1	DBVPG3775_005269-T1
GF00003551	CHIFNET14NJ214_005941-T1	DBVPG3775_005270-T1
GF00003552	CHIFNET14NJ214_004422-T1	DBVPG3775_005272-T1
GF00003553	CHIFNET14NJ214_005935-T1	DBVPG3775_005276-T1
GF00003554	CHIFNET14NJ214_005934-T1	DBVPG3775_005277-T1
GF00003555	CHIFNET14NJ214_004429-T1	DBVPG3775_003813-T1
GF00003556	CHIFNET14NJ214_004430-T1	DBVPG3775_003814-T1
GF00003557	CHIFNET14NJ214_006079-T1	DBVPG3775_003815-T1
GF00003558	CHIFNET14NJ214_004432-T1	DBVPG3775_003816-T1
GF00003559	CHIFNET14NJ214_012022-T1	DBVPG3775_006281-T1
GF00003560	CHIFNET14NJ214_004439-T1	DBVPG3775_006282-T1
GF00003561	CHIFNET14NJ214_012025-T1	DBVPG3775_006284-T1
GF00003562	CHIFNET14NJ214_012026-T1	DBVPG3775_006285-T1
GF00003563	CHIFNET14NJ214_009844-T1	DBVPG3775_006290-T1
GF00003564	CHIFNET14NJ214_009843-T1	DBVPG3775_006291-T1
GF00003565	CHIFNET14NJ214_004446-T1	DBVPG3775_006292-T1
GF00003566	CHIFNET14NJ214_009841-T1	DBVPG3775_006293-T1
GF00003567	CHIFNET14NJ214_009840-T1	DBVPG3775_006294-T1
GF00003568	CHIFNET14NJ214_009838-T1	DBVPG3775_006296-T1
GF00003569	CHIFNET14NJ214_004452-T1	DBVPG3775_006297-T1
GF00003570	CHIFNET14NJ214_009836-T1	DBVPG3775_006298-T1
GF00003571	CHIFNET14NJ214_004454-T1	DBVPG3775_006299-T1
GF00003572	CHIFNET14NJ214_004455-T1	DBVPG3775_006300-T1
GF00003573	CHIFNET14NJ214_009833-T1	DBVPG3775_006301-T1
GF00003574	CHIFNET14NJ214_004457-T1	DBVPG3775_006302-T1
GF00003575	CHIFNET14NJ214_010670-T1	DBVPG3775_001570-T1
GF00003576	CHIFNET14NJ214_010669-T1	DBVPG3775_001569-T1
GF00003577	CHIFNET14NJ214_010668-T1	DBVPG3775_001568-T1
GF00003578	CHIFNET14NJ214_004490-T1	DBVPG3775_001567-T1
GF00003579	CHIFNET14NJ214_004494-T1	DBVPG3775_001563-T1
GF00003580	CHIFNET14NJ214_004495-T1	DBVPG3775_001562-T1
GF00003581	CHIFNET14NJ214_004496-T1	DBVPG3775_001561-T1
GF00003582	CHIFNET14NJ214_004497-T1	DBVPG3775_001560-T1
GF00003583	CHIFNET14NJ214_004499-T1	DBVPG3775_001558-T1
GF00003584	CHIFNET14NJ214_010406-T1	DBVPG3775_001557-T1
GF00003585	CHIFNET14NJ214_010408-T1	DBVPG3775_001555-T1
GF00003586	CHIFNET14NJ214_004507-T1	DBVPG3775_001552-T1
GF00003587	CHIFNET14NJ214_004508-T1	DBVPG3775_001551-T1
GF00003588	CHIFNET14NJ214_004514-T1	DBVPG3775_001547-T1
GF00003589	CHIFNET14NJ214_004516-T1	DBVPG3775_001544-T1
GF00003590	CHIFNET14NJ214_004517-T1	DBVPG3775_001543-T1
GF00003591	CHIFNET14NJ214_004521-T1	DBVPG3775_004269-T1
GF00003592	CHIFNET14NJ214_004990-T1	DBVPG3775_004271-T1
GF00003593	CHIFNET14NJ214_004989-T1	DBVPG3775_004272-T1
GF00003594	CHIFNET14NJ214_004525-T1	DBVPG3775_004273-T1
GF00003595	CHIFNET14NJ214_004526-T1	DBVPG3775_004274-T1
GF00003596	CHIFNET14NJ214_004528-T1	DBVPG3775_004276-T1
GF00003597	CHIFNET14NJ214_004531-T1	DBVPG3775_004278-T1
GF00003598	CHIFNET14NJ214_004532-T1	DBVPG3775_004279-T1
GF00003599	CHIFNET14NJ214_004533-T1	DBVPG3775_004280-T1
GF00003600	CHIFNET14NJ214_004980-T1	DBVPG3775_004281-T1
GF00003601	CHIFNET14NJ214_004535-T1	DBVPG3775_004282-T1
GF00003602	CHIFNET14NJ214_004536-T1	DBVPG3775_004283-T1
GF00003603	CHIFNET14NJ214_004977-T1	DBVPG3775_004284-T1
GF00003604	CHIFNET14NJ214_004538-T1	DBVPG3775_004285-T1
GF00003605	CHIFNET14NJ214_004539-T1	DBVPG3775_004286-T1
GF00003606	CHIFNET14NJ214_004583-T1	DBVPG3775_001229-T1
GF00003607	CHIFNET14NJ214_010365-T1	DBVPG3775_001228-T1
GF00003608	CHIFNET14NJ214_014049-T1	DBVPG3775_001226-T1
GF00003609	CHIFNET14NJ214_014050-T1	DBVPG3775_001225-T1
GF00003610	CHIFNET14NJ214_008759-T1	DBVPG3775_001223-T1
GF00003611	CHIFNET14NJ214_004590-T1	DBVPG3775_001222-T1
GF00003612	CHIFNET14NJ214_008761-T1	DBVPG3775_001221-T1
GF00003613	CHIFNET14NJ214_008762-T1	DBVPG3775_001220-T1
GF00003614	CHIFNET14NJ214_008763-T1	DBVPG3775_001219-T1
GF00003615	CHIFNET14NJ214_004594-T1	DBVPG3775_001218-T1
GF00003616	CHIFNET14NJ214_004595-T1	DBVPG3775_001217-T1
GF00003617	CHIFNET14NJ214_004609-T1	DBVPG3775_000815-T1
GF00003618	CHIFNET14NJ214_004611-T1	DBVPG3775_000813-T1
GF00003619	CHIFNET14NJ214_004612-T1	DBVPG3775_000812-T1
GF00003620	CHIFNET14NJ214_004616-T1	DBVPG3775_000806-T1
GF00003621	CHIFNET14NJ214_004618-T1	DBVPG3775_000804-T1
GF00003622	CHIFNET14NJ214_004619-T1	DBVPG3775_000803-T1
GF00003623	CHIFNET14NJ214_004620-T1	DBVPG3775_000802-T1
GF00003624	CHIFNET14NJ214_006868-T1	DBVPG3775_000800-T1
GF00003625	CHIFNET14NJ214_004623-T1	DBVPG3775_000799-T1
GF00003626	CHIFNET14NJ214_004624-T1	DBVPG3775_000798-T1
GF00003627	CHIFNET14NJ214_004625-T1	DBVPG3775_000797-T1
GF00003628	CHIFNET14NJ214_004626-T1	DBVPG3775_000796-T1
GF00003629	CHIFNET14NJ214_004627-T1	DBVPG3775_000795-T1
GF00003630	CHIFNET14NJ214_004629-T1	DBVPG3775_003148-T1
GF00003631	CHIFNET14NJ214_006363-T1	DBVPG3775_003146-T1
GF00003632	CHIFNET14NJ214_006364-T1	DBVPG3775_003145-T1
GF00003633	CHIFNET14NJ214_006365-T1	DBVPG3775_003144-T1
GF00003634	CHIFNET14NJ214_004676-T1	DBVPG3775_001330-T1
GF00003635	CHIFNET14NJ214_004678-T1	DBVPG3775_001327-T1
GF00003636	CHIFNET14NJ214_010766-T1	DBVPG3775_001326-T1
GF00003637	CHIFNET14NJ214_004680-T1	DBVPG3775_001325-T1
GF00003638	CHIFNET14NJ214_010764-T1	DBVPG3775_001324-T1
GF00003639	CHIFNET14NJ214_004682-T1	DBVPG3775_001323-T1
GF00003640	CHIFNET14NJ214_004686-T1	DBVPG3775_001317-T1
GF00003641	CHIFNET14NJ214_004687-T1	DBVPG3775_001316-T1
GF00003642	CHIFNET14NJ214_005337-T1	DBVPG3775_001309-T1
GF00003643	CHIFNET14NJ214_004693-T1	DBVPG3775_001308-T1
GF00003644	CHIFNET14NJ214_005335-T1	DBVPG3775_001307-T1
GF00003645	CHIFNET14NJ214_004696-T1	DBVPG3775_001304-T1
GF00003646	CHIFNET14NJ214_005332-T1	DBVPG3775_001303-T1
GF00003647	CHIFNET14NJ214_004698-T1	DBVPG3775_001302-T1
GF00003648	CHIFNET14NJ214_004699-T1	DBVPG3775_001301-T1
GF00003649	CHIFNET14NJ214_004700-T1	DBVPG3775_001300-T1
GF00003650	CHIFNET14NJ214_004701-T1	DBVPG3775_001299-T1
GF00003651	CHIFNET14NJ214_004710-T1	DBVPG3775_005029-T1
GF00003652	CHIFNET14NJ214_004712-T1	DBVPG3775_005032-T1
GF00003653	CHIFNET14NJ214_004713-T1	DBVPG3775_005033-T1
GF00003654	CHIFNET14NJ214_007545-T1	DBVPG3775_000962-T1
GF00003655	CHIFNET14NJ214_004715-T1	DBVPG3775_005035-T1
GF00003656	CHIFNET14NJ214_004716-T1	DBVPG3775_005036-T1
GF00003657	CHIFNET14NJ214_004717-T1	DBVPG3775_005037-T1
GF00003658	CHIFNET14NJ214_007601-T1	DBVPG3775_005040-T1
GF00003659	CHIFNET14NJ214_007599-T1	DBVPG3775_005042-T1
GF00003660	CHIFNET14NJ214_013061-T1	DBVPG3775_000752-T1
GF00003661	CHIFNET14NJ214_004727-T1	DBVPG3775_000755-T1
GF00003662	CHIFNET14NJ214_004728-T1	DBVPG3775_000756-T1
GF00003663	CHIFNET14NJ214_004735-T1	DBVPG3775_000761-T1
GF00003664	CHIFNET14NJ214_012311-T1	DBVPG3775_000762-T1
GF00003665	CHIFNET14NJ214_004739-T1	DBVPG3775_000765-T1
GF00003666	CHIFNET14NJ214_004740-T1	DBVPG3775_000766-T1
GF00003667	CHIFNET14NJ214_004744-T1	DBVPG3775_000771-T1
GF00003668	CHIFNET14NJ214_004745-T1	DBVPG3775_000772-T1
GF00003669	CHIFNET14NJ214_004751-T1	DBVPG3775_006598-T1
GF00003670	CHIFNET14NJ214_004752-T1	DBVPG3775_006613-T1
GF00003671	CHIFNET14NJ214_005667-T1	DBVPG3775_006614-T1
GF00003672	CHIFNET14NJ214_004758-T1	DBVPG3775_006620-T1
GF00003673	CHIFNET14NJ214_004759-T1	DBVPG3775_006621-T1
GF00003674	CHIFNET14NJ214_004760-T1	DBVPG3775_006622-T1
GF00003675	CHIFNET14NJ214_004761-T1	DBVPG3775_006623-T1
GF00003676	CHIFNET14NJ214_005154-T1	DBVPG3775_001177-T1
GF00003677	CHIFNET14NJ214_004802-T1	DBVPG3775_004670-T1
GF00003678	CHIFNET14NJ214_004803-T1	DBVPG3775_004671-T1
GF00003679	CHIFNET14NJ214_004806-T1	DBVPG3775_004676-T1
GF00003680	CHIFNET14NJ214_004807-T1	DBVPG3775_004677-T1
GF00003681	CHIFNET14NJ214_004901-T1	DBVPG3775_006060-T1
GF00003682	CHIFNET14NJ214_004902-T1	DBVPG3775_006059-T1
GF00003683	CHIFNET14NJ214_004903-T1	DBVPG3775_006058-T1
GF00003684	CHIFNET14NJ214_004904-T1	DBVPG3775_006057-T1
GF00003685	CHIFNET14NJ214_004905-T1	DBVPG3775_006056-T1
GF00003686	CHIFNET14NJ214_004906-T1	DBVPG3775_006055-T1
GF00003687	CHIFNET14NJ214_004853-T1	DBVPG3775_006054-T1
GF00003688	CHIFNET14NJ214_004908-T1	DBVPG3775_006053-T1
GF00003689	CHIFNET14NJ214_004855-T1	DBVPG3775_006052-T1
GF00003690	CHIFNET14NJ214_014290-T1	DBVPG3775_007258-T1
GF00003691	CHIFNET14NJ214_004879-T1	DBVPG3775_006222-T1
GF00003692	CHIFNET14NJ214_004911-T1	DBVPG3775_006050-T1
GF00003693	CHIFNET14NJ214_004912-T1	DBVPG3775_006049-T1
GF00003694	CHIFNET14NJ214_004913-T1	DBVPG3775_006048-T1
GF00003695	CHIFNET14NJ214_012187-T1	DBVPG3775_004357-T1
GF00003696	CHIFNET14NJ214_004948-T1	DBVPG3775_002324-T1
GF00003697	CHIFNET14NJ214_004949-T1	DBVPG3775_002323-T1
GF00003698	CHIFNET14NJ214_013075-T1	DBVPG3775_002322-T1
GF00003699	CHIFNET14NJ214_013073-T1	DBVPG3775_002320-T1
GF00003700	CHIFNET14NJ214_013072-T1	DBVPG3775_002319-T1
GF00003701	CHIFNET14NJ214_004957-T1	DBVPG3775_002315-T1
GF00003702	CHIFNET14NJ214_010740-T1	DBVPG3775_002314-T1
GF00003703	CHIFNET14NJ214_004962-T1	DBVPG3775_002310-T1
GF00003704	CHIFNET14NJ214_004966-T1	DBVPG3775_002305-T1
GF00003705	CHIFNET14NJ214_011201-T1	DBVPG3775_000654-T1
GF00003706	CHIFNET14NJ214_004994-T1	DBVPG3775_000652-T1
GF00003707	CHIFNET14NJ214_004995-T1	DBVPG3775_000651-T1
GF00003708	CHIFNET14NJ214_004996-T1	DBVPG3775_000650-T1
GF00003709	CHIFNET14NJ214_004998-T1	DBVPG3775_000645-T1
GF00003710	CHIFNET14NJ214_013705-T1	DBVPG3775_000648-T1
GF00003711	CHIFNET14NJ214_005003-T1	DBVPG3775_000643-T1
GF00003712	CHIFNET14NJ214_005004-T1	DBVPG3775_000642-T1
GF00003713	CHIFNET14NJ214_005005-T1	DBVPG3775_000641-T1
GF00003714	CHIFNET14NJ214_005006-T1	DBVPG3775_000640-T1
GF00003715	CHIFNET14NJ214_011091-T1	DBVPG3775_000638-T1
GF00003716	CHIFNET14NJ214_005008-T1	DBVPG3775_000637-T1
GF00003717	CHIFNET14NJ214_005013-T1	DBVPG3775_000632-T1
GF00003718	CHIFNET14NJ214_006544-T1	DBVPG3775_006957-T1
GF00003719	CHIFNET14NJ214_006541-T1	DBVPG3775_006960-T1
GF00003720	CHIFNET14NJ214_010111-T1	DBVPG3775_005359-T1
GF00003721	CHIFNET14NJ214_005025-T1	DBVPG3775_006969-T1
GF00003722	CHIFNET14NJ214_005026-T1	DBVPG3775_006970-T1
GF00003723	CHIFNET14NJ214_006533-T1	DBVPG3775_006971-T1
GF00003724	CHIFNET14NJ214_005029-T1	DBVPG3775_006973-T1
GF00003725	CHIFNET14NJ214_005035-T1	DBVPG3775_001735-T1
GF00003726	CHIFNET14NJ214_005037-T1	DBVPG3775_001733-T1
GF00003727	CHIFNET14NJ214_005038-T1	DBVPG3775_001732-T1
GF00003728	CHIFNET14NJ214_008941-T1	DBVPG3775_001730-T1
GF00003729	CHIFNET14NJ214_008940-T1	DBVPG3775_001729-T1
GF00003730	CHIFNET14NJ214_008938-T1	DBVPG3775_001727-T1
GF00003731	CHIFNET14NJ214_008937-T1	DBVPG3775_001726-T1
GF00003732	CHIFNET14NJ214_005045-T1	DBVPG3775_001725-T1
GF00003733	CHIFNET14NJ214_005046-T1	DBVPG3775_001724-T1
GF00003734	CHIFNET14NJ214_008933-T1	DBVPG3775_001721-T1
GF00003735	CHIFNET14NJ214_010985-T1	DBVPG3775_001714-T1
GF00003736	CHIFNET14NJ214_010988-T1	DBVPG3775_001712-T1
GF00003737	CHIFNET14NJ214_007516-T1	DBVPG3775_004256-T1
GF00003738	CHIFNET14NJ214_005089-T1	DBVPG3775_004255-T1
GF00003739	CHIFNET14NJ214_005092-T1	DBVPG3775_004252-T1
GF00003740	CHIFNET14NJ214_005095-T1	DBVPG3775_004247-T1
GF00003741	CHIFNET14NJ214_005096-T1	DBVPG3775_004245-T1
GF00003742	CHIFNET14NJ214_009136-T1	DBVPG3775_004244-T1
GF00003743	CHIFNET14NJ214_005099-T1	DBVPG3775_004241-T1
GF00003744	CHIFNET14NJ214_005100-T1	DBVPG3775_004240-T1
GF00003745	CHIFNET14NJ214_005101-T1	DBVPG3775_004239-T1
GF00003746	CHIFNET14NJ214_012039-T1	DBVPG3775_003970-T1
GF00003747	CHIFNET14NJ214_005106-T1	DBVPG3775_001802-T1
GF00003748	CHIFNET14NJ214_005107-T1	DBVPG3775_001803-T1
GF00003749	CHIFNET14NJ214_007243-T1	DBVPG3775_001805-T1
GF00003750	CHIFNET14NJ214_008711-T1	DBVPG3775_001807-T1
GF00003751	CHIFNET14NJ214_008710-T1	DBVPG3775_001808-T1
GF00003752	CHIFNET14NJ214_005113-T1	DBVPG3775_001809-T1
GF00003753	CHIFNET14NJ214_005115-T1	DBVPG3775_001811-T1
GF00003754	CHIFNET14NJ214_008706-T1	DBVPG3775_001812-T1
GF00003755	CHIFNET14NJ214_005119-T1	DBVPG3775_001815-T1
GF00003756	CHIFNET14NJ214_013494-T1	DBVPG3775_004499-T1
GF00003757	CHIFNET14NJ214_005123-T1	DBVPG3775_004500-T1
GF00003758	CHIFNET14NJ214_005124-T1	DBVPG3775_004501-T1
GF00003759	CHIFNET14NJ214_014195-T1	DBVPG3775_004506-T1
GF00003760	CHIFNET14NJ214_005130-T1	DBVPG3775_004507-T1
GF00003761	CHIFNET14NJ214_005133-T1	DBVPG3775_004509-T1
GF00003762	CHIFNET14NJ214_013515-T1	DBVPG3775_007519-T1
GF00003763	CHIFNET14NJ214_007057-T1	DBVPG3775_004511-T1
GF00003764	CHIFNET14NJ214_007053-T1	DBVPG3775_004516-T1
GF00003765	CHIFNET14NJ214_007052-T1	DBVPG3775_004517-T1
GF00003766	CHIFNET14NJ214_005724-T1	DBVPG3775_001164-T1
GF00003767	CHIFNET14NJ214_005143-T1	DBVPG3775_001165-T1
GF00003768	CHIFNET14NJ214_005144-T1	DBVPG3775_001166-T1
GF00003769	CHIFNET14NJ214_005146-T1	DBVPG3775_001168-T1
GF00003770	CHIFNET14NJ214_005719-T1	DBVPG3775_001169-T1
GF00003771	CHIFNET14NJ214_005148-T1	DBVPG3775_001171-T1
GF00003772	CHIFNET14NJ214_005151-T1	DBVPG3775_001174-T1
GF00003773	CHIFNET14NJ214_005152-T1	DBVPG3775_001175-T1
GF00003774	CHIFNET14NJ214_005153-T1	DBVPG3775_001176-T1
GF00003775	CHIFNET14NJ214_005155-T1	DBVPG3775_001179-T1
GF00003776	CHIFNET14NJ214_005157-T1	DBVPG3775_001181-T1
GF00003777	CHIFNET14NJ214_010474-T1	DBVPG3775_001182-T1
GF00003778	CHIFNET14NJ214_005159-T1	DBVPG3775_001183-T1
GF00003779	CHIFNET14NJ214_005162-T1	DBVPG3775_003194-T1
GF00003780	CHIFNET14NJ214_005166-T1	DBVPG3775_003199-T1
GF00003781	CHIFNET14NJ214_005173-T1	DBVPG3775_003208-T1
GF00003782	CHIFNET14NJ214_005176-T1	DBVPG3775_003211-T1
GF00003783	CHIFNET14NJ214_005177-T1	DBVPG3775_003212-T1
GF00003784	CHIFNET14NJ214_005178-T1	DBVPG3775_003213-T1
GF00003785	CHIFNET14NJ214_005181-T1	DBVPG3775_003216-T1
GF00003786	CHIFNET14NJ214_005184-T1	DBVPG3775_003219-T1
GF00003787	CHIFNET14NJ214_005185-T1	DBVPG3775_003220-T1
GF00003788	CHIFNET14NJ214_005186-T1	DBVPG3775_003221-T1
GF00003789	CHIFNET14NJ214_006755-T1	DBVPG3775_003222-T1
GF00003790	CHIFNET14NJ214_010786-T1	DBVPG3775_001342-T1
GF00003791	CHIFNET14NJ214_005192-T1	DBVPG3775_001341-T1
GF00003792	CHIFNET14NJ214_005197-T1	DBVPG3775_005551-T1
GF00003793	CHIFNET14NJ214_005344-T1	DBVPG3775_005552-T1
GF00003794	CHIFNET14NJ214_005199-T1	DBVPG3775_005553-T1
GF00003795	CHIFNET14NJ214_005346-T1	DBVPG3775_005554-T1
GF00003796	CHIFNET14NJ214_005202-T1	DBVPG3775_005557-T1
GF00003797	CHIFNET14NJ214_005203-T1	DBVPG3775_005558-T1
GF00003798	CHIFNET14NJ214_005351-T1	DBVPG3775_005559-T1
GF00003799	CHIFNET14NJ214_005205-T1	DBVPG3775_005560-T1
GF00003800	CHIFNET14NJ214_005353-T1	DBVPG3775_005561-T1
GF00003801	CHIFNET14NJ214_005354-T1	DBVPG3775_005562-T1
GF00003802	CHIFNET14NJ214_013282-T1	DBVPG3775_002447-T1
GF00003803	CHIFNET14NJ214_013281-T1	DBVPG3775_002448-T1
GF00003804	CHIFNET14NJ214_005225-T1	DBVPG3775_002449-T1
GF00003805	CHIFNET14NJ214_005226-T1	DBVPG3775_002450-T1
GF00003806	CHIFNET14NJ214_011917-T1	DBVPG3775_006891-T1
GF00003807	CHIFNET14NJ214_011915-T1	DBVPG3775_006894-T1
GF00003808	CHIFNET14NJ214_005287-T1	DBVPG3775_004187-T1
GF00003809	CHIFNET14NJ214_005288-T1	DBVPG3775_004188-T1
GF00003810	CHIFNET14NJ214_005289-T1	DBVPG3775_004189-T1
GF00003811	CHIFNET14NJ214_005290-T1	DBVPG3775_004190-T1
GF00003812	CHIFNET14NJ214_005291-T1	DBVPG3775_004191-T1
GF00003813	CHIFNET14NJ214_005292-T1	DBVPG3775_004192-T1
GF00003814	CHIFNET14NJ214_008485-T1	DBVPG3775_004195-T1
GF00003815	CHIFNET14NJ214_005296-T1	DBVPG3775_004196-T1
GF00003816	CHIFNET14NJ214_005297-T1	DBVPG3775_004198-T1
GF00003817	CHIFNET14NJ214_011985-T1	DBVPG3775_002081-T1
GF00003818	CHIFNET14NJ214_005315-T1	DBVPG3775_002080-T1
GF00003819	CHIFNET14NJ214_005316-T1	DBVPG3775_002079-T1
GF00003820	CHIFNET14NJ214_005319-T1	DBVPG3775_002075-T1
GF00003821	CHIFNET14NJ214_009395-T1	DBVPG3775_001292-T1
GF00003822	CHIFNET14NJ214_005322-T1	DBVPG3775_001293-T1
GF00003823	CHIFNET14NJ214_005323-T1	DBVPG3775_001294-T1
GF00003824	CHIFNET14NJ214_005324-T1	DBVPG3775_001295-T1
GF00003825	CHIFNET14NJ214_005358-T1	DBVPG3775_005567-T1
GF00003826	CHIFNET14NJ214_005361-T1	DBVPG3775_005570-T1
GF00003827	CHIFNET14NJ214_014250-T1	DBVPG3775_000292-T1
GF00003828	CHIFNET14NJ214_010574-T1	DBVPG3775_000289-T1
GF00003829	CHIFNET14NJ214_005369-T1	DBVPG3775_000286-T1
GF00003830	CHIFNET14NJ214_005370-T1	DBVPG3775_000285-T1
GF00003831	CHIFNET14NJ214_005371-T1	DBVPG3775_000284-T1
GF00003832	CHIFNET14NJ214_005373-T1	DBVPG3775_000280-T1
GF00003833	CHIFNET14NJ214_005376-T1	DBVPG3775_000277-T1
GF00003834	CHIFNET14NJ214_012304-T1	DBVPG3775_000276-T1
GF00003835	CHIFNET14NJ214_012303-T1	DBVPG3775_000275-T1
GF00003836	CHIFNET14NJ214_005379-T1	DBVPG3775_000274-T1
GF00003837	CHIFNET14NJ214_012301-T1	DBVPG3775_000273-T1
GF00003838	CHIFNET14NJ214_005381-T1	DBVPG3775_000272-T1
GF00003839	CHIFNET14NJ214_005386-T1	DBVPG3775_000524-T1
GF00003840	CHIFNET14NJ214_005387-T1	DBVPG3775_000525-T1
GF00003841	CHIFNET14NJ214_010488-T1	DBVPG3775_000529-T1
GF00003842	CHIFNET14NJ214_010489-T1	DBVPG3775_000530-T1
GF00003843	CHIFNET14NJ214_010490-T1	DBVPG3775_000531-T1
GF00003844	CHIFNET14NJ214_005395-T1	DBVPG3775_000532-T1
GF00003845	CHIFNET14NJ214_010492-T1	DBVPG3775_000533-T1
GF00003846	CHIFNET14NJ214_010493-T1	DBVPG3775_000534-T1
GF00003847	CHIFNET14NJ214_005399-T1	DBVPG3775_000537-T1
GF00003848	CHIFNET14NJ214_005400-T1	DBVPG3775_000538-T1
GF00003849	CHIFNET14NJ214_005401-T1	DBVPG3775_000539-T1
GF00003850	CHIFNET14NJ214_012805-T1	DBVPG3775_000541-T1
GF00003851	CHIFNET14NJ214_012806-T1	DBVPG3775_000542-T1
GF00003852	CHIFNET14NJ214_011311-T1	DBVPG3775_003492-T1
GF00003853	CHIFNET14NJ214_005408-T1	DBVPG3775_003493-T1
GF00003854	CHIFNET14NJ214_005409-T1	DBVPG3775_003494-T1
GF00003855	CHIFNET14NJ214_005410-T1	DBVPG3775_003495-T1
GF00003856	CHIFNET14NJ214_005414-T1	DBVPG3775_003499-T1
GF00003857	CHIFNET14NJ214_005415-T1	DBVPG3775_003500-T1
GF00003858	CHIFNET14NJ214_005418-T1	DBVPG3775_003504-T1
GF00003859	CHIFNET14NJ214_005419-T1	DBVPG3775_003505-T1
GF00003860	CHIFNET14NJ214_008418-T1	DBVPG3775_003506-T1
GF00003861	CHIFNET14NJ214_008417-T1	DBVPG3775_003507-T1
GF00003862	CHIFNET14NJ214_008416-T1	DBVPG3775_003508-T1
GF00003863	CHIFNET14NJ214_008415-T1	DBVPG3775_003509-T1
GF00003864	CHIFNET14NJ214_005426-T1	DBVPG3775_003513-T1
GF00003865	CHIFNET14NJ214_005429-T1	DBVPG3775_005133-T1
GF00003866	CHIFNET14NJ214_009170-T1	DBVPG3775_005134-T1
GF00003867	CHIFNET14NJ214_005432-T1	DBVPG3775_005136-T1
GF00003868	CHIFNET14NJ214_009173-T1	DBVPG3775_005137-T1
GF00003869	CHIFNET14NJ214_009176-T1	DBVPG3775_005140-T1
GF00003870	CHIFNET14NJ214_005436-T1	DBVPG3775_005141-T1
GF00003871	CHIFNET14NJ214_005437-T1	DBVPG3775_005142-T1
GF00003872	CHIFNET14NJ214_005616-T1	DBVPG3775_003973-T1
GF00003873	CHIFNET14NJ214_005615-T1	DBVPG3775_003974-T1
GF00003874	CHIFNET14NJ214_005441-T1	DBVPG3775_003975-T1
GF00003875	CHIFNET14NJ214_005613-T1	DBVPG3775_003976-T1
GF00003876	CHIFNET14NJ214_005612-T1	DBVPG3775_003977-T1
GF00003877	CHIFNET14NJ214_005444-T1	DBVPG3775_003978-T1
GF00003878	CHIFNET14NJ214_005445-T1	DBVPG3775_003979-T1
GF00003879	CHIFNET14NJ214_005607-T1	DBVPG3775_003983-T1
GF00003880	CHIFNET14NJ214_005451-T1	DBVPG3775_003985-T1
GF00003881	CHIFNET14NJ214_005454-T1	DBVPG3775_003110-T1
GF00003882	CHIFNET14NJ214_005455-T1	DBVPG3775_003109-T1
GF00003883	CHIFNET14NJ214_008802-T1	DBVPG3775_003106-T1
GF00003884	CHIFNET14NJ214_005460-T1	DBVPG3775_003103-T1
GF00003885	CHIFNET14NJ214_005461-T1	DBVPG3775_003102-T1
GF00003886	CHIFNET14NJ214_008807-T1	DBVPG3775_003101-T1
GF00003887	CHIFNET14NJ214_008809-T1	DBVPG3775_003099-T1
GF00003888	CHIFNET14NJ214_008811-T1	DBVPG3775_003097-T1
GF00003889	CHIFNET14NJ214_005469-T1	DBVPG3775_003094-T1
GF00003890	CHIFNET14NJ214_013129-T1	DBVPG3775_003093-T1
GF00003891	CHIFNET14NJ214_005471-T1	DBVPG3775_003092-T1
GF00003892	CHIFNET14NJ214_005472-T1	DBVPG3775_003091-T1
GF00003893	CHIFNET14NJ214_011503-T1	DBVPG3775_000600-T1
GF00003894	CHIFNET14NJ214_012517-T1	DBVPG3775_007163-T1
GF00003895	CHIFNET14NJ214_005502-T1	DBVPG3775_000598-T1
GF00003896	CHIFNET14NJ214_005505-T1	DBVPG3775_000595-T1
GF00003897	CHIFNET14NJ214_011497-T1	DBVPG3775_000593-T1
GF00003898	CHIFNET14NJ214_007232-T1	DBVPG3775_001915-T1
GF00003899	CHIFNET14NJ214_005510-T1	DBVPG3775_000590-T1
GF00003900	CHIFNET14NJ214_013079-T1	DBVPG3775_000588-T1
GF00003901	CHIFNET14NJ214_005513-T1	DBVPG3775_000587-T1
GF00003902	CHIFNET14NJ214_005516-T1	DBVPG3775_000585-T1
GF00003903	CHIFNET14NJ214_005518-T1	DBVPG3775_000583-T1
GF00003904	CHIFNET14NJ214_005527-T1	DBVPG3775_000582-T1
GF00003905	CHIFNET14NJ214_005750-T1	DBVPG3775_006161-T1
GF00003906	CHIFNET14NJ214_005528-T1	DBVPG3775_000581-T1
GF00003907	CHIFNET14NJ214_005521-T1	DBVPG3775_000580-T1
GF00003908	CHIFNET14NJ214_005522-T1	DBVPG3775_000579-T1
GF00003909	CHIFNET14NJ214_005536-T1	DBVPG3775_000571-T1
GF00003910	CHIFNET14NJ214_009278-T1	DBVPG3775_000568-T1
GF00003911	CHIFNET14NJ214_005539-T1	DBVPG3775_000567-T1
GF00003912	CHIFNET14NJ214_005540-T1	DBVPG3775_000566-T1
GF00003913	CHIFNET14NJ214_005542-T1	DBVPG3775_000563-T1
GF00003914	CHIFNET14NJ214_013809-T1	DBVPG3775_000561-T1
GF00003915	CHIFNET14NJ214_008553-T1	DBVPG3775_001607-T1
GF00003916	CHIFNET14NJ214_008554-T1	DBVPG3775_001608-T1
GF00003917	CHIFNET14NJ214_005564-T1	DBVPG3775_001609-T1
GF00003918	CHIFNET14NJ214_005567-T1	DBVPG3775_005500-T1
GF00003919	CHIFNET14NJ214_005568-T1	DBVPG3775_005501-T1
GF00003920	CHIFNET14NJ214_011600-T1	DBVPG3775_005502-T1
GF00003921	CHIFNET14NJ214_011602-T1	DBVPG3775_005504-T1
GF00003922	CHIFNET14NJ214_011604-T1	DBVPG3775_005506-T1
GF00003923	CHIFNET14NJ214_005574-T1	DBVPG3775_005507-T1
GF00003924	CHIFNET14NJ214_011606-T1	DBVPG3775_005508-T1
GF00003925	CHIFNET14NJ214_011607-T1	DBVPG3775_005509-T1
GF00003926	CHIFNET14NJ214_005579-T1	DBVPG3775_005512-T1
GF00003927	CHIFNET14NJ214_005580-T1	DBVPG3775_005513-T1
GF00003928	CHIFNET14NJ214_005581-T1	DBVPG3775_005514-T1
GF00003929	CHIFNET14NJ214_012322-T1	DBVPG3775_005515-T1
GF00003930	CHIFNET14NJ214_005583-T1	DBVPG3775_005516-T1
GF00003931	CHIFNET14NJ214_005584-T1	DBVPG3775_005517-T1
GF00003932	CHIFNET14NJ214_005586-T1	DBVPG3775_005519-T1
GF00003933	CHIFNET14NJ214_006143-T1	DBVPG3775_005520-T1
GF00003934	CHIFNET14NJ214_005589-T1	DBVPG3775_005522-T1
GF00003935	CHIFNET14NJ214_005593-T1	DBVPG3775_003999-T1
GF00003936	CHIFNET14NJ214_005596-T1	DBVPG3775_003996-T1
GF00003937	CHIFNET14NJ214_011760-T1	DBVPG3775_003991-T1
GF00003938	CHIFNET14NJ214_005600-T1	DBVPG3775_003990-T1
GF00003939	CHIFNET14NJ214_005601-T1	DBVPG3775_003989-T1
GF00003940	CHIFNET14NJ214_005602-T1	DBVPG3775_003988-T1
GF00003941	CHIFNET14NJ214_005603-T1	DBVPG3775_003987-T1
GF00003942	CHIFNET14NJ214_005619-T1	DBVPG3775_007430-T1
GF00003943	CHIFNET14NJ214_005622-T1	DBVPG3775_007426-T1
GF00003944	CHIFNET14NJ214_005626-T1	DBVPG3775_007422-T1
GF00003945	CHIFNET14NJ214_007682-T1	DBVPG3775_007420-T1
GF00003946	CHIFNET14NJ214_005629-T1	DBVPG3775_007419-T1
GF00003947	CHIFNET14NJ214_005635-T1	DBVPG3775_006589-T1
GF00003948	CHIFNET14NJ214_005651-T1	DBVPG3775_003253-T1
GF00003949	CHIFNET14NJ214_006723-T1	DBVPG3775_003250-T1
GF00003950	CHIFNET14NJ214_012728-T1	DBVPG3775_002905-T1
GF00003951	CHIFNET14NJ214_005660-T1	DBVPG3775_003243-T1
GF00003952	CHIFNET14NJ214_006714-T1	DBVPG3775_003241-T1
GF00003953	CHIFNET14NJ214_005663-T1	DBVPG3775_003240-T1
GF00003954	CHIFNET14NJ214_006712-T1	DBVPG3775_003239-T1
GF00003955	CHIFNET14NJ214_005665-T1	DBVPG3775_003238-T1
GF00003956	CHIFNET14NJ214_005671-T1	DBVPG3775_006596-T1
GF00003957	CHIFNET14NJ214_005672-T1	DBVPG3775_006595-T1
GF00003958	CHIFNET14NJ214_005674-T1	DBVPG3775_001014-T1
GF00003959	CHIFNET14NJ214_005675-T1	DBVPG3775_001013-T1
GF00003960	CHIFNET14NJ214_005676-T1	DBVPG3775_001012-T1
GF00003961	CHIFNET14NJ214_011742-T1	DBVPG3775_001010-T1
GF00003962	CHIFNET14NJ214_011743-T1	DBVPG3775_001009-T1
GF00003963	CHIFNET14NJ214_011744-T1	DBVPG3775_001008-T1
GF00003964	CHIFNET14NJ214_005684-T1	DBVPG3775_001004-T1
GF00003965	CHIFNET14NJ214_005685-T1	DBVPG3775_001003-T1
GF00003966	CHIFNET14NJ214_010162-T1	DBVPG3775_001002-T1
GF00003967	CHIFNET14NJ214_010159-T1	DBVPG3775_000998-T1
GF00003968	CHIFNET14NJ214_005691-T1	DBVPG3775_000997-T1
GF00003969	CHIFNET14NJ214_010157-T1	DBVPG3775_000996-T1
GF00003970	CHIFNET14NJ214_005733-T1	DBVPG3775_006181-T1
GF00003971	CHIFNET14NJ214_005734-T1	DBVPG3775_006180-T1
GF00003972	CHIFNET14NJ214_013549-T1	DBVPG3775_006179-T1
GF00003973	CHIFNET14NJ214_005740-T1	DBVPG3775_006173-T1
GF00003974	CHIFNET14NJ214_005741-T1	DBVPG3775_006172-T1
GF00003975	CHIFNET14NJ214_006012-T1	DBVPG3775_006169-T1
GF00003976	CHIFNET14NJ214_006011-T1	DBVPG3775_006168-T1
GF00003977	CHIFNET14NJ214_005745-T1	DBVPG3775_006167-T1
GF00003978	CHIFNET14NJ214_006009-T1	DBVPG3775_006165-T1
GF00003979	CHIFNET14NJ214_005747-T1	DBVPG3775_006164-T1
GF00003980	CHIFNET14NJ214_005748-T1	DBVPG3775_006163-T1
GF00003981	CHIFNET14NJ214_005749-T1	DBVPG3775_006162-T1
GF00003982	CHIFNET14NJ214_005807-T1	DBVPG3775_004776-T1
GF00003983	CHIFNET14NJ214_005808-T1	DBVPG3775_004775-T1
GF00003984	CHIFNET14NJ214_005810-T1	DBVPG3775_004773-T1
GF00003985	CHIFNET14NJ214_005813-T1	DBVPG3775_004770-T1
GF00003986	CHIFNET14NJ214_013778-T1	DBVPG3775_004762-T1
GF00003987	CHIFNET14NJ214_005823-T1	DBVPG3775_004759-T1
GF00003988	CHIFNET14NJ214_012873-T1	DBVPG3775_004758-T1
GF00003989	CHIFNET14NJ214_009502-T1	DBVPG3775_004130-T1
GF00003990	CHIFNET14NJ214_005919-T1	DBVPG3775_004129-T1
GF00003991	CHIFNET14NJ214_009500-T1	DBVPG3775_004128-T1
GF00003992	CHIFNET14NJ214_005922-T1	DBVPG3775_004126-T1
GF00003993	CHIFNET14NJ214_005923-T1	DBVPG3775_004125-T1
GF00003994	CHIFNET14NJ214_008061-T1	DBVPG3775_004124-T1
GF00003995	CHIFNET14NJ214_008060-T1	DBVPG3775_004123-T1
GF00003996	CHIFNET14NJ214_005930-T1	DBVPG3775_004115-T1
GF00003997	CHIFNET14NJ214_005992-T1	DBVPG3775_006148-T1
GF00003998	CHIFNET14NJ214_009425-T1	DBVPG3775_006149-T1
GF00003999	CHIFNET14NJ214_009426-T1	DBVPG3775_006150-T1
GF00004000	CHIFNET14NJ214_005995-T1	DBVPG3775_006151-T1
GF00004001	CHIFNET14NJ214_005996-T1	DBVPG3775_006152-T1
GF00004002	CHIFNET14NJ214_009429-T1	DBVPG3775_006153-T1
GF00004003	CHIFNET14NJ214_005998-T1	DBVPG3775_006154-T1
GF00004004	CHIFNET14NJ214_006035-T1	DBVPG3775_004496-T1
GF00004005	CHIFNET14NJ214_012843-T1	DBVPG3775_004493-T1
GF00004006	CHIFNET14NJ214_012845-T1	DBVPG3775_004491-T1
GF00004007	CHIFNET14NJ214_009129-T1	DBVPG3775_004487-T1
GF00004008	CHIFNET14NJ214_006042-T1	DBVPG3775_004485-T1
GF00004009	CHIFNET14NJ214_006045-T1	DBVPG3775_006507-T1
GF00004010	CHIFNET14NJ214_009123-T1	DBVPG3775_006509-T1
GF00004011	CHIFNET14NJ214_006072-T1	DBVPG3775_003807-T1
GF00004012	CHIFNET14NJ214_006073-T1	DBVPG3775_003808-T1
GF00004013	CHIFNET14NJ214_006074-T1	DBVPG3775_003809-T1
GF00004014	CHIFNET14NJ214_006076-T1	DBVPG3775_003812-T1
GF00004015	CHIFNET14NJ214_006119-T1	DBVPG3775_000476-T1
GF00004016	CHIFNET14NJ214_012759-T1	DBVPG3775_000477-T1
GF00004017	CHIFNET14NJ214_009400-T1	DBVPG3775_000484-T1
GF00004018	CHIFNET14NJ214_009401-T1	DBVPG3775_000485-T1
GF00004019	CHIFNET14NJ214_006129-T1	DBVPG3775_000486-T1
GF00004020	CHIFNET14NJ214_006131-T1	DBVPG3775_000489-T1
GF00004021	CHIFNET14NJ214_006132-T1	DBVPG3775_000490-T1
GF00004022	CHIFNET14NJ214_009405-T1	DBVPG3775_000491-T1
GF00004023	CHIFNET14NJ214_009406-T1	DBVPG3775_000497-T1
GF00004024	CHIFNET14NJ214_006137-T1	DBVPG3775_000498-T1
GF00004025	CHIFNET14NJ214_006138-T1	DBVPG3775_000499-T1
GF00004026	CHIFNET14NJ214_006139-T1	DBVPG3775_000500-T1
GF00004027	CHIFNET14NJ214_009410-T1	DBVPG3775_000501-T1
GF00004028	CHIFNET14NJ214_011235-T1	DBVPG3775_005526-T1
GF00004029	CHIFNET14NJ214_011234-T1	DBVPG3775_005527-T1
GF00004030	CHIFNET14NJ214_006150-T1	DBVPG3775_005530-T1
GF00004031	CHIFNET14NJ214_006152-T1	DBVPG3775_005532-T1
GF00004032	CHIFNET14NJ214_006155-T1	DBVPG3775_005535-T1
GF00004033	CHIFNET14NJ214_006156-T1	DBVPG3775_005536-T1
GF00004034	CHIFNET14NJ214_006157-T1	DBVPG3775_005537-T1
GF00004035	CHIFNET14NJ214_007754-T1	DBVPG3775_005538-T1
GF00004036	CHIFNET14NJ214_006159-T1	DBVPG3775_005539-T1
GF00004037	CHIFNET14NJ214_006162-T1	DBVPG3775_005542-T1
GF00004038	CHIFNET14NJ214_006165-T1	DBVPG3775_001126-T1
GF00004039	CHIFNET14NJ214_006166-T1	DBVPG3775_001125-T1
GF00004040	CHIFNET14NJ214_006167-T1	DBVPG3775_001124-T1
GF00004041	CHIFNET14NJ214_009517-T1	DBVPG3775_001121-T1
GF00004042	CHIFNET14NJ214_006171-T1	DBVPG3775_001120-T1
GF00004043	CHIFNET14NJ214_006175-T1	DBVPG3775_001115-T1
GF00004044	CHIFNET14NJ214_009511-T1	DBVPG3775_001114-T1
GF00004045	CHIFNET14NJ214_006185-T1	DBVPG3775_005997-T1
GF00004046	CHIFNET14NJ214_006186-T1	DBVPG3775_005998-T1
GF00004047	CHIFNET14NJ214_010556-T1	DBVPG3775_005999-T1
GF00004048	CHIFNET14NJ214_010555-T1	DBVPG3775_006000-T1
GF00004049	CHIFNET14NJ214_006189-T1	DBVPG3775_006001-T1
GF00004050	CHIFNET14NJ214_006190-T1	DBVPG3775_006002-T1
GF00004051	CHIFNET14NJ214_006191-T1	DBVPG3775_006003-T1
GF00004052	CHIFNET14NJ214_006195-T1	DBVPG3775_006007-T1
GF00004053	CHIFNET14NJ214_006198-T1	DBVPG3775_006010-T1
GF00004054	CHIFNET14NJ214_006199-T1	DBVPG3775_006011-T1
GF00004055	CHIFNET14NJ214_006200-T1	DBVPG3775_006012-T1
GF00004056	CHIFNET14NJ214_006207-T1	DBVPG3775_001421-T1
GF00004057	CHIFNET14NJ214_006227-T1	DBVPG3775_005471-T1
GF00004058	CHIFNET14NJ214_006228-T1	DBVPG3775_005470-T1
GF00004059	CHIFNET14NJ214_008643-T1	DBVPG3775_005468-T1
GF00004060	CHIFNET14NJ214_006232-T1	DBVPG3775_005465-T1
GF00004061	CHIFNET14NJ214_006233-T1	DBVPG3775_005464-T1
GF00004062	CHIFNET14NJ214_008638-T1	DBVPG3775_005463-T1
GF00004063	CHIFNET14NJ214_008637-T1	DBVPG3775_005462-T1
GF00004064	CHIFNET14NJ214_006236-T1	DBVPG3775_005461-T1
GF00004065	CHIFNET14NJ214_006237-T1	DBVPG3775_005460-T1
GF00004066	CHIFNET14NJ214_008634-T1	DBVPG3775_005459-T1
GF00004067	CHIFNET14NJ214_006239-T1	DBVPG3775_005458-T1
GF00004068	CHIFNET14NJ214_006278-T1	DBVPG3775_002640-T1
GF00004069	CHIFNET14NJ214_011951-T1	DBVPG3775_002639-T1
GF00004070	CHIFNET14NJ214_011950-T1	DBVPG3775_002637-T1
GF00004071	CHIFNET14NJ214_011949-T1	DBVPG3775_002636-T1
GF00004072	CHIFNET14NJ214_006286-T1	DBVPG3775_005236-T1
GF00004073	CHIFNET14NJ214_006287-T1	DBVPG3775_005237-T1
GF00004074	CHIFNET14NJ214_006289-T1	DBVPG3775_005239-T1
GF00004075	CHIFNET14NJ214_006290-T1	DBVPG3775_005240-T1
GF00004076	CHIFNET14NJ214_007861-T1	DBVPG3775_005241-T1
GF00004077	CHIFNET14NJ214_009309-T1	DBVPG3775_005245-T1
GF00004078	CHIFNET14NJ214_006296-T1	DBVPG3775_005247-T1
GF00004079	CHIFNET14NJ214_006298-T1	DBVPG3775_005249-T1
GF00004080	CHIFNET14NJ214_009305-T1	DBVPG3775_005250-T1
GF00004081	CHIFNET14NJ214_006301-T1	DBVPG3775_005253-T1
GF00004082	CHIFNET14NJ214_006303-T1	DBVPG3775_005255-T1
GF00004083	CHIFNET14NJ214_006324-T1	DBVPG3775_005113-T1
GF00004084	CHIFNET14NJ214_006327-T1	DBVPG3775_005110-T1
GF00004085	CHIFNET14NJ214_006329-T1	DBVPG3775_005108-T1
GF00004086	CHIFNET14NJ214_006330-T1	DBVPG3775_005107-T1
GF00004087	CHIFNET14NJ214_006332-T1	DBVPG3775_005105-T1
GF00004088	CHIFNET14NJ214_010045-T1	DBVPG3775_005104-T1
GF00004089	CHIFNET14NJ214_010044-T1	DBVPG3775_005103-T1
GF00004090	CHIFNET14NJ214_006335-T1	DBVPG3775_005102-T1
GF00004091	CHIFNET14NJ214_010041-T1	DBVPG3775_005100-T1
GF00004092	CHIFNET14NJ214_010040-T1	DBVPG3775_005099-T1
GF00004093	CHIFNET14NJ214_006339-T1	DBVPG3775_005098-T1
GF00004094	CHIFNET14NJ214_006340-T1	DBVPG3775_005097-T1
GF00004095	CHIFNET14NJ214_006341-T1	DBVPG3775_005096-T1
GF00004096	CHIFNET14NJ214_006342-T1	DBVPG3775_005095-T1
GF00004097	CHIFNET14NJ214_010035-T1	DBVPG3775_005094-T1
GF00004098	CHIFNET14NJ214_013097-T1	DBVPG3775_003166-T1
GF00004099	CHIFNET14NJ214_006348-T1	DBVPG3775_003161-T1
GF00004100	CHIFNET14NJ214_009968-T1	DBVPG3775_003160-T1
GF00004101	CHIFNET14NJ214_009969-T1	DBVPG3775_003159-T1
GF00004102	CHIFNET14NJ214_006351-T1	DBVPG3775_003158-T1
GF00004103	CHIFNET14NJ214_009971-T1	DBVPG3775_003157-T1
GF00004104	CHIFNET14NJ214_009973-T1	DBVPG3775_003155-T1
GF00004105	CHIFNET14NJ214_009976-T1	DBVPG3775_003151-T1
GF00004106	CHIFNET14NJ214_006359-T1	DBVPG3775_003150-T1
GF00004107	CHIFNET14NJ214_008799-T1	DBVPG3775_005386-T1
GF00004108	CHIFNET14NJ214_008798-T1	DBVPG3775_005385-T1
GF00004109	CHIFNET14NJ214_006369-T1	DBVPG3775_005384-T1
GF00004110	CHIFNET14NJ214_010147-T1	DBVPG3775_005378-T1
GF00004111	CHIFNET14NJ214_006374-T1	DBVPG3775_005377-T1
GF00004112	CHIFNET14NJ214_006375-T1	DBVPG3775_005376-T1
GF00004113	CHIFNET14NJ214_006376-T1	DBVPG3775_005375-T1
GF00004114	CHIFNET14NJ214_009916-T1	DBVPG3775_005373-T1
GF00004115	CHIFNET14NJ214_009918-T1	DBVPG3775_005371-T1
GF00004116	CHIFNET14NJ214_006383-T1	DBVPG3775_005369-T1
GF00004117	CHIFNET14NJ214_009921-T1	DBVPG3775_005368-T1
GF00004118	CHIFNET14NJ214_009922-T1	DBVPG3775_005367-T1
GF00004119	CHIFNET14NJ214_009923-T1	DBVPG3775_005366-T1
GF00004120	CHIFNET14NJ214_009038-T1	DBVPG3775_002511-T1
GF00004121	CHIFNET14NJ214_006410-T1	DBVPG3775_002512-T1
GF00004122	CHIFNET14NJ214_006411-T1	DBVPG3775_002513-T1
GF00004123	CHIFNET14NJ214_006412-T1	DBVPG3775_002514-T1
GF00004124	CHIFNET14NJ214_006413-T1	DBVPG3775_002515-T1
GF00004125	CHIFNET14NJ214_006416-T1	DBVPG3775_002518-T1
GF00004126	CHIFNET14NJ214_006419-T1	DBVPG3775_002519-T1
GF00004127	CHIFNET14NJ214_006420-T1	DBVPG3775_002520-T1
GF00004128	CHIFNET14NJ214_006425-T1	DBVPG3775_002525-T1
GF00004129	CHIFNET14NJ214_009160-T1	DBVPG3775_002528-T1
GF00004130	CHIFNET14NJ214_006457-T1	DBVPG3775_000787-T1
GF00004131	CHIFNET14NJ214_009576-T1	DBVPG3775_000785-T1
GF00004132	CHIFNET14NJ214_006461-T1	DBVPG3775_000784-T1
GF00004133	CHIFNET14NJ214_006462-T1	DBVPG3775_000783-T1
GF00004134	CHIFNET14NJ214_006464-T1	DBVPG3775_000781-T1
GF00004135	CHIFNET14NJ214_006466-T1	DBVPG3775_000779-T1
GF00004136	CHIFNET14NJ214_006473-T1	DBVPG3775_006087-T1
GF00004137	CHIFNET14NJ214_006474-T1	DBVPG3775_006088-T1
GF00004138	CHIFNET14NJ214_006814-T1	DBVPG3775_004579-T1
GF00004139	CHIFNET14NJ214_006493-T1	DBVPG3775_004580-T1
GF00004140	CHIFNET14NJ214_006816-T1	DBVPG3775_004581-T1
GF00004141	CHIFNET14NJ214_006818-T1	DBVPG3775_004583-T1
GF00004142	CHIFNET14NJ214_006819-T1	DBVPG3775_004584-T1
GF00004143	CHIFNET14NJ214_006499-T1	DBVPG3775_004587-T1
GF00004144	CHIFNET14NJ214_006822-T1	DBVPG3775_004588-T1
GF00004145	CHIFNET14NJ214_006501-T1	DBVPG3775_004589-T1
GF00004146	CHIFNET14NJ214_006503-T1	DBVPG3775_004591-T1
GF00004147	CHIFNET14NJ214_006504-T1	DBVPG3775_004592-T1
GF00004148	CHIFNET14NJ214_006827-T1	DBVPG3775_004593-T1
GF00004149	CHIFNET14NJ214_006508-T1	DBVPG3775_003543-T1
GF00004150	CHIFNET14NJ214_009314-T1	DBVPG3775_004724-T1
GF00004151	CHIFNET14NJ214_009313-T1	DBVPG3775_004723-T1
GF00004152	CHIFNET14NJ214_006519-T1	DBVPG3775_004720-T1
GF00004153	CHIFNET14NJ214_006520-T1	DBVPG3775_004719-T1
GF00004154	CHIFNET14NJ214_006521-T1	DBVPG3775_004718-T1
GF00004155	CHIFNET14NJ214_006523-T1	DBVPG3775_004716-T1
GF00004156	CHIFNET14NJ214_013381-T1	DBVPG3775_004714-T1
GF00004157	CHIFNET14NJ214_006526-T1	DBVPG3775_004713-T1
GF00004158	CHIFNET14NJ214_006547-T1	DBVPG3775_001895-T1
GF00004159	CHIFNET14NJ214_006548-T1	DBVPG3775_001894-T1
GF00004160	CHIFNET14NJ214_011384-T1	DBVPG3775_001892-T1
GF00004161	CHIFNET14NJ214_006551-T1	DBVPG3775_001891-T1
GF00004162	CHIFNET14NJ214_006552-T1	DBVPG3775_001890-T1
GF00004163	CHIFNET14NJ214_006553-T1	DBVPG3775_001889-T1
GF00004164	CHIFNET14NJ214_006554-T1	DBVPG3775_006742-T1
GF00004165	CHIFNET14NJ214_010919-T1	DBVPG3775_006740-T1
GF00004166	CHIFNET14NJ214_006560-T1	DBVPG3775_006734-T1
GF00004167	CHIFNET14NJ214_010914-T1	DBVPG3775_006733-T1
GF00004168	CHIFNET14NJ214_006562-T1	DBVPG3775_006732-T1
GF00004169	CHIFNET14NJ214_010912-T1	DBVPG3775_006731-T1
GF00004170	CHIFNET14NJ214_010911-T1	DBVPG3775_006730-T1
GF00004171	CHIFNET14NJ214_006565-T1	DBVPG3775_006729-T1
GF00004172	CHIFNET14NJ214_006566-T1	DBVPG3775_006728-T1
GF00004173	CHIFNET14NJ214_006568-T1	DBVPG3775_007175-T1
GF00004174	CHIFNET14NJ214_006572-T1	DBVPG3775_007181-T1
GF00004175	CHIFNET14NJ214_008586-T1	DBVPG3775_007184-T1
GF00004176	CHIFNET14NJ214_008587-T1	DBVPG3775_007185-T1
GF00004177	CHIFNET14NJ214_006577-T1	DBVPG3775_007187-T1
GF00004178	CHIFNET14NJ214_012931-T1	DBVPG3775_004056-T1
GF00004179	CHIFNET14NJ214_006580-T1	DBVPG3775_007190-T1
GF00004180	CHIFNET14NJ214_009417-T1	DBVPG3775_007191-T1
GF00004181	CHIFNET14NJ214_009418-T1	DBVPG3775_007193-T1
GF00004182	CHIFNET14NJ214_006583-T1	DBVPG3775_007194-T1
GF00004183	CHIFNET14NJ214_009420-T1	DBVPG3775_007195-T1
GF00004184	CHIFNET14NJ214_006585-T1	DBVPG3775_007196-T1
GF00004185	CHIFNET14NJ214_006586-T1	DBVPG3775_007197-T1
GF00004186	CHIFNET14NJ214_009423-T1	DBVPG3775_007198-T1
GF00004187	CHIFNET14NJ214_006589-T1	DBVPG3775_005829-T1
GF00004188	CHIFNET14NJ214_006873-T1	DBVPG3775_005824-T1
GF00004189	CHIFNET14NJ214_006596-T1	DBVPG3775_005821-T1
GF00004190	CHIFNET14NJ214_010755-T1	DBVPG3775_005819-T1
GF00004191	CHIFNET14NJ214_010754-T1	DBVPG3775_005818-T1
GF00004192	CHIFNET14NJ214_006600-T1	DBVPG3775_005817-T1
GF00004193	CHIFNET14NJ214_010752-T1	DBVPG3775_005816-T1
GF00004194	CHIFNET14NJ214_006622-T1	DBVPG3775_002126-T1
GF00004195	CHIFNET14NJ214_006624-T1	DBVPG3775_002123-T1
GF00004196	CHIFNET14NJ214_006625-T1	DBVPG3775_002122-T1
GF00004197	CHIFNET14NJ214_012298-T1	DBVPG3775_002121-T1
GF00004198	CHIFNET14NJ214_006629-T1	DBVPG3775_007095-T1
GF00004199	CHIFNET14NJ214_012043-T1	DBVPG3775_007098-T1
GF00004200	CHIFNET14NJ214_013944-T1	DBVPG3775_001840-T1
GF00004201	CHIFNET14NJ214_006643-T1	DBVPG3775_001833-T1
GF00004202	CHIFNET14NJ214_008140-T1	DBVPG3775_001824-T1
GF00004203	CHIFNET14NJ214_006652-T1	DBVPG3775_001823-T1
GF00004204	CHIFNET14NJ214_007627-T1	DBVPG3775_000747-T1
GF00004205	CHIFNET14NJ214_006657-T1	DBVPG3775_002362-T1
GF00004206	CHIFNET14NJ214_006658-T1	DBVPG3775_002363-T1
GF00004207	CHIFNET14NJ214_006660-T1	DBVPG3775_002365-T1
GF00004208	CHIFNET14NJ214_007633-T1	DBVPG3775_002366-T1
GF00004209	CHIFNET14NJ214_006662-T1	DBVPG3775_002367-T1
GF00004210	CHIFNET14NJ214_007638-T1	DBVPG3775_002370-T1
GF00004211	CHIFNET14NJ214_007639-T1	DBVPG3775_002371-T1
GF00004212	CHIFNET14NJ214_006667-T1	DBVPG3775_002372-T1
GF00004213	CHIFNET14NJ214_013744-T1	DBVPG3775_002374-T1
GF00004214	CHIFNET14NJ214_008228-T1	DBVPG3775_001398-T1
GF00004215	CHIFNET14NJ214_008229-T1	DBVPG3775_001397-T1
GF00004216	CHIFNET14NJ214_006693-T1	DBVPG3775_001396-T1
GF00004217	CHIFNET14NJ214_006694-T1	DBVPG3775_001395-T1
GF00004218	CHIFNET14NJ214_006695-T1	DBVPG3775_001394-T1
GF00004219	CHIFNET14NJ214_006698-T1	DBVPG3775_001391-T1
GF00004220	CHIFNET14NJ214_006700-T1	DBVPG3775_001389-T1
GF00004221	CHIFNET14NJ214_006701-T1	DBVPG3775_001388-T1
GF00004222	CHIFNET14NJ214_006703-T1	DBVPG3775_001386-T1
GF00004223	CHIFNET14NJ214_013659-T1	DBVPG3775_001383-T1
GF00004224	CHIFNET14NJ214_006707-T1	DBVPG3775_001382-T1
GF00004225	CHIFNET14NJ214_007535-T1	DBVPG3775_003709-T1
GF00004226	CHIFNET14NJ214_006732-T1	DBVPG3775_006245-T1
GF00004227	CHIFNET14NJ214_013387-T1	DBVPG3775_006238-T1
GF00004228	CHIFNET14NJ214_013386-T1	DBVPG3775_006239-T1
GF00004229	CHIFNET14NJ214_013385-T1	DBVPG3775_006240-T1
GF00004230	CHIFNET14NJ214_006742-T1	DBVPG3775_006765-T1
GF00004231	CHIFNET14NJ214_006743-T1	DBVPG3775_006764-T1
GF00004232	CHIFNET14NJ214_006744-T1	DBVPG3775_006763-T1
GF00004233	CHIFNET14NJ214_006746-T1	DBVPG3775_006761-T1
GF00004234	CHIFNET14NJ214_008605-T1	DBVPG3775_006756-T1
GF00004235	CHIFNET14NJ214_006792-T1	DBVPG3775_001016-T1
GF00004236	CHIFNET14NJ214_013539-T1	DBVPG3775_001017-T1
GF00004237	CHIFNET14NJ214_006795-T1	DBVPG3775_001019-T1
GF00004238	CHIFNET14NJ214_006797-T1	DBVPG3775_001021-T1
GF00004239	CHIFNET14NJ214_006798-T1	DBVPG3775_001022-T1
GF00004240	CHIFNET14NJ214_013090-T1	DBVPG3775_001023-T1
GF00004241	CHIFNET14NJ214_006802-T1	DBVPG3775_001026-T1
GF00004242	CHIFNET14NJ214_010423-T1	DBVPG3775_001028-T1
GF00004243	CHIFNET14NJ214_010424-T1	DBVPG3775_001029-T1
GF00004244	CHIFNET14NJ214_006806-T1	DBVPG3775_001030-T1
GF00004245	CHIFNET14NJ214_010426-T1	DBVPG3775_001031-T1
GF00004246	CHIFNET14NJ214_006808-T1	DBVPG3775_001032-T1
GF00004247	CHIFNET14NJ214_006812-T1	DBVPG3775_001035-T1
GF00004248	CHIFNET14NJ214_012731-T1	DBVPG3775_004010-T1
GF00004249	CHIFNET14NJ214_012732-T1	DBVPG3775_004011-T1
GF00004250	CHIFNET14NJ214_012733-T1	DBVPG3775_004012-T1
GF00004251	CHIFNET14NJ214_006833-T1	DBVPG3775_004013-T1
GF00004252	CHIFNET14NJ214_006834-T1	DBVPG3775_004014-T1
GF00004253	CHIFNET14NJ214_006835-T1	DBVPG3775_004015-T1
GF00004254	CHIFNET14NJ214_006838-T1	DBVPG3775_004018-T1
GF00004255	CHIFNET14NJ214_009080-T1	DBVPG3775_004022-T1
GF00004256	CHIFNET14NJ214_006843-T1	DBVPG3775_004023-T1
GF00004257	CHIFNET14NJ214_009075-T1	DBVPG3775_004026-T1
GF00004258	CHIFNET14NJ214_006847-T1	DBVPG3775_004027-T1
GF00004259	CHIFNET14NJ214_006848-T1	DBVPG3775_004028-T1
GF00004260	CHIFNET14NJ214_006850-T1	DBVPG3775_004030-T1
GF00004261	CHIFNET14NJ214_012456-T1	DBVPG3775_005831-T1
GF00004262	CHIFNET14NJ214_006882-T1	DBVPG3775_005835-T1
GF00004263	CHIFNET14NJ214_006883-T1	DBVPG3775_005836-T1
GF00004264	CHIFNET14NJ214_013221-T1	DBVPG3775_005837-T1
GF00004265	CHIFNET14NJ214_013220-T1	DBVPG3775_005838-T1
GF00004266	CHIFNET14NJ214_013219-T1	DBVPG3775_005839-T1
GF00004267	CHIFNET14NJ214_013218-T1	DBVPG3775_005840-T1
GF00004268	CHIFNET14NJ214_006890-T1	DBVPG3775_001625-T1
GF00004269	CHIFNET14NJ214_009588-T1	DBVPG3775_001626-T1
GF00004270	CHIFNET14NJ214_013532-T1	DBVPG3775_001631-T1
GF00004271	CHIFNET14NJ214_006896-T1	DBVPG3775_001632-T1
GF00004272	CHIFNET14NJ214_006897-T1	DBVPG3775_001633-T1
GF00004273	CHIFNET14NJ214_006898-T1	DBVPG3775_001634-T1
GF00004274	CHIFNET14NJ214_006899-T1	DBVPG3775_001635-T1
GF00004275	CHIFNET14NJ214_006900-T1	DBVPG3775_001636-T1
GF00004276	CHIFNET14NJ214_006901-T1	DBVPG3775_001637-T1
GF00004277	CHIFNET14NJ214_006902-T1	DBVPG3775_001638-T1
GF00004278	CHIFNET14NJ214_006903-T1	DBVPG3775_004350-T1
GF00004279	CHIFNET14NJ214_006904-T1	DBVPG3775_004349-T1
GF00004280	CHIFNET14NJ214_006916-T1	DBVPG3775_006016-T1
GF00004281	CHIFNET14NJ214_006917-T1	DBVPG3775_006017-T1
GF00004282	CHIFNET14NJ214_006918-T1	DBVPG3775_006018-T1
GF00004283	CHIFNET14NJ214_012721-T1	DBVPG3775_006019-T1
GF00004284	CHIFNET14NJ214_013310-T1	DBVPG3775_003404-T1
GF00004285	CHIFNET14NJ214_006922-T1	DBVPG3775_006022-T1
GF00004286	CHIFNET14NJ214_006924-T1	DBVPG3775_007164-T1
GF00004287	CHIFNET14NJ214_012515-T1	DBVPG3775_007161-T1
GF00004288	CHIFNET14NJ214_006928-T1	DBVPG3775_007160-T1
GF00004289	CHIFNET14NJ214_006933-T1	DBVPG3775_007155-T1
GF00004290	CHIFNET14NJ214_012077-T1	DBVPG3775_007154-T1
GF00004291	CHIFNET14NJ214_006935-T1	DBVPG3775_007153-T1
GF00004292	CHIFNET14NJ214_006944-T1	DBVPG3775_005114-T1
GF00004293	CHIFNET14NJ214_012424-T1	DBVPG3775_005121-T1
GF00004294	CHIFNET14NJ214_006953-T1	DBVPG3775_005124-T1
GF00004295	CHIFNET14NJ214_006954-T1	DBVPG3775_005125-T1
GF00004296	CHIFNET14NJ214_006955-T1	DBVPG3775_005126-T1
GF00004297	CHIFNET14NJ214_012960-T1	DBVPG3775_005127-T1
GF00004298	CHIFNET14NJ214_006957-T1	DBVPG3775_005128-T1
GF00004299	CHIFNET14NJ214_006960-T1	DBVPG3775_005131-T1
GF00004300	CHIFNET14NJ214_006962-T1	DBVPG3775_002876-T1
GF00004301	CHIFNET14NJ214_007587-T1	DBVPG3775_002875-T1
GF00004302	CHIFNET14NJ214_007586-T1	DBVPG3775_002874-T1
GF00004303	CHIFNET14NJ214_006965-T1	DBVPG3775_002873-T1
GF00004304	CHIFNET14NJ214_006966-T1	DBVPG3775_002872-T1
GF00004305	CHIFNET14NJ214_006967-T1	DBVPG3775_002871-T1
GF00004306	CHIFNET14NJ214_006968-T1	DBVPG3775_002870-T1
GF00004307	CHIFNET14NJ214_006970-T1	DBVPG3775_002868-T1
GF00004308	CHIFNET14NJ214_006972-T1	DBVPG3775_002865-T1
GF00004309	CHIFNET14NJ214_007577-T1	DBVPG3775_002864-T1
GF00004310	CHIFNET14NJ214_006974-T1	DBVPG3775_002863-T1
GF00004311	CHIFNET14NJ214_006975-T1	DBVPG3775_002862-T1
GF00004312	CHIFNET14NJ214_006976-T1	DBVPG3775_002861-T1
GF00004313	CHIFNET14NJ214_007110-T1	DBVPG3775_005663-T1
GF00004314	CHIFNET14NJ214_007018-T1	DBVPG3775_005662-T1
GF00004315	CHIFNET14NJ214_007020-T1	DBVPG3775_005660-T1
GF00004316	CHIFNET14NJ214_007021-T1	DBVPG3775_005659-T1
GF00004317	CHIFNET14NJ214_007105-T1	DBVPG3775_005658-T1
GF00004318	CHIFNET14NJ214_007104-T1	DBVPG3775_005657-T1
GF00004319	CHIFNET14NJ214_007100-T1	DBVPG3775_005654-T1
GF00004320	CHIFNET14NJ214_007099-T1	DBVPG3775_005653-T1
GF00004321	CHIFNET14NJ214_007030-T1	DBVPG3775_005651-T1
GF00004322	CHIFNET14NJ214_007033-T1	DBVPG3775_002500-T1
GF00004323	CHIFNET14NJ214_007211-T1	DBVPG3775_002501-T1
GF00004324	CHIFNET14NJ214_007038-T1	DBVPG3775_002505-T1
GF00004325	CHIFNET14NJ214_009041-T1	DBVPG3775_002508-T1
GF00004326	CHIFNET14NJ214_007042-T1	DBVPG3775_002510-T1
GF00004327	CHIFNET14NJ214_007044-T1	DBVPG3775_004525-T1
GF00004328	CHIFNET14NJ214_007045-T1	DBVPG3775_004524-T1
GF00004329	CHIFNET14NJ214_007046-T1	DBVPG3775_004523-T1
GF00004330	CHIFNET14NJ214_007047-T1	DBVPG3775_004522-T1
GF00004331	CHIFNET14NJ214_007050-T1	DBVPG3775_004519-T1
GF00004332	CHIFNET14NJ214_007959-T1	DBVPG3775_004555-T1
GF00004333	CHIFNET14NJ214_007960-T1	DBVPG3775_004554-T1
GF00004334	CHIFNET14NJ214_007962-T1	DBVPG3775_004552-T1
GF00004335	CHIFNET14NJ214_007065-T1	DBVPG3775_004551-T1
GF00004336	CHIFNET14NJ214_007966-T1	DBVPG3775_004548-T1
GF00004337	CHIFNET14NJ214_007967-T1	DBVPG3775_004547-T1
GF00004338	CHIFNET14NJ214_009880-T1	DBVPG3775_004543-T1
GF00004339	CHIFNET14NJ214_007073-T1	DBVPG3775_004542-T1
GF00004340	CHIFNET14NJ214_009883-T1	DBVPG3775_004539-T1
GF00004341	CHIFNET14NJ214_007077-T1	DBVPG3775_004537-T1
GF00004342	CHIFNET14NJ214_014071-T1	DBVPG3775_006272-T1
GF00004343	CHIFNET14NJ214_007126-T1	DBVPG3775_006274-T1
GF00004344	CHIFNET14NJ214_011930-T1	DBVPG3775_006275-T1
GF00004345	CHIFNET14NJ214_007130-T1	DBVPG3775_006278-T1
GF00004346	CHIFNET14NJ214_007131-T1	DBVPG3775_006279-T1
GF00004347	CHIFNET14NJ214_007154-T1	DBVPG3775_000935-T1
GF00004348	CHIFNET14NJ214_007155-T1	DBVPG3775_000936-T1
GF00004349	CHIFNET14NJ214_007158-T1	DBVPG3775_000938-T1
GF00004350	CHIFNET14NJ214_012405-T1	DBVPG3775_000940-T1
GF00004351	CHIFNET14NJ214_012404-T1	DBVPG3775_000941-T1
GF00004352	CHIFNET14NJ214_012403-T1	DBVPG3775_000942-T1
GF00004353	CHIFNET14NJ214_007163-T1	DBVPG3775_000943-T1
GF00004354	CHIFNET14NJ214_007164-T1	DBVPG3775_000944-T1
GF00004355	CHIFNET14NJ214_012400-T1	DBVPG3775_000945-T1
GF00004356	CHIFNET14NJ214_007167-T1	DBVPG3775_000947-T1
GF00004357	CHIFNET14NJ214_007168-T1	DBVPG3775_000948-T1
GF00004358	CHIFNET14NJ214_011227-T1	DBVPG3775_005630-T1
GF00004359	CHIFNET14NJ214_007182-T1	DBVPG3775_005631-T1
GF00004360	CHIFNET14NJ214_011223-T1	DBVPG3775_005634-T1
GF00004361	CHIFNET14NJ214_007190-T1	DBVPG3775_004054-T1
GF00004362	CHIFNET14NJ214_007193-T1	DBVPG3775_004050-T1
GF00004363	CHIFNET14NJ214_011023-T1	DBVPG3775_004049-T1
GF00004364	CHIFNET14NJ214_007195-T1	DBVPG3775_004048-T1
GF00004365	CHIFNET14NJ214_007196-T1	DBVPG3775_004047-T1
GF00004366	CHIFNET14NJ214_011020-T1	DBVPG3775_004046-T1
GF00004367	CHIFNET14NJ214_007198-T1	DBVPG3775_004045-T1
GF00004368	CHIFNET14NJ214_011018-T1	DBVPG3775_004044-T1
GF00004369	CHIFNET14NJ214_007200-T1	DBVPG3775_004043-T1
GF00004370	CHIFNET14NJ214_011428-T1	DBVPG3775_004038-T1
GF00004371	CHIFNET14NJ214_007206-T1	DBVPG3775_004036-T1
GF00004372	CHIFNET14NJ214_007215-T1	DBVPG3775_002498-T1
GF00004373	CHIFNET14NJ214_007220-T1	DBVPG3775_001930-T1
GF00004374	CHIFNET14NJ214_007221-T1	DBVPG3775_001929-T1
GF00004375	CHIFNET14NJ214_007222-T1	DBVPG3775_001928-T1
GF00004376	CHIFNET14NJ214_007223-T1	DBVPG3775_001927-T1
GF00004377	CHIFNET14NJ214_011113-T1	DBVPG3775_001926-T1
GF00004378	CHIFNET14NJ214_011112-T1	DBVPG3775_001925-T1
GF00004379	CHIFNET14NJ214_007228-T1	DBVPG3775_001919-T1
GF00004380	CHIFNET14NJ214_011106-T1	DBVPG3775_001917-T1
GF00004381	CHIFNET14NJ214_007231-T1	DBVPG3775_001916-T1
GF00004382	CHIFNET14NJ214_007233-T1	DBVPG3775_001914-T1
GF00004383	CHIFNET14NJ214_007234-T1	DBVPG3775_001913-T1
GF00004384	CHIFNET14NJ214_008249-T1	DBVPG3775_001912-T1
GF00004385	CHIFNET14NJ214_008248-T1	DBVPG3775_001911-T1
GF00004386	CHIFNET14NJ214_007237-T1	DBVPG3775_001910-T1
GF00004387	CHIFNET14NJ214_011316-T1	DBVPG3775_006547-T1
GF00004388	CHIFNET14NJ214_007253-T1	DBVPG3775_004816-T1
GF00004389	CHIFNET14NJ214_007255-T1	DBVPG3775_004814-T1
GF00004390	CHIFNET14NJ214_007258-T1	DBVPG3775_004812-T1
GF00004391	CHIFNET14NJ214_010329-T1	DBVPG3775_004811-T1
GF00004392	CHIFNET14NJ214_007262-T1	DBVPG3775_004807-T1
GF00004393	CHIFNET14NJ214_007263-T1	DBVPG3775_004806-T1
GF00004394	CHIFNET14NJ214_007264-T1	DBVPG3775_004805-T1
GF00004395	CHIFNET14NJ214_007272-T1	DBVPG3775_003168-T1
GF00004396	CHIFNET14NJ214_007273-T1	DBVPG3775_003169-T1
GF00004397	CHIFNET14NJ214_007275-T1	DBVPG3775_003171-T1
GF00004398	CHIFNET14NJ214_007277-T1	DBVPG3775_003173-T1
GF00004399	CHIFNET14NJ214_008976-T1	DBVPG3775_003174-T1
GF00004400	CHIFNET14NJ214_008977-T1	DBVPG3775_003175-T1
GF00004401	CHIFNET14NJ214_007281-T1	DBVPG3775_003177-T1
GF00004402	CHIFNET14NJ214_007282-T1	DBVPG3775_003178-T1
GF00004403	CHIFNET14NJ214_007284-T1	DBVPG3775_003183-T1
GF00004404	CHIFNET14NJ214_007285-T1	DBVPG3775_003184-T1
GF00004405	CHIFNET14NJ214_007305-T1	DBVPG3775_002698-T1
GF00004406	CHIFNET14NJ214_009099-T1	DBVPG3775_002699-T1
GF00004407	CHIFNET14NJ214_007308-T1	DBVPG3775_002702-T1
GF00004408	CHIFNET14NJ214_007309-T1	DBVPG3775_002703-T1
GF00004409	CHIFNET14NJ214_007310-T1	DBVPG3775_002704-T1
GF00004410	CHIFNET14NJ214_009104-T1	DBVPG3775_002705-T1
GF00004411	CHIFNET14NJ214_007313-T1	DBVPG3775_002707-T1
GF00004412	CHIFNET14NJ214_009107-T1	DBVPG3775_002708-T1
GF00004413	CHIFNET14NJ214_007315-T1	DBVPG3775_002709-T1
GF00004414	CHIFNET14NJ214_007356-T1	DBVPG3775_004059-T1
GF00004415	CHIFNET14NJ214_007360-T1	DBVPG3775_002853-T1
GF00004416	CHIFNET14NJ214_007362-T1	DBVPG3775_002850-T1
GF00004417	CHIFNET14NJ214_007363-T1	DBVPG3775_002849-T1
GF00004418	CHIFNET14NJ214_007418-T1	DBVPG3775_002848-T1
GF00004419	CHIFNET14NJ214_007365-T1	DBVPG3775_002847-T1
GF00004420	CHIFNET14NJ214_007366-T1	DBVPG3775_002846-T1
GF00004421	CHIFNET14NJ214_007367-T1	DBVPG3775_002845-T1
GF00004422	CHIFNET14NJ214_007368-T1	DBVPG3775_002844-T1
GF00004423	CHIFNET14NJ214_007369-T1	DBVPG3775_002843-T1
GF00004424	CHIFNET14NJ214_007370-T1	DBVPG3775_002842-T1
GF00004425	CHIFNET14NJ214_007371-T1	DBVPG3775_002841-T1
GF00004426	CHIFNET14NJ214_007373-T1	DBVPG3775_002839-T1
GF00004427	CHIFNET14NJ214_007375-T1	DBVPG3775_002837-T1
GF00004428	CHIFNET14NJ214_008439-T1	DBVPG3775_002836-T1
GF00004429	CHIFNET14NJ214_011346-T1	DBVPG3775_000623-T1
GF00004430	CHIFNET14NJ214_007403-T1	DBVPG3775_000624-T1
GF00004431	CHIFNET14NJ214_011351-T1	DBVPG3775_000628-T1
GF00004432	CHIFNET14NJ214_007424-T1	DBVPG3775_002856-T1
GF00004433	CHIFNET14NJ214_007432-T1	DBVPG3775_000523-T1
GF00004434	CHIFNET14NJ214_007433-T1	DBVPG3775_000522-T1
GF00004435	CHIFNET14NJ214_007434-T1	DBVPG3775_000521-T1
GF00004436	CHIFNET14NJ214_007435-T1	DBVPG3775_000520-T1
GF00004437	CHIFNET14NJ214_012654-T1	DBVPG3775_000519-T1
GF00004438	CHIFNET14NJ214_007437-T1	DBVPG3775_000518-T1
GF00004439	CHIFNET14NJ214_012652-T1	DBVPG3775_000517-T1
GF00004440	CHIFNET14NJ214_012651-T1	DBVPG3775_000516-T1
GF00004441	CHIFNET14NJ214_007440-T1	DBVPG3775_000515-T1
GF00004442	CHIFNET14NJ214_007444-T1	DBVPG3775_000510-T1
GF00004443	CHIFNET14NJ214_007445-T1	DBVPG3775_000509-T1
GF00004444	CHIFNET14NJ214_012899-T1	DBVPG3775_001869-T1
GF00004445	CHIFNET14NJ214_007448-T1	DBVPG3775_001870-T1
GF00004446	CHIFNET14NJ214_008347-T1	DBVPG3775_001874-T1
GF00004447	CHIFNET14NJ214_008346-T1	DBVPG3775_001875-T1
GF00004448	CHIFNET14NJ214_008345-T1	DBVPG3775_001876-T1
GF00004449	CHIFNET14NJ214_007455-T1	DBVPG3775_001877-T1
GF00004450	CHIFNET14NJ214_007456-T1	DBVPG3775_001878-T1
GF00004451	CHIFNET14NJ214_007457-T1	DBVPG3775_001879-T1
GF00004452	CHIFNET14NJ214_007459-T1	DBVPG3775_001882-T1
GF00004453	CHIFNET14NJ214_008338-T1	DBVPG3775_001883-T1
GF00004454	CHIFNET14NJ214_008337-T1	DBVPG3775_001884-T1
GF00004455	CHIFNET14NJ214_007462-T1	DBVPG3775_001885-T1
GF00004456	CHIFNET14NJ214_007463-T1	DBVPG3775_001886-T1
GF00004457	CHIFNET14NJ214_013292-T1	DBVPG3775_006510-T1
GF00004458	CHIFNET14NJ214_007512-T1	DBVPG3775_004263-T1
GF00004459	CHIFNET14NJ214_007513-T1	DBVPG3775_004264-T1
GF00004460	CHIFNET14NJ214_007514-T1	DBVPG3775_004265-T1
GF00004461	CHIFNET14NJ214_007515-T1	DBVPG3775_004266-T1
GF00004462	CHIFNET14NJ214_009468-T1	DBVPG3775_003720-T1
GF00004463	CHIFNET14NJ214_007524-T1	DBVPG3775_003719-T1
GF00004464	CHIFNET14NJ214_007526-T1	DBVPG3775_003718-T1
GF00004465	CHIFNET14NJ214_007528-T1	DBVPG3775_003716-T1
GF00004466	CHIFNET14NJ214_009463-T1	DBVPG3775_003715-T1
GF00004467	CHIFNET14NJ214_007530-T1	DBVPG3775_003714-T1
GF00004468	CHIFNET14NJ214_007531-T1	DBVPG3775_003713-T1
GF00004469	CHIFNET14NJ214_009460-T1	DBVPG3775_003712-T1
GF00004470	CHIFNET14NJ214_007854-T1	DBVPG3775_003705-T1
GF00004471	CHIFNET14NJ214_007544-T1	DBVPG3775_000963-T1
GF00004472	CHIFNET14NJ214_009114-T1	DBVPG3775_000961-T1
GF00004473	CHIFNET14NJ214_009117-T1	DBVPG3775_000958-T1
GF00004474	CHIFNET14NJ214_007552-T1	DBVPG3775_000955-T1
GF00004475	CHIFNET14NJ214_009122-T1	DBVPG3775_000952-T1
GF00004476	CHIFNET14NJ214_007556-T1	DBVPG3775_000950-T1
GF00004477	CHIFNET14NJ214_007588-T1	DBVPG3775_006778-T1
GF00004478	CHIFNET14NJ214_007589-T1	DBVPG3775_006776-T1
GF00004479	CHIFNET14NJ214_007819-T1	DBVPG3775_006775-T1
GF00004480	CHIFNET14NJ214_007592-T1	DBVPG3775_006772-T1
GF00004481	CHIFNET14NJ214_007817-T1	DBVPG3775_006771-T1
GF00004482	CHIFNET14NJ214_007594-T1	DBVPG3775_006770-T1
GF00004483	CHIFNET14NJ214_007595-T1	DBVPG3775_006769-T1
GF00004484	CHIFNET14NJ214_007814-T1	DBVPG3775_006768-T1
GF00004485	CHIFNET14NJ214_013023-T1	DBVPG3775_006749-T1
GF00004486	CHIFNET14NJ214_007615-T1	DBVPG3775_000669-T1
GF00004487	CHIFNET14NJ214_008718-T1	DBVPG3775_000670-T1
GF00004488	CHIFNET14NJ214_007617-T1	DBVPG3775_000671-T1
GF00004489	CHIFNET14NJ214_008720-T1	DBVPG3775_000672-T1
GF00004490	CHIFNET14NJ214_007619-T1	DBVPG3775_000673-T1
GF00004491	CHIFNET14NJ214_007620-T1	DBVPG3775_000674-T1
GF00004492	CHIFNET14NJ214_013402-T1	DBVPG3775_007372-T1
GF00004493	CHIFNET14NJ214_007653-T1	DBVPG3775_000914-T1
GF00004494	CHIFNET14NJ214_007657-T1	DBVPG3775_000917-T1
GF00004495	CHIFNET14NJ214_010905-T1	DBVPG3775_000918-T1
GF00004496	CHIFNET14NJ214_010906-T1	DBVPG3775_000919-T1
GF00004497	CHIFNET14NJ214_007660-T1	DBVPG3775_000920-T1
GF00004498	CHIFNET14NJ214_007661-T1	DBVPG3775_000921-T1
GF00004499	CHIFNET14NJ214_007732-T1	DBVPG3775_006389-T1
GF00004500	CHIFNET14NJ214_013287-T1	DBVPG3775_005637-T1
GF00004501	CHIFNET14NJ214_007801-T1	DBVPG3775_005639-T1
GF00004502	CHIFNET14NJ214_007802-T1	DBVPG3775_005640-T1
GF00004503	CHIFNET14NJ214_007803-T1	DBVPG3775_005641-T1
GF00004504	CHIFNET14NJ214_007809-T1	DBVPG3775_005646-T1
GF00004505	CHIFNET14NJ214_013392-T1	DBVPG3775_005647-T1
GF00004506	CHIFNET14NJ214_009657-T1	DBVPG3775_003693-T1
GF00004507	CHIFNET14NJ214_007844-T1	DBVPG3775_003694-T1
GF00004508	CHIFNET14NJ214_009655-T1	DBVPG3775_003695-T1
GF00004509	CHIFNET14NJ214_009652-T1	DBVPG3775_003700-T1
GF00004510	CHIFNET14NJ214_009651-T1	DBVPG3775_003701-T1
GF00004511	CHIFNET14NJ214_009650-T1	DBVPG3775_003702-T1
GF00004512	CHIFNET14NJ214_007879-T1	DBVPG3775_002471-T1
GF00004513	CHIFNET14NJ214_007881-T1	DBVPG3775_002469-T1
GF00004514	CHIFNET14NJ214_007883-T1	DBVPG3775_002466-T1
GF00004515	CHIFNET14NJ214_009558-T1	DBVPG3775_002463-T1
GF00004516	CHIFNET14NJ214_007886-T1	DBVPG3775_002462-T1
GF00004517	CHIFNET14NJ214_009556-T1	DBVPG3775_002461-T1
GF00004518	CHIFNET14NJ214_007888-T1	DBVPG3775_002460-T1
GF00004519	CHIFNET14NJ214_009554-T1	DBVPG3775_002459-T1
GF00004520	CHIFNET14NJ214_007891-T1	DBVPG3775_002456-T1
GF00004521	CHIFNET14NJ214_009551-T1	DBVPG3775_002455-T1
GF00004522	CHIFNET14NJ214_007893-T1	DBVPG3775_002454-T1
GF00004523	CHIFNET14NJ214_009549-T1	DBVPG3775_002453-T1
GF00004524	CHIFNET14NJ214_012396-T1	DBVPG3775_005146-T1
GF00004525	CHIFNET14NJ214_007896-T1	DBVPG3775_005147-T1
GF00004526	CHIFNET14NJ214_007897-T1	DBVPG3775_005148-T1
GF00004527	CHIFNET14NJ214_007898-T1	DBVPG3775_005149-T1
GF00004528	CHIFNET14NJ214_007899-T1	DBVPG3775_005151-T1
GF00004529	CHIFNET14NJ214_007900-T1	DBVPG3775_005152-T1
GF00004530	CHIFNET14NJ214_007901-T1	DBVPG3775_005153-T1
GF00004531	CHIFNET14NJ214_007902-T1	DBVPG3775_005154-T1
GF00004532	CHIFNET14NJ214_007936-T1	DBVPG3775_005481-T1
GF00004533	CHIFNET14NJ214_007937-T1	DBVPG3775_005482-T1
GF00004534	CHIFNET14NJ214_007938-T1	DBVPG3775_005483-T1
GF00004535	CHIFNET14NJ214_007939-T1	DBVPG3775_005484-T1
GF00004536	CHIFNET14NJ214_014198-T1	DBVPG3775_001957-T1
GF00004537	CHIFNET14NJ214_008075-T1	DBVPG3775_005486-T1
GF00004538	CHIFNET14NJ214_008074-T1	DBVPG3775_005487-T1
GF00004539	CHIFNET14NJ214_007943-T1	DBVPG3775_005488-T1
GF00004540	CHIFNET14NJ214_007944-T1	DBVPG3775_005489-T1
GF00004541	CHIFNET14NJ214_007947-T1	DBVPG3775_005492-T1
GF00004542	CHIFNET14NJ214_007948-T1	DBVPG3775_005493-T1
GF00004543	CHIFNET14NJ214_007950-T1	DBVPG3775_005495-T1
GF00004544	CHIFNET14NJ214_008066-T1	DBVPG3775_005496-T1
GF00004545	CHIFNET14NJ214_007956-T1	DBVPG3775_004560-T1
GF00004546	CHIFNET14NJ214_008202-T1	DBVPG3775_005197-T1
GF00004547	CHIFNET14NJ214_008002-T1	DBVPG3775_005200-T1
GF00004548	CHIFNET14NJ214_008196-T1	DBVPG3775_005204-T1
GF00004549	CHIFNET14NJ214_008014-T1	DBVPG3775_003585-T1
GF00004550	CHIFNET14NJ214_012092-T1	DBVPG3775_003586-T1
GF00004551	CHIFNET14NJ214_012093-T1	DBVPG3775_003587-T1
GF00004552	CHIFNET14NJ214_008017-T1	DBVPG3775_003588-T1
GF00004553	CHIFNET14NJ214_008024-T1	DBVPG3775_001375-T1
GF00004554	CHIFNET14NJ214_008064-T1	DBVPG3775_005498-T1
GF00004555	CHIFNET14NJ214_013203-T1	DBVPG3775_001080-T1
GF00004556	CHIFNET14NJ214_013202-T1	DBVPG3775_001079-T1
GF00004557	CHIFNET14NJ214_008110-T1	DBVPG3775_001078-T1
GF00004558	CHIFNET14NJ214_008111-T1	DBVPG3775_001077-T1
GF00004559	CHIFNET14NJ214_012415-T1	DBVPG3775_001842-T1
GF00004560	CHIFNET14NJ214_012417-T1	DBVPG3775_001844-T1
GF00004561	CHIFNET14NJ214_011248-T1	DBVPG3775_005213-T1
GF00004562	CHIFNET14NJ214_008189-T1	DBVPG3775_005211-T1
GF00004563	CHIFNET14NJ214_011245-T1	DBVPG3775_005210-T1
GF00004564	CHIFNET14NJ214_011244-T1	DBVPG3775_005209-T1
GF00004565	CHIFNET14NJ214_011243-T1	DBVPG3775_005208-T1
GF00004566	CHIFNET14NJ214_011242-T1	DBVPG3775_005207-T1
GF00004567	CHIFNET14NJ214_008204-T1	DBVPG3775_006628-T1
GF00004568	CHIFNET14NJ214_008205-T1	DBVPG3775_006630-T1
GF00004569	CHIFNET14NJ214_010134-T1	DBVPG3775_006631-T1
GF00004570	CHIFNET14NJ214_008207-T1	DBVPG3775_006632-T1
GF00004571	CHIFNET14NJ214_010132-T1	DBVPG3775_006633-T1
GF00004572	CHIFNET14NJ214_008209-T1	DBVPG3775_006634-T1
GF00004573	CHIFNET14NJ214_008210-T1	DBVPG3775_006635-T1
GF00004574	CHIFNET14NJ214_008213-T1	DBVPG3775_006637-T1
GF00004575	CHIFNET14NJ214_008215-T1	DBVPG3775_006640-T1
GF00004576	CHIFNET14NJ214_009729-T1	DBVPG3775_006641-T1
GF00004577	CHIFNET14NJ214_008221-T1	DBVPG3775_001406-T1
GF00004578	CHIFNET14NJ214_012183-T1	DBVPG3775_001402-T1
GF00004579	CHIFNET14NJ214_008226-T1	DBVPG3775_001401-T1
GF00004580	CHIFNET14NJ214_008235-T1	DBVPG3775_001898-T1
GF00004581	CHIFNET14NJ214_012253-T1	DBVPG3775_001899-T1
GF00004582	CHIFNET14NJ214_012252-T1	DBVPG3775_001900-T1
GF00004583	CHIFNET14NJ214_008238-T1	DBVPG3775_001901-T1
GF00004584	CHIFNET14NJ214_012247-T1	DBVPG3775_001906-T1
GF00004585	CHIFNET14NJ214_008245-T1	DBVPG3775_001908-T1
GF00004586	CHIFNET14NJ214_008257-T1	DBVPG3775_000925-T1
GF00004587	CHIFNET14NJ214_012059-T1	DBVPG3775_000928-T1
GF00004588	CHIFNET14NJ214_008352-T1	DBVPG3775_005723-T1
GF00004589	CHIFNET14NJ214_010497-T1	DBVPG3775_005724-T1
GF00004590	CHIFNET14NJ214_010496-T1	DBVPG3775_005726-T1
GF00004591	CHIFNET14NJ214_008355-T1	DBVPG3775_005727-T1
GF00004592	CHIFNET14NJ214_010494-T1	DBVPG3775_004481-T1
GF00004593	CHIFNET14NJ214_008357-T1	DBVPG3775_004480-T1
GF00004594	CHIFNET14NJ214_008359-T1	DBVPG3775_004478-T1
GF00004595	CHIFNET14NJ214_008360-T1	DBVPG3775_004477-T1
GF00004596	CHIFNET14NJ214_008361-T1	DBVPG3775_004476-T1
GF00004597	CHIFNET14NJ214_008365-T1	DBVPG3775_004471-T1
GF00004598	CHIFNET14NJ214_010456-T1	DBVPG3775_004470-T1
GF00004599	CHIFNET14NJ214_008655-T1	DBVPG3775_002770-T1
GF00004600	CHIFNET14NJ214_008374-T1	DBVPG3775_002766-T1
GF00004601	CHIFNET14NJ214_008375-T1	DBVPG3775_002765-T1
GF00004602	CHIFNET14NJ214_008376-T1	DBVPG3775_002764-T1
GF00004603	CHIFNET14NJ214_008377-T1	DBVPG3775_002763-T1
GF00004604	CHIFNET14NJ214_008378-T1	DBVPG3775_002762-T1
GF00004605	CHIFNET14NJ214_008379-T1	DBVPG3775_002761-T1
GF00004606	CHIFNET14NJ214_008380-T1	DBVPG3775_002760-T1
GF00004607	CHIFNET14NJ214_008396-T1	DBVPG3775_000972-T1
GF00004608	CHIFNET14NJ214_008397-T1	DBVPG3775_000973-T1
GF00004609	CHIFNET14NJ214_008398-T1	DBVPG3775_000974-T1
GF00004610	CHIFNET14NJ214_008469-T1	DBVPG3775_000979-T1
GF00004611	CHIFNET14NJ214_008471-T1	DBVPG3775_000980-T1
GF00004612	CHIFNET14NJ214_008432-T1	DBVPG3775_002829-T1
GF00004613	CHIFNET14NJ214_013163-T1	DBVPG3775_002830-T1
GF00004614	CHIFNET14NJ214_008434-T1	DBVPG3775_002831-T1
GF00004615	CHIFNET14NJ214_008998-T1	DBVPG3775_001932-T1
GF00004616	CHIFNET14NJ214_008453-T1	DBVPG3775_001933-T1
GF00004617	CHIFNET14NJ214_008995-T1	DBVPG3775_001935-T1
GF00004618	CHIFNET14NJ214_008458-T1	DBVPG3775_001937-T1
GF00004619	CHIFNET14NJ214_008459-T1	DBVPG3775_001938-T1
GF00004620	CHIFNET14NJ214_008990-T1	DBVPG3775_001940-T1
GF00004621	CHIFNET14NJ214_008462-T1	DBVPG3775_001941-T1
GF00004622	CHIFNET14NJ214_008463-T1	DBVPG3775_001942-T1
GF00004623	CHIFNET14NJ214_008475-T1	DBVPG3775_000984-T1
GF00004624	CHIFNET14NJ214_008476-T1	DBVPG3775_000985-T1
GF00004625	CHIFNET14NJ214_008477-T1	DBVPG3775_000986-T1
GF00004626	CHIFNET14NJ214_011288-T1	DBVPG3775_000987-T1
GF00004627	CHIFNET14NJ214_011287-T1	DBVPG3775_000988-T1
GF00004628	CHIFNET14NJ214_008501-T1	DBVPG3775_002741-T1
GF00004629	CHIFNET14NJ214_008517-T1	DBVPG3775_002758-T1
GF00004630	CHIFNET14NJ214_009443-T1	DBVPG3775_007477-T1
GF00004631	CHIFNET14NJ214_008522-T1	DBVPG3775_007476-T1
GF00004632	CHIFNET14NJ214_008523-T1	DBVPG3775_007475-T1
GF00004633	CHIFNET14NJ214_008524-T1	DBVPG3775_007474-T1
GF00004634	CHIFNET14NJ214_009438-T1	DBVPG3775_007472-T1
GF00004635	CHIFNET14NJ214_008527-T1	DBVPG3775_007471-T1
GF00004636	CHIFNET14NJ214_008529-T1	DBVPG3775_007469-T1
GF00004637	CHIFNET14NJ214_008530-T1	DBVPG3775_007468-T1
GF00004638	CHIFNET14NJ214_008531-T1	DBVPG3775_007467-T1
GF00004639	CHIFNET14NJ214_008533-T1	DBVPG3775_007464-T1
GF00004640	CHIFNET14NJ214_008536-T1	DBVPG3775_001861-T1
GF00004641	CHIFNET14NJ214_008539-T1	DBVPG3775_001857-T1
GF00004642	CHIFNET14NJ214_008540-T1	DBVPG3775_001856-T1
GF00004643	CHIFNET14NJ214_008546-T1	DBVPG3775_001850-T1
GF00004644	CHIFNET14NJ214_008547-T1	DBVPG3775_001849-T1
GF00004645	CHIFNET14NJ214_011458-T1	DBVPG3775_001848-T1
GF00004646	CHIFNET14NJ214_012015-T1	DBVPG3775_001612-T1
GF00004647	CHIFNET14NJ214_008559-T1	DBVPG3775_001613-T1
GF00004648	CHIFNET14NJ214_012018-T1	DBVPG3775_001615-T1
GF00004649	CHIFNET14NJ214_012020-T1	DBVPG3775_001617-T1
GF00004650	CHIFNET14NJ214_009582-T1	DBVPG3775_001619-T1
GF00004651	CHIFNET14NJ214_012277-T1	DBVPG3775_000010-T1
GF00004652	CHIFNET14NJ214_008568-T1	DBVPG3775_000007-T1
GF00004653	CHIFNET14NJ214_012273-T1	DBVPG3775_000006-T1
GF00004654	CHIFNET14NJ214_012272-T1	DBVPG3775_000005-T1
GF00004655	CHIFNET14NJ214_013236-T1	DBVPG3775_005889-T1
GF00004656	CHIFNET14NJ214_008580-T1	DBVPG3775_005891-T1
GF00004657	CHIFNET14NJ214_013775-T1	DBVPG3775_005892-T1
GF00004658	CHIFNET14NJ214_013930-T1	DBVPG3775_005895-T1
GF00004659	CHIFNET14NJ214_009242-T1	DBVPG3775_002781-T1
GF00004660	CHIFNET14NJ214_009241-T1	DBVPG3775_002780-T1
GF00004661	CHIFNET14NJ214_008648-T1	DBVPG3775_002779-T1
GF00004662	CHIFNET14NJ214_008649-T1	DBVPG3775_002778-T1
GF00004663	CHIFNET14NJ214_009238-T1	DBVPG3775_002777-T1
GF00004664	CHIFNET14NJ214_008651-T1	DBVPG3775_002776-T1
GF00004665	CHIFNET14NJ214_008652-T1	DBVPG3775_002774-T1
GF00004666	CHIFNET14NJ214_008822-T1	DBVPG3775_004415-T1
GF00004667	CHIFNET14NJ214_008688-T1	DBVPG3775_004416-T1
GF00004668	CHIFNET14NJ214_008689-T1	DBVPG3775_004417-T1
GF00004669	CHIFNET14NJ214_008825-T1	DBVPG3775_004418-T1
GF00004670	CHIFNET14NJ214_008826-T1	DBVPG3775_004419-T1
GF00004671	CHIFNET14NJ214_008692-T1	DBVPG3775_004420-T1
GF00004672	CHIFNET14NJ214_012707-T1	DBVPG3775_004424-T1
GF00004673	CHIFNET14NJ214_008698-T1	DBVPG3775_004426-T1
GF00004674	CHIFNET14NJ214_008700-T1	DBVPG3775_004428-T1
GF00004675	CHIFNET14NJ214_011319-T1	DBVPG3775_006542-T1
GF00004676	CHIFNET14NJ214_008778-T1	DBVPG3775_006660-T1
GF00004677	CHIFNET14NJ214_014145-T1	DBVPG3775_006661-T1
GF00004678	CHIFNET14NJ214_008781-T1	DBVPG3775_006663-T1
GF00004679	CHIFNET14NJ214_008782-T1	DBVPG3775_006664-T1
GF00004680	CHIFNET14NJ214_013474-T1	DBVPG3775_004568-T1
GF00004681	CHIFNET14NJ214_013473-T1	DBVPG3775_004569-T1
GF00004682	CHIFNET14NJ214_008865-T1	DBVPG3775_004570-T1
GF00004683	CHIFNET14NJ214_008868-T1	DBVPG3775_004573-T1
GF00004684	CHIFNET14NJ214_008869-T1	DBVPG3775_004574-T1
GF00004685	CHIFNET14NJ214_008874-T1	DBVPG3775_003376-T1
GF00004686	CHIFNET14NJ214_009009-T1	DBVPG3775_003380-T1
GF00004687	CHIFNET14NJ214_008878-T1	DBVPG3775_003381-T1
GF00004688	CHIFNET14NJ214_008879-T1	DBVPG3775_003382-T1
GF00004689	CHIFNET14NJ214_008881-T1	DBVPG3775_003384-T1
GF00004690	CHIFNET14NJ214_008882-T1	DBVPG3775_003385-T1
GF00004691	CHIFNET14NJ214_011341-T1	DBVPG3775_004787-T1
GF00004692	CHIFNET14NJ214_010394-T1	DBVPG3775_003233-T1
GF00004693	CHIFNET14NJ214_010395-T1	DBVPG3775_003232-T1
GF00004694	CHIFNET14NJ214_008912-T1	DBVPG3775_003231-T1
GF00004695	CHIFNET14NJ214_010399-T1	DBVPG3775_003228-T1
GF00004696	CHIFNET14NJ214_008916-T1	DBVPG3775_003227-T1
GF00004697	CHIFNET14NJ214_010401-T1	DBVPG3775_003226-T1
GF00004698	CHIFNET14NJ214_008918-T1	DBVPG3775_003225-T1
GF00004699	CHIFNET14NJ214_012952-T1	DBVPG3775_004679-T1
GF00004700	CHIFNET14NJ214_012953-T1	DBVPG3775_004680-T1
GF00004701	CHIFNET14NJ214_012954-T1	DBVPG3775_004681-T1
GF00004702	CHIFNET14NJ214_008961-T1	DBVPG3775_007493-T1
GF00004703	CHIFNET14NJ214_008964-T1	DBVPG3775_007496-T1
GF00004704	CHIFNET14NJ214_012624-T1	DBVPG3775_007497-T1
GF00004705	CHIFNET14NJ214_011284-T1	DBVPG3775_007499-T1
GF00004706	CHIFNET14NJ214_011282-T1	DBVPG3775_007502-T1
GF00004707	CHIFNET14NJ214_011281-T1	DBVPG3775_007503-T1
GF00004708	CHIFNET14NJ214_011280-T1	DBVPG3775_007504-T1
GF00004709	CHIFNET14NJ214_009051-T1	DBVPG3775_007172-T1
GF00004710	CHIFNET14NJ214_009052-T1	DBVPG3775_007171-T1
GF00004711	CHIFNET14NJ214_009054-T1	DBVPG3775_007168-T1
GF00004712	CHIFNET14NJ214_011572-T1	DBVPG3775_007167-T1
GF00004713	CHIFNET14NJ214_009068-T1	DBVPG3775_004033-T1
GF00004714	CHIFNET14NJ214_012155-T1	DBVPG3775_007521-T1
GF00004715	CHIFNET14NJ214_009145-T1	DBVPG3775_007490-T1
GF00004716	CHIFNET14NJ214_009147-T1	DBVPG3775_007488-T1
GF00004717	CHIFNET14NJ214_009948-T1	DBVPG3775_007487-T1
GF00004718	CHIFNET14NJ214_009947-T1	DBVPG3775_007486-T1
GF00004719	CHIFNET14NJ214_009946-T1	DBVPG3775_007485-T1
GF00004720	CHIFNET14NJ214_009151-T1	DBVPG3775_007484-T1
GF00004721	CHIFNET14NJ214_009163-T1	DBVPG3775_002531-T1
GF00004722	CHIFNET14NJ214_009212-T1	DBVPG3775_004131-T1
GF00004723	CHIFNET14NJ214_009216-T1	DBVPG3775_004137-T1
GF00004724	CHIFNET14NJ214_009219-T1	DBVPG3775_004140-T1
GF00004725	CHIFNET14NJ214_012407-T1	DBVPG3775_007045-T1
GF00004726	CHIFNET14NJ214_012408-T1	DBVPG3775_007046-T1
GF00004727	CHIFNET14NJ214_009245-T1	DBVPG3775_001746-T1
GF00004728	CHIFNET14NJ214_011961-T1	DBVPG3775_001745-T1
GF00004729	CHIFNET14NJ214_009249-T1	DBVPG3775_001739-T1
GF00004730	CHIFNET14NJ214_009250-T1	DBVPG3775_001738-T1
GF00004731	CHIFNET14NJ214_009251-T1	DBVPG3775_001737-T1
GF00004732	CHIFNET14NJ214_009258-T1	DBVPG3775_006668-T1
GF00004733	CHIFNET14NJ214_009261-T1	DBVPG3775_006671-T1
GF00004734	CHIFNET14NJ214_009292-T1	DBVPG3775_006672-T1
GF00004735	CHIFNET14NJ214_009264-T1	DBVPG3775_006674-T1
GF00004736	CHIFNET14NJ214_009265-T1	DBVPG3775_006675-T1
GF00004737	CHIFNET14NJ214_009296-T1	DBVPG3775_006676-T1
GF00004738	CHIFNET14NJ214_009268-T1	DBVPG3775_006678-T1
GF00004739	CHIFNET14NJ214_009269-T1	DBVPG3775_006679-T1
GF00004740	CHIFNET14NJ214_013927-T1	DBVPG3775_004738-T1
GF00004741	CHIFNET14NJ214_010642-T1	DBVPG3775_003726-T1
GF00004742	CHIFNET14NJ214_009327-T1	DBVPG3775_003727-T1
GF00004743	CHIFNET14NJ214_009328-T1	DBVPG3775_003728-T1
GF00004744	CHIFNET14NJ214_010646-T1	DBVPG3775_003730-T1
GF00004745	CHIFNET14NJ214_010647-T1	DBVPG3775_003731-T1
GF00004746	CHIFNET14NJ214_012378-T1	DBVPG3775_004344-T1
GF00004747	CHIFNET14NJ214_012380-T1	DBVPG3775_004341-T1
GF00004748	CHIFNET14NJ214_012381-T1	DBVPG3775_004340-T1
GF00004749	CHIFNET14NJ214_012503-T1	DBVPG3775_004338-T1
GF00004750	CHIFNET14NJ214_012502-T1	DBVPG3775_004337-T1
GF00004751	CHIFNET14NJ214_009349-T1	DBVPG3775_004334-T1
GF00004752	CHIFNET14NJ214_009353-T1	DBVPG3775_005451-T1
GF00004753	CHIFNET14NJ214_011126-T1	DBVPG3775_005448-T1
GF00004754	CHIFNET14NJ214_009357-T1	DBVPG3775_005447-T1
GF00004755	CHIFNET14NJ214_011124-T1	DBVPG3775_005446-T1
GF00004756	CHIFNET14NJ214_011123-T1	DBVPG3775_005444-T1
GF00004757	CHIFNET14NJ214_009360-T1	DBVPG3775_005443-T1
GF00004758	CHIFNET14NJ214_009361-T1	DBVPG3775_005442-T1
GF00004759	CHIFNET14NJ214_011118-T1	DBVPG3775_005440-T1
GF00004760	CHIFNET14NJ214_011117-T1	DBVPG3775_005439-T1
GF00004761	CHIFNET14NJ214_009367-T1	DBVPG3775_005844-T1
GF00004762	CHIFNET14NJ214_013131-T1	DBVPG3775_005846-T1
GF00004763	CHIFNET14NJ214_013827-T1	DBVPG3775_005848-T1
GF00004764	CHIFNET14NJ214_013828-T1	DBVPG3775_005849-T1
GF00004765	CHIFNET14NJ214_013482-T1	DBVPG3775_005851-T1
GF00004766	CHIFNET14NJ214_012283-T1	DBVPG3775_005853-T1
GF00004767	CHIFNET14NJ214_010637-T1	DBVPG3775_003722-T1
GF00004768	CHIFNET14NJ214_009474-T1	DBVPG3775_003591-T1
GF00004769	CHIFNET14NJ214_009475-T1	DBVPG3775_003592-T1
GF00004770	CHIFNET14NJ214_010225-T1	DBVPG3775_003593-T1
GF00004771	CHIFNET14NJ214_010226-T1	DBVPG3775_003594-T1
GF00004772	CHIFNET14NJ214_010227-T1	DBVPG3775_003595-T1
GF00004773	CHIFNET14NJ214_009480-T1	DBVPG3775_003597-T1
GF00004774	CHIFNET14NJ214_009481-T1	DBVPG3775_003598-T1
GF00004775	CHIFNET14NJ214_009535-T1	DBVPG3775_003894-T1
GF00004776	CHIFNET14NJ214_009539-T1	DBVPG3775_003890-T1
GF00004777	CHIFNET14NJ214_010947-T1	DBVPG3775_003888-T1
GF00004778	CHIFNET14NJ214_009542-T1	DBVPG3775_003887-T1
GF00004779	CHIFNET14NJ214_009543-T1	DBVPG3775_003886-T1
GF00004780	CHIFNET14NJ214_009544-T1	DBVPG3775_003885-T1
GF00004781	CHIFNET14NJ214_009548-T1	DBVPG3775_002452-T1
GF00004782	CHIFNET14NJ214_009583-T1	DBVPG3775_001620-T1
GF00004783	CHIFNET14NJ214_009607-T1	DBVPG3775_006951-T1
GF00004784	CHIFNET14NJ214_009608-T1	DBVPG3775_006950-T1
GF00004785	CHIFNET14NJ214_009609-T1	DBVPG3775_006949-T1
GF00004786	CHIFNET14NJ214_009851-T1	DBVPG3775_006944-T1
GF00004787	CHIFNET14NJ214_009627-T1	DBVPG3775_000549-T1
GF00004788	CHIFNET14NJ214_009629-T1	DBVPG3775_000551-T1
GF00004789	CHIFNET14NJ214_009631-T1	DBVPG3775_000555-T1
GF00004790	CHIFNET14NJ214_009632-T1	DBVPG3775_000556-T1
GF00004791	CHIFNET14NJ214_009633-T1	DBVPG3775_000557-T1
GF00004792	CHIFNET14NJ214_009638-T1	DBVPG3775_003363-T1
GF00004793	CHIFNET14NJ214_009639-T1	DBVPG3775_003364-T1
GF00004794	CHIFNET14NJ214_009641-T1	DBVPG3775_003366-T1
GF00004795	CHIFNET14NJ214_012864-T1	DBVPG3775_003369-T1
GF00004796	CHIFNET14NJ214_012810-T1	DBVPG3775_003372-T1
GF00004797	CHIFNET14NJ214_009647-T1	DBVPG3775_003374-T1
GF00004798	CHIFNET14NJ214_009658-T1	DBVPG3775_003692-T1
GF00004799	CHIFNET14NJ214_013362-T1	DBVPG3775_003690-T1
GF00004800	CHIFNET14NJ214_009660-T1	DBVPG3775_003689-T1
GF00004801	CHIFNET14NJ214_009662-T1	DBVPG3775_003687-T1
GF00004802	CHIFNET14NJ214_009666-T1	DBVPG3775_006227-T1
GF00004803	CHIFNET14NJ214_009669-T1	DBVPG3775_006933-T1
GF00004804	CHIFNET14NJ214_009670-T1	DBVPG3775_006934-T1
GF00004805	CHIFNET14NJ214_009675-T1	DBVPG3775_006939-T1
GF00004806	CHIFNET14NJ214_009849-T1	DBVPG3775_006942-T1
GF00004807	CHIFNET14NJ214_009680-T1	DBVPG3775_006344-T1
GF00004808	CHIFNET14NJ214_009681-T1	DBVPG3775_006343-T1
GF00004809	CHIFNET14NJ214_009682-T1	DBVPG3775_006342-T1
GF00004810	CHIFNET14NJ214_009684-T1	DBVPG3775_006340-T1
GF00004811	CHIFNET14NJ214_013993-T1	DBVPG3775_007555-T1
GF00004812	CHIFNET14NJ214_009690-T1	DBVPG3775_007558-T1
GF00004813	CHIFNET14NJ214_012009-T1	DBVPG3775_005865-T1
GF00004814	CHIFNET14NJ214_012008-T1	DBVPG3775_005864-T1
GF00004815	CHIFNET14NJ214_012007-T1	DBVPG3775_005863-T1
GF00004816	CHIFNET14NJ214_009697-T1	DBVPG3775_005862-T1
GF00004817	CHIFNET14NJ214_012003-T1	DBVPG3775_005860-T1
GF00004818	CHIFNET14NJ214_009701-T1	DBVPG3775_005859-T1
GF00004819	CHIFNET14NJ214_009702-T1	DBVPG3775_005858-T1
GF00004820	CHIFNET14NJ214_009721-T1	DBVPG3775_002593-T1
GF00004821	CHIFNET14NJ214_009722-T1	DBVPG3775_002594-T1
GF00004822	CHIFNET14NJ214_010608-T1	DBVPG3775_002598-T1
GF00004823	CHIFNET14NJ214_009736-T1	DBVPG3775_006457-T1
GF00004824	CHIFNET14NJ214_009737-T1	DBVPG3775_006458-T1
GF00004825	CHIFNET14NJ214_009739-T1	DBVPG3775_006460-T1
GF00004826	CHIFNET14NJ214_009741-T1	DBVPG3775_006462-T1
GF00004827	CHIFNET14NJ214_010733-T1	DBVPG3775_006463-T1
GF00004828	CHIFNET14NJ214_010734-T1	DBVPG3775_006464-T1
GF00004829	CHIFNET14NJ214_010735-T1	DBVPG3775_006465-T1
GF00004830	CHIFNET14NJ214_009745-T1	DBVPG3775_006466-T1
GF00004831	CHIFNET14NJ214_009747-T1	DBVPG3775_006468-T1
GF00004832	CHIFNET14NJ214_012690-T1	DBVPG3775_007533-T1
GF00004833	CHIFNET14NJ214_009764-T1	DBVPG3775_007534-T1
GF00004834	CHIFNET14NJ214_012693-T1	DBVPG3775_007536-T1
GF00004835	CHIFNET14NJ214_009767-T1	DBVPG3775_007538-T1
GF00004836	CHIFNET14NJ214_009774-T1	DBVPG3775_002070-T1
GF00004837	CHIFNET14NJ214_009776-T1	DBVPG3775_002072-T1
GF00004838	CHIFNET14NJ214_011979-T1	DBVPG3775_002074-T1
GF00004839	CHIFNET14NJ214_009780-T1	DBVPG3775_001528-T1
GF00004840	CHIFNET14NJ214_010089-T1	DBVPG3775_001527-T1
GF00004841	CHIFNET14NJ214_009782-T1	DBVPG3775_001526-T1
GF00004842	CHIFNET14NJ214_010091-T1	DBVPG3775_001524-T1
GF00004843	CHIFNET14NJ214_009784-T1	DBVPG3775_001523-T1
GF00004844	CHIFNET14NJ214_010093-T1	DBVPG3775_001522-T1
GF00004845	CHIFNET14NJ214_009789-T1	DBVPG3775_001516-T1
GF00004846	CHIFNET14NJ214_009806-T1	DBVPG3775_002899-T1
GF00004847	CHIFNET14NJ214_009808-T1	DBVPG3775_002897-T1
GF00004848	CHIFNET14NJ214_009809-T1	DBVPG3775_002896-T1
GF00004849	CHIFNET14NJ214_011839-T1	DBVPG3775_002895-T1
GF00004850	CHIFNET14NJ214_009811-T1	DBVPG3775_002894-T1
GF00004851	CHIFNET14NJ214_013807-T1	DBVPG3775_004699-T1
GF00004852	CHIFNET14NJ214_009817-T1	DBVPG3775_007139-T1
GF00004853	CHIFNET14NJ214_009818-T1	DBVPG3775_007138-T1
GF00004854	CHIFNET14NJ214_010929-T1	DBVPG3775_007137-T1
GF00004855	CHIFNET14NJ214_010928-T1	DBVPG3775_007136-T1
GF00004856	CHIFNET14NJ214_009823-T1	DBVPG3775_007133-T1
GF00004857	CHIFNET14NJ214_009826-T1	DBVPG3775_007130-T1
GF00004858	CHIFNET14NJ214_009827-T1	DBVPG3775_007129-T1
GF00004859	CHIFNET14NJ214_009828-T1	DBVPG3775_007128-T1
GF00004860	CHIFNET14NJ214_009829-T1	DBVPG3775_007127-T1
GF00004861	CHIFNET14NJ214_009830-T1	DBVPG3775_007126-T1
GF00004862	CHIFNET14NJ214_009850-T1	DBVPG3775_006943-T1
GF00004863	CHIFNET14NJ214_009873-T1	DBVPG3775_005357-T1
GF00004864	CHIFNET14NJ214_009874-T1	DBVPG3775_005356-T1
GF00004865	CHIFNET14NJ214_010940-T1	DBVPG3775_004534-T1
GF00004866	CHIFNET14NJ214_009894-T1	DBVPG3775_002383-T1
GF00004867	CHIFNET14NJ214_009896-T1	DBVPG3775_002381-T1
GF00004868	CHIFNET14NJ214_010184-T1	DBVPG3775_002380-T1
GF00004869	CHIFNET14NJ214_009899-T1	DBVPG3775_002378-T1
GF00004870	CHIFNET14NJ214_009900-T1	DBVPG3775_002377-T1
GF00004871	CHIFNET14NJ214_010188-T1	DBVPG3775_002376-T1
GF00004872	CHIFNET14NJ214_012357-T1	DBVPG3775_007482-T1
GF00004873	CHIFNET14NJ214_014003-T1	DBVPG3775_005940-T1
GF00004874	CHIFNET14NJ214_014002-T1	DBVPG3775_005941-T1
GF00004875	CHIFNET14NJ214_013582-T1	DBVPG3775_005943-T1
GF00004876	CHIFNET14NJ214_013581-T1	DBVPG3775_005944-T1
GF00004877	CHIFNET14NJ214_009961-T1	DBVPG3775_005947-T1
GF00004878	CHIFNET14NJ214_013146-T1	DBVPG3775_005948-T1
GF00004879	CHIFNET14NJ214_009963-T1	DBVPG3775_005949-T1
GF00004880	CHIFNET14NJ214_009964-T1	DBVPG3775_006223-T1
GF00004881	CHIFNET14NJ214_012269-T1	DBVPG3775_007336-T1
GF00004882	CHIFNET14NJ214_009996-T1	DBVPG3775_007338-T1
GF00004883	CHIFNET14NJ214_009997-T1	DBVPG3775_007339-T1
GF00004884	CHIFNET14NJ214_012265-T1	DBVPG3775_007340-T1
GF00004885	CHIFNET14NJ214_010820-T1	DBVPG3775_006901-T1
GF00004886	CHIFNET14NJ214_010004-T1	DBVPG3775_007345-T1
GF00004887	CHIFNET14NJ214_013624-T1	DBVPG3775_005093-T1
GF00004888	CHIFNET14NJ214_010048-T1	DBVPG3775_003387-T1
GF00004889	CHIFNET14NJ214_010049-T1	DBVPG3775_003388-T1
GF00004890	CHIFNET14NJ214_012150-T1	DBVPG3775_003389-T1
GF00004891	CHIFNET14NJ214_010054-T1	DBVPG3775_003393-T1
GF00004892	CHIFNET14NJ214_012586-T1	DBVPG3775_003394-T1
GF00004893	CHIFNET14NJ214_010056-T1	DBVPG3775_003395-T1
GF00004894	CHIFNET14NJ214_010058-T1	DBVPG3775_003397-T1
GF00004895	CHIFNET14NJ214_012582-T1	DBVPG3775_003398-T1
GF00004896	CHIFNET14NJ214_010674-T1	DBVPG3775_003842-T1
GF00004897	CHIFNET14NJ214_010064-T1	DBVPG3775_003843-T1
GF00004898	CHIFNET14NJ214_010676-T1	DBVPG3775_003844-T1
GF00004899	CHIFNET14NJ214_010067-T1	DBVPG3775_003846-T1
GF00004900	CHIFNET14NJ214_010678-T1	DBVPG3775_003847-T1
GF00004901	CHIFNET14NJ214_012375-T1	DBVPG3775_002539-T1
GF00004902	CHIFNET14NJ214_012374-T1	DBVPG3775_002538-T1
GF00004903	CHIFNET14NJ214_010098-T1	DBVPG3775_002537-T1
GF00004904	CHIFNET14NJ214_012372-T1	DBVPG3775_002536-T1
GF00004905	CHIFNET14NJ214_012371-T1	DBVPG3775_002535-T1
GF00004906	CHIFNET14NJ214_012370-T1	DBVPG3775_002534-T1
GF00004907	CHIFNET14NJ214_010115-T1	DBVPG3775_005363-T1
GF00004908	CHIFNET14NJ214_010116-T1	DBVPG3775_005364-T1
GF00004909	CHIFNET14NJ214_010168-T1	DBVPG3775_004846-T1
GF00004910	CHIFNET14NJ214_011135-T1	DBVPG3775_003324-T1
GF00004911	CHIFNET14NJ214_010194-T1	DBVPG3775_003323-T1
GF00004912	CHIFNET14NJ214_011131-T1	DBVPG3775_003320-T1
GF00004913	CHIFNET14NJ214_011130-T1	DBVPG3775_003319-T1
GF00004914	CHIFNET14NJ214_010199-T1	DBVPG3775_003318-T1
GF00004915	CHIFNET14NJ214_011128-T1	DBVPG3775_003317-T1
GF00004916	CHIFNET14NJ214_010215-T1	DBVPG3775_006846-T1
GF00004917	CHIFNET14NJ214_010216-T1	DBVPG3775_006847-T1
GF00004918	CHIFNET14NJ214_010217-T1	DBVPG3775_006849-T1
GF00004919	CHIFNET14NJ214_010219-T1	DBVPG3775_006851-T1
GF00004920	CHIFNET14NJ214_013181-T1	DBVPG3775_003516-T1
GF00004921	CHIFNET14NJ214_010245-T1	DBVPG3775_003517-T1
GF00004922	CHIFNET14NJ214_013179-T1	DBVPG3775_003518-T1
GF00004923	CHIFNET14NJ214_010253-T1	DBVPG3775_003525-T1
GF00004924	CHIFNET14NJ214_010258-T1	DBVPG3775_006259-T1
GF00004925	CHIFNET14NJ214_010259-T1	DBVPG3775_006257-T1
GF00004926	CHIFNET14NJ214_010260-T1	DBVPG3775_006256-T1
GF00004927	CHIFNET14NJ214_010262-T1	DBVPG3775_006253-T1
GF00004928	CHIFNET14NJ214_010296-T1	DBVPG3775_006251-T1
GF00004929	CHIFNET14NJ214_013457-T1	DBVPG3775_003610-T1
GF00004930	CHIFNET14NJ214_010267-T1	DBVPG3775_003611-T1
GF00004931	CHIFNET14NJ214_013460-T1	DBVPG3775_003613-T1
GF00004932	CHIFNET14NJ214_010270-T1	DBVPG3775_003614-T1
GF00004933	CHIFNET14NJ214_010272-T1	DBVPG3775_003617-T1
GF00004934	CHIFNET14NJ214_012054-T1	DBVPG3775_003618-T1
GF00004935	CHIFNET14NJ214_010274-T1	DBVPG3775_003619-T1
GF00004936	CHIFNET14NJ214_010275-T1	DBVPG3775_003620-T1
GF00004937	CHIFNET14NJ214_011068-T1	DBVPG3775_003534-T1
GF00004938	CHIFNET14NJ214_010279-T1	DBVPG3775_003535-T1
GF00004939	CHIFNET14NJ214_011066-T1	DBVPG3775_003536-T1
GF00004940	CHIFNET14NJ214_010282-T1	DBVPG3775_003538-T1
GF00004941	CHIFNET14NJ214_012596-T1	DBVPG3775_005871-T1
GF00004942	CHIFNET14NJ214_010315-T1	DBVPG3775_004703-T1
GF00004943	CHIFNET14NJ214_010316-T1	DBVPG3775_004704-T1
GF00004944	CHIFNET14NJ214_010317-T1	DBVPG3775_004705-T1
GF00004945	CHIFNET14NJ214_010318-T1	DBVPG3775_004706-T1
GF00004946	CHIFNET14NJ214_010319-T1	DBVPG3775_004707-T1
GF00004947	CHIFNET14NJ214_010320-T1	DBVPG3775_004708-T1
GF00004948	CHIFNET14NJ214_011402-T1	DBVPG3775_001235-T1
GF00004949	CHIFNET14NJ214_011400-T1	DBVPG3775_001233-T1
GF00004950	CHIFNET14NJ214_010362-T1	DBVPG3775_001231-T1
GF00004951	CHIFNET14NJ214_012175-T1	DBVPG3775_004827-T1
GF00004952	CHIFNET14NJ214_012174-T1	DBVPG3775_004826-T1
GF00004953	CHIFNET14NJ214_012173-T1	DBVPG3775_004824-T1
GF00004954	CHIFNET14NJ214_010391-T1	DBVPG3775_004820-T1
GF00004955	CHIFNET14NJ214_010444-T1	DBVPG3775_004742-T1
GF00004956	CHIFNET14NJ214_010445-T1	DBVPG3775_004743-T1
GF00004957	CHIFNET14NJ214_010446-T1	DBVPG3775_004744-T1
GF00004958	CHIFNET14NJ214_010447-T1	DBVPG3775_004745-T1
GF00004959	CHIFNET14NJ214_010449-T1	DBVPG3775_004747-T1
GF00004960	CHIFNET14NJ214_011797-T1	DBVPG3775_004748-T1
GF00004961	CHIFNET14NJ214_011798-T1	DBVPG3775_004749-T1
GF00004962	CHIFNET14NJ214_012352-T1	DBVPG3775_005991-T1
GF00004963	CHIFNET14NJ214_010517-T1	DBVPG3775_005989-T1
GF00004964	CHIFNET14NJ214_010522-T1	DBVPG3775_005983-T1
GF00004965	CHIFNET14NJ214_010523-T1	DBVPG3775_005982-T1
GF00004966	CHIFNET14NJ214_012478-T1	DBVPG3775_005979-T1
GF00004967	CHIFNET14NJ214_012477-T1	DBVPG3775_005978-T1
GF00004968	CHIFNET14NJ214_012908-T1	DBVPG3775_002589-T1
GF00004969	CHIFNET14NJ214_012907-T1	DBVPG3775_002588-T1
GF00004970	CHIFNET14NJ214_013445-T1	DBVPG3775_006794-T1
GF00004971	CHIFNET14NJ214_010540-T1	DBVPG3775_006792-T1
GF00004972	CHIFNET14NJ214_011175-T1	DBVPG3775_006791-T1
GF00004973	CHIFNET14NJ214_011174-T1	DBVPG3775_006789-T1
GF00004974	CHIFNET14NJ214_011170-T1	DBVPG3775_006785-T1
GF00004975	CHIFNET14NJ214_010548-T1	DBVPG3775_006783-T1
GF00004976	CHIFNET14NJ214_010561-T1	DBVPG3775_005993-T1
GF00004977	CHIFNET14NJ214_010564-T1	DBVPG3775_006751-T1
GF00004978	CHIFNET14NJ214_010568-T1	DBVPG3775_006746-T1
GF00004979	CHIFNET14NJ214_010571-T1	DBVPG3775_006743-T1
GF00004980	CHIFNET14NJ214_013879-T1	DBVPG3775_004143-T1
GF00004981	CHIFNET14NJ214_012000-T1	DBVPG3775_005878-T1
GF00004982	CHIFNET14NJ214_010593-T1	DBVPG3775_005879-T1
GF00004983	CHIFNET14NJ214_011998-T1	DBVPG3775_005880-T1
GF00004984	CHIFNET14NJ214_010613-T1	DBVPG3775_004597-T1
GF00004985	CHIFNET14NJ214_011885-T1	DBVPG3775_004596-T1
GF00004986	CHIFNET14NJ214_010616-T1	DBVPG3775_004594-T1
GF00004987	CHIFNET14NJ214_010620-T1	DBVPG3775_007541-T1
GF00004988	CHIFNET14NJ214_010621-T1	DBVPG3775_007542-T1
GF00004989	CHIFNET14NJ214_010624-T1	DBVPG3775_000686-T1
GF00004990	CHIFNET14NJ214_011723-T1	DBVPG3775_000687-T1
GF00004991	CHIFNET14NJ214_010626-T1	DBVPG3775_000688-T1
GF00004992	CHIFNET14NJ214_010628-T1	DBVPG3775_000690-T1
GF00004993	CHIFNET14NJ214_011720-T1	DBVPG3775_000691-T1
GF00004994	CHIFNET14NJ214_010650-T1	DBVPG3775_002915-T1
GF00004995	CHIFNET14NJ214_010652-T1	DBVPG3775_002913-T1
GF00004996	CHIFNET14NJ214_010854-T1	DBVPG3775_002912-T1
GF00004997	CHIFNET14NJ214_010853-T1	DBVPG3775_002911-T1
GF00004998	CHIFNET14NJ214_010852-T1	DBVPG3775_002910-T1
GF00004999	CHIFNET14NJ214_010656-T1	DBVPG3775_002909-T1
GF00005000	CHIFNET14NJ214_012727-T1	DBVPG3775_002906-T1
GF00005001	CHIFNET14NJ214_012815-T1	DBVPG3775_000505-T1
GF00005002	CHIFNET14NJ214_010716-T1	DBVPG3775_004530-T1
GF00005003	CHIFNET14NJ214_010936-T1	DBVPG3775_004529-T1
GF00005004	CHIFNET14NJ214_010718-T1	DBVPG3775_004528-T1
GF00005005	CHIFNET14NJ214_010934-T1	DBVPG3775_004527-T1
GF00005006	CHIFNET14NJ214_010772-T1	DBVPG3775_007013-T1
GF00005007	CHIFNET14NJ214_010773-T1	DBVPG3775_007014-T1
GF00005008	CHIFNET14NJ214_010777-T1	DBVPG3775_001353-T1
GF00005009	CHIFNET14NJ214_010778-T1	DBVPG3775_001352-T1
GF00005010	CHIFNET14NJ214_010779-T1	DBVPG3775_001351-T1
GF00005011	CHIFNET14NJ214_010780-T1	DBVPG3775_001350-T1
GF00005012	CHIFNET14NJ214_010781-T1	DBVPG3775_001349-T1
GF00005013	CHIFNET14NJ214_010783-T1	DBVPG3775_001345-T1
GF00005014	CHIFNET14NJ214_010784-T1	DBVPG3775_001344-T1
GF00005015	CHIFNET14NJ214_010790-T1	DBVPG3775_004003-T1
GF00005016	CHIFNET14NJ214_012545-T1	DBVPG3775_004006-T1
GF00005017	CHIFNET14NJ214_012546-T1	DBVPG3775_004007-T1
GF00005018	CHIFNET14NJ214_010800-T1	DBVPG3775_003082-T1
GF00005019	CHIFNET14NJ214_010801-T1	DBVPG3775_003083-T1
GF00005020	CHIFNET14NJ214_010803-T1	DBVPG3775_003085-T1
GF00005021	CHIFNET14NJ214_010804-T1	DBVPG3775_003086-T1
GF00005022	CHIFNET14NJ214_012794-T1	DBVPG3775_003088-T1
GF00005023	CHIFNET14NJ214_010884-T1	DBVPG3775_003073-T1
GF00005024	CHIFNET14NJ214_013570-T1	DBVPG3775_003070-T1
GF00005025	CHIFNET14NJ214_013569-T1	DBVPG3775_003069-T1
GF00005026	CHIFNET14NJ214_013568-T1	DBVPG3775_003068-T1
GF00005027	CHIFNET14NJ214_010889-T1	DBVPG3775_003067-T1
GF00005028	CHIFNET14NJ214_013208-T1	DBVPG3775_002975-T1
GF00005029	CHIFNET14NJ214_010956-T1	DBVPG3775_002976-T1
GF00005030	CHIFNET14NJ214_010974-T1	DBVPG3775_002334-T1
GF00005031	CHIFNET14NJ214_010978-T1	DBVPG3775_002329-T1
GF00005032	CHIFNET14NJ214_011508-T1	DBVPG3775_001953-T1
GF00005033	CHIFNET14NJ214_011010-T1	DBVPG3775_001952-T1
GF00005034	CHIFNET14NJ214_011510-T1	DBVPG3775_001951-T1
GF00005035	CHIFNET14NJ214_011012-T1	DBVPG3775_001950-T1
GF00005036	CHIFNET14NJ214_011014-T1	DBVPG3775_001948-T1
GF00005037	CHIFNET14NJ214_011015-T1	DBVPG3775_001947-T1
GF00005038	CHIFNET14NJ214_012326-T1	DBVPG3775_003533-T1
GF00005039	CHIFNET14NJ214_012329-T1	DBVPG3775_003531-T1
GF00005040	CHIFNET14NJ214_014219-T1	DBVPG3775_005438-T1
GF00005041	CHIFNET14NJ214_011183-T1	DBVPG3775_006978-T1
GF00005042	CHIFNET14NJ214_011189-T1	DBVPG3775_004693-T1
GF00005043	CHIFNET14NJ214_012683-T1	DBVPG3775_004692-T1
GF00005044	CHIFNET14NJ214_013967-T1	DBVPG3775_004690-T1
GF00005045	CHIFNET14NJ214_011193-T1	DBVPG3775_004689-T1
GF00005046	CHIFNET14NJ214_011195-T1	DBVPG3775_004687-T1
GF00005047	CHIFNET14NJ214_011210-T1	DBVPG3775_006470-T1
GF00005048	CHIFNET14NJ214_011211-T1	DBVPG3775_006471-T1
GF00005049	CHIFNET14NJ214_011215-T1	DBVPG3775_006475-T1
GF00005050	CHIFNET14NJ214_011217-T1	DBVPG3775_006477-T1
GF00005051	CHIFNET14NJ214_011218-T1	DBVPG3775_006478-T1
GF00005052	CHIFNET14NJ214_012123-T1	DBVPG3775_006236-T1
GF00005053	CHIFNET14NJ214_012125-T1	DBVPG3775_006233-T1
GF00005054	CHIFNET14NJ214_011776-T1	DBVPG3775_005933-T1
GF00005055	CHIFNET14NJ214_011778-T1	DBVPG3775_005931-T1
GF00005056	CHIFNET14NJ214_011779-T1	DBVPG3775_005930-T1
GF00005057	CHIFNET14NJ214_011781-T1	DBVPG3775_005928-T1
GF00005058	CHIFNET14NJ214_011355-T1	DBVPG3775_001281-T1
GF00005059	CHIFNET14NJ214_011751-T1	DBVPG3775_001282-T1
GF00005060	CHIFNET14NJ214_011753-T1	DBVPG3775_001284-T1
GF00005061	CHIFNET14NJ214_011360-T1	DBVPG3775_001289-T1
GF00005062	CHIFNET14NJ214_011377-T1	DBVPG3775_003256-T1
GF00005063	CHIFNET14NJ214_014043-T1	DBVPG3775_001236-T1
GF00005064	CHIFNET14NJ214_011581-T1	DBVPG3775_007441-T1
GF00005065	CHIFNET14NJ214_011442-T1	DBVPG3775_007440-T1
GF00005066	CHIFNET14NJ214_011579-T1	DBVPG3775_007438-T1
GF00005067	CHIFNET14NJ214_011578-T1	DBVPG3775_007437-T1
GF00005068	CHIFNET14NJ214_011445-T1	DBVPG3775_007436-T1
GF00005069	CHIFNET14NJ214_011446-T1	DBVPG3775_007435-T1
GF00005070	CHIFNET14NJ214_011575-T1	DBVPG3775_007434-T1
GF00005071	CHIFNET14NJ214_011558-T1	DBVPG3775_005428-T1
GF00005072	CHIFNET14NJ214_011559-T1	DBVPG3775_005429-T1
GF00005073	CHIFNET14NJ214_011560-T1	DBVPG3775_005430-T1
GF00005074	CHIFNET14NJ214_011563-T1	DBVPG3775_005433-T1
GF00005075	CHIFNET14NJ214_013070-T1	DBVPG3775_005434-T1
GF00005076	CHIFNET14NJ214_011630-T1	DBVPG3775_005388-T1
GF00005077	CHIFNET14NJ214_011631-T1	DBVPG3775_005389-T1
GF00005078	CHIFNET14NJ214_011632-T1	DBVPG3775_005390-T1
GF00005079	CHIFNET14NJ214_011635-T1	DBVPG3775_005393-T1
GF00005080	CHIFNET14NJ214_011636-T1	DBVPG3775_005394-T1
GF00005081	CHIFNET14NJ214_011637-T1	DBVPG3775_005395-T1
GF00005082	CHIFNET14NJ214_013152-T1	DBVPG3775_004106-T1
GF00005083	CHIFNET14NJ214_011640-T1	DBVPG3775_004105-T1
GF00005084	CHIFNET14NJ214_011641-T1	DBVPG3775_004104-T1
GF00005085	CHIFNET14NJ214_011643-T1	DBVPG3775_004102-T1
GF00005086	CHIFNET14NJ214_012226-T1	DBVPG3775_004101-T1
GF00005087	CHIFNET14NJ214_012225-T1	DBVPG3775_004100-T1
GF00005088	CHIFNET14NJ214_013371-T1	DBVPG3775_000683-T1
GF00005089	CHIFNET14NJ214_011906-T1	DBVPG3775_005804-T1
GF00005090	CHIFNET14NJ214_011908-T1	DBVPG3775_005806-T1
GF00005091	CHIFNET14NJ214_011772-T1	DBVPG3775_005810-T1
GF00005092	CHIFNET14NJ214_011912-T1	DBVPG3775_005811-T1
GF00005093	CHIFNET14NJ214_011824-T1	DBVPG3775_005675-T1
GF00005094	CHIFNET14NJ214_012838-T1	DBVPG3775_005673-T1
GF00005095	CHIFNET14NJ214_012839-T1	DBVPG3775_005672-T1
GF00005096	CHIFNET14NJ214_011831-T1	DBVPG3775_003603-T1
GF00005097	CHIFNET14NJ214_012555-T1	DBVPG3775_003604-T1
GF00005098	CHIFNET14NJ214_012556-T1	DBVPG3775_003605-T1
GF00005099	CHIFNET14NJ214_011844-T1	DBVPG3775_003311-T1
GF00005100	CHIFNET14NJ214_012466-T1	DBVPG3775_003308-T1
GF00005101	CHIFNET14NJ214_011852-T1	DBVPG3775_003304-T1
GF00005102	CHIFNET14NJ214_012471-T1	DBVPG3775_003303-T1
GF00005103	CHIFNET14NJ214_011904-T1	DBVPG3775_003192-T1
GF00005104	CHIFNET14NJ214_011941-T1	DBVPG3775_002886-T1
GF00005105	CHIFNET14NJ214_011943-T1	DBVPG3775_002884-T1
GF00005106	CHIFNET14NJ214_011944-T1	DBVPG3775_002883-T1
GF00005107	CHIFNET14NJ214_013721-T1	DBVPG3775_001750-T1
GF00005108	CHIFNET14NJ214_011957-T1	DBVPG3775_001749-T1
GF00005109	CHIFNET14NJ214_011963-T1	DBVPG3775_000704-T1
GF00005110	CHIFNET14NJ214_011964-T1	DBVPG3775_000705-T1
GF00005111	CHIFNET14NJ214_012037-T1	DBVPG3775_003972-T1
GF00005112	CHIFNET14NJ214_012038-T1	DBVPG3775_003971-T1
GF00005113	CHIFNET14NJ214_012049-T1	DBVPG3775_003623-T1
GF00005114	CHIFNET14NJ214_012111-T1	DBVPG3775_004200-T1
GF00005115	CHIFNET14NJ214_012099-T1	DBVPG3775_004201-T1
GF00005116	CHIFNET14NJ214_012101-T1	DBVPG3775_004203-T1
GF00005117	CHIFNET14NJ214_012107-T1	DBVPG3775_004204-T1
GF00005118	CHIFNET14NJ214_012103-T1	DBVPG3775_004205-T1
GF00005119	CHIFNET14NJ214_012859-T1	DBVPG3775_004356-T1
GF00005120	CHIFNET14NJ214_012189-T1	DBVPG3775_004355-T1
GF00005121	CHIFNET14NJ214_012861-T1	DBVPG3775_004354-T1
GF00005122	CHIFNET14NJ214_012862-T1	DBVPG3775_004353-T1
GF00005123	CHIFNET14NJ214_012203-T1	DBVPG3775_001354-T1
GF00005124	CHIFNET14NJ214_012204-T1	DBVPG3775_001355-T1
GF00005125	CHIFNET14NJ214_012206-T1	DBVPG3775_001357-T1
GF00005126	CHIFNET14NJ214_013609-T1	DBVPG3775_001358-T1
GF00005127	CHIFNET14NJ214_012218-T1	DBVPG3775_002337-T1
GF00005128	CHIFNET14NJ214_013215-T1	DBVPG3775_004096-T1
GF00005129	CHIFNET14NJ214_013437-T1	DBVPG3775_007377-T1
GF00005130	CHIFNET14NJ214_013435-T1	DBVPG3775_007379-T1
GF00005131	CHIFNET14NJ214_012234-T1	DBVPG3775_007380-T1
GF00005132	CHIFNET14NJ214_013796-T1	DBVPG3775_007381-T1
GF00005133	CHIFNET14NJ214_012236-T1	DBVPG3775_007382-T1
GF00005134	CHIFNET14NJ214_012237-T1	DBVPG3775_007383-T1
GF00005135	CHIFNET14NJ214_012238-T1	DBVPG3775_007384-T1
GF00005136	CHIFNET14NJ214_012259-T1	DBVPG3775_007332-T1
GF00005137	CHIFNET14NJ214_012261-T1	DBVPG3775_007330-T1
GF00005138	CHIFNET14NJ214_012287-T1	DBVPG3775_000547-T1
GF00005139	CHIFNET14NJ214_012289-T1	DBVPG3775_000545-T1
GF00005140	CHIFNET14NJ214_013476-T1	DBVPG3775_004112-T1
GF00005141	CHIFNET14NJ214_012316-T1	DBVPG3775_004111-T1
GF00005142	CHIFNET14NJ214_012317-T1	DBVPG3775_004110-T1
GF00005143	CHIFNET14NJ214_013479-T1	DBVPG3775_004109-T1
GF00005144	CHIFNET14NJ214_014103-T1	DBVPG3775_003527-T1
GF00005145	CHIFNET14NJ214_014305-T1	DBVPG3775_007479-T1
GF00005146	CHIFNET14NJ214_014010-T1	DBVPG3775_007089-T1
GF00005147	CHIFNET14NJ214_014009-T1	DBVPG3775_007090-T1
GF00005148	CHIFNET14NJ214_012385-T1	DBVPG3775_007091-T1
GF00005149	CHIFNET14NJ214_013312-T1	DBVPG3775_003406-T1
GF00005150	CHIFNET14NJ214_012430-T1	DBVPG3775_003405-T1
GF00005151	CHIFNET14NJ214_012433-T1	DBVPG3775_003402-T1
GF00005152	CHIFNET14NJ214_012435-T1	DBVPG3775_003400-T1
GF00005153	CHIFNET14NJ214_013802-T1	DBVPG3775_003399-T1
GF00005154	CHIFNET14NJ214_012444-T1	DBVPG3775_001966-T1
GF00005155	CHIFNET14NJ214_014260-T1	DBVPG3775_001965-T1
GF00005156	CHIFNET14NJ214_013586-T1	DBVPG3775_001960-T1
GF00005157	CHIFNET14NJ214_012451-T1	DBVPG3775_001959-T1
GF00005158	CHIFNET14NJ214_013679-T1	DBVPG3775_004565-T1
GF00005159	CHIFNET14NJ214_012936-T1	DBVPG3775_005973-T1
GF00005160	CHIFNET14NJ214_012475-T1	DBVPG3775_005974-T1
GF00005161	CHIFNET14NJ214_012476-T1	DBVPG3775_005975-T1
GF00005162	CHIFNET14NJ214_012532-T1	DBVPG3775_001868-T1
GF00005163	CHIFNET14NJ214_012901-T1	DBVPG3775_001867-T1
GF00005164	CHIFNET14NJ214_012536-T1	DBVPG3775_001863-T1
GF00005165	CHIFNET14NJ214_012640-T1	DBVPG3775_007553-T1
GF00005166	CHIFNET14NJ214_012641-T1	DBVPG3775_007552-T1
GF00005167	CHIFNET14NJ214_012662-T1	DBVPG3775_000472-T1
GF00005168	CHIFNET14NJ214_012679-T1	DBVPG3775_001515-T1
GF00005169	CHIFNET14NJ214_012965-T1	DBVPG3775_004696-T1
GF00005170	CHIFNET14NJ214_012774-T1	DBVPG3775_001413-T1
GF00005171	CHIFNET14NJ214_012772-T1	DBVPG3775_001411-T1
GF00005172	CHIFNET14NJ214_012771-T1	DBVPG3775_001410-T1
GF00005173	CHIFNET14NJ214_013524-T1	DBVPG3775_003046-T1
GF00005174	CHIFNET14NJ214_013523-T1	DBVPG3775_003047-T1
GF00005175	CHIFNET14NJ214_012767-T1	DBVPG3775_000697-T1
GF00005176	CHIFNET14NJ214_012768-T1	DBVPG3775_000696-T1
GF00005177	CHIFNET14NJ214_013625-T1	DBVPG3775_005092-T1
GF00005178	CHIFNET14NJ214_013626-T1	DBVPG3775_005091-T1
GF00005179	CHIFNET14NJ214_013984-T1	DBVPG3775_005088-T1
GF00005180	CHIFNET14NJ214_012910-T1	DBVPG3775_003079-T1
GF00005181	CHIFNET14NJ214_012880-T1	DBVPG3775_003078-T1
GF00005182	CHIFNET14NJ214_012881-T1	DBVPG3775_003077-T1
GF00005183	CHIFNET14NJ214_012915-T1	DBVPG3775_003074-T1
GF00005184	CHIFNET14NJ214_013052-T1	DBVPG3775_005800-T1
GF00005185	CHIFNET14NJ214_013051-T1	DBVPG3775_005801-T1
GF00005186	CHIFNET14NJ214_013013-T1	DBVPG3775_001821-T1
GF00005187	CHIFNET14NJ214_013012-T1	DBVPG3775_001820-T1
GF00005188	CHIFNET14NJ214_013011-T1	DBVPG3775_001819-T1
GF00005189	CHIFNET14NJ214_013908-T1	DBVPG3775_000743-T1
GF00005190	CHIFNET14NJ214_013251-T1	DBVPG3775_005813-T1
GF00005191	CHIFNET14NJ214_013254-T1	DBVPG3775_004257-T1
GF00005192	CHIFNET14NJ214_013358-T1	DBVPG3775_004258-T1
GF00005193	CHIFNET14NJ214_013263-T1	DBVPG3775_007373-T1
GF00005194	CHIFNET14NJ214_013266-T1	DBVPG3775_007370-T1
GF00005195	CHIFNET14NJ214_013305-T1	DBVPG3775_004468-T1
GF00005196	CHIFNET14NJ214_013304-T1	DBVPG3775_004467-T1
GF00005197	CHIFNET14NJ214_013302-T1	DBVPG3775_002129-T1
GF00005198	CHIFNET14NJ214_013313-T1	DBVPG3775_001335-T1
GF00005199	CHIFNET14NJ214_014140-T1	DBVPG3775_001333-T1
GF00005200	CHIFNET14NJ214_013316-T1	DBVPG3775_001332-T1
GF00005201	CHIFNET14NJ214_013326-T1	DBVPG3775_001763-T1
GF00005202	CHIFNET14NJ214_013327-T1	DBVPG3775_001762-T1
GF00005203	CHIFNET14NJ214_013328-T1	DBVPG3775_001761-T1
GF00005204	CHIFNET14NJ214_013329-T1	DBVPG3775_001760-T1
GF00005205	CHIFNET14NJ214_013331-T1	DBVPG3775_001758-T1
GF00005206	CHIFNET14NJ214_013345-T1	DBVPG3775_001757-T1
GF00005207	CHIFNET14NJ214_013335-T1	DBVPG3775_005937-T1
GF00005208	CHIFNET14NJ214_013841-T1	DBVPG3775_000681-T1
GF00005209	CHIFNET14NJ214_013374-T1	DBVPG3775_001574-T1
GF00005210	CHIFNET14NJ214_013497-T1	DBVPG3775_001573-T1
GF00005211	CHIFNET14NJ214_013377-T1	DBVPG3775_004710-T1
GF00005212	CHIFNET14NJ214_013429-T1	DBVPG3775_002581-T1
GF00005213	CHIFNET14NJ214_013397-T1	DBVPG3775_002582-T1
GF00005214	CHIFNET14NJ214_013398-T1	DBVPG3775_002583-T1
GF00005215	CHIFNET14NJ214_013453-T1	DBVPG3775_004323-T1
GF00005216	CHIFNET14NJ214_014112-T1	DBVPG3775_004324-T1
GF00005217	CHIFNET14NJ214_014168-T1	DBVPG3775_002888-T1
GF00005218	CHIFNET14NJ214_014017-T1	DBVPG3775_003189-T1
GF00005219	CHIFNET14NJ214_013696-T1	DBVPG3775_003190-T1
GF00005220	CHIFNET14NJ214_013964-T1	DBVPG3775_003300-T1
GF00005221	CHIFNET14NJ214_013811-T1	DBVPG3775_000967-T1
GF00005222	CHIFNET14NJ214_013812-T1	DBVPG3775_000969-T1
GF00005223	CHIFNET14NJ214_013817-T1	DBVPG3775_000750-T1
GF00005224	CHIFNET14NJ214_013818-T1	DBVPG3775_000749-T1
GF00005225	CHIFNET14NJ214_013874-T1	DBVPG3775_000745-T1
GF00005226	CHIFNET14NJ214_013869-T1	DBVPG3775_007328-T1
GF00005227	CHIFNET14NJ214_014089-T1	DBVPG3775_006587-T1
GF00005228	CHIFNET14NJ214_013882-T1	DBVPG3775_006586-T1
GF00005229	CHIFNET14NJ214_014081-T1	DBVPG3775_007141-T1
GF00005230	CHIFNET14NJ214_013890-T1	DBVPG3775_003880-T1
GF00005231	CHIFNET14NJ214_013892-T1	DBVPG3775_003882-T1
GF00005232	CHIFNET14NJ214_013894-T1	DBVPG3775_007563-T1
GF00005233	CHIFNET14NJ214_013924-T1	DBVPG3775_004740-T1
GF00005234	CHIFNET14NJ214_014006-T1	DBVPG3775_003315-T1
GF00005235	CHIFNET14NJ214_014073-T1	DBVPG3775_001754-T1
GF00005236	CHIFNET14NJ214_014162-T1	DBVPG3775_001531-T1
GF00005237	CHIFNET14NJ214_014210-T1	DBVPG3775_000630-T1
GF00005238	CHIFNET14NJ214_014218-T1	DBVPG3775_005437-T1
GF00005239	CHIFNET14NJ214_006134-T1	DBVPG3775_000494-T1
GF00005240	CHIFNET14NJ214_008265-T1	DBVPG3775_000909-T1
GF00005241	CHIFNET14NJ214_006702-T1	DBVPG3775_001387-T1
GF00005242	CHIFNET14NJ214_010085-T1	DBVPG3775_001577-T1
GF00005243	CHIFNET14NJ214_008157-T1	DBVPG3775_002194-T1
GF00005244	CHIFNET14NJ214_009892-T1	DBVPG3775_002386-T1
GF00005245	CHIFNET14NJ214_001442-T1	DBVPG3775_002794-T1
GF00005246	CHIFNET14NJ214_004186-T1	DBVPG3775_003136-T1
GF00005247	CHIFNET14NJ214_001792-T1	DBVPG3775_003449-T1
GF00005248	CHIFNET14NJ214_008413-T1	DBVPG3775_003511-T1
GF00005249	CHIFNET14NJ214_011784-T1	DBVPG3775_003563-T1
GF00005250	CHIFNET14NJ214_009912-T1	DBVPG3775_003565-T1
GF00005251	CHIFNET14NJ214_007191-T1	DBVPG3775_004053-T1
GF00005252	CHIFNET14NJ214_014513-T1	DBVPG3775_004598-T1
GF00005253	CHIFNET14NJ214_002607-T1	DBVPG3775_004965-T1
GF00005254	CHIFNET14NJ214_002815-T1	DBVPG3775_004966-T1
GF00005255	CHIFNET14NJ214_014460-T1	DBVPG3775_005144-T1
GF00005256	CHIFNET14NJ214_013916-T1	DBVPG3775_005793-T1
GF00005257	CHIFNET14NJ214_013651-T1	DBVPG3775_006347-T1
GF00005258	CHIFNET14NJ214_007295-T1	DBVPG3775_007276-T1
GF00005259	CHIFNET14NJ214_007694-T1	DBVPG3775_007432-T1
GF00005260	CHIFNET14NJ214_012608-T1	DBVPG3775_007565-T1
GF00005261	CHIFNET14NJ214_008519-T1	
GF00005262	CHIFNET14NJ214_004825-T1	
GF00005263	CHIFNET14NJ214_014018-T1	DBVPG3775_004625-T1
GF00005264	CHIFNET14NJ214_012309-T1	
GF00005265	CHIFNET14NJ214_013670-T1	
GF00005266	CHIFNET14NJ214_001626-T1	
GF00005267	CHIFNET14NJ214_002826-T1	
GF00005268	CHIFNET14NJ214_003414-T1	
GF00005269	CHIFNET14NJ214_004029-T1	DBVPG3775_007235-T1
GF00005270	CHIFNET14NJ214_013344-T1	DBVPG3775_006338-T1
GF00005271	CHIFNET14NJ214_013994-T1	
GF00005272	CHIFNET14NJ214_005339-T1	DBVPG3775_005670-T1
GF00005273	CHIFNET14NJ214_013914-T1	
GF00005274	CHIFNET14NJ214_012306-T1	
GF00005275	CHIFNET14NJ214_012607-T1	DBVPG3775_007564-T1
GF00005276	CHIFNET14NJ214_010747-T1	DBVPG3775_002306-T1
GF00005277	CHIFNET14NJ214_007871-T1	DBVPG3775_005231-T1
GF00005278	CHIFNET14NJ214_009908-T1	DBVPG3775_003569-T1
GF00005279	CHIFNET14NJ214_010902-T1	
GF00005280	CHIFNET14NJ214_014153-T1	
GF00005281	CHIFNET14NJ214_013865-T1	
GF00005282	CHIFNET14NJ214_011296-T1	
GF00005283	CHIFNET14NJ214_014063-T1	
GF00005284	CHIFNET14NJ214_014214-T1	
GF00005285	CHIFNET14NJ214_002349-T1	DBVPG3775_000015-T1
GF00005286	CHIFNET14NJ214_000368-T1	DBVPG3775_000063-T1
GF00005287	CHIFNET14NJ214_014203-T1	DBVPG3775_000083-T1
GF00005288	CHIFNET14NJ214_000995-T1	DBVPG3775_000096-T1
GF00005289	CHIFNET14NJ214_008317-T1	DBVPG3775_000097-T1
GF00005290	CHIFNET14NJ214_010684-T1	DBVPG3775_000130-T1
GF00005291	CHIFNET14NJ214_010685-T1	DBVPG3775_000131-T1
GF00005292	CHIFNET14NJ214_012987-T1	DBVPG3775_000146-T1
GF00005293	CHIFNET14NJ214_001346-T1	DBVPG3775_000246-T1
GF00005294	CHIFNET14NJ214_004485-T1	DBVPG3775_000256-T1
GF00005295	CHIFNET14NJ214_005374-T1	DBVPG3775_000279-T1
GF00005296	CHIFNET14NJ214_010581-T1	DBVPG3775_000281-T1
GF00005297	CHIFNET14NJ214_003311-T1	DBVPG3775_000397-T1
GF00005298	CHIFNET14NJ214_012120-T1	DBVPG3775_000463-T1
GF00005299	CHIFNET14NJ214_012661-T1	DBVPG3775_000473-T1
GF00005300	CHIFNET14NJ214_006122-T1	DBVPG3775_000479-T1
GF00005301	CHIFNET14NJ214_006123-T1	DBVPG3775_000480-T1
GF00005302	CHIFNET14NJ214_006124-T1	DBVPG3775_000481-T1
GF00005303	CHIFNET14NJ214_006125-T1	DBVPG3775_000482-T1
GF00005304	CHIFNET14NJ214_006135-T1	DBVPG3775_000496-T1
GF00005305	CHIFNET14NJ214_009281-T1	DBVPG3775_000565-T1
GF00005306	CHIFNET14NJ214_005517-T1	DBVPG3775_000584-T1
GF00005307	CHIFNET14NJ214_013419-T1	DBVPG3775_000603-T1
GF00005308	CHIFNET14NJ214_013417-T1	DBVPG3775_000604-T1
GF00005309	CHIFNET14NJ214_007624-T1	DBVPG3775_000678-T1
GF00005310	CHIFNET14NJ214_010627-T1	DBVPG3775_000689-T1
GF00005311	CHIFNET14NJ214_003503-T1	DBVPG3775_000718-T1
GF00005312	CHIFNET14NJ214_009618-T1	DBVPG3775_000719-T1
GF00005313	CHIFNET14NJ214_004730-T1	DBVPG3775_000758-T1
GF00005314	CHIFNET14NJ214_013638-T1	DBVPG3775_000791-T1
GF00005315	CHIFNET14NJ214_001915-T1	DBVPG3775_000857-T1
GF00005316	CHIFNET14NJ214_002167-T1	DBVPG3775_000905-T1
GF00005317	CHIFNET14NJ214_007555-T1	DBVPG3775_000951-T1
GF00005318	CHIFNET14NJ214_013813-T1	DBVPG3775_000968-T1
GF00005319	CHIFNET14NJ214_005687-T1	DBVPG3775_001001-T1
GF00005320	CHIFNET14NJ214_006809-T1	DBVPG3775_001033-T1
GF00005321	CHIFNET14NJ214_007841-T1	DBVPG3775_001040-T1
GF00005322	CHIFNET14NJ214_007838-T1	DBVPG3775_001043-T1
GF00005323	CHIFNET14NJ214_008123-T1	DBVPG3775_001063-T1
GF00005324	CHIFNET14NJ214_005867-T1	DBVPG3775_001139-T1
GF00005325	CHIFNET14NJ214_005156-T1	DBVPG3775_001180-T1
GF00005326	CHIFNET14NJ214_010361-T1	DBVPG3775_001232-T1
GF00005327	CHIFNET14NJ214_011404-T1	DBVPG3775_001237-T1
GF00005328	CHIFNET14NJ214_011754-T1	DBVPG3775_001286-T1
GF00005329	CHIFNET14NJ214_011755-T1	DBVPG3775_001287-T1
GF00005330	CHIFNET14NJ214_004688-T1	DBVPG3775_001315-T1
GF00005331	CHIFNET14NJ214_012185-T1	DBVPG3775_001400-T1
GF00005332	CHIFNET14NJ214_000134-T1	DBVPG3775_001477-T1
GF00005333	CHIFNET14NJ214_000153-T1	DBVPG3775_001492-T1
GF00005334	CHIFNET14NJ214_000154-T1	DBVPG3775_001493-T1
GF00005335	CHIFNET14NJ214_000156-T1	DBVPG3775_001495-T1
GF00005336	CHIFNET14NJ214_012017-T1	DBVPG3775_001614-T1
GF00005337	CHIFNET14NJ214_009584-T1	DBVPG3775_001621-T1
GF00005338	CHIFNET14NJ214_001838-T1	DBVPG3775_001643-T1
GF00005339	CHIFNET14NJ214_000015-T1	DBVPG3775_001655-T1
GF00005340	CHIFNET14NJ214_008340-T1	DBVPG3775_001881-T1
GF00005341	CHIFNET14NJ214_002292-T1	DBVPG3775_001996-T1
GF00005342	CHIFNET14NJ214_014212-T1	DBVPG3775_002055-T1
GF00005343	CHIFNET14NJ214_013856-T1	DBVPG3775_002057-T1
GF00005344	CHIFNET14NJ214_011800-T1	DBVPG3775_002058-T1
GF00005345	CHIFNET14NJ214_011801-T1	DBVPG3775_002059-T1
GF00005346	CHIFNET14NJ214_011802-T1	DBVPG3775_002060-T1
GF00005347	CHIFNET14NJ214_011803-T1	DBVPG3775_002061-T1
GF00005348	CHIFNET14NJ214_011804-T1	DBVPG3775_002062-T1
GF00005349	CHIFNET14NJ214_011807-T1	DBVPG3775_002065-T1
GF00005350	CHIFNET14NJ214_011808-T1	DBVPG3775_002066-T1
GF00005351	CHIFNET14NJ214_013724-T1	DBVPG3775_002068-T1
GF00005352	CHIFNET14NJ214_005318-T1	DBVPG3775_002076-T1
GF00005353	CHIFNET14NJ214_009707-T1	DBVPG3775_002146-T1
GF00005354	CHIFNET14NJ214_008158-T1	DBVPG3775_002192-T1
GF00005355	CHIFNET14NJ214_008151-T1	DBVPG3775_002201-T1
GF00005356	CHIFNET14NJ214_000525-T1	DBVPG3775_002249-T1
GF00005357	CHIFNET14NJ214_004062-T1	DBVPG3775_002286-T1
GF00005358	CHIFNET14NJ214_010976-T1	DBVPG3775_002331-T1
GF00005359	CHIFNET14NJ214_001969-T1	DBVPG3775_002354-T1
GF00005360	CHIFNET14NJ214_001970-T1	DBVPG3775_002355-T1
GF00005361	CHIFNET14NJ214_005847-T1	DBVPG3775_002393-T1
GF00005362	CHIFNET14NJ214_012195-T1	DBVPG3775_002415-T1
GF00005363	CHIFNET14NJ214_006432-T1	DBVPG3775_002476-T1
GF00005364	CHIFNET14NJ214_009040-T1	DBVPG3775_002509-T1
GF00005365	CHIFNET14NJ214_001727-T1	DBVPG3775_002562-T1
GF00005366	CHIFNET14NJ214_004775-T1	DBVPG3775_002571-T1
GF00005367	CHIFNET14NJ214_006280-T1	DBVPG3775_002638-T1
GF00005368	CHIFNET14NJ214_006277-T1	DBVPG3775_002641-T1
GF00005369	CHIFNET14NJ214_011953-T1	DBVPG3775_002642-T1
GF00005370	CHIFNET14NJ214_009529-T1	DBVPG3775_002715-T1
GF00005371	CHIFNET14NJ214_008373-T1	DBVPG3775_002767-T1
GF00005372	CHIFNET14NJ214_001445-T1	DBVPG3775_002790-T1
GF00005373	CHIFNET14NJ214_001414-T1	DBVPG3775_002824-T1
GF00005374	CHIFNET14NJ214_006977-T1	DBVPG3775_002860-T1
GF00005375	CHIFNET14NJ214_001066-T1	DBVPG3775_002952-T1
GF00005376	CHIFNET14NJ214_001899-T1	DBVPG3775_002990-T1
GF00005377	CHIFNET14NJ214_001880-T1	DBVPG3775_003010-T1
GF00005378	CHIFNET14NJ214_002435-T1	DBVPG3775_003036-T1
GF00005379	CHIFNET14NJ214_010895-T1	DBVPG3775_003062-T1
GF00005380	CHIFNET14NJ214_006355-T1	DBVPG3775_003154-T1
GF00005381	CHIFNET14NJ214_000259-T1	DBVPG3775_003276-T1
GF00005382	CHIFNET14NJ214_000277-T1	DBVPG3775_003296-T1
GF00005383	CHIFNET14NJ214_011848-T1	DBVPG3775_003307-T1
GF00005384	CHIFNET14NJ214_011136-T1	DBVPG3775_003325-T1
GF00005385	CHIFNET14NJ214_007568-T1	DBVPG3775_003348-T1
GF00005386	CHIFNET14NJ214_011004-T1	DBVPG3775_003426-T1
GF00005387	CHIFNET14NJ214_001796-T1	DBVPG3775_003446-T1
GF00005388	CHIFNET14NJ214_001795-T1	DBVPG3775_003447-T1
GF00005389	CHIFNET14NJ214_001794-T1	DBVPG3775_003448-T1
GF00005390	CHIFNET14NJ214_009387-T1	DBVPG3775_003450-T1
GF00005391	CHIFNET14NJ214_009384-T1	DBVPG3775_003454-T1
GF00005392	CHIFNET14NJ214_009383-T1	DBVPG3775_003457-T1
GF00005393	CHIFNET14NJ214_009381-T1	DBVPG3775_003459-T1
GF00005394	CHIFNET14NJ214_004283-T1	DBVPG3775_003557-T1
GF00005395	CHIFNET14NJ214_004284-T1	DBVPG3775_003558-T1
GF00005396	CHIFNET14NJ214_011787-T1	DBVPG3775_003560-T1
GF00005397	CHIFNET14NJ214_011786-T1	DBVPG3775_003561-T1
GF00005398	CHIFNET14NJ214_011785-T1	DBVPG3775_003562-T1
GF00005399	CHIFNET14NJ214_009911-T1	DBVPG3775_003566-T1
GF00005400	CHIFNET14NJ214_009910-T1	DBVPG3775_003567-T1
GF00005401	CHIFNET14NJ214_009907-T1	DBVPG3775_003570-T1
GF00005402	CHIFNET14NJ214_009906-T1	DBVPG3775_003571-T1
GF00005403	CHIFNET14NJ214_009905-T1	DBVPG3775_003572-T1
GF00005404	CHIFNET14NJ214_008008-T1	DBVPG3775_003577-T1
GF00005405	CHIFNET14NJ214_011834-T1	DBVPG3775_003606-T1
GF00005406	CHIFNET14NJ214_001752-T1	DBVPG3775_003627-T1
GF00005407	CHIFNET14NJ214_002044-T1	DBVPG3775_003773-T1
GF00005408	CHIFNET14NJ214_002046-T1	DBVPG3775_003775-T1
GF00005409	CHIFNET14NJ214_002049-T1	DBVPG3775_003778-T1
GF00005410	CHIFNET14NJ214_002070-T1	DBVPG3775_003799-T1
GF00005411	CHIFNET14NJ214_013799-T1	DBVPG3775_003803-T1
GF00005412	CHIFNET14NJ214_014234-T1	DBVPG3775_003836-T1
GF00005413	CHIFNET14NJ214_010671-T1	DBVPG3775_003838-T1
GF00005414	CHIFNET14NJ214_005595-T1	DBVPG3775_003997-T1
GF00005415	CHIFNET14NJ214_003483-T1	DBVPG3775_004169-T1
GF00005416	CHIFNET14NJ214_008483-T1	DBVPG3775_004197-T1
GF00005417	CHIFNET14NJ214_009134-T1	DBVPG3775_004246-T1
GF00005418	CHIFNET14NJ214_012245-T1	DBVPG3775_004261-T1
GF00005419	CHIFNET14NJ214_012244-T1	DBVPG3775_004262-T1
GF00005420	CHIFNET14NJ214_003198-T1	DBVPG3775_004298-T1
GF00005421	CHIFNET14NJ214_003221-T1	DBVPG3775_004322-T1
GF00005422	CHIFNET14NJ214_007714-T1	DBVPG3775_004351-T1
GF00005423	CHIFNET14NJ214_006307-T1	DBVPG3775_004371-T1
GF00005424	CHIFNET14NJ214_003422-T1	DBVPG3775_004399-T1
GF00005425	CHIFNET14NJ214_002988-T1	DBVPG3775_004442-T1
GF00005426	CHIFNET14NJ214_002990-T1	DBVPG3775_004444-T1
GF00005427	CHIFNET14NJ214_007667-T1	DBVPG3775_004454-T1
GF00005428	CHIFNET14NJ214_006041-T1	DBVPG3775_004486-T1
GF00005429	CHIFNET14NJ214_012846-T1	DBVPG3775_004489-T1
GF00005430	CHIFNET14NJ214_013422-T1	DBVPG3775_004504-T1
GF00005431	CHIFNET14NJ214_010715-T1	DBVPG3775_004531-T1
GF00005432	CHIFNET14NJ214_008871-T1	DBVPG3775_004576-T1
GF00005433	CHIFNET14NJ214_009201-T1	DBVPG3775_004628-T1
GF00005434	CHIFNET14NJ214_009200-T1	DBVPG3775_004629-T1
GF00005435	CHIFNET14NJ214_000906-T1	DBVPG3775_004648-T1
GF00005436	CHIFNET14NJ214_004799-T1	DBVPG3775_004664-T1
GF00005437	CHIFNET14NJ214_006514-T1	DBVPG3775_004727-T1
GF00005438	CHIFNET14NJ214_005821-T1	DBVPG3775_004761-T1
GF00005439	CHIFNET14NJ214_005815-T1	DBVPG3775_004767-T1
GF00005440	CHIFNET14NJ214_008904-T1	DBVPG3775_004785-T1
GF00005441	CHIFNET14NJ214_012172-T1	DBVPG3775_004823-T1
GF00005442	CHIFNET14NJ214_011052-T1	DBVPG3775_004848-T1
GF00005443	CHIFNET14NJ214_001227-T1	DBVPG3775_004853-T1
GF00005444	CHIFNET14NJ214_007503-T1	DBVPG3775_004881-T1
GF00005445	CHIFNET14NJ214_002603-T1	DBVPG3775_004971-T1
GF00005446	CHIFNET14NJ214_002602-T1	DBVPG3775_004972-T1
GF00005447	CHIFNET14NJ214_001635-T1	DBVPG3775_005007-T1
GF00005448	CHIFNET14NJ214_009179-T1	DBVPG3775_005143-T1
GF00005449	CHIFNET14NJ214_012392-T1	DBVPG3775_005150-T1
GF00005450	CHIFNET14NJ214_008199-T1	DBVPG3775_005201-T1
GF00005451	CHIFNET14NJ214_007870-T1	DBVPG3775_005232-T1
GF00005452	CHIFNET14NJ214_006295-T1	DBVPG3775_005246-T1
GF00005453	CHIFNET14NJ214_004410-T1	DBVPG3775_005260-T1
GF00005454	CHIFNET14NJ214_003872-T1	DBVPG3775_005284-T1
GF00005455	CHIFNET14NJ214_003883-T1	DBVPG3775_005296-T1
GF00005456	CHIFNET14NJ214_011536-T1	DBVPG3775_005333-T1
GF00005457	CHIFNET14NJ214_002009-T1	DBVPG3775_005342-T1
GF00005458	CHIFNET14NJ214_006242-T1	DBVPG3775_005454-T1
GF00005459	CHIFNET14NJ214_007949-T1	DBVPG3775_005494-T1
GF00005460	CHIFNET14NJ214_005585-T1	DBVPG3775_005518-T1
GF00005461	CHIFNET14NJ214_004147-T1	DBVPG3775_005591-T1
GF00005462	CHIFNET14NJ214_012840-T1	DBVPG3775_005671-T1
GF00005463	CHIFNET14NJ214_005771-T1	DBVPG3775_005689-T1
GF00005464	CHIFNET14NJ214_000203-T1	DBVPG3775_005744-T1
GF00005465	CHIFNET14NJ214_011770-T1	DBVPG3775_005808-T1
GF00005466	CHIFNET14NJ214_013144-T1	DBVPG3775_005950-T1
GF00005467	CHIFNET14NJ214_013143-T1	DBVPG3775_005951-T1
GF00005468	CHIFNET14NJ214_012933-T1	DBVPG3775_005976-T1
GF00005469	CHIFNET14NJ214_010525-T1	DBVPG3775_005980-T1
GF00005470	CHIFNET14NJ214_002689-T1	DBVPG3775_006025-T1
GF00005471	CHIFNET14NJ214_000100-T1	DBVPG3775_006034-T1
GF00005472	CHIFNET14NJ214_005266-T1	DBVPG3775_006130-T1
GF00005473	CHIFNET14NJ214_005262-T1	DBVPG3775_006134-T1
GF00005474	CHIFNET14NJ214_005261-T1	DBVPG3775_006135-T1
GF00005475	CHIFNET14NJ214_006014-T1	DBVPG3775_006171-T1
GF00005476	CHIFNET14NJ214_012892-T1	DBVPG3775_006188-T1
GF00005477	CHIFNET14NJ214_014535-T1	DBVPG3775_006280-T1
GF00005478	CHIFNET14NJ214_012028-T1	DBVPG3775_006287-T1
GF00005479	CHIFNET14NJ214_002670-T1	DBVPG3775_006329-T1
GF00005480	CHIFNET14NJ214_009746-T1	DBVPG3775_006467-T1
GF00005481	CHIFNET14NJ214_006046-T1	DBVPG3775_006508-T1
GF00005482	CHIFNET14NJ214_011318-T1	DBVPG3775_006543-T1
GF00005483	CHIFNET14NJ214_007239-T1	DBVPG3775_006549-T1
GF00005484	CHIFNET14NJ214_004114-T1	DBVPG3775_006574-T1
GF00005485	CHIFNET14NJ214_005636-T1	DBVPG3775_006588-T1
GF00005486	CHIFNET14NJ214_008772-T1	DBVPG3775_006650-T1
GF00005487	CHIFNET14NJ214_010813-T1	DBVPG3775_006685-T1
GF00005488	CHIFNET14NJ214_001535-T1	DBVPG3775_006718-T1
GF00005489	CHIFNET14NJ214_008947-T1	DBVPG3775_006725-T1
GF00005490	CHIFNET14NJ214_008945-T1	DBVPG3775_006727-T1
GF00005491	CHIFNET14NJ214_006751-T1	DBVPG3775_006754-T1
GF00005492	CHIFNET14NJ214_010544-T1	DBVPG3775_006787-T1
GF00005493	CHIFNET14NJ214_000066-T1	DBVPG3775_006902-T1
GF00005494	CHIFNET14NJ214_006545-T1	DBVPG3775_006956-T1
GF00005495	CHIFNET14NJ214_010771-T1	DBVPG3775_007012-T1
GF00005496	CHIFNET14NJ214_009822-T1	DBVPG3775_007134-T1
GF00005497	CHIFNET14NJ214_011567-T1	DBVPG3775_007173-T1
GF00005498	CHIFNET14NJ214_002930-T1	DBVPG3775_007203-T1
GF00005499	CHIFNET14NJ214_001451-T1	DBVPG3775_007286-T1
GF00005500	CHIFNET14NJ214_001465-T1	DBVPG3775_007302-T1
GF00005501	CHIFNET14NJ214_007776-T1	DBVPG3775_007324-T1
GF00005502	CHIFNET14NJ214_009999-T1	DBVPG3775_007341-T1
GF00005503	CHIFNET14NJ214_004019-T1	DBVPG3775_007396-T1
GF00005504	CHIFNET14NJ214_007696-T1	DBVPG3775_007412-T1
GF00005505	CHIFNET14NJ214_012626-T1	DBVPG3775_007495-T1
GF00005506	CHIFNET14NJ214_014247-T1	DBVPG3775_007529-T1
GF00005507	CHIFNET14NJ214_012692-T1	DBVPG3775_007535-T1
GF00005508	CHIFNET14NJ214_009689-T1	DBVPG3775_007557-T1
GF00005509		DBVPG3775_001692-T1
GF00005510		DBVPG3775_002801-T1
GF00005511		DBVPG3775_004725-T1
GF00005512		DBVPG3775_007265-T1
GF00005513		DBVPG3775_006237-T1
GF00005514		DBVPG3775_006230-T1
GF00005515		DBVPG3775_004987-T1
GF00005516	CHIFNET14NJ214_007212-T1	
GF00005517		DBVPG3775_007144-T1
GF00005518	CHIFNET14NJ214_014593-T1	
GF00005519		DBVPG3775_001446-T1
GF00005520		DBVPG3775_005028-T1
GF00005521		DBVPG3775_004073-T1
GF00005522	CHIFNET14NJ214_002846-T1	
GF00005523		DBVPG3775_004978-T1
GF00005524	CHIFNET14NJ214_006874-T1	
GF00005525		DBVPG3775_003373-T1
GF00005526		DBVPG3775_000819-T1
GF00005527		DBVPG3775_004490-T1
GF00005528		DBVPG3775_000770-T1
GF00005529		DBVPG3775_002828-T1
GF00005530		DBVPG3775_004973-T1
GF00005531		DBVPG3775_006312-T1
GF00005532		DBVPG3775_004863-T1
GF00005533		DBVPG3775_007348-T1
GF00005534		DBVPG3775_004087-T1
GF00005535		DBVPG3775_007439-T1
GF00005536		DBVPG3775_004557-T1
GF00005537	CHIFNET14NJ214_013713-T1	
GF00005538		DBVPG3775_006024-T1
GF00005539		DBVPG3775_005293-T1
GF00005540		DBVPG3775_006609-T1
GF00005541		DBVPG3775_004186-T1
GF00005542	CHIFNET14NJ214_010604-T1	
GF00005543		DBVPG3775_000493-T1
GF00005544		DBVPG3775_001520-T1
GF00005545		DBVPG3775_000734-T1
GF00005546		DBVPG3775_003285-T1
GF00005547		DBVPG3775_002644-T1
GF00005548		DBVPG3775_007601-T1
GF00005549	CHIFNET14NJ214_014447-T1	
GF00005550		DBVPG3775_001541-T1
GF00005551		DBVPG3775_002927-T1
GF00005552		DBVPG3775_006204-T1
GF00005553		DBVPG3775_002932-T1
GF00005554		DBVPG3775_006231-T1
GF00005555	CHIFNET14NJ214_005795-T1	
GF00005556		DBVPG3775_002697-T1
GF00005557		DBVPG3775_001442-T1
GF00005558		DBVPG3775_006136-T1
GF00005559		DBVPG3775_005525-T1
GF00005560		DBVPG3775_006918-T1
GF00005561		DBVPG3775_004709-T1
GF00005562	CHIFNET14NJ214_000369-T1	
GF00005563	CHIFNET14NJ214_003158-T1	
GF00005564		DBVPG3775_002788-T1
GF00005565	CHIFNET14NJ214_002264-T1	
GF00005566	CHIFNET14NJ214_001367-T1	
GF00005567	CHIFNET14NJ214_010060-T1	
GF00005568	CHIFNET14NJ214_009772-T1	
GF00005569	CHIFNET14NJ214_013268-T1	
GF00005570	CHIFNET14NJ214_014451-T1	
GF00005571		DBVPG3775_002590-T1
GF00005572		DBVPG3775_001441-T1
GF00005573	CHIFNET14NJ214_011314-T1	
GF00005574	CHIFNET14NJ214_012366-T1	
GF00005575	CHIFNET14NJ214_006923-T1	
GF00005576	CHIFNET14NJ214_014552-T1	
GF00005577		DBVPG3775_003759-T1
GF00005578		DBVPG3775_004090-T1
GF00005579	CHIFNET14NJ214_000194-T1	
GF00005580	CHIFNET14NJ214_005883-T1	
GF00005581	CHIFNET14NJ214_014432-T1	
GF00005582		DBVPG3775_006724-T1
GF00005583		DBVPG3775_007463-T1
GF00005584		DBVPG3775_006885-T1
GF00005585		DBVPG3775_001096-T1
GF00005586		DBVPG3775_003578-T1
GF00005587	CHIFNET14NJ214_012600-T1	
GF00005588		DBVPG3775_002234-T1
GF00005589	CHIFNET14NJ214_011701-T1	
GF00005590	CHIFNET14NJ214_005884-T1	
GF00005591		DBVPG3775_007403-T1
GF00005592	CHIFNET14NJ214_011809-T1	
GF00005593		DBVPG3775_005002-T1
GF00005594		DBVPG3775_001445-T1
GF00005595	CHIFNET14NJ214_011812-T1	
GF00005596		DBVPG3775_001785-T1
GF00005597	CHIFNET14NJ214_012615-T1	
GF00005598	CHIFNET14NJ214_010634-T1	
GF00005599		DBVPG3775_002428-T1
GF00005600		DBVPG3775_006337-T1
GF00005601		DBVPG3775_006540-T1
GF00005602		DBVPG3775_007507-T1
GF00005603		DBVPG3775_007041-T1
GF00005604	CHIFNET14NJ214_003406-T1	
GF00005605		DBVPG3775_006781-T1
GF00005606		DBVPG3775_005765-T1
GF00005607		DBVPG3775_004299-T1
GF00005608		DBVPG3775_004780-T1
GF00005609	CHIFNET14NJ214_002016-T1	
GF00005610		DBVPG3775_002826-T1
GF00005611		DBVPG3775_007170-T1
GF00005612	CHIFNET14NJ214_007510-T1	
GF00005613		DBVPG3775_002814-T1
GF00005614		DBVPG3775_005992-T1
GF00005615	CHIFNET14NJ214_014580-T1	
GF00005616	CHIFNET14NJ214_000585-T1	
GF00005617		DBVPG3775_001860-T1
GF00005618		DBVPG3775_001178-T1
GF00005619		DBVPG3775_003119-T1
GF00005620		DBVPG3775_005090-T1
GF00005621		DBVPG3775_006502-T1
GF00005622	CHIFNET14NJ214_009566-T1	
GF00005623		DBVPG3775_005300-T1
GF00005624	CHIFNET14NJ214_014509-T1	
GF00005625		DBVPG3775_000503-T1
GF00005626		DBVPG3775_004779-T1
GF00005627		DBVPG3775_001161-T1
GF00005628		DBVPG3775_002082-T1
GF00005629		DBVPG3775_003377-T1
GF00005630	CHIFNET14NJ214_009636-T1	
GF00005631		DBVPG3775_002903-T1
GF00005632		DBVPG3775_003896-T1
GF00005633	CHIFNET14NJ214_005453-T1	
GF00005634		DBVPG3775_001209-T1
GF00005635	CHIFNET14NJ214_004972-T1	
GF00005636		DBVPG3775_004902-T1
GF00005637	CHIFNET14NJ214_014326-T1	
GF00005638		DBVPG3775_006603-T1
GF00005639		DBVPG3775_002597-T1
GF00005640	CHIFNET14NJ214_008138-T1	
GF00005641	CHIFNET14NJ214_000183-T1	
GF00005642		DBVPG3775_001084-T1
GF00005643		DBVPG3775_001943-T1
GF00005644		DBVPG3775_006848-T1
GF00005645		DBVPG3775_007527-T1
GF00005646	CHIFNET14NJ214_005127-T1	
GF00005647	CHIFNET14NJ214_014577-T1	
GF00005648		DBVPG3775_005616-T1
GF00005649	CHIFNET14NJ214_010472-T1	
GF00005650		DBVPG3775_006929-T1
GF00005651		DBVPG3775_001756-T1
GF00005652		DBVPG3775_007289-T1
GF00005653		DBVPG3775_006869-T1
GF00005654		DBVPG3775_007192-T1
GF00005655		DBVPG3775_002877-T1
GF00005656	CHIFNET14NJ214_010993-T1	
GF00005657		DBVPG3775_007526-T1
GF00005658		DBVPG3775_001753-T1
GF00005659		DBVPG3775_007572-T1
GF00005660		DBVPG3775_001905-T1
GF00005661		DBVPG3775_005778-T1
GF00005662		DBVPG3775_006514-T1
GF00005663		DBVPG3775_001450-T1
GF00005664		DBVPG3775_007314-T1
GF00005665		DBVPG3775_003699-T1
GF00005666		DBVPG3775_001310-T1
GF00005667		DBVPG3775_007505-T1
GF00005668		DBVPG3775_005763-T1
GF00005669		DBVPG3775_001572-T1
GF00005670		DBVPG3775_004466-T1
GF00005671		DBVPG3775_001257-T1
GF00005672		DBVPG3775_004343-T1
GF00005673	CHIFNET14NJ214_014444-T1	
GF00005674	CHIFNET14NJ214_009388-T1	
GF00005675	CHIFNET14NJ214_013680-T1	
GF00005676		DBVPG3775_003691-T1
GF00005677		DBVPG3775_006607-T1
GF00005678		DBVPG3775_004970-T1
GF00005679		DBVPG3775_006063-T1
GF00005680		DBVPG3775_003254-T1
GF00005681		DBVPG3775_004082-T1
GF00005682	CHIFNET14NJ214_011854-T1	
GF00005683		DBVPG3775_005971-T1
GF00005684		DBVPG3775_007298-T1
GF00005685		DBVPG3775_004934-T1
GF00005686		DBVPG3775_004954-T1
GF00005687	CHIFNET14NJ214_003278-T1	
GF00005688		DBVPG3775_005445-T1
GF00005689		DBVPG3775_003456-T1
GF00005690	CHIFNET14NJ214_009868-T1	
GF00005691		DBVPG3775_002102-T1
GF00005692	CHIFNET14NJ214_014302-T1	
GF00005693		DBVPG3775_006612-T1
GF00005694		DBVPG3775_007583-T1
GF00005695		DBVPG3775_002775-T1
GF00005696	CHIFNET14NJ214_014526-T1	
GF00005697	CHIFNET14NJ214_005794-T1	
GF00005698		DBVPG3775_001888-T1
GF00005699	CHIFNET14NJ214_014520-T1	
GF00005700	CHIFNET14NJ214_005887-T1	
GF00005701		DBVPG3775_006808-T1
GF00005702	CHIFNET14NJ214_002393-T1	
GF00005703		DBVPG3775_001073-T1
GF00005704	CHIFNET14NJ214_010372-T1	
GF00005705		DBVPG3775_005456-T1
GF00005706		DBVPG3775_004950-T1
GF00005707	CHIFNET14NJ214_009814-T1	
GF00005708	CHIFNET14NJ214_006720-T1	
GF00005709	CHIFNET14NJ214_013042-T1	
GF00005710		DBVPG3775_000886-T1
GF00005711	CHIFNET14NJ214_009769-T1	
GF00005712		DBVPG3775_003871-T1
GF00005713		DBVPG3775_004979-T1
GF00005714	CHIFNET14NJ214_006417-T1	
GF00005715		DBVPG3775_004980-T1
GF00005716	CHIFNET14NJ214_011954-T1	
GF00005717	CHIFNET14NJ214_014174-T1	
GF00005718	CHIFNET14NJ214_002465-T1	
GF00005719		DBVPG3775_007576-T1
GF00005720		DBVPG3775_003011-T1
GF00005721	CHIFNET14NJ214_007591-T1	
GF00005722		DBVPG3775_006201-T1
GF00005723		DBVPG3775_003940-T1
GF00005724	CHIFNET14NJ214_009768-T1	
GF00005725		DBVPG3775_006526-T1
GF00005726		DBVPG3775_000037-T1
GF00005727		DBVPG3775_000751-T1
GF00005728		DBVPG3775_004092-T1
GF00005729		DBVPG3775_004898-T1
GF00005730		DBVPG3775_004674-T1
GF00005731		DBVPG3775_006608-T1
GF00005732	CHIFNET14NJ214_001422-T1	
GF00005733	CHIFNET14NJ214_004021-T1	
GF00005734	CHIFNET14NJ214_005885-T1	
GF00005735		DBVPG3775_000639-T1
GF00005736		DBVPG3775_004976-T1
GF00005737	CHIFNET14NJ214_014449-T1	
GF00005738		DBVPG3775_002073-T1
GF00005739		DBVPG3775_005803-T1
GF00005740	CHIFNET14NJ214_012781-T1	
GF00005741	CHIFNET14NJ214_006636-T1	
GF00005742		DBVPG3775_006079-T1
GF00005743		DBVPG3775_002325-T1
GF00005744		DBVPG3775_003465-T1
GF00005745	CHIFNET14NJ214_014133-T1	
GF00005746		DBVPG3775_001253-T1
GF00005747		DBVPG3775_007353-T1
GF00005748		DBVPG3775_001189-T1
GF00005749		DBVPG3775_001328-T1
GF00005750	CHIFNET14NJ214_009598-T1	
GF00005751		DBVPG3775_000573-T1
GF00005752		DBVPG3775_006833-T1
GF00005753		DBVPG3775_006258-T1
GF00005754		DBVPG3775_004541-T1
GF00005755		DBVPG3775_007560-T1
GF00005756	CHIFNET14NJ214_004555-T1	
GF00005757		DBVPG3775_005984-T1
GF00005758	CHIFNET14NJ214_009287-T1	
GF00005759		DBVPG3775_001285-T1
GF00005760		DBVPG3775_005725-T1
GF00005761		DBVPG3775_001270-T1
GF00005762		DBVPG3775_006166-T1
GF00005763		DBVPG3775_005764-T1
GF00005764		DBVPG3775_002673-T1
GF00005765		DBVPG3775_004091-T1
GF00005766		DBVPG3775_005543-T1
GF00005767		DBVPG3775_003455-T1
GF00005768	CHIFNET14NJ214_006022-T1	
GF00005769		DBVPG3775_000371-T1
GF00005770		DBVPG3775_001243-T1
GF00005771		DBVPG3775_002789-T1
GF00005772		DBVPG3775_006777-T1
GF00005773		DBVPG3775_000488-T1
GF00005774	CHIFNET14NJ214_014559-T1	
GF00005775	CHIFNET14NJ214_006117-T1	
GF00005776		DBVPG3775_003335-T1
GF00005777		DBVPG3775_004494-T1
GF00005778		DBVPG3775_000536-T1
GF00005779		DBVPG3775_000560-T1
GF00005780	CHIFNET14NJ214_013854-T1	
GF00005781		DBVPG3775_006023-T1
GF00005782	CHIFNET14NJ214_005053-T1	
GF00005783		DBVPG3775_000506-T1
GF00005784		DBVPG3775_006061-T1
GF00005785		DBVPG3775_006750-T1
GF00005786		DBVPG3775_000148-T1
GF00005787		DBVPG3775_006773-T1
GF00005788		DBVPG3775_004081-T1
GF00005789		DBVPG3775_004947-T1
GF00005790	CHIFNET14NJ214_007078-T1	
GF00005791		DBVPG3775_006114-T1
GF00005792	CHIFNET14NJ214_008831-T1	
GF00005793		DBVPG3775_004093-T1
GF00005794		DBVPG3775_002732-T1
GF00005795		DBVPG3775_006599-T1
GF00005796		DBVPG3775_001170-T1
GF00005797		DBVPG3775_002432-T1
GF00005798	CHIFNET14NJ214_006418-T1	
GF00005799	CHIFNET14NJ214_007207-T1	
GF00005800		DBVPG3775_003416-T1
GF00005801		DBVPG3775_004786-T1
GF00005802		DBVPG3775_001444-T1
GF00005803		DBVPG3775_004969-T1
GF00005804		DBVPG3775_004336-T1
GF00005805		DBVPG3775_000278-T1
GF00005806		DBVPG3775_002724-T1
GF00005807	CHIFNET14NJ214_013857-T1	
GF00005808		DBVPG3775_004669-T1
GF00005809	CHIFNET14NJ214_011172-T1	
GF00005810	CHIFNET14NJ214_014590-T1	
GF00005811		DBVPG3775_002110-T1
GF00005812	CHIFNET14NJ214_014159-T1	
GF00005813	CHIFNET14NJ214_013388-T1	
GF00005814	CHIFNET14NJ214_014233-T1	
GF00005815		DBVPG3775_006606-T1
GF00005816		DBVPG3775_004668-T1
GF00005817		DBVPG3775_000377-T1
GF00005818		DBVPG3775_002989-T1
GF00005819	CHIFNET14NJ214_010429-T1	
GF00005820		DBVPG3775_006863-T1
GF00005821	CHIFNET14NJ214_009182-T1	
GF00005822		DBVPG3775_006119-T1
GF00005823		DBVPG3775_002968-T1
GF00005824		DBVPG3775_001269-T1
GF00005825		DBVPG3775_007528-T1
GF00005826	CHIFNET14NJ214_012606-T1	
GF00005827		DBVPG3775_006546-T1
GF00005828		DBVPG3775_005528-T1
GF00005829	CHIFNET14NJ214_014554-T1	
GF00005830		DBVPG3775_000420-T1
GF00005831		DBVPG3775_006625-T1
GF00005832	CHIFNET14NJ214_014578-T1	
GF00005833		DBVPG3775_003632-T1
GF00005834	CHIFNET14NJ214_010237-T1	
GF00005835	CHIFNET14NJ214_010001-T1	
GF00005836	CHIFNET14NJ214_007465-T1	
GF00005837		DBVPG3775_001252-T1
GF00005838	CHIFNET14NJ214_000141-T1	
GF00005839	CHIFNET14NJ214_011981-T1	
GF00005840		DBVPG3775_003420-T1
GF00005841		DBVPG3775_004559-T1
GF00005842		DBVPG3775_003314-T1
GF00005843		DBVPG3775_004370-T1
GF00005844		DBVPG3775_001346-T1
GF00005845	CHIFNET14NJ214_014544-T1	
GF00005846		DBVPG3775_001449-T1
GF00005847		DBVPG3775_000283-T1
GF00005848		DBVPG3775_004495-T1
GF00005849		DBVPG3775_000369-T1
GF00005850		DBVPG3775_006307-T1
GF00005851	CHIFNET14NJ214_009125-T1	
GF00005852	CHIFNET14NJ214_008733-T1	
GF00005853		DBVPG3775_006757-T1
GF00005854		DBVPG3775_000552-T1
GF00005855		DBVPG3775_003609-T1
GF00005856		DBVPG3775_007325-T1
GF00005857	CHIFNET14NJ214_014583-T1	
GF00005858		DBVPG3775_007586-T1
GF00005859		DBVPG3775_005316-T1
GF00005860		DBVPG3775_001831-T1
GF00005861		DBVPG3775_004352-T1
GF00005862	CHIFNET14NJ214_014551-T1	
GF00005863		DBVPG3775_002966-T1
GF00005864	CHIFNET14NJ214_008442-T1	
GF00005865		DBVPG3775_007585-T1
GF00005866		DBVPG3775_001443-T1
GF00005867		DBVPG3775_004144-T1
GF00005868	CHIFNET14NJ214_000952-T1	
GF00005869	CHIFNET14NJ214_014522-T1	
GF00005870		DBVPG3775_007050-T1
GF00005871		DBVPG3775_005549-T1
GF00005872	CHIFNET14NJ214_014466-T1	
GF00005873		DBVPG3775_002889-T1
GF00005874	CHIFNET14NJ214_009498-T1	
GF00005875		DBVPG3775_006084-T1
GF00005876		DBVPG3775_004088-T1
GF00005877		DBVPG3775_006602-T1
GF00005878		DBVPG3775_004238-T1
GF00005879		DBVPG3775_004781-T1
GF00005880	CHIFNET14NJ214_014429-T1	
GF00005881	CHIFNET14NJ214_005886-T1	
GF00005882	CHIFNET14NJ214_000888-T1	
GF00005883		DBVPG3775_001525-T1
GF00005884		DBVPG3775_001755-T1
GF00005885	CHIFNET14NJ214_005064-T1	
GF00005886		DBVPG3775_001540-T1
GF00005887		DBVPG3775_006837-T1
GF00005888		DBVPG3775_003038-T1
GF00005889		DBVPG3775_005015-T1
GF00005890		DBVPG3775_004975-T1
GF00005891		DBVPG3775_006790-T1
GF00005892		DBVPG3775_006629-T1
GF00005893		DBVPG3775_006515-T1
GF00005894	CHIFNET14NJ214_014502-T1	
GF00005895	CHIFNET14NJ214_014547-T1	
GF00005896	CHIFNET14NJ214_014176-T1	
GF00005897		DBVPG3775_004667-T1
GF00005898		DBVPG3775_003462-T1
GF00005899	CHIFNET14NJ214_014538-T1	
GF00005900		DBVPG3775_004728-T1
GF00005901	CHIFNET14NJ214_011219-T1	
GF00005902		DBVPG3775_000809-T1
GF00005903		DBVPG3775_004084-T1
GF00005904	CHIFNET14NJ214_014433-T1	
GF00005905		DBVPG3775_000206-T1
GF00005906		DBVPG3775_001784-T1
GF00005907	CHIFNET14NJ214_006470-T1	
GF00005908		DBVPG3775_000492-T1
GF00005909	CHIFNET14NJ214_014469-T1	
GF00005910	CHIFNET14NJ214_009232-T1	
GF00005911	CHIFNET14NJ214_007511-T1	
GF00005912		DBVPG3775_007218-T1
GF00005913	CHIFNET14NJ214_014431-T1	
GF00005914	CHIFNET14NJ214_013361-T1	
GF00005915		DBVPG3775_002622-T1
GF00005916		DBVPG3775_005977-T1
GF00005917	CHIFNET14NJ214_010002-T1	
GF00005918		DBVPG3775_003852-T1
GF00005919		DBVPG3775_006200-T1
GF00005920		DBVPG3775_004825-T1
GF00005921	CHIFNET14NJ214_014596-T1	
GF00005922	CHIFNET14NJ214_014491-T1	
GF00005923		DBVPG3775_006189-T1
GF00005924	CHIFNET14NJ214_005831-T1	
GF00005925		DBVPG3775_004243-T1
GF00005926	CHIFNET14NJ214_010428-T1	
GF00005927		DBVPG3775_001150-T1
GF00005928		DBVPG3775_000540-T1
GF00005929	CHIFNET14NJ214_007041-T1	
GF00005930	CHIFNET14NJ214_001244-T1	
GF00005931		DBVPG3775_004726-T1
GF00005932	CHIFNET14NJ214_014542-T1	
GF00005933	CHIFNET14NJ214_009597-T1	
GF00005934		DBVPG3775_003188-T1
GF00005935	CHIFNET14NJ214_013123-T1	
GF00005936	CHIFNET14NJ214_011222-T1	
GF00005937		DBVPG3775_000954-T1
GF00005938	CHIFNET14NJ214_011813-T1	
GF00005939		DBVPG3775_000602-T1
GF00005940		DBVPG3775_001447-T1
GF00005941		DBVPG3775_006098-T1
GF00005942	CHIFNET14NJ214_000354-T1	
GF00005943		DBVPG3775_001453-T1
GF00005944		DBVPG3775_004086-T1
GF00005945		DBVPG3775_000062-T1
GF00005946		DBVPG3775_006774-T1
GF00005947	CHIFNET14NJ214_014532-T1	
GF00005948		DBVPG3775_004981-T1
GF00005949	CHIFNET14NJ214_014545-T1	
GF00005950		DBVPG3775_004854-T1
GF00005951		DBVPG3775_001254-T1
GF00005952		DBVPG3775_001188-T1
GF00005953	CHIFNET14NJ214_014134-T1	
GF00005954		DBVPG3775_003573-T1
GF00005955		DBVPG3775_002185-T1
GF00005956	CHIFNET14NJ214_014579-T1	
GF00005957		DBVPG3775_007094-T1
GF00005958	CHIFNET14NJ214_012413-T1	
GF00005959		DBVPG3775_007481-T1
GF00005960	CHIFNET14NJ214_014582-T1	
GF00005961	CHIFNET14NJ214_003775-T1	
GF00005962		DBVPG3775_007394-T1
GF00005963	CHIFNET14NJ214_014490-T1	
GF00005964	CHIFNET14NJ214_002817-T1	
GF00005965	CHIFNET14NJ214_013232-T1	
GF00005966	CHIFNET14NJ214_003137-T1	
GF00005967		DBVPG3775_006234-T1
