pair	N	S	alignmentcoverage	alignmentidentity	alignmentlength	dN	dN/dS	dS	family	g1	g2	l	node	node_averaged_dS_outlierexcluded	node_averaged_dS_outlierincluded	strippedalignmentlength	t	weightoutlierexcluded	weightoutlierincluded	gene1	gene2
TFCN1702E3373_001341-T1__TFCN1702E3373_008072-T1	NaN	NaN	NaN	NaN	NaN	NaN	NaN	NaN	GF00000002	Rhodotorula_mucilaginosa_TFCN_17-0-2E337-3.cds.fa_07976	Rhodotorula_mucilaginosa_TFCN_17-0-2E337-3.cds.fa_01331	NaN	NaN	NaN	NaN	NaN	NaN	NaN	NaN	TFCN1702E3373_008072-T1	TFCN1702E3373_001341-T1
TFCN1702E3373_008072-T1__TFCN1702E3373_008096-T1	NaN	NaN	NaN	NaN	NaN	NaN	NaN	NaN	GF00000002	Rhodotorula_mucilaginosa_TFCN_17-0-2E337-3.cds.fa_07976	Rhodotorula_mucilaginosa_TFCN_17-0-2E337-3.cds.fa_08000	NaN	NaN	NaN	NaN	NaN	NaN	NaN	NaN	TFCN1702E3373_008072-T1	TFCN1702E3373_008096-T1
TFCN1702E3373_008071-T1__TFCN1702E3373_008072-T1	NaN	NaN	NaN	NaN	NaN	NaN	NaN	NaN	GF00000002	Rhodotorula_mucilaginosa_TFCN_17-0-2E337-3.cds.fa_07976	Rhodotorula_mucilaginosa_TFCN_17-0-2E337-3.cds.fa_07975	NaN	NaN	NaN	NaN	NaN	NaN	NaN	NaN	TFCN1702E3373_008072-T1	TFCN1702E3373_008071-T1
TFCN1702E3373_004509-T1__TFCN1702E3373_008072-T1	NaN	NaN	NaN	NaN	NaN	NaN	NaN	NaN	GF00000002	Rhodotorula_mucilaginosa_TFCN_17-0-2E337-3.cds.fa_07976	Rhodotorula_mucilaginosa_TFCN_17-0-2E337-3.cds.fa_04452	NaN	NaN	NaN	NaN	NaN	NaN	NaN	NaN	TFCN1702E3373_008072-T1	TFCN1702E3373_004509-T1
TFCN1702E3373_007829-T1__TFCN1702E3373_008072-T1	NaN	NaN	NaN	NaN	NaN	NaN	NaN	NaN	GF00000002	Rhodotorula_mucilaginosa_TFCN_17-0-2E337-3.cds.fa_07976	Rhodotorula_mucilaginosa_TFCN_17-0-2E337-3.cds.fa_07737	NaN	NaN	NaN	NaN	NaN	NaN	NaN	NaN	TFCN1702E3373_008072-T1	TFCN1702E3373_007829-T1
TFCN1702E3373_008072-T1__TFCN1702E3373_008095-T1	NaN	NaN	NaN	NaN	NaN	NaN	NaN	NaN	GF00000002	Rhodotorula_mucilaginosa_TFCN_17-0-2E337-3.cds.fa_07976	Rhodotorula_mucilaginosa_TFCN_17-0-2E337-3.cds.fa_07999	NaN	NaN	NaN	NaN	NaN	NaN	NaN	NaN	TFCN1702E3373_008072-T1	TFCN1702E3373_008095-T1
TFCN1702E3373_008049-T1__TFCN1702E3373_008072-T1	NaN	NaN	NaN	NaN	NaN	NaN	NaN	NaN	GF00000002	Rhodotorula_mucilaginosa_TFCN_17-0-2E337-3.cds.fa_07976	Rhodotorula_mucilaginosa_TFCN_17-0-2E337-3.cds.fa_07954	NaN	NaN	NaN	NaN	NaN	NaN	NaN	NaN	TFCN1702E3373_008072-T1	TFCN1702E3373_008049-T1
TFCN1702E3373_008072-T1__TFCN1702E3373_008073-T1	NaN	NaN	NaN	NaN	NaN	NaN	NaN	NaN	GF00000002	Rhodotorula_mucilaginosa_TFCN_17-0-2E337-3.cds.fa_07976	Rhodotorula_mucilaginosa_TFCN_17-0-2E337-3.cds.fa_07977	NaN	NaN	NaN	NaN	NaN	NaN	NaN	NaN	TFCN1702E3373_008072-T1	TFCN1702E3373_008073-T1
TFCN1702E3373_008070-T1__TFCN1702E3373_008072-T1	NaN	NaN	NaN	NaN	NaN	NaN	NaN	NaN	GF00000002	Rhodotorula_mucilaginosa_TFCN_17-0-2E337-3.cds.fa_07976	Rhodotorula_mucilaginosa_TFCN_17-0-2E337-3.cds.fa_07974	NaN	NaN	NaN	NaN	NaN	NaN	NaN	NaN	TFCN1702E3373_008072-T1	TFCN1702E3373_008070-T1
TFCN1702E3373_008072-T1__TFCN1702E3373_013036-T1	NaN	NaN	NaN	NaN	NaN	NaN	NaN	NaN	GF00000002	Rhodotorula_mucilaginosa_TFCN_17-0-2E337-3.cds.fa_07976	Rhodotorula_mucilaginosa_TFCN_17-0-2E337-3.cds.fa_12852	NaN	NaN	NaN	NaN	NaN	NaN	NaN	NaN	TFCN1702E3373_008072-T1	TFCN1702E3373_013036-T1
TFCN1702E3373_002365-T1__TFCN1702E3373_008072-T1	NaN	NaN	NaN	NaN	NaN	NaN	NaN	NaN	GF00000002	Rhodotorula_mucilaginosa_TFCN_17-0-2E337-3.cds.fa_07976	Rhodotorula_mucilaginosa_TFCN_17-0-2E337-3.cds.fa_02339	NaN	NaN	NaN	NaN	NaN	NaN	NaN	NaN	TFCN1702E3373_008072-T1	TFCN1702E3373_002365-T1
TFCN1702E3373_008072-T1__TFCN1702E3373_008097-T1	NaN	NaN	NaN	NaN	NaN	NaN	NaN	NaN	GF00000002	Rhodotorula_mucilaginosa_TFCN_17-0-2E337-3.cds.fa_07976	Rhodotorula_mucilaginosa_TFCN_17-0-2E337-3.cds.fa_08001	NaN	NaN	NaN	NaN	NaN	NaN	NaN	NaN	TFCN1702E3373_008072-T1	TFCN1702E3373_008097-T1
TFCN1702E3373_008047-T1__TFCN1702E3373_008072-T1	NaN	NaN	NaN	NaN	NaN	NaN	NaN	NaN	GF00000002	Rhodotorula_mucilaginosa_TFCN_17-0-2E337-3.cds.fa_07976	Rhodotorula_mucilaginosa_TFCN_17-0-2E337-3.cds.fa_07952	NaN	NaN	NaN	NaN	NaN	NaN	NaN	NaN	TFCN1702E3373_008072-T1	TFCN1702E3373_008047-T1
TFCN1702E3373_008072-T1__TFCN1702E3373_011151-T1	NaN	NaN	NaN	NaN	NaN	NaN	NaN	NaN	GF00000002	Rhodotorula_mucilaginosa_TFCN_17-0-2E337-3.cds.fa_07976	Rhodotorula_mucilaginosa_TFCN_17-0-2E337-3.cds.fa_11005	NaN	NaN	NaN	NaN	NaN	NaN	NaN	NaN	TFCN1702E3373_008072-T1	TFCN1702E3373_011151-T1
TFCN1702E3373_008072-T1__TFCN1702E3373_011153-T1	NaN	NaN	NaN	NaN	NaN	NaN	NaN	NaN	GF00000002	Rhodotorula_mucilaginosa_TFCN_17-0-2E337-3.cds.fa_07976	Rhodotorula_mucilaginosa_TFCN_17-0-2E337-3.cds.fa_11007	NaN	NaN	NaN	NaN	NaN	NaN	NaN	NaN	TFCN1702E3373_008072-T1	TFCN1702E3373_011153-T1
TFCN1702E3373_008048-T1__TFCN1702E3373_008072-T1	NaN	NaN	NaN	NaN	NaN	NaN	NaN	NaN	GF00000002	Rhodotorula_mucilaginosa_TFCN_17-0-2E337-3.cds.fa_07976	Rhodotorula_mucilaginosa_TFCN_17-0-2E337-3.cds.fa_07953	NaN	NaN	NaN	NaN	NaN	NaN	NaN	NaN	TFCN1702E3373_008072-T1	TFCN1702E3373_008048-T1
TFCN1702E3373_008069-T1__TFCN1702E3373_008072-T1	NaN	NaN	NaN	NaN	NaN	NaN	NaN	NaN	GF00000002	Rhodotorula_mucilaginosa_TFCN_17-0-2E337-3.cds.fa_07976	Rhodotorula_mucilaginosa_TFCN_17-0-2E337-3.cds.fa_07973	NaN	NaN	NaN	NaN	NaN	NaN	NaN	NaN	TFCN1702E3373_008072-T1	TFCN1702E3373_008069-T1
TFCN1702E3373_000942-T1__TFCN1702E3373_008072-T1	NaN	NaN	NaN	NaN	NaN	NaN	NaN	NaN	GF00000002	Rhodotorula_mucilaginosa_TFCN_17-0-2E337-3.cds.fa_07976	Rhodotorula_mucilaginosa_TFCN_17-0-2E337-3.cds.fa_00936	NaN	NaN	NaN	NaN	NaN	NaN	NaN	NaN	TFCN1702E3373_008072-T1	TFCN1702E3373_000942-T1
TFCN1702E3373_000413-T1__TFCN1702E3373_008072-T1	NaN	NaN	NaN	NaN	NaN	NaN	NaN	NaN	GF00000002	Rhodotorula_mucilaginosa_TFCN_17-0-2E337-3.cds.fa_07976	Rhodotorula_mucilaginosa_TFCN_17-0-2E337-3.cds.fa_00409	NaN	NaN	NaN	NaN	NaN	NaN	NaN	NaN	TFCN1702E3373_008072-T1	TFCN1702E3373_000413-T1
TFCN1702E3373_008072-T1__TFCN1702E3373_011152-T1	NaN	NaN	NaN	NaN	NaN	NaN	NaN	NaN	GF00000002	Rhodotorula_mucilaginosa_TFCN_17-0-2E337-3.cds.fa_07976	Rhodotorula_mucilaginosa_TFCN_17-0-2E337-3.cds.fa_11006	NaN	NaN	NaN	NaN	NaN	NaN	NaN	NaN	TFCN1702E3373_008072-T1	TFCN1702E3373_011152-T1
TFCN1702E3373_008072-T1__TFCN1702E3373_009405-T1	NaN	NaN	NaN	NaN	NaN	NaN	NaN	NaN	GF00000002	Rhodotorula_mucilaginosa_TFCN_17-0-2E337-3.cds.fa_07976	Rhodotorula_mucilaginosa_TFCN_17-0-2E337-3.cds.fa_09287	NaN	NaN	NaN	NaN	NaN	NaN	NaN	NaN	TFCN1702E3373_008072-T1	TFCN1702E3373_009405-T1
TFCN1702E3373_008072-T1__TFCN1702E3373_008100-T1	NaN	NaN	NaN	NaN	NaN	NaN	NaN	NaN	GF00000002	Rhodotorula_mucilaginosa_TFCN_17-0-2E337-3.cds.fa_07976	Rhodotorula_mucilaginosa_TFCN_17-0-2E337-3.cds.fa_08004	NaN	NaN	NaN	NaN	NaN	NaN	NaN	NaN	TFCN1702E3373_008072-T1	TFCN1702E3373_008100-T1
TFCN1702E3373_008072-T1__TFCN1702E3373_012136-T1	NaN	NaN	NaN	NaN	NaN	NaN	NaN	NaN	GF00000002	Rhodotorula_mucilaginosa_TFCN_17-0-2E337-3.cds.fa_07976	Rhodotorula_mucilaginosa_TFCN_17-0-2E337-3.cds.fa_11972	NaN	NaN	NaN	NaN	NaN	NaN	NaN	NaN	TFCN1702E3373_008072-T1	TFCN1702E3373_012136-T1
TFCN1702E3373_008072-T1__TFCN1702E3373_012121-T1	NaN	NaN	NaN	NaN	NaN	NaN	NaN	NaN	GF00000002	Rhodotorula_mucilaginosa_TFCN_17-0-2E337-3.cds.fa_07976	Rhodotorula_mucilaginosa_TFCN_17-0-2E337-3.cds.fa_11958	NaN	NaN	NaN	NaN	NaN	NaN	NaN	NaN	TFCN1702E3373_008072-T1	TFCN1702E3373_012121-T1
TFCN1702E3373_008072-T1__TFCN1702E3373_008099-T1	NaN	NaN	NaN	NaN	NaN	NaN	NaN	NaN	GF00000002	Rhodotorula_mucilaginosa_TFCN_17-0-2E337-3.cds.fa_07976	Rhodotorula_mucilaginosa_TFCN_17-0-2E337-3.cds.fa_08003	NaN	NaN	NaN	NaN	NaN	NaN	NaN	NaN	TFCN1702E3373_008072-T1	TFCN1702E3373_008099-T1
TFCN1702E3373_008072-T1__TFCN1702E3373_010879-T1	NaN	NaN	NaN	NaN	NaN	NaN	NaN	NaN	GF00000002	Rhodotorula_mucilaginosa_TFCN_17-0-2E337-3.cds.fa_07976	Rhodotorula_mucilaginosa_TFCN_17-0-2E337-3.cds.fa_10746	NaN	NaN	NaN	NaN	NaN	NaN	NaN	NaN	TFCN1702E3373_008072-T1	TFCN1702E3373_010879-T1
TFCN1702E3373_008072-T1__TFCN1702E3373_008098-T1	NaN	NaN	NaN	NaN	NaN	NaN	NaN	NaN	GF00000002	Rhodotorula_mucilaginosa_TFCN_17-0-2E337-3.cds.fa_07976	Rhodotorula_mucilaginosa_TFCN_17-0-2E337-3.cds.fa_08002	NaN	NaN	NaN	NaN	NaN	NaN	NaN	NaN	TFCN1702E3373_008072-T1	TFCN1702E3373_008098-T1
TFCN1702E3373_001341-T1__TFCN1702E3373_008096-T1	NaN	NaN	NaN	NaN	NaN	NaN	NaN	NaN	GF00000002	Rhodotorula_mucilaginosa_TFCN_17-0-2E337-3.cds.fa_01331	Rhodotorula_mucilaginosa_TFCN_17-0-2E337-3.cds.fa_08000	NaN	NaN	NaN	NaN	NaN	NaN	NaN	NaN	TFCN1702E3373_001341-T1	TFCN1702E3373_008096-T1
TFCN1702E3373_001341-T1__TFCN1702E3373_008071-T1	NaN	NaN	NaN	NaN	NaN	NaN	NaN	NaN	GF00000002	Rhodotorula_mucilaginosa_TFCN_17-0-2E337-3.cds.fa_01331	Rhodotorula_mucilaginosa_TFCN_17-0-2E337-3.cds.fa_07975	NaN	NaN	NaN	NaN	NaN	NaN	NaN	NaN	TFCN1702E3373_001341-T1	TFCN1702E3373_008071-T1
TFCN1702E3373_001341-T1__TFCN1702E3373_004509-T1	NaN	NaN	NaN	NaN	NaN	NaN	NaN	NaN	GF00000002	Rhodotorula_mucilaginosa_TFCN_17-0-2E337-3.cds.fa_01331	Rhodotorula_mucilaginosa_TFCN_17-0-2E337-3.cds.fa_04452	NaN	NaN	NaN	NaN	NaN	NaN	NaN	NaN	TFCN1702E3373_001341-T1	TFCN1702E3373_004509-T1
TFCN1702E3373_001341-T1__TFCN1702E3373_007829-T1	NaN	NaN	NaN	NaN	NaN	NaN	NaN	NaN	GF00000002	Rhodotorula_mucilaginosa_TFCN_17-0-2E337-3.cds.fa_01331	Rhodotorula_mucilaginosa_TFCN_17-0-2E337-3.cds.fa_07737	NaN	NaN	NaN	NaN	NaN	NaN	NaN	NaN	TFCN1702E3373_001341-T1	TFCN1702E3373_007829-T1
TFCN1702E3373_001341-T1__TFCN1702E3373_008095-T1	NaN	NaN	NaN	NaN	NaN	NaN	NaN	NaN	GF00000002	Rhodotorula_mucilaginosa_TFCN_17-0-2E337-3.cds.fa_01331	Rhodotorula_mucilaginosa_TFCN_17-0-2E337-3.cds.fa_07999	NaN	NaN	NaN	NaN	NaN	NaN	NaN	NaN	TFCN1702E3373_001341-T1	TFCN1702E3373_008095-T1
TFCN1702E3373_001341-T1__TFCN1702E3373_008049-T1	NaN	NaN	NaN	NaN	NaN	NaN	NaN	NaN	GF00000002	Rhodotorula_mucilaginosa_TFCN_17-0-2E337-3.cds.fa_01331	Rhodotorula_mucilaginosa_TFCN_17-0-2E337-3.cds.fa_07954	NaN	NaN	NaN	NaN	NaN	NaN	NaN	NaN	TFCN1702E3373_001341-T1	TFCN1702E3373_008049-T1
TFCN1702E3373_001341-T1__TFCN1702E3373_008073-T1	NaN	NaN	NaN	NaN	NaN	NaN	NaN	NaN	GF00000002	Rhodotorula_mucilaginosa_TFCN_17-0-2E337-3.cds.fa_01331	Rhodotorula_mucilaginosa_TFCN_17-0-2E337-3.cds.fa_07977	NaN	NaN	NaN	NaN	NaN	NaN	NaN	NaN	TFCN1702E3373_001341-T1	TFCN1702E3373_008073-T1
TFCN1702E3373_001341-T1__TFCN1702E3373_008070-T1	NaN	NaN	NaN	NaN	NaN	NaN	NaN	NaN	GF00000002	Rhodotorula_mucilaginosa_TFCN_17-0-2E337-3.cds.fa_01331	Rhodotorula_mucilaginosa_TFCN_17-0-2E337-3.cds.fa_07974	NaN	NaN	NaN	NaN	NaN	NaN	NaN	NaN	TFCN1702E3373_001341-T1	TFCN1702E3373_008070-T1
TFCN1702E3373_001341-T1__TFCN1702E3373_013036-T1	NaN	NaN	NaN	NaN	NaN	NaN	NaN	NaN	GF00000002	Rhodotorula_mucilaginosa_TFCN_17-0-2E337-3.cds.fa_01331	Rhodotorula_mucilaginosa_TFCN_17-0-2E337-3.cds.fa_12852	NaN	NaN	NaN	NaN	NaN	NaN	NaN	NaN	TFCN1702E3373_001341-T1	TFCN1702E3373_013036-T1
TFCN1702E3373_001341-T1__TFCN1702E3373_002365-T1	NaN	NaN	NaN	NaN	NaN	NaN	NaN	NaN	GF00000002	Rhodotorula_mucilaginosa_TFCN_17-0-2E337-3.cds.fa_01331	Rhodotorula_mucilaginosa_TFCN_17-0-2E337-3.cds.fa_02339	NaN	NaN	NaN	NaN	NaN	NaN	NaN	NaN	TFCN1702E3373_001341-T1	TFCN1702E3373_002365-T1
TFCN1702E3373_001341-T1__TFCN1702E3373_008097-T1	NaN	NaN	NaN	NaN	NaN	NaN	NaN	NaN	GF00000002	Rhodotorula_mucilaginosa_TFCN_17-0-2E337-3.cds.fa_01331	Rhodotorula_mucilaginosa_TFCN_17-0-2E337-3.cds.fa_08001	NaN	NaN	NaN	NaN	NaN	NaN	NaN	NaN	TFCN1702E3373_001341-T1	TFCN1702E3373_008097-T1
TFCN1702E3373_001341-T1__TFCN1702E3373_008047-T1	NaN	NaN	NaN	NaN	NaN	NaN	NaN	NaN	GF00000002	Rhodotorula_mucilaginosa_TFCN_17-0-2E337-3.cds.fa_01331	Rhodotorula_mucilaginosa_TFCN_17-0-2E337-3.cds.fa_07952	NaN	NaN	NaN	NaN	NaN	NaN	NaN	NaN	TFCN1702E3373_001341-T1	TFCN1702E3373_008047-T1
TFCN1702E3373_001341-T1__TFCN1702E3373_011151-T1	NaN	NaN	NaN	NaN	NaN	NaN	NaN	NaN	GF00000002	Rhodotorula_mucilaginosa_TFCN_17-0-2E337-3.cds.fa_01331	Rhodotorula_mucilaginosa_TFCN_17-0-2E337-3.cds.fa_11005	NaN	NaN	NaN	NaN	NaN	NaN	NaN	NaN	TFCN1702E3373_001341-T1	TFCN1702E3373_011151-T1
TFCN1702E3373_001341-T1__TFCN1702E3373_011153-T1	NaN	NaN	NaN	NaN	NaN	NaN	NaN	NaN	GF00000002	Rhodotorula_mucilaginosa_TFCN_17-0-2E337-3.cds.fa_01331	Rhodotorula_mucilaginosa_TFCN_17-0-2E337-3.cds.fa_11007	NaN	NaN	NaN	NaN	NaN	NaN	NaN	NaN	TFCN1702E3373_001341-T1	TFCN1702E3373_011153-T1
TFCN1702E3373_001341-T1__TFCN1702E3373_008048-T1	NaN	NaN	NaN	NaN	NaN	NaN	NaN	NaN	GF00000002	Rhodotorula_mucilaginosa_TFCN_17-0-2E337-3.cds.fa_01331	Rhodotorula_mucilaginosa_TFCN_17-0-2E337-3.cds.fa_07953	NaN	NaN	NaN	NaN	NaN	NaN	NaN	NaN	TFCN1702E3373_001341-T1	TFCN1702E3373_008048-T1
TFCN1702E3373_001341-T1__TFCN1702E3373_008069-T1	NaN	NaN	NaN	NaN	NaN	NaN	NaN	NaN	GF00000002	Rhodotorula_mucilaginosa_TFCN_17-0-2E337-3.cds.fa_01331	Rhodotorula_mucilaginosa_TFCN_17-0-2E337-3.cds.fa_07973	NaN	NaN	NaN	NaN	NaN	NaN	NaN	NaN	TFCN1702E3373_001341-T1	TFCN1702E3373_008069-T1
TFCN1702E3373_000942-T1__TFCN1702E3373_001341-T1	NaN	NaN	NaN	NaN	NaN	NaN	NaN	NaN	GF00000002	Rhodotorula_mucilaginosa_TFCN_17-0-2E337-3.cds.fa_01331	Rhodotorula_mucilaginosa_TFCN_17-0-2E337-3.cds.fa_00936	NaN	NaN	NaN	NaN	NaN	NaN	NaN	NaN	TFCN1702E3373_001341-T1	TFCN1702E3373_000942-T1
TFCN1702E3373_000413-T1__TFCN1702E3373_001341-T1	NaN	NaN	NaN	NaN	NaN	NaN	NaN	NaN	GF00000002	Rhodotorula_mucilaginosa_TFCN_17-0-2E337-3.cds.fa_01331	Rhodotorula_mucilaginosa_TFCN_17-0-2E337-3.cds.fa_00409	NaN	NaN	NaN	NaN	NaN	NaN	NaN	NaN	TFCN1702E3373_001341-T1	TFCN1702E3373_000413-T1
TFCN1702E3373_001341-T1__TFCN1702E3373_011152-T1	NaN	NaN	NaN	NaN	NaN	NaN	NaN	NaN	GF00000002	Rhodotorula_mucilaginosa_TFCN_17-0-2E337-3.cds.fa_01331	Rhodotorula_mucilaginosa_TFCN_17-0-2E337-3.cds.fa_11006	NaN	NaN	NaN	NaN	NaN	NaN	NaN	NaN	TFCN1702E3373_001341-T1	TFCN1702E3373_011152-T1
TFCN1702E3373_001341-T1__TFCN1702E3373_009405-T1	NaN	NaN	NaN	NaN	NaN	NaN	NaN	NaN	GF00000002	Rhodotorula_mucilaginosa_TFCN_17-0-2E337-3.cds.fa_01331	Rhodotorula_mucilaginosa_TFCN_17-0-2E337-3.cds.fa_09287	NaN	NaN	NaN	NaN	NaN	NaN	NaN	NaN	TFCN1702E3373_001341-T1	TFCN1702E3373_009405-T1
TFCN1702E3373_001341-T1__TFCN1702E3373_008100-T1	NaN	NaN	NaN	NaN	NaN	NaN	NaN	NaN	GF00000002	Rhodotorula_mucilaginosa_TFCN_17-0-2E337-3.cds.fa_01331	Rhodotorula_mucilaginosa_TFCN_17-0-2E337-3.cds.fa_08004	NaN	NaN	NaN	NaN	NaN	NaN	NaN	NaN	TFCN1702E3373_001341-T1	TFCN1702E3373_008100-T1
TFCN1702E3373_001341-T1__TFCN1702E3373_012136-T1	NaN	NaN	NaN	NaN	NaN	NaN	NaN	NaN	GF00000002	Rhodotorula_mucilaginosa_TFCN_17-0-2E337-3.cds.fa_01331	Rhodotorula_mucilaginosa_TFCN_17-0-2E337-3.cds.fa_11972	NaN	NaN	NaN	NaN	NaN	NaN	NaN	NaN	TFCN1702E3373_001341-T1	TFCN1702E3373_012136-T1
TFCN1702E3373_001341-T1__TFCN1702E3373_012121-T1	NaN	NaN	NaN	NaN	NaN	NaN	NaN	NaN	GF00000002	Rhodotorula_mucilaginosa_TFCN_17-0-2E337-3.cds.fa_01331	Rhodotorula_mucilaginosa_TFCN_17-0-2E337-3.cds.fa_11958	NaN	NaN	NaN	NaN	NaN	NaN	NaN	NaN	TFCN1702E3373_001341-T1	TFCN1702E3373_012121-T1
TFCN1702E3373_001341-T1__TFCN1702E3373_008099-T1	NaN	NaN	NaN	NaN	NaN	NaN	NaN	NaN	GF00000002	Rhodotorula_mucilaginosa_TFCN_17-0-2E337-3.cds.fa_01331	Rhodotorula_mucilaginosa_TFCN_17-0-2E337-3.cds.fa_08003	NaN	NaN	NaN	NaN	NaN	NaN	NaN	NaN	TFCN1702E3373_001341-T1	TFCN1702E3373_008099-T1
TFCN1702E3373_001341-T1__TFCN1702E3373_010879-T1	NaN	NaN	NaN	NaN	NaN	NaN	NaN	NaN	GF00000002	Rhodotorula_mucilaginosa_TFCN_17-0-2E337-3.cds.fa_01331	Rhodotorula_mucilaginosa_TFCN_17-0-2E337-3.cds.fa_10746	NaN	NaN	NaN	NaN	NaN	NaN	NaN	NaN	TFCN1702E3373_001341-T1	TFCN1702E3373_010879-T1
TFCN1702E3373_001341-T1__TFCN1702E3373_008098-T1	NaN	NaN	NaN	NaN	NaN	NaN	NaN	NaN	GF00000002	Rhodotorula_mucilaginosa_TFCN_17-0-2E337-3.cds.fa_01331	Rhodotorula_mucilaginosa_TFCN_17-0-2E337-3.cds.fa_08002	NaN	NaN	NaN	NaN	NaN	NaN	NaN	NaN	TFCN1702E3373_001341-T1	TFCN1702E3373_008098-T1
TFCN1702E3373_008071-T1__TFCN1702E3373_008096-T1	NaN	NaN	NaN	NaN	NaN	NaN	NaN	NaN	GF00000002	Rhodotorula_mucilaginosa_TFCN_17-0-2E337-3.cds.fa_08000	Rhodotorula_mucilaginosa_TFCN_17-0-2E337-3.cds.fa_07975	NaN	NaN	NaN	NaN	NaN	NaN	NaN	NaN	TFCN1702E3373_008096-T1	TFCN1702E3373_008071-T1
TFCN1702E3373_004509-T1__TFCN1702E3373_008096-T1	NaN	NaN	NaN	NaN	NaN	NaN	NaN	NaN	GF00000002	Rhodotorula_mucilaginosa_TFCN_17-0-2E337-3.cds.fa_08000	Rhodotorula_mucilaginosa_TFCN_17-0-2E337-3.cds.fa_04452	NaN	NaN	NaN	NaN	NaN	NaN	NaN	NaN	TFCN1702E3373_008096-T1	TFCN1702E3373_004509-T1
TFCN1702E3373_007829-T1__TFCN1702E3373_008096-T1	NaN	NaN	NaN	NaN	NaN	NaN	NaN	NaN	GF00000002	Rhodotorula_mucilaginosa_TFCN_17-0-2E337-3.cds.fa_08000	Rhodotorula_mucilaginosa_TFCN_17-0-2E337-3.cds.fa_07737	NaN	NaN	NaN	NaN	NaN	NaN	NaN	NaN	TFCN1702E3373_008096-T1	TFCN1702E3373_007829-T1
TFCN1702E3373_008095-T1__TFCN1702E3373_008096-T1	NaN	NaN	NaN	NaN	NaN	NaN	NaN	NaN	GF00000002	Rhodotorula_mucilaginosa_TFCN_17-0-2E337-3.cds.fa_08000	Rhodotorula_mucilaginosa_TFCN_17-0-2E337-3.cds.fa_07999	NaN	NaN	NaN	NaN	NaN	NaN	NaN	NaN	TFCN1702E3373_008096-T1	TFCN1702E3373_008095-T1
TFCN1702E3373_008049-T1__TFCN1702E3373_008096-T1	NaN	NaN	NaN	NaN	NaN	NaN	NaN	NaN	GF00000002	Rhodotorula_mucilaginosa_TFCN_17-0-2E337-3.cds.fa_08000	Rhodotorula_mucilaginosa_TFCN_17-0-2E337-3.cds.fa_07954	NaN	NaN	NaN	NaN	NaN	NaN	NaN	NaN	TFCN1702E3373_008096-T1	TFCN1702E3373_008049-T1
TFCN1702E3373_008073-T1__TFCN1702E3373_008096-T1	NaN	NaN	NaN	NaN	NaN	NaN	NaN	NaN	GF00000002	Rhodotorula_mucilaginosa_TFCN_17-0-2E337-3.cds.fa_08000	Rhodotorula_mucilaginosa_TFCN_17-0-2E337-3.cds.fa_07977	NaN	NaN	NaN	NaN	NaN	NaN	NaN	NaN	TFCN1702E3373_008096-T1	TFCN1702E3373_008073-T1
TFCN1702E3373_008070-T1__TFCN1702E3373_008096-T1	NaN	NaN	NaN	NaN	NaN	NaN	NaN	NaN	GF00000002	Rhodotorula_mucilaginosa_TFCN_17-0-2E337-3.cds.fa_08000	Rhodotorula_mucilaginosa_TFCN_17-0-2E337-3.cds.fa_07974	NaN	NaN	NaN	NaN	NaN	NaN	NaN	NaN	TFCN1702E3373_008096-T1	TFCN1702E3373_008070-T1
TFCN1702E3373_008096-T1__TFCN1702E3373_013036-T1	NaN	NaN	NaN	NaN	NaN	NaN	NaN	NaN	GF00000002	Rhodotorula_mucilaginosa_TFCN_17-0-2E337-3.cds.fa_08000	Rhodotorula_mucilaginosa_TFCN_17-0-2E337-3.cds.fa_12852	NaN	NaN	NaN	NaN	NaN	NaN	NaN	NaN	TFCN1702E3373_008096-T1	TFCN1702E3373_013036-T1
TFCN1702E3373_002365-T1__TFCN1702E3373_008096-T1	NaN	NaN	NaN	NaN	NaN	NaN	NaN	NaN	GF00000002	Rhodotorula_mucilaginosa_TFCN_17-0-2E337-3.cds.fa_08000	Rhodotorula_mucilaginosa_TFCN_17-0-2E337-3.cds.fa_02339	NaN	NaN	NaN	NaN	NaN	NaN	NaN	NaN	TFCN1702E3373_008096-T1	TFCN1702E3373_002365-T1
TFCN1702E3373_008096-T1__TFCN1702E3373_008097-T1	NaN	NaN	NaN	NaN	NaN	NaN	NaN	NaN	GF00000002	Rhodotorula_mucilaginosa_TFCN_17-0-2E337-3.cds.fa_08000	Rhodotorula_mucilaginosa_TFCN_17-0-2E337-3.cds.fa_08001	NaN	NaN	NaN	NaN	NaN	NaN	NaN	NaN	TFCN1702E3373_008096-T1	TFCN1702E3373_008097-T1
TFCN1702E3373_008047-T1__TFCN1702E3373_008096-T1	NaN	NaN	NaN	NaN	NaN	NaN	NaN	NaN	GF00000002	Rhodotorula_mucilaginosa_TFCN_17-0-2E337-3.cds.fa_08000	Rhodotorula_mucilaginosa_TFCN_17-0-2E337-3.cds.fa_07952	NaN	NaN	NaN	NaN	NaN	NaN	NaN	NaN	TFCN1702E3373_008096-T1	TFCN1702E3373_008047-T1
TFCN1702E3373_008096-T1__TFCN1702E3373_011151-T1	NaN	NaN	NaN	NaN	NaN	NaN	NaN	NaN	GF00000002	Rhodotorula_mucilaginosa_TFCN_17-0-2E337-3.cds.fa_08000	Rhodotorula_mucilaginosa_TFCN_17-0-2E337-3.cds.fa_11005	NaN	NaN	NaN	NaN	NaN	NaN	NaN	NaN	TFCN1702E3373_008096-T1	TFCN1702E3373_011151-T1
TFCN1702E3373_008096-T1__TFCN1702E3373_011153-T1	NaN	NaN	NaN	NaN	NaN	NaN	NaN	NaN	GF00000002	Rhodotorula_mucilaginosa_TFCN_17-0-2E337-3.cds.fa_08000	Rhodotorula_mucilaginosa_TFCN_17-0-2E337-3.cds.fa_11007	NaN	NaN	NaN	NaN	NaN	NaN	NaN	NaN	TFCN1702E3373_008096-T1	TFCN1702E3373_011153-T1
TFCN1702E3373_008048-T1__TFCN1702E3373_008096-T1	NaN	NaN	NaN	NaN	NaN	NaN	NaN	NaN	GF00000002	Rhodotorula_mucilaginosa_TFCN_17-0-2E337-3.cds.fa_08000	Rhodotorula_mucilaginosa_TFCN_17-0-2E337-3.cds.fa_07953	NaN	NaN	NaN	NaN	NaN	NaN	NaN	NaN	TFCN1702E3373_008096-T1	TFCN1702E3373_008048-T1
TFCN1702E3373_008069-T1__TFCN1702E3373_008096-T1	NaN	NaN	NaN	NaN	NaN	NaN	NaN	NaN	GF00000002	Rhodotorula_mucilaginosa_TFCN_17-0-2E337-3.cds.fa_08000	Rhodotorula_mucilaginosa_TFCN_17-0-2E337-3.cds.fa_07973	NaN	NaN	NaN	NaN	NaN	NaN	NaN	NaN	TFCN1702E3373_008096-T1	TFCN1702E3373_008069-T1
TFCN1702E3373_000942-T1__TFCN1702E3373_008096-T1	NaN	NaN	NaN	NaN	NaN	NaN	NaN	NaN	GF00000002	Rhodotorula_mucilaginosa_TFCN_17-0-2E337-3.cds.fa_08000	Rhodotorula_mucilaginosa_TFCN_17-0-2E337-3.cds.fa_00936	NaN	NaN	NaN	NaN	NaN	NaN	NaN	NaN	TFCN1702E3373_008096-T1	TFCN1702E3373_000942-T1
TFCN1702E3373_000413-T1__TFCN1702E3373_008096-T1	NaN	NaN	NaN	NaN	NaN	NaN	NaN	NaN	GF00000002	Rhodotorula_mucilaginosa_TFCN_17-0-2E337-3.cds.fa_08000	Rhodotorula_mucilaginosa_TFCN_17-0-2E337-3.cds.fa_00409	NaN	NaN	NaN	NaN	NaN	NaN	NaN	NaN	TFCN1702E3373_008096-T1	TFCN1702E3373_000413-T1
TFCN1702E3373_008096-T1__TFCN1702E3373_011152-T1	NaN	NaN	NaN	NaN	NaN	NaN	NaN	NaN	GF00000002	Rhodotorula_mucilaginosa_TFCN_17-0-2E337-3.cds.fa_08000	Rhodotorula_mucilaginosa_TFCN_17-0-2E337-3.cds.fa_11006	NaN	NaN	NaN	NaN	NaN	NaN	NaN	NaN	TFCN1702E3373_008096-T1	TFCN1702E3373_011152-T1
TFCN1702E3373_008096-T1__TFCN1702E3373_009405-T1	NaN	NaN	NaN	NaN	NaN	NaN	NaN	NaN	GF00000002	Rhodotorula_mucilaginosa_TFCN_17-0-2E337-3.cds.fa_08000	Rhodotorula_mucilaginosa_TFCN_17-0-2E337-3.cds.fa_09287	NaN	NaN	NaN	NaN	NaN	NaN	NaN	NaN	TFCN1702E3373_008096-T1	TFCN1702E3373_009405-T1
TFCN1702E3373_008096-T1__TFCN1702E3373_008100-T1	NaN	NaN	NaN	NaN	NaN	NaN	NaN	NaN	GF00000002	Rhodotorula_mucilaginosa_TFCN_17-0-2E337-3.cds.fa_08000	Rhodotorula_mucilaginosa_TFCN_17-0-2E337-3.cds.fa_08004	NaN	NaN	NaN	NaN	NaN	NaN	NaN	NaN	TFCN1702E3373_008096-T1	TFCN1702E3373_008100-T1
TFCN1702E3373_008096-T1__TFCN1702E3373_012136-T1	NaN	NaN	NaN	NaN	NaN	NaN	NaN	NaN	GF00000002	Rhodotorula_mucilaginosa_TFCN_17-0-2E337-3.cds.fa_08000	Rhodotorula_mucilaginosa_TFCN_17-0-2E337-3.cds.fa_11972	NaN	NaN	NaN	NaN	NaN	NaN	NaN	NaN	TFCN1702E3373_008096-T1	TFCN1702E3373_012136-T1
TFCN1702E3373_008096-T1__TFCN1702E3373_012121-T1	NaN	NaN	NaN	NaN	NaN	NaN	NaN	NaN	GF00000002	Rhodotorula_mucilaginosa_TFCN_17-0-2E337-3.cds.fa_08000	Rhodotorula_mucilaginosa_TFCN_17-0-2E337-3.cds.fa_11958	NaN	NaN	NaN	NaN	NaN	NaN	NaN	NaN	TFCN1702E3373_008096-T1	TFCN1702E3373_012121-T1
TFCN1702E3373_008096-T1__TFCN1702E3373_008099-T1	NaN	NaN	NaN	NaN	NaN	NaN	NaN	NaN	GF00000002	Rhodotorula_mucilaginosa_TFCN_17-0-2E337-3.cds.fa_08000	Rhodotorula_mucilaginosa_TFCN_17-0-2E337-3.cds.fa_08003	NaN	NaN	NaN	NaN	NaN	NaN	NaN	NaN	TFCN1702E3373_008096-T1	TFCN1702E3373_008099-T1
TFCN1702E3373_008096-T1__TFCN1702E3373_010879-T1	NaN	NaN	NaN	NaN	NaN	NaN	NaN	NaN	GF00000002	Rhodotorula_mucilaginosa_TFCN_17-0-2E337-3.cds.fa_08000	Rhodotorula_mucilaginosa_TFCN_17-0-2E337-3.cds.fa_10746	NaN	NaN	NaN	NaN	NaN	NaN	NaN	NaN	TFCN1702E3373_008096-T1	TFCN1702E3373_010879-T1
TFCN1702E3373_008096-T1__TFCN1702E3373_008098-T1	NaN	NaN	NaN	NaN	NaN	NaN	NaN	NaN	GF00000002	Rhodotorula_mucilaginosa_TFCN_17-0-2E337-3.cds.fa_08000	Rhodotorula_mucilaginosa_TFCN_17-0-2E337-3.cds.fa_08002	NaN	NaN	NaN	NaN	NaN	NaN	NaN	NaN	TFCN1702E3373_008096-T1	TFCN1702E3373_008098-T1
TFCN1702E3373_004509-T1__TFCN1702E3373_008071-T1	NaN	NaN	NaN	NaN	NaN	NaN	NaN	NaN	GF00000002	Rhodotorula_mucilaginosa_TFCN_17-0-2E337-3.cds.fa_07975	Rhodotorula_mucilaginosa_TFCN_17-0-2E337-3.cds.fa_04452	NaN	NaN	NaN	NaN	NaN	NaN	NaN	NaN	TFCN1702E3373_008071-T1	TFCN1702E3373_004509-T1
TFCN1702E3373_007829-T1__TFCN1702E3373_008071-T1	NaN	NaN	NaN	NaN	NaN	NaN	NaN	NaN	GF00000002	Rhodotorula_mucilaginosa_TFCN_17-0-2E337-3.cds.fa_07975	Rhodotorula_mucilaginosa_TFCN_17-0-2E337-3.cds.fa_07737	NaN	NaN	NaN	NaN	NaN	NaN	NaN	NaN	TFCN1702E3373_008071-T1	TFCN1702E3373_007829-T1
TFCN1702E3373_008071-T1__TFCN1702E3373_008095-T1	NaN	NaN	NaN	NaN	NaN	NaN	NaN	NaN	GF00000002	Rhodotorula_mucilaginosa_TFCN_17-0-2E337-3.cds.fa_07975	Rhodotorula_mucilaginosa_TFCN_17-0-2E337-3.cds.fa_07999	NaN	NaN	NaN	NaN	NaN	NaN	NaN	NaN	TFCN1702E3373_008071-T1	TFCN1702E3373_008095-T1
TFCN1702E3373_008049-T1__TFCN1702E3373_008071-T1	NaN	NaN	NaN	NaN	NaN	NaN	NaN	NaN	GF00000002	Rhodotorula_mucilaginosa_TFCN_17-0-2E337-3.cds.fa_07975	Rhodotorula_mucilaginosa_TFCN_17-0-2E337-3.cds.fa_07954	NaN	NaN	NaN	NaN	NaN	NaN	NaN	NaN	TFCN1702E3373_008071-T1	TFCN1702E3373_008049-T1
TFCN1702E3373_008071-T1__TFCN1702E3373_008073-T1	NaN	NaN	NaN	NaN	NaN	NaN	NaN	NaN	GF00000002	Rhodotorula_mucilaginosa_TFCN_17-0-2E337-3.cds.fa_07975	Rhodotorula_mucilaginosa_TFCN_17-0-2E337-3.cds.fa_07977	NaN	NaN	NaN	NaN	NaN	NaN	NaN	NaN	TFCN1702E3373_008071-T1	TFCN1702E3373_008073-T1
TFCN1702E3373_008070-T1__TFCN1702E3373_008071-T1	NaN	NaN	NaN	NaN	NaN	NaN	NaN	NaN	GF00000002	Rhodotorula_mucilaginosa_TFCN_17-0-2E337-3.cds.fa_07975	Rhodotorula_mucilaginosa_TFCN_17-0-2E337-3.cds.fa_07974	NaN	NaN	NaN	NaN	NaN	NaN	NaN	NaN	TFCN1702E3373_008071-T1	TFCN1702E3373_008070-T1
TFCN1702E3373_008071-T1__TFCN1702E3373_013036-T1	NaN	NaN	NaN	NaN	NaN	NaN	NaN	NaN	GF00000002	Rhodotorula_mucilaginosa_TFCN_17-0-2E337-3.cds.fa_07975	Rhodotorula_mucilaginosa_TFCN_17-0-2E337-3.cds.fa_12852	NaN	NaN	NaN	NaN	NaN	NaN	NaN	NaN	TFCN1702E3373_008071-T1	TFCN1702E3373_013036-T1
TFCN1702E3373_002365-T1__TFCN1702E3373_008071-T1	NaN	NaN	NaN	NaN	NaN	NaN	NaN	NaN	GF00000002	Rhodotorula_mucilaginosa_TFCN_17-0-2E337-3.cds.fa_07975	Rhodotorula_mucilaginosa_TFCN_17-0-2E337-3.cds.fa_02339	NaN	NaN	NaN	NaN	NaN	NaN	NaN	NaN	TFCN1702E3373_008071-T1	TFCN1702E3373_002365-T1
TFCN1702E3373_008071-T1__TFCN1702E3373_008097-T1	NaN	NaN	NaN	NaN	NaN	NaN	NaN	NaN	GF00000002	Rhodotorula_mucilaginosa_TFCN_17-0-2E337-3.cds.fa_07975	Rhodotorula_mucilaginosa_TFCN_17-0-2E337-3.cds.fa_08001	NaN	NaN	NaN	NaN	NaN	NaN	NaN	NaN	TFCN1702E3373_008071-T1	TFCN1702E3373_008097-T1
TFCN1702E3373_008047-T1__TFCN1702E3373_008071-T1	NaN	NaN	NaN	NaN	NaN	NaN	NaN	NaN	GF00000002	Rhodotorula_mucilaginosa_TFCN_17-0-2E337-3.cds.fa_07975	Rhodotorula_mucilaginosa_TFCN_17-0-2E337-3.cds.fa_07952	NaN	NaN	NaN	NaN	NaN	NaN	NaN	NaN	TFCN1702E3373_008071-T1	TFCN1702E3373_008047-T1
TFCN1702E3373_008071-T1__TFCN1702E3373_011151-T1	NaN	NaN	NaN	NaN	NaN	NaN	NaN	NaN	GF00000002	Rhodotorula_mucilaginosa_TFCN_17-0-2E337-3.cds.fa_07975	Rhodotorula_mucilaginosa_TFCN_17-0-2E337-3.cds.fa_11005	NaN	NaN	NaN	NaN	NaN	NaN	NaN	NaN	TFCN1702E3373_008071-T1	TFCN1702E3373_011151-T1
TFCN1702E3373_008071-T1__TFCN1702E3373_011153-T1	NaN	NaN	NaN	NaN	NaN	NaN	NaN	NaN	GF00000002	Rhodotorula_mucilaginosa_TFCN_17-0-2E337-3.cds.fa_07975	Rhodotorula_mucilaginosa_TFCN_17-0-2E337-3.cds.fa_11007	NaN	NaN	NaN	NaN	NaN	NaN	NaN	NaN	TFCN1702E3373_008071-T1	TFCN1702E3373_011153-T1
TFCN1702E3373_008048-T1__TFCN1702E3373_008071-T1	NaN	NaN	NaN	NaN	NaN	NaN	NaN	NaN	GF00000002	Rhodotorula_mucilaginosa_TFCN_17-0-2E337-3.cds.fa_07975	Rhodotorula_mucilaginosa_TFCN_17-0-2E337-3.cds.fa_07953	NaN	NaN	NaN	NaN	NaN	NaN	NaN	NaN	TFCN1702E3373_008071-T1	TFCN1702E3373_008048-T1
TFCN1702E3373_008069-T1__TFCN1702E3373_008071-T1	NaN	NaN	NaN	NaN	NaN	NaN	NaN	NaN	GF00000002	Rhodotorula_mucilaginosa_TFCN_17-0-2E337-3.cds.fa_07975	Rhodotorula_mucilaginosa_TFCN_17-0-2E337-3.cds.fa_07973	NaN	NaN	NaN	NaN	NaN	NaN	NaN	NaN	TFCN1702E3373_008071-T1	TFCN1702E3373_008069-T1
TFCN1702E3373_000942-T1__TFCN1702E3373_008071-T1	NaN	NaN	NaN	NaN	NaN	NaN	NaN	NaN	GF00000002	Rhodotorula_mucilaginosa_TFCN_17-0-2E337-3.cds.fa_07975	Rhodotorula_mucilaginosa_TFCN_17-0-2E337-3.cds.fa_00936	NaN	NaN	NaN	NaN	NaN	NaN	NaN	NaN	TFCN1702E3373_008071-T1	TFCN1702E3373_000942-T1
TFCN1702E3373_000413-T1__TFCN1702E3373_008071-T1	NaN	NaN	NaN	NaN	NaN	NaN	NaN	NaN	GF00000002	Rhodotorula_mucilaginosa_TFCN_17-0-2E337-3.cds.fa_07975	Rhodotorula_mucilaginosa_TFCN_17-0-2E337-3.cds.fa_00409	NaN	NaN	NaN	NaN	NaN	NaN	NaN	NaN	TFCN1702E3373_008071-T1	TFCN1702E3373_000413-T1
TFCN1702E3373_008071-T1__TFCN1702E3373_011152-T1	NaN	NaN	NaN	NaN	NaN	NaN	NaN	NaN	GF00000002	Rhodotorula_mucilaginosa_TFCN_17-0-2E337-3.cds.fa_07975	Rhodotorula_mucilaginosa_TFCN_17-0-2E337-3.cds.fa_11006	NaN	NaN	NaN	NaN	NaN	NaN	NaN	NaN	TFCN1702E3373_008071-T1	TFCN1702E3373_011152-T1
TFCN1702E3373_008071-T1__TFCN1702E3373_009405-T1	NaN	NaN	NaN	NaN	NaN	NaN	NaN	NaN	GF00000002	Rhodotorula_mucilaginosa_TFCN_17-0-2E337-3.cds.fa_07975	Rhodotorula_mucilaginosa_TFCN_17-0-2E337-3.cds.fa_09287	NaN	NaN	NaN	NaN	NaN	NaN	NaN	NaN	TFCN1702E3373_008071-T1	TFCN1702E3373_009405-T1
TFCN1702E3373_008071-T1__TFCN1702E3373_008100-T1	NaN	NaN	NaN	NaN	NaN	NaN	NaN	NaN	GF00000002	Rhodotorula_mucilaginosa_TFCN_17-0-2E337-3.cds.fa_07975	Rhodotorula_mucilaginosa_TFCN_17-0-2E337-3.cds.fa_08004	NaN	NaN	NaN	NaN	NaN	NaN	NaN	NaN	TFCN1702E3373_008071-T1	TFCN1702E3373_008100-T1
TFCN1702E3373_008071-T1__TFCN1702E3373_012136-T1	NaN	NaN	NaN	NaN	NaN	NaN	NaN	NaN	GF00000002	Rhodotorula_mucilaginosa_TFCN_17-0-2E337-3.cds.fa_07975	Rhodotorula_mucilaginosa_TFCN_17-0-2E337-3.cds.fa_11972	NaN	NaN	NaN	NaN	NaN	NaN	NaN	NaN	TFCN1702E3373_008071-T1	TFCN1702E3373_012136-T1
TFCN1702E3373_008071-T1__TFCN1702E3373_012121-T1	NaN	NaN	NaN	NaN	NaN	NaN	NaN	NaN	GF00000002	Rhodotorula_mucilaginosa_TFCN_17-0-2E337-3.cds.fa_07975	Rhodotorula_mucilaginosa_TFCN_17-0-2E337-3.cds.fa_11958	NaN	NaN	NaN	NaN	NaN	NaN	NaN	NaN	TFCN1702E3373_008071-T1	TFCN1702E3373_012121-T1
TFCN1702E3373_008071-T1__TFCN1702E3373_008099-T1	NaN	NaN	NaN	NaN	NaN	NaN	NaN	NaN	GF00000002	Rhodotorula_mucilaginosa_TFCN_17-0-2E337-3.cds.fa_07975	Rhodotorula_mucilaginosa_TFCN_17-0-2E337-3.cds.fa_08003	NaN	NaN	NaN	NaN	NaN	NaN	NaN	NaN	TFCN1702E3373_008071-T1	TFCN1702E3373_008099-T1
TFCN1702E3373_008071-T1__TFCN1702E3373_010879-T1	NaN	NaN	NaN	NaN	NaN	NaN	NaN	NaN	GF00000002	Rhodotorula_mucilaginosa_TFCN_17-0-2E337-3.cds.fa_07975	Rhodotorula_mucilaginosa_TFCN_17-0-2E337-3.cds.fa_10746	NaN	NaN	NaN	NaN	NaN	NaN	NaN	NaN	TFCN1702E3373_008071-T1	TFCN1702E3373_010879-T1
TFCN1702E3373_008071-T1__TFCN1702E3373_008098-T1	NaN	NaN	NaN	NaN	NaN	NaN	NaN	NaN	GF00000002	Rhodotorula_mucilaginosa_TFCN_17-0-2E337-3.cds.fa_07975	Rhodotorula_mucilaginosa_TFCN_17-0-2E337-3.cds.fa_08002	NaN	NaN	NaN	NaN	NaN	NaN	NaN	NaN	TFCN1702E3373_008071-T1	TFCN1702E3373_008098-T1
TFCN1702E3373_004509-T1__TFCN1702E3373_007829-T1	NaN	NaN	NaN	NaN	NaN	NaN	NaN	NaN	GF00000002	Rhodotorula_mucilaginosa_TFCN_17-0-2E337-3.cds.fa_04452	Rhodotorula_mucilaginosa_TFCN_17-0-2E337-3.cds.fa_07737	NaN	NaN	NaN	NaN	NaN	NaN	NaN	NaN	TFCN1702E3373_004509-T1	TFCN1702E3373_007829-T1
TFCN1702E3373_004509-T1__TFCN1702E3373_008095-T1	NaN	NaN	NaN	NaN	NaN	NaN	NaN	NaN	GF00000002	Rhodotorula_mucilaginosa_TFCN_17-0-2E337-3.cds.fa_04452	Rhodotorula_mucilaginosa_TFCN_17-0-2E337-3.cds.fa_07999	NaN	NaN	NaN	NaN	NaN	NaN	NaN	NaN	TFCN1702E3373_004509-T1	TFCN1702E3373_008095-T1
TFCN1702E3373_004509-T1__TFCN1702E3373_008049-T1	NaN	NaN	NaN	NaN	NaN	NaN	NaN	NaN	GF00000002	Rhodotorula_mucilaginosa_TFCN_17-0-2E337-3.cds.fa_04452	Rhodotorula_mucilaginosa_TFCN_17-0-2E337-3.cds.fa_07954	NaN	NaN	NaN	NaN	NaN	NaN	NaN	NaN	TFCN1702E3373_004509-T1	TFCN1702E3373_008049-T1
TFCN1702E3373_004509-T1__TFCN1702E3373_008073-T1	NaN	NaN	NaN	NaN	NaN	NaN	NaN	NaN	GF00000002	Rhodotorula_mucilaginosa_TFCN_17-0-2E337-3.cds.fa_04452	Rhodotorula_mucilaginosa_TFCN_17-0-2E337-3.cds.fa_07977	NaN	NaN	NaN	NaN	NaN	NaN	NaN	NaN	TFCN1702E3373_004509-T1	TFCN1702E3373_008073-T1
TFCN1702E3373_004509-T1__TFCN1702E3373_008070-T1	NaN	NaN	NaN	NaN	NaN	NaN	NaN	NaN	GF00000002	Rhodotorula_mucilaginosa_TFCN_17-0-2E337-3.cds.fa_04452	Rhodotorula_mucilaginosa_TFCN_17-0-2E337-3.cds.fa_07974	NaN	NaN	NaN	NaN	NaN	NaN	NaN	NaN	TFCN1702E3373_004509-T1	TFCN1702E3373_008070-T1
TFCN1702E3373_004509-T1__TFCN1702E3373_013036-T1	NaN	NaN	NaN	NaN	NaN	NaN	NaN	NaN	GF00000002	Rhodotorula_mucilaginosa_TFCN_17-0-2E337-3.cds.fa_04452	Rhodotorula_mucilaginosa_TFCN_17-0-2E337-3.cds.fa_12852	NaN	NaN	NaN	NaN	NaN	NaN	NaN	NaN	TFCN1702E3373_004509-T1	TFCN1702E3373_013036-T1
TFCN1702E3373_002365-T1__TFCN1702E3373_004509-T1	NaN	NaN	NaN	NaN	NaN	NaN	NaN	NaN	GF00000002	Rhodotorula_mucilaginosa_TFCN_17-0-2E337-3.cds.fa_04452	Rhodotorula_mucilaginosa_TFCN_17-0-2E337-3.cds.fa_02339	NaN	NaN	NaN	NaN	NaN	NaN	NaN	NaN	TFCN1702E3373_004509-T1	TFCN1702E3373_002365-T1
TFCN1702E3373_004509-T1__TFCN1702E3373_008097-T1	NaN	NaN	NaN	NaN	NaN	NaN	NaN	NaN	GF00000002	Rhodotorula_mucilaginosa_TFCN_17-0-2E337-3.cds.fa_04452	Rhodotorula_mucilaginosa_TFCN_17-0-2E337-3.cds.fa_08001	NaN	NaN	NaN	NaN	NaN	NaN	NaN	NaN	TFCN1702E3373_004509-T1	TFCN1702E3373_008097-T1
TFCN1702E3373_004509-T1__TFCN1702E3373_008047-T1	NaN	NaN	NaN	NaN	NaN	NaN	NaN	NaN	GF00000002	Rhodotorula_mucilaginosa_TFCN_17-0-2E337-3.cds.fa_04452	Rhodotorula_mucilaginosa_TFCN_17-0-2E337-3.cds.fa_07952	NaN	NaN	NaN	NaN	NaN	NaN	NaN	NaN	TFCN1702E3373_004509-T1	TFCN1702E3373_008047-T1
TFCN1702E3373_004509-T1__TFCN1702E3373_011151-T1	NaN	NaN	NaN	NaN	NaN	NaN	NaN	NaN	GF00000002	Rhodotorula_mucilaginosa_TFCN_17-0-2E337-3.cds.fa_04452	Rhodotorula_mucilaginosa_TFCN_17-0-2E337-3.cds.fa_11005	NaN	NaN	NaN	NaN	NaN	NaN	NaN	NaN	TFCN1702E3373_004509-T1	TFCN1702E3373_011151-T1
TFCN1702E3373_004509-T1__TFCN1702E3373_011153-T1	NaN	NaN	NaN	NaN	NaN	NaN	NaN	NaN	GF00000002	Rhodotorula_mucilaginosa_TFCN_17-0-2E337-3.cds.fa_04452	Rhodotorula_mucilaginosa_TFCN_17-0-2E337-3.cds.fa_11007	NaN	NaN	NaN	NaN	NaN	NaN	NaN	NaN	TFCN1702E3373_004509-T1	TFCN1702E3373_011153-T1
TFCN1702E3373_004509-T1__TFCN1702E3373_008048-T1	NaN	NaN	NaN	NaN	NaN	NaN	NaN	NaN	GF00000002	Rhodotorula_mucilaginosa_TFCN_17-0-2E337-3.cds.fa_04452	Rhodotorula_mucilaginosa_TFCN_17-0-2E337-3.cds.fa_07953	NaN	NaN	NaN	NaN	NaN	NaN	NaN	NaN	TFCN1702E3373_004509-T1	TFCN1702E3373_008048-T1
TFCN1702E3373_004509-T1__TFCN1702E3373_008069-T1	NaN	NaN	NaN	NaN	NaN	NaN	NaN	NaN	GF00000002	Rhodotorula_mucilaginosa_TFCN_17-0-2E337-3.cds.fa_04452	Rhodotorula_mucilaginosa_TFCN_17-0-2E337-3.cds.fa_07973	NaN	NaN	NaN	NaN	NaN	NaN	NaN	NaN	TFCN1702E3373_004509-T1	TFCN1702E3373_008069-T1
TFCN1702E3373_000942-T1__TFCN1702E3373_004509-T1	NaN	NaN	NaN	NaN	NaN	NaN	NaN	NaN	GF00000002	Rhodotorula_mucilaginosa_TFCN_17-0-2E337-3.cds.fa_04452	Rhodotorula_mucilaginosa_TFCN_17-0-2E337-3.cds.fa_00936	NaN	NaN	NaN	NaN	NaN	NaN	NaN	NaN	TFCN1702E3373_004509-T1	TFCN1702E3373_000942-T1
TFCN1702E3373_000413-T1__TFCN1702E3373_004509-T1	NaN	NaN	NaN	NaN	NaN	NaN	NaN	NaN	GF00000002	Rhodotorula_mucilaginosa_TFCN_17-0-2E337-3.cds.fa_04452	Rhodotorula_mucilaginosa_TFCN_17-0-2E337-3.cds.fa_00409	NaN	NaN	NaN	NaN	NaN	NaN	NaN	NaN	TFCN1702E3373_004509-T1	TFCN1702E3373_000413-T1
TFCN1702E3373_004509-T1__TFCN1702E3373_011152-T1	NaN	NaN	NaN	NaN	NaN	NaN	NaN	NaN	GF00000002	Rhodotorula_mucilaginosa_TFCN_17-0-2E337-3.cds.fa_04452	Rhodotorula_mucilaginosa_TFCN_17-0-2E337-3.cds.fa_11006	NaN	NaN	NaN	NaN	NaN	NaN	NaN	NaN	TFCN1702E3373_004509-T1	TFCN1702E3373_011152-T1
TFCN1702E3373_004509-T1__TFCN1702E3373_009405-T1	NaN	NaN	NaN	NaN	NaN	NaN	NaN	NaN	GF00000002	Rhodotorula_mucilaginosa_TFCN_17-0-2E337-3.cds.fa_04452	Rhodotorula_mucilaginosa_TFCN_17-0-2E337-3.cds.fa_09287	NaN	NaN	NaN	NaN	NaN	NaN	NaN	NaN	TFCN1702E3373_004509-T1	TFCN1702E3373_009405-T1
TFCN1702E3373_004509-T1__TFCN1702E3373_008100-T1	NaN	NaN	NaN	NaN	NaN	NaN	NaN	NaN	GF00000002	Rhodotorula_mucilaginosa_TFCN_17-0-2E337-3.cds.fa_04452	Rhodotorula_mucilaginosa_TFCN_17-0-2E337-3.cds.fa_08004	NaN	NaN	NaN	NaN	NaN	NaN	NaN	NaN	TFCN1702E3373_004509-T1	TFCN1702E3373_008100-T1
TFCN1702E3373_004509-T1__TFCN1702E3373_012136-T1	NaN	NaN	NaN	NaN	NaN	NaN	NaN	NaN	GF00000002	Rhodotorula_mucilaginosa_TFCN_17-0-2E337-3.cds.fa_04452	Rhodotorula_mucilaginosa_TFCN_17-0-2E337-3.cds.fa_11972	NaN	NaN	NaN	NaN	NaN	NaN	NaN	NaN	TFCN1702E3373_004509-T1	TFCN1702E3373_012136-T1
TFCN1702E3373_004509-T1__TFCN1702E3373_012121-T1	NaN	NaN	NaN	NaN	NaN	NaN	NaN	NaN	GF00000002	Rhodotorula_mucilaginosa_TFCN_17-0-2E337-3.cds.fa_04452	Rhodotorula_mucilaginosa_TFCN_17-0-2E337-3.cds.fa_11958	NaN	NaN	NaN	NaN	NaN	NaN	NaN	NaN	TFCN1702E3373_004509-T1	TFCN1702E3373_012121-T1
TFCN1702E3373_004509-T1__TFCN1702E3373_008099-T1	NaN	NaN	NaN	NaN	NaN	NaN	NaN	NaN	GF00000002	Rhodotorula_mucilaginosa_TFCN_17-0-2E337-3.cds.fa_04452	Rhodotorula_mucilaginosa_TFCN_17-0-2E337-3.cds.fa_08003	NaN	NaN	NaN	NaN	NaN	NaN	NaN	NaN	TFCN1702E3373_004509-T1	TFCN1702E3373_008099-T1
TFCN1702E3373_004509-T1__TFCN1702E3373_010879-T1	NaN	NaN	NaN	NaN	NaN	NaN	NaN	NaN	GF00000002	Rhodotorula_mucilaginosa_TFCN_17-0-2E337-3.cds.fa_04452	Rhodotorula_mucilaginosa_TFCN_17-0-2E337-3.cds.fa_10746	NaN	NaN	NaN	NaN	NaN	NaN	NaN	NaN	TFCN1702E3373_004509-T1	TFCN1702E3373_010879-T1
TFCN1702E3373_004509-T1__TFCN1702E3373_008098-T1	NaN	NaN	NaN	NaN	NaN	NaN	NaN	NaN	GF00000002	Rhodotorula_mucilaginosa_TFCN_17-0-2E337-3.cds.fa_04452	Rhodotorula_mucilaginosa_TFCN_17-0-2E337-3.cds.fa_08002	NaN	NaN	NaN	NaN	NaN	NaN	NaN	NaN	TFCN1702E3373_004509-T1	TFCN1702E3373_008098-T1
TFCN1702E3373_007829-T1__TFCN1702E3373_008095-T1	NaN	NaN	NaN	NaN	NaN	NaN	NaN	NaN	GF00000002	Rhodotorula_mucilaginosa_TFCN_17-0-2E337-3.cds.fa_07737	Rhodotorula_mucilaginosa_TFCN_17-0-2E337-3.cds.fa_07999	NaN	NaN	NaN	NaN	NaN	NaN	NaN	NaN	TFCN1702E3373_007829-T1	TFCN1702E3373_008095-T1
TFCN1702E3373_007829-T1__TFCN1702E3373_008049-T1	NaN	NaN	NaN	NaN	NaN	NaN	NaN	NaN	GF00000002	Rhodotorula_mucilaginosa_TFCN_17-0-2E337-3.cds.fa_07737	Rhodotorula_mucilaginosa_TFCN_17-0-2E337-3.cds.fa_07954	NaN	NaN	NaN	NaN	NaN	NaN	NaN	NaN	TFCN1702E3373_007829-T1	TFCN1702E3373_008049-T1
TFCN1702E3373_007829-T1__TFCN1702E3373_008073-T1	NaN	NaN	NaN	NaN	NaN	NaN	NaN	NaN	GF00000002	Rhodotorula_mucilaginosa_TFCN_17-0-2E337-3.cds.fa_07737	Rhodotorula_mucilaginosa_TFCN_17-0-2E337-3.cds.fa_07977	NaN	NaN	NaN	NaN	NaN	NaN	NaN	NaN	TFCN1702E3373_007829-T1	TFCN1702E3373_008073-T1
TFCN1702E3373_007829-T1__TFCN1702E3373_008070-T1	NaN	NaN	NaN	NaN	NaN	NaN	NaN	NaN	GF00000002	Rhodotorula_mucilaginosa_TFCN_17-0-2E337-3.cds.fa_07737	Rhodotorula_mucilaginosa_TFCN_17-0-2E337-3.cds.fa_07974	NaN	NaN	NaN	NaN	NaN	NaN	NaN	NaN	TFCN1702E3373_007829-T1	TFCN1702E3373_008070-T1
TFCN1702E3373_007829-T1__TFCN1702E3373_013036-T1	NaN	NaN	NaN	NaN	NaN	NaN	NaN	NaN	GF00000002	Rhodotorula_mucilaginosa_TFCN_17-0-2E337-3.cds.fa_07737	Rhodotorula_mucilaginosa_TFCN_17-0-2E337-3.cds.fa_12852	NaN	NaN	NaN	NaN	NaN	NaN	NaN	NaN	TFCN1702E3373_007829-T1	TFCN1702E3373_013036-T1
TFCN1702E3373_002365-T1__TFCN1702E3373_007829-T1	NaN	NaN	NaN	NaN	NaN	NaN	NaN	NaN	GF00000002	Rhodotorula_mucilaginosa_TFCN_17-0-2E337-3.cds.fa_07737	Rhodotorula_mucilaginosa_TFCN_17-0-2E337-3.cds.fa_02339	NaN	NaN	NaN	NaN	NaN	NaN	NaN	NaN	TFCN1702E3373_007829-T1	TFCN1702E3373_002365-T1
TFCN1702E3373_007829-T1__TFCN1702E3373_008097-T1	NaN	NaN	NaN	NaN	NaN	NaN	NaN	NaN	GF00000002	Rhodotorula_mucilaginosa_TFCN_17-0-2E337-3.cds.fa_07737	Rhodotorula_mucilaginosa_TFCN_17-0-2E337-3.cds.fa_08001	NaN	NaN	NaN	NaN	NaN	NaN	NaN	NaN	TFCN1702E3373_007829-T1	TFCN1702E3373_008097-T1
TFCN1702E3373_007829-T1__TFCN1702E3373_008047-T1	NaN	NaN	NaN	NaN	NaN	NaN	NaN	NaN	GF00000002	Rhodotorula_mucilaginosa_TFCN_17-0-2E337-3.cds.fa_07737	Rhodotorula_mucilaginosa_TFCN_17-0-2E337-3.cds.fa_07952	NaN	NaN	NaN	NaN	NaN	NaN	NaN	NaN	TFCN1702E3373_007829-T1	TFCN1702E3373_008047-T1
TFCN1702E3373_007829-T1__TFCN1702E3373_011151-T1	NaN	NaN	NaN	NaN	NaN	NaN	NaN	NaN	GF00000002	Rhodotorula_mucilaginosa_TFCN_17-0-2E337-3.cds.fa_07737	Rhodotorula_mucilaginosa_TFCN_17-0-2E337-3.cds.fa_11005	NaN	NaN	NaN	NaN	NaN	NaN	NaN	NaN	TFCN1702E3373_007829-T1	TFCN1702E3373_011151-T1
TFCN1702E3373_007829-T1__TFCN1702E3373_011153-T1	NaN	NaN	NaN	NaN	NaN	NaN	NaN	NaN	GF00000002	Rhodotorula_mucilaginosa_TFCN_17-0-2E337-3.cds.fa_07737	Rhodotorula_mucilaginosa_TFCN_17-0-2E337-3.cds.fa_11007	NaN	NaN	NaN	NaN	NaN	NaN	NaN	NaN	TFCN1702E3373_007829-T1	TFCN1702E3373_011153-T1
TFCN1702E3373_007829-T1__TFCN1702E3373_008048-T1	NaN	NaN	NaN	NaN	NaN	NaN	NaN	NaN	GF00000002	Rhodotorula_mucilaginosa_TFCN_17-0-2E337-3.cds.fa_07737	Rhodotorula_mucilaginosa_TFCN_17-0-2E337-3.cds.fa_07953	NaN	NaN	NaN	NaN	NaN	NaN	NaN	NaN	TFCN1702E3373_007829-T1	TFCN1702E3373_008048-T1
TFCN1702E3373_007829-T1__TFCN1702E3373_008069-T1	NaN	NaN	NaN	NaN	NaN	NaN	NaN	NaN	GF00000002	Rhodotorula_mucilaginosa_TFCN_17-0-2E337-3.cds.fa_07737	Rhodotorula_mucilaginosa_TFCN_17-0-2E337-3.cds.fa_07973	NaN	NaN	NaN	NaN	NaN	NaN	NaN	NaN	TFCN1702E3373_007829-T1	TFCN1702E3373_008069-T1
TFCN1702E3373_000942-T1__TFCN1702E3373_007829-T1	NaN	NaN	NaN	NaN	NaN	NaN	NaN	NaN	GF00000002	Rhodotorula_mucilaginosa_TFCN_17-0-2E337-3.cds.fa_07737	Rhodotorula_mucilaginosa_TFCN_17-0-2E337-3.cds.fa_00936	NaN	NaN	NaN	NaN	NaN	NaN	NaN	NaN	TFCN1702E3373_007829-T1	TFCN1702E3373_000942-T1
TFCN1702E3373_000413-T1__TFCN1702E3373_007829-T1	NaN	NaN	NaN	NaN	NaN	NaN	NaN	NaN	GF00000002	Rhodotorula_mucilaginosa_TFCN_17-0-2E337-3.cds.fa_07737	Rhodotorula_mucilaginosa_TFCN_17-0-2E337-3.cds.fa_00409	NaN	NaN	NaN	NaN	NaN	NaN	NaN	NaN	TFCN1702E3373_007829-T1	TFCN1702E3373_000413-T1
TFCN1702E3373_007829-T1__TFCN1702E3373_011152-T1	NaN	NaN	NaN	NaN	NaN	NaN	NaN	NaN	GF00000002	Rhodotorula_mucilaginosa_TFCN_17-0-2E337-3.cds.fa_07737	Rhodotorula_mucilaginosa_TFCN_17-0-2E337-3.cds.fa_11006	NaN	NaN	NaN	NaN	NaN	NaN	NaN	NaN	TFCN1702E3373_007829-T1	TFCN1702E3373_011152-T1
TFCN1702E3373_007829-T1__TFCN1702E3373_009405-T1	NaN	NaN	NaN	NaN	NaN	NaN	NaN	NaN	GF00000002	Rhodotorula_mucilaginosa_TFCN_17-0-2E337-3.cds.fa_07737	Rhodotorula_mucilaginosa_TFCN_17-0-2E337-3.cds.fa_09287	NaN	NaN	NaN	NaN	NaN	NaN	NaN	NaN	TFCN1702E3373_007829-T1	TFCN1702E3373_009405-T1
TFCN1702E3373_007829-T1__TFCN1702E3373_008100-T1	NaN	NaN	NaN	NaN	NaN	NaN	NaN	NaN	GF00000002	Rhodotorula_mucilaginosa_TFCN_17-0-2E337-3.cds.fa_07737	Rhodotorula_mucilaginosa_TFCN_17-0-2E337-3.cds.fa_08004	NaN	NaN	NaN	NaN	NaN	NaN	NaN	NaN	TFCN1702E3373_007829-T1	TFCN1702E3373_008100-T1
TFCN1702E3373_007829-T1__TFCN1702E3373_012136-T1	NaN	NaN	NaN	NaN	NaN	NaN	NaN	NaN	GF00000002	Rhodotorula_mucilaginosa_TFCN_17-0-2E337-3.cds.fa_07737	Rhodotorula_mucilaginosa_TFCN_17-0-2E337-3.cds.fa_11972	NaN	NaN	NaN	NaN	NaN	NaN	NaN	NaN	TFCN1702E3373_007829-T1	TFCN1702E3373_012136-T1
TFCN1702E3373_007829-T1__TFCN1702E3373_012121-T1	NaN	NaN	NaN	NaN	NaN	NaN	NaN	NaN	GF00000002	Rhodotorula_mucilaginosa_TFCN_17-0-2E337-3.cds.fa_07737	Rhodotorula_mucilaginosa_TFCN_17-0-2E337-3.cds.fa_11958	NaN	NaN	NaN	NaN	NaN	NaN	NaN	NaN	TFCN1702E3373_007829-T1	TFCN1702E3373_012121-T1
TFCN1702E3373_007829-T1__TFCN1702E3373_008099-T1	NaN	NaN	NaN	NaN	NaN	NaN	NaN	NaN	GF00000002	Rhodotorula_mucilaginosa_TFCN_17-0-2E337-3.cds.fa_07737	Rhodotorula_mucilaginosa_TFCN_17-0-2E337-3.cds.fa_08003	NaN	NaN	NaN	NaN	NaN	NaN	NaN	NaN	TFCN1702E3373_007829-T1	TFCN1702E3373_008099-T1
TFCN1702E3373_007829-T1__TFCN1702E3373_010879-T1	NaN	NaN	NaN	NaN	NaN	NaN	NaN	NaN	GF00000002	Rhodotorula_mucilaginosa_TFCN_17-0-2E337-3.cds.fa_07737	Rhodotorula_mucilaginosa_TFCN_17-0-2E337-3.cds.fa_10746	NaN	NaN	NaN	NaN	NaN	NaN	NaN	NaN	TFCN1702E3373_007829-T1	TFCN1702E3373_010879-T1
TFCN1702E3373_007829-T1__TFCN1702E3373_008098-T1	NaN	NaN	NaN	NaN	NaN	NaN	NaN	NaN	GF00000002	Rhodotorula_mucilaginosa_TFCN_17-0-2E337-3.cds.fa_07737	Rhodotorula_mucilaginosa_TFCN_17-0-2E337-3.cds.fa_08002	NaN	NaN	NaN	NaN	NaN	NaN	NaN	NaN	TFCN1702E3373_007829-T1	TFCN1702E3373_008098-T1
TFCN1702E3373_008049-T1__TFCN1702E3373_008095-T1	NaN	NaN	NaN	NaN	NaN	NaN	NaN	NaN	GF00000002	Rhodotorula_mucilaginosa_TFCN_17-0-2E337-3.cds.fa_07999	Rhodotorula_mucilaginosa_TFCN_17-0-2E337-3.cds.fa_07954	NaN	NaN	NaN	NaN	NaN	NaN	NaN	NaN	TFCN1702E3373_008095-T1	TFCN1702E3373_008049-T1
TFCN1702E3373_008073-T1__TFCN1702E3373_008095-T1	NaN	NaN	NaN	NaN	NaN	NaN	NaN	NaN	GF00000002	Rhodotorula_mucilaginosa_TFCN_17-0-2E337-3.cds.fa_07999	Rhodotorula_mucilaginosa_TFCN_17-0-2E337-3.cds.fa_07977	NaN	NaN	NaN	NaN	NaN	NaN	NaN	NaN	TFCN1702E3373_008095-T1	TFCN1702E3373_008073-T1
TFCN1702E3373_008070-T1__TFCN1702E3373_008095-T1	NaN	NaN	NaN	NaN	NaN	NaN	NaN	NaN	GF00000002	Rhodotorula_mucilaginosa_TFCN_17-0-2E337-3.cds.fa_07999	Rhodotorula_mucilaginosa_TFCN_17-0-2E337-3.cds.fa_07974	NaN	NaN	NaN	NaN	NaN	NaN	NaN	NaN	TFCN1702E3373_008095-T1	TFCN1702E3373_008070-T1
TFCN1702E3373_008095-T1__TFCN1702E3373_013036-T1	NaN	NaN	NaN	NaN	NaN	NaN	NaN	NaN	GF00000002	Rhodotorula_mucilaginosa_TFCN_17-0-2E337-3.cds.fa_07999	Rhodotorula_mucilaginosa_TFCN_17-0-2E337-3.cds.fa_12852	NaN	NaN	NaN	NaN	NaN	NaN	NaN	NaN	TFCN1702E3373_008095-T1	TFCN1702E3373_013036-T1
TFCN1702E3373_002365-T1__TFCN1702E3373_008095-T1	NaN	NaN	NaN	NaN	NaN	NaN	NaN	NaN	GF00000002	Rhodotorula_mucilaginosa_TFCN_17-0-2E337-3.cds.fa_07999	Rhodotorula_mucilaginosa_TFCN_17-0-2E337-3.cds.fa_02339	NaN	NaN	NaN	NaN	NaN	NaN	NaN	NaN	TFCN1702E3373_008095-T1	TFCN1702E3373_002365-T1
TFCN1702E3373_008095-T1__TFCN1702E3373_008097-T1	NaN	NaN	NaN	NaN	NaN	NaN	NaN	NaN	GF00000002	Rhodotorula_mucilaginosa_TFCN_17-0-2E337-3.cds.fa_07999	Rhodotorula_mucilaginosa_TFCN_17-0-2E337-3.cds.fa_08001	NaN	NaN	NaN	NaN	NaN	NaN	NaN	NaN	TFCN1702E3373_008095-T1	TFCN1702E3373_008097-T1
TFCN1702E3373_008047-T1__TFCN1702E3373_008095-T1	NaN	NaN	NaN	NaN	NaN	NaN	NaN	NaN	GF00000002	Rhodotorula_mucilaginosa_TFCN_17-0-2E337-3.cds.fa_07999	Rhodotorula_mucilaginosa_TFCN_17-0-2E337-3.cds.fa_07952	NaN	NaN	NaN	NaN	NaN	NaN	NaN	NaN	TFCN1702E3373_008095-T1	TFCN1702E3373_008047-T1
TFCN1702E3373_008095-T1__TFCN1702E3373_011151-T1	NaN	NaN	NaN	NaN	NaN	NaN	NaN	NaN	GF00000002	Rhodotorula_mucilaginosa_TFCN_17-0-2E337-3.cds.fa_07999	Rhodotorula_mucilaginosa_TFCN_17-0-2E337-3.cds.fa_11005	NaN	NaN	NaN	NaN	NaN	NaN	NaN	NaN	TFCN1702E3373_008095-T1	TFCN1702E3373_011151-T1
TFCN1702E3373_008095-T1__TFCN1702E3373_011153-T1	NaN	NaN	NaN	NaN	NaN	NaN	NaN	NaN	GF00000002	Rhodotorula_mucilaginosa_TFCN_17-0-2E337-3.cds.fa_07999	Rhodotorula_mucilaginosa_TFCN_17-0-2E337-3.cds.fa_11007	NaN	NaN	NaN	NaN	NaN	NaN	NaN	NaN	TFCN1702E3373_008095-T1	TFCN1702E3373_011153-T1
TFCN1702E3373_008048-T1__TFCN1702E3373_008095-T1	NaN	NaN	NaN	NaN	NaN	NaN	NaN	NaN	GF00000002	Rhodotorula_mucilaginosa_TFCN_17-0-2E337-3.cds.fa_07999	Rhodotorula_mucilaginosa_TFCN_17-0-2E337-3.cds.fa_07953	NaN	NaN	NaN	NaN	NaN	NaN	NaN	NaN	TFCN1702E3373_008095-T1	TFCN1702E3373_008048-T1
TFCN1702E3373_008069-T1__TFCN1702E3373_008095-T1	NaN	NaN	NaN	NaN	NaN	NaN	NaN	NaN	GF00000002	Rhodotorula_mucilaginosa_TFCN_17-0-2E337-3.cds.fa_07999	Rhodotorula_mucilaginosa_TFCN_17-0-2E337-3.cds.fa_07973	NaN	NaN	NaN	NaN	NaN	NaN	NaN	NaN	TFCN1702E3373_008095-T1	TFCN1702E3373_008069-T1
TFCN1702E3373_000942-T1__TFCN1702E3373_008095-T1	NaN	NaN	NaN	NaN	NaN	NaN	NaN	NaN	GF00000002	Rhodotorula_mucilaginosa_TFCN_17-0-2E337-3.cds.fa_07999	Rhodotorula_mucilaginosa_TFCN_17-0-2E337-3.cds.fa_00936	NaN	NaN	NaN	NaN	NaN	NaN	NaN	NaN	TFCN1702E3373_008095-T1	TFCN1702E3373_000942-T1
TFCN1702E3373_000413-T1__TFCN1702E3373_008095-T1	NaN	NaN	NaN	NaN	NaN	NaN	NaN	NaN	GF00000002	Rhodotorula_mucilaginosa_TFCN_17-0-2E337-3.cds.fa_07999	Rhodotorula_mucilaginosa_TFCN_17-0-2E337-3.cds.fa_00409	NaN	NaN	NaN	NaN	NaN	NaN	NaN	NaN	TFCN1702E3373_008095-T1	TFCN1702E3373_000413-T1
TFCN1702E3373_008095-T1__TFCN1702E3373_011152-T1	NaN	NaN	NaN	NaN	NaN	NaN	NaN	NaN	GF00000002	Rhodotorula_mucilaginosa_TFCN_17-0-2E337-3.cds.fa_07999	Rhodotorula_mucilaginosa_TFCN_17-0-2E337-3.cds.fa_11006	NaN	NaN	NaN	NaN	NaN	NaN	NaN	NaN	TFCN1702E3373_008095-T1	TFCN1702E3373_011152-T1
TFCN1702E3373_008095-T1__TFCN1702E3373_009405-T1	NaN	NaN	NaN	NaN	NaN	NaN	NaN	NaN	GF00000002	Rhodotorula_mucilaginosa_TFCN_17-0-2E337-3.cds.fa_07999	Rhodotorula_mucilaginosa_TFCN_17-0-2E337-3.cds.fa_09287	NaN	NaN	NaN	NaN	NaN	NaN	NaN	NaN	TFCN1702E3373_008095-T1	TFCN1702E3373_009405-T1
TFCN1702E3373_008095-T1__TFCN1702E3373_008100-T1	NaN	NaN	NaN	NaN	NaN	NaN	NaN	NaN	GF00000002	Rhodotorula_mucilaginosa_TFCN_17-0-2E337-3.cds.fa_07999	Rhodotorula_mucilaginosa_TFCN_17-0-2E337-3.cds.fa_08004	NaN	NaN	NaN	NaN	NaN	NaN	NaN	NaN	TFCN1702E3373_008095-T1	TFCN1702E3373_008100-T1
TFCN1702E3373_008095-T1__TFCN1702E3373_012136-T1	NaN	NaN	NaN	NaN	NaN	NaN	NaN	NaN	GF00000002	Rhodotorula_mucilaginosa_TFCN_17-0-2E337-3.cds.fa_07999	Rhodotorula_mucilaginosa_TFCN_17-0-2E337-3.cds.fa_11972	NaN	NaN	NaN	NaN	NaN	NaN	NaN	NaN	TFCN1702E3373_008095-T1	TFCN1702E3373_012136-T1
TFCN1702E3373_008095-T1__TFCN1702E3373_012121-T1	NaN	NaN	NaN	NaN	NaN	NaN	NaN	NaN	GF00000002	Rhodotorula_mucilaginosa_TFCN_17-0-2E337-3.cds.fa_07999	Rhodotorula_mucilaginosa_TFCN_17-0-2E337-3.cds.fa_11958	NaN	NaN	NaN	NaN	NaN	NaN	NaN	NaN	TFCN1702E3373_008095-T1	TFCN1702E3373_012121-T1
TFCN1702E3373_008095-T1__TFCN1702E3373_008099-T1	NaN	NaN	NaN	NaN	NaN	NaN	NaN	NaN	GF00000002	Rhodotorula_mucilaginosa_TFCN_17-0-2E337-3.cds.fa_07999	Rhodotorula_mucilaginosa_TFCN_17-0-2E337-3.cds.fa_08003	NaN	NaN	NaN	NaN	NaN	NaN	NaN	NaN	TFCN1702E3373_008095-T1	TFCN1702E3373_008099-T1
TFCN1702E3373_008095-T1__TFCN1702E3373_010879-T1	NaN	NaN	NaN	NaN	NaN	NaN	NaN	NaN	GF00000002	Rhodotorula_mucilaginosa_TFCN_17-0-2E337-3.cds.fa_07999	Rhodotorula_mucilaginosa_TFCN_17-0-2E337-3.cds.fa_10746	NaN	NaN	NaN	NaN	NaN	NaN	NaN	NaN	TFCN1702E3373_008095-T1	TFCN1702E3373_010879-T1
TFCN1702E3373_008095-T1__TFCN1702E3373_008098-T1	NaN	NaN	NaN	NaN	NaN	NaN	NaN	NaN	GF00000002	Rhodotorula_mucilaginosa_TFCN_17-0-2E337-3.cds.fa_07999	Rhodotorula_mucilaginosa_TFCN_17-0-2E337-3.cds.fa_08002	NaN	NaN	NaN	NaN	NaN	NaN	NaN	NaN	TFCN1702E3373_008095-T1	TFCN1702E3373_008098-T1
TFCN1702E3373_008049-T1__TFCN1702E3373_008073-T1	NaN	NaN	NaN	NaN	NaN	NaN	NaN	NaN	GF00000002	Rhodotorula_mucilaginosa_TFCN_17-0-2E337-3.cds.fa_07954	Rhodotorula_mucilaginosa_TFCN_17-0-2E337-3.cds.fa_07977	NaN	NaN	NaN	NaN	NaN	NaN	NaN	NaN	TFCN1702E3373_008049-T1	TFCN1702E3373_008073-T1
TFCN1702E3373_008049-T1__TFCN1702E3373_008070-T1	NaN	NaN	NaN	NaN	NaN	NaN	NaN	NaN	GF00000002	Rhodotorula_mucilaginosa_TFCN_17-0-2E337-3.cds.fa_07954	Rhodotorula_mucilaginosa_TFCN_17-0-2E337-3.cds.fa_07974	NaN	NaN	NaN	NaN	NaN	NaN	NaN	NaN	TFCN1702E3373_008049-T1	TFCN1702E3373_008070-T1
TFCN1702E3373_008049-T1__TFCN1702E3373_013036-T1	NaN	NaN	NaN	NaN	NaN	NaN	NaN	NaN	GF00000002	Rhodotorula_mucilaginosa_TFCN_17-0-2E337-3.cds.fa_07954	Rhodotorula_mucilaginosa_TFCN_17-0-2E337-3.cds.fa_12852	NaN	NaN	NaN	NaN	NaN	NaN	NaN	NaN	TFCN1702E3373_008049-T1	TFCN1702E3373_013036-T1
TFCN1702E3373_002365-T1__TFCN1702E3373_008049-T1	NaN	NaN	NaN	NaN	NaN	NaN	NaN	NaN	GF00000002	Rhodotorula_mucilaginosa_TFCN_17-0-2E337-3.cds.fa_07954	Rhodotorula_mucilaginosa_TFCN_17-0-2E337-3.cds.fa_02339	NaN	NaN	NaN	NaN	NaN	NaN	NaN	NaN	TFCN1702E3373_008049-T1	TFCN1702E3373_002365-T1
TFCN1702E3373_008049-T1__TFCN1702E3373_008097-T1	NaN	NaN	NaN	NaN	NaN	NaN	NaN	NaN	GF00000002	Rhodotorula_mucilaginosa_TFCN_17-0-2E337-3.cds.fa_07954	Rhodotorula_mucilaginosa_TFCN_17-0-2E337-3.cds.fa_08001	NaN	NaN	NaN	NaN	NaN	NaN	NaN	NaN	TFCN1702E3373_008049-T1	TFCN1702E3373_008097-T1
TFCN1702E3373_008047-T1__TFCN1702E3373_008049-T1	NaN	NaN	NaN	NaN	NaN	NaN	NaN	NaN	GF00000002	Rhodotorula_mucilaginosa_TFCN_17-0-2E337-3.cds.fa_07954	Rhodotorula_mucilaginosa_TFCN_17-0-2E337-3.cds.fa_07952	NaN	NaN	NaN	NaN	NaN	NaN	NaN	NaN	TFCN1702E3373_008049-T1	TFCN1702E3373_008047-T1
TFCN1702E3373_008049-T1__TFCN1702E3373_011151-T1	NaN	NaN	NaN	NaN	NaN	NaN	NaN	NaN	GF00000002	Rhodotorula_mucilaginosa_TFCN_17-0-2E337-3.cds.fa_07954	Rhodotorula_mucilaginosa_TFCN_17-0-2E337-3.cds.fa_11005	NaN	NaN	NaN	NaN	NaN	NaN	NaN	NaN	TFCN1702E3373_008049-T1	TFCN1702E3373_011151-T1
TFCN1702E3373_008049-T1__TFCN1702E3373_011153-T1	NaN	NaN	NaN	NaN	NaN	NaN	NaN	NaN	GF00000002	Rhodotorula_mucilaginosa_TFCN_17-0-2E337-3.cds.fa_07954	Rhodotorula_mucilaginosa_TFCN_17-0-2E337-3.cds.fa_11007	NaN	NaN	NaN	NaN	NaN	NaN	NaN	NaN	TFCN1702E3373_008049-T1	TFCN1702E3373_011153-T1
TFCN1702E3373_008048-T1__TFCN1702E3373_008049-T1	NaN	NaN	NaN	NaN	NaN	NaN	NaN	NaN	GF00000002	Rhodotorula_mucilaginosa_TFCN_17-0-2E337-3.cds.fa_07954	Rhodotorula_mucilaginosa_TFCN_17-0-2E337-3.cds.fa_07953	NaN	NaN	NaN	NaN	NaN	NaN	NaN	NaN	TFCN1702E3373_008049-T1	TFCN1702E3373_008048-T1
TFCN1702E3373_008049-T1__TFCN1702E3373_008069-T1	NaN	NaN	NaN	NaN	NaN	NaN	NaN	NaN	GF00000002	Rhodotorula_mucilaginosa_TFCN_17-0-2E337-3.cds.fa_07954	Rhodotorula_mucilaginosa_TFCN_17-0-2E337-3.cds.fa_07973	NaN	NaN	NaN	NaN	NaN	NaN	NaN	NaN	TFCN1702E3373_008049-T1	TFCN1702E3373_008069-T1
TFCN1702E3373_000942-T1__TFCN1702E3373_008049-T1	NaN	NaN	NaN	NaN	NaN	NaN	NaN	NaN	GF00000002	Rhodotorula_mucilaginosa_TFCN_17-0-2E337-3.cds.fa_07954	Rhodotorula_mucilaginosa_TFCN_17-0-2E337-3.cds.fa_00936	NaN	NaN	NaN	NaN	NaN	NaN	NaN	NaN	TFCN1702E3373_008049-T1	TFCN1702E3373_000942-T1
TFCN1702E3373_000413-T1__TFCN1702E3373_008049-T1	NaN	NaN	NaN	NaN	NaN	NaN	NaN	NaN	GF00000002	Rhodotorula_mucilaginosa_TFCN_17-0-2E337-3.cds.fa_07954	Rhodotorula_mucilaginosa_TFCN_17-0-2E337-3.cds.fa_00409	NaN	NaN	NaN	NaN	NaN	NaN	NaN	NaN	TFCN1702E3373_008049-T1	TFCN1702E3373_000413-T1
TFCN1702E3373_008049-T1__TFCN1702E3373_011152-T1	NaN	NaN	NaN	NaN	NaN	NaN	NaN	NaN	GF00000002	Rhodotorula_mucilaginosa_TFCN_17-0-2E337-3.cds.fa_07954	Rhodotorula_mucilaginosa_TFCN_17-0-2E337-3.cds.fa_11006	NaN	NaN	NaN	NaN	NaN	NaN	NaN	NaN	TFCN1702E3373_008049-T1	TFCN1702E3373_011152-T1
TFCN1702E3373_008049-T1__TFCN1702E3373_009405-T1	NaN	NaN	NaN	NaN	NaN	NaN	NaN	NaN	GF00000002	Rhodotorula_mucilaginosa_TFCN_17-0-2E337-3.cds.fa_07954	Rhodotorula_mucilaginosa_TFCN_17-0-2E337-3.cds.fa_09287	NaN	NaN	NaN	NaN	NaN	NaN	NaN	NaN	TFCN1702E3373_008049-T1	TFCN1702E3373_009405-T1
TFCN1702E3373_008049-T1__TFCN1702E3373_008100-T1	NaN	NaN	NaN	NaN	NaN	NaN	NaN	NaN	GF00000002	Rhodotorula_mucilaginosa_TFCN_17-0-2E337-3.cds.fa_07954	Rhodotorula_mucilaginosa_TFCN_17-0-2E337-3.cds.fa_08004	NaN	NaN	NaN	NaN	NaN	NaN	NaN	NaN	TFCN1702E3373_008049-T1	TFCN1702E3373_008100-T1
TFCN1702E3373_008049-T1__TFCN1702E3373_012136-T1	NaN	NaN	NaN	NaN	NaN	NaN	NaN	NaN	GF00000002	Rhodotorula_mucilaginosa_TFCN_17-0-2E337-3.cds.fa_07954	Rhodotorula_mucilaginosa_TFCN_17-0-2E337-3.cds.fa_11972	NaN	NaN	NaN	NaN	NaN	NaN	NaN	NaN	TFCN1702E3373_008049-T1	TFCN1702E3373_012136-T1
TFCN1702E3373_008049-T1__TFCN1702E3373_012121-T1	NaN	NaN	NaN	NaN	NaN	NaN	NaN	NaN	GF00000002	Rhodotorula_mucilaginosa_TFCN_17-0-2E337-3.cds.fa_07954	Rhodotorula_mucilaginosa_TFCN_17-0-2E337-3.cds.fa_11958	NaN	NaN	NaN	NaN	NaN	NaN	NaN	NaN	TFCN1702E3373_008049-T1	TFCN1702E3373_012121-T1
TFCN1702E3373_008049-T1__TFCN1702E3373_008099-T1	NaN	NaN	NaN	NaN	NaN	NaN	NaN	NaN	GF00000002	Rhodotorula_mucilaginosa_TFCN_17-0-2E337-3.cds.fa_07954	Rhodotorula_mucilaginosa_TFCN_17-0-2E337-3.cds.fa_08003	NaN	NaN	NaN	NaN	NaN	NaN	NaN	NaN	TFCN1702E3373_008049-T1	TFCN1702E3373_008099-T1
TFCN1702E3373_008049-T1__TFCN1702E3373_010879-T1	NaN	NaN	NaN	NaN	NaN	NaN	NaN	NaN	GF00000002	Rhodotorula_mucilaginosa_TFCN_17-0-2E337-3.cds.fa_07954	Rhodotorula_mucilaginosa_TFCN_17-0-2E337-3.cds.fa_10746	NaN	NaN	NaN	NaN	NaN	NaN	NaN	NaN	TFCN1702E3373_008049-T1	TFCN1702E3373_010879-T1
TFCN1702E3373_008049-T1__TFCN1702E3373_008098-T1	NaN	NaN	NaN	NaN	NaN	NaN	NaN	NaN	GF00000002	Rhodotorula_mucilaginosa_TFCN_17-0-2E337-3.cds.fa_07954	Rhodotorula_mucilaginosa_TFCN_17-0-2E337-3.cds.fa_08002	NaN	NaN	NaN	NaN	NaN	NaN	NaN	NaN	TFCN1702E3373_008049-T1	TFCN1702E3373_008098-T1
TFCN1702E3373_008070-T1__TFCN1702E3373_008073-T1	NaN	NaN	NaN	NaN	NaN	NaN	NaN	NaN	GF00000002	Rhodotorula_mucilaginosa_TFCN_17-0-2E337-3.cds.fa_07977	Rhodotorula_mucilaginosa_TFCN_17-0-2E337-3.cds.fa_07974	NaN	NaN	NaN	NaN	NaN	NaN	NaN	NaN	TFCN1702E3373_008073-T1	TFCN1702E3373_008070-T1
TFCN1702E3373_008073-T1__TFCN1702E3373_013036-T1	NaN	NaN	NaN	NaN	NaN	NaN	NaN	NaN	GF00000002	Rhodotorula_mucilaginosa_TFCN_17-0-2E337-3.cds.fa_07977	Rhodotorula_mucilaginosa_TFCN_17-0-2E337-3.cds.fa_12852	NaN	NaN	NaN	NaN	NaN	NaN	NaN	NaN	TFCN1702E3373_008073-T1	TFCN1702E3373_013036-T1
TFCN1702E3373_002365-T1__TFCN1702E3373_008073-T1	NaN	NaN	NaN	NaN	NaN	NaN	NaN	NaN	GF00000002	Rhodotorula_mucilaginosa_TFCN_17-0-2E337-3.cds.fa_07977	Rhodotorula_mucilaginosa_TFCN_17-0-2E337-3.cds.fa_02339	NaN	NaN	NaN	NaN	NaN	NaN	NaN	NaN	TFCN1702E3373_008073-T1	TFCN1702E3373_002365-T1
TFCN1702E3373_008073-T1__TFCN1702E3373_008097-T1	NaN	NaN	NaN	NaN	NaN	NaN	NaN	NaN	GF00000002	Rhodotorula_mucilaginosa_TFCN_17-0-2E337-3.cds.fa_07977	Rhodotorula_mucilaginosa_TFCN_17-0-2E337-3.cds.fa_08001	NaN	NaN	NaN	NaN	NaN	NaN	NaN	NaN	TFCN1702E3373_008073-T1	TFCN1702E3373_008097-T1
TFCN1702E3373_008047-T1__TFCN1702E3373_008073-T1	NaN	NaN	NaN	NaN	NaN	NaN	NaN	NaN	GF00000002	Rhodotorula_mucilaginosa_TFCN_17-0-2E337-3.cds.fa_07977	Rhodotorula_mucilaginosa_TFCN_17-0-2E337-3.cds.fa_07952	NaN	NaN	NaN	NaN	NaN	NaN	NaN	NaN	TFCN1702E3373_008073-T1	TFCN1702E3373_008047-T1
TFCN1702E3373_008073-T1__TFCN1702E3373_011151-T1	NaN	NaN	NaN	NaN	NaN	NaN	NaN	NaN	GF00000002	Rhodotorula_mucilaginosa_TFCN_17-0-2E337-3.cds.fa_07977	Rhodotorula_mucilaginosa_TFCN_17-0-2E337-3.cds.fa_11005	NaN	NaN	NaN	NaN	NaN	NaN	NaN	NaN	TFCN1702E3373_008073-T1	TFCN1702E3373_011151-T1
TFCN1702E3373_008073-T1__TFCN1702E3373_011153-T1	NaN	NaN	NaN	NaN	NaN	NaN	NaN	NaN	GF00000002	Rhodotorula_mucilaginosa_TFCN_17-0-2E337-3.cds.fa_07977	Rhodotorula_mucilaginosa_TFCN_17-0-2E337-3.cds.fa_11007	NaN	NaN	NaN	NaN	NaN	NaN	NaN	NaN	TFCN1702E3373_008073-T1	TFCN1702E3373_011153-T1
TFCN1702E3373_008048-T1__TFCN1702E3373_008073-T1	NaN	NaN	NaN	NaN	NaN	NaN	NaN	NaN	GF00000002	Rhodotorula_mucilaginosa_TFCN_17-0-2E337-3.cds.fa_07977	Rhodotorula_mucilaginosa_TFCN_17-0-2E337-3.cds.fa_07953	NaN	NaN	NaN	NaN	NaN	NaN	NaN	NaN	TFCN1702E3373_008073-T1	TFCN1702E3373_008048-T1
TFCN1702E3373_008069-T1__TFCN1702E3373_008073-T1	NaN	NaN	NaN	NaN	NaN	NaN	NaN	NaN	GF00000002	Rhodotorula_mucilaginosa_TFCN_17-0-2E337-3.cds.fa_07977	Rhodotorula_mucilaginosa_TFCN_17-0-2E337-3.cds.fa_07973	NaN	NaN	NaN	NaN	NaN	NaN	NaN	NaN	TFCN1702E3373_008073-T1	TFCN1702E3373_008069-T1
TFCN1702E3373_000942-T1__TFCN1702E3373_008073-T1	NaN	NaN	NaN	NaN	NaN	NaN	NaN	NaN	GF00000002	Rhodotorula_mucilaginosa_TFCN_17-0-2E337-3.cds.fa_07977	Rhodotorula_mucilaginosa_TFCN_17-0-2E337-3.cds.fa_00936	NaN	NaN	NaN	NaN	NaN	NaN	NaN	NaN	TFCN1702E3373_008073-T1	TFCN1702E3373_000942-T1
TFCN1702E3373_000413-T1__TFCN1702E3373_008073-T1	NaN	NaN	NaN	NaN	NaN	NaN	NaN	NaN	GF00000002	Rhodotorula_mucilaginosa_TFCN_17-0-2E337-3.cds.fa_07977	Rhodotorula_mucilaginosa_TFCN_17-0-2E337-3.cds.fa_00409	NaN	NaN	NaN	NaN	NaN	NaN	NaN	NaN	TFCN1702E3373_008073-T1	TFCN1702E3373_000413-T1
TFCN1702E3373_008073-T1__TFCN1702E3373_011152-T1	NaN	NaN	NaN	NaN	NaN	NaN	NaN	NaN	GF00000002	Rhodotorula_mucilaginosa_TFCN_17-0-2E337-3.cds.fa_07977	Rhodotorula_mucilaginosa_TFCN_17-0-2E337-3.cds.fa_11006	NaN	NaN	NaN	NaN	NaN	NaN	NaN	NaN	TFCN1702E3373_008073-T1	TFCN1702E3373_011152-T1
TFCN1702E3373_008073-T1__TFCN1702E3373_009405-T1	NaN	NaN	NaN	NaN	NaN	NaN	NaN	NaN	GF00000002	Rhodotorula_mucilaginosa_TFCN_17-0-2E337-3.cds.fa_07977	Rhodotorula_mucilaginosa_TFCN_17-0-2E337-3.cds.fa_09287	NaN	NaN	NaN	NaN	NaN	NaN	NaN	NaN	TFCN1702E3373_008073-T1	TFCN1702E3373_009405-T1
TFCN1702E3373_008073-T1__TFCN1702E3373_008100-T1	NaN	NaN	NaN	NaN	NaN	NaN	NaN	NaN	GF00000002	Rhodotorula_mucilaginosa_TFCN_17-0-2E337-3.cds.fa_07977	Rhodotorula_mucilaginosa_TFCN_17-0-2E337-3.cds.fa_08004	NaN	NaN	NaN	NaN	NaN	NaN	NaN	NaN	TFCN1702E3373_008073-T1	TFCN1702E3373_008100-T1
TFCN1702E3373_008073-T1__TFCN1702E3373_012136-T1	NaN	NaN	NaN	NaN	NaN	NaN	NaN	NaN	GF00000002	Rhodotorula_mucilaginosa_TFCN_17-0-2E337-3.cds.fa_07977	Rhodotorula_mucilaginosa_TFCN_17-0-2E337-3.cds.fa_11972	NaN	NaN	NaN	NaN	NaN	NaN	NaN	NaN	TFCN1702E3373_008073-T1	TFCN1702E3373_012136-T1
TFCN1702E3373_008073-T1__TFCN1702E3373_012121-T1	NaN	NaN	NaN	NaN	NaN	NaN	NaN	NaN	GF00000002	Rhodotorula_mucilaginosa_TFCN_17-0-2E337-3.cds.fa_07977	Rhodotorula_mucilaginosa_TFCN_17-0-2E337-3.cds.fa_11958	NaN	NaN	NaN	NaN	NaN	NaN	NaN	NaN	TFCN1702E3373_008073-T1	TFCN1702E3373_012121-T1
TFCN1702E3373_008073-T1__TFCN1702E3373_008099-T1	NaN	NaN	NaN	NaN	NaN	NaN	NaN	NaN	GF00000002	Rhodotorula_mucilaginosa_TFCN_17-0-2E337-3.cds.fa_07977	Rhodotorula_mucilaginosa_TFCN_17-0-2E337-3.cds.fa_08003	NaN	NaN	NaN	NaN	NaN	NaN	NaN	NaN	TFCN1702E3373_008073-T1	TFCN1702E3373_008099-T1
TFCN1702E3373_008073-T1__TFCN1702E3373_010879-T1	NaN	NaN	NaN	NaN	NaN	NaN	NaN	NaN	GF00000002	Rhodotorula_mucilaginosa_TFCN_17-0-2E337-3.cds.fa_07977	Rhodotorula_mucilaginosa_TFCN_17-0-2E337-3.cds.fa_10746	NaN	NaN	NaN	NaN	NaN	NaN	NaN	NaN	TFCN1702E3373_008073-T1	TFCN1702E3373_010879-T1
TFCN1702E3373_008073-T1__TFCN1702E3373_008098-T1	NaN	NaN	NaN	NaN	NaN	NaN	NaN	NaN	GF00000002	Rhodotorula_mucilaginosa_TFCN_17-0-2E337-3.cds.fa_07977	Rhodotorula_mucilaginosa_TFCN_17-0-2E337-3.cds.fa_08002	NaN	NaN	NaN	NaN	NaN	NaN	NaN	NaN	TFCN1702E3373_008073-T1	TFCN1702E3373_008098-T1
TFCN1702E3373_008070-T1__TFCN1702E3373_013036-T1	NaN	NaN	NaN	NaN	NaN	NaN	NaN	NaN	GF00000002	Rhodotorula_mucilaginosa_TFCN_17-0-2E337-3.cds.fa_07974	Rhodotorula_mucilaginosa_TFCN_17-0-2E337-3.cds.fa_12852	NaN	NaN	NaN	NaN	NaN	NaN	NaN	NaN	TFCN1702E3373_008070-T1	TFCN1702E3373_013036-T1
TFCN1702E3373_002365-T1__TFCN1702E3373_008070-T1	NaN	NaN	NaN	NaN	NaN	NaN	NaN	NaN	GF00000002	Rhodotorula_mucilaginosa_TFCN_17-0-2E337-3.cds.fa_07974	Rhodotorula_mucilaginosa_TFCN_17-0-2E337-3.cds.fa_02339	NaN	NaN	NaN	NaN	NaN	NaN	NaN	NaN	TFCN1702E3373_008070-T1	TFCN1702E3373_002365-T1
TFCN1702E3373_008070-T1__TFCN1702E3373_008097-T1	NaN	NaN	NaN	NaN	NaN	NaN	NaN	NaN	GF00000002	Rhodotorula_mucilaginosa_TFCN_17-0-2E337-3.cds.fa_07974	Rhodotorula_mucilaginosa_TFCN_17-0-2E337-3.cds.fa_08001	NaN	NaN	NaN	NaN	NaN	NaN	NaN	NaN	TFCN1702E3373_008070-T1	TFCN1702E3373_008097-T1
TFCN1702E3373_008047-T1__TFCN1702E3373_008070-T1	NaN	NaN	NaN	NaN	NaN	NaN	NaN	NaN	GF00000002	Rhodotorula_mucilaginosa_TFCN_17-0-2E337-3.cds.fa_07974	Rhodotorula_mucilaginosa_TFCN_17-0-2E337-3.cds.fa_07952	NaN	NaN	NaN	NaN	NaN	NaN	NaN	NaN	TFCN1702E3373_008070-T1	TFCN1702E3373_008047-T1
TFCN1702E3373_008070-T1__TFCN1702E3373_011151-T1	NaN	NaN	NaN	NaN	NaN	NaN	NaN	NaN	GF00000002	Rhodotorula_mucilaginosa_TFCN_17-0-2E337-3.cds.fa_07974	Rhodotorula_mucilaginosa_TFCN_17-0-2E337-3.cds.fa_11005	NaN	NaN	NaN	NaN	NaN	NaN	NaN	NaN	TFCN1702E3373_008070-T1	TFCN1702E3373_011151-T1
TFCN1702E3373_008070-T1__TFCN1702E3373_011153-T1	NaN	NaN	NaN	NaN	NaN	NaN	NaN	NaN	GF00000002	Rhodotorula_mucilaginosa_TFCN_17-0-2E337-3.cds.fa_07974	Rhodotorula_mucilaginosa_TFCN_17-0-2E337-3.cds.fa_11007	NaN	NaN	NaN	NaN	NaN	NaN	NaN	NaN	TFCN1702E3373_008070-T1	TFCN1702E3373_011153-T1
TFCN1702E3373_008048-T1__TFCN1702E3373_008070-T1	NaN	NaN	NaN	NaN	NaN	NaN	NaN	NaN	GF00000002	Rhodotorula_mucilaginosa_TFCN_17-0-2E337-3.cds.fa_07974	Rhodotorula_mucilaginosa_TFCN_17-0-2E337-3.cds.fa_07953	NaN	NaN	NaN	NaN	NaN	NaN	NaN	NaN	TFCN1702E3373_008070-T1	TFCN1702E3373_008048-T1
TFCN1702E3373_008069-T1__TFCN1702E3373_008070-T1	NaN	NaN	NaN	NaN	NaN	NaN	NaN	NaN	GF00000002	Rhodotorula_mucilaginosa_TFCN_17-0-2E337-3.cds.fa_07974	Rhodotorula_mucilaginosa_TFCN_17-0-2E337-3.cds.fa_07973	NaN	NaN	NaN	NaN	NaN	NaN	NaN	NaN	TFCN1702E3373_008070-T1	TFCN1702E3373_008069-T1
TFCN1702E3373_000942-T1__TFCN1702E3373_008070-T1	NaN	NaN	NaN	NaN	NaN	NaN	NaN	NaN	GF00000002	Rhodotorula_mucilaginosa_TFCN_17-0-2E337-3.cds.fa_07974	Rhodotorula_mucilaginosa_TFCN_17-0-2E337-3.cds.fa_00936	NaN	NaN	NaN	NaN	NaN	NaN	NaN	NaN	TFCN1702E3373_008070-T1	TFCN1702E3373_000942-T1
TFCN1702E3373_000413-T1__TFCN1702E3373_008070-T1	NaN	NaN	NaN	NaN	NaN	NaN	NaN	NaN	GF00000002	Rhodotorula_mucilaginosa_TFCN_17-0-2E337-3.cds.fa_07974	Rhodotorula_mucilaginosa_TFCN_17-0-2E337-3.cds.fa_00409	NaN	NaN	NaN	NaN	NaN	NaN	NaN	NaN	TFCN1702E3373_008070-T1	TFCN1702E3373_000413-T1
TFCN1702E3373_008070-T1__TFCN1702E3373_011152-T1	NaN	NaN	NaN	NaN	NaN	NaN	NaN	NaN	GF00000002	Rhodotorula_mucilaginosa_TFCN_17-0-2E337-3.cds.fa_07974	Rhodotorula_mucilaginosa_TFCN_17-0-2E337-3.cds.fa_11006	NaN	NaN	NaN	NaN	NaN	NaN	NaN	NaN	TFCN1702E3373_008070-T1	TFCN1702E3373_011152-T1
TFCN1702E3373_008070-T1__TFCN1702E3373_009405-T1	NaN	NaN	NaN	NaN	NaN	NaN	NaN	NaN	GF00000002	Rhodotorula_mucilaginosa_TFCN_17-0-2E337-3.cds.fa_07974	Rhodotorula_mucilaginosa_TFCN_17-0-2E337-3.cds.fa_09287	NaN	NaN	NaN	NaN	NaN	NaN	NaN	NaN	TFCN1702E3373_008070-T1	TFCN1702E3373_009405-T1
TFCN1702E3373_008070-T1__TFCN1702E3373_008100-T1	NaN	NaN	NaN	NaN	NaN	NaN	NaN	NaN	GF00000002	Rhodotorula_mucilaginosa_TFCN_17-0-2E337-3.cds.fa_07974	Rhodotorula_mucilaginosa_TFCN_17-0-2E337-3.cds.fa_08004	NaN	NaN	NaN	NaN	NaN	NaN	NaN	NaN	TFCN1702E3373_008070-T1	TFCN1702E3373_008100-T1
TFCN1702E3373_008070-T1__TFCN1702E3373_012136-T1	NaN	NaN	NaN	NaN	NaN	NaN	NaN	NaN	GF00000002	Rhodotorula_mucilaginosa_TFCN_17-0-2E337-3.cds.fa_07974	Rhodotorula_mucilaginosa_TFCN_17-0-2E337-3.cds.fa_11972	NaN	NaN	NaN	NaN	NaN	NaN	NaN	NaN	TFCN1702E3373_008070-T1	TFCN1702E3373_012136-T1
TFCN1702E3373_008070-T1__TFCN1702E3373_012121-T1	NaN	NaN	NaN	NaN	NaN	NaN	NaN	NaN	GF00000002	Rhodotorula_mucilaginosa_TFCN_17-0-2E337-3.cds.fa_07974	Rhodotorula_mucilaginosa_TFCN_17-0-2E337-3.cds.fa_11958	NaN	NaN	NaN	NaN	NaN	NaN	NaN	NaN	TFCN1702E3373_008070-T1	TFCN1702E3373_012121-T1
TFCN1702E3373_008070-T1__TFCN1702E3373_008099-T1	NaN	NaN	NaN	NaN	NaN	NaN	NaN	NaN	GF00000002	Rhodotorula_mucilaginosa_TFCN_17-0-2E337-3.cds.fa_07974	Rhodotorula_mucilaginosa_TFCN_17-0-2E337-3.cds.fa_08003	NaN	NaN	NaN	NaN	NaN	NaN	NaN	NaN	TFCN1702E3373_008070-T1	TFCN1702E3373_008099-T1
TFCN1702E3373_008070-T1__TFCN1702E3373_010879-T1	NaN	NaN	NaN	NaN	NaN	NaN	NaN	NaN	GF00000002	Rhodotorula_mucilaginosa_TFCN_17-0-2E337-3.cds.fa_07974	Rhodotorula_mucilaginosa_TFCN_17-0-2E337-3.cds.fa_10746	NaN	NaN	NaN	NaN	NaN	NaN	NaN	NaN	TFCN1702E3373_008070-T1	TFCN1702E3373_010879-T1
TFCN1702E3373_008070-T1__TFCN1702E3373_008098-T1	NaN	NaN	NaN	NaN	NaN	NaN	NaN	NaN	GF00000002	Rhodotorula_mucilaginosa_TFCN_17-0-2E337-3.cds.fa_07974	Rhodotorula_mucilaginosa_TFCN_17-0-2E337-3.cds.fa_08002	NaN	NaN	NaN	NaN	NaN	NaN	NaN	NaN	TFCN1702E3373_008070-T1	TFCN1702E3373_008098-T1
TFCN1702E3373_002365-T1__TFCN1702E3373_013036-T1	NaN	NaN	NaN	NaN	NaN	NaN	NaN	NaN	GF00000002	Rhodotorula_mucilaginosa_TFCN_17-0-2E337-3.cds.fa_12852	Rhodotorula_mucilaginosa_TFCN_17-0-2E337-3.cds.fa_02339	NaN	NaN	NaN	NaN	NaN	NaN	NaN	NaN	TFCN1702E3373_013036-T1	TFCN1702E3373_002365-T1
TFCN1702E3373_008097-T1__TFCN1702E3373_013036-T1	NaN	NaN	NaN	NaN	NaN	NaN	NaN	NaN	GF00000002	Rhodotorula_mucilaginosa_TFCN_17-0-2E337-3.cds.fa_12852	Rhodotorula_mucilaginosa_TFCN_17-0-2E337-3.cds.fa_08001	NaN	NaN	NaN	NaN	NaN	NaN	NaN	NaN	TFCN1702E3373_013036-T1	TFCN1702E3373_008097-T1
TFCN1702E3373_008047-T1__TFCN1702E3373_013036-T1	NaN	NaN	NaN	NaN	NaN	NaN	NaN	NaN	GF00000002	Rhodotorula_mucilaginosa_TFCN_17-0-2E337-3.cds.fa_12852	Rhodotorula_mucilaginosa_TFCN_17-0-2E337-3.cds.fa_07952	NaN	NaN	NaN	NaN	NaN	NaN	NaN	NaN	TFCN1702E3373_013036-T1	TFCN1702E3373_008047-T1
TFCN1702E3373_011151-T1__TFCN1702E3373_013036-T1	NaN	NaN	NaN	NaN	NaN	NaN	NaN	NaN	GF00000002	Rhodotorula_mucilaginosa_TFCN_17-0-2E337-3.cds.fa_12852	Rhodotorula_mucilaginosa_TFCN_17-0-2E337-3.cds.fa_11005	NaN	NaN	NaN	NaN	NaN	NaN	NaN	NaN	TFCN1702E3373_013036-T1	TFCN1702E3373_011151-T1
TFCN1702E3373_011153-T1__TFCN1702E3373_013036-T1	NaN	NaN	NaN	NaN	NaN	NaN	NaN	NaN	GF00000002	Rhodotorula_mucilaginosa_TFCN_17-0-2E337-3.cds.fa_12852	Rhodotorula_mucilaginosa_TFCN_17-0-2E337-3.cds.fa_11007	NaN	NaN	NaN	NaN	NaN	NaN	NaN	NaN	TFCN1702E3373_013036-T1	TFCN1702E3373_011153-T1
TFCN1702E3373_008048-T1__TFCN1702E3373_013036-T1	NaN	NaN	NaN	NaN	NaN	NaN	NaN	NaN	GF00000002	Rhodotorula_mucilaginosa_TFCN_17-0-2E337-3.cds.fa_12852	Rhodotorula_mucilaginosa_TFCN_17-0-2E337-3.cds.fa_07953	NaN	NaN	NaN	NaN	NaN	NaN	NaN	NaN	TFCN1702E3373_013036-T1	TFCN1702E3373_008048-T1
TFCN1702E3373_008069-T1__TFCN1702E3373_013036-T1	NaN	NaN	NaN	NaN	NaN	NaN	NaN	NaN	GF00000002	Rhodotorula_mucilaginosa_TFCN_17-0-2E337-3.cds.fa_12852	Rhodotorula_mucilaginosa_TFCN_17-0-2E337-3.cds.fa_07973	NaN	NaN	NaN	NaN	NaN	NaN	NaN	NaN	TFCN1702E3373_013036-T1	TFCN1702E3373_008069-T1
TFCN1702E3373_000942-T1__TFCN1702E3373_013036-T1	NaN	NaN	NaN	NaN	NaN	NaN	NaN	NaN	GF00000002	Rhodotorula_mucilaginosa_TFCN_17-0-2E337-3.cds.fa_12852	Rhodotorula_mucilaginosa_TFCN_17-0-2E337-3.cds.fa_00936	NaN	NaN	NaN	NaN	NaN	NaN	NaN	NaN	TFCN1702E3373_013036-T1	TFCN1702E3373_000942-T1
TFCN1702E3373_000413-T1__TFCN1702E3373_013036-T1	NaN	NaN	NaN	NaN	NaN	NaN	NaN	NaN	GF00000002	Rhodotorula_mucilaginosa_TFCN_17-0-2E337-3.cds.fa_12852	Rhodotorula_mucilaginosa_TFCN_17-0-2E337-3.cds.fa_00409	NaN	NaN	NaN	NaN	NaN	NaN	NaN	NaN	TFCN1702E3373_013036-T1	TFCN1702E3373_000413-T1
TFCN1702E3373_011152-T1__TFCN1702E3373_013036-T1	NaN	NaN	NaN	NaN	NaN	NaN	NaN	NaN	GF00000002	Rhodotorula_mucilaginosa_TFCN_17-0-2E337-3.cds.fa_12852	Rhodotorula_mucilaginosa_TFCN_17-0-2E337-3.cds.fa_11006	NaN	NaN	NaN	NaN	NaN	NaN	NaN	NaN	TFCN1702E3373_013036-T1	TFCN1702E3373_011152-T1
TFCN1702E3373_009405-T1__TFCN1702E3373_013036-T1	NaN	NaN	NaN	NaN	NaN	NaN	NaN	NaN	GF00000002	Rhodotorula_mucilaginosa_TFCN_17-0-2E337-3.cds.fa_12852	Rhodotorula_mucilaginosa_TFCN_17-0-2E337-3.cds.fa_09287	NaN	NaN	NaN	NaN	NaN	NaN	NaN	NaN	TFCN1702E3373_013036-T1	TFCN1702E3373_009405-T1
TFCN1702E3373_008100-T1__TFCN1702E3373_013036-T1	NaN	NaN	NaN	NaN	NaN	NaN	NaN	NaN	GF00000002	Rhodotorula_mucilaginosa_TFCN_17-0-2E337-3.cds.fa_12852	Rhodotorula_mucilaginosa_TFCN_17-0-2E337-3.cds.fa_08004	NaN	NaN	NaN	NaN	NaN	NaN	NaN	NaN	TFCN1702E3373_013036-T1	TFCN1702E3373_008100-T1
TFCN1702E3373_012136-T1__TFCN1702E3373_013036-T1	NaN	NaN	NaN	NaN	NaN	NaN	NaN	NaN	GF00000002	Rhodotorula_mucilaginosa_TFCN_17-0-2E337-3.cds.fa_12852	Rhodotorula_mucilaginosa_TFCN_17-0-2E337-3.cds.fa_11972	NaN	NaN	NaN	NaN	NaN	NaN	NaN	NaN	TFCN1702E3373_013036-T1	TFCN1702E3373_012136-T1
TFCN1702E3373_012121-T1__TFCN1702E3373_013036-T1	NaN	NaN	NaN	NaN	NaN	NaN	NaN	NaN	GF00000002	Rhodotorula_mucilaginosa_TFCN_17-0-2E337-3.cds.fa_12852	Rhodotorula_mucilaginosa_TFCN_17-0-2E337-3.cds.fa_11958	NaN	NaN	NaN	NaN	NaN	NaN	NaN	NaN	TFCN1702E3373_013036-T1	TFCN1702E3373_012121-T1
TFCN1702E3373_008099-T1__TFCN1702E3373_013036-T1	NaN	NaN	NaN	NaN	NaN	NaN	NaN	NaN	GF00000002	Rhodotorula_mucilaginosa_TFCN_17-0-2E337-3.cds.fa_12852	Rhodotorula_mucilaginosa_TFCN_17-0-2E337-3.cds.fa_08003	NaN	NaN	NaN	NaN	NaN	NaN	NaN	NaN	TFCN1702E3373_013036-T1	TFCN1702E3373_008099-T1
TFCN1702E3373_010879-T1__TFCN1702E3373_013036-T1	NaN	NaN	NaN	NaN	NaN	NaN	NaN	NaN	GF00000002	Rhodotorula_mucilaginosa_TFCN_17-0-2E337-3.cds.fa_12852	Rhodotorula_mucilaginosa_TFCN_17-0-2E337-3.cds.fa_10746	NaN	NaN	NaN	NaN	NaN	NaN	NaN	NaN	TFCN1702E3373_013036-T1	TFCN1702E3373_010879-T1
TFCN1702E3373_008098-T1__TFCN1702E3373_013036-T1	NaN	NaN	NaN	NaN	NaN	NaN	NaN	NaN	GF00000002	Rhodotorula_mucilaginosa_TFCN_17-0-2E337-3.cds.fa_12852	Rhodotorula_mucilaginosa_TFCN_17-0-2E337-3.cds.fa_08002	NaN	NaN	NaN	NaN	NaN	NaN	NaN	NaN	TFCN1702E3373_013036-T1	TFCN1702E3373_008098-T1
TFCN1702E3373_002365-T1__TFCN1702E3373_008097-T1	NaN	NaN	NaN	NaN	NaN	NaN	NaN	NaN	GF00000002	Rhodotorula_mucilaginosa_TFCN_17-0-2E337-3.cds.fa_02339	Rhodotorula_mucilaginosa_TFCN_17-0-2E337-3.cds.fa_08001	NaN	NaN	NaN	NaN	NaN	NaN	NaN	NaN	TFCN1702E3373_002365-T1	TFCN1702E3373_008097-T1
TFCN1702E3373_002365-T1__TFCN1702E3373_008047-T1	NaN	NaN	NaN	NaN	NaN	NaN	NaN	NaN	GF00000002	Rhodotorula_mucilaginosa_TFCN_17-0-2E337-3.cds.fa_02339	Rhodotorula_mucilaginosa_TFCN_17-0-2E337-3.cds.fa_07952	NaN	NaN	NaN	NaN	NaN	NaN	NaN	NaN	TFCN1702E3373_002365-T1	TFCN1702E3373_008047-T1
TFCN1702E3373_002365-T1__TFCN1702E3373_011151-T1	NaN	NaN	NaN	NaN	NaN	NaN	NaN	NaN	GF00000002	Rhodotorula_mucilaginosa_TFCN_17-0-2E337-3.cds.fa_02339	Rhodotorula_mucilaginosa_TFCN_17-0-2E337-3.cds.fa_11005	NaN	NaN	NaN	NaN	NaN	NaN	NaN	NaN	TFCN1702E3373_002365-T1	TFCN1702E3373_011151-T1
TFCN1702E3373_002365-T1__TFCN1702E3373_011153-T1	NaN	NaN	NaN	NaN	NaN	NaN	NaN	NaN	GF00000002	Rhodotorula_mucilaginosa_TFCN_17-0-2E337-3.cds.fa_02339	Rhodotorula_mucilaginosa_TFCN_17-0-2E337-3.cds.fa_11007	NaN	NaN	NaN	NaN	NaN	NaN	NaN	NaN	TFCN1702E3373_002365-T1	TFCN1702E3373_011153-T1
TFCN1702E3373_002365-T1__TFCN1702E3373_008048-T1	NaN	NaN	NaN	NaN	NaN	NaN	NaN	NaN	GF00000002	Rhodotorula_mucilaginosa_TFCN_17-0-2E337-3.cds.fa_02339	Rhodotorula_mucilaginosa_TFCN_17-0-2E337-3.cds.fa_07953	NaN	NaN	NaN	NaN	NaN	NaN	NaN	NaN	TFCN1702E3373_002365-T1	TFCN1702E3373_008048-T1
TFCN1702E3373_002365-T1__TFCN1702E3373_008069-T1	NaN	NaN	NaN	NaN	NaN	NaN	NaN	NaN	GF00000002	Rhodotorula_mucilaginosa_TFCN_17-0-2E337-3.cds.fa_02339	Rhodotorula_mucilaginosa_TFCN_17-0-2E337-3.cds.fa_07973	NaN	NaN	NaN	NaN	NaN	NaN	NaN	NaN	TFCN1702E3373_002365-T1	TFCN1702E3373_008069-T1
TFCN1702E3373_000942-T1__TFCN1702E3373_002365-T1	NaN	NaN	NaN	NaN	NaN	NaN	NaN	NaN	GF00000002	Rhodotorula_mucilaginosa_TFCN_17-0-2E337-3.cds.fa_02339	Rhodotorula_mucilaginosa_TFCN_17-0-2E337-3.cds.fa_00936	NaN	NaN	NaN	NaN	NaN	NaN	NaN	NaN	TFCN1702E3373_002365-T1	TFCN1702E3373_000942-T1
TFCN1702E3373_000413-T1__TFCN1702E3373_002365-T1	NaN	NaN	NaN	NaN	NaN	NaN	NaN	NaN	GF00000002	Rhodotorula_mucilaginosa_TFCN_17-0-2E337-3.cds.fa_02339	Rhodotorula_mucilaginosa_TFCN_17-0-2E337-3.cds.fa_00409	NaN	NaN	NaN	NaN	NaN	NaN	NaN	NaN	TFCN1702E3373_002365-T1	TFCN1702E3373_000413-T1
TFCN1702E3373_002365-T1__TFCN1702E3373_011152-T1	NaN	NaN	NaN	NaN	NaN	NaN	NaN	NaN	GF00000002	Rhodotorula_mucilaginosa_TFCN_17-0-2E337-3.cds.fa_02339	Rhodotorula_mucilaginosa_TFCN_17-0-2E337-3.cds.fa_11006	NaN	NaN	NaN	NaN	NaN	NaN	NaN	NaN	TFCN1702E3373_002365-T1	TFCN1702E3373_011152-T1
TFCN1702E3373_002365-T1__TFCN1702E3373_009405-T1	NaN	NaN	NaN	NaN	NaN	NaN	NaN	NaN	GF00000002	Rhodotorula_mucilaginosa_TFCN_17-0-2E337-3.cds.fa_02339	Rhodotorula_mucilaginosa_TFCN_17-0-2E337-3.cds.fa_09287	NaN	NaN	NaN	NaN	NaN	NaN	NaN	NaN	TFCN1702E3373_002365-T1	TFCN1702E3373_009405-T1
TFCN1702E3373_002365-T1__TFCN1702E3373_008100-T1	NaN	NaN	NaN	NaN	NaN	NaN	NaN	NaN	GF00000002	Rhodotorula_mucilaginosa_TFCN_17-0-2E337-3.cds.fa_02339	Rhodotorula_mucilaginosa_TFCN_17-0-2E337-3.cds.fa_08004	NaN	NaN	NaN	NaN	NaN	NaN	NaN	NaN	TFCN1702E3373_002365-T1	TFCN1702E3373_008100-T1
TFCN1702E3373_002365-T1__TFCN1702E3373_012136-T1	NaN	NaN	NaN	NaN	NaN	NaN	NaN	NaN	GF00000002	Rhodotorula_mucilaginosa_TFCN_17-0-2E337-3.cds.fa_02339	Rhodotorula_mucilaginosa_TFCN_17-0-2E337-3.cds.fa_11972	NaN	NaN	NaN	NaN	NaN	NaN	NaN	NaN	TFCN1702E3373_002365-T1	TFCN1702E3373_012136-T1
TFCN1702E3373_002365-T1__TFCN1702E3373_012121-T1	NaN	NaN	NaN	NaN	NaN	NaN	NaN	NaN	GF00000002	Rhodotorula_mucilaginosa_TFCN_17-0-2E337-3.cds.fa_02339	Rhodotorula_mucilaginosa_TFCN_17-0-2E337-3.cds.fa_11958	NaN	NaN	NaN	NaN	NaN	NaN	NaN	NaN	TFCN1702E3373_002365-T1	TFCN1702E3373_012121-T1
TFCN1702E3373_002365-T1__TFCN1702E3373_008099-T1	NaN	NaN	NaN	NaN	NaN	NaN	NaN	NaN	GF00000002	Rhodotorula_mucilaginosa_TFCN_17-0-2E337-3.cds.fa_02339	Rhodotorula_mucilaginosa_TFCN_17-0-2E337-3.cds.fa_08003	NaN	NaN	NaN	NaN	NaN	NaN	NaN	NaN	TFCN1702E3373_002365-T1	TFCN1702E3373_008099-T1
TFCN1702E3373_002365-T1__TFCN1702E3373_010879-T1	NaN	NaN	NaN	NaN	NaN	NaN	NaN	NaN	GF00000002	Rhodotorula_mucilaginosa_TFCN_17-0-2E337-3.cds.fa_02339	Rhodotorula_mucilaginosa_TFCN_17-0-2E337-3.cds.fa_10746	NaN	NaN	NaN	NaN	NaN	NaN	NaN	NaN	TFCN1702E3373_002365-T1	TFCN1702E3373_010879-T1
TFCN1702E3373_002365-T1__TFCN1702E3373_008098-T1	NaN	NaN	NaN	NaN	NaN	NaN	NaN	NaN	GF00000002	Rhodotorula_mucilaginosa_TFCN_17-0-2E337-3.cds.fa_02339	Rhodotorula_mucilaginosa_TFCN_17-0-2E337-3.cds.fa_08002	NaN	NaN	NaN	NaN	NaN	NaN	NaN	NaN	TFCN1702E3373_002365-T1	TFCN1702E3373_008098-T1
TFCN1702E3373_008047-T1__TFCN1702E3373_008097-T1	NaN	NaN	NaN	NaN	NaN	NaN	NaN	NaN	GF00000002	Rhodotorula_mucilaginosa_TFCN_17-0-2E337-3.cds.fa_08001	Rhodotorula_mucilaginosa_TFCN_17-0-2E337-3.cds.fa_07952	NaN	NaN	NaN	NaN	NaN	NaN	NaN	NaN	TFCN1702E3373_008097-T1	TFCN1702E3373_008047-T1
TFCN1702E3373_008097-T1__TFCN1702E3373_011151-T1	NaN	NaN	NaN	NaN	NaN	NaN	NaN	NaN	GF00000002	Rhodotorula_mucilaginosa_TFCN_17-0-2E337-3.cds.fa_08001	Rhodotorula_mucilaginosa_TFCN_17-0-2E337-3.cds.fa_11005	NaN	NaN	NaN	NaN	NaN	NaN	NaN	NaN	TFCN1702E3373_008097-T1	TFCN1702E3373_011151-T1
TFCN1702E3373_008097-T1__TFCN1702E3373_011153-T1	NaN	NaN	NaN	NaN	NaN	NaN	NaN	NaN	GF00000002	Rhodotorula_mucilaginosa_TFCN_17-0-2E337-3.cds.fa_08001	Rhodotorula_mucilaginosa_TFCN_17-0-2E337-3.cds.fa_11007	NaN	NaN	NaN	NaN	NaN	NaN	NaN	NaN	TFCN1702E3373_008097-T1	TFCN1702E3373_011153-T1
TFCN1702E3373_008048-T1__TFCN1702E3373_008097-T1	NaN	NaN	NaN	NaN	NaN	NaN	NaN	NaN	GF00000002	Rhodotorula_mucilaginosa_TFCN_17-0-2E337-3.cds.fa_08001	Rhodotorula_mucilaginosa_TFCN_17-0-2E337-3.cds.fa_07953	NaN	NaN	NaN	NaN	NaN	NaN	NaN	NaN	TFCN1702E3373_008097-T1	TFCN1702E3373_008048-T1
TFCN1702E3373_008069-T1__TFCN1702E3373_008097-T1	NaN	NaN	NaN	NaN	NaN	NaN	NaN	NaN	GF00000002	Rhodotorula_mucilaginosa_TFCN_17-0-2E337-3.cds.fa_08001	Rhodotorula_mucilaginosa_TFCN_17-0-2E337-3.cds.fa_07973	NaN	NaN	NaN	NaN	NaN	NaN	NaN	NaN	TFCN1702E3373_008097-T1	TFCN1702E3373_008069-T1
TFCN1702E3373_000942-T1__TFCN1702E3373_008097-T1	NaN	NaN	NaN	NaN	NaN	NaN	NaN	NaN	GF00000002	Rhodotorula_mucilaginosa_TFCN_17-0-2E337-3.cds.fa_08001	Rhodotorula_mucilaginosa_TFCN_17-0-2E337-3.cds.fa_00936	NaN	NaN	NaN	NaN	NaN	NaN	NaN	NaN	TFCN1702E3373_008097-T1	TFCN1702E3373_000942-T1
TFCN1702E3373_000413-T1__TFCN1702E3373_008097-T1	NaN	NaN	NaN	NaN	NaN	NaN	NaN	NaN	GF00000002	Rhodotorula_mucilaginosa_TFCN_17-0-2E337-3.cds.fa_08001	Rhodotorula_mucilaginosa_TFCN_17-0-2E337-3.cds.fa_00409	NaN	NaN	NaN	NaN	NaN	NaN	NaN	NaN	TFCN1702E3373_008097-T1	TFCN1702E3373_000413-T1
TFCN1702E3373_008097-T1__TFCN1702E3373_011152-T1	NaN	NaN	NaN	NaN	NaN	NaN	NaN	NaN	GF00000002	Rhodotorula_mucilaginosa_TFCN_17-0-2E337-3.cds.fa_08001	Rhodotorula_mucilaginosa_TFCN_17-0-2E337-3.cds.fa_11006	NaN	NaN	NaN	NaN	NaN	NaN	NaN	NaN	TFCN1702E3373_008097-T1	TFCN1702E3373_011152-T1
TFCN1702E3373_008097-T1__TFCN1702E3373_009405-T1	NaN	NaN	NaN	NaN	NaN	NaN	NaN	NaN	GF00000002	Rhodotorula_mucilaginosa_TFCN_17-0-2E337-3.cds.fa_08001	Rhodotorula_mucilaginosa_TFCN_17-0-2E337-3.cds.fa_09287	NaN	NaN	NaN	NaN	NaN	NaN	NaN	NaN	TFCN1702E3373_008097-T1	TFCN1702E3373_009405-T1
TFCN1702E3373_008097-T1__TFCN1702E3373_008100-T1	NaN	NaN	NaN	NaN	NaN	NaN	NaN	NaN	GF00000002	Rhodotorula_mucilaginosa_TFCN_17-0-2E337-3.cds.fa_08001	Rhodotorula_mucilaginosa_TFCN_17-0-2E337-3.cds.fa_08004	NaN	NaN	NaN	NaN	NaN	NaN	NaN	NaN	TFCN1702E3373_008097-T1	TFCN1702E3373_008100-T1
TFCN1702E3373_008097-T1__TFCN1702E3373_012136-T1	NaN	NaN	NaN	NaN	NaN	NaN	NaN	NaN	GF00000002	Rhodotorula_mucilaginosa_TFCN_17-0-2E337-3.cds.fa_08001	Rhodotorula_mucilaginosa_TFCN_17-0-2E337-3.cds.fa_11972	NaN	NaN	NaN	NaN	NaN	NaN	NaN	NaN	TFCN1702E3373_008097-T1	TFCN1702E3373_012136-T1
TFCN1702E3373_008097-T1__TFCN1702E3373_012121-T1	NaN	NaN	NaN	NaN	NaN	NaN	NaN	NaN	GF00000002	Rhodotorula_mucilaginosa_TFCN_17-0-2E337-3.cds.fa_08001	Rhodotorula_mucilaginosa_TFCN_17-0-2E337-3.cds.fa_11958	NaN	NaN	NaN	NaN	NaN	NaN	NaN	NaN	TFCN1702E3373_008097-T1	TFCN1702E3373_012121-T1
TFCN1702E3373_008097-T1__TFCN1702E3373_008099-T1	NaN	NaN	NaN	NaN	NaN	NaN	NaN	NaN	GF00000002	Rhodotorula_mucilaginosa_TFCN_17-0-2E337-3.cds.fa_08001	Rhodotorula_mucilaginosa_TFCN_17-0-2E337-3.cds.fa_08003	NaN	NaN	NaN	NaN	NaN	NaN	NaN	NaN	TFCN1702E3373_008097-T1	TFCN1702E3373_008099-T1
TFCN1702E3373_008097-T1__TFCN1702E3373_010879-T1	NaN	NaN	NaN	NaN	NaN	NaN	NaN	NaN	GF00000002	Rhodotorula_mucilaginosa_TFCN_17-0-2E337-3.cds.fa_08001	Rhodotorula_mucilaginosa_TFCN_17-0-2E337-3.cds.fa_10746	NaN	NaN	NaN	NaN	NaN	NaN	NaN	NaN	TFCN1702E3373_008097-T1	TFCN1702E3373_010879-T1
TFCN1702E3373_008097-T1__TFCN1702E3373_008098-T1	NaN	NaN	NaN	NaN	NaN	NaN	NaN	NaN	GF00000002	Rhodotorula_mucilaginosa_TFCN_17-0-2E337-3.cds.fa_08001	Rhodotorula_mucilaginosa_TFCN_17-0-2E337-3.cds.fa_08002	NaN	NaN	NaN	NaN	NaN	NaN	NaN	NaN	TFCN1702E3373_008097-T1	TFCN1702E3373_008098-T1
TFCN1702E3373_008047-T1__TFCN1702E3373_011151-T1	NaN	NaN	NaN	NaN	NaN	NaN	NaN	NaN	GF00000002	Rhodotorula_mucilaginosa_TFCN_17-0-2E337-3.cds.fa_07952	Rhodotorula_mucilaginosa_TFCN_17-0-2E337-3.cds.fa_11005	NaN	NaN	NaN	NaN	NaN	NaN	NaN	NaN	TFCN1702E3373_008047-T1	TFCN1702E3373_011151-T1
TFCN1702E3373_008047-T1__TFCN1702E3373_011153-T1	NaN	NaN	NaN	NaN	NaN	NaN	NaN	NaN	GF00000002	Rhodotorula_mucilaginosa_TFCN_17-0-2E337-3.cds.fa_07952	Rhodotorula_mucilaginosa_TFCN_17-0-2E337-3.cds.fa_11007	NaN	NaN	NaN	NaN	NaN	NaN	NaN	NaN	TFCN1702E3373_008047-T1	TFCN1702E3373_011153-T1
TFCN1702E3373_008047-T1__TFCN1702E3373_008048-T1	NaN	NaN	NaN	NaN	NaN	NaN	NaN	NaN	GF00000002	Rhodotorula_mucilaginosa_TFCN_17-0-2E337-3.cds.fa_07952	Rhodotorula_mucilaginosa_TFCN_17-0-2E337-3.cds.fa_07953	NaN	NaN	NaN	NaN	NaN	NaN	NaN	NaN	TFCN1702E3373_008047-T1	TFCN1702E3373_008048-T1
TFCN1702E3373_008047-T1__TFCN1702E3373_008069-T1	NaN	NaN	NaN	NaN	NaN	NaN	NaN	NaN	GF00000002	Rhodotorula_mucilaginosa_TFCN_17-0-2E337-3.cds.fa_07952	Rhodotorula_mucilaginosa_TFCN_17-0-2E337-3.cds.fa_07973	NaN	NaN	NaN	NaN	NaN	NaN	NaN	NaN	TFCN1702E3373_008047-T1	TFCN1702E3373_008069-T1
TFCN1702E3373_000942-T1__TFCN1702E3373_008047-T1	NaN	NaN	NaN	NaN	NaN	NaN	NaN	NaN	GF00000002	Rhodotorula_mucilaginosa_TFCN_17-0-2E337-3.cds.fa_07952	Rhodotorula_mucilaginosa_TFCN_17-0-2E337-3.cds.fa_00936	NaN	NaN	NaN	NaN	NaN	NaN	NaN	NaN	TFCN1702E3373_008047-T1	TFCN1702E3373_000942-T1
TFCN1702E3373_000413-T1__TFCN1702E3373_008047-T1	NaN	NaN	NaN	NaN	NaN	NaN	NaN	NaN	GF00000002	Rhodotorula_mucilaginosa_TFCN_17-0-2E337-3.cds.fa_07952	Rhodotorula_mucilaginosa_TFCN_17-0-2E337-3.cds.fa_00409	NaN	NaN	NaN	NaN	NaN	NaN	NaN	NaN	TFCN1702E3373_008047-T1	TFCN1702E3373_000413-T1
TFCN1702E3373_008047-T1__TFCN1702E3373_011152-T1	NaN	NaN	NaN	NaN	NaN	NaN	NaN	NaN	GF00000002	Rhodotorula_mucilaginosa_TFCN_17-0-2E337-3.cds.fa_07952	Rhodotorula_mucilaginosa_TFCN_17-0-2E337-3.cds.fa_11006	NaN	NaN	NaN	NaN	NaN	NaN	NaN	NaN	TFCN1702E3373_008047-T1	TFCN1702E3373_011152-T1
TFCN1702E3373_008047-T1__TFCN1702E3373_009405-T1	NaN	NaN	NaN	NaN	NaN	NaN	NaN	NaN	GF00000002	Rhodotorula_mucilaginosa_TFCN_17-0-2E337-3.cds.fa_07952	Rhodotorula_mucilaginosa_TFCN_17-0-2E337-3.cds.fa_09287	NaN	NaN	NaN	NaN	NaN	NaN	NaN	NaN	TFCN1702E3373_008047-T1	TFCN1702E3373_009405-T1
TFCN1702E3373_008047-T1__TFCN1702E3373_008100-T1	NaN	NaN	NaN	NaN	NaN	NaN	NaN	NaN	GF00000002	Rhodotorula_mucilaginosa_TFCN_17-0-2E337-3.cds.fa_07952	Rhodotorula_mucilaginosa_TFCN_17-0-2E337-3.cds.fa_08004	NaN	NaN	NaN	NaN	NaN	NaN	NaN	NaN	TFCN1702E3373_008047-T1	TFCN1702E3373_008100-T1
TFCN1702E3373_008047-T1__TFCN1702E3373_012136-T1	NaN	NaN	NaN	NaN	NaN	NaN	NaN	NaN	GF00000002	Rhodotorula_mucilaginosa_TFCN_17-0-2E337-3.cds.fa_07952	Rhodotorula_mucilaginosa_TFCN_17-0-2E337-3.cds.fa_11972	NaN	NaN	NaN	NaN	NaN	NaN	NaN	NaN	TFCN1702E3373_008047-T1	TFCN1702E3373_012136-T1
TFCN1702E3373_008047-T1__TFCN1702E3373_012121-T1	NaN	NaN	NaN	NaN	NaN	NaN	NaN	NaN	GF00000002	Rhodotorula_mucilaginosa_TFCN_17-0-2E337-3.cds.fa_07952	Rhodotorula_mucilaginosa_TFCN_17-0-2E337-3.cds.fa_11958	NaN	NaN	NaN	NaN	NaN	NaN	NaN	NaN	TFCN1702E3373_008047-T1	TFCN1702E3373_012121-T1
TFCN1702E3373_008047-T1__TFCN1702E3373_008099-T1	NaN	NaN	NaN	NaN	NaN	NaN	NaN	NaN	GF00000002	Rhodotorula_mucilaginosa_TFCN_17-0-2E337-3.cds.fa_07952	Rhodotorula_mucilaginosa_TFCN_17-0-2E337-3.cds.fa_08003	NaN	NaN	NaN	NaN	NaN	NaN	NaN	NaN	TFCN1702E3373_008047-T1	TFCN1702E3373_008099-T1
TFCN1702E3373_008047-T1__TFCN1702E3373_010879-T1	NaN	NaN	NaN	NaN	NaN	NaN	NaN	NaN	GF00000002	Rhodotorula_mucilaginosa_TFCN_17-0-2E337-3.cds.fa_07952	Rhodotorula_mucilaginosa_TFCN_17-0-2E337-3.cds.fa_10746	NaN	NaN	NaN	NaN	NaN	NaN	NaN	NaN	TFCN1702E3373_008047-T1	TFCN1702E3373_010879-T1
TFCN1702E3373_008047-T1__TFCN1702E3373_008098-T1	NaN	NaN	NaN	NaN	NaN	NaN	NaN	NaN	GF00000002	Rhodotorula_mucilaginosa_TFCN_17-0-2E337-3.cds.fa_07952	Rhodotorula_mucilaginosa_TFCN_17-0-2E337-3.cds.fa_08002	NaN	NaN	NaN	NaN	NaN	NaN	NaN	NaN	TFCN1702E3373_008047-T1	TFCN1702E3373_008098-T1
TFCN1702E3373_011151-T1__TFCN1702E3373_011153-T1	NaN	NaN	NaN	NaN	NaN	NaN	NaN	NaN	GF00000002	Rhodotorula_mucilaginosa_TFCN_17-0-2E337-3.cds.fa_11005	Rhodotorula_mucilaginosa_TFCN_17-0-2E337-3.cds.fa_11007	NaN	NaN	NaN	NaN	NaN	NaN	NaN	NaN	TFCN1702E3373_011151-T1	TFCN1702E3373_011153-T1
TFCN1702E3373_008048-T1__TFCN1702E3373_011151-T1	NaN	NaN	NaN	NaN	NaN	NaN	NaN	NaN	GF00000002	Rhodotorula_mucilaginosa_TFCN_17-0-2E337-3.cds.fa_11005	Rhodotorula_mucilaginosa_TFCN_17-0-2E337-3.cds.fa_07953	NaN	NaN	NaN	NaN	NaN	NaN	NaN	NaN	TFCN1702E3373_011151-T1	TFCN1702E3373_008048-T1
TFCN1702E3373_008069-T1__TFCN1702E3373_011151-T1	NaN	NaN	NaN	NaN	NaN	NaN	NaN	NaN	GF00000002	Rhodotorula_mucilaginosa_TFCN_17-0-2E337-3.cds.fa_11005	Rhodotorula_mucilaginosa_TFCN_17-0-2E337-3.cds.fa_07973	NaN	NaN	NaN	NaN	NaN	NaN	NaN	NaN	TFCN1702E3373_011151-T1	TFCN1702E3373_008069-T1
TFCN1702E3373_000942-T1__TFCN1702E3373_011151-T1	NaN	NaN	NaN	NaN	NaN	NaN	NaN	NaN	GF00000002	Rhodotorula_mucilaginosa_TFCN_17-0-2E337-3.cds.fa_11005	Rhodotorula_mucilaginosa_TFCN_17-0-2E337-3.cds.fa_00936	NaN	NaN	NaN	NaN	NaN	NaN	NaN	NaN	TFCN1702E3373_011151-T1	TFCN1702E3373_000942-T1
TFCN1702E3373_000413-T1__TFCN1702E3373_011151-T1	NaN	NaN	NaN	NaN	NaN	NaN	NaN	NaN	GF00000002	Rhodotorula_mucilaginosa_TFCN_17-0-2E337-3.cds.fa_11005	Rhodotorula_mucilaginosa_TFCN_17-0-2E337-3.cds.fa_00409	NaN	NaN	NaN	NaN	NaN	NaN	NaN	NaN	TFCN1702E3373_011151-T1	TFCN1702E3373_000413-T1
TFCN1702E3373_011151-T1__TFCN1702E3373_011152-T1	NaN	NaN	NaN	NaN	NaN	NaN	NaN	NaN	GF00000002	Rhodotorula_mucilaginosa_TFCN_17-0-2E337-3.cds.fa_11005	Rhodotorula_mucilaginosa_TFCN_17-0-2E337-3.cds.fa_11006	NaN	NaN	NaN	NaN	NaN	NaN	NaN	NaN	TFCN1702E3373_011151-T1	TFCN1702E3373_011152-T1
TFCN1702E3373_009405-T1__TFCN1702E3373_011151-T1	NaN	NaN	NaN	NaN	NaN	NaN	NaN	NaN	GF00000002	Rhodotorula_mucilaginosa_TFCN_17-0-2E337-3.cds.fa_11005	Rhodotorula_mucilaginosa_TFCN_17-0-2E337-3.cds.fa_09287	NaN	NaN	NaN	NaN	NaN	NaN	NaN	NaN	TFCN1702E3373_011151-T1	TFCN1702E3373_009405-T1
TFCN1702E3373_008100-T1__TFCN1702E3373_011151-T1	NaN	NaN	NaN	NaN	NaN	NaN	NaN	NaN	GF00000002	Rhodotorula_mucilaginosa_TFCN_17-0-2E337-3.cds.fa_11005	Rhodotorula_mucilaginosa_TFCN_17-0-2E337-3.cds.fa_08004	NaN	NaN	NaN	NaN	NaN	NaN	NaN	NaN	TFCN1702E3373_011151-T1	TFCN1702E3373_008100-T1
TFCN1702E3373_011151-T1__TFCN1702E3373_012136-T1	NaN	NaN	NaN	NaN	NaN	NaN	NaN	NaN	GF00000002	Rhodotorula_mucilaginosa_TFCN_17-0-2E337-3.cds.fa_11005	Rhodotorula_mucilaginosa_TFCN_17-0-2E337-3.cds.fa_11972	NaN	NaN	NaN	NaN	NaN	NaN	NaN	NaN	TFCN1702E3373_011151-T1	TFCN1702E3373_012136-T1
TFCN1702E3373_011151-T1__TFCN1702E3373_012121-T1	NaN	NaN	NaN	NaN	NaN	NaN	NaN	NaN	GF00000002	Rhodotorula_mucilaginosa_TFCN_17-0-2E337-3.cds.fa_11005	Rhodotorula_mucilaginosa_TFCN_17-0-2E337-3.cds.fa_11958	NaN	NaN	NaN	NaN	NaN	NaN	NaN	NaN	TFCN1702E3373_011151-T1	TFCN1702E3373_012121-T1
TFCN1702E3373_008099-T1__TFCN1702E3373_011151-T1	NaN	NaN	NaN	NaN	NaN	NaN	NaN	NaN	GF00000002	Rhodotorula_mucilaginosa_TFCN_17-0-2E337-3.cds.fa_11005	Rhodotorula_mucilaginosa_TFCN_17-0-2E337-3.cds.fa_08003	NaN	NaN	NaN	NaN	NaN	NaN	NaN	NaN	TFCN1702E3373_011151-T1	TFCN1702E3373_008099-T1
TFCN1702E3373_010879-T1__TFCN1702E3373_011151-T1	NaN	NaN	NaN	NaN	NaN	NaN	NaN	NaN	GF00000002	Rhodotorula_mucilaginosa_TFCN_17-0-2E337-3.cds.fa_11005	Rhodotorula_mucilaginosa_TFCN_17-0-2E337-3.cds.fa_10746	NaN	NaN	NaN	NaN	NaN	NaN	NaN	NaN	TFCN1702E3373_011151-T1	TFCN1702E3373_010879-T1
TFCN1702E3373_008098-T1__TFCN1702E3373_011151-T1	NaN	NaN	NaN	NaN	NaN	NaN	NaN	NaN	GF00000002	Rhodotorula_mucilaginosa_TFCN_17-0-2E337-3.cds.fa_11005	Rhodotorula_mucilaginosa_TFCN_17-0-2E337-3.cds.fa_08002	NaN	NaN	NaN	NaN	NaN	NaN	NaN	NaN	TFCN1702E3373_011151-T1	TFCN1702E3373_008098-T1
TFCN1702E3373_008048-T1__TFCN1702E3373_011153-T1	NaN	NaN	NaN	NaN	NaN	NaN	NaN	NaN	GF00000002	Rhodotorula_mucilaginosa_TFCN_17-0-2E337-3.cds.fa_11007	Rhodotorula_mucilaginosa_TFCN_17-0-2E337-3.cds.fa_07953	NaN	NaN	NaN	NaN	NaN	NaN	NaN	NaN	TFCN1702E3373_011153-T1	TFCN1702E3373_008048-T1
TFCN1702E3373_008069-T1__TFCN1702E3373_011153-T1	NaN	NaN	NaN	NaN	NaN	NaN	NaN	NaN	GF00000002	Rhodotorula_mucilaginosa_TFCN_17-0-2E337-3.cds.fa_11007	Rhodotorula_mucilaginosa_TFCN_17-0-2E337-3.cds.fa_07973	NaN	NaN	NaN	NaN	NaN	NaN	NaN	NaN	TFCN1702E3373_011153-T1	TFCN1702E3373_008069-T1
TFCN1702E3373_000942-T1__TFCN1702E3373_011153-T1	NaN	NaN	NaN	NaN	NaN	NaN	NaN	NaN	GF00000002	Rhodotorula_mucilaginosa_TFCN_17-0-2E337-3.cds.fa_11007	Rhodotorula_mucilaginosa_TFCN_17-0-2E337-3.cds.fa_00936	NaN	NaN	NaN	NaN	NaN	NaN	NaN	NaN	TFCN1702E3373_011153-T1	TFCN1702E3373_000942-T1
TFCN1702E3373_000413-T1__TFCN1702E3373_011153-T1	NaN	NaN	NaN	NaN	NaN	NaN	NaN	NaN	GF00000002	Rhodotorula_mucilaginosa_TFCN_17-0-2E337-3.cds.fa_11007	Rhodotorula_mucilaginosa_TFCN_17-0-2E337-3.cds.fa_00409	NaN	NaN	NaN	NaN	NaN	NaN	NaN	NaN	TFCN1702E3373_011153-T1	TFCN1702E3373_000413-T1
TFCN1702E3373_011152-T1__TFCN1702E3373_011153-T1	NaN	NaN	NaN	NaN	NaN	NaN	NaN	NaN	GF00000002	Rhodotorula_mucilaginosa_TFCN_17-0-2E337-3.cds.fa_11007	Rhodotorula_mucilaginosa_TFCN_17-0-2E337-3.cds.fa_11006	NaN	NaN	NaN	NaN	NaN	NaN	NaN	NaN	TFCN1702E3373_011153-T1	TFCN1702E3373_011152-T1
TFCN1702E3373_009405-T1__TFCN1702E3373_011153-T1	NaN	NaN	NaN	NaN	NaN	NaN	NaN	NaN	GF00000002	Rhodotorula_mucilaginosa_TFCN_17-0-2E337-3.cds.fa_11007	Rhodotorula_mucilaginosa_TFCN_17-0-2E337-3.cds.fa_09287	NaN	NaN	NaN	NaN	NaN	NaN	NaN	NaN	TFCN1702E3373_011153-T1	TFCN1702E3373_009405-T1
TFCN1702E3373_008100-T1__TFCN1702E3373_011153-T1	NaN	NaN	NaN	NaN	NaN	NaN	NaN	NaN	GF00000002	Rhodotorula_mucilaginosa_TFCN_17-0-2E337-3.cds.fa_11007	Rhodotorula_mucilaginosa_TFCN_17-0-2E337-3.cds.fa_08004	NaN	NaN	NaN	NaN	NaN	NaN	NaN	NaN	TFCN1702E3373_011153-T1	TFCN1702E3373_008100-T1
TFCN1702E3373_011153-T1__TFCN1702E3373_012136-T1	NaN	NaN	NaN	NaN	NaN	NaN	NaN	NaN	GF00000002	Rhodotorula_mucilaginosa_TFCN_17-0-2E337-3.cds.fa_11007	Rhodotorula_mucilaginosa_TFCN_17-0-2E337-3.cds.fa_11972	NaN	NaN	NaN	NaN	NaN	NaN	NaN	NaN	TFCN1702E3373_011153-T1	TFCN1702E3373_012136-T1
TFCN1702E3373_011153-T1__TFCN1702E3373_012121-T1	NaN	NaN	NaN	NaN	NaN	NaN	NaN	NaN	GF00000002	Rhodotorula_mucilaginosa_TFCN_17-0-2E337-3.cds.fa_11007	Rhodotorula_mucilaginosa_TFCN_17-0-2E337-3.cds.fa_11958	NaN	NaN	NaN	NaN	NaN	NaN	NaN	NaN	TFCN1702E3373_011153-T1	TFCN1702E3373_012121-T1
TFCN1702E3373_008099-T1__TFCN1702E3373_011153-T1	NaN	NaN	NaN	NaN	NaN	NaN	NaN	NaN	GF00000002	Rhodotorula_mucilaginosa_TFCN_17-0-2E337-3.cds.fa_11007	Rhodotorula_mucilaginosa_TFCN_17-0-2E337-3.cds.fa_08003	NaN	NaN	NaN	NaN	NaN	NaN	NaN	NaN	TFCN1702E3373_011153-T1	TFCN1702E3373_008099-T1
TFCN1702E3373_010879-T1__TFCN1702E3373_011153-T1	NaN	NaN	NaN	NaN	NaN	NaN	NaN	NaN	GF00000002	Rhodotorula_mucilaginosa_TFCN_17-0-2E337-3.cds.fa_11007	Rhodotorula_mucilaginosa_TFCN_17-0-2E337-3.cds.fa_10746	NaN	NaN	NaN	NaN	NaN	NaN	NaN	NaN	TFCN1702E3373_011153-T1	TFCN1702E3373_010879-T1
TFCN1702E3373_008098-T1__TFCN1702E3373_011153-T1	NaN	NaN	NaN	NaN	NaN	NaN	NaN	NaN	GF00000002	Rhodotorula_mucilaginosa_TFCN_17-0-2E337-3.cds.fa_11007	Rhodotorula_mucilaginosa_TFCN_17-0-2E337-3.cds.fa_08002	NaN	NaN	NaN	NaN	NaN	NaN	NaN	NaN	TFCN1702E3373_011153-T1	TFCN1702E3373_008098-T1
TFCN1702E3373_008048-T1__TFCN1702E3373_008069-T1	NaN	NaN	NaN	NaN	NaN	NaN	NaN	NaN	GF00000002	Rhodotorula_mucilaginosa_TFCN_17-0-2E337-3.cds.fa_07953	Rhodotorula_mucilaginosa_TFCN_17-0-2E337-3.cds.fa_07973	NaN	NaN	NaN	NaN	NaN	NaN	NaN	NaN	TFCN1702E3373_008048-T1	TFCN1702E3373_008069-T1
TFCN1702E3373_000942-T1__TFCN1702E3373_008048-T1	NaN	NaN	NaN	NaN	NaN	NaN	NaN	NaN	GF00000002	Rhodotorula_mucilaginosa_TFCN_17-0-2E337-3.cds.fa_07953	Rhodotorula_mucilaginosa_TFCN_17-0-2E337-3.cds.fa_00936	NaN	NaN	NaN	NaN	NaN	NaN	NaN	NaN	TFCN1702E3373_008048-T1	TFCN1702E3373_000942-T1
TFCN1702E3373_000413-T1__TFCN1702E3373_008048-T1	NaN	NaN	NaN	NaN	NaN	NaN	NaN	NaN	GF00000002	Rhodotorula_mucilaginosa_TFCN_17-0-2E337-3.cds.fa_07953	Rhodotorula_mucilaginosa_TFCN_17-0-2E337-3.cds.fa_00409	NaN	NaN	NaN	NaN	NaN	NaN	NaN	NaN	TFCN1702E3373_008048-T1	TFCN1702E3373_000413-T1
TFCN1702E3373_008048-T1__TFCN1702E3373_011152-T1	NaN	NaN	NaN	NaN	NaN	NaN	NaN	NaN	GF00000002	Rhodotorula_mucilaginosa_TFCN_17-0-2E337-3.cds.fa_07953	Rhodotorula_mucilaginosa_TFCN_17-0-2E337-3.cds.fa_11006	NaN	NaN	NaN	NaN	NaN	NaN	NaN	NaN	TFCN1702E3373_008048-T1	TFCN1702E3373_011152-T1
TFCN1702E3373_008048-T1__TFCN1702E3373_009405-T1	NaN	NaN	NaN	NaN	NaN	NaN	NaN	NaN	GF00000002	Rhodotorula_mucilaginosa_TFCN_17-0-2E337-3.cds.fa_07953	Rhodotorula_mucilaginosa_TFCN_17-0-2E337-3.cds.fa_09287	NaN	NaN	NaN	NaN	NaN	NaN	NaN	NaN	TFCN1702E3373_008048-T1	TFCN1702E3373_009405-T1
TFCN1702E3373_008048-T1__TFCN1702E3373_008100-T1	NaN	NaN	NaN	NaN	NaN	NaN	NaN	NaN	GF00000002	Rhodotorula_mucilaginosa_TFCN_17-0-2E337-3.cds.fa_07953	Rhodotorula_mucilaginosa_TFCN_17-0-2E337-3.cds.fa_08004	NaN	NaN	NaN	NaN	NaN	NaN	NaN	NaN	TFCN1702E3373_008048-T1	TFCN1702E3373_008100-T1
TFCN1702E3373_008048-T1__TFCN1702E3373_012136-T1	NaN	NaN	NaN	NaN	NaN	NaN	NaN	NaN	GF00000002	Rhodotorula_mucilaginosa_TFCN_17-0-2E337-3.cds.fa_07953	Rhodotorula_mucilaginosa_TFCN_17-0-2E337-3.cds.fa_11972	NaN	NaN	NaN	NaN	NaN	NaN	NaN	NaN	TFCN1702E3373_008048-T1	TFCN1702E3373_012136-T1
TFCN1702E3373_008048-T1__TFCN1702E3373_012121-T1	NaN	NaN	NaN	NaN	NaN	NaN	NaN	NaN	GF00000002	Rhodotorula_mucilaginosa_TFCN_17-0-2E337-3.cds.fa_07953	Rhodotorula_mucilaginosa_TFCN_17-0-2E337-3.cds.fa_11958	NaN	NaN	NaN	NaN	NaN	NaN	NaN	NaN	TFCN1702E3373_008048-T1	TFCN1702E3373_012121-T1
TFCN1702E3373_008048-T1__TFCN1702E3373_008099-T1	NaN	NaN	NaN	NaN	NaN	NaN	NaN	NaN	GF00000002	Rhodotorula_mucilaginosa_TFCN_17-0-2E337-3.cds.fa_07953	Rhodotorula_mucilaginosa_TFCN_17-0-2E337-3.cds.fa_08003	NaN	NaN	NaN	NaN	NaN	NaN	NaN	NaN	TFCN1702E3373_008048-T1	TFCN1702E3373_008099-T1
TFCN1702E3373_008048-T1__TFCN1702E3373_010879-T1	NaN	NaN	NaN	NaN	NaN	NaN	NaN	NaN	GF00000002	Rhodotorula_mucilaginosa_TFCN_17-0-2E337-3.cds.fa_07953	Rhodotorula_mucilaginosa_TFCN_17-0-2E337-3.cds.fa_10746	NaN	NaN	NaN	NaN	NaN	NaN	NaN	NaN	TFCN1702E3373_008048-T1	TFCN1702E3373_010879-T1
TFCN1702E3373_008048-T1__TFCN1702E3373_008098-T1	NaN	NaN	NaN	NaN	NaN	NaN	NaN	NaN	GF00000002	Rhodotorula_mucilaginosa_TFCN_17-0-2E337-3.cds.fa_07953	Rhodotorula_mucilaginosa_TFCN_17-0-2E337-3.cds.fa_08002	NaN	NaN	NaN	NaN	NaN	NaN	NaN	NaN	TFCN1702E3373_008048-T1	TFCN1702E3373_008098-T1
TFCN1702E3373_000942-T1__TFCN1702E3373_008069-T1	NaN	NaN	NaN	NaN	NaN	NaN	NaN	NaN	GF00000002	Rhodotorula_mucilaginosa_TFCN_17-0-2E337-3.cds.fa_07973	Rhodotorula_mucilaginosa_TFCN_17-0-2E337-3.cds.fa_00936	NaN	NaN	NaN	NaN	NaN	NaN	NaN	NaN	TFCN1702E3373_008069-T1	TFCN1702E3373_000942-T1
TFCN1702E3373_000413-T1__TFCN1702E3373_008069-T1	NaN	NaN	NaN	NaN	NaN	NaN	NaN	NaN	GF00000002	Rhodotorula_mucilaginosa_TFCN_17-0-2E337-3.cds.fa_07973	Rhodotorula_mucilaginosa_TFCN_17-0-2E337-3.cds.fa_00409	NaN	NaN	NaN	NaN	NaN	NaN	NaN	NaN	TFCN1702E3373_008069-T1	TFCN1702E3373_000413-T1
TFCN1702E3373_008069-T1__TFCN1702E3373_011152-T1	NaN	NaN	NaN	NaN	NaN	NaN	NaN	NaN	GF00000002	Rhodotorula_mucilaginosa_TFCN_17-0-2E337-3.cds.fa_07973	Rhodotorula_mucilaginosa_TFCN_17-0-2E337-3.cds.fa_11006	NaN	NaN	NaN	NaN	NaN	NaN	NaN	NaN	TFCN1702E3373_008069-T1	TFCN1702E3373_011152-T1
TFCN1702E3373_008069-T1__TFCN1702E3373_009405-T1	NaN	NaN	NaN	NaN	NaN	NaN	NaN	NaN	GF00000002	Rhodotorula_mucilaginosa_TFCN_17-0-2E337-3.cds.fa_07973	Rhodotorula_mucilaginosa_TFCN_17-0-2E337-3.cds.fa_09287	NaN	NaN	NaN	NaN	NaN	NaN	NaN	NaN	TFCN1702E3373_008069-T1	TFCN1702E3373_009405-T1
TFCN1702E3373_008069-T1__TFCN1702E3373_008100-T1	NaN	NaN	NaN	NaN	NaN	NaN	NaN	NaN	GF00000002	Rhodotorula_mucilaginosa_TFCN_17-0-2E337-3.cds.fa_07973	Rhodotorula_mucilaginosa_TFCN_17-0-2E337-3.cds.fa_08004	NaN	NaN	NaN	NaN	NaN	NaN	NaN	NaN	TFCN1702E3373_008069-T1	TFCN1702E3373_008100-T1
TFCN1702E3373_008069-T1__TFCN1702E3373_012136-T1	NaN	NaN	NaN	NaN	NaN	NaN	NaN	NaN	GF00000002	Rhodotorula_mucilaginosa_TFCN_17-0-2E337-3.cds.fa_07973	Rhodotorula_mucilaginosa_TFCN_17-0-2E337-3.cds.fa_11972	NaN	NaN	NaN	NaN	NaN	NaN	NaN	NaN	TFCN1702E3373_008069-T1	TFCN1702E3373_012136-T1
TFCN1702E3373_008069-T1__TFCN1702E3373_012121-T1	NaN	NaN	NaN	NaN	NaN	NaN	NaN	NaN	GF00000002	Rhodotorula_mucilaginosa_TFCN_17-0-2E337-3.cds.fa_07973	Rhodotorula_mucilaginosa_TFCN_17-0-2E337-3.cds.fa_11958	NaN	NaN	NaN	NaN	NaN	NaN	NaN	NaN	TFCN1702E3373_008069-T1	TFCN1702E3373_012121-T1
TFCN1702E3373_008069-T1__TFCN1702E3373_008099-T1	NaN	NaN	NaN	NaN	NaN	NaN	NaN	NaN	GF00000002	Rhodotorula_mucilaginosa_TFCN_17-0-2E337-3.cds.fa_07973	Rhodotorula_mucilaginosa_TFCN_17-0-2E337-3.cds.fa_08003	NaN	NaN	NaN	NaN	NaN	NaN	NaN	NaN	TFCN1702E3373_008069-T1	TFCN1702E3373_008099-T1
TFCN1702E3373_008069-T1__TFCN1702E3373_010879-T1	NaN	NaN	NaN	NaN	NaN	NaN	NaN	NaN	GF00000002	Rhodotorula_mucilaginosa_TFCN_17-0-2E337-3.cds.fa_07973	Rhodotorula_mucilaginosa_TFCN_17-0-2E337-3.cds.fa_10746	NaN	NaN	NaN	NaN	NaN	NaN	NaN	NaN	TFCN1702E3373_008069-T1	TFCN1702E3373_010879-T1
TFCN1702E3373_008069-T1__TFCN1702E3373_008098-T1	NaN	NaN	NaN	NaN	NaN	NaN	NaN	NaN	GF00000002	Rhodotorula_mucilaginosa_TFCN_17-0-2E337-3.cds.fa_07973	Rhodotorula_mucilaginosa_TFCN_17-0-2E337-3.cds.fa_08002	NaN	NaN	NaN	NaN	NaN	NaN	NaN	NaN	TFCN1702E3373_008069-T1	TFCN1702E3373_008098-T1
TFCN1702E3373_000413-T1__TFCN1702E3373_000942-T1	NaN	NaN	NaN	NaN	NaN	NaN	NaN	NaN	GF00000002	Rhodotorula_mucilaginosa_TFCN_17-0-2E337-3.cds.fa_00936	Rhodotorula_mucilaginosa_TFCN_17-0-2E337-3.cds.fa_00409	NaN	NaN	NaN	NaN	NaN	NaN	NaN	NaN	TFCN1702E3373_000942-T1	TFCN1702E3373_000413-T1
TFCN1702E3373_000942-T1__TFCN1702E3373_011152-T1	NaN	NaN	NaN	NaN	NaN	NaN	NaN	NaN	GF00000002	Rhodotorula_mucilaginosa_TFCN_17-0-2E337-3.cds.fa_00936	Rhodotorula_mucilaginosa_TFCN_17-0-2E337-3.cds.fa_11006	NaN	NaN	NaN	NaN	NaN	NaN	NaN	NaN	TFCN1702E3373_000942-T1	TFCN1702E3373_011152-T1
TFCN1702E3373_000942-T1__TFCN1702E3373_009405-T1	NaN	NaN	NaN	NaN	NaN	NaN	NaN	NaN	GF00000002	Rhodotorula_mucilaginosa_TFCN_17-0-2E337-3.cds.fa_00936	Rhodotorula_mucilaginosa_TFCN_17-0-2E337-3.cds.fa_09287	NaN	NaN	NaN	NaN	NaN	NaN	NaN	NaN	TFCN1702E3373_000942-T1	TFCN1702E3373_009405-T1
TFCN1702E3373_000942-T1__TFCN1702E3373_008100-T1	NaN	NaN	NaN	NaN	NaN	NaN	NaN	NaN	GF00000002	Rhodotorula_mucilaginosa_TFCN_17-0-2E337-3.cds.fa_00936	Rhodotorula_mucilaginosa_TFCN_17-0-2E337-3.cds.fa_08004	NaN	NaN	NaN	NaN	NaN	NaN	NaN	NaN	TFCN1702E3373_000942-T1	TFCN1702E3373_008100-T1
TFCN1702E3373_000942-T1__TFCN1702E3373_012136-T1	NaN	NaN	NaN	NaN	NaN	NaN	NaN	NaN	GF00000002	Rhodotorula_mucilaginosa_TFCN_17-0-2E337-3.cds.fa_00936	Rhodotorula_mucilaginosa_TFCN_17-0-2E337-3.cds.fa_11972	NaN	NaN	NaN	NaN	NaN	NaN	NaN	NaN	TFCN1702E3373_000942-T1	TFCN1702E3373_012136-T1
TFCN1702E3373_000942-T1__TFCN1702E3373_012121-T1	NaN	NaN	NaN	NaN	NaN	NaN	NaN	NaN	GF00000002	Rhodotorula_mucilaginosa_TFCN_17-0-2E337-3.cds.fa_00936	Rhodotorula_mucilaginosa_TFCN_17-0-2E337-3.cds.fa_11958	NaN	NaN	NaN	NaN	NaN	NaN	NaN	NaN	TFCN1702E3373_000942-T1	TFCN1702E3373_012121-T1
TFCN1702E3373_000942-T1__TFCN1702E3373_008099-T1	NaN	NaN	NaN	NaN	NaN	NaN	NaN	NaN	GF00000002	Rhodotorula_mucilaginosa_TFCN_17-0-2E337-3.cds.fa_00936	Rhodotorula_mucilaginosa_TFCN_17-0-2E337-3.cds.fa_08003	NaN	NaN	NaN	NaN	NaN	NaN	NaN	NaN	TFCN1702E3373_000942-T1	TFCN1702E3373_008099-T1
TFCN1702E3373_000942-T1__TFCN1702E3373_010879-T1	NaN	NaN	NaN	NaN	NaN	NaN	NaN	NaN	GF00000002	Rhodotorula_mucilaginosa_TFCN_17-0-2E337-3.cds.fa_00936	Rhodotorula_mucilaginosa_TFCN_17-0-2E337-3.cds.fa_10746	NaN	NaN	NaN	NaN	NaN	NaN	NaN	NaN	TFCN1702E3373_000942-T1	TFCN1702E3373_010879-T1
TFCN1702E3373_000942-T1__TFCN1702E3373_008098-T1	NaN	NaN	NaN	NaN	NaN	NaN	NaN	NaN	GF00000002	Rhodotorula_mucilaginosa_TFCN_17-0-2E337-3.cds.fa_00936	Rhodotorula_mucilaginosa_TFCN_17-0-2E337-3.cds.fa_08002	NaN	NaN	NaN	NaN	NaN	NaN	NaN	NaN	TFCN1702E3373_000942-T1	TFCN1702E3373_008098-T1
TFCN1702E3373_000413-T1__TFCN1702E3373_011152-T1	NaN	NaN	NaN	NaN	NaN	NaN	NaN	NaN	GF00000002	Rhodotorula_mucilaginosa_TFCN_17-0-2E337-3.cds.fa_00409	Rhodotorula_mucilaginosa_TFCN_17-0-2E337-3.cds.fa_11006	NaN	NaN	NaN	NaN	NaN	NaN	NaN	NaN	TFCN1702E3373_000413-T1	TFCN1702E3373_011152-T1
TFCN1702E3373_000413-T1__TFCN1702E3373_009405-T1	NaN	NaN	NaN	NaN	NaN	NaN	NaN	NaN	GF00000002	Rhodotorula_mucilaginosa_TFCN_17-0-2E337-3.cds.fa_00409	Rhodotorula_mucilaginosa_TFCN_17-0-2E337-3.cds.fa_09287	NaN	NaN	NaN	NaN	NaN	NaN	NaN	NaN	TFCN1702E3373_000413-T1	TFCN1702E3373_009405-T1
TFCN1702E3373_000413-T1__TFCN1702E3373_008100-T1	NaN	NaN	NaN	NaN	NaN	NaN	NaN	NaN	GF00000002	Rhodotorula_mucilaginosa_TFCN_17-0-2E337-3.cds.fa_00409	Rhodotorula_mucilaginosa_TFCN_17-0-2E337-3.cds.fa_08004	NaN	NaN	NaN	NaN	NaN	NaN	NaN	NaN	TFCN1702E3373_000413-T1	TFCN1702E3373_008100-T1
TFCN1702E3373_000413-T1__TFCN1702E3373_012136-T1	NaN	NaN	NaN	NaN	NaN	NaN	NaN	NaN	GF00000002	Rhodotorula_mucilaginosa_TFCN_17-0-2E337-3.cds.fa_00409	Rhodotorula_mucilaginosa_TFCN_17-0-2E337-3.cds.fa_11972	NaN	NaN	NaN	NaN	NaN	NaN	NaN	NaN	TFCN1702E3373_000413-T1	TFCN1702E3373_012136-T1
TFCN1702E3373_000413-T1__TFCN1702E3373_012121-T1	NaN	NaN	NaN	NaN	NaN	NaN	NaN	NaN	GF00000002	Rhodotorula_mucilaginosa_TFCN_17-0-2E337-3.cds.fa_00409	Rhodotorula_mucilaginosa_TFCN_17-0-2E337-3.cds.fa_11958	NaN	NaN	NaN	NaN	NaN	NaN	NaN	NaN	TFCN1702E3373_000413-T1	TFCN1702E3373_012121-T1
TFCN1702E3373_000413-T1__TFCN1702E3373_008099-T1	NaN	NaN	NaN	NaN	NaN	NaN	NaN	NaN	GF00000002	Rhodotorula_mucilaginosa_TFCN_17-0-2E337-3.cds.fa_00409	Rhodotorula_mucilaginosa_TFCN_17-0-2E337-3.cds.fa_08003	NaN	NaN	NaN	NaN	NaN	NaN	NaN	NaN	TFCN1702E3373_000413-T1	TFCN1702E3373_008099-T1
TFCN1702E3373_000413-T1__TFCN1702E3373_010879-T1	NaN	NaN	NaN	NaN	NaN	NaN	NaN	NaN	GF00000002	Rhodotorula_mucilaginosa_TFCN_17-0-2E337-3.cds.fa_00409	Rhodotorula_mucilaginosa_TFCN_17-0-2E337-3.cds.fa_10746	NaN	NaN	NaN	NaN	NaN	NaN	NaN	NaN	TFCN1702E3373_000413-T1	TFCN1702E3373_010879-T1
TFCN1702E3373_000413-T1__TFCN1702E3373_008098-T1	NaN	NaN	NaN	NaN	NaN	NaN	NaN	NaN	GF00000002	Rhodotorula_mucilaginosa_TFCN_17-0-2E337-3.cds.fa_00409	Rhodotorula_mucilaginosa_TFCN_17-0-2E337-3.cds.fa_08002	NaN	NaN	NaN	NaN	NaN	NaN	NaN	NaN	TFCN1702E3373_000413-T1	TFCN1702E3373_008098-T1
TFCN1702E3373_009405-T1__TFCN1702E3373_011152-T1	NaN	NaN	NaN	NaN	NaN	NaN	NaN	NaN	GF00000002	Rhodotorula_mucilaginosa_TFCN_17-0-2E337-3.cds.fa_11006	Rhodotorula_mucilaginosa_TFCN_17-0-2E337-3.cds.fa_09287	NaN	NaN	NaN	NaN	NaN	NaN	NaN	NaN	TFCN1702E3373_011152-T1	TFCN1702E3373_009405-T1
TFCN1702E3373_008100-T1__TFCN1702E3373_011152-T1	NaN	NaN	NaN	NaN	NaN	NaN	NaN	NaN	GF00000002	Rhodotorula_mucilaginosa_TFCN_17-0-2E337-3.cds.fa_11006	Rhodotorula_mucilaginosa_TFCN_17-0-2E337-3.cds.fa_08004	NaN	NaN	NaN	NaN	NaN	NaN	NaN	NaN	TFCN1702E3373_011152-T1	TFCN1702E3373_008100-T1
TFCN1702E3373_011152-T1__TFCN1702E3373_012136-T1	NaN	NaN	NaN	NaN	NaN	NaN	NaN	NaN	GF00000002	Rhodotorula_mucilaginosa_TFCN_17-0-2E337-3.cds.fa_11006	Rhodotorula_mucilaginosa_TFCN_17-0-2E337-3.cds.fa_11972	NaN	NaN	NaN	NaN	NaN	NaN	NaN	NaN	TFCN1702E3373_011152-T1	TFCN1702E3373_012136-T1
TFCN1702E3373_011152-T1__TFCN1702E3373_012121-T1	NaN	NaN	NaN	NaN	NaN	NaN	NaN	NaN	GF00000002	Rhodotorula_mucilaginosa_TFCN_17-0-2E337-3.cds.fa_11006	Rhodotorula_mucilaginosa_TFCN_17-0-2E337-3.cds.fa_11958	NaN	NaN	NaN	NaN	NaN	NaN	NaN	NaN	TFCN1702E3373_011152-T1	TFCN1702E3373_012121-T1
TFCN1702E3373_008099-T1__TFCN1702E3373_011152-T1	NaN	NaN	NaN	NaN	NaN	NaN	NaN	NaN	GF00000002	Rhodotorula_mucilaginosa_TFCN_17-0-2E337-3.cds.fa_11006	Rhodotorula_mucilaginosa_TFCN_17-0-2E337-3.cds.fa_08003	NaN	NaN	NaN	NaN	NaN	NaN	NaN	NaN	TFCN1702E3373_011152-T1	TFCN1702E3373_008099-T1
TFCN1702E3373_010879-T1__TFCN1702E3373_011152-T1	NaN	NaN	NaN	NaN	NaN	NaN	NaN	NaN	GF00000002	Rhodotorula_mucilaginosa_TFCN_17-0-2E337-3.cds.fa_11006	Rhodotorula_mucilaginosa_TFCN_17-0-2E337-3.cds.fa_10746	NaN	NaN	NaN	NaN	NaN	NaN	NaN	NaN	TFCN1702E3373_011152-T1	TFCN1702E3373_010879-T1
TFCN1702E3373_008098-T1__TFCN1702E3373_011152-T1	NaN	NaN	NaN	NaN	NaN	NaN	NaN	NaN	GF00000002	Rhodotorula_mucilaginosa_TFCN_17-0-2E337-3.cds.fa_11006	Rhodotorula_mucilaginosa_TFCN_17-0-2E337-3.cds.fa_08002	NaN	NaN	NaN	NaN	NaN	NaN	NaN	NaN	TFCN1702E3373_011152-T1	TFCN1702E3373_008098-T1
TFCN1702E3373_008100-T1__TFCN1702E3373_009405-T1	NaN	NaN	NaN	NaN	NaN	NaN	NaN	NaN	GF00000002	Rhodotorula_mucilaginosa_TFCN_17-0-2E337-3.cds.fa_09287	Rhodotorula_mucilaginosa_TFCN_17-0-2E337-3.cds.fa_08004	NaN	NaN	NaN	NaN	NaN	NaN	NaN	NaN	TFCN1702E3373_009405-T1	TFCN1702E3373_008100-T1
TFCN1702E3373_009405-T1__TFCN1702E3373_012136-T1	NaN	NaN	NaN	NaN	NaN	NaN	NaN	NaN	GF00000002	Rhodotorula_mucilaginosa_TFCN_17-0-2E337-3.cds.fa_09287	Rhodotorula_mucilaginosa_TFCN_17-0-2E337-3.cds.fa_11972	NaN	NaN	NaN	NaN	NaN	NaN	NaN	NaN	TFCN1702E3373_009405-T1	TFCN1702E3373_012136-T1
TFCN1702E3373_009405-T1__TFCN1702E3373_012121-T1	NaN	NaN	NaN	NaN	NaN	NaN	NaN	NaN	GF00000002	Rhodotorula_mucilaginosa_TFCN_17-0-2E337-3.cds.fa_09287	Rhodotorula_mucilaginosa_TFCN_17-0-2E337-3.cds.fa_11958	NaN	NaN	NaN	NaN	NaN	NaN	NaN	NaN	TFCN1702E3373_009405-T1	TFCN1702E3373_012121-T1
TFCN1702E3373_008099-T1__TFCN1702E3373_009405-T1	NaN	NaN	NaN	NaN	NaN	NaN	NaN	NaN	GF00000002	Rhodotorula_mucilaginosa_TFCN_17-0-2E337-3.cds.fa_09287	Rhodotorula_mucilaginosa_TFCN_17-0-2E337-3.cds.fa_08003	NaN	NaN	NaN	NaN	NaN	NaN	NaN	NaN	TFCN1702E3373_009405-T1	TFCN1702E3373_008099-T1
TFCN1702E3373_009405-T1__TFCN1702E3373_010879-T1	NaN	NaN	NaN	NaN	NaN	NaN	NaN	NaN	GF00000002	Rhodotorula_mucilaginosa_TFCN_17-0-2E337-3.cds.fa_09287	Rhodotorula_mucilaginosa_TFCN_17-0-2E337-3.cds.fa_10746	NaN	NaN	NaN	NaN	NaN	NaN	NaN	NaN	TFCN1702E3373_009405-T1	TFCN1702E3373_010879-T1
TFCN1702E3373_008098-T1__TFCN1702E3373_009405-T1	NaN	NaN	NaN	NaN	NaN	NaN	NaN	NaN	GF00000002	Rhodotorula_mucilaginosa_TFCN_17-0-2E337-3.cds.fa_09287	Rhodotorula_mucilaginosa_TFCN_17-0-2E337-3.cds.fa_08002	NaN	NaN	NaN	NaN	NaN	NaN	NaN	NaN	TFCN1702E3373_009405-T1	TFCN1702E3373_008098-T1
TFCN1702E3373_008100-T1__TFCN1702E3373_012136-T1	NaN	NaN	NaN	NaN	NaN	NaN	NaN	NaN	GF00000002	Rhodotorula_mucilaginosa_TFCN_17-0-2E337-3.cds.fa_08004	Rhodotorula_mucilaginosa_TFCN_17-0-2E337-3.cds.fa_11972	NaN	NaN	NaN	NaN	NaN	NaN	NaN	NaN	TFCN1702E3373_008100-T1	TFCN1702E3373_012136-T1
TFCN1702E3373_008100-T1__TFCN1702E3373_012121-T1	NaN	NaN	NaN	NaN	NaN	NaN	NaN	NaN	GF00000002	Rhodotorula_mucilaginosa_TFCN_17-0-2E337-3.cds.fa_08004	Rhodotorula_mucilaginosa_TFCN_17-0-2E337-3.cds.fa_11958	NaN	NaN	NaN	NaN	NaN	NaN	NaN	NaN	TFCN1702E3373_008100-T1	TFCN1702E3373_012121-T1
TFCN1702E3373_008099-T1__TFCN1702E3373_008100-T1	NaN	NaN	NaN	NaN	NaN	NaN	NaN	NaN	GF00000002	Rhodotorula_mucilaginosa_TFCN_17-0-2E337-3.cds.fa_08004	Rhodotorula_mucilaginosa_TFCN_17-0-2E337-3.cds.fa_08003	NaN	NaN	NaN	NaN	NaN	NaN	NaN	NaN	TFCN1702E3373_008100-T1	TFCN1702E3373_008099-T1
TFCN1702E3373_008100-T1__TFCN1702E3373_010879-T1	NaN	NaN	NaN	NaN	NaN	NaN	NaN	NaN	GF00000002	Rhodotorula_mucilaginosa_TFCN_17-0-2E337-3.cds.fa_08004	Rhodotorula_mucilaginosa_TFCN_17-0-2E337-3.cds.fa_10746	NaN	NaN	NaN	NaN	NaN	NaN	NaN	NaN	TFCN1702E3373_008100-T1	TFCN1702E3373_010879-T1
TFCN1702E3373_008098-T1__TFCN1702E3373_008100-T1	NaN	NaN	NaN	NaN	NaN	NaN	NaN	NaN	GF00000002	Rhodotorula_mucilaginosa_TFCN_17-0-2E337-3.cds.fa_08004	Rhodotorula_mucilaginosa_TFCN_17-0-2E337-3.cds.fa_08002	NaN	NaN	NaN	NaN	NaN	NaN	NaN	NaN	TFCN1702E3373_008100-T1	TFCN1702E3373_008098-T1
TFCN1702E3373_012121-T1__TFCN1702E3373_012136-T1	NaN	NaN	NaN	NaN	NaN	NaN	NaN	NaN	GF00000002	Rhodotorula_mucilaginosa_TFCN_17-0-2E337-3.cds.fa_11972	Rhodotorula_mucilaginosa_TFCN_17-0-2E337-3.cds.fa_11958	NaN	NaN	NaN	NaN	NaN	NaN	NaN	NaN	TFCN1702E3373_012136-T1	TFCN1702E3373_012121-T1
TFCN1702E3373_008099-T1__TFCN1702E3373_012136-T1	NaN	NaN	NaN	NaN	NaN	NaN	NaN	NaN	GF00000002	Rhodotorula_mucilaginosa_TFCN_17-0-2E337-3.cds.fa_11972	Rhodotorula_mucilaginosa_TFCN_17-0-2E337-3.cds.fa_08003	NaN	NaN	NaN	NaN	NaN	NaN	NaN	NaN	TFCN1702E3373_012136-T1	TFCN1702E3373_008099-T1
TFCN1702E3373_010879-T1__TFCN1702E3373_012136-T1	NaN	NaN	NaN	NaN	NaN	NaN	NaN	NaN	GF00000002	Rhodotorula_mucilaginosa_TFCN_17-0-2E337-3.cds.fa_11972	Rhodotorula_mucilaginosa_TFCN_17-0-2E337-3.cds.fa_10746	NaN	NaN	NaN	NaN	NaN	NaN	NaN	NaN	TFCN1702E3373_012136-T1	TFCN1702E3373_010879-T1
TFCN1702E3373_008098-T1__TFCN1702E3373_012136-T1	NaN	NaN	NaN	NaN	NaN	NaN	NaN	NaN	GF00000002	Rhodotorula_mucilaginosa_TFCN_17-0-2E337-3.cds.fa_11972	Rhodotorula_mucilaginosa_TFCN_17-0-2E337-3.cds.fa_08002	NaN	NaN	NaN	NaN	NaN	NaN	NaN	NaN	TFCN1702E3373_012136-T1	TFCN1702E3373_008098-T1
TFCN1702E3373_008099-T1__TFCN1702E3373_012121-T1	NaN	NaN	NaN	NaN	NaN	NaN	NaN	NaN	GF00000002	Rhodotorula_mucilaginosa_TFCN_17-0-2E337-3.cds.fa_11958	Rhodotorula_mucilaginosa_TFCN_17-0-2E337-3.cds.fa_08003	NaN	NaN	NaN	NaN	NaN	NaN	NaN	NaN	TFCN1702E3373_012121-T1	TFCN1702E3373_008099-T1
TFCN1702E3373_010879-T1__TFCN1702E3373_012121-T1	NaN	NaN	NaN	NaN	NaN	NaN	NaN	NaN	GF00000002	Rhodotorula_mucilaginosa_TFCN_17-0-2E337-3.cds.fa_11958	Rhodotorula_mucilaginosa_TFCN_17-0-2E337-3.cds.fa_10746	NaN	NaN	NaN	NaN	NaN	NaN	NaN	NaN	TFCN1702E3373_012121-T1	TFCN1702E3373_010879-T1
TFCN1702E3373_008098-T1__TFCN1702E3373_012121-T1	NaN	NaN	NaN	NaN	NaN	NaN	NaN	NaN	GF00000002	Rhodotorula_mucilaginosa_TFCN_17-0-2E337-3.cds.fa_11958	Rhodotorula_mucilaginosa_TFCN_17-0-2E337-3.cds.fa_08002	NaN	NaN	NaN	NaN	NaN	NaN	NaN	NaN	TFCN1702E3373_012121-T1	TFCN1702E3373_008098-T1
TFCN1702E3373_008099-T1__TFCN1702E3373_010879-T1	NaN	NaN	NaN	NaN	NaN	NaN	NaN	NaN	GF00000002	Rhodotorula_mucilaginosa_TFCN_17-0-2E337-3.cds.fa_08003	Rhodotorula_mucilaginosa_TFCN_17-0-2E337-3.cds.fa_10746	NaN	NaN	NaN	NaN	NaN	NaN	NaN	NaN	TFCN1702E3373_008099-T1	TFCN1702E3373_010879-T1
TFCN1702E3373_008098-T1__TFCN1702E3373_008099-T1	NaN	NaN	NaN	NaN	NaN	NaN	NaN	NaN	GF00000002	Rhodotorula_mucilaginosa_TFCN_17-0-2E337-3.cds.fa_08003	Rhodotorula_mucilaginosa_TFCN_17-0-2E337-3.cds.fa_08002	NaN	NaN	NaN	NaN	NaN	NaN	NaN	NaN	TFCN1702E3373_008099-T1	TFCN1702E3373_008098-T1
TFCN1702E3373_008098-T1__TFCN1702E3373_010879-T1	NaN	NaN	NaN	NaN	NaN	NaN	NaN	NaN	GF00000002	Rhodotorula_mucilaginosa_TFCN_17-0-2E337-3.cds.fa_10746	Rhodotorula_mucilaginosa_TFCN_17-0-2E337-3.cds.fa_08002	NaN	NaN	NaN	NaN	NaN	NaN	NaN	NaN	TFCN1702E3373_010879-T1	TFCN1702E3373_008098-T1
TFCN1702E3373_002665-T1__TFCN1702E3373_013051-T1	NaN	NaN	NaN	NaN	NaN	NaN	NaN	NaN	GF00000003	Rhodotorula_mucilaginosa_TFCN_17-0-2E337-3.cds.fa_02633	Rhodotorula_mucilaginosa_TFCN_17-0-2E337-3.cds.fa_12866	NaN	NaN	NaN	NaN	NaN	NaN	NaN	NaN	TFCN1702E3373_002665-T1	TFCN1702E3373_013051-T1
TFCN1702E3373_002665-T1__TFCN1702E3373_011510-T1	NaN	NaN	NaN	NaN	NaN	NaN	NaN	NaN	GF00000003	Rhodotorula_mucilaginosa_TFCN_17-0-2E337-3.cds.fa_02633	Rhodotorula_mucilaginosa_TFCN_17-0-2E337-3.cds.fa_11363	NaN	NaN	NaN	NaN	NaN	NaN	NaN	NaN	TFCN1702E3373_002665-T1	TFCN1702E3373_011510-T1
TFCN1702E3373_002665-T1__TFCN1702E3373_011844-T1	NaN	NaN	NaN	NaN	NaN	NaN	NaN	NaN	GF00000003	Rhodotorula_mucilaginosa_TFCN_17-0-2E337-3.cds.fa_02633	Rhodotorula_mucilaginosa_TFCN_17-0-2E337-3.cds.fa_11691	NaN	NaN	NaN	NaN	NaN	NaN	NaN	NaN	TFCN1702E3373_002665-T1	TFCN1702E3373_011844-T1
TFCN1702E3373_002665-T1__TFCN1702E3373_008777-T1	NaN	NaN	NaN	NaN	NaN	NaN	NaN	NaN	GF00000003	Rhodotorula_mucilaginosa_TFCN_17-0-2E337-3.cds.fa_02633	Rhodotorula_mucilaginosa_TFCN_17-0-2E337-3.cds.fa_08667	NaN	NaN	NaN	NaN	NaN	NaN	NaN	NaN	TFCN1702E3373_002665-T1	TFCN1702E3373_008777-T1
TFCN1702E3373_002665-T1__TFCN1702E3373_008761-T1	NaN	NaN	NaN	NaN	NaN	NaN	NaN	NaN	GF00000003	Rhodotorula_mucilaginosa_TFCN_17-0-2E337-3.cds.fa_02633	Rhodotorula_mucilaginosa_TFCN_17-0-2E337-3.cds.fa_08651	NaN	NaN	NaN	NaN	NaN	NaN	NaN	NaN	TFCN1702E3373_002665-T1	TFCN1702E3373_008761-T1
TFCN1702E3373_002665-T1__TFCN1702E3373_003554-T1	NaN	NaN	NaN	NaN	NaN	NaN	NaN	NaN	GF00000003	Rhodotorula_mucilaginosa_TFCN_17-0-2E337-3.cds.fa_02633	Rhodotorula_mucilaginosa_TFCN_17-0-2E337-3.cds.fa_03508	NaN	NaN	NaN	NaN	NaN	NaN	NaN	NaN	TFCN1702E3373_002665-T1	TFCN1702E3373_003554-T1
TFCN1702E3373_001642-T1__TFCN1702E3373_002665-T1	NaN	NaN	NaN	NaN	NaN	NaN	NaN	NaN	GF00000003	Rhodotorula_mucilaginosa_TFCN_17-0-2E337-3.cds.fa_02633	Rhodotorula_mucilaginosa_TFCN_17-0-2E337-3.cds.fa_01632	NaN	NaN	NaN	NaN	NaN	NaN	NaN	NaN	TFCN1702E3373_002665-T1	TFCN1702E3373_001642-T1
TFCN1702E3373_002665-T1__TFCN1702E3373_010599-T1	NaN	NaN	NaN	NaN	NaN	NaN	NaN	NaN	GF00000003	Rhodotorula_mucilaginosa_TFCN_17-0-2E337-3.cds.fa_02633	Rhodotorula_mucilaginosa_TFCN_17-0-2E337-3.cds.fa_10471	NaN	NaN	NaN	NaN	NaN	NaN	NaN	NaN	TFCN1702E3373_002665-T1	TFCN1702E3373_010599-T1
TFCN1702E3373_002665-T1__TFCN1702E3373_007952-T1	NaN	NaN	NaN	NaN	NaN	NaN	NaN	NaN	GF00000003	Rhodotorula_mucilaginosa_TFCN_17-0-2E337-3.cds.fa_02633	Rhodotorula_mucilaginosa_TFCN_17-0-2E337-3.cds.fa_07858	NaN	NaN	NaN	NaN	NaN	NaN	NaN	NaN	TFCN1702E3373_002665-T1	TFCN1702E3373_007952-T1
TFCN1702E3373_002665-T1__TFCN1702E3373_011870-T1	NaN	NaN	NaN	NaN	NaN	NaN	NaN	NaN	GF00000003	Rhodotorula_mucilaginosa_TFCN_17-0-2E337-3.cds.fa_02633	Rhodotorula_mucilaginosa_TFCN_17-0-2E337-3.cds.fa_11716	NaN	NaN	NaN	NaN	NaN	NaN	NaN	NaN	TFCN1702E3373_002665-T1	TFCN1702E3373_011870-T1
TFCN1702E3373_002665-T1__TFCN1702E3373_010586-T1	NaN	NaN	NaN	NaN	NaN	NaN	NaN	NaN	GF00000003	Rhodotorula_mucilaginosa_TFCN_17-0-2E337-3.cds.fa_02633	Rhodotorula_mucilaginosa_TFCN_17-0-2E337-3.cds.fa_10458	NaN	NaN	NaN	NaN	NaN	NaN	NaN	NaN	TFCN1702E3373_002665-T1	TFCN1702E3373_010586-T1
TFCN1702E3373_002665-T1__TFCN1702E3373_005605-T1	NaN	NaN	NaN	NaN	NaN	NaN	NaN	NaN	GF00000003	Rhodotorula_mucilaginosa_TFCN_17-0-2E337-3.cds.fa_02633	Rhodotorula_mucilaginosa_TFCN_17-0-2E337-3.cds.fa_05538	NaN	NaN	NaN	NaN	NaN	NaN	NaN	NaN	TFCN1702E3373_002665-T1	TFCN1702E3373_005605-T1
TFCN1702E3373_002665-T1__TFCN1702E3373_003548-T1	NaN	NaN	NaN	NaN	NaN	NaN	NaN	NaN	GF00000003	Rhodotorula_mucilaginosa_TFCN_17-0-2E337-3.cds.fa_02633	Rhodotorula_mucilaginosa_TFCN_17-0-2E337-3.cds.fa_03502	NaN	NaN	NaN	NaN	NaN	NaN	NaN	NaN	TFCN1702E3373_002665-T1	TFCN1702E3373_003548-T1
TFCN1702E3373_002665-T1__TFCN1702E3373_011864-T1	NaN	NaN	NaN	NaN	NaN	NaN	NaN	NaN	GF00000003	Rhodotorula_mucilaginosa_TFCN_17-0-2E337-3.cds.fa_02633	Rhodotorula_mucilaginosa_TFCN_17-0-2E337-3.cds.fa_11710	NaN	NaN	NaN	NaN	NaN	NaN	NaN	NaN	TFCN1702E3373_002665-T1	TFCN1702E3373_011864-T1
TFCN1702E3373_002665-T1__TFCN1702E3373_009840-T1	NaN	NaN	NaN	NaN	NaN	NaN	NaN	NaN	GF00000003	Rhodotorula_mucilaginosa_TFCN_17-0-2E337-3.cds.fa_02633	Rhodotorula_mucilaginosa_TFCN_17-0-2E337-3.cds.fa_09722	NaN	NaN	NaN	NaN	NaN	NaN	NaN	NaN	TFCN1702E3373_002665-T1	TFCN1702E3373_009840-T1
TFCN1702E3373_002665-T1__TFCN1702E3373_009759-T1	NaN	NaN	NaN	NaN	NaN	NaN	NaN	NaN	GF00000003	Rhodotorula_mucilaginosa_TFCN_17-0-2E337-3.cds.fa_02633	Rhodotorula_mucilaginosa_TFCN_17-0-2E337-3.cds.fa_09641	NaN	NaN	NaN	NaN	NaN	NaN	NaN	NaN	TFCN1702E3373_002665-T1	TFCN1702E3373_009759-T1
TFCN1702E3373_002665-T1__TFCN1702E3373_006308-T1	NaN	NaN	NaN	NaN	NaN	NaN	NaN	NaN	GF00000003	Rhodotorula_mucilaginosa_TFCN_17-0-2E337-3.cds.fa_02633	Rhodotorula_mucilaginosa_TFCN_17-0-2E337-3.cds.fa_06232	NaN	NaN	NaN	NaN	NaN	NaN	NaN	NaN	TFCN1702E3373_002665-T1	TFCN1702E3373_006308-T1
TFCN1702E3373_002665-T1__TFCN1702E3373_012744-T1	NaN	NaN	NaN	NaN	NaN	NaN	NaN	NaN	GF00000003	Rhodotorula_mucilaginosa_TFCN_17-0-2E337-3.cds.fa_02633	Rhodotorula_mucilaginosa_TFCN_17-0-2E337-3.cds.fa_12573	NaN	NaN	NaN	NaN	NaN	NaN	NaN	NaN	TFCN1702E3373_002665-T1	TFCN1702E3373_012744-T1
TFCN1702E3373_002665-T1__TFCN1702E3373_012158-T1	NaN	NaN	NaN	NaN	NaN	NaN	NaN	NaN	GF00000003	Rhodotorula_mucilaginosa_TFCN_17-0-2E337-3.cds.fa_02633	Rhodotorula_mucilaginosa_TFCN_17-0-2E337-3.cds.fa_11994	NaN	NaN	NaN	NaN	NaN	NaN	NaN	NaN	TFCN1702E3373_002665-T1	TFCN1702E3373_012158-T1
TFCN1702E3373_002665-T1__TFCN1702E3373_007123-T1	NaN	NaN	NaN	NaN	NaN	NaN	NaN	NaN	GF00000003	Rhodotorula_mucilaginosa_TFCN_17-0-2E337-3.cds.fa_02633	Rhodotorula_mucilaginosa_TFCN_17-0-2E337-3.cds.fa_07038	NaN	NaN	NaN	NaN	NaN	NaN	NaN	NaN	TFCN1702E3373_002665-T1	TFCN1702E3373_007123-T1
TFCN1702E3373_002665-T1__TFCN1702E3373_013632-T1	NaN	NaN	NaN	NaN	NaN	NaN	NaN	NaN	GF00000003	Rhodotorula_mucilaginosa_TFCN_17-0-2E337-3.cds.fa_02633	Rhodotorula_mucilaginosa_TFCN_17-0-2E337-3.cds.fa_13434	NaN	NaN	NaN	NaN	NaN	NaN	NaN	NaN	TFCN1702E3373_002665-T1	TFCN1702E3373_013632-T1
TFCN1702E3373_002665-T1__TFCN1702E3373_014442-T1	NaN	NaN	NaN	NaN	NaN	NaN	NaN	NaN	GF00000003	Rhodotorula_mucilaginosa_TFCN_17-0-2E337-3.cds.fa_02633	Rhodotorula_mucilaginosa_TFCN_17-0-2E337-3.cds.fa_14234	NaN	NaN	NaN	NaN	NaN	NaN	NaN	NaN	TFCN1702E3373_002665-T1	TFCN1702E3373_014442-T1
TFCN1702E3373_002665-T1__TFCN1702E3373_010574-T1	NaN	NaN	NaN	NaN	NaN	NaN	NaN	NaN	GF00000003	Rhodotorula_mucilaginosa_TFCN_17-0-2E337-3.cds.fa_02633	Rhodotorula_mucilaginosa_TFCN_17-0-2E337-3.cds.fa_10446	NaN	NaN	NaN	NaN	NaN	NaN	NaN	NaN	TFCN1702E3373_002665-T1	TFCN1702E3373_010574-T1
TFCN1702E3373_002665-T1__TFCN1702E3373_013397-T1	NaN	NaN	NaN	NaN	NaN	NaN	NaN	NaN	GF00000003	Rhodotorula_mucilaginosa_TFCN_17-0-2E337-3.cds.fa_02633	Rhodotorula_mucilaginosa_TFCN_17-0-2E337-3.cds.fa_13210	NaN	NaN	NaN	NaN	NaN	NaN	NaN	NaN	TFCN1702E3373_002665-T1	TFCN1702E3373_013397-T1
TFCN1702E3373_002665-T1__TFCN1702E3373_013050-T1	NaN	NaN	NaN	NaN	NaN	NaN	NaN	NaN	GF00000003	Rhodotorula_mucilaginosa_TFCN_17-0-2E337-3.cds.fa_02633	Rhodotorula_mucilaginosa_TFCN_17-0-2E337-3.cds.fa_12865	NaN	NaN	NaN	NaN	NaN	NaN	NaN	NaN	TFCN1702E3373_002665-T1	TFCN1702E3373_013050-T1
TFCN1702E3373_002665-T1__TFCN1702E3373_013396-T1	NaN	NaN	NaN	NaN	NaN	NaN	NaN	NaN	GF00000003	Rhodotorula_mucilaginosa_TFCN_17-0-2E337-3.cds.fa_02633	Rhodotorula_mucilaginosa_TFCN_17-0-2E337-3.cds.fa_13209	NaN	NaN	NaN	NaN	NaN	NaN	NaN	NaN	TFCN1702E3373_002665-T1	TFCN1702E3373_013396-T1
TFCN1702E3373_011510-T1__TFCN1702E3373_013051-T1	NaN	NaN	NaN	NaN	NaN	NaN	NaN	NaN	GF00000003	Rhodotorula_mucilaginosa_TFCN_17-0-2E337-3.cds.fa_12866	Rhodotorula_mucilaginosa_TFCN_17-0-2E337-3.cds.fa_11363	NaN	NaN	NaN	NaN	NaN	NaN	NaN	NaN	TFCN1702E3373_013051-T1	TFCN1702E3373_011510-T1
TFCN1702E3373_011844-T1__TFCN1702E3373_013051-T1	NaN	NaN	NaN	NaN	NaN	NaN	NaN	NaN	GF00000003	Rhodotorula_mucilaginosa_TFCN_17-0-2E337-3.cds.fa_12866	Rhodotorula_mucilaginosa_TFCN_17-0-2E337-3.cds.fa_11691	NaN	NaN	NaN	NaN	NaN	NaN	NaN	NaN	TFCN1702E3373_013051-T1	TFCN1702E3373_011844-T1
TFCN1702E3373_008777-T1__TFCN1702E3373_013051-T1	NaN	NaN	NaN	NaN	NaN	NaN	NaN	NaN	GF00000003	Rhodotorula_mucilaginosa_TFCN_17-0-2E337-3.cds.fa_12866	Rhodotorula_mucilaginosa_TFCN_17-0-2E337-3.cds.fa_08667	NaN	NaN	NaN	NaN	NaN	NaN	NaN	NaN	TFCN1702E3373_013051-T1	TFCN1702E3373_008777-T1
TFCN1702E3373_008761-T1__TFCN1702E3373_013051-T1	NaN	NaN	NaN	NaN	NaN	NaN	NaN	NaN	GF00000003	Rhodotorula_mucilaginosa_TFCN_17-0-2E337-3.cds.fa_12866	Rhodotorula_mucilaginosa_TFCN_17-0-2E337-3.cds.fa_08651	NaN	NaN	NaN	NaN	NaN	NaN	NaN	NaN	TFCN1702E3373_013051-T1	TFCN1702E3373_008761-T1
TFCN1702E3373_003554-T1__TFCN1702E3373_013051-T1	NaN	NaN	NaN	NaN	NaN	NaN	NaN	NaN	GF00000003	Rhodotorula_mucilaginosa_TFCN_17-0-2E337-3.cds.fa_12866	Rhodotorula_mucilaginosa_TFCN_17-0-2E337-3.cds.fa_03508	NaN	NaN	NaN	NaN	NaN	NaN	NaN	NaN	TFCN1702E3373_013051-T1	TFCN1702E3373_003554-T1
TFCN1702E3373_001642-T1__TFCN1702E3373_013051-T1	NaN	NaN	NaN	NaN	NaN	NaN	NaN	NaN	GF00000003	Rhodotorula_mucilaginosa_TFCN_17-0-2E337-3.cds.fa_12866	Rhodotorula_mucilaginosa_TFCN_17-0-2E337-3.cds.fa_01632	NaN	NaN	NaN	NaN	NaN	NaN	NaN	NaN	TFCN1702E3373_013051-T1	TFCN1702E3373_001642-T1
TFCN1702E3373_010599-T1__TFCN1702E3373_013051-T1	NaN	NaN	NaN	NaN	NaN	NaN	NaN	NaN	GF00000003	Rhodotorula_mucilaginosa_TFCN_17-0-2E337-3.cds.fa_12866	Rhodotorula_mucilaginosa_TFCN_17-0-2E337-3.cds.fa_10471	NaN	NaN	NaN	NaN	NaN	NaN	NaN	NaN	TFCN1702E3373_013051-T1	TFCN1702E3373_010599-T1
TFCN1702E3373_007952-T1__TFCN1702E3373_013051-T1	NaN	NaN	NaN	NaN	NaN	NaN	NaN	NaN	GF00000003	Rhodotorula_mucilaginosa_TFCN_17-0-2E337-3.cds.fa_12866	Rhodotorula_mucilaginosa_TFCN_17-0-2E337-3.cds.fa_07858	NaN	NaN	NaN	NaN	NaN	NaN	NaN	NaN	TFCN1702E3373_013051-T1	TFCN1702E3373_007952-T1
TFCN1702E3373_011870-T1__TFCN1702E3373_013051-T1	NaN	NaN	NaN	NaN	NaN	NaN	NaN	NaN	GF00000003	Rhodotorula_mucilaginosa_TFCN_17-0-2E337-3.cds.fa_12866	Rhodotorula_mucilaginosa_TFCN_17-0-2E337-3.cds.fa_11716	NaN	NaN	NaN	NaN	NaN	NaN	NaN	NaN	TFCN1702E3373_013051-T1	TFCN1702E3373_011870-T1
TFCN1702E3373_010586-T1__TFCN1702E3373_013051-T1	NaN	NaN	NaN	NaN	NaN	NaN	NaN	NaN	GF00000003	Rhodotorula_mucilaginosa_TFCN_17-0-2E337-3.cds.fa_12866	Rhodotorula_mucilaginosa_TFCN_17-0-2E337-3.cds.fa_10458	NaN	NaN	NaN	NaN	NaN	NaN	NaN	NaN	TFCN1702E3373_013051-T1	TFCN1702E3373_010586-T1
TFCN1702E3373_005605-T1__TFCN1702E3373_013051-T1	NaN	NaN	NaN	NaN	NaN	NaN	NaN	NaN	GF00000003	Rhodotorula_mucilaginosa_TFCN_17-0-2E337-3.cds.fa_12866	Rhodotorula_mucilaginosa_TFCN_17-0-2E337-3.cds.fa_05538	NaN	NaN	NaN	NaN	NaN	NaN	NaN	NaN	TFCN1702E3373_013051-T1	TFCN1702E3373_005605-T1
TFCN1702E3373_003548-T1__TFCN1702E3373_013051-T1	NaN	NaN	NaN	NaN	NaN	NaN	NaN	NaN	GF00000003	Rhodotorula_mucilaginosa_TFCN_17-0-2E337-3.cds.fa_12866	Rhodotorula_mucilaginosa_TFCN_17-0-2E337-3.cds.fa_03502	NaN	NaN	NaN	NaN	NaN	NaN	NaN	NaN	TFCN1702E3373_013051-T1	TFCN1702E3373_003548-T1
TFCN1702E3373_011864-T1__TFCN1702E3373_013051-T1	NaN	NaN	NaN	NaN	NaN	NaN	NaN	NaN	GF00000003	Rhodotorula_mucilaginosa_TFCN_17-0-2E337-3.cds.fa_12866	Rhodotorula_mucilaginosa_TFCN_17-0-2E337-3.cds.fa_11710	NaN	NaN	NaN	NaN	NaN	NaN	NaN	NaN	TFCN1702E3373_013051-T1	TFCN1702E3373_011864-T1
TFCN1702E3373_009840-T1__TFCN1702E3373_013051-T1	NaN	NaN	NaN	NaN	NaN	NaN	NaN	NaN	GF00000003	Rhodotorula_mucilaginosa_TFCN_17-0-2E337-3.cds.fa_12866	Rhodotorula_mucilaginosa_TFCN_17-0-2E337-3.cds.fa_09722	NaN	NaN	NaN	NaN	NaN	NaN	NaN	NaN	TFCN1702E3373_013051-T1	TFCN1702E3373_009840-T1
TFCN1702E3373_009759-T1__TFCN1702E3373_013051-T1	NaN	NaN	NaN	NaN	NaN	NaN	NaN	NaN	GF00000003	Rhodotorula_mucilaginosa_TFCN_17-0-2E337-3.cds.fa_12866	Rhodotorula_mucilaginosa_TFCN_17-0-2E337-3.cds.fa_09641	NaN	NaN	NaN	NaN	NaN	NaN	NaN	NaN	TFCN1702E3373_013051-T1	TFCN1702E3373_009759-T1
TFCN1702E3373_006308-T1__TFCN1702E3373_013051-T1	NaN	NaN	NaN	NaN	NaN	NaN	NaN	NaN	GF00000003	Rhodotorula_mucilaginosa_TFCN_17-0-2E337-3.cds.fa_12866	Rhodotorula_mucilaginosa_TFCN_17-0-2E337-3.cds.fa_06232	NaN	NaN	NaN	NaN	NaN	NaN	NaN	NaN	TFCN1702E3373_013051-T1	TFCN1702E3373_006308-T1
TFCN1702E3373_012744-T1__TFCN1702E3373_013051-T1	NaN	NaN	NaN	NaN	NaN	NaN	NaN	NaN	GF00000003	Rhodotorula_mucilaginosa_TFCN_17-0-2E337-3.cds.fa_12866	Rhodotorula_mucilaginosa_TFCN_17-0-2E337-3.cds.fa_12573	NaN	NaN	NaN	NaN	NaN	NaN	NaN	NaN	TFCN1702E3373_013051-T1	TFCN1702E3373_012744-T1
TFCN1702E3373_012158-T1__TFCN1702E3373_013051-T1	NaN	NaN	NaN	NaN	NaN	NaN	NaN	NaN	GF00000003	Rhodotorula_mucilaginosa_TFCN_17-0-2E337-3.cds.fa_12866	Rhodotorula_mucilaginosa_TFCN_17-0-2E337-3.cds.fa_11994	NaN	NaN	NaN	NaN	NaN	NaN	NaN	NaN	TFCN1702E3373_013051-T1	TFCN1702E3373_012158-T1
TFCN1702E3373_007123-T1__TFCN1702E3373_013051-T1	NaN	NaN	NaN	NaN	NaN	NaN	NaN	NaN	GF00000003	Rhodotorula_mucilaginosa_TFCN_17-0-2E337-3.cds.fa_12866	Rhodotorula_mucilaginosa_TFCN_17-0-2E337-3.cds.fa_07038	NaN	NaN	NaN	NaN	NaN	NaN	NaN	NaN	TFCN1702E3373_013051-T1	TFCN1702E3373_007123-T1
TFCN1702E3373_013051-T1__TFCN1702E3373_013632-T1	NaN	NaN	NaN	NaN	NaN	NaN	NaN	NaN	GF00000003	Rhodotorula_mucilaginosa_TFCN_17-0-2E337-3.cds.fa_12866	Rhodotorula_mucilaginosa_TFCN_17-0-2E337-3.cds.fa_13434	NaN	NaN	NaN	NaN	NaN	NaN	NaN	NaN	TFCN1702E3373_013051-T1	TFCN1702E3373_013632-T1
TFCN1702E3373_013051-T1__TFCN1702E3373_014442-T1	NaN	NaN	NaN	NaN	NaN	NaN	NaN	NaN	GF00000003	Rhodotorula_mucilaginosa_TFCN_17-0-2E337-3.cds.fa_12866	Rhodotorula_mucilaginosa_TFCN_17-0-2E337-3.cds.fa_14234	NaN	NaN	NaN	NaN	NaN	NaN	NaN	NaN	TFCN1702E3373_013051-T1	TFCN1702E3373_014442-T1
TFCN1702E3373_010574-T1__TFCN1702E3373_013051-T1	NaN	NaN	NaN	NaN	NaN	NaN	NaN	NaN	GF00000003	Rhodotorula_mucilaginosa_TFCN_17-0-2E337-3.cds.fa_12866	Rhodotorula_mucilaginosa_TFCN_17-0-2E337-3.cds.fa_10446	NaN	NaN	NaN	NaN	NaN	NaN	NaN	NaN	TFCN1702E3373_013051-T1	TFCN1702E3373_010574-T1
TFCN1702E3373_013051-T1__TFCN1702E3373_013397-T1	NaN	NaN	NaN	NaN	NaN	NaN	NaN	NaN	GF00000003	Rhodotorula_mucilaginosa_TFCN_17-0-2E337-3.cds.fa_12866	Rhodotorula_mucilaginosa_TFCN_17-0-2E337-3.cds.fa_13210	NaN	NaN	NaN	NaN	NaN	NaN	NaN	NaN	TFCN1702E3373_013051-T1	TFCN1702E3373_013397-T1
TFCN1702E3373_013050-T1__TFCN1702E3373_013051-T1	NaN	NaN	NaN	NaN	NaN	NaN	NaN	NaN	GF00000003	Rhodotorula_mucilaginosa_TFCN_17-0-2E337-3.cds.fa_12866	Rhodotorula_mucilaginosa_TFCN_17-0-2E337-3.cds.fa_12865	NaN	NaN	NaN	NaN	NaN	NaN	NaN	NaN	TFCN1702E3373_013051-T1	TFCN1702E3373_013050-T1
TFCN1702E3373_013051-T1__TFCN1702E3373_013396-T1	NaN	NaN	NaN	NaN	NaN	NaN	NaN	NaN	GF00000003	Rhodotorula_mucilaginosa_TFCN_17-0-2E337-3.cds.fa_12866	Rhodotorula_mucilaginosa_TFCN_17-0-2E337-3.cds.fa_13209	NaN	NaN	NaN	NaN	NaN	NaN	NaN	NaN	TFCN1702E3373_013051-T1	TFCN1702E3373_013396-T1
TFCN1702E3373_011510-T1__TFCN1702E3373_011844-T1	NaN	NaN	NaN	NaN	NaN	NaN	NaN	NaN	GF00000003	Rhodotorula_mucilaginosa_TFCN_17-0-2E337-3.cds.fa_11363	Rhodotorula_mucilaginosa_TFCN_17-0-2E337-3.cds.fa_11691	NaN	NaN	NaN	NaN	NaN	NaN	NaN	NaN	TFCN1702E3373_011510-T1	TFCN1702E3373_011844-T1
TFCN1702E3373_008777-T1__TFCN1702E3373_011510-T1	NaN	NaN	NaN	NaN	NaN	NaN	NaN	NaN	GF00000003	Rhodotorula_mucilaginosa_TFCN_17-0-2E337-3.cds.fa_11363	Rhodotorula_mucilaginosa_TFCN_17-0-2E337-3.cds.fa_08667	NaN	NaN	NaN	NaN	NaN	NaN	NaN	NaN	TFCN1702E3373_011510-T1	TFCN1702E3373_008777-T1
TFCN1702E3373_008761-T1__TFCN1702E3373_011510-T1	NaN	NaN	NaN	NaN	NaN	NaN	NaN	NaN	GF00000003	Rhodotorula_mucilaginosa_TFCN_17-0-2E337-3.cds.fa_11363	Rhodotorula_mucilaginosa_TFCN_17-0-2E337-3.cds.fa_08651	NaN	NaN	NaN	NaN	NaN	NaN	NaN	NaN	TFCN1702E3373_011510-T1	TFCN1702E3373_008761-T1
TFCN1702E3373_003554-T1__TFCN1702E3373_011510-T1	NaN	NaN	NaN	NaN	NaN	NaN	NaN	NaN	GF00000003	Rhodotorula_mucilaginosa_TFCN_17-0-2E337-3.cds.fa_11363	Rhodotorula_mucilaginosa_TFCN_17-0-2E337-3.cds.fa_03508	NaN	NaN	NaN	NaN	NaN	NaN	NaN	NaN	TFCN1702E3373_011510-T1	TFCN1702E3373_003554-T1
TFCN1702E3373_001642-T1__TFCN1702E3373_011510-T1	NaN	NaN	NaN	NaN	NaN	NaN	NaN	NaN	GF00000003	Rhodotorula_mucilaginosa_TFCN_17-0-2E337-3.cds.fa_11363	Rhodotorula_mucilaginosa_TFCN_17-0-2E337-3.cds.fa_01632	NaN	NaN	NaN	NaN	NaN	NaN	NaN	NaN	TFCN1702E3373_011510-T1	TFCN1702E3373_001642-T1
TFCN1702E3373_010599-T1__TFCN1702E3373_011510-T1	NaN	NaN	NaN	NaN	NaN	NaN	NaN	NaN	GF00000003	Rhodotorula_mucilaginosa_TFCN_17-0-2E337-3.cds.fa_11363	Rhodotorula_mucilaginosa_TFCN_17-0-2E337-3.cds.fa_10471	NaN	NaN	NaN	NaN	NaN	NaN	NaN	NaN	TFCN1702E3373_011510-T1	TFCN1702E3373_010599-T1
TFCN1702E3373_007952-T1__TFCN1702E3373_011510-T1	NaN	NaN	NaN	NaN	NaN	NaN	NaN	NaN	GF00000003	Rhodotorula_mucilaginosa_TFCN_17-0-2E337-3.cds.fa_11363	Rhodotorula_mucilaginosa_TFCN_17-0-2E337-3.cds.fa_07858	NaN	NaN	NaN	NaN	NaN	NaN	NaN	NaN	TFCN1702E3373_011510-T1	TFCN1702E3373_007952-T1
TFCN1702E3373_011510-T1__TFCN1702E3373_011870-T1	NaN	NaN	NaN	NaN	NaN	NaN	NaN	NaN	GF00000003	Rhodotorula_mucilaginosa_TFCN_17-0-2E337-3.cds.fa_11363	Rhodotorula_mucilaginosa_TFCN_17-0-2E337-3.cds.fa_11716	NaN	NaN	NaN	NaN	NaN	NaN	NaN	NaN	TFCN1702E3373_011510-T1	TFCN1702E3373_011870-T1
TFCN1702E3373_010586-T1__TFCN1702E3373_011510-T1	NaN	NaN	NaN	NaN	NaN	NaN	NaN	NaN	GF00000003	Rhodotorula_mucilaginosa_TFCN_17-0-2E337-3.cds.fa_11363	Rhodotorula_mucilaginosa_TFCN_17-0-2E337-3.cds.fa_10458	NaN	NaN	NaN	NaN	NaN	NaN	NaN	NaN	TFCN1702E3373_011510-T1	TFCN1702E3373_010586-T1
TFCN1702E3373_005605-T1__TFCN1702E3373_011510-T1	NaN	NaN	NaN	NaN	NaN	NaN	NaN	NaN	GF00000003	Rhodotorula_mucilaginosa_TFCN_17-0-2E337-3.cds.fa_11363	Rhodotorula_mucilaginosa_TFCN_17-0-2E337-3.cds.fa_05538	NaN	NaN	NaN	NaN	NaN	NaN	NaN	NaN	TFCN1702E3373_011510-T1	TFCN1702E3373_005605-T1
TFCN1702E3373_003548-T1__TFCN1702E3373_011510-T1	NaN	NaN	NaN	NaN	NaN	NaN	NaN	NaN	GF00000003	Rhodotorula_mucilaginosa_TFCN_17-0-2E337-3.cds.fa_11363	Rhodotorula_mucilaginosa_TFCN_17-0-2E337-3.cds.fa_03502	NaN	NaN	NaN	NaN	NaN	NaN	NaN	NaN	TFCN1702E3373_011510-T1	TFCN1702E3373_003548-T1
TFCN1702E3373_011510-T1__TFCN1702E3373_011864-T1	NaN	NaN	NaN	NaN	NaN	NaN	NaN	NaN	GF00000003	Rhodotorula_mucilaginosa_TFCN_17-0-2E337-3.cds.fa_11363	Rhodotorula_mucilaginosa_TFCN_17-0-2E337-3.cds.fa_11710	NaN	NaN	NaN	NaN	NaN	NaN	NaN	NaN	TFCN1702E3373_011510-T1	TFCN1702E3373_011864-T1
TFCN1702E3373_009840-T1__TFCN1702E3373_011510-T1	NaN	NaN	NaN	NaN	NaN	NaN	NaN	NaN	GF00000003	Rhodotorula_mucilaginosa_TFCN_17-0-2E337-3.cds.fa_11363	Rhodotorula_mucilaginosa_TFCN_17-0-2E337-3.cds.fa_09722	NaN	NaN	NaN	NaN	NaN	NaN	NaN	NaN	TFCN1702E3373_011510-T1	TFCN1702E3373_009840-T1
TFCN1702E3373_009759-T1__TFCN1702E3373_011510-T1	NaN	NaN	NaN	NaN	NaN	NaN	NaN	NaN	GF00000003	Rhodotorula_mucilaginosa_TFCN_17-0-2E337-3.cds.fa_11363	Rhodotorula_mucilaginosa_TFCN_17-0-2E337-3.cds.fa_09641	NaN	NaN	NaN	NaN	NaN	NaN	NaN	NaN	TFCN1702E3373_011510-T1	TFCN1702E3373_009759-T1
TFCN1702E3373_006308-T1__TFCN1702E3373_011510-T1	NaN	NaN	NaN	NaN	NaN	NaN	NaN	NaN	GF00000003	Rhodotorula_mucilaginosa_TFCN_17-0-2E337-3.cds.fa_11363	Rhodotorula_mucilaginosa_TFCN_17-0-2E337-3.cds.fa_06232	NaN	NaN	NaN	NaN	NaN	NaN	NaN	NaN	TFCN1702E3373_011510-T1	TFCN1702E3373_006308-T1
TFCN1702E3373_011510-T1__TFCN1702E3373_012744-T1	NaN	NaN	NaN	NaN	NaN	NaN	NaN	NaN	GF00000003	Rhodotorula_mucilaginosa_TFCN_17-0-2E337-3.cds.fa_11363	Rhodotorula_mucilaginosa_TFCN_17-0-2E337-3.cds.fa_12573	NaN	NaN	NaN	NaN	NaN	NaN	NaN	NaN	TFCN1702E3373_011510-T1	TFCN1702E3373_012744-T1
TFCN1702E3373_011510-T1__TFCN1702E3373_012158-T1	NaN	NaN	NaN	NaN	NaN	NaN	NaN	NaN	GF00000003	Rhodotorula_mucilaginosa_TFCN_17-0-2E337-3.cds.fa_11363	Rhodotorula_mucilaginosa_TFCN_17-0-2E337-3.cds.fa_11994	NaN	NaN	NaN	NaN	NaN	NaN	NaN	NaN	TFCN1702E3373_011510-T1	TFCN1702E3373_012158-T1
TFCN1702E3373_007123-T1__TFCN1702E3373_011510-T1	NaN	NaN	NaN	NaN	NaN	NaN	NaN	NaN	GF00000003	Rhodotorula_mucilaginosa_TFCN_17-0-2E337-3.cds.fa_11363	Rhodotorula_mucilaginosa_TFCN_17-0-2E337-3.cds.fa_07038	NaN	NaN	NaN	NaN	NaN	NaN	NaN	NaN	TFCN1702E3373_011510-T1	TFCN1702E3373_007123-T1
TFCN1702E3373_011510-T1__TFCN1702E3373_013632-T1	NaN	NaN	NaN	NaN	NaN	NaN	NaN	NaN	GF00000003	Rhodotorula_mucilaginosa_TFCN_17-0-2E337-3.cds.fa_11363	Rhodotorula_mucilaginosa_TFCN_17-0-2E337-3.cds.fa_13434	NaN	NaN	NaN	NaN	NaN	NaN	NaN	NaN	TFCN1702E3373_011510-T1	TFCN1702E3373_013632-T1
TFCN1702E3373_011510-T1__TFCN1702E3373_014442-T1	NaN	NaN	NaN	NaN	NaN	NaN	NaN	NaN	GF00000003	Rhodotorula_mucilaginosa_TFCN_17-0-2E337-3.cds.fa_11363	Rhodotorula_mucilaginosa_TFCN_17-0-2E337-3.cds.fa_14234	NaN	NaN	NaN	NaN	NaN	NaN	NaN	NaN	TFCN1702E3373_011510-T1	TFCN1702E3373_014442-T1
TFCN1702E3373_010574-T1__TFCN1702E3373_011510-T1	NaN	NaN	NaN	NaN	NaN	NaN	NaN	NaN	GF00000003	Rhodotorula_mucilaginosa_TFCN_17-0-2E337-3.cds.fa_11363	Rhodotorula_mucilaginosa_TFCN_17-0-2E337-3.cds.fa_10446	NaN	NaN	NaN	NaN	NaN	NaN	NaN	NaN	TFCN1702E3373_011510-T1	TFCN1702E3373_010574-T1
TFCN1702E3373_011510-T1__TFCN1702E3373_013397-T1	NaN	NaN	NaN	NaN	NaN	NaN	NaN	NaN	GF00000003	Rhodotorula_mucilaginosa_TFCN_17-0-2E337-3.cds.fa_11363	Rhodotorula_mucilaginosa_TFCN_17-0-2E337-3.cds.fa_13210	NaN	NaN	NaN	NaN	NaN	NaN	NaN	NaN	TFCN1702E3373_011510-T1	TFCN1702E3373_013397-T1
TFCN1702E3373_011510-T1__TFCN1702E3373_013050-T1	NaN	NaN	NaN	NaN	NaN	NaN	NaN	NaN	GF00000003	Rhodotorula_mucilaginosa_TFCN_17-0-2E337-3.cds.fa_11363	Rhodotorula_mucilaginosa_TFCN_17-0-2E337-3.cds.fa_12865	NaN	NaN	NaN	NaN	NaN	NaN	NaN	NaN	TFCN1702E3373_011510-T1	TFCN1702E3373_013050-T1
TFCN1702E3373_011510-T1__TFCN1702E3373_013396-T1	NaN	NaN	NaN	NaN	NaN	NaN	NaN	NaN	GF00000003	Rhodotorula_mucilaginosa_TFCN_17-0-2E337-3.cds.fa_11363	Rhodotorula_mucilaginosa_TFCN_17-0-2E337-3.cds.fa_13209	NaN	NaN	NaN	NaN	NaN	NaN	NaN	NaN	TFCN1702E3373_011510-T1	TFCN1702E3373_013396-T1
TFCN1702E3373_008777-T1__TFCN1702E3373_011844-T1	NaN	NaN	NaN	NaN	NaN	NaN	NaN	NaN	GF00000003	Rhodotorula_mucilaginosa_TFCN_17-0-2E337-3.cds.fa_11691	Rhodotorula_mucilaginosa_TFCN_17-0-2E337-3.cds.fa_08667	NaN	NaN	NaN	NaN	NaN	NaN	NaN	NaN	TFCN1702E3373_011844-T1	TFCN1702E3373_008777-T1
TFCN1702E3373_008761-T1__TFCN1702E3373_011844-T1	NaN	NaN	NaN	NaN	NaN	NaN	NaN	NaN	GF00000003	Rhodotorula_mucilaginosa_TFCN_17-0-2E337-3.cds.fa_11691	Rhodotorula_mucilaginosa_TFCN_17-0-2E337-3.cds.fa_08651	NaN	NaN	NaN	NaN	NaN	NaN	NaN	NaN	TFCN1702E3373_011844-T1	TFCN1702E3373_008761-T1
TFCN1702E3373_003554-T1__TFCN1702E3373_011844-T1	NaN	NaN	NaN	NaN	NaN	NaN	NaN	NaN	GF00000003	Rhodotorula_mucilaginosa_TFCN_17-0-2E337-3.cds.fa_11691	Rhodotorula_mucilaginosa_TFCN_17-0-2E337-3.cds.fa_03508	NaN	NaN	NaN	NaN	NaN	NaN	NaN	NaN	TFCN1702E3373_011844-T1	TFCN1702E3373_003554-T1
TFCN1702E3373_001642-T1__TFCN1702E3373_011844-T1	NaN	NaN	NaN	NaN	NaN	NaN	NaN	NaN	GF00000003	Rhodotorula_mucilaginosa_TFCN_17-0-2E337-3.cds.fa_11691	Rhodotorula_mucilaginosa_TFCN_17-0-2E337-3.cds.fa_01632	NaN	NaN	NaN	NaN	NaN	NaN	NaN	NaN	TFCN1702E3373_011844-T1	TFCN1702E3373_001642-T1
TFCN1702E3373_010599-T1__TFCN1702E3373_011844-T1	NaN	NaN	NaN	NaN	NaN	NaN	NaN	NaN	GF00000003	Rhodotorula_mucilaginosa_TFCN_17-0-2E337-3.cds.fa_11691	Rhodotorula_mucilaginosa_TFCN_17-0-2E337-3.cds.fa_10471	NaN	NaN	NaN	NaN	NaN	NaN	NaN	NaN	TFCN1702E3373_011844-T1	TFCN1702E3373_010599-T1
TFCN1702E3373_007952-T1__TFCN1702E3373_011844-T1	NaN	NaN	NaN	NaN	NaN	NaN	NaN	NaN	GF00000003	Rhodotorula_mucilaginosa_TFCN_17-0-2E337-3.cds.fa_11691	Rhodotorula_mucilaginosa_TFCN_17-0-2E337-3.cds.fa_07858	NaN	NaN	NaN	NaN	NaN	NaN	NaN	NaN	TFCN1702E3373_011844-T1	TFCN1702E3373_007952-T1
TFCN1702E3373_011844-T1__TFCN1702E3373_011870-T1	NaN	NaN	NaN	NaN	NaN	NaN	NaN	NaN	GF00000003	Rhodotorula_mucilaginosa_TFCN_17-0-2E337-3.cds.fa_11691	Rhodotorula_mucilaginosa_TFCN_17-0-2E337-3.cds.fa_11716	NaN	NaN	NaN	NaN	NaN	NaN	NaN	NaN	TFCN1702E3373_011844-T1	TFCN1702E3373_011870-T1
TFCN1702E3373_010586-T1__TFCN1702E3373_011844-T1	NaN	NaN	NaN	NaN	NaN	NaN	NaN	NaN	GF00000003	Rhodotorula_mucilaginosa_TFCN_17-0-2E337-3.cds.fa_11691	Rhodotorula_mucilaginosa_TFCN_17-0-2E337-3.cds.fa_10458	NaN	NaN	NaN	NaN	NaN	NaN	NaN	NaN	TFCN1702E3373_011844-T1	TFCN1702E3373_010586-T1
TFCN1702E3373_005605-T1__TFCN1702E3373_011844-T1	NaN	NaN	NaN	NaN	NaN	NaN	NaN	NaN	GF00000003	Rhodotorula_mucilaginosa_TFCN_17-0-2E337-3.cds.fa_11691	Rhodotorula_mucilaginosa_TFCN_17-0-2E337-3.cds.fa_05538	NaN	NaN	NaN	NaN	NaN	NaN	NaN	NaN	TFCN1702E3373_011844-T1	TFCN1702E3373_005605-T1
TFCN1702E3373_003548-T1__TFCN1702E3373_011844-T1	NaN	NaN	NaN	NaN	NaN	NaN	NaN	NaN	GF00000003	Rhodotorula_mucilaginosa_TFCN_17-0-2E337-3.cds.fa_11691	Rhodotorula_mucilaginosa_TFCN_17-0-2E337-3.cds.fa_03502	NaN	NaN	NaN	NaN	NaN	NaN	NaN	NaN	TFCN1702E3373_011844-T1	TFCN1702E3373_003548-T1
TFCN1702E3373_011844-T1__TFCN1702E3373_011864-T1	NaN	NaN	NaN	NaN	NaN	NaN	NaN	NaN	GF00000003	Rhodotorula_mucilaginosa_TFCN_17-0-2E337-3.cds.fa_11691	Rhodotorula_mucilaginosa_TFCN_17-0-2E337-3.cds.fa_11710	NaN	NaN	NaN	NaN	NaN	NaN	NaN	NaN	TFCN1702E3373_011844-T1	TFCN1702E3373_011864-T1
TFCN1702E3373_009840-T1__TFCN1702E3373_011844-T1	NaN	NaN	NaN	NaN	NaN	NaN	NaN	NaN	GF00000003	Rhodotorula_mucilaginosa_TFCN_17-0-2E337-3.cds.fa_11691	Rhodotorula_mucilaginosa_TFCN_17-0-2E337-3.cds.fa_09722	NaN	NaN	NaN	NaN	NaN	NaN	NaN	NaN	TFCN1702E3373_011844-T1	TFCN1702E3373_009840-T1
TFCN1702E3373_009759-T1__TFCN1702E3373_011844-T1	NaN	NaN	NaN	NaN	NaN	NaN	NaN	NaN	GF00000003	Rhodotorula_mucilaginosa_TFCN_17-0-2E337-3.cds.fa_11691	Rhodotorula_mucilaginosa_TFCN_17-0-2E337-3.cds.fa_09641	NaN	NaN	NaN	NaN	NaN	NaN	NaN	NaN	TFCN1702E3373_011844-T1	TFCN1702E3373_009759-T1
TFCN1702E3373_006308-T1__TFCN1702E3373_011844-T1	NaN	NaN	NaN	NaN	NaN	NaN	NaN	NaN	GF00000003	Rhodotorula_mucilaginosa_TFCN_17-0-2E337-3.cds.fa_11691	Rhodotorula_mucilaginosa_TFCN_17-0-2E337-3.cds.fa_06232	NaN	NaN	NaN	NaN	NaN	NaN	NaN	NaN	TFCN1702E3373_011844-T1	TFCN1702E3373_006308-T1
TFCN1702E3373_011844-T1__TFCN1702E3373_012744-T1	NaN	NaN	NaN	NaN	NaN	NaN	NaN	NaN	GF00000003	Rhodotorula_mucilaginosa_TFCN_17-0-2E337-3.cds.fa_11691	Rhodotorula_mucilaginosa_TFCN_17-0-2E337-3.cds.fa_12573	NaN	NaN	NaN	NaN	NaN	NaN	NaN	NaN	TFCN1702E3373_011844-T1	TFCN1702E3373_012744-T1
TFCN1702E3373_011844-T1__TFCN1702E3373_012158-T1	NaN	NaN	NaN	NaN	NaN	NaN	NaN	NaN	GF00000003	Rhodotorula_mucilaginosa_TFCN_17-0-2E337-3.cds.fa_11691	Rhodotorula_mucilaginosa_TFCN_17-0-2E337-3.cds.fa_11994	NaN	NaN	NaN	NaN	NaN	NaN	NaN	NaN	TFCN1702E3373_011844-T1	TFCN1702E3373_012158-T1
TFCN1702E3373_007123-T1__TFCN1702E3373_011844-T1	NaN	NaN	NaN	NaN	NaN	NaN	NaN	NaN	GF00000003	Rhodotorula_mucilaginosa_TFCN_17-0-2E337-3.cds.fa_11691	Rhodotorula_mucilaginosa_TFCN_17-0-2E337-3.cds.fa_07038	NaN	NaN	NaN	NaN	NaN	NaN	NaN	NaN	TFCN1702E3373_011844-T1	TFCN1702E3373_007123-T1
TFCN1702E3373_011844-T1__TFCN1702E3373_013632-T1	NaN	NaN	NaN	NaN	NaN	NaN	NaN	NaN	GF00000003	Rhodotorula_mucilaginosa_TFCN_17-0-2E337-3.cds.fa_11691	Rhodotorula_mucilaginosa_TFCN_17-0-2E337-3.cds.fa_13434	NaN	NaN	NaN	NaN	NaN	NaN	NaN	NaN	TFCN1702E3373_011844-T1	TFCN1702E3373_013632-T1
TFCN1702E3373_011844-T1__TFCN1702E3373_014442-T1	NaN	NaN	NaN	NaN	NaN	NaN	NaN	NaN	GF00000003	Rhodotorula_mucilaginosa_TFCN_17-0-2E337-3.cds.fa_11691	Rhodotorula_mucilaginosa_TFCN_17-0-2E337-3.cds.fa_14234	NaN	NaN	NaN	NaN	NaN	NaN	NaN	NaN	TFCN1702E3373_011844-T1	TFCN1702E3373_014442-T1
TFCN1702E3373_010574-T1__TFCN1702E3373_011844-T1	NaN	NaN	NaN	NaN	NaN	NaN	NaN	NaN	GF00000003	Rhodotorula_mucilaginosa_TFCN_17-0-2E337-3.cds.fa_11691	Rhodotorula_mucilaginosa_TFCN_17-0-2E337-3.cds.fa_10446	NaN	NaN	NaN	NaN	NaN	NaN	NaN	NaN	TFCN1702E3373_011844-T1	TFCN1702E3373_010574-T1
TFCN1702E3373_011844-T1__TFCN1702E3373_013397-T1	NaN	NaN	NaN	NaN	NaN	NaN	NaN	NaN	GF00000003	Rhodotorula_mucilaginosa_TFCN_17-0-2E337-3.cds.fa_11691	Rhodotorula_mucilaginosa_TFCN_17-0-2E337-3.cds.fa_13210	NaN	NaN	NaN	NaN	NaN	NaN	NaN	NaN	TFCN1702E3373_011844-T1	TFCN1702E3373_013397-T1
TFCN1702E3373_011844-T1__TFCN1702E3373_013050-T1	NaN	NaN	NaN	NaN	NaN	NaN	NaN	NaN	GF00000003	Rhodotorula_mucilaginosa_TFCN_17-0-2E337-3.cds.fa_11691	Rhodotorula_mucilaginosa_TFCN_17-0-2E337-3.cds.fa_12865	NaN	NaN	NaN	NaN	NaN	NaN	NaN	NaN	TFCN1702E3373_011844-T1	TFCN1702E3373_013050-T1
TFCN1702E3373_011844-T1__TFCN1702E3373_013396-T1	NaN	NaN	NaN	NaN	NaN	NaN	NaN	NaN	GF00000003	Rhodotorula_mucilaginosa_TFCN_17-0-2E337-3.cds.fa_11691	Rhodotorula_mucilaginosa_TFCN_17-0-2E337-3.cds.fa_13209	NaN	NaN	NaN	NaN	NaN	NaN	NaN	NaN	TFCN1702E3373_011844-T1	TFCN1702E3373_013396-T1
TFCN1702E3373_008761-T1__TFCN1702E3373_008777-T1	NaN	NaN	NaN	NaN	NaN	NaN	NaN	NaN	GF00000003	Rhodotorula_mucilaginosa_TFCN_17-0-2E337-3.cds.fa_08667	Rhodotorula_mucilaginosa_TFCN_17-0-2E337-3.cds.fa_08651	NaN	NaN	NaN	NaN	NaN	NaN	NaN	NaN	TFCN1702E3373_008777-T1	TFCN1702E3373_008761-T1
TFCN1702E3373_003554-T1__TFCN1702E3373_008777-T1	NaN	NaN	NaN	NaN	NaN	NaN	NaN	NaN	GF00000003	Rhodotorula_mucilaginosa_TFCN_17-0-2E337-3.cds.fa_08667	Rhodotorula_mucilaginosa_TFCN_17-0-2E337-3.cds.fa_03508	NaN	NaN	NaN	NaN	NaN	NaN	NaN	NaN	TFCN1702E3373_008777-T1	TFCN1702E3373_003554-T1
TFCN1702E3373_001642-T1__TFCN1702E3373_008777-T1	NaN	NaN	NaN	NaN	NaN	NaN	NaN	NaN	GF00000003	Rhodotorula_mucilaginosa_TFCN_17-0-2E337-3.cds.fa_08667	Rhodotorula_mucilaginosa_TFCN_17-0-2E337-3.cds.fa_01632	NaN	NaN	NaN	NaN	NaN	NaN	NaN	NaN	TFCN1702E3373_008777-T1	TFCN1702E3373_001642-T1
TFCN1702E3373_008777-T1__TFCN1702E3373_010599-T1	NaN	NaN	NaN	NaN	NaN	NaN	NaN	NaN	GF00000003	Rhodotorula_mucilaginosa_TFCN_17-0-2E337-3.cds.fa_08667	Rhodotorula_mucilaginosa_TFCN_17-0-2E337-3.cds.fa_10471	NaN	NaN	NaN	NaN	NaN	NaN	NaN	NaN	TFCN1702E3373_008777-T1	TFCN1702E3373_010599-T1
TFCN1702E3373_007952-T1__TFCN1702E3373_008777-T1	NaN	NaN	NaN	NaN	NaN	NaN	NaN	NaN	GF00000003	Rhodotorula_mucilaginosa_TFCN_17-0-2E337-3.cds.fa_08667	Rhodotorula_mucilaginosa_TFCN_17-0-2E337-3.cds.fa_07858	NaN	NaN	NaN	NaN	NaN	NaN	NaN	NaN	TFCN1702E3373_008777-T1	TFCN1702E3373_007952-T1
TFCN1702E3373_008777-T1__TFCN1702E3373_011870-T1	NaN	NaN	NaN	NaN	NaN	NaN	NaN	NaN	GF00000003	Rhodotorula_mucilaginosa_TFCN_17-0-2E337-3.cds.fa_08667	Rhodotorula_mucilaginosa_TFCN_17-0-2E337-3.cds.fa_11716	NaN	NaN	NaN	NaN	NaN	NaN	NaN	NaN	TFCN1702E3373_008777-T1	TFCN1702E3373_011870-T1
TFCN1702E3373_008777-T1__TFCN1702E3373_010586-T1	NaN	NaN	NaN	NaN	NaN	NaN	NaN	NaN	GF00000003	Rhodotorula_mucilaginosa_TFCN_17-0-2E337-3.cds.fa_08667	Rhodotorula_mucilaginosa_TFCN_17-0-2E337-3.cds.fa_10458	NaN	NaN	NaN	NaN	NaN	NaN	NaN	NaN	TFCN1702E3373_008777-T1	TFCN1702E3373_010586-T1
TFCN1702E3373_005605-T1__TFCN1702E3373_008777-T1	NaN	NaN	NaN	NaN	NaN	NaN	NaN	NaN	GF00000003	Rhodotorula_mucilaginosa_TFCN_17-0-2E337-3.cds.fa_08667	Rhodotorula_mucilaginosa_TFCN_17-0-2E337-3.cds.fa_05538	NaN	NaN	NaN	NaN	NaN	NaN	NaN	NaN	TFCN1702E3373_008777-T1	TFCN1702E3373_005605-T1
TFCN1702E3373_003548-T1__TFCN1702E3373_008777-T1	NaN	NaN	NaN	NaN	NaN	NaN	NaN	NaN	GF00000003	Rhodotorula_mucilaginosa_TFCN_17-0-2E337-3.cds.fa_08667	Rhodotorula_mucilaginosa_TFCN_17-0-2E337-3.cds.fa_03502	NaN	NaN	NaN	NaN	NaN	NaN	NaN	NaN	TFCN1702E3373_008777-T1	TFCN1702E3373_003548-T1
TFCN1702E3373_008777-T1__TFCN1702E3373_011864-T1	NaN	NaN	NaN	NaN	NaN	NaN	NaN	NaN	GF00000003	Rhodotorula_mucilaginosa_TFCN_17-0-2E337-3.cds.fa_08667	Rhodotorula_mucilaginosa_TFCN_17-0-2E337-3.cds.fa_11710	NaN	NaN	NaN	NaN	NaN	NaN	NaN	NaN	TFCN1702E3373_008777-T1	TFCN1702E3373_011864-T1
TFCN1702E3373_008777-T1__TFCN1702E3373_009840-T1	NaN	NaN	NaN	NaN	NaN	NaN	NaN	NaN	GF00000003	Rhodotorula_mucilaginosa_TFCN_17-0-2E337-3.cds.fa_08667	Rhodotorula_mucilaginosa_TFCN_17-0-2E337-3.cds.fa_09722	NaN	NaN	NaN	NaN	NaN	NaN	NaN	NaN	TFCN1702E3373_008777-T1	TFCN1702E3373_009840-T1
TFCN1702E3373_008777-T1__TFCN1702E3373_009759-T1	NaN	NaN	NaN	NaN	NaN	NaN	NaN	NaN	GF00000003	Rhodotorula_mucilaginosa_TFCN_17-0-2E337-3.cds.fa_08667	Rhodotorula_mucilaginosa_TFCN_17-0-2E337-3.cds.fa_09641	NaN	NaN	NaN	NaN	NaN	NaN	NaN	NaN	TFCN1702E3373_008777-T1	TFCN1702E3373_009759-T1
TFCN1702E3373_006308-T1__TFCN1702E3373_008777-T1	NaN	NaN	NaN	NaN	NaN	NaN	NaN	NaN	GF00000003	Rhodotorula_mucilaginosa_TFCN_17-0-2E337-3.cds.fa_08667	Rhodotorula_mucilaginosa_TFCN_17-0-2E337-3.cds.fa_06232	NaN	NaN	NaN	NaN	NaN	NaN	NaN	NaN	TFCN1702E3373_008777-T1	TFCN1702E3373_006308-T1
TFCN1702E3373_008777-T1__TFCN1702E3373_012744-T1	NaN	NaN	NaN	NaN	NaN	NaN	NaN	NaN	GF00000003	Rhodotorula_mucilaginosa_TFCN_17-0-2E337-3.cds.fa_08667	Rhodotorula_mucilaginosa_TFCN_17-0-2E337-3.cds.fa_12573	NaN	NaN	NaN	NaN	NaN	NaN	NaN	NaN	TFCN1702E3373_008777-T1	TFCN1702E3373_012744-T1
TFCN1702E3373_008777-T1__TFCN1702E3373_012158-T1	NaN	NaN	NaN	NaN	NaN	NaN	NaN	NaN	GF00000003	Rhodotorula_mucilaginosa_TFCN_17-0-2E337-3.cds.fa_08667	Rhodotorula_mucilaginosa_TFCN_17-0-2E337-3.cds.fa_11994	NaN	NaN	NaN	NaN	NaN	NaN	NaN	NaN	TFCN1702E3373_008777-T1	TFCN1702E3373_012158-T1
TFCN1702E3373_007123-T1__TFCN1702E3373_008777-T1	NaN	NaN	NaN	NaN	NaN	NaN	NaN	NaN	GF00000003	Rhodotorula_mucilaginosa_TFCN_17-0-2E337-3.cds.fa_08667	Rhodotorula_mucilaginosa_TFCN_17-0-2E337-3.cds.fa_07038	NaN	NaN	NaN	NaN	NaN	NaN	NaN	NaN	TFCN1702E3373_008777-T1	TFCN1702E3373_007123-T1
TFCN1702E3373_008777-T1__TFCN1702E3373_013632-T1	NaN	NaN	NaN	NaN	NaN	NaN	NaN	NaN	GF00000003	Rhodotorula_mucilaginosa_TFCN_17-0-2E337-3.cds.fa_08667	Rhodotorula_mucilaginosa_TFCN_17-0-2E337-3.cds.fa_13434	NaN	NaN	NaN	NaN	NaN	NaN	NaN	NaN	TFCN1702E3373_008777-T1	TFCN1702E3373_013632-T1
TFCN1702E3373_008777-T1__TFCN1702E3373_014442-T1	NaN	NaN	NaN	NaN	NaN	NaN	NaN	NaN	GF00000003	Rhodotorula_mucilaginosa_TFCN_17-0-2E337-3.cds.fa_08667	Rhodotorula_mucilaginosa_TFCN_17-0-2E337-3.cds.fa_14234	NaN	NaN	NaN	NaN	NaN	NaN	NaN	NaN	TFCN1702E3373_008777-T1	TFCN1702E3373_014442-T1
TFCN1702E3373_008777-T1__TFCN1702E3373_010574-T1	NaN	NaN	NaN	NaN	NaN	NaN	NaN	NaN	GF00000003	Rhodotorula_mucilaginosa_TFCN_17-0-2E337-3.cds.fa_08667	Rhodotorula_mucilaginosa_TFCN_17-0-2E337-3.cds.fa_10446	NaN	NaN	NaN	NaN	NaN	NaN	NaN	NaN	TFCN1702E3373_008777-T1	TFCN1702E3373_010574-T1
TFCN1702E3373_008777-T1__TFCN1702E3373_013397-T1	NaN	NaN	NaN	NaN	NaN	NaN	NaN	NaN	GF00000003	Rhodotorula_mucilaginosa_TFCN_17-0-2E337-3.cds.fa_08667	Rhodotorula_mucilaginosa_TFCN_17-0-2E337-3.cds.fa_13210	NaN	NaN	NaN	NaN	NaN	NaN	NaN	NaN	TFCN1702E3373_008777-T1	TFCN1702E3373_013397-T1
TFCN1702E3373_008777-T1__TFCN1702E3373_013050-T1	NaN	NaN	NaN	NaN	NaN	NaN	NaN	NaN	GF00000003	Rhodotorula_mucilaginosa_TFCN_17-0-2E337-3.cds.fa_08667	Rhodotorula_mucilaginosa_TFCN_17-0-2E337-3.cds.fa_12865	NaN	NaN	NaN	NaN	NaN	NaN	NaN	NaN	TFCN1702E3373_008777-T1	TFCN1702E3373_013050-T1
TFCN1702E3373_008777-T1__TFCN1702E3373_013396-T1	NaN	NaN	NaN	NaN	NaN	NaN	NaN	NaN	GF00000003	Rhodotorula_mucilaginosa_TFCN_17-0-2E337-3.cds.fa_08667	Rhodotorula_mucilaginosa_TFCN_17-0-2E337-3.cds.fa_13209	NaN	NaN	NaN	NaN	NaN	NaN	NaN	NaN	TFCN1702E3373_008777-T1	TFCN1702E3373_013396-T1
TFCN1702E3373_003554-T1__TFCN1702E3373_008761-T1	NaN	NaN	NaN	NaN	NaN	NaN	NaN	NaN	GF00000003	Rhodotorula_mucilaginosa_TFCN_17-0-2E337-3.cds.fa_08651	Rhodotorula_mucilaginosa_TFCN_17-0-2E337-3.cds.fa_03508	NaN	NaN	NaN	NaN	NaN	NaN	NaN	NaN	TFCN1702E3373_008761-T1	TFCN1702E3373_003554-T1
TFCN1702E3373_001642-T1__TFCN1702E3373_008761-T1	NaN	NaN	NaN	NaN	NaN	NaN	NaN	NaN	GF00000003	Rhodotorula_mucilaginosa_TFCN_17-0-2E337-3.cds.fa_08651	Rhodotorula_mucilaginosa_TFCN_17-0-2E337-3.cds.fa_01632	NaN	NaN	NaN	NaN	NaN	NaN	NaN	NaN	TFCN1702E3373_008761-T1	TFCN1702E3373_001642-T1
TFCN1702E3373_008761-T1__TFCN1702E3373_010599-T1	NaN	NaN	NaN	NaN	NaN	NaN	NaN	NaN	GF00000003	Rhodotorula_mucilaginosa_TFCN_17-0-2E337-3.cds.fa_08651	Rhodotorula_mucilaginosa_TFCN_17-0-2E337-3.cds.fa_10471	NaN	NaN	NaN	NaN	NaN	NaN	NaN	NaN	TFCN1702E3373_008761-T1	TFCN1702E3373_010599-T1
TFCN1702E3373_007952-T1__TFCN1702E3373_008761-T1	NaN	NaN	NaN	NaN	NaN	NaN	NaN	NaN	GF00000003	Rhodotorula_mucilaginosa_TFCN_17-0-2E337-3.cds.fa_08651	Rhodotorula_mucilaginosa_TFCN_17-0-2E337-3.cds.fa_07858	NaN	NaN	NaN	NaN	NaN	NaN	NaN	NaN	TFCN1702E3373_008761-T1	TFCN1702E3373_007952-T1
TFCN1702E3373_008761-T1__TFCN1702E3373_011870-T1	NaN	NaN	NaN	NaN	NaN	NaN	NaN	NaN	GF00000003	Rhodotorula_mucilaginosa_TFCN_17-0-2E337-3.cds.fa_08651	Rhodotorula_mucilaginosa_TFCN_17-0-2E337-3.cds.fa_11716	NaN	NaN	NaN	NaN	NaN	NaN	NaN	NaN	TFCN1702E3373_008761-T1	TFCN1702E3373_011870-T1
TFCN1702E3373_008761-T1__TFCN1702E3373_010586-T1	NaN	NaN	NaN	NaN	NaN	NaN	NaN	NaN	GF00000003	Rhodotorula_mucilaginosa_TFCN_17-0-2E337-3.cds.fa_08651	Rhodotorula_mucilaginosa_TFCN_17-0-2E337-3.cds.fa_10458	NaN	NaN	NaN	NaN	NaN	NaN	NaN	NaN	TFCN1702E3373_008761-T1	TFCN1702E3373_010586-T1
TFCN1702E3373_005605-T1__TFCN1702E3373_008761-T1	NaN	NaN	NaN	NaN	NaN	NaN	NaN	NaN	GF00000003	Rhodotorula_mucilaginosa_TFCN_17-0-2E337-3.cds.fa_08651	Rhodotorula_mucilaginosa_TFCN_17-0-2E337-3.cds.fa_05538	NaN	NaN	NaN	NaN	NaN	NaN	NaN	NaN	TFCN1702E3373_008761-T1	TFCN1702E3373_005605-T1
TFCN1702E3373_003548-T1__TFCN1702E3373_008761-T1	NaN	NaN	NaN	NaN	NaN	NaN	NaN	NaN	GF00000003	Rhodotorula_mucilaginosa_TFCN_17-0-2E337-3.cds.fa_08651	Rhodotorula_mucilaginosa_TFCN_17-0-2E337-3.cds.fa_03502	NaN	NaN	NaN	NaN	NaN	NaN	NaN	NaN	TFCN1702E3373_008761-T1	TFCN1702E3373_003548-T1
TFCN1702E3373_008761-T1__TFCN1702E3373_011864-T1	NaN	NaN	NaN	NaN	NaN	NaN	NaN	NaN	GF00000003	Rhodotorula_mucilaginosa_TFCN_17-0-2E337-3.cds.fa_08651	Rhodotorula_mucilaginosa_TFCN_17-0-2E337-3.cds.fa_11710	NaN	NaN	NaN	NaN	NaN	NaN	NaN	NaN	TFCN1702E3373_008761-T1	TFCN1702E3373_011864-T1
TFCN1702E3373_008761-T1__TFCN1702E3373_009840-T1	NaN	NaN	NaN	NaN	NaN	NaN	NaN	NaN	GF00000003	Rhodotorula_mucilaginosa_TFCN_17-0-2E337-3.cds.fa_08651	Rhodotorula_mucilaginosa_TFCN_17-0-2E337-3.cds.fa_09722	NaN	NaN	NaN	NaN	NaN	NaN	NaN	NaN	TFCN1702E3373_008761-T1	TFCN1702E3373_009840-T1
TFCN1702E3373_008761-T1__TFCN1702E3373_009759-T1	NaN	NaN	NaN	NaN	NaN	NaN	NaN	NaN	GF00000003	Rhodotorula_mucilaginosa_TFCN_17-0-2E337-3.cds.fa_08651	Rhodotorula_mucilaginosa_TFCN_17-0-2E337-3.cds.fa_09641	NaN	NaN	NaN	NaN	NaN	NaN	NaN	NaN	TFCN1702E3373_008761-T1	TFCN1702E3373_009759-T1
TFCN1702E3373_006308-T1__TFCN1702E3373_008761-T1	NaN	NaN	NaN	NaN	NaN	NaN	NaN	NaN	GF00000003	Rhodotorula_mucilaginosa_TFCN_17-0-2E337-3.cds.fa_08651	Rhodotorula_mucilaginosa_TFCN_17-0-2E337-3.cds.fa_06232	NaN	NaN	NaN	NaN	NaN	NaN	NaN	NaN	TFCN1702E3373_008761-T1	TFCN1702E3373_006308-T1
TFCN1702E3373_008761-T1__TFCN1702E3373_012744-T1	NaN	NaN	NaN	NaN	NaN	NaN	NaN	NaN	GF00000003	Rhodotorula_mucilaginosa_TFCN_17-0-2E337-3.cds.fa_08651	Rhodotorula_mucilaginosa_TFCN_17-0-2E337-3.cds.fa_12573	NaN	NaN	NaN	NaN	NaN	NaN	NaN	NaN	TFCN1702E3373_008761-T1	TFCN1702E3373_012744-T1
TFCN1702E3373_008761-T1__TFCN1702E3373_012158-T1	NaN	NaN	NaN	NaN	NaN	NaN	NaN	NaN	GF00000003	Rhodotorula_mucilaginosa_TFCN_17-0-2E337-3.cds.fa_08651	Rhodotorula_mucilaginosa_TFCN_17-0-2E337-3.cds.fa_11994	NaN	NaN	NaN	NaN	NaN	NaN	NaN	NaN	TFCN1702E3373_008761-T1	TFCN1702E3373_012158-T1
TFCN1702E3373_007123-T1__TFCN1702E3373_008761-T1	NaN	NaN	NaN	NaN	NaN	NaN	NaN	NaN	GF00000003	Rhodotorula_mucilaginosa_TFCN_17-0-2E337-3.cds.fa_08651	Rhodotorula_mucilaginosa_TFCN_17-0-2E337-3.cds.fa_07038	NaN	NaN	NaN	NaN	NaN	NaN	NaN	NaN	TFCN1702E3373_008761-T1	TFCN1702E3373_007123-T1
TFCN1702E3373_008761-T1__TFCN1702E3373_013632-T1	NaN	NaN	NaN	NaN	NaN	NaN	NaN	NaN	GF00000003	Rhodotorula_mucilaginosa_TFCN_17-0-2E337-3.cds.fa_08651	Rhodotorula_mucilaginosa_TFCN_17-0-2E337-3.cds.fa_13434	NaN	NaN	NaN	NaN	NaN	NaN	NaN	NaN	TFCN1702E3373_008761-T1	TFCN1702E3373_013632-T1
TFCN1702E3373_008761-T1__TFCN1702E3373_014442-T1	NaN	NaN	NaN	NaN	NaN	NaN	NaN	NaN	GF00000003	Rhodotorula_mucilaginosa_TFCN_17-0-2E337-3.cds.fa_08651	Rhodotorula_mucilaginosa_TFCN_17-0-2E337-3.cds.fa_14234	NaN	NaN	NaN	NaN	NaN	NaN	NaN	NaN	TFCN1702E3373_008761-T1	TFCN1702E3373_014442-T1
TFCN1702E3373_008761-T1__TFCN1702E3373_010574-T1	NaN	NaN	NaN	NaN	NaN	NaN	NaN	NaN	GF00000003	Rhodotorula_mucilaginosa_TFCN_17-0-2E337-3.cds.fa_08651	Rhodotorula_mucilaginosa_TFCN_17-0-2E337-3.cds.fa_10446	NaN	NaN	NaN	NaN	NaN	NaN	NaN	NaN	TFCN1702E3373_008761-T1	TFCN1702E3373_010574-T1
TFCN1702E3373_008761-T1__TFCN1702E3373_013397-T1	NaN	NaN	NaN	NaN	NaN	NaN	NaN	NaN	GF00000003	Rhodotorula_mucilaginosa_TFCN_17-0-2E337-3.cds.fa_08651	Rhodotorula_mucilaginosa_TFCN_17-0-2E337-3.cds.fa_13210	NaN	NaN	NaN	NaN	NaN	NaN	NaN	NaN	TFCN1702E3373_008761-T1	TFCN1702E3373_013397-T1
TFCN1702E3373_008761-T1__TFCN1702E3373_013050-T1	NaN	NaN	NaN	NaN	NaN	NaN	NaN	NaN	GF00000003	Rhodotorula_mucilaginosa_TFCN_17-0-2E337-3.cds.fa_08651	Rhodotorula_mucilaginosa_TFCN_17-0-2E337-3.cds.fa_12865	NaN	NaN	NaN	NaN	NaN	NaN	NaN	NaN	TFCN1702E3373_008761-T1	TFCN1702E3373_013050-T1
TFCN1702E3373_008761-T1__TFCN1702E3373_013396-T1	NaN	NaN	NaN	NaN	NaN	NaN	NaN	NaN	GF00000003	Rhodotorula_mucilaginosa_TFCN_17-0-2E337-3.cds.fa_08651	Rhodotorula_mucilaginosa_TFCN_17-0-2E337-3.cds.fa_13209	NaN	NaN	NaN	NaN	NaN	NaN	NaN	NaN	TFCN1702E3373_008761-T1	TFCN1702E3373_013396-T1
TFCN1702E3373_001642-T1__TFCN1702E3373_003554-T1	NaN	NaN	NaN	NaN	NaN	NaN	NaN	NaN	GF00000003	Rhodotorula_mucilaginosa_TFCN_17-0-2E337-3.cds.fa_03508	Rhodotorula_mucilaginosa_TFCN_17-0-2E337-3.cds.fa_01632	NaN	NaN	NaN	NaN	NaN	NaN	NaN	NaN	TFCN1702E3373_003554-T1	TFCN1702E3373_001642-T1
TFCN1702E3373_003554-T1__TFCN1702E3373_010599-T1	NaN	NaN	NaN	NaN	NaN	NaN	NaN	NaN	GF00000003	Rhodotorula_mucilaginosa_TFCN_17-0-2E337-3.cds.fa_03508	Rhodotorula_mucilaginosa_TFCN_17-0-2E337-3.cds.fa_10471	NaN	NaN	NaN	NaN	NaN	NaN	NaN	NaN	TFCN1702E3373_003554-T1	TFCN1702E3373_010599-T1
TFCN1702E3373_003554-T1__TFCN1702E3373_007952-T1	NaN	NaN	NaN	NaN	NaN	NaN	NaN	NaN	GF00000003	Rhodotorula_mucilaginosa_TFCN_17-0-2E337-3.cds.fa_03508	Rhodotorula_mucilaginosa_TFCN_17-0-2E337-3.cds.fa_07858	NaN	NaN	NaN	NaN	NaN	NaN	NaN	NaN	TFCN1702E3373_003554-T1	TFCN1702E3373_007952-T1
TFCN1702E3373_003554-T1__TFCN1702E3373_011870-T1	NaN	NaN	NaN	NaN	NaN	NaN	NaN	NaN	GF00000003	Rhodotorula_mucilaginosa_TFCN_17-0-2E337-3.cds.fa_03508	Rhodotorula_mucilaginosa_TFCN_17-0-2E337-3.cds.fa_11716	NaN	NaN	NaN	NaN	NaN	NaN	NaN	NaN	TFCN1702E3373_003554-T1	TFCN1702E3373_011870-T1
TFCN1702E3373_003554-T1__TFCN1702E3373_010586-T1	NaN	NaN	NaN	NaN	NaN	NaN	NaN	NaN	GF00000003	Rhodotorula_mucilaginosa_TFCN_17-0-2E337-3.cds.fa_03508	Rhodotorula_mucilaginosa_TFCN_17-0-2E337-3.cds.fa_10458	NaN	NaN	NaN	NaN	NaN	NaN	NaN	NaN	TFCN1702E3373_003554-T1	TFCN1702E3373_010586-T1
TFCN1702E3373_003554-T1__TFCN1702E3373_005605-T1	NaN	NaN	NaN	NaN	NaN	NaN	NaN	NaN	GF00000003	Rhodotorula_mucilaginosa_TFCN_17-0-2E337-3.cds.fa_03508	Rhodotorula_mucilaginosa_TFCN_17-0-2E337-3.cds.fa_05538	NaN	NaN	NaN	NaN	NaN	NaN	NaN	NaN	TFCN1702E3373_003554-T1	TFCN1702E3373_005605-T1
TFCN1702E3373_003548-T1__TFCN1702E3373_003554-T1	NaN	NaN	NaN	NaN	NaN	NaN	NaN	NaN	GF00000003	Rhodotorula_mucilaginosa_TFCN_17-0-2E337-3.cds.fa_03508	Rhodotorula_mucilaginosa_TFCN_17-0-2E337-3.cds.fa_03502	NaN	NaN	NaN	NaN	NaN	NaN	NaN	NaN	TFCN1702E3373_003554-T1	TFCN1702E3373_003548-T1
TFCN1702E3373_003554-T1__TFCN1702E3373_011864-T1	NaN	NaN	NaN	NaN	NaN	NaN	NaN	NaN	GF00000003	Rhodotorula_mucilaginosa_TFCN_17-0-2E337-3.cds.fa_03508	Rhodotorula_mucilaginosa_TFCN_17-0-2E337-3.cds.fa_11710	NaN	NaN	NaN	NaN	NaN	NaN	NaN	NaN	TFCN1702E3373_003554-T1	TFCN1702E3373_011864-T1
TFCN1702E3373_003554-T1__TFCN1702E3373_009840-T1	NaN	NaN	NaN	NaN	NaN	NaN	NaN	NaN	GF00000003	Rhodotorula_mucilaginosa_TFCN_17-0-2E337-3.cds.fa_03508	Rhodotorula_mucilaginosa_TFCN_17-0-2E337-3.cds.fa_09722	NaN	NaN	NaN	NaN	NaN	NaN	NaN	NaN	TFCN1702E3373_003554-T1	TFCN1702E3373_009840-T1
TFCN1702E3373_003554-T1__TFCN1702E3373_009759-T1	NaN	NaN	NaN	NaN	NaN	NaN	NaN	NaN	GF00000003	Rhodotorula_mucilaginosa_TFCN_17-0-2E337-3.cds.fa_03508	Rhodotorula_mucilaginosa_TFCN_17-0-2E337-3.cds.fa_09641	NaN	NaN	NaN	NaN	NaN	NaN	NaN	NaN	TFCN1702E3373_003554-T1	TFCN1702E3373_009759-T1
TFCN1702E3373_003554-T1__TFCN1702E3373_006308-T1	NaN	NaN	NaN	NaN	NaN	NaN	NaN	NaN	GF00000003	Rhodotorula_mucilaginosa_TFCN_17-0-2E337-3.cds.fa_03508	Rhodotorula_mucilaginosa_TFCN_17-0-2E337-3.cds.fa_06232	NaN	NaN	NaN	NaN	NaN	NaN	NaN	NaN	TFCN1702E3373_003554-T1	TFCN1702E3373_006308-T1
TFCN1702E3373_003554-T1__TFCN1702E3373_012744-T1	NaN	NaN	NaN	NaN	NaN	NaN	NaN	NaN	GF00000003	Rhodotorula_mucilaginosa_TFCN_17-0-2E337-3.cds.fa_03508	Rhodotorula_mucilaginosa_TFCN_17-0-2E337-3.cds.fa_12573	NaN	NaN	NaN	NaN	NaN	NaN	NaN	NaN	TFCN1702E3373_003554-T1	TFCN1702E3373_012744-T1
TFCN1702E3373_003554-T1__TFCN1702E3373_012158-T1	NaN	NaN	NaN	NaN	NaN	NaN	NaN	NaN	GF00000003	Rhodotorula_mucilaginosa_TFCN_17-0-2E337-3.cds.fa_03508	Rhodotorula_mucilaginosa_TFCN_17-0-2E337-3.cds.fa_11994	NaN	NaN	NaN	NaN	NaN	NaN	NaN	NaN	TFCN1702E3373_003554-T1	TFCN1702E3373_012158-T1
TFCN1702E3373_003554-T1__TFCN1702E3373_007123-T1	NaN	NaN	NaN	NaN	NaN	NaN	NaN	NaN	GF00000003	Rhodotorula_mucilaginosa_TFCN_17-0-2E337-3.cds.fa_03508	Rhodotorula_mucilaginosa_TFCN_17-0-2E337-3.cds.fa_07038	NaN	NaN	NaN	NaN	NaN	NaN	NaN	NaN	TFCN1702E3373_003554-T1	TFCN1702E3373_007123-T1
TFCN1702E3373_003554-T1__TFCN1702E3373_013632-T1	NaN	NaN	NaN	NaN	NaN	NaN	NaN	NaN	GF00000003	Rhodotorula_mucilaginosa_TFCN_17-0-2E337-3.cds.fa_03508	Rhodotorula_mucilaginosa_TFCN_17-0-2E337-3.cds.fa_13434	NaN	NaN	NaN	NaN	NaN	NaN	NaN	NaN	TFCN1702E3373_003554-T1	TFCN1702E3373_013632-T1
TFCN1702E3373_003554-T1__TFCN1702E3373_014442-T1	NaN	NaN	NaN	NaN	NaN	NaN	NaN	NaN	GF00000003	Rhodotorula_mucilaginosa_TFCN_17-0-2E337-3.cds.fa_03508	Rhodotorula_mucilaginosa_TFCN_17-0-2E337-3.cds.fa_14234	NaN	NaN	NaN	NaN	NaN	NaN	NaN	NaN	TFCN1702E3373_003554-T1	TFCN1702E3373_014442-T1
TFCN1702E3373_003554-T1__TFCN1702E3373_010574-T1	NaN	NaN	NaN	NaN	NaN	NaN	NaN	NaN	GF00000003	Rhodotorula_mucilaginosa_TFCN_17-0-2E337-3.cds.fa_03508	Rhodotorula_mucilaginosa_TFCN_17-0-2E337-3.cds.fa_10446	NaN	NaN	NaN	NaN	NaN	NaN	NaN	NaN	TFCN1702E3373_003554-T1	TFCN1702E3373_010574-T1
TFCN1702E3373_003554-T1__TFCN1702E3373_013397-T1	NaN	NaN	NaN	NaN	NaN	NaN	NaN	NaN	GF00000003	Rhodotorula_mucilaginosa_TFCN_17-0-2E337-3.cds.fa_03508	Rhodotorula_mucilaginosa_TFCN_17-0-2E337-3.cds.fa_13210	NaN	NaN	NaN	NaN	NaN	NaN	NaN	NaN	TFCN1702E3373_003554-T1	TFCN1702E3373_013397-T1
TFCN1702E3373_003554-T1__TFCN1702E3373_013050-T1	NaN	NaN	NaN	NaN	NaN	NaN	NaN	NaN	GF00000003	Rhodotorula_mucilaginosa_TFCN_17-0-2E337-3.cds.fa_03508	Rhodotorula_mucilaginosa_TFCN_17-0-2E337-3.cds.fa_12865	NaN	NaN	NaN	NaN	NaN	NaN	NaN	NaN	TFCN1702E3373_003554-T1	TFCN1702E3373_013050-T1
TFCN1702E3373_003554-T1__TFCN1702E3373_013396-T1	NaN	NaN	NaN	NaN	NaN	NaN	NaN	NaN	GF00000003	Rhodotorula_mucilaginosa_TFCN_17-0-2E337-3.cds.fa_03508	Rhodotorula_mucilaginosa_TFCN_17-0-2E337-3.cds.fa_13209	NaN	NaN	NaN	NaN	NaN	NaN	NaN	NaN	TFCN1702E3373_003554-T1	TFCN1702E3373_013396-T1
TFCN1702E3373_001642-T1__TFCN1702E3373_010599-T1	NaN	NaN	NaN	NaN	NaN	NaN	NaN	NaN	GF00000003	Rhodotorula_mucilaginosa_TFCN_17-0-2E337-3.cds.fa_01632	Rhodotorula_mucilaginosa_TFCN_17-0-2E337-3.cds.fa_10471	NaN	NaN	NaN	NaN	NaN	NaN	NaN	NaN	TFCN1702E3373_001642-T1	TFCN1702E3373_010599-T1
TFCN1702E3373_001642-T1__TFCN1702E3373_007952-T1	NaN	NaN	NaN	NaN	NaN	NaN	NaN	NaN	GF00000003	Rhodotorula_mucilaginosa_TFCN_17-0-2E337-3.cds.fa_01632	Rhodotorula_mucilaginosa_TFCN_17-0-2E337-3.cds.fa_07858	NaN	NaN	NaN	NaN	NaN	NaN	NaN	NaN	TFCN1702E3373_001642-T1	TFCN1702E3373_007952-T1
TFCN1702E3373_001642-T1__TFCN1702E3373_011870-T1	NaN	NaN	NaN	NaN	NaN	NaN	NaN	NaN	GF00000003	Rhodotorula_mucilaginosa_TFCN_17-0-2E337-3.cds.fa_01632	Rhodotorula_mucilaginosa_TFCN_17-0-2E337-3.cds.fa_11716	NaN	NaN	NaN	NaN	NaN	NaN	NaN	NaN	TFCN1702E3373_001642-T1	TFCN1702E3373_011870-T1
TFCN1702E3373_001642-T1__TFCN1702E3373_010586-T1	NaN	NaN	NaN	NaN	NaN	NaN	NaN	NaN	GF00000003	Rhodotorula_mucilaginosa_TFCN_17-0-2E337-3.cds.fa_01632	Rhodotorula_mucilaginosa_TFCN_17-0-2E337-3.cds.fa_10458	NaN	NaN	NaN	NaN	NaN	NaN	NaN	NaN	TFCN1702E3373_001642-T1	TFCN1702E3373_010586-T1
TFCN1702E3373_001642-T1__TFCN1702E3373_005605-T1	NaN	NaN	NaN	NaN	NaN	NaN	NaN	NaN	GF00000003	Rhodotorula_mucilaginosa_TFCN_17-0-2E337-3.cds.fa_01632	Rhodotorula_mucilaginosa_TFCN_17-0-2E337-3.cds.fa_05538	NaN	NaN	NaN	NaN	NaN	NaN	NaN	NaN	TFCN1702E3373_001642-T1	TFCN1702E3373_005605-T1
TFCN1702E3373_001642-T1__TFCN1702E3373_003548-T1	NaN	NaN	NaN	NaN	NaN	NaN	NaN	NaN	GF00000003	Rhodotorula_mucilaginosa_TFCN_17-0-2E337-3.cds.fa_01632	Rhodotorula_mucilaginosa_TFCN_17-0-2E337-3.cds.fa_03502	NaN	NaN	NaN	NaN	NaN	NaN	NaN	NaN	TFCN1702E3373_001642-T1	TFCN1702E3373_003548-T1
TFCN1702E3373_001642-T1__TFCN1702E3373_011864-T1	NaN	NaN	NaN	NaN	NaN	NaN	NaN	NaN	GF00000003	Rhodotorula_mucilaginosa_TFCN_17-0-2E337-3.cds.fa_01632	Rhodotorula_mucilaginosa_TFCN_17-0-2E337-3.cds.fa_11710	NaN	NaN	NaN	NaN	NaN	NaN	NaN	NaN	TFCN1702E3373_001642-T1	TFCN1702E3373_011864-T1
TFCN1702E3373_001642-T1__TFCN1702E3373_009840-T1	NaN	NaN	NaN	NaN	NaN	NaN	NaN	NaN	GF00000003	Rhodotorula_mucilaginosa_TFCN_17-0-2E337-3.cds.fa_01632	Rhodotorula_mucilaginosa_TFCN_17-0-2E337-3.cds.fa_09722	NaN	NaN	NaN	NaN	NaN	NaN	NaN	NaN	TFCN1702E3373_001642-T1	TFCN1702E3373_009840-T1
TFCN1702E3373_001642-T1__TFCN1702E3373_009759-T1	NaN	NaN	NaN	NaN	NaN	NaN	NaN	NaN	GF00000003	Rhodotorula_mucilaginosa_TFCN_17-0-2E337-3.cds.fa_01632	Rhodotorula_mucilaginosa_TFCN_17-0-2E337-3.cds.fa_09641	NaN	NaN	NaN	NaN	NaN	NaN	NaN	NaN	TFCN1702E3373_001642-T1	TFCN1702E3373_009759-T1
TFCN1702E3373_001642-T1__TFCN1702E3373_006308-T1	NaN	NaN	NaN	NaN	NaN	NaN	NaN	NaN	GF00000003	Rhodotorula_mucilaginosa_TFCN_17-0-2E337-3.cds.fa_01632	Rhodotorula_mucilaginosa_TFCN_17-0-2E337-3.cds.fa_06232	NaN	NaN	NaN	NaN	NaN	NaN	NaN	NaN	TFCN1702E3373_001642-T1	TFCN1702E3373_006308-T1
TFCN1702E3373_001642-T1__TFCN1702E3373_012744-T1	NaN	NaN	NaN	NaN	NaN	NaN	NaN	NaN	GF00000003	Rhodotorula_mucilaginosa_TFCN_17-0-2E337-3.cds.fa_01632	Rhodotorula_mucilaginosa_TFCN_17-0-2E337-3.cds.fa_12573	NaN	NaN	NaN	NaN	NaN	NaN	NaN	NaN	TFCN1702E3373_001642-T1	TFCN1702E3373_012744-T1
TFCN1702E3373_001642-T1__TFCN1702E3373_012158-T1	NaN	NaN	NaN	NaN	NaN	NaN	NaN	NaN	GF00000003	Rhodotorula_mucilaginosa_TFCN_17-0-2E337-3.cds.fa_01632	Rhodotorula_mucilaginosa_TFCN_17-0-2E337-3.cds.fa_11994	NaN	NaN	NaN	NaN	NaN	NaN	NaN	NaN	TFCN1702E3373_001642-T1	TFCN1702E3373_012158-T1
TFCN1702E3373_001642-T1__TFCN1702E3373_007123-T1	NaN	NaN	NaN	NaN	NaN	NaN	NaN	NaN	GF00000003	Rhodotorula_mucilaginosa_TFCN_17-0-2E337-3.cds.fa_01632	Rhodotorula_mucilaginosa_TFCN_17-0-2E337-3.cds.fa_07038	NaN	NaN	NaN	NaN	NaN	NaN	NaN	NaN	TFCN1702E3373_001642-T1	TFCN1702E3373_007123-T1
TFCN1702E3373_001642-T1__TFCN1702E3373_013632-T1	NaN	NaN	NaN	NaN	NaN	NaN	NaN	NaN	GF00000003	Rhodotorula_mucilaginosa_TFCN_17-0-2E337-3.cds.fa_01632	Rhodotorula_mucilaginosa_TFCN_17-0-2E337-3.cds.fa_13434	NaN	NaN	NaN	NaN	NaN	NaN	NaN	NaN	TFCN1702E3373_001642-T1	TFCN1702E3373_013632-T1
TFCN1702E3373_001642-T1__TFCN1702E3373_014442-T1	NaN	NaN	NaN	NaN	NaN	NaN	NaN	NaN	GF00000003	Rhodotorula_mucilaginosa_TFCN_17-0-2E337-3.cds.fa_01632	Rhodotorula_mucilaginosa_TFCN_17-0-2E337-3.cds.fa_14234	NaN	NaN	NaN	NaN	NaN	NaN	NaN	NaN	TFCN1702E3373_001642-T1	TFCN1702E3373_014442-T1
TFCN1702E3373_001642-T1__TFCN1702E3373_010574-T1	NaN	NaN	NaN	NaN	NaN	NaN	NaN	NaN	GF00000003	Rhodotorula_mucilaginosa_TFCN_17-0-2E337-3.cds.fa_01632	Rhodotorula_mucilaginosa_TFCN_17-0-2E337-3.cds.fa_10446	NaN	NaN	NaN	NaN	NaN	NaN	NaN	NaN	TFCN1702E3373_001642-T1	TFCN1702E3373_010574-T1
TFCN1702E3373_001642-T1__TFCN1702E3373_013397-T1	NaN	NaN	NaN	NaN	NaN	NaN	NaN	NaN	GF00000003	Rhodotorula_mucilaginosa_TFCN_17-0-2E337-3.cds.fa_01632	Rhodotorula_mucilaginosa_TFCN_17-0-2E337-3.cds.fa_13210	NaN	NaN	NaN	NaN	NaN	NaN	NaN	NaN	TFCN1702E3373_001642-T1	TFCN1702E3373_013397-T1
TFCN1702E3373_001642-T1__TFCN1702E3373_013050-T1	NaN	NaN	NaN	NaN	NaN	NaN	NaN	NaN	GF00000003	Rhodotorula_mucilaginosa_TFCN_17-0-2E337-3.cds.fa_01632	Rhodotorula_mucilaginosa_TFCN_17-0-2E337-3.cds.fa_12865	NaN	NaN	NaN	NaN	NaN	NaN	NaN	NaN	TFCN1702E3373_001642-T1	TFCN1702E3373_013050-T1
TFCN1702E3373_001642-T1__TFCN1702E3373_013396-T1	NaN	NaN	NaN	NaN	NaN	NaN	NaN	NaN	GF00000003	Rhodotorula_mucilaginosa_TFCN_17-0-2E337-3.cds.fa_01632	Rhodotorula_mucilaginosa_TFCN_17-0-2E337-3.cds.fa_13209	NaN	NaN	NaN	NaN	NaN	NaN	NaN	NaN	TFCN1702E3373_001642-T1	TFCN1702E3373_013396-T1
TFCN1702E3373_007952-T1__TFCN1702E3373_010599-T1	NaN	NaN	NaN	NaN	NaN	NaN	NaN	NaN	GF00000003	Rhodotorula_mucilaginosa_TFCN_17-0-2E337-3.cds.fa_10471	Rhodotorula_mucilaginosa_TFCN_17-0-2E337-3.cds.fa_07858	NaN	NaN	NaN	NaN	NaN	NaN	NaN	NaN	TFCN1702E3373_010599-T1	TFCN1702E3373_007952-T1
TFCN1702E3373_010599-T1__TFCN1702E3373_011870-T1	NaN	NaN	NaN	NaN	NaN	NaN	NaN	NaN	GF00000003	Rhodotorula_mucilaginosa_TFCN_17-0-2E337-3.cds.fa_10471	Rhodotorula_mucilaginosa_TFCN_17-0-2E337-3.cds.fa_11716	NaN	NaN	NaN	NaN	NaN	NaN	NaN	NaN	TFCN1702E3373_010599-T1	TFCN1702E3373_011870-T1
TFCN1702E3373_010586-T1__TFCN1702E3373_010599-T1	NaN	NaN	NaN	NaN	NaN	NaN	NaN	NaN	GF00000003	Rhodotorula_mucilaginosa_TFCN_17-0-2E337-3.cds.fa_10471	Rhodotorula_mucilaginosa_TFCN_17-0-2E337-3.cds.fa_10458	NaN	NaN	NaN	NaN	NaN	NaN	NaN	NaN	TFCN1702E3373_010599-T1	TFCN1702E3373_010586-T1
TFCN1702E3373_005605-T1__TFCN1702E3373_010599-T1	NaN	NaN	NaN	NaN	NaN	NaN	NaN	NaN	GF00000003	Rhodotorula_mucilaginosa_TFCN_17-0-2E337-3.cds.fa_10471	Rhodotorula_mucilaginosa_TFCN_17-0-2E337-3.cds.fa_05538	NaN	NaN	NaN	NaN	NaN	NaN	NaN	NaN	TFCN1702E3373_010599-T1	TFCN1702E3373_005605-T1
TFCN1702E3373_003548-T1__TFCN1702E3373_010599-T1	NaN	NaN	NaN	NaN	NaN	NaN	NaN	NaN	GF00000003	Rhodotorula_mucilaginosa_TFCN_17-0-2E337-3.cds.fa_10471	Rhodotorula_mucilaginosa_TFCN_17-0-2E337-3.cds.fa_03502	NaN	NaN	NaN	NaN	NaN	NaN	NaN	NaN	TFCN1702E3373_010599-T1	TFCN1702E3373_003548-T1
TFCN1702E3373_010599-T1__TFCN1702E3373_011864-T1	NaN	NaN	NaN	NaN	NaN	NaN	NaN	NaN	GF00000003	Rhodotorula_mucilaginosa_TFCN_17-0-2E337-3.cds.fa_10471	Rhodotorula_mucilaginosa_TFCN_17-0-2E337-3.cds.fa_11710	NaN	NaN	NaN	NaN	NaN	NaN	NaN	NaN	TFCN1702E3373_010599-T1	TFCN1702E3373_011864-T1
TFCN1702E3373_009840-T1__TFCN1702E3373_010599-T1	NaN	NaN	NaN	NaN	NaN	NaN	NaN	NaN	GF00000003	Rhodotorula_mucilaginosa_TFCN_17-0-2E337-3.cds.fa_10471	Rhodotorula_mucilaginosa_TFCN_17-0-2E337-3.cds.fa_09722	NaN	NaN	NaN	NaN	NaN	NaN	NaN	NaN	TFCN1702E3373_010599-T1	TFCN1702E3373_009840-T1
TFCN1702E3373_009759-T1__TFCN1702E3373_010599-T1	NaN	NaN	NaN	NaN	NaN	NaN	NaN	NaN	GF00000003	Rhodotorula_mucilaginosa_TFCN_17-0-2E337-3.cds.fa_10471	Rhodotorula_mucilaginosa_TFCN_17-0-2E337-3.cds.fa_09641	NaN	NaN	NaN	NaN	NaN	NaN	NaN	NaN	TFCN1702E3373_010599-T1	TFCN1702E3373_009759-T1
TFCN1702E3373_006308-T1__TFCN1702E3373_010599-T1	NaN	NaN	NaN	NaN	NaN	NaN	NaN	NaN	GF00000003	Rhodotorula_mucilaginosa_TFCN_17-0-2E337-3.cds.fa_10471	Rhodotorula_mucilaginosa_TFCN_17-0-2E337-3.cds.fa_06232	NaN	NaN	NaN	NaN	NaN	NaN	NaN	NaN	TFCN1702E3373_010599-T1	TFCN1702E3373_006308-T1
TFCN1702E3373_010599-T1__TFCN1702E3373_012744-T1	NaN	NaN	NaN	NaN	NaN	NaN	NaN	NaN	GF00000003	Rhodotorula_mucilaginosa_TFCN_17-0-2E337-3.cds.fa_10471	Rhodotorula_mucilaginosa_TFCN_17-0-2E337-3.cds.fa_12573	NaN	NaN	NaN	NaN	NaN	NaN	NaN	NaN	TFCN1702E3373_010599-T1	TFCN1702E3373_012744-T1
TFCN1702E3373_010599-T1__TFCN1702E3373_012158-T1	NaN	NaN	NaN	NaN	NaN	NaN	NaN	NaN	GF00000003	Rhodotorula_mucilaginosa_TFCN_17-0-2E337-3.cds.fa_10471	Rhodotorula_mucilaginosa_TFCN_17-0-2E337-3.cds.fa_11994	NaN	NaN	NaN	NaN	NaN	NaN	NaN	NaN	TFCN1702E3373_010599-T1	TFCN1702E3373_012158-T1
TFCN1702E3373_007123-T1__TFCN1702E3373_010599-T1	NaN	NaN	NaN	NaN	NaN	NaN	NaN	NaN	GF00000003	Rhodotorula_mucilaginosa_TFCN_17-0-2E337-3.cds.fa_10471	Rhodotorula_mucilaginosa_TFCN_17-0-2E337-3.cds.fa_07038	NaN	NaN	NaN	NaN	NaN	NaN	NaN	NaN	TFCN1702E3373_010599-T1	TFCN1702E3373_007123-T1
TFCN1702E3373_010599-T1__TFCN1702E3373_013632-T1	NaN	NaN	NaN	NaN	NaN	NaN	NaN	NaN	GF00000003	Rhodotorula_mucilaginosa_TFCN_17-0-2E337-3.cds.fa_10471	Rhodotorula_mucilaginosa_TFCN_17-0-2E337-3.cds.fa_13434	NaN	NaN	NaN	NaN	NaN	NaN	NaN	NaN	TFCN1702E3373_010599-T1	TFCN1702E3373_013632-T1
TFCN1702E3373_010599-T1__TFCN1702E3373_014442-T1	NaN	NaN	NaN	NaN	NaN	NaN	NaN	NaN	GF00000003	Rhodotorula_mucilaginosa_TFCN_17-0-2E337-3.cds.fa_10471	Rhodotorula_mucilaginosa_TFCN_17-0-2E337-3.cds.fa_14234	NaN	NaN	NaN	NaN	NaN	NaN	NaN	NaN	TFCN1702E3373_010599-T1	TFCN1702E3373_014442-T1
TFCN1702E3373_010574-T1__TFCN1702E3373_010599-T1	NaN	NaN	NaN	NaN	NaN	NaN	NaN	NaN	GF00000003	Rhodotorula_mucilaginosa_TFCN_17-0-2E337-3.cds.fa_10471	Rhodotorula_mucilaginosa_TFCN_17-0-2E337-3.cds.fa_10446	NaN	NaN	NaN	NaN	NaN	NaN	NaN	NaN	TFCN1702E3373_010599-T1	TFCN1702E3373_010574-T1
TFCN1702E3373_010599-T1__TFCN1702E3373_013397-T1	NaN	NaN	NaN	NaN	NaN	NaN	NaN	NaN	GF00000003	Rhodotorula_mucilaginosa_TFCN_17-0-2E337-3.cds.fa_10471	Rhodotorula_mucilaginosa_TFCN_17-0-2E337-3.cds.fa_13210	NaN	NaN	NaN	NaN	NaN	NaN	NaN	NaN	TFCN1702E3373_010599-T1	TFCN1702E3373_013397-T1
TFCN1702E3373_010599-T1__TFCN1702E3373_013050-T1	NaN	NaN	NaN	NaN	NaN	NaN	NaN	NaN	GF00000003	Rhodotorula_mucilaginosa_TFCN_17-0-2E337-3.cds.fa_10471	Rhodotorula_mucilaginosa_TFCN_17-0-2E337-3.cds.fa_12865	NaN	NaN	NaN	NaN	NaN	NaN	NaN	NaN	TFCN1702E3373_010599-T1	TFCN1702E3373_013050-T1
TFCN1702E3373_010599-T1__TFCN1702E3373_013396-T1	NaN	NaN	NaN	NaN	NaN	NaN	NaN	NaN	GF00000003	Rhodotorula_mucilaginosa_TFCN_17-0-2E337-3.cds.fa_10471	Rhodotorula_mucilaginosa_TFCN_17-0-2E337-3.cds.fa_13209	NaN	NaN	NaN	NaN	NaN	NaN	NaN	NaN	TFCN1702E3373_010599-T1	TFCN1702E3373_013396-T1
TFCN1702E3373_007952-T1__TFCN1702E3373_011870-T1	NaN	NaN	NaN	NaN	NaN	NaN	NaN	NaN	GF00000003	Rhodotorula_mucilaginosa_TFCN_17-0-2E337-3.cds.fa_07858	Rhodotorula_mucilaginosa_TFCN_17-0-2E337-3.cds.fa_11716	NaN	NaN	NaN	NaN	NaN	NaN	NaN	NaN	TFCN1702E3373_007952-T1	TFCN1702E3373_011870-T1
TFCN1702E3373_007952-T1__TFCN1702E3373_010586-T1	NaN	NaN	NaN	NaN	NaN	NaN	NaN	NaN	GF00000003	Rhodotorula_mucilaginosa_TFCN_17-0-2E337-3.cds.fa_07858	Rhodotorula_mucilaginosa_TFCN_17-0-2E337-3.cds.fa_10458	NaN	NaN	NaN	NaN	NaN	NaN	NaN	NaN	TFCN1702E3373_007952-T1	TFCN1702E3373_010586-T1
TFCN1702E3373_005605-T1__TFCN1702E3373_007952-T1	NaN	NaN	NaN	NaN	NaN	NaN	NaN	NaN	GF00000003	Rhodotorula_mucilaginosa_TFCN_17-0-2E337-3.cds.fa_07858	Rhodotorula_mucilaginosa_TFCN_17-0-2E337-3.cds.fa_05538	NaN	NaN	NaN	NaN	NaN	NaN	NaN	NaN	TFCN1702E3373_007952-T1	TFCN1702E3373_005605-T1
TFCN1702E3373_003548-T1__TFCN1702E3373_007952-T1	NaN	NaN	NaN	NaN	NaN	NaN	NaN	NaN	GF00000003	Rhodotorula_mucilaginosa_TFCN_17-0-2E337-3.cds.fa_07858	Rhodotorula_mucilaginosa_TFCN_17-0-2E337-3.cds.fa_03502	NaN	NaN	NaN	NaN	NaN	NaN	NaN	NaN	TFCN1702E3373_007952-T1	TFCN1702E3373_003548-T1
TFCN1702E3373_007952-T1__TFCN1702E3373_011864-T1	NaN	NaN	NaN	NaN	NaN	NaN	NaN	NaN	GF00000003	Rhodotorula_mucilaginosa_TFCN_17-0-2E337-3.cds.fa_07858	Rhodotorula_mucilaginosa_TFCN_17-0-2E337-3.cds.fa_11710	NaN	NaN	NaN	NaN	NaN	NaN	NaN	NaN	TFCN1702E3373_007952-T1	TFCN1702E3373_011864-T1
TFCN1702E3373_007952-T1__TFCN1702E3373_009840-T1	NaN	NaN	NaN	NaN	NaN	NaN	NaN	NaN	GF00000003	Rhodotorula_mucilaginosa_TFCN_17-0-2E337-3.cds.fa_07858	Rhodotorula_mucilaginosa_TFCN_17-0-2E337-3.cds.fa_09722	NaN	NaN	NaN	NaN	NaN	NaN	NaN	NaN	TFCN1702E3373_007952-T1	TFCN1702E3373_009840-T1
TFCN1702E3373_007952-T1__TFCN1702E3373_009759-T1	NaN	NaN	NaN	NaN	NaN	NaN	NaN	NaN	GF00000003	Rhodotorula_mucilaginosa_TFCN_17-0-2E337-3.cds.fa_07858	Rhodotorula_mucilaginosa_TFCN_17-0-2E337-3.cds.fa_09641	NaN	NaN	NaN	NaN	NaN	NaN	NaN	NaN	TFCN1702E3373_007952-T1	TFCN1702E3373_009759-T1
TFCN1702E3373_006308-T1__TFCN1702E3373_007952-T1	NaN	NaN	NaN	NaN	NaN	NaN	NaN	NaN	GF00000003	Rhodotorula_mucilaginosa_TFCN_17-0-2E337-3.cds.fa_07858	Rhodotorula_mucilaginosa_TFCN_17-0-2E337-3.cds.fa_06232	NaN	NaN	NaN	NaN	NaN	NaN	NaN	NaN	TFCN1702E3373_007952-T1	TFCN1702E3373_006308-T1
TFCN1702E3373_007952-T1__TFCN1702E3373_012744-T1	NaN	NaN	NaN	NaN	NaN	NaN	NaN	NaN	GF00000003	Rhodotorula_mucilaginosa_TFCN_17-0-2E337-3.cds.fa_07858	Rhodotorula_mucilaginosa_TFCN_17-0-2E337-3.cds.fa_12573	NaN	NaN	NaN	NaN	NaN	NaN	NaN	NaN	TFCN1702E3373_007952-T1	TFCN1702E3373_012744-T1
TFCN1702E3373_007952-T1__TFCN1702E3373_012158-T1	NaN	NaN	NaN	NaN	NaN	NaN	NaN	NaN	GF00000003	Rhodotorula_mucilaginosa_TFCN_17-0-2E337-3.cds.fa_07858	Rhodotorula_mucilaginosa_TFCN_17-0-2E337-3.cds.fa_11994	NaN	NaN	NaN	NaN	NaN	NaN	NaN	NaN	TFCN1702E3373_007952-T1	TFCN1702E3373_012158-T1
TFCN1702E3373_007123-T1__TFCN1702E3373_007952-T1	NaN	NaN	NaN	NaN	NaN	NaN	NaN	NaN	GF00000003	Rhodotorula_mucilaginosa_TFCN_17-0-2E337-3.cds.fa_07858	Rhodotorula_mucilaginosa_TFCN_17-0-2E337-3.cds.fa_07038	NaN	NaN	NaN	NaN	NaN	NaN	NaN	NaN	TFCN1702E3373_007952-T1	TFCN1702E3373_007123-T1
TFCN1702E3373_007952-T1__TFCN1702E3373_013632-T1	NaN	NaN	NaN	NaN	NaN	NaN	NaN	NaN	GF00000003	Rhodotorula_mucilaginosa_TFCN_17-0-2E337-3.cds.fa_07858	Rhodotorula_mucilaginosa_TFCN_17-0-2E337-3.cds.fa_13434	NaN	NaN	NaN	NaN	NaN	NaN	NaN	NaN	TFCN1702E3373_007952-T1	TFCN1702E3373_013632-T1
TFCN1702E3373_007952-T1__TFCN1702E3373_014442-T1	NaN	NaN	NaN	NaN	NaN	NaN	NaN	NaN	GF00000003	Rhodotorula_mucilaginosa_TFCN_17-0-2E337-3.cds.fa_07858	Rhodotorula_mucilaginosa_TFCN_17-0-2E337-3.cds.fa_14234	NaN	NaN	NaN	NaN	NaN	NaN	NaN	NaN	TFCN1702E3373_007952-T1	TFCN1702E3373_014442-T1
TFCN1702E3373_007952-T1__TFCN1702E3373_010574-T1	NaN	NaN	NaN	NaN	NaN	NaN	NaN	NaN	GF00000003	Rhodotorula_mucilaginosa_TFCN_17-0-2E337-3.cds.fa_07858	Rhodotorula_mucilaginosa_TFCN_17-0-2E337-3.cds.fa_10446	NaN	NaN	NaN	NaN	NaN	NaN	NaN	NaN	TFCN1702E3373_007952-T1	TFCN1702E3373_010574-T1
TFCN1702E3373_007952-T1__TFCN1702E3373_013397-T1	NaN	NaN	NaN	NaN	NaN	NaN	NaN	NaN	GF00000003	Rhodotorula_mucilaginosa_TFCN_17-0-2E337-3.cds.fa_07858	Rhodotorula_mucilaginosa_TFCN_17-0-2E337-3.cds.fa_13210	NaN	NaN	NaN	NaN	NaN	NaN	NaN	NaN	TFCN1702E3373_007952-T1	TFCN1702E3373_013397-T1
TFCN1702E3373_007952-T1__TFCN1702E3373_013050-T1	NaN	NaN	NaN	NaN	NaN	NaN	NaN	NaN	GF00000003	Rhodotorula_mucilaginosa_TFCN_17-0-2E337-3.cds.fa_07858	Rhodotorula_mucilaginosa_TFCN_17-0-2E337-3.cds.fa_12865	NaN	NaN	NaN	NaN	NaN	NaN	NaN	NaN	TFCN1702E3373_007952-T1	TFCN1702E3373_013050-T1
TFCN1702E3373_007952-T1__TFCN1702E3373_013396-T1	NaN	NaN	NaN	NaN	NaN	NaN	NaN	NaN	GF00000003	Rhodotorula_mucilaginosa_TFCN_17-0-2E337-3.cds.fa_07858	Rhodotorula_mucilaginosa_TFCN_17-0-2E337-3.cds.fa_13209	NaN	NaN	NaN	NaN	NaN	NaN	NaN	NaN	TFCN1702E3373_007952-T1	TFCN1702E3373_013396-T1
TFCN1702E3373_010586-T1__TFCN1702E3373_011870-T1	NaN	NaN	NaN	NaN	NaN	NaN	NaN	NaN	GF00000003	Rhodotorula_mucilaginosa_TFCN_17-0-2E337-3.cds.fa_11716	Rhodotorula_mucilaginosa_TFCN_17-0-2E337-3.cds.fa_10458	NaN	NaN	NaN	NaN	NaN	NaN	NaN	NaN	TFCN1702E3373_011870-T1	TFCN1702E3373_010586-T1
TFCN1702E3373_005605-T1__TFCN1702E3373_011870-T1	NaN	NaN	NaN	NaN	NaN	NaN	NaN	NaN	GF00000003	Rhodotorula_mucilaginosa_TFCN_17-0-2E337-3.cds.fa_11716	Rhodotorula_mucilaginosa_TFCN_17-0-2E337-3.cds.fa_05538	NaN	NaN	NaN	NaN	NaN	NaN	NaN	NaN	TFCN1702E3373_011870-T1	TFCN1702E3373_005605-T1
TFCN1702E3373_003548-T1__TFCN1702E3373_011870-T1	NaN	NaN	NaN	NaN	NaN	NaN	NaN	NaN	GF00000003	Rhodotorula_mucilaginosa_TFCN_17-0-2E337-3.cds.fa_11716	Rhodotorula_mucilaginosa_TFCN_17-0-2E337-3.cds.fa_03502	NaN	NaN	NaN	NaN	NaN	NaN	NaN	NaN	TFCN1702E3373_011870-T1	TFCN1702E3373_003548-T1
TFCN1702E3373_011864-T1__TFCN1702E3373_011870-T1	NaN	NaN	NaN	NaN	NaN	NaN	NaN	NaN	GF00000003	Rhodotorula_mucilaginosa_TFCN_17-0-2E337-3.cds.fa_11716	Rhodotorula_mucilaginosa_TFCN_17-0-2E337-3.cds.fa_11710	NaN	NaN	NaN	NaN	NaN	NaN	NaN	NaN	TFCN1702E3373_011870-T1	TFCN1702E3373_011864-T1
TFCN1702E3373_009840-T1__TFCN1702E3373_011870-T1	NaN	NaN	NaN	NaN	NaN	NaN	NaN	NaN	GF00000003	Rhodotorula_mucilaginosa_TFCN_17-0-2E337-3.cds.fa_11716	Rhodotorula_mucilaginosa_TFCN_17-0-2E337-3.cds.fa_09722	NaN	NaN	NaN	NaN	NaN	NaN	NaN	NaN	TFCN1702E3373_011870-T1	TFCN1702E3373_009840-T1
TFCN1702E3373_009759-T1__TFCN1702E3373_011870-T1	NaN	NaN	NaN	NaN	NaN	NaN	NaN	NaN	GF00000003	Rhodotorula_mucilaginosa_TFCN_17-0-2E337-3.cds.fa_11716	Rhodotorula_mucilaginosa_TFCN_17-0-2E337-3.cds.fa_09641	NaN	NaN	NaN	NaN	NaN	NaN	NaN	NaN	TFCN1702E3373_011870-T1	TFCN1702E3373_009759-T1
TFCN1702E3373_006308-T1__TFCN1702E3373_011870-T1	NaN	NaN	NaN	NaN	NaN	NaN	NaN	NaN	GF00000003	Rhodotorula_mucilaginosa_TFCN_17-0-2E337-3.cds.fa_11716	Rhodotorula_mucilaginosa_TFCN_17-0-2E337-3.cds.fa_06232	NaN	NaN	NaN	NaN	NaN	NaN	NaN	NaN	TFCN1702E3373_011870-T1	TFCN1702E3373_006308-T1
TFCN1702E3373_011870-T1__TFCN1702E3373_012744-T1	NaN	NaN	NaN	NaN	NaN	NaN	NaN	NaN	GF00000003	Rhodotorula_mucilaginosa_TFCN_17-0-2E337-3.cds.fa_11716	Rhodotorula_mucilaginosa_TFCN_17-0-2E337-3.cds.fa_12573	NaN	NaN	NaN	NaN	NaN	NaN	NaN	NaN	TFCN1702E3373_011870-T1	TFCN1702E3373_012744-T1
TFCN1702E3373_011870-T1__TFCN1702E3373_012158-T1	NaN	NaN	NaN	NaN	NaN	NaN	NaN	NaN	GF00000003	Rhodotorula_mucilaginosa_TFCN_17-0-2E337-3.cds.fa_11716	Rhodotorula_mucilaginosa_TFCN_17-0-2E337-3.cds.fa_11994	NaN	NaN	NaN	NaN	NaN	NaN	NaN	NaN	TFCN1702E3373_011870-T1	TFCN1702E3373_012158-T1
TFCN1702E3373_007123-T1__TFCN1702E3373_011870-T1	NaN	NaN	NaN	NaN	NaN	NaN	NaN	NaN	GF00000003	Rhodotorula_mucilaginosa_TFCN_17-0-2E337-3.cds.fa_11716	Rhodotorula_mucilaginosa_TFCN_17-0-2E337-3.cds.fa_07038	NaN	NaN	NaN	NaN	NaN	NaN	NaN	NaN	TFCN1702E3373_011870-T1	TFCN1702E3373_007123-T1
TFCN1702E3373_011870-T1__TFCN1702E3373_013632-T1	NaN	NaN	NaN	NaN	NaN	NaN	NaN	NaN	GF00000003	Rhodotorula_mucilaginosa_TFCN_17-0-2E337-3.cds.fa_11716	Rhodotorula_mucilaginosa_TFCN_17-0-2E337-3.cds.fa_13434	NaN	NaN	NaN	NaN	NaN	NaN	NaN	NaN	TFCN1702E3373_011870-T1	TFCN1702E3373_013632-T1
TFCN1702E3373_011870-T1__TFCN1702E3373_014442-T1	NaN	NaN	NaN	NaN	NaN	NaN	NaN	NaN	GF00000003	Rhodotorula_mucilaginosa_TFCN_17-0-2E337-3.cds.fa_11716	Rhodotorula_mucilaginosa_TFCN_17-0-2E337-3.cds.fa_14234	NaN	NaN	NaN	NaN	NaN	NaN	NaN	NaN	TFCN1702E3373_011870-T1	TFCN1702E3373_014442-T1
TFCN1702E3373_010574-T1__TFCN1702E3373_011870-T1	NaN	NaN	NaN	NaN	NaN	NaN	NaN	NaN	GF00000003	Rhodotorula_mucilaginosa_TFCN_17-0-2E337-3.cds.fa_11716	Rhodotorula_mucilaginosa_TFCN_17-0-2E337-3.cds.fa_10446	NaN	NaN	NaN	NaN	NaN	NaN	NaN	NaN	TFCN1702E3373_011870-T1	TFCN1702E3373_010574-T1
TFCN1702E3373_011870-T1__TFCN1702E3373_013397-T1	NaN	NaN	NaN	NaN	NaN	NaN	NaN	NaN	GF00000003	Rhodotorula_mucilaginosa_TFCN_17-0-2E337-3.cds.fa_11716	Rhodotorula_mucilaginosa_TFCN_17-0-2E337-3.cds.fa_13210	NaN	NaN	NaN	NaN	NaN	NaN	NaN	NaN	TFCN1702E3373_011870-T1	TFCN1702E3373_013397-T1
TFCN1702E3373_011870-T1__TFCN1702E3373_013050-T1	NaN	NaN	NaN	NaN	NaN	NaN	NaN	NaN	GF00000003	Rhodotorula_mucilaginosa_TFCN_17-0-2E337-3.cds.fa_11716	Rhodotorula_mucilaginosa_TFCN_17-0-2E337-3.cds.fa_12865	NaN	NaN	NaN	NaN	NaN	NaN	NaN	NaN	TFCN1702E3373_011870-T1	TFCN1702E3373_013050-T1
TFCN1702E3373_011870-T1__TFCN1702E3373_013396-T1	NaN	NaN	NaN	NaN	NaN	NaN	NaN	NaN	GF00000003	Rhodotorula_mucilaginosa_TFCN_17-0-2E337-3.cds.fa_11716	Rhodotorula_mucilaginosa_TFCN_17-0-2E337-3.cds.fa_13209	NaN	NaN	NaN	NaN	NaN	NaN	NaN	NaN	TFCN1702E3373_011870-T1	TFCN1702E3373_013396-T1
TFCN1702E3373_005605-T1__TFCN1702E3373_010586-T1	NaN	NaN	NaN	NaN	NaN	NaN	NaN	NaN	GF00000003	Rhodotorula_mucilaginosa_TFCN_17-0-2E337-3.cds.fa_10458	Rhodotorula_mucilaginosa_TFCN_17-0-2E337-3.cds.fa_05538	NaN	NaN	NaN	NaN	NaN	NaN	NaN	NaN	TFCN1702E3373_010586-T1	TFCN1702E3373_005605-T1
TFCN1702E3373_003548-T1__TFCN1702E3373_010586-T1	NaN	NaN	NaN	NaN	NaN	NaN	NaN	NaN	GF00000003	Rhodotorula_mucilaginosa_TFCN_17-0-2E337-3.cds.fa_10458	Rhodotorula_mucilaginosa_TFCN_17-0-2E337-3.cds.fa_03502	NaN	NaN	NaN	NaN	NaN	NaN	NaN	NaN	TFCN1702E3373_010586-T1	TFCN1702E3373_003548-T1
TFCN1702E3373_010586-T1__TFCN1702E3373_011864-T1	NaN	NaN	NaN	NaN	NaN	NaN	NaN	NaN	GF00000003	Rhodotorula_mucilaginosa_TFCN_17-0-2E337-3.cds.fa_10458	Rhodotorula_mucilaginosa_TFCN_17-0-2E337-3.cds.fa_11710	NaN	NaN	NaN	NaN	NaN	NaN	NaN	NaN	TFCN1702E3373_010586-T1	TFCN1702E3373_011864-T1
TFCN1702E3373_009840-T1__TFCN1702E3373_010586-T1	NaN	NaN	NaN	NaN	NaN	NaN	NaN	NaN	GF00000003	Rhodotorula_mucilaginosa_TFCN_17-0-2E337-3.cds.fa_10458	Rhodotorula_mucilaginosa_TFCN_17-0-2E337-3.cds.fa_09722	NaN	NaN	NaN	NaN	NaN	NaN	NaN	NaN	TFCN1702E3373_010586-T1	TFCN1702E3373_009840-T1
TFCN1702E3373_009759-T1__TFCN1702E3373_010586-T1	NaN	NaN	NaN	NaN	NaN	NaN	NaN	NaN	GF00000003	Rhodotorula_mucilaginosa_TFCN_17-0-2E337-3.cds.fa_10458	Rhodotorula_mucilaginosa_TFCN_17-0-2E337-3.cds.fa_09641	NaN	NaN	NaN	NaN	NaN	NaN	NaN	NaN	TFCN1702E3373_010586-T1	TFCN1702E3373_009759-T1
TFCN1702E3373_006308-T1__TFCN1702E3373_010586-T1	NaN	NaN	NaN	NaN	NaN	NaN	NaN	NaN	GF00000003	Rhodotorula_mucilaginosa_TFCN_17-0-2E337-3.cds.fa_10458	Rhodotorula_mucilaginosa_TFCN_17-0-2E337-3.cds.fa_06232	NaN	NaN	NaN	NaN	NaN	NaN	NaN	NaN	TFCN1702E3373_010586-T1	TFCN1702E3373_006308-T1
TFCN1702E3373_010586-T1__TFCN1702E3373_012744-T1	NaN	NaN	NaN	NaN	NaN	NaN	NaN	NaN	GF00000003	Rhodotorula_mucilaginosa_TFCN_17-0-2E337-3.cds.fa_10458	Rhodotorula_mucilaginosa_TFCN_17-0-2E337-3.cds.fa_12573	NaN	NaN	NaN	NaN	NaN	NaN	NaN	NaN	TFCN1702E3373_010586-T1	TFCN1702E3373_012744-T1
TFCN1702E3373_010586-T1__TFCN1702E3373_012158-T1	NaN	NaN	NaN	NaN	NaN	NaN	NaN	NaN	GF00000003	Rhodotorula_mucilaginosa_TFCN_17-0-2E337-3.cds.fa_10458	Rhodotorula_mucilaginosa_TFCN_17-0-2E337-3.cds.fa_11994	NaN	NaN	NaN	NaN	NaN	NaN	NaN	NaN	TFCN1702E3373_010586-T1	TFCN1702E3373_012158-T1
TFCN1702E3373_007123-T1__TFCN1702E3373_010586-T1	NaN	NaN	NaN	NaN	NaN	NaN	NaN	NaN	GF00000003	Rhodotorula_mucilaginosa_TFCN_17-0-2E337-3.cds.fa_10458	Rhodotorula_mucilaginosa_TFCN_17-0-2E337-3.cds.fa_07038	NaN	NaN	NaN	NaN	NaN	NaN	NaN	NaN	TFCN1702E3373_010586-T1	TFCN1702E3373_007123-T1
TFCN1702E3373_010586-T1__TFCN1702E3373_013632-T1	NaN	NaN	NaN	NaN	NaN	NaN	NaN	NaN	GF00000003	Rhodotorula_mucilaginosa_TFCN_17-0-2E337-3.cds.fa_10458	Rhodotorula_mucilaginosa_TFCN_17-0-2E337-3.cds.fa_13434	NaN	NaN	NaN	NaN	NaN	NaN	NaN	NaN	TFCN1702E3373_010586-T1	TFCN1702E3373_013632-T1
TFCN1702E3373_010586-T1__TFCN1702E3373_014442-T1	NaN	NaN	NaN	NaN	NaN	NaN	NaN	NaN	GF00000003	Rhodotorula_mucilaginosa_TFCN_17-0-2E337-3.cds.fa_10458	Rhodotorula_mucilaginosa_TFCN_17-0-2E337-3.cds.fa_14234	NaN	NaN	NaN	NaN	NaN	NaN	NaN	NaN	TFCN1702E3373_010586-T1	TFCN1702E3373_014442-T1
TFCN1702E3373_010574-T1__TFCN1702E3373_010586-T1	NaN	NaN	NaN	NaN	NaN	NaN	NaN	NaN	GF00000003	Rhodotorula_mucilaginosa_TFCN_17-0-2E337-3.cds.fa_10458	Rhodotorula_mucilaginosa_TFCN_17-0-2E337-3.cds.fa_10446	NaN	NaN	NaN	NaN	NaN	NaN	NaN	NaN	TFCN1702E3373_010586-T1	TFCN1702E3373_010574-T1
TFCN1702E3373_010586-T1__TFCN1702E3373_013397-T1	NaN	NaN	NaN	NaN	NaN	NaN	NaN	NaN	GF00000003	Rhodotorula_mucilaginosa_TFCN_17-0-2E337-3.cds.fa_10458	Rhodotorula_mucilaginosa_TFCN_17-0-2E337-3.cds.fa_13210	NaN	NaN	NaN	NaN	NaN	NaN	NaN	NaN	TFCN1702E3373_010586-T1	TFCN1702E3373_013397-T1
TFCN1702E3373_010586-T1__TFCN1702E3373_013050-T1	NaN	NaN	NaN	NaN	NaN	NaN	NaN	NaN	GF00000003	Rhodotorula_mucilaginosa_TFCN_17-0-2E337-3.cds.fa_10458	Rhodotorula_mucilaginosa_TFCN_17-0-2E337-3.cds.fa_12865	NaN	NaN	NaN	NaN	NaN	NaN	NaN	NaN	TFCN1702E3373_010586-T1	TFCN1702E3373_013050-T1
TFCN1702E3373_010586-T1__TFCN1702E3373_013396-T1	NaN	NaN	NaN	NaN	NaN	NaN	NaN	NaN	GF00000003	Rhodotorula_mucilaginosa_TFCN_17-0-2E337-3.cds.fa_10458	Rhodotorula_mucilaginosa_TFCN_17-0-2E337-3.cds.fa_13209	NaN	NaN	NaN	NaN	NaN	NaN	NaN	NaN	TFCN1702E3373_010586-T1	TFCN1702E3373_013396-T1
TFCN1702E3373_003548-T1__TFCN1702E3373_005605-T1	NaN	NaN	NaN	NaN	NaN	NaN	NaN	NaN	GF00000003	Rhodotorula_mucilaginosa_TFCN_17-0-2E337-3.cds.fa_05538	Rhodotorula_mucilaginosa_TFCN_17-0-2E337-3.cds.fa_03502	NaN	NaN	NaN	NaN	NaN	NaN	NaN	NaN	TFCN1702E3373_005605-T1	TFCN1702E3373_003548-T1
TFCN1702E3373_005605-T1__TFCN1702E3373_011864-T1	NaN	NaN	NaN	NaN	NaN	NaN	NaN	NaN	GF00000003	Rhodotorula_mucilaginosa_TFCN_17-0-2E337-3.cds.fa_05538	Rhodotorula_mucilaginosa_TFCN_17-0-2E337-3.cds.fa_11710	NaN	NaN	NaN	NaN	NaN	NaN	NaN	NaN	TFCN1702E3373_005605-T1	TFCN1702E3373_011864-T1
TFCN1702E3373_005605-T1__TFCN1702E3373_009840-T1	NaN	NaN	NaN	NaN	NaN	NaN	NaN	NaN	GF00000003	Rhodotorula_mucilaginosa_TFCN_17-0-2E337-3.cds.fa_05538	Rhodotorula_mucilaginosa_TFCN_17-0-2E337-3.cds.fa_09722	NaN	NaN	NaN	NaN	NaN	NaN	NaN	NaN	TFCN1702E3373_005605-T1	TFCN1702E3373_009840-T1
TFCN1702E3373_005605-T1__TFCN1702E3373_009759-T1	NaN	NaN	NaN	NaN	NaN	NaN	NaN	NaN	GF00000003	Rhodotorula_mucilaginosa_TFCN_17-0-2E337-3.cds.fa_05538	Rhodotorula_mucilaginosa_TFCN_17-0-2E337-3.cds.fa_09641	NaN	NaN	NaN	NaN	NaN	NaN	NaN	NaN	TFCN1702E3373_005605-T1	TFCN1702E3373_009759-T1
TFCN1702E3373_005605-T1__TFCN1702E3373_006308-T1	NaN	NaN	NaN	NaN	NaN	NaN	NaN	NaN	GF00000003	Rhodotorula_mucilaginosa_TFCN_17-0-2E337-3.cds.fa_05538	Rhodotorula_mucilaginosa_TFCN_17-0-2E337-3.cds.fa_06232	NaN	NaN	NaN	NaN	NaN	NaN	NaN	NaN	TFCN1702E3373_005605-T1	TFCN1702E3373_006308-T1
TFCN1702E3373_005605-T1__TFCN1702E3373_012744-T1	NaN	NaN	NaN	NaN	NaN	NaN	NaN	NaN	GF00000003	Rhodotorula_mucilaginosa_TFCN_17-0-2E337-3.cds.fa_05538	Rhodotorula_mucilaginosa_TFCN_17-0-2E337-3.cds.fa_12573	NaN	NaN	NaN	NaN	NaN	NaN	NaN	NaN	TFCN1702E3373_005605-T1	TFCN1702E3373_012744-T1
TFCN1702E3373_005605-T1__TFCN1702E3373_012158-T1	NaN	NaN	NaN	NaN	NaN	NaN	NaN	NaN	GF00000003	Rhodotorula_mucilaginosa_TFCN_17-0-2E337-3.cds.fa_05538	Rhodotorula_mucilaginosa_TFCN_17-0-2E337-3.cds.fa_11994	NaN	NaN	NaN	NaN	NaN	NaN	NaN	NaN	TFCN1702E3373_005605-T1	TFCN1702E3373_012158-T1
TFCN1702E3373_005605-T1__TFCN1702E3373_007123-T1	NaN	NaN	NaN	NaN	NaN	NaN	NaN	NaN	GF00000003	Rhodotorula_mucilaginosa_TFCN_17-0-2E337-3.cds.fa_05538	Rhodotorula_mucilaginosa_TFCN_17-0-2E337-3.cds.fa_07038	NaN	NaN	NaN	NaN	NaN	NaN	NaN	NaN	TFCN1702E3373_005605-T1	TFCN1702E3373_007123-T1
TFCN1702E3373_005605-T1__TFCN1702E3373_013632-T1	NaN	NaN	NaN	NaN	NaN	NaN	NaN	NaN	GF00000003	Rhodotorula_mucilaginosa_TFCN_17-0-2E337-3.cds.fa_05538	Rhodotorula_mucilaginosa_TFCN_17-0-2E337-3.cds.fa_13434	NaN	NaN	NaN	NaN	NaN	NaN	NaN	NaN	TFCN1702E3373_005605-T1	TFCN1702E3373_013632-T1
TFCN1702E3373_005605-T1__TFCN1702E3373_014442-T1	NaN	NaN	NaN	NaN	NaN	NaN	NaN	NaN	GF00000003	Rhodotorula_mucilaginosa_TFCN_17-0-2E337-3.cds.fa_05538	Rhodotorula_mucilaginosa_TFCN_17-0-2E337-3.cds.fa_14234	NaN	NaN	NaN	NaN	NaN	NaN	NaN	NaN	TFCN1702E3373_005605-T1	TFCN1702E3373_014442-T1
TFCN1702E3373_005605-T1__TFCN1702E3373_010574-T1	NaN	NaN	NaN	NaN	NaN	NaN	NaN	NaN	GF00000003	Rhodotorula_mucilaginosa_TFCN_17-0-2E337-3.cds.fa_05538	Rhodotorula_mucilaginosa_TFCN_17-0-2E337-3.cds.fa_10446	NaN	NaN	NaN	NaN	NaN	NaN	NaN	NaN	TFCN1702E3373_005605-T1	TFCN1702E3373_010574-T1
TFCN1702E3373_005605-T1__TFCN1702E3373_013397-T1	NaN	NaN	NaN	NaN	NaN	NaN	NaN	NaN	GF00000003	Rhodotorula_mucilaginosa_TFCN_17-0-2E337-3.cds.fa_05538	Rhodotorula_mucilaginosa_TFCN_17-0-2E337-3.cds.fa_13210	NaN	NaN	NaN	NaN	NaN	NaN	NaN	NaN	TFCN1702E3373_005605-T1	TFCN1702E3373_013397-T1
TFCN1702E3373_005605-T1__TFCN1702E3373_013050-T1	NaN	NaN	NaN	NaN	NaN	NaN	NaN	NaN	GF00000003	Rhodotorula_mucilaginosa_TFCN_17-0-2E337-3.cds.fa_05538	Rhodotorula_mucilaginosa_TFCN_17-0-2E337-3.cds.fa_12865	NaN	NaN	NaN	NaN	NaN	NaN	NaN	NaN	TFCN1702E3373_005605-T1	TFCN1702E3373_013050-T1
TFCN1702E3373_005605-T1__TFCN1702E3373_013396-T1	NaN	NaN	NaN	NaN	NaN	NaN	NaN	NaN	GF00000003	Rhodotorula_mucilaginosa_TFCN_17-0-2E337-3.cds.fa_05538	Rhodotorula_mucilaginosa_TFCN_17-0-2E337-3.cds.fa_13209	NaN	NaN	NaN	NaN	NaN	NaN	NaN	NaN	TFCN1702E3373_005605-T1	TFCN1702E3373_013396-T1
TFCN1702E3373_003548-T1__TFCN1702E3373_011864-T1	NaN	NaN	NaN	NaN	NaN	NaN	NaN	NaN	GF00000003	Rhodotorula_mucilaginosa_TFCN_17-0-2E337-3.cds.fa_03502	Rhodotorula_mucilaginosa_TFCN_17-0-2E337-3.cds.fa_11710	NaN	NaN	NaN	NaN	NaN	NaN	NaN	NaN	TFCN1702E3373_003548-T1	TFCN1702E3373_011864-T1
TFCN1702E3373_003548-T1__TFCN1702E3373_009840-T1	NaN	NaN	NaN	NaN	NaN	NaN	NaN	NaN	GF00000003	Rhodotorula_mucilaginosa_TFCN_17-0-2E337-3.cds.fa_03502	Rhodotorula_mucilaginosa_TFCN_17-0-2E337-3.cds.fa_09722	NaN	NaN	NaN	NaN	NaN	NaN	NaN	NaN	TFCN1702E3373_003548-T1	TFCN1702E3373_009840-T1
TFCN1702E3373_003548-T1__TFCN1702E3373_009759-T1	NaN	NaN	NaN	NaN	NaN	NaN	NaN	NaN	GF00000003	Rhodotorula_mucilaginosa_TFCN_17-0-2E337-3.cds.fa_03502	Rhodotorula_mucilaginosa_TFCN_17-0-2E337-3.cds.fa_09641	NaN	NaN	NaN	NaN	NaN	NaN	NaN	NaN	TFCN1702E3373_003548-T1	TFCN1702E3373_009759-T1
TFCN1702E3373_003548-T1__TFCN1702E3373_006308-T1	NaN	NaN	NaN	NaN	NaN	NaN	NaN	NaN	GF00000003	Rhodotorula_mucilaginosa_TFCN_17-0-2E337-3.cds.fa_03502	Rhodotorula_mucilaginosa_TFCN_17-0-2E337-3.cds.fa_06232	NaN	NaN	NaN	NaN	NaN	NaN	NaN	NaN	TFCN1702E3373_003548-T1	TFCN1702E3373_006308-T1
TFCN1702E3373_003548-T1__TFCN1702E3373_012744-T1	NaN	NaN	NaN	NaN	NaN	NaN	NaN	NaN	GF00000003	Rhodotorula_mucilaginosa_TFCN_17-0-2E337-3.cds.fa_03502	Rhodotorula_mucilaginosa_TFCN_17-0-2E337-3.cds.fa_12573	NaN	NaN	NaN	NaN	NaN	NaN	NaN	NaN	TFCN1702E3373_003548-T1	TFCN1702E3373_012744-T1
TFCN1702E3373_003548-T1__TFCN1702E3373_012158-T1	NaN	NaN	NaN	NaN	NaN	NaN	NaN	NaN	GF00000003	Rhodotorula_mucilaginosa_TFCN_17-0-2E337-3.cds.fa_03502	Rhodotorula_mucilaginosa_TFCN_17-0-2E337-3.cds.fa_11994	NaN	NaN	NaN	NaN	NaN	NaN	NaN	NaN	TFCN1702E3373_003548-T1	TFCN1702E3373_012158-T1
TFCN1702E3373_003548-T1__TFCN1702E3373_007123-T1	NaN	NaN	NaN	NaN	NaN	NaN	NaN	NaN	GF00000003	Rhodotorula_mucilaginosa_TFCN_17-0-2E337-3.cds.fa_03502	Rhodotorula_mucilaginosa_TFCN_17-0-2E337-3.cds.fa_07038	NaN	NaN	NaN	NaN	NaN	NaN	NaN	NaN	TFCN1702E3373_003548-T1	TFCN1702E3373_007123-T1
TFCN1702E3373_003548-T1__TFCN1702E3373_013632-T1	NaN	NaN	NaN	NaN	NaN	NaN	NaN	NaN	GF00000003	Rhodotorula_mucilaginosa_TFCN_17-0-2E337-3.cds.fa_03502	Rhodotorula_mucilaginosa_TFCN_17-0-2E337-3.cds.fa_13434	NaN	NaN	NaN	NaN	NaN	NaN	NaN	NaN	TFCN1702E3373_003548-T1	TFCN1702E3373_013632-T1
TFCN1702E3373_003548-T1__TFCN1702E3373_014442-T1	NaN	NaN	NaN	NaN	NaN	NaN	NaN	NaN	GF00000003	Rhodotorula_mucilaginosa_TFCN_17-0-2E337-3.cds.fa_03502	Rhodotorula_mucilaginosa_TFCN_17-0-2E337-3.cds.fa_14234	NaN	NaN	NaN	NaN	NaN	NaN	NaN	NaN	TFCN1702E3373_003548-T1	TFCN1702E3373_014442-T1
TFCN1702E3373_003548-T1__TFCN1702E3373_010574-T1	NaN	NaN	NaN	NaN	NaN	NaN	NaN	NaN	GF00000003	Rhodotorula_mucilaginosa_TFCN_17-0-2E337-3.cds.fa_03502	Rhodotorula_mucilaginosa_TFCN_17-0-2E337-3.cds.fa_10446	NaN	NaN	NaN	NaN	NaN	NaN	NaN	NaN	TFCN1702E3373_003548-T1	TFCN1702E3373_010574-T1
TFCN1702E3373_003548-T1__TFCN1702E3373_013397-T1	NaN	NaN	NaN	NaN	NaN	NaN	NaN	NaN	GF00000003	Rhodotorula_mucilaginosa_TFCN_17-0-2E337-3.cds.fa_03502	Rhodotorula_mucilaginosa_TFCN_17-0-2E337-3.cds.fa_13210	NaN	NaN	NaN	NaN	NaN	NaN	NaN	NaN	TFCN1702E3373_003548-T1	TFCN1702E3373_013397-T1
TFCN1702E3373_003548-T1__TFCN1702E3373_013050-T1	NaN	NaN	NaN	NaN	NaN	NaN	NaN	NaN	GF00000003	Rhodotorula_mucilaginosa_TFCN_17-0-2E337-3.cds.fa_03502	Rhodotorula_mucilaginosa_TFCN_17-0-2E337-3.cds.fa_12865	NaN	NaN	NaN	NaN	NaN	NaN	NaN	NaN	TFCN1702E3373_003548-T1	TFCN1702E3373_013050-T1
TFCN1702E3373_003548-T1__TFCN1702E3373_013396-T1	NaN	NaN	NaN	NaN	NaN	NaN	NaN	NaN	GF00000003	Rhodotorula_mucilaginosa_TFCN_17-0-2E337-3.cds.fa_03502	Rhodotorula_mucilaginosa_TFCN_17-0-2E337-3.cds.fa_13209	NaN	NaN	NaN	NaN	NaN	NaN	NaN	NaN	TFCN1702E3373_003548-T1	TFCN1702E3373_013396-T1
TFCN1702E3373_009840-T1__TFCN1702E3373_011864-T1	NaN	NaN	NaN	NaN	NaN	NaN	NaN	NaN	GF00000003	Rhodotorula_mucilaginosa_TFCN_17-0-2E337-3.cds.fa_11710	Rhodotorula_mucilaginosa_TFCN_17-0-2E337-3.cds.fa_09722	NaN	NaN	NaN	NaN	NaN	NaN	NaN	NaN	TFCN1702E3373_011864-T1	TFCN1702E3373_009840-T1
TFCN1702E3373_009759-T1__TFCN1702E3373_011864-T1	NaN	NaN	NaN	NaN	NaN	NaN	NaN	NaN	GF00000003	Rhodotorula_mucilaginosa_TFCN_17-0-2E337-3.cds.fa_11710	Rhodotorula_mucilaginosa_TFCN_17-0-2E337-3.cds.fa_09641	NaN	NaN	NaN	NaN	NaN	NaN	NaN	NaN	TFCN1702E3373_011864-T1	TFCN1702E3373_009759-T1
TFCN1702E3373_006308-T1__TFCN1702E3373_011864-T1	NaN	NaN	NaN	NaN	NaN	NaN	NaN	NaN	GF00000003	Rhodotorula_mucilaginosa_TFCN_17-0-2E337-3.cds.fa_11710	Rhodotorula_mucilaginosa_TFCN_17-0-2E337-3.cds.fa_06232	NaN	NaN	NaN	NaN	NaN	NaN	NaN	NaN	TFCN1702E3373_011864-T1	TFCN1702E3373_006308-T1
TFCN1702E3373_011864-T1__TFCN1702E3373_012744-T1	NaN	NaN	NaN	NaN	NaN	NaN	NaN	NaN	GF00000003	Rhodotorula_mucilaginosa_TFCN_17-0-2E337-3.cds.fa_11710	Rhodotorula_mucilaginosa_TFCN_17-0-2E337-3.cds.fa_12573	NaN	NaN	NaN	NaN	NaN	NaN	NaN	NaN	TFCN1702E3373_011864-T1	TFCN1702E3373_012744-T1
TFCN1702E3373_011864-T1__TFCN1702E3373_012158-T1	NaN	NaN	NaN	NaN	NaN	NaN	NaN	NaN	GF00000003	Rhodotorula_mucilaginosa_TFCN_17-0-2E337-3.cds.fa_11710	Rhodotorula_mucilaginosa_TFCN_17-0-2E337-3.cds.fa_11994	NaN	NaN	NaN	NaN	NaN	NaN	NaN	NaN	TFCN1702E3373_011864-T1	TFCN1702E3373_012158-T1
TFCN1702E3373_007123-T1__TFCN1702E3373_011864-T1	NaN	NaN	NaN	NaN	NaN	NaN	NaN	NaN	GF00000003	Rhodotorula_mucilaginosa_TFCN_17-0-2E337-3.cds.fa_11710	Rhodotorula_mucilaginosa_TFCN_17-0-2E337-3.cds.fa_07038	NaN	NaN	NaN	NaN	NaN	NaN	NaN	NaN	TFCN1702E3373_011864-T1	TFCN1702E3373_007123-T1
TFCN1702E3373_011864-T1__TFCN1702E3373_013632-T1	NaN	NaN	NaN	NaN	NaN	NaN	NaN	NaN	GF00000003	Rhodotorula_mucilaginosa_TFCN_17-0-2E337-3.cds.fa_11710	Rhodotorula_mucilaginosa_TFCN_17-0-2E337-3.cds.fa_13434	NaN	NaN	NaN	NaN	NaN	NaN	NaN	NaN	TFCN1702E3373_011864-T1	TFCN1702E3373_013632-T1
TFCN1702E3373_011864-T1__TFCN1702E3373_014442-T1	NaN	NaN	NaN	NaN	NaN	NaN	NaN	NaN	GF00000003	Rhodotorula_mucilaginosa_TFCN_17-0-2E337-3.cds.fa_11710	Rhodotorula_mucilaginosa_TFCN_17-0-2E337-3.cds.fa_14234	NaN	NaN	NaN	NaN	NaN	NaN	NaN	NaN	TFCN1702E3373_011864-T1	TFCN1702E3373_014442-T1
TFCN1702E3373_010574-T1__TFCN1702E3373_011864-T1	NaN	NaN	NaN	NaN	NaN	NaN	NaN	NaN	GF00000003	Rhodotorula_mucilaginosa_TFCN_17-0-2E337-3.cds.fa_11710	Rhodotorula_mucilaginosa_TFCN_17-0-2E337-3.cds.fa_10446	NaN	NaN	NaN	NaN	NaN	NaN	NaN	NaN	TFCN1702E3373_011864-T1	TFCN1702E3373_010574-T1
TFCN1702E3373_011864-T1__TFCN1702E3373_013397-T1	NaN	NaN	NaN	NaN	NaN	NaN	NaN	NaN	GF00000003	Rhodotorula_mucilaginosa_TFCN_17-0-2E337-3.cds.fa_11710	Rhodotorula_mucilaginosa_TFCN_17-0-2E337-3.cds.fa_13210	NaN	NaN	NaN	NaN	NaN	NaN	NaN	NaN	TFCN1702E3373_011864-T1	TFCN1702E3373_013397-T1
TFCN1702E3373_011864-T1__TFCN1702E3373_013050-T1	NaN	NaN	NaN	NaN	NaN	NaN	NaN	NaN	GF00000003	Rhodotorula_mucilaginosa_TFCN_17-0-2E337-3.cds.fa_11710	Rhodotorula_mucilaginosa_TFCN_17-0-2E337-3.cds.fa_12865	NaN	NaN	NaN	NaN	NaN	NaN	NaN	NaN	TFCN1702E3373_011864-T1	TFCN1702E3373_013050-T1
TFCN1702E3373_011864-T1__TFCN1702E3373_013396-T1	NaN	NaN	NaN	NaN	NaN	NaN	NaN	NaN	GF00000003	Rhodotorula_mucilaginosa_TFCN_17-0-2E337-3.cds.fa_11710	Rhodotorula_mucilaginosa_TFCN_17-0-2E337-3.cds.fa_13209	NaN	NaN	NaN	NaN	NaN	NaN	NaN	NaN	TFCN1702E3373_011864-T1	TFCN1702E3373_013396-T1
TFCN1702E3373_009759-T1__TFCN1702E3373_009840-T1	NaN	NaN	NaN	NaN	NaN	NaN	NaN	NaN	GF00000003	Rhodotorula_mucilaginosa_TFCN_17-0-2E337-3.cds.fa_09722	Rhodotorula_mucilaginosa_TFCN_17-0-2E337-3.cds.fa_09641	NaN	NaN	NaN	NaN	NaN	NaN	NaN	NaN	TFCN1702E3373_009840-T1	TFCN1702E3373_009759-T1
TFCN1702E3373_006308-T1__TFCN1702E3373_009840-T1	NaN	NaN	NaN	NaN	NaN	NaN	NaN	NaN	GF00000003	Rhodotorula_mucilaginosa_TFCN_17-0-2E337-3.cds.fa_09722	Rhodotorula_mucilaginosa_TFCN_17-0-2E337-3.cds.fa_06232	NaN	NaN	NaN	NaN	NaN	NaN	NaN	NaN	TFCN1702E3373_009840-T1	TFCN1702E3373_006308-T1
TFCN1702E3373_009840-T1__TFCN1702E3373_012744-T1	NaN	NaN	NaN	NaN	NaN	NaN	NaN	NaN	GF00000003	Rhodotorula_mucilaginosa_TFCN_17-0-2E337-3.cds.fa_09722	Rhodotorula_mucilaginosa_TFCN_17-0-2E337-3.cds.fa_12573	NaN	NaN	NaN	NaN	NaN	NaN	NaN	NaN	TFCN1702E3373_009840-T1	TFCN1702E3373_012744-T1
TFCN1702E3373_009840-T1__TFCN1702E3373_012158-T1	NaN	NaN	NaN	NaN	NaN	NaN	NaN	NaN	GF00000003	Rhodotorula_mucilaginosa_TFCN_17-0-2E337-3.cds.fa_09722	Rhodotorula_mucilaginosa_TFCN_17-0-2E337-3.cds.fa_11994	NaN	NaN	NaN	NaN	NaN	NaN	NaN	NaN	TFCN1702E3373_009840-T1	TFCN1702E3373_012158-T1
TFCN1702E3373_007123-T1__TFCN1702E3373_009840-T1	NaN	NaN	NaN	NaN	NaN	NaN	NaN	NaN	GF00000003	Rhodotorula_mucilaginosa_TFCN_17-0-2E337-3.cds.fa_09722	Rhodotorula_mucilaginosa_TFCN_17-0-2E337-3.cds.fa_07038	NaN	NaN	NaN	NaN	NaN	NaN	NaN	NaN	TFCN1702E3373_009840-T1	TFCN1702E3373_007123-T1
TFCN1702E3373_009840-T1__TFCN1702E3373_013632-T1	NaN	NaN	NaN	NaN	NaN	NaN	NaN	NaN	GF00000003	Rhodotorula_mucilaginosa_TFCN_17-0-2E337-3.cds.fa_09722	Rhodotorula_mucilaginosa_TFCN_17-0-2E337-3.cds.fa_13434	NaN	NaN	NaN	NaN	NaN	NaN	NaN	NaN	TFCN1702E3373_009840-T1	TFCN1702E3373_013632-T1
TFCN1702E3373_009840-T1__TFCN1702E3373_014442-T1	NaN	NaN	NaN	NaN	NaN	NaN	NaN	NaN	GF00000003	Rhodotorula_mucilaginosa_TFCN_17-0-2E337-3.cds.fa_09722	Rhodotorula_mucilaginosa_TFCN_17-0-2E337-3.cds.fa_14234	NaN	NaN	NaN	NaN	NaN	NaN	NaN	NaN	TFCN1702E3373_009840-T1	TFCN1702E3373_014442-T1
TFCN1702E3373_009840-T1__TFCN1702E3373_010574-T1	NaN	NaN	NaN	NaN	NaN	NaN	NaN	NaN	GF00000003	Rhodotorula_mucilaginosa_TFCN_17-0-2E337-3.cds.fa_09722	Rhodotorula_mucilaginosa_TFCN_17-0-2E337-3.cds.fa_10446	NaN	NaN	NaN	NaN	NaN	NaN	NaN	NaN	TFCN1702E3373_009840-T1	TFCN1702E3373_010574-T1
TFCN1702E3373_009840-T1__TFCN1702E3373_013397-T1	NaN	NaN	NaN	NaN	NaN	NaN	NaN	NaN	GF00000003	Rhodotorula_mucilaginosa_TFCN_17-0-2E337-3.cds.fa_09722	Rhodotorula_mucilaginosa_TFCN_17-0-2E337-3.cds.fa_13210	NaN	NaN	NaN	NaN	NaN	NaN	NaN	NaN	TFCN1702E3373_009840-T1	TFCN1702E3373_013397-T1
TFCN1702E3373_009840-T1__TFCN1702E3373_013050-T1	NaN	NaN	NaN	NaN	NaN	NaN	NaN	NaN	GF00000003	Rhodotorula_mucilaginosa_TFCN_17-0-2E337-3.cds.fa_09722	Rhodotorula_mucilaginosa_TFCN_17-0-2E337-3.cds.fa_12865	NaN	NaN	NaN	NaN	NaN	NaN	NaN	NaN	TFCN1702E3373_009840-T1	TFCN1702E3373_013050-T1
TFCN1702E3373_009840-T1__TFCN1702E3373_013396-T1	NaN	NaN	NaN	NaN	NaN	NaN	NaN	NaN	GF00000003	Rhodotorula_mucilaginosa_TFCN_17-0-2E337-3.cds.fa_09722	Rhodotorula_mucilaginosa_TFCN_17-0-2E337-3.cds.fa_13209	NaN	NaN	NaN	NaN	NaN	NaN	NaN	NaN	TFCN1702E3373_009840-T1	TFCN1702E3373_013396-T1
TFCN1702E3373_006308-T1__TFCN1702E3373_009759-T1	NaN	NaN	NaN	NaN	NaN	NaN	NaN	NaN	GF00000003	Rhodotorula_mucilaginosa_TFCN_17-0-2E337-3.cds.fa_09641	Rhodotorula_mucilaginosa_TFCN_17-0-2E337-3.cds.fa_06232	NaN	NaN	NaN	NaN	NaN	NaN	NaN	NaN	TFCN1702E3373_009759-T1	TFCN1702E3373_006308-T1
TFCN1702E3373_009759-T1__TFCN1702E3373_012744-T1	NaN	NaN	NaN	NaN	NaN	NaN	NaN	NaN	GF00000003	Rhodotorula_mucilaginosa_TFCN_17-0-2E337-3.cds.fa_09641	Rhodotorula_mucilaginosa_TFCN_17-0-2E337-3.cds.fa_12573	NaN	NaN	NaN	NaN	NaN	NaN	NaN	NaN	TFCN1702E3373_009759-T1	TFCN1702E3373_012744-T1
TFCN1702E3373_009759-T1__TFCN1702E3373_012158-T1	NaN	NaN	NaN	NaN	NaN	NaN	NaN	NaN	GF00000003	Rhodotorula_mucilaginosa_TFCN_17-0-2E337-3.cds.fa_09641	Rhodotorula_mucilaginosa_TFCN_17-0-2E337-3.cds.fa_11994	NaN	NaN	NaN	NaN	NaN	NaN	NaN	NaN	TFCN1702E3373_009759-T1	TFCN1702E3373_012158-T1
TFCN1702E3373_007123-T1__TFCN1702E3373_009759-T1	NaN	NaN	NaN	NaN	NaN	NaN	NaN	NaN	GF00000003	Rhodotorula_mucilaginosa_TFCN_17-0-2E337-3.cds.fa_09641	Rhodotorula_mucilaginosa_TFCN_17-0-2E337-3.cds.fa_07038	NaN	NaN	NaN	NaN	NaN	NaN	NaN	NaN	TFCN1702E3373_009759-T1	TFCN1702E3373_007123-T1
TFCN1702E3373_009759-T1__TFCN1702E3373_013632-T1	NaN	NaN	NaN	NaN	NaN	NaN	NaN	NaN	GF00000003	Rhodotorula_mucilaginosa_TFCN_17-0-2E337-3.cds.fa_09641	Rhodotorula_mucilaginosa_TFCN_17-0-2E337-3.cds.fa_13434	NaN	NaN	NaN	NaN	NaN	NaN	NaN	NaN	TFCN1702E3373_009759-T1	TFCN1702E3373_013632-T1
TFCN1702E3373_009759-T1__TFCN1702E3373_014442-T1	NaN	NaN	NaN	NaN	NaN	NaN	NaN	NaN	GF00000003	Rhodotorula_mucilaginosa_TFCN_17-0-2E337-3.cds.fa_09641	Rhodotorula_mucilaginosa_TFCN_17-0-2E337-3.cds.fa_14234	NaN	NaN	NaN	NaN	NaN	NaN	NaN	NaN	TFCN1702E3373_009759-T1	TFCN1702E3373_014442-T1
TFCN1702E3373_009759-T1__TFCN1702E3373_010574-T1	NaN	NaN	NaN	NaN	NaN	NaN	NaN	NaN	GF00000003	Rhodotorula_mucilaginosa_TFCN_17-0-2E337-3.cds.fa_09641	Rhodotorula_mucilaginosa_TFCN_17-0-2E337-3.cds.fa_10446	NaN	NaN	NaN	NaN	NaN	NaN	NaN	NaN	TFCN1702E3373_009759-T1	TFCN1702E3373_010574-T1
TFCN1702E3373_009759-T1__TFCN1702E3373_013397-T1	NaN	NaN	NaN	NaN	NaN	NaN	NaN	NaN	GF00000003	Rhodotorula_mucilaginosa_TFCN_17-0-2E337-3.cds.fa_09641	Rhodotorula_mucilaginosa_TFCN_17-0-2E337-3.cds.fa_13210	NaN	NaN	NaN	NaN	NaN	NaN	NaN	NaN	TFCN1702E3373_009759-T1	TFCN1702E3373_013397-T1
TFCN1702E3373_009759-T1__TFCN1702E3373_013050-T1	NaN	NaN	NaN	NaN	NaN	NaN	NaN	NaN	GF00000003	Rhodotorula_mucilaginosa_TFCN_17-0-2E337-3.cds.fa_09641	Rhodotorula_mucilaginosa_TFCN_17-0-2E337-3.cds.fa_12865	NaN	NaN	NaN	NaN	NaN	NaN	NaN	NaN	TFCN1702E3373_009759-T1	TFCN1702E3373_013050-T1
TFCN1702E3373_009759-T1__TFCN1702E3373_013396-T1	NaN	NaN	NaN	NaN	NaN	NaN	NaN	NaN	GF00000003	Rhodotorula_mucilaginosa_TFCN_17-0-2E337-3.cds.fa_09641	Rhodotorula_mucilaginosa_TFCN_17-0-2E337-3.cds.fa_13209	NaN	NaN	NaN	NaN	NaN	NaN	NaN	NaN	TFCN1702E3373_009759-T1	TFCN1702E3373_013396-T1
TFCN1702E3373_006308-T1__TFCN1702E3373_012744-T1	NaN	NaN	NaN	NaN	NaN	NaN	NaN	NaN	GF00000003	Rhodotorula_mucilaginosa_TFCN_17-0-2E337-3.cds.fa_06232	Rhodotorula_mucilaginosa_TFCN_17-0-2E337-3.cds.fa_12573	NaN	NaN	NaN	NaN	NaN	NaN	NaN	NaN	TFCN1702E3373_006308-T1	TFCN1702E3373_012744-T1
TFCN1702E3373_006308-T1__TFCN1702E3373_012158-T1	NaN	NaN	NaN	NaN	NaN	NaN	NaN	NaN	GF00000003	Rhodotorula_mucilaginosa_TFCN_17-0-2E337-3.cds.fa_06232	Rhodotorula_mucilaginosa_TFCN_17-0-2E337-3.cds.fa_11994	NaN	NaN	NaN	NaN	NaN	NaN	NaN	NaN	TFCN1702E3373_006308-T1	TFCN1702E3373_012158-T1
TFCN1702E3373_006308-T1__TFCN1702E3373_007123-T1	NaN	NaN	NaN	NaN	NaN	NaN	NaN	NaN	GF00000003	Rhodotorula_mucilaginosa_TFCN_17-0-2E337-3.cds.fa_06232	Rhodotorula_mucilaginosa_TFCN_17-0-2E337-3.cds.fa_07038	NaN	NaN	NaN	NaN	NaN	NaN	NaN	NaN	TFCN1702E3373_006308-T1	TFCN1702E3373_007123-T1
TFCN1702E3373_006308-T1__TFCN1702E3373_013632-T1	NaN	NaN	NaN	NaN	NaN	NaN	NaN	NaN	GF00000003	Rhodotorula_mucilaginosa_TFCN_17-0-2E337-3.cds.fa_06232	Rhodotorula_mucilaginosa_TFCN_17-0-2E337-3.cds.fa_13434	NaN	NaN	NaN	NaN	NaN	NaN	NaN	NaN	TFCN1702E3373_006308-T1	TFCN1702E3373_013632-T1
TFCN1702E3373_006308-T1__TFCN1702E3373_014442-T1	NaN	NaN	NaN	NaN	NaN	NaN	NaN	NaN	GF00000003	Rhodotorula_mucilaginosa_TFCN_17-0-2E337-3.cds.fa_06232	Rhodotorula_mucilaginosa_TFCN_17-0-2E337-3.cds.fa_14234	NaN	NaN	NaN	NaN	NaN	NaN	NaN	NaN	TFCN1702E3373_006308-T1	TFCN1702E3373_014442-T1
TFCN1702E3373_006308-T1__TFCN1702E3373_010574-T1	NaN	NaN	NaN	NaN	NaN	NaN	NaN	NaN	GF00000003	Rhodotorula_mucilaginosa_TFCN_17-0-2E337-3.cds.fa_06232	Rhodotorula_mucilaginosa_TFCN_17-0-2E337-3.cds.fa_10446	NaN	NaN	NaN	NaN	NaN	NaN	NaN	NaN	TFCN1702E3373_006308-T1	TFCN1702E3373_010574-T1
TFCN1702E3373_006308-T1__TFCN1702E3373_013397-T1	NaN	NaN	NaN	NaN	NaN	NaN	NaN	NaN	GF00000003	Rhodotorula_mucilaginosa_TFCN_17-0-2E337-3.cds.fa_06232	Rhodotorula_mucilaginosa_TFCN_17-0-2E337-3.cds.fa_13210	NaN	NaN	NaN	NaN	NaN	NaN	NaN	NaN	TFCN1702E3373_006308-T1	TFCN1702E3373_013397-T1
TFCN1702E3373_006308-T1__TFCN1702E3373_013050-T1	NaN	NaN	NaN	NaN	NaN	NaN	NaN	NaN	GF00000003	Rhodotorula_mucilaginosa_TFCN_17-0-2E337-3.cds.fa_06232	Rhodotorula_mucilaginosa_TFCN_17-0-2E337-3.cds.fa_12865	NaN	NaN	NaN	NaN	NaN	NaN	NaN	NaN	TFCN1702E3373_006308-T1	TFCN1702E3373_013050-T1
TFCN1702E3373_006308-T1__TFCN1702E3373_013396-T1	NaN	NaN	NaN	NaN	NaN	NaN	NaN	NaN	GF00000003	Rhodotorula_mucilaginosa_TFCN_17-0-2E337-3.cds.fa_06232	Rhodotorula_mucilaginosa_TFCN_17-0-2E337-3.cds.fa_13209	NaN	NaN	NaN	NaN	NaN	NaN	NaN	NaN	TFCN1702E3373_006308-T1	TFCN1702E3373_013396-T1
TFCN1702E3373_012158-T1__TFCN1702E3373_012744-T1	NaN	NaN	NaN	NaN	NaN	NaN	NaN	NaN	GF00000003	Rhodotorula_mucilaginosa_TFCN_17-0-2E337-3.cds.fa_12573	Rhodotorula_mucilaginosa_TFCN_17-0-2E337-3.cds.fa_11994	NaN	NaN	NaN	NaN	NaN	NaN	NaN	NaN	TFCN1702E3373_012744-T1	TFCN1702E3373_012158-T1
TFCN1702E3373_007123-T1__TFCN1702E3373_012744-T1	NaN	NaN	NaN	NaN	NaN	NaN	NaN	NaN	GF00000003	Rhodotorula_mucilaginosa_TFCN_17-0-2E337-3.cds.fa_12573	Rhodotorula_mucilaginosa_TFCN_17-0-2E337-3.cds.fa_07038	NaN	NaN	NaN	NaN	NaN	NaN	NaN	NaN	TFCN1702E3373_012744-T1	TFCN1702E3373_007123-T1
TFCN1702E3373_012744-T1__TFCN1702E3373_013632-T1	NaN	NaN	NaN	NaN	NaN	NaN	NaN	NaN	GF00000003	Rhodotorula_mucilaginosa_TFCN_17-0-2E337-3.cds.fa_12573	Rhodotorula_mucilaginosa_TFCN_17-0-2E337-3.cds.fa_13434	NaN	NaN	NaN	NaN	NaN	NaN	NaN	NaN	TFCN1702E3373_012744-T1	TFCN1702E3373_013632-T1
TFCN1702E3373_012744-T1__TFCN1702E3373_014442-T1	NaN	NaN	NaN	NaN	NaN	NaN	NaN	NaN	GF00000003	Rhodotorula_mucilaginosa_TFCN_17-0-2E337-3.cds.fa_12573	Rhodotorula_mucilaginosa_TFCN_17-0-2E337-3.cds.fa_14234	NaN	NaN	NaN	NaN	NaN	NaN	NaN	NaN	TFCN1702E3373_012744-T1	TFCN1702E3373_014442-T1
TFCN1702E3373_010574-T1__TFCN1702E3373_012744-T1	NaN	NaN	NaN	NaN	NaN	NaN	NaN	NaN	GF00000003	Rhodotorula_mucilaginosa_TFCN_17-0-2E337-3.cds.fa_12573	Rhodotorula_mucilaginosa_TFCN_17-0-2E337-3.cds.fa_10446	NaN	NaN	NaN	NaN	NaN	NaN	NaN	NaN	TFCN1702E3373_012744-T1	TFCN1702E3373_010574-T1
TFCN1702E3373_012744-T1__TFCN1702E3373_013397-T1	NaN	NaN	NaN	NaN	NaN	NaN	NaN	NaN	GF00000003	Rhodotorula_mucilaginosa_TFCN_17-0-2E337-3.cds.fa_12573	Rhodotorula_mucilaginosa_TFCN_17-0-2E337-3.cds.fa_13210	NaN	NaN	NaN	NaN	NaN	NaN	NaN	NaN	TFCN1702E3373_012744-T1	TFCN1702E3373_013397-T1
TFCN1702E3373_012744-T1__TFCN1702E3373_013050-T1	NaN	NaN	NaN	NaN	NaN	NaN	NaN	NaN	GF00000003	Rhodotorula_mucilaginosa_TFCN_17-0-2E337-3.cds.fa_12573	Rhodotorula_mucilaginosa_TFCN_17-0-2E337-3.cds.fa_12865	NaN	NaN	NaN	NaN	NaN	NaN	NaN	NaN	TFCN1702E3373_012744-T1	TFCN1702E3373_013050-T1
TFCN1702E3373_012744-T1__TFCN1702E3373_013396-T1	NaN	NaN	NaN	NaN	NaN	NaN	NaN	NaN	GF00000003	Rhodotorula_mucilaginosa_TFCN_17-0-2E337-3.cds.fa_12573	Rhodotorula_mucilaginosa_TFCN_17-0-2E337-3.cds.fa_13209	NaN	NaN	NaN	NaN	NaN	NaN	NaN	NaN	TFCN1702E3373_012744-T1	TFCN1702E3373_013396-T1
TFCN1702E3373_007123-T1__TFCN1702E3373_012158-T1	NaN	NaN	NaN	NaN	NaN	NaN	NaN	NaN	GF00000003	Rhodotorula_mucilaginosa_TFCN_17-0-2E337-3.cds.fa_11994	Rhodotorula_mucilaginosa_TFCN_17-0-2E337-3.cds.fa_07038	NaN	NaN	NaN	NaN	NaN	NaN	NaN	NaN	TFCN1702E3373_012158-T1	TFCN1702E3373_007123-T1
TFCN1702E3373_012158-T1__TFCN1702E3373_013632-T1	NaN	NaN	NaN	NaN	NaN	NaN	NaN	NaN	GF00000003	Rhodotorula_mucilaginosa_TFCN_17-0-2E337-3.cds.fa_11994	Rhodotorula_mucilaginosa_TFCN_17-0-2E337-3.cds.fa_13434	NaN	NaN	NaN	NaN	NaN	NaN	NaN	NaN	TFCN1702E3373_012158-T1	TFCN1702E3373_013632-T1
TFCN1702E3373_012158-T1__TFCN1702E3373_014442-T1	NaN	NaN	NaN	NaN	NaN	NaN	NaN	NaN	GF00000003	Rhodotorula_mucilaginosa_TFCN_17-0-2E337-3.cds.fa_11994	Rhodotorula_mucilaginosa_TFCN_17-0-2E337-3.cds.fa_14234	NaN	NaN	NaN	NaN	NaN	NaN	NaN	NaN	TFCN1702E3373_012158-T1	TFCN1702E3373_014442-T1
TFCN1702E3373_010574-T1__TFCN1702E3373_012158-T1	NaN	NaN	NaN	NaN	NaN	NaN	NaN	NaN	GF00000003	Rhodotorula_mucilaginosa_TFCN_17-0-2E337-3.cds.fa_11994	Rhodotorula_mucilaginosa_TFCN_17-0-2E337-3.cds.fa_10446	NaN	NaN	NaN	NaN	NaN	NaN	NaN	NaN	TFCN1702E3373_012158-T1	TFCN1702E3373_010574-T1
TFCN1702E3373_012158-T1__TFCN1702E3373_013397-T1	NaN	NaN	NaN	NaN	NaN	NaN	NaN	NaN	GF00000003	Rhodotorula_mucilaginosa_TFCN_17-0-2E337-3.cds.fa_11994	Rhodotorula_mucilaginosa_TFCN_17-0-2E337-3.cds.fa_13210	NaN	NaN	NaN	NaN	NaN	NaN	NaN	NaN	TFCN1702E3373_012158-T1	TFCN1702E3373_013397-T1
TFCN1702E3373_012158-T1__TFCN1702E3373_013050-T1	NaN	NaN	NaN	NaN	NaN	NaN	NaN	NaN	GF00000003	Rhodotorula_mucilaginosa_TFCN_17-0-2E337-3.cds.fa_11994	Rhodotorula_mucilaginosa_TFCN_17-0-2E337-3.cds.fa_12865	NaN	NaN	NaN	NaN	NaN	NaN	NaN	NaN	TFCN1702E3373_012158-T1	TFCN1702E3373_013050-T1
TFCN1702E3373_012158-T1__TFCN1702E3373_013396-T1	NaN	NaN	NaN	NaN	NaN	NaN	NaN	NaN	GF00000003	Rhodotorula_mucilaginosa_TFCN_17-0-2E337-3.cds.fa_11994	Rhodotorula_mucilaginosa_TFCN_17-0-2E337-3.cds.fa_13209	NaN	NaN	NaN	NaN	NaN	NaN	NaN	NaN	TFCN1702E3373_012158-T1	TFCN1702E3373_013396-T1
TFCN1702E3373_007123-T1__TFCN1702E3373_013632-T1	NaN	NaN	NaN	NaN	NaN	NaN	NaN	NaN	GF00000003	Rhodotorula_mucilaginosa_TFCN_17-0-2E337-3.cds.fa_07038	Rhodotorula_mucilaginosa_TFCN_17-0-2E337-3.cds.fa_13434	NaN	NaN	NaN	NaN	NaN	NaN	NaN	NaN	TFCN1702E3373_007123-T1	TFCN1702E3373_013632-T1
TFCN1702E3373_007123-T1__TFCN1702E3373_014442-T1	NaN	NaN	NaN	NaN	NaN	NaN	NaN	NaN	GF00000003	Rhodotorula_mucilaginosa_TFCN_17-0-2E337-3.cds.fa_07038	Rhodotorula_mucilaginosa_TFCN_17-0-2E337-3.cds.fa_14234	NaN	NaN	NaN	NaN	NaN	NaN	NaN	NaN	TFCN1702E3373_007123-T1	TFCN1702E3373_014442-T1
TFCN1702E3373_007123-T1__TFCN1702E3373_010574-T1	NaN	NaN	NaN	NaN	NaN	NaN	NaN	NaN	GF00000003	Rhodotorula_mucilaginosa_TFCN_17-0-2E337-3.cds.fa_07038	Rhodotorula_mucilaginosa_TFCN_17-0-2E337-3.cds.fa_10446	NaN	NaN	NaN	NaN	NaN	NaN	NaN	NaN	TFCN1702E3373_007123-T1	TFCN1702E3373_010574-T1
TFCN1702E3373_007123-T1__TFCN1702E3373_013397-T1	NaN	NaN	NaN	NaN	NaN	NaN	NaN	NaN	GF00000003	Rhodotorula_mucilaginosa_TFCN_17-0-2E337-3.cds.fa_07038	Rhodotorula_mucilaginosa_TFCN_17-0-2E337-3.cds.fa_13210	NaN	NaN	NaN	NaN	NaN	NaN	NaN	NaN	TFCN1702E3373_007123-T1	TFCN1702E3373_013397-T1
TFCN1702E3373_007123-T1__TFCN1702E3373_013050-T1	NaN	NaN	NaN	NaN	NaN	NaN	NaN	NaN	GF00000003	Rhodotorula_mucilaginosa_TFCN_17-0-2E337-3.cds.fa_07038	Rhodotorula_mucilaginosa_TFCN_17-0-2E337-3.cds.fa_12865	NaN	NaN	NaN	NaN	NaN	NaN	NaN	NaN	TFCN1702E3373_007123-T1	TFCN1702E3373_013050-T1
TFCN1702E3373_007123-T1__TFCN1702E3373_013396-T1	NaN	NaN	NaN	NaN	NaN	NaN	NaN	NaN	GF00000003	Rhodotorula_mucilaginosa_TFCN_17-0-2E337-3.cds.fa_07038	Rhodotorula_mucilaginosa_TFCN_17-0-2E337-3.cds.fa_13209	NaN	NaN	NaN	NaN	NaN	NaN	NaN	NaN	TFCN1702E3373_007123-T1	TFCN1702E3373_013396-T1
TFCN1702E3373_013632-T1__TFCN1702E3373_014442-T1	NaN	NaN	NaN	NaN	NaN	NaN	NaN	NaN	GF00000003	Rhodotorula_mucilaginosa_TFCN_17-0-2E337-3.cds.fa_13434	Rhodotorula_mucilaginosa_TFCN_17-0-2E337-3.cds.fa_14234	NaN	NaN	NaN	NaN	NaN	NaN	NaN	NaN	TFCN1702E3373_013632-T1	TFCN1702E3373_014442-T1
TFCN1702E3373_010574-T1__TFCN1702E3373_013632-T1	NaN	NaN	NaN	NaN	NaN	NaN	NaN	NaN	GF00000003	Rhodotorula_mucilaginosa_TFCN_17-0-2E337-3.cds.fa_13434	Rhodotorula_mucilaginosa_TFCN_17-0-2E337-3.cds.fa_10446	NaN	NaN	NaN	NaN	NaN	NaN	NaN	NaN	TFCN1702E3373_013632-T1	TFCN1702E3373_010574-T1
TFCN1702E3373_013397-T1__TFCN1702E3373_013632-T1	NaN	NaN	NaN	NaN	NaN	NaN	NaN	NaN	GF00000003	Rhodotorula_mucilaginosa_TFCN_17-0-2E337-3.cds.fa_13434	Rhodotorula_mucilaginosa_TFCN_17-0-2E337-3.cds.fa_13210	NaN	NaN	NaN	NaN	NaN	NaN	NaN	NaN	TFCN1702E3373_013632-T1	TFCN1702E3373_013397-T1
TFCN1702E3373_013050-T1__TFCN1702E3373_013632-T1	NaN	NaN	NaN	NaN	NaN	NaN	NaN	NaN	GF00000003	Rhodotorula_mucilaginosa_TFCN_17-0-2E337-3.cds.fa_13434	Rhodotorula_mucilaginosa_TFCN_17-0-2E337-3.cds.fa_12865	NaN	NaN	NaN	NaN	NaN	NaN	NaN	NaN	TFCN1702E3373_013632-T1	TFCN1702E3373_013050-T1
TFCN1702E3373_013396-T1__TFCN1702E3373_013632-T1	NaN	NaN	NaN	NaN	NaN	NaN	NaN	NaN	GF00000003	Rhodotorula_mucilaginosa_TFCN_17-0-2E337-3.cds.fa_13434	Rhodotorula_mucilaginosa_TFCN_17-0-2E337-3.cds.fa_13209	NaN	NaN	NaN	NaN	NaN	NaN	NaN	NaN	TFCN1702E3373_013632-T1	TFCN1702E3373_013396-T1
TFCN1702E3373_010574-T1__TFCN1702E3373_014442-T1	NaN	NaN	NaN	NaN	NaN	NaN	NaN	NaN	GF00000003	Rhodotorula_mucilaginosa_TFCN_17-0-2E337-3.cds.fa_14234	Rhodotorula_mucilaginosa_TFCN_17-0-2E337-3.cds.fa_10446	NaN	NaN	NaN	NaN	NaN	NaN	NaN	NaN	TFCN1702E3373_014442-T1	TFCN1702E3373_010574-T1
TFCN1702E3373_013397-T1__TFCN1702E3373_014442-T1	NaN	NaN	NaN	NaN	NaN	NaN	NaN	NaN	GF00000003	Rhodotorula_mucilaginosa_TFCN_17-0-2E337-3.cds.fa_14234	Rhodotorula_mucilaginosa_TFCN_17-0-2E337-3.cds.fa_13210	NaN	NaN	NaN	NaN	NaN	NaN	NaN	NaN	TFCN1702E3373_014442-T1	TFCN1702E3373_013397-T1
TFCN1702E3373_013050-T1__TFCN1702E3373_014442-T1	NaN	NaN	NaN	NaN	NaN	NaN	NaN	NaN	GF00000003	Rhodotorula_mucilaginosa_TFCN_17-0-2E337-3.cds.fa_14234	Rhodotorula_mucilaginosa_TFCN_17-0-2E337-3.cds.fa_12865	NaN	NaN	NaN	NaN	NaN	NaN	NaN	NaN	TFCN1702E3373_014442-T1	TFCN1702E3373_013050-T1
TFCN1702E3373_013396-T1__TFCN1702E3373_014442-T1	NaN	NaN	NaN	NaN	NaN	NaN	NaN	NaN	GF00000003	Rhodotorula_mucilaginosa_TFCN_17-0-2E337-3.cds.fa_14234	Rhodotorula_mucilaginosa_TFCN_17-0-2E337-3.cds.fa_13209	NaN	NaN	NaN	NaN	NaN	NaN	NaN	NaN	TFCN1702E3373_014442-T1	TFCN1702E3373_013396-T1
TFCN1702E3373_010574-T1__TFCN1702E3373_013397-T1	NaN	NaN	NaN	NaN	NaN	NaN	NaN	NaN	GF00000003	Rhodotorula_mucilaginosa_TFCN_17-0-2E337-3.cds.fa_10446	Rhodotorula_mucilaginosa_TFCN_17-0-2E337-3.cds.fa_13210	NaN	NaN	NaN	NaN	NaN	NaN	NaN	NaN	TFCN1702E3373_010574-T1	TFCN1702E3373_013397-T1
TFCN1702E3373_010574-T1__TFCN1702E3373_013050-T1	NaN	NaN	NaN	NaN	NaN	NaN	NaN	NaN	GF00000003	Rhodotorula_mucilaginosa_TFCN_17-0-2E337-3.cds.fa_10446	Rhodotorula_mucilaginosa_TFCN_17-0-2E337-3.cds.fa_12865	NaN	NaN	NaN	NaN	NaN	NaN	NaN	NaN	TFCN1702E3373_010574-T1	TFCN1702E3373_013050-T1
TFCN1702E3373_010574-T1__TFCN1702E3373_013396-T1	NaN	NaN	NaN	NaN	NaN	NaN	NaN	NaN	GF00000003	Rhodotorula_mucilaginosa_TFCN_17-0-2E337-3.cds.fa_10446	Rhodotorula_mucilaginosa_TFCN_17-0-2E337-3.cds.fa_13209	NaN	NaN	NaN	NaN	NaN	NaN	NaN	NaN	TFCN1702E3373_010574-T1	TFCN1702E3373_013396-T1
TFCN1702E3373_013050-T1__TFCN1702E3373_013397-T1	NaN	NaN	NaN	NaN	NaN	NaN	NaN	NaN	GF00000003	Rhodotorula_mucilaginosa_TFCN_17-0-2E337-3.cds.fa_13210	Rhodotorula_mucilaginosa_TFCN_17-0-2E337-3.cds.fa_12865	NaN	NaN	NaN	NaN	NaN	NaN	NaN	NaN	TFCN1702E3373_013397-T1	TFCN1702E3373_013050-T1
TFCN1702E3373_013396-T1__TFCN1702E3373_013397-T1	NaN	NaN	NaN	NaN	NaN	NaN	NaN	NaN	GF00000003	Rhodotorula_mucilaginosa_TFCN_17-0-2E337-3.cds.fa_13210	Rhodotorula_mucilaginosa_TFCN_17-0-2E337-3.cds.fa_13209	NaN	NaN	NaN	NaN	NaN	NaN	NaN	NaN	TFCN1702E3373_013397-T1	TFCN1702E3373_013396-T1
TFCN1702E3373_013050-T1__TFCN1702E3373_013396-T1	NaN	NaN	NaN	NaN	NaN	NaN	NaN	NaN	GF00000003	Rhodotorula_mucilaginosa_TFCN_17-0-2E337-3.cds.fa_12865	Rhodotorula_mucilaginosa_TFCN_17-0-2E337-3.cds.fa_13209	NaN	NaN	NaN	NaN	NaN	NaN	NaN	NaN	TFCN1702E3373_013050-T1	TFCN1702E3373_013396-T1
TFCN1702E3373_003008-T1__TFCN1702E3373_010822-T1	NaN	NaN	NaN	NaN	NaN	NaN	NaN	NaN	GF00000004	Rhodotorula_mucilaginosa_TFCN_17-0-2E337-3.cds.fa_10689	Rhodotorula_mucilaginosa_TFCN_17-0-2E337-3.cds.fa_02972	NaN	NaN	NaN	NaN	NaN	NaN	NaN	NaN	TFCN1702E3373_010822-T1	TFCN1702E3373_003008-T1
TFCN1702E3373_008609-T1__TFCN1702E3373_010822-T1	NaN	NaN	NaN	NaN	NaN	NaN	NaN	NaN	GF00000004	Rhodotorula_mucilaginosa_TFCN_17-0-2E337-3.cds.fa_10689	Rhodotorula_mucilaginosa_TFCN_17-0-2E337-3.cds.fa_08499	NaN	NaN	NaN	NaN	NaN	NaN	NaN	NaN	TFCN1702E3373_010822-T1	TFCN1702E3373_008609-T1
TFCN1702E3373_010822-T1__TFCN1702E3373_013970-T1	NaN	NaN	NaN	NaN	NaN	NaN	NaN	NaN	GF00000004	Rhodotorula_mucilaginosa_TFCN_17-0-2E337-3.cds.fa_10689	Rhodotorula_mucilaginosa_TFCN_17-0-2E337-3.cds.fa_13769	NaN	NaN	NaN	NaN	NaN	NaN	NaN	NaN	TFCN1702E3373_010822-T1	TFCN1702E3373_013970-T1
TFCN1702E3373_010822-T1__TFCN1702E3373_012866-T1	NaN	NaN	NaN	NaN	NaN	NaN	NaN	NaN	GF00000004	Rhodotorula_mucilaginosa_TFCN_17-0-2E337-3.cds.fa_10689	Rhodotorula_mucilaginosa_TFCN_17-0-2E337-3.cds.fa_12689	NaN	NaN	NaN	NaN	NaN	NaN	NaN	NaN	TFCN1702E3373_010822-T1	TFCN1702E3373_012866-T1
TFCN1702E3373_008254-T1__TFCN1702E3373_010822-T1	NaN	NaN	NaN	NaN	NaN	NaN	NaN	NaN	GF00000004	Rhodotorula_mucilaginosa_TFCN_17-0-2E337-3.cds.fa_10689	Rhodotorula_mucilaginosa_TFCN_17-0-2E337-3.cds.fa_08156	NaN	NaN	NaN	NaN	NaN	NaN	NaN	NaN	TFCN1702E3373_010822-T1	TFCN1702E3373_008254-T1
TFCN1702E3373_010822-T1__TFCN1702E3373_012709-T1	NaN	NaN	NaN	NaN	NaN	NaN	NaN	NaN	GF00000004	Rhodotorula_mucilaginosa_TFCN_17-0-2E337-3.cds.fa_10689	Rhodotorula_mucilaginosa_TFCN_17-0-2E337-3.cds.fa_12539	NaN	NaN	NaN	NaN	NaN	NaN	NaN	NaN	TFCN1702E3373_010822-T1	TFCN1702E3373_012709-T1
TFCN1702E3373_001316-T1__TFCN1702E3373_010822-T1	NaN	NaN	NaN	NaN	NaN	NaN	NaN	NaN	GF00000004	Rhodotorula_mucilaginosa_TFCN_17-0-2E337-3.cds.fa_10689	Rhodotorula_mucilaginosa_TFCN_17-0-2E337-3.cds.fa_01306	NaN	NaN	NaN	NaN	NaN	NaN	NaN	NaN	TFCN1702E3373_010822-T1	TFCN1702E3373_001316-T1
TFCN1702E3373_010822-T1__TFCN1702E3373_012113-T1	NaN	NaN	NaN	NaN	NaN	NaN	NaN	NaN	GF00000004	Rhodotorula_mucilaginosa_TFCN_17-0-2E337-3.cds.fa_10689	Rhodotorula_mucilaginosa_TFCN_17-0-2E337-3.cds.fa_11950	NaN	NaN	NaN	NaN	NaN	NaN	NaN	NaN	TFCN1702E3373_010822-T1	TFCN1702E3373_012113-T1
TFCN1702E3373_010822-T1__TFCN1702E3373_013727-T1	NaN	NaN	NaN	NaN	NaN	NaN	NaN	NaN	GF00000004	Rhodotorula_mucilaginosa_TFCN_17-0-2E337-3.cds.fa_10689	Rhodotorula_mucilaginosa_TFCN_17-0-2E337-3.cds.fa_13526	NaN	NaN	NaN	NaN	NaN	NaN	NaN	NaN	TFCN1702E3373_010822-T1	TFCN1702E3373_013727-T1
TFCN1702E3373_010822-T1__TFCN1702E3373_013000-T1	NaN	NaN	NaN	NaN	NaN	NaN	NaN	NaN	GF00000004	Rhodotorula_mucilaginosa_TFCN_17-0-2E337-3.cds.fa_10689	Rhodotorula_mucilaginosa_TFCN_17-0-2E337-3.cds.fa_12816	NaN	NaN	NaN	NaN	NaN	NaN	NaN	NaN	TFCN1702E3373_010822-T1	TFCN1702E3373_013000-T1
TFCN1702E3373_008038-T1__TFCN1702E3373_010822-T1	NaN	NaN	NaN	NaN	NaN	NaN	NaN	NaN	GF00000004	Rhodotorula_mucilaginosa_TFCN_17-0-2E337-3.cds.fa_10689	Rhodotorula_mucilaginosa_TFCN_17-0-2E337-3.cds.fa_07943	NaN	NaN	NaN	NaN	NaN	NaN	NaN	NaN	TFCN1702E3373_010822-T1	TFCN1702E3373_008038-T1
TFCN1702E3373_010822-T1__TFCN1702E3373_011146-T1	NaN	NaN	NaN	NaN	NaN	NaN	NaN	NaN	GF00000004	Rhodotorula_mucilaginosa_TFCN_17-0-2E337-3.cds.fa_10689	Rhodotorula_mucilaginosa_TFCN_17-0-2E337-3.cds.fa_11000	NaN	NaN	NaN	NaN	NaN	NaN	NaN	NaN	TFCN1702E3373_010822-T1	TFCN1702E3373_011146-T1
TFCN1702E3373_000946-T1__TFCN1702E3373_010822-T1	NaN	NaN	NaN	NaN	NaN	NaN	NaN	NaN	GF00000004	Rhodotorula_mucilaginosa_TFCN_17-0-2E337-3.cds.fa_10689	Rhodotorula_mucilaginosa_TFCN_17-0-2E337-3.cds.fa_00940	NaN	NaN	NaN	NaN	NaN	NaN	NaN	NaN	TFCN1702E3373_010822-T1	TFCN1702E3373_000946-T1
TFCN1702E3373_000417-T1__TFCN1702E3373_010822-T1	NaN	NaN	NaN	NaN	NaN	NaN	NaN	NaN	GF00000004	Rhodotorula_mucilaginosa_TFCN_17-0-2E337-3.cds.fa_10689	Rhodotorula_mucilaginosa_TFCN_17-0-2E337-3.cds.fa_00413	NaN	NaN	NaN	NaN	NaN	NaN	NaN	NaN	TFCN1702E3373_010822-T1	TFCN1702E3373_000417-T1
TFCN1702E3373_009287-T1__TFCN1702E3373_010822-T1	NaN	NaN	NaN	NaN	NaN	NaN	NaN	NaN	GF00000004	Rhodotorula_mucilaginosa_TFCN_17-0-2E337-3.cds.fa_10689	Rhodotorula_mucilaginosa_TFCN_17-0-2E337-3.cds.fa_09171	NaN	NaN	NaN	NaN	NaN	NaN	NaN	NaN	TFCN1702E3373_010822-T1	TFCN1702E3373_009287-T1
TFCN1702E3373_007151-T1__TFCN1702E3373_010822-T1	NaN	NaN	NaN	NaN	NaN	NaN	NaN	NaN	GF00000004	Rhodotorula_mucilaginosa_TFCN_17-0-2E337-3.cds.fa_10689	Rhodotorula_mucilaginosa_TFCN_17-0-2E337-3.cds.fa_07066	NaN	NaN	NaN	NaN	NaN	NaN	NaN	NaN	TFCN1702E3373_010822-T1	TFCN1702E3373_007151-T1
TFCN1702E3373_000468-T1__TFCN1702E3373_010822-T1	NaN	NaN	NaN	NaN	NaN	NaN	NaN	NaN	GF00000004	Rhodotorula_mucilaginosa_TFCN_17-0-2E337-3.cds.fa_10689	Rhodotorula_mucilaginosa_TFCN_17-0-2E337-3.cds.fa_00463	NaN	NaN	NaN	NaN	NaN	NaN	NaN	NaN	TFCN1702E3373_010822-T1	TFCN1702E3373_000468-T1
TFCN1702E3373_000998-T1__TFCN1702E3373_010822-T1	NaN	NaN	NaN	NaN	NaN	NaN	NaN	NaN	GF00000004	Rhodotorula_mucilaginosa_TFCN_17-0-2E337-3.cds.fa_10689	Rhodotorula_mucilaginosa_TFCN_17-0-2E337-3.cds.fa_00990	NaN	NaN	NaN	NaN	NaN	NaN	NaN	NaN	TFCN1702E3373_010822-T1	TFCN1702E3373_000998-T1
TFCN1702E3373_000999-T1__TFCN1702E3373_010822-T1	NaN	NaN	NaN	NaN	NaN	NaN	NaN	NaN	GF00000004	Rhodotorula_mucilaginosa_TFCN_17-0-2E337-3.cds.fa_10689	Rhodotorula_mucilaginosa_TFCN_17-0-2E337-3.cds.fa_00991	NaN	NaN	NaN	NaN	NaN	NaN	NaN	NaN	TFCN1702E3373_010822-T1	TFCN1702E3373_000999-T1
TFCN1702E3373_010822-T1__TFCN1702E3373_014727-T1	NaN	NaN	NaN	NaN	NaN	NaN	NaN	NaN	GF00000004	Rhodotorula_mucilaginosa_TFCN_17-0-2E337-3.cds.fa_10689	Rhodotorula_mucilaginosa_TFCN_17-0-2E337-3.cds.fa_14503	NaN	NaN	NaN	NaN	NaN	NaN	NaN	NaN	TFCN1702E3373_010822-T1	TFCN1702E3373_014727-T1
TFCN1702E3373_003137-T1__TFCN1702E3373_010822-T1	NaN	NaN	NaN	NaN	NaN	NaN	NaN	NaN	GF00000004	Rhodotorula_mucilaginosa_TFCN_17-0-2E337-3.cds.fa_10689	Rhodotorula_mucilaginosa_TFCN_17-0-2E337-3.cds.fa_03094	NaN	NaN	NaN	NaN	NaN	NaN	NaN	NaN	TFCN1702E3373_010822-T1	TFCN1702E3373_003137-T1
TFCN1702E3373_003008-T1__TFCN1702E3373_008609-T1	NaN	NaN	NaN	NaN	NaN	NaN	NaN	NaN	GF00000004	Rhodotorula_mucilaginosa_TFCN_17-0-2E337-3.cds.fa_02972	Rhodotorula_mucilaginosa_TFCN_17-0-2E337-3.cds.fa_08499	NaN	NaN	NaN	NaN	NaN	NaN	NaN	NaN	TFCN1702E3373_003008-T1	TFCN1702E3373_008609-T1
TFCN1702E3373_003008-T1__TFCN1702E3373_013970-T1	NaN	NaN	NaN	NaN	NaN	NaN	NaN	NaN	GF00000004	Rhodotorula_mucilaginosa_TFCN_17-0-2E337-3.cds.fa_02972	Rhodotorula_mucilaginosa_TFCN_17-0-2E337-3.cds.fa_13769	NaN	NaN	NaN	NaN	NaN	NaN	NaN	NaN	TFCN1702E3373_003008-T1	TFCN1702E3373_013970-T1
TFCN1702E3373_003008-T1__TFCN1702E3373_012866-T1	NaN	NaN	NaN	NaN	NaN	NaN	NaN	NaN	GF00000004	Rhodotorula_mucilaginosa_TFCN_17-0-2E337-3.cds.fa_02972	Rhodotorula_mucilaginosa_TFCN_17-0-2E337-3.cds.fa_12689	NaN	NaN	NaN	NaN	NaN	NaN	NaN	NaN	TFCN1702E3373_003008-T1	TFCN1702E3373_012866-T1
TFCN1702E3373_003008-T1__TFCN1702E3373_008254-T1	NaN	NaN	NaN	NaN	NaN	NaN	NaN	NaN	GF00000004	Rhodotorula_mucilaginosa_TFCN_17-0-2E337-3.cds.fa_02972	Rhodotorula_mucilaginosa_TFCN_17-0-2E337-3.cds.fa_08156	NaN	NaN	NaN	NaN	NaN	NaN	NaN	NaN	TFCN1702E3373_003008-T1	TFCN1702E3373_008254-T1
TFCN1702E3373_003008-T1__TFCN1702E3373_012709-T1	NaN	NaN	NaN	NaN	NaN	NaN	NaN	NaN	GF00000004	Rhodotorula_mucilaginosa_TFCN_17-0-2E337-3.cds.fa_02972	Rhodotorula_mucilaginosa_TFCN_17-0-2E337-3.cds.fa_12539	NaN	NaN	NaN	NaN	NaN	NaN	NaN	NaN	TFCN1702E3373_003008-T1	TFCN1702E3373_012709-T1
TFCN1702E3373_001316-T1__TFCN1702E3373_003008-T1	NaN	NaN	NaN	NaN	NaN	NaN	NaN	NaN	GF00000004	Rhodotorula_mucilaginosa_TFCN_17-0-2E337-3.cds.fa_02972	Rhodotorula_mucilaginosa_TFCN_17-0-2E337-3.cds.fa_01306	NaN	NaN	NaN	NaN	NaN	NaN	NaN	NaN	TFCN1702E3373_003008-T1	TFCN1702E3373_001316-T1
TFCN1702E3373_003008-T1__TFCN1702E3373_012113-T1	NaN	NaN	NaN	NaN	NaN	NaN	NaN	NaN	GF00000004	Rhodotorula_mucilaginosa_TFCN_17-0-2E337-3.cds.fa_02972	Rhodotorula_mucilaginosa_TFCN_17-0-2E337-3.cds.fa_11950	NaN	NaN	NaN	NaN	NaN	NaN	NaN	NaN	TFCN1702E3373_003008-T1	TFCN1702E3373_012113-T1
TFCN1702E3373_003008-T1__TFCN1702E3373_013727-T1	NaN	NaN	NaN	NaN	NaN	NaN	NaN	NaN	GF00000004	Rhodotorula_mucilaginosa_TFCN_17-0-2E337-3.cds.fa_02972	Rhodotorula_mucilaginosa_TFCN_17-0-2E337-3.cds.fa_13526	NaN	NaN	NaN	NaN	NaN	NaN	NaN	NaN	TFCN1702E3373_003008-T1	TFCN1702E3373_013727-T1
TFCN1702E3373_003008-T1__TFCN1702E3373_013000-T1	NaN	NaN	NaN	NaN	NaN	NaN	NaN	NaN	GF00000004	Rhodotorula_mucilaginosa_TFCN_17-0-2E337-3.cds.fa_02972	Rhodotorula_mucilaginosa_TFCN_17-0-2E337-3.cds.fa_12816	NaN	NaN	NaN	NaN	NaN	NaN	NaN	NaN	TFCN1702E3373_003008-T1	TFCN1702E3373_013000-T1
TFCN1702E3373_003008-T1__TFCN1702E3373_008038-T1	NaN	NaN	NaN	NaN	NaN	NaN	NaN	NaN	GF00000004	Rhodotorula_mucilaginosa_TFCN_17-0-2E337-3.cds.fa_02972	Rhodotorula_mucilaginosa_TFCN_17-0-2E337-3.cds.fa_07943	NaN	NaN	NaN	NaN	NaN	NaN	NaN	NaN	TFCN1702E3373_003008-T1	TFCN1702E3373_008038-T1
TFCN1702E3373_003008-T1__TFCN1702E3373_011146-T1	NaN	NaN	NaN	NaN	NaN	NaN	NaN	NaN	GF00000004	Rhodotorula_mucilaginosa_TFCN_17-0-2E337-3.cds.fa_02972	Rhodotorula_mucilaginosa_TFCN_17-0-2E337-3.cds.fa_11000	NaN	NaN	NaN	NaN	NaN	NaN	NaN	NaN	TFCN1702E3373_003008-T1	TFCN1702E3373_011146-T1
TFCN1702E3373_000946-T1__TFCN1702E3373_003008-T1	NaN	NaN	NaN	NaN	NaN	NaN	NaN	NaN	GF00000004	Rhodotorula_mucilaginosa_TFCN_17-0-2E337-3.cds.fa_02972	Rhodotorula_mucilaginosa_TFCN_17-0-2E337-3.cds.fa_00940	NaN	NaN	NaN	NaN	NaN	NaN	NaN	NaN	TFCN1702E3373_003008-T1	TFCN1702E3373_000946-T1
TFCN1702E3373_000417-T1__TFCN1702E3373_003008-T1	NaN	NaN	NaN	NaN	NaN	NaN	NaN	NaN	GF00000004	Rhodotorula_mucilaginosa_TFCN_17-0-2E337-3.cds.fa_02972	Rhodotorula_mucilaginosa_TFCN_17-0-2E337-3.cds.fa_00413	NaN	NaN	NaN	NaN	NaN	NaN	NaN	NaN	TFCN1702E3373_003008-T1	TFCN1702E3373_000417-T1
TFCN1702E3373_003008-T1__TFCN1702E3373_009287-T1	NaN	NaN	NaN	NaN	NaN	NaN	NaN	NaN	GF00000004	Rhodotorula_mucilaginosa_TFCN_17-0-2E337-3.cds.fa_02972	Rhodotorula_mucilaginosa_TFCN_17-0-2E337-3.cds.fa_09171	NaN	NaN	NaN	NaN	NaN	NaN	NaN	NaN	TFCN1702E3373_003008-T1	TFCN1702E3373_009287-T1
TFCN1702E3373_003008-T1__TFCN1702E3373_007151-T1	NaN	NaN	NaN	NaN	NaN	NaN	NaN	NaN	GF00000004	Rhodotorula_mucilaginosa_TFCN_17-0-2E337-3.cds.fa_02972	Rhodotorula_mucilaginosa_TFCN_17-0-2E337-3.cds.fa_07066	NaN	NaN	NaN	NaN	NaN	NaN	NaN	NaN	TFCN1702E3373_003008-T1	TFCN1702E3373_007151-T1
TFCN1702E3373_000468-T1__TFCN1702E3373_003008-T1	NaN	NaN	NaN	NaN	NaN	NaN	NaN	NaN	GF00000004	Rhodotorula_mucilaginosa_TFCN_17-0-2E337-3.cds.fa_02972	Rhodotorula_mucilaginosa_TFCN_17-0-2E337-3.cds.fa_00463	NaN	NaN	NaN	NaN	NaN	NaN	NaN	NaN	TFCN1702E3373_003008-T1	TFCN1702E3373_000468-T1
TFCN1702E3373_000998-T1__TFCN1702E3373_003008-T1	NaN	NaN	NaN	NaN	NaN	NaN	NaN	NaN	GF00000004	Rhodotorula_mucilaginosa_TFCN_17-0-2E337-3.cds.fa_02972	Rhodotorula_mucilaginosa_TFCN_17-0-2E337-3.cds.fa_00990	NaN	NaN	NaN	NaN	NaN	NaN	NaN	NaN	TFCN1702E3373_003008-T1	TFCN1702E3373_000998-T1
TFCN1702E3373_000999-T1__TFCN1702E3373_003008-T1	NaN	NaN	NaN	NaN	NaN	NaN	NaN	NaN	GF00000004	Rhodotorula_mucilaginosa_TFCN_17-0-2E337-3.cds.fa_02972	Rhodotorula_mucilaginosa_TFCN_17-0-2E337-3.cds.fa_00991	NaN	NaN	NaN	NaN	NaN	NaN	NaN	NaN	TFCN1702E3373_003008-T1	TFCN1702E3373_000999-T1
TFCN1702E3373_003008-T1__TFCN1702E3373_014727-T1	NaN	NaN	NaN	NaN	NaN	NaN	NaN	NaN	GF00000004	Rhodotorula_mucilaginosa_TFCN_17-0-2E337-3.cds.fa_02972	Rhodotorula_mucilaginosa_TFCN_17-0-2E337-3.cds.fa_14503	NaN	NaN	NaN	NaN	NaN	NaN	NaN	NaN	TFCN1702E3373_003008-T1	TFCN1702E3373_014727-T1
TFCN1702E3373_003008-T1__TFCN1702E3373_003137-T1	NaN	NaN	NaN	NaN	NaN	NaN	NaN	NaN	GF00000004	Rhodotorula_mucilaginosa_TFCN_17-0-2E337-3.cds.fa_02972	Rhodotorula_mucilaginosa_TFCN_17-0-2E337-3.cds.fa_03094	NaN	NaN	NaN	NaN	NaN	NaN	NaN	NaN	TFCN1702E3373_003008-T1	TFCN1702E3373_003137-T1
TFCN1702E3373_008609-T1__TFCN1702E3373_013970-T1	NaN	NaN	NaN	NaN	NaN	NaN	NaN	NaN	GF00000004	Rhodotorula_mucilaginosa_TFCN_17-0-2E337-3.cds.fa_08499	Rhodotorula_mucilaginosa_TFCN_17-0-2E337-3.cds.fa_13769	NaN	NaN	NaN	NaN	NaN	NaN	NaN	NaN	TFCN1702E3373_008609-T1	TFCN1702E3373_013970-T1
TFCN1702E3373_008609-T1__TFCN1702E3373_012866-T1	NaN	NaN	NaN	NaN	NaN	NaN	NaN	NaN	GF00000004	Rhodotorula_mucilaginosa_TFCN_17-0-2E337-3.cds.fa_08499	Rhodotorula_mucilaginosa_TFCN_17-0-2E337-3.cds.fa_12689	NaN	NaN	NaN	NaN	NaN	NaN	NaN	NaN	TFCN1702E3373_008609-T1	TFCN1702E3373_012866-T1
TFCN1702E3373_008254-T1__TFCN1702E3373_008609-T1	NaN	NaN	NaN	NaN	NaN	NaN	NaN	NaN	GF00000004	Rhodotorula_mucilaginosa_TFCN_17-0-2E337-3.cds.fa_08499	Rhodotorula_mucilaginosa_TFCN_17-0-2E337-3.cds.fa_08156	NaN	NaN	NaN	NaN	NaN	NaN	NaN	NaN	TFCN1702E3373_008609-T1	TFCN1702E3373_008254-T1
TFCN1702E3373_008609-T1__TFCN1702E3373_012709-T1	NaN	NaN	NaN	NaN	NaN	NaN	NaN	NaN	GF00000004	Rhodotorula_mucilaginosa_TFCN_17-0-2E337-3.cds.fa_08499	Rhodotorula_mucilaginosa_TFCN_17-0-2E337-3.cds.fa_12539	NaN	NaN	NaN	NaN	NaN	NaN	NaN	NaN	TFCN1702E3373_008609-T1	TFCN1702E3373_012709-T1
TFCN1702E3373_001316-T1__TFCN1702E3373_008609-T1	NaN	NaN	NaN	NaN	NaN	NaN	NaN	NaN	GF00000004	Rhodotorula_mucilaginosa_TFCN_17-0-2E337-3.cds.fa_08499	Rhodotorula_mucilaginosa_TFCN_17-0-2E337-3.cds.fa_01306	NaN	NaN	NaN	NaN	NaN	NaN	NaN	NaN	TFCN1702E3373_008609-T1	TFCN1702E3373_001316-T1
TFCN1702E3373_008609-T1__TFCN1702E3373_012113-T1	NaN	NaN	NaN	NaN	NaN	NaN	NaN	NaN	GF00000004	Rhodotorula_mucilaginosa_TFCN_17-0-2E337-3.cds.fa_08499	Rhodotorula_mucilaginosa_TFCN_17-0-2E337-3.cds.fa_11950	NaN	NaN	NaN	NaN	NaN	NaN	NaN	NaN	TFCN1702E3373_008609-T1	TFCN1702E3373_012113-T1
TFCN1702E3373_008609-T1__TFCN1702E3373_013727-T1	NaN	NaN	NaN	NaN	NaN	NaN	NaN	NaN	GF00000004	Rhodotorula_mucilaginosa_TFCN_17-0-2E337-3.cds.fa_08499	Rhodotorula_mucilaginosa_TFCN_17-0-2E337-3.cds.fa_13526	NaN	NaN	NaN	NaN	NaN	NaN	NaN	NaN	TFCN1702E3373_008609-T1	TFCN1702E3373_013727-T1
TFCN1702E3373_008609-T1__TFCN1702E3373_013000-T1	NaN	NaN	NaN	NaN	NaN	NaN	NaN	NaN	GF00000004	Rhodotorula_mucilaginosa_TFCN_17-0-2E337-3.cds.fa_08499	Rhodotorula_mucilaginosa_TFCN_17-0-2E337-3.cds.fa_12816	NaN	NaN	NaN	NaN	NaN	NaN	NaN	NaN	TFCN1702E3373_008609-T1	TFCN1702E3373_013000-T1
TFCN1702E3373_008038-T1__TFCN1702E3373_008609-T1	NaN	NaN	NaN	NaN	NaN	NaN	NaN	NaN	GF00000004	Rhodotorula_mucilaginosa_TFCN_17-0-2E337-3.cds.fa_08499	Rhodotorula_mucilaginosa_TFCN_17-0-2E337-3.cds.fa_07943	NaN	NaN	NaN	NaN	NaN	NaN	NaN	NaN	TFCN1702E3373_008609-T1	TFCN1702E3373_008038-T1
TFCN1702E3373_008609-T1__TFCN1702E3373_011146-T1	NaN	NaN	NaN	NaN	NaN	NaN	NaN	NaN	GF00000004	Rhodotorula_mucilaginosa_TFCN_17-0-2E337-3.cds.fa_08499	Rhodotorula_mucilaginosa_TFCN_17-0-2E337-3.cds.fa_11000	NaN	NaN	NaN	NaN	NaN	NaN	NaN	NaN	TFCN1702E3373_008609-T1	TFCN1702E3373_011146-T1
TFCN1702E3373_000946-T1__TFCN1702E3373_008609-T1	NaN	NaN	NaN	NaN	NaN	NaN	NaN	NaN	GF00000004	Rhodotorula_mucilaginosa_TFCN_17-0-2E337-3.cds.fa_08499	Rhodotorula_mucilaginosa_TFCN_17-0-2E337-3.cds.fa_00940	NaN	NaN	NaN	NaN	NaN	NaN	NaN	NaN	TFCN1702E3373_008609-T1	TFCN1702E3373_000946-T1
TFCN1702E3373_000417-T1__TFCN1702E3373_008609-T1	NaN	NaN	NaN	NaN	NaN	NaN	NaN	NaN	GF00000004	Rhodotorula_mucilaginosa_TFCN_17-0-2E337-3.cds.fa_08499	Rhodotorula_mucilaginosa_TFCN_17-0-2E337-3.cds.fa_00413	NaN	NaN	NaN	NaN	NaN	NaN	NaN	NaN	TFCN1702E3373_008609-T1	TFCN1702E3373_000417-T1
TFCN1702E3373_008609-T1__TFCN1702E3373_009287-T1	NaN	NaN	NaN	NaN	NaN	NaN	NaN	NaN	GF00000004	Rhodotorula_mucilaginosa_TFCN_17-0-2E337-3.cds.fa_08499	Rhodotorula_mucilaginosa_TFCN_17-0-2E337-3.cds.fa_09171	NaN	NaN	NaN	NaN	NaN	NaN	NaN	NaN	TFCN1702E3373_008609-T1	TFCN1702E3373_009287-T1
TFCN1702E3373_007151-T1__TFCN1702E3373_008609-T1	NaN	NaN	NaN	NaN	NaN	NaN	NaN	NaN	GF00000004	Rhodotorula_mucilaginosa_TFCN_17-0-2E337-3.cds.fa_08499	Rhodotorula_mucilaginosa_TFCN_17-0-2E337-3.cds.fa_07066	NaN	NaN	NaN	NaN	NaN	NaN	NaN	NaN	TFCN1702E3373_008609-T1	TFCN1702E3373_007151-T1
TFCN1702E3373_000468-T1__TFCN1702E3373_008609-T1	NaN	NaN	NaN	NaN	NaN	NaN	NaN	NaN	GF00000004	Rhodotorula_mucilaginosa_TFCN_17-0-2E337-3.cds.fa_08499	Rhodotorula_mucilaginosa_TFCN_17-0-2E337-3.cds.fa_00463	NaN	NaN	NaN	NaN	NaN	NaN	NaN	NaN	TFCN1702E3373_008609-T1	TFCN1702E3373_000468-T1
TFCN1702E3373_000998-T1__TFCN1702E3373_008609-T1	NaN	NaN	NaN	NaN	NaN	NaN	NaN	NaN	GF00000004	Rhodotorula_mucilaginosa_TFCN_17-0-2E337-3.cds.fa_08499	Rhodotorula_mucilaginosa_TFCN_17-0-2E337-3.cds.fa_00990	NaN	NaN	NaN	NaN	NaN	NaN	NaN	NaN	TFCN1702E3373_008609-T1	TFCN1702E3373_000998-T1
TFCN1702E3373_000999-T1__TFCN1702E3373_008609-T1	NaN	NaN	NaN	NaN	NaN	NaN	NaN	NaN	GF00000004	Rhodotorula_mucilaginosa_TFCN_17-0-2E337-3.cds.fa_08499	Rhodotorula_mucilaginosa_TFCN_17-0-2E337-3.cds.fa_00991	NaN	NaN	NaN	NaN	NaN	NaN	NaN	NaN	TFCN1702E3373_008609-T1	TFCN1702E3373_000999-T1
TFCN1702E3373_008609-T1__TFCN1702E3373_014727-T1	NaN	NaN	NaN	NaN	NaN	NaN	NaN	NaN	GF00000004	Rhodotorula_mucilaginosa_TFCN_17-0-2E337-3.cds.fa_08499	Rhodotorula_mucilaginosa_TFCN_17-0-2E337-3.cds.fa_14503	NaN	NaN	NaN	NaN	NaN	NaN	NaN	NaN	TFCN1702E3373_008609-T1	TFCN1702E3373_014727-T1
TFCN1702E3373_003137-T1__TFCN1702E3373_008609-T1	NaN	NaN	NaN	NaN	NaN	NaN	NaN	NaN	GF00000004	Rhodotorula_mucilaginosa_TFCN_17-0-2E337-3.cds.fa_08499	Rhodotorula_mucilaginosa_TFCN_17-0-2E337-3.cds.fa_03094	NaN	NaN	NaN	NaN	NaN	NaN	NaN	NaN	TFCN1702E3373_008609-T1	TFCN1702E3373_003137-T1
TFCN1702E3373_012866-T1__TFCN1702E3373_013970-T1	NaN	NaN	NaN	NaN	NaN	NaN	NaN	NaN	GF00000004	Rhodotorula_mucilaginosa_TFCN_17-0-2E337-3.cds.fa_13769	Rhodotorula_mucilaginosa_TFCN_17-0-2E337-3.cds.fa_12689	NaN	NaN	NaN	NaN	NaN	NaN	NaN	NaN	TFCN1702E3373_013970-T1	TFCN1702E3373_012866-T1
TFCN1702E3373_008254-T1__TFCN1702E3373_013970-T1	NaN	NaN	NaN	NaN	NaN	NaN	NaN	NaN	GF00000004	Rhodotorula_mucilaginosa_TFCN_17-0-2E337-3.cds.fa_13769	Rhodotorula_mucilaginosa_TFCN_17-0-2E337-3.cds.fa_08156	NaN	NaN	NaN	NaN	NaN	NaN	NaN	NaN	TFCN1702E3373_013970-T1	TFCN1702E3373_008254-T1
TFCN1702E3373_012709-T1__TFCN1702E3373_013970-T1	NaN	NaN	NaN	NaN	NaN	NaN	NaN	NaN	GF00000004	Rhodotorula_mucilaginosa_TFCN_17-0-2E337-3.cds.fa_13769	Rhodotorula_mucilaginosa_TFCN_17-0-2E337-3.cds.fa_12539	NaN	NaN	NaN	NaN	NaN	NaN	NaN	NaN	TFCN1702E3373_013970-T1	TFCN1702E3373_012709-T1
TFCN1702E3373_001316-T1__TFCN1702E3373_013970-T1	NaN	NaN	NaN	NaN	NaN	NaN	NaN	NaN	GF00000004	Rhodotorula_mucilaginosa_TFCN_17-0-2E337-3.cds.fa_13769	Rhodotorula_mucilaginosa_TFCN_17-0-2E337-3.cds.fa_01306	NaN	NaN	NaN	NaN	NaN	NaN	NaN	NaN	TFCN1702E3373_013970-T1	TFCN1702E3373_001316-T1
TFCN1702E3373_012113-T1__TFCN1702E3373_013970-T1	NaN	NaN	NaN	NaN	NaN	NaN	NaN	NaN	GF00000004	Rhodotorula_mucilaginosa_TFCN_17-0-2E337-3.cds.fa_13769	Rhodotorula_mucilaginosa_TFCN_17-0-2E337-3.cds.fa_11950	NaN	NaN	NaN	NaN	NaN	NaN	NaN	NaN	TFCN1702E3373_013970-T1	TFCN1702E3373_012113-T1
TFCN1702E3373_013727-T1__TFCN1702E3373_013970-T1	NaN	NaN	NaN	NaN	NaN	NaN	NaN	NaN	GF00000004	Rhodotorula_mucilaginosa_TFCN_17-0-2E337-3.cds.fa_13769	Rhodotorula_mucilaginosa_TFCN_17-0-2E337-3.cds.fa_13526	NaN	NaN	NaN	NaN	NaN	NaN	NaN	NaN	TFCN1702E3373_013970-T1	TFCN1702E3373_013727-T1
TFCN1702E3373_013000-T1__TFCN1702E3373_013970-T1	NaN	NaN	NaN	NaN	NaN	NaN	NaN	NaN	GF00000004	Rhodotorula_mucilaginosa_TFCN_17-0-2E337-3.cds.fa_13769	Rhodotorula_mucilaginosa_TFCN_17-0-2E337-3.cds.fa_12816	NaN	NaN	NaN	NaN	NaN	NaN	NaN	NaN	TFCN1702E3373_013970-T1	TFCN1702E3373_013000-T1
TFCN1702E3373_008038-T1__TFCN1702E3373_013970-T1	NaN	NaN	NaN	NaN	NaN	NaN	NaN	NaN	GF00000004	Rhodotorula_mucilaginosa_TFCN_17-0-2E337-3.cds.fa_13769	Rhodotorula_mucilaginosa_TFCN_17-0-2E337-3.cds.fa_07943	NaN	NaN	NaN	NaN	NaN	NaN	NaN	NaN	TFCN1702E3373_013970-T1	TFCN1702E3373_008038-T1
TFCN1702E3373_011146-T1__TFCN1702E3373_013970-T1	NaN	NaN	NaN	NaN	NaN	NaN	NaN	NaN	GF00000004	Rhodotorula_mucilaginosa_TFCN_17-0-2E337-3.cds.fa_13769	Rhodotorula_mucilaginosa_TFCN_17-0-2E337-3.cds.fa_11000	NaN	NaN	NaN	NaN	NaN	NaN	NaN	NaN	TFCN1702E3373_013970-T1	TFCN1702E3373_011146-T1
TFCN1702E3373_000946-T1__TFCN1702E3373_013970-T1	NaN	NaN	NaN	NaN	NaN	NaN	NaN	NaN	GF00000004	Rhodotorula_mucilaginosa_TFCN_17-0-2E337-3.cds.fa_13769	Rhodotorula_mucilaginosa_TFCN_17-0-2E337-3.cds.fa_00940	NaN	NaN	NaN	NaN	NaN	NaN	NaN	NaN	TFCN1702E3373_013970-T1	TFCN1702E3373_000946-T1
TFCN1702E3373_000417-T1__TFCN1702E3373_013970-T1	NaN	NaN	NaN	NaN	NaN	NaN	NaN	NaN	GF00000004	Rhodotorula_mucilaginosa_TFCN_17-0-2E337-3.cds.fa_13769	Rhodotorula_mucilaginosa_TFCN_17-0-2E337-3.cds.fa_00413	NaN	NaN	NaN	NaN	NaN	NaN	NaN	NaN	TFCN1702E3373_013970-T1	TFCN1702E3373_000417-T1
TFCN1702E3373_009287-T1__TFCN1702E3373_013970-T1	NaN	NaN	NaN	NaN	NaN	NaN	NaN	NaN	GF00000004	Rhodotorula_mucilaginosa_TFCN_17-0-2E337-3.cds.fa_13769	Rhodotorula_mucilaginosa_TFCN_17-0-2E337-3.cds.fa_09171	NaN	NaN	NaN	NaN	NaN	NaN	NaN	NaN	TFCN1702E3373_013970-T1	TFCN1702E3373_009287-T1
TFCN1702E3373_007151-T1__TFCN1702E3373_013970-T1	NaN	NaN	NaN	NaN	NaN	NaN	NaN	NaN	GF00000004	Rhodotorula_mucilaginosa_TFCN_17-0-2E337-3.cds.fa_13769	Rhodotorula_mucilaginosa_TFCN_17-0-2E337-3.cds.fa_07066	NaN	NaN	NaN	NaN	NaN	NaN	NaN	NaN	TFCN1702E3373_013970-T1	TFCN1702E3373_007151-T1
TFCN1702E3373_000468-T1__TFCN1702E3373_013970-T1	NaN	NaN	NaN	NaN	NaN	NaN	NaN	NaN	GF00000004	Rhodotorula_mucilaginosa_TFCN_17-0-2E337-3.cds.fa_13769	Rhodotorula_mucilaginosa_TFCN_17-0-2E337-3.cds.fa_00463	NaN	NaN	NaN	NaN	NaN	NaN	NaN	NaN	TFCN1702E3373_013970-T1	TFCN1702E3373_000468-T1
TFCN1702E3373_000998-T1__TFCN1702E3373_013970-T1	NaN	NaN	NaN	NaN	NaN	NaN	NaN	NaN	GF00000004	Rhodotorula_mucilaginosa_TFCN_17-0-2E337-3.cds.fa_13769	Rhodotorula_mucilaginosa_TFCN_17-0-2E337-3.cds.fa_00990	NaN	NaN	NaN	NaN	NaN	NaN	NaN	NaN	TFCN1702E3373_013970-T1	TFCN1702E3373_000998-T1
TFCN1702E3373_000999-T1__TFCN1702E3373_013970-T1	NaN	NaN	NaN	NaN	NaN	NaN	NaN	NaN	GF00000004	Rhodotorula_mucilaginosa_TFCN_17-0-2E337-3.cds.fa_13769	Rhodotorula_mucilaginosa_TFCN_17-0-2E337-3.cds.fa_00991	NaN	NaN	NaN	NaN	NaN	NaN	NaN	NaN	TFCN1702E3373_013970-T1	TFCN1702E3373_000999-T1
TFCN1702E3373_013970-T1__TFCN1702E3373_014727-T1	NaN	NaN	NaN	NaN	NaN	NaN	NaN	NaN	GF00000004	Rhodotorula_mucilaginosa_TFCN_17-0-2E337-3.cds.fa_13769	Rhodotorula_mucilaginosa_TFCN_17-0-2E337-3.cds.fa_14503	NaN	NaN	NaN	NaN	NaN	NaN	NaN	NaN	TFCN1702E3373_013970-T1	TFCN1702E3373_014727-T1
TFCN1702E3373_003137-T1__TFCN1702E3373_013970-T1	NaN	NaN	NaN	NaN	NaN	NaN	NaN	NaN	GF00000004	Rhodotorula_mucilaginosa_TFCN_17-0-2E337-3.cds.fa_13769	Rhodotorula_mucilaginosa_TFCN_17-0-2E337-3.cds.fa_03094	NaN	NaN	NaN	NaN	NaN	NaN	NaN	NaN	TFCN1702E3373_013970-T1	TFCN1702E3373_003137-T1
TFCN1702E3373_008254-T1__TFCN1702E3373_012866-T1	NaN	NaN	NaN	NaN	NaN	NaN	NaN	NaN	GF00000004	Rhodotorula_mucilaginosa_TFCN_17-0-2E337-3.cds.fa_12689	Rhodotorula_mucilaginosa_TFCN_17-0-2E337-3.cds.fa_08156	NaN	NaN	NaN	NaN	NaN	NaN	NaN	NaN	TFCN1702E3373_012866-T1	TFCN1702E3373_008254-T1
TFCN1702E3373_012709-T1__TFCN1702E3373_012866-T1	NaN	NaN	NaN	NaN	NaN	NaN	NaN	NaN	GF00000004	Rhodotorula_mucilaginosa_TFCN_17-0-2E337-3.cds.fa_12689	Rhodotorula_mucilaginosa_TFCN_17-0-2E337-3.cds.fa_12539	NaN	NaN	NaN	NaN	NaN	NaN	NaN	NaN	TFCN1702E3373_012866-T1	TFCN1702E3373_012709-T1
TFCN1702E3373_001316-T1__TFCN1702E3373_012866-T1	NaN	NaN	NaN	NaN	NaN	NaN	NaN	NaN	GF00000004	Rhodotorula_mucilaginosa_TFCN_17-0-2E337-3.cds.fa_12689	Rhodotorula_mucilaginosa_TFCN_17-0-2E337-3.cds.fa_01306	NaN	NaN	NaN	NaN	NaN	NaN	NaN	NaN	TFCN1702E3373_012866-T1	TFCN1702E3373_001316-T1
TFCN1702E3373_012113-T1__TFCN1702E3373_012866-T1	NaN	NaN	NaN	NaN	NaN	NaN	NaN	NaN	GF00000004	Rhodotorula_mucilaginosa_TFCN_17-0-2E337-3.cds.fa_12689	Rhodotorula_mucilaginosa_TFCN_17-0-2E337-3.cds.fa_11950	NaN	NaN	NaN	NaN	NaN	NaN	NaN	NaN	TFCN1702E3373_012866-T1	TFCN1702E3373_012113-T1
TFCN1702E3373_012866-T1__TFCN1702E3373_013727-T1	NaN	NaN	NaN	NaN	NaN	NaN	NaN	NaN	GF00000004	Rhodotorula_mucilaginosa_TFCN_17-0-2E337-3.cds.fa_12689	Rhodotorula_mucilaginosa_TFCN_17-0-2E337-3.cds.fa_13526	NaN	NaN	NaN	NaN	NaN	NaN	NaN	NaN	TFCN1702E3373_012866-T1	TFCN1702E3373_013727-T1
TFCN1702E3373_012866-T1__TFCN1702E3373_013000-T1	NaN	NaN	NaN	NaN	NaN	NaN	NaN	NaN	GF00000004	Rhodotorula_mucilaginosa_TFCN_17-0-2E337-3.cds.fa_12689	Rhodotorula_mucilaginosa_TFCN_17-0-2E337-3.cds.fa_12816	NaN	NaN	NaN	NaN	NaN	NaN	NaN	NaN	TFCN1702E3373_012866-T1	TFCN1702E3373_013000-T1
TFCN1702E3373_008038-T1__TFCN1702E3373_012866-T1	NaN	NaN	NaN	NaN	NaN	NaN	NaN	NaN	GF00000004	Rhodotorula_mucilaginosa_TFCN_17-0-2E337-3.cds.fa_12689	Rhodotorula_mucilaginosa_TFCN_17-0-2E337-3.cds.fa_07943	NaN	NaN	NaN	NaN	NaN	NaN	NaN	NaN	TFCN1702E3373_012866-T1	TFCN1702E3373_008038-T1
TFCN1702E3373_011146-T1__TFCN1702E3373_012866-T1	NaN	NaN	NaN	NaN	NaN	NaN	NaN	NaN	GF00000004	Rhodotorula_mucilaginosa_TFCN_17-0-2E337-3.cds.fa_12689	Rhodotorula_mucilaginosa_TFCN_17-0-2E337-3.cds.fa_11000	NaN	NaN	NaN	NaN	NaN	NaN	NaN	NaN	TFCN1702E3373_012866-T1	TFCN1702E3373_011146-T1
TFCN1702E3373_000946-T1__TFCN1702E3373_012866-T1	NaN	NaN	NaN	NaN	NaN	NaN	NaN	NaN	GF00000004	Rhodotorula_mucilaginosa_TFCN_17-0-2E337-3.cds.fa_12689	Rhodotorula_mucilaginosa_TFCN_17-0-2E337-3.cds.fa_00940	NaN	NaN	NaN	NaN	NaN	NaN	NaN	NaN	TFCN1702E3373_012866-T1	TFCN1702E3373_000946-T1
TFCN1702E3373_000417-T1__TFCN1702E3373_012866-T1	NaN	NaN	NaN	NaN	NaN	NaN	NaN	NaN	GF00000004	Rhodotorula_mucilaginosa_TFCN_17-0-2E337-3.cds.fa_12689	Rhodotorula_mucilaginosa_TFCN_17-0-2E337-3.cds.fa_00413	NaN	NaN	NaN	NaN	NaN	NaN	NaN	NaN	TFCN1702E3373_012866-T1	TFCN1702E3373_000417-T1
TFCN1702E3373_009287-T1__TFCN1702E3373_012866-T1	NaN	NaN	NaN	NaN	NaN	NaN	NaN	NaN	GF00000004	Rhodotorula_mucilaginosa_TFCN_17-0-2E337-3.cds.fa_12689	Rhodotorula_mucilaginosa_TFCN_17-0-2E337-3.cds.fa_09171	NaN	NaN	NaN	NaN	NaN	NaN	NaN	NaN	TFCN1702E3373_012866-T1	TFCN1702E3373_009287-T1
TFCN1702E3373_007151-T1__TFCN1702E3373_012866-T1	NaN	NaN	NaN	NaN	NaN	NaN	NaN	NaN	GF00000004	Rhodotorula_mucilaginosa_TFCN_17-0-2E337-3.cds.fa_12689	Rhodotorula_mucilaginosa_TFCN_17-0-2E337-3.cds.fa_07066	NaN	NaN	NaN	NaN	NaN	NaN	NaN	NaN	TFCN1702E3373_012866-T1	TFCN1702E3373_007151-T1
TFCN1702E3373_000468-T1__TFCN1702E3373_012866-T1	NaN	NaN	NaN	NaN	NaN	NaN	NaN	NaN	GF00000004	Rhodotorula_mucilaginosa_TFCN_17-0-2E337-3.cds.fa_12689	Rhodotorula_mucilaginosa_TFCN_17-0-2E337-3.cds.fa_00463	NaN	NaN	NaN	NaN	NaN	NaN	NaN	NaN	TFCN1702E3373_012866-T1	TFCN1702E3373_000468-T1
TFCN1702E3373_000998-T1__TFCN1702E3373_012866-T1	NaN	NaN	NaN	NaN	NaN	NaN	NaN	NaN	GF00000004	Rhodotorula_mucilaginosa_TFCN_17-0-2E337-3.cds.fa_12689	Rhodotorula_mucilaginosa_TFCN_17-0-2E337-3.cds.fa_00990	NaN	NaN	NaN	NaN	NaN	NaN	NaN	NaN	TFCN1702E3373_012866-T1	TFCN1702E3373_000998-T1
TFCN1702E3373_000999-T1__TFCN1702E3373_012866-T1	NaN	NaN	NaN	NaN	NaN	NaN	NaN	NaN	GF00000004	Rhodotorula_mucilaginosa_TFCN_17-0-2E337-3.cds.fa_12689	Rhodotorula_mucilaginosa_TFCN_17-0-2E337-3.cds.fa_00991	NaN	NaN	NaN	NaN	NaN	NaN	NaN	NaN	TFCN1702E3373_012866-T1	TFCN1702E3373_000999-T1
TFCN1702E3373_012866-T1__TFCN1702E3373_014727-T1	NaN	NaN	NaN	NaN	NaN	NaN	NaN	NaN	GF00000004	Rhodotorula_mucilaginosa_TFCN_17-0-2E337-3.cds.fa_12689	Rhodotorula_mucilaginosa_TFCN_17-0-2E337-3.cds.fa_14503	NaN	NaN	NaN	NaN	NaN	NaN	NaN	NaN	TFCN1702E3373_012866-T1	TFCN1702E3373_014727-T1
TFCN1702E3373_003137-T1__TFCN1702E3373_012866-T1	NaN	NaN	NaN	NaN	NaN	NaN	NaN	NaN	GF00000004	Rhodotorula_mucilaginosa_TFCN_17-0-2E337-3.cds.fa_12689	Rhodotorula_mucilaginosa_TFCN_17-0-2E337-3.cds.fa_03094	NaN	NaN	NaN	NaN	NaN	NaN	NaN	NaN	TFCN1702E3373_012866-T1	TFCN1702E3373_003137-T1
TFCN1702E3373_008254-T1__TFCN1702E3373_012709-T1	NaN	NaN	NaN	NaN	NaN	NaN	NaN	NaN	GF00000004	Rhodotorula_mucilaginosa_TFCN_17-0-2E337-3.cds.fa_08156	Rhodotorula_mucilaginosa_TFCN_17-0-2E337-3.cds.fa_12539	NaN	NaN	NaN	NaN	NaN	NaN	NaN	NaN	TFCN1702E3373_008254-T1	TFCN1702E3373_012709-T1
TFCN1702E3373_001316-T1__TFCN1702E3373_008254-T1	NaN	NaN	NaN	NaN	NaN	NaN	NaN	NaN	GF00000004	Rhodotorula_mucilaginosa_TFCN_17-0-2E337-3.cds.fa_08156	Rhodotorula_mucilaginosa_TFCN_17-0-2E337-3.cds.fa_01306	NaN	NaN	NaN	NaN	NaN	NaN	NaN	NaN	TFCN1702E3373_008254-T1	TFCN1702E3373_001316-T1
TFCN1702E3373_008254-T1__TFCN1702E3373_012113-T1	NaN	NaN	NaN	NaN	NaN	NaN	NaN	NaN	GF00000004	Rhodotorula_mucilaginosa_TFCN_17-0-2E337-3.cds.fa_08156	Rhodotorula_mucilaginosa_TFCN_17-0-2E337-3.cds.fa_11950	NaN	NaN	NaN	NaN	NaN	NaN	NaN	NaN	TFCN1702E3373_008254-T1	TFCN1702E3373_012113-T1
TFCN1702E3373_008254-T1__TFCN1702E3373_013727-T1	NaN	NaN	NaN	NaN	NaN	NaN	NaN	NaN	GF00000004	Rhodotorula_mucilaginosa_TFCN_17-0-2E337-3.cds.fa_08156	Rhodotorula_mucilaginosa_TFCN_17-0-2E337-3.cds.fa_13526	NaN	NaN	NaN	NaN	NaN	NaN	NaN	NaN	TFCN1702E3373_008254-T1	TFCN1702E3373_013727-T1
TFCN1702E3373_008254-T1__TFCN1702E3373_013000-T1	NaN	NaN	NaN	NaN	NaN	NaN	NaN	NaN	GF00000004	Rhodotorula_mucilaginosa_TFCN_17-0-2E337-3.cds.fa_08156	Rhodotorula_mucilaginosa_TFCN_17-0-2E337-3.cds.fa_12816	NaN	NaN	NaN	NaN	NaN	NaN	NaN	NaN	TFCN1702E3373_008254-T1	TFCN1702E3373_013000-T1
TFCN1702E3373_008038-T1__TFCN1702E3373_008254-T1	NaN	NaN	NaN	NaN	NaN	NaN	NaN	NaN	GF00000004	Rhodotorula_mucilaginosa_TFCN_17-0-2E337-3.cds.fa_08156	Rhodotorula_mucilaginosa_TFCN_17-0-2E337-3.cds.fa_07943	NaN	NaN	NaN	NaN	NaN	NaN	NaN	NaN	TFCN1702E3373_008254-T1	TFCN1702E3373_008038-T1
TFCN1702E3373_008254-T1__TFCN1702E3373_011146-T1	NaN	NaN	NaN	NaN	NaN	NaN	NaN	NaN	GF00000004	Rhodotorula_mucilaginosa_TFCN_17-0-2E337-3.cds.fa_08156	Rhodotorula_mucilaginosa_TFCN_17-0-2E337-3.cds.fa_11000	NaN	NaN	NaN	NaN	NaN	NaN	NaN	NaN	TFCN1702E3373_008254-T1	TFCN1702E3373_011146-T1
TFCN1702E3373_000946-T1__TFCN1702E3373_008254-T1	NaN	NaN	NaN	NaN	NaN	NaN	NaN	NaN	GF00000004	Rhodotorula_mucilaginosa_TFCN_17-0-2E337-3.cds.fa_08156	Rhodotorula_mucilaginosa_TFCN_17-0-2E337-3.cds.fa_00940	NaN	NaN	NaN	NaN	NaN	NaN	NaN	NaN	TFCN1702E3373_008254-T1	TFCN1702E3373_000946-T1
TFCN1702E3373_000417-T1__TFCN1702E3373_008254-T1	NaN	NaN	NaN	NaN	NaN	NaN	NaN	NaN	GF00000004	Rhodotorula_mucilaginosa_TFCN_17-0-2E337-3.cds.fa_08156	Rhodotorula_mucilaginosa_TFCN_17-0-2E337-3.cds.fa_00413	NaN	NaN	NaN	NaN	NaN	NaN	NaN	NaN	TFCN1702E3373_008254-T1	TFCN1702E3373_000417-T1
TFCN1702E3373_008254-T1__TFCN1702E3373_009287-T1	NaN	NaN	NaN	NaN	NaN	NaN	NaN	NaN	GF00000004	Rhodotorula_mucilaginosa_TFCN_17-0-2E337-3.cds.fa_08156	Rhodotorula_mucilaginosa_TFCN_17-0-2E337-3.cds.fa_09171	NaN	NaN	NaN	NaN	NaN	NaN	NaN	NaN	TFCN1702E3373_008254-T1	TFCN1702E3373_009287-T1
TFCN1702E3373_007151-T1__TFCN1702E3373_008254-T1	NaN	NaN	NaN	NaN	NaN	NaN	NaN	NaN	GF00000004	Rhodotorula_mucilaginosa_TFCN_17-0-2E337-3.cds.fa_08156	Rhodotorula_mucilaginosa_TFCN_17-0-2E337-3.cds.fa_07066	NaN	NaN	NaN	NaN	NaN	NaN	NaN	NaN	TFCN1702E3373_008254-T1	TFCN1702E3373_007151-T1
TFCN1702E3373_000468-T1__TFCN1702E3373_008254-T1	NaN	NaN	NaN	NaN	NaN	NaN	NaN	NaN	GF00000004	Rhodotorula_mucilaginosa_TFCN_17-0-2E337-3.cds.fa_08156	Rhodotorula_mucilaginosa_TFCN_17-0-2E337-3.cds.fa_00463	NaN	NaN	NaN	NaN	NaN	NaN	NaN	NaN	TFCN1702E3373_008254-T1	TFCN1702E3373_000468-T1
TFCN1702E3373_000998-T1__TFCN1702E3373_008254-T1	NaN	NaN	NaN	NaN	NaN	NaN	NaN	NaN	GF00000004	Rhodotorula_mucilaginosa_TFCN_17-0-2E337-3.cds.fa_08156	Rhodotorula_mucilaginosa_TFCN_17-0-2E337-3.cds.fa_00990	NaN	NaN	NaN	NaN	NaN	NaN	NaN	NaN	TFCN1702E3373_008254-T1	TFCN1702E3373_000998-T1
TFCN1702E3373_000999-T1__TFCN1702E3373_008254-T1	NaN	NaN	NaN	NaN	NaN	NaN	NaN	NaN	GF00000004	Rhodotorula_mucilaginosa_TFCN_17-0-2E337-3.cds.fa_08156	Rhodotorula_mucilaginosa_TFCN_17-0-2E337-3.cds.fa_00991	NaN	NaN	NaN	NaN	NaN	NaN	NaN	NaN	TFCN1702E3373_008254-T1	TFCN1702E3373_000999-T1
TFCN1702E3373_008254-T1__TFCN1702E3373_014727-T1	NaN	NaN	NaN	NaN	NaN	NaN	NaN	NaN	GF00000004	Rhodotorula_mucilaginosa_TFCN_17-0-2E337-3.cds.fa_08156	Rhodotorula_mucilaginosa_TFCN_17-0-2E337-3.cds.fa_14503	NaN	NaN	NaN	NaN	NaN	NaN	NaN	NaN	TFCN1702E3373_008254-T1	TFCN1702E3373_014727-T1
TFCN1702E3373_003137-T1__TFCN1702E3373_008254-T1	NaN	NaN	NaN	NaN	NaN	NaN	NaN	NaN	GF00000004	Rhodotorula_mucilaginosa_TFCN_17-0-2E337-3.cds.fa_08156	Rhodotorula_mucilaginosa_TFCN_17-0-2E337-3.cds.fa_03094	NaN	NaN	NaN	NaN	NaN	NaN	NaN	NaN	TFCN1702E3373_008254-T1	TFCN1702E3373_003137-T1
TFCN1702E3373_001316-T1__TFCN1702E3373_012709-T1	NaN	NaN	NaN	NaN	NaN	NaN	NaN	NaN	GF00000004	Rhodotorula_mucilaginosa_TFCN_17-0-2E337-3.cds.fa_12539	Rhodotorula_mucilaginosa_TFCN_17-0-2E337-3.cds.fa_01306	NaN	NaN	NaN	NaN	NaN	NaN	NaN	NaN	TFCN1702E3373_012709-T1	TFCN1702E3373_001316-T1
TFCN1702E3373_012113-T1__TFCN1702E3373_012709-T1	NaN	NaN	NaN	NaN	NaN	NaN	NaN	NaN	GF00000004	Rhodotorula_mucilaginosa_TFCN_17-0-2E337-3.cds.fa_12539	Rhodotorula_mucilaginosa_TFCN_17-0-2E337-3.cds.fa_11950	NaN	NaN	NaN	NaN	NaN	NaN	NaN	NaN	TFCN1702E3373_012709-T1	TFCN1702E3373_012113-T1
TFCN1702E3373_012709-T1__TFCN1702E3373_013727-T1	NaN	NaN	NaN	NaN	NaN	NaN	NaN	NaN	GF00000004	Rhodotorula_mucilaginosa_TFCN_17-0-2E337-3.cds.fa_12539	Rhodotorula_mucilaginosa_TFCN_17-0-2E337-3.cds.fa_13526	NaN	NaN	NaN	NaN	NaN	NaN	NaN	NaN	TFCN1702E3373_012709-T1	TFCN1702E3373_013727-T1
TFCN1702E3373_012709-T1__TFCN1702E3373_013000-T1	NaN	NaN	NaN	NaN	NaN	NaN	NaN	NaN	GF00000004	Rhodotorula_mucilaginosa_TFCN_17-0-2E337-3.cds.fa_12539	Rhodotorula_mucilaginosa_TFCN_17-0-2E337-3.cds.fa_12816	NaN	NaN	NaN	NaN	NaN	NaN	NaN	NaN	TFCN1702E3373_012709-T1	TFCN1702E3373_013000-T1
TFCN1702E3373_008038-T1__TFCN1702E3373_012709-T1	NaN	NaN	NaN	NaN	NaN	NaN	NaN	NaN	GF00000004	Rhodotorula_mucilaginosa_TFCN_17-0-2E337-3.cds.fa_12539	Rhodotorula_mucilaginosa_TFCN_17-0-2E337-3.cds.fa_07943	NaN	NaN	NaN	NaN	NaN	NaN	NaN	NaN	TFCN1702E3373_012709-T1	TFCN1702E3373_008038-T1
TFCN1702E3373_011146-T1__TFCN1702E3373_012709-T1	NaN	NaN	NaN	NaN	NaN	NaN	NaN	NaN	GF00000004	Rhodotorula_mucilaginosa_TFCN_17-0-2E337-3.cds.fa_12539	Rhodotorula_mucilaginosa_TFCN_17-0-2E337-3.cds.fa_11000	NaN	NaN	NaN	NaN	NaN	NaN	NaN	NaN	TFCN1702E3373_012709-T1	TFCN1702E3373_011146-T1
TFCN1702E3373_000946-T1__TFCN1702E3373_012709-T1	NaN	NaN	NaN	NaN	NaN	NaN	NaN	NaN	GF00000004	Rhodotorula_mucilaginosa_TFCN_17-0-2E337-3.cds.fa_12539	Rhodotorula_mucilaginosa_TFCN_17-0-2E337-3.cds.fa_00940	NaN	NaN	NaN	NaN	NaN	NaN	NaN	NaN	TFCN1702E3373_012709-T1	TFCN1702E3373_000946-T1
TFCN1702E3373_000417-T1__TFCN1702E3373_012709-T1	NaN	NaN	NaN	NaN	NaN	NaN	NaN	NaN	GF00000004	Rhodotorula_mucilaginosa_TFCN_17-0-2E337-3.cds.fa_12539	Rhodotorula_mucilaginosa_TFCN_17-0-2E337-3.cds.fa_00413	NaN	NaN	NaN	NaN	NaN	NaN	NaN	NaN	TFCN1702E3373_012709-T1	TFCN1702E3373_000417-T1
TFCN1702E3373_009287-T1__TFCN1702E3373_012709-T1	NaN	NaN	NaN	NaN	NaN	NaN	NaN	NaN	GF00000004	Rhodotorula_mucilaginosa_TFCN_17-0-2E337-3.cds.fa_12539	Rhodotorula_mucilaginosa_TFCN_17-0-2E337-3.cds.fa_09171	NaN	NaN	NaN	NaN	NaN	NaN	NaN	NaN	TFCN1702E3373_012709-T1	TFCN1702E3373_009287-T1
TFCN1702E3373_007151-T1__TFCN1702E3373_012709-T1	NaN	NaN	NaN	NaN	NaN	NaN	NaN	NaN	GF00000004	Rhodotorula_mucilaginosa_TFCN_17-0-2E337-3.cds.fa_12539	Rhodotorula_mucilaginosa_TFCN_17-0-2E337-3.cds.fa_07066	NaN	NaN	NaN	NaN	NaN	NaN	NaN	NaN	TFCN1702E3373_012709-T1	TFCN1702E3373_007151-T1
TFCN1702E3373_000468-T1__TFCN1702E3373_012709-T1	NaN	NaN	NaN	NaN	NaN	NaN	NaN	NaN	GF00000004	Rhodotorula_mucilaginosa_TFCN_17-0-2E337-3.cds.fa_12539	Rhodotorula_mucilaginosa_TFCN_17-0-2E337-3.cds.fa_00463	NaN	NaN	NaN	NaN	NaN	NaN	NaN	NaN	TFCN1702E3373_012709-T1	TFCN1702E3373_000468-T1
TFCN1702E3373_000998-T1__TFCN1702E3373_012709-T1	NaN	NaN	NaN	NaN	NaN	NaN	NaN	NaN	GF00000004	Rhodotorula_mucilaginosa_TFCN_17-0-2E337-3.cds.fa_12539	Rhodotorula_mucilaginosa_TFCN_17-0-2E337-3.cds.fa_00990	NaN	NaN	NaN	NaN	NaN	NaN	NaN	NaN	TFCN1702E3373_012709-T1	TFCN1702E3373_000998-T1
TFCN1702E3373_000999-T1__TFCN1702E3373_012709-T1	NaN	NaN	NaN	NaN	NaN	NaN	NaN	NaN	GF00000004	Rhodotorula_mucilaginosa_TFCN_17-0-2E337-3.cds.fa_12539	Rhodotorula_mucilaginosa_TFCN_17-0-2E337-3.cds.fa_00991	NaN	NaN	NaN	NaN	NaN	NaN	NaN	NaN	TFCN1702E3373_012709-T1	TFCN1702E3373_000999-T1
TFCN1702E3373_012709-T1__TFCN1702E3373_014727-T1	NaN	NaN	NaN	NaN	NaN	NaN	NaN	NaN	GF00000004	Rhodotorula_mucilaginosa_TFCN_17-0-2E337-3.cds.fa_12539	Rhodotorula_mucilaginosa_TFCN_17-0-2E337-3.cds.fa_14503	NaN	NaN	NaN	NaN	NaN	NaN	NaN	NaN	TFCN1702E3373_012709-T1	TFCN1702E3373_014727-T1
TFCN1702E3373_003137-T1__TFCN1702E3373_012709-T1	NaN	NaN	NaN	NaN	NaN	NaN	NaN	NaN	GF00000004	Rhodotorula_mucilaginosa_TFCN_17-0-2E337-3.cds.fa_12539	Rhodotorula_mucilaginosa_TFCN_17-0-2E337-3.cds.fa_03094	NaN	NaN	NaN	NaN	NaN	NaN	NaN	NaN	TFCN1702E3373_012709-T1	TFCN1702E3373_003137-T1
TFCN1702E3373_001316-T1__TFCN1702E3373_012113-T1	NaN	NaN	NaN	NaN	NaN	NaN	NaN	NaN	GF00000004	Rhodotorula_mucilaginosa_TFCN_17-0-2E337-3.cds.fa_01306	Rhodotorula_mucilaginosa_TFCN_17-0-2E337-3.cds.fa_11950	NaN	NaN	NaN	NaN	NaN	NaN	NaN	NaN	TFCN1702E3373_001316-T1	TFCN1702E3373_012113-T1
TFCN1702E3373_001316-T1__TFCN1702E3373_013727-T1	NaN	NaN	NaN	NaN	NaN	NaN	NaN	NaN	GF00000004	Rhodotorula_mucilaginosa_TFCN_17-0-2E337-3.cds.fa_01306	Rhodotorula_mucilaginosa_TFCN_17-0-2E337-3.cds.fa_13526	NaN	NaN	NaN	NaN	NaN	NaN	NaN	NaN	TFCN1702E3373_001316-T1	TFCN1702E3373_013727-T1
TFCN1702E3373_001316-T1__TFCN1702E3373_013000-T1	NaN	NaN	NaN	NaN	NaN	NaN	NaN	NaN	GF00000004	Rhodotorula_mucilaginosa_TFCN_17-0-2E337-3.cds.fa_01306	Rhodotorula_mucilaginosa_TFCN_17-0-2E337-3.cds.fa_12816	NaN	NaN	NaN	NaN	NaN	NaN	NaN	NaN	TFCN1702E3373_001316-T1	TFCN1702E3373_013000-T1
TFCN1702E3373_001316-T1__TFCN1702E3373_008038-T1	NaN	NaN	NaN	NaN	NaN	NaN	NaN	NaN	GF00000004	Rhodotorula_mucilaginosa_TFCN_17-0-2E337-3.cds.fa_01306	Rhodotorula_mucilaginosa_TFCN_17-0-2E337-3.cds.fa_07943	NaN	NaN	NaN	NaN	NaN	NaN	NaN	NaN	TFCN1702E3373_001316-T1	TFCN1702E3373_008038-T1
TFCN1702E3373_001316-T1__TFCN1702E3373_011146-T1	NaN	NaN	NaN	NaN	NaN	NaN	NaN	NaN	GF00000004	Rhodotorula_mucilaginosa_TFCN_17-0-2E337-3.cds.fa_01306	Rhodotorula_mucilaginosa_TFCN_17-0-2E337-3.cds.fa_11000	NaN	NaN	NaN	NaN	NaN	NaN	NaN	NaN	TFCN1702E3373_001316-T1	TFCN1702E3373_011146-T1
TFCN1702E3373_000946-T1__TFCN1702E3373_001316-T1	NaN	NaN	NaN	NaN	NaN	NaN	NaN	NaN	GF00000004	Rhodotorula_mucilaginosa_TFCN_17-0-2E337-3.cds.fa_01306	Rhodotorula_mucilaginosa_TFCN_17-0-2E337-3.cds.fa_00940	NaN	NaN	NaN	NaN	NaN	NaN	NaN	NaN	TFCN1702E3373_001316-T1	TFCN1702E3373_000946-T1
TFCN1702E3373_000417-T1__TFCN1702E3373_001316-T1	NaN	NaN	NaN	NaN	NaN	NaN	NaN	NaN	GF00000004	Rhodotorula_mucilaginosa_TFCN_17-0-2E337-3.cds.fa_01306	Rhodotorula_mucilaginosa_TFCN_17-0-2E337-3.cds.fa_00413	NaN	NaN	NaN	NaN	NaN	NaN	NaN	NaN	TFCN1702E3373_001316-T1	TFCN1702E3373_000417-T1
TFCN1702E3373_001316-T1__TFCN1702E3373_009287-T1	NaN	NaN	NaN	NaN	NaN	NaN	NaN	NaN	GF00000004	Rhodotorula_mucilaginosa_TFCN_17-0-2E337-3.cds.fa_01306	Rhodotorula_mucilaginosa_TFCN_17-0-2E337-3.cds.fa_09171	NaN	NaN	NaN	NaN	NaN	NaN	NaN	NaN	TFCN1702E3373_001316-T1	TFCN1702E3373_009287-T1
TFCN1702E3373_001316-T1__TFCN1702E3373_007151-T1	NaN	NaN	NaN	NaN	NaN	NaN	NaN	NaN	GF00000004	Rhodotorula_mucilaginosa_TFCN_17-0-2E337-3.cds.fa_01306	Rhodotorula_mucilaginosa_TFCN_17-0-2E337-3.cds.fa_07066	NaN	NaN	NaN	NaN	NaN	NaN	NaN	NaN	TFCN1702E3373_001316-T1	TFCN1702E3373_007151-T1
TFCN1702E3373_000468-T1__TFCN1702E3373_001316-T1	NaN	NaN	NaN	NaN	NaN	NaN	NaN	NaN	GF00000004	Rhodotorula_mucilaginosa_TFCN_17-0-2E337-3.cds.fa_01306	Rhodotorula_mucilaginosa_TFCN_17-0-2E337-3.cds.fa_00463	NaN	NaN	NaN	NaN	NaN	NaN	NaN	NaN	TFCN1702E3373_001316-T1	TFCN1702E3373_000468-T1
TFCN1702E3373_000998-T1__TFCN1702E3373_001316-T1	NaN	NaN	NaN	NaN	NaN	NaN	NaN	NaN	GF00000004	Rhodotorula_mucilaginosa_TFCN_17-0-2E337-3.cds.fa_01306	Rhodotorula_mucilaginosa_TFCN_17-0-2E337-3.cds.fa_00990	NaN	NaN	NaN	NaN	NaN	NaN	NaN	NaN	TFCN1702E3373_001316-T1	TFCN1702E3373_000998-T1
TFCN1702E3373_000999-T1__TFCN1702E3373_001316-T1	NaN	NaN	NaN	NaN	NaN	NaN	NaN	NaN	GF00000004	Rhodotorula_mucilaginosa_TFCN_17-0-2E337-3.cds.fa_01306	Rhodotorula_mucilaginosa_TFCN_17-0-2E337-3.cds.fa_00991	NaN	NaN	NaN	NaN	NaN	NaN	NaN	NaN	TFCN1702E3373_001316-T1	TFCN1702E3373_000999-T1
TFCN1702E3373_001316-T1__TFCN1702E3373_014727-T1	NaN	NaN	NaN	NaN	NaN	NaN	NaN	NaN	GF00000004	Rhodotorula_mucilaginosa_TFCN_17-0-2E337-3.cds.fa_01306	Rhodotorula_mucilaginosa_TFCN_17-0-2E337-3.cds.fa_14503	NaN	NaN	NaN	NaN	NaN	NaN	NaN	NaN	TFCN1702E3373_001316-T1	TFCN1702E3373_014727-T1
TFCN1702E3373_001316-T1__TFCN1702E3373_003137-T1	NaN	NaN	NaN	NaN	NaN	NaN	NaN	NaN	GF00000004	Rhodotorula_mucilaginosa_TFCN_17-0-2E337-3.cds.fa_01306	Rhodotorula_mucilaginosa_TFCN_17-0-2E337-3.cds.fa_03094	NaN	NaN	NaN	NaN	NaN	NaN	NaN	NaN	TFCN1702E3373_001316-T1	TFCN1702E3373_003137-T1
TFCN1702E3373_012113-T1__TFCN1702E3373_013727-T1	NaN	NaN	NaN	NaN	NaN	NaN	NaN	NaN	GF00000004	Rhodotorula_mucilaginosa_TFCN_17-0-2E337-3.cds.fa_11950	Rhodotorula_mucilaginosa_TFCN_17-0-2E337-3.cds.fa_13526	NaN	NaN	NaN	NaN	NaN	NaN	NaN	NaN	TFCN1702E3373_012113-T1	TFCN1702E3373_013727-T1
TFCN1702E3373_012113-T1__TFCN1702E3373_013000-T1	NaN	NaN	NaN	NaN	NaN	NaN	NaN	NaN	GF00000004	Rhodotorula_mucilaginosa_TFCN_17-0-2E337-3.cds.fa_11950	Rhodotorula_mucilaginosa_TFCN_17-0-2E337-3.cds.fa_12816	NaN	NaN	NaN	NaN	NaN	NaN	NaN	NaN	TFCN1702E3373_012113-T1	TFCN1702E3373_013000-T1
TFCN1702E3373_008038-T1__TFCN1702E3373_012113-T1	NaN	NaN	NaN	NaN	NaN	NaN	NaN	NaN	GF00000004	Rhodotorula_mucilaginosa_TFCN_17-0-2E337-3.cds.fa_11950	Rhodotorula_mucilaginosa_TFCN_17-0-2E337-3.cds.fa_07943	NaN	NaN	NaN	NaN	NaN	NaN	NaN	NaN	TFCN1702E3373_012113-T1	TFCN1702E3373_008038-T1
TFCN1702E3373_011146-T1__TFCN1702E3373_012113-T1	NaN	NaN	NaN	NaN	NaN	NaN	NaN	NaN	GF00000004	Rhodotorula_mucilaginosa_TFCN_17-0-2E337-3.cds.fa_11950	Rhodotorula_mucilaginosa_TFCN_17-0-2E337-3.cds.fa_11000	NaN	NaN	NaN	NaN	NaN	NaN	NaN	NaN	TFCN1702E3373_012113-T1	TFCN1702E3373_011146-T1
TFCN1702E3373_000946-T1__TFCN1702E3373_012113-T1	NaN	NaN	NaN	NaN	NaN	NaN	NaN	NaN	GF00000004	Rhodotorula_mucilaginosa_TFCN_17-0-2E337-3.cds.fa_11950	Rhodotorula_mucilaginosa_TFCN_17-0-2E337-3.cds.fa_00940	NaN	NaN	NaN	NaN	NaN	NaN	NaN	NaN	TFCN1702E3373_012113-T1	TFCN1702E3373_000946-T1
TFCN1702E3373_000417-T1__TFCN1702E3373_012113-T1	NaN	NaN	NaN	NaN	NaN	NaN	NaN	NaN	GF00000004	Rhodotorula_mucilaginosa_TFCN_17-0-2E337-3.cds.fa_11950	Rhodotorula_mucilaginosa_TFCN_17-0-2E337-3.cds.fa_00413	NaN	NaN	NaN	NaN	NaN	NaN	NaN	NaN	TFCN1702E3373_012113-T1	TFCN1702E3373_000417-T1
TFCN1702E3373_009287-T1__TFCN1702E3373_012113-T1	NaN	NaN	NaN	NaN	NaN	NaN	NaN	NaN	GF00000004	Rhodotorula_mucilaginosa_TFCN_17-0-2E337-3.cds.fa_11950	Rhodotorula_mucilaginosa_TFCN_17-0-2E337-3.cds.fa_09171	NaN	NaN	NaN	NaN	NaN	NaN	NaN	NaN	TFCN1702E3373_012113-T1	TFCN1702E3373_009287-T1
TFCN1702E3373_007151-T1__TFCN1702E3373_012113-T1	NaN	NaN	NaN	NaN	NaN	NaN	NaN	NaN	GF00000004	Rhodotorula_mucilaginosa_TFCN_17-0-2E337-3.cds.fa_11950	Rhodotorula_mucilaginosa_TFCN_17-0-2E337-3.cds.fa_07066	NaN	NaN	NaN	NaN	NaN	NaN	NaN	NaN	TFCN1702E3373_012113-T1	TFCN1702E3373_007151-T1
TFCN1702E3373_000468-T1__TFCN1702E3373_012113-T1	NaN	NaN	NaN	NaN	NaN	NaN	NaN	NaN	GF00000004	Rhodotorula_mucilaginosa_TFCN_17-0-2E337-3.cds.fa_11950	Rhodotorula_mucilaginosa_TFCN_17-0-2E337-3.cds.fa_00463	NaN	NaN	NaN	NaN	NaN	NaN	NaN	NaN	TFCN1702E3373_012113-T1	TFCN1702E3373_000468-T1
TFCN1702E3373_000998-T1__TFCN1702E3373_012113-T1	NaN	NaN	NaN	NaN	NaN	NaN	NaN	NaN	GF00000004	Rhodotorula_mucilaginosa_TFCN_17-0-2E337-3.cds.fa_11950	Rhodotorula_mucilaginosa_TFCN_17-0-2E337-3.cds.fa_00990	NaN	NaN	NaN	NaN	NaN	NaN	NaN	NaN	TFCN1702E3373_012113-T1	TFCN1702E3373_000998-T1
TFCN1702E3373_000999-T1__TFCN1702E3373_012113-T1	NaN	NaN	NaN	NaN	NaN	NaN	NaN	NaN	GF00000004	Rhodotorula_mucilaginosa_TFCN_17-0-2E337-3.cds.fa_11950	Rhodotorula_mucilaginosa_TFCN_17-0-2E337-3.cds.fa_00991	NaN	NaN	NaN	NaN	NaN	NaN	NaN	NaN	TFCN1702E3373_012113-T1	TFCN1702E3373_000999-T1
TFCN1702E3373_012113-T1__TFCN1702E3373_014727-T1	NaN	NaN	NaN	NaN	NaN	NaN	NaN	NaN	GF00000004	Rhodotorula_mucilaginosa_TFCN_17-0-2E337-3.cds.fa_11950	Rhodotorula_mucilaginosa_TFCN_17-0-2E337-3.cds.fa_14503	NaN	NaN	NaN	NaN	NaN	NaN	NaN	NaN	TFCN1702E3373_012113-T1	TFCN1702E3373_014727-T1
TFCN1702E3373_003137-T1__TFCN1702E3373_012113-T1	NaN	NaN	NaN	NaN	NaN	NaN	NaN	NaN	GF00000004	Rhodotorula_mucilaginosa_TFCN_17-0-2E337-3.cds.fa_11950	Rhodotorula_mucilaginosa_TFCN_17-0-2E337-3.cds.fa_03094	NaN	NaN	NaN	NaN	NaN	NaN	NaN	NaN	TFCN1702E3373_012113-T1	TFCN1702E3373_003137-T1
TFCN1702E3373_013000-T1__TFCN1702E3373_013727-T1	NaN	NaN	NaN	NaN	NaN	NaN	NaN	NaN	GF00000004	Rhodotorula_mucilaginosa_TFCN_17-0-2E337-3.cds.fa_13526	Rhodotorula_mucilaginosa_TFCN_17-0-2E337-3.cds.fa_12816	NaN	NaN	NaN	NaN	NaN	NaN	NaN	NaN	TFCN1702E3373_013727-T1	TFCN1702E3373_013000-T1
TFCN1702E3373_008038-T1__TFCN1702E3373_013727-T1	NaN	NaN	NaN	NaN	NaN	NaN	NaN	NaN	GF00000004	Rhodotorula_mucilaginosa_TFCN_17-0-2E337-3.cds.fa_13526	Rhodotorula_mucilaginosa_TFCN_17-0-2E337-3.cds.fa_07943	NaN	NaN	NaN	NaN	NaN	NaN	NaN	NaN	TFCN1702E3373_013727-T1	TFCN1702E3373_008038-T1
TFCN1702E3373_011146-T1__TFCN1702E3373_013727-T1	NaN	NaN	NaN	NaN	NaN	NaN	NaN	NaN	GF00000004	Rhodotorula_mucilaginosa_TFCN_17-0-2E337-3.cds.fa_13526	Rhodotorula_mucilaginosa_TFCN_17-0-2E337-3.cds.fa_11000	NaN	NaN	NaN	NaN	NaN	NaN	NaN	NaN	TFCN1702E3373_013727-T1	TFCN1702E3373_011146-T1
TFCN1702E3373_000946-T1__TFCN1702E3373_013727-T1	NaN	NaN	NaN	NaN	NaN	NaN	NaN	NaN	GF00000004	Rhodotorula_mucilaginosa_TFCN_17-0-2E337-3.cds.fa_13526	Rhodotorula_mucilaginosa_TFCN_17-0-2E337-3.cds.fa_00940	NaN	NaN	NaN	NaN	NaN	NaN	NaN	NaN	TFCN1702E3373_013727-T1	TFCN1702E3373_000946-T1
TFCN1702E3373_000417-T1__TFCN1702E3373_013727-T1	NaN	NaN	NaN	NaN	NaN	NaN	NaN	NaN	GF00000004	Rhodotorula_mucilaginosa_TFCN_17-0-2E337-3.cds.fa_13526	Rhodotorula_mucilaginosa_TFCN_17-0-2E337-3.cds.fa_00413	NaN	NaN	NaN	NaN	NaN	NaN	NaN	NaN	TFCN1702E3373_013727-T1	TFCN1702E3373_000417-T1
TFCN1702E3373_009287-T1__TFCN1702E3373_013727-T1	NaN	NaN	NaN	NaN	NaN	NaN	NaN	NaN	GF00000004	Rhodotorula_mucilaginosa_TFCN_17-0-2E337-3.cds.fa_13526	Rhodotorula_mucilaginosa_TFCN_17-0-2E337-3.cds.fa_09171	NaN	NaN	NaN	NaN	NaN	NaN	NaN	NaN	TFCN1702E3373_013727-T1	TFCN1702E3373_009287-T1
TFCN1702E3373_007151-T1__TFCN1702E3373_013727-T1	NaN	NaN	NaN	NaN	NaN	NaN	NaN	NaN	GF00000004	Rhodotorula_mucilaginosa_TFCN_17-0-2E337-3.cds.fa_13526	Rhodotorula_mucilaginosa_TFCN_17-0-2E337-3.cds.fa_07066	NaN	NaN	NaN	NaN	NaN	NaN	NaN	NaN	TFCN1702E3373_013727-T1	TFCN1702E3373_007151-T1
TFCN1702E3373_000468-T1__TFCN1702E3373_013727-T1	NaN	NaN	NaN	NaN	NaN	NaN	NaN	NaN	GF00000004	Rhodotorula_mucilaginosa_TFCN_17-0-2E337-3.cds.fa_13526	Rhodotorula_mucilaginosa_TFCN_17-0-2E337-3.cds.fa_00463	NaN	NaN	NaN	NaN	NaN	NaN	NaN	NaN	TFCN1702E3373_013727-T1	TFCN1702E3373_000468-T1
TFCN1702E3373_000998-T1__TFCN1702E3373_013727-T1	NaN	NaN	NaN	NaN	NaN	NaN	NaN	NaN	GF00000004	Rhodotorula_mucilaginosa_TFCN_17-0-2E337-3.cds.fa_13526	Rhodotorula_mucilaginosa_TFCN_17-0-2E337-3.cds.fa_00990	NaN	NaN	NaN	NaN	NaN	NaN	NaN	NaN	TFCN1702E3373_013727-T1	TFCN1702E3373_000998-T1
TFCN1702E3373_000999-T1__TFCN1702E3373_013727-T1	NaN	NaN	NaN	NaN	NaN	NaN	NaN	NaN	GF00000004	Rhodotorula_mucilaginosa_TFCN_17-0-2E337-3.cds.fa_13526	Rhodotorula_mucilaginosa_TFCN_17-0-2E337-3.cds.fa_00991	NaN	NaN	NaN	NaN	NaN	NaN	NaN	NaN	TFCN1702E3373_013727-T1	TFCN1702E3373_000999-T1
TFCN1702E3373_013727-T1__TFCN1702E3373_014727-T1	NaN	NaN	NaN	NaN	NaN	NaN	NaN	NaN	GF00000004	Rhodotorula_mucilaginosa_TFCN_17-0-2E337-3.cds.fa_13526	Rhodotorula_mucilaginosa_TFCN_17-0-2E337-3.cds.fa_14503	NaN	NaN	NaN	NaN	NaN	NaN	NaN	NaN	TFCN1702E3373_013727-T1	TFCN1702E3373_014727-T1
TFCN1702E3373_003137-T1__TFCN1702E3373_013727-T1	NaN	NaN	NaN	NaN	NaN	NaN	NaN	NaN	GF00000004	Rhodotorula_mucilaginosa_TFCN_17-0-2E337-3.cds.fa_13526	Rhodotorula_mucilaginosa_TFCN_17-0-2E337-3.cds.fa_03094	NaN	NaN	NaN	NaN	NaN	NaN	NaN	NaN	TFCN1702E3373_013727-T1	TFCN1702E3373_003137-T1
TFCN1702E3373_008038-T1__TFCN1702E3373_013000-T1	NaN	NaN	NaN	NaN	NaN	NaN	NaN	NaN	GF00000004	Rhodotorula_mucilaginosa_TFCN_17-0-2E337-3.cds.fa_12816	Rhodotorula_mucilaginosa_TFCN_17-0-2E337-3.cds.fa_07943	NaN	NaN	NaN	NaN	NaN	NaN	NaN	NaN	TFCN1702E3373_013000-T1	TFCN1702E3373_008038-T1
TFCN1702E3373_011146-T1__TFCN1702E3373_013000-T1	NaN	NaN	NaN	NaN	NaN	NaN	NaN	NaN	GF00000004	Rhodotorula_mucilaginosa_TFCN_17-0-2E337-3.cds.fa_12816	Rhodotorula_mucilaginosa_TFCN_17-0-2E337-3.cds.fa_11000	NaN	NaN	NaN	NaN	NaN	NaN	NaN	NaN	TFCN1702E3373_013000-T1	TFCN1702E3373_011146-T1
TFCN1702E3373_000946-T1__TFCN1702E3373_013000-T1	NaN	NaN	NaN	NaN	NaN	NaN	NaN	NaN	GF00000004	Rhodotorula_mucilaginosa_TFCN_17-0-2E337-3.cds.fa_12816	Rhodotorula_mucilaginosa_TFCN_17-0-2E337-3.cds.fa_00940	NaN	NaN	NaN	NaN	NaN	NaN	NaN	NaN	TFCN1702E3373_013000-T1	TFCN1702E3373_000946-T1
TFCN1702E3373_000417-T1__TFCN1702E3373_013000-T1	NaN	NaN	NaN	NaN	NaN	NaN	NaN	NaN	GF00000004	Rhodotorula_mucilaginosa_TFCN_17-0-2E337-3.cds.fa_12816	Rhodotorula_mucilaginosa_TFCN_17-0-2E337-3.cds.fa_00413	NaN	NaN	NaN	NaN	NaN	NaN	NaN	NaN	TFCN1702E3373_013000-T1	TFCN1702E3373_000417-T1
TFCN1702E3373_009287-T1__TFCN1702E3373_013000-T1	NaN	NaN	NaN	NaN	NaN	NaN	NaN	NaN	GF00000004	Rhodotorula_mucilaginosa_TFCN_17-0-2E337-3.cds.fa_12816	Rhodotorula_mucilaginosa_TFCN_17-0-2E337-3.cds.fa_09171	NaN	NaN	NaN	NaN	NaN	NaN	NaN	NaN	TFCN1702E3373_013000-T1	TFCN1702E3373_009287-T1
TFCN1702E3373_007151-T1__TFCN1702E3373_013000-T1	NaN	NaN	NaN	NaN	NaN	NaN	NaN	NaN	GF00000004	Rhodotorula_mucilaginosa_TFCN_17-0-2E337-3.cds.fa_12816	Rhodotorula_mucilaginosa_TFCN_17-0-2E337-3.cds.fa_07066	NaN	NaN	NaN	NaN	NaN	NaN	NaN	NaN	TFCN1702E3373_013000-T1	TFCN1702E3373_007151-T1
TFCN1702E3373_000468-T1__TFCN1702E3373_013000-T1	NaN	NaN	NaN	NaN	NaN	NaN	NaN	NaN	GF00000004	Rhodotorula_mucilaginosa_TFCN_17-0-2E337-3.cds.fa_12816	Rhodotorula_mucilaginosa_TFCN_17-0-2E337-3.cds.fa_00463	NaN	NaN	NaN	NaN	NaN	NaN	NaN	NaN	TFCN1702E3373_013000-T1	TFCN1702E3373_000468-T1
TFCN1702E3373_000998-T1__TFCN1702E3373_013000-T1	NaN	NaN	NaN	NaN	NaN	NaN	NaN	NaN	GF00000004	Rhodotorula_mucilaginosa_TFCN_17-0-2E337-3.cds.fa_12816	Rhodotorula_mucilaginosa_TFCN_17-0-2E337-3.cds.fa_00990	NaN	NaN	NaN	NaN	NaN	NaN	NaN	NaN	TFCN1702E3373_013000-T1	TFCN1702E3373_000998-T1
TFCN1702E3373_000999-T1__TFCN1702E3373_013000-T1	NaN	NaN	NaN	NaN	NaN	NaN	NaN	NaN	GF00000004	Rhodotorula_mucilaginosa_TFCN_17-0-2E337-3.cds.fa_12816	Rhodotorula_mucilaginosa_TFCN_17-0-2E337-3.cds.fa_00991	NaN	NaN	NaN	NaN	NaN	NaN	NaN	NaN	TFCN1702E3373_013000-T1	TFCN1702E3373_000999-T1
TFCN1702E3373_013000-T1__TFCN1702E3373_014727-T1	NaN	NaN	NaN	NaN	NaN	NaN	NaN	NaN	GF00000004	Rhodotorula_mucilaginosa_TFCN_17-0-2E337-3.cds.fa_12816	Rhodotorula_mucilaginosa_TFCN_17-0-2E337-3.cds.fa_14503	NaN	NaN	NaN	NaN	NaN	NaN	NaN	NaN	TFCN1702E3373_013000-T1	TFCN1702E3373_014727-T1
TFCN1702E3373_003137-T1__TFCN1702E3373_013000-T1	NaN	NaN	NaN	NaN	NaN	NaN	NaN	NaN	GF00000004	Rhodotorula_mucilaginosa_TFCN_17-0-2E337-3.cds.fa_12816	Rhodotorula_mucilaginosa_TFCN_17-0-2E337-3.cds.fa_03094	NaN	NaN	NaN	NaN	NaN	NaN	NaN	NaN	TFCN1702E3373_013000-T1	TFCN1702E3373_003137-T1
TFCN1702E3373_008038-T1__TFCN1702E3373_011146-T1	NaN	NaN	NaN	NaN	NaN	NaN	NaN	NaN	GF00000004	Rhodotorula_mucilaginosa_TFCN_17-0-2E337-3.cds.fa_07943	Rhodotorula_mucilaginosa_TFCN_17-0-2E337-3.cds.fa_11000	NaN	NaN	NaN	NaN	NaN	NaN	NaN	NaN	TFCN1702E3373_008038-T1	TFCN1702E3373_011146-T1
TFCN1702E3373_000946-T1__TFCN1702E3373_008038-T1	NaN	NaN	NaN	NaN	NaN	NaN	NaN	NaN	GF00000004	Rhodotorula_mucilaginosa_TFCN_17-0-2E337-3.cds.fa_07943	Rhodotorula_mucilaginosa_TFCN_17-0-2E337-3.cds.fa_00940	NaN	NaN	NaN	NaN	NaN	NaN	NaN	NaN	TFCN1702E3373_008038-T1	TFCN1702E3373_000946-T1
TFCN1702E3373_000417-T1__TFCN1702E3373_008038-T1	NaN	NaN	NaN	NaN	NaN	NaN	NaN	NaN	GF00000004	Rhodotorula_mucilaginosa_TFCN_17-0-2E337-3.cds.fa_07943	Rhodotorula_mucilaginosa_TFCN_17-0-2E337-3.cds.fa_00413	NaN	NaN	NaN	NaN	NaN	NaN	NaN	NaN	TFCN1702E3373_008038-T1	TFCN1702E3373_000417-T1
TFCN1702E3373_008038-T1__TFCN1702E3373_009287-T1	NaN	NaN	NaN	NaN	NaN	NaN	NaN	NaN	GF00000004	Rhodotorula_mucilaginosa_TFCN_17-0-2E337-3.cds.fa_07943	Rhodotorula_mucilaginosa_TFCN_17-0-2E337-3.cds.fa_09171	NaN	NaN	NaN	NaN	NaN	NaN	NaN	NaN	TFCN1702E3373_008038-T1	TFCN1702E3373_009287-T1
TFCN1702E3373_007151-T1__TFCN1702E3373_008038-T1	NaN	NaN	NaN	NaN	NaN	NaN	NaN	NaN	GF00000004	Rhodotorula_mucilaginosa_TFCN_17-0-2E337-3.cds.fa_07943	Rhodotorula_mucilaginosa_TFCN_17-0-2E337-3.cds.fa_07066	NaN	NaN	NaN	NaN	NaN	NaN	NaN	NaN	TFCN1702E3373_008038-T1	TFCN1702E3373_007151-T1
TFCN1702E3373_000468-T1__TFCN1702E3373_008038-T1	NaN	NaN	NaN	NaN	NaN	NaN	NaN	NaN	GF00000004	Rhodotorula_mucilaginosa_TFCN_17-0-2E337-3.cds.fa_07943	Rhodotorula_mucilaginosa_TFCN_17-0-2E337-3.cds.fa_00463	NaN	NaN	NaN	NaN	NaN	NaN	NaN	NaN	TFCN1702E3373_008038-T1	TFCN1702E3373_000468-T1
TFCN1702E3373_000998-T1__TFCN1702E3373_008038-T1	NaN	NaN	NaN	NaN	NaN	NaN	NaN	NaN	GF00000004	Rhodotorula_mucilaginosa_TFCN_17-0-2E337-3.cds.fa_07943	Rhodotorula_mucilaginosa_TFCN_17-0-2E337-3.cds.fa_00990	NaN	NaN	NaN	NaN	NaN	NaN	NaN	NaN	TFCN1702E3373_008038-T1	TFCN1702E3373_000998-T1
TFCN1702E3373_000999-T1__TFCN1702E3373_008038-T1	NaN	NaN	NaN	NaN	NaN	NaN	NaN	NaN	GF00000004	Rhodotorula_mucilaginosa_TFCN_17-0-2E337-3.cds.fa_07943	Rhodotorula_mucilaginosa_TFCN_17-0-2E337-3.cds.fa_00991	NaN	NaN	NaN	NaN	NaN	NaN	NaN	NaN	TFCN1702E3373_008038-T1	TFCN1702E3373_000999-T1
TFCN1702E3373_008038-T1__TFCN1702E3373_014727-T1	NaN	NaN	NaN	NaN	NaN	NaN	NaN	NaN	GF00000004	Rhodotorula_mucilaginosa_TFCN_17-0-2E337-3.cds.fa_07943	Rhodotorula_mucilaginosa_TFCN_17-0-2E337-3.cds.fa_14503	NaN	NaN	NaN	NaN	NaN	NaN	NaN	NaN	TFCN1702E3373_008038-T1	TFCN1702E3373_014727-T1
TFCN1702E3373_003137-T1__TFCN1702E3373_008038-T1	NaN	NaN	NaN	NaN	NaN	NaN	NaN	NaN	GF00000004	Rhodotorula_mucilaginosa_TFCN_17-0-2E337-3.cds.fa_07943	Rhodotorula_mucilaginosa_TFCN_17-0-2E337-3.cds.fa_03094	NaN	NaN	NaN	NaN	NaN	NaN	NaN	NaN	TFCN1702E3373_008038-T1	TFCN1702E3373_003137-T1
TFCN1702E3373_000946-T1__TFCN1702E3373_011146-T1	NaN	NaN	NaN	NaN	NaN	NaN	NaN	NaN	GF00000004	Rhodotorula_mucilaginosa_TFCN_17-0-2E337-3.cds.fa_11000	Rhodotorula_mucilaginosa_TFCN_17-0-2E337-3.cds.fa_00940	NaN	NaN	NaN	NaN	NaN	NaN	NaN	NaN	TFCN1702E3373_011146-T1	TFCN1702E3373_000946-T1
TFCN1702E3373_000417-T1__TFCN1702E3373_011146-T1	NaN	NaN	NaN	NaN	NaN	NaN	NaN	NaN	GF00000004	Rhodotorula_mucilaginosa_TFCN_17-0-2E337-3.cds.fa_11000	Rhodotorula_mucilaginosa_TFCN_17-0-2E337-3.cds.fa_00413	NaN	NaN	NaN	NaN	NaN	NaN	NaN	NaN	TFCN1702E3373_011146-T1	TFCN1702E3373_000417-T1
TFCN1702E3373_009287-T1__TFCN1702E3373_011146-T1	NaN	NaN	NaN	NaN	NaN	NaN	NaN	NaN	GF00000004	Rhodotorula_mucilaginosa_TFCN_17-0-2E337-3.cds.fa_11000	Rhodotorula_mucilaginosa_TFCN_17-0-2E337-3.cds.fa_09171	NaN	NaN	NaN	NaN	NaN	NaN	NaN	NaN	TFCN1702E3373_011146-T1	TFCN1702E3373_009287-T1
TFCN1702E3373_007151-T1__TFCN1702E3373_011146-T1	NaN	NaN	NaN	NaN	NaN	NaN	NaN	NaN	GF00000004	Rhodotorula_mucilaginosa_TFCN_17-0-2E337-3.cds.fa_11000	Rhodotorula_mucilaginosa_TFCN_17-0-2E337-3.cds.fa_07066	NaN	NaN	NaN	NaN	NaN	NaN	NaN	NaN	TFCN1702E3373_011146-T1	TFCN1702E3373_007151-T1
TFCN1702E3373_000468-T1__TFCN1702E3373_011146-T1	NaN	NaN	NaN	NaN	NaN	NaN	NaN	NaN	GF00000004	Rhodotorula_mucilaginosa_TFCN_17-0-2E337-3.cds.fa_11000	Rhodotorula_mucilaginosa_TFCN_17-0-2E337-3.cds.fa_00463	NaN	NaN	NaN	NaN	NaN	NaN	NaN	NaN	TFCN1702E3373_011146-T1	TFCN1702E3373_000468-T1
TFCN1702E3373_000998-T1__TFCN1702E3373_011146-T1	NaN	NaN	NaN	NaN	NaN	NaN	NaN	NaN	GF00000004	Rhodotorula_mucilaginosa_TFCN_17-0-2E337-3.cds.fa_11000	Rhodotorula_mucilaginosa_TFCN_17-0-2E337-3.cds.fa_00990	NaN	NaN	NaN	NaN	NaN	NaN	NaN	NaN	TFCN1702E3373_011146-T1	TFCN1702E3373_000998-T1
TFCN1702E3373_000999-T1__TFCN1702E3373_011146-T1	NaN	NaN	NaN	NaN	NaN	NaN	NaN	NaN	GF00000004	Rhodotorula_mucilaginosa_TFCN_17-0-2E337-3.cds.fa_11000	Rhodotorula_mucilaginosa_TFCN_17-0-2E337-3.cds.fa_00991	NaN	NaN	NaN	NaN	NaN	NaN	NaN	NaN	TFCN1702E3373_011146-T1	TFCN1702E3373_000999-T1
TFCN1702E3373_011146-T1__TFCN1702E3373_014727-T1	NaN	NaN	NaN	NaN	NaN	NaN	NaN	NaN	GF00000004	Rhodotorula_mucilaginosa_TFCN_17-0-2E337-3.cds.fa_11000	Rhodotorula_mucilaginosa_TFCN_17-0-2E337-3.cds.fa_14503	NaN	NaN	NaN	NaN	NaN	NaN	NaN	NaN	TFCN1702E3373_011146-T1	TFCN1702E3373_014727-T1
TFCN1702E3373_003137-T1__TFCN1702E3373_011146-T1	NaN	NaN	NaN	NaN	NaN	NaN	NaN	NaN	GF00000004	Rhodotorula_mucilaginosa_TFCN_17-0-2E337-3.cds.fa_11000	Rhodotorula_mucilaginosa_TFCN_17-0-2E337-3.cds.fa_03094	NaN	NaN	NaN	NaN	NaN	NaN	NaN	NaN	TFCN1702E3373_011146-T1	TFCN1702E3373_003137-T1
TFCN1702E3373_000417-T1__TFCN1702E3373_000946-T1	NaN	NaN	NaN	NaN	NaN	NaN	NaN	NaN	GF00000004	Rhodotorula_mucilaginosa_TFCN_17-0-2E337-3.cds.fa_00940	Rhodotorula_mucilaginosa_TFCN_17-0-2E337-3.cds.fa_00413	NaN	NaN	NaN	NaN	NaN	NaN	NaN	NaN	TFCN1702E3373_000946-T1	TFCN1702E3373_000417-T1
TFCN1702E3373_000946-T1__TFCN1702E3373_009287-T1	NaN	NaN	NaN	NaN	NaN	NaN	NaN	NaN	GF00000004	Rhodotorula_mucilaginosa_TFCN_17-0-2E337-3.cds.fa_00940	Rhodotorula_mucilaginosa_TFCN_17-0-2E337-3.cds.fa_09171	NaN	NaN	NaN	NaN	NaN	NaN	NaN	NaN	TFCN1702E3373_000946-T1	TFCN1702E3373_009287-T1
TFCN1702E3373_000946-T1__TFCN1702E3373_007151-T1	NaN	NaN	NaN	NaN	NaN	NaN	NaN	NaN	GF00000004	Rhodotorula_mucilaginosa_TFCN_17-0-2E337-3.cds.fa_00940	Rhodotorula_mucilaginosa_TFCN_17-0-2E337-3.cds.fa_07066	NaN	NaN	NaN	NaN	NaN	NaN	NaN	NaN	TFCN1702E3373_000946-T1	TFCN1702E3373_007151-T1
TFCN1702E3373_000468-T1__TFCN1702E3373_000946-T1	NaN	NaN	NaN	NaN	NaN	NaN	NaN	NaN	GF00000004	Rhodotorula_mucilaginosa_TFCN_17-0-2E337-3.cds.fa_00940	Rhodotorula_mucilaginosa_TFCN_17-0-2E337-3.cds.fa_00463	NaN	NaN	NaN	NaN	NaN	NaN	NaN	NaN	TFCN1702E3373_000946-T1	TFCN1702E3373_000468-T1
TFCN1702E3373_000946-T1__TFCN1702E3373_000998-T1	NaN	NaN	NaN	NaN	NaN	NaN	NaN	NaN	GF00000004	Rhodotorula_mucilaginosa_TFCN_17-0-2E337-3.cds.fa_00940	Rhodotorula_mucilaginosa_TFCN_17-0-2E337-3.cds.fa_00990	NaN	NaN	NaN	NaN	NaN	NaN	NaN	NaN	TFCN1702E3373_000946-T1	TFCN1702E3373_000998-T1
TFCN1702E3373_000946-T1__TFCN1702E3373_000999-T1	NaN	NaN	NaN	NaN	NaN	NaN	NaN	NaN	GF00000004	Rhodotorula_mucilaginosa_TFCN_17-0-2E337-3.cds.fa_00940	Rhodotorula_mucilaginosa_TFCN_17-0-2E337-3.cds.fa_00991	NaN	NaN	NaN	NaN	NaN	NaN	NaN	NaN	TFCN1702E3373_000946-T1	TFCN1702E3373_000999-T1
TFCN1702E3373_000946-T1__TFCN1702E3373_014727-T1	NaN	NaN	NaN	NaN	NaN	NaN	NaN	NaN	GF00000004	Rhodotorula_mucilaginosa_TFCN_17-0-2E337-3.cds.fa_00940	Rhodotorula_mucilaginosa_TFCN_17-0-2E337-3.cds.fa_14503	NaN	NaN	NaN	NaN	NaN	NaN	NaN	NaN	TFCN1702E3373_000946-T1	TFCN1702E3373_014727-T1
TFCN1702E3373_000946-T1__TFCN1702E3373_003137-T1	NaN	NaN	NaN	NaN	NaN	NaN	NaN	NaN	GF00000004	Rhodotorula_mucilaginosa_TFCN_17-0-2E337-3.cds.fa_00940	Rhodotorula_mucilaginosa_TFCN_17-0-2E337-3.cds.fa_03094	NaN	NaN	NaN	NaN	NaN	NaN	NaN	NaN	TFCN1702E3373_000946-T1	TFCN1702E3373_003137-T1
TFCN1702E3373_000417-T1__TFCN1702E3373_009287-T1	NaN	NaN	NaN	NaN	NaN	NaN	NaN	NaN	GF00000004	Rhodotorula_mucilaginosa_TFCN_17-0-2E337-3.cds.fa_00413	Rhodotorula_mucilaginosa_TFCN_17-0-2E337-3.cds.fa_09171	NaN	NaN	NaN	NaN	NaN	NaN	NaN	NaN	TFCN1702E3373_000417-T1	TFCN1702E3373_009287-T1
TFCN1702E3373_000417-T1__TFCN1702E3373_007151-T1	NaN	NaN	NaN	NaN	NaN	NaN	NaN	NaN	GF00000004	Rhodotorula_mucilaginosa_TFCN_17-0-2E337-3.cds.fa_00413	Rhodotorula_mucilaginosa_TFCN_17-0-2E337-3.cds.fa_07066	NaN	NaN	NaN	NaN	NaN	NaN	NaN	NaN	TFCN1702E3373_000417-T1	TFCN1702E3373_007151-T1
TFCN1702E3373_000417-T1__TFCN1702E3373_000468-T1	NaN	NaN	NaN	NaN	NaN	NaN	NaN	NaN	GF00000004	Rhodotorula_mucilaginosa_TFCN_17-0-2E337-3.cds.fa_00413	Rhodotorula_mucilaginosa_TFCN_17-0-2E337-3.cds.fa_00463	NaN	NaN	NaN	NaN	NaN	NaN	NaN	NaN	TFCN1702E3373_000417-T1	TFCN1702E3373_000468-T1
TFCN1702E3373_000417-T1__TFCN1702E3373_000998-T1	NaN	NaN	NaN	NaN	NaN	NaN	NaN	NaN	GF00000004	Rhodotorula_mucilaginosa_TFCN_17-0-2E337-3.cds.fa_00413	Rhodotorula_mucilaginosa_TFCN_17-0-2E337-3.cds.fa_00990	NaN	NaN	NaN	NaN	NaN	NaN	NaN	NaN	TFCN1702E3373_000417-T1	TFCN1702E3373_000998-T1
TFCN1702E3373_000417-T1__TFCN1702E3373_000999-T1	NaN	NaN	NaN	NaN	NaN	NaN	NaN	NaN	GF00000004	Rhodotorula_mucilaginosa_TFCN_17-0-2E337-3.cds.fa_00413	Rhodotorula_mucilaginosa_TFCN_17-0-2E337-3.cds.fa_00991	NaN	NaN	NaN	NaN	NaN	NaN	NaN	NaN	TFCN1702E3373_000417-T1	TFCN1702E3373_000999-T1
TFCN1702E3373_000417-T1__TFCN1702E3373_014727-T1	NaN	NaN	NaN	NaN	NaN	NaN	NaN	NaN	GF00000004	Rhodotorula_mucilaginosa_TFCN_17-0-2E337-3.cds.fa_00413	Rhodotorula_mucilaginosa_TFCN_17-0-2E337-3.cds.fa_14503	NaN	NaN	NaN	NaN	NaN	NaN	NaN	NaN	TFCN1702E3373_000417-T1	TFCN1702E3373_014727-T1
TFCN1702E3373_000417-T1__TFCN1702E3373_003137-T1	NaN	NaN	NaN	NaN	NaN	NaN	NaN	NaN	GF00000004	Rhodotorula_mucilaginosa_TFCN_17-0-2E337-3.cds.fa_00413	Rhodotorula_mucilaginosa_TFCN_17-0-2E337-3.cds.fa_03094	NaN	NaN	NaN	NaN	NaN	NaN	NaN	NaN	TFCN1702E3373_000417-T1	TFCN1702E3373_003137-T1
TFCN1702E3373_007151-T1__TFCN1702E3373_009287-T1	NaN	NaN	NaN	NaN	NaN	NaN	NaN	NaN	GF00000004	Rhodotorula_mucilaginosa_TFCN_17-0-2E337-3.cds.fa_09171	Rhodotorula_mucilaginosa_TFCN_17-0-2E337-3.cds.fa_07066	NaN	NaN	NaN	NaN	NaN	NaN	NaN	NaN	TFCN1702E3373_009287-T1	TFCN1702E3373_007151-T1
TFCN1702E3373_000468-T1__TFCN1702E3373_009287-T1	NaN	NaN	NaN	NaN	NaN	NaN	NaN	NaN	GF00000004	Rhodotorula_mucilaginosa_TFCN_17-0-2E337-3.cds.fa_09171	Rhodotorula_mucilaginosa_TFCN_17-0-2E337-3.cds.fa_00463	NaN	NaN	NaN	NaN	NaN	NaN	NaN	NaN	TFCN1702E3373_009287-T1	TFCN1702E3373_000468-T1
TFCN1702E3373_000998-T1__TFCN1702E3373_009287-T1	NaN	NaN	NaN	NaN	NaN	NaN	NaN	NaN	GF00000004	Rhodotorula_mucilaginosa_TFCN_17-0-2E337-3.cds.fa_09171	Rhodotorula_mucilaginosa_TFCN_17-0-2E337-3.cds.fa_00990	NaN	NaN	NaN	NaN	NaN	NaN	NaN	NaN	TFCN1702E3373_009287-T1	TFCN1702E3373_000998-T1
TFCN1702E3373_000999-T1__TFCN1702E3373_009287-T1	NaN	NaN	NaN	NaN	NaN	NaN	NaN	NaN	GF00000004	Rhodotorula_mucilaginosa_TFCN_17-0-2E337-3.cds.fa_09171	Rhodotorula_mucilaginosa_TFCN_17-0-2E337-3.cds.fa_00991	NaN	NaN	NaN	NaN	NaN	NaN	NaN	NaN	TFCN1702E3373_009287-T1	TFCN1702E3373_000999-T1
TFCN1702E3373_009287-T1__TFCN1702E3373_014727-T1	NaN	NaN	NaN	NaN	NaN	NaN	NaN	NaN	GF00000004	Rhodotorula_mucilaginosa_TFCN_17-0-2E337-3.cds.fa_09171	Rhodotorula_mucilaginosa_TFCN_17-0-2E337-3.cds.fa_14503	NaN	NaN	NaN	NaN	NaN	NaN	NaN	NaN	TFCN1702E3373_009287-T1	TFCN1702E3373_014727-T1
TFCN1702E3373_003137-T1__TFCN1702E3373_009287-T1	NaN	NaN	NaN	NaN	NaN	NaN	NaN	NaN	GF00000004	Rhodotorula_mucilaginosa_TFCN_17-0-2E337-3.cds.fa_09171	Rhodotorula_mucilaginosa_TFCN_17-0-2E337-3.cds.fa_03094	NaN	NaN	NaN	NaN	NaN	NaN	NaN	NaN	TFCN1702E3373_009287-T1	TFCN1702E3373_003137-T1
TFCN1702E3373_000468-T1__TFCN1702E3373_007151-T1	NaN	NaN	NaN	NaN	NaN	NaN	NaN	NaN	GF00000004	Rhodotorula_mucilaginosa_TFCN_17-0-2E337-3.cds.fa_07066	Rhodotorula_mucilaginosa_TFCN_17-0-2E337-3.cds.fa_00463	NaN	NaN	NaN	NaN	NaN	NaN	NaN	NaN	TFCN1702E3373_007151-T1	TFCN1702E3373_000468-T1
TFCN1702E3373_000998-T1__TFCN1702E3373_007151-T1	NaN	NaN	NaN	NaN	NaN	NaN	NaN	NaN	GF00000004	Rhodotorula_mucilaginosa_TFCN_17-0-2E337-3.cds.fa_07066	Rhodotorula_mucilaginosa_TFCN_17-0-2E337-3.cds.fa_00990	NaN	NaN	NaN	NaN	NaN	NaN	NaN	NaN	TFCN1702E3373_007151-T1	TFCN1702E3373_000998-T1
TFCN1702E3373_000999-T1__TFCN1702E3373_007151-T1	NaN	NaN	NaN	NaN	NaN	NaN	NaN	NaN	GF00000004	Rhodotorula_mucilaginosa_TFCN_17-0-2E337-3.cds.fa_07066	Rhodotorula_mucilaginosa_TFCN_17-0-2E337-3.cds.fa_00991	NaN	NaN	NaN	NaN	NaN	NaN	NaN	NaN	TFCN1702E3373_007151-T1	TFCN1702E3373_000999-T1
TFCN1702E3373_007151-T1__TFCN1702E3373_014727-T1	NaN	NaN	NaN	NaN	NaN	NaN	NaN	NaN	GF00000004	Rhodotorula_mucilaginosa_TFCN_17-0-2E337-3.cds.fa_07066	Rhodotorula_mucilaginosa_TFCN_17-0-2E337-3.cds.fa_14503	NaN	NaN	NaN	NaN	NaN	NaN	NaN	NaN	TFCN1702E3373_007151-T1	TFCN1702E3373_014727-T1
TFCN1702E3373_003137-T1__TFCN1702E3373_007151-T1	NaN	NaN	NaN	NaN	NaN	NaN	NaN	NaN	GF00000004	Rhodotorula_mucilaginosa_TFCN_17-0-2E337-3.cds.fa_07066	Rhodotorula_mucilaginosa_TFCN_17-0-2E337-3.cds.fa_03094	NaN	NaN	NaN	NaN	NaN	NaN	NaN	NaN	TFCN1702E3373_007151-T1	TFCN1702E3373_003137-T1
TFCN1702E3373_000468-T1__TFCN1702E3373_000998-T1	NaN	NaN	NaN	NaN	NaN	NaN	NaN	NaN	GF00000004	Rhodotorula_mucilaginosa_TFCN_17-0-2E337-3.cds.fa_00463	Rhodotorula_mucilaginosa_TFCN_17-0-2E337-3.cds.fa_00990	NaN	NaN	NaN	NaN	NaN	NaN	NaN	NaN	TFCN1702E3373_000468-T1	TFCN1702E3373_000998-T1
TFCN1702E3373_000468-T1__TFCN1702E3373_000999-T1	NaN	NaN	NaN	NaN	NaN	NaN	NaN	NaN	GF00000004	Rhodotorula_mucilaginosa_TFCN_17-0-2E337-3.cds.fa_00463	Rhodotorula_mucilaginosa_TFCN_17-0-2E337-3.cds.fa_00991	NaN	NaN	NaN	NaN	NaN	NaN	NaN	NaN	TFCN1702E3373_000468-T1	TFCN1702E3373_000999-T1
TFCN1702E3373_000468-T1__TFCN1702E3373_014727-T1	NaN	NaN	NaN	NaN	NaN	NaN	NaN	NaN	GF00000004	Rhodotorula_mucilaginosa_TFCN_17-0-2E337-3.cds.fa_00463	Rhodotorula_mucilaginosa_TFCN_17-0-2E337-3.cds.fa_14503	NaN	NaN	NaN	NaN	NaN	NaN	NaN	NaN	TFCN1702E3373_000468-T1	TFCN1702E3373_014727-T1
TFCN1702E3373_000468-T1__TFCN1702E3373_003137-T1	NaN	NaN	NaN	NaN	NaN	NaN	NaN	NaN	GF00000004	Rhodotorula_mucilaginosa_TFCN_17-0-2E337-3.cds.fa_00463	Rhodotorula_mucilaginosa_TFCN_17-0-2E337-3.cds.fa_03094	NaN	NaN	NaN	NaN	NaN	NaN	NaN	NaN	TFCN1702E3373_000468-T1	TFCN1702E3373_003137-T1
TFCN1702E3373_000998-T1__TFCN1702E3373_000999-T1	NaN	NaN	NaN	NaN	NaN	NaN	NaN	NaN	GF00000004	Rhodotorula_mucilaginosa_TFCN_17-0-2E337-3.cds.fa_00990	Rhodotorula_mucilaginosa_TFCN_17-0-2E337-3.cds.fa_00991	NaN	NaN	NaN	NaN	NaN	NaN	NaN	NaN	TFCN1702E3373_000998-T1	TFCN1702E3373_000999-T1
TFCN1702E3373_000998-T1__TFCN1702E3373_014727-T1	NaN	NaN	NaN	NaN	NaN	NaN	NaN	NaN	GF00000004	Rhodotorula_mucilaginosa_TFCN_17-0-2E337-3.cds.fa_00990	Rhodotorula_mucilaginosa_TFCN_17-0-2E337-3.cds.fa_14503	NaN	NaN	NaN	NaN	NaN	NaN	NaN	NaN	TFCN1702E3373_000998-T1	TFCN1702E3373_014727-T1
TFCN1702E3373_000998-T1__TFCN1702E3373_003137-T1	NaN	NaN	NaN	NaN	NaN	NaN	NaN	NaN	GF00000004	Rhodotorula_mucilaginosa_TFCN_17-0-2E337-3.cds.fa_00990	Rhodotorula_mucilaginosa_TFCN_17-0-2E337-3.cds.fa_03094	NaN	NaN	NaN	NaN	NaN	NaN	NaN	NaN	TFCN1702E3373_000998-T1	TFCN1702E3373_003137-T1
TFCN1702E3373_000999-T1__TFCN1702E3373_014727-T1	NaN	NaN	NaN	NaN	NaN	NaN	NaN	NaN	GF00000004	Rhodotorula_mucilaginosa_TFCN_17-0-2E337-3.cds.fa_00991	Rhodotorula_mucilaginosa_TFCN_17-0-2E337-3.cds.fa_14503	NaN	NaN	NaN	NaN	NaN	NaN	NaN	NaN	TFCN1702E3373_000999-T1	TFCN1702E3373_014727-T1
TFCN1702E3373_000999-T1__TFCN1702E3373_003137-T1	NaN	NaN	NaN	NaN	NaN	NaN	NaN	NaN	GF00000004	Rhodotorula_mucilaginosa_TFCN_17-0-2E337-3.cds.fa_00991	Rhodotorula_mucilaginosa_TFCN_17-0-2E337-3.cds.fa_03094	NaN	NaN	NaN	NaN	NaN	NaN	NaN	NaN	TFCN1702E3373_000999-T1	TFCN1702E3373_003137-T1
TFCN1702E3373_003137-T1__TFCN1702E3373_014727-T1	NaN	NaN	NaN	NaN	NaN	NaN	NaN	NaN	GF00000004	Rhodotorula_mucilaginosa_TFCN_17-0-2E337-3.cds.fa_14503	Rhodotorula_mucilaginosa_TFCN_17-0-2E337-3.cds.fa_03094	NaN	NaN	NaN	NaN	NaN	NaN	NaN	NaN	TFCN1702E3373_014727-T1	TFCN1702E3373_003137-T1
TFCN1702E3373_002505-T1__TFCN1702E3373_008840-T1	NaN	NaN	NaN	NaN	NaN	NaN	NaN	NaN	GF00000005	Rhodotorula_mucilaginosa_TFCN_17-0-2E337-3.cds.fa_02479	Rhodotorula_mucilaginosa_TFCN_17-0-2E337-3.cds.fa_08729	NaN	NaN	NaN	NaN	NaN	NaN	NaN	NaN	TFCN1702E3373_002505-T1	TFCN1702E3373_008840-T1
TFCN1702E3373_002505-T1__TFCN1702E3373_008830-T1	NaN	NaN	NaN	NaN	NaN	NaN	NaN	NaN	GF00000005	Rhodotorula_mucilaginosa_TFCN_17-0-2E337-3.cds.fa_02479	Rhodotorula_mucilaginosa_TFCN_17-0-2E337-3.cds.fa_08719	NaN	NaN	NaN	NaN	NaN	NaN	NaN	NaN	TFCN1702E3373_002505-T1	TFCN1702E3373_008830-T1
TFCN1702E3373_002505-T1__TFCN1702E3373_008834-T1	NaN	NaN	NaN	NaN	NaN	NaN	NaN	NaN	GF00000005	Rhodotorula_mucilaginosa_TFCN_17-0-2E337-3.cds.fa_02479	Rhodotorula_mucilaginosa_TFCN_17-0-2E337-3.cds.fa_08723	NaN	NaN	NaN	NaN	NaN	NaN	NaN	NaN	TFCN1702E3373_002505-T1	TFCN1702E3373_008834-T1
TFCN1702E3373_002505-T1__TFCN1702E3373_008841-T1	NaN	NaN	NaN	NaN	NaN	NaN	NaN	NaN	GF00000005	Rhodotorula_mucilaginosa_TFCN_17-0-2E337-3.cds.fa_02479	Rhodotorula_mucilaginosa_TFCN_17-0-2E337-3.cds.fa_08730	NaN	NaN	NaN	NaN	NaN	NaN	NaN	NaN	TFCN1702E3373_002505-T1	TFCN1702E3373_008841-T1
TFCN1702E3373_002492-T1__TFCN1702E3373_002505-T1	NaN	NaN	NaN	NaN	NaN	NaN	NaN	NaN	GF00000005	Rhodotorula_mucilaginosa_TFCN_17-0-2E337-3.cds.fa_02479	Rhodotorula_mucilaginosa_TFCN_17-0-2E337-3.cds.fa_02466	NaN	NaN	NaN	NaN	NaN	NaN	NaN	NaN	TFCN1702E3373_002505-T1	TFCN1702E3373_002492-T1
TFCN1702E3373_002504-T1__TFCN1702E3373_002505-T1	NaN	NaN	NaN	NaN	NaN	NaN	NaN	NaN	GF00000005	Rhodotorula_mucilaginosa_TFCN_17-0-2E337-3.cds.fa_02479	Rhodotorula_mucilaginosa_TFCN_17-0-2E337-3.cds.fa_02478	NaN	NaN	NaN	NaN	NaN	NaN	NaN	NaN	TFCN1702E3373_002505-T1	TFCN1702E3373_002504-T1
TFCN1702E3373_002505-T1__TFCN1702E3373_014236-T1	NaN	NaN	NaN	NaN	NaN	NaN	NaN	NaN	GF00000005	Rhodotorula_mucilaginosa_TFCN_17-0-2E337-3.cds.fa_02479	Rhodotorula_mucilaginosa_TFCN_17-0-2E337-3.cds.fa_14029	NaN	NaN	NaN	NaN	NaN	NaN	NaN	NaN	TFCN1702E3373_002505-T1	TFCN1702E3373_014236-T1
TFCN1702E3373_001239-T1__TFCN1702E3373_002505-T1	NaN	NaN	NaN	NaN	NaN	NaN	NaN	NaN	GF00000005	Rhodotorula_mucilaginosa_TFCN_17-0-2E337-3.cds.fa_02479	Rhodotorula_mucilaginosa_TFCN_17-0-2E337-3.cds.fa_01229	NaN	NaN	NaN	NaN	NaN	NaN	NaN	NaN	TFCN1702E3373_002505-T1	TFCN1702E3373_001239-T1
TFCN1702E3373_002505-T1__TFCN1702E3373_010929-T1	NaN	NaN	NaN	NaN	NaN	NaN	NaN	NaN	GF00000005	Rhodotorula_mucilaginosa_TFCN_17-0-2E337-3.cds.fa_02479	Rhodotorula_mucilaginosa_TFCN_17-0-2E337-3.cds.fa_10791	NaN	NaN	NaN	NaN	NaN	NaN	NaN	NaN	TFCN1702E3373_002505-T1	TFCN1702E3373_010929-T1
TFCN1702E3373_002446-T1__TFCN1702E3373_002505-T1	NaN	NaN	NaN	NaN	NaN	NaN	NaN	NaN	GF00000005	Rhodotorula_mucilaginosa_TFCN_17-0-2E337-3.cds.fa_02479	Rhodotorula_mucilaginosa_TFCN_17-0-2E337-3.cds.fa_02420	NaN	NaN	NaN	NaN	NaN	NaN	NaN	NaN	TFCN1702E3373_002505-T1	TFCN1702E3373_002446-T1
TFCN1702E3373_002505-T1__TFCN1702E3373_002546-T1	NaN	NaN	NaN	NaN	NaN	NaN	NaN	NaN	GF00000005	Rhodotorula_mucilaginosa_TFCN_17-0-2E337-3.cds.fa_02479	Rhodotorula_mucilaginosa_TFCN_17-0-2E337-3.cds.fa_02520	NaN	NaN	NaN	NaN	NaN	NaN	NaN	NaN	TFCN1702E3373_002505-T1	TFCN1702E3373_002546-T1
TFCN1702E3373_001240-T1__TFCN1702E3373_002505-T1	NaN	NaN	NaN	NaN	NaN	NaN	NaN	NaN	GF00000005	Rhodotorula_mucilaginosa_TFCN_17-0-2E337-3.cds.fa_02479	Rhodotorula_mucilaginosa_TFCN_17-0-2E337-3.cds.fa_01230	NaN	NaN	NaN	NaN	NaN	NaN	NaN	NaN	TFCN1702E3373_002505-T1	TFCN1702E3373_001240-T1
TFCN1702E3373_002493-T1__TFCN1702E3373_002505-T1	NaN	NaN	NaN	NaN	NaN	NaN	NaN	NaN	GF00000005	Rhodotorula_mucilaginosa_TFCN_17-0-2E337-3.cds.fa_02479	Rhodotorula_mucilaginosa_TFCN_17-0-2E337-3.cds.fa_02467	NaN	NaN	NaN	NaN	NaN	NaN	NaN	NaN	TFCN1702E3373_002505-T1	TFCN1702E3373_002493-T1
TFCN1702E3373_002443-T1__TFCN1702E3373_002505-T1	NaN	NaN	NaN	NaN	NaN	NaN	NaN	NaN	GF00000005	Rhodotorula_mucilaginosa_TFCN_17-0-2E337-3.cds.fa_02479	Rhodotorula_mucilaginosa_TFCN_17-0-2E337-3.cds.fa_02417	NaN	NaN	NaN	NaN	NaN	NaN	NaN	NaN	TFCN1702E3373_002505-T1	TFCN1702E3373_002443-T1
TFCN1702E3373_002505-T1__TFCN1702E3373_008831-T1	NaN	NaN	NaN	NaN	NaN	NaN	NaN	NaN	GF00000005	Rhodotorula_mucilaginosa_TFCN_17-0-2E337-3.cds.fa_02479	Rhodotorula_mucilaginosa_TFCN_17-0-2E337-3.cds.fa_08720	NaN	NaN	NaN	NaN	NaN	NaN	NaN	NaN	TFCN1702E3373_002505-T1	TFCN1702E3373_008831-T1
TFCN1702E3373_002505-T1__TFCN1702E3373_002545-T1	NaN	NaN	NaN	NaN	NaN	NaN	NaN	NaN	GF00000005	Rhodotorula_mucilaginosa_TFCN_17-0-2E337-3.cds.fa_02479	Rhodotorula_mucilaginosa_TFCN_17-0-2E337-3.cds.fa_02519	NaN	NaN	NaN	NaN	NaN	NaN	NaN	NaN	TFCN1702E3373_002505-T1	TFCN1702E3373_002545-T1
TFCN1702E3373_002423-T1__TFCN1702E3373_002505-T1	NaN	NaN	NaN	NaN	NaN	NaN	NaN	NaN	GF00000005	Rhodotorula_mucilaginosa_TFCN_17-0-2E337-3.cds.fa_02479	Rhodotorula_mucilaginosa_TFCN_17-0-2E337-3.cds.fa_02397	NaN	NaN	NaN	NaN	NaN	NaN	NaN	NaN	TFCN1702E3373_002505-T1	TFCN1702E3373_002423-T1
TFCN1702E3373_002505-T1__TFCN1702E3373_008809-T1	NaN	NaN	NaN	NaN	NaN	NaN	NaN	NaN	GF00000005	Rhodotorula_mucilaginosa_TFCN_17-0-2E337-3.cds.fa_02479	Rhodotorula_mucilaginosa_TFCN_17-0-2E337-3.cds.fa_08698	NaN	NaN	NaN	NaN	NaN	NaN	NaN	NaN	TFCN1702E3373_002505-T1	TFCN1702E3373_008809-T1
TFCN1702E3373_002424-T1__TFCN1702E3373_002505-T1	NaN	NaN	NaN	NaN	NaN	NaN	NaN	NaN	GF00000005	Rhodotorula_mucilaginosa_TFCN_17-0-2E337-3.cds.fa_02479	Rhodotorula_mucilaginosa_TFCN_17-0-2E337-3.cds.fa_02398	NaN	NaN	NaN	NaN	NaN	NaN	NaN	NaN	TFCN1702E3373_002505-T1	TFCN1702E3373_002424-T1
TFCN1702E3373_002425-T1__TFCN1702E3373_002505-T1	NaN	NaN	NaN	NaN	NaN	NaN	NaN	NaN	GF00000005	Rhodotorula_mucilaginosa_TFCN_17-0-2E337-3.cds.fa_02479	Rhodotorula_mucilaginosa_TFCN_17-0-2E337-3.cds.fa_02399	NaN	NaN	NaN	NaN	NaN	NaN	NaN	NaN	TFCN1702E3373_002505-T1	TFCN1702E3373_002425-T1
TFCN1702E3373_002505-T1__TFCN1702E3373_008810-T1	NaN	NaN	NaN	NaN	NaN	NaN	NaN	NaN	GF00000005	Rhodotorula_mucilaginosa_TFCN_17-0-2E337-3.cds.fa_02479	Rhodotorula_mucilaginosa_TFCN_17-0-2E337-3.cds.fa_08699	NaN	NaN	NaN	NaN	NaN	NaN	NaN	NaN	TFCN1702E3373_002505-T1	TFCN1702E3373_008810-T1
TFCN1702E3373_008830-T1__TFCN1702E3373_008840-T1	NaN	NaN	NaN	NaN	NaN	NaN	NaN	NaN	GF00000005	Rhodotorula_mucilaginosa_TFCN_17-0-2E337-3.cds.fa_08729	Rhodotorula_mucilaginosa_TFCN_17-0-2E337-3.cds.fa_08719	NaN	NaN	NaN	NaN	NaN	NaN	NaN	NaN	TFCN1702E3373_008840-T1	TFCN1702E3373_008830-T1
TFCN1702E3373_008834-T1__TFCN1702E3373_008840-T1	NaN	NaN	NaN	NaN	NaN	NaN	NaN	NaN	GF00000005	Rhodotorula_mucilaginosa_TFCN_17-0-2E337-3.cds.fa_08729	Rhodotorula_mucilaginosa_TFCN_17-0-2E337-3.cds.fa_08723	NaN	NaN	NaN	NaN	NaN	NaN	NaN	NaN	TFCN1702E3373_008840-T1	TFCN1702E3373_008834-T1
TFCN1702E3373_008840-T1__TFCN1702E3373_008841-T1	NaN	NaN	NaN	NaN	NaN	NaN	NaN	NaN	GF00000005	Rhodotorula_mucilaginosa_TFCN_17-0-2E337-3.cds.fa_08729	Rhodotorula_mucilaginosa_TFCN_17-0-2E337-3.cds.fa_08730	NaN	NaN	NaN	NaN	NaN	NaN	NaN	NaN	TFCN1702E3373_008840-T1	TFCN1702E3373_008841-T1
TFCN1702E3373_002492-T1__TFCN1702E3373_008840-T1	NaN	NaN	NaN	NaN	NaN	NaN	NaN	NaN	GF00000005	Rhodotorula_mucilaginosa_TFCN_17-0-2E337-3.cds.fa_08729	Rhodotorula_mucilaginosa_TFCN_17-0-2E337-3.cds.fa_02466	NaN	NaN	NaN	NaN	NaN	NaN	NaN	NaN	TFCN1702E3373_008840-T1	TFCN1702E3373_002492-T1
TFCN1702E3373_002504-T1__TFCN1702E3373_008840-T1	NaN	NaN	NaN	NaN	NaN	NaN	NaN	NaN	GF00000005	Rhodotorula_mucilaginosa_TFCN_17-0-2E337-3.cds.fa_08729	Rhodotorula_mucilaginosa_TFCN_17-0-2E337-3.cds.fa_02478	NaN	NaN	NaN	NaN	NaN	NaN	NaN	NaN	TFCN1702E3373_008840-T1	TFCN1702E3373_002504-T1
TFCN1702E3373_008840-T1__TFCN1702E3373_014236-T1	NaN	NaN	NaN	NaN	NaN	NaN	NaN	NaN	GF00000005	Rhodotorula_mucilaginosa_TFCN_17-0-2E337-3.cds.fa_08729	Rhodotorula_mucilaginosa_TFCN_17-0-2E337-3.cds.fa_14029	NaN	NaN	NaN	NaN	NaN	NaN	NaN	NaN	TFCN1702E3373_008840-T1	TFCN1702E3373_014236-T1
TFCN1702E3373_001239-T1__TFCN1702E3373_008840-T1	NaN	NaN	NaN	NaN	NaN	NaN	NaN	NaN	GF00000005	Rhodotorula_mucilaginosa_TFCN_17-0-2E337-3.cds.fa_08729	Rhodotorula_mucilaginosa_TFCN_17-0-2E337-3.cds.fa_01229	NaN	NaN	NaN	NaN	NaN	NaN	NaN	NaN	TFCN1702E3373_008840-T1	TFCN1702E3373_001239-T1
TFCN1702E3373_008840-T1__TFCN1702E3373_010929-T1	NaN	NaN	NaN	NaN	NaN	NaN	NaN	NaN	GF00000005	Rhodotorula_mucilaginosa_TFCN_17-0-2E337-3.cds.fa_08729	Rhodotorula_mucilaginosa_TFCN_17-0-2E337-3.cds.fa_10791	NaN	NaN	NaN	NaN	NaN	NaN	NaN	NaN	TFCN1702E3373_008840-T1	TFCN1702E3373_010929-T1
TFCN1702E3373_002446-T1__TFCN1702E3373_008840-T1	NaN	NaN	NaN	NaN	NaN	NaN	NaN	NaN	GF00000005	Rhodotorula_mucilaginosa_TFCN_17-0-2E337-3.cds.fa_08729	Rhodotorula_mucilaginosa_TFCN_17-0-2E337-3.cds.fa_02420	NaN	NaN	NaN	NaN	NaN	NaN	NaN	NaN	TFCN1702E3373_008840-T1	TFCN1702E3373_002446-T1
TFCN1702E3373_002546-T1__TFCN1702E3373_008840-T1	NaN	NaN	NaN	NaN	NaN	NaN	NaN	NaN	GF00000005	Rhodotorula_mucilaginosa_TFCN_17-0-2E337-3.cds.fa_08729	Rhodotorula_mucilaginosa_TFCN_17-0-2E337-3.cds.fa_02520	NaN	NaN	NaN	NaN	NaN	NaN	NaN	NaN	TFCN1702E3373_008840-T1	TFCN1702E3373_002546-T1
TFCN1702E3373_001240-T1__TFCN1702E3373_008840-T1	NaN	NaN	NaN	NaN	NaN	NaN	NaN	NaN	GF00000005	Rhodotorula_mucilaginosa_TFCN_17-0-2E337-3.cds.fa_08729	Rhodotorula_mucilaginosa_TFCN_17-0-2E337-3.cds.fa_01230	NaN	NaN	NaN	NaN	NaN	NaN	NaN	NaN	TFCN1702E3373_008840-T1	TFCN1702E3373_001240-T1
TFCN1702E3373_002493-T1__TFCN1702E3373_008840-T1	NaN	NaN	NaN	NaN	NaN	NaN	NaN	NaN	GF00000005	Rhodotorula_mucilaginosa_TFCN_17-0-2E337-3.cds.fa_08729	Rhodotorula_mucilaginosa_TFCN_17-0-2E337-3.cds.fa_02467	NaN	NaN	NaN	NaN	NaN	NaN	NaN	NaN	TFCN1702E3373_008840-T1	TFCN1702E3373_002493-T1
TFCN1702E3373_002443-T1__TFCN1702E3373_008840-T1	NaN	NaN	NaN	NaN	NaN	NaN	NaN	NaN	GF00000005	Rhodotorula_mucilaginosa_TFCN_17-0-2E337-3.cds.fa_08729	Rhodotorula_mucilaginosa_TFCN_17-0-2E337-3.cds.fa_02417	NaN	NaN	NaN	NaN	NaN	NaN	NaN	NaN	TFCN1702E3373_008840-T1	TFCN1702E3373_002443-T1
TFCN1702E3373_008831-T1__TFCN1702E3373_008840-T1	NaN	NaN	NaN	NaN	NaN	NaN	NaN	NaN	GF00000005	Rhodotorula_mucilaginosa_TFCN_17-0-2E337-3.cds.fa_08729	Rhodotorula_mucilaginosa_TFCN_17-0-2E337-3.cds.fa_08720	NaN	NaN	NaN	NaN	NaN	NaN	NaN	NaN	TFCN1702E3373_008840-T1	TFCN1702E3373_008831-T1
TFCN1702E3373_002545-T1__TFCN1702E3373_008840-T1	NaN	NaN	NaN	NaN	NaN	NaN	NaN	NaN	GF00000005	Rhodotorula_mucilaginosa_TFCN_17-0-2E337-3.cds.fa_08729	Rhodotorula_mucilaginosa_TFCN_17-0-2E337-3.cds.fa_02519	NaN	NaN	NaN	NaN	NaN	NaN	NaN	NaN	TFCN1702E3373_008840-T1	TFCN1702E3373_002545-T1
TFCN1702E3373_002423-T1__TFCN1702E3373_008840-T1	NaN	NaN	NaN	NaN	NaN	NaN	NaN	NaN	GF00000005	Rhodotorula_mucilaginosa_TFCN_17-0-2E337-3.cds.fa_08729	Rhodotorula_mucilaginosa_TFCN_17-0-2E337-3.cds.fa_02397	NaN	NaN	NaN	NaN	NaN	NaN	NaN	NaN	TFCN1702E3373_008840-T1	TFCN1702E3373_002423-T1
TFCN1702E3373_008809-T1__TFCN1702E3373_008840-T1	NaN	NaN	NaN	NaN	NaN	NaN	NaN	NaN	GF00000005	Rhodotorula_mucilaginosa_TFCN_17-0-2E337-3.cds.fa_08729	Rhodotorula_mucilaginosa_TFCN_17-0-2E337-3.cds.fa_08698	NaN	NaN	NaN	NaN	NaN	NaN	NaN	NaN	TFCN1702E3373_008840-T1	TFCN1702E3373_008809-T1
TFCN1702E3373_002424-T1__TFCN1702E3373_008840-T1	NaN	NaN	NaN	NaN	NaN	NaN	NaN	NaN	GF00000005	Rhodotorula_mucilaginosa_TFCN_17-0-2E337-3.cds.fa_08729	Rhodotorula_mucilaginosa_TFCN_17-0-2E337-3.cds.fa_02398	NaN	NaN	NaN	NaN	NaN	NaN	NaN	NaN	TFCN1702E3373_008840-T1	TFCN1702E3373_002424-T1
TFCN1702E3373_002425-T1__TFCN1702E3373_008840-T1	NaN	NaN	NaN	NaN	NaN	NaN	NaN	NaN	GF00000005	Rhodotorula_mucilaginosa_TFCN_17-0-2E337-3.cds.fa_08729	Rhodotorula_mucilaginosa_TFCN_17-0-2E337-3.cds.fa_02399	NaN	NaN	NaN	NaN	NaN	NaN	NaN	NaN	TFCN1702E3373_008840-T1	TFCN1702E3373_002425-T1
TFCN1702E3373_008810-T1__TFCN1702E3373_008840-T1	NaN	NaN	NaN	NaN	NaN	NaN	NaN	NaN	GF00000005	Rhodotorula_mucilaginosa_TFCN_17-0-2E337-3.cds.fa_08729	Rhodotorula_mucilaginosa_TFCN_17-0-2E337-3.cds.fa_08699	NaN	NaN	NaN	NaN	NaN	NaN	NaN	NaN	TFCN1702E3373_008840-T1	TFCN1702E3373_008810-T1
TFCN1702E3373_008830-T1__TFCN1702E3373_008834-T1	NaN	NaN	NaN	NaN	NaN	NaN	NaN	NaN	GF00000005	Rhodotorula_mucilaginosa_TFCN_17-0-2E337-3.cds.fa_08719	Rhodotorula_mucilaginosa_TFCN_17-0-2E337-3.cds.fa_08723	NaN	NaN	NaN	NaN	NaN	NaN	NaN	NaN	TFCN1702E3373_008830-T1	TFCN1702E3373_008834-T1
TFCN1702E3373_008830-T1__TFCN1702E3373_008841-T1	NaN	NaN	NaN	NaN	NaN	NaN	NaN	NaN	GF00000005	Rhodotorula_mucilaginosa_TFCN_17-0-2E337-3.cds.fa_08719	Rhodotorula_mucilaginosa_TFCN_17-0-2E337-3.cds.fa_08730	NaN	NaN	NaN	NaN	NaN	NaN	NaN	NaN	TFCN1702E3373_008830-T1	TFCN1702E3373_008841-T1
TFCN1702E3373_002492-T1__TFCN1702E3373_008830-T1	NaN	NaN	NaN	NaN	NaN	NaN	NaN	NaN	GF00000005	Rhodotorula_mucilaginosa_TFCN_17-0-2E337-3.cds.fa_08719	Rhodotorula_mucilaginosa_TFCN_17-0-2E337-3.cds.fa_02466	NaN	NaN	NaN	NaN	NaN	NaN	NaN	NaN	TFCN1702E3373_008830-T1	TFCN1702E3373_002492-T1
TFCN1702E3373_002504-T1__TFCN1702E3373_008830-T1	NaN	NaN	NaN	NaN	NaN	NaN	NaN	NaN	GF00000005	Rhodotorula_mucilaginosa_TFCN_17-0-2E337-3.cds.fa_08719	Rhodotorula_mucilaginosa_TFCN_17-0-2E337-3.cds.fa_02478	NaN	NaN	NaN	NaN	NaN	NaN	NaN	NaN	TFCN1702E3373_008830-T1	TFCN1702E3373_002504-T1
TFCN1702E3373_008830-T1__TFCN1702E3373_014236-T1	NaN	NaN	NaN	NaN	NaN	NaN	NaN	NaN	GF00000005	Rhodotorula_mucilaginosa_TFCN_17-0-2E337-3.cds.fa_08719	Rhodotorula_mucilaginosa_TFCN_17-0-2E337-3.cds.fa_14029	NaN	NaN	NaN	NaN	NaN	NaN	NaN	NaN	TFCN1702E3373_008830-T1	TFCN1702E3373_014236-T1
TFCN1702E3373_001239-T1__TFCN1702E3373_008830-T1	NaN	NaN	NaN	NaN	NaN	NaN	NaN	NaN	GF00000005	Rhodotorula_mucilaginosa_TFCN_17-0-2E337-3.cds.fa_08719	Rhodotorula_mucilaginosa_TFCN_17-0-2E337-3.cds.fa_01229	NaN	NaN	NaN	NaN	NaN	NaN	NaN	NaN	TFCN1702E3373_008830-T1	TFCN1702E3373_001239-T1
TFCN1702E3373_008830-T1__TFCN1702E3373_010929-T1	NaN	NaN	NaN	NaN	NaN	NaN	NaN	NaN	GF00000005	Rhodotorula_mucilaginosa_TFCN_17-0-2E337-3.cds.fa_08719	Rhodotorula_mucilaginosa_TFCN_17-0-2E337-3.cds.fa_10791	NaN	NaN	NaN	NaN	NaN	NaN	NaN	NaN	TFCN1702E3373_008830-T1	TFCN1702E3373_010929-T1
TFCN1702E3373_002446-T1__TFCN1702E3373_008830-T1	NaN	NaN	NaN	NaN	NaN	NaN	NaN	NaN	GF00000005	Rhodotorula_mucilaginosa_TFCN_17-0-2E337-3.cds.fa_08719	Rhodotorula_mucilaginosa_TFCN_17-0-2E337-3.cds.fa_02420	NaN	NaN	NaN	NaN	NaN	NaN	NaN	NaN	TFCN1702E3373_008830-T1	TFCN1702E3373_002446-T1
TFCN1702E3373_002546-T1__TFCN1702E3373_008830-T1	NaN	NaN	NaN	NaN	NaN	NaN	NaN	NaN	GF00000005	Rhodotorula_mucilaginosa_TFCN_17-0-2E337-3.cds.fa_08719	Rhodotorula_mucilaginosa_TFCN_17-0-2E337-3.cds.fa_02520	NaN	NaN	NaN	NaN	NaN	NaN	NaN	NaN	TFCN1702E3373_008830-T1	TFCN1702E3373_002546-T1
TFCN1702E3373_001240-T1__TFCN1702E3373_008830-T1	NaN	NaN	NaN	NaN	NaN	NaN	NaN	NaN	GF00000005	Rhodotorula_mucilaginosa_TFCN_17-0-2E337-3.cds.fa_08719	Rhodotorula_mucilaginosa_TFCN_17-0-2E337-3.cds.fa_01230	NaN	NaN	NaN	NaN	NaN	NaN	NaN	NaN	TFCN1702E3373_008830-T1	TFCN1702E3373_001240-T1
TFCN1702E3373_002493-T1__TFCN1702E3373_008830-T1	NaN	NaN	NaN	NaN	NaN	NaN	NaN	NaN	GF00000005	Rhodotorula_mucilaginosa_TFCN_17-0-2E337-3.cds.fa_08719	Rhodotorula_mucilaginosa_TFCN_17-0-2E337-3.cds.fa_02467	NaN	NaN	NaN	NaN	NaN	NaN	NaN	NaN	TFCN1702E3373_008830-T1	TFCN1702E3373_002493-T1
TFCN1702E3373_002443-T1__TFCN1702E3373_008830-T1	NaN	NaN	NaN	NaN	NaN	NaN	NaN	NaN	GF00000005	Rhodotorula_mucilaginosa_TFCN_17-0-2E337-3.cds.fa_08719	Rhodotorula_mucilaginosa_TFCN_17-0-2E337-3.cds.fa_02417	NaN	NaN	NaN	NaN	NaN	NaN	NaN	NaN	TFCN1702E3373_008830-T1	TFCN1702E3373_002443-T1
TFCN1702E3373_008830-T1__TFCN1702E3373_008831-T1	NaN	NaN	NaN	NaN	NaN	NaN	NaN	NaN	GF00000005	Rhodotorula_mucilaginosa_TFCN_17-0-2E337-3.cds.fa_08719	Rhodotorula_mucilaginosa_TFCN_17-0-2E337-3.cds.fa_08720	NaN	NaN	NaN	NaN	NaN	NaN	NaN	NaN	TFCN1702E3373_008830-T1	TFCN1702E3373_008831-T1
TFCN1702E3373_002545-T1__TFCN1702E3373_008830-T1	NaN	NaN	NaN	NaN	NaN	NaN	NaN	NaN	GF00000005	Rhodotorula_mucilaginosa_TFCN_17-0-2E337-3.cds.fa_08719	Rhodotorula_mucilaginosa_TFCN_17-0-2E337-3.cds.fa_02519	NaN	NaN	NaN	NaN	NaN	NaN	NaN	NaN	TFCN1702E3373_008830-T1	TFCN1702E3373_002545-T1
TFCN1702E3373_002423-T1__TFCN1702E3373_008830-T1	NaN	NaN	NaN	NaN	NaN	NaN	NaN	NaN	GF00000005	Rhodotorula_mucilaginosa_TFCN_17-0-2E337-3.cds.fa_08719	Rhodotorula_mucilaginosa_TFCN_17-0-2E337-3.cds.fa_02397	NaN	NaN	NaN	NaN	NaN	NaN	NaN	NaN	TFCN1702E3373_008830-T1	TFCN1702E3373_002423-T1
TFCN1702E3373_008809-T1__TFCN1702E3373_008830-T1	NaN	NaN	NaN	NaN	NaN	NaN	NaN	NaN	GF00000005	Rhodotorula_mucilaginosa_TFCN_17-0-2E337-3.cds.fa_08719	Rhodotorula_mucilaginosa_TFCN_17-0-2E337-3.cds.fa_08698	NaN	NaN	NaN	NaN	NaN	NaN	NaN	NaN	TFCN1702E3373_008830-T1	TFCN1702E3373_008809-T1
TFCN1702E3373_002424-T1__TFCN1702E3373_008830-T1	NaN	NaN	NaN	NaN	NaN	NaN	NaN	NaN	GF00000005	Rhodotorula_mucilaginosa_TFCN_17-0-2E337-3.cds.fa_08719	Rhodotorula_mucilaginosa_TFCN_17-0-2E337-3.cds.fa_02398	NaN	NaN	NaN	NaN	NaN	NaN	NaN	NaN	TFCN1702E3373_008830-T1	TFCN1702E3373_002424-T1
TFCN1702E3373_002425-T1__TFCN1702E3373_008830-T1	NaN	NaN	NaN	NaN	NaN	NaN	NaN	NaN	GF00000005	Rhodotorula_mucilaginosa_TFCN_17-0-2E337-3.cds.fa_08719	Rhodotorula_mucilaginosa_TFCN_17-0-2E337-3.cds.fa_02399	NaN	NaN	NaN	NaN	NaN	NaN	NaN	NaN	TFCN1702E3373_008830-T1	TFCN1702E3373_002425-T1
TFCN1702E3373_008810-T1__TFCN1702E3373_008830-T1	NaN	NaN	NaN	NaN	NaN	NaN	NaN	NaN	GF00000005	Rhodotorula_mucilaginosa_TFCN_17-0-2E337-3.cds.fa_08719	Rhodotorula_mucilaginosa_TFCN_17-0-2E337-3.cds.fa_08699	NaN	NaN	NaN	NaN	NaN	NaN	NaN	NaN	TFCN1702E3373_008830-T1	TFCN1702E3373_008810-T1
TFCN1702E3373_008834-T1__TFCN1702E3373_008841-T1	NaN	NaN	NaN	NaN	NaN	NaN	NaN	NaN	GF00000005	Rhodotorula_mucilaginosa_TFCN_17-0-2E337-3.cds.fa_08723	Rhodotorula_mucilaginosa_TFCN_17-0-2E337-3.cds.fa_08730	NaN	NaN	NaN	NaN	NaN	NaN	NaN	NaN	TFCN1702E3373_008834-T1	TFCN1702E3373_008841-T1
TFCN1702E3373_002492-T1__TFCN1702E3373_008834-T1	NaN	NaN	NaN	NaN	NaN	NaN	NaN	NaN	GF00000005	Rhodotorula_mucilaginosa_TFCN_17-0-2E337-3.cds.fa_08723	Rhodotorula_mucilaginosa_TFCN_17-0-2E337-3.cds.fa_02466	NaN	NaN	NaN	NaN	NaN	NaN	NaN	NaN	TFCN1702E3373_008834-T1	TFCN1702E3373_002492-T1
TFCN1702E3373_002504-T1__TFCN1702E3373_008834-T1	NaN	NaN	NaN	NaN	NaN	NaN	NaN	NaN	GF00000005	Rhodotorula_mucilaginosa_TFCN_17-0-2E337-3.cds.fa_08723	Rhodotorula_mucilaginosa_TFCN_17-0-2E337-3.cds.fa_02478	NaN	NaN	NaN	NaN	NaN	NaN	NaN	NaN	TFCN1702E3373_008834-T1	TFCN1702E3373_002504-T1
TFCN1702E3373_008834-T1__TFCN1702E3373_014236-T1	NaN	NaN	NaN	NaN	NaN	NaN	NaN	NaN	GF00000005	Rhodotorula_mucilaginosa_TFCN_17-0-2E337-3.cds.fa_08723	Rhodotorula_mucilaginosa_TFCN_17-0-2E337-3.cds.fa_14029	NaN	NaN	NaN	NaN	NaN	NaN	NaN	NaN	TFCN1702E3373_008834-T1	TFCN1702E3373_014236-T1
TFCN1702E3373_001239-T1__TFCN1702E3373_008834-T1	NaN	NaN	NaN	NaN	NaN	NaN	NaN	NaN	GF00000005	Rhodotorula_mucilaginosa_TFCN_17-0-2E337-3.cds.fa_08723	Rhodotorula_mucilaginosa_TFCN_17-0-2E337-3.cds.fa_01229	NaN	NaN	NaN	NaN	NaN	NaN	NaN	NaN	TFCN1702E3373_008834-T1	TFCN1702E3373_001239-T1
TFCN1702E3373_008834-T1__TFCN1702E3373_010929-T1	NaN	NaN	NaN	NaN	NaN	NaN	NaN	NaN	GF00000005	Rhodotorula_mucilaginosa_TFCN_17-0-2E337-3.cds.fa_08723	Rhodotorula_mucilaginosa_TFCN_17-0-2E337-3.cds.fa_10791	NaN	NaN	NaN	NaN	NaN	NaN	NaN	NaN	TFCN1702E3373_008834-T1	TFCN1702E3373_010929-T1
TFCN1702E3373_002446-T1__TFCN1702E3373_008834-T1	NaN	NaN	NaN	NaN	NaN	NaN	NaN	NaN	GF00000005	Rhodotorula_mucilaginosa_TFCN_17-0-2E337-3.cds.fa_08723	Rhodotorula_mucilaginosa_TFCN_17-0-2E337-3.cds.fa_02420	NaN	NaN	NaN	NaN	NaN	NaN	NaN	NaN	TFCN1702E3373_008834-T1	TFCN1702E3373_002446-T1
TFCN1702E3373_002546-T1__TFCN1702E3373_008834-T1	NaN	NaN	NaN	NaN	NaN	NaN	NaN	NaN	GF00000005	Rhodotorula_mucilaginosa_TFCN_17-0-2E337-3.cds.fa_08723	Rhodotorula_mucilaginosa_TFCN_17-0-2E337-3.cds.fa_02520	NaN	NaN	NaN	NaN	NaN	NaN	NaN	NaN	TFCN1702E3373_008834-T1	TFCN1702E3373_002546-T1
TFCN1702E3373_001240-T1__TFCN1702E3373_008834-T1	NaN	NaN	NaN	NaN	NaN	NaN	NaN	NaN	GF00000005	Rhodotorula_mucilaginosa_TFCN_17-0-2E337-3.cds.fa_08723	Rhodotorula_mucilaginosa_TFCN_17-0-2E337-3.cds.fa_01230	NaN	NaN	NaN	NaN	NaN	NaN	NaN	NaN	TFCN1702E3373_008834-T1	TFCN1702E3373_001240-T1
TFCN1702E3373_002493-T1__TFCN1702E3373_008834-T1	NaN	NaN	NaN	NaN	NaN	NaN	NaN	NaN	GF00000005	Rhodotorula_mucilaginosa_TFCN_17-0-2E337-3.cds.fa_08723	Rhodotorula_mucilaginosa_TFCN_17-0-2E337-3.cds.fa_02467	NaN	NaN	NaN	NaN	NaN	NaN	NaN	NaN	TFCN1702E3373_008834-T1	TFCN1702E3373_002493-T1
TFCN1702E3373_002443-T1__TFCN1702E3373_008834-T1	NaN	NaN	NaN	NaN	NaN	NaN	NaN	NaN	GF00000005	Rhodotorula_mucilaginosa_TFCN_17-0-2E337-3.cds.fa_08723	Rhodotorula_mucilaginosa_TFCN_17-0-2E337-3.cds.fa_02417	NaN	NaN	NaN	NaN	NaN	NaN	NaN	NaN	TFCN1702E3373_008834-T1	TFCN1702E3373_002443-T1
TFCN1702E3373_008831-T1__TFCN1702E3373_008834-T1	NaN	NaN	NaN	NaN	NaN	NaN	NaN	NaN	GF00000005	Rhodotorula_mucilaginosa_TFCN_17-0-2E337-3.cds.fa_08723	Rhodotorula_mucilaginosa_TFCN_17-0-2E337-3.cds.fa_08720	NaN	NaN	NaN	NaN	NaN	NaN	NaN	NaN	TFCN1702E3373_008834-T1	TFCN1702E3373_008831-T1
TFCN1702E3373_002545-T1__TFCN1702E3373_008834-T1	NaN	NaN	NaN	NaN	NaN	NaN	NaN	NaN	GF00000005	Rhodotorula_mucilaginosa_TFCN_17-0-2E337-3.cds.fa_08723	Rhodotorula_mucilaginosa_TFCN_17-0-2E337-3.cds.fa_02519	NaN	NaN	NaN	NaN	NaN	NaN	NaN	NaN	TFCN1702E3373_008834-T1	TFCN1702E3373_002545-T1
TFCN1702E3373_002423-T1__TFCN1702E3373_008834-T1	NaN	NaN	NaN	NaN	NaN	NaN	NaN	NaN	GF00000005	Rhodotorula_mucilaginosa_TFCN_17-0-2E337-3.cds.fa_08723	Rhodotorula_mucilaginosa_TFCN_17-0-2E337-3.cds.fa_02397	NaN	NaN	NaN	NaN	NaN	NaN	NaN	NaN	TFCN1702E3373_008834-T1	TFCN1702E3373_002423-T1
TFCN1702E3373_008809-T1__TFCN1702E3373_008834-T1	NaN	NaN	NaN	NaN	NaN	NaN	NaN	NaN	GF00000005	Rhodotorula_mucilaginosa_TFCN_17-0-2E337-3.cds.fa_08723	Rhodotorula_mucilaginosa_TFCN_17-0-2E337-3.cds.fa_08698	NaN	NaN	NaN	NaN	NaN	NaN	NaN	NaN	TFCN1702E3373_008834-T1	TFCN1702E3373_008809-T1
TFCN1702E3373_002424-T1__TFCN1702E3373_008834-T1	NaN	NaN	NaN	NaN	NaN	NaN	NaN	NaN	GF00000005	Rhodotorula_mucilaginosa_TFCN_17-0-2E337-3.cds.fa_08723	Rhodotorula_mucilaginosa_TFCN_17-0-2E337-3.cds.fa_02398	NaN	NaN	NaN	NaN	NaN	NaN	NaN	NaN	TFCN1702E3373_008834-T1	TFCN1702E3373_002424-T1
TFCN1702E3373_002425-T1__TFCN1702E3373_008834-T1	NaN	NaN	NaN	NaN	NaN	NaN	NaN	NaN	GF00000005	Rhodotorula_mucilaginosa_TFCN_17-0-2E337-3.cds.fa_08723	Rhodotorula_mucilaginosa_TFCN_17-0-2E337-3.cds.fa_02399	NaN	NaN	NaN	NaN	NaN	NaN	NaN	NaN	TFCN1702E3373_008834-T1	TFCN1702E3373_002425-T1
TFCN1702E3373_008810-T1__TFCN1702E3373_008834-T1	NaN	NaN	NaN	NaN	NaN	NaN	NaN	NaN	GF00000005	Rhodotorula_mucilaginosa_TFCN_17-0-2E337-3.cds.fa_08723	Rhodotorula_mucilaginosa_TFCN_17-0-2E337-3.cds.fa_08699	NaN	NaN	NaN	NaN	NaN	NaN	NaN	NaN	TFCN1702E3373_008834-T1	TFCN1702E3373_008810-T1
TFCN1702E3373_002492-T1__TFCN1702E3373_008841-T1	NaN	NaN	NaN	NaN	NaN	NaN	NaN	NaN	GF00000005	Rhodotorula_mucilaginosa_TFCN_17-0-2E337-3.cds.fa_08730	Rhodotorula_mucilaginosa_TFCN_17-0-2E337-3.cds.fa_02466	NaN	NaN	NaN	NaN	NaN	NaN	NaN	NaN	TFCN1702E3373_008841-T1	TFCN1702E3373_002492-T1
TFCN1702E3373_002504-T1__TFCN1702E3373_008841-T1	NaN	NaN	NaN	NaN	NaN	NaN	NaN	NaN	GF00000005	Rhodotorula_mucilaginosa_TFCN_17-0-2E337-3.cds.fa_08730	Rhodotorula_mucilaginosa_TFCN_17-0-2E337-3.cds.fa_02478	NaN	NaN	NaN	NaN	NaN	NaN	NaN	NaN	TFCN1702E3373_008841-T1	TFCN1702E3373_002504-T1
TFCN1702E3373_008841-T1__TFCN1702E3373_014236-T1	NaN	NaN	NaN	NaN	NaN	NaN	NaN	NaN	GF00000005	Rhodotorula_mucilaginosa_TFCN_17-0-2E337-3.cds.fa_08730	Rhodotorula_mucilaginosa_TFCN_17-0-2E337-3.cds.fa_14029	NaN	NaN	NaN	NaN	NaN	NaN	NaN	NaN	TFCN1702E3373_008841-T1	TFCN1702E3373_014236-T1
TFCN1702E3373_001239-T1__TFCN1702E3373_008841-T1	NaN	NaN	NaN	NaN	NaN	NaN	NaN	NaN	GF00000005	Rhodotorula_mucilaginosa_TFCN_17-0-2E337-3.cds.fa_08730	Rhodotorula_mucilaginosa_TFCN_17-0-2E337-3.cds.fa_01229	NaN	NaN	NaN	NaN	NaN	NaN	NaN	NaN	TFCN1702E3373_008841-T1	TFCN1702E3373_001239-T1
TFCN1702E3373_008841-T1__TFCN1702E3373_010929-T1	NaN	NaN	NaN	NaN	NaN	NaN	NaN	NaN	GF00000005	Rhodotorula_mucilaginosa_TFCN_17-0-2E337-3.cds.fa_08730	Rhodotorula_mucilaginosa_TFCN_17-0-2E337-3.cds.fa_10791	NaN	NaN	NaN	NaN	NaN	NaN	NaN	NaN	TFCN1702E3373_008841-T1	TFCN1702E3373_010929-T1
TFCN1702E3373_002446-T1__TFCN1702E3373_008841-T1	NaN	NaN	NaN	NaN	NaN	NaN	NaN	NaN	GF00000005	Rhodotorula_mucilaginosa_TFCN_17-0-2E337-3.cds.fa_08730	Rhodotorula_mucilaginosa_TFCN_17-0-2E337-3.cds.fa_02420	NaN	NaN	NaN	NaN	NaN	NaN	NaN	NaN	TFCN1702E3373_008841-T1	TFCN1702E3373_002446-T1
TFCN1702E3373_002546-T1__TFCN1702E3373_008841-T1	NaN	NaN	NaN	NaN	NaN	NaN	NaN	NaN	GF00000005	Rhodotorula_mucilaginosa_TFCN_17-0-2E337-3.cds.fa_08730	Rhodotorula_mucilaginosa_TFCN_17-0-2E337-3.cds.fa_02520	NaN	NaN	NaN	NaN	NaN	NaN	NaN	NaN	TFCN1702E3373_008841-T1	TFCN1702E3373_002546-T1
TFCN1702E3373_001240-T1__TFCN1702E3373_008841-T1	NaN	NaN	NaN	NaN	NaN	NaN	NaN	NaN	GF00000005	Rhodotorula_mucilaginosa_TFCN_17-0-2E337-3.cds.fa_08730	Rhodotorula_mucilaginosa_TFCN_17-0-2E337-3.cds.fa_01230	NaN	NaN	NaN	NaN	NaN	NaN	NaN	NaN	TFCN1702E3373_008841-T1	TFCN1702E3373_001240-T1
TFCN1702E3373_002493-T1__TFCN1702E3373_008841-T1	NaN	NaN	NaN	NaN	NaN	NaN	NaN	NaN	GF00000005	Rhodotorula_mucilaginosa_TFCN_17-0-2E337-3.cds.fa_08730	Rhodotorula_mucilaginosa_TFCN_17-0-2E337-3.cds.fa_02467	NaN	NaN	NaN	NaN	NaN	NaN	NaN	NaN	TFCN1702E3373_008841-T1	TFCN1702E3373_002493-T1
TFCN1702E3373_002443-T1__TFCN1702E3373_008841-T1	NaN	NaN	NaN	NaN	NaN	NaN	NaN	NaN	GF00000005	Rhodotorula_mucilaginosa_TFCN_17-0-2E337-3.cds.fa_08730	Rhodotorula_mucilaginosa_TFCN_17-0-2E337-3.cds.fa_02417	NaN	NaN	NaN	NaN	NaN	NaN	NaN	NaN	TFCN1702E3373_008841-T1	TFCN1702E3373_002443-T1
TFCN1702E3373_008831-T1__TFCN1702E3373_008841-T1	NaN	NaN	NaN	NaN	NaN	NaN	NaN	NaN	GF00000005	Rhodotorula_mucilaginosa_TFCN_17-0-2E337-3.cds.fa_08730	Rhodotorula_mucilaginosa_TFCN_17-0-2E337-3.cds.fa_08720	NaN	NaN	NaN	NaN	NaN	NaN	NaN	NaN	TFCN1702E3373_008841-T1	TFCN1702E3373_008831-T1
TFCN1702E3373_002545-T1__TFCN1702E3373_008841-T1	NaN	NaN	NaN	NaN	NaN	NaN	NaN	NaN	GF00000005	Rhodotorula_mucilaginosa_TFCN_17-0-2E337-3.cds.fa_08730	Rhodotorula_mucilaginosa_TFCN_17-0-2E337-3.cds.fa_02519	NaN	NaN	NaN	NaN	NaN	NaN	NaN	NaN	TFCN1702E3373_008841-T1	TFCN1702E3373_002545-T1
TFCN1702E3373_002423-T1__TFCN1702E3373_008841-T1	NaN	NaN	NaN	NaN	NaN	NaN	NaN	NaN	GF00000005	Rhodotorula_mucilaginosa_TFCN_17-0-2E337-3.cds.fa_08730	Rhodotorula_mucilaginosa_TFCN_17-0-2E337-3.cds.fa_02397	NaN	NaN	NaN	NaN	NaN	NaN	NaN	NaN	TFCN1702E3373_008841-T1	TFCN1702E3373_002423-T1
TFCN1702E3373_008809-T1__TFCN1702E3373_008841-T1	NaN	NaN	NaN	NaN	NaN	NaN	NaN	NaN	GF00000005	Rhodotorula_mucilaginosa_TFCN_17-0-2E337-3.cds.fa_08730	Rhodotorula_mucilaginosa_TFCN_17-0-2E337-3.cds.fa_08698	NaN	NaN	NaN	NaN	NaN	NaN	NaN	NaN	TFCN1702E3373_008841-T1	TFCN1702E3373_008809-T1
TFCN1702E3373_002424-T1__TFCN1702E3373_008841-T1	NaN	NaN	NaN	NaN	NaN	NaN	NaN	NaN	GF00000005	Rhodotorula_mucilaginosa_TFCN_17-0-2E337-3.cds.fa_08730	Rhodotorula_mucilaginosa_TFCN_17-0-2E337-3.cds.fa_02398	NaN	NaN	NaN	NaN	NaN	NaN	NaN	NaN	TFCN1702E3373_008841-T1	TFCN1702E3373_002424-T1
TFCN1702E3373_002425-T1__TFCN1702E3373_008841-T1	NaN	NaN	NaN	NaN	NaN	NaN	NaN	NaN	GF00000005	Rhodotorula_mucilaginosa_TFCN_17-0-2E337-3.cds.fa_08730	Rhodotorula_mucilaginosa_TFCN_17-0-2E337-3.cds.fa_02399	NaN	NaN	NaN	NaN	NaN	NaN	NaN	NaN	TFCN1702E3373_008841-T1	TFCN1702E3373_002425-T1
TFCN1702E3373_008810-T1__TFCN1702E3373_008841-T1	NaN	NaN	NaN	NaN	NaN	NaN	NaN	NaN	GF00000005	Rhodotorula_mucilaginosa_TFCN_17-0-2E337-3.cds.fa_08730	Rhodotorula_mucilaginosa_TFCN_17-0-2E337-3.cds.fa_08699	NaN	NaN	NaN	NaN	NaN	NaN	NaN	NaN	TFCN1702E3373_008841-T1	TFCN1702E3373_008810-T1
TFCN1702E3373_002492-T1__TFCN1702E3373_002504-T1	NaN	NaN	NaN	NaN	NaN	NaN	NaN	NaN	GF00000005	Rhodotorula_mucilaginosa_TFCN_17-0-2E337-3.cds.fa_02466	Rhodotorula_mucilaginosa_TFCN_17-0-2E337-3.cds.fa_02478	NaN	NaN	NaN	NaN	NaN	NaN	NaN	NaN	TFCN1702E3373_002492-T1	TFCN1702E3373_002504-T1
TFCN1702E3373_002492-T1__TFCN1702E3373_014236-T1	NaN	NaN	NaN	NaN	NaN	NaN	NaN	NaN	GF00000005	Rhodotorula_mucilaginosa_TFCN_17-0-2E337-3.cds.fa_02466	Rhodotorula_mucilaginosa_TFCN_17-0-2E337-3.cds.fa_14029	NaN	NaN	NaN	NaN	NaN	NaN	NaN	NaN	TFCN1702E3373_002492-T1	TFCN1702E3373_014236-T1
TFCN1702E3373_001239-T1__TFCN1702E3373_002492-T1	NaN	NaN	NaN	NaN	NaN	NaN	NaN	NaN	GF00000005	Rhodotorula_mucilaginosa_TFCN_17-0-2E337-3.cds.fa_02466	Rhodotorula_mucilaginosa_TFCN_17-0-2E337-3.cds.fa_01229	NaN	NaN	NaN	NaN	NaN	NaN	NaN	NaN	TFCN1702E3373_002492-T1	TFCN1702E3373_001239-T1
TFCN1702E3373_002492-T1__TFCN1702E3373_010929-T1	NaN	NaN	NaN	NaN	NaN	NaN	NaN	NaN	GF00000005	Rhodotorula_mucilaginosa_TFCN_17-0-2E337-3.cds.fa_02466	Rhodotorula_mucilaginosa_TFCN_17-0-2E337-3.cds.fa_10791	NaN	NaN	NaN	NaN	NaN	NaN	NaN	NaN	TFCN1702E3373_002492-T1	TFCN1702E3373_010929-T1
TFCN1702E3373_002446-T1__TFCN1702E3373_002492-T1	NaN	NaN	NaN	NaN	NaN	NaN	NaN	NaN	GF00000005	Rhodotorula_mucilaginosa_TFCN_17-0-2E337-3.cds.fa_02466	Rhodotorula_mucilaginosa_TFCN_17-0-2E337-3.cds.fa_02420	NaN	NaN	NaN	NaN	NaN	NaN	NaN	NaN	TFCN1702E3373_002492-T1	TFCN1702E3373_002446-T1
TFCN1702E3373_002492-T1__TFCN1702E3373_002546-T1	NaN	NaN	NaN	NaN	NaN	NaN	NaN	NaN	GF00000005	Rhodotorula_mucilaginosa_TFCN_17-0-2E337-3.cds.fa_02466	Rhodotorula_mucilaginosa_TFCN_17-0-2E337-3.cds.fa_02520	NaN	NaN	NaN	NaN	NaN	NaN	NaN	NaN	TFCN1702E3373_002492-T1	TFCN1702E3373_002546-T1
TFCN1702E3373_001240-T1__TFCN1702E3373_002492-T1	NaN	NaN	NaN	NaN	NaN	NaN	NaN	NaN	GF00000005	Rhodotorula_mucilaginosa_TFCN_17-0-2E337-3.cds.fa_02466	Rhodotorula_mucilaginosa_TFCN_17-0-2E337-3.cds.fa_01230	NaN	NaN	NaN	NaN	NaN	NaN	NaN	NaN	TFCN1702E3373_002492-T1	TFCN1702E3373_001240-T1
TFCN1702E3373_002492-T1__TFCN1702E3373_002493-T1	NaN	NaN	NaN	NaN	NaN	NaN	NaN	NaN	GF00000005	Rhodotorula_mucilaginosa_TFCN_17-0-2E337-3.cds.fa_02466	Rhodotorula_mucilaginosa_TFCN_17-0-2E337-3.cds.fa_02467	NaN	NaN	NaN	NaN	NaN	NaN	NaN	NaN	TFCN1702E3373_002492-T1	TFCN1702E3373_002493-T1
TFCN1702E3373_002443-T1__TFCN1702E3373_002492-T1	NaN	NaN	NaN	NaN	NaN	NaN	NaN	NaN	GF00000005	Rhodotorula_mucilaginosa_TFCN_17-0-2E337-3.cds.fa_02466	Rhodotorula_mucilaginosa_TFCN_17-0-2E337-3.cds.fa_02417	NaN	NaN	NaN	NaN	NaN	NaN	NaN	NaN	TFCN1702E3373_002492-T1	TFCN1702E3373_002443-T1
TFCN1702E3373_002492-T1__TFCN1702E3373_008831-T1	NaN	NaN	NaN	NaN	NaN	NaN	NaN	NaN	GF00000005	Rhodotorula_mucilaginosa_TFCN_17-0-2E337-3.cds.fa_02466	Rhodotorula_mucilaginosa_TFCN_17-0-2E337-3.cds.fa_08720	NaN	NaN	NaN	NaN	NaN	NaN	NaN	NaN	TFCN1702E3373_002492-T1	TFCN1702E3373_008831-T1
TFCN1702E3373_002492-T1__TFCN1702E3373_002545-T1	NaN	NaN	NaN	NaN	NaN	NaN	NaN	NaN	GF00000005	Rhodotorula_mucilaginosa_TFCN_17-0-2E337-3.cds.fa_02466	Rhodotorula_mucilaginosa_TFCN_17-0-2E337-3.cds.fa_02519	NaN	NaN	NaN	NaN	NaN	NaN	NaN	NaN	TFCN1702E3373_002492-T1	TFCN1702E3373_002545-T1
TFCN1702E3373_002423-T1__TFCN1702E3373_002492-T1	NaN	NaN	NaN	NaN	NaN	NaN	NaN	NaN	GF00000005	Rhodotorula_mucilaginosa_TFCN_17-0-2E337-3.cds.fa_02466	Rhodotorula_mucilaginosa_TFCN_17-0-2E337-3.cds.fa_02397	NaN	NaN	NaN	NaN	NaN	NaN	NaN	NaN	TFCN1702E3373_002492-T1	TFCN1702E3373_002423-T1
TFCN1702E3373_002492-T1__TFCN1702E3373_008809-T1	NaN	NaN	NaN	NaN	NaN	NaN	NaN	NaN	GF00000005	Rhodotorula_mucilaginosa_TFCN_17-0-2E337-3.cds.fa_02466	Rhodotorula_mucilaginosa_TFCN_17-0-2E337-3.cds.fa_08698	NaN	NaN	NaN	NaN	NaN	NaN	NaN	NaN	TFCN1702E3373_002492-T1	TFCN1702E3373_008809-T1
TFCN1702E3373_002424-T1__TFCN1702E3373_002492-T1	NaN	NaN	NaN	NaN	NaN	NaN	NaN	NaN	GF00000005	Rhodotorula_mucilaginosa_TFCN_17-0-2E337-3.cds.fa_02466	Rhodotorula_mucilaginosa_TFCN_17-0-2E337-3.cds.fa_02398	NaN	NaN	NaN	NaN	NaN	NaN	NaN	NaN	TFCN1702E3373_002492-T1	TFCN1702E3373_002424-T1
TFCN1702E3373_002425-T1__TFCN1702E3373_002492-T1	NaN	NaN	NaN	NaN	NaN	NaN	NaN	NaN	GF00000005	Rhodotorula_mucilaginosa_TFCN_17-0-2E337-3.cds.fa_02466	Rhodotorula_mucilaginosa_TFCN_17-0-2E337-3.cds.fa_02399	NaN	NaN	NaN	NaN	NaN	NaN	NaN	NaN	TFCN1702E3373_002492-T1	TFCN1702E3373_002425-T1
TFCN1702E3373_002492-T1__TFCN1702E3373_008810-T1	NaN	NaN	NaN	NaN	NaN	NaN	NaN	NaN	GF00000005	Rhodotorula_mucilaginosa_TFCN_17-0-2E337-3.cds.fa_02466	Rhodotorula_mucilaginosa_TFCN_17-0-2E337-3.cds.fa_08699	NaN	NaN	NaN	NaN	NaN	NaN	NaN	NaN	TFCN1702E3373_002492-T1	TFCN1702E3373_008810-T1
TFCN1702E3373_002504-T1__TFCN1702E3373_014236-T1	NaN	NaN	NaN	NaN	NaN	NaN	NaN	NaN	GF00000005	Rhodotorula_mucilaginosa_TFCN_17-0-2E337-3.cds.fa_02478	Rhodotorula_mucilaginosa_TFCN_17-0-2E337-3.cds.fa_14029	NaN	NaN	NaN	NaN	NaN	NaN	NaN	NaN	TFCN1702E3373_002504-T1	TFCN1702E3373_014236-T1
TFCN1702E3373_001239-T1__TFCN1702E3373_002504-T1	NaN	NaN	NaN	NaN	NaN	NaN	NaN	NaN	GF00000005	Rhodotorula_mucilaginosa_TFCN_17-0-2E337-3.cds.fa_02478	Rhodotorula_mucilaginosa_TFCN_17-0-2E337-3.cds.fa_01229	NaN	NaN	NaN	NaN	NaN	NaN	NaN	NaN	TFCN1702E3373_002504-T1	TFCN1702E3373_001239-T1
TFCN1702E3373_002504-T1__TFCN1702E3373_010929-T1	NaN	NaN	NaN	NaN	NaN	NaN	NaN	NaN	GF00000005	Rhodotorula_mucilaginosa_TFCN_17-0-2E337-3.cds.fa_02478	Rhodotorula_mucilaginosa_TFCN_17-0-2E337-3.cds.fa_10791	NaN	NaN	NaN	NaN	NaN	NaN	NaN	NaN	TFCN1702E3373_002504-T1	TFCN1702E3373_010929-T1
TFCN1702E3373_002446-T1__TFCN1702E3373_002504-T1	NaN	NaN	NaN	NaN	NaN	NaN	NaN	NaN	GF00000005	Rhodotorula_mucilaginosa_TFCN_17-0-2E337-3.cds.fa_02478	Rhodotorula_mucilaginosa_TFCN_17-0-2E337-3.cds.fa_02420	NaN	NaN	NaN	NaN	NaN	NaN	NaN	NaN	TFCN1702E3373_002504-T1	TFCN1702E3373_002446-T1
TFCN1702E3373_002504-T1__TFCN1702E3373_002546-T1	NaN	NaN	NaN	NaN	NaN	NaN	NaN	NaN	GF00000005	Rhodotorula_mucilaginosa_TFCN_17-0-2E337-3.cds.fa_02478	Rhodotorula_mucilaginosa_TFCN_17-0-2E337-3.cds.fa_02520	NaN	NaN	NaN	NaN	NaN	NaN	NaN	NaN	TFCN1702E3373_002504-T1	TFCN1702E3373_002546-T1
TFCN1702E3373_001240-T1__TFCN1702E3373_002504-T1	NaN	NaN	NaN	NaN	NaN	NaN	NaN	NaN	GF00000005	Rhodotorula_mucilaginosa_TFCN_17-0-2E337-3.cds.fa_02478	Rhodotorula_mucilaginosa_TFCN_17-0-2E337-3.cds.fa_01230	NaN	NaN	NaN	NaN	NaN	NaN	NaN	NaN	TFCN1702E3373_002504-T1	TFCN1702E3373_001240-T1
TFCN1702E3373_002493-T1__TFCN1702E3373_002504-T1	NaN	NaN	NaN	NaN	NaN	NaN	NaN	NaN	GF00000005	Rhodotorula_mucilaginosa_TFCN_17-0-2E337-3.cds.fa_02478	Rhodotorula_mucilaginosa_TFCN_17-0-2E337-3.cds.fa_02467	NaN	NaN	NaN	NaN	NaN	NaN	NaN	NaN	TFCN1702E3373_002504-T1	TFCN1702E3373_002493-T1
TFCN1702E3373_002443-T1__TFCN1702E3373_002504-T1	NaN	NaN	NaN	NaN	NaN	NaN	NaN	NaN	GF00000005	Rhodotorula_mucilaginosa_TFCN_17-0-2E337-3.cds.fa_02478	Rhodotorula_mucilaginosa_TFCN_17-0-2E337-3.cds.fa_02417	NaN	NaN	NaN	NaN	NaN	NaN	NaN	NaN	TFCN1702E3373_002504-T1	TFCN1702E3373_002443-T1
TFCN1702E3373_002504-T1__TFCN1702E3373_008831-T1	NaN	NaN	NaN	NaN	NaN	NaN	NaN	NaN	GF00000005	Rhodotorula_mucilaginosa_TFCN_17-0-2E337-3.cds.fa_02478	Rhodotorula_mucilaginosa_TFCN_17-0-2E337-3.cds.fa_08720	NaN	NaN	NaN	NaN	NaN	NaN	NaN	NaN	TFCN1702E3373_002504-T1	TFCN1702E3373_008831-T1
TFCN1702E3373_002504-T1__TFCN1702E3373_002545-T1	NaN	NaN	NaN	NaN	NaN	NaN	NaN	NaN	GF00000005	Rhodotorula_mucilaginosa_TFCN_17-0-2E337-3.cds.fa_02478	Rhodotorula_mucilaginosa_TFCN_17-0-2E337-3.cds.fa_02519	NaN	NaN	NaN	NaN	NaN	NaN	NaN	NaN	TFCN1702E3373_002504-T1	TFCN1702E3373_002545-T1
TFCN1702E3373_002423-T1__TFCN1702E3373_002504-T1	NaN	NaN	NaN	NaN	NaN	NaN	NaN	NaN	GF00000005	Rhodotorula_mucilaginosa_TFCN_17-0-2E337-3.cds.fa_02478	Rhodotorula_mucilaginosa_TFCN_17-0-2E337-3.cds.fa_02397	NaN	NaN	NaN	NaN	NaN	NaN	NaN	NaN	TFCN1702E3373_002504-T1	TFCN1702E3373_002423-T1
TFCN1702E3373_002504-T1__TFCN1702E3373_008809-T1	NaN	NaN	NaN	NaN	NaN	NaN	NaN	NaN	GF00000005	Rhodotorula_mucilaginosa_TFCN_17-0-2E337-3.cds.fa_02478	Rhodotorula_mucilaginosa_TFCN_17-0-2E337-3.cds.fa_08698	NaN	NaN	NaN	NaN	NaN	NaN	NaN	NaN	TFCN1702E3373_002504-T1	TFCN1702E3373_008809-T1
TFCN1702E3373_002424-T1__TFCN1702E3373_002504-T1	NaN	NaN	NaN	NaN	NaN	NaN	NaN	NaN	GF00000005	Rhodotorula_mucilaginosa_TFCN_17-0-2E337-3.cds.fa_02478	Rhodotorula_mucilaginosa_TFCN_17-0-2E337-3.cds.fa_02398	NaN	NaN	NaN	NaN	NaN	NaN	NaN	NaN	TFCN1702E3373_002504-T1	TFCN1702E3373_002424-T1
TFCN1702E3373_002425-T1__TFCN1702E3373_002504-T1	NaN	NaN	NaN	NaN	NaN	NaN	NaN	NaN	GF00000005	Rhodotorula_mucilaginosa_TFCN_17-0-2E337-3.cds.fa_02478	Rhodotorula_mucilaginosa_TFCN_17-0-2E337-3.cds.fa_02399	NaN	NaN	NaN	NaN	NaN	NaN	NaN	NaN	TFCN1702E3373_002504-T1	TFCN1702E3373_002425-T1
TFCN1702E3373_002504-T1__TFCN1702E3373_008810-T1	NaN	NaN	NaN	NaN	NaN	NaN	NaN	NaN	GF00000005	Rhodotorula_mucilaginosa_TFCN_17-0-2E337-3.cds.fa_02478	Rhodotorula_mucilaginosa_TFCN_17-0-2E337-3.cds.fa_08699	NaN	NaN	NaN	NaN	NaN	NaN	NaN	NaN	TFCN1702E3373_002504-T1	TFCN1702E3373_008810-T1
TFCN1702E3373_001239-T1__TFCN1702E3373_014236-T1	NaN	NaN	NaN	NaN	NaN	NaN	NaN	NaN	GF00000005	Rhodotorula_mucilaginosa_TFCN_17-0-2E337-3.cds.fa_14029	Rhodotorula_mucilaginosa_TFCN_17-0-2E337-3.cds.fa_01229	NaN	NaN	NaN	NaN	NaN	NaN	NaN	NaN	TFCN1702E3373_014236-T1	TFCN1702E3373_001239-T1
TFCN1702E3373_010929-T1__TFCN1702E3373_014236-T1	NaN	NaN	NaN	NaN	NaN	NaN	NaN	NaN	GF00000005	Rhodotorula_mucilaginosa_TFCN_17-0-2E337-3.cds.fa_14029	Rhodotorula_mucilaginosa_TFCN_17-0-2E337-3.cds.fa_10791	NaN	NaN	NaN	NaN	NaN	NaN	NaN	NaN	TFCN1702E3373_014236-T1	TFCN1702E3373_010929-T1
TFCN1702E3373_002446-T1__TFCN1702E3373_014236-T1	NaN	NaN	NaN	NaN	NaN	NaN	NaN	NaN	GF00000005	Rhodotorula_mucilaginosa_TFCN_17-0-2E337-3.cds.fa_14029	Rhodotorula_mucilaginosa_TFCN_17-0-2E337-3.cds.fa_02420	NaN	NaN	NaN	NaN	NaN	NaN	NaN	NaN	TFCN1702E3373_014236-T1	TFCN1702E3373_002446-T1
TFCN1702E3373_002546-T1__TFCN1702E3373_014236-T1	NaN	NaN	NaN	NaN	NaN	NaN	NaN	NaN	GF00000005	Rhodotorula_mucilaginosa_TFCN_17-0-2E337-3.cds.fa_14029	Rhodotorula_mucilaginosa_TFCN_17-0-2E337-3.cds.fa_02520	NaN	NaN	NaN	NaN	NaN	NaN	NaN	NaN	TFCN1702E3373_014236-T1	TFCN1702E3373_002546-T1
TFCN1702E3373_001240-T1__TFCN1702E3373_014236-T1	NaN	NaN	NaN	NaN	NaN	NaN	NaN	NaN	GF00000005	Rhodotorula_mucilaginosa_TFCN_17-0-2E337-3.cds.fa_14029	Rhodotorula_mucilaginosa_TFCN_17-0-2E337-3.cds.fa_01230	NaN	NaN	NaN	NaN	NaN	NaN	NaN	NaN	TFCN1702E3373_014236-T1	TFCN1702E3373_001240-T1
TFCN1702E3373_002493-T1__TFCN1702E3373_014236-T1	NaN	NaN	NaN	NaN	NaN	NaN	NaN	NaN	GF00000005	Rhodotorula_mucilaginosa_TFCN_17-0-2E337-3.cds.fa_14029	Rhodotorula_mucilaginosa_TFCN_17-0-2E337-3.cds.fa_02467	NaN	NaN	NaN	NaN	NaN	NaN	NaN	NaN	TFCN1702E3373_014236-T1	TFCN1702E3373_002493-T1
TFCN1702E3373_002443-T1__TFCN1702E3373_014236-T1	NaN	NaN	NaN	NaN	NaN	NaN	NaN	NaN	GF00000005	Rhodotorula_mucilaginosa_TFCN_17-0-2E337-3.cds.fa_14029	Rhodotorula_mucilaginosa_TFCN_17-0-2E337-3.cds.fa_02417	NaN	NaN	NaN	NaN	NaN	NaN	NaN	NaN	TFCN1702E3373_014236-T1	TFCN1702E3373_002443-T1
TFCN1702E3373_008831-T1__TFCN1702E3373_014236-T1	NaN	NaN	NaN	NaN	NaN	NaN	NaN	NaN	GF00000005	Rhodotorula_mucilaginosa_TFCN_17-0-2E337-3.cds.fa_14029	Rhodotorula_mucilaginosa_TFCN_17-0-2E337-3.cds.fa_08720	NaN	NaN	NaN	NaN	NaN	NaN	NaN	NaN	TFCN1702E3373_014236-T1	TFCN1702E3373_008831-T1
TFCN1702E3373_002545-T1__TFCN1702E3373_014236-T1	NaN	NaN	NaN	NaN	NaN	NaN	NaN	NaN	GF00000005	Rhodotorula_mucilaginosa_TFCN_17-0-2E337-3.cds.fa_14029	Rhodotorula_mucilaginosa_TFCN_17-0-2E337-3.cds.fa_02519	NaN	NaN	NaN	NaN	NaN	NaN	NaN	NaN	TFCN1702E3373_014236-T1	TFCN1702E3373_002545-T1
TFCN1702E3373_002423-T1__TFCN1702E3373_014236-T1	NaN	NaN	NaN	NaN	NaN	NaN	NaN	NaN	GF00000005	Rhodotorula_mucilaginosa_TFCN_17-0-2E337-3.cds.fa_14029	Rhodotorula_mucilaginosa_TFCN_17-0-2E337-3.cds.fa_02397	NaN	NaN	NaN	NaN	NaN	NaN	NaN	NaN	TFCN1702E3373_014236-T1	TFCN1702E3373_002423-T1
TFCN1702E3373_008809-T1__TFCN1702E3373_014236-T1	NaN	NaN	NaN	NaN	NaN	NaN	NaN	NaN	GF00000005	Rhodotorula_mucilaginosa_TFCN_17-0-2E337-3.cds.fa_14029	Rhodotorula_mucilaginosa_TFCN_17-0-2E337-3.cds.fa_08698	NaN	NaN	NaN	NaN	NaN	NaN	NaN	NaN	TFCN1702E3373_014236-T1	TFCN1702E3373_008809-T1
TFCN1702E3373_002424-T1__TFCN1702E3373_014236-T1	NaN	NaN	NaN	NaN	NaN	NaN	NaN	NaN	GF00000005	Rhodotorula_mucilaginosa_TFCN_17-0-2E337-3.cds.fa_14029	Rhodotorula_mucilaginosa_TFCN_17-0-2E337-3.cds.fa_02398	NaN	NaN	NaN	NaN	NaN	NaN	NaN	NaN	TFCN1702E3373_014236-T1	TFCN1702E3373_002424-T1
TFCN1702E3373_002425-T1__TFCN1702E3373_014236-T1	NaN	NaN	NaN	NaN	NaN	NaN	NaN	NaN	GF00000005	Rhodotorula_mucilaginosa_TFCN_17-0-2E337-3.cds.fa_14029	Rhodotorula_mucilaginosa_TFCN_17-0-2E337-3.cds.fa_02399	NaN	NaN	NaN	NaN	NaN	NaN	NaN	NaN	TFCN1702E3373_014236-T1	TFCN1702E3373_002425-T1
TFCN1702E3373_008810-T1__TFCN1702E3373_014236-T1	NaN	NaN	NaN	NaN	NaN	NaN	NaN	NaN	GF00000005	Rhodotorula_mucilaginosa_TFCN_17-0-2E337-3.cds.fa_14029	Rhodotorula_mucilaginosa_TFCN_17-0-2E337-3.cds.fa_08699	NaN	NaN	NaN	NaN	NaN	NaN	NaN	NaN	TFCN1702E3373_014236-T1	TFCN1702E3373_008810-T1
TFCN1702E3373_001239-T1__TFCN1702E3373_010929-T1	NaN	NaN	NaN	NaN	NaN	NaN	NaN	NaN	GF00000005	Rhodotorula_mucilaginosa_TFCN_17-0-2E337-3.cds.fa_01229	Rhodotorula_mucilaginosa_TFCN_17-0-2E337-3.cds.fa_10791	NaN	NaN	NaN	NaN	NaN	NaN	NaN	NaN	TFCN1702E3373_001239-T1	TFCN1702E3373_010929-T1
TFCN1702E3373_001239-T1__TFCN1702E3373_002446-T1	NaN	NaN	NaN	NaN	NaN	NaN	NaN	NaN	GF00000005	Rhodotorula_mucilaginosa_TFCN_17-0-2E337-3.cds.fa_01229	Rhodotorula_mucilaginosa_TFCN_17-0-2E337-3.cds.fa_02420	NaN	NaN	NaN	NaN	NaN	NaN	NaN	NaN	TFCN1702E3373_001239-T1	TFCN1702E3373_002446-T1
TFCN1702E3373_001239-T1__TFCN1702E3373_002546-T1	NaN	NaN	NaN	NaN	NaN	NaN	NaN	NaN	GF00000005	Rhodotorula_mucilaginosa_TFCN_17-0-2E337-3.cds.fa_01229	Rhodotorula_mucilaginosa_TFCN_17-0-2E337-3.cds.fa_02520	NaN	NaN	NaN	NaN	NaN	NaN	NaN	NaN	TFCN1702E3373_001239-T1	TFCN1702E3373_002546-T1
TFCN1702E3373_001239-T1__TFCN1702E3373_001240-T1	NaN	NaN	NaN	NaN	NaN	NaN	NaN	NaN	GF00000005	Rhodotorula_mucilaginosa_TFCN_17-0-2E337-3.cds.fa_01229	Rhodotorula_mucilaginosa_TFCN_17-0-2E337-3.cds.fa_01230	NaN	NaN	NaN	NaN	NaN	NaN	NaN	NaN	TFCN1702E3373_001239-T1	TFCN1702E3373_001240-T1
TFCN1702E3373_001239-T1__TFCN1702E3373_002493-T1	NaN	NaN	NaN	NaN	NaN	NaN	NaN	NaN	GF00000005	Rhodotorula_mucilaginosa_TFCN_17-0-2E337-3.cds.fa_01229	Rhodotorula_mucilaginosa_TFCN_17-0-2E337-3.cds.fa_02467	NaN	NaN	NaN	NaN	NaN	NaN	NaN	NaN	TFCN1702E3373_001239-T1	TFCN1702E3373_002493-T1
TFCN1702E3373_001239-T1__TFCN1702E3373_002443-T1	NaN	NaN	NaN	NaN	NaN	NaN	NaN	NaN	GF00000005	Rhodotorula_mucilaginosa_TFCN_17-0-2E337-3.cds.fa_01229	Rhodotorula_mucilaginosa_TFCN_17-0-2E337-3.cds.fa_02417	NaN	NaN	NaN	NaN	NaN	NaN	NaN	NaN	TFCN1702E3373_001239-T1	TFCN1702E3373_002443-T1
TFCN1702E3373_001239-T1__TFCN1702E3373_008831-T1	NaN	NaN	NaN	NaN	NaN	NaN	NaN	NaN	GF00000005	Rhodotorula_mucilaginosa_TFCN_17-0-2E337-3.cds.fa_01229	Rhodotorula_mucilaginosa_TFCN_17-0-2E337-3.cds.fa_08720	NaN	NaN	NaN	NaN	NaN	NaN	NaN	NaN	TFCN1702E3373_001239-T1	TFCN1702E3373_008831-T1
TFCN1702E3373_001239-T1__TFCN1702E3373_002545-T1	NaN	NaN	NaN	NaN	NaN	NaN	NaN	NaN	GF00000005	Rhodotorula_mucilaginosa_TFCN_17-0-2E337-3.cds.fa_01229	Rhodotorula_mucilaginosa_TFCN_17-0-2E337-3.cds.fa_02519	NaN	NaN	NaN	NaN	NaN	NaN	NaN	NaN	TFCN1702E3373_001239-T1	TFCN1702E3373_002545-T1
TFCN1702E3373_001239-T1__TFCN1702E3373_002423-T1	NaN	NaN	NaN	NaN	NaN	NaN	NaN	NaN	GF00000005	Rhodotorula_mucilaginosa_TFCN_17-0-2E337-3.cds.fa_01229	Rhodotorula_mucilaginosa_TFCN_17-0-2E337-3.cds.fa_02397	NaN	NaN	NaN	NaN	NaN	NaN	NaN	NaN	TFCN1702E3373_001239-T1	TFCN1702E3373_002423-T1
TFCN1702E3373_001239-T1__TFCN1702E3373_008809-T1	NaN	NaN	NaN	NaN	NaN	NaN	NaN	NaN	GF00000005	Rhodotorula_mucilaginosa_TFCN_17-0-2E337-3.cds.fa_01229	Rhodotorula_mucilaginosa_TFCN_17-0-2E337-3.cds.fa_08698	NaN	NaN	NaN	NaN	NaN	NaN	NaN	NaN	TFCN1702E3373_001239-T1	TFCN1702E3373_008809-T1
TFCN1702E3373_001239-T1__TFCN1702E3373_002424-T1	NaN	NaN	NaN	NaN	NaN	NaN	NaN	NaN	GF00000005	Rhodotorula_mucilaginosa_TFCN_17-0-2E337-3.cds.fa_01229	Rhodotorula_mucilaginosa_TFCN_17-0-2E337-3.cds.fa_02398	NaN	NaN	NaN	NaN	NaN	NaN	NaN	NaN	TFCN1702E3373_001239-T1	TFCN1702E3373_002424-T1
TFCN1702E3373_001239-T1__TFCN1702E3373_002425-T1	NaN	NaN	NaN	NaN	NaN	NaN	NaN	NaN	GF00000005	Rhodotorula_mucilaginosa_TFCN_17-0-2E337-3.cds.fa_01229	Rhodotorula_mucilaginosa_TFCN_17-0-2E337-3.cds.fa_02399	NaN	NaN	NaN	NaN	NaN	NaN	NaN	NaN	TFCN1702E3373_001239-T1	TFCN1702E3373_002425-T1
TFCN1702E3373_001239-T1__TFCN1702E3373_008810-T1	NaN	NaN	NaN	NaN	NaN	NaN	NaN	NaN	GF00000005	Rhodotorula_mucilaginosa_TFCN_17-0-2E337-3.cds.fa_01229	Rhodotorula_mucilaginosa_TFCN_17-0-2E337-3.cds.fa_08699	NaN	NaN	NaN	NaN	NaN	NaN	NaN	NaN	TFCN1702E3373_001239-T1	TFCN1702E3373_008810-T1
TFCN1702E3373_002446-T1__TFCN1702E3373_010929-T1	NaN	NaN	NaN	NaN	NaN	NaN	NaN	NaN	GF00000005	Rhodotorula_mucilaginosa_TFCN_17-0-2E337-3.cds.fa_10791	Rhodotorula_mucilaginosa_TFCN_17-0-2E337-3.cds.fa_02420	NaN	NaN	NaN	NaN	NaN	NaN	NaN	NaN	TFCN1702E3373_010929-T1	TFCN1702E3373_002446-T1
TFCN1702E3373_002546-T1__TFCN1702E3373_010929-T1	NaN	NaN	NaN	NaN	NaN	NaN	NaN	NaN	GF00000005	Rhodotorula_mucilaginosa_TFCN_17-0-2E337-3.cds.fa_10791	Rhodotorula_mucilaginosa_TFCN_17-0-2E337-3.cds.fa_02520	NaN	NaN	NaN	NaN	NaN	NaN	NaN	NaN	TFCN1702E3373_010929-T1	TFCN1702E3373_002546-T1
TFCN1702E3373_001240-T1__TFCN1702E3373_010929-T1	NaN	NaN	NaN	NaN	NaN	NaN	NaN	NaN	GF00000005	Rhodotorula_mucilaginosa_TFCN_17-0-2E337-3.cds.fa_10791	Rhodotorula_mucilaginosa_TFCN_17-0-2E337-3.cds.fa_01230	NaN	NaN	NaN	NaN	NaN	NaN	NaN	NaN	TFCN1702E3373_010929-T1	TFCN1702E3373_001240-T1
TFCN1702E3373_002493-T1__TFCN1702E3373_010929-T1	NaN	NaN	NaN	NaN	NaN	NaN	NaN	NaN	GF00000005	Rhodotorula_mucilaginosa_TFCN_17-0-2E337-3.cds.fa_10791	Rhodotorula_mucilaginosa_TFCN_17-0-2E337-3.cds.fa_02467	NaN	NaN	NaN	NaN	NaN	NaN	NaN	NaN	TFCN1702E3373_010929-T1	TFCN1702E3373_002493-T1
TFCN1702E3373_002443-T1__TFCN1702E3373_010929-T1	NaN	NaN	NaN	NaN	NaN	NaN	NaN	NaN	GF00000005	Rhodotorula_mucilaginosa_TFCN_17-0-2E337-3.cds.fa_10791	Rhodotorula_mucilaginosa_TFCN_17-0-2E337-3.cds.fa_02417	NaN	NaN	NaN	NaN	NaN	NaN	NaN	NaN	TFCN1702E3373_010929-T1	TFCN1702E3373_002443-T1
TFCN1702E3373_008831-T1__TFCN1702E3373_010929-T1	NaN	NaN	NaN	NaN	NaN	NaN	NaN	NaN	GF00000005	Rhodotorula_mucilaginosa_TFCN_17-0-2E337-3.cds.fa_10791	Rhodotorula_mucilaginosa_TFCN_17-0-2E337-3.cds.fa_08720	NaN	NaN	NaN	NaN	NaN	NaN	NaN	NaN	TFCN1702E3373_010929-T1	TFCN1702E3373_008831-T1
TFCN1702E3373_002545-T1__TFCN1702E3373_010929-T1	NaN	NaN	NaN	NaN	NaN	NaN	NaN	NaN	GF00000005	Rhodotorula_mucilaginosa_TFCN_17-0-2E337-3.cds.fa_10791	Rhodotorula_mucilaginosa_TFCN_17-0-2E337-3.cds.fa_02519	NaN	NaN	NaN	NaN	NaN	NaN	NaN	NaN	TFCN1702E3373_010929-T1	TFCN1702E3373_002545-T1
TFCN1702E3373_002423-T1__TFCN1702E3373_010929-T1	NaN	NaN	NaN	NaN	NaN	NaN	NaN	NaN	GF00000005	Rhodotorula_mucilaginosa_TFCN_17-0-2E337-3.cds.fa_10791	Rhodotorula_mucilaginosa_TFCN_17-0-2E337-3.cds.fa_02397	NaN	NaN	NaN	NaN	NaN	NaN	NaN	NaN	TFCN1702E3373_010929-T1	TFCN1702E3373_002423-T1
TFCN1702E3373_008809-T1__TFCN1702E3373_010929-T1	NaN	NaN	NaN	NaN	NaN	NaN	NaN	NaN	GF00000005	Rhodotorula_mucilaginosa_TFCN_17-0-2E337-3.cds.fa_10791	Rhodotorula_mucilaginosa_TFCN_17-0-2E337-3.cds.fa_08698	NaN	NaN	NaN	NaN	NaN	NaN	NaN	NaN	TFCN1702E3373_010929-T1	TFCN1702E3373_008809-T1
TFCN1702E3373_002424-T1__TFCN1702E3373_010929-T1	NaN	NaN	NaN	NaN	NaN	NaN	NaN	NaN	GF00000005	Rhodotorula_mucilaginosa_TFCN_17-0-2E337-3.cds.fa_10791	Rhodotorula_mucilaginosa_TFCN_17-0-2E337-3.cds.fa_02398	NaN	NaN	NaN	NaN	NaN	NaN	NaN	NaN	TFCN1702E3373_010929-T1	TFCN1702E3373_002424-T1
TFCN1702E3373_002425-T1__TFCN1702E3373_010929-T1	NaN	NaN	NaN	NaN	NaN	NaN	NaN	NaN	GF00000005	Rhodotorula_mucilaginosa_TFCN_17-0-2E337-3.cds.fa_10791	Rhodotorula_mucilaginosa_TFCN_17-0-2E337-3.cds.fa_02399	NaN	NaN	NaN	NaN	NaN	NaN	NaN	NaN	TFCN1702E3373_010929-T1	TFCN1702E3373_002425-T1
TFCN1702E3373_008810-T1__TFCN1702E3373_010929-T1	NaN	NaN	NaN	NaN	NaN	NaN	NaN	NaN	GF00000005	Rhodotorula_mucilaginosa_TFCN_17-0-2E337-3.cds.fa_10791	Rhodotorula_mucilaginosa_TFCN_17-0-2E337-3.cds.fa_08699	NaN	NaN	NaN	NaN	NaN	NaN	NaN	NaN	TFCN1702E3373_010929-T1	TFCN1702E3373_008810-T1
TFCN1702E3373_002446-T1__TFCN1702E3373_002546-T1	NaN	NaN	NaN	NaN	NaN	NaN	NaN	NaN	GF00000005	Rhodotorula_mucilaginosa_TFCN_17-0-2E337-3.cds.fa_02420	Rhodotorula_mucilaginosa_TFCN_17-0-2E337-3.cds.fa_02520	NaN	NaN	NaN	NaN	NaN	NaN	NaN	NaN	TFCN1702E3373_002446-T1	TFCN1702E3373_002546-T1
TFCN1702E3373_001240-T1__TFCN1702E3373_002446-T1	NaN	NaN	NaN	NaN	NaN	NaN	NaN	NaN	GF00000005	Rhodotorula_mucilaginosa_TFCN_17-0-2E337-3.cds.fa_02420	Rhodotorula_mucilaginosa_TFCN_17-0-2E337-3.cds.fa_01230	NaN	NaN	NaN	NaN	NaN	NaN	NaN	NaN	TFCN1702E3373_002446-T1	TFCN1702E3373_001240-T1
TFCN1702E3373_002446-T1__TFCN1702E3373_002493-T1	NaN	NaN	NaN	NaN	NaN	NaN	NaN	NaN	GF00000005	Rhodotorula_mucilaginosa_TFCN_17-0-2E337-3.cds.fa_02420	Rhodotorula_mucilaginosa_TFCN_17-0-2E337-3.cds.fa_02467	NaN	NaN	NaN	NaN	NaN	NaN	NaN	NaN	TFCN1702E3373_002446-T1	TFCN1702E3373_002493-T1
TFCN1702E3373_002443-T1__TFCN1702E3373_002446-T1	NaN	NaN	NaN	NaN	NaN	NaN	NaN	NaN	GF00000005	Rhodotorula_mucilaginosa_TFCN_17-0-2E337-3.cds.fa_02420	Rhodotorula_mucilaginosa_TFCN_17-0-2E337-3.cds.fa_02417	NaN	NaN	NaN	NaN	NaN	NaN	NaN	NaN	TFCN1702E3373_002446-T1	TFCN1702E3373_002443-T1
TFCN1702E3373_002446-T1__TFCN1702E3373_008831-T1	NaN	NaN	NaN	NaN	NaN	NaN	NaN	NaN	GF00000005	Rhodotorula_mucilaginosa_TFCN_17-0-2E337-3.cds.fa_02420	Rhodotorula_mucilaginosa_TFCN_17-0-2E337-3.cds.fa_08720	NaN	NaN	NaN	NaN	NaN	NaN	NaN	NaN	TFCN1702E3373_002446-T1	TFCN1702E3373_008831-T1
TFCN1702E3373_002446-T1__TFCN1702E3373_002545-T1	NaN	NaN	NaN	NaN	NaN	NaN	NaN	NaN	GF00000005	Rhodotorula_mucilaginosa_TFCN_17-0-2E337-3.cds.fa_02420	Rhodotorula_mucilaginosa_TFCN_17-0-2E337-3.cds.fa_02519	NaN	NaN	NaN	NaN	NaN	NaN	NaN	NaN	TFCN1702E3373_002446-T1	TFCN1702E3373_002545-T1
TFCN1702E3373_002423-T1__TFCN1702E3373_002446-T1	NaN	NaN	NaN	NaN	NaN	NaN	NaN	NaN	GF00000005	Rhodotorula_mucilaginosa_TFCN_17-0-2E337-3.cds.fa_02420	Rhodotorula_mucilaginosa_TFCN_17-0-2E337-3.cds.fa_02397	NaN	NaN	NaN	NaN	NaN	NaN	NaN	NaN	TFCN1702E3373_002446-T1	TFCN1702E3373_002423-T1
TFCN1702E3373_002446-T1__TFCN1702E3373_008809-T1	NaN	NaN	NaN	NaN	NaN	NaN	NaN	NaN	GF00000005	Rhodotorula_mucilaginosa_TFCN_17-0-2E337-3.cds.fa_02420	Rhodotorula_mucilaginosa_TFCN_17-0-2E337-3.cds.fa_08698	NaN	NaN	NaN	NaN	NaN	NaN	NaN	NaN	TFCN1702E3373_002446-T1	TFCN1702E3373_008809-T1
TFCN1702E3373_002424-T1__TFCN1702E3373_002446-T1	NaN	NaN	NaN	NaN	NaN	NaN	NaN	NaN	GF00000005	Rhodotorula_mucilaginosa_TFCN_17-0-2E337-3.cds.fa_02420	Rhodotorula_mucilaginosa_TFCN_17-0-2E337-3.cds.fa_02398	NaN	NaN	NaN	NaN	NaN	NaN	NaN	NaN	TFCN1702E3373_002446-T1	TFCN1702E3373_002424-T1
TFCN1702E3373_002425-T1__TFCN1702E3373_002446-T1	NaN	NaN	NaN	NaN	NaN	NaN	NaN	NaN	GF00000005	Rhodotorula_mucilaginosa_TFCN_17-0-2E337-3.cds.fa_02420	Rhodotorula_mucilaginosa_TFCN_17-0-2E337-3.cds.fa_02399	NaN	NaN	NaN	NaN	NaN	NaN	NaN	NaN	TFCN1702E3373_002446-T1	TFCN1702E3373_002425-T1
TFCN1702E3373_002446-T1__TFCN1702E3373_008810-T1	NaN	NaN	NaN	NaN	NaN	NaN	NaN	NaN	GF00000005	Rhodotorula_mucilaginosa_TFCN_17-0-2E337-3.cds.fa_02420	Rhodotorula_mucilaginosa_TFCN_17-0-2E337-3.cds.fa_08699	NaN	NaN	NaN	NaN	NaN	NaN	NaN	NaN	TFCN1702E3373_002446-T1	TFCN1702E3373_008810-T1
TFCN1702E3373_001240-T1__TFCN1702E3373_002546-T1	NaN	NaN	NaN	NaN	NaN	NaN	NaN	NaN	GF00000005	Rhodotorula_mucilaginosa_TFCN_17-0-2E337-3.cds.fa_02520	Rhodotorula_mucilaginosa_TFCN_17-0-2E337-3.cds.fa_01230	NaN	NaN	NaN	NaN	NaN	NaN	NaN	NaN	TFCN1702E3373_002546-T1	TFCN1702E3373_001240-T1
TFCN1702E3373_002493-T1__TFCN1702E3373_002546-T1	NaN	NaN	NaN	NaN	NaN	NaN	NaN	NaN	GF00000005	Rhodotorula_mucilaginosa_TFCN_17-0-2E337-3.cds.fa_02520	Rhodotorula_mucilaginosa_TFCN_17-0-2E337-3.cds.fa_02467	NaN	NaN	NaN	NaN	NaN	NaN	NaN	NaN	TFCN1702E3373_002546-T1	TFCN1702E3373_002493-T1
TFCN1702E3373_002443-T1__TFCN1702E3373_002546-T1	NaN	NaN	NaN	NaN	NaN	NaN	NaN	NaN	GF00000005	Rhodotorula_mucilaginosa_TFCN_17-0-2E337-3.cds.fa_02520	Rhodotorula_mucilaginosa_TFCN_17-0-2E337-3.cds.fa_02417	NaN	NaN	NaN	NaN	NaN	NaN	NaN	NaN	TFCN1702E3373_002546-T1	TFCN1702E3373_002443-T1
TFCN1702E3373_002546-T1__TFCN1702E3373_008831-T1	NaN	NaN	NaN	NaN	NaN	NaN	NaN	NaN	GF00000005	Rhodotorula_mucilaginosa_TFCN_17-0-2E337-3.cds.fa_02520	Rhodotorula_mucilaginosa_TFCN_17-0-2E337-3.cds.fa_08720	NaN	NaN	NaN	NaN	NaN	NaN	NaN	NaN	TFCN1702E3373_002546-T1	TFCN1702E3373_008831-T1
TFCN1702E3373_002545-T1__TFCN1702E3373_002546-T1	NaN	NaN	NaN	NaN	NaN	NaN	NaN	NaN	GF00000005	Rhodotorula_mucilaginosa_TFCN_17-0-2E337-3.cds.fa_02520	Rhodotorula_mucilaginosa_TFCN_17-0-2E337-3.cds.fa_02519	NaN	NaN	NaN	NaN	NaN	NaN	NaN	NaN	TFCN1702E3373_002546-T1	TFCN1702E3373_002545-T1
TFCN1702E3373_002423-T1__TFCN1702E3373_002546-T1	NaN	NaN	NaN	NaN	NaN	NaN	NaN	NaN	GF00000005	Rhodotorula_mucilaginosa_TFCN_17-0-2E337-3.cds.fa_02520	Rhodotorula_mucilaginosa_TFCN_17-0-2E337-3.cds.fa_02397	NaN	NaN	NaN	NaN	NaN	NaN	NaN	NaN	TFCN1702E3373_002546-T1	TFCN1702E3373_002423-T1
TFCN1702E3373_002546-T1__TFCN1702E3373_008809-T1	NaN	NaN	NaN	NaN	NaN	NaN	NaN	NaN	GF00000005	Rhodotorula_mucilaginosa_TFCN_17-0-2E337-3.cds.fa_02520	Rhodotorula_mucilaginosa_TFCN_17-0-2E337-3.cds.fa_08698	NaN	NaN	NaN	NaN	NaN	NaN	NaN	NaN	TFCN1702E3373_002546-T1	TFCN1702E3373_008809-T1
TFCN1702E3373_002424-T1__TFCN1702E3373_002546-T1	NaN	NaN	NaN	NaN	NaN	NaN	NaN	NaN	GF00000005	Rhodotorula_mucilaginosa_TFCN_17-0-2E337-3.cds.fa_02520	Rhodotorula_mucilaginosa_TFCN_17-0-2E337-3.cds.fa_02398	NaN	NaN	NaN	NaN	NaN	NaN	NaN	NaN	TFCN1702E3373_002546-T1	TFCN1702E3373_002424-T1
TFCN1702E3373_002425-T1__TFCN1702E3373_002546-T1	NaN	NaN	NaN	NaN	NaN	NaN	NaN	NaN	GF00000005	Rhodotorula_mucilaginosa_TFCN_17-0-2E337-3.cds.fa_02520	Rhodotorula_mucilaginosa_TFCN_17-0-2E337-3.cds.fa_02399	NaN	NaN	NaN	NaN	NaN	NaN	NaN	NaN	TFCN1702E3373_002546-T1	TFCN1702E3373_002425-T1
TFCN1702E3373_002546-T1__TFCN1702E3373_008810-T1	NaN	NaN	NaN	NaN	NaN	NaN	NaN	NaN	GF00000005	Rhodotorula_mucilaginosa_TFCN_17-0-2E337-3.cds.fa_02520	Rhodotorula_mucilaginosa_TFCN_17-0-2E337-3.cds.fa_08699	NaN	NaN	NaN	NaN	NaN	NaN	NaN	NaN	TFCN1702E3373_002546-T1	TFCN1702E3373_008810-T1
TFCN1702E3373_001240-T1__TFCN1702E3373_002493-T1	NaN	NaN	NaN	NaN	NaN	NaN	NaN	NaN	GF00000005	Rhodotorula_mucilaginosa_TFCN_17-0-2E337-3.cds.fa_01230	Rhodotorula_mucilaginosa_TFCN_17-0-2E337-3.cds.fa_02467	NaN	NaN	NaN	NaN	NaN	NaN	NaN	NaN	TFCN1702E3373_001240-T1	TFCN1702E3373_002493-T1
TFCN1702E3373_001240-T1__TFCN1702E3373_002443-T1	NaN	NaN	NaN	NaN	NaN	NaN	NaN	NaN	GF00000005	Rhodotorula_mucilaginosa_TFCN_17-0-2E337-3.cds.fa_01230	Rhodotorula_mucilaginosa_TFCN_17-0-2E337-3.cds.fa_02417	NaN	NaN	NaN	NaN	NaN	NaN	NaN	NaN	TFCN1702E3373_001240-T1	TFCN1702E3373_002443-T1
TFCN1702E3373_001240-T1__TFCN1702E3373_008831-T1	NaN	NaN	NaN	NaN	NaN	NaN	NaN	NaN	GF00000005	Rhodotorula_mucilaginosa_TFCN_17-0-2E337-3.cds.fa_01230	Rhodotorula_mucilaginosa_TFCN_17-0-2E337-3.cds.fa_08720	NaN	NaN	NaN	NaN	NaN	NaN	NaN	NaN	TFCN1702E3373_001240-T1	TFCN1702E3373_008831-T1
TFCN1702E3373_001240-T1__TFCN1702E3373_002545-T1	NaN	NaN	NaN	NaN	NaN	NaN	NaN	NaN	GF00000005	Rhodotorula_mucilaginosa_TFCN_17-0-2E337-3.cds.fa_01230	Rhodotorula_mucilaginosa_TFCN_17-0-2E337-3.cds.fa_02519	NaN	NaN	NaN	NaN	NaN	NaN	NaN	NaN	TFCN1702E3373_001240-T1	TFCN1702E3373_002545-T1
TFCN1702E3373_001240-T1__TFCN1702E3373_002423-T1	NaN	NaN	NaN	NaN	NaN	NaN	NaN	NaN	GF00000005	Rhodotorula_mucilaginosa_TFCN_17-0-2E337-3.cds.fa_01230	Rhodotorula_mucilaginosa_TFCN_17-0-2E337-3.cds.fa_02397	NaN	NaN	NaN	NaN	NaN	NaN	NaN	NaN	TFCN1702E3373_001240-T1	TFCN1702E3373_002423-T1
TFCN1702E3373_001240-T1__TFCN1702E3373_008809-T1	NaN	NaN	NaN	NaN	NaN	NaN	NaN	NaN	GF00000005	Rhodotorula_mucilaginosa_TFCN_17-0-2E337-3.cds.fa_01230	Rhodotorula_mucilaginosa_TFCN_17-0-2E337-3.cds.fa_08698	NaN	NaN	NaN	NaN	NaN	NaN	NaN	NaN	TFCN1702E3373_001240-T1	TFCN1702E3373_008809-T1
TFCN1702E3373_001240-T1__TFCN1702E3373_002424-T1	NaN	NaN	NaN	NaN	NaN	NaN	NaN	NaN	GF00000005	Rhodotorula_mucilaginosa_TFCN_17-0-2E337-3.cds.fa_01230	Rhodotorula_mucilaginosa_TFCN_17-0-2E337-3.cds.fa_02398	NaN	NaN	NaN	NaN	NaN	NaN	NaN	NaN	TFCN1702E3373_001240-T1	TFCN1702E3373_002424-T1
TFCN1702E3373_001240-T1__TFCN1702E3373_002425-T1	NaN	NaN	NaN	NaN	NaN	NaN	NaN	NaN	GF00000005	Rhodotorula_mucilaginosa_TFCN_17-0-2E337-3.cds.fa_01230	Rhodotorula_mucilaginosa_TFCN_17-0-2E337-3.cds.fa_02399	NaN	NaN	NaN	NaN	NaN	NaN	NaN	NaN	TFCN1702E3373_001240-T1	TFCN1702E3373_002425-T1
TFCN1702E3373_001240-T1__TFCN1702E3373_008810-T1	NaN	NaN	NaN	NaN	NaN	NaN	NaN	NaN	GF00000005	Rhodotorula_mucilaginosa_TFCN_17-0-2E337-3.cds.fa_01230	Rhodotorula_mucilaginosa_TFCN_17-0-2E337-3.cds.fa_08699	NaN	NaN	NaN	NaN	NaN	NaN	NaN	NaN	TFCN1702E3373_001240-T1	TFCN1702E3373_008810-T1
TFCN1702E3373_002443-T1__TFCN1702E3373_002493-T1	NaN	NaN	NaN	NaN	NaN	NaN	NaN	NaN	GF00000005	Rhodotorula_mucilaginosa_TFCN_17-0-2E337-3.cds.fa_02467	Rhodotorula_mucilaginosa_TFCN_17-0-2E337-3.cds.fa_02417	NaN	NaN	NaN	NaN	NaN	NaN	NaN	NaN	TFCN1702E3373_002493-T1	TFCN1702E3373_002443-T1
TFCN1702E3373_002493-T1__TFCN1702E3373_008831-T1	NaN	NaN	NaN	NaN	NaN	NaN	NaN	NaN	GF00000005	Rhodotorula_mucilaginosa_TFCN_17-0-2E337-3.cds.fa_02467	Rhodotorula_mucilaginosa_TFCN_17-0-2E337-3.cds.fa_08720	NaN	NaN	NaN	NaN	NaN	NaN	NaN	NaN	TFCN1702E3373_002493-T1	TFCN1702E3373_008831-T1
TFCN1702E3373_002493-T1__TFCN1702E3373_002545-T1	NaN	NaN	NaN	NaN	NaN	NaN	NaN	NaN	GF00000005	Rhodotorula_mucilaginosa_TFCN_17-0-2E337-3.cds.fa_02467	Rhodotorula_mucilaginosa_TFCN_17-0-2E337-3.cds.fa_02519	NaN	NaN	NaN	NaN	NaN	NaN	NaN	NaN	TFCN1702E3373_002493-T1	TFCN1702E3373_002545-T1
TFCN1702E3373_002423-T1__TFCN1702E3373_002493-T1	NaN	NaN	NaN	NaN	NaN	NaN	NaN	NaN	GF00000005	Rhodotorula_mucilaginosa_TFCN_17-0-2E337-3.cds.fa_02467	Rhodotorula_mucilaginosa_TFCN_17-0-2E337-3.cds.fa_02397	NaN	NaN	NaN	NaN	NaN	NaN	NaN	NaN	TFCN1702E3373_002493-T1	TFCN1702E3373_002423-T1
TFCN1702E3373_002493-T1__TFCN1702E3373_008809-T1	NaN	NaN	NaN	NaN	NaN	NaN	NaN	NaN	GF00000005	Rhodotorula_mucilaginosa_TFCN_17-0-2E337-3.cds.fa_02467	Rhodotorula_mucilaginosa_TFCN_17-0-2E337-3.cds.fa_08698	NaN	NaN	NaN	NaN	NaN	NaN	NaN	NaN	TFCN1702E3373_002493-T1	TFCN1702E3373_008809-T1
TFCN1702E3373_002424-T1__TFCN1702E3373_002493-T1	NaN	NaN	NaN	NaN	NaN	NaN	NaN	NaN	GF00000005	Rhodotorula_mucilaginosa_TFCN_17-0-2E337-3.cds.fa_02467	Rhodotorula_mucilaginosa_TFCN_17-0-2E337-3.cds.fa_02398	NaN	NaN	NaN	NaN	NaN	NaN	NaN	NaN	TFCN1702E3373_002493-T1	TFCN1702E3373_002424-T1
TFCN1702E3373_002425-T1__TFCN1702E3373_002493-T1	NaN	NaN	NaN	NaN	NaN	NaN	NaN	NaN	GF00000005	Rhodotorula_mucilaginosa_TFCN_17-0-2E337-3.cds.fa_02467	Rhodotorula_mucilaginosa_TFCN_17-0-2E337-3.cds.fa_02399	NaN	NaN	NaN	NaN	NaN	NaN	NaN	NaN	TFCN1702E3373_002493-T1	TFCN1702E3373_002425-T1
TFCN1702E3373_002493-T1__TFCN1702E3373_008810-T1	NaN	NaN	NaN	NaN	NaN	NaN	NaN	NaN	GF00000005	Rhodotorula_mucilaginosa_TFCN_17-0-2E337-3.cds.fa_02467	Rhodotorula_mucilaginosa_TFCN_17-0-2E337-3.cds.fa_08699	NaN	NaN	NaN	NaN	NaN	NaN	NaN	NaN	TFCN1702E3373_002493-T1	TFCN1702E3373_008810-T1
TFCN1702E3373_002443-T1__TFCN1702E3373_008831-T1	NaN	NaN	NaN	NaN	NaN	NaN	NaN	NaN	GF00000005	Rhodotorula_mucilaginosa_TFCN_17-0-2E337-3.cds.fa_02417	Rhodotorula_mucilaginosa_TFCN_17-0-2E337-3.cds.fa_08720	NaN	NaN	NaN	NaN	NaN	NaN	NaN	NaN	TFCN1702E3373_002443-T1	TFCN1702E3373_008831-T1
TFCN1702E3373_002443-T1__TFCN1702E3373_002545-T1	NaN	NaN	NaN	NaN	NaN	NaN	NaN	NaN	GF00000005	Rhodotorula_mucilaginosa_TFCN_17-0-2E337-3.cds.fa_02417	Rhodotorula_mucilaginosa_TFCN_17-0-2E337-3.cds.fa_02519	NaN	NaN	NaN	NaN	NaN	NaN	NaN	NaN	TFCN1702E3373_002443-T1	TFCN1702E3373_002545-T1
TFCN1702E3373_002423-T1__TFCN1702E3373_002443-T1	NaN	NaN	NaN	NaN	NaN	NaN	NaN	NaN	GF00000005	Rhodotorula_mucilaginosa_TFCN_17-0-2E337-3.cds.fa_02417	Rhodotorula_mucilaginosa_TFCN_17-0-2E337-3.cds.fa_02397	NaN	NaN	NaN	NaN	NaN	NaN	NaN	NaN	TFCN1702E3373_002443-T1	TFCN1702E3373_002423-T1
TFCN1702E3373_002443-T1__TFCN1702E3373_008809-T1	NaN	NaN	NaN	NaN	NaN	NaN	NaN	NaN	GF00000005	Rhodotorula_mucilaginosa_TFCN_17-0-2E337-3.cds.fa_02417	Rhodotorula_mucilaginosa_TFCN_17-0-2E337-3.cds.fa_08698	NaN	NaN	NaN	NaN	NaN	NaN	NaN	NaN	TFCN1702E3373_002443-T1	TFCN1702E3373_008809-T1
TFCN1702E3373_002424-T1__TFCN1702E3373_002443-T1	NaN	NaN	NaN	NaN	NaN	NaN	NaN	NaN	GF00000005	Rhodotorula_mucilaginosa_TFCN_17-0-2E337-3.cds.fa_02417	Rhodotorula_mucilaginosa_TFCN_17-0-2E337-3.cds.fa_02398	NaN	NaN	NaN	NaN	NaN	NaN	NaN	NaN	TFCN1702E3373_002443-T1	TFCN1702E3373_002424-T1
TFCN1702E3373_002425-T1__TFCN1702E3373_002443-T1	NaN	NaN	NaN	NaN	NaN	NaN	NaN	NaN	GF00000005	Rhodotorula_mucilaginosa_TFCN_17-0-2E337-3.cds.fa_02417	Rhodotorula_mucilaginosa_TFCN_17-0-2E337-3.cds.fa_02399	NaN	NaN	NaN	NaN	NaN	NaN	NaN	NaN	TFCN1702E3373_002443-T1	TFCN1702E3373_002425-T1
TFCN1702E3373_002443-T1__TFCN1702E3373_008810-T1	NaN	NaN	NaN	NaN	NaN	NaN	NaN	NaN	GF00000005	Rhodotorula_mucilaginosa_TFCN_17-0-2E337-3.cds.fa_02417	Rhodotorula_mucilaginosa_TFCN_17-0-2E337-3.cds.fa_08699	NaN	NaN	NaN	NaN	NaN	NaN	NaN	NaN	TFCN1702E3373_002443-T1	TFCN1702E3373_008810-T1
TFCN1702E3373_002545-T1__TFCN1702E3373_008831-T1	NaN	NaN	NaN	NaN	NaN	NaN	NaN	NaN	GF00000005	Rhodotorula_mucilaginosa_TFCN_17-0-2E337-3.cds.fa_08720	Rhodotorula_mucilaginosa_TFCN_17-0-2E337-3.cds.fa_02519	NaN	NaN	NaN	NaN	NaN	NaN	NaN	NaN	TFCN1702E3373_008831-T1	TFCN1702E3373_002545-T1
TFCN1702E3373_002423-T1__TFCN1702E3373_008831-T1	NaN	NaN	NaN	NaN	NaN	NaN	NaN	NaN	GF00000005	Rhodotorula_mucilaginosa_TFCN_17-0-2E337-3.cds.fa_08720	Rhodotorula_mucilaginosa_TFCN_17-0-2E337-3.cds.fa_02397	NaN	NaN	NaN	NaN	NaN	NaN	NaN	NaN	TFCN1702E3373_008831-T1	TFCN1702E3373_002423-T1
TFCN1702E3373_008809-T1__TFCN1702E3373_008831-T1	NaN	NaN	NaN	NaN	NaN	NaN	NaN	NaN	GF00000005	Rhodotorula_mucilaginosa_TFCN_17-0-2E337-3.cds.fa_08720	Rhodotorula_mucilaginosa_TFCN_17-0-2E337-3.cds.fa_08698	NaN	NaN	NaN	NaN	NaN	NaN	NaN	NaN	TFCN1702E3373_008831-T1	TFCN1702E3373_008809-T1
TFCN1702E3373_002424-T1__TFCN1702E3373_008831-T1	NaN	NaN	NaN	NaN	NaN	NaN	NaN	NaN	GF00000005	Rhodotorula_mucilaginosa_TFCN_17-0-2E337-3.cds.fa_08720	Rhodotorula_mucilaginosa_TFCN_17-0-2E337-3.cds.fa_02398	NaN	NaN	NaN	NaN	NaN	NaN	NaN	NaN	TFCN1702E3373_008831-T1	TFCN1702E3373_002424-T1
TFCN1702E3373_002425-T1__TFCN1702E3373_008831-T1	NaN	NaN	NaN	NaN	NaN	NaN	NaN	NaN	GF00000005	Rhodotorula_mucilaginosa_TFCN_17-0-2E337-3.cds.fa_08720	Rhodotorula_mucilaginosa_TFCN_17-0-2E337-3.cds.fa_02399	NaN	NaN	NaN	NaN	NaN	NaN	NaN	NaN	TFCN1702E3373_008831-T1	TFCN1702E3373_002425-T1
TFCN1702E3373_008810-T1__TFCN1702E3373_008831-T1	NaN	NaN	NaN	NaN	NaN	NaN	NaN	NaN	GF00000005	Rhodotorula_mucilaginosa_TFCN_17-0-2E337-3.cds.fa_08720	Rhodotorula_mucilaginosa_TFCN_17-0-2E337-3.cds.fa_08699	NaN	NaN	NaN	NaN	NaN	NaN	NaN	NaN	TFCN1702E3373_008831-T1	TFCN1702E3373_008810-T1
TFCN1702E3373_002423-T1__TFCN1702E3373_002545-T1	NaN	NaN	NaN	NaN	NaN	NaN	NaN	NaN	GF00000005	Rhodotorula_mucilaginosa_TFCN_17-0-2E337-3.cds.fa_02519	Rhodotorula_mucilaginosa_TFCN_17-0-2E337-3.cds.fa_02397	NaN	NaN	NaN	NaN	NaN	NaN	NaN	NaN	TFCN1702E3373_002545-T1	TFCN1702E3373_002423-T1
TFCN1702E3373_002545-T1__TFCN1702E3373_008809-T1	NaN	NaN	NaN	NaN	NaN	NaN	NaN	NaN	GF00000005	Rhodotorula_mucilaginosa_TFCN_17-0-2E337-3.cds.fa_02519	Rhodotorula_mucilaginosa_TFCN_17-0-2E337-3.cds.fa_08698	NaN	NaN	NaN	NaN	NaN	NaN	NaN	NaN	TFCN1702E3373_002545-T1	TFCN1702E3373_008809-T1
TFCN1702E3373_002424-T1__TFCN1702E3373_002545-T1	NaN	NaN	NaN	NaN	NaN	NaN	NaN	NaN	GF00000005	Rhodotorula_mucilaginosa_TFCN_17-0-2E337-3.cds.fa_02519	Rhodotorula_mucilaginosa_TFCN_17-0-2E337-3.cds.fa_02398	NaN	NaN	NaN	NaN	NaN	NaN	NaN	NaN	TFCN1702E3373_002545-T1	TFCN1702E3373_002424-T1
TFCN1702E3373_002425-T1__TFCN1702E3373_002545-T1	NaN	NaN	NaN	NaN	NaN	NaN	NaN	NaN	GF00000005	Rhodotorula_mucilaginosa_TFCN_17-0-2E337-3.cds.fa_02519	Rhodotorula_mucilaginosa_TFCN_17-0-2E337-3.cds.fa_02399	NaN	NaN	NaN	NaN	NaN	NaN	NaN	NaN	TFCN1702E3373_002545-T1	TFCN1702E3373_002425-T1
TFCN1702E3373_002545-T1__TFCN1702E3373_008810-T1	NaN	NaN	NaN	NaN	NaN	NaN	NaN	NaN	GF00000005	Rhodotorula_mucilaginosa_TFCN_17-0-2E337-3.cds.fa_02519	Rhodotorula_mucilaginosa_TFCN_17-0-2E337-3.cds.fa_08699	NaN	NaN	NaN	NaN	NaN	NaN	NaN	NaN	TFCN1702E3373_002545-T1	TFCN1702E3373_008810-T1
TFCN1702E3373_002423-T1__TFCN1702E3373_008809-T1	NaN	NaN	NaN	NaN	NaN	NaN	NaN	NaN	GF00000005	Rhodotorula_mucilaginosa_TFCN_17-0-2E337-3.cds.fa_02397	Rhodotorula_mucilaginosa_TFCN_17-0-2E337-3.cds.fa_08698	NaN	NaN	NaN	NaN	NaN	NaN	NaN	NaN	TFCN1702E3373_002423-T1	TFCN1702E3373_008809-T1
TFCN1702E3373_002423-T1__TFCN1702E3373_002424-T1	NaN	NaN	NaN	NaN	NaN	NaN	NaN	NaN	GF00000005	Rhodotorula_mucilaginosa_TFCN_17-0-2E337-3.cds.fa_02397	Rhodotorula_mucilaginosa_TFCN_17-0-2E337-3.cds.fa_02398	NaN	NaN	NaN	NaN	NaN	NaN	NaN	NaN	TFCN1702E3373_002423-T1	TFCN1702E3373_002424-T1
TFCN1702E3373_002423-T1__TFCN1702E3373_002425-T1	NaN	NaN	NaN	NaN	NaN	NaN	NaN	NaN	GF00000005	Rhodotorula_mucilaginosa_TFCN_17-0-2E337-3.cds.fa_02397	Rhodotorula_mucilaginosa_TFCN_17-0-2E337-3.cds.fa_02399	NaN	NaN	NaN	NaN	NaN	NaN	NaN	NaN	TFCN1702E3373_002423-T1	TFCN1702E3373_002425-T1
TFCN1702E3373_002423-T1__TFCN1702E3373_008810-T1	NaN	NaN	NaN	NaN	NaN	NaN	NaN	NaN	GF00000005	Rhodotorula_mucilaginosa_TFCN_17-0-2E337-3.cds.fa_02397	Rhodotorula_mucilaginosa_TFCN_17-0-2E337-3.cds.fa_08699	NaN	NaN	NaN	NaN	NaN	NaN	NaN	NaN	TFCN1702E3373_002423-T1	TFCN1702E3373_008810-T1
TFCN1702E3373_002424-T1__TFCN1702E3373_008809-T1	NaN	NaN	NaN	NaN	NaN	NaN	NaN	NaN	GF00000005	Rhodotorula_mucilaginosa_TFCN_17-0-2E337-3.cds.fa_08698	Rhodotorula_mucilaginosa_TFCN_17-0-2E337-3.cds.fa_02398	NaN	NaN	NaN	NaN	NaN	NaN	NaN	NaN	TFCN1702E3373_008809-T1	TFCN1702E3373_002424-T1
TFCN1702E3373_002425-T1__TFCN1702E3373_008809-T1	NaN	NaN	NaN	NaN	NaN	NaN	NaN	NaN	GF00000005	Rhodotorula_mucilaginosa_TFCN_17-0-2E337-3.cds.fa_08698	Rhodotorula_mucilaginosa_TFCN_17-0-2E337-3.cds.fa_02399	NaN	NaN	NaN	NaN	NaN	NaN	NaN	NaN	TFCN1702E3373_008809-T1	TFCN1702E3373_002425-T1
TFCN1702E3373_008809-T1__TFCN1702E3373_008810-T1	NaN	NaN	NaN	NaN	NaN	NaN	NaN	NaN	GF00000005	Rhodotorula_mucilaginosa_TFCN_17-0-2E337-3.cds.fa_08698	Rhodotorula_mucilaginosa_TFCN_17-0-2E337-3.cds.fa_08699	NaN	NaN	NaN	NaN	NaN	NaN	NaN	NaN	TFCN1702E3373_008809-T1	TFCN1702E3373_008810-T1
TFCN1702E3373_002424-T1__TFCN1702E3373_002425-T1	NaN	NaN	NaN	NaN	NaN	NaN	NaN	NaN	GF00000005	Rhodotorula_mucilaginosa_TFCN_17-0-2E337-3.cds.fa_02398	Rhodotorula_mucilaginosa_TFCN_17-0-2E337-3.cds.fa_02399	NaN	NaN	NaN	NaN	NaN	NaN	NaN	NaN	TFCN1702E3373_002424-T1	TFCN1702E3373_002425-T1
TFCN1702E3373_002424-T1__TFCN1702E3373_008810-T1	NaN	NaN	NaN	NaN	NaN	NaN	NaN	NaN	GF00000005	Rhodotorula_mucilaginosa_TFCN_17-0-2E337-3.cds.fa_02398	Rhodotorula_mucilaginosa_TFCN_17-0-2E337-3.cds.fa_08699	NaN	NaN	NaN	NaN	NaN	NaN	NaN	NaN	TFCN1702E3373_002424-T1	TFCN1702E3373_008810-T1
TFCN1702E3373_002425-T1__TFCN1702E3373_008810-T1	NaN	NaN	NaN	NaN	NaN	NaN	NaN	NaN	GF00000005	Rhodotorula_mucilaginosa_TFCN_17-0-2E337-3.cds.fa_02399	Rhodotorula_mucilaginosa_TFCN_17-0-2E337-3.cds.fa_08699	NaN	NaN	NaN	NaN	NaN	NaN	NaN	NaN	TFCN1702E3373_002425-T1	TFCN1702E3373_008810-T1
TFCN1702E3373_005591-T1__TFCN1702E3373_006218-T1	NaN	NaN	NaN	NaN	NaN	NaN	NaN	NaN	GF00000006	Rhodotorula_mucilaginosa_TFCN_17-0-2E337-3.cds.fa_05524	Rhodotorula_mucilaginosa_TFCN_17-0-2E337-3.cds.fa_06148	NaN	NaN	NaN	NaN	NaN	NaN	NaN	NaN	TFCN1702E3373_005591-T1	TFCN1702E3373_006218-T1
TFCN1702E3373_005591-T1__TFCN1702E3373_009429-T1	NaN	NaN	NaN	NaN	NaN	NaN	NaN	NaN	GF00000006	Rhodotorula_mucilaginosa_TFCN_17-0-2E337-3.cds.fa_05524	Rhodotorula_mucilaginosa_TFCN_17-0-2E337-3.cds.fa_09311	NaN	NaN	NaN	NaN	NaN	NaN	NaN	NaN	TFCN1702E3373_005591-T1	TFCN1702E3373_009429-T1
TFCN1702E3373_003093-T1__TFCN1702E3373_005591-T1	NaN	NaN	NaN	NaN	NaN	NaN	NaN	NaN	GF00000006	Rhodotorula_mucilaginosa_TFCN_17-0-2E337-3.cds.fa_05524	Rhodotorula_mucilaginosa_TFCN_17-0-2E337-3.cds.fa_03051	NaN	NaN	NaN	NaN	NaN	NaN	NaN	NaN	TFCN1702E3373_005591-T1	TFCN1702E3373_003093-T1
TFCN1702E3373_005591-T1__TFCN1702E3373_007429-T1	NaN	NaN	NaN	NaN	NaN	NaN	NaN	NaN	GF00000006	Rhodotorula_mucilaginosa_TFCN_17-0-2E337-3.cds.fa_05524	Rhodotorula_mucilaginosa_TFCN_17-0-2E337-3.cds.fa_07343	NaN	NaN	NaN	NaN	NaN	NaN	NaN	NaN	TFCN1702E3373_005591-T1	TFCN1702E3373_007429-T1
TFCN1702E3373_001365-T1__TFCN1702E3373_005591-T1	NaN	NaN	NaN	NaN	NaN	NaN	NaN	NaN	GF00000006	Rhodotorula_mucilaginosa_TFCN_17-0-2E337-3.cds.fa_05524	Rhodotorula_mucilaginosa_TFCN_17-0-2E337-3.cds.fa_01355	NaN	NaN	NaN	NaN	NaN	NaN	NaN	NaN	TFCN1702E3373_005591-T1	TFCN1702E3373_001365-T1
TFCN1702E3373_005591-T1__TFCN1702E3373_007434-T1	NaN	NaN	NaN	NaN	NaN	NaN	NaN	NaN	GF00000006	Rhodotorula_mucilaginosa_TFCN_17-0-2E337-3.cds.fa_05524	Rhodotorula_mucilaginosa_TFCN_17-0-2E337-3.cds.fa_07348	NaN	NaN	NaN	NaN	NaN	NaN	NaN	NaN	TFCN1702E3373_005591-T1	TFCN1702E3373_007434-T1
TFCN1702E3373_005591-T1__TFCN1702E3373_010364-T1	NaN	NaN	NaN	NaN	NaN	NaN	NaN	NaN	GF00000006	Rhodotorula_mucilaginosa_TFCN_17-0-2E337-3.cds.fa_05524	Rhodotorula_mucilaginosa_TFCN_17-0-2E337-3.cds.fa_10240	NaN	NaN	NaN	NaN	NaN	NaN	NaN	NaN	TFCN1702E3373_005591-T1	TFCN1702E3373_010364-T1
TFCN1702E3373_005591-T1__TFCN1702E3373_010369-T1	NaN	NaN	NaN	NaN	NaN	NaN	NaN	NaN	GF00000006	Rhodotorula_mucilaginosa_TFCN_17-0-2E337-3.cds.fa_05524	Rhodotorula_mucilaginosa_TFCN_17-0-2E337-3.cds.fa_10245	NaN	NaN	NaN	NaN	NaN	NaN	NaN	NaN	TFCN1702E3373_005591-T1	TFCN1702E3373_010369-T1
TFCN1702E3373_005591-T1__TFCN1702E3373_013516-T1	NaN	NaN	NaN	NaN	NaN	NaN	NaN	NaN	GF00000006	Rhodotorula_mucilaginosa_TFCN_17-0-2E337-3.cds.fa_05524	Rhodotorula_mucilaginosa_TFCN_17-0-2E337-3.cds.fa_13325	NaN	NaN	NaN	NaN	NaN	NaN	NaN	NaN	TFCN1702E3373_005591-T1	TFCN1702E3373_013516-T1
TFCN1702E3373_005591-T1__TFCN1702E3373_014613-T1	NaN	NaN	NaN	NaN	NaN	NaN	NaN	NaN	GF00000006	Rhodotorula_mucilaginosa_TFCN_17-0-2E337-3.cds.fa_05524	Rhodotorula_mucilaginosa_TFCN_17-0-2E337-3.cds.fa_14395	NaN	NaN	NaN	NaN	NaN	NaN	NaN	NaN	TFCN1702E3373_005591-T1	TFCN1702E3373_014613-T1
TFCN1702E3373_005591-T1__TFCN1702E3373_010050-T1	NaN	NaN	NaN	NaN	NaN	NaN	NaN	NaN	GF00000006	Rhodotorula_mucilaginosa_TFCN_17-0-2E337-3.cds.fa_05524	Rhodotorula_mucilaginosa_TFCN_17-0-2E337-3.cds.fa_09929	NaN	NaN	NaN	NaN	NaN	NaN	NaN	NaN	TFCN1702E3373_005591-T1	TFCN1702E3373_010050-T1
TFCN1702E3373_000037-T1__TFCN1702E3373_005591-T1	NaN	NaN	NaN	NaN	NaN	NaN	NaN	NaN	GF00000006	Rhodotorula_mucilaginosa_TFCN_17-0-2E337-3.cds.fa_05524	Rhodotorula_mucilaginosa_TFCN_17-0-2E337-3.cds.fa_00036	NaN	NaN	NaN	NaN	NaN	NaN	NaN	NaN	TFCN1702E3373_005591-T1	TFCN1702E3373_000037-T1
TFCN1702E3373_005591-T1__TFCN1702E3373_006968-T1	NaN	NaN	NaN	NaN	NaN	NaN	NaN	NaN	GF00000006	Rhodotorula_mucilaginosa_TFCN_17-0-2E337-3.cds.fa_05524	Rhodotorula_mucilaginosa_TFCN_17-0-2E337-3.cds.fa_06883	NaN	NaN	NaN	NaN	NaN	NaN	NaN	NaN	TFCN1702E3373_005591-T1	TFCN1702E3373_006968-T1
TFCN1702E3373_000165-T1__TFCN1702E3373_005591-T1	NaN	NaN	NaN	NaN	NaN	NaN	NaN	NaN	GF00000006	Rhodotorula_mucilaginosa_TFCN_17-0-2E337-3.cds.fa_05524	Rhodotorula_mucilaginosa_TFCN_17-0-2E337-3.cds.fa_00162	NaN	NaN	NaN	NaN	NaN	NaN	NaN	NaN	TFCN1702E3373_005591-T1	TFCN1702E3373_000165-T1
TFCN1702E3373_005591-T1__TFCN1702E3373_013886-T1	NaN	NaN	NaN	NaN	NaN	NaN	NaN	NaN	GF00000006	Rhodotorula_mucilaginosa_TFCN_17-0-2E337-3.cds.fa_05524	Rhodotorula_mucilaginosa_TFCN_17-0-2E337-3.cds.fa_13685	NaN	NaN	NaN	NaN	NaN	NaN	NaN	NaN	TFCN1702E3373_005591-T1	TFCN1702E3373_013886-T1
TFCN1702E3373_005200-T1__TFCN1702E3373_005591-T1	NaN	NaN	NaN	NaN	NaN	NaN	NaN	NaN	GF00000006	Rhodotorula_mucilaginosa_TFCN_17-0-2E337-3.cds.fa_05524	Rhodotorula_mucilaginosa_TFCN_17-0-2E337-3.cds.fa_05137	NaN	NaN	NaN	NaN	NaN	NaN	NaN	NaN	TFCN1702E3373_005591-T1	TFCN1702E3373_005200-T1
TFCN1702E3373_003536-T1__TFCN1702E3373_005591-T1	NaN	NaN	NaN	NaN	NaN	NaN	NaN	NaN	GF00000006	Rhodotorula_mucilaginosa_TFCN_17-0-2E337-3.cds.fa_05524	Rhodotorula_mucilaginosa_TFCN_17-0-2E337-3.cds.fa_03491	NaN	NaN	NaN	NaN	NaN	NaN	NaN	NaN	TFCN1702E3373_005591-T1	TFCN1702E3373_003536-T1
TFCN1702E3373_005591-T1__TFCN1702E3373_014747-T1	NaN	NaN	NaN	NaN	NaN	NaN	NaN	NaN	GF00000006	Rhodotorula_mucilaginosa_TFCN_17-0-2E337-3.cds.fa_05524	Rhodotorula_mucilaginosa_TFCN_17-0-2E337-3.cds.fa_14518	NaN	NaN	NaN	NaN	NaN	NaN	NaN	NaN	TFCN1702E3373_005591-T1	TFCN1702E3373_014747-T1
TFCN1702E3373_005591-T1__TFCN1702E3373_011855-T1	NaN	NaN	NaN	NaN	NaN	NaN	NaN	NaN	GF00000006	Rhodotorula_mucilaginosa_TFCN_17-0-2E337-3.cds.fa_05524	Rhodotorula_mucilaginosa_TFCN_17-0-2E337-3.cds.fa_11702	NaN	NaN	NaN	NaN	NaN	NaN	NaN	NaN	TFCN1702E3373_005591-T1	TFCN1702E3373_011855-T1
TFCN1702E3373_005591-T1__TFCN1702E3373_012203-T1	NaN	NaN	NaN	NaN	NaN	NaN	NaN	NaN	GF00000006	Rhodotorula_mucilaginosa_TFCN_17-0-2E337-3.cds.fa_05524	Rhodotorula_mucilaginosa_TFCN_17-0-2E337-3.cds.fa_12038	NaN	NaN	NaN	NaN	NaN	NaN	NaN	NaN	TFCN1702E3373_005591-T1	TFCN1702E3373_012203-T1
TFCN1702E3373_006218-T1__TFCN1702E3373_009429-T1	NaN	NaN	NaN	NaN	NaN	NaN	NaN	NaN	GF00000006	Rhodotorula_mucilaginosa_TFCN_17-0-2E337-3.cds.fa_06148	Rhodotorula_mucilaginosa_TFCN_17-0-2E337-3.cds.fa_09311	NaN	NaN	NaN	NaN	NaN	NaN	NaN	NaN	TFCN1702E3373_006218-T1	TFCN1702E3373_009429-T1
TFCN1702E3373_003093-T1__TFCN1702E3373_006218-T1	NaN	NaN	NaN	NaN	NaN	NaN	NaN	NaN	GF00000006	Rhodotorula_mucilaginosa_TFCN_17-0-2E337-3.cds.fa_06148	Rhodotorula_mucilaginosa_TFCN_17-0-2E337-3.cds.fa_03051	NaN	NaN	NaN	NaN	NaN	NaN	NaN	NaN	TFCN1702E3373_006218-T1	TFCN1702E3373_003093-T1
TFCN1702E3373_006218-T1__TFCN1702E3373_007429-T1	NaN	NaN	NaN	NaN	NaN	NaN	NaN	NaN	GF00000006	Rhodotorula_mucilaginosa_TFCN_17-0-2E337-3.cds.fa_06148	Rhodotorula_mucilaginosa_TFCN_17-0-2E337-3.cds.fa_07343	NaN	NaN	NaN	NaN	NaN	NaN	NaN	NaN	TFCN1702E3373_006218-T1	TFCN1702E3373_007429-T1
TFCN1702E3373_001365-T1__TFCN1702E3373_006218-T1	NaN	NaN	NaN	NaN	NaN	NaN	NaN	NaN	GF00000006	Rhodotorula_mucilaginosa_TFCN_17-0-2E337-3.cds.fa_06148	Rhodotorula_mucilaginosa_TFCN_17-0-2E337-3.cds.fa_01355	NaN	NaN	NaN	NaN	NaN	NaN	NaN	NaN	TFCN1702E3373_006218-T1	TFCN1702E3373_001365-T1
TFCN1702E3373_006218-T1__TFCN1702E3373_007434-T1	NaN	NaN	NaN	NaN	NaN	NaN	NaN	NaN	GF00000006	Rhodotorula_mucilaginosa_TFCN_17-0-2E337-3.cds.fa_06148	Rhodotorula_mucilaginosa_TFCN_17-0-2E337-3.cds.fa_07348	NaN	NaN	NaN	NaN	NaN	NaN	NaN	NaN	TFCN1702E3373_006218-T1	TFCN1702E3373_007434-T1
TFCN1702E3373_006218-T1__TFCN1702E3373_010364-T1	NaN	NaN	NaN	NaN	NaN	NaN	NaN	NaN	GF00000006	Rhodotorula_mucilaginosa_TFCN_17-0-2E337-3.cds.fa_06148	Rhodotorula_mucilaginosa_TFCN_17-0-2E337-3.cds.fa_10240	NaN	NaN	NaN	NaN	NaN	NaN	NaN	NaN	TFCN1702E3373_006218-T1	TFCN1702E3373_010364-T1
TFCN1702E3373_006218-T1__TFCN1702E3373_010369-T1	NaN	NaN	NaN	NaN	NaN	NaN	NaN	NaN	GF00000006	Rhodotorula_mucilaginosa_TFCN_17-0-2E337-3.cds.fa_06148	Rhodotorula_mucilaginosa_TFCN_17-0-2E337-3.cds.fa_10245	NaN	NaN	NaN	NaN	NaN	NaN	NaN	NaN	TFCN1702E3373_006218-T1	TFCN1702E3373_010369-T1
TFCN1702E3373_006218-T1__TFCN1702E3373_013516-T1	NaN	NaN	NaN	NaN	NaN	NaN	NaN	NaN	GF00000006	Rhodotorula_mucilaginosa_TFCN_17-0-2E337-3.cds.fa_06148	Rhodotorula_mucilaginosa_TFCN_17-0-2E337-3.cds.fa_13325	NaN	NaN	NaN	NaN	NaN	NaN	NaN	NaN	TFCN1702E3373_006218-T1	TFCN1702E3373_013516-T1
TFCN1702E3373_006218-T1__TFCN1702E3373_014613-T1	NaN	NaN	NaN	NaN	NaN	NaN	NaN	NaN	GF00000006	Rhodotorula_mucilaginosa_TFCN_17-0-2E337-3.cds.fa_06148	Rhodotorula_mucilaginosa_TFCN_17-0-2E337-3.cds.fa_14395	NaN	NaN	NaN	NaN	NaN	NaN	NaN	NaN	TFCN1702E3373_006218-T1	TFCN1702E3373_014613-T1
TFCN1702E3373_006218-T1__TFCN1702E3373_010050-T1	NaN	NaN	NaN	NaN	NaN	NaN	NaN	NaN	GF00000006	Rhodotorula_mucilaginosa_TFCN_17-0-2E337-3.cds.fa_06148	Rhodotorula_mucilaginosa_TFCN_17-0-2E337-3.cds.fa_09929	NaN	NaN	NaN	NaN	NaN	NaN	NaN	NaN	TFCN1702E3373_006218-T1	TFCN1702E3373_010050-T1
TFCN1702E3373_000037-T1__TFCN1702E3373_006218-T1	NaN	NaN	NaN	NaN	NaN	NaN	NaN	NaN	GF00000006	Rhodotorula_mucilaginosa_TFCN_17-0-2E337-3.cds.fa_06148	Rhodotorula_mucilaginosa_TFCN_17-0-2E337-3.cds.fa_00036	NaN	NaN	NaN	NaN	NaN	NaN	NaN	NaN	TFCN1702E3373_006218-T1	TFCN1702E3373_000037-T1
TFCN1702E3373_006218-T1__TFCN1702E3373_006968-T1	NaN	NaN	NaN	NaN	NaN	NaN	NaN	NaN	GF00000006	Rhodotorula_mucilaginosa_TFCN_17-0-2E337-3.cds.fa_06148	Rhodotorula_mucilaginosa_TFCN_17-0-2E337-3.cds.fa_06883	NaN	NaN	NaN	NaN	NaN	NaN	NaN	NaN	TFCN1702E3373_006218-T1	TFCN1702E3373_006968-T1
TFCN1702E3373_000165-T1__TFCN1702E3373_006218-T1	NaN	NaN	NaN	NaN	NaN	NaN	NaN	NaN	GF00000006	Rhodotorula_mucilaginosa_TFCN_17-0-2E337-3.cds.fa_06148	Rhodotorula_mucilaginosa_TFCN_17-0-2E337-3.cds.fa_00162	NaN	NaN	NaN	NaN	NaN	NaN	NaN	NaN	TFCN1702E3373_006218-T1	TFCN1702E3373_000165-T1
TFCN1702E3373_006218-T1__TFCN1702E3373_013886-T1	NaN	NaN	NaN	NaN	NaN	NaN	NaN	NaN	GF00000006	Rhodotorula_mucilaginosa_TFCN_17-0-2E337-3.cds.fa_06148	Rhodotorula_mucilaginosa_TFCN_17-0-2E337-3.cds.fa_13685	NaN	NaN	NaN	NaN	NaN	NaN	NaN	NaN	TFCN1702E3373_006218-T1	TFCN1702E3373_013886-T1
TFCN1702E3373_005200-T1__TFCN1702E3373_006218-T1	NaN	NaN	NaN	NaN	NaN	NaN	NaN	NaN	GF00000006	Rhodotorula_mucilaginosa_TFCN_17-0-2E337-3.cds.fa_06148	Rhodotorula_mucilaginosa_TFCN_17-0-2E337-3.cds.fa_05137	NaN	NaN	NaN	NaN	NaN	NaN	NaN	NaN	TFCN1702E3373_006218-T1	TFCN1702E3373_005200-T1
TFCN1702E3373_003536-T1__TFCN1702E3373_006218-T1	NaN	NaN	NaN	NaN	NaN	NaN	NaN	NaN	GF00000006	Rhodotorula_mucilaginosa_TFCN_17-0-2E337-3.cds.fa_06148	Rhodotorula_mucilaginosa_TFCN_17-0-2E337-3.cds.fa_03491	NaN	NaN	NaN	NaN	NaN	NaN	NaN	NaN	TFCN1702E3373_006218-T1	TFCN1702E3373_003536-T1
TFCN1702E3373_006218-T1__TFCN1702E3373_014747-T1	NaN	NaN	NaN	NaN	NaN	NaN	NaN	NaN	GF00000006	Rhodotorula_mucilaginosa_TFCN_17-0-2E337-3.cds.fa_06148	Rhodotorula_mucilaginosa_TFCN_17-0-2E337-3.cds.fa_14518	NaN	NaN	NaN	NaN	NaN	NaN	NaN	NaN	TFCN1702E3373_006218-T1	TFCN1702E3373_014747-T1
TFCN1702E3373_006218-T1__TFCN1702E3373_011855-T1	NaN	NaN	NaN	NaN	NaN	NaN	NaN	NaN	GF00000006	Rhodotorula_mucilaginosa_TFCN_17-0-2E337-3.cds.fa_06148	Rhodotorula_mucilaginosa_TFCN_17-0-2E337-3.cds.fa_11702	NaN	NaN	NaN	NaN	NaN	NaN	NaN	NaN	TFCN1702E3373_006218-T1	TFCN1702E3373_011855-T1
TFCN1702E3373_006218-T1__TFCN1702E3373_012203-T1	NaN	NaN	NaN	NaN	NaN	NaN	NaN	NaN	GF00000006	Rhodotorula_mucilaginosa_TFCN_17-0-2E337-3.cds.fa_06148	Rhodotorula_mucilaginosa_TFCN_17-0-2E337-3.cds.fa_12038	NaN	NaN	NaN	NaN	NaN	NaN	NaN	NaN	TFCN1702E3373_006218-T1	TFCN1702E3373_012203-T1
TFCN1702E3373_003093-T1__TFCN1702E3373_009429-T1	NaN	NaN	NaN	NaN	NaN	NaN	NaN	NaN	GF00000006	Rhodotorula_mucilaginosa_TFCN_17-0-2E337-3.cds.fa_09311	Rhodotorula_mucilaginosa_TFCN_17-0-2E337-3.cds.fa_03051	NaN	NaN	NaN	NaN	NaN	NaN	NaN	NaN	TFCN1702E3373_009429-T1	TFCN1702E3373_003093-T1
TFCN1702E3373_007429-T1__TFCN1702E3373_009429-T1	NaN	NaN	NaN	NaN	NaN	NaN	NaN	NaN	GF00000006	Rhodotorula_mucilaginosa_TFCN_17-0-2E337-3.cds.fa_09311	Rhodotorula_mucilaginosa_TFCN_17-0-2E337-3.cds.fa_07343	NaN	NaN	NaN	NaN	NaN	NaN	NaN	NaN	TFCN1702E3373_009429-T1	TFCN1702E3373_007429-T1
TFCN1702E3373_001365-T1__TFCN1702E3373_009429-T1	NaN	NaN	NaN	NaN	NaN	NaN	NaN	NaN	GF00000006	Rhodotorula_mucilaginosa_TFCN_17-0-2E337-3.cds.fa_09311	Rhodotorula_mucilaginosa_TFCN_17-0-2E337-3.cds.fa_01355	NaN	NaN	NaN	NaN	NaN	NaN	NaN	NaN	TFCN1702E3373_009429-T1	TFCN1702E3373_001365-T1
TFCN1702E3373_007434-T1__TFCN1702E3373_009429-T1	NaN	NaN	NaN	NaN	NaN	NaN	NaN	NaN	GF00000006	Rhodotorula_mucilaginosa_TFCN_17-0-2E337-3.cds.fa_09311	Rhodotorula_mucilaginosa_TFCN_17-0-2E337-3.cds.fa_07348	NaN	NaN	NaN	NaN	NaN	NaN	NaN	NaN	TFCN1702E3373_009429-T1	TFCN1702E3373_007434-T1
TFCN1702E3373_009429-T1__TFCN1702E3373_010364-T1	NaN	NaN	NaN	NaN	NaN	NaN	NaN	NaN	GF00000006	Rhodotorula_mucilaginosa_TFCN_17-0-2E337-3.cds.fa_09311	Rhodotorula_mucilaginosa_TFCN_17-0-2E337-3.cds.fa_10240	NaN	NaN	NaN	NaN	NaN	NaN	NaN	NaN	TFCN1702E3373_009429-T1	TFCN1702E3373_010364-T1
TFCN1702E3373_009429-T1__TFCN1702E3373_010369-T1	NaN	NaN	NaN	NaN	NaN	NaN	NaN	NaN	GF00000006	Rhodotorula_mucilaginosa_TFCN_17-0-2E337-3.cds.fa_09311	Rhodotorula_mucilaginosa_TFCN_17-0-2E337-3.cds.fa_10245	NaN	NaN	NaN	NaN	NaN	NaN	NaN	NaN	TFCN1702E3373_009429-T1	TFCN1702E3373_010369-T1
TFCN1702E3373_009429-T1__TFCN1702E3373_013516-T1	NaN	NaN	NaN	NaN	NaN	NaN	NaN	NaN	GF00000006	Rhodotorula_mucilaginosa_TFCN_17-0-2E337-3.cds.fa_09311	Rhodotorula_mucilaginosa_TFCN_17-0-2E337-3.cds.fa_13325	NaN	NaN	NaN	NaN	NaN	NaN	NaN	NaN	TFCN1702E3373_009429-T1	TFCN1702E3373_013516-T1
TFCN1702E3373_009429-T1__TFCN1702E3373_014613-T1	NaN	NaN	NaN	NaN	NaN	NaN	NaN	NaN	GF00000006	Rhodotorula_mucilaginosa_TFCN_17-0-2E337-3.cds.fa_09311	Rhodotorula_mucilaginosa_TFCN_17-0-2E337-3.cds.fa_14395	NaN	NaN	NaN	NaN	NaN	NaN	NaN	NaN	TFCN1702E3373_009429-T1	TFCN1702E3373_014613-T1
TFCN1702E3373_009429-T1__TFCN1702E3373_010050-T1	NaN	NaN	NaN	NaN	NaN	NaN	NaN	NaN	GF00000006	Rhodotorula_mucilaginosa_TFCN_17-0-2E337-3.cds.fa_09311	Rhodotorula_mucilaginosa_TFCN_17-0-2E337-3.cds.fa_09929	NaN	NaN	NaN	NaN	NaN	NaN	NaN	NaN	TFCN1702E3373_009429-T1	TFCN1702E3373_010050-T1
TFCN1702E3373_000037-T1__TFCN1702E3373_009429-T1	NaN	NaN	NaN	NaN	NaN	NaN	NaN	NaN	GF00000006	Rhodotorula_mucilaginosa_TFCN_17-0-2E337-3.cds.fa_09311	Rhodotorula_mucilaginosa_TFCN_17-0-2E337-3.cds.fa_00036	NaN	NaN	NaN	NaN	NaN	NaN	NaN	NaN	TFCN1702E3373_009429-T1	TFCN1702E3373_000037-T1
TFCN1702E3373_006968-T1__TFCN1702E3373_009429-T1	NaN	NaN	NaN	NaN	NaN	NaN	NaN	NaN	GF00000006	Rhodotorula_mucilaginosa_TFCN_17-0-2E337-3.cds.fa_09311	Rhodotorula_mucilaginosa_TFCN_17-0-2E337-3.cds.fa_06883	NaN	NaN	NaN	NaN	NaN	NaN	NaN	NaN	TFCN1702E3373_009429-T1	TFCN1702E3373_006968-T1
TFCN1702E3373_000165-T1__TFCN1702E3373_009429-T1	NaN	NaN	NaN	NaN	NaN	NaN	NaN	NaN	GF00000006	Rhodotorula_mucilaginosa_TFCN_17-0-2E337-3.cds.fa_09311	Rhodotorula_mucilaginosa_TFCN_17-0-2E337-3.cds.fa_00162	NaN	NaN	NaN	NaN	NaN	NaN	NaN	NaN	TFCN1702E3373_009429-T1	TFCN1702E3373_000165-T1
TFCN1702E3373_009429-T1__TFCN1702E3373_013886-T1	NaN	NaN	NaN	NaN	NaN	NaN	NaN	NaN	GF00000006	Rhodotorula_mucilaginosa_TFCN_17-0-2E337-3.cds.fa_09311	Rhodotorula_mucilaginosa_TFCN_17-0-2E337-3.cds.fa_13685	NaN	NaN	NaN	NaN	NaN	NaN	NaN	NaN	TFCN1702E3373_009429-T1	TFCN1702E3373_013886-T1
TFCN1702E3373_005200-T1__TFCN1702E3373_009429-T1	NaN	NaN	NaN	NaN	NaN	NaN	NaN	NaN	GF00000006	Rhodotorula_mucilaginosa_TFCN_17-0-2E337-3.cds.fa_09311	Rhodotorula_mucilaginosa_TFCN_17-0-2E337-3.cds.fa_05137	NaN	NaN	NaN	NaN	NaN	NaN	NaN	NaN	TFCN1702E3373_009429-T1	TFCN1702E3373_005200-T1
TFCN1702E3373_003536-T1__TFCN1702E3373_009429-T1	NaN	NaN	NaN	NaN	NaN	NaN	NaN	NaN	GF00000006	Rhodotorula_mucilaginosa_TFCN_17-0-2E337-3.cds.fa_09311	Rhodotorula_mucilaginosa_TFCN_17-0-2E337-3.cds.fa_03491	NaN	NaN	NaN	NaN	NaN	NaN	NaN	NaN	TFCN1702E3373_009429-T1	TFCN1702E3373_003536-T1
TFCN1702E3373_009429-T1__TFCN1702E3373_014747-T1	NaN	NaN	NaN	NaN	NaN	NaN	NaN	NaN	GF00000006	Rhodotorula_mucilaginosa_TFCN_17-0-2E337-3.cds.fa_09311	Rhodotorula_mucilaginosa_TFCN_17-0-2E337-3.cds.fa_14518	NaN	NaN	NaN	NaN	NaN	NaN	NaN	NaN	TFCN1702E3373_009429-T1	TFCN1702E3373_014747-T1
TFCN1702E3373_009429-T1__TFCN1702E3373_011855-T1	NaN	NaN	NaN	NaN	NaN	NaN	NaN	NaN	GF00000006	Rhodotorula_mucilaginosa_TFCN_17-0-2E337-3.cds.fa_09311	Rhodotorula_mucilaginosa_TFCN_17-0-2E337-3.cds.fa_11702	NaN	NaN	NaN	NaN	NaN	NaN	NaN	NaN	TFCN1702E3373_009429-T1	TFCN1702E3373_011855-T1
TFCN1702E3373_009429-T1__TFCN1702E3373_012203-T1	NaN	NaN	NaN	NaN	NaN	NaN	NaN	NaN	GF00000006	Rhodotorula_mucilaginosa_TFCN_17-0-2E337-3.cds.fa_09311	Rhodotorula_mucilaginosa_TFCN_17-0-2E337-3.cds.fa_12038	NaN	NaN	NaN	NaN	NaN	NaN	NaN	NaN	TFCN1702E3373_009429-T1	TFCN1702E3373_012203-T1
TFCN1702E3373_003093-T1__TFCN1702E3373_007429-T1	NaN	NaN	NaN	NaN	NaN	NaN	NaN	NaN	GF00000006	Rhodotorula_mucilaginosa_TFCN_17-0-2E337-3.cds.fa_03051	Rhodotorula_mucilaginosa_TFCN_17-0-2E337-3.cds.fa_07343	NaN	NaN	NaN	NaN	NaN	NaN	NaN	NaN	TFCN1702E3373_003093-T1	TFCN1702E3373_007429-T1
TFCN1702E3373_001365-T1__TFCN1702E3373_003093-T1	NaN	NaN	NaN	NaN	NaN	NaN	NaN	NaN	GF00000006	Rhodotorula_mucilaginosa_TFCN_17-0-2E337-3.cds.fa_03051	Rhodotorula_mucilaginosa_TFCN_17-0-2E337-3.cds.fa_01355	NaN	NaN	NaN	NaN	NaN	NaN	NaN	NaN	TFCN1702E3373_003093-T1	TFCN1702E3373_001365-T1
TFCN1702E3373_003093-T1__TFCN1702E3373_007434-T1	NaN	NaN	NaN	NaN	NaN	NaN	NaN	NaN	GF00000006	Rhodotorula_mucilaginosa_TFCN_17-0-2E337-3.cds.fa_03051	Rhodotorula_mucilaginosa_TFCN_17-0-2E337-3.cds.fa_07348	NaN	NaN	NaN	NaN	NaN	NaN	NaN	NaN	TFCN1702E3373_003093-T1	TFCN1702E3373_007434-T1
TFCN1702E3373_003093-T1__TFCN1702E3373_010364-T1	NaN	NaN	NaN	NaN	NaN	NaN	NaN	NaN	GF00000006	Rhodotorula_mucilaginosa_TFCN_17-0-2E337-3.cds.fa_03051	Rhodotorula_mucilaginosa_TFCN_17-0-2E337-3.cds.fa_10240	NaN	NaN	NaN	NaN	NaN	NaN	NaN	NaN	TFCN1702E3373_003093-T1	TFCN1702E3373_010364-T1
TFCN1702E3373_003093-T1__TFCN1702E3373_010369-T1	NaN	NaN	NaN	NaN	NaN	NaN	NaN	NaN	GF00000006	Rhodotorula_mucilaginosa_TFCN_17-0-2E337-3.cds.fa_03051	Rhodotorula_mucilaginosa_TFCN_17-0-2E337-3.cds.fa_10245	NaN	NaN	NaN	NaN	NaN	NaN	NaN	NaN	TFCN1702E3373_003093-T1	TFCN1702E3373_010369-T1
TFCN1702E3373_003093-T1__TFCN1702E3373_013516-T1	NaN	NaN	NaN	NaN	NaN	NaN	NaN	NaN	GF00000006	Rhodotorula_mucilaginosa_TFCN_17-0-2E337-3.cds.fa_03051	Rhodotorula_mucilaginosa_TFCN_17-0-2E337-3.cds.fa_13325	NaN	NaN	NaN	NaN	NaN	NaN	NaN	NaN	TFCN1702E3373_003093-T1	TFCN1702E3373_013516-T1
TFCN1702E3373_003093-T1__TFCN1702E3373_014613-T1	NaN	NaN	NaN	NaN	NaN	NaN	NaN	NaN	GF00000006	Rhodotorula_mucilaginosa_TFCN_17-0-2E337-3.cds.fa_03051	Rhodotorula_mucilaginosa_TFCN_17-0-2E337-3.cds.fa_14395	NaN	NaN	NaN	NaN	NaN	NaN	NaN	NaN	TFCN1702E3373_003093-T1	TFCN1702E3373_014613-T1
TFCN1702E3373_003093-T1__TFCN1702E3373_010050-T1	NaN	NaN	NaN	NaN	NaN	NaN	NaN	NaN	GF00000006	Rhodotorula_mucilaginosa_TFCN_17-0-2E337-3.cds.fa_03051	Rhodotorula_mucilaginosa_TFCN_17-0-2E337-3.cds.fa_09929	NaN	NaN	NaN	NaN	NaN	NaN	NaN	NaN	TFCN1702E3373_003093-T1	TFCN1702E3373_010050-T1
TFCN1702E3373_000037-T1__TFCN1702E3373_003093-T1	NaN	NaN	NaN	NaN	NaN	NaN	NaN	NaN	GF00000006	Rhodotorula_mucilaginosa_TFCN_17-0-2E337-3.cds.fa_03051	Rhodotorula_mucilaginosa_TFCN_17-0-2E337-3.cds.fa_00036	NaN	NaN	NaN	NaN	NaN	NaN	NaN	NaN	TFCN1702E3373_003093-T1	TFCN1702E3373_000037-T1
TFCN1702E3373_003093-T1__TFCN1702E3373_006968-T1	NaN	NaN	NaN	NaN	NaN	NaN	NaN	NaN	GF00000006	Rhodotorula_mucilaginosa_TFCN_17-0-2E337-3.cds.fa_03051	Rhodotorula_mucilaginosa_TFCN_17-0-2E337-3.cds.fa_06883	NaN	NaN	NaN	NaN	NaN	NaN	NaN	NaN	TFCN1702E3373_003093-T1	TFCN1702E3373_006968-T1
TFCN1702E3373_000165-T1__TFCN1702E3373_003093-T1	NaN	NaN	NaN	NaN	NaN	NaN	NaN	NaN	GF00000006	Rhodotorula_mucilaginosa_TFCN_17-0-2E337-3.cds.fa_03051	Rhodotorula_mucilaginosa_TFCN_17-0-2E337-3.cds.fa_00162	NaN	NaN	NaN	NaN	NaN	NaN	NaN	NaN	TFCN1702E3373_003093-T1	TFCN1702E3373_000165-T1
TFCN1702E3373_003093-T1__TFCN1702E3373_013886-T1	NaN	NaN	NaN	NaN	NaN	NaN	NaN	NaN	GF00000006	Rhodotorula_mucilaginosa_TFCN_17-0-2E337-3.cds.fa_03051	Rhodotorula_mucilaginosa_TFCN_17-0-2E337-3.cds.fa_13685	NaN	NaN	NaN	NaN	NaN	NaN	NaN	NaN	TFCN1702E3373_003093-T1	TFCN1702E3373_013886-T1
TFCN1702E3373_003093-T1__TFCN1702E3373_005200-T1	NaN	NaN	NaN	NaN	NaN	NaN	NaN	NaN	GF00000006	Rhodotorula_mucilaginosa_TFCN_17-0-2E337-3.cds.fa_03051	Rhodotorula_mucilaginosa_TFCN_17-0-2E337-3.cds.fa_05137	NaN	NaN	NaN	NaN	NaN	NaN	NaN	NaN	TFCN1702E3373_003093-T1	TFCN1702E3373_005200-T1
TFCN1702E3373_003093-T1__TFCN1702E3373_003536-T1	NaN	NaN	NaN	NaN	NaN	NaN	NaN	NaN	GF00000006	Rhodotorula_mucilaginosa_TFCN_17-0-2E337-3.cds.fa_03051	Rhodotorula_mucilaginosa_TFCN_17-0-2E337-3.cds.fa_03491	NaN	NaN	NaN	NaN	NaN	NaN	NaN	NaN	TFCN1702E3373_003093-T1	TFCN1702E3373_003536-T1
TFCN1702E3373_003093-T1__TFCN1702E3373_014747-T1	NaN	NaN	NaN	NaN	NaN	NaN	NaN	NaN	GF00000006	Rhodotorula_mucilaginosa_TFCN_17-0-2E337-3.cds.fa_03051	Rhodotorula_mucilaginosa_TFCN_17-0-2E337-3.cds.fa_14518	NaN	NaN	NaN	NaN	NaN	NaN	NaN	NaN	TFCN1702E3373_003093-T1	TFCN1702E3373_014747-T1
TFCN1702E3373_003093-T1__TFCN1702E3373_011855-T1	NaN	NaN	NaN	NaN	NaN	NaN	NaN	NaN	GF00000006	Rhodotorula_mucilaginosa_TFCN_17-0-2E337-3.cds.fa_03051	Rhodotorula_mucilaginosa_TFCN_17-0-2E337-3.cds.fa_11702	NaN	NaN	NaN	NaN	NaN	NaN	NaN	NaN	TFCN1702E3373_003093-T1	TFCN1702E3373_011855-T1
TFCN1702E3373_003093-T1__TFCN1702E3373_012203-T1	NaN	NaN	NaN	NaN	NaN	NaN	NaN	NaN	GF00000006	Rhodotorula_mucilaginosa_TFCN_17-0-2E337-3.cds.fa_03051	Rhodotorula_mucilaginosa_TFCN_17-0-2E337-3.cds.fa_12038	NaN	NaN	NaN	NaN	NaN	NaN	NaN	NaN	TFCN1702E3373_003093-T1	TFCN1702E3373_012203-T1
TFCN1702E3373_001365-T1__TFCN1702E3373_007429-T1	NaN	NaN	NaN	NaN	NaN	NaN	NaN	NaN	GF00000006	Rhodotorula_mucilaginosa_TFCN_17-0-2E337-3.cds.fa_07343	Rhodotorula_mucilaginosa_TFCN_17-0-2E337-3.cds.fa_01355	NaN	NaN	NaN	NaN	NaN	NaN	NaN	NaN	TFCN1702E3373_007429-T1	TFCN1702E3373_001365-T1
TFCN1702E3373_007429-T1__TFCN1702E3373_007434-T1	NaN	NaN	NaN	NaN	NaN	NaN	NaN	NaN	GF00000006	Rhodotorula_mucilaginosa_TFCN_17-0-2E337-3.cds.fa_07343	Rhodotorula_mucilaginosa_TFCN_17-0-2E337-3.cds.fa_07348	NaN	NaN	NaN	NaN	NaN	NaN	NaN	NaN	TFCN1702E3373_007429-T1	TFCN1702E3373_007434-T1
TFCN1702E3373_007429-T1__TFCN1702E3373_010364-T1	NaN	NaN	NaN	NaN	NaN	NaN	NaN	NaN	GF00000006	Rhodotorula_mucilaginosa_TFCN_17-0-2E337-3.cds.fa_07343	Rhodotorula_mucilaginosa_TFCN_17-0-2E337-3.cds.fa_10240	NaN	NaN	NaN	NaN	NaN	NaN	NaN	NaN	TFCN1702E3373_007429-T1	TFCN1702E3373_010364-T1
TFCN1702E3373_007429-T1__TFCN1702E3373_010369-T1	NaN	NaN	NaN	NaN	NaN	NaN	NaN	NaN	GF00000006	Rhodotorula_mucilaginosa_TFCN_17-0-2E337-3.cds.fa_07343	Rhodotorula_mucilaginosa_TFCN_17-0-2E337-3.cds.fa_10245	NaN	NaN	NaN	NaN	NaN	NaN	NaN	NaN	TFCN1702E3373_007429-T1	TFCN1702E3373_010369-T1
TFCN1702E3373_007429-T1__TFCN1702E3373_013516-T1	NaN	NaN	NaN	NaN	NaN	NaN	NaN	NaN	GF00000006	Rhodotorula_mucilaginosa_TFCN_17-0-2E337-3.cds.fa_07343	Rhodotorula_mucilaginosa_TFCN_17-0-2E337-3.cds.fa_13325	NaN	NaN	NaN	NaN	NaN	NaN	NaN	NaN	TFCN1702E3373_007429-T1	TFCN1702E3373_013516-T1
TFCN1702E3373_007429-T1__TFCN1702E3373_014613-T1	NaN	NaN	NaN	NaN	NaN	NaN	NaN	NaN	GF00000006	Rhodotorula_mucilaginosa_TFCN_17-0-2E337-3.cds.fa_07343	Rhodotorula_mucilaginosa_TFCN_17-0-2E337-3.cds.fa_14395	NaN	NaN	NaN	NaN	NaN	NaN	NaN	NaN	TFCN1702E3373_007429-T1	TFCN1702E3373_014613-T1
TFCN1702E3373_007429-T1__TFCN1702E3373_010050-T1	NaN	NaN	NaN	NaN	NaN	NaN	NaN	NaN	GF00000006	Rhodotorula_mucilaginosa_TFCN_17-0-2E337-3.cds.fa_07343	Rhodotorula_mucilaginosa_TFCN_17-0-2E337-3.cds.fa_09929	NaN	NaN	NaN	NaN	NaN	NaN	NaN	NaN	TFCN1702E3373_007429-T1	TFCN1702E3373_010050-T1
TFCN1702E3373_000037-T1__TFCN1702E3373_007429-T1	NaN	NaN	NaN	NaN	NaN	NaN	NaN	NaN	GF00000006	Rhodotorula_mucilaginosa_TFCN_17-0-2E337-3.cds.fa_07343	Rhodotorula_mucilaginosa_TFCN_17-0-2E337-3.cds.fa_00036	NaN	NaN	NaN	NaN	NaN	NaN	NaN	NaN	TFCN1702E3373_007429-T1	TFCN1702E3373_000037-T1
TFCN1702E3373_006968-T1__TFCN1702E3373_007429-T1	NaN	NaN	NaN	NaN	NaN	NaN	NaN	NaN	GF00000006	Rhodotorula_mucilaginosa_TFCN_17-0-2E337-3.cds.fa_07343	Rhodotorula_mucilaginosa_TFCN_17-0-2E337-3.cds.fa_06883	NaN	NaN	NaN	NaN	NaN	NaN	NaN	NaN	TFCN1702E3373_007429-T1	TFCN1702E3373_006968-T1
TFCN1702E3373_000165-T1__TFCN1702E3373_007429-T1	NaN	NaN	NaN	NaN	NaN	NaN	NaN	NaN	GF00000006	Rhodotorula_mucilaginosa_TFCN_17-0-2E337-3.cds.fa_07343	Rhodotorula_mucilaginosa_TFCN_17-0-2E337-3.cds.fa_00162	NaN	NaN	NaN	NaN	NaN	NaN	NaN	NaN	TFCN1702E3373_007429-T1	TFCN1702E3373_000165-T1
TFCN1702E3373_007429-T1__TFCN1702E3373_013886-T1	NaN	NaN	NaN	NaN	NaN	NaN	NaN	NaN	GF00000006	Rhodotorula_mucilaginosa_TFCN_17-0-2E337-3.cds.fa_07343	Rhodotorula_mucilaginosa_TFCN_17-0-2E337-3.cds.fa_13685	NaN	NaN	NaN	NaN	NaN	NaN	NaN	NaN	TFCN1702E3373_007429-T1	TFCN1702E3373_013886-T1
TFCN1702E3373_005200-T1__TFCN1702E3373_007429-T1	NaN	NaN	NaN	NaN	NaN	NaN	NaN	NaN	GF00000006	Rhodotorula_mucilaginosa_TFCN_17-0-2E337-3.cds.fa_07343	Rhodotorula_mucilaginosa_TFCN_17-0-2E337-3.cds.fa_05137	NaN	NaN	NaN	NaN	NaN	NaN	NaN	NaN	TFCN1702E3373_007429-T1	TFCN1702E3373_005200-T1
TFCN1702E3373_003536-T1__TFCN1702E3373_007429-T1	NaN	NaN	NaN	NaN	NaN	NaN	NaN	NaN	GF00000006	Rhodotorula_mucilaginosa_TFCN_17-0-2E337-3.cds.fa_07343	Rhodotorula_mucilaginosa_TFCN_17-0-2E337-3.cds.fa_03491	NaN	NaN	NaN	NaN	NaN	NaN	NaN	NaN	TFCN1702E3373_007429-T1	TFCN1702E3373_003536-T1
TFCN1702E3373_007429-T1__TFCN1702E3373_014747-T1	NaN	NaN	NaN	NaN	NaN	NaN	NaN	NaN	GF00000006	Rhodotorula_mucilaginosa_TFCN_17-0-2E337-3.cds.fa_07343	Rhodotorula_mucilaginosa_TFCN_17-0-2E337-3.cds.fa_14518	NaN	NaN	NaN	NaN	NaN	NaN	NaN	NaN	TFCN1702E3373_007429-T1	TFCN1702E3373_014747-T1
TFCN1702E3373_007429-T1__TFCN1702E3373_011855-T1	NaN	NaN	NaN	NaN	NaN	NaN	NaN	NaN	GF00000006	Rhodotorula_mucilaginosa_TFCN_17-0-2E337-3.cds.fa_07343	Rhodotorula_mucilaginosa_TFCN_17-0-2E337-3.cds.fa_11702	NaN	NaN	NaN	NaN	NaN	NaN	NaN	NaN	TFCN1702E3373_007429-T1	TFCN1702E3373_011855-T1
TFCN1702E3373_007429-T1__TFCN1702E3373_012203-T1	NaN	NaN	NaN	NaN	NaN	NaN	NaN	NaN	GF00000006	Rhodotorula_mucilaginosa_TFCN_17-0-2E337-3.cds.fa_07343	Rhodotorula_mucilaginosa_TFCN_17-0-2E337-3.cds.fa_12038	NaN	NaN	NaN	NaN	NaN	NaN	NaN	NaN	TFCN1702E3373_007429-T1	TFCN1702E3373_012203-T1
TFCN1702E3373_001365-T1__TFCN1702E3373_007434-T1	NaN	NaN	NaN	NaN	NaN	NaN	NaN	NaN	GF00000006	Rhodotorula_mucilaginosa_TFCN_17-0-2E337-3.cds.fa_01355	Rhodotorula_mucilaginosa_TFCN_17-0-2E337-3.cds.fa_07348	NaN	NaN	NaN	NaN	NaN	NaN	NaN	NaN	TFCN1702E3373_001365-T1	TFCN1702E3373_007434-T1
TFCN1702E3373_001365-T1__TFCN1702E3373_010364-T1	NaN	NaN	NaN	NaN	NaN	NaN	NaN	NaN	GF00000006	Rhodotorula_mucilaginosa_TFCN_17-0-2E337-3.cds.fa_01355	Rhodotorula_mucilaginosa_TFCN_17-0-2E337-3.cds.fa_10240	NaN	NaN	NaN	NaN	NaN	NaN	NaN	NaN	TFCN1702E3373_001365-T1	TFCN1702E3373_010364-T1
TFCN1702E3373_001365-T1__TFCN1702E3373_010369-T1	NaN	NaN	NaN	NaN	NaN	NaN	NaN	NaN	GF00000006	Rhodotorula_mucilaginosa_TFCN_17-0-2E337-3.cds.fa_01355	Rhodotorula_mucilaginosa_TFCN_17-0-2E337-3.cds.fa_10245	NaN	NaN	NaN	NaN	NaN	NaN	NaN	NaN	TFCN1702E3373_001365-T1	TFCN1702E3373_010369-T1
TFCN1702E3373_001365-T1__TFCN1702E3373_013516-T1	NaN	NaN	NaN	NaN	NaN	NaN	NaN	NaN	GF00000006	Rhodotorula_mucilaginosa_TFCN_17-0-2E337-3.cds.fa_01355	Rhodotorula_mucilaginosa_TFCN_17-0-2E337-3.cds.fa_13325	NaN	NaN	NaN	NaN	NaN	NaN	NaN	NaN	TFCN1702E3373_001365-T1	TFCN1702E3373_013516-T1
TFCN1702E3373_001365-T1__TFCN1702E3373_014613-T1	NaN	NaN	NaN	NaN	NaN	NaN	NaN	NaN	GF00000006	Rhodotorula_mucilaginosa_TFCN_17-0-2E337-3.cds.fa_01355	Rhodotorula_mucilaginosa_TFCN_17-0-2E337-3.cds.fa_14395	NaN	NaN	NaN	NaN	NaN	NaN	NaN	NaN	TFCN1702E3373_001365-T1	TFCN1702E3373_014613-T1
TFCN1702E3373_001365-T1__TFCN1702E3373_010050-T1	NaN	NaN	NaN	NaN	NaN	NaN	NaN	NaN	GF00000006	Rhodotorula_mucilaginosa_TFCN_17-0-2E337-3.cds.fa_01355	Rhodotorula_mucilaginosa_TFCN_17-0-2E337-3.cds.fa_09929	NaN	NaN	NaN	NaN	NaN	NaN	NaN	NaN	TFCN1702E3373_001365-T1	TFCN1702E3373_010050-T1
TFCN1702E3373_000037-T1__TFCN1702E3373_001365-T1	NaN	NaN	NaN	NaN	NaN	NaN	NaN	NaN	GF00000006	Rhodotorula_mucilaginosa_TFCN_17-0-2E337-3.cds.fa_01355	Rhodotorula_mucilaginosa_TFCN_17-0-2E337-3.cds.fa_00036	NaN	NaN	NaN	NaN	NaN	NaN	NaN	NaN	TFCN1702E3373_001365-T1	TFCN1702E3373_000037-T1
TFCN1702E3373_001365-T1__TFCN1702E3373_006968-T1	NaN	NaN	NaN	NaN	NaN	NaN	NaN	NaN	GF00000006	Rhodotorula_mucilaginosa_TFCN_17-0-2E337-3.cds.fa_01355	Rhodotorula_mucilaginosa_TFCN_17-0-2E337-3.cds.fa_06883	NaN	NaN	NaN	NaN	NaN	NaN	NaN	NaN	TFCN1702E3373_001365-T1	TFCN1702E3373_006968-T1
TFCN1702E3373_000165-T1__TFCN1702E3373_001365-T1	NaN	NaN	NaN	NaN	NaN	NaN	NaN	NaN	GF00000006	Rhodotorula_mucilaginosa_TFCN_17-0-2E337-3.cds.fa_01355	Rhodotorula_mucilaginosa_TFCN_17-0-2E337-3.cds.fa_00162	NaN	NaN	NaN	NaN	NaN	NaN	NaN	NaN	TFCN1702E3373_001365-T1	TFCN1702E3373_000165-T1
TFCN1702E3373_001365-T1__TFCN1702E3373_013886-T1	NaN	NaN	NaN	NaN	NaN	NaN	NaN	NaN	GF00000006	Rhodotorula_mucilaginosa_TFCN_17-0-2E337-3.cds.fa_01355	Rhodotorula_mucilaginosa_TFCN_17-0-2E337-3.cds.fa_13685	NaN	NaN	NaN	NaN	NaN	NaN	NaN	NaN	TFCN1702E3373_001365-T1	TFCN1702E3373_013886-T1
TFCN1702E3373_001365-T1__TFCN1702E3373_005200-T1	NaN	NaN	NaN	NaN	NaN	NaN	NaN	NaN	GF00000006	Rhodotorula_mucilaginosa_TFCN_17-0-2E337-3.cds.fa_01355	Rhodotorula_mucilaginosa_TFCN_17-0-2E337-3.cds.fa_05137	NaN	NaN	NaN	NaN	NaN	NaN	NaN	NaN	TFCN1702E3373_001365-T1	TFCN1702E3373_005200-T1
TFCN1702E3373_001365-T1__TFCN1702E3373_003536-T1	NaN	NaN	NaN	NaN	NaN	NaN	NaN	NaN	GF00000006	Rhodotorula_mucilaginosa_TFCN_17-0-2E337-3.cds.fa_01355	Rhodotorula_mucilaginosa_TFCN_17-0-2E337-3.cds.fa_03491	NaN	NaN	NaN	NaN	NaN	NaN	NaN	NaN	TFCN1702E3373_001365-T1	TFCN1702E3373_003536-T1
TFCN1702E3373_001365-T1__TFCN1702E3373_014747-T1	NaN	NaN	NaN	NaN	NaN	NaN	NaN	NaN	GF00000006	Rhodotorula_mucilaginosa_TFCN_17-0-2E337-3.cds.fa_01355	Rhodotorula_mucilaginosa_TFCN_17-0-2E337-3.cds.fa_14518	NaN	NaN	NaN	NaN	NaN	NaN	NaN	NaN	TFCN1702E3373_001365-T1	TFCN1702E3373_014747-T1
TFCN1702E3373_001365-T1__TFCN1702E3373_011855-T1	NaN	NaN	NaN	NaN	NaN	NaN	NaN	NaN	GF00000006	Rhodotorula_mucilaginosa_TFCN_17-0-2E337-3.cds.fa_01355	Rhodotorula_mucilaginosa_TFCN_17-0-2E337-3.cds.fa_11702	NaN	NaN	NaN	NaN	NaN	NaN	NaN	NaN	TFCN1702E3373_001365-T1	TFCN1702E3373_011855-T1
TFCN1702E3373_001365-T1__TFCN1702E3373_012203-T1	NaN	NaN	NaN	NaN	NaN	NaN	NaN	NaN	GF00000006	Rhodotorula_mucilaginosa_TFCN_17-0-2E337-3.cds.fa_01355	Rhodotorula_mucilaginosa_TFCN_17-0-2E337-3.cds.fa_12038	NaN	NaN	NaN	NaN	NaN	NaN	NaN	NaN	TFCN1702E3373_001365-T1	TFCN1702E3373_012203-T1
TFCN1702E3373_007434-T1__TFCN1702E3373_010364-T1	NaN	NaN	NaN	NaN	NaN	NaN	NaN	NaN	GF00000006	Rhodotorula_mucilaginosa_TFCN_17-0-2E337-3.cds.fa_07348	Rhodotorula_mucilaginosa_TFCN_17-0-2E337-3.cds.fa_10240	NaN	NaN	NaN	NaN	NaN	NaN	NaN	NaN	TFCN1702E3373_007434-T1	TFCN1702E3373_010364-T1
TFCN1702E3373_007434-T1__TFCN1702E3373_010369-T1	NaN	NaN	NaN	NaN	NaN	NaN	NaN	NaN	GF00000006	Rhodotorula_mucilaginosa_TFCN_17-0-2E337-3.cds.fa_07348	Rhodotorula_mucilaginosa_TFCN_17-0-2E337-3.cds.fa_10245	NaN	NaN	NaN	NaN	NaN	NaN	NaN	NaN	TFCN1702E3373_007434-T1	TFCN1702E3373_010369-T1
TFCN1702E3373_007434-T1__TFCN1702E3373_013516-T1	NaN	NaN	NaN	NaN	NaN	NaN	NaN	NaN	GF00000006	Rhodotorula_mucilaginosa_TFCN_17-0-2E337-3.cds.fa_07348	Rhodotorula_mucilaginosa_TFCN_17-0-2E337-3.cds.fa_13325	NaN	NaN	NaN	NaN	NaN	NaN	NaN	NaN	TFCN1702E3373_007434-T1	TFCN1702E3373_013516-T1
TFCN1702E3373_007434-T1__TFCN1702E3373_014613-T1	NaN	NaN	NaN	NaN	NaN	NaN	NaN	NaN	GF00000006	Rhodotorula_mucilaginosa_TFCN_17-0-2E337-3.cds.fa_07348	Rhodotorula_mucilaginosa_TFCN_17-0-2E337-3.cds.fa_14395	NaN	NaN	NaN	NaN	NaN	NaN	NaN	NaN	TFCN1702E3373_007434-T1	TFCN1702E3373_014613-T1
TFCN1702E3373_007434-T1__TFCN1702E3373_010050-T1	NaN	NaN	NaN	NaN	NaN	NaN	NaN	NaN	GF00000006	Rhodotorula_mucilaginosa_TFCN_17-0-2E337-3.cds.fa_07348	Rhodotorula_mucilaginosa_TFCN_17-0-2E337-3.cds.fa_09929	NaN	NaN	NaN	NaN	NaN	NaN	NaN	NaN	TFCN1702E3373_007434-T1	TFCN1702E3373_010050-T1
TFCN1702E3373_000037-T1__TFCN1702E3373_007434-T1	NaN	NaN	NaN	NaN	NaN	NaN	NaN	NaN	GF00000006	Rhodotorula_mucilaginosa_TFCN_17-0-2E337-3.cds.fa_07348	Rhodotorula_mucilaginosa_TFCN_17-0-2E337-3.cds.fa_00036	NaN	NaN	NaN	NaN	NaN	NaN	NaN	NaN	TFCN1702E3373_007434-T1	TFCN1702E3373_000037-T1
TFCN1702E3373_006968-T1__TFCN1702E3373_007434-T1	NaN	NaN	NaN	NaN	NaN	NaN	NaN	NaN	GF00000006	Rhodotorula_mucilaginosa_TFCN_17-0-2E337-3.cds.fa_07348	Rhodotorula_mucilaginosa_TFCN_17-0-2E337-3.cds.fa_06883	NaN	NaN	NaN	NaN	NaN	NaN	NaN	NaN	TFCN1702E3373_007434-T1	TFCN1702E3373_006968-T1
TFCN1702E3373_000165-T1__TFCN1702E3373_007434-T1	NaN	NaN	NaN	NaN	NaN	NaN	NaN	NaN	GF00000006	Rhodotorula_mucilaginosa_TFCN_17-0-2E337-3.cds.fa_07348	Rhodotorula_mucilaginosa_TFCN_17-0-2E337-3.cds.fa_00162	NaN	NaN	NaN	NaN	NaN	NaN	NaN	NaN	TFCN1702E3373_007434-T1	TFCN1702E3373_000165-T1
TFCN1702E3373_007434-T1__TFCN1702E3373_013886-T1	NaN	NaN	NaN	NaN	NaN	NaN	NaN	NaN	GF00000006	Rhodotorula_mucilaginosa_TFCN_17-0-2E337-3.cds.fa_07348	Rhodotorula_mucilaginosa_TFCN_17-0-2E337-3.cds.fa_13685	NaN	NaN	NaN	NaN	NaN	NaN	NaN	NaN	TFCN1702E3373_007434-T1	TFCN1702E3373_013886-T1
TFCN1702E3373_005200-T1__TFCN1702E3373_007434-T1	NaN	NaN	NaN	NaN	NaN	NaN	NaN	NaN	GF00000006	Rhodotorula_mucilaginosa_TFCN_17-0-2E337-3.cds.fa_07348	Rhodotorula_mucilaginosa_TFCN_17-0-2E337-3.cds.fa_05137	NaN	NaN	NaN	NaN	NaN	NaN	NaN	NaN	TFCN1702E3373_007434-T1	TFCN1702E3373_005200-T1
TFCN1702E3373_003536-T1__TFCN1702E3373_007434-T1	NaN	NaN	NaN	NaN	NaN	NaN	NaN	NaN	GF00000006	Rhodotorula_mucilaginosa_TFCN_17-0-2E337-3.cds.fa_07348	Rhodotorula_mucilaginosa_TFCN_17-0-2E337-3.cds.fa_03491	NaN	NaN	NaN	NaN	NaN	NaN	NaN	NaN	TFCN1702E3373_007434-T1	TFCN1702E3373_003536-T1
TFCN1702E3373_007434-T1__TFCN1702E3373_014747-T1	NaN	NaN	NaN	NaN	NaN	NaN	NaN	NaN	GF00000006	Rhodotorula_mucilaginosa_TFCN_17-0-2E337-3.cds.fa_07348	Rhodotorula_mucilaginosa_TFCN_17-0-2E337-3.cds.fa_14518	NaN	NaN	NaN	NaN	NaN	NaN	NaN	NaN	TFCN1702E3373_007434-T1	TFCN1702E3373_014747-T1
TFCN1702E3373_007434-T1__TFCN1702E3373_011855-T1	NaN	NaN	NaN	NaN	NaN	NaN	NaN	NaN	GF00000006	Rhodotorula_mucilaginosa_TFCN_17-0-2E337-3.cds.fa_07348	Rhodotorula_mucilaginosa_TFCN_17-0-2E337-3.cds.fa_11702	NaN	NaN	NaN	NaN	NaN	NaN	NaN	NaN	TFCN1702E3373_007434-T1	TFCN1702E3373_011855-T1
TFCN1702E3373_007434-T1__TFCN1702E3373_012203-T1	NaN	NaN	NaN	NaN	NaN	NaN	NaN	NaN	GF00000006	Rhodotorula_mucilaginosa_TFCN_17-0-2E337-3.cds.fa_07348	Rhodotorula_mucilaginosa_TFCN_17-0-2E337-3.cds.fa_12038	NaN	NaN	NaN	NaN	NaN	NaN	NaN	NaN	TFCN1702E3373_007434-T1	TFCN1702E3373_012203-T1
TFCN1702E3373_010364-T1__TFCN1702E3373_010369-T1	NaN	NaN	NaN	NaN	NaN	NaN	NaN	NaN	GF00000006	Rhodotorula_mucilaginosa_TFCN_17-0-2E337-3.cds.fa_10240	Rhodotorula_mucilaginosa_TFCN_17-0-2E337-3.cds.fa_10245	NaN	NaN	NaN	NaN	NaN	NaN	NaN	NaN	TFCN1702E3373_010364-T1	TFCN1702E3373_010369-T1
TFCN1702E3373_010364-T1__TFCN1702E3373_013516-T1	NaN	NaN	NaN	NaN	NaN	NaN	NaN	NaN	GF00000006	Rhodotorula_mucilaginosa_TFCN_17-0-2E337-3.cds.fa_10240	Rhodotorula_mucilaginosa_TFCN_17-0-2E337-3.cds.fa_13325	NaN	NaN	NaN	NaN	NaN	NaN	NaN	NaN	TFCN1702E3373_010364-T1	TFCN1702E3373_013516-T1
TFCN1702E3373_010364-T1__TFCN1702E3373_014613-T1	NaN	NaN	NaN	NaN	NaN	NaN	NaN	NaN	GF00000006	Rhodotorula_mucilaginosa_TFCN_17-0-2E337-3.cds.fa_10240	Rhodotorula_mucilaginosa_TFCN_17-0-2E337-3.cds.fa_14395	NaN	NaN	NaN	NaN	NaN	NaN	NaN	NaN	TFCN1702E3373_010364-T1	TFCN1702E3373_014613-T1
TFCN1702E3373_010050-T1__TFCN1702E3373_010364-T1	NaN	NaN	NaN	NaN	NaN	NaN	NaN	NaN	GF00000006	Rhodotorula_mucilaginosa_TFCN_17-0-2E337-3.cds.fa_10240	Rhodotorula_mucilaginosa_TFCN_17-0-2E337-3.cds.fa_09929	NaN	NaN	NaN	NaN	NaN	NaN	NaN	NaN	TFCN1702E3373_010364-T1	TFCN1702E3373_010050-T1
TFCN1702E3373_000037-T1__TFCN1702E3373_010364-T1	NaN	NaN	NaN	NaN	NaN	NaN	NaN	NaN	GF00000006	Rhodotorula_mucilaginosa_TFCN_17-0-2E337-3.cds.fa_10240	Rhodotorula_mucilaginosa_TFCN_17-0-2E337-3.cds.fa_00036	NaN	NaN	NaN	NaN	NaN	NaN	NaN	NaN	TFCN1702E3373_010364-T1	TFCN1702E3373_000037-T1
TFCN1702E3373_006968-T1__TFCN1702E3373_010364-T1	NaN	NaN	NaN	NaN	NaN	NaN	NaN	NaN	GF00000006	Rhodotorula_mucilaginosa_TFCN_17-0-2E337-3.cds.fa_10240	Rhodotorula_mucilaginosa_TFCN_17-0-2E337-3.cds.fa_06883	NaN	NaN	NaN	NaN	NaN	NaN	NaN	NaN	TFCN1702E3373_010364-T1	TFCN1702E3373_006968-T1
TFCN1702E3373_000165-T1__TFCN1702E3373_010364-T1	NaN	NaN	NaN	NaN	NaN	NaN	NaN	NaN	GF00000006	Rhodotorula_mucilaginosa_TFCN_17-0-2E337-3.cds.fa_10240	Rhodotorula_mucilaginosa_TFCN_17-0-2E337-3.cds.fa_00162	NaN	NaN	NaN	NaN	NaN	NaN	NaN	NaN	TFCN1702E3373_010364-T1	TFCN1702E3373_000165-T1
TFCN1702E3373_010364-T1__TFCN1702E3373_013886-T1	NaN	NaN	NaN	NaN	NaN	NaN	NaN	NaN	GF00000006	Rhodotorula_mucilaginosa_TFCN_17-0-2E337-3.cds.fa_10240	Rhodotorula_mucilaginosa_TFCN_17-0-2E337-3.cds.fa_13685	NaN	NaN	NaN	NaN	NaN	NaN	NaN	NaN	TFCN1702E3373_010364-T1	TFCN1702E3373_013886-T1
TFCN1702E3373_005200-T1__TFCN1702E3373_010364-T1	NaN	NaN	NaN	NaN	NaN	NaN	NaN	NaN	GF00000006	Rhodotorula_mucilaginosa_TFCN_17-0-2E337-3.cds.fa_10240	Rhodotorula_mucilaginosa_TFCN_17-0-2E337-3.cds.fa_05137	NaN	NaN	NaN	NaN	NaN	NaN	NaN	NaN	TFCN1702E3373_010364-T1	TFCN1702E3373_005200-T1
TFCN1702E3373_003536-T1__TFCN1702E3373_010364-T1	NaN	NaN	NaN	NaN	NaN	NaN	NaN	NaN	GF00000006	Rhodotorula_mucilaginosa_TFCN_17-0-2E337-3.cds.fa_10240	Rhodotorula_mucilaginosa_TFCN_17-0-2E337-3.cds.fa_03491	NaN	NaN	NaN	NaN	NaN	NaN	NaN	NaN	TFCN1702E3373_010364-T1	TFCN1702E3373_003536-T1
TFCN1702E3373_010364-T1__TFCN1702E3373_014747-T1	NaN	NaN	NaN	NaN	NaN	NaN	NaN	NaN	GF00000006	Rhodotorula_mucilaginosa_TFCN_17-0-2E337-3.cds.fa_10240	Rhodotorula_mucilaginosa_TFCN_17-0-2E337-3.cds.fa_14518	NaN	NaN	NaN	NaN	NaN	NaN	NaN	NaN	TFCN1702E3373_010364-T1	TFCN1702E3373_014747-T1
TFCN1702E3373_010364-T1__TFCN1702E3373_011855-T1	NaN	NaN	NaN	NaN	NaN	NaN	NaN	NaN	GF00000006	Rhodotorula_mucilaginosa_TFCN_17-0-2E337-3.cds.fa_10240	Rhodotorula_mucilaginosa_TFCN_17-0-2E337-3.cds.fa_11702	NaN	NaN	NaN	NaN	NaN	NaN	NaN	NaN	TFCN1702E3373_010364-T1	TFCN1702E3373_011855-T1
TFCN1702E3373_010364-T1__TFCN1702E3373_012203-T1	NaN	NaN	NaN	NaN	NaN	NaN	NaN	NaN	GF00000006	Rhodotorula_mucilaginosa_TFCN_17-0-2E337-3.cds.fa_10240	Rhodotorula_mucilaginosa_TFCN_17-0-2E337-3.cds.fa_12038	NaN	NaN	NaN	NaN	NaN	NaN	NaN	NaN	TFCN1702E3373_010364-T1	TFCN1702E3373_012203-T1
TFCN1702E3373_010369-T1__TFCN1702E3373_013516-T1	NaN	NaN	NaN	NaN	NaN	NaN	NaN	NaN	GF00000006	Rhodotorula_mucilaginosa_TFCN_17-0-2E337-3.cds.fa_10245	Rhodotorula_mucilaginosa_TFCN_17-0-2E337-3.cds.fa_13325	NaN	NaN	NaN	NaN	NaN	NaN	NaN	NaN	TFCN1702E3373_010369-T1	TFCN1702E3373_013516-T1
TFCN1702E3373_010369-T1__TFCN1702E3373_014613-T1	NaN	NaN	NaN	NaN	NaN	NaN	NaN	NaN	GF00000006	Rhodotorula_mucilaginosa_TFCN_17-0-2E337-3.cds.fa_10245	Rhodotorula_mucilaginosa_TFCN_17-0-2E337-3.cds.fa_14395	NaN	NaN	NaN	NaN	NaN	NaN	NaN	NaN	TFCN1702E3373_010369-T1	TFCN1702E3373_014613-T1
TFCN1702E3373_010050-T1__TFCN1702E3373_010369-T1	NaN	NaN	NaN	NaN	NaN	NaN	NaN	NaN	GF00000006	Rhodotorula_mucilaginosa_TFCN_17-0-2E337-3.cds.fa_10245	Rhodotorula_mucilaginosa_TFCN_17-0-2E337-3.cds.fa_09929	NaN	NaN	NaN	NaN	NaN	NaN	NaN	NaN	TFCN1702E3373_010369-T1	TFCN1702E3373_010050-T1
TFCN1702E3373_000037-T1__TFCN1702E3373_010369-T1	NaN	NaN	NaN	NaN	NaN	NaN	NaN	NaN	GF00000006	Rhodotorula_mucilaginosa_TFCN_17-0-2E337-3.cds.fa_10245	Rhodotorula_mucilaginosa_TFCN_17-0-2E337-3.cds.fa_00036	NaN	NaN	NaN	NaN	NaN	NaN	NaN	NaN	TFCN1702E3373_010369-T1	TFCN1702E3373_000037-T1
TFCN1702E3373_006968-T1__TFCN1702E3373_010369-T1	NaN	NaN	NaN	NaN	NaN	NaN	NaN	NaN	GF00000006	Rhodotorula_mucilaginosa_TFCN_17-0-2E337-3.cds.fa_10245	Rhodotorula_mucilaginosa_TFCN_17-0-2E337-3.cds.fa_06883	NaN	NaN	NaN	NaN	NaN	NaN	NaN	NaN	TFCN1702E3373_010369-T1	TFCN1702E3373_006968-T1
TFCN1702E3373_000165-T1__TFCN1702E3373_010369-T1	NaN	NaN	NaN	NaN	NaN	NaN	NaN	NaN	GF00000006	Rhodotorula_mucilaginosa_TFCN_17-0-2E337-3.cds.fa_10245	Rhodotorula_mucilaginosa_TFCN_17-0-2E337-3.cds.fa_00162	NaN	NaN	NaN	NaN	NaN	NaN	NaN	NaN	TFCN1702E3373_010369-T1	TFCN1702E3373_000165-T1
TFCN1702E3373_010369-T1__TFCN1702E3373_013886-T1	NaN	NaN	NaN	NaN	NaN	NaN	NaN	NaN	GF00000006	Rhodotorula_mucilaginosa_TFCN_17-0-2E337-3.cds.fa_10245	Rhodotorula_mucilaginosa_TFCN_17-0-2E337-3.cds.fa_13685	NaN	NaN	NaN	NaN	NaN	NaN	NaN	NaN	TFCN1702E3373_010369-T1	TFCN1702E3373_013886-T1
TFCN1702E3373_005200-T1__TFCN1702E3373_010369-T1	NaN	NaN	NaN	NaN	NaN	NaN	NaN	NaN	GF00000006	Rhodotorula_mucilaginosa_TFCN_17-0-2E337-3.cds.fa_10245	Rhodotorula_mucilaginosa_TFCN_17-0-2E337-3.cds.fa_05137	NaN	NaN	NaN	NaN	NaN	NaN	NaN	NaN	TFCN1702E3373_010369-T1	TFCN1702E3373_005200-T1
TFCN1702E3373_003536-T1__TFCN1702E3373_010369-T1	NaN	NaN	NaN	NaN	NaN	NaN	NaN	NaN	GF00000006	Rhodotorula_mucilaginosa_TFCN_17-0-2E337-3.cds.fa_10245	Rhodotorula_mucilaginosa_TFCN_17-0-2E337-3.cds.fa_03491	NaN	NaN	NaN	NaN	NaN	NaN	NaN	NaN	TFCN1702E3373_010369-T1	TFCN1702E3373_003536-T1
TFCN1702E3373_010369-T1__TFCN1702E3373_014747-T1	NaN	NaN	NaN	NaN	NaN	NaN	NaN	NaN	GF00000006	Rhodotorula_mucilaginosa_TFCN_17-0-2E337-3.cds.fa_10245	Rhodotorula_mucilaginosa_TFCN_17-0-2E337-3.cds.fa_14518	NaN	NaN	NaN	NaN	NaN	NaN	NaN	NaN	TFCN1702E3373_010369-T1	TFCN1702E3373_014747-T1
TFCN1702E3373_010369-T1__TFCN1702E3373_011855-T1	NaN	NaN	NaN	NaN	NaN	NaN	NaN	NaN	GF00000006	Rhodotorula_mucilaginosa_TFCN_17-0-2E337-3.cds.fa_10245	Rhodotorula_mucilaginosa_TFCN_17-0-2E337-3.cds.fa_11702	NaN	NaN	NaN	NaN	NaN	NaN	NaN	NaN	TFCN1702E3373_010369-T1	TFCN1702E3373_011855-T1
TFCN1702E3373_010369-T1__TFCN1702E3373_012203-T1	NaN	NaN	NaN	NaN	NaN	NaN	NaN	NaN	GF00000006	Rhodotorula_mucilaginosa_TFCN_17-0-2E337-3.cds.fa_10245	Rhodotorula_mucilaginosa_TFCN_17-0-2E337-3.cds.fa_12038	NaN	NaN	NaN	NaN	NaN	NaN	NaN	NaN	TFCN1702E3373_010369-T1	TFCN1702E3373_012203-T1
TFCN1702E3373_013516-T1__TFCN1702E3373_014613-T1	NaN	NaN	NaN	NaN	NaN	NaN	NaN	NaN	GF00000006	Rhodotorula_mucilaginosa_TFCN_17-0-2E337-3.cds.fa_13325	Rhodotorula_mucilaginosa_TFCN_17-0-2E337-3.cds.fa_14395	NaN	NaN	NaN	NaN	NaN	NaN	NaN	NaN	TFCN1702E3373_013516-T1	TFCN1702E3373_014613-T1
TFCN1702E3373_010050-T1__TFCN1702E3373_013516-T1	NaN	NaN	NaN	NaN	NaN	NaN	NaN	NaN	GF00000006	Rhodotorula_mucilaginosa_TFCN_17-0-2E337-3.cds.fa_13325	Rhodotorula_mucilaginosa_TFCN_17-0-2E337-3.cds.fa_09929	NaN	NaN	NaN	NaN	NaN	NaN	NaN	NaN	TFCN1702E3373_013516-T1	TFCN1702E3373_010050-T1
TFCN1702E3373_000037-T1__TFCN1702E3373_013516-T1	NaN	NaN	NaN	NaN	NaN	NaN	NaN	NaN	GF00000006	Rhodotorula_mucilaginosa_TFCN_17-0-2E337-3.cds.fa_13325	Rhodotorula_mucilaginosa_TFCN_17-0-2E337-3.cds.fa_00036	NaN	NaN	NaN	NaN	NaN	NaN	NaN	NaN	TFCN1702E3373_013516-T1	TFCN1702E3373_000037-T1
TFCN1702E3373_006968-T1__TFCN1702E3373_013516-T1	NaN	NaN	NaN	NaN	NaN	NaN	NaN	NaN	GF00000006	Rhodotorula_mucilaginosa_TFCN_17-0-2E337-3.cds.fa_13325	Rhodotorula_mucilaginosa_TFCN_17-0-2E337-3.cds.fa_06883	NaN	NaN	NaN	NaN	NaN	NaN	NaN	NaN	TFCN1702E3373_013516-T1	TFCN1702E3373_006968-T1
TFCN1702E3373_000165-T1__TFCN1702E3373_013516-T1	NaN	NaN	NaN	NaN	NaN	NaN	NaN	NaN	GF00000006	Rhodotorula_mucilaginosa_TFCN_17-0-2E337-3.cds.fa_13325	Rhodotorula_mucilaginosa_TFCN_17-0-2E337-3.cds.fa_00162	NaN	NaN	NaN	NaN	NaN	NaN	NaN	NaN	TFCN1702E3373_013516-T1	TFCN1702E3373_000165-T1
TFCN1702E3373_013516-T1__TFCN1702E3373_013886-T1	NaN	NaN	NaN	NaN	NaN	NaN	NaN	NaN	GF00000006	Rhodotorula_mucilaginosa_TFCN_17-0-2E337-3.cds.fa_13325	Rhodotorula_mucilaginosa_TFCN_17-0-2E337-3.cds.fa_13685	NaN	NaN	NaN	NaN	NaN	NaN	NaN	NaN	TFCN1702E3373_013516-T1	TFCN1702E3373_013886-T1
TFCN1702E3373_005200-T1__TFCN1702E3373_013516-T1	NaN	NaN	NaN	NaN	NaN	NaN	NaN	NaN	GF00000006	Rhodotorula_mucilaginosa_TFCN_17-0-2E337-3.cds.fa_13325	Rhodotorula_mucilaginosa_TFCN_17-0-2E337-3.cds.fa_05137	NaN	NaN	NaN	NaN	NaN	NaN	NaN	NaN	TFCN1702E3373_013516-T1	TFCN1702E3373_005200-T1
TFCN1702E3373_003536-T1__TFCN1702E3373_013516-T1	NaN	NaN	NaN	NaN	NaN	NaN	NaN	NaN	GF00000006	Rhodotorula_mucilaginosa_TFCN_17-0-2E337-3.cds.fa_13325	Rhodotorula_mucilaginosa_TFCN_17-0-2E337-3.cds.fa_03491	NaN	NaN	NaN	NaN	NaN	NaN	NaN	NaN	TFCN1702E3373_013516-T1	TFCN1702E3373_003536-T1
TFCN1702E3373_013516-T1__TFCN1702E3373_014747-T1	NaN	NaN	NaN	NaN	NaN	NaN	NaN	NaN	GF00000006	Rhodotorula_mucilaginosa_TFCN_17-0-2E337-3.cds.fa_13325	Rhodotorula_mucilaginosa_TFCN_17-0-2E337-3.cds.fa_14518	NaN	NaN	NaN	NaN	NaN	NaN	NaN	NaN	TFCN1702E3373_013516-T1	TFCN1702E3373_014747-T1
TFCN1702E3373_011855-T1__TFCN1702E3373_013516-T1	NaN	NaN	NaN	NaN	NaN	NaN	NaN	NaN	GF00000006	Rhodotorula_mucilaginosa_TFCN_17-0-2E337-3.cds.fa_13325	Rhodotorula_mucilaginosa_TFCN_17-0-2E337-3.cds.fa_11702	NaN	NaN	NaN	NaN	NaN	NaN	NaN	NaN	TFCN1702E3373_013516-T1	TFCN1702E3373_011855-T1
TFCN1702E3373_012203-T1__TFCN1702E3373_013516-T1	NaN	NaN	NaN	NaN	NaN	NaN	NaN	NaN	GF00000006	Rhodotorula_mucilaginosa_TFCN_17-0-2E337-3.cds.fa_13325	Rhodotorula_mucilaginosa_TFCN_17-0-2E337-3.cds.fa_12038	NaN	NaN	NaN	NaN	NaN	NaN	NaN	NaN	TFCN1702E3373_013516-T1	TFCN1702E3373_012203-T1
TFCN1702E3373_010050-T1__TFCN1702E3373_014613-T1	NaN	NaN	NaN	NaN	NaN	NaN	NaN	NaN	GF00000006	Rhodotorula_mucilaginosa_TFCN_17-0-2E337-3.cds.fa_14395	Rhodotorula_mucilaginosa_TFCN_17-0-2E337-3.cds.fa_09929	NaN	NaN	NaN	NaN	NaN	NaN	NaN	NaN	TFCN1702E3373_014613-T1	TFCN1702E3373_010050-T1
TFCN1702E3373_000037-T1__TFCN1702E3373_014613-T1	NaN	NaN	NaN	NaN	NaN	NaN	NaN	NaN	GF00000006	Rhodotorula_mucilaginosa_TFCN_17-0-2E337-3.cds.fa_14395	Rhodotorula_mucilaginosa_TFCN_17-0-2E337-3.cds.fa_00036	NaN	NaN	NaN	NaN	NaN	NaN	NaN	NaN	TFCN1702E3373_014613-T1	TFCN1702E3373_000037-T1
TFCN1702E3373_006968-T1__TFCN1702E3373_014613-T1	NaN	NaN	NaN	NaN	NaN	NaN	NaN	NaN	GF00000006	Rhodotorula_mucilaginosa_TFCN_17-0-2E337-3.cds.fa_14395	Rhodotorula_mucilaginosa_TFCN_17-0-2E337-3.cds.fa_06883	NaN	NaN	NaN	NaN	NaN	NaN	NaN	NaN	TFCN1702E3373_014613-T1	TFCN1702E3373_006968-T1
TFCN1702E3373_000165-T1__TFCN1702E3373_014613-T1	NaN	NaN	NaN	NaN	NaN	NaN	NaN	NaN	GF00000006	Rhodotorula_mucilaginosa_TFCN_17-0-2E337-3.cds.fa_14395	Rhodotorula_mucilaginosa_TFCN_17-0-2E337-3.cds.fa_00162	NaN	NaN	NaN	NaN	NaN	NaN	NaN	NaN	TFCN1702E3373_014613-T1	TFCN1702E3373_000165-T1
TFCN1702E3373_013886-T1__TFCN1702E3373_014613-T1	NaN	NaN	NaN	NaN	NaN	NaN	NaN	NaN	GF00000006	Rhodotorula_mucilaginosa_TFCN_17-0-2E337-3.cds.fa_14395	Rhodotorula_mucilaginosa_TFCN_17-0-2E337-3.cds.fa_13685	NaN	NaN	NaN	NaN	NaN	NaN	NaN	NaN	TFCN1702E3373_014613-T1	TFCN1702E3373_013886-T1
TFCN1702E3373_005200-T1__TFCN1702E3373_014613-T1	NaN	NaN	NaN	NaN	NaN	NaN	NaN	NaN	GF00000006	Rhodotorula_mucilaginosa_TFCN_17-0-2E337-3.cds.fa_14395	Rhodotorula_mucilaginosa_TFCN_17-0-2E337-3.cds.fa_05137	NaN	NaN	NaN	NaN	NaN	NaN	NaN	NaN	TFCN1702E3373_014613-T1	TFCN1702E3373_005200-T1
TFCN1702E3373_003536-T1__TFCN1702E3373_014613-T1	NaN	NaN	NaN	NaN	NaN	NaN	NaN	NaN	GF00000006	Rhodotorula_mucilaginosa_TFCN_17-0-2E337-3.cds.fa_14395	Rhodotorula_mucilaginosa_TFCN_17-0-2E337-3.cds.fa_03491	NaN	NaN	NaN	NaN	NaN	NaN	NaN	NaN	TFCN1702E3373_014613-T1	TFCN1702E3373_003536-T1
TFCN1702E3373_014613-T1__TFCN1702E3373_014747-T1	NaN	NaN	NaN	NaN	NaN	NaN	NaN	NaN	GF00000006	Rhodotorula_mucilaginosa_TFCN_17-0-2E337-3.cds.fa_14395	Rhodotorula_mucilaginosa_TFCN_17-0-2E337-3.cds.fa_14518	NaN	NaN	NaN	NaN	NaN	NaN	NaN	NaN	TFCN1702E3373_014613-T1	TFCN1702E3373_014747-T1
TFCN1702E3373_011855-T1__TFCN1702E3373_014613-T1	NaN	NaN	NaN	NaN	NaN	NaN	NaN	NaN	GF00000006	Rhodotorula_mucilaginosa_TFCN_17-0-2E337-3.cds.fa_14395	Rhodotorula_mucilaginosa_TFCN_17-0-2E337-3.cds.fa_11702	NaN	NaN	NaN	NaN	NaN	NaN	NaN	NaN	TFCN1702E3373_014613-T1	TFCN1702E3373_011855-T1
TFCN1702E3373_012203-T1__TFCN1702E3373_014613-T1	NaN	NaN	NaN	NaN	NaN	NaN	NaN	NaN	GF00000006	Rhodotorula_mucilaginosa_TFCN_17-0-2E337-3.cds.fa_14395	Rhodotorula_mucilaginosa_TFCN_17-0-2E337-3.cds.fa_12038	NaN	NaN	NaN	NaN	NaN	NaN	NaN	NaN	TFCN1702E3373_014613-T1	TFCN1702E3373_012203-T1
TFCN1702E3373_000037-T1__TFCN1702E3373_010050-T1	NaN	NaN	NaN	NaN	NaN	NaN	NaN	NaN	GF00000006	Rhodotorula_mucilaginosa_TFCN_17-0-2E337-3.cds.fa_09929	Rhodotorula_mucilaginosa_TFCN_17-0-2E337-3.cds.fa_00036	NaN	NaN	NaN	NaN	NaN	NaN	NaN	NaN	TFCN1702E3373_010050-T1	TFCN1702E3373_000037-T1
TFCN1702E3373_006968-T1__TFCN1702E3373_010050-T1	NaN	NaN	NaN	NaN	NaN	NaN	NaN	NaN	GF00000006	Rhodotorula_mucilaginosa_TFCN_17-0-2E337-3.cds.fa_09929	Rhodotorula_mucilaginosa_TFCN_17-0-2E337-3.cds.fa_06883	NaN	NaN	NaN	NaN	NaN	NaN	NaN	NaN	TFCN1702E3373_010050-T1	TFCN1702E3373_006968-T1
TFCN1702E3373_000165-T1__TFCN1702E3373_010050-T1	NaN	NaN	NaN	NaN	NaN	NaN	NaN	NaN	GF00000006	Rhodotorula_mucilaginosa_TFCN_17-0-2E337-3.cds.fa_09929	Rhodotorula_mucilaginosa_TFCN_17-0-2E337-3.cds.fa_00162	NaN	NaN	NaN	NaN	NaN	NaN	NaN	NaN	TFCN1702E3373_010050-T1	TFCN1702E3373_000165-T1
TFCN1702E3373_010050-T1__TFCN1702E3373_013886-T1	NaN	NaN	NaN	NaN	NaN	NaN	NaN	NaN	GF00000006	Rhodotorula_mucilaginosa_TFCN_17-0-2E337-3.cds.fa_09929	Rhodotorula_mucilaginosa_TFCN_17-0-2E337-3.cds.fa_13685	NaN	NaN	NaN	NaN	NaN	NaN	NaN	NaN	TFCN1702E3373_010050-T1	TFCN1702E3373_013886-T1
TFCN1702E3373_005200-T1__TFCN1702E3373_010050-T1	NaN	NaN	NaN	NaN	NaN	NaN	NaN	NaN	GF00000006	Rhodotorula_mucilaginosa_TFCN_17-0-2E337-3.cds.fa_09929	Rhodotorula_mucilaginosa_TFCN_17-0-2E337-3.cds.fa_05137	NaN	NaN	NaN	NaN	NaN	NaN	NaN	NaN	TFCN1702E3373_010050-T1	TFCN1702E3373_005200-T1
TFCN1702E3373_003536-T1__TFCN1702E3373_010050-T1	NaN	NaN	NaN	NaN	NaN	NaN	NaN	NaN	GF00000006	Rhodotorula_mucilaginosa_TFCN_17-0-2E337-3.cds.fa_09929	Rhodotorula_mucilaginosa_TFCN_17-0-2E337-3.cds.fa_03491	NaN	NaN	NaN	NaN	NaN	NaN	NaN	NaN	TFCN1702E3373_010050-T1	TFCN1702E3373_003536-T1
TFCN1702E3373_010050-T1__TFCN1702E3373_014747-T1	NaN	NaN	NaN	NaN	NaN	NaN	NaN	NaN	GF00000006	Rhodotorula_mucilaginosa_TFCN_17-0-2E337-3.cds.fa_09929	Rhodotorula_mucilaginosa_TFCN_17-0-2E337-3.cds.fa_14518	NaN	NaN	NaN	NaN	NaN	NaN	NaN	NaN	TFCN1702E3373_010050-T1	TFCN1702E3373_014747-T1
TFCN1702E3373_010050-T1__TFCN1702E3373_011855-T1	NaN	NaN	NaN	NaN	NaN	NaN	NaN	NaN	GF00000006	Rhodotorula_mucilaginosa_TFCN_17-0-2E337-3.cds.fa_09929	Rhodotorula_mucilaginosa_TFCN_17-0-2E337-3.cds.fa_11702	NaN	NaN	NaN	NaN	NaN	NaN	NaN	NaN	TFCN1702E3373_010050-T1	TFCN1702E3373_011855-T1
TFCN1702E3373_010050-T1__TFCN1702E3373_012203-T1	NaN	NaN	NaN	NaN	NaN	NaN	NaN	NaN	GF00000006	Rhodotorula_mucilaginosa_TFCN_17-0-2E337-3.cds.fa_09929	Rhodotorula_mucilaginosa_TFCN_17-0-2E337-3.cds.fa_12038	NaN	NaN	NaN	NaN	NaN	NaN	NaN	NaN	TFCN1702E3373_010050-T1	TFCN1702E3373_012203-T1
TFCN1702E3373_000037-T1__TFCN1702E3373_006968-T1	NaN	NaN	NaN	NaN	NaN	NaN	NaN	NaN	GF00000006	Rhodotorula_mucilaginosa_TFCN_17-0-2E337-3.cds.fa_00036	Rhodotorula_mucilaginosa_TFCN_17-0-2E337-3.cds.fa_06883	NaN	NaN	NaN	NaN	NaN	NaN	NaN	NaN	TFCN1702E3373_000037-T1	TFCN1702E3373_006968-T1
TFCN1702E3373_000037-T1__TFCN1702E3373_000165-T1	NaN	NaN	NaN	NaN	NaN	NaN	NaN	NaN	GF00000006	Rhodotorula_mucilaginosa_TFCN_17-0-2E337-3.cds.fa_00036	Rhodotorula_mucilaginosa_TFCN_17-0-2E337-3.cds.fa_00162	NaN	NaN	NaN	NaN	NaN	NaN	NaN	NaN	TFCN1702E3373_000037-T1	TFCN1702E3373_000165-T1
TFCN1702E3373_000037-T1__TFCN1702E3373_013886-T1	NaN	NaN	NaN	NaN	NaN	NaN	NaN	NaN	GF00000006	Rhodotorula_mucilaginosa_TFCN_17-0-2E337-3.cds.fa_00036	Rhodotorula_mucilaginosa_TFCN_17-0-2E337-3.cds.fa_13685	NaN	NaN	NaN	NaN	NaN	NaN	NaN	NaN	TFCN1702E3373_000037-T1	TFCN1702E3373_013886-T1
TFCN1702E3373_000037-T1__TFCN1702E3373_005200-T1	NaN	NaN	NaN	NaN	NaN	NaN	NaN	NaN	GF00000006	Rhodotorula_mucilaginosa_TFCN_17-0-2E337-3.cds.fa_00036	Rhodotorula_mucilaginosa_TFCN_17-0-2E337-3.cds.fa_05137	NaN	NaN	NaN	NaN	NaN	NaN	NaN	NaN	TFCN1702E3373_000037-T1	TFCN1702E3373_005200-T1
TFCN1702E3373_000037-T1__TFCN1702E3373_003536-T1	NaN	NaN	NaN	NaN	NaN	NaN	NaN	NaN	GF00000006	Rhodotorula_mucilaginosa_TFCN_17-0-2E337-3.cds.fa_00036	Rhodotorula_mucilaginosa_TFCN_17-0-2E337-3.cds.fa_03491	NaN	NaN	NaN	NaN	NaN	NaN	NaN	NaN	TFCN1702E3373_000037-T1	TFCN1702E3373_003536-T1
TFCN1702E3373_000037-T1__TFCN1702E3373_014747-T1	NaN	NaN	NaN	NaN	NaN	NaN	NaN	NaN	GF00000006	Rhodotorula_mucilaginosa_TFCN_17-0-2E337-3.cds.fa_00036	Rhodotorula_mucilaginosa_TFCN_17-0-2E337-3.cds.fa_14518	NaN	NaN	NaN	NaN	NaN	NaN	NaN	NaN	TFCN1702E3373_000037-T1	TFCN1702E3373_014747-T1
TFCN1702E3373_000037-T1__TFCN1702E3373_011855-T1	NaN	NaN	NaN	NaN	NaN	NaN	NaN	NaN	GF00000006	Rhodotorula_mucilaginosa_TFCN_17-0-2E337-3.cds.fa_00036	Rhodotorula_mucilaginosa_TFCN_17-0-2E337-3.cds.fa_11702	NaN	NaN	NaN	NaN	NaN	NaN	NaN	NaN	TFCN1702E3373_000037-T1	TFCN1702E3373_011855-T1
TFCN1702E3373_000037-T1__TFCN1702E3373_012203-T1	NaN	NaN	NaN	NaN	NaN	NaN	NaN	NaN	GF00000006	Rhodotorula_mucilaginosa_TFCN_17-0-2E337-3.cds.fa_00036	Rhodotorula_mucilaginosa_TFCN_17-0-2E337-3.cds.fa_12038	NaN	NaN	NaN	NaN	NaN	NaN	NaN	NaN	TFCN1702E3373_000037-T1	TFCN1702E3373_012203-T1
TFCN1702E3373_000165-T1__TFCN1702E3373_006968-T1	NaN	NaN	NaN	NaN	NaN	NaN	NaN	NaN	GF00000006	Rhodotorula_mucilaginosa_TFCN_17-0-2E337-3.cds.fa_06883	Rhodotorula_mucilaginosa_TFCN_17-0-2E337-3.cds.fa_00162	NaN	NaN	NaN	NaN	NaN	NaN	NaN	NaN	TFCN1702E3373_006968-T1	TFCN1702E3373_000165-T1
TFCN1702E3373_006968-T1__TFCN1702E3373_013886-T1	NaN	NaN	NaN	NaN	NaN	NaN	NaN	NaN	GF00000006	Rhodotorula_mucilaginosa_TFCN_17-0-2E337-3.cds.fa_06883	Rhodotorula_mucilaginosa_TFCN_17-0-2E337-3.cds.fa_13685	NaN	NaN	NaN	NaN	NaN	NaN	NaN	NaN	TFCN1702E3373_006968-T1	TFCN1702E3373_013886-T1
TFCN1702E3373_005200-T1__TFCN1702E3373_006968-T1	NaN	NaN	NaN	NaN	NaN	NaN	NaN	NaN	GF00000006	Rhodotorula_mucilaginosa_TFCN_17-0-2E337-3.cds.fa_06883	Rhodotorula_mucilaginosa_TFCN_17-0-2E337-3.cds.fa_05137	NaN	NaN	NaN	NaN	NaN	NaN	NaN	NaN	TFCN1702E3373_006968-T1	TFCN1702E3373_005200-T1
TFCN1702E3373_003536-T1__TFCN1702E3373_006968-T1	NaN	NaN	NaN	NaN	NaN	NaN	NaN	NaN	GF00000006	Rhodotorula_mucilaginosa_TFCN_17-0-2E337-3.cds.fa_06883	Rhodotorula_mucilaginosa_TFCN_17-0-2E337-3.cds.fa_03491	NaN	NaN	NaN	NaN	NaN	NaN	NaN	NaN	TFCN1702E3373_006968-T1	TFCN1702E3373_003536-T1
TFCN1702E3373_006968-T1__TFCN1702E3373_014747-T1	NaN	NaN	NaN	NaN	NaN	NaN	NaN	NaN	GF00000006	Rhodotorula_mucilaginosa_TFCN_17-0-2E337-3.cds.fa_06883	Rhodotorula_mucilaginosa_TFCN_17-0-2E337-3.cds.fa_14518	NaN	NaN	NaN	NaN	NaN	NaN	NaN	NaN	TFCN1702E3373_006968-T1	TFCN1702E3373_014747-T1
TFCN1702E3373_006968-T1__TFCN1702E3373_011855-T1	NaN	NaN	NaN	NaN	NaN	NaN	NaN	NaN	GF00000006	Rhodotorula_mucilaginosa_TFCN_17-0-2E337-3.cds.fa_06883	Rhodotorula_mucilaginosa_TFCN_17-0-2E337-3.cds.fa_11702	NaN	NaN	NaN	NaN	NaN	NaN	NaN	NaN	TFCN1702E3373_006968-T1	TFCN1702E3373_011855-T1
TFCN1702E3373_006968-T1__TFCN1702E3373_012203-T1	NaN	NaN	NaN	NaN	NaN	NaN	NaN	NaN	GF00000006	Rhodotorula_mucilaginosa_TFCN_17-0-2E337-3.cds.fa_06883	Rhodotorula_mucilaginosa_TFCN_17-0-2E337-3.cds.fa_12038	NaN	NaN	NaN	NaN	NaN	NaN	NaN	NaN	TFCN1702E3373_006968-T1	TFCN1702E3373_012203-T1
TFCN1702E3373_000165-T1__TFCN1702E3373_013886-T1	NaN	NaN	NaN	NaN	NaN	NaN	NaN	NaN	GF00000006	Rhodotorula_mucilaginosa_TFCN_17-0-2E337-3.cds.fa_00162	Rhodotorula_mucilaginosa_TFCN_17-0-2E337-3.cds.fa_13685	NaN	NaN	NaN	NaN	NaN	NaN	NaN	NaN	TFCN1702E3373_000165-T1	TFCN1702E3373_013886-T1
TFCN1702E3373_000165-T1__TFCN1702E3373_005200-T1	NaN	NaN	NaN	NaN	NaN	NaN	NaN	NaN	GF00000006	Rhodotorula_mucilaginosa_TFCN_17-0-2E337-3.cds.fa_00162	Rhodotorula_mucilaginosa_TFCN_17-0-2E337-3.cds.fa_05137	NaN	NaN	NaN	NaN	NaN	NaN	NaN	NaN	TFCN1702E3373_000165-T1	TFCN1702E3373_005200-T1
TFCN1702E3373_000165-T1__TFCN1702E3373_003536-T1	NaN	NaN	NaN	NaN	NaN	NaN	NaN	NaN	GF00000006	Rhodotorula_mucilaginosa_TFCN_17-0-2E337-3.cds.fa_00162	Rhodotorula_mucilaginosa_TFCN_17-0-2E337-3.cds.fa_03491	NaN	NaN	NaN	NaN	NaN	NaN	NaN	NaN	TFCN1702E3373_000165-T1	TFCN1702E3373_003536-T1
TFCN1702E3373_000165-T1__TFCN1702E3373_014747-T1	NaN	NaN	NaN	NaN	NaN	NaN	NaN	NaN	GF00000006	Rhodotorula_mucilaginosa_TFCN_17-0-2E337-3.cds.fa_00162	Rhodotorula_mucilaginosa_TFCN_17-0-2E337-3.cds.fa_14518	NaN	NaN	NaN	NaN	NaN	NaN	NaN	NaN	TFCN1702E3373_000165-T1	TFCN1702E3373_014747-T1
TFCN1702E3373_000165-T1__TFCN1702E3373_011855-T1	NaN	NaN	NaN	NaN	NaN	NaN	NaN	NaN	GF00000006	Rhodotorula_mucilaginosa_TFCN_17-0-2E337-3.cds.fa_00162	Rhodotorula_mucilaginosa_TFCN_17-0-2E337-3.cds.fa_11702	NaN	NaN	NaN	NaN	NaN	NaN	NaN	NaN	TFCN1702E3373_000165-T1	TFCN1702E3373_011855-T1
TFCN1702E3373_000165-T1__TFCN1702E3373_012203-T1	NaN	NaN	NaN	NaN	NaN	NaN	NaN	NaN	GF00000006	Rhodotorula_mucilaginosa_TFCN_17-0-2E337-3.cds.fa_00162	Rhodotorula_mucilaginosa_TFCN_17-0-2E337-3.cds.fa_12038	NaN	NaN	NaN	NaN	NaN	NaN	NaN	NaN	TFCN1702E3373_000165-T1	TFCN1702E3373_012203-T1
TFCN1702E3373_005200-T1__TFCN1702E3373_013886-T1	NaN	NaN	NaN	NaN	NaN	NaN	NaN	NaN	GF00000006	Rhodotorula_mucilaginosa_TFCN_17-0-2E337-3.cds.fa_13685	Rhodotorula_mucilaginosa_TFCN_17-0-2E337-3.cds.fa_05137	NaN	NaN	NaN	NaN	NaN	NaN	NaN	NaN	TFCN1702E3373_013886-T1	TFCN1702E3373_005200-T1
TFCN1702E3373_003536-T1__TFCN1702E3373_013886-T1	NaN	NaN	NaN	NaN	NaN	NaN	NaN	NaN	GF00000006	Rhodotorula_mucilaginosa_TFCN_17-0-2E337-3.cds.fa_13685	Rhodotorula_mucilaginosa_TFCN_17-0-2E337-3.cds.fa_03491	NaN	NaN	NaN	NaN	NaN	NaN	NaN	NaN	TFCN1702E3373_013886-T1	TFCN1702E3373_003536-T1
TFCN1702E3373_013886-T1__TFCN1702E3373_014747-T1	NaN	NaN	NaN	NaN	NaN	NaN	NaN	NaN	GF00000006	Rhodotorula_mucilaginosa_TFCN_17-0-2E337-3.cds.fa_13685	Rhodotorula_mucilaginosa_TFCN_17-0-2E337-3.cds.fa_14518	NaN	NaN	NaN	NaN	NaN	NaN	NaN	NaN	TFCN1702E3373_013886-T1	TFCN1702E3373_014747-T1
TFCN1702E3373_011855-T1__TFCN1702E3373_013886-T1	NaN	NaN	NaN	NaN	NaN	NaN	NaN	NaN	GF00000006	Rhodotorula_mucilaginosa_TFCN_17-0-2E337-3.cds.fa_13685	Rhodotorula_mucilaginosa_TFCN_17-0-2E337-3.cds.fa_11702	NaN	NaN	NaN	NaN	NaN	NaN	NaN	NaN	TFCN1702E3373_013886-T1	TFCN1702E3373_011855-T1
TFCN1702E3373_012203-T1__TFCN1702E3373_013886-T1	NaN	NaN	NaN	NaN	NaN	NaN	NaN	NaN	GF00000006	Rhodotorula_mucilaginosa_TFCN_17-0-2E337-3.cds.fa_13685	Rhodotorula_mucilaginosa_TFCN_17-0-2E337-3.cds.fa_12038	NaN	NaN	NaN	NaN	NaN	NaN	NaN	NaN	TFCN1702E3373_013886-T1	TFCN1702E3373_012203-T1
TFCN1702E3373_003536-T1__TFCN1702E3373_005200-T1	NaN	NaN	NaN	NaN	NaN	NaN	NaN	NaN	GF00000006	Rhodotorula_mucilaginosa_TFCN_17-0-2E337-3.cds.fa_05137	Rhodotorula_mucilaginosa_TFCN_17-0-2E337-3.cds.fa_03491	NaN	NaN	NaN	NaN	NaN	NaN	NaN	NaN	TFCN1702E3373_005200-T1	TFCN1702E3373_003536-T1
TFCN1702E3373_005200-T1__TFCN1702E3373_014747-T1	NaN	NaN	NaN	NaN	NaN	NaN	NaN	NaN	GF00000006	Rhodotorula_mucilaginosa_TFCN_17-0-2E337-3.cds.fa_05137	Rhodotorula_mucilaginosa_TFCN_17-0-2E337-3.cds.fa_14518	NaN	NaN	NaN	NaN	NaN	NaN	NaN	NaN	TFCN1702E3373_005200-T1	TFCN1702E3373_014747-T1
TFCN1702E3373_005200-T1__TFCN1702E3373_011855-T1	NaN	NaN	NaN	NaN	NaN	NaN	NaN	NaN	GF00000006	Rhodotorula_mucilaginosa_TFCN_17-0-2E337-3.cds.fa_05137	Rhodotorula_mucilaginosa_TFCN_17-0-2E337-3.cds.fa_11702	NaN	NaN	NaN	NaN	NaN	NaN	NaN	NaN	TFCN1702E3373_005200-T1	TFCN1702E3373_011855-T1
TFCN1702E3373_005200-T1__TFCN1702E3373_012203-T1	NaN	NaN	NaN	NaN	NaN	NaN	NaN	NaN	GF00000006	Rhodotorula_mucilaginosa_TFCN_17-0-2E337-3.cds.fa_05137	Rhodotorula_mucilaginosa_TFCN_17-0-2E337-3.cds.fa_12038	NaN	NaN	NaN	NaN	NaN	NaN	NaN	NaN	TFCN1702E3373_005200-T1	TFCN1702E3373_012203-T1
TFCN1702E3373_003536-T1__TFCN1702E3373_014747-T1	NaN	NaN	NaN	NaN	NaN	NaN	NaN	NaN	GF00000006	Rhodotorula_mucilaginosa_TFCN_17-0-2E337-3.cds.fa_03491	Rhodotorula_mucilaginosa_TFCN_17-0-2E337-3.cds.fa_14518	NaN	NaN	NaN	NaN	NaN	NaN	NaN	NaN	TFCN1702E3373_003536-T1	TFCN1702E3373_014747-T1
TFCN1702E3373_003536-T1__TFCN1702E3373_011855-T1	NaN	NaN	NaN	NaN	NaN	NaN	NaN	NaN	GF00000006	Rhodotorula_mucilaginosa_TFCN_17-0-2E337-3.cds.fa_03491	Rhodotorula_mucilaginosa_TFCN_17-0-2E337-3.cds.fa_11702	NaN	NaN	NaN	NaN	NaN	NaN	NaN	NaN	TFCN1702E3373_003536-T1	TFCN1702E3373_011855-T1
TFCN1702E3373_003536-T1__TFCN1702E3373_012203-T1	NaN	NaN	NaN	NaN	NaN	NaN	NaN	NaN	GF00000006	Rhodotorula_mucilaginosa_TFCN_17-0-2E337-3.cds.fa_03491	Rhodotorula_mucilaginosa_TFCN_17-0-2E337-3.cds.fa_12038	NaN	NaN	NaN	NaN	NaN	NaN	NaN	NaN	TFCN1702E3373_003536-T1	TFCN1702E3373_012203-T1
TFCN1702E3373_011855-T1__TFCN1702E3373_014747-T1	NaN	NaN	NaN	NaN	NaN	NaN	NaN	NaN	GF00000006	Rhodotorula_mucilaginosa_TFCN_17-0-2E337-3.cds.fa_14518	Rhodotorula_mucilaginosa_TFCN_17-0-2E337-3.cds.fa_11702	NaN	NaN	NaN	NaN	NaN	NaN	NaN	NaN	TFCN1702E3373_014747-T1	TFCN1702E3373_011855-T1
TFCN1702E3373_012203-T1__TFCN1702E3373_014747-T1	NaN	NaN	NaN	NaN	NaN	NaN	NaN	NaN	GF00000006	Rhodotorula_mucilaginosa_TFCN_17-0-2E337-3.cds.fa_14518	Rhodotorula_mucilaginosa_TFCN_17-0-2E337-3.cds.fa_12038	NaN	NaN	NaN	NaN	NaN	NaN	NaN	NaN	TFCN1702E3373_014747-T1	TFCN1702E3373_012203-T1
TFCN1702E3373_011855-T1__TFCN1702E3373_012203-T1	NaN	NaN	NaN	NaN	NaN	NaN	NaN	NaN	GF00000006	Rhodotorula_mucilaginosa_TFCN_17-0-2E337-3.cds.fa_11702	Rhodotorula_mucilaginosa_TFCN_17-0-2E337-3.cds.fa_12038	NaN	NaN	NaN	NaN	NaN	NaN	NaN	NaN	TFCN1702E3373_011855-T1	TFCN1702E3373_012203-T1
TFCN1702E3373_003245-T1__TFCN1702E3373_007290-T1	NaN	NaN	NaN	NaN	NaN	NaN	NaN	NaN	GF00000007	Rhodotorula_mucilaginosa_TFCN_17-0-2E337-3.cds.fa_07205	Rhodotorula_mucilaginosa_TFCN_17-0-2E337-3.cds.fa_03202	NaN	NaN	NaN	NaN	NaN	NaN	NaN	NaN	TFCN1702E3373_007290-T1	TFCN1702E3373_003245-T1
TFCN1702E3373_005354-T1__TFCN1702E3373_007290-T1	NaN	NaN	NaN	NaN	NaN	NaN	NaN	NaN	GF00000007	Rhodotorula_mucilaginosa_TFCN_17-0-2E337-3.cds.fa_07205	Rhodotorula_mucilaginosa_TFCN_17-0-2E337-3.cds.fa_05289	NaN	NaN	NaN	NaN	NaN	NaN	NaN	NaN	TFCN1702E3373_007290-T1	TFCN1702E3373_005354-T1
TFCN1702E3373_007290-T1__TFCN1702E3373_010137-T1	NaN	NaN	NaN	NaN	NaN	NaN	NaN	NaN	GF00000007	Rhodotorula_mucilaginosa_TFCN_17-0-2E337-3.cds.fa_07205	Rhodotorula_mucilaginosa_TFCN_17-0-2E337-3.cds.fa_10016	NaN	NaN	NaN	NaN	NaN	NaN	NaN	NaN	TFCN1702E3373_007290-T1	TFCN1702E3373_010137-T1
TFCN1702E3373_007290-T1__TFCN1702E3373_008670-T1	NaN	NaN	NaN	NaN	NaN	NaN	NaN	NaN	GF00000007	Rhodotorula_mucilaginosa_TFCN_17-0-2E337-3.cds.fa_07205	Rhodotorula_mucilaginosa_TFCN_17-0-2E337-3.cds.fa_08560	NaN	NaN	NaN	NaN	NaN	NaN	NaN	NaN	TFCN1702E3373_007290-T1	TFCN1702E3373_008670-T1
TFCN1702E3373_007290-T1__TFCN1702E3373_011102-T1	NaN	NaN	NaN	NaN	NaN	NaN	NaN	NaN	GF00000007	Rhodotorula_mucilaginosa_TFCN_17-0-2E337-3.cds.fa_07205	Rhodotorula_mucilaginosa_TFCN_17-0-2E337-3.cds.fa_10956	NaN	NaN	NaN	NaN	NaN	NaN	NaN	NaN	TFCN1702E3373_007290-T1	TFCN1702E3373_011102-T1
TFCN1702E3373_007290-T1__TFCN1702E3373_014398-T1	NaN	NaN	NaN	NaN	NaN	NaN	NaN	NaN	GF00000007	Rhodotorula_mucilaginosa_TFCN_17-0-2E337-3.cds.fa_07205	Rhodotorula_mucilaginosa_TFCN_17-0-2E337-3.cds.fa_14190	NaN	NaN	NaN	NaN	NaN	NaN	NaN	NaN	TFCN1702E3373_007290-T1	TFCN1702E3373_014398-T1
TFCN1702E3373_002476-T1__TFCN1702E3373_007290-T1	NaN	NaN	NaN	NaN	NaN	NaN	NaN	NaN	GF00000007	Rhodotorula_mucilaginosa_TFCN_17-0-2E337-3.cds.fa_07205	Rhodotorula_mucilaginosa_TFCN_17-0-2E337-3.cds.fa_02450	NaN	NaN	NaN	NaN	NaN	NaN	NaN	NaN	TFCN1702E3373_007290-T1	TFCN1702E3373_002476-T1
TFCN1702E3373_007290-T1__TFCN1702E3373_014482-T1	NaN	NaN	NaN	NaN	NaN	NaN	NaN	NaN	GF00000007	Rhodotorula_mucilaginosa_TFCN_17-0-2E337-3.cds.fa_07205	Rhodotorula_mucilaginosa_TFCN_17-0-2E337-3.cds.fa_14274	NaN	NaN	NaN	NaN	NaN	NaN	NaN	NaN	TFCN1702E3373_007290-T1	TFCN1702E3373_014482-T1
TFCN1702E3373_005358-T1__TFCN1702E3373_007290-T1	NaN	NaN	NaN	NaN	NaN	NaN	NaN	NaN	GF00000007	Rhodotorula_mucilaginosa_TFCN_17-0-2E337-3.cds.fa_07205	Rhodotorula_mucilaginosa_TFCN_17-0-2E337-3.cds.fa_05293	NaN	NaN	NaN	NaN	NaN	NaN	NaN	NaN	TFCN1702E3373_007290-T1	TFCN1702E3373_005358-T1
TFCN1702E3373_007290-T1__TFCN1702E3373_011106-T1	NaN	NaN	NaN	NaN	NaN	NaN	NaN	NaN	GF00000007	Rhodotorula_mucilaginosa_TFCN_17-0-2E337-3.cds.fa_07205	Rhodotorula_mucilaginosa_TFCN_17-0-2E337-3.cds.fa_10960	NaN	NaN	NaN	NaN	NaN	NaN	NaN	NaN	TFCN1702E3373_007290-T1	TFCN1702E3373_011106-T1
TFCN1702E3373_003106-T1__TFCN1702E3373_007290-T1	NaN	NaN	NaN	NaN	NaN	NaN	NaN	NaN	GF00000007	Rhodotorula_mucilaginosa_TFCN_17-0-2E337-3.cds.fa_07205	Rhodotorula_mucilaginosa_TFCN_17-0-2E337-3.cds.fa_03064	NaN	NaN	NaN	NaN	NaN	NaN	NaN	NaN	TFCN1702E3373_007290-T1	TFCN1702E3373_003106-T1
TFCN1702E3373_004154-T1__TFCN1702E3373_007290-T1	NaN	NaN	NaN	NaN	NaN	NaN	NaN	NaN	GF00000007	Rhodotorula_mucilaginosa_TFCN_17-0-2E337-3.cds.fa_07205	Rhodotorula_mucilaginosa_TFCN_17-0-2E337-3.cds.fa_04098	NaN	NaN	NaN	NaN	NaN	NaN	NaN	NaN	TFCN1702E3373_007290-T1	TFCN1702E3373_004154-T1
TFCN1702E3373_006203-T1__TFCN1702E3373_007290-T1	NaN	NaN	NaN	NaN	NaN	NaN	NaN	NaN	GF00000007	Rhodotorula_mucilaginosa_TFCN_17-0-2E337-3.cds.fa_07205	Rhodotorula_mucilaginosa_TFCN_17-0-2E337-3.cds.fa_06133	NaN	NaN	NaN	NaN	NaN	NaN	NaN	NaN	TFCN1702E3373_007290-T1	TFCN1702E3373_006203-T1
TFCN1702E3373_004353-T1__TFCN1702E3373_007290-T1	NaN	NaN	NaN	NaN	NaN	NaN	NaN	NaN	GF00000007	Rhodotorula_mucilaginosa_TFCN_17-0-2E337-3.cds.fa_07205	Rhodotorula_mucilaginosa_TFCN_17-0-2E337-3.cds.fa_04297	NaN	NaN	NaN	NaN	NaN	NaN	NaN	NaN	TFCN1702E3373_007290-T1	TFCN1702E3373_004353-T1
TFCN1702E3373_000473-T1__TFCN1702E3373_007290-T1	NaN	NaN	NaN	NaN	NaN	NaN	NaN	NaN	GF00000007	Rhodotorula_mucilaginosa_TFCN_17-0-2E337-3.cds.fa_07205	Rhodotorula_mucilaginosa_TFCN_17-0-2E337-3.cds.fa_00468	NaN	NaN	NaN	NaN	NaN	NaN	NaN	NaN	TFCN1702E3373_007290-T1	TFCN1702E3373_000473-T1
TFCN1702E3373_007154-T1__TFCN1702E3373_007290-T1	NaN	NaN	NaN	NaN	NaN	NaN	NaN	NaN	GF00000007	Rhodotorula_mucilaginosa_TFCN_17-0-2E337-3.cds.fa_07205	Rhodotorula_mucilaginosa_TFCN_17-0-2E337-3.cds.fa_07069	NaN	NaN	NaN	NaN	NaN	NaN	NaN	NaN	TFCN1702E3373_007290-T1	TFCN1702E3373_007154-T1
TFCN1702E3373_001004-T1__TFCN1702E3373_007290-T1	NaN	NaN	NaN	NaN	NaN	NaN	NaN	NaN	GF00000007	Rhodotorula_mucilaginosa_TFCN_17-0-2E337-3.cds.fa_07205	Rhodotorula_mucilaginosa_TFCN_17-0-2E337-3.cds.fa_00996	NaN	NaN	NaN	NaN	NaN	NaN	NaN	NaN	TFCN1702E3373_007290-T1	TFCN1702E3373_001004-T1
TFCN1702E3373_007290-T1__TFCN1702E3373_008224-T1	NaN	NaN	NaN	NaN	NaN	NaN	NaN	NaN	GF00000007	Rhodotorula_mucilaginosa_TFCN_17-0-2E337-3.cds.fa_07205	Rhodotorula_mucilaginosa_TFCN_17-0-2E337-3.cds.fa_08127	NaN	NaN	NaN	NaN	NaN	NaN	NaN	NaN	TFCN1702E3373_007290-T1	TFCN1702E3373_008224-T1
TFCN1702E3373_007078-T1__TFCN1702E3373_007290-T1	NaN	NaN	NaN	NaN	NaN	NaN	NaN	NaN	GF00000007	Rhodotorula_mucilaginosa_TFCN_17-0-2E337-3.cds.fa_07205	Rhodotorula_mucilaginosa_TFCN_17-0-2E337-3.cds.fa_06993	NaN	NaN	NaN	NaN	NaN	NaN	NaN	NaN	TFCN1702E3373_007290-T1	TFCN1702E3373_007078-T1
TFCN1702E3373_002750-T1__TFCN1702E3373_007290-T1	NaN	NaN	NaN	NaN	NaN	NaN	NaN	NaN	GF00000007	Rhodotorula_mucilaginosa_TFCN_17-0-2E337-3.cds.fa_07205	Rhodotorula_mucilaginosa_TFCN_17-0-2E337-3.cds.fa_02716	NaN	NaN	NaN	NaN	NaN	NaN	NaN	NaN	TFCN1702E3373_007290-T1	TFCN1702E3373_002750-T1
TFCN1702E3373_003245-T1__TFCN1702E3373_005354-T1	NaN	NaN	NaN	NaN	NaN	NaN	NaN	NaN	GF00000007	Rhodotorula_mucilaginosa_TFCN_17-0-2E337-3.cds.fa_03202	Rhodotorula_mucilaginosa_TFCN_17-0-2E337-3.cds.fa_05289	NaN	NaN	NaN	NaN	NaN	NaN	NaN	NaN	TFCN1702E3373_003245-T1	TFCN1702E3373_005354-T1
TFCN1702E3373_003245-T1__TFCN1702E3373_010137-T1	NaN	NaN	NaN	NaN	NaN	NaN	NaN	NaN	GF00000007	Rhodotorula_mucilaginosa_TFCN_17-0-2E337-3.cds.fa_03202	Rhodotorula_mucilaginosa_TFCN_17-0-2E337-3.cds.fa_10016	NaN	NaN	NaN	NaN	NaN	NaN	NaN	NaN	TFCN1702E3373_003245-T1	TFCN1702E3373_010137-T1
TFCN1702E3373_003245-T1__TFCN1702E3373_008670-T1	NaN	NaN	NaN	NaN	NaN	NaN	NaN	NaN	GF00000007	Rhodotorula_mucilaginosa_TFCN_17-0-2E337-3.cds.fa_03202	Rhodotorula_mucilaginosa_TFCN_17-0-2E337-3.cds.fa_08560	NaN	NaN	NaN	NaN	NaN	NaN	NaN	NaN	TFCN1702E3373_003245-T1	TFCN1702E3373_008670-T1
TFCN1702E3373_003245-T1__TFCN1702E3373_011102-T1	NaN	NaN	NaN	NaN	NaN	NaN	NaN	NaN	GF00000007	Rhodotorula_mucilaginosa_TFCN_17-0-2E337-3.cds.fa_03202	Rhodotorula_mucilaginosa_TFCN_17-0-2E337-3.cds.fa_10956	NaN	NaN	NaN	NaN	NaN	NaN	NaN	NaN	TFCN1702E3373_003245-T1	TFCN1702E3373_011102-T1
TFCN1702E3373_003245-T1__TFCN1702E3373_014398-T1	NaN	NaN	NaN	NaN	NaN	NaN	NaN	NaN	GF00000007	Rhodotorula_mucilaginosa_TFCN_17-0-2E337-3.cds.fa_03202	Rhodotorula_mucilaginosa_TFCN_17-0-2E337-3.cds.fa_14190	NaN	NaN	NaN	NaN	NaN	NaN	NaN	NaN	TFCN1702E3373_003245-T1	TFCN1702E3373_014398-T1
TFCN1702E3373_002476-T1__TFCN1702E3373_003245-T1	NaN	NaN	NaN	NaN	NaN	NaN	NaN	NaN	GF00000007	Rhodotorula_mucilaginosa_TFCN_17-0-2E337-3.cds.fa_03202	Rhodotorula_mucilaginosa_TFCN_17-0-2E337-3.cds.fa_02450	NaN	NaN	NaN	NaN	NaN	NaN	NaN	NaN	TFCN1702E3373_003245-T1	TFCN1702E3373_002476-T1
TFCN1702E3373_003245-T1__TFCN1702E3373_014482-T1	NaN	NaN	NaN	NaN	NaN	NaN	NaN	NaN	GF00000007	Rhodotorula_mucilaginosa_TFCN_17-0-2E337-3.cds.fa_03202	Rhodotorula_mucilaginosa_TFCN_17-0-2E337-3.cds.fa_14274	NaN	NaN	NaN	NaN	NaN	NaN	NaN	NaN	TFCN1702E3373_003245-T1	TFCN1702E3373_014482-T1
TFCN1702E3373_003245-T1__TFCN1702E3373_005358-T1	NaN	NaN	NaN	NaN	NaN	NaN	NaN	NaN	GF00000007	Rhodotorula_mucilaginosa_TFCN_17-0-2E337-3.cds.fa_03202	Rhodotorula_mucilaginosa_TFCN_17-0-2E337-3.cds.fa_05293	NaN	NaN	NaN	NaN	NaN	NaN	NaN	NaN	TFCN1702E3373_003245-T1	TFCN1702E3373_005358-T1
TFCN1702E3373_003245-T1__TFCN1702E3373_011106-T1	NaN	NaN	NaN	NaN	NaN	NaN	NaN	NaN	GF00000007	Rhodotorula_mucilaginosa_TFCN_17-0-2E337-3.cds.fa_03202	Rhodotorula_mucilaginosa_TFCN_17-0-2E337-3.cds.fa_10960	NaN	NaN	NaN	NaN	NaN	NaN	NaN	NaN	TFCN1702E3373_003245-T1	TFCN1702E3373_011106-T1
TFCN1702E3373_003106-T1__TFCN1702E3373_003245-T1	NaN	NaN	NaN	NaN	NaN	NaN	NaN	NaN	GF00000007	Rhodotorula_mucilaginosa_TFCN_17-0-2E337-3.cds.fa_03202	Rhodotorula_mucilaginosa_TFCN_17-0-2E337-3.cds.fa_03064	NaN	NaN	NaN	NaN	NaN	NaN	NaN	NaN	TFCN1702E3373_003245-T1	TFCN1702E3373_003106-T1
TFCN1702E3373_003245-T1__TFCN1702E3373_004154-T1	NaN	NaN	NaN	NaN	NaN	NaN	NaN	NaN	GF00000007	Rhodotorula_mucilaginosa_TFCN_17-0-2E337-3.cds.fa_03202	Rhodotorula_mucilaginosa_TFCN_17-0-2E337-3.cds.fa_04098	NaN	NaN	NaN	NaN	NaN	NaN	NaN	NaN	TFCN1702E3373_003245-T1	TFCN1702E3373_004154-T1
TFCN1702E3373_003245-T1__TFCN1702E3373_006203-T1	NaN	NaN	NaN	NaN	NaN	NaN	NaN	NaN	GF00000007	Rhodotorula_mucilaginosa_TFCN_17-0-2E337-3.cds.fa_03202	Rhodotorula_mucilaginosa_TFCN_17-0-2E337-3.cds.fa_06133	NaN	NaN	NaN	NaN	NaN	NaN	NaN	NaN	TFCN1702E3373_003245-T1	TFCN1702E3373_006203-T1
TFCN1702E3373_003245-T1__TFCN1702E3373_004353-T1	NaN	NaN	NaN	NaN	NaN	NaN	NaN	NaN	GF00000007	Rhodotorula_mucilaginosa_TFCN_17-0-2E337-3.cds.fa_03202	Rhodotorula_mucilaginosa_TFCN_17-0-2E337-3.cds.fa_04297	NaN	NaN	NaN	NaN	NaN	NaN	NaN	NaN	TFCN1702E3373_003245-T1	TFCN1702E3373_004353-T1
TFCN1702E3373_000473-T1__TFCN1702E3373_003245-T1	NaN	NaN	NaN	NaN	NaN	NaN	NaN	NaN	GF00000007	Rhodotorula_mucilaginosa_TFCN_17-0-2E337-3.cds.fa_03202	Rhodotorula_mucilaginosa_TFCN_17-0-2E337-3.cds.fa_00468	NaN	NaN	NaN	NaN	NaN	NaN	NaN	NaN	TFCN1702E3373_003245-T1	TFCN1702E3373_000473-T1
TFCN1702E3373_003245-T1__TFCN1702E3373_007154-T1	NaN	NaN	NaN	NaN	NaN	NaN	NaN	NaN	GF00000007	Rhodotorula_mucilaginosa_TFCN_17-0-2E337-3.cds.fa_03202	Rhodotorula_mucilaginosa_TFCN_17-0-2E337-3.cds.fa_07069	NaN	NaN	NaN	NaN	NaN	NaN	NaN	NaN	TFCN1702E3373_003245-T1	TFCN1702E3373_007154-T1
TFCN1702E3373_001004-T1__TFCN1702E3373_003245-T1	NaN	NaN	NaN	NaN	NaN	NaN	NaN	NaN	GF00000007	Rhodotorula_mucilaginosa_TFCN_17-0-2E337-3.cds.fa_03202	Rhodotorula_mucilaginosa_TFCN_17-0-2E337-3.cds.fa_00996	NaN	NaN	NaN	NaN	NaN	NaN	NaN	NaN	TFCN1702E3373_003245-T1	TFCN1702E3373_001004-T1
TFCN1702E3373_003245-T1__TFCN1702E3373_008224-T1	NaN	NaN	NaN	NaN	NaN	NaN	NaN	NaN	GF00000007	Rhodotorula_mucilaginosa_TFCN_17-0-2E337-3.cds.fa_03202	Rhodotorula_mucilaginosa_TFCN_17-0-2E337-3.cds.fa_08127	NaN	NaN	NaN	NaN	NaN	NaN	NaN	NaN	TFCN1702E3373_003245-T1	TFCN1702E3373_008224-T1
TFCN1702E3373_003245-T1__TFCN1702E3373_007078-T1	NaN	NaN	NaN	NaN	NaN	NaN	NaN	NaN	GF00000007	Rhodotorula_mucilaginosa_TFCN_17-0-2E337-3.cds.fa_03202	Rhodotorula_mucilaginosa_TFCN_17-0-2E337-3.cds.fa_06993	NaN	NaN	NaN	NaN	NaN	NaN	NaN	NaN	TFCN1702E3373_003245-T1	TFCN1702E3373_007078-T1
TFCN1702E3373_002750-T1__TFCN1702E3373_003245-T1	NaN	NaN	NaN	NaN	NaN	NaN	NaN	NaN	GF00000007	Rhodotorula_mucilaginosa_TFCN_17-0-2E337-3.cds.fa_03202	Rhodotorula_mucilaginosa_TFCN_17-0-2E337-3.cds.fa_02716	NaN	NaN	NaN	NaN	NaN	NaN	NaN	NaN	TFCN1702E3373_003245-T1	TFCN1702E3373_002750-T1
TFCN1702E3373_005354-T1__TFCN1702E3373_010137-T1	NaN	NaN	NaN	NaN	NaN	NaN	NaN	NaN	GF00000007	Rhodotorula_mucilaginosa_TFCN_17-0-2E337-3.cds.fa_05289	Rhodotorula_mucilaginosa_TFCN_17-0-2E337-3.cds.fa_10016	NaN	NaN	NaN	NaN	NaN	NaN	NaN	NaN	TFCN1702E3373_005354-T1	TFCN1702E3373_010137-T1
TFCN1702E3373_005354-T1__TFCN1702E3373_008670-T1	NaN	NaN	NaN	NaN	NaN	NaN	NaN	NaN	GF00000007	Rhodotorula_mucilaginosa_TFCN_17-0-2E337-3.cds.fa_05289	Rhodotorula_mucilaginosa_TFCN_17-0-2E337-3.cds.fa_08560	NaN	NaN	NaN	NaN	NaN	NaN	NaN	NaN	TFCN1702E3373_005354-T1	TFCN1702E3373_008670-T1
TFCN1702E3373_005354-T1__TFCN1702E3373_011102-T1	NaN	NaN	NaN	NaN	NaN	NaN	NaN	NaN	GF00000007	Rhodotorula_mucilaginosa_TFCN_17-0-2E337-3.cds.fa_05289	Rhodotorula_mucilaginosa_TFCN_17-0-2E337-3.cds.fa_10956	NaN	NaN	NaN	NaN	NaN	NaN	NaN	NaN	TFCN1702E3373_005354-T1	TFCN1702E3373_011102-T1
TFCN1702E3373_005354-T1__TFCN1702E3373_014398-T1	NaN	NaN	NaN	NaN	NaN	NaN	NaN	NaN	GF00000007	Rhodotorula_mucilaginosa_TFCN_17-0-2E337-3.cds.fa_05289	Rhodotorula_mucilaginosa_TFCN_17-0-2E337-3.cds.fa_14190	NaN	NaN	NaN	NaN	NaN	NaN	NaN	NaN	TFCN1702E3373_005354-T1	TFCN1702E3373_014398-T1
TFCN1702E3373_002476-T1__TFCN1702E3373_005354-T1	NaN	NaN	NaN	NaN	NaN	NaN	NaN	NaN	GF00000007	Rhodotorula_mucilaginosa_TFCN_17-0-2E337-3.cds.fa_05289	Rhodotorula_mucilaginosa_TFCN_17-0-2E337-3.cds.fa_02450	NaN	NaN	NaN	NaN	NaN	NaN	NaN	NaN	TFCN1702E3373_005354-T1	TFCN1702E3373_002476-T1
TFCN1702E3373_005354-T1__TFCN1702E3373_014482-T1	NaN	NaN	NaN	NaN	NaN	NaN	NaN	NaN	GF00000007	Rhodotorula_mucilaginosa_TFCN_17-0-2E337-3.cds.fa_05289	Rhodotorula_mucilaginosa_TFCN_17-0-2E337-3.cds.fa_14274	NaN	NaN	NaN	NaN	NaN	NaN	NaN	NaN	TFCN1702E3373_005354-T1	TFCN1702E3373_014482-T1
TFCN1702E3373_005354-T1__TFCN1702E3373_005358-T1	NaN	NaN	NaN	NaN	NaN	NaN	NaN	NaN	GF00000007	Rhodotorula_mucilaginosa_TFCN_17-0-2E337-3.cds.fa_05289	Rhodotorula_mucilaginosa_TFCN_17-0-2E337-3.cds.fa_05293	NaN	NaN	NaN	NaN	NaN	NaN	NaN	NaN	TFCN1702E3373_005354-T1	TFCN1702E3373_005358-T1
TFCN1702E3373_005354-T1__TFCN1702E3373_011106-T1	NaN	NaN	NaN	NaN	NaN	NaN	NaN	NaN	GF00000007	Rhodotorula_mucilaginosa_TFCN_17-0-2E337-3.cds.fa_05289	Rhodotorula_mucilaginosa_TFCN_17-0-2E337-3.cds.fa_10960	NaN	NaN	NaN	NaN	NaN	NaN	NaN	NaN	TFCN1702E3373_005354-T1	TFCN1702E3373_011106-T1
TFCN1702E3373_003106-T1__TFCN1702E3373_005354-T1	NaN	NaN	NaN	NaN	NaN	NaN	NaN	NaN	GF00000007	Rhodotorula_mucilaginosa_TFCN_17-0-2E337-3.cds.fa_05289	Rhodotorula_mucilaginosa_TFCN_17-0-2E337-3.cds.fa_03064	NaN	NaN	NaN	NaN	NaN	NaN	NaN	NaN	TFCN1702E3373_005354-T1	TFCN1702E3373_003106-T1
TFCN1702E3373_004154-T1__TFCN1702E3373_005354-T1	NaN	NaN	NaN	NaN	NaN	NaN	NaN	NaN	GF00000007	Rhodotorula_mucilaginosa_TFCN_17-0-2E337-3.cds.fa_05289	Rhodotorula_mucilaginosa_TFCN_17-0-2E337-3.cds.fa_04098	NaN	NaN	NaN	NaN	NaN	NaN	NaN	NaN	TFCN1702E3373_005354-T1	TFCN1702E3373_004154-T1
TFCN1702E3373_005354-T1__TFCN1702E3373_006203-T1	NaN	NaN	NaN	NaN	NaN	NaN	NaN	NaN	GF00000007	Rhodotorula_mucilaginosa_TFCN_17-0-2E337-3.cds.fa_05289	Rhodotorula_mucilaginosa_TFCN_17-0-2E337-3.cds.fa_06133	NaN	NaN	NaN	NaN	NaN	NaN	NaN	NaN	TFCN1702E3373_005354-T1	TFCN1702E3373_006203-T1
TFCN1702E3373_004353-T1__TFCN1702E3373_005354-T1	NaN	NaN	NaN	NaN	NaN	NaN	NaN	NaN	GF00000007	Rhodotorula_mucilaginosa_TFCN_17-0-2E337-3.cds.fa_05289	Rhodotorula_mucilaginosa_TFCN_17-0-2E337-3.cds.fa_04297	NaN	NaN	NaN	NaN	NaN	NaN	NaN	NaN	TFCN1702E3373_005354-T1	TFCN1702E3373_004353-T1
TFCN1702E3373_000473-T1__TFCN1702E3373_005354-T1	NaN	NaN	NaN	NaN	NaN	NaN	NaN	NaN	GF00000007	Rhodotorula_mucilaginosa_TFCN_17-0-2E337-3.cds.fa_05289	Rhodotorula_mucilaginosa_TFCN_17-0-2E337-3.cds.fa_00468	NaN	NaN	NaN	NaN	NaN	NaN	NaN	NaN	TFCN1702E3373_005354-T1	TFCN1702E3373_000473-T1
TFCN1702E3373_005354-T1__TFCN1702E3373_007154-T1	NaN	NaN	NaN	NaN	NaN	NaN	NaN	NaN	GF00000007	Rhodotorula_mucilaginosa_TFCN_17-0-2E337-3.cds.fa_05289	Rhodotorula_mucilaginosa_TFCN_17-0-2E337-3.cds.fa_07069	NaN	NaN	NaN	NaN	NaN	NaN	NaN	NaN	TFCN1702E3373_005354-T1	TFCN1702E3373_007154-T1
TFCN1702E3373_001004-T1__TFCN1702E3373_005354-T1	NaN	NaN	NaN	NaN	NaN	NaN	NaN	NaN	GF00000007	Rhodotorula_mucilaginosa_TFCN_17-0-2E337-3.cds.fa_05289	Rhodotorula_mucilaginosa_TFCN_17-0-2E337-3.cds.fa_00996	NaN	NaN	NaN	NaN	NaN	NaN	NaN	NaN	TFCN1702E3373_005354-T1	TFCN1702E3373_001004-T1
TFCN1702E3373_005354-T1__TFCN1702E3373_008224-T1	NaN	NaN	NaN	NaN	NaN	NaN	NaN	NaN	GF00000007	Rhodotorula_mucilaginosa_TFCN_17-0-2E337-3.cds.fa_05289	Rhodotorula_mucilaginosa_TFCN_17-0-2E337-3.cds.fa_08127	NaN	NaN	NaN	NaN	NaN	NaN	NaN	NaN	TFCN1702E3373_005354-T1	TFCN1702E3373_008224-T1
TFCN1702E3373_005354-T1__TFCN1702E3373_007078-T1	NaN	NaN	NaN	NaN	NaN	NaN	NaN	NaN	GF00000007	Rhodotorula_mucilaginosa_TFCN_17-0-2E337-3.cds.fa_05289	Rhodotorula_mucilaginosa_TFCN_17-0-2E337-3.cds.fa_06993	NaN	NaN	NaN	NaN	NaN	NaN	NaN	NaN	TFCN1702E3373_005354-T1	TFCN1702E3373_007078-T1
TFCN1702E3373_002750-T1__TFCN1702E3373_005354-T1	NaN	NaN	NaN	NaN	NaN	NaN	NaN	NaN	GF00000007	Rhodotorula_mucilaginosa_TFCN_17-0-2E337-3.cds.fa_05289	Rhodotorula_mucilaginosa_TFCN_17-0-2E337-3.cds.fa_02716	NaN	NaN	NaN	NaN	NaN	NaN	NaN	NaN	TFCN1702E3373_005354-T1	TFCN1702E3373_002750-T1
TFCN1702E3373_008670-T1__TFCN1702E3373_010137-T1	NaN	NaN	NaN	NaN	NaN	NaN	NaN	NaN	GF00000007	Rhodotorula_mucilaginosa_TFCN_17-0-2E337-3.cds.fa_10016	Rhodotorula_mucilaginosa_TFCN_17-0-2E337-3.cds.fa_08560	NaN	NaN	NaN	NaN	NaN	NaN	NaN	NaN	TFCN1702E3373_010137-T1	TFCN1702E3373_008670-T1
TFCN1702E3373_010137-T1__TFCN1702E3373_011102-T1	NaN	NaN	NaN	NaN	NaN	NaN	NaN	NaN	GF00000007	Rhodotorula_mucilaginosa_TFCN_17-0-2E337-3.cds.fa_10016	Rhodotorula_mucilaginosa_TFCN_17-0-2E337-3.cds.fa_10956	NaN	NaN	NaN	NaN	NaN	NaN	NaN	NaN	TFCN1702E3373_010137-T1	TFCN1702E3373_011102-T1
TFCN1702E3373_010137-T1__TFCN1702E3373_014398-T1	NaN	NaN	NaN	NaN	NaN	NaN	NaN	NaN	GF00000007	Rhodotorula_mucilaginosa_TFCN_17-0-2E337-3.cds.fa_10016	Rhodotorula_mucilaginosa_TFCN_17-0-2E337-3.cds.fa_14190	NaN	NaN	NaN	NaN	NaN	NaN	NaN	NaN	TFCN1702E3373_010137-T1	TFCN1702E3373_014398-T1
TFCN1702E3373_002476-T1__TFCN1702E3373_010137-T1	NaN	NaN	NaN	NaN	NaN	NaN	NaN	NaN	GF00000007	Rhodotorula_mucilaginosa_TFCN_17-0-2E337-3.cds.fa_10016	Rhodotorula_mucilaginosa_TFCN_17-0-2E337-3.cds.fa_02450	NaN	NaN	NaN	NaN	NaN	NaN	NaN	NaN	TFCN1702E3373_010137-T1	TFCN1702E3373_002476-T1
TFCN1702E3373_010137-T1__TFCN1702E3373_014482-T1	NaN	NaN	NaN	NaN	NaN	NaN	NaN	NaN	GF00000007	Rhodotorula_mucilaginosa_TFCN_17-0-2E337-3.cds.fa_10016	Rhodotorula_mucilaginosa_TFCN_17-0-2E337-3.cds.fa_14274	NaN	NaN	NaN	NaN	NaN	NaN	NaN	NaN	TFCN1702E3373_010137-T1	TFCN1702E3373_014482-T1
TFCN1702E3373_005358-T1__TFCN1702E3373_010137-T1	NaN	NaN	NaN	NaN	NaN	NaN	NaN	NaN	GF00000007	Rhodotorula_mucilaginosa_TFCN_17-0-2E337-3.cds.fa_10016	Rhodotorula_mucilaginosa_TFCN_17-0-2E337-3.cds.fa_05293	NaN	NaN	NaN	NaN	NaN	NaN	NaN	NaN	TFCN1702E3373_010137-T1	TFCN1702E3373_005358-T1
TFCN1702E3373_010137-T1__TFCN1702E3373_011106-T1	NaN	NaN	NaN	NaN	NaN	NaN	NaN	NaN	GF00000007	Rhodotorula_mucilaginosa_TFCN_17-0-2E337-3.cds.fa_10016	Rhodotorula_mucilaginosa_TFCN_17-0-2E337-3.cds.fa_10960	NaN	NaN	NaN	NaN	NaN	NaN	NaN	NaN	TFCN1702E3373_010137-T1	TFCN1702E3373_011106-T1
TFCN1702E3373_003106-T1__TFCN1702E3373_010137-T1	NaN	NaN	NaN	NaN	NaN	NaN	NaN	NaN	GF00000007	Rhodotorula_mucilaginosa_TFCN_17-0-2E337-3.cds.fa_10016	Rhodotorula_mucilaginosa_TFCN_17-0-2E337-3.cds.fa_03064	NaN	NaN	NaN	NaN	NaN	NaN	NaN	NaN	TFCN1702E3373_010137-T1	TFCN1702E3373_003106-T1
TFCN1702E3373_004154-T1__TFCN1702E3373_010137-T1	NaN	NaN	NaN	NaN	NaN	NaN	NaN	NaN	GF00000007	Rhodotorula_mucilaginosa_TFCN_17-0-2E337-3.cds.fa_10016	Rhodotorula_mucilaginosa_TFCN_17-0-2E337-3.cds.fa_04098	NaN	NaN	NaN	NaN	NaN	NaN	NaN	NaN	TFCN1702E3373_010137-T1	TFCN1702E3373_004154-T1
TFCN1702E3373_006203-T1__TFCN1702E3373_010137-T1	NaN	NaN	NaN	NaN	NaN	NaN	NaN	NaN	GF00000007	Rhodotorula_mucilaginosa_TFCN_17-0-2E337-3.cds.fa_10016	Rhodotorula_mucilaginosa_TFCN_17-0-2E337-3.cds.fa_06133	NaN	NaN	NaN	NaN	NaN	NaN	NaN	NaN	TFCN1702E3373_010137-T1	TFCN1702E3373_006203-T1
TFCN1702E3373_004353-T1__TFCN1702E3373_010137-T1	NaN	NaN	NaN	NaN	NaN	NaN	NaN	NaN	GF00000007	Rhodotorula_mucilaginosa_TFCN_17-0-2E337-3.cds.fa_10016	Rhodotorula_mucilaginosa_TFCN_17-0-2E337-3.cds.fa_04297	NaN	NaN	NaN	NaN	NaN	NaN	NaN	NaN	TFCN1702E3373_010137-T1	TFCN1702E3373_004353-T1
TFCN1702E3373_000473-T1__TFCN1702E3373_010137-T1	NaN	NaN	NaN	NaN	NaN	NaN	NaN	NaN	GF00000007	Rhodotorula_mucilaginosa_TFCN_17-0-2E337-3.cds.fa_10016	Rhodotorula_mucilaginosa_TFCN_17-0-2E337-3.cds.fa_00468	NaN	NaN	NaN	NaN	NaN	NaN	NaN	NaN	TFCN1702E3373_010137-T1	TFCN1702E3373_000473-T1
TFCN1702E3373_007154-T1__TFCN1702E3373_010137-T1	NaN	NaN	NaN	NaN	NaN	NaN	NaN	NaN	GF00000007	Rhodotorula_mucilaginosa_TFCN_17-0-2E337-3.cds.fa_10016	Rhodotorula_mucilaginosa_TFCN_17-0-2E337-3.cds.fa_07069	NaN	NaN	NaN	NaN	NaN	NaN	NaN	NaN	TFCN1702E3373_010137-T1	TFCN1702E3373_007154-T1
TFCN1702E3373_001004-T1__TFCN1702E3373_010137-T1	NaN	NaN	NaN	NaN	NaN	NaN	NaN	NaN	GF00000007	Rhodotorula_mucilaginosa_TFCN_17-0-2E337-3.cds.fa_10016	Rhodotorula_mucilaginosa_TFCN_17-0-2E337-3.cds.fa_00996	NaN	NaN	NaN	NaN	NaN	NaN	NaN	NaN	TFCN1702E3373_010137-T1	TFCN1702E3373_001004-T1
TFCN1702E3373_008224-T1__TFCN1702E3373_010137-T1	NaN	NaN	NaN	NaN	NaN	NaN	NaN	NaN	GF00000007	Rhodotorula_mucilaginosa_TFCN_17-0-2E337-3.cds.fa_10016	Rhodotorula_mucilaginosa_TFCN_17-0-2E337-3.cds.fa_08127	NaN	NaN	NaN	NaN	NaN	NaN	NaN	NaN	TFCN1702E3373_010137-T1	TFCN1702E3373_008224-T1
TFCN1702E3373_007078-T1__TFCN1702E3373_010137-T1	NaN	NaN	NaN	NaN	NaN	NaN	NaN	NaN	GF00000007	Rhodotorula_mucilaginosa_TFCN_17-0-2E337-3.cds.fa_10016	Rhodotorula_mucilaginosa_TFCN_17-0-2E337-3.cds.fa_06993	NaN	NaN	NaN	NaN	NaN	NaN	NaN	NaN	TFCN1702E3373_010137-T1	TFCN1702E3373_007078-T1
TFCN1702E3373_002750-T1__TFCN1702E3373_010137-T1	NaN	NaN	NaN	NaN	NaN	NaN	NaN	NaN	GF00000007	Rhodotorula_mucilaginosa_TFCN_17-0-2E337-3.cds.fa_10016	Rhodotorula_mucilaginosa_TFCN_17-0-2E337-3.cds.fa_02716	NaN	NaN	NaN	NaN	NaN	NaN	NaN	NaN	TFCN1702E3373_010137-T1	TFCN1702E3373_002750-T1
TFCN1702E3373_008670-T1__TFCN1702E3373_011102-T1	NaN	NaN	NaN	NaN	NaN	NaN	NaN	NaN	GF00000007	Rhodotorula_mucilaginosa_TFCN_17-0-2E337-3.cds.fa_08560	Rhodotorula_mucilaginosa_TFCN_17-0-2E337-3.cds.fa_10956	NaN	NaN	NaN	NaN	NaN	NaN	NaN	NaN	TFCN1702E3373_008670-T1	TFCN1702E3373_011102-T1
TFCN1702E3373_008670-T1__TFCN1702E3373_014398-T1	NaN	NaN	NaN	NaN	NaN	NaN	NaN	NaN	GF00000007	Rhodotorula_mucilaginosa_TFCN_17-0-2E337-3.cds.fa_08560	Rhodotorula_mucilaginosa_TFCN_17-0-2E337-3.cds.fa_14190	NaN	NaN	NaN	NaN	NaN	NaN	NaN	NaN	TFCN1702E3373_008670-T1	TFCN1702E3373_014398-T1
TFCN1702E3373_002476-T1__TFCN1702E3373_008670-T1	NaN	NaN	NaN	NaN	NaN	NaN	NaN	NaN	GF00000007	Rhodotorula_mucilaginosa_TFCN_17-0-2E337-3.cds.fa_08560	Rhodotorula_mucilaginosa_TFCN_17-0-2E337-3.cds.fa_02450	NaN	NaN	NaN	NaN	NaN	NaN	NaN	NaN	TFCN1702E3373_008670-T1	TFCN1702E3373_002476-T1
TFCN1702E3373_008670-T1__TFCN1702E3373_014482-T1	NaN	NaN	NaN	NaN	NaN	NaN	NaN	NaN	GF00000007	Rhodotorula_mucilaginosa_TFCN_17-0-2E337-3.cds.fa_08560	Rhodotorula_mucilaginosa_TFCN_17-0-2E337-3.cds.fa_14274	NaN	NaN	NaN	NaN	NaN	NaN	NaN	NaN	TFCN1702E3373_008670-T1	TFCN1702E3373_014482-T1
TFCN1702E3373_005358-T1__TFCN1702E3373_008670-T1	NaN	NaN	NaN	NaN	NaN	NaN	NaN	NaN	GF00000007	Rhodotorula_mucilaginosa_TFCN_17-0-2E337-3.cds.fa_08560	Rhodotorula_mucilaginosa_TFCN_17-0-2E337-3.cds.fa_05293	NaN	NaN	NaN	NaN	NaN	NaN	NaN	NaN	TFCN1702E3373_008670-T1	TFCN1702E3373_005358-T1
TFCN1702E3373_008670-T1__TFCN1702E3373_011106-T1	NaN	NaN	NaN	NaN	NaN	NaN	NaN	NaN	GF00000007	Rhodotorula_mucilaginosa_TFCN_17-0-2E337-3.cds.fa_08560	Rhodotorula_mucilaginosa_TFCN_17-0-2E337-3.cds.fa_10960	NaN	NaN	NaN	NaN	NaN	NaN	NaN	NaN	TFCN1702E3373_008670-T1	TFCN1702E3373_011106-T1
TFCN1702E3373_003106-T1__TFCN1702E3373_008670-T1	NaN	NaN	NaN	NaN	NaN	NaN	NaN	NaN	GF00000007	Rhodotorula_mucilaginosa_TFCN_17-0-2E337-3.cds.fa_08560	Rhodotorula_mucilaginosa_TFCN_17-0-2E337-3.cds.fa_03064	NaN	NaN	NaN	NaN	NaN	NaN	NaN	NaN	TFCN1702E3373_008670-T1	TFCN1702E3373_003106-T1
TFCN1702E3373_004154-T1__TFCN1702E3373_008670-T1	NaN	NaN	NaN	NaN	NaN	NaN	NaN	NaN	GF00000007	Rhodotorula_mucilaginosa_TFCN_17-0-2E337-3.cds.fa_08560	Rhodotorula_mucilaginosa_TFCN_17-0-2E337-3.cds.fa_04098	NaN	NaN	NaN	NaN	NaN	NaN	NaN	NaN	TFCN1702E3373_008670-T1	TFCN1702E3373_004154-T1
TFCN1702E3373_006203-T1__TFCN1702E3373_008670-T1	NaN	NaN	NaN	NaN	NaN	NaN	NaN	NaN	GF00000007	Rhodotorula_mucilaginosa_TFCN_17-0-2E337-3.cds.fa_08560	Rhodotorula_mucilaginosa_TFCN_17-0-2E337-3.cds.fa_06133	NaN	NaN	NaN	NaN	NaN	NaN	NaN	NaN	TFCN1702E3373_008670-T1	TFCN1702E3373_006203-T1
TFCN1702E3373_004353-T1__TFCN1702E3373_008670-T1	NaN	NaN	NaN	NaN	NaN	NaN	NaN	NaN	GF00000007	Rhodotorula_mucilaginosa_TFCN_17-0-2E337-3.cds.fa_08560	Rhodotorula_mucilaginosa_TFCN_17-0-2E337-3.cds.fa_04297	NaN	NaN	NaN	NaN	NaN	NaN	NaN	NaN	TFCN1702E3373_008670-T1	TFCN1702E3373_004353-T1
TFCN1702E3373_000473-T1__TFCN1702E3373_008670-T1	NaN	NaN	NaN	NaN	NaN	NaN	NaN	NaN	GF00000007	Rhodotorula_mucilaginosa_TFCN_17-0-2E337-3.cds.fa_08560	Rhodotorula_mucilaginosa_TFCN_17-0-2E337-3.cds.fa_00468	NaN	NaN	NaN	NaN	NaN	NaN	NaN	NaN	TFCN1702E3373_008670-T1	TFCN1702E3373_000473-T1
TFCN1702E3373_007154-T1__TFCN1702E3373_008670-T1	NaN	NaN	NaN	NaN	NaN	NaN	NaN	NaN	GF00000007	Rhodotorula_mucilaginosa_TFCN_17-0-2E337-3.cds.fa_08560	Rhodotorula_mucilaginosa_TFCN_17-0-2E337-3.cds.fa_07069	NaN	NaN	NaN	NaN	NaN	NaN	NaN	NaN	TFCN1702E3373_008670-T1	TFCN1702E3373_007154-T1
TFCN1702E3373_001004-T1__TFCN1702E3373_008670-T1	NaN	NaN	NaN	NaN	NaN	NaN	NaN	NaN	GF00000007	Rhodotorula_mucilaginosa_TFCN_17-0-2E337-3.cds.fa_08560	Rhodotorula_mucilaginosa_TFCN_17-0-2E337-3.cds.fa_00996	NaN	NaN	NaN	NaN	NaN	NaN	NaN	NaN	TFCN1702E3373_008670-T1	TFCN1702E3373_001004-T1
TFCN1702E3373_008224-T1__TFCN1702E3373_008670-T1	NaN	NaN	NaN	NaN	NaN	NaN	NaN	NaN	GF00000007	Rhodotorula_mucilaginosa_TFCN_17-0-2E337-3.cds.fa_08560	Rhodotorula_mucilaginosa_TFCN_17-0-2E337-3.cds.fa_08127	NaN	NaN	NaN	NaN	NaN	NaN	NaN	NaN	TFCN1702E3373_008670-T1	TFCN1702E3373_008224-T1
TFCN1702E3373_007078-T1__TFCN1702E3373_008670-T1	NaN	NaN	NaN	NaN	NaN	NaN	NaN	NaN	GF00000007	Rhodotorula_mucilaginosa_TFCN_17-0-2E337-3.cds.fa_08560	Rhodotorula_mucilaginosa_TFCN_17-0-2E337-3.cds.fa_06993	NaN	NaN	NaN	NaN	NaN	NaN	NaN	NaN	TFCN1702E3373_008670-T1	TFCN1702E3373_007078-T1
TFCN1702E3373_002750-T1__TFCN1702E3373_008670-T1	NaN	NaN	NaN	NaN	NaN	NaN	NaN	NaN	GF00000007	Rhodotorula_mucilaginosa_TFCN_17-0-2E337-3.cds.fa_08560	Rhodotorula_mucilaginosa_TFCN_17-0-2E337-3.cds.fa_02716	NaN	NaN	NaN	NaN	NaN	NaN	NaN	NaN	TFCN1702E3373_008670-T1	TFCN1702E3373_002750-T1
TFCN1702E3373_011102-T1__TFCN1702E3373_014398-T1	NaN	NaN	NaN	NaN	NaN	NaN	NaN	NaN	GF00000007	Rhodotorula_mucilaginosa_TFCN_17-0-2E337-3.cds.fa_10956	Rhodotorula_mucilaginosa_TFCN_17-0-2E337-3.cds.fa_14190	NaN	NaN	NaN	NaN	NaN	NaN	NaN	NaN	TFCN1702E3373_011102-T1	TFCN1702E3373_014398-T1
TFCN1702E3373_002476-T1__TFCN1702E3373_011102-T1	NaN	NaN	NaN	NaN	NaN	NaN	NaN	NaN	GF00000007	Rhodotorula_mucilaginosa_TFCN_17-0-2E337-3.cds.fa_10956	Rhodotorula_mucilaginosa_TFCN_17-0-2E337-3.cds.fa_02450	NaN	NaN	NaN	NaN	NaN	NaN	NaN	NaN	TFCN1702E3373_011102-T1	TFCN1702E3373_002476-T1
TFCN1702E3373_011102-T1__TFCN1702E3373_014482-T1	NaN	NaN	NaN	NaN	NaN	NaN	NaN	NaN	GF00000007	Rhodotorula_mucilaginosa_TFCN_17-0-2E337-3.cds.fa_10956	Rhodotorula_mucilaginosa_TFCN_17-0-2E337-3.cds.fa_14274	NaN	NaN	NaN	NaN	NaN	NaN	NaN	NaN	TFCN1702E3373_011102-T1	TFCN1702E3373_014482-T1
TFCN1702E3373_005358-T1__TFCN1702E3373_011102-T1	NaN	NaN	NaN	NaN	NaN	NaN	NaN	NaN	GF00000007	Rhodotorula_mucilaginosa_TFCN_17-0-2E337-3.cds.fa_10956	Rhodotorula_mucilaginosa_TFCN_17-0-2E337-3.cds.fa_05293	NaN	NaN	NaN	NaN	NaN	NaN	NaN	NaN	TFCN1702E3373_011102-T1	TFCN1702E3373_005358-T1
TFCN1702E3373_011102-T1__TFCN1702E3373_011106-T1	NaN	NaN	NaN	NaN	NaN	NaN	NaN	NaN	GF00000007	Rhodotorula_mucilaginosa_TFCN_17-0-2E337-3.cds.fa_10956	Rhodotorula_mucilaginosa_TFCN_17-0-2E337-3.cds.fa_10960	NaN	NaN	NaN	NaN	NaN	NaN	NaN	NaN	TFCN1702E3373_011102-T1	TFCN1702E3373_011106-T1
TFCN1702E3373_003106-T1__TFCN1702E3373_011102-T1	NaN	NaN	NaN	NaN	NaN	NaN	NaN	NaN	GF00000007	Rhodotorula_mucilaginosa_TFCN_17-0-2E337-3.cds.fa_10956	Rhodotorula_mucilaginosa_TFCN_17-0-2E337-3.cds.fa_03064	NaN	NaN	NaN	NaN	NaN	NaN	NaN	NaN	TFCN1702E3373_011102-T1	TFCN1702E3373_003106-T1
TFCN1702E3373_004154-T1__TFCN1702E3373_011102-T1	NaN	NaN	NaN	NaN	NaN	NaN	NaN	NaN	GF00000007	Rhodotorula_mucilaginosa_TFCN_17-0-2E337-3.cds.fa_10956	Rhodotorula_mucilaginosa_TFCN_17-0-2E337-3.cds.fa_04098	NaN	NaN	NaN	NaN	NaN	NaN	NaN	NaN	TFCN1702E3373_011102-T1	TFCN1702E3373_004154-T1
TFCN1702E3373_006203-T1__TFCN1702E3373_011102-T1	NaN	NaN	NaN	NaN	NaN	NaN	NaN	NaN	GF00000007	Rhodotorula_mucilaginosa_TFCN_17-0-2E337-3.cds.fa_10956	Rhodotorula_mucilaginosa_TFCN_17-0-2E337-3.cds.fa_06133	NaN	NaN	NaN	NaN	NaN	NaN	NaN	NaN	TFCN1702E3373_011102-T1	TFCN1702E3373_006203-T1
TFCN1702E3373_004353-T1__TFCN1702E3373_011102-T1	NaN	NaN	NaN	NaN	NaN	NaN	NaN	NaN	GF00000007	Rhodotorula_mucilaginosa_TFCN_17-0-2E337-3.cds.fa_10956	Rhodotorula_mucilaginosa_TFCN_17-0-2E337-3.cds.fa_04297	NaN	NaN	NaN	NaN	NaN	NaN	NaN	NaN	TFCN1702E3373_011102-T1	TFCN1702E3373_004353-T1
TFCN1702E3373_000473-T1__TFCN1702E3373_011102-T1	NaN	NaN	NaN	NaN	NaN	NaN	NaN	NaN	GF00000007	Rhodotorula_mucilaginosa_TFCN_17-0-2E337-3.cds.fa_10956	Rhodotorula_mucilaginosa_TFCN_17-0-2E337-3.cds.fa_00468	NaN	NaN	NaN	NaN	NaN	NaN	NaN	NaN	TFCN1702E3373_011102-T1	TFCN1702E3373_000473-T1
TFCN1702E3373_007154-T1__TFCN1702E3373_011102-T1	NaN	NaN	NaN	NaN	NaN	NaN	NaN	NaN	GF00000007	Rhodotorula_mucilaginosa_TFCN_17-0-2E337-3.cds.fa_10956	Rhodotorula_mucilaginosa_TFCN_17-0-2E337-3.cds.fa_07069	NaN	NaN	NaN	NaN	NaN	NaN	NaN	NaN	TFCN1702E3373_011102-T1	TFCN1702E3373_007154-T1
TFCN1702E3373_001004-T1__TFCN1702E3373_011102-T1	NaN	NaN	NaN	NaN	NaN	NaN	NaN	NaN	GF00000007	Rhodotorula_mucilaginosa_TFCN_17-0-2E337-3.cds.fa_10956	Rhodotorula_mucilaginosa_TFCN_17-0-2E337-3.cds.fa_00996	NaN	NaN	NaN	NaN	NaN	NaN	NaN	NaN	TFCN1702E3373_011102-T1	TFCN1702E3373_001004-T1
TFCN1702E3373_008224-T1__TFCN1702E3373_011102-T1	NaN	NaN	NaN	NaN	NaN	NaN	NaN	NaN	GF00000007	Rhodotorula_mucilaginosa_TFCN_17-0-2E337-3.cds.fa_10956	Rhodotorula_mucilaginosa_TFCN_17-0-2E337-3.cds.fa_08127	NaN	NaN	NaN	NaN	NaN	NaN	NaN	NaN	TFCN1702E3373_011102-T1	TFCN1702E3373_008224-T1
TFCN1702E3373_007078-T1__TFCN1702E3373_011102-T1	NaN	NaN	NaN	NaN	NaN	NaN	NaN	NaN	GF00000007	Rhodotorula_mucilaginosa_TFCN_17-0-2E337-3.cds.fa_10956	Rhodotorula_mucilaginosa_TFCN_17-0-2E337-3.cds.fa_06993	NaN	NaN	NaN	NaN	NaN	NaN	NaN	NaN	TFCN1702E3373_011102-T1	TFCN1702E3373_007078-T1
TFCN1702E3373_002750-T1__TFCN1702E3373_011102-T1	NaN	NaN	NaN	NaN	NaN	NaN	NaN	NaN	GF00000007	Rhodotorula_mucilaginosa_TFCN_17-0-2E337-3.cds.fa_10956	Rhodotorula_mucilaginosa_TFCN_17-0-2E337-3.cds.fa_02716	NaN	NaN	NaN	NaN	NaN	NaN	NaN	NaN	TFCN1702E3373_011102-T1	TFCN1702E3373_002750-T1
TFCN1702E3373_002476-T1__TFCN1702E3373_014398-T1	NaN	NaN	NaN	NaN	NaN	NaN	NaN	NaN	GF00000007	Rhodotorula_mucilaginosa_TFCN_17-0-2E337-3.cds.fa_14190	Rhodotorula_mucilaginosa_TFCN_17-0-2E337-3.cds.fa_02450	NaN	NaN	NaN	NaN	NaN	NaN	NaN	NaN	TFCN1702E3373_014398-T1	TFCN1702E3373_002476-T1
TFCN1702E3373_014398-T1__TFCN1702E3373_014482-T1	NaN	NaN	NaN	NaN	NaN	NaN	NaN	NaN	GF00000007	Rhodotorula_mucilaginosa_TFCN_17-0-2E337-3.cds.fa_14190	Rhodotorula_mucilaginosa_TFCN_17-0-2E337-3.cds.fa_14274	NaN	NaN	NaN	NaN	NaN	NaN	NaN	NaN	TFCN1702E3373_014398-T1	TFCN1702E3373_014482-T1
TFCN1702E3373_005358-T1__TFCN1702E3373_014398-T1	NaN	NaN	NaN	NaN	NaN	NaN	NaN	NaN	GF00000007	Rhodotorula_mucilaginosa_TFCN_17-0-2E337-3.cds.fa_14190	Rhodotorula_mucilaginosa_TFCN_17-0-2E337-3.cds.fa_05293	NaN	NaN	NaN	NaN	NaN	NaN	NaN	NaN	TFCN1702E3373_014398-T1	TFCN1702E3373_005358-T1
TFCN1702E3373_011106-T1__TFCN1702E3373_014398-T1	NaN	NaN	NaN	NaN	NaN	NaN	NaN	NaN	GF00000007	Rhodotorula_mucilaginosa_TFCN_17-0-2E337-3.cds.fa_14190	Rhodotorula_mucilaginosa_TFCN_17-0-2E337-3.cds.fa_10960	NaN	NaN	NaN	NaN	NaN	NaN	NaN	NaN	TFCN1702E3373_014398-T1	TFCN1702E3373_011106-T1
TFCN1702E3373_003106-T1__TFCN1702E3373_014398-T1	NaN	NaN	NaN	NaN	NaN	NaN	NaN	NaN	GF00000007	Rhodotorula_mucilaginosa_TFCN_17-0-2E337-3.cds.fa_14190	Rhodotorula_mucilaginosa_TFCN_17-0-2E337-3.cds.fa_03064	NaN	NaN	NaN	NaN	NaN	NaN	NaN	NaN	TFCN1702E3373_014398-T1	TFCN1702E3373_003106-T1
TFCN1702E3373_004154-T1__TFCN1702E3373_014398-T1	NaN	NaN	NaN	NaN	NaN	NaN	NaN	NaN	GF00000007	Rhodotorula_mucilaginosa_TFCN_17-0-2E337-3.cds.fa_14190	Rhodotorula_mucilaginosa_TFCN_17-0-2E337-3.cds.fa_04098	NaN	NaN	NaN	NaN	NaN	NaN	NaN	NaN	TFCN1702E3373_014398-T1	TFCN1702E3373_004154-T1
TFCN1702E3373_006203-T1__TFCN1702E3373_014398-T1	NaN	NaN	NaN	NaN	NaN	NaN	NaN	NaN	GF00000007	Rhodotorula_mucilaginosa_TFCN_17-0-2E337-3.cds.fa_14190	Rhodotorula_mucilaginosa_TFCN_17-0-2E337-3.cds.fa_06133	NaN	NaN	NaN	NaN	NaN	NaN	NaN	NaN	TFCN1702E3373_014398-T1	TFCN1702E3373_006203-T1
TFCN1702E3373_004353-T1__TFCN1702E3373_014398-T1	NaN	NaN	NaN	NaN	NaN	NaN	NaN	NaN	GF00000007	Rhodotorula_mucilaginosa_TFCN_17-0-2E337-3.cds.fa_14190	Rhodotorula_mucilaginosa_TFCN_17-0-2E337-3.cds.fa_04297	NaN	NaN	NaN	NaN	NaN	NaN	NaN	NaN	TFCN1702E3373_014398-T1	TFCN1702E3373_004353-T1
TFCN1702E3373_000473-T1__TFCN1702E3373_014398-T1	NaN	NaN	NaN	NaN	NaN	NaN	NaN	NaN	GF00000007	Rhodotorula_mucilaginosa_TFCN_17-0-2E337-3.cds.fa_14190	Rhodotorula_mucilaginosa_TFCN_17-0-2E337-3.cds.fa_00468	NaN	NaN	NaN	NaN	NaN	NaN	NaN	NaN	TFCN1702E3373_014398-T1	TFCN1702E3373_000473-T1
TFCN1702E3373_007154-T1__TFCN1702E3373_014398-T1	NaN	NaN	NaN	NaN	NaN	NaN	NaN	NaN	GF00000007	Rhodotorula_mucilaginosa_TFCN_17-0-2E337-3.cds.fa_14190	Rhodotorula_mucilaginosa_TFCN_17-0-2E337-3.cds.fa_07069	NaN	NaN	NaN	NaN	NaN	NaN	NaN	NaN	TFCN1702E3373_014398-T1	TFCN1702E3373_007154-T1
TFCN1702E3373_001004-T1__TFCN1702E3373_014398-T1	NaN	NaN	NaN	NaN	NaN	NaN	NaN	NaN	GF00000007	Rhodotorula_mucilaginosa_TFCN_17-0-2E337-3.cds.fa_14190	Rhodotorula_mucilaginosa_TFCN_17-0-2E337-3.cds.fa_00996	NaN	NaN	NaN	NaN	NaN	NaN	NaN	NaN	TFCN1702E3373_014398-T1	TFCN1702E3373_001004-T1
TFCN1702E3373_008224-T1__TFCN1702E3373_014398-T1	NaN	NaN	NaN	NaN	NaN	NaN	NaN	NaN	GF00000007	Rhodotorula_mucilaginosa_TFCN_17-0-2E337-3.cds.fa_14190	Rhodotorula_mucilaginosa_TFCN_17-0-2E337-3.cds.fa_08127	NaN	NaN	NaN	NaN	NaN	NaN	NaN	NaN	TFCN1702E3373_014398-T1	TFCN1702E3373_008224-T1
TFCN1702E3373_007078-T1__TFCN1702E3373_014398-T1	NaN	NaN	NaN	NaN	NaN	NaN	NaN	NaN	GF00000007	Rhodotorula_mucilaginosa_TFCN_17-0-2E337-3.cds.fa_14190	Rhodotorula_mucilaginosa_TFCN_17-0-2E337-3.cds.fa_06993	NaN	NaN	NaN	NaN	NaN	NaN	NaN	NaN	TFCN1702E3373_014398-T1	TFCN1702E3373_007078-T1
TFCN1702E3373_002750-T1__TFCN1702E3373_014398-T1	NaN	NaN	NaN	NaN	NaN	NaN	NaN	NaN	GF00000007	Rhodotorula_mucilaginosa_TFCN_17-0-2E337-3.cds.fa_14190	Rhodotorula_mucilaginosa_TFCN_17-0-2E337-3.cds.fa_02716	NaN	NaN	NaN	NaN	NaN	NaN	NaN	NaN	TFCN1702E3373_014398-T1	TFCN1702E3373_002750-T1
TFCN1702E3373_002476-T1__TFCN1702E3373_014482-T1	NaN	NaN	NaN	NaN	NaN	NaN	NaN	NaN	GF00000007	Rhodotorula_mucilaginosa_TFCN_17-0-2E337-3.cds.fa_02450	Rhodotorula_mucilaginosa_TFCN_17-0-2E337-3.cds.fa_14274	NaN	NaN	NaN	NaN	NaN	NaN	NaN	NaN	TFCN1702E3373_002476-T1	TFCN1702E3373_014482-T1
TFCN1702E3373_002476-T1__TFCN1702E3373_005358-T1	NaN	NaN	NaN	NaN	NaN	NaN	NaN	NaN	GF00000007	Rhodotorula_mucilaginosa_TFCN_17-0-2E337-3.cds.fa_02450	Rhodotorula_mucilaginosa_TFCN_17-0-2E337-3.cds.fa_05293	NaN	NaN	NaN	NaN	NaN	NaN	NaN	NaN	TFCN1702E3373_002476-T1	TFCN1702E3373_005358-T1
TFCN1702E3373_002476-T1__TFCN1702E3373_011106-T1	NaN	NaN	NaN	NaN	NaN	NaN	NaN	NaN	GF00000007	Rhodotorula_mucilaginosa_TFCN_17-0-2E337-3.cds.fa_02450	Rhodotorula_mucilaginosa_TFCN_17-0-2E337-3.cds.fa_10960	NaN	NaN	NaN	NaN	NaN	NaN	NaN	NaN	TFCN1702E3373_002476-T1	TFCN1702E3373_011106-T1
TFCN1702E3373_002476-T1__TFCN1702E3373_003106-T1	NaN	NaN	NaN	NaN	NaN	NaN	NaN	NaN	GF00000007	Rhodotorula_mucilaginosa_TFCN_17-0-2E337-3.cds.fa_02450	Rhodotorula_mucilaginosa_TFCN_17-0-2E337-3.cds.fa_03064	NaN	NaN	NaN	NaN	NaN	NaN	NaN	NaN	TFCN1702E3373_002476-T1	TFCN1702E3373_003106-T1
TFCN1702E3373_002476-T1__TFCN1702E3373_004154-T1	NaN	NaN	NaN	NaN	NaN	NaN	NaN	NaN	GF00000007	Rhodotorula_mucilaginosa_TFCN_17-0-2E337-3.cds.fa_02450	Rhodotorula_mucilaginosa_TFCN_17-0-2E337-3.cds.fa_04098	NaN	NaN	NaN	NaN	NaN	NaN	NaN	NaN	TFCN1702E3373_002476-T1	TFCN1702E3373_004154-T1
TFCN1702E3373_002476-T1__TFCN1702E3373_006203-T1	NaN	NaN	NaN	NaN	NaN	NaN	NaN	NaN	GF00000007	Rhodotorula_mucilaginosa_TFCN_17-0-2E337-3.cds.fa_02450	Rhodotorula_mucilaginosa_TFCN_17-0-2E337-3.cds.fa_06133	NaN	NaN	NaN	NaN	NaN	NaN	NaN	NaN	TFCN1702E3373_002476-T1	TFCN1702E3373_006203-T1
TFCN1702E3373_002476-T1__TFCN1702E3373_004353-T1	NaN	NaN	NaN	NaN	NaN	NaN	NaN	NaN	GF00000007	Rhodotorula_mucilaginosa_TFCN_17-0-2E337-3.cds.fa_02450	Rhodotorula_mucilaginosa_TFCN_17-0-2E337-3.cds.fa_04297	NaN	NaN	NaN	NaN	NaN	NaN	NaN	NaN	TFCN1702E3373_002476-T1	TFCN1702E3373_004353-T1
TFCN1702E3373_000473-T1__TFCN1702E3373_002476-T1	NaN	NaN	NaN	NaN	NaN	NaN	NaN	NaN	GF00000007	Rhodotorula_mucilaginosa_TFCN_17-0-2E337-3.cds.fa_02450	Rhodotorula_mucilaginosa_TFCN_17-0-2E337-3.cds.fa_00468	NaN	NaN	NaN	NaN	NaN	NaN	NaN	NaN	TFCN1702E3373_002476-T1	TFCN1702E3373_000473-T1
TFCN1702E3373_002476-T1__TFCN1702E3373_007154-T1	NaN	NaN	NaN	NaN	NaN	NaN	NaN	NaN	GF00000007	Rhodotorula_mucilaginosa_TFCN_17-0-2E337-3.cds.fa_02450	Rhodotorula_mucilaginosa_TFCN_17-0-2E337-3.cds.fa_07069	NaN	NaN	NaN	NaN	NaN	NaN	NaN	NaN	TFCN1702E3373_002476-T1	TFCN1702E3373_007154-T1
TFCN1702E3373_001004-T1__TFCN1702E3373_002476-T1	NaN	NaN	NaN	NaN	NaN	NaN	NaN	NaN	GF00000007	Rhodotorula_mucilaginosa_TFCN_17-0-2E337-3.cds.fa_02450	Rhodotorula_mucilaginosa_TFCN_17-0-2E337-3.cds.fa_00996	NaN	NaN	NaN	NaN	NaN	NaN	NaN	NaN	TFCN1702E3373_002476-T1	TFCN1702E3373_001004-T1
TFCN1702E3373_002476-T1__TFCN1702E3373_008224-T1	NaN	NaN	NaN	NaN	NaN	NaN	NaN	NaN	GF00000007	Rhodotorula_mucilaginosa_TFCN_17-0-2E337-3.cds.fa_02450	Rhodotorula_mucilaginosa_TFCN_17-0-2E337-3.cds.fa_08127	NaN	NaN	NaN	NaN	NaN	NaN	NaN	NaN	TFCN1702E3373_002476-T1	TFCN1702E3373_008224-T1
TFCN1702E3373_002476-T1__TFCN1702E3373_007078-T1	NaN	NaN	NaN	NaN	NaN	NaN	NaN	NaN	GF00000007	Rhodotorula_mucilaginosa_TFCN_17-0-2E337-3.cds.fa_02450	Rhodotorula_mucilaginosa_TFCN_17-0-2E337-3.cds.fa_06993	NaN	NaN	NaN	NaN	NaN	NaN	NaN	NaN	TFCN1702E3373_002476-T1	TFCN1702E3373_007078-T1
TFCN1702E3373_002476-T1__TFCN1702E3373_002750-T1	NaN	NaN	NaN	NaN	NaN	NaN	NaN	NaN	GF00000007	Rhodotorula_mucilaginosa_TFCN_17-0-2E337-3.cds.fa_02450	Rhodotorula_mucilaginosa_TFCN_17-0-2E337-3.cds.fa_02716	NaN	NaN	NaN	NaN	NaN	NaN	NaN	NaN	TFCN1702E3373_002476-T1	TFCN1702E3373_002750-T1
TFCN1702E3373_005358-T1__TFCN1702E3373_014482-T1	NaN	NaN	NaN	NaN	NaN	NaN	NaN	NaN	GF00000007	Rhodotorula_mucilaginosa_TFCN_17-0-2E337-3.cds.fa_14274	Rhodotorula_mucilaginosa_TFCN_17-0-2E337-3.cds.fa_05293	NaN	NaN	NaN	NaN	NaN	NaN	NaN	NaN	TFCN1702E3373_014482-T1	TFCN1702E3373_005358-T1
TFCN1702E3373_011106-T1__TFCN1702E3373_014482-T1	NaN	NaN	NaN	NaN	NaN	NaN	NaN	NaN	GF00000007	Rhodotorula_mucilaginosa_TFCN_17-0-2E337-3.cds.fa_14274	Rhodotorula_mucilaginosa_TFCN_17-0-2E337-3.cds.fa_10960	NaN	NaN	NaN	NaN	NaN	NaN	NaN	NaN	TFCN1702E3373_014482-T1	TFCN1702E3373_011106-T1
TFCN1702E3373_003106-T1__TFCN1702E3373_014482-T1	NaN	NaN	NaN	NaN	NaN	NaN	NaN	NaN	GF00000007	Rhodotorula_mucilaginosa_TFCN_17-0-2E337-3.cds.fa_14274	Rhodotorula_mucilaginosa_TFCN_17-0-2E337-3.cds.fa_03064	NaN	NaN	NaN	NaN	NaN	NaN	NaN	NaN	TFCN1702E3373_014482-T1	TFCN1702E3373_003106-T1
TFCN1702E3373_004154-T1__TFCN1702E3373_014482-T1	NaN	NaN	NaN	NaN	NaN	NaN	NaN	NaN	GF00000007	Rhodotorula_mucilaginosa_TFCN_17-0-2E337-3.cds.fa_14274	Rhodotorula_mucilaginosa_TFCN_17-0-2E337-3.cds.fa_04098	NaN	NaN	NaN	NaN	NaN	NaN	NaN	NaN	TFCN1702E3373_014482-T1	TFCN1702E3373_004154-T1
TFCN1702E3373_006203-T1__TFCN1702E3373_014482-T1	NaN	NaN	NaN	NaN	NaN	NaN	NaN	NaN	GF00000007	Rhodotorula_mucilaginosa_TFCN_17-0-2E337-3.cds.fa_14274	Rhodotorula_mucilaginosa_TFCN_17-0-2E337-3.cds.fa_06133	NaN	NaN	NaN	NaN	NaN	NaN	NaN	NaN	TFCN1702E3373_014482-T1	TFCN1702E3373_006203-T1
TFCN1702E3373_004353-T1__TFCN1702E3373_014482-T1	NaN	NaN	NaN	NaN	NaN	NaN	NaN	NaN	GF00000007	Rhodotorula_mucilaginosa_TFCN_17-0-2E337-3.cds.fa_14274	Rhodotorula_mucilaginosa_TFCN_17-0-2E337-3.cds.fa_04297	NaN	NaN	NaN	NaN	NaN	NaN	NaN	NaN	TFCN1702E3373_014482-T1	TFCN1702E3373_004353-T1
TFCN1702E3373_000473-T1__TFCN1702E3373_014482-T1	NaN	NaN	NaN	NaN	NaN	NaN	NaN	NaN	GF00000007	Rhodotorula_mucilaginosa_TFCN_17-0-2E337-3.cds.fa_14274	Rhodotorula_mucilaginosa_TFCN_17-0-2E337-3.cds.fa_00468	NaN	NaN	NaN	NaN	NaN	NaN	NaN	NaN	TFCN1702E3373_014482-T1	TFCN1702E3373_000473-T1
TFCN1702E3373_007154-T1__TFCN1702E3373_014482-T1	NaN	NaN	NaN	NaN	NaN	NaN	NaN	NaN	GF00000007	Rhodotorula_mucilaginosa_TFCN_17-0-2E337-3.cds.fa_14274	Rhodotorula_mucilaginosa_TFCN_17-0-2E337-3.cds.fa_07069	NaN	NaN	NaN	NaN	NaN	NaN	NaN	NaN	TFCN1702E3373_014482-T1	TFCN1702E3373_007154-T1
TFCN1702E3373_001004-T1__TFCN1702E3373_014482-T1	NaN	NaN	NaN	NaN	NaN	NaN	NaN	NaN	GF00000007	Rhodotorula_mucilaginosa_TFCN_17-0-2E337-3.cds.fa_14274	Rhodotorula_mucilaginosa_TFCN_17-0-2E337-3.cds.fa_00996	NaN	NaN	NaN	NaN	NaN	NaN	NaN	NaN	TFCN1702E3373_014482-T1	TFCN1702E3373_001004-T1
TFCN1702E3373_008224-T1__TFCN1702E3373_014482-T1	NaN	NaN	NaN	NaN	NaN	NaN	NaN	NaN	GF00000007	Rhodotorula_mucilaginosa_TFCN_17-0-2E337-3.cds.fa_14274	Rhodotorula_mucilaginosa_TFCN_17-0-2E337-3.cds.fa_08127	NaN	NaN	NaN	NaN	NaN	NaN	NaN	NaN	TFCN1702E3373_014482-T1	TFCN1702E3373_008224-T1
TFCN1702E3373_007078-T1__TFCN1702E3373_014482-T1	NaN	NaN	NaN	NaN	NaN	NaN	NaN	NaN	GF00000007	Rhodotorula_mucilaginosa_TFCN_17-0-2E337-3.cds.fa_14274	Rhodotorula_mucilaginosa_TFCN_17-0-2E337-3.cds.fa_06993	NaN	NaN	NaN	NaN	NaN	NaN	NaN	NaN	TFCN1702E3373_014482-T1	TFCN1702E3373_007078-T1
TFCN1702E3373_002750-T1__TFCN1702E3373_014482-T1	NaN	NaN	NaN	NaN	NaN	NaN	NaN	NaN	GF00000007	Rhodotorula_mucilaginosa_TFCN_17-0-2E337-3.cds.fa_14274	Rhodotorula_mucilaginosa_TFCN_17-0-2E337-3.cds.fa_02716	NaN	NaN	NaN	NaN	NaN	NaN	NaN	NaN	TFCN1702E3373_014482-T1	TFCN1702E3373_002750-T1
TFCN1702E3373_005358-T1__TFCN1702E3373_011106-T1	NaN	NaN	NaN	NaN	NaN	NaN	NaN	NaN	GF00000007	Rhodotorula_mucilaginosa_TFCN_17-0-2E337-3.cds.fa_05293	Rhodotorula_mucilaginosa_TFCN_17-0-2E337-3.cds.fa_10960	NaN	NaN	NaN	NaN	NaN	NaN	NaN	NaN	TFCN1702E3373_005358-T1	TFCN1702E3373_011106-T1
TFCN1702E3373_003106-T1__TFCN1702E3373_005358-T1	NaN	NaN	NaN	NaN	NaN	NaN	NaN	NaN	GF00000007	Rhodotorula_mucilaginosa_TFCN_17-0-2E337-3.cds.fa_05293	Rhodotorula_mucilaginosa_TFCN_17-0-2E337-3.cds.fa_03064	NaN	NaN	NaN	NaN	NaN	NaN	NaN	NaN	TFCN1702E3373_005358-T1	TFCN1702E3373_003106-T1
TFCN1702E3373_004154-T1__TFCN1702E3373_005358-T1	NaN	NaN	NaN	NaN	NaN	NaN	NaN	NaN	GF00000007	Rhodotorula_mucilaginosa_TFCN_17-0-2E337-3.cds.fa_05293	Rhodotorula_mucilaginosa_TFCN_17-0-2E337-3.cds.fa_04098	NaN	NaN	NaN	NaN	NaN	NaN	NaN	NaN	TFCN1702E3373_005358-T1	TFCN1702E3373_004154-T1
TFCN1702E3373_005358-T1__TFCN1702E3373_006203-T1	NaN	NaN	NaN	NaN	NaN	NaN	NaN	NaN	GF00000007	Rhodotorula_mucilaginosa_TFCN_17-0-2E337-3.cds.fa_05293	Rhodotorula_mucilaginosa_TFCN_17-0-2E337-3.cds.fa_06133	NaN	NaN	NaN	NaN	NaN	NaN	NaN	NaN	TFCN1702E3373_005358-T1	TFCN1702E3373_006203-T1
TFCN1702E3373_004353-T1__TFCN1702E3373_005358-T1	NaN	NaN	NaN	NaN	NaN	NaN	NaN	NaN	GF00000007	Rhodotorula_mucilaginosa_TFCN_17-0-2E337-3.cds.fa_05293	Rhodotorula_mucilaginosa_TFCN_17-0-2E337-3.cds.fa_04297	NaN	NaN	NaN	NaN	NaN	NaN	NaN	NaN	TFCN1702E3373_005358-T1	TFCN1702E3373_004353-T1
TFCN1702E3373_000473-T1__TFCN1702E3373_005358-T1	NaN	NaN	NaN	NaN	NaN	NaN	NaN	NaN	GF00000007	Rhodotorula_mucilaginosa_TFCN_17-0-2E337-3.cds.fa_05293	Rhodotorula_mucilaginosa_TFCN_17-0-2E337-3.cds.fa_00468	NaN	NaN	NaN	NaN	NaN	NaN	NaN	NaN	TFCN1702E3373_005358-T1	TFCN1702E3373_000473-T1
TFCN1702E3373_005358-T1__TFCN1702E3373_007154-T1	NaN	NaN	NaN	NaN	NaN	NaN	NaN	NaN	GF00000007	Rhodotorula_mucilaginosa_TFCN_17-0-2E337-3.cds.fa_05293	Rhodotorula_mucilaginosa_TFCN_17-0-2E337-3.cds.fa_07069	NaN	NaN	NaN	NaN	NaN	NaN	NaN	NaN	TFCN1702E3373_005358-T1	TFCN1702E3373_007154-T1
TFCN1702E3373_001004-T1__TFCN1702E3373_005358-T1	NaN	NaN	NaN	NaN	NaN	NaN	NaN	NaN	GF00000007	Rhodotorula_mucilaginosa_TFCN_17-0-2E337-3.cds.fa_05293	Rhodotorula_mucilaginosa_TFCN_17-0-2E337-3.cds.fa_00996	NaN	NaN	NaN	NaN	NaN	NaN	NaN	NaN	TFCN1702E3373_005358-T1	TFCN1702E3373_001004-T1
TFCN1702E3373_005358-T1__TFCN1702E3373_008224-T1	NaN	NaN	NaN	NaN	NaN	NaN	NaN	NaN	GF00000007	Rhodotorula_mucilaginosa_TFCN_17-0-2E337-3.cds.fa_05293	Rhodotorula_mucilaginosa_TFCN_17-0-2E337-3.cds.fa_08127	NaN	NaN	NaN	NaN	NaN	NaN	NaN	NaN	TFCN1702E3373_005358-T1	TFCN1702E3373_008224-T1
TFCN1702E3373_005358-T1__TFCN1702E3373_007078-T1	NaN	NaN	NaN	NaN	NaN	NaN	NaN	NaN	GF00000007	Rhodotorula_mucilaginosa_TFCN_17-0-2E337-3.cds.fa_05293	Rhodotorula_mucilaginosa_TFCN_17-0-2E337-3.cds.fa_06993	NaN	NaN	NaN	NaN	NaN	NaN	NaN	NaN	TFCN1702E3373_005358-T1	TFCN1702E3373_007078-T1
TFCN1702E3373_002750-T1__TFCN1702E3373_005358-T1	NaN	NaN	NaN	NaN	NaN	NaN	NaN	NaN	GF00000007	Rhodotorula_mucilaginosa_TFCN_17-0-2E337-3.cds.fa_05293	Rhodotorula_mucilaginosa_TFCN_17-0-2E337-3.cds.fa_02716	NaN	NaN	NaN	NaN	NaN	NaN	NaN	NaN	TFCN1702E3373_005358-T1	TFCN1702E3373_002750-T1
TFCN1702E3373_003106-T1__TFCN1702E3373_011106-T1	NaN	NaN	NaN	NaN	NaN	NaN	NaN	NaN	GF00000007	Rhodotorula_mucilaginosa_TFCN_17-0-2E337-3.cds.fa_10960	Rhodotorula_mucilaginosa_TFCN_17-0-2E337-3.cds.fa_03064	NaN	NaN	NaN	NaN	NaN	NaN	NaN	NaN	TFCN1702E3373_011106-T1	TFCN1702E3373_003106-T1
TFCN1702E3373_004154-T1__TFCN1702E3373_011106-T1	NaN	NaN	NaN	NaN	NaN	NaN	NaN	NaN	GF00000007	Rhodotorula_mucilaginosa_TFCN_17-0-2E337-3.cds.fa_10960	Rhodotorula_mucilaginosa_TFCN_17-0-2E337-3.cds.fa_04098	NaN	NaN	NaN	NaN	NaN	NaN	NaN	NaN	TFCN1702E3373_011106-T1	TFCN1702E3373_004154-T1
TFCN1702E3373_006203-T1__TFCN1702E3373_011106-T1	NaN	NaN	NaN	NaN	NaN	NaN	NaN	NaN	GF00000007	Rhodotorula_mucilaginosa_TFCN_17-0-2E337-3.cds.fa_10960	Rhodotorula_mucilaginosa_TFCN_17-0-2E337-3.cds.fa_06133	NaN	NaN	NaN	NaN	NaN	NaN	NaN	NaN	TFCN1702E3373_011106-T1	TFCN1702E3373_006203-T1
TFCN1702E3373_004353-T1__TFCN1702E3373_011106-T1	NaN	NaN	NaN	NaN	NaN	NaN	NaN	NaN	GF00000007	Rhodotorula_mucilaginosa_TFCN_17-0-2E337-3.cds.fa_10960	Rhodotorula_mucilaginosa_TFCN_17-0-2E337-3.cds.fa_04297	NaN	NaN	NaN	NaN	NaN	NaN	NaN	NaN	TFCN1702E3373_011106-T1	TFCN1702E3373_004353-T1
TFCN1702E3373_000473-T1__TFCN1702E3373_011106-T1	NaN	NaN	NaN	NaN	NaN	NaN	NaN	NaN	GF00000007	Rhodotorula_mucilaginosa_TFCN_17-0-2E337-3.cds.fa_10960	Rhodotorula_mucilaginosa_TFCN_17-0-2E337-3.cds.fa_00468	NaN	NaN	NaN	NaN	NaN	NaN	NaN	NaN	TFCN1702E3373_011106-T1	TFCN1702E3373_000473-T1
TFCN1702E3373_007154-T1__TFCN1702E3373_011106-T1	NaN	NaN	NaN	NaN	NaN	NaN	NaN	NaN	GF00000007	Rhodotorula_mucilaginosa_TFCN_17-0-2E337-3.cds.fa_10960	Rhodotorula_mucilaginosa_TFCN_17-0-2E337-3.cds.fa_07069	NaN	NaN	NaN	NaN	NaN	NaN	NaN	NaN	TFCN1702E3373_011106-T1	TFCN1702E3373_007154-T1
TFCN1702E3373_001004-T1__TFCN1702E3373_011106-T1	NaN	NaN	NaN	NaN	NaN	NaN	NaN	NaN	GF00000007	Rhodotorula_mucilaginosa_TFCN_17-0-2E337-3.cds.fa_10960	Rhodotorula_mucilaginosa_TFCN_17-0-2E337-3.cds.fa_00996	NaN	NaN	NaN	NaN	NaN	NaN	NaN	NaN	TFCN1702E3373_011106-T1	TFCN1702E3373_001004-T1
TFCN1702E3373_008224-T1__TFCN1702E3373_011106-T1	NaN	NaN	NaN	NaN	NaN	NaN	NaN	NaN	GF00000007	Rhodotorula_mucilaginosa_TFCN_17-0-2E337-3.cds.fa_10960	Rhodotorula_mucilaginosa_TFCN_17-0-2E337-3.cds.fa_08127	NaN	NaN	NaN	NaN	NaN	NaN	NaN	NaN	TFCN1702E3373_011106-T1	TFCN1702E3373_008224-T1
TFCN1702E3373_007078-T1__TFCN1702E3373_011106-T1	NaN	NaN	NaN	NaN	NaN	NaN	NaN	NaN	GF00000007	Rhodotorula_mucilaginosa_TFCN_17-0-2E337-3.cds.fa_10960	Rhodotorula_mucilaginosa_TFCN_17-0-2E337-3.cds.fa_06993	NaN	NaN	NaN	NaN	NaN	NaN	NaN	NaN	TFCN1702E3373_011106-T1	TFCN1702E3373_007078-T1
TFCN1702E3373_002750-T1__TFCN1702E3373_011106-T1	NaN	NaN	NaN	NaN	NaN	NaN	NaN	NaN	GF00000007	Rhodotorula_mucilaginosa_TFCN_17-0-2E337-3.cds.fa_10960	Rhodotorula_mucilaginosa_TFCN_17-0-2E337-3.cds.fa_02716	NaN	NaN	NaN	NaN	NaN	NaN	NaN	NaN	TFCN1702E3373_011106-T1	TFCN1702E3373_002750-T1
TFCN1702E3373_003106-T1__TFCN1702E3373_004154-T1	NaN	NaN	NaN	NaN	NaN	NaN	NaN	NaN	GF00000007	Rhodotorula_mucilaginosa_TFCN_17-0-2E337-3.cds.fa_03064	Rhodotorula_mucilaginosa_TFCN_17-0-2E337-3.cds.fa_04098	NaN	NaN	NaN	NaN	NaN	NaN	NaN	NaN	TFCN1702E3373_003106-T1	TFCN1702E3373_004154-T1
TFCN1702E3373_003106-T1__TFCN1702E3373_006203-T1	NaN	NaN	NaN	NaN	NaN	NaN	NaN	NaN	GF00000007	Rhodotorula_mucilaginosa_TFCN_17-0-2E337-3.cds.fa_03064	Rhodotorula_mucilaginosa_TFCN_17-0-2E337-3.cds.fa_06133	NaN	NaN	NaN	NaN	NaN	NaN	NaN	NaN	TFCN1702E3373_003106-T1	TFCN1702E3373_006203-T1
TFCN1702E3373_003106-T1__TFCN1702E3373_004353-T1	NaN	NaN	NaN	NaN	NaN	NaN	NaN	NaN	GF00000007	Rhodotorula_mucilaginosa_TFCN_17-0-2E337-3.cds.fa_03064	Rhodotorula_mucilaginosa_TFCN_17-0-2E337-3.cds.fa_04297	NaN	NaN	NaN	NaN	NaN	NaN	NaN	NaN	TFCN1702E3373_003106-T1	TFCN1702E3373_004353-T1
TFCN1702E3373_000473-T1__TFCN1702E3373_003106-T1	NaN	NaN	NaN	NaN	NaN	NaN	NaN	NaN	GF00000007	Rhodotorula_mucilaginosa_TFCN_17-0-2E337-3.cds.fa_03064	Rhodotorula_mucilaginosa_TFCN_17-0-2E337-3.cds.fa_00468	NaN	NaN	NaN	NaN	NaN	NaN	NaN	NaN	TFCN1702E3373_003106-T1	TFCN1702E3373_000473-T1
TFCN1702E3373_003106-T1__TFCN1702E3373_007154-T1	NaN	NaN	NaN	NaN	NaN	NaN	NaN	NaN	GF00000007	Rhodotorula_mucilaginosa_TFCN_17-0-2E337-3.cds.fa_03064	Rhodotorula_mucilaginosa_TFCN_17-0-2E337-3.cds.fa_07069	NaN	NaN	NaN	NaN	NaN	NaN	NaN	NaN	TFCN1702E3373_003106-T1	TFCN1702E3373_007154-T1
TFCN1702E3373_001004-T1__TFCN1702E3373_003106-T1	NaN	NaN	NaN	NaN	NaN	NaN	NaN	NaN	GF00000007	Rhodotorula_mucilaginosa_TFCN_17-0-2E337-3.cds.fa_03064	Rhodotorula_mucilaginosa_TFCN_17-0-2E337-3.cds.fa_00996	NaN	NaN	NaN	NaN	NaN	NaN	NaN	NaN	TFCN1702E3373_003106-T1	TFCN1702E3373_001004-T1
TFCN1702E3373_003106-T1__TFCN1702E3373_008224-T1	NaN	NaN	NaN	NaN	NaN	NaN	NaN	NaN	GF00000007	Rhodotorula_mucilaginosa_TFCN_17-0-2E337-3.cds.fa_03064	Rhodotorula_mucilaginosa_TFCN_17-0-2E337-3.cds.fa_08127	NaN	NaN	NaN	NaN	NaN	NaN	NaN	NaN	TFCN1702E3373_003106-T1	TFCN1702E3373_008224-T1
TFCN1702E3373_003106-T1__TFCN1702E3373_007078-T1	NaN	NaN	NaN	NaN	NaN	NaN	NaN	NaN	GF00000007	Rhodotorula_mucilaginosa_TFCN_17-0-2E337-3.cds.fa_03064	Rhodotorula_mucilaginosa_TFCN_17-0-2E337-3.cds.fa_06993	NaN	NaN	NaN	NaN	NaN	NaN	NaN	NaN	TFCN1702E3373_003106-T1	TFCN1702E3373_007078-T1
TFCN1702E3373_002750-T1__TFCN1702E3373_003106-T1	NaN	NaN	NaN	NaN	NaN	NaN	NaN	NaN	GF00000007	Rhodotorula_mucilaginosa_TFCN_17-0-2E337-3.cds.fa_03064	Rhodotorula_mucilaginosa_TFCN_17-0-2E337-3.cds.fa_02716	NaN	NaN	NaN	NaN	NaN	NaN	NaN	NaN	TFCN1702E3373_003106-T1	TFCN1702E3373_002750-T1
TFCN1702E3373_004154-T1__TFCN1702E3373_006203-T1	NaN	NaN	NaN	NaN	NaN	NaN	NaN	NaN	GF00000007	Rhodotorula_mucilaginosa_TFCN_17-0-2E337-3.cds.fa_04098	Rhodotorula_mucilaginosa_TFCN_17-0-2E337-3.cds.fa_06133	NaN	NaN	NaN	NaN	NaN	NaN	NaN	NaN	TFCN1702E3373_004154-T1	TFCN1702E3373_006203-T1
TFCN1702E3373_004154-T1__TFCN1702E3373_004353-T1	NaN	NaN	NaN	NaN	NaN	NaN	NaN	NaN	GF00000007	Rhodotorula_mucilaginosa_TFCN_17-0-2E337-3.cds.fa_04098	Rhodotorula_mucilaginosa_TFCN_17-0-2E337-3.cds.fa_04297	NaN	NaN	NaN	NaN	NaN	NaN	NaN	NaN	TFCN1702E3373_004154-T1	TFCN1702E3373_004353-T1
TFCN1702E3373_000473-T1__TFCN1702E3373_004154-T1	NaN	NaN	NaN	NaN	NaN	NaN	NaN	NaN	GF00000007	Rhodotorula_mucilaginosa_TFCN_17-0-2E337-3.cds.fa_04098	Rhodotorula_mucilaginosa_TFCN_17-0-2E337-3.cds.fa_00468	NaN	NaN	NaN	NaN	NaN	NaN	NaN	NaN	TFCN1702E3373_004154-T1	TFCN1702E3373_000473-T1
TFCN1702E3373_004154-T1__TFCN1702E3373_007154-T1	NaN	NaN	NaN	NaN	NaN	NaN	NaN	NaN	GF00000007	Rhodotorula_mucilaginosa_TFCN_17-0-2E337-3.cds.fa_04098	Rhodotorula_mucilaginosa_TFCN_17-0-2E337-3.cds.fa_07069	NaN	NaN	NaN	NaN	NaN	NaN	NaN	NaN	TFCN1702E3373_004154-T1	TFCN1702E3373_007154-T1
TFCN1702E3373_001004-T1__TFCN1702E3373_004154-T1	NaN	NaN	NaN	NaN	NaN	NaN	NaN	NaN	GF00000007	Rhodotorula_mucilaginosa_TFCN_17-0-2E337-3.cds.fa_04098	Rhodotorula_mucilaginosa_TFCN_17-0-2E337-3.cds.fa_00996	NaN	NaN	NaN	NaN	NaN	NaN	NaN	NaN	TFCN1702E3373_004154-T1	TFCN1702E3373_001004-T1
TFCN1702E3373_004154-T1__TFCN1702E3373_008224-T1	NaN	NaN	NaN	NaN	NaN	NaN	NaN	NaN	GF00000007	Rhodotorula_mucilaginosa_TFCN_17-0-2E337-3.cds.fa_04098	Rhodotorula_mucilaginosa_TFCN_17-0-2E337-3.cds.fa_08127	NaN	NaN	NaN	NaN	NaN	NaN	NaN	NaN	TFCN1702E3373_004154-T1	TFCN1702E3373_008224-T1
TFCN1702E3373_004154-T1__TFCN1702E3373_007078-T1	NaN	NaN	NaN	NaN	NaN	NaN	NaN	NaN	GF00000007	Rhodotorula_mucilaginosa_TFCN_17-0-2E337-3.cds.fa_04098	Rhodotorula_mucilaginosa_TFCN_17-0-2E337-3.cds.fa_06993	NaN	NaN	NaN	NaN	NaN	NaN	NaN	NaN	TFCN1702E3373_004154-T1	TFCN1702E3373_007078-T1
TFCN1702E3373_002750-T1__TFCN1702E3373_004154-T1	NaN	NaN	NaN	NaN	NaN	NaN	NaN	NaN	GF00000007	Rhodotorula_mucilaginosa_TFCN_17-0-2E337-3.cds.fa_04098	Rhodotorula_mucilaginosa_TFCN_17-0-2E337-3.cds.fa_02716	NaN	NaN	NaN	NaN	NaN	NaN	NaN	NaN	TFCN1702E3373_004154-T1	TFCN1702E3373_002750-T1
TFCN1702E3373_004353-T1__TFCN1702E3373_006203-T1	NaN	NaN	NaN	NaN	NaN	NaN	NaN	NaN	GF00000007	Rhodotorula_mucilaginosa_TFCN_17-0-2E337-3.cds.fa_06133	Rhodotorula_mucilaginosa_TFCN_17-0-2E337-3.cds.fa_04297	NaN	NaN	NaN	NaN	NaN	NaN	NaN	NaN	TFCN1702E3373_006203-T1	TFCN1702E3373_004353-T1
TFCN1702E3373_000473-T1__TFCN1702E3373_006203-T1	NaN	NaN	NaN	NaN	NaN	NaN	NaN	NaN	GF00000007	Rhodotorula_mucilaginosa_TFCN_17-0-2E337-3.cds.fa_06133	Rhodotorula_mucilaginosa_TFCN_17-0-2E337-3.cds.fa_00468	NaN	NaN	NaN	NaN	NaN	NaN	NaN	NaN	TFCN1702E3373_006203-T1	TFCN1702E3373_000473-T1
TFCN1702E3373_006203-T1__TFCN1702E3373_007154-T1	NaN	NaN	NaN	NaN	NaN	NaN	NaN	NaN	GF00000007	Rhodotorula_mucilaginosa_TFCN_17-0-2E337-3.cds.fa_06133	Rhodotorula_mucilaginosa_TFCN_17-0-2E337-3.cds.fa_07069	NaN	NaN	NaN	NaN	NaN	NaN	NaN	NaN	TFCN1702E3373_006203-T1	TFCN1702E3373_007154-T1
TFCN1702E3373_001004-T1__TFCN1702E3373_006203-T1	NaN	NaN	NaN	NaN	NaN	NaN	NaN	NaN	GF00000007	Rhodotorula_mucilaginosa_TFCN_17-0-2E337-3.cds.fa_06133	Rhodotorula_mucilaginosa_TFCN_17-0-2E337-3.cds.fa_00996	NaN	NaN	NaN	NaN	NaN	NaN	NaN	NaN	TFCN1702E3373_006203-T1	TFCN1702E3373_001004-T1
TFCN1702E3373_006203-T1__TFCN1702E3373_008224-T1	NaN	NaN	NaN	NaN	NaN	NaN	NaN	NaN	GF00000007	Rhodotorula_mucilaginosa_TFCN_17-0-2E337-3.cds.fa_06133	Rhodotorula_mucilaginosa_TFCN_17-0-2E337-3.cds.fa_08127	NaN	NaN	NaN	NaN	NaN	NaN	NaN	NaN	TFCN1702E3373_006203-T1	TFCN1702E3373_008224-T1
TFCN1702E3373_006203-T1__TFCN1702E3373_007078-T1	NaN	NaN	NaN	NaN	NaN	NaN	NaN	NaN	GF00000007	Rhodotorula_mucilaginosa_TFCN_17-0-2E337-3.cds.fa_06133	Rhodotorula_mucilaginosa_TFCN_17-0-2E337-3.cds.fa_06993	NaN	NaN	NaN	NaN	NaN	NaN	NaN	NaN	TFCN1702E3373_006203-T1	TFCN1702E3373_007078-T1
TFCN1702E3373_002750-T1__TFCN1702E3373_006203-T1	NaN	NaN	NaN	NaN	NaN	NaN	NaN	NaN	GF00000007	Rhodotorula_mucilaginosa_TFCN_17-0-2E337-3.cds.fa_06133	Rhodotorula_mucilaginosa_TFCN_17-0-2E337-3.cds.fa_02716	NaN	NaN	NaN	NaN	NaN	NaN	NaN	NaN	TFCN1702E3373_006203-T1	TFCN1702E3373_002750-T1
TFCN1702E3373_000473-T1__TFCN1702E3373_004353-T1	NaN	NaN	NaN	NaN	NaN	NaN	NaN	NaN	GF00000007	Rhodotorula_mucilaginosa_TFCN_17-0-2E337-3.cds.fa_04297	Rhodotorula_mucilaginosa_TFCN_17-0-2E337-3.cds.fa_00468	NaN	NaN	NaN	NaN	NaN	NaN	NaN	NaN	TFCN1702E3373_004353-T1	TFCN1702E3373_000473-T1
TFCN1702E3373_004353-T1__TFCN1702E3373_007154-T1	NaN	NaN	NaN	NaN	NaN	NaN	NaN	NaN	GF00000007	Rhodotorula_mucilaginosa_TFCN_17-0-2E337-3.cds.fa_04297	Rhodotorula_mucilaginosa_TFCN_17-0-2E337-3.cds.fa_07069	NaN	NaN	NaN	NaN	NaN	NaN	NaN	NaN	TFCN1702E3373_004353-T1	TFCN1702E3373_007154-T1
TFCN1702E3373_001004-T1__TFCN1702E3373_004353-T1	NaN	NaN	NaN	NaN	NaN	NaN	NaN	NaN	GF00000007	Rhodotorula_mucilaginosa_TFCN_17-0-2E337-3.cds.fa_04297	Rhodotorula_mucilaginosa_TFCN_17-0-2E337-3.cds.fa_00996	NaN	NaN	NaN	NaN	NaN	NaN	NaN	NaN	TFCN1702E3373_004353-T1	TFCN1702E3373_001004-T1
TFCN1702E3373_004353-T1__TFCN1702E3373_008224-T1	NaN	NaN	NaN	NaN	NaN	NaN	NaN	NaN	GF00000007	Rhodotorula_mucilaginosa_TFCN_17-0-2E337-3.cds.fa_04297	Rhodotorula_mucilaginosa_TFCN_17-0-2E337-3.cds.fa_08127	NaN	NaN	NaN	NaN	NaN	NaN	NaN	NaN	TFCN1702E3373_004353-T1	TFCN1702E3373_008224-T1
TFCN1702E3373_004353-T1__TFCN1702E3373_007078-T1	NaN	NaN	NaN	NaN	NaN	NaN	NaN	NaN	GF00000007	Rhodotorula_mucilaginosa_TFCN_17-0-2E337-3.cds.fa_04297	Rhodotorula_mucilaginosa_TFCN_17-0-2E337-3.cds.fa_06993	NaN	NaN	NaN	NaN	NaN	NaN	NaN	NaN	TFCN1702E3373_004353-T1	TFCN1702E3373_007078-T1
TFCN1702E3373_002750-T1__TFCN1702E3373_004353-T1	NaN	NaN	NaN	NaN	NaN	NaN	NaN	NaN	GF00000007	Rhodotorula_mucilaginosa_TFCN_17-0-2E337-3.cds.fa_04297	Rhodotorula_mucilaginosa_TFCN_17-0-2E337-3.cds.fa_02716	NaN	NaN	NaN	NaN	NaN	NaN	NaN	NaN	TFCN1702E3373_004353-T1	TFCN1702E3373_002750-T1
TFCN1702E3373_000473-T1__TFCN1702E3373_007154-T1	NaN	NaN	NaN	NaN	NaN	NaN	NaN	NaN	GF00000007	Rhodotorula_mucilaginosa_TFCN_17-0-2E337-3.cds.fa_00468	Rhodotorula_mucilaginosa_TFCN_17-0-2E337-3.cds.fa_07069	NaN	NaN	NaN	NaN	NaN	NaN	NaN	NaN	TFCN1702E3373_000473-T1	TFCN1702E3373_007154-T1
TFCN1702E3373_000473-T1__TFCN1702E3373_001004-T1	NaN	NaN	NaN	NaN	NaN	NaN	NaN	NaN	GF00000007	Rhodotorula_mucilaginosa_TFCN_17-0-2E337-3.cds.fa_00468	Rhodotorula_mucilaginosa_TFCN_17-0-2E337-3.cds.fa_00996	NaN	NaN	NaN	NaN	NaN	NaN	NaN	NaN	TFCN1702E3373_000473-T1	TFCN1702E3373_001004-T1
TFCN1702E3373_000473-T1__TFCN1702E3373_008224-T1	NaN	NaN	NaN	NaN	NaN	NaN	NaN	NaN	GF00000007	Rhodotorula_mucilaginosa_TFCN_17-0-2E337-3.cds.fa_00468	Rhodotorula_mucilaginosa_TFCN_17-0-2E337-3.cds.fa_08127	NaN	NaN	NaN	NaN	NaN	NaN	NaN	NaN	TFCN1702E3373_000473-T1	TFCN1702E3373_008224-T1
TFCN1702E3373_000473-T1__TFCN1702E3373_007078-T1	NaN	NaN	NaN	NaN	NaN	NaN	NaN	NaN	GF00000007	Rhodotorula_mucilaginosa_TFCN_17-0-2E337-3.cds.fa_00468	Rhodotorula_mucilaginosa_TFCN_17-0-2E337-3.cds.fa_06993	NaN	NaN	NaN	NaN	NaN	NaN	NaN	NaN	TFCN1702E3373_000473-T1	TFCN1702E3373_007078-T1
TFCN1702E3373_000473-T1__TFCN1702E3373_002750-T1	NaN	NaN	NaN	NaN	NaN	NaN	NaN	NaN	GF00000007	Rhodotorula_mucilaginosa_TFCN_17-0-2E337-3.cds.fa_00468	Rhodotorula_mucilaginosa_TFCN_17-0-2E337-3.cds.fa_02716	NaN	NaN	NaN	NaN	NaN	NaN	NaN	NaN	TFCN1702E3373_000473-T1	TFCN1702E3373_002750-T1
TFCN1702E3373_001004-T1__TFCN1702E3373_007154-T1	NaN	NaN	NaN	NaN	NaN	NaN	NaN	NaN	GF00000007	Rhodotorula_mucilaginosa_TFCN_17-0-2E337-3.cds.fa_07069	Rhodotorula_mucilaginosa_TFCN_17-0-2E337-3.cds.fa_00996	NaN	NaN	NaN	NaN	NaN	NaN	NaN	NaN	TFCN1702E3373_007154-T1	TFCN1702E3373_001004-T1
TFCN1702E3373_007154-T1__TFCN1702E3373_008224-T1	NaN	NaN	NaN	NaN	NaN	NaN	NaN	NaN	GF00000007	Rhodotorula_mucilaginosa_TFCN_17-0-2E337-3.cds.fa_07069	Rhodotorula_mucilaginosa_TFCN_17-0-2E337-3.cds.fa_08127	NaN	NaN	NaN	NaN	NaN	NaN	NaN	NaN	TFCN1702E3373_007154-T1	TFCN1702E3373_008224-T1
TFCN1702E3373_007078-T1__TFCN1702E3373_007154-T1	NaN	NaN	NaN	NaN	NaN	NaN	NaN	NaN	GF00000007	Rhodotorula_mucilaginosa_TFCN_17-0-2E337-3.cds.fa_07069	Rhodotorula_mucilaginosa_TFCN_17-0-2E337-3.cds.fa_06993	NaN	NaN	NaN	NaN	NaN	NaN	NaN	NaN	TFCN1702E3373_007154-T1	TFCN1702E3373_007078-T1
TFCN1702E3373_002750-T1__TFCN1702E3373_007154-T1	NaN	NaN	NaN	NaN	NaN	NaN	NaN	NaN	GF00000007	Rhodotorula_mucilaginosa_TFCN_17-0-2E337-3.cds.fa_07069	Rhodotorula_mucilaginosa_TFCN_17-0-2E337-3.cds.fa_02716	NaN	NaN	NaN	NaN	NaN	NaN	NaN	NaN	TFCN1702E3373_007154-T1	TFCN1702E3373_002750-T1
TFCN1702E3373_001004-T1__TFCN1702E3373_008224-T1	NaN	NaN	NaN	NaN	NaN	NaN	NaN	NaN	GF00000007	Rhodotorula_mucilaginosa_TFCN_17-0-2E337-3.cds.fa_00996	Rhodotorula_mucilaginosa_TFCN_17-0-2E337-3.cds.fa_08127	NaN	NaN	NaN	NaN	NaN	NaN	NaN	NaN	TFCN1702E3373_001004-T1	TFCN1702E3373_008224-T1
TFCN1702E3373_001004-T1__TFCN1702E3373_007078-T1	NaN	NaN	NaN	NaN	NaN	NaN	NaN	NaN	GF00000007	Rhodotorula_mucilaginosa_TFCN_17-0-2E337-3.cds.fa_00996	Rhodotorula_mucilaginosa_TFCN_17-0-2E337-3.cds.fa_06993	NaN	NaN	NaN	NaN	NaN	NaN	NaN	NaN	TFCN1702E3373_001004-T1	TFCN1702E3373_007078-T1
TFCN1702E3373_001004-T1__TFCN1702E3373_002750-T1	NaN	NaN	NaN	NaN	NaN	NaN	NaN	NaN	GF00000007	Rhodotorula_mucilaginosa_TFCN_17-0-2E337-3.cds.fa_00996	Rhodotorula_mucilaginosa_TFCN_17-0-2E337-3.cds.fa_02716	NaN	NaN	NaN	NaN	NaN	NaN	NaN	NaN	TFCN1702E3373_001004-T1	TFCN1702E3373_002750-T1
TFCN1702E3373_007078-T1__TFCN1702E3373_008224-T1	NaN	NaN	NaN	NaN	NaN	NaN	NaN	NaN	GF00000007	Rhodotorula_mucilaginosa_TFCN_17-0-2E337-3.cds.fa_08127	Rhodotorula_mucilaginosa_TFCN_17-0-2E337-3.cds.fa_06993	NaN	NaN	NaN	NaN	NaN	NaN	NaN	NaN	TFCN1702E3373_008224-T1	TFCN1702E3373_007078-T1
TFCN1702E3373_002750-T1__TFCN1702E3373_008224-T1	NaN	NaN	NaN	NaN	NaN	NaN	NaN	NaN	GF00000007	Rhodotorula_mucilaginosa_TFCN_17-0-2E337-3.cds.fa_08127	Rhodotorula_mucilaginosa_TFCN_17-0-2E337-3.cds.fa_02716	NaN	NaN	NaN	NaN	NaN	NaN	NaN	NaN	TFCN1702E3373_008224-T1	TFCN1702E3373_002750-T1
TFCN1702E3373_002750-T1__TFCN1702E3373_007078-T1	NaN	NaN	NaN	NaN	NaN	NaN	NaN	NaN	GF00000007	Rhodotorula_mucilaginosa_TFCN_17-0-2E337-3.cds.fa_06993	Rhodotorula_mucilaginosa_TFCN_17-0-2E337-3.cds.fa_02716	NaN	NaN	NaN	NaN	NaN	NaN	NaN	NaN	TFCN1702E3373_007078-T1	TFCN1702E3373_002750-T1
TFCN1702E3373_008758-T1__TFCN1702E3373_010584-T1	NaN	NaN	NaN	NaN	NaN	NaN	NaN	NaN	GF00000008	Rhodotorula_mucilaginosa_TFCN_17-0-2E337-3.cds.fa_08648	Rhodotorula_mucilaginosa_TFCN_17-0-2E337-3.cds.fa_10456	NaN	NaN	NaN	NaN	NaN	NaN	NaN	NaN	TFCN1702E3373_008758-T1	TFCN1702E3373_010584-T1
TFCN1702E3373_001813-T1__TFCN1702E3373_008758-T1	NaN	NaN	NaN	NaN	NaN	NaN	NaN	NaN	GF00000008	Rhodotorula_mucilaginosa_TFCN_17-0-2E337-3.cds.fa_08648	Rhodotorula_mucilaginosa_TFCN_17-0-2E337-3.cds.fa_01801	NaN	NaN	NaN	NaN	NaN	NaN	NaN	NaN	TFCN1702E3373_008758-T1	TFCN1702E3373_001813-T1
TFCN1702E3373_001571-T1__TFCN1702E3373_008758-T1	NaN	NaN	NaN	NaN	NaN	NaN	NaN	NaN	GF00000008	Rhodotorula_mucilaginosa_TFCN_17-0-2E337-3.cds.fa_08648	Rhodotorula_mucilaginosa_TFCN_17-0-2E337-3.cds.fa_01561	NaN	NaN	NaN	NaN	NaN	NaN	NaN	NaN	TFCN1702E3373_008758-T1	TFCN1702E3373_001571-T1
TFCN1702E3373_001854-T1__TFCN1702E3373_008758-T1	NaN	NaN	NaN	NaN	NaN	NaN	NaN	NaN	GF00000008	Rhodotorula_mucilaginosa_TFCN_17-0-2E337-3.cds.fa_08648	Rhodotorula_mucilaginosa_TFCN_17-0-2E337-3.cds.fa_01842	NaN	NaN	NaN	NaN	NaN	NaN	NaN	NaN	TFCN1702E3373_008758-T1	TFCN1702E3373_001854-T1
TFCN1702E3373_008758-T1__TFCN1702E3373_013073-T1	NaN	NaN	NaN	NaN	NaN	NaN	NaN	NaN	GF00000008	Rhodotorula_mucilaginosa_TFCN_17-0-2E337-3.cds.fa_08648	Rhodotorula_mucilaginosa_TFCN_17-0-2E337-3.cds.fa_12888	NaN	NaN	NaN	NaN	NaN	NaN	NaN	NaN	TFCN1702E3373_008758-T1	TFCN1702E3373_013073-T1
TFCN1702E3373_008758-T1__TFCN1702E3373_014670-T1	NaN	NaN	NaN	NaN	NaN	NaN	NaN	NaN	GF00000008	Rhodotorula_mucilaginosa_TFCN_17-0-2E337-3.cds.fa_08648	Rhodotorula_mucilaginosa_TFCN_17-0-2E337-3.cds.fa_14451	NaN	NaN	NaN	NaN	NaN	NaN	NaN	NaN	TFCN1702E3373_008758-T1	TFCN1702E3373_014670-T1
TFCN1702E3373_008758-T1__TFCN1702E3373_011423-T1	NaN	NaN	NaN	NaN	NaN	NaN	NaN	NaN	GF00000008	Rhodotorula_mucilaginosa_TFCN_17-0-2E337-3.cds.fa_08648	Rhodotorula_mucilaginosa_TFCN_17-0-2E337-3.cds.fa_11276	NaN	NaN	NaN	NaN	NaN	NaN	NaN	NaN	TFCN1702E3373_008758-T1	TFCN1702E3373_011423-T1
TFCN1702E3373_001810-T1__TFCN1702E3373_008758-T1	NaN	NaN	NaN	NaN	NaN	NaN	NaN	NaN	GF00000008	Rhodotorula_mucilaginosa_TFCN_17-0-2E337-3.cds.fa_08648	Rhodotorula_mucilaginosa_TFCN_17-0-2E337-3.cds.fa_01798	NaN	NaN	NaN	NaN	NaN	NaN	NaN	NaN	TFCN1702E3373_008758-T1	TFCN1702E3373_001810-T1
TFCN1702E3373_008758-T1__TFCN1702E3373_013069-T1	NaN	NaN	NaN	NaN	NaN	NaN	NaN	NaN	GF00000008	Rhodotorula_mucilaginosa_TFCN_17-0-2E337-3.cds.fa_08648	Rhodotorula_mucilaginosa_TFCN_17-0-2E337-3.cds.fa_12884	NaN	NaN	NaN	NaN	NaN	NaN	NaN	NaN	TFCN1702E3373_008758-T1	TFCN1702E3373_013069-T1
TFCN1702E3373_001504-T1__TFCN1702E3373_008758-T1	NaN	NaN	NaN	NaN	NaN	NaN	NaN	NaN	GF00000008	Rhodotorula_mucilaginosa_TFCN_17-0-2E337-3.cds.fa_08648	Rhodotorula_mucilaginosa_TFCN_17-0-2E337-3.cds.fa_01494	NaN	NaN	NaN	NaN	NaN	NaN	NaN	NaN	TFCN1702E3373_008758-T1	TFCN1702E3373_001504-T1
TFCN1702E3373_008758-T1__TFCN1702E3373_010766-T1	NaN	NaN	NaN	NaN	NaN	NaN	NaN	NaN	GF00000008	Rhodotorula_mucilaginosa_TFCN_17-0-2E337-3.cds.fa_08648	Rhodotorula_mucilaginosa_TFCN_17-0-2E337-3.cds.fa_10633	NaN	NaN	NaN	NaN	NaN	NaN	NaN	NaN	TFCN1702E3373_008758-T1	TFCN1702E3373_010766-T1
TFCN1702E3373_008758-T1__TFCN1702E3373_009948-T1	NaN	NaN	NaN	NaN	NaN	NaN	NaN	NaN	GF00000008	Rhodotorula_mucilaginosa_TFCN_17-0-2E337-3.cds.fa_08648	Rhodotorula_mucilaginosa_TFCN_17-0-2E337-3.cds.fa_09829	NaN	NaN	NaN	NaN	NaN	NaN	NaN	NaN	TFCN1702E3373_008758-T1	TFCN1702E3373_009948-T1
TFCN1702E3373_003191-T1__TFCN1702E3373_008758-T1	NaN	NaN	NaN	NaN	NaN	NaN	NaN	NaN	GF00000008	Rhodotorula_mucilaginosa_TFCN_17-0-2E337-3.cds.fa_08648	Rhodotorula_mucilaginosa_TFCN_17-0-2E337-3.cds.fa_03148	NaN	NaN	NaN	NaN	NaN	NaN	NaN	NaN	TFCN1702E3373_008758-T1	TFCN1702E3373_003191-T1
TFCN1702E3373_008758-T1__TFCN1702E3373_009947-T1	NaN	NaN	NaN	NaN	NaN	NaN	NaN	NaN	GF00000008	Rhodotorula_mucilaginosa_TFCN_17-0-2E337-3.cds.fa_08648	Rhodotorula_mucilaginosa_TFCN_17-0-2E337-3.cds.fa_09828	NaN	NaN	NaN	NaN	NaN	NaN	NaN	NaN	TFCN1702E3373_008758-T1	TFCN1702E3373_009947-T1
TFCN1702E3373_003192-T1__TFCN1702E3373_008758-T1	NaN	NaN	NaN	NaN	NaN	NaN	NaN	NaN	GF00000008	Rhodotorula_mucilaginosa_TFCN_17-0-2E337-3.cds.fa_08648	Rhodotorula_mucilaginosa_TFCN_17-0-2E337-3.cds.fa_03149	NaN	NaN	NaN	NaN	NaN	NaN	NaN	NaN	TFCN1702E3373_008758-T1	TFCN1702E3373_003192-T1
TFCN1702E3373_004546-T1__TFCN1702E3373_008758-T1	NaN	NaN	NaN	NaN	NaN	NaN	NaN	NaN	GF00000008	Rhodotorula_mucilaginosa_TFCN_17-0-2E337-3.cds.fa_08648	Rhodotorula_mucilaginosa_TFCN_17-0-2E337-3.cds.fa_04489	NaN	NaN	NaN	NaN	NaN	NaN	NaN	NaN	TFCN1702E3373_008758-T1	TFCN1702E3373_004546-T1
TFCN1702E3373_007238-T1__TFCN1702E3373_008758-T1	NaN	NaN	NaN	NaN	NaN	NaN	NaN	NaN	GF00000008	Rhodotorula_mucilaginosa_TFCN_17-0-2E337-3.cds.fa_08648	Rhodotorula_mucilaginosa_TFCN_17-0-2E337-3.cds.fa_07153	NaN	NaN	NaN	NaN	NaN	NaN	NaN	NaN	TFCN1702E3373_008758-T1	TFCN1702E3373_007238-T1
TFCN1702E3373_008758-T1__TFCN1702E3373_013072-T1	NaN	NaN	NaN	NaN	NaN	NaN	NaN	NaN	GF00000008	Rhodotorula_mucilaginosa_TFCN_17-0-2E337-3.cds.fa_08648	Rhodotorula_mucilaginosa_TFCN_17-0-2E337-3.cds.fa_12887	NaN	NaN	NaN	NaN	NaN	NaN	NaN	NaN	TFCN1702E3373_008758-T1	TFCN1702E3373_013072-T1
TFCN1702E3373_001813-T1__TFCN1702E3373_010584-T1	NaN	NaN	NaN	NaN	NaN	NaN	NaN	NaN	GF00000008	Rhodotorula_mucilaginosa_TFCN_17-0-2E337-3.cds.fa_10456	Rhodotorula_mucilaginosa_TFCN_17-0-2E337-3.cds.fa_01801	NaN	NaN	NaN	NaN	NaN	NaN	NaN	NaN	TFCN1702E3373_010584-T1	TFCN1702E3373_001813-T1
TFCN1702E3373_001571-T1__TFCN1702E3373_010584-T1	NaN	NaN	NaN	NaN	NaN	NaN	NaN	NaN	GF00000008	Rhodotorula_mucilaginosa_TFCN_17-0-2E337-3.cds.fa_10456	Rhodotorula_mucilaginosa_TFCN_17-0-2E337-3.cds.fa_01561	NaN	NaN	NaN	NaN	NaN	NaN	NaN	NaN	TFCN1702E3373_010584-T1	TFCN1702E3373_001571-T1
TFCN1702E3373_001854-T1__TFCN1702E3373_010584-T1	NaN	NaN	NaN	NaN	NaN	NaN	NaN	NaN	GF00000008	Rhodotorula_mucilaginosa_TFCN_17-0-2E337-3.cds.fa_10456	Rhodotorula_mucilaginosa_TFCN_17-0-2E337-3.cds.fa_01842	NaN	NaN	NaN	NaN	NaN	NaN	NaN	NaN	TFCN1702E3373_010584-T1	TFCN1702E3373_001854-T1
TFCN1702E3373_010584-T1__TFCN1702E3373_013073-T1	NaN	NaN	NaN	NaN	NaN	NaN	NaN	NaN	GF00000008	Rhodotorula_mucilaginosa_TFCN_17-0-2E337-3.cds.fa_10456	Rhodotorula_mucilaginosa_TFCN_17-0-2E337-3.cds.fa_12888	NaN	NaN	NaN	NaN	NaN	NaN	NaN	NaN	TFCN1702E3373_010584-T1	TFCN1702E3373_013073-T1
TFCN1702E3373_010584-T1__TFCN1702E3373_014670-T1	NaN	NaN	NaN	NaN	NaN	NaN	NaN	NaN	GF00000008	Rhodotorula_mucilaginosa_TFCN_17-0-2E337-3.cds.fa_10456	Rhodotorula_mucilaginosa_TFCN_17-0-2E337-3.cds.fa_14451	NaN	NaN	NaN	NaN	NaN	NaN	NaN	NaN	TFCN1702E3373_010584-T1	TFCN1702E3373_014670-T1
TFCN1702E3373_010584-T1__TFCN1702E3373_011423-T1	NaN	NaN	NaN	NaN	NaN	NaN	NaN	NaN	GF00000008	Rhodotorula_mucilaginosa_TFCN_17-0-2E337-3.cds.fa_10456	Rhodotorula_mucilaginosa_TFCN_17-0-2E337-3.cds.fa_11276	NaN	NaN	NaN	NaN	NaN	NaN	NaN	NaN	TFCN1702E3373_010584-T1	TFCN1702E3373_011423-T1
TFCN1702E3373_001810-T1__TFCN1702E3373_010584-T1	NaN	NaN	NaN	NaN	NaN	NaN	NaN	NaN	GF00000008	Rhodotorula_mucilaginosa_TFCN_17-0-2E337-3.cds.fa_10456	Rhodotorula_mucilaginosa_TFCN_17-0-2E337-3.cds.fa_01798	NaN	NaN	NaN	NaN	NaN	NaN	NaN	NaN	TFCN1702E3373_010584-T1	TFCN1702E3373_001810-T1
TFCN1702E3373_010584-T1__TFCN1702E3373_013069-T1	NaN	NaN	NaN	NaN	NaN	NaN	NaN	NaN	GF00000008	Rhodotorula_mucilaginosa_TFCN_17-0-2E337-3.cds.fa_10456	Rhodotorula_mucilaginosa_TFCN_17-0-2E337-3.cds.fa_12884	NaN	NaN	NaN	NaN	NaN	NaN	NaN	NaN	TFCN1702E3373_010584-T1	TFCN1702E3373_013069-T1
TFCN1702E3373_001504-T1__TFCN1702E3373_010584-T1	NaN	NaN	NaN	NaN	NaN	NaN	NaN	NaN	GF00000008	Rhodotorula_mucilaginosa_TFCN_17-0-2E337-3.cds.fa_10456	Rhodotorula_mucilaginosa_TFCN_17-0-2E337-3.cds.fa_01494	NaN	NaN	NaN	NaN	NaN	NaN	NaN	NaN	TFCN1702E3373_010584-T1	TFCN1702E3373_001504-T1
TFCN1702E3373_010584-T1__TFCN1702E3373_010766-T1	NaN	NaN	NaN	NaN	NaN	NaN	NaN	NaN	GF00000008	Rhodotorula_mucilaginosa_TFCN_17-0-2E337-3.cds.fa_10456	Rhodotorula_mucilaginosa_TFCN_17-0-2E337-3.cds.fa_10633	NaN	NaN	NaN	NaN	NaN	NaN	NaN	NaN	TFCN1702E3373_010584-T1	TFCN1702E3373_010766-T1
TFCN1702E3373_009948-T1__TFCN1702E3373_010584-T1	NaN	NaN	NaN	NaN	NaN	NaN	NaN	NaN	GF00000008	Rhodotorula_mucilaginosa_TFCN_17-0-2E337-3.cds.fa_10456	Rhodotorula_mucilaginosa_TFCN_17-0-2E337-3.cds.fa_09829	NaN	NaN	NaN	NaN	NaN	NaN	NaN	NaN	TFCN1702E3373_010584-T1	TFCN1702E3373_009948-T1
TFCN1702E3373_003191-T1__TFCN1702E3373_010584-T1	NaN	NaN	NaN	NaN	NaN	NaN	NaN	NaN	GF00000008	Rhodotorula_mucilaginosa_TFCN_17-0-2E337-3.cds.fa_10456	Rhodotorula_mucilaginosa_TFCN_17-0-2E337-3.cds.fa_03148	NaN	NaN	NaN	NaN	NaN	NaN	NaN	NaN	TFCN1702E3373_010584-T1	TFCN1702E3373_003191-T1
TFCN1702E3373_009947-T1__TFCN1702E3373_010584-T1	NaN	NaN	NaN	NaN	NaN	NaN	NaN	NaN	GF00000008	Rhodotorula_mucilaginosa_TFCN_17-0-2E337-3.cds.fa_10456	Rhodotorula_mucilaginosa_TFCN_17-0-2E337-3.cds.fa_09828	NaN	NaN	NaN	NaN	NaN	NaN	NaN	NaN	TFCN1702E3373_010584-T1	TFCN1702E3373_009947-T1
TFCN1702E3373_003192-T1__TFCN1702E3373_010584-T1	NaN	NaN	NaN	NaN	NaN	NaN	NaN	NaN	GF00000008	Rhodotorula_mucilaginosa_TFCN_17-0-2E337-3.cds.fa_10456	Rhodotorula_mucilaginosa_TFCN_17-0-2E337-3.cds.fa_03149	NaN	NaN	NaN	NaN	NaN	NaN	NaN	NaN	TFCN1702E3373_010584-T1	TFCN1702E3373_003192-T1
TFCN1702E3373_004546-T1__TFCN1702E3373_010584-T1	NaN	NaN	NaN	NaN	NaN	NaN	NaN	NaN	GF00000008	Rhodotorula_mucilaginosa_TFCN_17-0-2E337-3.cds.fa_10456	Rhodotorula_mucilaginosa_TFCN_17-0-2E337-3.cds.fa_04489	NaN	NaN	NaN	NaN	NaN	NaN	NaN	NaN	TFCN1702E3373_010584-T1	TFCN1702E3373_004546-T1
TFCN1702E3373_007238-T1__TFCN1702E3373_010584-T1	NaN	NaN	NaN	NaN	NaN	NaN	NaN	NaN	GF00000008	Rhodotorula_mucilaginosa_TFCN_17-0-2E337-3.cds.fa_10456	Rhodotorula_mucilaginosa_TFCN_17-0-2E337-3.cds.fa_07153	NaN	NaN	NaN	NaN	NaN	NaN	NaN	NaN	TFCN1702E3373_010584-T1	TFCN1702E3373_007238-T1
TFCN1702E3373_010584-T1__TFCN1702E3373_013072-T1	NaN	NaN	NaN	NaN	NaN	NaN	NaN	NaN	GF00000008	Rhodotorula_mucilaginosa_TFCN_17-0-2E337-3.cds.fa_10456	Rhodotorula_mucilaginosa_TFCN_17-0-2E337-3.cds.fa_12887	NaN	NaN	NaN	NaN	NaN	NaN	NaN	NaN	TFCN1702E3373_010584-T1	TFCN1702E3373_013072-T1
TFCN1702E3373_001571-T1__TFCN1702E3373_001813-T1	NaN	NaN	NaN	NaN	NaN	NaN	NaN	NaN	GF00000008	Rhodotorula_mucilaginosa_TFCN_17-0-2E337-3.cds.fa_01801	Rhodotorula_mucilaginosa_TFCN_17-0-2E337-3.cds.fa_01561	NaN	NaN	NaN	NaN	NaN	NaN	NaN	NaN	TFCN1702E3373_001813-T1	TFCN1702E3373_001571-T1
TFCN1702E3373_001813-T1__TFCN1702E3373_001854-T1	NaN	NaN	NaN	NaN	NaN	NaN	NaN	NaN	GF00000008	Rhodotorula_mucilaginosa_TFCN_17-0-2E337-3.cds.fa_01801	Rhodotorula_mucilaginosa_TFCN_17-0-2E337-3.cds.fa_01842	NaN	NaN	NaN	NaN	NaN	NaN	NaN	NaN	TFCN1702E3373_001813-T1	TFCN1702E3373_001854-T1
TFCN1702E3373_001813-T1__TFCN1702E3373_013073-T1	NaN	NaN	NaN	NaN	NaN	NaN	NaN	NaN	GF00000008	Rhodotorula_mucilaginosa_TFCN_17-0-2E337-3.cds.fa_01801	Rhodotorula_mucilaginosa_TFCN_17-0-2E337-3.cds.fa_12888	NaN	NaN	NaN	NaN	NaN	NaN	NaN	NaN	TFCN1702E3373_001813-T1	TFCN1702E3373_013073-T1
TFCN1702E3373_001813-T1__TFCN1702E3373_014670-T1	NaN	NaN	NaN	NaN	NaN	NaN	NaN	NaN	GF00000008	Rhodotorula_mucilaginosa_TFCN_17-0-2E337-3.cds.fa_01801	Rhodotorula_mucilaginosa_TFCN_17-0-2E337-3.cds.fa_14451	NaN	NaN	NaN	NaN	NaN	NaN	NaN	NaN	TFCN1702E3373_001813-T1	TFCN1702E3373_014670-T1
TFCN1702E3373_001813-T1__TFCN1702E3373_011423-T1	NaN	NaN	NaN	NaN	NaN	NaN	NaN	NaN	GF00000008	Rhodotorula_mucilaginosa_TFCN_17-0-2E337-3.cds.fa_01801	Rhodotorula_mucilaginosa_TFCN_17-0-2E337-3.cds.fa_11276	NaN	NaN	NaN	NaN	NaN	NaN	NaN	NaN	TFCN1702E3373_001813-T1	TFCN1702E3373_011423-T1
TFCN1702E3373_001810-T1__TFCN1702E3373_001813-T1	NaN	NaN	NaN	NaN	NaN	NaN	NaN	NaN	GF00000008	Rhodotorula_mucilaginosa_TFCN_17-0-2E337-3.cds.fa_01801	Rhodotorula_mucilaginosa_TFCN_17-0-2E337-3.cds.fa_01798	NaN	NaN	NaN	NaN	NaN	NaN	NaN	NaN	TFCN1702E3373_001813-T1	TFCN1702E3373_001810-T1
TFCN1702E3373_001813-T1__TFCN1702E3373_013069-T1	NaN	NaN	NaN	NaN	NaN	NaN	NaN	NaN	GF00000008	Rhodotorula_mucilaginosa_TFCN_17-0-2E337-3.cds.fa_01801	Rhodotorula_mucilaginosa_TFCN_17-0-2E337-3.cds.fa_12884	NaN	NaN	NaN	NaN	NaN	NaN	NaN	NaN	TFCN1702E3373_001813-T1	TFCN1702E3373_013069-T1
TFCN1702E3373_001504-T1__TFCN1702E3373_001813-T1	NaN	NaN	NaN	NaN	NaN	NaN	NaN	NaN	GF00000008	Rhodotorula_mucilaginosa_TFCN_17-0-2E337-3.cds.fa_01801	Rhodotorula_mucilaginosa_TFCN_17-0-2E337-3.cds.fa_01494	NaN	NaN	NaN	NaN	NaN	NaN	NaN	NaN	TFCN1702E3373_001813-T1	TFCN1702E3373_001504-T1
TFCN1702E3373_001813-T1__TFCN1702E3373_010766-T1	NaN	NaN	NaN	NaN	NaN	NaN	NaN	NaN	GF00000008	Rhodotorula_mucilaginosa_TFCN_17-0-2E337-3.cds.fa_01801	Rhodotorula_mucilaginosa_TFCN_17-0-2E337-3.cds.fa_10633	NaN	NaN	NaN	NaN	NaN	NaN	NaN	NaN	TFCN1702E3373_001813-T1	TFCN1702E3373_010766-T1
TFCN1702E3373_001813-T1__TFCN1702E3373_009948-T1	NaN	NaN	NaN	NaN	NaN	NaN	NaN	NaN	GF00000008	Rhodotorula_mucilaginosa_TFCN_17-0-2E337-3.cds.fa_01801	Rhodotorula_mucilaginosa_TFCN_17-0-2E337-3.cds.fa_09829	NaN	NaN	NaN	NaN	NaN	NaN	NaN	NaN	TFCN1702E3373_001813-T1	TFCN1702E3373_009948-T1
TFCN1702E3373_001813-T1__TFCN1702E3373_003191-T1	NaN	NaN	NaN	NaN	NaN	NaN	NaN	NaN	GF00000008	Rhodotorula_mucilaginosa_TFCN_17-0-2E337-3.cds.fa_01801	Rhodotorula_mucilaginosa_TFCN_17-0-2E337-3.cds.fa_03148	NaN	NaN	NaN	NaN	NaN	NaN	NaN	NaN	TFCN1702E3373_001813-T1	TFCN1702E3373_003191-T1
TFCN1702E3373_001813-T1__TFCN1702E3373_009947-T1	NaN	NaN	NaN	NaN	NaN	NaN	NaN	NaN	GF00000008	Rhodotorula_mucilaginosa_TFCN_17-0-2E337-3.cds.fa_01801	Rhodotorula_mucilaginosa_TFCN_17-0-2E337-3.cds.fa_09828	NaN	NaN	NaN	NaN	NaN	NaN	NaN	NaN	TFCN1702E3373_001813-T1	TFCN1702E3373_009947-T1
TFCN1702E3373_001813-T1__TFCN1702E3373_003192-T1	NaN	NaN	NaN	NaN	NaN	NaN	NaN	NaN	GF00000008	Rhodotorula_mucilaginosa_TFCN_17-0-2E337-3.cds.fa_01801	Rhodotorula_mucilaginosa_TFCN_17-0-2E337-3.cds.fa_03149	NaN	NaN	NaN	NaN	NaN	NaN	NaN	NaN	TFCN1702E3373_001813-T1	TFCN1702E3373_003192-T1
TFCN1702E3373_001813-T1__TFCN1702E3373_004546-T1	NaN	NaN	NaN	NaN	NaN	NaN	NaN	NaN	GF00000008	Rhodotorula_mucilaginosa_TFCN_17-0-2E337-3.cds.fa_01801	Rhodotorula_mucilaginosa_TFCN_17-0-2E337-3.cds.fa_04489	NaN	NaN	NaN	NaN	NaN	NaN	NaN	NaN	TFCN1702E3373_001813-T1	TFCN1702E3373_004546-T1
TFCN1702E3373_001813-T1__TFCN1702E3373_007238-T1	NaN	NaN	NaN	NaN	NaN	NaN	NaN	NaN	GF00000008	Rhodotorula_mucilaginosa_TFCN_17-0-2E337-3.cds.fa_01801	Rhodotorula_mucilaginosa_TFCN_17-0-2E337-3.cds.fa_07153	NaN	NaN	NaN	NaN	NaN	NaN	NaN	NaN	TFCN1702E3373_001813-T1	TFCN1702E3373_007238-T1
TFCN1702E3373_001813-T1__TFCN1702E3373_013072-T1	NaN	NaN	NaN	NaN	NaN	NaN	NaN	NaN	GF00000008	Rhodotorula_mucilaginosa_TFCN_17-0-2E337-3.cds.fa_01801	Rhodotorula_mucilaginosa_TFCN_17-0-2E337-3.cds.fa_12887	NaN	NaN	NaN	NaN	NaN	NaN	NaN	NaN	TFCN1702E3373_001813-T1	TFCN1702E3373_013072-T1
TFCN1702E3373_001571-T1__TFCN1702E3373_001854-T1	NaN	NaN	NaN	NaN	NaN	NaN	NaN	NaN	GF00000008	Rhodotorula_mucilaginosa_TFCN_17-0-2E337-3.cds.fa_01561	Rhodotorula_mucilaginosa_TFCN_17-0-2E337-3.cds.fa_01842	NaN	NaN	NaN	NaN	NaN	NaN	NaN	NaN	TFCN1702E3373_001571-T1	TFCN1702E3373_001854-T1
TFCN1702E3373_001571-T1__TFCN1702E3373_013073-T1	NaN	NaN	NaN	NaN	NaN	NaN	NaN	NaN	GF00000008	Rhodotorula_mucilaginosa_TFCN_17-0-2E337-3.cds.fa_01561	Rhodotorula_mucilaginosa_TFCN_17-0-2E337-3.cds.fa_12888	NaN	NaN	NaN	NaN	NaN	NaN	NaN	NaN	TFCN1702E3373_001571-T1	TFCN1702E3373_013073-T1
TFCN1702E3373_001571-T1__TFCN1702E3373_014670-T1	NaN	NaN	NaN	NaN	NaN	NaN	NaN	NaN	GF00000008	Rhodotorula_mucilaginosa_TFCN_17-0-2E337-3.cds.fa_01561	Rhodotorula_mucilaginosa_TFCN_17-0-2E337-3.cds.fa_14451	NaN	NaN	NaN	NaN	NaN	NaN	NaN	NaN	TFCN1702E3373_001571-T1	TFCN1702E3373_014670-T1
TFCN1702E3373_001571-T1__TFCN1702E3373_011423-T1	NaN	NaN	NaN	NaN	NaN	NaN	NaN	NaN	GF00000008	Rhodotorula_mucilaginosa_TFCN_17-0-2E337-3.cds.fa_01561	Rhodotorula_mucilaginosa_TFCN_17-0-2E337-3.cds.fa_11276	NaN	NaN	NaN	NaN	NaN	NaN	NaN	NaN	TFCN1702E3373_001571-T1	TFCN1702E3373_011423-T1
TFCN1702E3373_001571-T1__TFCN1702E3373_001810-T1	NaN	NaN	NaN	NaN	NaN	NaN	NaN	NaN	GF00000008	Rhodotorula_mucilaginosa_TFCN_17-0-2E337-3.cds.fa_01561	Rhodotorula_mucilaginosa_TFCN_17-0-2E337-3.cds.fa_01798	NaN	NaN	NaN	NaN	NaN	NaN	NaN	NaN	TFCN1702E3373_001571-T1	TFCN1702E3373_001810-T1
TFCN1702E3373_001571-T1__TFCN1702E3373_013069-T1	NaN	NaN	NaN	NaN	NaN	NaN	NaN	NaN	GF00000008	Rhodotorula_mucilaginosa_TFCN_17-0-2E337-3.cds.fa_01561	Rhodotorula_mucilaginosa_TFCN_17-0-2E337-3.cds.fa_12884	NaN	NaN	NaN	NaN	NaN	NaN	NaN	NaN	TFCN1702E3373_001571-T1	TFCN1702E3373_013069-T1
TFCN1702E3373_001504-T1__TFCN1702E3373_001571-T1	NaN	NaN	NaN	NaN	NaN	NaN	NaN	NaN	GF00000008	Rhodotorula_mucilaginosa_TFCN_17-0-2E337-3.cds.fa_01561	Rhodotorula_mucilaginosa_TFCN_17-0-2E337-3.cds.fa_01494	NaN	NaN	NaN	NaN	NaN	NaN	NaN	NaN	TFCN1702E3373_001571-T1	TFCN1702E3373_001504-T1
TFCN1702E3373_001571-T1__TFCN1702E3373_010766-T1	NaN	NaN	NaN	NaN	NaN	NaN	NaN	NaN	GF00000008	Rhodotorula_mucilaginosa_TFCN_17-0-2E337-3.cds.fa_01561	Rhodotorula_mucilaginosa_TFCN_17-0-2E337-3.cds.fa_10633	NaN	NaN	NaN	NaN	NaN	NaN	NaN	NaN	TFCN1702E3373_001571-T1	TFCN1702E3373_010766-T1
TFCN1702E3373_001571-T1__TFCN1702E3373_009948-T1	NaN	NaN	NaN	NaN	NaN	NaN	NaN	NaN	GF00000008	Rhodotorula_mucilaginosa_TFCN_17-0-2E337-3.cds.fa_01561	Rhodotorula_mucilaginosa_TFCN_17-0-2E337-3.cds.fa_09829	NaN	NaN	NaN	NaN	NaN	NaN	NaN	NaN	TFCN1702E3373_001571-T1	TFCN1702E3373_009948-T1
TFCN1702E3373_001571-T1__TFCN1702E3373_003191-T1	NaN	NaN	NaN	NaN	NaN	NaN	NaN	NaN	GF00000008	Rhodotorula_mucilaginosa_TFCN_17-0-2E337-3.cds.fa_01561	Rhodotorula_mucilaginosa_TFCN_17-0-2E337-3.cds.fa_03148	NaN	NaN	NaN	NaN	NaN	NaN	NaN	NaN	TFCN1702E3373_001571-T1	TFCN1702E3373_003191-T1
TFCN1702E3373_001571-T1__TFCN1702E3373_009947-T1	NaN	NaN	NaN	NaN	NaN	NaN	NaN	NaN	GF00000008	Rhodotorula_mucilaginosa_TFCN_17-0-2E337-3.cds.fa_01561	Rhodotorula_mucilaginosa_TFCN_17-0-2E337-3.cds.fa_09828	NaN	NaN	NaN	NaN	NaN	NaN	NaN	NaN	TFCN1702E3373_001571-T1	TFCN1702E3373_009947-T1
TFCN1702E3373_001571-T1__TFCN1702E3373_003192-T1	NaN	NaN	NaN	NaN	NaN	NaN	NaN	NaN	GF00000008	Rhodotorula_mucilaginosa_TFCN_17-0-2E337-3.cds.fa_01561	Rhodotorula_mucilaginosa_TFCN_17-0-2E337-3.cds.fa_03149	NaN	NaN	NaN	NaN	NaN	NaN	NaN	NaN	TFCN1702E3373_001571-T1	TFCN1702E3373_003192-T1
TFCN1702E3373_001571-T1__TFCN1702E3373_004546-T1	NaN	NaN	NaN	NaN	NaN	NaN	NaN	NaN	GF00000008	Rhodotorula_mucilaginosa_TFCN_17-0-2E337-3.cds.fa_01561	Rhodotorula_mucilaginosa_TFCN_17-0-2E337-3.cds.fa_04489	NaN	NaN	NaN	NaN	NaN	NaN	NaN	NaN	TFCN1702E3373_001571-T1	TFCN1702E3373_004546-T1
TFCN1702E3373_001571-T1__TFCN1702E3373_007238-T1	NaN	NaN	NaN	NaN	NaN	NaN	NaN	NaN	GF00000008	Rhodotorula_mucilaginosa_TFCN_17-0-2E337-3.cds.fa_01561	Rhodotorula_mucilaginosa_TFCN_17-0-2E337-3.cds.fa_07153	NaN	NaN	NaN	NaN	NaN	NaN	NaN	NaN	TFCN1702E3373_001571-T1	TFCN1702E3373_007238-T1
TFCN1702E3373_001571-T1__TFCN1702E3373_013072-T1	NaN	NaN	NaN	NaN	NaN	NaN	NaN	NaN	GF00000008	Rhodotorula_mucilaginosa_TFCN_17-0-2E337-3.cds.fa_01561	Rhodotorula_mucilaginosa_TFCN_17-0-2E337-3.cds.fa_12887	NaN	NaN	NaN	NaN	NaN	NaN	NaN	NaN	TFCN1702E3373_001571-T1	TFCN1702E3373_013072-T1
TFCN1702E3373_001854-T1__TFCN1702E3373_013073-T1	NaN	NaN	NaN	NaN	NaN	NaN	NaN	NaN	GF00000008	Rhodotorula_mucilaginosa_TFCN_17-0-2E337-3.cds.fa_01842	Rhodotorula_mucilaginosa_TFCN_17-0-2E337-3.cds.fa_12888	NaN	NaN	NaN	NaN	NaN	NaN	NaN	NaN	TFCN1702E3373_001854-T1	TFCN1702E3373_013073-T1
TFCN1702E3373_001854-T1__TFCN1702E3373_014670-T1	NaN	NaN	NaN	NaN	NaN	NaN	NaN	NaN	GF00000008	Rhodotorula_mucilaginosa_TFCN_17-0-2E337-3.cds.fa_01842	Rhodotorula_mucilaginosa_TFCN_17-0-2E337-3.cds.fa_14451	NaN	NaN	NaN	NaN	NaN	NaN	NaN	NaN	TFCN1702E3373_001854-T1	TFCN1702E3373_014670-T1
TFCN1702E3373_001854-T1__TFCN1702E3373_011423-T1	NaN	NaN	NaN	NaN	NaN	NaN	NaN	NaN	GF00000008	Rhodotorula_mucilaginosa_TFCN_17-0-2E337-3.cds.fa_01842	Rhodotorula_mucilaginosa_TFCN_17-0-2E337-3.cds.fa_11276	NaN	NaN	NaN	NaN	NaN	NaN	NaN	NaN	TFCN1702E3373_001854-T1	TFCN1702E3373_011423-T1
TFCN1702E3373_001810-T1__TFCN1702E3373_001854-T1	NaN	NaN	NaN	NaN	NaN	NaN	NaN	NaN	GF00000008	Rhodotorula_mucilaginosa_TFCN_17-0-2E337-3.cds.fa_01842	Rhodotorula_mucilaginosa_TFCN_17-0-2E337-3.cds.fa_01798	NaN	NaN	NaN	NaN	NaN	NaN	NaN	NaN	TFCN1702E3373_001854-T1	TFCN1702E3373_001810-T1
TFCN1702E3373_001854-T1__TFCN1702E3373_013069-T1	NaN	NaN	NaN	NaN	NaN	NaN	NaN	NaN	GF00000008	Rhodotorula_mucilaginosa_TFCN_17-0-2E337-3.cds.fa_01842	Rhodotorula_mucilaginosa_TFCN_17-0-2E337-3.cds.fa_12884	NaN	NaN	NaN	NaN	NaN	NaN	NaN	NaN	TFCN1702E3373_001854-T1	TFCN1702E3373_013069-T1
TFCN1702E3373_001504-T1__TFCN1702E3373_001854-T1	NaN	NaN	NaN	NaN	NaN	NaN	NaN	NaN	GF00000008	Rhodotorula_mucilaginosa_TFCN_17-0-2E337-3.cds.fa_01842	Rhodotorula_mucilaginosa_TFCN_17-0-2E337-3.cds.fa_01494	NaN	NaN	NaN	NaN	NaN	NaN	NaN	NaN	TFCN1702E3373_001854-T1	TFCN1702E3373_001504-T1
TFCN1702E3373_001854-T1__TFCN1702E3373_010766-T1	NaN	NaN	NaN	NaN	NaN	NaN	NaN	NaN	GF00000008	Rhodotorula_mucilaginosa_TFCN_17-0-2E337-3.cds.fa_01842	Rhodotorula_mucilaginosa_TFCN_17-0-2E337-3.cds.fa_10633	NaN	NaN	NaN	NaN	NaN	NaN	NaN	NaN	TFCN1702E3373_001854-T1	TFCN1702E3373_010766-T1
TFCN1702E3373_001854-T1__TFCN1702E3373_009948-T1	NaN	NaN	NaN	NaN	NaN	NaN	NaN	NaN	GF00000008	Rhodotorula_mucilaginosa_TFCN_17-0-2E337-3.cds.fa_01842	Rhodotorula_mucilaginosa_TFCN_17-0-2E337-3.cds.fa_09829	NaN	NaN	NaN	NaN	NaN	NaN	NaN	NaN	TFCN1702E3373_001854-T1	TFCN1702E3373_009948-T1
TFCN1702E3373_001854-T1__TFCN1702E3373_003191-T1	NaN	NaN	NaN	NaN	NaN	NaN	NaN	NaN	GF00000008	Rhodotorula_mucilaginosa_TFCN_17-0-2E337-3.cds.fa_01842	Rhodotorula_mucilaginosa_TFCN_17-0-2E337-3.cds.fa_03148	NaN	NaN	NaN	NaN	NaN	NaN	NaN	NaN	TFCN1702E3373_001854-T1	TFCN1702E3373_003191-T1
TFCN1702E3373_001854-T1__TFCN1702E3373_009947-T1	NaN	NaN	NaN	NaN	NaN	NaN	NaN	NaN	GF00000008	Rhodotorula_mucilaginosa_TFCN_17-0-2E337-3.cds.fa_01842	Rhodotorula_mucilaginosa_TFCN_17-0-2E337-3.cds.fa_09828	NaN	NaN	NaN	NaN	NaN	NaN	NaN	NaN	TFCN1702E3373_001854-T1	TFCN1702E3373_009947-T1
TFCN1702E3373_001854-T1__TFCN1702E3373_003192-T1	NaN	NaN	NaN	NaN	NaN	NaN	NaN	NaN	GF00000008	Rhodotorula_mucilaginosa_TFCN_17-0-2E337-3.cds.fa_01842	Rhodotorula_mucilaginosa_TFCN_17-0-2E337-3.cds.fa_03149	NaN	NaN	NaN	NaN	NaN	NaN	NaN	NaN	TFCN1702E3373_001854-T1	TFCN1702E3373_003192-T1
TFCN1702E3373_001854-T1__TFCN1702E3373_004546-T1	NaN	NaN	NaN	NaN	NaN	NaN	NaN	NaN	GF00000008	Rhodotorula_mucilaginosa_TFCN_17-0-2E337-3.cds.fa_01842	Rhodotorula_mucilaginosa_TFCN_17-0-2E337-3.cds.fa_04489	NaN	NaN	NaN	NaN	NaN	NaN	NaN	NaN	TFCN1702E3373_001854-T1	TFCN1702E3373_004546-T1
TFCN1702E3373_001854-T1__TFCN1702E3373_007238-T1	NaN	NaN	NaN	NaN	NaN	NaN	NaN	NaN	GF00000008	Rhodotorula_mucilaginosa_TFCN_17-0-2E337-3.cds.fa_01842	Rhodotorula_mucilaginosa_TFCN_17-0-2E337-3.cds.fa_07153	NaN	NaN	NaN	NaN	NaN	NaN	NaN	NaN	TFCN1702E3373_001854-T1	TFCN1702E3373_007238-T1
TFCN1702E3373_001854-T1__TFCN1702E3373_013072-T1	NaN	NaN	NaN	NaN	NaN	NaN	NaN	NaN	GF00000008	Rhodotorula_mucilaginosa_TFCN_17-0-2E337-3.cds.fa_01842	Rhodotorula_mucilaginosa_TFCN_17-0-2E337-3.cds.fa_12887	NaN	NaN	NaN	NaN	NaN	NaN	NaN	NaN	TFCN1702E3373_001854-T1	TFCN1702E3373_013072-T1
TFCN1702E3373_013073-T1__TFCN1702E3373_014670-T1	NaN	NaN	NaN	NaN	NaN	NaN	NaN	NaN	GF00000008	Rhodotorula_mucilaginosa_TFCN_17-0-2E337-3.cds.fa_12888	Rhodotorula_mucilaginosa_TFCN_17-0-2E337-3.cds.fa_14451	NaN	NaN	NaN	NaN	NaN	NaN	NaN	NaN	TFCN1702E3373_013073-T1	TFCN1702E3373_014670-T1
TFCN1702E3373_011423-T1__TFCN1702E3373_013073-T1	NaN	NaN	NaN	NaN	NaN	NaN	NaN	NaN	GF00000008	Rhodotorula_mucilaginosa_TFCN_17-0-2E337-3.cds.fa_12888	Rhodotorula_mucilaginosa_TFCN_17-0-2E337-3.cds.fa_11276	NaN	NaN	NaN	NaN	NaN	NaN	NaN	NaN	TFCN1702E3373_013073-T1	TFCN1702E3373_011423-T1
TFCN1702E3373_001810-T1__TFCN1702E3373_013073-T1	NaN	NaN	NaN	NaN	NaN	NaN	NaN	NaN	GF00000008	Rhodotorula_mucilaginosa_TFCN_17-0-2E337-3.cds.fa_12888	Rhodotorula_mucilaginosa_TFCN_17-0-2E337-3.cds.fa_01798	NaN	NaN	NaN	NaN	NaN	NaN	NaN	NaN	TFCN1702E3373_013073-T1	TFCN1702E3373_001810-T1
TFCN1702E3373_013069-T1__TFCN1702E3373_013073-T1	NaN	NaN	NaN	NaN	NaN	NaN	NaN	NaN	GF00000008	Rhodotorula_mucilaginosa_TFCN_17-0-2E337-3.cds.fa_12888	Rhodotorula_mucilaginosa_TFCN_17-0-2E337-3.cds.fa_12884	NaN	NaN	NaN	NaN	NaN	NaN	NaN	NaN	TFCN1702E3373_013073-T1	TFCN1702E3373_013069-T1
TFCN1702E3373_001504-T1__TFCN1702E3373_013073-T1	NaN	NaN	NaN	NaN	NaN	NaN	NaN	NaN	GF00000008	Rhodotorula_mucilaginosa_TFCN_17-0-2E337-3.cds.fa_12888	Rhodotorula_mucilaginosa_TFCN_17-0-2E337-3.cds.fa_01494	NaN	NaN	NaN	NaN	NaN	NaN	NaN	NaN	TFCN1702E3373_013073-T1	TFCN1702E3373_001504-T1
TFCN1702E3373_010766-T1__TFCN1702E3373_013073-T1	NaN	NaN	NaN	NaN	NaN	NaN	NaN	NaN	GF00000008	Rhodotorula_mucilaginosa_TFCN_17-0-2E337-3.cds.fa_12888	Rhodotorula_mucilaginosa_TFCN_17-0-2E337-3.cds.fa_10633	NaN	NaN	NaN	NaN	NaN	NaN	NaN	NaN	TFCN1702E3373_013073-T1	TFCN1702E3373_010766-T1
TFCN1702E3373_009948-T1__TFCN1702E3373_013073-T1	NaN	NaN	NaN	NaN	NaN	NaN	NaN	NaN	GF00000008	Rhodotorula_mucilaginosa_TFCN_17-0-2E337-3.cds.fa_12888	Rhodotorula_mucilaginosa_TFCN_17-0-2E337-3.cds.fa_09829	NaN	NaN	NaN	NaN	NaN	NaN	NaN	NaN	TFCN1702E3373_013073-T1	TFCN1702E3373_009948-T1
TFCN1702E3373_003191-T1__TFCN1702E3373_013073-T1	NaN	NaN	NaN	NaN	NaN	NaN	NaN	NaN	GF00000008	Rhodotorula_mucilaginosa_TFCN_17-0-2E337-3.cds.fa_12888	Rhodotorula_mucilaginosa_TFCN_17-0-2E337-3.cds.fa_03148	NaN	NaN	NaN	NaN	NaN	NaN	NaN	NaN	TFCN1702E3373_013073-T1	TFCN1702E3373_003191-T1
TFCN1702E3373_009947-T1__TFCN1702E3373_013073-T1	NaN	NaN	NaN	NaN	NaN	NaN	NaN	NaN	GF00000008	Rhodotorula_mucilaginosa_TFCN_17-0-2E337-3.cds.fa_12888	Rhodotorula_mucilaginosa_TFCN_17-0-2E337-3.cds.fa_09828	NaN	NaN	NaN	NaN	NaN	NaN	NaN	NaN	TFCN1702E3373_013073-T1	TFCN1702E3373_009947-T1
TFCN1702E3373_003192-T1__TFCN1702E3373_013073-T1	NaN	NaN	NaN	NaN	NaN	NaN	NaN	NaN	GF00000008	Rhodotorula_mucilaginosa_TFCN_17-0-2E337-3.cds.fa_12888	Rhodotorula_mucilaginosa_TFCN_17-0-2E337-3.cds.fa_03149	NaN	NaN	NaN	NaN	NaN	NaN	NaN	NaN	TFCN1702E3373_013073-T1	TFCN1702E3373_003192-T1
TFCN1702E3373_004546-T1__TFCN1702E3373_013073-T1	NaN	NaN	NaN	NaN	NaN	NaN	NaN	NaN	GF00000008	Rhodotorula_mucilaginosa_TFCN_17-0-2E337-3.cds.fa_12888	Rhodotorula_mucilaginosa_TFCN_17-0-2E337-3.cds.fa_04489	NaN	NaN	NaN	NaN	NaN	NaN	NaN	NaN	TFCN1702E3373_013073-T1	TFCN1702E3373_004546-T1
TFCN1702E3373_007238-T1__TFCN1702E3373_013073-T1	NaN	NaN	NaN	NaN	NaN	NaN	NaN	NaN	GF00000008	Rhodotorula_mucilaginosa_TFCN_17-0-2E337-3.cds.fa_12888	Rhodotorula_mucilaginosa_TFCN_17-0-2E337-3.cds.fa_07153	NaN	NaN	NaN	NaN	NaN	NaN	NaN	NaN	TFCN1702E3373_013073-T1	TFCN1702E3373_007238-T1
TFCN1702E3373_013072-T1__TFCN1702E3373_013073-T1	NaN	NaN	NaN	NaN	NaN	NaN	NaN	NaN	GF00000008	Rhodotorula_mucilaginosa_TFCN_17-0-2E337-3.cds.fa_12888	Rhodotorula_mucilaginosa_TFCN_17-0-2E337-3.cds.fa_12887	NaN	NaN	NaN	NaN	NaN	NaN	NaN	NaN	TFCN1702E3373_013073-T1	TFCN1702E3373_013072-T1
TFCN1702E3373_011423-T1__TFCN1702E3373_014670-T1	NaN	NaN	NaN	NaN	NaN	NaN	NaN	NaN	GF00000008	Rhodotorula_mucilaginosa_TFCN_17-0-2E337-3.cds.fa_14451	Rhodotorula_mucilaginosa_TFCN_17-0-2E337-3.cds.fa_11276	NaN	NaN	NaN	NaN	NaN	NaN	NaN	NaN	TFCN1702E3373_014670-T1	TFCN1702E3373_011423-T1
TFCN1702E3373_001810-T1__TFCN1702E3373_014670-T1	NaN	NaN	NaN	NaN	NaN	NaN	NaN	NaN	GF00000008	Rhodotorula_mucilaginosa_TFCN_17-0-2E337-3.cds.fa_14451	Rhodotorula_mucilaginosa_TFCN_17-0-2E337-3.cds.fa_01798	NaN	NaN	NaN	NaN	NaN	NaN	NaN	NaN	TFCN1702E3373_014670-T1	TFCN1702E3373_001810-T1
TFCN1702E3373_013069-T1__TFCN1702E3373_014670-T1	NaN	NaN	NaN	NaN	NaN	NaN	NaN	NaN	GF00000008	Rhodotorula_mucilaginosa_TFCN_17-0-2E337-3.cds.fa_14451	Rhodotorula_mucilaginosa_TFCN_17-0-2E337-3.cds.fa_12884	NaN	NaN	NaN	NaN	NaN	NaN	NaN	NaN	TFCN1702E3373_014670-T1	TFCN1702E3373_013069-T1
TFCN1702E3373_001504-T1__TFCN1702E3373_014670-T1	NaN	NaN	NaN	NaN	NaN	NaN	NaN	NaN	GF00000008	Rhodotorula_mucilaginosa_TFCN_17-0-2E337-3.cds.fa_14451	Rhodotorula_mucilaginosa_TFCN_17-0-2E337-3.cds.fa_01494	NaN	NaN	NaN	NaN	NaN	NaN	NaN	NaN	TFCN1702E3373_014670-T1	TFCN1702E3373_001504-T1
TFCN1702E3373_010766-T1__TFCN1702E3373_014670-T1	NaN	NaN	NaN	NaN	NaN	NaN	NaN	NaN	GF00000008	Rhodotorula_mucilaginosa_TFCN_17-0-2E337-3.cds.fa_14451	Rhodotorula_mucilaginosa_TFCN_17-0-2E337-3.cds.fa_10633	NaN	NaN	NaN	NaN	NaN	NaN	NaN	NaN	TFCN1702E3373_014670-T1	TFCN1702E3373_010766-T1
TFCN1702E3373_009948-T1__TFCN1702E3373_014670-T1	NaN	NaN	NaN	NaN	NaN	NaN	NaN	NaN	GF00000008	Rhodotorula_mucilaginosa_TFCN_17-0-2E337-3.cds.fa_14451	Rhodotorula_mucilaginosa_TFCN_17-0-2E337-3.cds.fa_09829	NaN	NaN	NaN	NaN	NaN	NaN	NaN	NaN	TFCN1702E3373_014670-T1	TFCN1702E3373_009948-T1
TFCN1702E3373_003191-T1__TFCN1702E3373_014670-T1	NaN	NaN	NaN	NaN	NaN	NaN	NaN	NaN	GF00000008	Rhodotorula_mucilaginosa_TFCN_17-0-2E337-3.cds.fa_14451	Rhodotorula_mucilaginosa_TFCN_17-0-2E337-3.cds.fa_03148	NaN	NaN	NaN	NaN	NaN	NaN	NaN	NaN	TFCN1702E3373_014670-T1	TFCN1702E3373_003191-T1
TFCN1702E3373_009947-T1__TFCN1702E3373_014670-T1	NaN	NaN	NaN	NaN	NaN	NaN	NaN	NaN	GF00000008	Rhodotorula_mucilaginosa_TFCN_17-0-2E337-3.cds.fa_14451	Rhodotorula_mucilaginosa_TFCN_17-0-2E337-3.cds.fa_09828	NaN	NaN	NaN	NaN	NaN	NaN	NaN	NaN	TFCN1702E3373_014670-T1	TFCN1702E3373_009947-T1
TFCN1702E3373_003192-T1__TFCN1702E3373_014670-T1	NaN	NaN	NaN	NaN	NaN	NaN	NaN	NaN	GF00000008	Rhodotorula_mucilaginosa_TFCN_17-0-2E337-3.cds.fa_14451	Rhodotorula_mucilaginosa_TFCN_17-0-2E337-3.cds.fa_03149	NaN	NaN	NaN	NaN	NaN	NaN	NaN	NaN	TFCN1702E3373_014670-T1	TFCN1702E3373_003192-T1
TFCN1702E3373_004546-T1__TFCN1702E3373_014670-T1	NaN	NaN	NaN	NaN	NaN	NaN	NaN	NaN	GF00000008	Rhodotorula_mucilaginosa_TFCN_17-0-2E337-3.cds.fa_14451	Rhodotorula_mucilaginosa_TFCN_17-0-2E337-3.cds.fa_04489	NaN	NaN	NaN	NaN	NaN	NaN	NaN	NaN	TFCN1702E3373_014670-T1	TFCN1702E3373_004546-T1
TFCN1702E3373_007238-T1__TFCN1702E3373_014670-T1	NaN	NaN	NaN	NaN	NaN	NaN	NaN	NaN	GF00000008	Rhodotorula_mucilaginosa_TFCN_17-0-2E337-3.cds.fa_14451	Rhodotorula_mucilaginosa_TFCN_17-0-2E337-3.cds.fa_07153	NaN	NaN	NaN	NaN	NaN	NaN	NaN	NaN	TFCN1702E3373_014670-T1	TFCN1702E3373_007238-T1
TFCN1702E3373_013072-T1__TFCN1702E3373_014670-T1	NaN	NaN	NaN	NaN	NaN	NaN	NaN	NaN	GF00000008	Rhodotorula_mucilaginosa_TFCN_17-0-2E337-3.cds.fa_14451	Rhodotorula_mucilaginosa_TFCN_17-0-2E337-3.cds.fa_12887	NaN	NaN	NaN	NaN	NaN	NaN	NaN	NaN	TFCN1702E3373_014670-T1	TFCN1702E3373_013072-T1
TFCN1702E3373_001810-T1__TFCN1702E3373_011423-T1	NaN	NaN	NaN	NaN	NaN	NaN	NaN	NaN	GF00000008	Rhodotorula_mucilaginosa_TFCN_17-0-2E337-3.cds.fa_11276	Rhodotorula_mucilaginosa_TFCN_17-0-2E337-3.cds.fa_01798	NaN	NaN	NaN	NaN	NaN	NaN	NaN	NaN	TFCN1702E3373_011423-T1	TFCN1702E3373_001810-T1
TFCN1702E3373_011423-T1__TFCN1702E3373_013069-T1	NaN	NaN	NaN	NaN	NaN	NaN	NaN	NaN	GF00000008	Rhodotorula_mucilaginosa_TFCN_17-0-2E337-3.cds.fa_11276	Rhodotorula_mucilaginosa_TFCN_17-0-2E337-3.cds.fa_12884	NaN	NaN	NaN	NaN	NaN	NaN	NaN	NaN	TFCN1702E3373_011423-T1	TFCN1702E3373_013069-T1
TFCN1702E3373_001504-T1__TFCN1702E3373_011423-T1	NaN	NaN	NaN	NaN	NaN	NaN	NaN	NaN	GF00000008	Rhodotorula_mucilaginosa_TFCN_17-0-2E337-3.cds.fa_11276	Rhodotorula_mucilaginosa_TFCN_17-0-2E337-3.cds.fa_01494	NaN	NaN	NaN	NaN	NaN	NaN	NaN	NaN	TFCN1702E3373_011423-T1	TFCN1702E3373_001504-T1
TFCN1702E3373_010766-T1__TFCN1702E3373_011423-T1	NaN	NaN	NaN	NaN	NaN	NaN	NaN	NaN	GF00000008	Rhodotorula_mucilaginosa_TFCN_17-0-2E337-3.cds.fa_11276	Rhodotorula_mucilaginosa_TFCN_17-0-2E337-3.cds.fa_10633	NaN	NaN	NaN	NaN	NaN	NaN	NaN	NaN	TFCN1702E3373_011423-T1	TFCN1702E3373_010766-T1
TFCN1702E3373_009948-T1__TFCN1702E3373_011423-T1	NaN	NaN	NaN	NaN	NaN	NaN	NaN	NaN	GF00000008	Rhodotorula_mucilaginosa_TFCN_17-0-2E337-3.cds.fa_11276	Rhodotorula_mucilaginosa_TFCN_17-0-2E337-3.cds.fa_09829	NaN	NaN	NaN	NaN	NaN	NaN	NaN	NaN	TFCN1702E3373_011423-T1	TFCN1702E3373_009948-T1
TFCN1702E3373_003191-T1__TFCN1702E3373_011423-T1	NaN	NaN	NaN	NaN	NaN	NaN	NaN	NaN	GF00000008	Rhodotorula_mucilaginosa_TFCN_17-0-2E337-3.cds.fa_11276	Rhodotorula_mucilaginosa_TFCN_17-0-2E337-3.cds.fa_03148	NaN	NaN	NaN	NaN	NaN	NaN	NaN	NaN	TFCN1702E3373_011423-T1	TFCN1702E3373_003191-T1
TFCN1702E3373_009947-T1__TFCN1702E3373_011423-T1	NaN	NaN	NaN	NaN	NaN	NaN	NaN	NaN	GF00000008	Rhodotorula_mucilaginosa_TFCN_17-0-2E337-3.cds.fa_11276	Rhodotorula_mucilaginosa_TFCN_17-0-2E337-3.cds.fa_09828	NaN	NaN	NaN	NaN	NaN	NaN	NaN	NaN	TFCN1702E3373_011423-T1	TFCN1702E3373_009947-T1
TFCN1702E3373_003192-T1__TFCN1702E3373_011423-T1	NaN	NaN	NaN	NaN	NaN	NaN	NaN	NaN	GF00000008	Rhodotorula_mucilaginosa_TFCN_17-0-2E337-3.cds.fa_11276	Rhodotorula_mucilaginosa_TFCN_17-0-2E337-3.cds.fa_03149	NaN	NaN	NaN	NaN	NaN	NaN	NaN	NaN	TFCN1702E3373_011423-T1	TFCN1702E3373_003192-T1
TFCN1702E3373_004546-T1__TFCN1702E3373_011423-T1	NaN	NaN	NaN	NaN	NaN	NaN	NaN	NaN	GF00000008	Rhodotorula_mucilaginosa_TFCN_17-0-2E337-3.cds.fa_11276	Rhodotorula_mucilaginosa_TFCN_17-0-2E337-3.cds.fa_04489	NaN	NaN	NaN	NaN	NaN	NaN	NaN	NaN	TFCN1702E3373_011423-T1	TFCN1702E3373_004546-T1
TFCN1702E3373_007238-T1__TFCN1702E3373_011423-T1	NaN	NaN	NaN	NaN	NaN	NaN	NaN	NaN	GF00000008	Rhodotorula_mucilaginosa_TFCN_17-0-2E337-3.cds.fa_11276	Rhodotorula_mucilaginosa_TFCN_17-0-2E337-3.cds.fa_07153	NaN	NaN	NaN	NaN	NaN	NaN	NaN	NaN	TFCN1702E3373_011423-T1	TFCN1702E3373_007238-T1
TFCN1702E3373_011423-T1__TFCN1702E3373_013072-T1	NaN	NaN	NaN	NaN	NaN	NaN	NaN	NaN	GF00000008	Rhodotorula_mucilaginosa_TFCN_17-0-2E337-3.cds.fa_11276	Rhodotorula_mucilaginosa_TFCN_17-0-2E337-3.cds.fa_12887	NaN	NaN	NaN	NaN	NaN	NaN	NaN	NaN	TFCN1702E3373_011423-T1	TFCN1702E3373_013072-T1
TFCN1702E3373_001810-T1__TFCN1702E3373_013069-T1	NaN	NaN	NaN	NaN	NaN	NaN	NaN	NaN	GF00000008	Rhodotorula_mucilaginosa_TFCN_17-0-2E337-3.cds.fa_01798	Rhodotorula_mucilaginosa_TFCN_17-0-2E337-3.cds.fa_12884	NaN	NaN	NaN	NaN	NaN	NaN	NaN	NaN	TFCN1702E3373_001810-T1	TFCN1702E3373_013069-T1
TFCN1702E3373_001504-T1__TFCN1702E3373_001810-T1	NaN	NaN	NaN	NaN	NaN	NaN	NaN	NaN	GF00000008	Rhodotorula_mucilaginosa_TFCN_17-0-2E337-3.cds.fa_01798	Rhodotorula_mucilaginosa_TFCN_17-0-2E337-3.cds.fa_01494	NaN	NaN	NaN	NaN	NaN	NaN	NaN	NaN	TFCN1702E3373_001810-T1	TFCN1702E3373_001504-T1
TFCN1702E3373_001810-T1__TFCN1702E3373_010766-T1	NaN	NaN	NaN	NaN	NaN	NaN	NaN	NaN	GF00000008	Rhodotorula_mucilaginosa_TFCN_17-0-2E337-3.cds.fa_01798	Rhodotorula_mucilaginosa_TFCN_17-0-2E337-3.cds.fa_10633	NaN	NaN	NaN	NaN	NaN	NaN	NaN	NaN	TFCN1702E3373_001810-T1	TFCN1702E3373_010766-T1
TFCN1702E3373_001810-T1__TFCN1702E3373_009948-T1	NaN	NaN	NaN	NaN	NaN	NaN	NaN	NaN	GF00000008	Rhodotorula_mucilaginosa_TFCN_17-0-2E337-3.cds.fa_01798	Rhodotorula_mucilaginosa_TFCN_17-0-2E337-3.cds.fa_09829	NaN	NaN	NaN	NaN	NaN	NaN	NaN	NaN	TFCN1702E3373_001810-T1	TFCN1702E3373_009948-T1
TFCN1702E3373_001810-T1__TFCN1702E3373_003191-T1	NaN	NaN	NaN	NaN	NaN	NaN	NaN	NaN	GF00000008	Rhodotorula_mucilaginosa_TFCN_17-0-2E337-3.cds.fa_01798	Rhodotorula_mucilaginosa_TFCN_17-0-2E337-3.cds.fa_03148	NaN	NaN	NaN	NaN	NaN	NaN	NaN	NaN	TFCN1702E3373_001810-T1	TFCN1702E3373_003191-T1
TFCN1702E3373_001810-T1__TFCN1702E3373_009947-T1	NaN	NaN	NaN	NaN	NaN	NaN	NaN	NaN	GF00000008	Rhodotorula_mucilaginosa_TFCN_17-0-2E337-3.cds.fa_01798	Rhodotorula_mucilaginosa_TFCN_17-0-2E337-3.cds.fa_09828	NaN	NaN	NaN	NaN	NaN	NaN	NaN	NaN	TFCN1702E3373_001810-T1	TFCN1702E3373_009947-T1
TFCN1702E3373_001810-T1__TFCN1702E3373_003192-T1	NaN	NaN	NaN	NaN	NaN	NaN	NaN	NaN	GF00000008	Rhodotorula_mucilaginosa_TFCN_17-0-2E337-3.cds.fa_01798	Rhodotorula_mucilaginosa_TFCN_17-0-2E337-3.cds.fa_03149	NaN	NaN	NaN	NaN	NaN	NaN	NaN	NaN	TFCN1702E3373_001810-T1	TFCN1702E3373_003192-T1
TFCN1702E3373_001810-T1__TFCN1702E3373_004546-T1	NaN	NaN	NaN	NaN	NaN	NaN	NaN	NaN	GF00000008	Rhodotorula_mucilaginosa_TFCN_17-0-2E337-3.cds.fa_01798	Rhodotorula_mucilaginosa_TFCN_17-0-2E337-3.cds.fa_04489	NaN	NaN	NaN	NaN	NaN	NaN	NaN	NaN	TFCN1702E3373_001810-T1	TFCN1702E3373_004546-T1
TFCN1702E3373_001810-T1__TFCN1702E3373_007238-T1	NaN	NaN	NaN	NaN	NaN	NaN	NaN	NaN	GF00000008	Rhodotorula_mucilaginosa_TFCN_17-0-2E337-3.cds.fa_01798	Rhodotorula_mucilaginosa_TFCN_17-0-2E337-3.cds.fa_07153	NaN	NaN	NaN	NaN	NaN	NaN	NaN	NaN	TFCN1702E3373_001810-T1	TFCN1702E3373_007238-T1
TFCN1702E3373_001810-T1__TFCN1702E3373_013072-T1	NaN	NaN	NaN	NaN	NaN	NaN	NaN	NaN	GF00000008	Rhodotorula_mucilaginosa_TFCN_17-0-2E337-3.cds.fa_01798	Rhodotorula_mucilaginosa_TFCN_17-0-2E337-3.cds.fa_12887	NaN	NaN	NaN	NaN	NaN	NaN	NaN	NaN	TFCN1702E3373_001810-T1	TFCN1702E3373_013072-T1
TFCN1702E3373_001504-T1__TFCN1702E3373_013069-T1	NaN	NaN	NaN	NaN	NaN	NaN	NaN	NaN	GF00000008	Rhodotorula_mucilaginosa_TFCN_17-0-2E337-3.cds.fa_12884	Rhodotorula_mucilaginosa_TFCN_17-0-2E337-3.cds.fa_01494	NaN	NaN	NaN	NaN	NaN	NaN	NaN	NaN	TFCN1702E3373_013069-T1	TFCN1702E3373_001504-T1
TFCN1702E3373_010766-T1__TFCN1702E3373_013069-T1	NaN	NaN	NaN	NaN	NaN	NaN	NaN	NaN	GF00000008	Rhodotorula_mucilaginosa_TFCN_17-0-2E337-3.cds.fa_12884	Rhodotorula_mucilaginosa_TFCN_17-0-2E337-3.cds.fa_10633	NaN	NaN	NaN	NaN	NaN	NaN	NaN	NaN	TFCN1702E3373_013069-T1	TFCN1702E3373_010766-T1
TFCN1702E3373_009948-T1__TFCN1702E3373_013069-T1	NaN	NaN	NaN	NaN	NaN	NaN	NaN	NaN	GF00000008	Rhodotorula_mucilaginosa_TFCN_17-0-2E337-3.cds.fa_12884	Rhodotorula_mucilaginosa_TFCN_17-0-2E337-3.cds.fa_09829	NaN	NaN	NaN	NaN	NaN	NaN	NaN	NaN	TFCN1702E3373_013069-T1	TFCN1702E3373_009948-T1
TFCN1702E3373_003191-T1__TFCN1702E3373_013069-T1	NaN	NaN	NaN	NaN	NaN	NaN	NaN	NaN	GF00000008	Rhodotorula_mucilaginosa_TFCN_17-0-2E337-3.cds.fa_12884	Rhodotorula_mucilaginosa_TFCN_17-0-2E337-3.cds.fa_03148	NaN	NaN	NaN	NaN	NaN	NaN	NaN	NaN	TFCN1702E3373_013069-T1	TFCN1702E3373_003191-T1
TFCN1702E3373_009947-T1__TFCN1702E3373_013069-T1	NaN	NaN	NaN	NaN	NaN	NaN	NaN	NaN	GF00000008	Rhodotorula_mucilaginosa_TFCN_17-0-2E337-3.cds.fa_12884	Rhodotorula_mucilaginosa_TFCN_17-0-2E337-3.cds.fa_09828	NaN	NaN	NaN	NaN	NaN	NaN	NaN	NaN	TFCN1702E3373_013069-T1	TFCN1702E3373_009947-T1
TFCN1702E3373_003192-T1__TFCN1702E3373_013069-T1	NaN	NaN	NaN	NaN	NaN	NaN	NaN	NaN	GF00000008	Rhodotorula_mucilaginosa_TFCN_17-0-2E337-3.cds.fa_12884	Rhodotorula_mucilaginosa_TFCN_17-0-2E337-3.cds.fa_03149	NaN	NaN	NaN	NaN	NaN	NaN	NaN	NaN	TFCN1702E3373_013069-T1	TFCN1702E3373_003192-T1
TFCN1702E3373_004546-T1__TFCN1702E3373_013069-T1	NaN	NaN	NaN	NaN	NaN	NaN	NaN	NaN	GF00000008	Rhodotorula_mucilaginosa_TFCN_17-0-2E337-3.cds.fa_12884	Rhodotorula_mucilaginosa_TFCN_17-0-2E337-3.cds.fa_04489	NaN	NaN	NaN	NaN	NaN	NaN	NaN	NaN	TFCN1702E3373_013069-T1	TFCN1702E3373_004546-T1
TFCN1702E3373_007238-T1__TFCN1702E3373_013069-T1	NaN	NaN	NaN	NaN	NaN	NaN	NaN	NaN	GF00000008	Rhodotorula_mucilaginosa_TFCN_17-0-2E337-3.cds.fa_12884	Rhodotorula_mucilaginosa_TFCN_17-0-2E337-3.cds.fa_07153	NaN	NaN	NaN	NaN	NaN	NaN	NaN	NaN	TFCN1702E3373_013069-T1	TFCN1702E3373_007238-T1
TFCN1702E3373_013069-T1__TFCN1702E3373_013072-T1	NaN	NaN	NaN	NaN	NaN	NaN	NaN	NaN	GF00000008	Rhodotorula_mucilaginosa_TFCN_17-0-2E337-3.cds.fa_12884	Rhodotorula_mucilaginosa_TFCN_17-0-2E337-3.cds.fa_12887	NaN	NaN	NaN	NaN	NaN	NaN	NaN	NaN	TFCN1702E3373_013069-T1	TFCN1702E3373_013072-T1
TFCN1702E3373_001504-T1__TFCN1702E3373_010766-T1	NaN	NaN	NaN	NaN	NaN	NaN	NaN	NaN	GF00000008	Rhodotorula_mucilaginosa_TFCN_17-0-2E337-3.cds.fa_01494	Rhodotorula_mucilaginosa_TFCN_17-0-2E337-3.cds.fa_10633	NaN	NaN	NaN	NaN	NaN	NaN	NaN	NaN	TFCN1702E3373_001504-T1	TFCN1702E3373_010766-T1
TFCN1702E3373_001504-T1__TFCN1702E3373_009948-T1	NaN	NaN	NaN	NaN	NaN	NaN	NaN	NaN	GF00000008	Rhodotorula_mucilaginosa_TFCN_17-0-2E337-3.cds.fa_01494	Rhodotorula_mucilaginosa_TFCN_17-0-2E337-3.cds.fa_09829	NaN	NaN	NaN	NaN	NaN	NaN	NaN	NaN	TFCN1702E3373_001504-T1	TFCN1702E3373_009948-T1
TFCN1702E3373_001504-T1__TFCN1702E3373_003191-T1	NaN	NaN	NaN	NaN	NaN	NaN	NaN	NaN	GF00000008	Rhodotorula_mucilaginosa_TFCN_17-0-2E337-3.cds.fa_01494	Rhodotorula_mucilaginosa_TFCN_17-0-2E337-3.cds.fa_03148	NaN	NaN	NaN	NaN	NaN	NaN	NaN	NaN	TFCN1702E3373_001504-T1	TFCN1702E3373_003191-T1
TFCN1702E3373_001504-T1__TFCN1702E3373_009947-T1	NaN	NaN	NaN	NaN	NaN	NaN	NaN	NaN	GF00000008	Rhodotorula_mucilaginosa_TFCN_17-0-2E337-3.cds.fa_01494	Rhodotorula_mucilaginosa_TFCN_17-0-2E337-3.cds.fa_09828	NaN	NaN	NaN	NaN	NaN	NaN	NaN	NaN	TFCN1702E3373_001504-T1	TFCN1702E3373_009947-T1
TFCN1702E3373_001504-T1__TFCN1702E3373_003192-T1	NaN	NaN	NaN	NaN	NaN	NaN	NaN	NaN	GF00000008	Rhodotorula_mucilaginosa_TFCN_17-0-2E337-3.cds.fa_01494	Rhodotorula_mucilaginosa_TFCN_17-0-2E337-3.cds.fa_03149	NaN	NaN	NaN	NaN	NaN	NaN	NaN	NaN	TFCN1702E3373_001504-T1	TFCN1702E3373_003192-T1
TFCN1702E3373_001504-T1__TFCN1702E3373_004546-T1	NaN	NaN	NaN	NaN	NaN	NaN	NaN	NaN	GF00000008	Rhodotorula_mucilaginosa_TFCN_17-0-2E337-3.cds.fa_01494	Rhodotorula_mucilaginosa_TFCN_17-0-2E337-3.cds.fa_04489	NaN	NaN	NaN	NaN	NaN	NaN	NaN	NaN	TFCN1702E3373_001504-T1	TFCN1702E3373_004546-T1
TFCN1702E3373_001504-T1__TFCN1702E3373_007238-T1	NaN	NaN	NaN	NaN	NaN	NaN	NaN	NaN	GF00000008	Rhodotorula_mucilaginosa_TFCN_17-0-2E337-3.cds.fa_01494	Rhodotorula_mucilaginosa_TFCN_17-0-2E337-3.cds.fa_07153	NaN	NaN	NaN	NaN	NaN	NaN	NaN	NaN	TFCN1702E3373_001504-T1	TFCN1702E3373_007238-T1
TFCN1702E3373_001504-T1__TFCN1702E3373_013072-T1	NaN	NaN	NaN	NaN	NaN	NaN	NaN	NaN	GF00000008	Rhodotorula_mucilaginosa_TFCN_17-0-2E337-3.cds.fa_01494	Rhodotorula_mucilaginosa_TFCN_17-0-2E337-3.cds.fa_12887	NaN	NaN	NaN	NaN	NaN	NaN	NaN	NaN	TFCN1702E3373_001504-T1	TFCN1702E3373_013072-T1
TFCN1702E3373_009948-T1__TFCN1702E3373_010766-T1	NaN	NaN	NaN	NaN	NaN	NaN	NaN	NaN	GF00000008	Rhodotorula_mucilaginosa_TFCN_17-0-2E337-3.cds.fa_10633	Rhodotorula_mucilaginosa_TFCN_17-0-2E337-3.cds.fa_09829	NaN	NaN	NaN	NaN	NaN	NaN	NaN	NaN	TFCN1702E3373_010766-T1	TFCN1702E3373_009948-T1
TFCN1702E3373_003191-T1__TFCN1702E3373_010766-T1	NaN	NaN	NaN	NaN	NaN	NaN	NaN	NaN	GF00000008	Rhodotorula_mucilaginosa_TFCN_17-0-2E337-3.cds.fa_10633	Rhodotorula_mucilaginosa_TFCN_17-0-2E337-3.cds.fa_03148	NaN	NaN	NaN	NaN	NaN	NaN	NaN	NaN	TFCN1702E3373_010766-T1	TFCN1702E3373_003191-T1
TFCN1702E3373_009947-T1__TFCN1702E3373_010766-T1	NaN	NaN	NaN	NaN	NaN	NaN	NaN	NaN	GF00000008	Rhodotorula_mucilaginosa_TFCN_17-0-2E337-3.cds.fa_10633	Rhodotorula_mucilaginosa_TFCN_17-0-2E337-3.cds.fa_09828	NaN	NaN	NaN	NaN	NaN	NaN	NaN	NaN	TFCN1702E3373_010766-T1	TFCN1702E3373_009947-T1
TFCN1702E3373_003192-T1__TFCN1702E3373_010766-T1	NaN	NaN	NaN	NaN	NaN	NaN	NaN	NaN	GF00000008	Rhodotorula_mucilaginosa_TFCN_17-0-2E337-3.cds.fa_10633	Rhodotorula_mucilaginosa_TFCN_17-0-2E337-3.cds.fa_03149	NaN	NaN	NaN	NaN	NaN	NaN	NaN	NaN	TFCN1702E3373_010766-T1	TFCN1702E3373_003192-T1
TFCN1702E3373_004546-T1__TFCN1702E3373_010766-T1	NaN	NaN	NaN	NaN	NaN	NaN	NaN	NaN	GF00000008	Rhodotorula_mucilaginosa_TFCN_17-0-2E337-3.cds.fa_10633	Rhodotorula_mucilaginosa_TFCN_17-0-2E337-3.cds.fa_04489	NaN	NaN	NaN	NaN	NaN	NaN	NaN	NaN	TFCN1702E3373_010766-T1	TFCN1702E3373_004546-T1
TFCN1702E3373_007238-T1__TFCN1702E3373_010766-T1	NaN	NaN	NaN	NaN	NaN	NaN	NaN	NaN	GF00000008	Rhodotorula_mucilaginosa_TFCN_17-0-2E337-3.cds.fa_10633	Rhodotorula_mucilaginosa_TFCN_17-0-2E337-3.cds.fa_07153	NaN	NaN	NaN	NaN	NaN	NaN	NaN	NaN	TFCN1702E3373_010766-T1	TFCN1702E3373_007238-T1
TFCN1702E3373_010766-T1__TFCN1702E3373_013072-T1	NaN	NaN	NaN	NaN	NaN	NaN	NaN	NaN	GF00000008	Rhodotorula_mucilaginosa_TFCN_17-0-2E337-3.cds.fa_10633	Rhodotorula_mucilaginosa_TFCN_17-0-2E337-3.cds.fa_12887	NaN	NaN	NaN	NaN	NaN	NaN	NaN	NaN	TFCN1702E3373_010766-T1	TFCN1702E3373_013072-T1
TFCN1702E3373_003191-T1__TFCN1702E3373_009948-T1	NaN	NaN	NaN	NaN	NaN	NaN	NaN	NaN	GF00000008	Rhodotorula_mucilaginosa_TFCN_17-0-2E337-3.cds.fa_09829	Rhodotorula_mucilaginosa_TFCN_17-0-2E337-3.cds.fa_03148	NaN	NaN	NaN	NaN	NaN	NaN	NaN	NaN	TFCN1702E3373_009948-T1	TFCN1702E3373_003191-T1
TFCN1702E3373_009947-T1__TFCN1702E3373_009948-T1	NaN	NaN	NaN	NaN	NaN	NaN	NaN	NaN	GF00000008	Rhodotorula_mucilaginosa_TFCN_17-0-2E337-3.cds.fa_09829	Rhodotorula_mucilaginosa_TFCN_17-0-2E337-3.cds.fa_09828	NaN	NaN	NaN	NaN	NaN	NaN	NaN	NaN	TFCN1702E3373_009948-T1	TFCN1702E3373_009947-T1
TFCN1702E3373_003192-T1__TFCN1702E3373_009948-T1	NaN	NaN	NaN	NaN	NaN	NaN	NaN	NaN	GF00000008	Rhodotorula_mucilaginosa_TFCN_17-0-2E337-3.cds.fa_09829	Rhodotorula_mucilaginosa_TFCN_17-0-2E337-3.cds.fa_03149	NaN	NaN	NaN	NaN	NaN	NaN	NaN	NaN	TFCN1702E3373_009948-T1	TFCN1702E3373_003192-T1
TFCN1702E3373_004546-T1__TFCN1702E3373_009948-T1	NaN	NaN	NaN	NaN	NaN	NaN	NaN	NaN	GF00000008	Rhodotorula_mucilaginosa_TFCN_17-0-2E337-3.cds.fa_09829	Rhodotorula_mucilaginosa_TFCN_17-0-2E337-3.cds.fa_04489	NaN	NaN	NaN	NaN	NaN	NaN	NaN	NaN	TFCN1702E3373_009948-T1	TFCN1702E3373_004546-T1
TFCN1702E3373_007238-T1__TFCN1702E3373_009948-T1	NaN	NaN	NaN	NaN	NaN	NaN	NaN	NaN	GF00000008	Rhodotorula_mucilaginosa_TFCN_17-0-2E337-3.cds.fa_09829	Rhodotorula_mucilaginosa_TFCN_17-0-2E337-3.cds.fa_07153	NaN	NaN	NaN	NaN	NaN	NaN	NaN	NaN	TFCN1702E3373_009948-T1	TFCN1702E3373_007238-T1
TFCN1702E3373_009948-T1__TFCN1702E3373_013072-T1	NaN	NaN	NaN	NaN	NaN	NaN	NaN	NaN	GF00000008	Rhodotorula_mucilaginosa_TFCN_17-0-2E337-3.cds.fa_09829	Rhodotorula_mucilaginosa_TFCN_17-0-2E337-3.cds.fa_12887	NaN	NaN	NaN	NaN	NaN	NaN	NaN	NaN	TFCN1702E3373_009948-T1	TFCN1702E3373_013072-T1
TFCN1702E3373_003191-T1__TFCN1702E3373_009947-T1	NaN	NaN	NaN	NaN	NaN	NaN	NaN	NaN	GF00000008	Rhodotorula_mucilaginosa_TFCN_17-0-2E337-3.cds.fa_03148	Rhodotorula_mucilaginosa_TFCN_17-0-2E337-3.cds.fa_09828	NaN	NaN	NaN	NaN	NaN	NaN	NaN	NaN	TFCN1702E3373_003191-T1	TFCN1702E3373_009947-T1
TFCN1702E3373_003191-T1__TFCN1702E3373_003192-T1	NaN	NaN	NaN	NaN	NaN	NaN	NaN	NaN	GF00000008	Rhodotorula_mucilaginosa_TFCN_17-0-2E337-3.cds.fa_03148	Rhodotorula_mucilaginosa_TFCN_17-0-2E337-3.cds.fa_03149	NaN	NaN	NaN	NaN	NaN	NaN	NaN	NaN	TFCN1702E3373_003191-T1	TFCN1702E3373_003192-T1
TFCN1702E3373_003191-T1__TFCN1702E3373_004546-T1	NaN	NaN	NaN	NaN	NaN	NaN	NaN	NaN	GF00000008	Rhodotorula_mucilaginosa_TFCN_17-0-2E337-3.cds.fa_03148	Rhodotorula_mucilaginosa_TFCN_17-0-2E337-3.cds.fa_04489	NaN	NaN	NaN	NaN	NaN	NaN	NaN	NaN	TFCN1702E3373_003191-T1	TFCN1702E3373_004546-T1
TFCN1702E3373_003191-T1__TFCN1702E3373_007238-T1	NaN	NaN	NaN	NaN	NaN	NaN	NaN	NaN	GF00000008	Rhodotorula_mucilaginosa_TFCN_17-0-2E337-3.cds.fa_03148	Rhodotorula_mucilaginosa_TFCN_17-0-2E337-3.cds.fa_07153	NaN	NaN	NaN	NaN	NaN	NaN	NaN	NaN	TFCN1702E3373_003191-T1	TFCN1702E3373_007238-T1
TFCN1702E3373_003191-T1__TFCN1702E3373_013072-T1	NaN	NaN	NaN	NaN	NaN	NaN	NaN	NaN	GF00000008	Rhodotorula_mucilaginosa_TFCN_17-0-2E337-3.cds.fa_03148	Rhodotorula_mucilaginosa_TFCN_17-0-2E337-3.cds.fa_12887	NaN	NaN	NaN	NaN	NaN	NaN	NaN	NaN	TFCN1702E3373_003191-T1	TFCN1702E3373_013072-T1
TFCN1702E3373_003192-T1__TFCN1702E3373_009947-T1	NaN	NaN	NaN	NaN	NaN	NaN	NaN	NaN	GF00000008	Rhodotorula_mucilaginosa_TFCN_17-0-2E337-3.cds.fa_09828	Rhodotorula_mucilaginosa_TFCN_17-0-2E337-3.cds.fa_03149	NaN	NaN	NaN	NaN	NaN	NaN	NaN	NaN	TFCN1702E3373_009947-T1	TFCN1702E3373_003192-T1
TFCN1702E3373_004546-T1__TFCN1702E3373_009947-T1	NaN	NaN	NaN	NaN	NaN	NaN	NaN	NaN	GF00000008	Rhodotorula_mucilaginosa_TFCN_17-0-2E337-3.cds.fa_09828	Rhodotorula_mucilaginosa_TFCN_17-0-2E337-3.cds.fa_04489	NaN	NaN	NaN	NaN	NaN	NaN	NaN	NaN	TFCN1702E3373_009947-T1	TFCN1702E3373_004546-T1
TFCN1702E3373_007238-T1__TFCN1702E3373_009947-T1	NaN	NaN	NaN	NaN	NaN	NaN	NaN	NaN	GF00000008	Rhodotorula_mucilaginosa_TFCN_17-0-2E337-3.cds.fa_09828	Rhodotorula_mucilaginosa_TFCN_17-0-2E337-3.cds.fa_07153	NaN	NaN	NaN	NaN	NaN	NaN	NaN	NaN	TFCN1702E3373_009947-T1	TFCN1702E3373_007238-T1
TFCN1702E3373_009947-T1__TFCN1702E3373_013072-T1	NaN	NaN	NaN	NaN	NaN	NaN	NaN	NaN	GF00000008	Rhodotorula_mucilaginosa_TFCN_17-0-2E337-3.cds.fa_09828	Rhodotorula_mucilaginosa_TFCN_17-0-2E337-3.cds.fa_12887	NaN	NaN	NaN	NaN	NaN	NaN	NaN	NaN	TFCN1702E3373_009947-T1	TFCN1702E3373_013072-T1
TFCN1702E3373_003192-T1__TFCN1702E3373_004546-T1	NaN	NaN	NaN	NaN	NaN	NaN	NaN	NaN	GF00000008	Rhodotorula_mucilaginosa_TFCN_17-0-2E337-3.cds.fa_03149	Rhodotorula_mucilaginosa_TFCN_17-0-2E337-3.cds.fa_04489	NaN	NaN	NaN	NaN	NaN	NaN	NaN	NaN	TFCN1702E3373_003192-T1	TFCN1702E3373_004546-T1
TFCN1702E3373_003192-T1__TFCN1702E3373_007238-T1	NaN	NaN	NaN	NaN	NaN	NaN	NaN	NaN	GF00000008	Rhodotorula_mucilaginosa_TFCN_17-0-2E337-3.cds.fa_03149	Rhodotorula_mucilaginosa_TFCN_17-0-2E337-3.cds.fa_07153	NaN	NaN	NaN	NaN	NaN	NaN	NaN	NaN	TFCN1702E3373_003192-T1	TFCN1702E3373_007238-T1
TFCN1702E3373_003192-T1__TFCN1702E3373_013072-T1	NaN	NaN	NaN	NaN	NaN	NaN	NaN	NaN	GF00000008	Rhodotorula_mucilaginosa_TFCN_17-0-2E337-3.cds.fa_03149	Rhodotorula_mucilaginosa_TFCN_17-0-2E337-3.cds.fa_12887	NaN	NaN	NaN	NaN	NaN	NaN	NaN	NaN	TFCN1702E3373_003192-T1	TFCN1702E3373_013072-T1
TFCN1702E3373_004546-T1__TFCN1702E3373_007238-T1	NaN	NaN	NaN	NaN	NaN	NaN	NaN	NaN	GF00000008	Rhodotorula_mucilaginosa_TFCN_17-0-2E337-3.cds.fa_04489	Rhodotorula_mucilaginosa_TFCN_17-0-2E337-3.cds.fa_07153	NaN	NaN	NaN	NaN	NaN	NaN	NaN	NaN	TFCN1702E3373_004546-T1	TFCN1702E3373_007238-T1
TFCN1702E3373_004546-T1__TFCN1702E3373_013072-T1	NaN	NaN	NaN	NaN	NaN	NaN	NaN	NaN	GF00000008	Rhodotorula_mucilaginosa_TFCN_17-0-2E337-3.cds.fa_04489	Rhodotorula_mucilaginosa_TFCN_17-0-2E337-3.cds.fa_12887	NaN	NaN	NaN	NaN	NaN	NaN	NaN	NaN	TFCN1702E3373_004546-T1	TFCN1702E3373_013072-T1
TFCN1702E3373_007238-T1__TFCN1702E3373_013072-T1	NaN	NaN	NaN	NaN	NaN	NaN	NaN	NaN	GF00000008	Rhodotorula_mucilaginosa_TFCN_17-0-2E337-3.cds.fa_07153	Rhodotorula_mucilaginosa_TFCN_17-0-2E337-3.cds.fa_12887	NaN	NaN	NaN	NaN	NaN	NaN	NaN	NaN	TFCN1702E3373_007238-T1	TFCN1702E3373_013072-T1
TFCN1702E3373_000607-T1__TFCN1702E3373_011981-T1	NaN	NaN	NaN	NaN	NaN	NaN	NaN	NaN	GF00000010	Rhodotorula_mucilaginosa_TFCN_17-0-2E337-3.cds.fa_11823	Rhodotorula_mucilaginosa_TFCN_17-0-2E337-3.cds.fa_00602	NaN	NaN	NaN	NaN	NaN	NaN	NaN	NaN	TFCN1702E3373_011981-T1	TFCN1702E3373_000607-T1
TFCN1702E3373_010104-T1__TFCN1702E3373_011981-T1	NaN	NaN	NaN	NaN	NaN	NaN	NaN	NaN	GF00000010	Rhodotorula_mucilaginosa_TFCN_17-0-2E337-3.cds.fa_11823	Rhodotorula_mucilaginosa_TFCN_17-0-2E337-3.cds.fa_09983	NaN	NaN	NaN	NaN	NaN	NaN	NaN	NaN	TFCN1702E3373_011981-T1	TFCN1702E3373_010104-T1
TFCN1702E3373_003905-T1__TFCN1702E3373_011981-T1	NaN	NaN	NaN	NaN	NaN	NaN	NaN	NaN	GF00000010	Rhodotorula_mucilaginosa_TFCN_17-0-2E337-3.cds.fa_11823	Rhodotorula_mucilaginosa_TFCN_17-0-2E337-3.cds.fa_03852	NaN	NaN	NaN	NaN	NaN	NaN	NaN	NaN	TFCN1702E3373_011981-T1	TFCN1702E3373_003905-T1
TFCN1702E3373_004652-T1__TFCN1702E3373_011981-T1	NaN	NaN	NaN	NaN	NaN	NaN	NaN	NaN	GF00000010	Rhodotorula_mucilaginosa_TFCN_17-0-2E337-3.cds.fa_11823	Rhodotorula_mucilaginosa_TFCN_17-0-2E337-3.cds.fa_04594	NaN	NaN	NaN	NaN	NaN	NaN	NaN	NaN	TFCN1702E3373_011981-T1	TFCN1702E3373_004652-T1
TFCN1702E3373_006107-T1__TFCN1702E3373_011981-T1	NaN	NaN	NaN	NaN	NaN	NaN	NaN	NaN	GF00000010	Rhodotorula_mucilaginosa_TFCN_17-0-2E337-3.cds.fa_11823	Rhodotorula_mucilaginosa_TFCN_17-0-2E337-3.cds.fa_06038	NaN	NaN	NaN	NaN	NaN	NaN	NaN	NaN	TFCN1702E3373_011981-T1	TFCN1702E3373_006107-T1
TFCN1702E3373_001482-T1__TFCN1702E3373_011981-T1	NaN	NaN	NaN	NaN	NaN	NaN	NaN	NaN	GF00000010	Rhodotorula_mucilaginosa_TFCN_17-0-2E337-3.cds.fa_11823	Rhodotorula_mucilaginosa_TFCN_17-0-2E337-3.cds.fa_01472	NaN	NaN	NaN	NaN	NaN	NaN	NaN	NaN	TFCN1702E3373_011981-T1	TFCN1702E3373_001482-T1
TFCN1702E3373_007055-T1__TFCN1702E3373_011981-T1	NaN	NaN	NaN	NaN	NaN	NaN	NaN	NaN	GF00000010	Rhodotorula_mucilaginosa_TFCN_17-0-2E337-3.cds.fa_11823	Rhodotorula_mucilaginosa_TFCN_17-0-2E337-3.cds.fa_06970	NaN	NaN	NaN	NaN	NaN	NaN	NaN	NaN	TFCN1702E3373_011981-T1	TFCN1702E3373_007055-T1
TFCN1702E3373_000337-T1__TFCN1702E3373_011981-T1	NaN	NaN	NaN	NaN	NaN	NaN	NaN	NaN	GF00000010	Rhodotorula_mucilaginosa_TFCN_17-0-2E337-3.cds.fa_11823	Rhodotorula_mucilaginosa_TFCN_17-0-2E337-3.cds.fa_00333	NaN	NaN	NaN	NaN	NaN	NaN	NaN	NaN	TFCN1702E3373_011981-T1	TFCN1702E3373_000337-T1
TFCN1702E3373_000866-T1__TFCN1702E3373_011981-T1	NaN	NaN	NaN	NaN	NaN	NaN	NaN	NaN	GF00000010	Rhodotorula_mucilaginosa_TFCN_17-0-2E337-3.cds.fa_11823	Rhodotorula_mucilaginosa_TFCN_17-0-2E337-3.cds.fa_00860	NaN	NaN	NaN	NaN	NaN	NaN	NaN	NaN	TFCN1702E3373_011981-T1	TFCN1702E3373_000866-T1
TFCN1702E3373_002651-T1__TFCN1702E3373_011981-T1	NaN	NaN	NaN	NaN	NaN	NaN	NaN	NaN	GF00000010	Rhodotorula_mucilaginosa_TFCN_17-0-2E337-3.cds.fa_11823	Rhodotorula_mucilaginosa_TFCN_17-0-2E337-3.cds.fa_02621	NaN	NaN	NaN	NaN	NaN	NaN	NaN	NaN	TFCN1702E3373_011981-T1	TFCN1702E3373_002651-T1
TFCN1702E3373_011981-T1__TFCN1702E3373_014566-T1	NaN	NaN	NaN	NaN	NaN	NaN	NaN	NaN	GF00000010	Rhodotorula_mucilaginosa_TFCN_17-0-2E337-3.cds.fa_11823	Rhodotorula_mucilaginosa_TFCN_17-0-2E337-3.cds.fa_14350	NaN	NaN	NaN	NaN	NaN	NaN	NaN	NaN	TFCN1702E3373_011981-T1	TFCN1702E3373_014566-T1
TFCN1702E3373_011981-T1__TFCN1702E3373_012495-T1	NaN	NaN	NaN	NaN	NaN	NaN	NaN	NaN	GF00000010	Rhodotorula_mucilaginosa_TFCN_17-0-2E337-3.cds.fa_11823	Rhodotorula_mucilaginosa_TFCN_17-0-2E337-3.cds.fa_12329	NaN	NaN	NaN	NaN	NaN	NaN	NaN	NaN	TFCN1702E3373_011981-T1	TFCN1702E3373_012495-T1
TFCN1702E3373_004433-T1__TFCN1702E3373_011981-T1	NaN	NaN	NaN	NaN	NaN	NaN	NaN	NaN	GF00000010	Rhodotorula_mucilaginosa_TFCN_17-0-2E337-3.cds.fa_11823	Rhodotorula_mucilaginosa_TFCN_17-0-2E337-3.cds.fa_04377	NaN	NaN	NaN	NaN	NaN	NaN	NaN	NaN	TFCN1702E3373_011981-T1	TFCN1702E3373_004433-T1
TFCN1702E3373_010406-T1__TFCN1702E3373_011981-T1	NaN	NaN	NaN	NaN	NaN	NaN	NaN	NaN	GF00000010	Rhodotorula_mucilaginosa_TFCN_17-0-2E337-3.cds.fa_11823	Rhodotorula_mucilaginosa_TFCN_17-0-2E337-3.cds.fa_10282	NaN	NaN	NaN	NaN	NaN	NaN	NaN	NaN	TFCN1702E3373_011981-T1	TFCN1702E3373_010406-T1
TFCN1702E3373_011896-T1__TFCN1702E3373_011981-T1	NaN	NaN	NaN	NaN	NaN	NaN	NaN	NaN	GF00000010	Rhodotorula_mucilaginosa_TFCN_17-0-2E337-3.cds.fa_11823	Rhodotorula_mucilaginosa_TFCN_17-0-2E337-3.cds.fa_11741	NaN	NaN	NaN	NaN	NaN	NaN	NaN	NaN	TFCN1702E3373_011981-T1	TFCN1702E3373_011896-T1
TFCN1702E3373_011981-T1__TFCN1702E3373_012426-T1	NaN	NaN	NaN	NaN	NaN	NaN	NaN	NaN	GF00000010	Rhodotorula_mucilaginosa_TFCN_17-0-2E337-3.cds.fa_11823	Rhodotorula_mucilaginosa_TFCN_17-0-2E337-3.cds.fa_12260	NaN	NaN	NaN	NaN	NaN	NaN	NaN	NaN	TFCN1702E3373_011981-T1	TFCN1702E3373_012426-T1
TFCN1702E3373_011897-T1__TFCN1702E3373_011981-T1	NaN	NaN	NaN	NaN	NaN	NaN	NaN	NaN	GF00000010	Rhodotorula_mucilaginosa_TFCN_17-0-2E337-3.cds.fa_11823	Rhodotorula_mucilaginosa_TFCN_17-0-2E337-3.cds.fa_11742	NaN	NaN	NaN	NaN	NaN	NaN	NaN	NaN	TFCN1702E3373_011981-T1	TFCN1702E3373_011897-T1
TFCN1702E3373_000607-T1__TFCN1702E3373_010104-T1	NaN	NaN	NaN	NaN	NaN	NaN	NaN	NaN	GF00000010	Rhodotorula_mucilaginosa_TFCN_17-0-2E337-3.cds.fa_00602	Rhodotorula_mucilaginosa_TFCN_17-0-2E337-3.cds.fa_09983	NaN	NaN	NaN	NaN	NaN	NaN	NaN	NaN	TFCN1702E3373_000607-T1	TFCN1702E3373_010104-T1
TFCN1702E3373_000607-T1__TFCN1702E3373_003905-T1	NaN	NaN	NaN	NaN	NaN	NaN	NaN	NaN	GF00000010	Rhodotorula_mucilaginosa_TFCN_17-0-2E337-3.cds.fa_00602	Rhodotorula_mucilaginosa_TFCN_17-0-2E337-3.cds.fa_03852	NaN	NaN	NaN	NaN	NaN	NaN	NaN	NaN	TFCN1702E3373_000607-T1	TFCN1702E3373_003905-T1
TFCN1702E3373_000607-T1__TFCN1702E3373_004652-T1	NaN	NaN	NaN	NaN	NaN	NaN	NaN	NaN	GF00000010	Rhodotorula_mucilaginosa_TFCN_17-0-2E337-3.cds.fa_00602	Rhodotorula_mucilaginosa_TFCN_17-0-2E337-3.cds.fa_04594	NaN	NaN	NaN	NaN	NaN	NaN	NaN	NaN	TFCN1702E3373_000607-T1	TFCN1702E3373_004652-T1
TFCN1702E3373_000607-T1__TFCN1702E3373_006107-T1	NaN	NaN	NaN	NaN	NaN	NaN	NaN	NaN	GF00000010	Rhodotorula_mucilaginosa_TFCN_17-0-2E337-3.cds.fa_00602	Rhodotorula_mucilaginosa_TFCN_17-0-2E337-3.cds.fa_06038	NaN	NaN	NaN	NaN	NaN	NaN	NaN	NaN	TFCN1702E3373_000607-T1	TFCN1702E3373_006107-T1
TFCN1702E3373_000607-T1__TFCN1702E3373_001482-T1	NaN	NaN	NaN	NaN	NaN	NaN	NaN	NaN	GF00000010	Rhodotorula_mucilaginosa_TFCN_17-0-2E337-3.cds.fa_00602	Rhodotorula_mucilaginosa_TFCN_17-0-2E337-3.cds.fa_01472	NaN	NaN	NaN	NaN	NaN	NaN	NaN	NaN	TFCN1702E3373_000607-T1	TFCN1702E3373_001482-T1
TFCN1702E3373_000607-T1__TFCN1702E3373_007055-T1	NaN	NaN	NaN	NaN	NaN	NaN	NaN	NaN	GF00000010	Rhodotorula_mucilaginosa_TFCN_17-0-2E337-3.cds.fa_00602	Rhodotorula_mucilaginosa_TFCN_17-0-2E337-3.cds.fa_06970	NaN	NaN	NaN	NaN	NaN	NaN	NaN	NaN	TFCN1702E3373_000607-T1	TFCN1702E3373_007055-T1
TFCN1702E3373_000337-T1__TFCN1702E3373_000607-T1	NaN	NaN	NaN	NaN	NaN	NaN	NaN	NaN	GF00000010	Rhodotorula_mucilaginosa_TFCN_17-0-2E337-3.cds.fa_00602	Rhodotorula_mucilaginosa_TFCN_17-0-2E337-3.cds.fa_00333	NaN	NaN	NaN	NaN	NaN	NaN	NaN	NaN	TFCN1702E3373_000607-T1	TFCN1702E3373_000337-T1
TFCN1702E3373_000607-T1__TFCN1702E3373_000866-T1	NaN	NaN	NaN	NaN	NaN	NaN	NaN	NaN	GF00000010	Rhodotorula_mucilaginosa_TFCN_17-0-2E337-3.cds.fa_00602	Rhodotorula_mucilaginosa_TFCN_17-0-2E337-3.cds.fa_00860	NaN	NaN	NaN	NaN	NaN	NaN	NaN	NaN	TFCN1702E3373_000607-T1	TFCN1702E3373_000866-T1
TFCN1702E3373_000607-T1__TFCN1702E3373_002651-T1	NaN	NaN	NaN	NaN	NaN	NaN	NaN	NaN	GF00000010	Rhodotorula_mucilaginosa_TFCN_17-0-2E337-3.cds.fa_00602	Rhodotorula_mucilaginosa_TFCN_17-0-2E337-3.cds.fa_02621	NaN	NaN	NaN	NaN	NaN	NaN	NaN	NaN	TFCN1702E3373_000607-T1	TFCN1702E3373_002651-T1
TFCN1702E3373_000607-T1__TFCN1702E3373_014566-T1	NaN	NaN	NaN	NaN	NaN	NaN	NaN	NaN	GF00000010	Rhodotorula_mucilaginosa_TFCN_17-0-2E337-3.cds.fa_00602	Rhodotorula_mucilaginosa_TFCN_17-0-2E337-3.cds.fa_14350	NaN	NaN	NaN	NaN	NaN	NaN	NaN	NaN	TFCN1702E3373_000607-T1	TFCN1702E3373_014566-T1
TFCN1702E3373_000607-T1__TFCN1702E3373_012495-T1	NaN	NaN	NaN	NaN	NaN	NaN	NaN	NaN	GF00000010	Rhodotorula_mucilaginosa_TFCN_17-0-2E337-3.cds.fa_00602	Rhodotorula_mucilaginosa_TFCN_17-0-2E337-3.cds.fa_12329	NaN	NaN	NaN	NaN	NaN	NaN	NaN	NaN	TFCN1702E3373_000607-T1	TFCN1702E3373_012495-T1
TFCN1702E3373_000607-T1__TFCN1702E3373_004433-T1	NaN	NaN	NaN	NaN	NaN	NaN	NaN	NaN	GF00000010	Rhodotorula_mucilaginosa_TFCN_17-0-2E337-3.cds.fa_00602	Rhodotorula_mucilaginosa_TFCN_17-0-2E337-3.cds.fa_04377	NaN	NaN	NaN	NaN	NaN	NaN	NaN	NaN	TFCN1702E3373_000607-T1	TFCN1702E3373_004433-T1
TFCN1702E3373_000607-T1__TFCN1702E3373_010406-T1	NaN	NaN	NaN	NaN	NaN	NaN	NaN	NaN	GF00000010	Rhodotorula_mucilaginosa_TFCN_17-0-2E337-3.cds.fa_00602	Rhodotorula_mucilaginosa_TFCN_17-0-2E337-3.cds.fa_10282	NaN	NaN	NaN	NaN	NaN	NaN	NaN	NaN	TFCN1702E3373_000607-T1	TFCN1702E3373_010406-T1
TFCN1702E3373_000607-T1__TFCN1702E3373_011896-T1	NaN	NaN	NaN	NaN	NaN	NaN	NaN	NaN	GF00000010	Rhodotorula_mucilaginosa_TFCN_17-0-2E337-3.cds.fa_00602	Rhodotorula_mucilaginosa_TFCN_17-0-2E337-3.cds.fa_11741	NaN	NaN	NaN	NaN	NaN	NaN	NaN	NaN	TFCN1702E3373_000607-T1	TFCN1702E3373_011896-T1
TFCN1702E3373_000607-T1__TFCN1702E3373_012426-T1	NaN	NaN	NaN	NaN	NaN	NaN	NaN	NaN	GF00000010	Rhodotorula_mucilaginosa_TFCN_17-0-2E337-3.cds.fa_00602	Rhodotorula_mucilaginosa_TFCN_17-0-2E337-3.cds.fa_12260	NaN	NaN	NaN	NaN	NaN	NaN	NaN	NaN	TFCN1702E3373_000607-T1	TFCN1702E3373_012426-T1
TFCN1702E3373_000607-T1__TFCN1702E3373_011897-T1	NaN	NaN	NaN	NaN	NaN	NaN	NaN	NaN	GF00000010	Rhodotorula_mucilaginosa_TFCN_17-0-2E337-3.cds.fa_00602	Rhodotorula_mucilaginosa_TFCN_17-0-2E337-3.cds.fa_11742	NaN	NaN	NaN	NaN	NaN	NaN	NaN	NaN	TFCN1702E3373_000607-T1	TFCN1702E3373_011897-T1
TFCN1702E3373_003905-T1__TFCN1702E3373_010104-T1	NaN	NaN	NaN	NaN	NaN	NaN	NaN	NaN	GF00000010	Rhodotorula_mucilaginosa_TFCN_17-0-2E337-3.cds.fa_09983	Rhodotorula_mucilaginosa_TFCN_17-0-2E337-3.cds.fa_03852	NaN	NaN	NaN	NaN	NaN	NaN	NaN	NaN	TFCN1702E3373_010104-T1	TFCN1702E3373_003905-T1
TFCN1702E3373_004652-T1__TFCN1702E3373_010104-T1	NaN	NaN	NaN	NaN	NaN	NaN	NaN	NaN	GF00000010	Rhodotorula_mucilaginosa_TFCN_17-0-2E337-3.cds.fa_09983	Rhodotorula_mucilaginosa_TFCN_17-0-2E337-3.cds.fa_04594	NaN	NaN	NaN	NaN	NaN	NaN	NaN	NaN	TFCN1702E3373_010104-T1	TFCN1702E3373_004652-T1
TFCN1702E3373_006107-T1__TFCN1702E3373_010104-T1	NaN	NaN	NaN	NaN	NaN	NaN	NaN	NaN	GF00000010	Rhodotorula_mucilaginosa_TFCN_17-0-2E337-3.cds.fa_09983	Rhodotorula_mucilaginosa_TFCN_17-0-2E337-3.cds.fa_06038	NaN	NaN	NaN	NaN	NaN	NaN	NaN	NaN	TFCN1702E3373_010104-T1	TFCN1702E3373_006107-T1
TFCN1702E3373_001482-T1__TFCN1702E3373_010104-T1	NaN	NaN	NaN	NaN	NaN	NaN	NaN	NaN	GF00000010	Rhodotorula_mucilaginosa_TFCN_17-0-2E337-3.cds.fa_09983	Rhodotorula_mucilaginosa_TFCN_17-0-2E337-3.cds.fa_01472	NaN	NaN	NaN	NaN	NaN	NaN	NaN	NaN	TFCN1702E3373_010104-T1	TFCN1702E3373_001482-T1
TFCN1702E3373_007055-T1__TFCN1702E3373_010104-T1	NaN	NaN	NaN	NaN	NaN	NaN	NaN	NaN	GF00000010	Rhodotorula_mucilaginosa_TFCN_17-0-2E337-3.cds.fa_09983	Rhodotorula_mucilaginosa_TFCN_17-0-2E337-3.cds.fa_06970	NaN	NaN	NaN	NaN	NaN	NaN	NaN	NaN	TFCN1702E3373_010104-T1	TFCN1702E3373_007055-T1
TFCN1702E3373_000337-T1__TFCN1702E3373_010104-T1	NaN	NaN	NaN	NaN	NaN	NaN	NaN	NaN	GF00000010	Rhodotorula_mucilaginosa_TFCN_17-0-2E337-3.cds.fa_09983	Rhodotorula_mucilaginosa_TFCN_17-0-2E337-3.cds.fa_00333	NaN	NaN	NaN	NaN	NaN	NaN	NaN	NaN	TFCN1702E3373_010104-T1	TFCN1702E3373_000337-T1
TFCN1702E3373_000866-T1__TFCN1702E3373_010104-T1	NaN	NaN	NaN	NaN	NaN	NaN	NaN	NaN	GF00000010	Rhodotorula_mucilaginosa_TFCN_17-0-2E337-3.cds.fa_09983	Rhodotorula_mucilaginosa_TFCN_17-0-2E337-3.cds.fa_00860	NaN	NaN	NaN	NaN	NaN	NaN	NaN	NaN	TFCN1702E3373_010104-T1	TFCN1702E3373_000866-T1
TFCN1702E3373_002651-T1__TFCN1702E3373_010104-T1	NaN	NaN	NaN	NaN	NaN	NaN	NaN	NaN	GF00000010	Rhodotorula_mucilaginosa_TFCN_17-0-2E337-3.cds.fa_09983	Rhodotorula_mucilaginosa_TFCN_17-0-2E337-3.cds.fa_02621	NaN	NaN	NaN	NaN	NaN	NaN	NaN	NaN	TFCN1702E3373_010104-T1	TFCN1702E3373_002651-T1
TFCN1702E3373_010104-T1__TFCN1702E3373_014566-T1	NaN	NaN	NaN	NaN	NaN	NaN	NaN	NaN	GF00000010	Rhodotorula_mucilaginosa_TFCN_17-0-2E337-3.cds.fa_09983	Rhodotorula_mucilaginosa_TFCN_17-0-2E337-3.cds.fa_14350	NaN	NaN	NaN	NaN	NaN	NaN	NaN	NaN	TFCN1702E3373_010104-T1	TFCN1702E3373_014566-T1
TFCN1702E3373_010104-T1__TFCN1702E3373_012495-T1	NaN	NaN	NaN	NaN	NaN	NaN	NaN	NaN	GF00000010	Rhodotorula_mucilaginosa_TFCN_17-0-2E337-3.cds.fa_09983	Rhodotorula_mucilaginosa_TFCN_17-0-2E337-3.cds.fa_12329	NaN	NaN	NaN	NaN	NaN	NaN	NaN	NaN	TFCN1702E3373_010104-T1	TFCN1702E3373_012495-T1
TFCN1702E3373_004433-T1__TFCN1702E3373_010104-T1	NaN	NaN	NaN	NaN	NaN	NaN	NaN	NaN	GF00000010	Rhodotorula_mucilaginosa_TFCN_17-0-2E337-3.cds.fa_09983	Rhodotorula_mucilaginosa_TFCN_17-0-2E337-3.cds.fa_04377	NaN	NaN	NaN	NaN	NaN	NaN	NaN	NaN	TFCN1702E3373_010104-T1	TFCN1702E3373_004433-T1
TFCN1702E3373_010104-T1__TFCN1702E3373_010406-T1	NaN	NaN	NaN	NaN	NaN	NaN	NaN	NaN	GF00000010	Rhodotorula_mucilaginosa_TFCN_17-0-2E337-3.cds.fa_09983	Rhodotorula_mucilaginosa_TFCN_17-0-2E337-3.cds.fa_10282	NaN	NaN	NaN	NaN	NaN	NaN	NaN	NaN	TFCN1702E3373_010104-T1	TFCN1702E3373_010406-T1
TFCN1702E3373_010104-T1__TFCN1702E3373_011896-T1	NaN	NaN	NaN	NaN	NaN	NaN	NaN	NaN	GF00000010	Rhodotorula_mucilaginosa_TFCN_17-0-2E337-3.cds.fa_09983	Rhodotorula_mucilaginosa_TFCN_17-0-2E337-3.cds.fa_11741	NaN	NaN	NaN	NaN	NaN	NaN	NaN	NaN	TFCN1702E3373_010104-T1	TFCN1702E3373_011896-T1
TFCN1702E3373_010104-T1__TFCN1702E3373_012426-T1	NaN	NaN	NaN	NaN	NaN	NaN	NaN	NaN	GF00000010	Rhodotorula_mucilaginosa_TFCN_17-0-2E337-3.cds.fa_09983	Rhodotorula_mucilaginosa_TFCN_17-0-2E337-3.cds.fa_12260	NaN	NaN	NaN	NaN	NaN	NaN	NaN	NaN	TFCN1702E3373_010104-T1	TFCN1702E3373_012426-T1
TFCN1702E3373_010104-T1__TFCN1702E3373_011897-T1	NaN	NaN	NaN	NaN	NaN	NaN	NaN	NaN	GF00000010	Rhodotorula_mucilaginosa_TFCN_17-0-2E337-3.cds.fa_09983	Rhodotorula_mucilaginosa_TFCN_17-0-2E337-3.cds.fa_11742	NaN	NaN	NaN	NaN	NaN	NaN	NaN	NaN	TFCN1702E3373_010104-T1	TFCN1702E3373_011897-T1
TFCN1702E3373_003905-T1__TFCN1702E3373_004652-T1	NaN	NaN	NaN	NaN	NaN	NaN	NaN	NaN	GF00000010	Rhodotorula_mucilaginosa_TFCN_17-0-2E337-3.cds.fa_03852	Rhodotorula_mucilaginosa_TFCN_17-0-2E337-3.cds.fa_04594	NaN	NaN	NaN	NaN	NaN	NaN	NaN	NaN	TFCN1702E3373_003905-T1	TFCN1702E3373_004652-T1
TFCN1702E3373_003905-T1__TFCN1702E3373_006107-T1	NaN	NaN	NaN	NaN	NaN	NaN	NaN	NaN	GF00000010	Rhodotorula_mucilaginosa_TFCN_17-0-2E337-3.cds.fa_03852	Rhodotorula_mucilaginosa_TFCN_17-0-2E337-3.cds.fa_06038	NaN	NaN	NaN	NaN	NaN	NaN	NaN	NaN	TFCN1702E3373_003905-T1	TFCN1702E3373_006107-T1
TFCN1702E3373_001482-T1__TFCN1702E3373_003905-T1	NaN	NaN	NaN	NaN	NaN	NaN	NaN	NaN	GF00000010	Rhodotorula_mucilaginosa_TFCN_17-0-2E337-3.cds.fa_03852	Rhodotorula_mucilaginosa_TFCN_17-0-2E337-3.cds.fa_01472	NaN	NaN	NaN	NaN	NaN	NaN	NaN	NaN	TFCN1702E3373_003905-T1	TFCN1702E3373_001482-T1
TFCN1702E3373_003905-T1__TFCN1702E3373_007055-T1	NaN	NaN	NaN	NaN	NaN	NaN	NaN	NaN	GF00000010	Rhodotorula_mucilaginosa_TFCN_17-0-2E337-3.cds.fa_03852	Rhodotorula_mucilaginosa_TFCN_17-0-2E337-3.cds.fa_06970	NaN	NaN	NaN	NaN	NaN	NaN	NaN	NaN	TFCN1702E3373_003905-T1	TFCN1702E3373_007055-T1
TFCN1702E3373_000337-T1__TFCN1702E3373_003905-T1	NaN	NaN	NaN	NaN	NaN	NaN	NaN	NaN	GF00000010	Rhodotorula_mucilaginosa_TFCN_17-0-2E337-3.cds.fa_03852	Rhodotorula_mucilaginosa_TFCN_17-0-2E337-3.cds.fa_00333	NaN	NaN	NaN	NaN	NaN	NaN	NaN	NaN	TFCN1702E3373_003905-T1	TFCN1702E3373_000337-T1
TFCN1702E3373_000866-T1__TFCN1702E3373_003905-T1	NaN	NaN	NaN	NaN	NaN	NaN	NaN	NaN	GF00000010	Rhodotorula_mucilaginosa_TFCN_17-0-2E337-3.cds.fa_03852	Rhodotorula_mucilaginosa_TFCN_17-0-2E337-3.cds.fa_00860	NaN	NaN	NaN	NaN	NaN	NaN	NaN	NaN	TFCN1702E3373_003905-T1	TFCN1702E3373_000866-T1
TFCN1702E3373_002651-T1__TFCN1702E3373_003905-T1	NaN	NaN	NaN	NaN	NaN	NaN	NaN	NaN	GF00000010	Rhodotorula_mucilaginosa_TFCN_17-0-2E337-3.cds.fa_03852	Rhodotorula_mucilaginosa_TFCN_17-0-2E337-3.cds.fa_02621	NaN	NaN	NaN	NaN	NaN	NaN	NaN	NaN	TFCN1702E3373_003905-T1	TFCN1702E3373_002651-T1
TFCN1702E3373_003905-T1__TFCN1702E3373_014566-T1	NaN	NaN	NaN	NaN	NaN	NaN	NaN	NaN	GF00000010	Rhodotorula_mucilaginosa_TFCN_17-0-2E337-3.cds.fa_03852	Rhodotorula_mucilaginosa_TFCN_17-0-2E337-3.cds.fa_14350	NaN	NaN	NaN	NaN	NaN	NaN	NaN	NaN	TFCN1702E3373_003905-T1	TFCN1702E3373_014566-T1
TFCN1702E3373_003905-T1__TFCN1702E3373_012495-T1	NaN	NaN	NaN	NaN	NaN	NaN	NaN	NaN	GF00000010	Rhodotorula_mucilaginosa_TFCN_17-0-2E337-3.cds.fa_03852	Rhodotorula_mucilaginosa_TFCN_17-0-2E337-3.cds.fa_12329	NaN	NaN	NaN	NaN	NaN	NaN	NaN	NaN	TFCN1702E3373_003905-T1	TFCN1702E3373_012495-T1
TFCN1702E3373_003905-T1__TFCN1702E3373_004433-T1	NaN	NaN	NaN	NaN	NaN	NaN	NaN	NaN	GF00000010	Rhodotorula_mucilaginosa_TFCN_17-0-2E337-3.cds.fa_03852	Rhodotorula_mucilaginosa_TFCN_17-0-2E337-3.cds.fa_04377	NaN	NaN	NaN	NaN	NaN	NaN	NaN	NaN	TFCN1702E3373_003905-T1	TFCN1702E3373_004433-T1
TFCN1702E3373_003905-T1__TFCN1702E3373_010406-T1	NaN	NaN	NaN	NaN	NaN	NaN	NaN	NaN	GF00000010	Rhodotorula_mucilaginosa_TFCN_17-0-2E337-3.cds.fa_03852	Rhodotorula_mucilaginosa_TFCN_17-0-2E337-3.cds.fa_10282	NaN	NaN	NaN	NaN	NaN	NaN	NaN	NaN	TFCN1702E3373_003905-T1	TFCN1702E3373_010406-T1
TFCN1702E3373_003905-T1__TFCN1702E3373_011896-T1	NaN	NaN	NaN	NaN	NaN	NaN	NaN	NaN	GF00000010	Rhodotorula_mucilaginosa_TFCN_17-0-2E337-3.cds.fa_03852	Rhodotorula_mucilaginosa_TFCN_17-0-2E337-3.cds.fa_11741	NaN	NaN	NaN	NaN	NaN	NaN	NaN	NaN	TFCN1702E3373_003905-T1	TFCN1702E3373_011896-T1
TFCN1702E3373_003905-T1__TFCN1702E3373_012426-T1	NaN	NaN	NaN	NaN	NaN	NaN	NaN	NaN	GF00000010	Rhodotorula_mucilaginosa_TFCN_17-0-2E337-3.cds.fa_03852	Rhodotorula_mucilaginosa_TFCN_17-0-2E337-3.cds.fa_12260	NaN	NaN	NaN	NaN	NaN	NaN	NaN	NaN	TFCN1702E3373_003905-T1	TFCN1702E3373_012426-T1
TFCN1702E3373_003905-T1__TFCN1702E3373_011897-T1	NaN	NaN	NaN	NaN	NaN	NaN	NaN	NaN	GF00000010	Rhodotorula_mucilaginosa_TFCN_17-0-2E337-3.cds.fa_03852	Rhodotorula_mucilaginosa_TFCN_17-0-2E337-3.cds.fa_11742	NaN	NaN	NaN	NaN	NaN	NaN	NaN	NaN	TFCN1702E3373_003905-T1	TFCN1702E3373_011897-T1
TFCN1702E3373_004652-T1__TFCN1702E3373_006107-T1	NaN	NaN	NaN	NaN	NaN	NaN	NaN	NaN	GF00000010	Rhodotorula_mucilaginosa_TFCN_17-0-2E337-3.cds.fa_04594	Rhodotorula_mucilaginosa_TFCN_17-0-2E337-3.cds.fa_06038	NaN	NaN	NaN	NaN	NaN	NaN	NaN	NaN	TFCN1702E3373_004652-T1	TFCN1702E3373_006107-T1
TFCN1702E3373_001482-T1__TFCN1702E3373_004652-T1	NaN	NaN	NaN	NaN	NaN	NaN	NaN	NaN	GF00000010	Rhodotorula_mucilaginosa_TFCN_17-0-2E337-3.cds.fa_04594	Rhodotorula_mucilaginosa_TFCN_17-0-2E337-3.cds.fa_01472	NaN	NaN	NaN	NaN	NaN	NaN	NaN	NaN	TFCN1702E3373_004652-T1	TFCN1702E3373_001482-T1
TFCN1702E3373_004652-T1__TFCN1702E3373_007055-T1	NaN	NaN	NaN	NaN	NaN	NaN	NaN	NaN	GF00000010	Rhodotorula_mucilaginosa_TFCN_17-0-2E337-3.cds.fa_04594	Rhodotorula_mucilaginosa_TFCN_17-0-2E337-3.cds.fa_06970	NaN	NaN	NaN	NaN	NaN	NaN	NaN	NaN	TFCN1702E3373_004652-T1	TFCN1702E3373_007055-T1
TFCN1702E3373_000337-T1__TFCN1702E3373_004652-T1	NaN	NaN	NaN	NaN	NaN	NaN	NaN	NaN	GF00000010	Rhodotorula_mucilaginosa_TFCN_17-0-2E337-3.cds.fa_04594	Rhodotorula_mucilaginosa_TFCN_17-0-2E337-3.cds.fa_00333	NaN	NaN	NaN	NaN	NaN	NaN	NaN	NaN	TFCN1702E3373_004652-T1	TFCN1702E3373_000337-T1
TFCN1702E3373_000866-T1__TFCN1702E3373_004652-T1	NaN	NaN	NaN	NaN	NaN	NaN	NaN	NaN	GF00000010	Rhodotorula_mucilaginosa_TFCN_17-0-2E337-3.cds.fa_04594	Rhodotorula_mucilaginosa_TFCN_17-0-2E337-3.cds.fa_00860	NaN	NaN	NaN	NaN	NaN	NaN	NaN	NaN	TFCN1702E3373_004652-T1	TFCN1702E3373_000866-T1
TFCN1702E3373_002651-T1__TFCN1702E3373_004652-T1	NaN	NaN	NaN	NaN	NaN	NaN	NaN	NaN	GF00000010	Rhodotorula_mucilaginosa_TFCN_17-0-2E337-3.cds.fa_04594	Rhodotorula_mucilaginosa_TFCN_17-0-2E337-3.cds.fa_02621	NaN	NaN	NaN	NaN	NaN	NaN	NaN	NaN	TFCN1702E3373_004652-T1	TFCN1702E3373_002651-T1
TFCN1702E3373_004652-T1__TFCN1702E3373_014566-T1	NaN	NaN	NaN	NaN	NaN	NaN	NaN	NaN	GF00000010	Rhodotorula_mucilaginosa_TFCN_17-0-2E337-3.cds.fa_04594	Rhodotorula_mucilaginosa_TFCN_17-0-2E337-3.cds.fa_14350	NaN	NaN	NaN	NaN	NaN	NaN	NaN	NaN	TFCN1702E3373_004652-T1	TFCN1702E3373_014566-T1
TFCN1702E3373_004652-T1__TFCN1702E3373_012495-T1	NaN	NaN	NaN	NaN	NaN	NaN	NaN	NaN	GF00000010	Rhodotorula_mucilaginosa_TFCN_17-0-2E337-3.cds.fa_04594	Rhodotorula_mucilaginosa_TFCN_17-0-2E337-3.cds.fa_12329	NaN	NaN	NaN	NaN	NaN	NaN	NaN	NaN	TFCN1702E3373_004652-T1	TFCN1702E3373_012495-T1
TFCN1702E3373_004433-T1__TFCN1702E3373_004652-T1	NaN	NaN	NaN	NaN	NaN	NaN	NaN	NaN	GF00000010	Rhodotorula_mucilaginosa_TFCN_17-0-2E337-3.cds.fa_04594	Rhodotorula_mucilaginosa_TFCN_17-0-2E337-3.cds.fa_04377	NaN	NaN	NaN	NaN	NaN	NaN	NaN	NaN	TFCN1702E3373_004652-T1	TFCN1702E3373_004433-T1
TFCN1702E3373_004652-T1__TFCN1702E3373_010406-T1	NaN	NaN	NaN	NaN	NaN	NaN	NaN	NaN	GF00000010	Rhodotorula_mucilaginosa_TFCN_17-0-2E337-3.cds.fa_04594	Rhodotorula_mucilaginosa_TFCN_17-0-2E337-3.cds.fa_10282	NaN	NaN	NaN	NaN	NaN	NaN	NaN	NaN	TFCN1702E3373_004652-T1	TFCN1702E3373_010406-T1
TFCN1702E3373_004652-T1__TFCN1702E3373_011896-T1	NaN	NaN	NaN	NaN	NaN	NaN	NaN	NaN	GF00000010	Rhodotorula_mucilaginosa_TFCN_17-0-2E337-3.cds.fa_04594	Rhodotorula_mucilaginosa_TFCN_17-0-2E337-3.cds.fa_11741	NaN	NaN	NaN	NaN	NaN	NaN	NaN	NaN	TFCN1702E3373_004652-T1	TFCN1702E3373_011896-T1
TFCN1702E3373_004652-T1__TFCN1702E3373_012426-T1	NaN	NaN	NaN	NaN	NaN	NaN	NaN	NaN	GF00000010	Rhodotorula_mucilaginosa_TFCN_17-0-2E337-3.cds.fa_04594	Rhodotorula_mucilaginosa_TFCN_17-0-2E337-3.cds.fa_12260	NaN	NaN	NaN	NaN	NaN	NaN	NaN	NaN	TFCN1702E3373_004652-T1	TFCN1702E3373_012426-T1
TFCN1702E3373_004652-T1__TFCN1702E3373_011897-T1	NaN	NaN	NaN	NaN	NaN	NaN	NaN	NaN	GF00000010	Rhodotorula_mucilaginosa_TFCN_17-0-2E337-3.cds.fa_04594	Rhodotorula_mucilaginosa_TFCN_17-0-2E337-3.cds.fa_11742	NaN	NaN	NaN	NaN	NaN	NaN	NaN	NaN	TFCN1702E3373_004652-T1	TFCN1702E3373_011897-T1
TFCN1702E3373_001482-T1__TFCN1702E3373_006107-T1	NaN	NaN	NaN	NaN	NaN	NaN	NaN	NaN	GF00000010	Rhodotorula_mucilaginosa_TFCN_17-0-2E337-3.cds.fa_06038	Rhodotorula_mucilaginosa_TFCN_17-0-2E337-3.cds.fa_01472	NaN	NaN	NaN	NaN	NaN	NaN	NaN	NaN	TFCN1702E3373_006107-T1	TFCN1702E3373_001482-T1
TFCN1702E3373_006107-T1__TFCN1702E3373_007055-T1	NaN	NaN	NaN	NaN	NaN	NaN	NaN	NaN	GF00000010	Rhodotorula_mucilaginosa_TFCN_17-0-2E337-3.cds.fa_06038	Rhodotorula_mucilaginosa_TFCN_17-0-2E337-3.cds.fa_06970	NaN	NaN	NaN	NaN	NaN	NaN	NaN	NaN	TFCN1702E3373_006107-T1	TFCN1702E3373_007055-T1
TFCN1702E3373_000337-T1__TFCN1702E3373_006107-T1	NaN	NaN	NaN	NaN	NaN	NaN	NaN	NaN	GF00000010	Rhodotorula_mucilaginosa_TFCN_17-0-2E337-3.cds.fa_06038	Rhodotorula_mucilaginosa_TFCN_17-0-2E337-3.cds.fa_00333	NaN	NaN	NaN	NaN	NaN	NaN	NaN	NaN	TFCN1702E3373_006107-T1	TFCN1702E3373_000337-T1
TFCN1702E3373_000866-T1__TFCN1702E3373_006107-T1	NaN	NaN	NaN	NaN	NaN	NaN	NaN	NaN	GF00000010	Rhodotorula_mucilaginosa_TFCN_17-0-2E337-3.cds.fa_06038	Rhodotorula_mucilaginosa_TFCN_17-0-2E337-3.cds.fa_00860	NaN	NaN	NaN	NaN	NaN	NaN	NaN	NaN	TFCN1702E3373_006107-T1	TFCN1702E3373_000866-T1
TFCN1702E3373_002651-T1__TFCN1702E3373_006107-T1	NaN	NaN	NaN	NaN	NaN	NaN	NaN	NaN	GF00000010	Rhodotorula_mucilaginosa_TFCN_17-0-2E337-3.cds.fa_06038	Rhodotorula_mucilaginosa_TFCN_17-0-2E337-3.cds.fa_02621	NaN	NaN	NaN	NaN	NaN	NaN	NaN	NaN	TFCN1702E3373_006107-T1	TFCN1702E3373_002651-T1
TFCN1702E3373_006107-T1__TFCN1702E3373_014566-T1	NaN	NaN	NaN	NaN	NaN	NaN	NaN	NaN	GF00000010	Rhodotorula_mucilaginosa_TFCN_17-0-2E337-3.cds.fa_06038	Rhodotorula_mucilaginosa_TFCN_17-0-2E337-3.cds.fa_14350	NaN	NaN	NaN	NaN	NaN	NaN	NaN	NaN	TFCN1702E3373_006107-T1	TFCN1702E3373_014566-T1
TFCN1702E3373_006107-T1__TFCN1702E3373_012495-T1	NaN	NaN	NaN	NaN	NaN	NaN	NaN	NaN	GF00000010	Rhodotorula_mucilaginosa_TFCN_17-0-2E337-3.cds.fa_06038	Rhodotorula_mucilaginosa_TFCN_17-0-2E337-3.cds.fa_12329	NaN	NaN	NaN	NaN	NaN	NaN	NaN	NaN	TFCN1702E3373_006107-T1	TFCN1702E3373_012495-T1
TFCN1702E3373_004433-T1__TFCN1702E3373_006107-T1	NaN	NaN	NaN	NaN	NaN	NaN	NaN	NaN	GF00000010	Rhodotorula_mucilaginosa_TFCN_17-0-2E337-3.cds.fa_06038	Rhodotorula_mucilaginosa_TFCN_17-0-2E337-3.cds.fa_04377	NaN	NaN	NaN	NaN	NaN	NaN	NaN	NaN	TFCN1702E3373_006107-T1	TFCN1702E3373_004433-T1
TFCN1702E3373_006107-T1__TFCN1702E3373_010406-T1	NaN	NaN	NaN	NaN	NaN	NaN	NaN	NaN	GF00000010	Rhodotorula_mucilaginosa_TFCN_17-0-2E337-3.cds.fa_06038	Rhodotorula_mucilaginosa_TFCN_17-0-2E337-3.cds.fa_10282	NaN	NaN	NaN	NaN	NaN	NaN	NaN	NaN	TFCN1702E3373_006107-T1	TFCN1702E3373_010406-T1
TFCN1702E3373_006107-T1__TFCN1702E3373_011896-T1	NaN	NaN	NaN	NaN	NaN	NaN	NaN	NaN	GF00000010	Rhodotorula_mucilaginosa_TFCN_17-0-2E337-3.cds.fa_06038	Rhodotorula_mucilaginosa_TFCN_17-0-2E337-3.cds.fa_11741	NaN	NaN	NaN	NaN	NaN	NaN	NaN	NaN	TFCN1702E3373_006107-T1	TFCN1702E3373_011896-T1
TFCN1702E3373_006107-T1__TFCN1702E3373_012426-T1	NaN	NaN	NaN	NaN	NaN	NaN	NaN	NaN	GF00000010	Rhodotorula_mucilaginosa_TFCN_17-0-2E337-3.cds.fa_06038	Rhodotorula_mucilaginosa_TFCN_17-0-2E337-3.cds.fa_12260	NaN	NaN	NaN	NaN	NaN	NaN	NaN	NaN	TFCN1702E3373_006107-T1	TFCN1702E3373_012426-T1
TFCN1702E3373_006107-T1__TFCN1702E3373_011897-T1	NaN	NaN	NaN	NaN	NaN	NaN	NaN	NaN	GF00000010	Rhodotorula_mucilaginosa_TFCN_17-0-2E337-3.cds.fa_06038	Rhodotorula_mucilaginosa_TFCN_17-0-2E337-3.cds.fa_11742	NaN	NaN	NaN	NaN	NaN	NaN	NaN	NaN	TFCN1702E3373_006107-T1	TFCN1702E3373_011897-T1
TFCN1702E3373_001482-T1__TFCN1702E3373_007055-T1	NaN	NaN	NaN	NaN	NaN	NaN	NaN	NaN	GF00000010	Rhodotorula_mucilaginosa_TFCN_17-0-2E337-3.cds.fa_01472	Rhodotorula_mucilaginosa_TFCN_17-0-2E337-3.cds.fa_06970	NaN	NaN	NaN	NaN	NaN	NaN	NaN	NaN	TFCN1702E3373_001482-T1	TFCN1702E3373_007055-T1
TFCN1702E3373_000337-T1__TFCN1702E3373_001482-T1	NaN	NaN	NaN	NaN	NaN	NaN	NaN	NaN	GF00000010	Rhodotorula_mucilaginosa_TFCN_17-0-2E337-3.cds.fa_01472	Rhodotorula_mucilaginosa_TFCN_17-0-2E337-3.cds.fa_00333	NaN	NaN	NaN	NaN	NaN	NaN	NaN	NaN	TFCN1702E3373_001482-T1	TFCN1702E3373_000337-T1
TFCN1702E3373_000866-T1__TFCN1702E3373_001482-T1	NaN	NaN	NaN	NaN	NaN	NaN	NaN	NaN	GF00000010	Rhodotorula_mucilaginosa_TFCN_17-0-2E337-3.cds.fa_01472	Rhodotorula_mucilaginosa_TFCN_17-0-2E337-3.cds.fa_00860	NaN	NaN	NaN	NaN	NaN	NaN	NaN	NaN	TFCN1702E3373_001482-T1	TFCN1702E3373_000866-T1
TFCN1702E3373_001482-T1__TFCN1702E3373_002651-T1	NaN	NaN	NaN	NaN	NaN	NaN	NaN	NaN	GF00000010	Rhodotorula_mucilaginosa_TFCN_17-0-2E337-3.cds.fa_01472	Rhodotorula_mucilaginosa_TFCN_17-0-2E337-3.cds.fa_02621	NaN	NaN	NaN	NaN	NaN	NaN	NaN	NaN	TFCN1702E3373_001482-T1	TFCN1702E3373_002651-T1
TFCN1702E3373_001482-T1__TFCN1702E3373_014566-T1	NaN	NaN	NaN	NaN	NaN	NaN	NaN	NaN	GF00000010	Rhodotorula_mucilaginosa_TFCN_17-0-2E337-3.cds.fa_01472	Rhodotorula_mucilaginosa_TFCN_17-0-2E337-3.cds.fa_14350	NaN	NaN	NaN	NaN	NaN	NaN	NaN	NaN	TFCN1702E3373_001482-T1	TFCN1702E3373_014566-T1
TFCN1702E3373_001482-T1__TFCN1702E3373_012495-T1	NaN	NaN	NaN	NaN	NaN	NaN	NaN	NaN	GF00000010	Rhodotorula_mucilaginosa_TFCN_17-0-2E337-3.cds.fa_01472	Rhodotorula_mucilaginosa_TFCN_17-0-2E337-3.cds.fa_12329	NaN	NaN	NaN	NaN	NaN	NaN	NaN	NaN	TFCN1702E3373_001482-T1	TFCN1702E3373_012495-T1
TFCN1702E3373_001482-T1__TFCN1702E3373_004433-T1	NaN	NaN	NaN	NaN	NaN	NaN	NaN	NaN	GF00000010	Rhodotorula_mucilaginosa_TFCN_17-0-2E337-3.cds.fa_01472	Rhodotorula_mucilaginosa_TFCN_17-0-2E337-3.cds.fa_04377	NaN	NaN	NaN	NaN	NaN	NaN	NaN	NaN	TFCN1702E3373_001482-T1	TFCN1702E3373_004433-T1
TFCN1702E3373_001482-T1__TFCN1702E3373_010406-T1	NaN	NaN	NaN	NaN	NaN	NaN	NaN	NaN	GF00000010	Rhodotorula_mucilaginosa_TFCN_17-0-2E337-3.cds.fa_01472	Rhodotorula_mucilaginosa_TFCN_17-0-2E337-3.cds.fa_10282	NaN	NaN	NaN	NaN	NaN	NaN	NaN	NaN	TFCN1702E3373_001482-T1	TFCN1702E3373_010406-T1
TFCN1702E3373_001482-T1__TFCN1702E3373_011896-T1	NaN	NaN	NaN	NaN	NaN	NaN	NaN	NaN	GF00000010	Rhodotorula_mucilaginosa_TFCN_17-0-2E337-3.cds.fa_01472	Rhodotorula_mucilaginosa_TFCN_17-0-2E337-3.cds.fa_11741	NaN	NaN	NaN	NaN	NaN	NaN	NaN	NaN	TFCN1702E3373_001482-T1	TFCN1702E3373_011896-T1
TFCN1702E3373_001482-T1__TFCN1702E3373_012426-T1	NaN	NaN	NaN	NaN	NaN	NaN	NaN	NaN	GF00000010	Rhodotorula_mucilaginosa_TFCN_17-0-2E337-3.cds.fa_01472	Rhodotorula_mucilaginosa_TFCN_17-0-2E337-3.cds.fa_12260	NaN	NaN	NaN	NaN	NaN	NaN	NaN	NaN	TFCN1702E3373_001482-T1	TFCN1702E3373_012426-T1
TFCN1702E3373_001482-T1__TFCN1702E3373_011897-T1	NaN	NaN	NaN	NaN	NaN	NaN	NaN	NaN	GF00000010	Rhodotorula_mucilaginosa_TFCN_17-0-2E337-3.cds.fa_01472	Rhodotorula_mucilaginosa_TFCN_17-0-2E337-3.cds.fa_11742	NaN	NaN	NaN	NaN	NaN	NaN	NaN	NaN	TFCN1702E3373_001482-T1	TFCN1702E3373_011897-T1
TFCN1702E3373_000337-T1__TFCN1702E3373_007055-T1	NaN	NaN	NaN	NaN	NaN	NaN	NaN	NaN	GF00000010	Rhodotorula_mucilaginosa_TFCN_17-0-2E337-3.cds.fa_06970	Rhodotorula_mucilaginosa_TFCN_17-0-2E337-3.cds.fa_00333	NaN	NaN	NaN	NaN	NaN	NaN	NaN	NaN	TFCN1702E3373_007055-T1	TFCN1702E3373_000337-T1
TFCN1702E3373_000866-T1__TFCN1702E3373_007055-T1	NaN	NaN	NaN	NaN	NaN	NaN	NaN	NaN	GF00000010	Rhodotorula_mucilaginosa_TFCN_17-0-2E337-3.cds.fa_06970	Rhodotorula_mucilaginosa_TFCN_17-0-2E337-3.cds.fa_00860	NaN	NaN	NaN	NaN	NaN	NaN	NaN	NaN	TFCN1702E3373_007055-T1	TFCN1702E3373_000866-T1
TFCN1702E3373_002651-T1__TFCN1702E3373_007055-T1	NaN	NaN	NaN	NaN	NaN	NaN	NaN	NaN	GF00000010	Rhodotorula_mucilaginosa_TFCN_17-0-2E337-3.cds.fa_06970	Rhodotorula_mucilaginosa_TFCN_17-0-2E337-3.cds.fa_02621	NaN	NaN	NaN	NaN	NaN	NaN	NaN	NaN	TFCN1702E3373_007055-T1	TFCN1702E3373_002651-T1
TFCN1702E3373_007055-T1__TFCN1702E3373_014566-T1	NaN	NaN	NaN	NaN	NaN	NaN	NaN	NaN	GF00000010	Rhodotorula_mucilaginosa_TFCN_17-0-2E337-3.cds.fa_06970	Rhodotorula_mucilaginosa_TFCN_17-0-2E337-3.cds.fa_14350	NaN	NaN	NaN	NaN	NaN	NaN	NaN	NaN	TFCN1702E3373_007055-T1	TFCN1702E3373_014566-T1
TFCN1702E3373_007055-T1__TFCN1702E3373_012495-T1	NaN	NaN	NaN	NaN	NaN	NaN	NaN	NaN	GF00000010	Rhodotorula_mucilaginosa_TFCN_17-0-2E337-3.cds.fa_06970	Rhodotorula_mucilaginosa_TFCN_17-0-2E337-3.cds.fa_12329	NaN	NaN	NaN	NaN	NaN	NaN	NaN	NaN	TFCN1702E3373_007055-T1	TFCN1702E3373_012495-T1
TFCN1702E3373_004433-T1__TFCN1702E3373_007055-T1	NaN	NaN	NaN	NaN	NaN	NaN	NaN	NaN	GF00000010	Rhodotorula_mucilaginosa_TFCN_17-0-2E337-3.cds.fa_06970	Rhodotorula_mucilaginosa_TFCN_17-0-2E337-3.cds.fa_04377	NaN	NaN	NaN	NaN	NaN	NaN	NaN	NaN	TFCN1702E3373_007055-T1	TFCN1702E3373_004433-T1
TFCN1702E3373_007055-T1__TFCN1702E3373_010406-T1	NaN	NaN	NaN	NaN	NaN	NaN	NaN	NaN	GF00000010	Rhodotorula_mucilaginosa_TFCN_17-0-2E337-3.cds.fa_06970	Rhodotorula_mucilaginosa_TFCN_17-0-2E337-3.cds.fa_10282	NaN	NaN	NaN	NaN	NaN	NaN	NaN	NaN	TFCN1702E3373_007055-T1	TFCN1702E3373_010406-T1
TFCN1702E3373_007055-T1__TFCN1702E3373_011896-T1	NaN	NaN	NaN	NaN	NaN	NaN	NaN	NaN	GF00000010	Rhodotorula_mucilaginosa_TFCN_17-0-2E337-3.cds.fa_06970	Rhodotorula_mucilaginosa_TFCN_17-0-2E337-3.cds.fa_11741	NaN	NaN	NaN	NaN	NaN	NaN	NaN	NaN	TFCN1702E3373_007055-T1	TFCN1702E3373_011896-T1
TFCN1702E3373_007055-T1__TFCN1702E3373_012426-T1	NaN	NaN	NaN	NaN	NaN	NaN	NaN	NaN	GF00000010	Rhodotorula_mucilaginosa_TFCN_17-0-2E337-3.cds.fa_06970	Rhodotorula_mucilaginosa_TFCN_17-0-2E337-3.cds.fa_12260	NaN	NaN	NaN	NaN	NaN	NaN	NaN	NaN	TFCN1702E3373_007055-T1	TFCN1702E3373_012426-T1
TFCN1702E3373_007055-T1__TFCN1702E3373_011897-T1	NaN	NaN	NaN	NaN	NaN	NaN	NaN	NaN	GF00000010	Rhodotorula_mucilaginosa_TFCN_17-0-2E337-3.cds.fa_06970	Rhodotorula_mucilaginosa_TFCN_17-0-2E337-3.cds.fa_11742	NaN	NaN	NaN	NaN	NaN	NaN	NaN	NaN	TFCN1702E3373_007055-T1	TFCN1702E3373_011897-T1
TFCN1702E3373_000337-T1__TFCN1702E3373_000866-T1	NaN	NaN	NaN	NaN	NaN	NaN	NaN	NaN	GF00000010	Rhodotorula_mucilaginosa_TFCN_17-0-2E337-3.cds.fa_00333	Rhodotorula_mucilaginosa_TFCN_17-0-2E337-3.cds.fa_00860	NaN	NaN	NaN	NaN	NaN	NaN	NaN	NaN	TFCN1702E3373_000337-T1	TFCN1702E3373_000866-T1
TFCN1702E3373_000337-T1__TFCN1702E3373_002651-T1	NaN	NaN	NaN	NaN	NaN	NaN	NaN	NaN	GF00000010	Rhodotorula_mucilaginosa_TFCN_17-0-2E337-3.cds.fa_00333	Rhodotorula_mucilaginosa_TFCN_17-0-2E337-3.cds.fa_02621	NaN	NaN	NaN	NaN	NaN	NaN	NaN	NaN	TFCN1702E3373_000337-T1	TFCN1702E3373_002651-T1
TFCN1702E3373_000337-T1__TFCN1702E3373_014566-T1	NaN	NaN	NaN	NaN	NaN	NaN	NaN	NaN	GF00000010	Rhodotorula_mucilaginosa_TFCN_17-0-2E337-3.cds.fa_00333	Rhodotorula_mucilaginosa_TFCN_17-0-2E337-3.cds.fa_14350	NaN	NaN	NaN	NaN	NaN	NaN	NaN	NaN	TFCN1702E3373_000337-T1	TFCN1702E3373_014566-T1
TFCN1702E3373_000337-T1__TFCN1702E3373_012495-T1	NaN	NaN	NaN	NaN	NaN	NaN	NaN	NaN	GF00000010	Rhodotorula_mucilaginosa_TFCN_17-0-2E337-3.cds.fa_00333	Rhodotorula_mucilaginosa_TFCN_17-0-2E337-3.cds.fa_12329	NaN	NaN	NaN	NaN	NaN	NaN	NaN	NaN	TFCN1702E3373_000337-T1	TFCN1702E3373_012495-T1
TFCN1702E3373_000337-T1__TFCN1702E3373_004433-T1	NaN	NaN	NaN	NaN	NaN	NaN	NaN	NaN	GF00000010	Rhodotorula_mucilaginosa_TFCN_17-0-2E337-3.cds.fa_00333	Rhodotorula_mucilaginosa_TFCN_17-0-2E337-3.cds.fa_04377	NaN	NaN	NaN	NaN	NaN	NaN	NaN	NaN	TFCN1702E3373_000337-T1	TFCN1702E3373_004433-T1
TFCN1702E3373_000337-T1__TFCN1702E3373_010406-T1	NaN	NaN	NaN	NaN	NaN	NaN	NaN	NaN	GF00000010	Rhodotorula_mucilaginosa_TFCN_17-0-2E337-3.cds.fa_00333	Rhodotorula_mucilaginosa_TFCN_17-0-2E337-3.cds.fa_10282	NaN	NaN	NaN	NaN	NaN	NaN	NaN	NaN	TFCN1702E3373_000337-T1	TFCN1702E3373_010406-T1
TFCN1702E3373_000337-T1__TFCN1702E3373_011896-T1	NaN	NaN	NaN	NaN	NaN	NaN	NaN	NaN	GF00000010	Rhodotorula_mucilaginosa_TFCN_17-0-2E337-3.cds.fa_00333	Rhodotorula_mucilaginosa_TFCN_17-0-2E337-3.cds.fa_11741	NaN	NaN	NaN	NaN	NaN	NaN	NaN	NaN	TFCN1702E3373_000337-T1	TFCN1702E3373_011896-T1
TFCN1702E3373_000337-T1__TFCN1702E3373_012426-T1	NaN	NaN	NaN	NaN	NaN	NaN	NaN	NaN	GF00000010	Rhodotorula_mucilaginosa_TFCN_17-0-2E337-3.cds.fa_00333	Rhodotorula_mucilaginosa_TFCN_17-0-2E337-3.cds.fa_12260	NaN	NaN	NaN	NaN	NaN	NaN	NaN	NaN	TFCN1702E3373_000337-T1	TFCN1702E3373_012426-T1
TFCN1702E3373_000337-T1__TFCN1702E3373_011897-T1	NaN	NaN	NaN	NaN	NaN	NaN	NaN	NaN	GF00000010	Rhodotorula_mucilaginosa_TFCN_17-0-2E337-3.cds.fa_00333	Rhodotorula_mucilaginosa_TFCN_17-0-2E337-3.cds.fa_11742	NaN	NaN	NaN	NaN	NaN	NaN	NaN	NaN	TFCN1702E3373_000337-T1	TFCN1702E3373_011897-T1
TFCN1702E3373_000866-T1__TFCN1702E3373_002651-T1	NaN	NaN	NaN	NaN	NaN	NaN	NaN	NaN	GF00000010	Rhodotorula_mucilaginosa_TFCN_17-0-2E337-3.cds.fa_00860	Rhodotorula_mucilaginosa_TFCN_17-0-2E337-3.cds.fa_02621	NaN	NaN	NaN	NaN	NaN	NaN	NaN	NaN	TFCN1702E3373_000866-T1	TFCN1702E3373_002651-T1
TFCN1702E3373_000866-T1__TFCN1702E3373_014566-T1	NaN	NaN	NaN	NaN	NaN	NaN	NaN	NaN	GF00000010	Rhodotorula_mucilaginosa_TFCN_17-0-2E337-3.cds.fa_00860	Rhodotorula_mucilaginosa_TFCN_17-0-2E337-3.cds.fa_14350	NaN	NaN	NaN	NaN	NaN	NaN	NaN	NaN	TFCN1702E3373_000866-T1	TFCN1702E3373_014566-T1
TFCN1702E3373_000866-T1__TFCN1702E3373_012495-T1	NaN	NaN	NaN	NaN	NaN	NaN	NaN	NaN	GF00000010	Rhodotorula_mucilaginosa_TFCN_17-0-2E337-3.cds.fa_00860	Rhodotorula_mucilaginosa_TFCN_17-0-2E337-3.cds.fa_12329	NaN	NaN	NaN	NaN	NaN	NaN	NaN	NaN	TFCN1702E3373_000866-T1	TFCN1702E3373_012495-T1
TFCN1702E3373_000866-T1__TFCN1702E3373_004433-T1	NaN	NaN	NaN	NaN	NaN	NaN	NaN	NaN	GF00000010	Rhodotorula_mucilaginosa_TFCN_17-0-2E337-3.cds.fa_00860	Rhodotorula_mucilaginosa_TFCN_17-0-2E337-3.cds.fa_04377	NaN	NaN	NaN	NaN	NaN	NaN	NaN	NaN	TFCN1702E3373_000866-T1	TFCN1702E3373_004433-T1
TFCN1702E3373_000866-T1__TFCN1702E3373_010406-T1	NaN	NaN	NaN	NaN	NaN	NaN	NaN	NaN	GF00000010	Rhodotorula_mucilaginosa_TFCN_17-0-2E337-3.cds.fa_00860	Rhodotorula_mucilaginosa_TFCN_17-0-2E337-3.cds.fa_10282	NaN	NaN	NaN	NaN	NaN	NaN	NaN	NaN	TFCN1702E3373_000866-T1	TFCN1702E3373_010406-T1
TFCN1702E3373_000866-T1__TFCN1702E3373_011896-T1	NaN	NaN	NaN	NaN	NaN	NaN	NaN	NaN	GF00000010	Rhodotorula_mucilaginosa_TFCN_17-0-2E337-3.cds.fa_00860	Rhodotorula_mucilaginosa_TFCN_17-0-2E337-3.cds.fa_11741	NaN	NaN	NaN	NaN	NaN	NaN	NaN	NaN	TFCN1702E3373_000866-T1	TFCN1702E3373_011896-T1
TFCN1702E3373_000866-T1__TFCN1702E3373_012426-T1	NaN	NaN	NaN	NaN	NaN	NaN	NaN	NaN	GF00000010	Rhodotorula_mucilaginosa_TFCN_17-0-2E337-3.cds.fa_00860	Rhodotorula_mucilaginosa_TFCN_17-0-2E337-3.cds.fa_12260	NaN	NaN	NaN	NaN	NaN	NaN	NaN	NaN	TFCN1702E3373_000866-T1	TFCN1702E3373_012426-T1
TFCN1702E3373_000866-T1__TFCN1702E3373_011897-T1	NaN	NaN	NaN	NaN	NaN	NaN	NaN	NaN	GF00000010	Rhodotorula_mucilaginosa_TFCN_17-0-2E337-3.cds.fa_00860	Rhodotorula_mucilaginosa_TFCN_17-0-2E337-3.cds.fa_11742	NaN	NaN	NaN	NaN	NaN	NaN	NaN	NaN	TFCN1702E3373_000866-T1	TFCN1702E3373_011897-T1
TFCN1702E3373_002651-T1__TFCN1702E3373_014566-T1	NaN	NaN	NaN	NaN	NaN	NaN	NaN	NaN	GF00000010	Rhodotorula_mucilaginosa_TFCN_17-0-2E337-3.cds.fa_02621	Rhodotorula_mucilaginosa_TFCN_17-0-2E337-3.cds.fa_14350	NaN	NaN	NaN	NaN	NaN	NaN	NaN	NaN	TFCN1702E3373_002651-T1	TFCN1702E3373_014566-T1
TFCN1702E3373_002651-T1__TFCN1702E3373_012495-T1	NaN	NaN	NaN	NaN	NaN	NaN	NaN	NaN	GF00000010	Rhodotorula_mucilaginosa_TFCN_17-0-2E337-3.cds.fa_02621	Rhodotorula_mucilaginosa_TFCN_17-0-2E337-3.cds.fa_12329	NaN	NaN	NaN	NaN	NaN	NaN	NaN	NaN	TFCN1702E3373_002651-T1	TFCN1702E3373_012495-T1
TFCN1702E3373_002651-T1__TFCN1702E3373_004433-T1	NaN	NaN	NaN	NaN	NaN	NaN	NaN	NaN	GF00000010	Rhodotorula_mucilaginosa_TFCN_17-0-2E337-3.cds.fa_02621	Rhodotorula_mucilaginosa_TFCN_17-0-2E337-3.cds.fa_04377	NaN	NaN	NaN	NaN	NaN	NaN	NaN	NaN	TFCN1702E3373_002651-T1	TFCN1702E3373_004433-T1
TFCN1702E3373_002651-T1__TFCN1702E3373_010406-T1	NaN	NaN	NaN	NaN	NaN	NaN	NaN	NaN	GF00000010	Rhodotorula_mucilaginosa_TFCN_17-0-2E337-3.cds.fa_02621	Rhodotorula_mucilaginosa_TFCN_17-0-2E337-3.cds.fa_10282	NaN	NaN	NaN	NaN	NaN	NaN	NaN	NaN	TFCN1702E3373_002651-T1	TFCN1702E3373_010406-T1
TFCN1702E3373_002651-T1__TFCN1702E3373_011896-T1	NaN	NaN	NaN	NaN	NaN	NaN	NaN	NaN	GF00000010	Rhodotorula_mucilaginosa_TFCN_17-0-2E337-3.cds.fa_02621	Rhodotorula_mucilaginosa_TFCN_17-0-2E337-3.cds.fa_11741	NaN	NaN	NaN	NaN	NaN	NaN	NaN	NaN	TFCN1702E3373_002651-T1	TFCN1702E3373_011896-T1
TFCN1702E3373_002651-T1__TFCN1702E3373_012426-T1	NaN	NaN	NaN	NaN	NaN	NaN	NaN	NaN	GF00000010	Rhodotorula_mucilaginosa_TFCN_17-0-2E337-3.cds.fa_02621	Rhodotorula_mucilaginosa_TFCN_17-0-2E337-3.cds.fa_12260	NaN	NaN	NaN	NaN	NaN	NaN	NaN	NaN	TFCN1702E3373_002651-T1	TFCN1702E3373_012426-T1
TFCN1702E3373_002651-T1__TFCN1702E3373_011897-T1	NaN	NaN	NaN	NaN	NaN	NaN	NaN	NaN	GF00000010	Rhodotorula_mucilaginosa_TFCN_17-0-2E337-3.cds.fa_02621	Rhodotorula_mucilaginosa_TFCN_17-0-2E337-3.cds.fa_11742	NaN	NaN	NaN	NaN	NaN	NaN	NaN	NaN	TFCN1702E3373_002651-T1	TFCN1702E3373_011897-T1
TFCN1702E3373_012495-T1__TFCN1702E3373_014566-T1	NaN	NaN	NaN	NaN	NaN	NaN	NaN	NaN	GF00000010	Rhodotorula_mucilaginosa_TFCN_17-0-2E337-3.cds.fa_14350	Rhodotorula_mucilaginosa_TFCN_17-0-2E337-3.cds.fa_12329	NaN	NaN	NaN	NaN	NaN	NaN	NaN	NaN	TFCN1702E3373_014566-T1	TFCN1702E3373_012495-T1
TFCN1702E3373_004433-T1__TFCN1702E3373_014566-T1	NaN	NaN	NaN	NaN	NaN	NaN	NaN	NaN	GF00000010	Rhodotorula_mucilaginosa_TFCN_17-0-2E337-3.cds.fa_14350	Rhodotorula_mucilaginosa_TFCN_17-0-2E337-3.cds.fa_04377	NaN	NaN	NaN	NaN	NaN	NaN	NaN	NaN	TFCN1702E3373_014566-T1	TFCN1702E3373_004433-T1
TFCN1702E3373_010406-T1__TFCN1702E3373_014566-T1	NaN	NaN	NaN	NaN	NaN	NaN	NaN	NaN	GF00000010	Rhodotorula_mucilaginosa_TFCN_17-0-2E337-3.cds.fa_14350	Rhodotorula_mucilaginosa_TFCN_17-0-2E337-3.cds.fa_10282	NaN	NaN	NaN	NaN	NaN	NaN	NaN	NaN	TFCN1702E3373_014566-T1	TFCN1702E3373_010406-T1
TFCN1702E3373_011896-T1__TFCN1702E3373_014566-T1	NaN	NaN	NaN	NaN	NaN	NaN	NaN	NaN	GF00000010	Rhodotorula_mucilaginosa_TFCN_17-0-2E337-3.cds.fa_14350	Rhodotorula_mucilaginosa_TFCN_17-0-2E337-3.cds.fa_11741	NaN	NaN	NaN	NaN	NaN	NaN	NaN	NaN	TFCN1702E3373_014566-T1	TFCN1702E3373_011896-T1
TFCN1702E3373_012426-T1__TFCN1702E3373_014566-T1	NaN	NaN	NaN	NaN	NaN	NaN	NaN	NaN	GF00000010	Rhodotorula_mucilaginosa_TFCN_17-0-2E337-3.cds.fa_14350	Rhodotorula_mucilaginosa_TFCN_17-0-2E337-3.cds.fa_12260	NaN	NaN	NaN	NaN	NaN	NaN	NaN	NaN	TFCN1702E3373_014566-T1	TFCN1702E3373_012426-T1
TFCN1702E3373_011897-T1__TFCN1702E3373_014566-T1	NaN	NaN	NaN	NaN	NaN	NaN	NaN	NaN	GF00000010	Rhodotorula_mucilaginosa_TFCN_17-0-2E337-3.cds.fa_14350	Rhodotorula_mucilaginosa_TFCN_17-0-2E337-3.cds.fa_11742	NaN	NaN	NaN	NaN	NaN	NaN	NaN	NaN	TFCN1702E3373_014566-T1	TFCN1702E3373_011897-T1
TFCN1702E3373_004433-T1__TFCN1702E3373_012495-T1	NaN	NaN	NaN	NaN	NaN	NaN	NaN	NaN	GF00000010	Rhodotorula_mucilaginosa_TFCN_17-0-2E337-3.cds.fa_12329	Rhodotorula_mucilaginosa_TFCN_17-0-2E337-3.cds.fa_04377	NaN	NaN	NaN	NaN	NaN	NaN	NaN	NaN	TFCN1702E3373_012495-T1	TFCN1702E3373_004433-T1
TFCN1702E3373_010406-T1__TFCN1702E3373_012495-T1	NaN	NaN	NaN	NaN	NaN	NaN	NaN	NaN	GF00000010	Rhodotorula_mucilaginosa_TFCN_17-0-2E337-3.cds.fa_12329	Rhodotorula_mucilaginosa_TFCN_17-0-2E337-3.cds.fa_10282	NaN	NaN	NaN	NaN	NaN	NaN	NaN	NaN	TFCN1702E3373_012495-T1	TFCN1702E3373_010406-T1
TFCN1702E3373_011896-T1__TFCN1702E3373_012495-T1	NaN	NaN	NaN	NaN	NaN	NaN	NaN	NaN	GF00000010	Rhodotorula_mucilaginosa_TFCN_17-0-2E337-3.cds.fa_12329	Rhodotorula_mucilaginosa_TFCN_17-0-2E337-3.cds.fa_11741	NaN	NaN	NaN	NaN	NaN	NaN	NaN	NaN	TFCN1702E3373_012495-T1	TFCN1702E3373_011896-T1
TFCN1702E3373_012426-T1__TFCN1702E3373_012495-T1	NaN	NaN	NaN	NaN	NaN	NaN	NaN	NaN	GF00000010	Rhodotorula_mucilaginosa_TFCN_17-0-2E337-3.cds.fa_12329	Rhodotorula_mucilaginosa_TFCN_17-0-2E337-3.cds.fa_12260	NaN	NaN	NaN	NaN	NaN	NaN	NaN	NaN	TFCN1702E3373_012495-T1	TFCN1702E3373_012426-T1
TFCN1702E3373_011897-T1__TFCN1702E3373_012495-T1	NaN	NaN	NaN	NaN	NaN	NaN	NaN	NaN	GF00000010	Rhodotorula_mucilaginosa_TFCN_17-0-2E337-3.cds.fa_12329	Rhodotorula_mucilaginosa_TFCN_17-0-2E337-3.cds.fa_11742	NaN	NaN	NaN	NaN	NaN	NaN	NaN	NaN	TFCN1702E3373_012495-T1	TFCN1702E3373_011897-T1
TFCN1702E3373_004433-T1__TFCN1702E3373_010406-T1	NaN	NaN	NaN	NaN	NaN	NaN	NaN	NaN	GF00000010	Rhodotorula_mucilaginosa_TFCN_17-0-2E337-3.cds.fa_04377	Rhodotorula_mucilaginosa_TFCN_17-0-2E337-3.cds.fa_10282	NaN	NaN	NaN	NaN	NaN	NaN	NaN	NaN	TFCN1702E3373_004433-T1	TFCN1702E3373_010406-T1
TFCN1702E3373_004433-T1__TFCN1702E3373_011896-T1	NaN	NaN	NaN	NaN	NaN	NaN	NaN	NaN	GF00000010	Rhodotorula_mucilaginosa_TFCN_17-0-2E337-3.cds.fa_04377	Rhodotorula_mucilaginosa_TFCN_17-0-2E337-3.cds.fa_11741	NaN	NaN	NaN	NaN	NaN	NaN	NaN	NaN	TFCN1702E3373_004433-T1	TFCN1702E3373_011896-T1
TFCN1702E3373_004433-T1__TFCN1702E3373_012426-T1	NaN	NaN	NaN	NaN	NaN	NaN	NaN	NaN	GF00000010	Rhodotorula_mucilaginosa_TFCN_17-0-2E337-3.cds.fa_04377	Rhodotorula_mucilaginosa_TFCN_17-0-2E337-3.cds.fa_12260	NaN	NaN	NaN	NaN	NaN	NaN	NaN	NaN	TFCN1702E3373_004433-T1	TFCN1702E3373_012426-T1
TFCN1702E3373_004433-T1__TFCN1702E3373_011897-T1	NaN	NaN	NaN	NaN	NaN	NaN	NaN	NaN	GF00000010	Rhodotorula_mucilaginosa_TFCN_17-0-2E337-3.cds.fa_04377	Rhodotorula_mucilaginosa_TFCN_17-0-2E337-3.cds.fa_11742	NaN	NaN	NaN	NaN	NaN	NaN	NaN	NaN	TFCN1702E3373_004433-T1	TFCN1702E3373_011897-T1
TFCN1702E3373_010406-T1__TFCN1702E3373_011896-T1	NaN	NaN	NaN	NaN	NaN	NaN	NaN	NaN	GF00000010	Rhodotorula_mucilaginosa_TFCN_17-0-2E337-3.cds.fa_10282	Rhodotorula_mucilaginosa_TFCN_17-0-2E337-3.cds.fa_11741	NaN	NaN	NaN	NaN	NaN	NaN	NaN	NaN	TFCN1702E3373_010406-T1	TFCN1702E3373_011896-T1
TFCN1702E3373_010406-T1__TFCN1702E3373_012426-T1	NaN	NaN	NaN	NaN	NaN	NaN	NaN	NaN	GF00000010	Rhodotorula_mucilaginosa_TFCN_17-0-2E337-3.cds.fa_10282	Rhodotorula_mucilaginosa_TFCN_17-0-2E337-3.cds.fa_12260	NaN	NaN	NaN	NaN	NaN	NaN	NaN	NaN	TFCN1702E3373_010406-T1	TFCN1702E3373_012426-T1
TFCN1702E3373_010406-T1__TFCN1702E3373_011897-T1	NaN	NaN	NaN	NaN	NaN	NaN	NaN	NaN	GF00000010	Rhodotorula_mucilaginosa_TFCN_17-0-2E337-3.cds.fa_10282	Rhodotorula_mucilaginosa_TFCN_17-0-2E337-3.cds.fa_11742	NaN	NaN	NaN	NaN	NaN	NaN	NaN	NaN	TFCN1702E3373_010406-T1	TFCN1702E3373_011897-T1
TFCN1702E3373_011896-T1__TFCN1702E3373_012426-T1	NaN	NaN	NaN	NaN	NaN	NaN	NaN	NaN	GF00000010	Rhodotorula_mucilaginosa_TFCN_17-0-2E337-3.cds.fa_11741	Rhodotorula_mucilaginosa_TFCN_17-0-2E337-3.cds.fa_12260	NaN	NaN	NaN	NaN	NaN	NaN	NaN	NaN	TFCN1702E3373_011896-T1	TFCN1702E3373_012426-T1
TFCN1702E3373_011896-T1__TFCN1702E3373_011897-T1	NaN	NaN	NaN	NaN	NaN	NaN	NaN	NaN	GF00000010	Rhodotorula_mucilaginosa_TFCN_17-0-2E337-3.cds.fa_11741	Rhodotorula_mucilaginosa_TFCN_17-0-2E337-3.cds.fa_11742	NaN	NaN	NaN	NaN	NaN	NaN	NaN	NaN	TFCN1702E3373_011896-T1	TFCN1702E3373_011897-T1
TFCN1702E3373_011897-T1__TFCN1702E3373_012426-T1	NaN	NaN	NaN	NaN	NaN	NaN	NaN	NaN	GF00000010	Rhodotorula_mucilaginosa_TFCN_17-0-2E337-3.cds.fa_12260	Rhodotorula_mucilaginosa_TFCN_17-0-2E337-3.cds.fa_11742	NaN	NaN	NaN	NaN	NaN	NaN	NaN	NaN	TFCN1702E3373_012426-T1	TFCN1702E3373_011897-T1
TFCN1702E3373_001845-T1__TFCN1702E3373_011432-T1	NaN	NaN	NaN	NaN	NaN	NaN	NaN	NaN	GF00000014	Rhodotorula_mucilaginosa_TFCN_17-0-2E337-3.cds.fa_11285	Rhodotorula_mucilaginosa_TFCN_17-0-2E337-3.cds.fa_01833	NaN	NaN	NaN	NaN	NaN	NaN	NaN	NaN	TFCN1702E3373_011432-T1	TFCN1702E3373_001845-T1
TFCN1702E3373_011432-T1__TFCN1702E3373_012977-T1	NaN	NaN	NaN	NaN	NaN	NaN	NaN	NaN	GF00000014	Rhodotorula_mucilaginosa_TFCN_17-0-2E337-3.cds.fa_11285	Rhodotorula_mucilaginosa_TFCN_17-0-2E337-3.cds.fa_12798	NaN	NaN	NaN	NaN	NaN	NaN	NaN	NaN	TFCN1702E3373_011432-T1	TFCN1702E3373_012977-T1
TFCN1702E3373_007734-T1__TFCN1702E3373_011432-T1	NaN	NaN	NaN	NaN	NaN	NaN	NaN	NaN	GF00000014	Rhodotorula_mucilaginosa_TFCN_17-0-2E337-3.cds.fa_11285	Rhodotorula_mucilaginosa_TFCN_17-0-2E337-3.cds.fa_07642	NaN	NaN	NaN	NaN	NaN	NaN	NaN	NaN	TFCN1702E3373_011432-T1	TFCN1702E3373_007734-T1
TFCN1702E3373_011432-T1__TFCN1702E3373_014464-T1	NaN	NaN	NaN	NaN	NaN	NaN	NaN	NaN	GF00000014	Rhodotorula_mucilaginosa_TFCN_17-0-2E337-3.cds.fa_11285	Rhodotorula_mucilaginosa_TFCN_17-0-2E337-3.cds.fa_14256	NaN	NaN	NaN	NaN	NaN	NaN	NaN	NaN	TFCN1702E3373_011432-T1	TFCN1702E3373_014464-T1
TFCN1702E3373_008883-T1__TFCN1702E3373_011432-T1	NaN	NaN	NaN	NaN	NaN	NaN	NaN	NaN	GF00000014	Rhodotorula_mucilaginosa_TFCN_17-0-2E337-3.cds.fa_11285	Rhodotorula_mucilaginosa_TFCN_17-0-2E337-3.cds.fa_08772	NaN	NaN	NaN	NaN	NaN	NaN	NaN	NaN	TFCN1702E3373_011432-T1	TFCN1702E3373_008883-T1
TFCN1702E3373_001210-T1__TFCN1702E3373_011432-T1	NaN	NaN	NaN	NaN	NaN	NaN	NaN	NaN	GF00000014	Rhodotorula_mucilaginosa_TFCN_17-0-2E337-3.cds.fa_11285	Rhodotorula_mucilaginosa_TFCN_17-0-2E337-3.cds.fa_01200	NaN	NaN	NaN	NaN	NaN	NaN	NaN	NaN	TFCN1702E3373_011432-T1	TFCN1702E3373_001210-T1
TFCN1702E3373_003488-T1__TFCN1702E3373_011432-T1	NaN	NaN	NaN	NaN	NaN	NaN	NaN	NaN	GF00000014	Rhodotorula_mucilaginosa_TFCN_17-0-2E337-3.cds.fa_11285	Rhodotorula_mucilaginosa_TFCN_17-0-2E337-3.cds.fa_03443	NaN	NaN	NaN	NaN	NaN	NaN	NaN	NaN	TFCN1702E3373_011432-T1	TFCN1702E3373_003488-T1
TFCN1702E3373_009591-T1__TFCN1702E3373_011432-T1	NaN	NaN	NaN	NaN	NaN	NaN	NaN	NaN	GF00000014	Rhodotorula_mucilaginosa_TFCN_17-0-2E337-3.cds.fa_11285	Rhodotorula_mucilaginosa_TFCN_17-0-2E337-3.cds.fa_09473	NaN	NaN	NaN	NaN	NaN	NaN	NaN	NaN	TFCN1702E3373_011432-T1	TFCN1702E3373_009591-T1
TFCN1702E3373_011432-T1__TFCN1702E3373_013513-T1	NaN	NaN	NaN	NaN	NaN	NaN	NaN	NaN	GF00000014	Rhodotorula_mucilaginosa_TFCN_17-0-2E337-3.cds.fa_11285	Rhodotorula_mucilaginosa_TFCN_17-0-2E337-3.cds.fa_13322	NaN	NaN	NaN	NaN	NaN	NaN	NaN	NaN	TFCN1702E3373_011432-T1	TFCN1702E3373_013513-T1
TFCN1702E3373_001796-T1__TFCN1702E3373_011432-T1	NaN	NaN	NaN	NaN	NaN	NaN	NaN	NaN	GF00000014	Rhodotorula_mucilaginosa_TFCN_17-0-2E337-3.cds.fa_11285	Rhodotorula_mucilaginosa_TFCN_17-0-2E337-3.cds.fa_01784	NaN	NaN	NaN	NaN	NaN	NaN	NaN	NaN	TFCN1702E3373_011432-T1	TFCN1702E3373_001796-T1
TFCN1702E3373_011432-T1__TFCN1702E3373_014692-T1	NaN	NaN	NaN	NaN	NaN	NaN	NaN	NaN	GF00000014	Rhodotorula_mucilaginosa_TFCN_17-0-2E337-3.cds.fa_11285	Rhodotorula_mucilaginosa_TFCN_17-0-2E337-3.cds.fa_14471	NaN	NaN	NaN	NaN	NaN	NaN	NaN	NaN	TFCN1702E3373_011432-T1	TFCN1702E3373_014692-T1
TFCN1702E3373_002715-T1__TFCN1702E3373_011432-T1	NaN	NaN	NaN	NaN	NaN	NaN	NaN	NaN	GF00000014	Rhodotorula_mucilaginosa_TFCN_17-0-2E337-3.cds.fa_11285	Rhodotorula_mucilaginosa_TFCN_17-0-2E337-3.cds.fa_02682	NaN	NaN	NaN	NaN	NaN	NaN	NaN	NaN	TFCN1702E3373_011432-T1	TFCN1702E3373_002715-T1
TFCN1702E3373_009448-T1__TFCN1702E3373_011432-T1	NaN	NaN	NaN	NaN	NaN	NaN	NaN	NaN	GF00000014	Rhodotorula_mucilaginosa_TFCN_17-0-2E337-3.cds.fa_11285	Rhodotorula_mucilaginosa_TFCN_17-0-2E337-3.cds.fa_09330	NaN	NaN	NaN	NaN	NaN	NaN	NaN	NaN	TFCN1702E3373_011432-T1	TFCN1702E3373_009448-T1
TFCN1702E3373_011432-T1__TFCN1702E3373_011801-T1	NaN	NaN	NaN	NaN	NaN	NaN	NaN	NaN	GF00000014	Rhodotorula_mucilaginosa_TFCN_17-0-2E337-3.cds.fa_11285	Rhodotorula_mucilaginosa_TFCN_17-0-2E337-3.cds.fa_11648	NaN	NaN	NaN	NaN	NaN	NaN	NaN	NaN	TFCN1702E3373_011432-T1	TFCN1702E3373_011801-T1
TFCN1702E3373_011432-T1__TFCN1702E3373_014203-T1	NaN	NaN	NaN	NaN	NaN	NaN	NaN	NaN	GF00000014	Rhodotorula_mucilaginosa_TFCN_17-0-2E337-3.cds.fa_11285	Rhodotorula_mucilaginosa_TFCN_17-0-2E337-3.cds.fa_13996	NaN	NaN	NaN	NaN	NaN	NaN	NaN	NaN	TFCN1702E3373_011432-T1	TFCN1702E3373_014203-T1
TFCN1702E3373_001845-T1__TFCN1702E3373_012977-T1	NaN	NaN	NaN	NaN	NaN	NaN	NaN	NaN	GF00000014	Rhodotorula_mucilaginosa_TFCN_17-0-2E337-3.cds.fa_01833	Rhodotorula_mucilaginosa_TFCN_17-0-2E337-3.cds.fa_12798	NaN	NaN	NaN	NaN	NaN	NaN	NaN	NaN	TFCN1702E3373_001845-T1	TFCN1702E3373_012977-T1
TFCN1702E3373_001845-T1__TFCN1702E3373_007734-T1	NaN	NaN	NaN	NaN	NaN	NaN	NaN	NaN	GF00000014	Rhodotorula_mucilaginosa_TFCN_17-0-2E337-3.cds.fa_01833	Rhodotorula_mucilaginosa_TFCN_17-0-2E337-3.cds.fa_07642	NaN	NaN	NaN	NaN	NaN	NaN	NaN	NaN	TFCN1702E3373_001845-T1	TFCN1702E3373_007734-T1
TFCN1702E3373_001845-T1__TFCN1702E3373_014464-T1	NaN	NaN	NaN	NaN	NaN	NaN	NaN	NaN	GF00000014	Rhodotorula_mucilaginosa_TFCN_17-0-2E337-3.cds.fa_01833	Rhodotorula_mucilaginosa_TFCN_17-0-2E337-3.cds.fa_14256	NaN	NaN	NaN	NaN	NaN	NaN	NaN	NaN	TFCN1702E3373_001845-T1	TFCN1702E3373_014464-T1
TFCN1702E3373_001845-T1__TFCN1702E3373_008883-T1	NaN	NaN	NaN	NaN	NaN	NaN	NaN	NaN	GF00000014	Rhodotorula_mucilaginosa_TFCN_17-0-2E337-3.cds.fa_01833	Rhodotorula_mucilaginosa_TFCN_17-0-2E337-3.cds.fa_08772	NaN	NaN	NaN	NaN	NaN	NaN	NaN	NaN	TFCN1702E3373_001845-T1	TFCN1702E3373_008883-T1
TFCN1702E3373_001210-T1__TFCN1702E3373_001845-T1	NaN	NaN	NaN	NaN	NaN	NaN	NaN	NaN	GF00000014	Rhodotorula_mucilaginosa_TFCN_17-0-2E337-3.cds.fa_01833	Rhodotorula_mucilaginosa_TFCN_17-0-2E337-3.cds.fa_01200	NaN	NaN	NaN	NaN	NaN	NaN	NaN	NaN	TFCN1702E3373_001845-T1	TFCN1702E3373_001210-T1
TFCN1702E3373_001845-T1__TFCN1702E3373_003488-T1	NaN	NaN	NaN	NaN	NaN	NaN	NaN	NaN	GF00000014	Rhodotorula_mucilaginosa_TFCN_17-0-2E337-3.cds.fa_01833	Rhodotorula_mucilaginosa_TFCN_17-0-2E337-3.cds.fa_03443	NaN	NaN	NaN	NaN	NaN	NaN	NaN	NaN	TFCN1702E3373_001845-T1	TFCN1702E3373_003488-T1
TFCN1702E3373_001845-T1__TFCN1702E3373_009591-T1	NaN	NaN	NaN	NaN	NaN	NaN	NaN	NaN	GF00000014	Rhodotorula_mucilaginosa_TFCN_17-0-2E337-3.cds.fa_01833	Rhodotorula_mucilaginosa_TFCN_17-0-2E337-3.cds.fa_09473	NaN	NaN	NaN	NaN	NaN	NaN	NaN	NaN	TFCN1702E3373_001845-T1	TFCN1702E3373_009591-T1
TFCN1702E3373_001845-T1__TFCN1702E3373_013513-T1	NaN	NaN	NaN	NaN	NaN	NaN	NaN	NaN	GF00000014	Rhodotorula_mucilaginosa_TFCN_17-0-2E337-3.cds.fa_01833	Rhodotorula_mucilaginosa_TFCN_17-0-2E337-3.cds.fa_13322	NaN	NaN	NaN	NaN	NaN	NaN	NaN	NaN	TFCN1702E3373_001845-T1	TFCN1702E3373_013513-T1
TFCN1702E3373_001796-T1__TFCN1702E3373_001845-T1	NaN	NaN	NaN	NaN	NaN	NaN	NaN	NaN	GF00000014	Rhodotorula_mucilaginosa_TFCN_17-0-2E337-3.cds.fa_01833	Rhodotorula_mucilaginosa_TFCN_17-0-2E337-3.cds.fa_01784	NaN	NaN	NaN	NaN	NaN	NaN	NaN	NaN	TFCN1702E3373_001845-T1	TFCN1702E3373_001796-T1
TFCN1702E3373_001845-T1__TFCN1702E3373_014692-T1	NaN	NaN	NaN	NaN	NaN	NaN	NaN	NaN	GF00000014	Rhodotorula_mucilaginosa_TFCN_17-0-2E337-3.cds.fa_01833	Rhodotorula_mucilaginosa_TFCN_17-0-2E337-3.cds.fa_14471	NaN	NaN	NaN	NaN	NaN	NaN	NaN	NaN	TFCN1702E3373_001845-T1	TFCN1702E3373_014692-T1
TFCN1702E3373_001845-T1__TFCN1702E3373_002715-T1	NaN	NaN	NaN	NaN	NaN	NaN	NaN	NaN	GF00000014	Rhodotorula_mucilaginosa_TFCN_17-0-2E337-3.cds.fa_01833	Rhodotorula_mucilaginosa_TFCN_17-0-2E337-3.cds.fa_02682	NaN	NaN	NaN	NaN	NaN	NaN	NaN	NaN	TFCN1702E3373_001845-T1	TFCN1702E3373_002715-T1
TFCN1702E3373_001845-T1__TFCN1702E3373_009448-T1	NaN	NaN	NaN	NaN	NaN	NaN	NaN	NaN	GF00000014	Rhodotorula_mucilaginosa_TFCN_17-0-2E337-3.cds.fa_01833	Rhodotorula_mucilaginosa_TFCN_17-0-2E337-3.cds.fa_09330	NaN	NaN	NaN	NaN	NaN	NaN	NaN	NaN	TFCN1702E3373_001845-T1	TFCN1702E3373_009448-T1
TFCN1702E3373_001845-T1__TFCN1702E3373_011801-T1	NaN	NaN	NaN	NaN	NaN	NaN	NaN	NaN	GF00000014	Rhodotorula_mucilaginosa_TFCN_17-0-2E337-3.cds.fa_01833	Rhodotorula_mucilaginosa_TFCN_17-0-2E337-3.cds.fa_11648	NaN	NaN	NaN	NaN	NaN	NaN	NaN	NaN	TFCN1702E3373_001845-T1	TFCN1702E3373_011801-T1
TFCN1702E3373_001845-T1__TFCN1702E3373_014203-T1	NaN	NaN	NaN	NaN	NaN	NaN	NaN	NaN	GF00000014	Rhodotorula_mucilaginosa_TFCN_17-0-2E337-3.cds.fa_01833	Rhodotorula_mucilaginosa_TFCN_17-0-2E337-3.cds.fa_13996	NaN	NaN	NaN	NaN	NaN	NaN	NaN	NaN	TFCN1702E3373_001845-T1	TFCN1702E3373_014203-T1
TFCN1702E3373_007734-T1__TFCN1702E3373_012977-T1	NaN	NaN	NaN	NaN	NaN	NaN	NaN	NaN	GF00000014	Rhodotorula_mucilaginosa_TFCN_17-0-2E337-3.cds.fa_12798	Rhodotorula_mucilaginosa_TFCN_17-0-2E337-3.cds.fa_07642	NaN	NaN	NaN	NaN	NaN	NaN	NaN	NaN	TFCN1702E3373_012977-T1	TFCN1702E3373_007734-T1
TFCN1702E3373_012977-T1__TFCN1702E3373_014464-T1	NaN	NaN	NaN	NaN	NaN	NaN	NaN	NaN	GF00000014	Rhodotorula_mucilaginosa_TFCN_17-0-2E337-3.cds.fa_12798	Rhodotorula_mucilaginosa_TFCN_17-0-2E337-3.cds.fa_14256	NaN	NaN	NaN	NaN	NaN	NaN	NaN	NaN	TFCN1702E3373_012977-T1	TFCN1702E3373_014464-T1
TFCN1702E3373_008883-T1__TFCN1702E3373_012977-T1	NaN	NaN	NaN	NaN	NaN	NaN	NaN	NaN	GF00000014	Rhodotorula_mucilaginosa_TFCN_17-0-2E337-3.cds.fa_12798	Rhodotorula_mucilaginosa_TFCN_17-0-2E337-3.cds.fa_08772	NaN	NaN	NaN	NaN	NaN	NaN	NaN	NaN	TFCN1702E3373_012977-T1	TFCN1702E3373_008883-T1
TFCN1702E3373_001210-T1__TFCN1702E3373_012977-T1	NaN	NaN	NaN	NaN	NaN	NaN	NaN	NaN	GF00000014	Rhodotorula_mucilaginosa_TFCN_17-0-2E337-3.cds.fa_12798	Rhodotorula_mucilaginosa_TFCN_17-0-2E337-3.cds.fa_01200	NaN	NaN	NaN	NaN	NaN	NaN	NaN	NaN	TFCN1702E3373_012977-T1	TFCN1702E3373_001210-T1
TFCN1702E3373_003488-T1__TFCN1702E3373_012977-T1	NaN	NaN	NaN	NaN	NaN	NaN	NaN	NaN	GF00000014	Rhodotorula_mucilaginosa_TFCN_17-0-2E337-3.cds.fa_12798	Rhodotorula_mucilaginosa_TFCN_17-0-2E337-3.cds.fa_03443	NaN	NaN	NaN	NaN	NaN	NaN	NaN	NaN	TFCN1702E3373_012977-T1	TFCN1702E3373_003488-T1
TFCN1702E3373_009591-T1__TFCN1702E3373_012977-T1	NaN	NaN	NaN	NaN	NaN	NaN	NaN	NaN	GF00000014	Rhodotorula_mucilaginosa_TFCN_17-0-2E337-3.cds.fa_12798	Rhodotorula_mucilaginosa_TFCN_17-0-2E337-3.cds.fa_09473	NaN	NaN	NaN	NaN	NaN	NaN	NaN	NaN	TFCN1702E3373_012977-T1	TFCN1702E3373_009591-T1
TFCN1702E3373_012977-T1__TFCN1702E3373_013513-T1	NaN	NaN	NaN	NaN	NaN	NaN	NaN	NaN	GF00000014	Rhodotorula_mucilaginosa_TFCN_17-0-2E337-3.cds.fa_12798	Rhodotorula_mucilaginosa_TFCN_17-0-2E337-3.cds.fa_13322	NaN	NaN	NaN	NaN	NaN	NaN	NaN	NaN	TFCN1702E3373_012977-T1	TFCN1702E3373_013513-T1
TFCN1702E3373_001796-T1__TFCN1702E3373_012977-T1	NaN	NaN	NaN	NaN	NaN	NaN	NaN	NaN	GF00000014	Rhodotorula_mucilaginosa_TFCN_17-0-2E337-3.cds.fa_12798	Rhodotorula_mucilaginosa_TFCN_17-0-2E337-3.cds.fa_01784	NaN	NaN	NaN	NaN	NaN	NaN	NaN	NaN	TFCN1702E3373_012977-T1	TFCN1702E3373_001796-T1
TFCN1702E3373_012977-T1__TFCN1702E3373_014692-T1	NaN	NaN	NaN	NaN	NaN	NaN	NaN	NaN	GF00000014	Rhodotorula_mucilaginosa_TFCN_17-0-2E337-3.cds.fa_12798	Rhodotorula_mucilaginosa_TFCN_17-0-2E337-3.cds.fa_14471	NaN	NaN	NaN	NaN	NaN	NaN	NaN	NaN	TFCN1702E3373_012977-T1	TFCN1702E3373_014692-T1
TFCN1702E3373_002715-T1__TFCN1702E3373_012977-T1	NaN	NaN	NaN	NaN	NaN	NaN	NaN	NaN	GF00000014	Rhodotorula_mucilaginosa_TFCN_17-0-2E337-3.cds.fa_12798	Rhodotorula_mucilaginosa_TFCN_17-0-2E337-3.cds.fa_02682	NaN	NaN	NaN	NaN	NaN	NaN	NaN	NaN	TFCN1702E3373_012977-T1	TFCN1702E3373_002715-T1
TFCN1702E3373_009448-T1__TFCN1702E3373_012977-T1	NaN	NaN	NaN	NaN	NaN	NaN	NaN	NaN	GF00000014	Rhodotorula_mucilaginosa_TFCN_17-0-2E337-3.cds.fa_12798	Rhodotorula_mucilaginosa_TFCN_17-0-2E337-3.cds.fa_09330	NaN	NaN	NaN	NaN	NaN	NaN	NaN	NaN	TFCN1702E3373_012977-T1	TFCN1702E3373_009448-T1
TFCN1702E3373_011801-T1__TFCN1702E3373_012977-T1	NaN	NaN	NaN	NaN	NaN	NaN	NaN	NaN	GF00000014	Rhodotorula_mucilaginosa_TFCN_17-0-2E337-3.cds.fa_12798	Rhodotorula_mucilaginosa_TFCN_17-0-2E337-3.cds.fa_11648	NaN	NaN	NaN	NaN	NaN	NaN	NaN	NaN	TFCN1702E3373_012977-T1	TFCN1702E3373_011801-T1
TFCN1702E3373_012977-T1__TFCN1702E3373_014203-T1	NaN	NaN	NaN	NaN	NaN	NaN	NaN	NaN	GF00000014	Rhodotorula_mucilaginosa_TFCN_17-0-2E337-3.cds.fa_12798	Rhodotorula_mucilaginosa_TFCN_17-0-2E337-3.cds.fa_13996	NaN	NaN	NaN	NaN	NaN	NaN	NaN	NaN	TFCN1702E3373_012977-T1	TFCN1702E3373_014203-T1
TFCN1702E3373_007734-T1__TFCN1702E3373_014464-T1	NaN	NaN	NaN	NaN	NaN	NaN	NaN	NaN	GF00000014	Rhodotorula_mucilaginosa_TFCN_17-0-2E337-3.cds.fa_07642	Rhodotorula_mucilaginosa_TFCN_17-0-2E337-3.cds.fa_14256	NaN	NaN	NaN	NaN	NaN	NaN	NaN	NaN	TFCN1702E3373_007734-T1	TFCN1702E3373_014464-T1
TFCN1702E3373_007734-T1__TFCN1702E3373_008883-T1	NaN	NaN	NaN	NaN	NaN	NaN	NaN	NaN	GF00000014	Rhodotorula_mucilaginosa_TFCN_17-0-2E337-3.cds.fa_07642	Rhodotorula_mucilaginosa_TFCN_17-0-2E337-3.cds.fa_08772	NaN	NaN	NaN	NaN	NaN	NaN	NaN	NaN	TFCN1702E3373_007734-T1	TFCN1702E3373_008883-T1
TFCN1702E3373_001210-T1__TFCN1702E3373_007734-T1	NaN	NaN	NaN	NaN	NaN	NaN	NaN	NaN	GF00000014	Rhodotorula_mucilaginosa_TFCN_17-0-2E337-3.cds.fa_07642	Rhodotorula_mucilaginosa_TFCN_17-0-2E337-3.cds.fa_01200	NaN	NaN	NaN	NaN	NaN	NaN	NaN	NaN	TFCN1702E3373_007734-T1	TFCN1702E3373_001210-T1
TFCN1702E3373_003488-T1__TFCN1702E3373_007734-T1	NaN	NaN	NaN	NaN	NaN	NaN	NaN	NaN	GF00000014	Rhodotorula_mucilaginosa_TFCN_17-0-2E337-3.cds.fa_07642	Rhodotorula_mucilaginosa_TFCN_17-0-2E337-3.cds.fa_03443	NaN	NaN	NaN	NaN	NaN	NaN	NaN	NaN	TFCN1702E3373_007734-T1	TFCN1702E3373_003488-T1
TFCN1702E3373_007734-T1__TFCN1702E3373_009591-T1	NaN	NaN	NaN	NaN	NaN	NaN	NaN	NaN	GF00000014	Rhodotorula_mucilaginosa_TFCN_17-0-2E337-3.cds.fa_07642	Rhodotorula_mucilaginosa_TFCN_17-0-2E337-3.cds.fa_09473	NaN	NaN	NaN	NaN	NaN	NaN	NaN	NaN	TFCN1702E3373_007734-T1	TFCN1702E3373_009591-T1
TFCN1702E3373_007734-T1__TFCN1702E3373_013513-T1	NaN	NaN	NaN	NaN	NaN	NaN	NaN	NaN	GF00000014	Rhodotorula_mucilaginosa_TFCN_17-0-2E337-3.cds.fa_07642	Rhodotorula_mucilaginosa_TFCN_17-0-2E337-3.cds.fa_13322	NaN	NaN	NaN	NaN	NaN	NaN	NaN	NaN	TFCN1702E3373_007734-T1	TFCN1702E3373_013513-T1
TFCN1702E3373_001796-T1__TFCN1702E3373_007734-T1	NaN	NaN	NaN	NaN	NaN	NaN	NaN	NaN	GF00000014	Rhodotorula_mucilaginosa_TFCN_17-0-2E337-3.cds.fa_07642	Rhodotorula_mucilaginosa_TFCN_17-0-2E337-3.cds.fa_01784	NaN	NaN	NaN	NaN	NaN	NaN	NaN	NaN	TFCN1702E3373_007734-T1	TFCN1702E3373_001796-T1
TFCN1702E3373_007734-T1__TFCN1702E3373_014692-T1	NaN	NaN	NaN	NaN	NaN	NaN	NaN	NaN	GF00000014	Rhodotorula_mucilaginosa_TFCN_17-0-2E337-3.cds.fa_07642	Rhodotorula_mucilaginosa_TFCN_17-0-2E337-3.cds.fa_14471	NaN	NaN	NaN	NaN	NaN	NaN	NaN	NaN	TFCN1702E3373_007734-T1	TFCN1702E3373_014692-T1
TFCN1702E3373_002715-T1__TFCN1702E3373_007734-T1	NaN	NaN	NaN	NaN	NaN	NaN	NaN	NaN	GF00000014	Rhodotorula_mucilaginosa_TFCN_17-0-2E337-3.cds.fa_07642	Rhodotorula_mucilaginosa_TFCN_17-0-2E337-3.cds.fa_02682	NaN	NaN	NaN	NaN	NaN	NaN	NaN	NaN	TFCN1702E3373_007734-T1	TFCN1702E3373_002715-T1
TFCN1702E3373_007734-T1__TFCN1702E3373_009448-T1	NaN	NaN	NaN	NaN	NaN	NaN	NaN	NaN	GF00000014	Rhodotorula_mucilaginosa_TFCN_17-0-2E337-3.cds.fa_07642	Rhodotorula_mucilaginosa_TFCN_17-0-2E337-3.cds.fa_09330	NaN	NaN	NaN	NaN	NaN	NaN	NaN	NaN	TFCN1702E3373_007734-T1	TFCN1702E3373_009448-T1
TFCN1702E3373_007734-T1__TFCN1702E3373_011801-T1	NaN	NaN	NaN	NaN	NaN	NaN	NaN	NaN	GF00000014	Rhodotorula_mucilaginosa_TFCN_17-0-2E337-3.cds.fa_07642	Rhodotorula_mucilaginosa_TFCN_17-0-2E337-3.cds.fa_11648	NaN	NaN	NaN	NaN	NaN	NaN	NaN	NaN	TFCN1702E3373_007734-T1	TFCN1702E3373_011801-T1
TFCN1702E3373_007734-T1__TFCN1702E3373_014203-T1	NaN	NaN	NaN	NaN	NaN	NaN	NaN	NaN	GF00000014	Rhodotorula_mucilaginosa_TFCN_17-0-2E337-3.cds.fa_07642	Rhodotorula_mucilaginosa_TFCN_17-0-2E337-3.cds.fa_13996	NaN	NaN	NaN	NaN	NaN	NaN	NaN	NaN	TFCN1702E3373_007734-T1	TFCN1702E3373_014203-T1
TFCN1702E3373_008883-T1__TFCN1702E3373_014464-T1	NaN	NaN	NaN	NaN	NaN	NaN	NaN	NaN	GF00000014	Rhodotorula_mucilaginosa_TFCN_17-0-2E337-3.cds.fa_14256	Rhodotorula_mucilaginosa_TFCN_17-0-2E337-3.cds.fa_08772	NaN	NaN	NaN	NaN	NaN	NaN	NaN	NaN	TFCN1702E3373_014464-T1	TFCN1702E3373_008883-T1
TFCN1702E3373_001210-T1__TFCN1702E3373_014464-T1	NaN	NaN	NaN	NaN	NaN	NaN	NaN	NaN	GF00000014	Rhodotorula_mucilaginosa_TFCN_17-0-2E337-3.cds.fa_14256	Rhodotorula_mucilaginosa_TFCN_17-0-2E337-3.cds.fa_01200	NaN	NaN	NaN	NaN	NaN	NaN	NaN	NaN	TFCN1702E3373_014464-T1	TFCN1702E3373_001210-T1
TFCN1702E3373_003488-T1__TFCN1702E3373_014464-T1	NaN	NaN	NaN	NaN	NaN	NaN	NaN	NaN	GF00000014	Rhodotorula_mucilaginosa_TFCN_17-0-2E337-3.cds.fa_14256	Rhodotorula_mucilaginosa_TFCN_17-0-2E337-3.cds.fa_03443	NaN	NaN	NaN	NaN	NaN	NaN	NaN	NaN	TFCN1702E3373_014464-T1	TFCN1702E3373_003488-T1
TFCN1702E3373_009591-T1__TFCN1702E3373_014464-T1	NaN	NaN	NaN	NaN	NaN	NaN	NaN	NaN	GF00000014	Rhodotorula_mucilaginosa_TFCN_17-0-2E337-3.cds.fa_14256	Rhodotorula_mucilaginosa_TFCN_17-0-2E337-3.cds.fa_09473	NaN	NaN	NaN	NaN	NaN	NaN	NaN	NaN	TFCN1702E3373_014464-T1	TFCN1702E3373_009591-T1
TFCN1702E3373_013513-T1__TFCN1702E3373_014464-T1	NaN	NaN	NaN	NaN	NaN	NaN	NaN	NaN	GF00000014	Rhodotorula_mucilaginosa_TFCN_17-0-2E337-3.cds.fa_14256	Rhodotorula_mucilaginosa_TFCN_17-0-2E337-3.cds.fa_13322	NaN	NaN	NaN	NaN	NaN	NaN	NaN	NaN	TFCN1702E3373_014464-T1	TFCN1702E3373_013513-T1
TFCN1702E3373_001796-T1__TFCN1702E3373_014464-T1	NaN	NaN	NaN	NaN	NaN	NaN	NaN	NaN	GF00000014	Rhodotorula_mucilaginosa_TFCN_17-0-2E337-3.cds.fa_14256	Rhodotorula_mucilaginosa_TFCN_17-0-2E337-3.cds.fa_01784	NaN	NaN	NaN	NaN	NaN	NaN	NaN	NaN	TFCN1702E3373_014464-T1	TFCN1702E3373_001796-T1
TFCN1702E3373_014464-T1__TFCN1702E3373_014692-T1	NaN	NaN	NaN	NaN	NaN	NaN	NaN	NaN	GF00000014	Rhodotorula_mucilaginosa_TFCN_17-0-2E337-3.cds.fa_14256	Rhodotorula_mucilaginosa_TFCN_17-0-2E337-3.cds.fa_14471	NaN	NaN	NaN	NaN	NaN	NaN	NaN	NaN	TFCN1702E3373_014464-T1	TFCN1702E3373_014692-T1
TFCN1702E3373_002715-T1__TFCN1702E3373_014464-T1	NaN	NaN	NaN	NaN	NaN	NaN	NaN	NaN	GF00000014	Rhodotorula_mucilaginosa_TFCN_17-0-2E337-3.cds.fa_14256	Rhodotorula_mucilaginosa_TFCN_17-0-2E337-3.cds.fa_02682	NaN	NaN	NaN	NaN	NaN	NaN	NaN	NaN	TFCN1702E3373_014464-T1	TFCN1702E3373_002715-T1
TFCN1702E3373_009448-T1__TFCN1702E3373_014464-T1	NaN	NaN	NaN	NaN	NaN	NaN	NaN	NaN	GF00000014	Rhodotorula_mucilaginosa_TFCN_17-0-2E337-3.cds.fa_14256	Rhodotorula_mucilaginosa_TFCN_17-0-2E337-3.cds.fa_09330	NaN	NaN	NaN	NaN	NaN	NaN	NaN	NaN	TFCN1702E3373_014464-T1	TFCN1702E3373_009448-T1
TFCN1702E3373_011801-T1__TFCN1702E3373_014464-T1	NaN	NaN	NaN	NaN	NaN	NaN	NaN	NaN	GF00000014	Rhodotorula_mucilaginosa_TFCN_17-0-2E337-3.cds.fa_14256	Rhodotorula_mucilaginosa_TFCN_17-0-2E337-3.cds.fa_11648	NaN	NaN	NaN	NaN	NaN	NaN	NaN	NaN	TFCN1702E3373_014464-T1	TFCN1702E3373_011801-T1
TFCN1702E3373_014203-T1__TFCN1702E3373_014464-T1	NaN	NaN	NaN	NaN	NaN	NaN	NaN	NaN	GF00000014	Rhodotorula_mucilaginosa_TFCN_17-0-2E337-3.cds.fa_14256	Rhodotorula_mucilaginosa_TFCN_17-0-2E337-3.cds.fa_13996	NaN	NaN	NaN	NaN	NaN	NaN	NaN	NaN	TFCN1702E3373_014464-T1	TFCN1702E3373_014203-T1
TFCN1702E3373_001210-T1__TFCN1702E3373_008883-T1	NaN	NaN	NaN	NaN	NaN	NaN	NaN	NaN	GF00000014	Rhodotorula_mucilaginosa_TFCN_17-0-2E337-3.cds.fa_08772	Rhodotorula_mucilaginosa_TFCN_17-0-2E337-3.cds.fa_01200	NaN	NaN	NaN	NaN	NaN	NaN	NaN	NaN	TFCN1702E3373_008883-T1	TFCN1702E3373_001210-T1
TFCN1702E3373_003488-T1__TFCN1702E3373_008883-T1	NaN	NaN	NaN	NaN	NaN	NaN	NaN	NaN	GF00000014	Rhodotorula_mucilaginosa_TFCN_17-0-2E337-3.cds.fa_08772	Rhodotorula_mucilaginosa_TFCN_17-0-2E337-3.cds.fa_03443	NaN	NaN	NaN	NaN	NaN	NaN	NaN	NaN	TFCN1702E3373_008883-T1	TFCN1702E3373_003488-T1
TFCN1702E3373_008883-T1__TFCN1702E3373_009591-T1	NaN	NaN	NaN	NaN	NaN	NaN	NaN	NaN	GF00000014	Rhodotorula_mucilaginosa_TFCN_17-0-2E337-3.cds.fa_08772	Rhodotorula_mucilaginosa_TFCN_17-0-2E337-3.cds.fa_09473	NaN	NaN	NaN	NaN	NaN	NaN	NaN	NaN	TFCN1702E3373_008883-T1	TFCN1702E3373_009591-T1
TFCN1702E3373_008883-T1__TFCN1702E3373_013513-T1	NaN	NaN	NaN	NaN	NaN	NaN	NaN	NaN	GF00000014	Rhodotorula_mucilaginosa_TFCN_17-0-2E337-3.cds.fa_08772	Rhodotorula_mucilaginosa_TFCN_17-0-2E337-3.cds.fa_13322	NaN	NaN	NaN	NaN	NaN	NaN	NaN	NaN	TFCN1702E3373_008883-T1	TFCN1702E3373_013513-T1
TFCN1702E3373_001796-T1__TFCN1702E3373_008883-T1	NaN	NaN	NaN	NaN	NaN	NaN	NaN	NaN	GF00000014	Rhodotorula_mucilaginosa_TFCN_17-0-2E337-3.cds.fa_08772	Rhodotorula_mucilaginosa_TFCN_17-0-2E337-3.cds.fa_01784	NaN	NaN	NaN	NaN	NaN	NaN	NaN	NaN	TFCN1702E3373_008883-T1	TFCN1702E3373_001796-T1
TFCN1702E3373_008883-T1__TFCN1702E3373_014692-T1	NaN	NaN	NaN	NaN	NaN	NaN	NaN	NaN	GF00000014	Rhodotorula_mucilaginosa_TFCN_17-0-2E337-3.cds.fa_08772	Rhodotorula_mucilaginosa_TFCN_17-0-2E337-3.cds.fa_14471	NaN	NaN	NaN	NaN	NaN	NaN	NaN	NaN	TFCN1702E3373_008883-T1	TFCN1702E3373_014692-T1
TFCN1702E3373_002715-T1__TFCN1702E3373_008883-T1	NaN	NaN	NaN	NaN	NaN	NaN	NaN	NaN	GF00000014	Rhodotorula_mucilaginosa_TFCN_17-0-2E337-3.cds.fa_08772	Rhodotorula_mucilaginosa_TFCN_17-0-2E337-3.cds.fa_02682	NaN	NaN	NaN	NaN	NaN	NaN	NaN	NaN	TFCN1702E3373_008883-T1	TFCN1702E3373_002715-T1
TFCN1702E3373_008883-T1__TFCN1702E3373_009448-T1	NaN	NaN	NaN	NaN	NaN	NaN	NaN	NaN	GF00000014	Rhodotorula_mucilaginosa_TFCN_17-0-2E337-3.cds.fa_08772	Rhodotorula_mucilaginosa_TFCN_17-0-2E337-3.cds.fa_09330	NaN	NaN	NaN	NaN	NaN	NaN	NaN	NaN	TFCN1702E3373_008883-T1	TFCN1702E3373_009448-T1
TFCN1702E3373_008883-T1__TFCN1702E3373_011801-T1	NaN	NaN	NaN	NaN	NaN	NaN	NaN	NaN	GF00000014	Rhodotorula_mucilaginosa_TFCN_17-0-2E337-3.cds.fa_08772	Rhodotorula_mucilaginosa_TFCN_17-0-2E337-3.cds.fa_11648	NaN	NaN	NaN	NaN	NaN	NaN	NaN	NaN	TFCN1702E3373_008883-T1	TFCN1702E3373_011801-T1
TFCN1702E3373_008883-T1__TFCN1702E3373_014203-T1	NaN	NaN	NaN	NaN	NaN	NaN	NaN	NaN	GF00000014	Rhodotorula_mucilaginosa_TFCN_17-0-2E337-3.cds.fa_08772	Rhodotorula_mucilaginosa_TFCN_17-0-2E337-3.cds.fa_13996	NaN	NaN	NaN	NaN	NaN	NaN	NaN	NaN	TFCN1702E3373_008883-T1	TFCN1702E3373_014203-T1
TFCN1702E3373_001210-T1__TFCN1702E3373_003488-T1	NaN	NaN	NaN	NaN	NaN	NaN	NaN	NaN	GF00000014	Rhodotorula_mucilaginosa_TFCN_17-0-2E337-3.cds.fa_01200	Rhodotorula_mucilaginosa_TFCN_17-0-2E337-3.cds.fa_03443	NaN	NaN	NaN	NaN	NaN	NaN	NaN	NaN	TFCN1702E3373_001210-T1	TFCN1702E3373_003488-T1
TFCN1702E3373_001210-T1__TFCN1702E3373_009591-T1	NaN	NaN	NaN	NaN	NaN	NaN	NaN	NaN	GF00000014	Rhodotorula_mucilaginosa_TFCN_17-0-2E337-3.cds.fa_01200	Rhodotorula_mucilaginosa_TFCN_17-0-2E337-3.cds.fa_09473	NaN	NaN	NaN	NaN	NaN	NaN	NaN	NaN	TFCN1702E3373_001210-T1	TFCN1702E3373_009591-T1
TFCN1702E3373_001210-T1__TFCN1702E3373_013513-T1	NaN	NaN	NaN	NaN	NaN	NaN	NaN	NaN	GF00000014	Rhodotorula_mucilaginosa_TFCN_17-0-2E337-3.cds.fa_01200	Rhodotorula_mucilaginosa_TFCN_17-0-2E337-3.cds.fa_13322	NaN	NaN	NaN	NaN	NaN	NaN	NaN	NaN	TFCN1702E3373_001210-T1	TFCN1702E3373_013513-T1
TFCN1702E3373_001210-T1__TFCN1702E3373_001796-T1	NaN	NaN	NaN	NaN	NaN	NaN	NaN	NaN	GF00000014	Rhodotorula_mucilaginosa_TFCN_17-0-2E337-3.cds.fa_01200	Rhodotorula_mucilaginosa_TFCN_17-0-2E337-3.cds.fa_01784	NaN	NaN	NaN	NaN	NaN	NaN	NaN	NaN	TFCN1702E3373_001210-T1	TFCN1702E3373_001796-T1
TFCN1702E3373_001210-T1__TFCN1702E3373_014692-T1	NaN	NaN	NaN	NaN	NaN	NaN	NaN	NaN	GF00000014	Rhodotorula_mucilaginosa_TFCN_17-0-2E337-3.cds.fa_01200	Rhodotorula_mucilaginosa_TFCN_17-0-2E337-3.cds.fa_14471	NaN	NaN	NaN	NaN	NaN	NaN	NaN	NaN	TFCN1702E3373_001210-T1	TFCN1702E3373_014692-T1
TFCN1702E3373_001210-T1__TFCN1702E3373_002715-T1	NaN	NaN	NaN	NaN	NaN	NaN	NaN	NaN	GF00000014	Rhodotorula_mucilaginosa_TFCN_17-0-2E337-3.cds.fa_01200	Rhodotorula_mucilaginosa_TFCN_17-0-2E337-3.cds.fa_02682	NaN	NaN	NaN	NaN	NaN	NaN	NaN	NaN	TFCN1702E3373_001210-T1	TFCN1702E3373_002715-T1
TFCN1702E3373_001210-T1__TFCN1702E3373_009448-T1	NaN	NaN	NaN	NaN	NaN	NaN	NaN	NaN	GF00000014	Rhodotorula_mucilaginosa_TFCN_17-0-2E337-3.cds.fa_01200	Rhodotorula_mucilaginosa_TFCN_17-0-2E337-3.cds.fa_09330	NaN	NaN	NaN	NaN	NaN	NaN	NaN	NaN	TFCN1702E3373_001210-T1	TFCN1702E3373_009448-T1
TFCN1702E3373_001210-T1__TFCN1702E3373_011801-T1	NaN	NaN	NaN	NaN	NaN	NaN	NaN	NaN	GF00000014	Rhodotorula_mucilaginosa_TFCN_17-0-2E337-3.cds.fa_01200	Rhodotorula_mucilaginosa_TFCN_17-0-2E337-3.cds.fa_11648	NaN	NaN	NaN	NaN	NaN	NaN	NaN	NaN	TFCN1702E3373_001210-T1	TFCN1702E3373_011801-T1
TFCN1702E3373_001210-T1__TFCN1702E3373_014203-T1	NaN	NaN	NaN	NaN	NaN	NaN	NaN	NaN	GF00000014	Rhodotorula_mucilaginosa_TFCN_17-0-2E337-3.cds.fa_01200	Rhodotorula_mucilaginosa_TFCN_17-0-2E337-3.cds.fa_13996	NaN	NaN	NaN	NaN	NaN	NaN	NaN	NaN	TFCN1702E3373_001210-T1	TFCN1702E3373_014203-T1
TFCN1702E3373_003488-T1__TFCN1702E3373_009591-T1	NaN	NaN	NaN	NaN	NaN	NaN	NaN	NaN	GF00000014	Rhodotorula_mucilaginosa_TFCN_17-0-2E337-3.cds.fa_03443	Rhodotorula_mucilaginosa_TFCN_17-0-2E337-3.cds.fa_09473	NaN	NaN	NaN	NaN	NaN	NaN	NaN	NaN	TFCN1702E3373_003488-T1	TFCN1702E3373_009591-T1
TFCN1702E3373_003488-T1__TFCN1702E3373_013513-T1	NaN	NaN	NaN	NaN	NaN	NaN	NaN	NaN	GF00000014	Rhodotorula_mucilaginosa_TFCN_17-0-2E337-3.cds.fa_03443	Rhodotorula_mucilaginosa_TFCN_17-0-2E337-3.cds.fa_13322	NaN	NaN	NaN	NaN	NaN	NaN	NaN	NaN	TFCN1702E3373_003488-T1	TFCN1702E3373_013513-T1
TFCN1702E3373_001796-T1__TFCN1702E3373_003488-T1	NaN	NaN	NaN	NaN	NaN	NaN	NaN	NaN	GF00000014	Rhodotorula_mucilaginosa_TFCN_17-0-2E337-3.cds.fa_03443	Rhodotorula_mucilaginosa_TFCN_17-0-2E337-3.cds.fa_01784	NaN	NaN	NaN	NaN	NaN	NaN	NaN	NaN	TFCN1702E3373_003488-T1	TFCN1702E3373_001796-T1
TFCN1702E3373_003488-T1__TFCN1702E3373_014692-T1	NaN	NaN	NaN	NaN	NaN	NaN	NaN	NaN	GF00000014	Rhodotorula_mucilaginosa_TFCN_17-0-2E337-3.cds.fa_03443	Rhodotorula_mucilaginosa_TFCN_17-0-2E337-3.cds.fa_14471	NaN	NaN	NaN	NaN	NaN	NaN	NaN	NaN	TFCN1702E3373_003488-T1	TFCN1702E3373_014692-T1
TFCN1702E3373_002715-T1__TFCN1702E3373_003488-T1	NaN	NaN	NaN	NaN	NaN	NaN	NaN	NaN	GF00000014	Rhodotorula_mucilaginosa_TFCN_17-0-2E337-3.cds.fa_03443	Rhodotorula_mucilaginosa_TFCN_17-0-2E337-3.cds.fa_02682	NaN	NaN	NaN	NaN	NaN	NaN	NaN	NaN	TFCN1702E3373_003488-T1	TFCN1702E3373_002715-T1
TFCN1702E3373_003488-T1__TFCN1702E3373_009448-T1	NaN	NaN	NaN	NaN	NaN	NaN	NaN	NaN	GF00000014	Rhodotorula_mucilaginosa_TFCN_17-0-2E337-3.cds.fa_03443	Rhodotorula_mucilaginosa_TFCN_17-0-2E337-3.cds.fa_09330	NaN	NaN	NaN	NaN	NaN	NaN	NaN	NaN	TFCN1702E3373_003488-T1	TFCN1702E3373_009448-T1
TFCN1702E3373_003488-T1__TFCN1702E3373_011801-T1	NaN	NaN	NaN	NaN	NaN	NaN	NaN	NaN	GF00000014	Rhodotorula_mucilaginosa_TFCN_17-0-2E337-3.cds.fa_03443	Rhodotorula_mucilaginosa_TFCN_17-0-2E337-3.cds.fa_11648	NaN	NaN	NaN	NaN	NaN	NaN	NaN	NaN	TFCN1702E3373_003488-T1	TFCN1702E3373_011801-T1
TFCN1702E3373_003488-T1__TFCN1702E3373_014203-T1	NaN	NaN	NaN	NaN	NaN	NaN	NaN	NaN	GF00000014	Rhodotorula_mucilaginosa_TFCN_17-0-2E337-3.cds.fa_03443	Rhodotorula_mucilaginosa_TFCN_17-0-2E337-3.cds.fa_13996	NaN	NaN	NaN	NaN	NaN	NaN	NaN	NaN	TFCN1702E3373_003488-T1	TFCN1702E3373_014203-T1
TFCN1702E3373_009591-T1__TFCN1702E3373_013513-T1	NaN	NaN	NaN	NaN	NaN	NaN	NaN	NaN	GF00000014	Rhodotorula_mucilaginosa_TFCN_17-0-2E337-3.cds.fa_09473	Rhodotorula_mucilaginosa_TFCN_17-0-2E337-3.cds.fa_13322	NaN	NaN	NaN	NaN	NaN	NaN	NaN	NaN	TFCN1702E3373_009591-T1	TFCN1702E3373_013513-T1
TFCN1702E3373_001796-T1__TFCN1702E3373_009591-T1	NaN	NaN	NaN	NaN	NaN	NaN	NaN	NaN	GF00000014	Rhodotorula_mucilaginosa_TFCN_17-0-2E337-3.cds.fa_09473	Rhodotorula_mucilaginosa_TFCN_17-0-2E337-3.cds.fa_01784	NaN	NaN	NaN	NaN	NaN	NaN	NaN	NaN	TFCN1702E3373_009591-T1	TFCN1702E3373_001796-T1
TFCN1702E3373_009591-T1__TFCN1702E3373_014692-T1	NaN	NaN	NaN	NaN	NaN	NaN	NaN	NaN	GF00000014	Rhodotorula_mucilaginosa_TFCN_17-0-2E337-3.cds.fa_09473	Rhodotorula_mucilaginosa_TFCN_17-0-2E337-3.cds.fa_14471	NaN	NaN	NaN	NaN	NaN	NaN	NaN	NaN	TFCN1702E3373_009591-T1	TFCN1702E3373_014692-T1
TFCN1702E3373_002715-T1__TFCN1702E3373_009591-T1	NaN	NaN	NaN	NaN	NaN	NaN	NaN	NaN	GF00000014	Rhodotorula_mucilaginosa_TFCN_17-0-2E337-3.cds.fa_09473	Rhodotorula_mucilaginosa_TFCN_17-0-2E337-3.cds.fa_02682	NaN	NaN	NaN	NaN	NaN	NaN	NaN	NaN	TFCN1702E3373_009591-T1	TFCN1702E3373_002715-T1
TFCN1702E3373_009448-T1__TFCN1702E3373_009591-T1	NaN	NaN	NaN	NaN	NaN	NaN	NaN	NaN	GF00000014	Rhodotorula_mucilaginosa_TFCN_17-0-2E337-3.cds.fa_09473	Rhodotorula_mucilaginosa_TFCN_17-0-2E337-3.cds.fa_09330	NaN	NaN	NaN	NaN	NaN	NaN	NaN	NaN	TFCN1702E3373_009591-T1	TFCN1702E3373_009448-T1
TFCN1702E3373_009591-T1__TFCN1702E3373_011801-T1	NaN	NaN	NaN	NaN	NaN	NaN	NaN	NaN	GF00000014	Rhodotorula_mucilaginosa_TFCN_17-0-2E337-3.cds.fa_09473	Rhodotorula_mucilaginosa_TFCN_17-0-2E337-3.cds.fa_11648	NaN	NaN	NaN	NaN	NaN	NaN	NaN	NaN	TFCN1702E3373_009591-T1	TFCN1702E3373_011801-T1
TFCN1702E3373_009591-T1__TFCN1702E3373_014203-T1	NaN	NaN	NaN	NaN	NaN	NaN	NaN	NaN	GF00000014	Rhodotorula_mucilaginosa_TFCN_17-0-2E337-3.cds.fa_09473	Rhodotorula_mucilaginosa_TFCN_17-0-2E337-3.cds.fa_13996	NaN	NaN	NaN	NaN	NaN	NaN	NaN	NaN	TFCN1702E3373_009591-T1	TFCN1702E3373_014203-T1
TFCN1702E3373_001796-T1__TFCN1702E3373_013513-T1	NaN	NaN	NaN	NaN	NaN	NaN	NaN	NaN	GF00000014	Rhodotorula_mucilaginosa_TFCN_17-0-2E337-3.cds.fa_13322	Rhodotorula_mucilaginosa_TFCN_17-0-2E337-3.cds.fa_01784	NaN	NaN	NaN	NaN	NaN	NaN	NaN	NaN	TFCN1702E3373_013513-T1	TFCN1702E3373_001796-T1
TFCN1702E3373_013513-T1__TFCN1702E3373_014692-T1	NaN	NaN	NaN	NaN	NaN	NaN	NaN	NaN	GF00000014	Rhodotorula_mucilaginosa_TFCN_17-0-2E337-3.cds.fa_13322	Rhodotorula_mucilaginosa_TFCN_17-0-2E337-3.cds.fa_14471	NaN	NaN	NaN	NaN	NaN	NaN	NaN	NaN	TFCN1702E3373_013513-T1	TFCN1702E3373_014692-T1
TFCN1702E3373_002715-T1__TFCN1702E3373_013513-T1	NaN	NaN	NaN	NaN	NaN	NaN	NaN	NaN	GF00000014	Rhodotorula_mucilaginosa_TFCN_17-0-2E337-3.cds.fa_13322	Rhodotorula_mucilaginosa_TFCN_17-0-2E337-3.cds.fa_02682	NaN	NaN	NaN	NaN	NaN	NaN	NaN	NaN	TFCN1702E3373_013513-T1	TFCN1702E3373_002715-T1
TFCN1702E3373_009448-T1__TFCN1702E3373_013513-T1	NaN	NaN	NaN	NaN	NaN	NaN	NaN	NaN	GF00000014	Rhodotorula_mucilaginosa_TFCN_17-0-2E337-3.cds.fa_13322	Rhodotorula_mucilaginosa_TFCN_17-0-2E337-3.cds.fa_09330	NaN	NaN	NaN	NaN	NaN	NaN	NaN	NaN	TFCN1702E3373_013513-T1	TFCN1702E3373_009448-T1
TFCN1702E3373_011801-T1__TFCN1702E3373_013513-T1	NaN	NaN	NaN	NaN	NaN	NaN	NaN	NaN	GF00000014	Rhodotorula_mucilaginosa_TFCN_17-0-2E337-3.cds.fa_13322	Rhodotorula_mucilaginosa_TFCN_17-0-2E337-3.cds.fa_11648	NaN	NaN	NaN	NaN	NaN	NaN	NaN	NaN	TFCN1702E3373_013513-T1	TFCN1702E3373_011801-T1
TFCN1702E3373_013513-T1__TFCN1702E3373_014203-T1	NaN	NaN	NaN	NaN	NaN	NaN	NaN	NaN	GF00000014	Rhodotorula_mucilaginosa_TFCN_17-0-2E337-3.cds.fa_13322	Rhodotorula_mucilaginosa_TFCN_17-0-2E337-3.cds.fa_13996	NaN	NaN	NaN	NaN	NaN	NaN	NaN	NaN	TFCN1702E3373_013513-T1	TFCN1702E3373_014203-T1
TFCN1702E3373_001796-T1__TFCN1702E3373_014692-T1	NaN	NaN	NaN	NaN	NaN	NaN	NaN	NaN	GF00000014	Rhodotorula_mucilaginosa_TFCN_17-0-2E337-3.cds.fa_01784	Rhodotorula_mucilaginosa_TFCN_17-0-2E337-3.cds.fa_14471	NaN	NaN	NaN	NaN	NaN	NaN	NaN	NaN	TFCN1702E3373_001796-T1	TFCN1702E3373_014692-T1
TFCN1702E3373_001796-T1__TFCN1702E3373_002715-T1	NaN	NaN	NaN	NaN	NaN	NaN	NaN	NaN	GF00000014	Rhodotorula_mucilaginosa_TFCN_17-0-2E337-3.cds.fa_01784	Rhodotorula_mucilaginosa_TFCN_17-0-2E337-3.cds.fa_02682	NaN	NaN	NaN	NaN	NaN	NaN	NaN	NaN	TFCN1702E3373_001796-T1	TFCN1702E3373_002715-T1
TFCN1702E3373_001796-T1__TFCN1702E3373_009448-T1	NaN	NaN	NaN	NaN	NaN	NaN	NaN	NaN	GF00000014	Rhodotorula_mucilaginosa_TFCN_17-0-2E337-3.cds.fa_01784	Rhodotorula_mucilaginosa_TFCN_17-0-2E337-3.cds.fa_09330	NaN	NaN	NaN	NaN	NaN	NaN	NaN	NaN	TFCN1702E3373_001796-T1	TFCN1702E3373_009448-T1
TFCN1702E3373_001796-T1__TFCN1702E3373_011801-T1	NaN	NaN	NaN	NaN	NaN	NaN	NaN	NaN	GF00000014	Rhodotorula_mucilaginosa_TFCN_17-0-2E337-3.cds.fa_01784	Rhodotorula_mucilaginosa_TFCN_17-0-2E337-3.cds.fa_11648	NaN	NaN	NaN	NaN	NaN	NaN	NaN	NaN	TFCN1702E3373_001796-T1	TFCN1702E3373_011801-T1
TFCN1702E3373_001796-T1__TFCN1702E3373_014203-T1	NaN	NaN	NaN	NaN	NaN	NaN	NaN	NaN	GF00000014	Rhodotorula_mucilaginosa_TFCN_17-0-2E337-3.cds.fa_01784	Rhodotorula_mucilaginosa_TFCN_17-0-2E337-3.cds.fa_13996	NaN	NaN	NaN	NaN	NaN	NaN	NaN	NaN	TFCN1702E3373_001796-T1	TFCN1702E3373_014203-T1
TFCN1702E3373_002715-T1__TFCN1702E3373_014692-T1	NaN	NaN	NaN	NaN	NaN	NaN	NaN	NaN	GF00000014	Rhodotorula_mucilaginosa_TFCN_17-0-2E337-3.cds.fa_14471	Rhodotorula_mucilaginosa_TFCN_17-0-2E337-3.cds.fa_02682	NaN	NaN	NaN	NaN	NaN	NaN	NaN	NaN	TFCN1702E3373_014692-T1	TFCN1702E3373_002715-T1
TFCN1702E3373_009448-T1__TFCN1702E3373_014692-T1	NaN	NaN	NaN	NaN	NaN	NaN	NaN	NaN	GF00000014	Rhodotorula_mucilaginosa_TFCN_17-0-2E337-3.cds.fa_14471	Rhodotorula_mucilaginosa_TFCN_17-0-2E337-3.cds.fa_09330	NaN	NaN	NaN	NaN	NaN	NaN	NaN	NaN	TFCN1702E3373_014692-T1	TFCN1702E3373_009448-T1
TFCN1702E3373_011801-T1__TFCN1702E3373_014692-T1	NaN	NaN	NaN	NaN	NaN	NaN	NaN	NaN	GF00000014	Rhodotorula_mucilaginosa_TFCN_17-0-2E337-3.cds.fa_14471	Rhodotorula_mucilaginosa_TFCN_17-0-2E337-3.cds.fa_11648	NaN	NaN	NaN	NaN	NaN	NaN	NaN	NaN	TFCN1702E3373_014692-T1	TFCN1702E3373_011801-T1
TFCN1702E3373_014203-T1__TFCN1702E3373_014692-T1	NaN	NaN	NaN	NaN	NaN	NaN	NaN	NaN	GF00000014	Rhodotorula_mucilaginosa_TFCN_17-0-2E337-3.cds.fa_14471	Rhodotorula_mucilaginosa_TFCN_17-0-2E337-3.cds.fa_13996	NaN	NaN	NaN	NaN	NaN	NaN	NaN	NaN	TFCN1702E3373_014692-T1	TFCN1702E3373_014203-T1
TFCN1702E3373_002715-T1__TFCN1702E3373_009448-T1	NaN	NaN	NaN	NaN	NaN	NaN	NaN	NaN	GF00000014	Rhodotorula_mucilaginosa_TFCN_17-0-2E337-3.cds.fa_02682	Rhodotorula_mucilaginosa_TFCN_17-0-2E337-3.cds.fa_09330	NaN	NaN	NaN	NaN	NaN	NaN	NaN	NaN	TFCN1702E3373_002715-T1	TFCN1702E3373_009448-T1
TFCN1702E3373_002715-T1__TFCN1702E3373_011801-T1	NaN	NaN	NaN	NaN	NaN	NaN	NaN	NaN	GF00000014	Rhodotorula_mucilaginosa_TFCN_17-0-2E337-3.cds.fa_02682	Rhodotorula_mucilaginosa_TFCN_17-0-2E337-3.cds.fa_11648	NaN	NaN	NaN	NaN	NaN	NaN	NaN	NaN	TFCN1702E3373_002715-T1	TFCN1702E3373_011801-T1
TFCN1702E3373_002715-T1__TFCN1702E3373_014203-T1	NaN	NaN	NaN	NaN	NaN	NaN	NaN	NaN	GF00000014	Rhodotorula_mucilaginosa_TFCN_17-0-2E337-3.cds.fa_02682	Rhodotorula_mucilaginosa_TFCN_17-0-2E337-3.cds.fa_13996	NaN	NaN	NaN	NaN	NaN	NaN	NaN	NaN	TFCN1702E3373_002715-T1	TFCN1702E3373_014203-T1
TFCN1702E3373_009448-T1__TFCN1702E3373_011801-T1	NaN	NaN	NaN	NaN	NaN	NaN	NaN	NaN	GF00000014	Rhodotorula_mucilaginosa_TFCN_17-0-2E337-3.cds.fa_09330	Rhodotorula_mucilaginosa_TFCN_17-0-2E337-3.cds.fa_11648	NaN	NaN	NaN	NaN	NaN	NaN	NaN	NaN	TFCN1702E3373_009448-T1	TFCN1702E3373_011801-T1
TFCN1702E3373_009448-T1__TFCN1702E3373_014203-T1	NaN	NaN	NaN	NaN	NaN	NaN	NaN	NaN	GF00000014	Rhodotorula_mucilaginosa_TFCN_17-0-2E337-3.cds.fa_09330	Rhodotorula_mucilaginosa_TFCN_17-0-2E337-3.cds.fa_13996	NaN	NaN	NaN	NaN	NaN	NaN	NaN	NaN	TFCN1702E3373_009448-T1	TFCN1702E3373_014203-T1
TFCN1702E3373_011801-T1__TFCN1702E3373_014203-T1	NaN	NaN	NaN	NaN	NaN	NaN	NaN	NaN	GF00000014	Rhodotorula_mucilaginosa_TFCN_17-0-2E337-3.cds.fa_11648	Rhodotorula_mucilaginosa_TFCN_17-0-2E337-3.cds.fa_13996	NaN	NaN	NaN	NaN	NaN	NaN	NaN	NaN	TFCN1702E3373_011801-T1	TFCN1702E3373_014203-T1
TFCN1702E3373_002426-T1__TFCN1702E3373_008811-T1	NaN	NaN	NaN	NaN	NaN	NaN	NaN	NaN	GF00000015	Rhodotorula_mucilaginosa_TFCN_17-0-2E337-3.cds.fa_08700	Rhodotorula_mucilaginosa_TFCN_17-0-2E337-3.cds.fa_02400	NaN	NaN	NaN	NaN	NaN	NaN	NaN	NaN	TFCN1702E3373_008811-T1	TFCN1702E3373_002426-T1
TFCN1702E3373_008811-T1__TFCN1702E3373_009172-T1	NaN	NaN	NaN	NaN	NaN	NaN	NaN	NaN	GF00000015	Rhodotorula_mucilaginosa_TFCN_17-0-2E337-3.cds.fa_08700	Rhodotorula_mucilaginosa_TFCN_17-0-2E337-3.cds.fa_09056	NaN	NaN	NaN	NaN	NaN	NaN	NaN	NaN	TFCN1702E3373_008811-T1	TFCN1702E3373_009172-T1
TFCN1702E3373_006866-T1__TFCN1702E3373_008811-T1	NaN	NaN	NaN	NaN	NaN	NaN	NaN	NaN	GF00000015	Rhodotorula_mucilaginosa_TFCN_17-0-2E337-3.cds.fa_08700	Rhodotorula_mucilaginosa_TFCN_17-0-2E337-3.cds.fa_06784	NaN	NaN	NaN	NaN	NaN	NaN	NaN	NaN	TFCN1702E3373_008811-T1	TFCN1702E3373_006866-T1
TFCN1702E3373_006839-T1__TFCN1702E3373_008811-T1	NaN	NaN	NaN	NaN	NaN	NaN	NaN	NaN	GF00000015	Rhodotorula_mucilaginosa_TFCN_17-0-2E337-3.cds.fa_08700	Rhodotorula_mucilaginosa_TFCN_17-0-2E337-3.cds.fa_06760	NaN	NaN	NaN	NaN	NaN	NaN	NaN	NaN	TFCN1702E3373_008811-T1	TFCN1702E3373_006839-T1
TFCN1702E3373_008596-T1__TFCN1702E3373_008811-T1	NaN	NaN	NaN	NaN	NaN	NaN	NaN	NaN	GF00000015	Rhodotorula_mucilaginosa_TFCN_17-0-2E337-3.cds.fa_08700	Rhodotorula_mucilaginosa_TFCN_17-0-2E337-3.cds.fa_08486	NaN	NaN	NaN	NaN	NaN	NaN	NaN	NaN	TFCN1702E3373_008811-T1	TFCN1702E3373_008596-T1
TFCN1702E3373_008811-T1__TFCN1702E3373_009129-T1	NaN	NaN	NaN	NaN	NaN	NaN	NaN	NaN	GF00000015	Rhodotorula_mucilaginosa_TFCN_17-0-2E337-3.cds.fa_08700	Rhodotorula_mucilaginosa_TFCN_17-0-2E337-3.cds.fa_09014	NaN	NaN	NaN	NaN	NaN	NaN	NaN	NaN	TFCN1702E3373_008811-T1	TFCN1702E3373_009129-T1
TFCN1702E3373_008811-T1__TFCN1702E3373_013470-T1	NaN	NaN	NaN	NaN	NaN	NaN	NaN	NaN	GF00000015	Rhodotorula_mucilaginosa_TFCN_17-0-2E337-3.cds.fa_08700	Rhodotorula_mucilaginosa_TFCN_17-0-2E337-3.cds.fa_13279	NaN	NaN	NaN	NaN	NaN	NaN	NaN	NaN	TFCN1702E3373_008811-T1	TFCN1702E3373_013470-T1
TFCN1702E3373_008485-T1__TFCN1702E3373_008811-T1	NaN	NaN	NaN	NaN	NaN	NaN	NaN	NaN	GF00000015	Rhodotorula_mucilaginosa_TFCN_17-0-2E337-3.cds.fa_08700	Rhodotorula_mucilaginosa_TFCN_17-0-2E337-3.cds.fa_08376	NaN	NaN	NaN	NaN	NaN	NaN	NaN	NaN	TFCN1702E3373_008811-T1	TFCN1702E3373_008485-T1
TFCN1702E3373_008811-T1__TFCN1702E3373_013324-T1	NaN	NaN	NaN	NaN	NaN	NaN	NaN	NaN	GF00000015	Rhodotorula_mucilaginosa_TFCN_17-0-2E337-3.cds.fa_08700	Rhodotorula_mucilaginosa_TFCN_17-0-2E337-3.cds.fa_13139	NaN	NaN	NaN	NaN	NaN	NaN	NaN	NaN	TFCN1702E3373_008811-T1	TFCN1702E3373_013324-T1
TFCN1702E3373_006865-T1__TFCN1702E3373_008811-T1	NaN	NaN	NaN	NaN	NaN	NaN	NaN	NaN	GF00000015	Rhodotorula_mucilaginosa_TFCN_17-0-2E337-3.cds.fa_08700	Rhodotorula_mucilaginosa_TFCN_17-0-2E337-3.cds.fa_06783	NaN	NaN	NaN	NaN	NaN	NaN	NaN	NaN	TFCN1702E3373_008811-T1	TFCN1702E3373_006865-T1
TFCN1702E3373_007110-T1__TFCN1702E3373_008811-T1	NaN	NaN	NaN	NaN	NaN	NaN	NaN	NaN	GF00000015	Rhodotorula_mucilaginosa_TFCN_17-0-2E337-3.cds.fa_08700	Rhodotorula_mucilaginosa_TFCN_17-0-2E337-3.cds.fa_07025	NaN	NaN	NaN	NaN	NaN	NaN	NaN	NaN	TFCN1702E3373_008811-T1	TFCN1702E3373_007110-T1
TFCN1702E3373_008811-T1__TFCN1702E3373_011080-T1	NaN	NaN	NaN	NaN	NaN	NaN	NaN	NaN	GF00000015	Rhodotorula_mucilaginosa_TFCN_17-0-2E337-3.cds.fa_08700	Rhodotorula_mucilaginosa_TFCN_17-0-2E337-3.cds.fa_10934	NaN	NaN	NaN	NaN	NaN	NaN	NaN	NaN	TFCN1702E3373_008811-T1	TFCN1702E3373_011080-T1
TFCN1702E3373_007109-T1__TFCN1702E3373_008811-T1	NaN	NaN	NaN	NaN	NaN	NaN	NaN	NaN	GF00000015	Rhodotorula_mucilaginosa_TFCN_17-0-2E337-3.cds.fa_08700	Rhodotorula_mucilaginosa_TFCN_17-0-2E337-3.cds.fa_07024	NaN	NaN	NaN	NaN	NaN	NaN	NaN	NaN	TFCN1702E3373_008811-T1	TFCN1702E3373_007109-T1
TFCN1702E3373_008811-T1__TFCN1702E3373_011082-T1	NaN	NaN	NaN	NaN	NaN	NaN	NaN	NaN	GF00000015	Rhodotorula_mucilaginosa_TFCN_17-0-2E337-3.cds.fa_08700	Rhodotorula_mucilaginosa_TFCN_17-0-2E337-3.cds.fa_10936	NaN	NaN	NaN	NaN	NaN	NaN	NaN	NaN	TFCN1702E3373_008811-T1	TFCN1702E3373_011082-T1
TFCN1702E3373_008811-T1__TFCN1702E3373_011081-T1	NaN	NaN	NaN	NaN	NaN	NaN	NaN	NaN	GF00000015	Rhodotorula_mucilaginosa_TFCN_17-0-2E337-3.cds.fa_08700	Rhodotorula_mucilaginosa_TFCN_17-0-2E337-3.cds.fa_10935	NaN	NaN	NaN	NaN	NaN	NaN	NaN	NaN	TFCN1702E3373_008811-T1	TFCN1702E3373_011081-T1
TFCN1702E3373_002426-T1__TFCN1702E3373_009172-T1	NaN	NaN	NaN	NaN	NaN	NaN	NaN	NaN	GF00000015	Rhodotorula_mucilaginosa_TFCN_17-0-2E337-3.cds.fa_02400	Rhodotorula_mucilaginosa_TFCN_17-0-2E337-3.cds.fa_09056	NaN	NaN	NaN	NaN	NaN	NaN	NaN	NaN	TFCN1702E3373_002426-T1	TFCN1702E3373_009172-T1
TFCN1702E3373_002426-T1__TFCN1702E3373_006866-T1	NaN	NaN	NaN	NaN	NaN	NaN	NaN	NaN	GF00000015	Rhodotorula_mucilaginosa_TFCN_17-0-2E337-3.cds.fa_02400	Rhodotorula_mucilaginosa_TFCN_17-0-2E337-3.cds.fa_06784	NaN	NaN	NaN	NaN	NaN	NaN	NaN	NaN	TFCN1702E3373_002426-T1	TFCN1702E3373_006866-T1
TFCN1702E3373_002426-T1__TFCN1702E3373_006839-T1	NaN	NaN	NaN	NaN	NaN	NaN	NaN	NaN	GF00000015	Rhodotorula_mucilaginosa_TFCN_17-0-2E337-3.cds.fa_02400	Rhodotorula_mucilaginosa_TFCN_17-0-2E337-3.cds.fa_06760	NaN	NaN	NaN	NaN	NaN	NaN	NaN	NaN	TFCN1702E3373_002426-T1	TFCN1702E3373_006839-T1
TFCN1702E3373_002426-T1__TFCN1702E3373_008596-T1	NaN	NaN	NaN	NaN	NaN	NaN	NaN	NaN	GF00000015	Rhodotorula_mucilaginosa_TFCN_17-0-2E337-3.cds.fa_02400	Rhodotorula_mucilaginosa_TFCN_17-0-2E337-3.cds.fa_08486	NaN	NaN	NaN	NaN	NaN	NaN	NaN	NaN	TFCN1702E3373_002426-T1	TFCN1702E3373_008596-T1
TFCN1702E3373_002426-T1__TFCN1702E3373_009129-T1	NaN	NaN	NaN	NaN	NaN	NaN	NaN	NaN	GF00000015	Rhodotorula_mucilaginosa_TFCN_17-0-2E337-3.cds.fa_02400	Rhodotorula_mucilaginosa_TFCN_17-0-2E337-3.cds.fa_09014	NaN	NaN	NaN	NaN	NaN	NaN	NaN	NaN	TFCN1702E3373_002426-T1	TFCN1702E3373_009129-T1
TFCN1702E3373_002426-T1__TFCN1702E3373_013470-T1	NaN	NaN	NaN	NaN	NaN	NaN	NaN	NaN	GF00000015	Rhodotorula_mucilaginosa_TFCN_17-0-2E337-3.cds.fa_02400	Rhodotorula_mucilaginosa_TFCN_17-0-2E337-3.cds.fa_13279	NaN	NaN	NaN	NaN	NaN	NaN	NaN	NaN	TFCN1702E3373_002426-T1	TFCN1702E3373_013470-T1
TFCN1702E3373_002426-T1__TFCN1702E3373_008485-T1	NaN	NaN	NaN	NaN	NaN	NaN	NaN	NaN	GF00000015	Rhodotorula_mucilaginosa_TFCN_17-0-2E337-3.cds.fa_02400	Rhodotorula_mucilaginosa_TFCN_17-0-2E337-3.cds.fa_08376	NaN	NaN	NaN	NaN	NaN	NaN	NaN	NaN	TFCN1702E3373_002426-T1	TFCN1702E3373_008485-T1
TFCN1702E3373_002426-T1__TFCN1702E3373_013324-T1	NaN	NaN	NaN	NaN	NaN	NaN	NaN	NaN	GF00000015	Rhodotorula_mucilaginosa_TFCN_17-0-2E337-3.cds.fa_02400	Rhodotorula_mucilaginosa_TFCN_17-0-2E337-3.cds.fa_13139	NaN	NaN	NaN	NaN	NaN	NaN	NaN	NaN	TFCN1702E3373_002426-T1	TFCN1702E3373_013324-T1
TFCN1702E3373_002426-T1__TFCN1702E3373_006865-T1	NaN	NaN	NaN	NaN	NaN	NaN	NaN	NaN	GF00000015	Rhodotorula_mucilaginosa_TFCN_17-0-2E337-3.cds.fa_02400	Rhodotorula_mucilaginosa_TFCN_17-0-2E337-3.cds.fa_06783	NaN	NaN	NaN	NaN	NaN	NaN	NaN	NaN	TFCN1702E3373_002426-T1	TFCN1702E3373_006865-T1
TFCN1702E3373_002426-T1__TFCN1702E3373_007110-T1	NaN	NaN	NaN	NaN	NaN	NaN	NaN	NaN	GF00000015	Rhodotorula_mucilaginosa_TFCN_17-0-2E337-3.cds.fa_02400	Rhodotorula_mucilaginosa_TFCN_17-0-2E337-3.cds.fa_07025	NaN	NaN	NaN	NaN	NaN	NaN	NaN	NaN	TFCN1702E3373_002426-T1	TFCN1702E3373_007110-T1
TFCN1702E3373_002426-T1__TFCN1702E3373_011080-T1	NaN	NaN	NaN	NaN	NaN	NaN	NaN	NaN	GF00000015	Rhodotorula_mucilaginosa_TFCN_17-0-2E337-3.cds.fa_02400	Rhodotorula_mucilaginosa_TFCN_17-0-2E337-3.cds.fa_10934	NaN	NaN	NaN	NaN	NaN	NaN	NaN	NaN	TFCN1702E3373_002426-T1	TFCN1702E3373_011080-T1
TFCN1702E3373_002426-T1__TFCN1702E3373_007109-T1	NaN	NaN	NaN	NaN	NaN	NaN	NaN	NaN	GF00000015	Rhodotorula_mucilaginosa_TFCN_17-0-2E337-3.cds.fa_02400	Rhodotorula_mucilaginosa_TFCN_17-0-2E337-3.cds.fa_07024	NaN	NaN	NaN	NaN	NaN	NaN	NaN	NaN	TFCN1702E3373_002426-T1	TFCN1702E3373_007109-T1
TFCN1702E3373_002426-T1__TFCN1702E3373_011082-T1	NaN	NaN	NaN	NaN	NaN	NaN	NaN	NaN	GF00000015	Rhodotorula_mucilaginosa_TFCN_17-0-2E337-3.cds.fa_02400	Rhodotorula_mucilaginosa_TFCN_17-0-2E337-3.cds.fa_10936	NaN	NaN	NaN	NaN	NaN	NaN	NaN	NaN	TFCN1702E3373_002426-T1	TFCN1702E3373_011082-T1
TFCN1702E3373_002426-T1__TFCN1702E3373_011081-T1	NaN	NaN	NaN	NaN	NaN	NaN	NaN	NaN	GF00000015	Rhodotorula_mucilaginosa_TFCN_17-0-2E337-3.cds.fa_02400	Rhodotorula_mucilaginosa_TFCN_17-0-2E337-3.cds.fa_10935	NaN	NaN	NaN	NaN	NaN	NaN	NaN	NaN	TFCN1702E3373_002426-T1	TFCN1702E3373_011081-T1
TFCN1702E3373_006866-T1__TFCN1702E3373_009172-T1	NaN	NaN	NaN	NaN	NaN	NaN	NaN	NaN	GF00000015	Rhodotorula_mucilaginosa_TFCN_17-0-2E337-3.cds.fa_09056	Rhodotorula_mucilaginosa_TFCN_17-0-2E337-3.cds.fa_06784	NaN	NaN	NaN	NaN	NaN	NaN	NaN	NaN	TFCN1702E3373_009172-T1	TFCN1702E3373_006866-T1
TFCN1702E3373_006839-T1__TFCN1702E3373_009172-T1	NaN	NaN	NaN	NaN	NaN	NaN	NaN	NaN	GF00000015	Rhodotorula_mucilaginosa_TFCN_17-0-2E337-3.cds.fa_09056	Rhodotorula_mucilaginosa_TFCN_17-0-2E337-3.cds.fa_06760	NaN	NaN	NaN	NaN	NaN	NaN	NaN	NaN	TFCN1702E3373_009172-T1	TFCN1702E3373_006839-T1
TFCN1702E3373_008596-T1__TFCN1702E3373_009172-T1	NaN	NaN	NaN	NaN	NaN	NaN	NaN	NaN	GF00000015	Rhodotorula_mucilaginosa_TFCN_17-0-2E337-3.cds.fa_09056	Rhodotorula_mucilaginosa_TFCN_17-0-2E337-3.cds.fa_08486	NaN	NaN	NaN	NaN	NaN	NaN	NaN	NaN	TFCN1702E3373_009172-T1	TFCN1702E3373_008596-T1
TFCN1702E3373_009129-T1__TFCN1702E3373_009172-T1	NaN	NaN	NaN	NaN	NaN	NaN	NaN	NaN	GF00000015	Rhodotorula_mucilaginosa_TFCN_17-0-2E337-3.cds.fa_09056	Rhodotorula_mucilaginosa_TFCN_17-0-2E337-3.cds.fa_09014	NaN	NaN	NaN	NaN	NaN	NaN	NaN	NaN	TFCN1702E3373_009172-T1	TFCN1702E3373_009129-T1
TFCN1702E3373_009172-T1__TFCN1702E3373_013470-T1	NaN	NaN	NaN	NaN	NaN	NaN	NaN	NaN	GF00000015	Rhodotorula_mucilaginosa_TFCN_17-0-2E337-3.cds.fa_09056	Rhodotorula_mucilaginosa_TFCN_17-0-2E337-3.cds.fa_13279	NaN	NaN	NaN	NaN	NaN	NaN	NaN	NaN	TFCN1702E3373_009172-T1	TFCN1702E3373_013470-T1
TFCN1702E3373_008485-T1__TFCN1702E3373_009172-T1	NaN	NaN	NaN	NaN	NaN	NaN	NaN	NaN	GF00000015	Rhodotorula_mucilaginosa_TFCN_17-0-2E337-3.cds.fa_09056	Rhodotorula_mucilaginosa_TFCN_17-0-2E337-3.cds.fa_08376	NaN	NaN	NaN	NaN	NaN	NaN	NaN	NaN	TFCN1702E3373_009172-T1	TFCN1702E3373_008485-T1
TFCN1702E3373_009172-T1__TFCN1702E3373_013324-T1	NaN	NaN	NaN	NaN	NaN	NaN	NaN	NaN	GF00000015	Rhodotorula_mucilaginosa_TFCN_17-0-2E337-3.cds.fa_09056	Rhodotorula_mucilaginosa_TFCN_17-0-2E337-3.cds.fa_13139	NaN	NaN	NaN	NaN	NaN	NaN	NaN	NaN	TFCN1702E3373_009172-T1	TFCN1702E3373_013324-T1
TFCN1702E3373_006865-T1__TFCN1702E3373_009172-T1	NaN	NaN	NaN	NaN	NaN	NaN	NaN	NaN	GF00000015	Rhodotorula_mucilaginosa_TFCN_17-0-2E337-3.cds.fa_09056	Rhodotorula_mucilaginosa_TFCN_17-0-2E337-3.cds.fa_06783	NaN	NaN	NaN	NaN	NaN	NaN	NaN	NaN	TFCN1702E3373_009172-T1	TFCN1702E3373_006865-T1
TFCN1702E3373_007110-T1__TFCN1702E3373_009172-T1	NaN	NaN	NaN	NaN	NaN	NaN	NaN	NaN	GF00000015	Rhodotorula_mucilaginosa_TFCN_17-0-2E337-3.cds.fa_09056	Rhodotorula_mucilaginosa_TFCN_17-0-2E337-3.cds.fa_07025	NaN	NaN	NaN	NaN	NaN	NaN	NaN	NaN	TFCN1702E3373_009172-T1	TFCN1702E3373_007110-T1
TFCN1702E3373_009172-T1__TFCN1702E3373_011080-T1	NaN	NaN	NaN	NaN	NaN	NaN	NaN	NaN	GF00000015	Rhodotorula_mucilaginosa_TFCN_17-0-2E337-3.cds.fa_09056	Rhodotorula_mucilaginosa_TFCN_17-0-2E337-3.cds.fa_10934	NaN	NaN	NaN	NaN	NaN	NaN	NaN	NaN	TFCN1702E3373_009172-T1	TFCN1702E3373_011080-T1
TFCN1702E3373_007109-T1__TFCN1702E3373_009172-T1	NaN	NaN	NaN	NaN	NaN	NaN	NaN	NaN	GF00000015	Rhodotorula_mucilaginosa_TFCN_17-0-2E337-3.cds.fa_09056	Rhodotorula_mucilaginosa_TFCN_17-0-2E337-3.cds.fa_07024	NaN	NaN	NaN	NaN	NaN	NaN	NaN	NaN	TFCN1702E3373_009172-T1	TFCN1702E3373_007109-T1
TFCN1702E3373_009172-T1__TFCN1702E3373_011082-T1	NaN	NaN	NaN	NaN	NaN	NaN	NaN	NaN	GF00000015	Rhodotorula_mucilaginosa_TFCN_17-0-2E337-3.cds.fa_09056	Rhodotorula_mucilaginosa_TFCN_17-0-2E337-3.cds.fa_10936	NaN	NaN	NaN	NaN	NaN	NaN	NaN	NaN	TFCN1702E3373_009172-T1	TFCN1702E3373_011082-T1
TFCN1702E3373_009172-T1__TFCN1702E3373_011081-T1	NaN	NaN	NaN	NaN	NaN	NaN	NaN	NaN	GF00000015	Rhodotorula_mucilaginosa_TFCN_17-0-2E337-3.cds.fa_09056	Rhodotorula_mucilaginosa_TFCN_17-0-2E337-3.cds.fa_10935	NaN	NaN	NaN	NaN	NaN	NaN	NaN	NaN	TFCN1702E3373_009172-T1	TFCN1702E3373_011081-T1
TFCN1702E3373_006839-T1__TFCN1702E3373_006866-T1	NaN	NaN	NaN	NaN	NaN	NaN	NaN	NaN	GF00000015	Rhodotorula_mucilaginosa_TFCN_17-0-2E337-3.cds.fa_06784	Rhodotorula_mucilaginosa_TFCN_17-0-2E337-3.cds.fa_06760	NaN	NaN	NaN	NaN	NaN	NaN	NaN	NaN	TFCN1702E3373_006866-T1	TFCN1702E3373_006839-T1
TFCN1702E3373_006866-T1__TFCN1702E3373_008596-T1	NaN	NaN	NaN	NaN	NaN	NaN	NaN	NaN	GF00000015	Rhodotorula_mucilaginosa_TFCN_17-0-2E337-3.cds.fa_06784	Rhodotorula_mucilaginosa_TFCN_17-0-2E337-3.cds.fa_08486	NaN	NaN	NaN	NaN	NaN	NaN	NaN	NaN	TFCN1702E3373_006866-T1	TFCN1702E3373_008596-T1
TFCN1702E3373_006866-T1__TFCN1702E3373_009129-T1	NaN	NaN	NaN	NaN	NaN	NaN	NaN	NaN	GF00000015	Rhodotorula_mucilaginosa_TFCN_17-0-2E337-3.cds.fa_06784	Rhodotorula_mucilaginosa_TFCN_17-0-2E337-3.cds.fa_09014	NaN	NaN	NaN	NaN	NaN	NaN	NaN	NaN	TFCN1702E3373_006866-T1	TFCN1702E3373_009129-T1
TFCN1702E3373_006866-T1__TFCN1702E3373_013470-T1	NaN	NaN	NaN	NaN	NaN	NaN	NaN	NaN	GF00000015	Rhodotorula_mucilaginosa_TFCN_17-0-2E337-3.cds.fa_06784	Rhodotorula_mucilaginosa_TFCN_17-0-2E337-3.cds.fa_13279	NaN	NaN	NaN	NaN	NaN	NaN	NaN	NaN	TFCN1702E3373_006866-T1	TFCN1702E3373_013470-T1
TFCN1702E3373_006866-T1__TFCN1702E3373_008485-T1	NaN	NaN	NaN	NaN	NaN	NaN	NaN	NaN	GF00000015	Rhodotorula_mucilaginosa_TFCN_17-0-2E337-3.cds.fa_06784	Rhodotorula_mucilaginosa_TFCN_17-0-2E337-3.cds.fa_08376	NaN	NaN	NaN	NaN	NaN	NaN	NaN	NaN	TFCN1702E3373_006866-T1	TFCN1702E3373_008485-T1
TFCN1702E3373_006866-T1__TFCN1702E3373_013324-T1	NaN	NaN	NaN	NaN	NaN	NaN	NaN	NaN	GF00000015	Rhodotorula_mucilaginosa_TFCN_17-0-2E337-3.cds.fa_06784	Rhodotorula_mucilaginosa_TFCN_17-0-2E337-3.cds.fa_13139	NaN	NaN	NaN	NaN	NaN	NaN	NaN	NaN	TFCN1702E3373_006866-T1	TFCN1702E3373_013324-T1
TFCN1702E3373_006865-T1__TFCN1702E3373_006866-T1	NaN	NaN	NaN	NaN	NaN	NaN	NaN	NaN	GF00000015	Rhodotorula_mucilaginosa_TFCN_17-0-2E337-3.cds.fa_06784	Rhodotorula_mucilaginosa_TFCN_17-0-2E337-3.cds.fa_06783	NaN	NaN	NaN	NaN	NaN	NaN	NaN	NaN	TFCN1702E3373_006866-T1	TFCN1702E3373_006865-T1
TFCN1702E3373_006866-T1__TFCN1702E3373_007110-T1	NaN	NaN	NaN	NaN	NaN	NaN	NaN	NaN	GF00000015	Rhodotorula_mucilaginosa_TFCN_17-0-2E337-3.cds.fa_06784	Rhodotorula_mucilaginosa_TFCN_17-0-2E337-3.cds.fa_07025	NaN	NaN	NaN	NaN	NaN	NaN	NaN	NaN	TFCN1702E3373_006866-T1	TFCN1702E3373_007110-T1
TFCN1702E3373_006866-T1__TFCN1702E3373_011080-T1	NaN	NaN	NaN	NaN	NaN	NaN	NaN	NaN	GF00000015	Rhodotorula_mucilaginosa_TFCN_17-0-2E337-3.cds.fa_06784	Rhodotorula_mucilaginosa_TFCN_17-0-2E337-3.cds.fa_10934	NaN	NaN	NaN	NaN	NaN	NaN	NaN	NaN	TFCN1702E3373_006866-T1	TFCN1702E3373_011080-T1
TFCN1702E3373_006866-T1__TFCN1702E3373_007109-T1	NaN	NaN	NaN	NaN	NaN	NaN	NaN	NaN	GF00000015	Rhodotorula_mucilaginosa_TFCN_17-0-2E337-3.cds.fa_06784	Rhodotorula_mucilaginosa_TFCN_17-0-2E337-3.cds.fa_07024	NaN	NaN	NaN	NaN	NaN	NaN	NaN	NaN	TFCN1702E3373_006866-T1	TFCN1702E3373_007109-T1
TFCN1702E3373_006866-T1__TFCN1702E3373_011082-T1	NaN	NaN	NaN	NaN	NaN	NaN	NaN	NaN	GF00000015	Rhodotorula_mucilaginosa_TFCN_17-0-2E337-3.cds.fa_06784	Rhodotorula_mucilaginosa_TFCN_17-0-2E337-3.cds.fa_10936	NaN	NaN	NaN	NaN	NaN	NaN	NaN	NaN	TFCN1702E3373_006866-T1	TFCN1702E3373_011082-T1
TFCN1702E3373_006866-T1__TFCN1702E3373_011081-T1	NaN	NaN	NaN	NaN	NaN	NaN	NaN	NaN	GF00000015	Rhodotorula_mucilaginosa_TFCN_17-0-2E337-3.cds.fa_06784	Rhodotorula_mucilaginosa_TFCN_17-0-2E337-3.cds.fa_10935	NaN	NaN	NaN	NaN	NaN	NaN	NaN	NaN	TFCN1702E3373_006866-T1	TFCN1702E3373_011081-T1
TFCN1702E3373_006839-T1__TFCN1702E3373_008596-T1	NaN	NaN	NaN	NaN	NaN	NaN	NaN	NaN	GF00000015	Rhodotorula_mucilaginosa_TFCN_17-0-2E337-3.cds.fa_06760	Rhodotorula_mucilaginosa_TFCN_17-0-2E337-3.cds.fa_08486	NaN	NaN	NaN	NaN	NaN	NaN	NaN	NaN	TFCN1702E3373_006839-T1	TFCN1702E3373_008596-T1
TFCN1702E3373_006839-T1__TFCN1702E3373_009129-T1	NaN	NaN	NaN	NaN	NaN	NaN	NaN	NaN	GF00000015	Rhodotorula_mucilaginosa_TFCN_17-0-2E337-3.cds.fa_06760	Rhodotorula_mucilaginosa_TFCN_17-0-2E337-3.cds.fa_09014	NaN	NaN	NaN	NaN	NaN	NaN	NaN	NaN	TFCN1702E3373_006839-T1	TFCN1702E3373_009129-T1
TFCN1702E3373_006839-T1__TFCN1702E3373_013470-T1	NaN	NaN	NaN	NaN	NaN	NaN	NaN	NaN	GF00000015	Rhodotorula_mucilaginosa_TFCN_17-0-2E337-3.cds.fa_06760	Rhodotorula_mucilaginosa_TFCN_17-0-2E337-3.cds.fa_13279	NaN	NaN	NaN	NaN	NaN	NaN	NaN	NaN	TFCN1702E3373_006839-T1	TFCN1702E3373_013470-T1
TFCN1702E3373_006839-T1__TFCN1702E3373_008485-T1	NaN	NaN	NaN	NaN	NaN	NaN	NaN	NaN	GF00000015	Rhodotorula_mucilaginosa_TFCN_17-0-2E337-3.cds.fa_06760	Rhodotorula_mucilaginosa_TFCN_17-0-2E337-3.cds.fa_08376	NaN	NaN	NaN	NaN	NaN	NaN	NaN	NaN	TFCN1702E3373_006839-T1	TFCN1702E3373_008485-T1
TFCN1702E3373_006839-T1__TFCN1702E3373_013324-T1	NaN	NaN	NaN	NaN	NaN	NaN	NaN	NaN	GF00000015	Rhodotorula_mucilaginosa_TFCN_17-0-2E337-3.cds.fa_06760	Rhodotorula_mucilaginosa_TFCN_17-0-2E337-3.cds.fa_13139	NaN	NaN	NaN	NaN	NaN	NaN	NaN	NaN	TFCN1702E3373_006839-T1	TFCN1702E3373_013324-T1
TFCN1702E3373_006839-T1__TFCN1702E3373_006865-T1	NaN	NaN	NaN	NaN	NaN	NaN	NaN	NaN	GF00000015	Rhodotorula_mucilaginosa_TFCN_17-0-2E337-3.cds.fa_06760	Rhodotorula_mucilaginosa_TFCN_17-0-2E337-3.cds.fa_06783	NaN	NaN	NaN	NaN	NaN	NaN	NaN	NaN	TFCN1702E3373_006839-T1	TFCN1702E3373_006865-T1
TFCN1702E3373_006839-T1__TFCN1702E3373_007110-T1	NaN	NaN	NaN	NaN	NaN	NaN	NaN	NaN	GF00000015	Rhodotorula_mucilaginosa_TFCN_17-0-2E337-3.cds.fa_06760	Rhodotorula_mucilaginosa_TFCN_17-0-2E337-3.cds.fa_07025	NaN	NaN	NaN	NaN	NaN	NaN	NaN	NaN	TFCN1702E3373_006839-T1	TFCN1702E3373_007110-T1
TFCN1702E3373_006839-T1__TFCN1702E3373_011080-T1	NaN	NaN	NaN	NaN	NaN	NaN	NaN	NaN	GF00000015	Rhodotorula_mucilaginosa_TFCN_17-0-2E337-3.cds.fa_06760	Rhodotorula_mucilaginosa_TFCN_17-0-2E337-3.cds.fa_10934	NaN	NaN	NaN	NaN	NaN	NaN	NaN	NaN	TFCN1702E3373_006839-T1	TFCN1702E3373_011080-T1
TFCN1702E3373_006839-T1__TFCN1702E3373_007109-T1	NaN	NaN	NaN	NaN	NaN	NaN	NaN	NaN	GF00000015	Rhodotorula_mucilaginosa_TFCN_17-0-2E337-3.cds.fa_06760	Rhodotorula_mucilaginosa_TFCN_17-0-2E337-3.cds.fa_07024	NaN	NaN	NaN	NaN	NaN	NaN	NaN	NaN	TFCN1702E3373_006839-T1	TFCN1702E3373_007109-T1
TFCN1702E3373_006839-T1__TFCN1702E3373_011082-T1	NaN	NaN	NaN	NaN	NaN	NaN	NaN	NaN	GF00000015	Rhodotorula_mucilaginosa_TFCN_17-0-2E337-3.cds.fa_06760	Rhodotorula_mucilaginosa_TFCN_17-0-2E337-3.cds.fa_10936	NaN	NaN	NaN	NaN	NaN	NaN	NaN	NaN	TFCN1702E3373_006839-T1	TFCN1702E3373_011082-T1
TFCN1702E3373_006839-T1__TFCN1702E3373_011081-T1	NaN	NaN	NaN	NaN	NaN	NaN	NaN	NaN	GF00000015	Rhodotorula_mucilaginosa_TFCN_17-0-2E337-3.cds.fa_06760	Rhodotorula_mucilaginosa_TFCN_17-0-2E337-3.cds.fa_10935	NaN	NaN	NaN	NaN	NaN	NaN	NaN	NaN	TFCN1702E3373_006839-T1	TFCN1702E3373_011081-T1
TFCN1702E3373_008596-T1__TFCN1702E3373_009129-T1	NaN	NaN	NaN	NaN	NaN	NaN	NaN	NaN	GF00000015	Rhodotorula_mucilaginosa_TFCN_17-0-2E337-3.cds.fa_08486	Rhodotorula_mucilaginosa_TFCN_17-0-2E337-3.cds.fa_09014	NaN	NaN	NaN	NaN	NaN	NaN	NaN	NaN	TFCN1702E3373_008596-T1	TFCN1702E3373_009129-T1
TFCN1702E3373_008596-T1__TFCN1702E3373_013470-T1	NaN	NaN	NaN	NaN	NaN	NaN	NaN	NaN	GF00000015	Rhodotorula_mucilaginosa_TFCN_17-0-2E337-3.cds.fa_08486	Rhodotorula_mucilaginosa_TFCN_17-0-2E337-3.cds.fa_13279	NaN	NaN	NaN	NaN	NaN	NaN	NaN	NaN	TFCN1702E3373_008596-T1	TFCN1702E3373_013470-T1
TFCN1702E3373_008485-T1__TFCN1702E3373_008596-T1	NaN	NaN	NaN	NaN	NaN	NaN	NaN	NaN	GF00000015	Rhodotorula_mucilaginosa_TFCN_17-0-2E337-3.cds.fa_08486	Rhodotorula_mucilaginosa_TFCN_17-0-2E337-3.cds.fa_08376	NaN	NaN	NaN	NaN	NaN	NaN	NaN	NaN	TFCN1702E3373_008596-T1	TFCN1702E3373_008485-T1
TFCN1702E3373_008596-T1__TFCN1702E3373_013324-T1	NaN	NaN	NaN	NaN	NaN	NaN	NaN	NaN	GF00000015	Rhodotorula_mucilaginosa_TFCN_17-0-2E337-3.cds.fa_08486	Rhodotorula_mucilaginosa_TFCN_17-0-2E337-3.cds.fa_13139	NaN	NaN	NaN	NaN	NaN	NaN	NaN	NaN	TFCN1702E3373_008596-T1	TFCN1702E3373_013324-T1
TFCN1702E3373_006865-T1__TFCN1702E3373_008596-T1	NaN	NaN	NaN	NaN	NaN	NaN	NaN	NaN	GF00000015	Rhodotorula_mucilaginosa_TFCN_17-0-2E337-3.cds.fa_08486	Rhodotorula_mucilaginosa_TFCN_17-0-2E337-3.cds.fa_06783	NaN	NaN	NaN	NaN	NaN	NaN	NaN	NaN	TFCN1702E3373_008596-T1	TFCN1702E3373_006865-T1
TFCN1702E3373_007110-T1__TFCN1702E3373_008596-T1	NaN	NaN	NaN	NaN	NaN	NaN	NaN	NaN	GF00000015	Rhodotorula_mucilaginosa_TFCN_17-0-2E337-3.cds.fa_08486	Rhodotorula_mucilaginosa_TFCN_17-0-2E337-3.cds.fa_07025	NaN	NaN	NaN	NaN	NaN	NaN	NaN	NaN	TFCN1702E3373_008596-T1	TFCN1702E3373_007110-T1
TFCN1702E3373_008596-T1__TFCN1702E3373_011080-T1	NaN	NaN	NaN	NaN	NaN	NaN	NaN	NaN	GF00000015	Rhodotorula_mucilaginosa_TFCN_17-0-2E337-3.cds.fa_08486	Rhodotorula_mucilaginosa_TFCN_17-0-2E337-3.cds.fa_10934	NaN	NaN	NaN	NaN	NaN	NaN	NaN	NaN	TFCN1702E3373_008596-T1	TFCN1702E3373_011080-T1
TFCN1702E3373_007109-T1__TFCN1702E3373_008596-T1	NaN	NaN	NaN	NaN	NaN	NaN	NaN	NaN	GF00000015	Rhodotorula_mucilaginosa_TFCN_17-0-2E337-3.cds.fa_08486	Rhodotorula_mucilaginosa_TFCN_17-0-2E337-3.cds.fa_07024	NaN	NaN	NaN	NaN	NaN	NaN	NaN	NaN	TFCN1702E3373_008596-T1	TFCN1702E3373_007109-T1
TFCN1702E3373_008596-T1__TFCN1702E3373_011082-T1	NaN	NaN	NaN	NaN	NaN	NaN	NaN	NaN	GF00000015	Rhodotorula_mucilaginosa_TFCN_17-0-2E337-3.cds.fa_08486	Rhodotorula_mucilaginosa_TFCN_17-0-2E337-3.cds.fa_10936	NaN	NaN	NaN	NaN	NaN	NaN	NaN	NaN	TFCN1702E3373_008596-T1	TFCN1702E3373_011082-T1
TFCN1702E3373_008596-T1__TFCN1702E3373_011081-T1	NaN	NaN	NaN	NaN	NaN	NaN	NaN	NaN	GF00000015	Rhodotorula_mucilaginosa_TFCN_17-0-2E337-3.cds.fa_08486	Rhodotorula_mucilaginosa_TFCN_17-0-2E337-3.cds.fa_10935	NaN	NaN	NaN	NaN	NaN	NaN	NaN	NaN	TFCN1702E3373_008596-T1	TFCN1702E3373_011081-T1
TFCN1702E3373_009129-T1__TFCN1702E3373_013470-T1	NaN	NaN	NaN	NaN	NaN	NaN	NaN	NaN	GF00000015	Rhodotorula_mucilaginosa_TFCN_17-0-2E337-3.cds.fa_09014	Rhodotorula_mucilaginosa_TFCN_17-0-2E337-3.cds.fa_13279	NaN	NaN	NaN	NaN	NaN	NaN	NaN	NaN	TFCN1702E3373_009129-T1	TFCN1702E3373_013470-T1
TFCN1702E3373_008485-T1__TFCN1702E3373_009129-T1	NaN	NaN	NaN	NaN	NaN	NaN	NaN	NaN	GF00000015	Rhodotorula_mucilaginosa_TFCN_17-0-2E337-3.cds.fa_09014	Rhodotorula_mucilaginosa_TFCN_17-0-2E337-3.cds.fa_08376	NaN	NaN	NaN	NaN	NaN	NaN	NaN	NaN	TFCN1702E3373_009129-T1	TFCN1702E3373_008485-T1
TFCN1702E3373_009129-T1__TFCN1702E3373_013324-T1	NaN	NaN	NaN	NaN	NaN	NaN	NaN	NaN	GF00000015	Rhodotorula_mucilaginosa_TFCN_17-0-2E337-3.cds.fa_09014	Rhodotorula_mucilaginosa_TFCN_17-0-2E337-3.cds.fa_13139	NaN	NaN	NaN	NaN	NaN	NaN	NaN	NaN	TFCN1702E3373_009129-T1	TFCN1702E3373_013324-T1
TFCN1702E3373_006865-T1__TFCN1702E3373_009129-T1	NaN	NaN	NaN	NaN	NaN	NaN	NaN	NaN	GF00000015	Rhodotorula_mucilaginosa_TFCN_17-0-2E337-3.cds.fa_09014	Rhodotorula_mucilaginosa_TFCN_17-0-2E337-3.cds.fa_06783	NaN	NaN	NaN	NaN	NaN	NaN	NaN	NaN	TFCN1702E3373_009129-T1	TFCN1702E3373_006865-T1
TFCN1702E3373_007110-T1__TFCN1702E3373_009129-T1	NaN	NaN	NaN	NaN	NaN	NaN	NaN	NaN	GF00000015	Rhodotorula_mucilaginosa_TFCN_17-0-2E337-3.cds.fa_09014	Rhodotorula_mucilaginosa_TFCN_17-0-2E337-3.cds.fa_07025	NaN	NaN	NaN	NaN	NaN	NaN	NaN	NaN	TFCN1702E3373_009129-T1	TFCN1702E3373_007110-T1
TFCN1702E3373_009129-T1__TFCN1702E3373_011080-T1	NaN	NaN	NaN	NaN	NaN	NaN	NaN	NaN	GF00000015	Rhodotorula_mucilaginosa_TFCN_17-0-2E337-3.cds.fa_09014	Rhodotorula_mucilaginosa_TFCN_17-0-2E337-3.cds.fa_10934	NaN	NaN	NaN	NaN	NaN	NaN	NaN	NaN	TFCN1702E3373_009129-T1	TFCN1702E3373_011080-T1
TFCN1702E3373_007109-T1__TFCN1702E3373_009129-T1	NaN	NaN	NaN	NaN	NaN	NaN	NaN	NaN	GF00000015	Rhodotorula_mucilaginosa_TFCN_17-0-2E337-3.cds.fa_09014	Rhodotorula_mucilaginosa_TFCN_17-0-2E337-3.cds.fa_07024	NaN	NaN	NaN	NaN	NaN	NaN	NaN	NaN	TFCN1702E3373_009129-T1	TFCN1702E3373_007109-T1
TFCN1702E3373_009129-T1__TFCN1702E3373_011082-T1	NaN	NaN	NaN	NaN	NaN	NaN	NaN	NaN	GF00000015	Rhodotorula_mucilaginosa_TFCN_17-0-2E337-3.cds.fa_09014	Rhodotorula_mucilaginosa_TFCN_17-0-2E337-3.cds.fa_10936	NaN	NaN	NaN	NaN	NaN	NaN	NaN	NaN	TFCN1702E3373_009129-T1	TFCN1702E3373_011082-T1
TFCN1702E3373_009129-T1__TFCN1702E3373_011081-T1	NaN	NaN	NaN	NaN	NaN	NaN	NaN	NaN	GF00000015	Rhodotorula_mucilaginosa_TFCN_17-0-2E337-3.cds.fa_09014	Rhodotorula_mucilaginosa_TFCN_17-0-2E337-3.cds.fa_10935	NaN	NaN	NaN	NaN	NaN	NaN	NaN	NaN	TFCN1702E3373_009129-T1	TFCN1702E3373_011081-T1
TFCN1702E3373_008485-T1__TFCN1702E3373_013470-T1	NaN	NaN	NaN	NaN	NaN	NaN	NaN	NaN	GF00000015	Rhodotorula_mucilaginosa_TFCN_17-0-2E337-3.cds.fa_13279	Rhodotorula_mucilaginosa_TFCN_17-0-2E337-3.cds.fa_08376	NaN	NaN	NaN	NaN	NaN	NaN	NaN	NaN	TFCN1702E3373_013470-T1	TFCN1702E3373_008485-T1
TFCN1702E3373_013324-T1__TFCN1702E3373_013470-T1	NaN	NaN	NaN	NaN	NaN	NaN	NaN	NaN	GF00000015	Rhodotorula_mucilaginosa_TFCN_17-0-2E337-3.cds.fa_13279	Rhodotorula_mucilaginosa_TFCN_17-0-2E337-3.cds.fa_13139	NaN	NaN	NaN	NaN	NaN	NaN	NaN	NaN	TFCN1702E3373_013470-T1	TFCN1702E3373_013324-T1
TFCN1702E3373_006865-T1__TFCN1702E3373_013470-T1	NaN	NaN	NaN	NaN	NaN	NaN	NaN	NaN	GF00000015	Rhodotorula_mucilaginosa_TFCN_17-0-2E337-3.cds.fa_13279	Rhodotorula_mucilaginosa_TFCN_17-0-2E337-3.cds.fa_06783	NaN	NaN	NaN	NaN	NaN	NaN	NaN	NaN	TFCN1702E3373_013470-T1	TFCN1702E3373_006865-T1
TFCN1702E3373_007110-T1__TFCN1702E3373_013470-T1	NaN	NaN	NaN	NaN	NaN	NaN	NaN	NaN	GF00000015	Rhodotorula_mucilaginosa_TFCN_17-0-2E337-3.cds.fa_13279	Rhodotorula_mucilaginosa_TFCN_17-0-2E337-3.cds.fa_07025	NaN	NaN	NaN	NaN	NaN	NaN	NaN	NaN	TFCN1702E3373_013470-T1	TFCN1702E3373_007110-T1
TFCN1702E3373_011080-T1__TFCN1702E3373_013470-T1	NaN	NaN	NaN	NaN	NaN	NaN	NaN	NaN	GF00000015	Rhodotorula_mucilaginosa_TFCN_17-0-2E337-3.cds.fa_13279	Rhodotorula_mucilaginosa_TFCN_17-0-2E337-3.cds.fa_10934	NaN	NaN	NaN	NaN	NaN	NaN	NaN	NaN	TFCN1702E3373_013470-T1	TFCN1702E3373_011080-T1
TFCN1702E3373_007109-T1__TFCN1702E3373_013470-T1	NaN	NaN	NaN	NaN	NaN	NaN	NaN	NaN	GF00000015	Rhodotorula_mucilaginosa_TFCN_17-0-2E337-3.cds.fa_13279	Rhodotorula_mucilaginosa_TFCN_17-0-2E337-3.cds.fa_07024	NaN	NaN	NaN	NaN	NaN	NaN	NaN	NaN	TFCN1702E3373_013470-T1	TFCN1702E3373_007109-T1
TFCN1702E3373_011082-T1__TFCN1702E3373_013470-T1	NaN	NaN	NaN	NaN	NaN	NaN	NaN	NaN	GF00000015	Rhodotorula_mucilaginosa_TFCN_17-0-2E337-3.cds.fa_13279	Rhodotorula_mucilaginosa_TFCN_17-0-2E337-3.cds.fa_10936	NaN	NaN	NaN	NaN	NaN	NaN	NaN	NaN	TFCN1702E3373_013470-T1	TFCN1702E3373_011082-T1
TFCN1702E3373_011081-T1__TFCN1702E3373_013470-T1	NaN	NaN	NaN	NaN	NaN	NaN	NaN	NaN	GF00000015	Rhodotorula_mucilaginosa_TFCN_17-0-2E337-3.cds.fa_13279	Rhodotorula_mucilaginosa_TFCN_17-0-2E337-3.cds.fa_10935	NaN	NaN	NaN	NaN	NaN	NaN	NaN	NaN	TFCN1702E3373_013470-T1	TFCN1702E3373_011081-T1
TFCN1702E3373_008485-T1__TFCN1702E3373_013324-T1	NaN	NaN	NaN	NaN	NaN	NaN	NaN	NaN	GF00000015	Rhodotorula_mucilaginosa_TFCN_17-0-2E337-3.cds.fa_08376	Rhodotorula_mucilaginosa_TFCN_17-0-2E337-3.cds.fa_13139	NaN	NaN	NaN	NaN	NaN	NaN	NaN	NaN	TFCN1702E3373_008485-T1	TFCN1702E3373_013324-T1
TFCN1702E3373_006865-T1__TFCN1702E3373_008485-T1	NaN	NaN	NaN	NaN	NaN	NaN	NaN	NaN	GF00000015	Rhodotorula_mucilaginosa_TFCN_17-0-2E337-3.cds.fa_08376	Rhodotorula_mucilaginosa_TFCN_17-0-2E337-3.cds.fa_06783	NaN	NaN	NaN	NaN	NaN	NaN	NaN	NaN	TFCN1702E3373_008485-T1	TFCN1702E3373_006865-T1
TFCN1702E3373_007110-T1__TFCN1702E3373_008485-T1	NaN	NaN	NaN	NaN	NaN	NaN	NaN	NaN	GF00000015	Rhodotorula_mucilaginosa_TFCN_17-0-2E337-3.cds.fa_08376	Rhodotorula_mucilaginosa_TFCN_17-0-2E337-3.cds.fa_07025	NaN	NaN	NaN	NaN	NaN	NaN	NaN	NaN	TFCN1702E3373_008485-T1	TFCN1702E3373_007110-T1
TFCN1702E3373_008485-T1__TFCN1702E3373_011080-T1	NaN	NaN	NaN	NaN	NaN	NaN	NaN	NaN	GF00000015	Rhodotorula_mucilaginosa_TFCN_17-0-2E337-3.cds.fa_08376	Rhodotorula_mucilaginosa_TFCN_17-0-2E337-3.cds.fa_10934	NaN	NaN	NaN	NaN	NaN	NaN	NaN	NaN	TFCN1702E3373_008485-T1	TFCN1702E3373_011080-T1
TFCN1702E3373_007109-T1__TFCN1702E3373_008485-T1	NaN	NaN	NaN	NaN	NaN	NaN	NaN	NaN	GF00000015	Rhodotorula_mucilaginosa_TFCN_17-0-2E337-3.cds.fa_08376	Rhodotorula_mucilaginosa_TFCN_17-0-2E337-3.cds.fa_07024	NaN	NaN	NaN	NaN	NaN	NaN	NaN	NaN	TFCN1702E3373_008485-T1	TFCN1702E3373_007109-T1
TFCN1702E3373_008485-T1__TFCN1702E3373_011082-T1	NaN	NaN	NaN	NaN	NaN	NaN	NaN	NaN	GF00000015	Rhodotorula_mucilaginosa_TFCN_17-0-2E337-3.cds.fa_08376	Rhodotorula_mucilaginosa_TFCN_17-0-2E337-3.cds.fa_10936	NaN	NaN	NaN	NaN	NaN	NaN	NaN	NaN	TFCN1702E3373_008485-T1	TFCN1702E3373_011082-T1
TFCN1702E3373_008485-T1__TFCN1702E3373_011081-T1	NaN	NaN	NaN	NaN	NaN	NaN	NaN	NaN	GF00000015	Rhodotorula_mucilaginosa_TFCN_17-0-2E337-3.cds.fa_08376	Rhodotorula_mucilaginosa_TFCN_17-0-2E337-3.cds.fa_10935	NaN	NaN	NaN	NaN	NaN	NaN	NaN	NaN	TFCN1702E3373_008485-T1	TFCN1702E3373_011081-T1
TFCN1702E3373_006865-T1__TFCN1702E3373_013324-T1	NaN	NaN	NaN	NaN	NaN	NaN	NaN	NaN	GF00000015	Rhodotorula_mucilaginosa_TFCN_17-0-2E337-3.cds.fa_13139	Rhodotorula_mucilaginosa_TFCN_17-0-2E337-3.cds.fa_06783	NaN	NaN	NaN	NaN	NaN	NaN	NaN	NaN	TFCN1702E3373_013324-T1	TFCN1702E3373_006865-T1
TFCN1702E3373_007110-T1__TFCN1702E3373_013324-T1	NaN	NaN	NaN	NaN	NaN	NaN	NaN	NaN	GF00000015	Rhodotorula_mucilaginosa_TFCN_17-0-2E337-3.cds.fa_13139	Rhodotorula_mucilaginosa_TFCN_17-0-2E337-3.cds.fa_07025	NaN	NaN	NaN	NaN	NaN	NaN	NaN	NaN	TFCN1702E3373_013324-T1	TFCN1702E3373_007110-T1
TFCN1702E3373_011080-T1__TFCN1702E3373_013324-T1	NaN	NaN	NaN	NaN	NaN	NaN	NaN	NaN	GF00000015	Rhodotorula_mucilaginosa_TFCN_17-0-2E337-3.cds.fa_13139	Rhodotorula_mucilaginosa_TFCN_17-0-2E337-3.cds.fa_10934	NaN	NaN	NaN	NaN	NaN	NaN	NaN	NaN	TFCN1702E3373_013324-T1	TFCN1702E3373_011080-T1
TFCN1702E3373_007109-T1__TFCN1702E3373_013324-T1	NaN	NaN	NaN	NaN	NaN	NaN	NaN	NaN	GF00000015	Rhodotorula_mucilaginosa_TFCN_17-0-2E337-3.cds.fa_13139	Rhodotorula_mucilaginosa_TFCN_17-0-2E337-3.cds.fa_07024	NaN	NaN	NaN	NaN	NaN	NaN	NaN	NaN	TFCN1702E3373_013324-T1	TFCN1702E3373_007109-T1
TFCN1702E3373_011082-T1__TFCN1702E3373_013324-T1	NaN	NaN	NaN	NaN	NaN	NaN	NaN	NaN	GF00000015	Rhodotorula_mucilaginosa_TFCN_17-0-2E337-3.cds.fa_13139	Rhodotorula_mucilaginosa_TFCN_17-0-2E337-3.cds.fa_10936	NaN	NaN	NaN	NaN	NaN	NaN	NaN	NaN	TFCN1702E3373_013324-T1	TFCN1702E3373_011082-T1
TFCN1702E3373_011081-T1__TFCN1702E3373_013324-T1	NaN	NaN	NaN	NaN	NaN	NaN	NaN	NaN	GF00000015	Rhodotorula_mucilaginosa_TFCN_17-0-2E337-3.cds.fa_13139	Rhodotorula_mucilaginosa_TFCN_17-0-2E337-3.cds.fa_10935	NaN	NaN	NaN	NaN	NaN	NaN	NaN	NaN	TFCN1702E3373_013324-T1	TFCN1702E3373_011081-T1
TFCN1702E3373_006865-T1__TFCN1702E3373_007110-T1	NaN	NaN	NaN	NaN	NaN	NaN	NaN	NaN	GF00000015	Rhodotorula_mucilaginosa_TFCN_17-0-2E337-3.cds.fa_06783	Rhodotorula_mucilaginosa_TFCN_17-0-2E337-3.cds.fa_07025	NaN	NaN	NaN	NaN	NaN	NaN	NaN	NaN	TFCN1702E3373_006865-T1	TFCN1702E3373_007110-T1
TFCN1702E3373_006865-T1__TFCN1702E3373_011080-T1	NaN	NaN	NaN	NaN	NaN	NaN	NaN	NaN	GF00000015	Rhodotorula_mucilaginosa_TFCN_17-0-2E337-3.cds.fa_06783	Rhodotorula_mucilaginosa_TFCN_17-0-2E337-3.cds.fa_10934	NaN	NaN	NaN	NaN	NaN	NaN	NaN	NaN	TFCN1702E3373_006865-T1	TFCN1702E3373_011080-T1
TFCN1702E3373_006865-T1__TFCN1702E3373_007109-T1	NaN	NaN	NaN	NaN	NaN	NaN	NaN	NaN	GF00000015	Rhodotorula_mucilaginosa_TFCN_17-0-2E337-3.cds.fa_06783	Rhodotorula_mucilaginosa_TFCN_17-0-2E337-3.cds.fa_07024	NaN	NaN	NaN	NaN	NaN	NaN	NaN	NaN	TFCN1702E3373_006865-T1	TFCN1702E3373_007109-T1
TFCN1702E3373_006865-T1__TFCN1702E3373_011082-T1	NaN	NaN	NaN	NaN	NaN	NaN	NaN	NaN	GF00000015	Rhodotorula_mucilaginosa_TFCN_17-0-2E337-3.cds.fa_06783	Rhodotorula_mucilaginosa_TFCN_17-0-2E337-3.cds.fa_10936	NaN	NaN	NaN	NaN	NaN	NaN	NaN	NaN	TFCN1702E3373_006865-T1	TFCN1702E3373_011082-T1
TFCN1702E3373_006865-T1__TFCN1702E3373_011081-T1	NaN	NaN	NaN	NaN	NaN	NaN	NaN	NaN	GF00000015	Rhodotorula_mucilaginosa_TFCN_17-0-2E337-3.cds.fa_06783	Rhodotorula_mucilaginosa_TFCN_17-0-2E337-3.cds.fa_10935	NaN	NaN	NaN	NaN	NaN	NaN	NaN	NaN	TFCN1702E3373_006865-T1	TFCN1702E3373_011081-T1
TFCN1702E3373_007110-T1__TFCN1702E3373_011080-T1	NaN	NaN	NaN	NaN	NaN	NaN	NaN	NaN	GF00000015	Rhodotorula_mucilaginosa_TFCN_17-0-2E337-3.cds.fa_07025	Rhodotorula_mucilaginosa_TFCN_17-0-2E337-3.cds.fa_10934	NaN	NaN	NaN	NaN	NaN	NaN	NaN	NaN	TFCN1702E3373_007110-T1	TFCN1702E3373_011080-T1
TFCN1702E3373_007109-T1__TFCN1702E3373_007110-T1	NaN	NaN	NaN	NaN	NaN	NaN	NaN	NaN	GF00000015	Rhodotorula_mucilaginosa_TFCN_17-0-2E337-3.cds.fa_07025	Rhodotorula_mucilaginosa_TFCN_17-0-2E337-3.cds.fa_07024	NaN	NaN	NaN	NaN	NaN	NaN	NaN	NaN	TFCN1702E3373_007110-T1	TFCN1702E3373_007109-T1
TFCN1702E3373_007110-T1__TFCN1702E3373_011082-T1	NaN	NaN	NaN	NaN	NaN	NaN	NaN	NaN	GF00000015	Rhodotorula_mucilaginosa_TFCN_17-0-2E337-3.cds.fa_07025	Rhodotorula_mucilaginosa_TFCN_17-0-2E337-3.cds.fa_10936	NaN	NaN	NaN	NaN	NaN	NaN	NaN	NaN	TFCN1702E3373_007110-T1	TFCN1702E3373_011082-T1
TFCN1702E3373_007110-T1__TFCN1702E3373_011081-T1	NaN	NaN	NaN	NaN	NaN	NaN	NaN	NaN	GF00000015	Rhodotorula_mucilaginosa_TFCN_17-0-2E337-3.cds.fa_07025	Rhodotorula_mucilaginosa_TFCN_17-0-2E337-3.cds.fa_10935	NaN	NaN	NaN	NaN	NaN	NaN	NaN	NaN	TFCN1702E3373_007110-T1	TFCN1702E3373_011081-T1
TFCN1702E3373_007109-T1__TFCN1702E3373_011080-T1	NaN	NaN	NaN	NaN	NaN	NaN	NaN	NaN	GF00000015	Rhodotorula_mucilaginosa_TFCN_17-0-2E337-3.cds.fa_10934	Rhodotorula_mucilaginosa_TFCN_17-0-2E337-3.cds.fa_07024	NaN	NaN	NaN	NaN	NaN	NaN	NaN	NaN	TFCN1702E3373_011080-T1	TFCN1702E3373_007109-T1
TFCN1702E3373_011080-T1__TFCN1702E3373_011082-T1	NaN	NaN	NaN	NaN	NaN	NaN	NaN	NaN	GF00000015	Rhodotorula_mucilaginosa_TFCN_17-0-2E337-3.cds.fa_10934	Rhodotorula_mucilaginosa_TFCN_17-0-2E337-3.cds.fa_10936	NaN	NaN	NaN	NaN	NaN	NaN	NaN	NaN	TFCN1702E3373_011080-T1	TFCN1702E3373_011082-T1
TFCN1702E3373_011080-T1__TFCN1702E3373_011081-T1	NaN	NaN	NaN	NaN	NaN	NaN	NaN	NaN	GF00000015	Rhodotorula_mucilaginosa_TFCN_17-0-2E337-3.cds.fa_10934	Rhodotorula_mucilaginosa_TFCN_17-0-2E337-3.cds.fa_10935	NaN	NaN	NaN	NaN	NaN	NaN	NaN	NaN	TFCN1702E3373_011080-T1	TFCN1702E3373_011081-T1
TFCN1702E3373_007109-T1__TFCN1702E3373_011082-T1	NaN	NaN	NaN	NaN	NaN	NaN	NaN	NaN	GF00000015	Rhodotorula_mucilaginosa_TFCN_17-0-2E337-3.cds.fa_07024	Rhodotorula_mucilaginosa_TFCN_17-0-2E337-3.cds.fa_10936	NaN	NaN	NaN	NaN	NaN	NaN	NaN	NaN	TFCN1702E3373_007109-T1	TFCN1702E3373_011082-T1
TFCN1702E3373_007109-T1__TFCN1702E3373_011081-T1	NaN	NaN	NaN	NaN	NaN	NaN	NaN	NaN	GF00000015	Rhodotorula_mucilaginosa_TFCN_17-0-2E337-3.cds.fa_07024	Rhodotorula_mucilaginosa_TFCN_17-0-2E337-3.cds.fa_10935	NaN	NaN	NaN	NaN	NaN	NaN	NaN	NaN	TFCN1702E3373_007109-T1	TFCN1702E3373_011081-T1
TFCN1702E3373_011081-T1__TFCN1702E3373_011082-T1	NaN	NaN	NaN	NaN	NaN	NaN	NaN	NaN	GF00000015	Rhodotorula_mucilaginosa_TFCN_17-0-2E337-3.cds.fa_10936	Rhodotorula_mucilaginosa_TFCN_17-0-2E337-3.cds.fa_10935	NaN	NaN	NaN	NaN	NaN	NaN	NaN	NaN	TFCN1702E3373_011082-T1	TFCN1702E3373_011081-T1
TFCN1702E3373_001943-T1__TFCN1702E3373_010693-T1	NaN	NaN	NaN	NaN	NaN	NaN	NaN	NaN	GF00000016	Rhodotorula_mucilaginosa_TFCN_17-0-2E337-3.cds.fa_01931	Rhodotorula_mucilaginosa_TFCN_17-0-2E337-3.cds.fa_10562	NaN	NaN	NaN	NaN	NaN	NaN	NaN	NaN	TFCN1702E3373_001943-T1	TFCN1702E3373_010693-T1
TFCN1702E3373_001943-T1__TFCN1702E3373_012435-T1	NaN	NaN	NaN	NaN	NaN	NaN	NaN	NaN	GF00000016	Rhodotorula_mucilaginosa_TFCN_17-0-2E337-3.cds.fa_01931	Rhodotorula_mucilaginosa_TFCN_17-0-2E337-3.cds.fa_12269	NaN	NaN	NaN	NaN	NaN	NaN	NaN	NaN	TFCN1702E3373_001943-T1	TFCN1702E3373_012435-T1
TFCN1702E3373_001943-T1__TFCN1702E3373_012437-T1	NaN	NaN	NaN	NaN	NaN	NaN	NaN	NaN	GF00000016	Rhodotorula_mucilaginosa_TFCN_17-0-2E337-3.cds.fa_01931	Rhodotorula_mucilaginosa_TFCN_17-0-2E337-3.cds.fa_12271	NaN	NaN	NaN	NaN	NaN	NaN	NaN	NaN	TFCN1702E3373_001943-T1	TFCN1702E3373_012437-T1
TFCN1702E3373_001943-T1__TFCN1702E3373_012429-T1	NaN	NaN	NaN	NaN	NaN	NaN	NaN	NaN	GF00000016	Rhodotorula_mucilaginosa_TFCN_17-0-2E337-3.cds.fa_01931	Rhodotorula_mucilaginosa_TFCN_17-0-2E337-3.cds.fa_12263	NaN	NaN	NaN	NaN	NaN	NaN	NaN	NaN	TFCN1702E3373_001943-T1	TFCN1702E3373_012429-T1
TFCN1702E3373_000345-T1__TFCN1702E3373_001943-T1	NaN	NaN	NaN	NaN	NaN	NaN	NaN	NaN	GF00000016	Rhodotorula_mucilaginosa_TFCN_17-0-2E337-3.cds.fa_01931	Rhodotorula_mucilaginosa_TFCN_17-0-2E337-3.cds.fa_00341	NaN	NaN	NaN	NaN	NaN	NaN	NaN	NaN	TFCN1702E3373_001943-T1	TFCN1702E3373_000345-T1
TFCN1702E3373_000874-T1__TFCN1702E3373_001943-T1	NaN	NaN	NaN	NaN	NaN	NaN	NaN	NaN	GF00000016	Rhodotorula_mucilaginosa_TFCN_17-0-2E337-3.cds.fa_01931	Rhodotorula_mucilaginosa_TFCN_17-0-2E337-3.cds.fa_00868	NaN	NaN	NaN	NaN	NaN	NaN	NaN	NaN	TFCN1702E3373_001943-T1	TFCN1702E3373_000874-T1
TFCN1702E3373_001943-T1__TFCN1702E3373_012428-T1	NaN	NaN	NaN	NaN	NaN	NaN	NaN	NaN	GF00000016	Rhodotorula_mucilaginosa_TFCN_17-0-2E337-3.cds.fa_01931	Rhodotorula_mucilaginosa_TFCN_17-0-2E337-3.cds.fa_12262	NaN	NaN	NaN	NaN	NaN	NaN	NaN	NaN	TFCN1702E3373_001943-T1	TFCN1702E3373_012428-T1
TFCN1702E3373_001943-T1__TFCN1702E3373_010694-T1	NaN	NaN	NaN	NaN	NaN	NaN	NaN	NaN	GF00000016	Rhodotorula_mucilaginosa_TFCN_17-0-2E337-3.cds.fa_01931	Rhodotorula_mucilaginosa_TFCN_17-0-2E337-3.cds.fa_10563	NaN	NaN	NaN	NaN	NaN	NaN	NaN	NaN	TFCN1702E3373_001943-T1	TFCN1702E3373_010694-T1
TFCN1702E3373_001943-T1__TFCN1702E3373_012438-T1	NaN	NaN	NaN	NaN	NaN	NaN	NaN	NaN	GF00000016	Rhodotorula_mucilaginosa_TFCN_17-0-2E337-3.cds.fa_01931	Rhodotorula_mucilaginosa_TFCN_17-0-2E337-3.cds.fa_12272	NaN	NaN	NaN	NaN	NaN	NaN	NaN	NaN	TFCN1702E3373_001943-T1	TFCN1702E3373_012438-T1
TFCN1702E3373_001943-T1__TFCN1702E3373_010695-T1	NaN	NaN	NaN	NaN	NaN	NaN	NaN	NaN	GF00000016	Rhodotorula_mucilaginosa_TFCN_17-0-2E337-3.cds.fa_01931	Rhodotorula_mucilaginosa_TFCN_17-0-2E337-3.cds.fa_10564	NaN	NaN	NaN	NaN	NaN	NaN	NaN	NaN	TFCN1702E3373_001943-T1	TFCN1702E3373_010695-T1
TFCN1702E3373_001943-T1__TFCN1702E3373_012436-T1	NaN	NaN	NaN	NaN	NaN	NaN	NaN	NaN	GF00000016	Rhodotorula_mucilaginosa_TFCN_17-0-2E337-3.cds.fa_01931	Rhodotorula_mucilaginosa_TFCN_17-0-2E337-3.cds.fa_12270	NaN	NaN	NaN	NaN	NaN	NaN	NaN	NaN	TFCN1702E3373_001943-T1	TFCN1702E3373_012436-T1
TFCN1702E3373_001943-T1__TFCN1702E3373_004947-T1	NaN	NaN	NaN	NaN	NaN	NaN	NaN	NaN	GF00000016	Rhodotorula_mucilaginosa_TFCN_17-0-2E337-3.cds.fa_01931	Rhodotorula_mucilaginosa_TFCN_17-0-2E337-3.cds.fa_04885	NaN	NaN	NaN	NaN	NaN	NaN	NaN	NaN	TFCN1702E3373_001943-T1	TFCN1702E3373_004947-T1
TFCN1702E3373_001943-T1__TFCN1702E3373_004948-T1	NaN	NaN	NaN	NaN	NaN	NaN	NaN	NaN	GF00000016	Rhodotorula_mucilaginosa_TFCN_17-0-2E337-3.cds.fa_01931	Rhodotorula_mucilaginosa_TFCN_17-0-2E337-3.cds.fa_04886	NaN	NaN	NaN	NaN	NaN	NaN	NaN	NaN	TFCN1702E3373_001943-T1	TFCN1702E3373_004948-T1
TFCN1702E3373_010693-T1__TFCN1702E3373_012435-T1	NaN	NaN	NaN	NaN	NaN	NaN	NaN	NaN	GF00000016	Rhodotorula_mucilaginosa_TFCN_17-0-2E337-3.cds.fa_10562	Rhodotorula_mucilaginosa_TFCN_17-0-2E337-3.cds.fa_12269	NaN	NaN	NaN	NaN	NaN	NaN	NaN	NaN	TFCN1702E3373_010693-T1	TFCN1702E3373_012435-T1
TFCN1702E3373_010693-T1__TFCN1702E3373_012437-T1	NaN	NaN	NaN	NaN	NaN	NaN	NaN	NaN	GF00000016	Rhodotorula_mucilaginosa_TFCN_17-0-2E337-3.cds.fa_10562	Rhodotorula_mucilaginosa_TFCN_17-0-2E337-3.cds.fa_12271	NaN	NaN	NaN	NaN	NaN	NaN	NaN	NaN	TFCN1702E3373_010693-T1	TFCN1702E3373_012437-T1
TFCN1702E3373_010693-T1__TFCN1702E3373_012429-T1	NaN	NaN	NaN	NaN	NaN	NaN	NaN	NaN	GF00000016	Rhodotorula_mucilaginosa_TFCN_17-0-2E337-3.cds.fa_10562	Rhodotorula_mucilaginosa_TFCN_17-0-2E337-3.cds.fa_12263	NaN	NaN	NaN	NaN	NaN	NaN	NaN	NaN	TFCN1702E3373_010693-T1	TFCN1702E3373_012429-T1
TFCN1702E3373_000345-T1__TFCN1702E3373_010693-T1	NaN	NaN	NaN	NaN	NaN	NaN	NaN	NaN	GF00000016	Rhodotorula_mucilaginosa_TFCN_17-0-2E337-3.cds.fa_10562	Rhodotorula_mucilaginosa_TFCN_17-0-2E337-3.cds.fa_00341	NaN	NaN	NaN	NaN	NaN	NaN	NaN	NaN	TFCN1702E3373_010693-T1	TFCN1702E3373_000345-T1
TFCN1702E3373_000874-T1__TFCN1702E3373_010693-T1	NaN	NaN	NaN	NaN	NaN	NaN	NaN	NaN	GF00000016	Rhodotorula_mucilaginosa_TFCN_17-0-2E337-3.cds.fa_10562	Rhodotorula_mucilaginosa_TFCN_17-0-2E337-3.cds.fa_00868	NaN	NaN	NaN	NaN	NaN	NaN	NaN	NaN	TFCN1702E3373_010693-T1	TFCN1702E3373_000874-T1
TFCN1702E3373_010693-T1__TFCN1702E3373_012428-T1	NaN	NaN	NaN	NaN	NaN	NaN	NaN	NaN	GF00000016	Rhodotorula_mucilaginosa_TFCN_17-0-2E337-3.cds.fa_10562	Rhodotorula_mucilaginosa_TFCN_17-0-2E337-3.cds.fa_12262	NaN	NaN	NaN	NaN	NaN	NaN	NaN	NaN	TFCN1702E3373_010693-T1	TFCN1702E3373_012428-T1
TFCN1702E3373_010693-T1__TFCN1702E3373_010694-T1	NaN	NaN	NaN	NaN	NaN	NaN	NaN	NaN	GF00000016	Rhodotorula_mucilaginosa_TFCN_17-0-2E337-3.cds.fa_10562	Rhodotorula_mucilaginosa_TFCN_17-0-2E337-3.cds.fa_10563	NaN	NaN	NaN	NaN	NaN	NaN	NaN	NaN	TFCN1702E3373_010693-T1	TFCN1702E3373_010694-T1
TFCN1702E3373_010693-T1__TFCN1702E3373_012438-T1	NaN	NaN	NaN	NaN	NaN	NaN	NaN	NaN	GF00000016	Rhodotorula_mucilaginosa_TFCN_17-0-2E337-3.cds.fa_10562	Rhodotorula_mucilaginosa_TFCN_17-0-2E337-3.cds.fa_12272	NaN	NaN	NaN	NaN	NaN	NaN	NaN	NaN	TFCN1702E3373_010693-T1	TFCN1702E3373_012438-T1
TFCN1702E3373_010693-T1__TFCN1702E3373_010695-T1	NaN	NaN	NaN	NaN	NaN	NaN	NaN	NaN	GF00000016	Rhodotorula_mucilaginosa_TFCN_17-0-2E337-3.cds.fa_10562	Rhodotorula_mucilaginosa_TFCN_17-0-2E337-3.cds.fa_10564	NaN	NaN	NaN	NaN	NaN	NaN	NaN	NaN	TFCN1702E3373_010693-T1	TFCN1702E3373_010695-T1
TFCN1702E3373_010693-T1__TFCN1702E3373_012436-T1	NaN	NaN	NaN	NaN	NaN	NaN	NaN	NaN	GF00000016	Rhodotorula_mucilaginosa_TFCN_17-0-2E337-3.cds.fa_10562	Rhodotorula_mucilaginosa_TFCN_17-0-2E337-3.cds.fa_12270	NaN	NaN	NaN	NaN	NaN	NaN	NaN	NaN	TFCN1702E3373_010693-T1	TFCN1702E3373_012436-T1
TFCN1702E3373_004947-T1__TFCN1702E3373_010693-T1	NaN	NaN	NaN	NaN	NaN	NaN	NaN	NaN	GF00000016	Rhodotorula_mucilaginosa_TFCN_17-0-2E337-3.cds.fa_10562	Rhodotorula_mucilaginosa_TFCN_17-0-2E337-3.cds.fa_04885	NaN	NaN	NaN	NaN	NaN	NaN	NaN	NaN	TFCN1702E3373_010693-T1	TFCN1702E3373_004947-T1
TFCN1702E3373_004948-T1__TFCN1702E3373_010693-T1	NaN	NaN	NaN	NaN	NaN	NaN	NaN	NaN	GF00000016	Rhodotorula_mucilaginosa_TFCN_17-0-2E337-3.cds.fa_10562	Rhodotorula_mucilaginosa_TFCN_17-0-2E337-3.cds.fa_04886	NaN	NaN	NaN	NaN	NaN	NaN	NaN	NaN	TFCN1702E3373_010693-T1	TFCN1702E3373_004948-T1
TFCN1702E3373_012435-T1__TFCN1702E3373_012437-T1	NaN	NaN	NaN	NaN	NaN	NaN	NaN	NaN	GF00000016	Rhodotorula_mucilaginosa_TFCN_17-0-2E337-3.cds.fa_12269	Rhodotorula_mucilaginosa_TFCN_17-0-2E337-3.cds.fa_12271	NaN	NaN	NaN	NaN	NaN	NaN	NaN	NaN	TFCN1702E3373_012435-T1	TFCN1702E3373_012437-T1
TFCN1702E3373_012429-T1__TFCN1702E3373_012435-T1	NaN	NaN	NaN	NaN	NaN	NaN	NaN	NaN	GF00000016	Rhodotorula_mucilaginosa_TFCN_17-0-2E337-3.cds.fa_12269	Rhodotorula_mucilaginosa_TFCN_17-0-2E337-3.cds.fa_12263	NaN	NaN	NaN	NaN	NaN	NaN	NaN	NaN	TFCN1702E3373_012435-T1	TFCN1702E3373_012429-T1
TFCN1702E3373_000345-T1__TFCN1702E3373_012435-T1	NaN	NaN	NaN	NaN	NaN	NaN	NaN	NaN	GF00000016	Rhodotorula_mucilaginosa_TFCN_17-0-2E337-3.cds.fa_12269	Rhodotorula_mucilaginosa_TFCN_17-0-2E337-3.cds.fa_00341	NaN	NaN	NaN	NaN	NaN	NaN	NaN	NaN	TFCN1702E3373_012435-T1	TFCN1702E3373_000345-T1
TFCN1702E3373_000874-T1__TFCN1702E3373_012435-T1	NaN	NaN	NaN	NaN	NaN	NaN	NaN	NaN	GF00000016	Rhodotorula_mucilaginosa_TFCN_17-0-2E337-3.cds.fa_12269	Rhodotorula_mucilaginosa_TFCN_17-0-2E337-3.cds.fa_00868	NaN	NaN	NaN	NaN	NaN	NaN	NaN	NaN	TFCN1702E3373_012435-T1	TFCN1702E3373_000874-T1
TFCN1702E3373_012428-T1__TFCN1702E3373_012435-T1	NaN	NaN	NaN	NaN	NaN	NaN	NaN	NaN	GF00000016	Rhodotorula_mucilaginosa_TFCN_17-0-2E337-3.cds.fa_12269	Rhodotorula_mucilaginosa_TFCN_17-0-2E337-3.cds.fa_12262	NaN	NaN	NaN	NaN	NaN	NaN	NaN	NaN	TFCN1702E3373_012435-T1	TFCN1702E3373_012428-T1
TFCN1702E3373_010694-T1__TFCN1702E3373_012435-T1	NaN	NaN	NaN	NaN	NaN	NaN	NaN	NaN	GF00000016	Rhodotorula_mucilaginosa_TFCN_17-0-2E337-3.cds.fa_12269	Rhodotorula_mucilaginosa_TFCN_17-0-2E337-3.cds.fa_10563	NaN	NaN	NaN	NaN	NaN	NaN	NaN	NaN	TFCN1702E3373_012435-T1	TFCN1702E3373_010694-T1
TFCN1702E3373_012435-T1__TFCN1702E3373_012438-T1	NaN	NaN	NaN	NaN	NaN	NaN	NaN	NaN	GF00000016	Rhodotorula_mucilaginosa_TFCN_17-0-2E337-3.cds.fa_12269	Rhodotorula_mucilaginosa_TFCN_17-0-2E337-3.cds.fa_12272	NaN	NaN	NaN	NaN	NaN	NaN	NaN	NaN	TFCN1702E3373_012435-T1	TFCN1702E3373_012438-T1
TFCN1702E3373_010695-T1__TFCN1702E3373_012435-T1	NaN	NaN	NaN	NaN	NaN	NaN	NaN	NaN	GF00000016	Rhodotorula_mucilaginosa_TFCN_17-0-2E337-3.cds.fa_12269	Rhodotorula_mucilaginosa_TFCN_17-0-2E337-3.cds.fa_10564	NaN	NaN	NaN	NaN	NaN	NaN	NaN	NaN	TFCN1702E3373_012435-T1	TFCN1702E3373_010695-T1
TFCN1702E3373_012435-T1__TFCN1702E3373_012436-T1	NaN	NaN	NaN	NaN	NaN	NaN	NaN	NaN	GF00000016	Rhodotorula_mucilaginosa_TFCN_17-0-2E337-3.cds.fa_12269	Rhodotorula_mucilaginosa_TFCN_17-0-2E337-3.cds.fa_12270	NaN	NaN	NaN	NaN	NaN	NaN	NaN	NaN	TFCN1702E3373_012435-T1	TFCN1702E3373_012436-T1
TFCN1702E3373_004947-T1__TFCN1702E3373_012435-T1	NaN	NaN	NaN	NaN	NaN	NaN	NaN	NaN	GF00000016	Rhodotorula_mucilaginosa_TFCN_17-0-2E337-3.cds.fa_12269	Rhodotorula_mucilaginosa_TFCN_17-0-2E337-3.cds.fa_04885	NaN	NaN	NaN	NaN	NaN	NaN	NaN	NaN	TFCN1702E3373_012435-T1	TFCN1702E3373_004947-T1
TFCN1702E3373_004948-T1__TFCN1702E3373_012435-T1	NaN	NaN	NaN	NaN	NaN	NaN	NaN	NaN	GF00000016	Rhodotorula_mucilaginosa_TFCN_17-0-2E337-3.cds.fa_12269	Rhodotorula_mucilaginosa_TFCN_17-0-2E337-3.cds.fa_04886	NaN	NaN	NaN	NaN	NaN	NaN	NaN	NaN	TFCN1702E3373_012435-T1	TFCN1702E3373_004948-T1
TFCN1702E3373_012429-T1__TFCN1702E3373_012437-T1	NaN	NaN	NaN	NaN	NaN	NaN	NaN	NaN	GF00000016	Rhodotorula_mucilaginosa_TFCN_17-0-2E337-3.cds.fa_12271	Rhodotorula_mucilaginosa_TFCN_17-0-2E337-3.cds.fa_12263	NaN	NaN	NaN	NaN	NaN	NaN	NaN	NaN	TFCN1702E3373_012437-T1	TFCN1702E3373_012429-T1
TFCN1702E3373_000345-T1__TFCN1702E3373_012437-T1	NaN	NaN	NaN	NaN	NaN	NaN	NaN	NaN	GF00000016	Rhodotorula_mucilaginosa_TFCN_17-0-2E337-3.cds.fa_12271	Rhodotorula_mucilaginosa_TFCN_17-0-2E337-3.cds.fa_00341	NaN	NaN	NaN	NaN	NaN	NaN	NaN	NaN	TFCN1702E3373_012437-T1	TFCN1702E3373_000345-T1
TFCN1702E3373_000874-T1__TFCN1702E3373_012437-T1	NaN	NaN	NaN	NaN	NaN	NaN	NaN	NaN	GF00000016	Rhodotorula_mucilaginosa_TFCN_17-0-2E337-3.cds.fa_12271	Rhodotorula_mucilaginosa_TFCN_17-0-2E337-3.cds.fa_00868	NaN	NaN	NaN	NaN	NaN	NaN	NaN	NaN	TFCN1702E3373_012437-T1	TFCN1702E3373_000874-T1
TFCN1702E3373_012428-T1__TFCN1702E3373_012437-T1	NaN	NaN	NaN	NaN	NaN	NaN	NaN	NaN	GF00000016	Rhodotorula_mucilaginosa_TFCN_17-0-2E337-3.cds.fa_12271	Rhodotorula_mucilaginosa_TFCN_17-0-2E337-3.cds.fa_12262	NaN	NaN	NaN	NaN	NaN	NaN	NaN	NaN	TFCN1702E3373_012437-T1	TFCN1702E3373_012428-T1
TFCN1702E3373_010694-T1__TFCN1702E3373_012437-T1	NaN	NaN	NaN	NaN	NaN	NaN	NaN	NaN	GF00000016	Rhodotorula_mucilaginosa_TFCN_17-0-2E337-3.cds.fa_12271	Rhodotorula_mucilaginosa_TFCN_17-0-2E337-3.cds.fa_10563	NaN	NaN	NaN	NaN	NaN	NaN	NaN	NaN	TFCN1702E3373_012437-T1	TFCN1702E3373_010694-T1
TFCN1702E3373_012437-T1__TFCN1702E3373_012438-T1	NaN	NaN	NaN	NaN	NaN	NaN	NaN	NaN	GF00000016	Rhodotorula_mucilaginosa_TFCN_17-0-2E337-3.cds.fa_12271	Rhodotorula_mucilaginosa_TFCN_17-0-2E337-3.cds.fa_12272	NaN	NaN	NaN	NaN	NaN	NaN	NaN	NaN	TFCN1702E3373_012437-T1	TFCN1702E3373_012438-T1
TFCN1702E3373_010695-T1__TFCN1702E3373_012437-T1	NaN	NaN	NaN	NaN	NaN	NaN	NaN	NaN	GF00000016	Rhodotorula_mucilaginosa_TFCN_17-0-2E337-3.cds.fa_12271	Rhodotorula_mucilaginosa_TFCN_17-0-2E337-3.cds.fa_10564	NaN	NaN	NaN	NaN	NaN	NaN	NaN	NaN	TFCN1702E3373_012437-T1	TFCN1702E3373_010695-T1
TFCN1702E3373_012436-T1__TFCN1702E3373_012437-T1	NaN	NaN	NaN	NaN	NaN	NaN	NaN	NaN	GF00000016	Rhodotorula_mucilaginosa_TFCN_17-0-2E337-3.cds.fa_12271	Rhodotorula_mucilaginosa_TFCN_17-0-2E337-3.cds.fa_12270	NaN	NaN	NaN	NaN	NaN	NaN	NaN	NaN	TFCN1702E3373_012437-T1	TFCN1702E3373_012436-T1
TFCN1702E3373_004947-T1__TFCN1702E3373_012437-T1	NaN	NaN	NaN	NaN	NaN	NaN	NaN	NaN	GF00000016	Rhodotorula_mucilaginosa_TFCN_17-0-2E337-3.cds.fa_12271	Rhodotorula_mucilaginosa_TFCN_17-0-2E337-3.cds.fa_04885	NaN	NaN	NaN	NaN	NaN	NaN	NaN	NaN	TFCN1702E3373_012437-T1	TFCN1702E3373_004947-T1
TFCN1702E3373_004948-T1__TFCN1702E3373_012437-T1	NaN	NaN	NaN	NaN	NaN	NaN	NaN	NaN	GF00000016	Rhodotorula_mucilaginosa_TFCN_17-0-2E337-3.cds.fa_12271	Rhodotorula_mucilaginosa_TFCN_17-0-2E337-3.cds.fa_04886	NaN	NaN	NaN	NaN	NaN	NaN	NaN	NaN	TFCN1702E3373_012437-T1	TFCN1702E3373_004948-T1
TFCN1702E3373_000345-T1__TFCN1702E3373_012429-T1	NaN	NaN	NaN	NaN	NaN	NaN	NaN	NaN	GF00000016	Rhodotorula_mucilaginosa_TFCN_17-0-2E337-3.cds.fa_12263	Rhodotorula_mucilaginosa_TFCN_17-0-2E337-3.cds.fa_00341	NaN	NaN	NaN	NaN	NaN	NaN	NaN	NaN	TFCN1702E3373_012429-T1	TFCN1702E3373_000345-T1
TFCN1702E3373_000874-T1__TFCN1702E3373_012429-T1	NaN	NaN	NaN	NaN	NaN	NaN	NaN	NaN	GF00000016	Rhodotorula_mucilaginosa_TFCN_17-0-2E337-3.cds.fa_12263	Rhodotorula_mucilaginosa_TFCN_17-0-2E337-3.cds.fa_00868	NaN	NaN	NaN	NaN	NaN	NaN	NaN	NaN	TFCN1702E3373_012429-T1	TFCN1702E3373_000874-T1
TFCN1702E3373_012428-T1__TFCN1702E3373_012429-T1	NaN	NaN	NaN	NaN	NaN	NaN	NaN	NaN	GF00000016	Rhodotorula_mucilaginosa_TFCN_17-0-2E337-3.cds.fa_12263	Rhodotorula_mucilaginosa_TFCN_17-0-2E337-3.cds.fa_12262	NaN	NaN	NaN	NaN	NaN	NaN	NaN	NaN	TFCN1702E3373_012429-T1	TFCN1702E3373_012428-T1
TFCN1702E3373_010694-T1__TFCN1702E3373_012429-T1	NaN	NaN	NaN	NaN	NaN	NaN	NaN	NaN	GF00000016	Rhodotorula_mucilaginosa_TFCN_17-0-2E337-3.cds.fa_12263	Rhodotorula_mucilaginosa_TFCN_17-0-2E337-3.cds.fa_10563	NaN	NaN	NaN	NaN	NaN	NaN	NaN	NaN	TFCN1702E3373_012429-T1	TFCN1702E3373_010694-T1
TFCN1702E3373_012429-T1__TFCN1702E3373_012438-T1	NaN	NaN	NaN	NaN	NaN	NaN	NaN	NaN	GF00000016	Rhodotorula_mucilaginosa_TFCN_17-0-2E337-3.cds.fa_12263	Rhodotorula_mucilaginosa_TFCN_17-0-2E337-3.cds.fa_12272	NaN	NaN	NaN	NaN	NaN	NaN	NaN	NaN	TFCN1702E3373_012429-T1	TFCN1702E3373_012438-T1
TFCN1702E3373_010695-T1__TFCN1702E3373_012429-T1	NaN	NaN	NaN	NaN	NaN	NaN	NaN	NaN	GF00000016	Rhodotorula_mucilaginosa_TFCN_17-0-2E337-3.cds.fa_12263	Rhodotorula_mucilaginosa_TFCN_17-0-2E337-3.cds.fa_10564	NaN	NaN	NaN	NaN	NaN	NaN	NaN	NaN	TFCN1702E3373_012429-T1	TFCN1702E3373_010695-T1
TFCN1702E3373_012429-T1__TFCN1702E3373_012436-T1	NaN	NaN	NaN	NaN	NaN	NaN	NaN	NaN	GF00000016	Rhodotorula_mucilaginosa_TFCN_17-0-2E337-3.cds.fa_12263	Rhodotorula_mucilaginosa_TFCN_17-0-2E337-3.cds.fa_12270	NaN	NaN	NaN	NaN	NaN	NaN	NaN	NaN	TFCN1702E3373_012429-T1	TFCN1702E3373_012436-T1
TFCN1702E3373_004947-T1__TFCN1702E3373_012429-T1	NaN	NaN	NaN	NaN	NaN	NaN	NaN	NaN	GF00000016	Rhodotorula_mucilaginosa_TFCN_17-0-2E337-3.cds.fa_12263	Rhodotorula_mucilaginosa_TFCN_17-0-2E337-3.cds.fa_04885	NaN	NaN	NaN	NaN	NaN	NaN	NaN	NaN	TFCN1702E3373_012429-T1	TFCN1702E3373_004947-T1
TFCN1702E3373_004948-T1__TFCN1702E3373_012429-T1	NaN	NaN	NaN	NaN	NaN	NaN	NaN	NaN	GF00000016	Rhodotorula_mucilaginosa_TFCN_17-0-2E337-3.cds.fa_12263	Rhodotorula_mucilaginosa_TFCN_17-0-2E337-3.cds.fa_04886	NaN	NaN	NaN	NaN	NaN	NaN	NaN	NaN	TFCN1702E3373_012429-T1	TFCN1702E3373_004948-T1
TFCN1702E3373_000345-T1__TFCN1702E3373_000874-T1	NaN	NaN	NaN	NaN	NaN	NaN	NaN	NaN	GF00000016	Rhodotorula_mucilaginosa_TFCN_17-0-2E337-3.cds.fa_00341	Rhodotorula_mucilaginosa_TFCN_17-0-2E337-3.cds.fa_00868	NaN	NaN	NaN	NaN	NaN	NaN	NaN	NaN	TFCN1702E3373_000345-T1	TFCN1702E3373_000874-T1
TFCN1702E3373_000345-T1__TFCN1702E3373_012428-T1	NaN	NaN	NaN	NaN	NaN	NaN	NaN	NaN	GF00000016	Rhodotorula_mucilaginosa_TFCN_17-0-2E337-3.cds.fa_00341	Rhodotorula_mucilaginosa_TFCN_17-0-2E337-3.cds.fa_12262	NaN	NaN	NaN	NaN	NaN	NaN	NaN	NaN	TFCN1702E3373_000345-T1	TFCN1702E3373_012428-T1
TFCN1702E3373_000345-T1__TFCN1702E3373_010694-T1	NaN	NaN	NaN	NaN	NaN	NaN	NaN	NaN	GF00000016	Rhodotorula_mucilaginosa_TFCN_17-0-2E337-3.cds.fa_00341	Rhodotorula_mucilaginosa_TFCN_17-0-2E337-3.cds.fa_10563	NaN	NaN	NaN	NaN	NaN	NaN	NaN	NaN	TFCN1702E3373_000345-T1	TFCN1702E3373_010694-T1
TFCN1702E3373_000345-T1__TFCN1702E3373_012438-T1	NaN	NaN	NaN	NaN	NaN	NaN	NaN	NaN	GF00000016	Rhodotorula_mucilaginosa_TFCN_17-0-2E337-3.cds.fa_00341	Rhodotorula_mucilaginosa_TFCN_17-0-2E337-3.cds.fa_12272	NaN	NaN	NaN	NaN	NaN	NaN	NaN	NaN	TFCN1702E3373_000345-T1	TFCN1702E3373_012438-T1
TFCN1702E3373_000345-T1__TFCN1702E3373_010695-T1	NaN	NaN	NaN	NaN	NaN	NaN	NaN	NaN	GF00000016	Rhodotorula_mucilaginosa_TFCN_17-0-2E337-3.cds.fa_00341	Rhodotorula_mucilaginosa_TFCN_17-0-2E337-3.cds.fa_10564	NaN	NaN	NaN	NaN	NaN	NaN	NaN	NaN	TFCN1702E3373_000345-T1	TFCN1702E3373_010695-T1
TFCN1702E3373_000345-T1__TFCN1702E3373_012436-T1	NaN	NaN	NaN	NaN	NaN	NaN	NaN	NaN	GF00000016	Rhodotorula_mucilaginosa_TFCN_17-0-2E337-3.cds.fa_00341	Rhodotorula_mucilaginosa_TFCN_17-0-2E337-3.cds.fa_12270	NaN	NaN	NaN	NaN	NaN	NaN	NaN	NaN	TFCN1702E3373_000345-T1	TFCN1702E3373_012436-T1
TFCN1702E3373_000345-T1__TFCN1702E3373_004947-T1	NaN	NaN	NaN	NaN	NaN	NaN	NaN	NaN	GF00000016	Rhodotorula_mucilaginosa_TFCN_17-0-2E337-3.cds.fa_00341	Rhodotorula_mucilaginosa_TFCN_17-0-2E337-3.cds.fa_04885	NaN	NaN	NaN	NaN	NaN	NaN	NaN	NaN	TFCN1702E3373_000345-T1	TFCN1702E3373_004947-T1
TFCN1702E3373_000345-T1__TFCN1702E3373_004948-T1	NaN	NaN	NaN	NaN	NaN	NaN	NaN	NaN	GF00000016	Rhodotorula_mucilaginosa_TFCN_17-0-2E337-3.cds.fa_00341	Rhodotorula_mucilaginosa_TFCN_17-0-2E337-3.cds.fa_04886	NaN	NaN	NaN	NaN	NaN	NaN	NaN	NaN	TFCN1702E3373_000345-T1	TFCN1702E3373_004948-T1
TFCN1702E3373_000874-T1__TFCN1702E3373_012428-T1	NaN	NaN	NaN	NaN	NaN	NaN	NaN	NaN	GF00000016	Rhodotorula_mucilaginosa_TFCN_17-0-2E337-3.cds.fa_00868	Rhodotorula_mucilaginosa_TFCN_17-0-2E337-3.cds.fa_12262	NaN	NaN	NaN	NaN	NaN	NaN	NaN	NaN	TFCN1702E3373_000874-T1	TFCN1702E3373_012428-T1
TFCN1702E3373_000874-T1__TFCN1702E3373_010694-T1	NaN	NaN	NaN	NaN	NaN	NaN	NaN	NaN	GF00000016	Rhodotorula_mucilaginosa_TFCN_17-0-2E337-3.cds.fa_00868	Rhodotorula_mucilaginosa_TFCN_17-0-2E337-3.cds.fa_10563	NaN	NaN	NaN	NaN	NaN	NaN	NaN	NaN	TFCN1702E3373_000874-T1	TFCN1702E3373_010694-T1
TFCN1702E3373_000874-T1__TFCN1702E3373_012438-T1	NaN	NaN	NaN	NaN	NaN	NaN	NaN	NaN	GF00000016	Rhodotorula_mucilaginosa_TFCN_17-0-2E337-3.cds.fa_00868	Rhodotorula_mucilaginosa_TFCN_17-0-2E337-3.cds.fa_12272	NaN	NaN	NaN	NaN	NaN	NaN	NaN	NaN	TFCN1702E3373_000874-T1	TFCN1702E3373_012438-T1
TFCN1702E3373_000874-T1__TFCN1702E3373_010695-T1	NaN	NaN	NaN	NaN	NaN	NaN	NaN	NaN	GF00000016	Rhodotorula_mucilaginosa_TFCN_17-0-2E337-3.cds.fa_00868	Rhodotorula_mucilaginosa_TFCN_17-0-2E337-3.cds.fa_10564	NaN	NaN	NaN	NaN	NaN	NaN	NaN	NaN	TFCN1702E3373_000874-T1	TFCN1702E3373_010695-T1
TFCN1702E3373_000874-T1__TFCN1702E3373_012436-T1	NaN	NaN	NaN	NaN	NaN	NaN	NaN	NaN	GF00000016	Rhodotorula_mucilaginosa_TFCN_17-0-2E337-3.cds.fa_00868	Rhodotorula_mucilaginosa_TFCN_17-0-2E337-3.cds.fa_12270	NaN	NaN	NaN	NaN	NaN	NaN	NaN	NaN	TFCN1702E3373_000874-T1	TFCN1702E3373_012436-T1
TFCN1702E3373_000874-T1__TFCN1702E3373_004947-T1	NaN	NaN	NaN	NaN	NaN	NaN	NaN	NaN	GF00000016	Rhodotorula_mucilaginosa_TFCN_17-0-2E337-3.cds.fa_00868	Rhodotorula_mucilaginosa_TFCN_17-0-2E337-3.cds.fa_04885	NaN	NaN	NaN	NaN	NaN	NaN	NaN	NaN	TFCN1702E3373_000874-T1	TFCN1702E3373_004947-T1
TFCN1702E3373_000874-T1__TFCN1702E3373_004948-T1	NaN	NaN	NaN	NaN	NaN	NaN	NaN	NaN	GF00000016	Rhodotorula_mucilaginosa_TFCN_17-0-2E337-3.cds.fa_00868	Rhodotorula_mucilaginosa_TFCN_17-0-2E337-3.cds.fa_04886	NaN	NaN	NaN	NaN	NaN	NaN	NaN	NaN	TFCN1702E3373_000874-T1	TFCN1702E3373_004948-T1
TFCN1702E3373_010694-T1__TFCN1702E3373_012428-T1	NaN	NaN	NaN	NaN	NaN	NaN	NaN	NaN	GF00000016	Rhodotorula_mucilaginosa_TFCN_17-0-2E337-3.cds.fa_12262	Rhodotorula_mucilaginosa_TFCN_17-0-2E337-3.cds.fa_10563	NaN	NaN	NaN	NaN	NaN	NaN	NaN	NaN	TFCN1702E3373_012428-T1	TFCN1702E3373_010694-T1
TFCN1702E3373_012428-T1__TFCN1702E3373_012438-T1	NaN	NaN	NaN	NaN	NaN	NaN	NaN	NaN	GF00000016	Rhodotorula_mucilaginosa_TFCN_17-0-2E337-3.cds.fa_12262	Rhodotorula_mucilaginosa_TFCN_17-0-2E337-3.cds.fa_12272	NaN	NaN	NaN	NaN	NaN	NaN	NaN	NaN	TFCN1702E3373_012428-T1	TFCN1702E3373_012438-T1
TFCN1702E3373_010695-T1__TFCN1702E3373_012428-T1	NaN	NaN	NaN	NaN	NaN	NaN	NaN	NaN	GF00000016	Rhodotorula_mucilaginosa_TFCN_17-0-2E337-3.cds.fa_12262	Rhodotorula_mucilaginosa_TFCN_17-0-2E337-3.cds.fa_10564	NaN	NaN	NaN	NaN	NaN	NaN	NaN	NaN	TFCN1702E3373_012428-T1	TFCN1702E3373_010695-T1
TFCN1702E3373_012428-T1__TFCN1702E3373_012436-T1	NaN	NaN	NaN	NaN	NaN	NaN	NaN	NaN	GF00000016	Rhodotorula_mucilaginosa_TFCN_17-0-2E337-3.cds.fa_12262	Rhodotorula_mucilaginosa_TFCN_17-0-2E337-3.cds.fa_12270	NaN	NaN	NaN	NaN	NaN	NaN	NaN	NaN	TFCN1702E3373_012428-T1	TFCN1702E3373_012436-T1
TFCN1702E3373_004947-T1__TFCN1702E3373_012428-T1	NaN	NaN	NaN	NaN	NaN	NaN	NaN	NaN	GF00000016	Rhodotorula_mucilaginosa_TFCN_17-0-2E337-3.cds.fa_12262	Rhodotorula_mucilaginosa_TFCN_17-0-2E337-3.cds.fa_04885	NaN	NaN	NaN	NaN	NaN	NaN	NaN	NaN	TFCN1702E3373_012428-T1	TFCN1702E3373_004947-T1
TFCN1702E3373_004948-T1__TFCN1702E3373_012428-T1	NaN	NaN	NaN	NaN	NaN	NaN	NaN	NaN	GF00000016	Rhodotorula_mucilaginosa_TFCN_17-0-2E337-3.cds.fa_12262	Rhodotorula_mucilaginosa_TFCN_17-0-2E337-3.cds.fa_04886	NaN	NaN	NaN	NaN	NaN	NaN	NaN	NaN	TFCN1702E3373_012428-T1	TFCN1702E3373_004948-T1
TFCN1702E3373_010694-T1__TFCN1702E3373_012438-T1	NaN	NaN	NaN	NaN	NaN	NaN	NaN	NaN	GF00000016	Rhodotorula_mucilaginosa_TFCN_17-0-2E337-3.cds.fa_10563	Rhodotorula_mucilaginosa_TFCN_17-0-2E337-3.cds.fa_12272	NaN	NaN	NaN	NaN	NaN	NaN	NaN	NaN	TFCN1702E3373_010694-T1	TFCN1702E3373_012438-T1
TFCN1702E3373_010694-T1__TFCN1702E3373_010695-T1	NaN	NaN	NaN	NaN	NaN	NaN	NaN	NaN	GF00000016	Rhodotorula_mucilaginosa_TFCN_17-0-2E337-3.cds.fa_10563	Rhodotorula_mucilaginosa_TFCN_17-0-2E337-3.cds.fa_10564	NaN	NaN	NaN	NaN	NaN	NaN	NaN	NaN	TFCN1702E3373_010694-T1	TFCN1702E3373_010695-T1
TFCN1702E3373_010694-T1__TFCN1702E3373_012436-T1	NaN	NaN	NaN	NaN	NaN	NaN	NaN	NaN	GF00000016	Rhodotorula_mucilaginosa_TFCN_17-0-2E337-3.cds.fa_10563	Rhodotorula_mucilaginosa_TFCN_17-0-2E337-3.cds.fa_12270	NaN	NaN	NaN	NaN	NaN	NaN	NaN	NaN	TFCN1702E3373_010694-T1	TFCN1702E3373_012436-T1
TFCN1702E3373_004947-T1__TFCN1702E3373_010694-T1	NaN	NaN	NaN	NaN	NaN	NaN	NaN	NaN	GF00000016	Rhodotorula_mucilaginosa_TFCN_17-0-2E337-3.cds.fa_10563	Rhodotorula_mucilaginosa_TFCN_17-0-2E337-3.cds.fa_04885	NaN	NaN	NaN	NaN	NaN	NaN	NaN	NaN	TFCN1702E3373_010694-T1	TFCN1702E3373_004947-T1
TFCN1702E3373_004948-T1__TFCN1702E3373_010694-T1	NaN	NaN	NaN	NaN	NaN	NaN	NaN	NaN	GF00000016	Rhodotorula_mucilaginosa_TFCN_17-0-2E337-3.cds.fa_10563	Rhodotorula_mucilaginosa_TFCN_17-0-2E337-3.cds.fa_04886	NaN	NaN	NaN	NaN	NaN	NaN	NaN	NaN	TFCN1702E3373_010694-T1	TFCN1702E3373_004948-T1
TFCN1702E3373_010695-T1__TFCN1702E3373_012438-T1	NaN	NaN	NaN	NaN	NaN	NaN	NaN	NaN	GF00000016	Rhodotorula_mucilaginosa_TFCN_17-0-2E337-3.cds.fa_12272	Rhodotorula_mucilaginosa_TFCN_17-0-2E337-3.cds.fa_10564	NaN	NaN	NaN	NaN	NaN	NaN	NaN	NaN	TFCN1702E3373_012438-T1	TFCN1702E3373_010695-T1
TFCN1702E3373_012436-T1__TFCN1702E3373_012438-T1	NaN	NaN	NaN	NaN	NaN	NaN	NaN	NaN	GF00000016	Rhodotorula_mucilaginosa_TFCN_17-0-2E337-3.cds.fa_12272	Rhodotorula_mucilaginosa_TFCN_17-0-2E337-3.cds.fa_12270	NaN	NaN	NaN	NaN	NaN	NaN	NaN	NaN	TFCN1702E3373_012438-T1	TFCN1702E3373_012436-T1
TFCN1702E3373_004947-T1__TFCN1702E3373_012438-T1	NaN	NaN	NaN	NaN	NaN	NaN	NaN	NaN	GF00000016	Rhodotorula_mucilaginosa_TFCN_17-0-2E337-3.cds.fa_12272	Rhodotorula_mucilaginosa_TFCN_17-0-2E337-3.cds.fa_04885	NaN	NaN	NaN	NaN	NaN	NaN	NaN	NaN	TFCN1702E3373_012438-T1	TFCN1702E3373_004947-T1
TFCN1702E3373_004948-T1__TFCN1702E3373_012438-T1	NaN	NaN	NaN	NaN	NaN	NaN	NaN	NaN	GF00000016	Rhodotorula_mucilaginosa_TFCN_17-0-2E337-3.cds.fa_12272	Rhodotorula_mucilaginosa_TFCN_17-0-2E337-3.cds.fa_04886	NaN	NaN	NaN	NaN	NaN	NaN	NaN	NaN	TFCN1702E3373_012438-T1	TFCN1702E3373_004948-T1
TFCN1702E3373_010695-T1__TFCN1702E3373_012436-T1	NaN	NaN	NaN	NaN	NaN	NaN	NaN	NaN	GF00000016	Rhodotorula_mucilaginosa_TFCN_17-0-2E337-3.cds.fa_10564	Rhodotorula_mucilaginosa_TFCN_17-0-2E337-3.cds.fa_12270	NaN	NaN	NaN	NaN	NaN	NaN	NaN	NaN	TFCN1702E3373_010695-T1	TFCN1702E3373_012436-T1
TFCN1702E3373_004947-T1__TFCN1702E3373_010695-T1	NaN	NaN	NaN	NaN	NaN	NaN	NaN	NaN	GF00000016	Rhodotorula_mucilaginosa_TFCN_17-0-2E337-3.cds.fa_10564	Rhodotorula_mucilaginosa_TFCN_17-0-2E337-3.cds.fa_04885	NaN	NaN	NaN	NaN	NaN	NaN	NaN	NaN	TFCN1702E3373_010695-T1	TFCN1702E3373_004947-T1
TFCN1702E3373_004948-T1__TFCN1702E3373_010695-T1	NaN	NaN	NaN	NaN	NaN	NaN	NaN	NaN	GF00000016	Rhodotorula_mucilaginosa_TFCN_17-0-2E337-3.cds.fa_10564	Rhodotorula_mucilaginosa_TFCN_17-0-2E337-3.cds.fa_04886	NaN	NaN	NaN	NaN	NaN	NaN	NaN	NaN	TFCN1702E3373_010695-T1	TFCN1702E3373_004948-T1
TFCN1702E3373_004947-T1__TFCN1702E3373_012436-T1	NaN	NaN	NaN	NaN	NaN	NaN	NaN	NaN	GF00000016	Rhodotorula_mucilaginosa_TFCN_17-0-2E337-3.cds.fa_12270	Rhodotorula_mucilaginosa_TFCN_17-0-2E337-3.cds.fa_04885	NaN	NaN	NaN	NaN	NaN	NaN	NaN	NaN	TFCN1702E3373_012436-T1	TFCN1702E3373_004947-T1
TFCN1702E3373_004948-T1__TFCN1702E3373_012436-T1	NaN	NaN	NaN	NaN	NaN	NaN	NaN	NaN	GF00000016	Rhodotorula_mucilaginosa_TFCN_17-0-2E337-3.cds.fa_12270	Rhodotorula_mucilaginosa_TFCN_17-0-2E337-3.cds.fa_04886	NaN	NaN	NaN	NaN	NaN	NaN	NaN	NaN	TFCN1702E3373_012436-T1	TFCN1702E3373_004948-T1
TFCN1702E3373_004947-T1__TFCN1702E3373_004948-T1	NaN	NaN	NaN	NaN	NaN	NaN	NaN	NaN	GF00000016	Rhodotorula_mucilaginosa_TFCN_17-0-2E337-3.cds.fa_04885	Rhodotorula_mucilaginosa_TFCN_17-0-2E337-3.cds.fa_04886	NaN	NaN	NaN	NaN	NaN	NaN	NaN	NaN	TFCN1702E3373_004947-T1	TFCN1702E3373_004948-T1
TFCN1702E3373_001800-T1__TFCN1702E3373_004043-T1	NaN	NaN	NaN	NaN	NaN	NaN	NaN	NaN	GF00000017	Rhodotorula_mucilaginosa_TFCN_17-0-2E337-3.cds.fa_01788	Rhodotorula_mucilaginosa_TFCN_17-0-2E337-3.cds.fa_03988	NaN	NaN	NaN	NaN	NaN	NaN	NaN	NaN	TFCN1702E3373_001800-T1	TFCN1702E3373_004043-T1
TFCN1702E3373_001800-T1__TFCN1702E3373_009656-T1	NaN	NaN	NaN	NaN	NaN	NaN	NaN	NaN	GF00000017	Rhodotorula_mucilaginosa_TFCN_17-0-2E337-3.cds.fa_01788	Rhodotorula_mucilaginosa_TFCN_17-0-2E337-3.cds.fa_09538	NaN	NaN	NaN	NaN	NaN	NaN	NaN	NaN	TFCN1702E3373_001800-T1	TFCN1702E3373_009656-T1
TFCN1702E3373_001800-T1__TFCN1702E3373_014156-T1	NaN	NaN	NaN	NaN	NaN	NaN	NaN	NaN	GF00000017	Rhodotorula_mucilaginosa_TFCN_17-0-2E337-3.cds.fa_01788	Rhodotorula_mucilaginosa_TFCN_17-0-2E337-3.cds.fa_13949	NaN	NaN	NaN	NaN	NaN	NaN	NaN	NaN	TFCN1702E3373_001800-T1	TFCN1702E3373_014156-T1
TFCN1702E3373_001800-T1__TFCN1702E3373_009043-T1	NaN	NaN	NaN	NaN	NaN	NaN	NaN	NaN	GF00000017	Rhodotorula_mucilaginosa_TFCN_17-0-2E337-3.cds.fa_01788	Rhodotorula_mucilaginosa_TFCN_17-0-2E337-3.cds.fa_08928	NaN	NaN	NaN	NaN	NaN	NaN	NaN	NaN	TFCN1702E3373_001800-T1	TFCN1702E3373_009043-T1
TFCN1702E3373_001800-T1__TFCN1702E3373_014154-T1	NaN	NaN	NaN	NaN	NaN	NaN	NaN	NaN	GF00000017	Rhodotorula_mucilaginosa_TFCN_17-0-2E337-3.cds.fa_01788	Rhodotorula_mucilaginosa_TFCN_17-0-2E337-3.cds.fa_13947	NaN	NaN	NaN	NaN	NaN	NaN	NaN	NaN	TFCN1702E3373_001800-T1	TFCN1702E3373_014154-T1
TFCN1702E3373_001800-T1__TFCN1702E3373_009041-T1	NaN	NaN	NaN	NaN	NaN	NaN	NaN	NaN	GF00000017	Rhodotorula_mucilaginosa_TFCN_17-0-2E337-3.cds.fa_01788	Rhodotorula_mucilaginosa_TFCN_17-0-2E337-3.cds.fa_08926	NaN	NaN	NaN	NaN	NaN	NaN	NaN	NaN	TFCN1702E3373_001800-T1	TFCN1702E3373_009041-T1
TFCN1702E3373_001800-T1__TFCN1702E3373_009042-T1	NaN	NaN	NaN	NaN	NaN	NaN	NaN	NaN	GF00000017	Rhodotorula_mucilaginosa_TFCN_17-0-2E337-3.cds.fa_01788	Rhodotorula_mucilaginosa_TFCN_17-0-2E337-3.cds.fa_08927	NaN	NaN	NaN	NaN	NaN	NaN	NaN	NaN	TFCN1702E3373_001800-T1	TFCN1702E3373_009042-T1
TFCN1702E3373_001800-T1__TFCN1702E3373_014155-T1	NaN	NaN	NaN	NaN	NaN	NaN	NaN	NaN	GF00000017	Rhodotorula_mucilaginosa_TFCN_17-0-2E337-3.cds.fa_01788	Rhodotorula_mucilaginosa_TFCN_17-0-2E337-3.cds.fa_13948	NaN	NaN	NaN	NaN	NaN	NaN	NaN	NaN	TFCN1702E3373_001800-T1	TFCN1702E3373_014155-T1
TFCN1702E3373_001800-T1__TFCN1702E3373_013145-T1	NaN	NaN	NaN	NaN	NaN	NaN	NaN	NaN	GF00000017	Rhodotorula_mucilaginosa_TFCN_17-0-2E337-3.cds.fa_01788	Rhodotorula_mucilaginosa_TFCN_17-0-2E337-3.cds.fa_12960	NaN	NaN	NaN	NaN	NaN	NaN	NaN	NaN	TFCN1702E3373_001800-T1	TFCN1702E3373_013145-T1
TFCN1702E3373_001800-T1__TFCN1702E3373_014553-T1	NaN	NaN	NaN	NaN	NaN	NaN	NaN	NaN	GF00000017	Rhodotorula_mucilaginosa_TFCN_17-0-2E337-3.cds.fa_01788	Rhodotorula_mucilaginosa_TFCN_17-0-2E337-3.cds.fa_14337	NaN	NaN	NaN	NaN	NaN	NaN	NaN	NaN	TFCN1702E3373_001800-T1	TFCN1702E3373_014553-T1
TFCN1702E3373_001800-T1__TFCN1702E3373_009595-T1	NaN	NaN	NaN	NaN	NaN	NaN	NaN	NaN	GF00000017	Rhodotorula_mucilaginosa_TFCN_17-0-2E337-3.cds.fa_01788	Rhodotorula_mucilaginosa_TFCN_17-0-2E337-3.cds.fa_09477	NaN	NaN	NaN	NaN	NaN	NaN	NaN	NaN	TFCN1702E3373_001800-T1	TFCN1702E3373_009595-T1
TFCN1702E3373_001800-T1__TFCN1702E3373_014554-T1	NaN	NaN	NaN	NaN	NaN	NaN	NaN	NaN	GF00000017	Rhodotorula_mucilaginosa_TFCN_17-0-2E337-3.cds.fa_01788	Rhodotorula_mucilaginosa_TFCN_17-0-2E337-3.cds.fa_14338	NaN	NaN	NaN	NaN	NaN	NaN	NaN	NaN	TFCN1702E3373_001800-T1	TFCN1702E3373_014554-T1
TFCN1702E3373_004043-T1__TFCN1702E3373_009656-T1	NaN	NaN	NaN	NaN	NaN	NaN	NaN	NaN	GF00000017	Rhodotorula_mucilaginosa_TFCN_17-0-2E337-3.cds.fa_03988	Rhodotorula_mucilaginosa_TFCN_17-0-2E337-3.cds.fa_09538	NaN	NaN	NaN	NaN	NaN	NaN	NaN	NaN	TFCN1702E3373_004043-T1	TFCN1702E3373_009656-T1
TFCN1702E3373_004043-T1__TFCN1702E3373_014156-T1	NaN	NaN	NaN	NaN	NaN	NaN	NaN	NaN	GF00000017	Rhodotorula_mucilaginosa_TFCN_17-0-2E337-3.cds.fa_03988	Rhodotorula_mucilaginosa_TFCN_17-0-2E337-3.cds.fa_13949	NaN	NaN	NaN	NaN	NaN	NaN	NaN	NaN	TFCN1702E3373_004043-T1	TFCN1702E3373_014156-T1
TFCN1702E3373_004043-T1__TFCN1702E3373_009043-T1	NaN	NaN	NaN	NaN	NaN	NaN	NaN	NaN	GF00000017	Rhodotorula_mucilaginosa_TFCN_17-0-2E337-3.cds.fa_03988	Rhodotorula_mucilaginosa_TFCN_17-0-2E337-3.cds.fa_08928	NaN	NaN	NaN	NaN	NaN	NaN	NaN	NaN	TFCN1702E3373_004043-T1	TFCN1702E3373_009043-T1
TFCN1702E3373_004043-T1__TFCN1702E3373_014154-T1	NaN	NaN	NaN	NaN	NaN	NaN	NaN	NaN	GF00000017	Rhodotorula_mucilaginosa_TFCN_17-0-2E337-3.cds.fa_03988	Rhodotorula_mucilaginosa_TFCN_17-0-2E337-3.cds.fa_13947	NaN	NaN	NaN	NaN	NaN	NaN	NaN	NaN	TFCN1702E3373_004043-T1	TFCN1702E3373_014154-T1
TFCN1702E3373_004043-T1__TFCN1702E3373_009041-T1	NaN	NaN	NaN	NaN	NaN	NaN	NaN	NaN	GF00000017	Rhodotorula_mucilaginosa_TFCN_17-0-2E337-3.cds.fa_03988	Rhodotorula_mucilaginosa_TFCN_17-0-2E337-3.cds.fa_08926	NaN	NaN	NaN	NaN	NaN	NaN	NaN	NaN	TFCN1702E3373_004043-T1	TFCN1702E3373_009041-T1
TFCN1702E3373_004043-T1__TFCN1702E3373_009042-T1	NaN	NaN	NaN	NaN	NaN	NaN	NaN	NaN	GF00000017	Rhodotorula_mucilaginosa_TFCN_17-0-2E337-3.cds.fa_03988	Rhodotorula_mucilaginosa_TFCN_17-0-2E337-3.cds.fa_08927	NaN	NaN	NaN	NaN	NaN	NaN	NaN	NaN	TFCN1702E3373_004043-T1	TFCN1702E3373_009042-T1
TFCN1702E3373_004043-T1__TFCN1702E3373_014155-T1	NaN	NaN	NaN	NaN	NaN	NaN	NaN	NaN	GF00000017	Rhodotorula_mucilaginosa_TFCN_17-0-2E337-3.cds.fa_03988	Rhodotorula_mucilaginosa_TFCN_17-0-2E337-3.cds.fa_13948	NaN	NaN	NaN	NaN	NaN	NaN	NaN	NaN	TFCN1702E3373_004043-T1	TFCN1702E3373_014155-T1
TFCN1702E3373_004043-T1__TFCN1702E3373_013145-T1	NaN	NaN	NaN	NaN	NaN	NaN	NaN	NaN	GF00000017	Rhodotorula_mucilaginosa_TFCN_17-0-2E337-3.cds.fa_03988	Rhodotorula_mucilaginosa_TFCN_17-0-2E337-3.cds.fa_12960	NaN	NaN	NaN	NaN	NaN	NaN	NaN	NaN	TFCN1702E3373_004043-T1	TFCN1702E3373_013145-T1
TFCN1702E3373_004043-T1__TFCN1702E3373_014553-T1	NaN	NaN	NaN	NaN	NaN	NaN	NaN	NaN	GF00000017	Rhodotorula_mucilaginosa_TFCN_17-0-2E337-3.cds.fa_03988	Rhodotorula_mucilaginosa_TFCN_17-0-2E337-3.cds.fa_14337	NaN	NaN	NaN	NaN	NaN	NaN	NaN	NaN	TFCN1702E3373_004043-T1	TFCN1702E3373_014553-T1
TFCN1702E3373_004043-T1__TFCN1702E3373_009595-T1	NaN	NaN	NaN	NaN	NaN	NaN	NaN	NaN	GF00000017	Rhodotorula_mucilaginosa_TFCN_17-0-2E337-3.cds.fa_03988	Rhodotorula_mucilaginosa_TFCN_17-0-2E337-3.cds.fa_09477	NaN	NaN	NaN	NaN	NaN	NaN	NaN	NaN	TFCN1702E3373_004043-T1	TFCN1702E3373_009595-T1
TFCN1702E3373_004043-T1__TFCN1702E3373_014554-T1	NaN	NaN	NaN	NaN	NaN	NaN	NaN	NaN	GF00000017	Rhodotorula_mucilaginosa_TFCN_17-0-2E337-3.cds.fa_03988	Rhodotorula_mucilaginosa_TFCN_17-0-2E337-3.cds.fa_14338	NaN	NaN	NaN	NaN	NaN	NaN	NaN	NaN	TFCN1702E3373_004043-T1	TFCN1702E3373_014554-T1
TFCN1702E3373_009656-T1__TFCN1702E3373_014156-T1	NaN	NaN	NaN	NaN	NaN	NaN	NaN	NaN	GF00000017	Rhodotorula_mucilaginosa_TFCN_17-0-2E337-3.cds.fa_09538	Rhodotorula_mucilaginosa_TFCN_17-0-2E337-3.cds.fa_13949	NaN	NaN	NaN	NaN	NaN	NaN	NaN	NaN	TFCN1702E3373_009656-T1	TFCN1702E3373_014156-T1
TFCN1702E3373_009043-T1__TFCN1702E3373_009656-T1	NaN	NaN	NaN	NaN	NaN	NaN	NaN	NaN	GF00000017	Rhodotorula_mucilaginosa_TFCN_17-0-2E337-3.cds.fa_09538	Rhodotorula_mucilaginosa_TFCN_17-0-2E337-3.cds.fa_08928	NaN	NaN	NaN	NaN	NaN	NaN	NaN	NaN	TFCN1702E3373_009656-T1	TFCN1702E3373_009043-T1
TFCN1702E3373_009656-T1__TFCN1702E3373_014154-T1	NaN	NaN	NaN	NaN	NaN	NaN	NaN	NaN	GF00000017	Rhodotorula_mucilaginosa_TFCN_17-0-2E337-3.cds.fa_09538	Rhodotorula_mucilaginosa_TFCN_17-0-2E337-3.cds.fa_13947	NaN	NaN	NaN	NaN	NaN	NaN	NaN	NaN	TFCN1702E3373_009656-T1	TFCN1702E3373_014154-T1
TFCN1702E3373_009041-T1__TFCN1702E3373_009656-T1	NaN	NaN	NaN	NaN	NaN	NaN	NaN	NaN	GF00000017	Rhodotorula_mucilaginosa_TFCN_17-0-2E337-3.cds.fa_09538	Rhodotorula_mucilaginosa_TFCN_17-0-2E337-3.cds.fa_08926	NaN	NaN	NaN	NaN	NaN	NaN	NaN	NaN	TFCN1702E3373_009656-T1	TFCN1702E3373_009041-T1
TFCN1702E3373_009042-T1__TFCN1702E3373_009656-T1	NaN	NaN	NaN	NaN	NaN	NaN	NaN	NaN	GF00000017	Rhodotorula_mucilaginosa_TFCN_17-0-2E337-3.cds.fa_09538	Rhodotorula_mucilaginosa_TFCN_17-0-2E337-3.cds.fa_08927	NaN	NaN	NaN	NaN	NaN	NaN	NaN	NaN	TFCN1702E3373_009656-T1	TFCN1702E3373_009042-T1
TFCN1702E3373_009656-T1__TFCN1702E3373_014155-T1	NaN	NaN	NaN	NaN	NaN	NaN	NaN	NaN	GF00000017	Rhodotorula_mucilaginosa_TFCN_17-0-2E337-3.cds.fa_09538	Rhodotorula_mucilaginosa_TFCN_17-0-2E337-3.cds.fa_13948	NaN	NaN	NaN	NaN	NaN	NaN	NaN	NaN	TFCN1702E3373_009656-T1	TFCN1702E3373_014155-T1
TFCN1702E3373_009656-T1__TFCN1702E3373_013145-T1	NaN	NaN	NaN	NaN	NaN	NaN	NaN	NaN	GF00000017	Rhodotorula_mucilaginosa_TFCN_17-0-2E337-3.cds.fa_09538	Rhodotorula_mucilaginosa_TFCN_17-0-2E337-3.cds.fa_12960	NaN	NaN	NaN	NaN	NaN	NaN	NaN	NaN	TFCN1702E3373_009656-T1	TFCN1702E3373_013145-T1
TFCN1702E3373_009656-T1__TFCN1702E3373_014553-T1	NaN	NaN	NaN	NaN	NaN	NaN	NaN	NaN	GF00000017	Rhodotorula_mucilaginosa_TFCN_17-0-2E337-3.cds.fa_09538	Rhodotorula_mucilaginosa_TFCN_17-0-2E337-3.cds.fa_14337	NaN	NaN	NaN	NaN	NaN	NaN	NaN	NaN	TFCN1702E3373_009656-T1	TFCN1702E3373_014553-T1
TFCN1702E3373_009595-T1__TFCN1702E3373_009656-T1	NaN	NaN	NaN	NaN	NaN	NaN	NaN	NaN	GF00000017	Rhodotorula_mucilaginosa_TFCN_17-0-2E337-3.cds.fa_09538	Rhodotorula_mucilaginosa_TFCN_17-0-2E337-3.cds.fa_09477	NaN	NaN	NaN	NaN	NaN	NaN	NaN	NaN	TFCN1702E3373_009656-T1	TFCN1702E3373_009595-T1
TFCN1702E3373_009656-T1__TFCN1702E3373_014554-T1	NaN	NaN	NaN	NaN	NaN	NaN	NaN	NaN	GF00000017	Rhodotorula_mucilaginosa_TFCN_17-0-2E337-3.cds.fa_09538	Rhodotorula_mucilaginosa_TFCN_17-0-2E337-3.cds.fa_14338	NaN	NaN	NaN	NaN	NaN	NaN	NaN	NaN	TFCN1702E3373_009656-T1	TFCN1702E3373_014554-T1
TFCN1702E3373_009043-T1__TFCN1702E3373_014156-T1	NaN	NaN	NaN	NaN	NaN	NaN	NaN	NaN	GF00000017	Rhodotorula_mucilaginosa_TFCN_17-0-2E337-3.cds.fa_13949	Rhodotorula_mucilaginosa_TFCN_17-0-2E337-3.cds.fa_08928	NaN	NaN	NaN	NaN	NaN	NaN	NaN	NaN	TFCN1702E3373_014156-T1	TFCN1702E3373_009043-T1
TFCN1702E3373_014154-T1__TFCN1702E3373_014156-T1	NaN	NaN	NaN	NaN	NaN	NaN	NaN	NaN	GF00000017	Rhodotorula_mucilaginosa_TFCN_17-0-2E337-3.cds.fa_13949	Rhodotorula_mucilaginosa_TFCN_17-0-2E337-3.cds.fa_13947	NaN	NaN	NaN	NaN	NaN	NaN	NaN	NaN	TFCN1702E3373_014156-T1	TFCN1702E3373_014154-T1
TFCN1702E3373_009041-T1__TFCN1702E3373_014156-T1	NaN	NaN	NaN	NaN	NaN	NaN	NaN	NaN	GF00000017	Rhodotorula_mucilaginosa_TFCN_17-0-2E337-3.cds.fa_13949	Rhodotorula_mucilaginosa_TFCN_17-0-2E337-3.cds.fa_08926	NaN	NaN	NaN	NaN	NaN	NaN	NaN	NaN	TFCN1702E3373_014156-T1	TFCN1702E3373_009041-T1
TFCN1702E3373_009042-T1__TFCN1702E3373_014156-T1	NaN	NaN	NaN	NaN	NaN	NaN	NaN	NaN	GF00000017	Rhodotorula_mucilaginosa_TFCN_17-0-2E337-3.cds.fa_13949	Rhodotorula_mucilaginosa_TFCN_17-0-2E337-3.cds.fa_08927	NaN	NaN	NaN	NaN	NaN	NaN	NaN	NaN	TFCN1702E3373_014156-T1	TFCN1702E3373_009042-T1
TFCN1702E3373_014155-T1__TFCN1702E3373_014156-T1	NaN	NaN	NaN	NaN	NaN	NaN	NaN	NaN	GF00000017	Rhodotorula_mucilaginosa_TFCN_17-0-2E337-3.cds.fa_13949	Rhodotorula_mucilaginosa_TFCN_17-0-2E337-3.cds.fa_13948	NaN	NaN	NaN	NaN	NaN	NaN	NaN	NaN	TFCN1702E3373_014156-T1	TFCN1702E3373_014155-T1
TFCN1702E3373_013145-T1__TFCN1702E3373_014156-T1	NaN	NaN	NaN	NaN	NaN	NaN	NaN	NaN	GF00000017	Rhodotorula_mucilaginosa_TFCN_17-0-2E337-3.cds.fa_13949	Rhodotorula_mucilaginosa_TFCN_17-0-2E337-3.cds.fa_12960	NaN	NaN	NaN	NaN	NaN	NaN	NaN	NaN	TFCN1702E3373_014156-T1	TFCN1702E3373_013145-T1
TFCN1702E3373_014156-T1__TFCN1702E3373_014553-T1	NaN	NaN	NaN	NaN	NaN	NaN	NaN	NaN	GF00000017	Rhodotorula_mucilaginosa_TFCN_17-0-2E337-3.cds.fa_13949	Rhodotorula_mucilaginosa_TFCN_17-0-2E337-3.cds.fa_14337	NaN	NaN	NaN	NaN	NaN	NaN	NaN	NaN	TFCN1702E3373_014156-T1	TFCN1702E3373_014553-T1
TFCN1702E3373_009595-T1__TFCN1702E3373_014156-T1	NaN	NaN	NaN	NaN	NaN	NaN	NaN	NaN	GF00000017	Rhodotorula_mucilaginosa_TFCN_17-0-2E337-3.cds.fa_13949	Rhodotorula_mucilaginosa_TFCN_17-0-2E337-3.cds.fa_09477	NaN	NaN	NaN	NaN	NaN	NaN	NaN	NaN	TFCN1702E3373_014156-T1	TFCN1702E3373_009595-T1
TFCN1702E3373_014156-T1__TFCN1702E3373_014554-T1	NaN	NaN	NaN	NaN	NaN	NaN	NaN	NaN	GF00000017	Rhodotorula_mucilaginosa_TFCN_17-0-2E337-3.cds.fa_13949	Rhodotorula_mucilaginosa_TFCN_17-0-2E337-3.cds.fa_14338	NaN	NaN	NaN	NaN	NaN	NaN	NaN	NaN	TFCN1702E3373_014156-T1	TFCN1702E3373_014554-T1
TFCN1702E3373_009043-T1__TFCN1702E3373_014154-T1	NaN	NaN	NaN	NaN	NaN	NaN	NaN	NaN	GF00000017	Rhodotorula_mucilaginosa_TFCN_17-0-2E337-3.cds.fa_08928	Rhodotorula_mucilaginosa_TFCN_17-0-2E337-3.cds.fa_13947	NaN	NaN	NaN	NaN	NaN	NaN	NaN	NaN	TFCN1702E3373_009043-T1	TFCN1702E3373_014154-T1
TFCN1702E3373_009041-T1__TFCN1702E3373_009043-T1	NaN	NaN	NaN	NaN	NaN	NaN	NaN	NaN	GF00000017	Rhodotorula_mucilaginosa_TFCN_17-0-2E337-3.cds.fa_08928	Rhodotorula_mucilaginosa_TFCN_17-0-2E337-3.cds.fa_08926	NaN	NaN	NaN	NaN	NaN	NaN	NaN	NaN	TFCN1702E3373_009043-T1	TFCN1702E3373_009041-T1
TFCN1702E3373_009042-T1__TFCN1702E3373_009043-T1	NaN	NaN	NaN	NaN	NaN	NaN	NaN	NaN	GF00000017	Rhodotorula_mucilaginosa_TFCN_17-0-2E337-3.cds.fa_08928	Rhodotorula_mucilaginosa_TFCN_17-0-2E337-3.cds.fa_08927	NaN	NaN	NaN	NaN	NaN	NaN	NaN	NaN	TFCN1702E3373_009043-T1	TFCN1702E3373_009042-T1
TFCN1702E3373_009043-T1__TFCN1702E3373_014155-T1	NaN	NaN	NaN	NaN	NaN	NaN	NaN	NaN	GF00000017	Rhodotorula_mucilaginosa_TFCN_17-0-2E337-3.cds.fa_08928	Rhodotorula_mucilaginosa_TFCN_17-0-2E337-3.cds.fa_13948	NaN	NaN	NaN	NaN	NaN	NaN	NaN	NaN	TFCN1702E3373_009043-T1	TFCN1702E3373_014155-T1
TFCN1702E3373_009043-T1__TFCN1702E3373_013145-T1	NaN	NaN	NaN	NaN	NaN	NaN	NaN	NaN	GF00000017	Rhodotorula_mucilaginosa_TFCN_17-0-2E337-3.cds.fa_08928	Rhodotorula_mucilaginosa_TFCN_17-0-2E337-3.cds.fa_12960	NaN	NaN	NaN	NaN	NaN	NaN	NaN	NaN	TFCN1702E3373_009043-T1	TFCN1702E3373_013145-T1
TFCN1702E3373_009043-T1__TFCN1702E3373_014553-T1	NaN	NaN	NaN	NaN	NaN	NaN	NaN	NaN	GF00000017	Rhodotorula_mucilaginosa_TFCN_17-0-2E337-3.cds.fa_08928	Rhodotorula_mucilaginosa_TFCN_17-0-2E337-3.cds.fa_14337	NaN	NaN	NaN	NaN	NaN	NaN	NaN	NaN	TFCN1702E3373_009043-T1	TFCN1702E3373_014553-T1
TFCN1702E3373_009043-T1__TFCN1702E3373_009595-T1	NaN	NaN	NaN	NaN	NaN	NaN	NaN	NaN	GF00000017	Rhodotorula_mucilaginosa_TFCN_17-0-2E337-3.cds.fa_08928	Rhodotorula_mucilaginosa_TFCN_17-0-2E337-3.cds.fa_09477	NaN	NaN	NaN	NaN	NaN	NaN	NaN	NaN	TFCN1702E3373_009043-T1	TFCN1702E3373_009595-T1
TFCN1702E3373_009043-T1__TFCN1702E3373_014554-T1	NaN	NaN	NaN	NaN	NaN	NaN	NaN	NaN	GF00000017	Rhodotorula_mucilaginosa_TFCN_17-0-2E337-3.cds.fa_08928	Rhodotorula_mucilaginosa_TFCN_17-0-2E337-3.cds.fa_14338	NaN	NaN	NaN	NaN	NaN	NaN	NaN	NaN	TFCN1702E3373_009043-T1	TFCN1702E3373_014554-T1
TFCN1702E3373_009041-T1__TFCN1702E3373_014154-T1	NaN	NaN	NaN	NaN	NaN	NaN	NaN	NaN	GF00000017	Rhodotorula_mucilaginosa_TFCN_17-0-2E337-3.cds.fa_13947	Rhodotorula_mucilaginosa_TFCN_17-0-2E337-3.cds.fa_08926	NaN	NaN	NaN	NaN	NaN	NaN	NaN	NaN	TFCN1702E3373_014154-T1	TFCN1702E3373_009041-T1
TFCN1702E3373_009042-T1__TFCN1702E3373_014154-T1	NaN	NaN	NaN	NaN	NaN	NaN	NaN	NaN	GF00000017	Rhodotorula_mucilaginosa_TFCN_17-0-2E337-3.cds.fa_13947	Rhodotorula_mucilaginosa_TFCN_17-0-2E337-3.cds.fa_08927	NaN	NaN	NaN	NaN	NaN	NaN	NaN	NaN	TFCN1702E3373_014154-T1	TFCN1702E3373_009042-T1
TFCN1702E3373_014154-T1__TFCN1702E3373_014155-T1	NaN	NaN	NaN	NaN	NaN	NaN	NaN	NaN	GF00000017	Rhodotorula_mucilaginosa_TFCN_17-0-2E337-3.cds.fa_13947	Rhodotorula_mucilaginosa_TFCN_17-0-2E337-3.cds.fa_13948	NaN	NaN	NaN	NaN	NaN	NaN	NaN	NaN	TFCN1702E3373_014154-T1	TFCN1702E3373_014155-T1
TFCN1702E3373_013145-T1__TFCN1702E3373_014154-T1	NaN	NaN	NaN	NaN	NaN	NaN	NaN	NaN	GF00000017	Rhodotorula_mucilaginosa_TFCN_17-0-2E337-3.cds.fa_13947	Rhodotorula_mucilaginosa_TFCN_17-0-2E337-3.cds.fa_12960	NaN	NaN	NaN	NaN	NaN	NaN	NaN	NaN	TFCN1702E3373_014154-T1	TFCN1702E3373_013145-T1
TFCN1702E3373_014154-T1__TFCN1702E3373_014553-T1	NaN	NaN	NaN	NaN	NaN	NaN	NaN	NaN	GF00000017	Rhodotorula_mucilaginosa_TFCN_17-0-2E337-3.cds.fa_13947	Rhodotorula_mucilaginosa_TFCN_17-0-2E337-3.cds.fa_14337	NaN	NaN	NaN	NaN	NaN	NaN	NaN	NaN	TFCN1702E3373_014154-T1	TFCN1702E3373_014553-T1
TFCN1702E3373_009595-T1__TFCN1702E3373_014154-T1	NaN	NaN	NaN	NaN	NaN	NaN	NaN	NaN	GF00000017	Rhodotorula_mucilaginosa_TFCN_17-0-2E337-3.cds.fa_13947	Rhodotorula_mucilaginosa_TFCN_17-0-2E337-3.cds.fa_09477	NaN	NaN	NaN	NaN	NaN	NaN	NaN	NaN	TFCN1702E3373_014154-T1	TFCN1702E3373_009595-T1
TFCN1702E3373_014154-T1__TFCN1702E3373_014554-T1	NaN	NaN	NaN	NaN	NaN	NaN	NaN	NaN	GF00000017	Rhodotorula_mucilaginosa_TFCN_17-0-2E337-3.cds.fa_13947	Rhodotorula_mucilaginosa_TFCN_17-0-2E337-3.cds.fa_14338	NaN	NaN	NaN	NaN	NaN	NaN	NaN	NaN	TFCN1702E3373_014154-T1	TFCN1702E3373_014554-T1
TFCN1702E3373_009041-T1__TFCN1702E3373_009042-T1	NaN	NaN	NaN	NaN	NaN	NaN	NaN	NaN	GF00000017	Rhodotorula_mucilaginosa_TFCN_17-0-2E337-3.cds.fa_08926	Rhodotorula_mucilaginosa_TFCN_17-0-2E337-3.cds.fa_08927	NaN	NaN	NaN	NaN	NaN	NaN	NaN	NaN	TFCN1702E3373_009041-T1	TFCN1702E3373_009042-T1
TFCN1702E3373_009041-T1__TFCN1702E3373_014155-T1	NaN	NaN	NaN	NaN	NaN	NaN	NaN	NaN	GF00000017	Rhodotorula_mucilaginosa_TFCN_17-0-2E337-3.cds.fa_08926	Rhodotorula_mucilaginosa_TFCN_17-0-2E337-3.cds.fa_13948	NaN	NaN	NaN	NaN	NaN	NaN	NaN	NaN	TFCN1702E3373_009041-T1	TFCN1702E3373_014155-T1
TFCN1702E3373_009041-T1__TFCN1702E3373_013145-T1	NaN	NaN	NaN	NaN	NaN	NaN	NaN	NaN	GF00000017	Rhodotorula_mucilaginosa_TFCN_17-0-2E337-3.cds.fa_08926	Rhodotorula_mucilaginosa_TFCN_17-0-2E337-3.cds.fa_12960	NaN	NaN	NaN	NaN	NaN	NaN	NaN	NaN	TFCN1702E3373_009041-T1	TFCN1702E3373_013145-T1
TFCN1702E3373_009041-T1__TFCN1702E3373_014553-T1	NaN	NaN	NaN	NaN	NaN	NaN	NaN	NaN	GF00000017	Rhodotorula_mucilaginosa_TFCN_17-0-2E337-3.cds.fa_08926	Rhodotorula_mucilaginosa_TFCN_17-0-2E337-3.cds.fa_14337	NaN	NaN	NaN	NaN	NaN	NaN	NaN	NaN	TFCN1702E3373_009041-T1	TFCN1702E3373_014553-T1
TFCN1702E3373_009041-T1__TFCN1702E3373_009595-T1	NaN	NaN	NaN	NaN	NaN	NaN	NaN	NaN	GF00000017	Rhodotorula_mucilaginosa_TFCN_17-0-2E337-3.cds.fa_08926	Rhodotorula_mucilaginosa_TFCN_17-0-2E337-3.cds.fa_09477	NaN	NaN	NaN	NaN	NaN	NaN	NaN	NaN	TFCN1702E3373_009041-T1	TFCN1702E3373_009595-T1
TFCN1702E3373_009041-T1__TFCN1702E3373_014554-T1	NaN	NaN	NaN	NaN	NaN	NaN	NaN	NaN	GF00000017	Rhodotorula_mucilaginosa_TFCN_17-0-2E337-3.cds.fa_08926	Rhodotorula_mucilaginosa_TFCN_17-0-2E337-3.cds.fa_14338	NaN	NaN	NaN	NaN	NaN	NaN	NaN	NaN	TFCN1702E3373_009041-T1	TFCN1702E3373_014554-T1
TFCN1702E3373_009042-T1__TFCN1702E3373_014155-T1	NaN	NaN	NaN	NaN	NaN	NaN	NaN	NaN	GF00000017	Rhodotorula_mucilaginosa_TFCN_17-0-2E337-3.cds.fa_08927	Rhodotorula_mucilaginosa_TFCN_17-0-2E337-3.cds.fa_13948	NaN	NaN	NaN	NaN	NaN	NaN	NaN	NaN	TFCN1702E3373_009042-T1	TFCN1702E3373_014155-T1
TFCN1702E3373_009042-T1__TFCN1702E3373_013145-T1	NaN	NaN	NaN	NaN	NaN	NaN	NaN	NaN	GF00000017	Rhodotorula_mucilaginosa_TFCN_17-0-2E337-3.cds.fa_08927	Rhodotorula_mucilaginosa_TFCN_17-0-2E337-3.cds.fa_12960	NaN	NaN	NaN	NaN	NaN	NaN	NaN	NaN	TFCN1702E3373_009042-T1	TFCN1702E3373_013145-T1
TFCN1702E3373_009042-T1__TFCN1702E3373_014553-T1	NaN	NaN	NaN	NaN	NaN	NaN	NaN	NaN	GF00000017	Rhodotorula_mucilaginosa_TFCN_17-0-2E337-3.cds.fa_08927	Rhodotorula_mucilaginosa_TFCN_17-0-2E337-3.cds.fa_14337	NaN	NaN	NaN	NaN	NaN	NaN	NaN	NaN	TFCN1702E3373_009042-T1	TFCN1702E3373_014553-T1
TFCN1702E3373_009042-T1__TFCN1702E3373_009595-T1	NaN	NaN	NaN	NaN	NaN	NaN	NaN	NaN	GF00000017	Rhodotorula_mucilaginosa_TFCN_17-0-2E337-3.cds.fa_08927	Rhodotorula_mucilaginosa_TFCN_17-0-2E337-3.cds.fa_09477	NaN	NaN	NaN	NaN	NaN	NaN	NaN	NaN	TFCN1702E3373_009042-T1	TFCN1702E3373_009595-T1
TFCN1702E3373_009042-T1__TFCN1702E3373_014554-T1	NaN	NaN	NaN	NaN	NaN	NaN	NaN	NaN	GF00000017	Rhodotorula_mucilaginosa_TFCN_17-0-2E337-3.cds.fa_08927	Rhodotorula_mucilaginosa_TFCN_17-0-2E337-3.cds.fa_14338	NaN	NaN	NaN	NaN	NaN	NaN	NaN	NaN	TFCN1702E3373_009042-T1	TFCN1702E3373_014554-T1
TFCN1702E3373_013145-T1__TFCN1702E3373_014155-T1	NaN	NaN	NaN	NaN	NaN	NaN	NaN	NaN	GF00000017	Rhodotorula_mucilaginosa_TFCN_17-0-2E337-3.cds.fa_13948	Rhodotorula_mucilaginosa_TFCN_17-0-2E337-3.cds.fa_12960	NaN	NaN	NaN	NaN	NaN	NaN	NaN	NaN	TFCN1702E3373_014155-T1	TFCN1702E3373_013145-T1
TFCN1702E3373_014155-T1__TFCN1702E3373_014553-T1	NaN	NaN	NaN	NaN	NaN	NaN	NaN	NaN	GF00000017	Rhodotorula_mucilaginosa_TFCN_17-0-2E337-3.cds.fa_13948	Rhodotorula_mucilaginosa_TFCN_17-0-2E337-3.cds.fa_14337	NaN	NaN	NaN	NaN	NaN	NaN	NaN	NaN	TFCN1702E3373_014155-T1	TFCN1702E3373_014553-T1
TFCN1702E3373_009595-T1__TFCN1702E3373_014155-T1	NaN	NaN	NaN	NaN	NaN	NaN	NaN	NaN	GF00000017	Rhodotorula_mucilaginosa_TFCN_17-0-2E337-3.cds.fa_13948	Rhodotorula_mucilaginosa_TFCN_17-0-2E337-3.cds.fa_09477	NaN	NaN	NaN	NaN	NaN	NaN	NaN	NaN	TFCN1702E3373_014155-T1	TFCN1702E3373_009595-T1
TFCN1702E3373_014155-T1__TFCN1702E3373_014554-T1	NaN	NaN	NaN	NaN	NaN	NaN	NaN	NaN	GF00000017	Rhodotorula_mucilaginosa_TFCN_17-0-2E337-3.cds.fa_13948	Rhodotorula_mucilaginosa_TFCN_17-0-2E337-3.cds.fa_14338	NaN	NaN	NaN	NaN	NaN	NaN	NaN	NaN	TFCN1702E3373_014155-T1	TFCN1702E3373_014554-T1
TFCN1702E3373_013145-T1__TFCN1702E3373_014553-T1	NaN	NaN	NaN	NaN	NaN	NaN	NaN	NaN	GF00000017	Rhodotorula_mucilaginosa_TFCN_17-0-2E337-3.cds.fa_12960	Rhodotorula_mucilaginosa_TFCN_17-0-2E337-3.cds.fa_14337	NaN	NaN	NaN	NaN	NaN	NaN	NaN	NaN	TFCN1702E3373_013145-T1	TFCN1702E3373_014553-T1
TFCN1702E3373_009595-T1__TFCN1702E3373_013145-T1	NaN	NaN	NaN	NaN	NaN	NaN	NaN	NaN	GF00000017	Rhodotorula_mucilaginosa_TFCN_17-0-2E337-3.cds.fa_12960	Rhodotorula_mucilaginosa_TFCN_17-0-2E337-3.cds.fa_09477	NaN	NaN	NaN	NaN	NaN	NaN	NaN	NaN	TFCN1702E3373_013145-T1	TFCN1702E3373_009595-T1
TFCN1702E3373_013145-T1__TFCN1702E3373_014554-T1	NaN	NaN	NaN	NaN	NaN	NaN	NaN	NaN	GF00000017	Rhodotorula_mucilaginosa_TFCN_17-0-2E337-3.cds.fa_12960	Rhodotorula_mucilaginosa_TFCN_17-0-2E337-3.cds.fa_14338	NaN	NaN	NaN	NaN	NaN	NaN	NaN	NaN	TFCN1702E3373_013145-T1	TFCN1702E3373_014554-T1
TFCN1702E3373_009595-T1__TFCN1702E3373_014553-T1	NaN	NaN	NaN	NaN	NaN	NaN	NaN	NaN	GF00000017	Rhodotorula_mucilaginosa_TFCN_17-0-2E337-3.cds.fa_14337	Rhodotorula_mucilaginosa_TFCN_17-0-2E337-3.cds.fa_09477	NaN	NaN	NaN	NaN	NaN	NaN	NaN	NaN	TFCN1702E3373_014553-T1	TFCN1702E3373_009595-T1
TFCN1702E3373_014553-T1__TFCN1702E3373_014554-T1	NaN	NaN	NaN	NaN	NaN	NaN	NaN	NaN	GF00000017	Rhodotorula_mucilaginosa_TFCN_17-0-2E337-3.cds.fa_14337	Rhodotorula_mucilaginosa_TFCN_17-0-2E337-3.cds.fa_14338	NaN	NaN	NaN	NaN	NaN	NaN	NaN	NaN	TFCN1702E3373_014553-T1	TFCN1702E3373_014554-T1
TFCN1702E3373_009595-T1__TFCN1702E3373_014554-T1	NaN	NaN	NaN	NaN	NaN	NaN	NaN	NaN	GF00000017	Rhodotorula_mucilaginosa_TFCN_17-0-2E337-3.cds.fa_09477	Rhodotorula_mucilaginosa_TFCN_17-0-2E337-3.cds.fa_14338	NaN	NaN	NaN	NaN	NaN	NaN	NaN	NaN	TFCN1702E3373_009595-T1	TFCN1702E3373_014554-T1
TFCN1702E3373_007621-T1__TFCN1702E3373_009166-T1	NaN	NaN	NaN	NaN	NaN	NaN	NaN	NaN	GF00000019	Rhodotorula_mucilaginosa_TFCN_17-0-2E337-3.cds.fa_07530	Rhodotorula_mucilaginosa_TFCN_17-0-2E337-3.cds.fa_09050	NaN	NaN	NaN	NaN	NaN	NaN	NaN	NaN	TFCN1702E3373_007621-T1	TFCN1702E3373_009166-T1
TFCN1702E3373_007621-T1__TFCN1702E3373_008711-T1	NaN	NaN	NaN	NaN	NaN	NaN	NaN	NaN	GF00000019	Rhodotorula_mucilaginosa_TFCN_17-0-2E337-3.cds.fa_07530	Rhodotorula_mucilaginosa_TFCN_17-0-2E337-3.cds.fa_08601	NaN	NaN	NaN	NaN	NaN	NaN	NaN	NaN	TFCN1702E3373_007621-T1	TFCN1702E3373_008711-T1
TFCN1702E3373_007621-T1__TFCN1702E3373_008959-T1	NaN	NaN	NaN	NaN	NaN	NaN	NaN	NaN	GF00000019	Rhodotorula_mucilaginosa_TFCN_17-0-2E337-3.cds.fa_07530	Rhodotorula_mucilaginosa_TFCN_17-0-2E337-3.cds.fa_08847	NaN	NaN	NaN	NaN	NaN	NaN	NaN	NaN	TFCN1702E3373_007621-T1	TFCN1702E3373_008959-T1
TFCN1702E3373_003540-T1__TFCN1702E3373_007621-T1	NaN	NaN	NaN	NaN	NaN	NaN	NaN	NaN	GF00000019	Rhodotorula_mucilaginosa_TFCN_17-0-2E337-3.cds.fa_07530	Rhodotorula_mucilaginosa_TFCN_17-0-2E337-3.cds.fa_03495	NaN	NaN	NaN	NaN	NaN	NaN	NaN	NaN	TFCN1702E3373_007621-T1	TFCN1702E3373_003540-T1
TFCN1702E3373_007124-T1__TFCN1702E3373_007621-T1	NaN	NaN	NaN	NaN	NaN	NaN	NaN	NaN	GF00000019	Rhodotorula_mucilaginosa_TFCN_17-0-2E337-3.cds.fa_07530	Rhodotorula_mucilaginosa_TFCN_17-0-2E337-3.cds.fa_07039	NaN	NaN	NaN	NaN	NaN	NaN	NaN	NaN	TFCN1702E3373_007621-T1	TFCN1702E3373_007124-T1
TFCN1702E3373_003078-T1__TFCN1702E3373_007621-T1	NaN	NaN	NaN	NaN	NaN	NaN	NaN	NaN	GF00000019	Rhodotorula_mucilaginosa_TFCN_17-0-2E337-3.cds.fa_07530	Rhodotorula_mucilaginosa_TFCN_17-0-2E337-3.cds.fa_03038	NaN	NaN	NaN	NaN	NaN	NaN	NaN	NaN	TFCN1702E3373_007621-T1	TFCN1702E3373_003078-T1
TFCN1702E3373_006232-T1__TFCN1702E3373_007621-T1	NaN	NaN	NaN	NaN	NaN	NaN	NaN	NaN	GF00000019	Rhodotorula_mucilaginosa_TFCN_17-0-2E337-3.cds.fa_07530	Rhodotorula_mucilaginosa_TFCN_17-0-2E337-3.cds.fa_06160	NaN	NaN	NaN	NaN	NaN	NaN	NaN	NaN	TFCN1702E3373_007621-T1	TFCN1702E3373_006232-T1
TFCN1702E3373_001430-T1__TFCN1702E3373_007621-T1	NaN	NaN	NaN	NaN	NaN	NaN	NaN	NaN	GF00000019	Rhodotorula_mucilaginosa_TFCN_17-0-2E337-3.cds.fa_07530	Rhodotorula_mucilaginosa_TFCN_17-0-2E337-3.cds.fa_01420	NaN	NaN	NaN	NaN	NaN	NaN	NaN	NaN	TFCN1702E3373_007621-T1	TFCN1702E3373_001430-T1
TFCN1702E3373_007004-T1__TFCN1702E3373_007621-T1	NaN	NaN	NaN	NaN	NaN	NaN	NaN	NaN	GF00000019	Rhodotorula_mucilaginosa_TFCN_17-0-2E337-3.cds.fa_07530	Rhodotorula_mucilaginosa_TFCN_17-0-2E337-3.cds.fa_06919	NaN	NaN	NaN	NaN	NaN	NaN	NaN	NaN	TFCN1702E3373_007621-T1	TFCN1702E3373_007004-T1
TFCN1702E3373_007621-T1__TFCN1702E3373_013631-T1	NaN	NaN	NaN	NaN	NaN	NaN	NaN	NaN	GF00000019	Rhodotorula_mucilaginosa_TFCN_17-0-2E337-3.cds.fa_07530	Rhodotorula_mucilaginosa_TFCN_17-0-2E337-3.cds.fa_13433	NaN	NaN	NaN	NaN	NaN	NaN	NaN	NaN	TFCN1702E3373_007621-T1	TFCN1702E3373_013631-T1
TFCN1702E3373_007621-T1__TFCN1702E3373_011856-T1	NaN	NaN	NaN	NaN	NaN	NaN	NaN	NaN	GF00000019	Rhodotorula_mucilaginosa_TFCN_17-0-2E337-3.cds.fa_07530	Rhodotorula_mucilaginosa_TFCN_17-0-2E337-3.cds.fa_11703	NaN	NaN	NaN	NaN	NaN	NaN	NaN	NaN	TFCN1702E3373_007621-T1	TFCN1702E3373_011856-T1
TFCN1702E3373_007621-T1__TFCN1702E3373_013882-T1	NaN	NaN	NaN	NaN	NaN	NaN	NaN	NaN	GF00000019	Rhodotorula_mucilaginosa_TFCN_17-0-2E337-3.cds.fa_07530	Rhodotorula_mucilaginosa_TFCN_17-0-2E337-3.cds.fa_13681	NaN	NaN	NaN	NaN	NaN	NaN	NaN	NaN	TFCN1702E3373_007621-T1	TFCN1702E3373_013882-T1
TFCN1702E3373_008711-T1__TFCN1702E3373_009166-T1	NaN	NaN	NaN	NaN	NaN	NaN	NaN	NaN	GF00000019	Rhodotorula_mucilaginosa_TFCN_17-0-2E337-3.cds.fa_09050	Rhodotorula_mucilaginosa_TFCN_17-0-2E337-3.cds.fa_08601	NaN	NaN	NaN	NaN	NaN	NaN	NaN	NaN	TFCN1702E3373_009166-T1	TFCN1702E3373_008711-T1
TFCN1702E3373_008959-T1__TFCN1702E3373_009166-T1	NaN	NaN	NaN	NaN	NaN	NaN	NaN	NaN	GF00000019	Rhodotorula_mucilaginosa_TFCN_17-0-2E337-3.cds.fa_09050	Rhodotorula_mucilaginosa_TFCN_17-0-2E337-3.cds.fa_08847	NaN	NaN	NaN	NaN	NaN	NaN	NaN	NaN	TFCN1702E3373_009166-T1	TFCN1702E3373_008959-T1
TFCN1702E3373_003540-T1__TFCN1702E3373_009166-T1	NaN	NaN	NaN	NaN	NaN	NaN	NaN	NaN	GF00000019	Rhodotorula_mucilaginosa_TFCN_17-0-2E337-3.cds.fa_09050	Rhodotorula_mucilaginosa_TFCN_17-0-2E337-3.cds.fa_03495	NaN	NaN	NaN	NaN	NaN	NaN	NaN	NaN	TFCN1702E3373_009166-T1	TFCN1702E3373_003540-T1
TFCN1702E3373_007124-T1__TFCN1702E3373_009166-T1	NaN	NaN	NaN	NaN	NaN	NaN	NaN	NaN	GF00000019	Rhodotorula_mucilaginosa_TFCN_17-0-2E337-3.cds.fa_09050	Rhodotorula_mucilaginosa_TFCN_17-0-2E337-3.cds.fa_07039	NaN	NaN	NaN	NaN	NaN	NaN	NaN	NaN	TFCN1702E3373_009166-T1	TFCN1702E3373_007124-T1
TFCN1702E3373_003078-T1__TFCN1702E3373_009166-T1	NaN	NaN	NaN	NaN	NaN	NaN	NaN	NaN	GF00000019	Rhodotorula_mucilaginosa_TFCN_17-0-2E337-3.cds.fa_09050	Rhodotorula_mucilaginosa_TFCN_17-0-2E337-3.cds.fa_03038	NaN	NaN	NaN	NaN	NaN	NaN	NaN	NaN	TFCN1702E3373_009166-T1	TFCN1702E3373_003078-T1
TFCN1702E3373_006232-T1__TFCN1702E3373_009166-T1	NaN	NaN	NaN	NaN	NaN	NaN	NaN	NaN	GF00000019	Rhodotorula_mucilaginosa_TFCN_17-0-2E337-3.cds.fa_09050	Rhodotorula_mucilaginosa_TFCN_17-0-2E337-3.cds.fa_06160	NaN	NaN	NaN	NaN	NaN	NaN	NaN	NaN	TFCN1702E3373_009166-T1	TFCN1702E3373_006232-T1
TFCN1702E3373_001430-T1__TFCN1702E3373_009166-T1	NaN	NaN	NaN	NaN	NaN	NaN	NaN	NaN	GF00000019	Rhodotorula_mucilaginosa_TFCN_17-0-2E337-3.cds.fa_09050	Rhodotorula_mucilaginosa_TFCN_17-0-2E337-3.cds.fa_01420	NaN	NaN	NaN	NaN	NaN	NaN	NaN	NaN	TFCN1702E3373_009166-T1	TFCN1702E3373_001430-T1
TFCN1702E3373_007004-T1__TFCN1702E3373_009166-T1	NaN	NaN	NaN	NaN	NaN	NaN	NaN	NaN	GF00000019	Rhodotorula_mucilaginosa_TFCN_17-0-2E337-3.cds.fa_09050	Rhodotorula_mucilaginosa_TFCN_17-0-2E337-3.cds.fa_06919	NaN	NaN	NaN	NaN	NaN	NaN	NaN	NaN	TFCN1702E3373_009166-T1	TFCN1702E3373_007004-T1
TFCN1702E3373_009166-T1__TFCN1702E3373_013631-T1	NaN	NaN	NaN	NaN	NaN	NaN	NaN	NaN	GF00000019	Rhodotorula_mucilaginosa_TFCN_17-0-2E337-3.cds.fa_09050	Rhodotorula_mucilaginosa_TFCN_17-0-2E337-3.cds.fa_13433	NaN	NaN	NaN	NaN	NaN	NaN	NaN	NaN	TFCN1702E3373_009166-T1	TFCN1702E3373_013631-T1
TFCN1702E3373_009166-T1__TFCN1702E3373_011856-T1	NaN	NaN	NaN	NaN	NaN	NaN	NaN	NaN	GF00000019	Rhodotorula_mucilaginosa_TFCN_17-0-2E337-3.cds.fa_09050	Rhodotorula_mucilaginosa_TFCN_17-0-2E337-3.cds.fa_11703	NaN	NaN	NaN	NaN	NaN	NaN	NaN	NaN	TFCN1702E3373_009166-T1	TFCN1702E3373_011856-T1
TFCN1702E3373_009166-T1__TFCN1702E3373_013882-T1	NaN	NaN	NaN	NaN	NaN	NaN	NaN	NaN	GF00000019	Rhodotorula_mucilaginosa_TFCN_17-0-2E337-3.cds.fa_09050	Rhodotorula_mucilaginosa_TFCN_17-0-2E337-3.cds.fa_13681	NaN	NaN	NaN	NaN	NaN	NaN	NaN	NaN	TFCN1702E3373_009166-T1	TFCN1702E3373_013882-T1
TFCN1702E3373_008711-T1__TFCN1702E3373_008959-T1	NaN	NaN	NaN	NaN	NaN	NaN	NaN	NaN	GF00000019	Rhodotorula_mucilaginosa_TFCN_17-0-2E337-3.cds.fa_08601	Rhodotorula_mucilaginosa_TFCN_17-0-2E337-3.cds.fa_08847	NaN	NaN	NaN	NaN	NaN	NaN	NaN	NaN	TFCN1702E3373_008711-T1	TFCN1702E3373_008959-T1
TFCN1702E3373_003540-T1__TFCN1702E3373_008711-T1	NaN	NaN	NaN	NaN	NaN	NaN	NaN	NaN	GF00000019	Rhodotorula_mucilaginosa_TFCN_17-0-2E337-3.cds.fa_08601	Rhodotorula_mucilaginosa_TFCN_17-0-2E337-3.cds.fa_03495	NaN	NaN	NaN	NaN	NaN	NaN	NaN	NaN	TFCN1702E3373_008711-T1	TFCN1702E3373_003540-T1
TFCN1702E3373_007124-T1__TFCN1702E3373_008711-T1	NaN	NaN	NaN	NaN	NaN	NaN	NaN	NaN	GF00000019	Rhodotorula_mucilaginosa_TFCN_17-0-2E337-3.cds.fa_08601	Rhodotorula_mucilaginosa_TFCN_17-0-2E337-3.cds.fa_07039	NaN	NaN	NaN	NaN	NaN	NaN	NaN	NaN	TFCN1702E3373_008711-T1	TFCN1702E3373_007124-T1
TFCN1702E3373_003078-T1__TFCN1702E3373_008711-T1	NaN	NaN	NaN	NaN	NaN	NaN	NaN	NaN	GF00000019	Rhodotorula_mucilaginosa_TFCN_17-0-2E337-3.cds.fa_08601	Rhodotorula_mucilaginosa_TFCN_17-0-2E337-3.cds.fa_03038	NaN	NaN	NaN	NaN	NaN	NaN	NaN	NaN	TFCN1702E3373_008711-T1	TFCN1702E3373_003078-T1
TFCN1702E3373_006232-T1__TFCN1702E3373_008711-T1	NaN	NaN	NaN	NaN	NaN	NaN	NaN	NaN	GF00000019	Rhodotorula_mucilaginosa_TFCN_17-0-2E337-3.cds.fa_08601	Rhodotorula_mucilaginosa_TFCN_17-0-2E337-3.cds.fa_06160	NaN	NaN	NaN	NaN	NaN	NaN	NaN	NaN	TFCN1702E3373_008711-T1	TFCN1702E3373_006232-T1
TFCN1702E3373_001430-T1__TFCN1702E3373_008711-T1	NaN	NaN	NaN	NaN	NaN	NaN	NaN	NaN	GF00000019	Rhodotorula_mucilaginosa_TFCN_17-0-2E337-3.cds.fa_08601	Rhodotorula_mucilaginosa_TFCN_17-0-2E337-3.cds.fa_01420	NaN	NaN	NaN	NaN	NaN	NaN	NaN	NaN	TFCN1702E3373_008711-T1	TFCN1702E3373_001430-T1
TFCN1702E3373_007004-T1__TFCN1702E3373_008711-T1	NaN	NaN	NaN	NaN	NaN	NaN	NaN	NaN	GF00000019	Rhodotorula_mucilaginosa_TFCN_17-0-2E337-3.cds.fa_08601	Rhodotorula_mucilaginosa_TFCN_17-0-2E337-3.cds.fa_06919	NaN	NaN	NaN	NaN	NaN	NaN	NaN	NaN	TFCN1702E3373_008711-T1	TFCN1702E3373_007004-T1
TFCN1702E3373_008711-T1__TFCN1702E3373_013631-T1	NaN	NaN	NaN	NaN	NaN	NaN	NaN	NaN	GF00000019	Rhodotorula_mucilaginosa_TFCN_17-0-2E337-3.cds.fa_08601	Rhodotorula_mucilaginosa_TFCN_17-0-2E337-3.cds.fa_13433	NaN	NaN	NaN	NaN	NaN	NaN	NaN	NaN	TFCN1702E3373_008711-T1	TFCN1702E3373_013631-T1
TFCN1702E3373_008711-T1__TFCN1702E3373_011856-T1	NaN	NaN	NaN	NaN	NaN	NaN	NaN	NaN	GF00000019	Rhodotorula_mucilaginosa_TFCN_17-0-2E337-3.cds.fa_08601	Rhodotorula_mucilaginosa_TFCN_17-0-2E337-3.cds.fa_11703	NaN	NaN	NaN	NaN	NaN	NaN	NaN	NaN	TFCN1702E3373_008711-T1	TFCN1702E3373_011856-T1
TFCN1702E3373_008711-T1__TFCN1702E3373_013882-T1	NaN	NaN	NaN	NaN	NaN	NaN	NaN	NaN	GF00000019	Rhodotorula_mucilaginosa_TFCN_17-0-2E337-3.cds.fa_08601	Rhodotorula_mucilaginosa_TFCN_17-0-2E337-3.cds.fa_13681	NaN	NaN	NaN	NaN	NaN	NaN	NaN	NaN	TFCN1702E3373_008711-T1	TFCN1702E3373_013882-T1
TFCN1702E3373_003540-T1__TFCN1702E3373_008959-T1	NaN	NaN	NaN	NaN	NaN	NaN	NaN	NaN	GF00000019	Rhodotorula_mucilaginosa_TFCN_17-0-2E337-3.cds.fa_08847	Rhodotorula_mucilaginosa_TFCN_17-0-2E337-3.cds.fa_03495	NaN	NaN	NaN	NaN	NaN	NaN	NaN	NaN	TFCN1702E3373_008959-T1	TFCN1702E3373_003540-T1
TFCN1702E3373_007124-T1__TFCN1702E3373_008959-T1	NaN	NaN	NaN	NaN	NaN	NaN	NaN	NaN	GF00000019	Rhodotorula_mucilaginosa_TFCN_17-0-2E337-3.cds.fa_08847	Rhodotorula_mucilaginosa_TFCN_17-0-2E337-3.cds.fa_07039	NaN	NaN	NaN	NaN	NaN	NaN	NaN	NaN	TFCN1702E3373_008959-T1	TFCN1702E3373_007124-T1
TFCN1702E3373_003078-T1__TFCN1702E3373_008959-T1	NaN	NaN	NaN	NaN	NaN	NaN	NaN	NaN	GF00000019	Rhodotorula_mucilaginosa_TFCN_17-0-2E337-3.cds.fa_08847	Rhodotorula_mucilaginosa_TFCN_17-0-2E337-3.cds.fa_03038	NaN	NaN	NaN	NaN	NaN	NaN	NaN	NaN	TFCN1702E3373_008959-T1	TFCN1702E3373_003078-T1
TFCN1702E3373_006232-T1__TFCN1702E3373_008959-T1	NaN	NaN	NaN	NaN	NaN	NaN	NaN	NaN	GF00000019	Rhodotorula_mucilaginosa_TFCN_17-0-2E337-3.cds.fa_08847	Rhodotorula_mucilaginosa_TFCN_17-0-2E337-3.cds.fa_06160	NaN	NaN	NaN	NaN	NaN	NaN	NaN	NaN	TFCN1702E3373_008959-T1	TFCN1702E3373_006232-T1
TFCN1702E3373_001430-T1__TFCN1702E3373_008959-T1	NaN	NaN	NaN	NaN	NaN	NaN	NaN	NaN	GF00000019	Rhodotorula_mucilaginosa_TFCN_17-0-2E337-3.cds.fa_08847	Rhodotorula_mucilaginosa_TFCN_17-0-2E337-3.cds.fa_01420	NaN	NaN	NaN	NaN	NaN	NaN	NaN	NaN	TFCN1702E3373_008959-T1	TFCN1702E3373_001430-T1
TFCN1702E3373_007004-T1__TFCN1702E3373_008959-T1	NaN	NaN	NaN	NaN	NaN	NaN	NaN	NaN	GF00000019	Rhodotorula_mucilaginosa_TFCN_17-0-2E337-3.cds.fa_08847	Rhodotorula_mucilaginosa_TFCN_17-0-2E337-3.cds.fa_06919	NaN	NaN	NaN	NaN	NaN	NaN	NaN	NaN	TFCN1702E3373_008959-T1	TFCN1702E3373_007004-T1
TFCN1702E3373_008959-T1__TFCN1702E3373_013631-T1	NaN	NaN	NaN	NaN	NaN	NaN	NaN	NaN	GF00000019	Rhodotorula_mucilaginosa_TFCN_17-0-2E337-3.cds.fa_08847	Rhodotorula_mucilaginosa_TFCN_17-0-2E337-3.cds.fa_13433	NaN	NaN	NaN	NaN	NaN	NaN	NaN	NaN	TFCN1702E3373_008959-T1	TFCN1702E3373_013631-T1
TFCN1702E3373_008959-T1__TFCN1702E3373_011856-T1	NaN	NaN	NaN	NaN	NaN	NaN	NaN	NaN	GF00000019	Rhodotorula_mucilaginosa_TFCN_17-0-2E337-3.cds.fa_08847	Rhodotorula_mucilaginosa_TFCN_17-0-2E337-3.cds.fa_11703	NaN	NaN	NaN	NaN	NaN	NaN	NaN	NaN	TFCN1702E3373_008959-T1	TFCN1702E3373_011856-T1
TFCN1702E3373_008959-T1__TFCN1702E3373_013882-T1	NaN	NaN	NaN	NaN	NaN	NaN	NaN	NaN	GF00000019	Rhodotorula_mucilaginosa_TFCN_17-0-2E337-3.cds.fa_08847	Rhodotorula_mucilaginosa_TFCN_17-0-2E337-3.cds.fa_13681	NaN	NaN	NaN	NaN	NaN	NaN	NaN	NaN	TFCN1702E3373_008959-T1	TFCN1702E3373_013882-T1
TFCN1702E3373_003540-T1__TFCN1702E3373_007124-T1	NaN	NaN	NaN	NaN	NaN	NaN	NaN	NaN	GF00000019	Rhodotorula_mucilaginosa_TFCN_17-0-2E337-3.cds.fa_03495	Rhodotorula_mucilaginosa_TFCN_17-0-2E337-3.cds.fa_07039	NaN	NaN	NaN	NaN	NaN	NaN	NaN	NaN	TFCN1702E3373_003540-T1	TFCN1702E3373_007124-T1
TFCN1702E3373_003078-T1__TFCN1702E3373_003540-T1	NaN	NaN	NaN	NaN	NaN	NaN	NaN	NaN	GF00000019	Rhodotorula_mucilaginosa_TFCN_17-0-2E337-3.cds.fa_03495	Rhodotorula_mucilaginosa_TFCN_17-0-2E337-3.cds.fa_03038	NaN	NaN	NaN	NaN	NaN	NaN	NaN	NaN	TFCN1702E3373_003540-T1	TFCN1702E3373_003078-T1
TFCN1702E3373_003540-T1__TFCN1702E3373_006232-T1	NaN	NaN	NaN	NaN	NaN	NaN	NaN	NaN	GF00000019	Rhodotorula_mucilaginosa_TFCN_17-0-2E337-3.cds.fa_03495	Rhodotorula_mucilaginosa_TFCN_17-0-2E337-3.cds.fa_06160	NaN	NaN	NaN	NaN	NaN	NaN	NaN	NaN	TFCN1702E3373_003540-T1	TFCN1702E3373_006232-T1
TFCN1702E3373_001430-T1__TFCN1702E3373_003540-T1	NaN	NaN	NaN	NaN	NaN	NaN	NaN	NaN	GF00000019	Rhodotorula_mucilaginosa_TFCN_17-0-2E337-3.cds.fa_03495	Rhodotorula_mucilaginosa_TFCN_17-0-2E337-3.cds.fa_01420	NaN	NaN	NaN	NaN	NaN	NaN	NaN	NaN	TFCN1702E3373_003540-T1	TFCN1702E3373_001430-T1
TFCN1702E3373_003540-T1__TFCN1702E3373_007004-T1	NaN	NaN	NaN	NaN	NaN	NaN	NaN	NaN	GF00000019	Rhodotorula_mucilaginosa_TFCN_17-0-2E337-3.cds.fa_03495	Rhodotorula_mucilaginosa_TFCN_17-0-2E337-3.cds.fa_06919	NaN	NaN	NaN	NaN	NaN	NaN	NaN	NaN	TFCN1702E3373_003540-T1	TFCN1702E3373_007004-T1
TFCN1702E3373_003540-T1__TFCN1702E3373_013631-T1	NaN	NaN	NaN	NaN	NaN	NaN	NaN	NaN	GF00000019	Rhodotorula_mucilaginosa_TFCN_17-0-2E337-3.cds.fa_03495	Rhodotorula_mucilaginosa_TFCN_17-0-2E337-3.cds.fa_13433	NaN	NaN	NaN	NaN	NaN	NaN	NaN	NaN	TFCN1702E3373_003540-T1	TFCN1702E3373_013631-T1
TFCN1702E3373_003540-T1__TFCN1702E3373_011856-T1	NaN	NaN	NaN	NaN	NaN	NaN	NaN	NaN	GF00000019	Rhodotorula_mucilaginosa_TFCN_17-0-2E337-3.cds.fa_03495	Rhodotorula_mucilaginosa_TFCN_17-0-2E337-3.cds.fa_11703	NaN	NaN	NaN	NaN	NaN	NaN	NaN	NaN	TFCN1702E3373_003540-T1	TFCN1702E3373_011856-T1
TFCN1702E3373_003540-T1__TFCN1702E3373_013882-T1	NaN	NaN	NaN	NaN	NaN	NaN	NaN	NaN	GF00000019	Rhodotorula_mucilaginosa_TFCN_17-0-2E337-3.cds.fa_03495	Rhodotorula_mucilaginosa_TFCN_17-0-2E337-3.cds.fa_13681	NaN	NaN	NaN	NaN	NaN	NaN	NaN	NaN	TFCN1702E3373_003540-T1	TFCN1702E3373_013882-T1
TFCN1702E3373_003078-T1__TFCN1702E3373_007124-T1	NaN	NaN	NaN	NaN	NaN	NaN	NaN	NaN	GF00000019	Rhodotorula_mucilaginosa_TFCN_17-0-2E337-3.cds.fa_07039	Rhodotorula_mucilaginosa_TFCN_17-0-2E337-3.cds.fa_03038	NaN	NaN	NaN	NaN	NaN	NaN	NaN	NaN	TFCN1702E3373_007124-T1	TFCN1702E3373_003078-T1
TFCN1702E3373_006232-T1__TFCN1702E3373_007124-T1	NaN	NaN	NaN	NaN	NaN	NaN	NaN	NaN	GF00000019	Rhodotorula_mucilaginosa_TFCN_17-0-2E337-3.cds.fa_07039	Rhodotorula_mucilaginosa_TFCN_17-0-2E337-3.cds.fa_06160	NaN	NaN	NaN	NaN	NaN	NaN	NaN	NaN	TFCN1702E3373_007124-T1	TFCN1702E3373_006232-T1
TFCN1702E3373_001430-T1__TFCN1702E3373_007124-T1	NaN	NaN	NaN	NaN	NaN	NaN	NaN	NaN	GF00000019	Rhodotorula_mucilaginosa_TFCN_17-0-2E337-3.cds.fa_07039	Rhodotorula_mucilaginosa_TFCN_17-0-2E337-3.cds.fa_01420	NaN	NaN	NaN	NaN	NaN	NaN	NaN	NaN	TFCN1702E3373_007124-T1	TFCN1702E3373_001430-T1
TFCN1702E3373_007004-T1__TFCN1702E3373_007124-T1	NaN	NaN	NaN	NaN	NaN	NaN	NaN	NaN	GF00000019	Rhodotorula_mucilaginosa_TFCN_17-0-2E337-3.cds.fa_07039	Rhodotorula_mucilaginosa_TFCN_17-0-2E337-3.cds.fa_06919	NaN	NaN	NaN	NaN	NaN	NaN	NaN	NaN	TFCN1702E3373_007124-T1	TFCN1702E3373_007004-T1
TFCN1702E3373_007124-T1__TFCN1702E3373_013631-T1	NaN	NaN	NaN	NaN	NaN	NaN	NaN	NaN	GF00000019	Rhodotorula_mucilaginosa_TFCN_17-0-2E337-3.cds.fa_07039	Rhodotorula_mucilaginosa_TFCN_17-0-2E337-3.cds.fa_13433	NaN	NaN	NaN	NaN	NaN	NaN	NaN	NaN	TFCN1702E3373_007124-T1	TFCN1702E3373_013631-T1
TFCN1702E3373_007124-T1__TFCN1702E3373_011856-T1	NaN	NaN	NaN	NaN	NaN	NaN	NaN	NaN	GF00000019	Rhodotorula_mucilaginosa_TFCN_17-0-2E337-3.cds.fa_07039	Rhodotorula_mucilaginosa_TFCN_17-0-2E337-3.cds.fa_11703	NaN	NaN	NaN	NaN	NaN	NaN	NaN	NaN	TFCN1702E3373_007124-T1	TFCN1702E3373_011856-T1
TFCN1702E3373_007124-T1__TFCN1702E3373_013882-T1	NaN	NaN	NaN	NaN	NaN	NaN	NaN	NaN	GF00000019	Rhodotorula_mucilaginosa_TFCN_17-0-2E337-3.cds.fa_07039	Rhodotorula_mucilaginosa_TFCN_17-0-2E337-3.cds.fa_13681	NaN	NaN	NaN	NaN	NaN	NaN	NaN	NaN	TFCN1702E3373_007124-T1	TFCN1702E3373_013882-T1
TFCN1702E3373_003078-T1__TFCN1702E3373_006232-T1	NaN	NaN	NaN	NaN	NaN	NaN	NaN	NaN	GF00000019	Rhodotorula_mucilaginosa_TFCN_17-0-2E337-3.cds.fa_03038	Rhodotorula_mucilaginosa_TFCN_17-0-2E337-3.cds.fa_06160	NaN	NaN	NaN	NaN	NaN	NaN	NaN	NaN	TFCN1702E3373_003078-T1	TFCN1702E3373_006232-T1
TFCN1702E3373_001430-T1__TFCN1702E3373_003078-T1	NaN	NaN	NaN	NaN	NaN	NaN	NaN	NaN	GF00000019	Rhodotorula_mucilaginosa_TFCN_17-0-2E337-3.cds.fa_03038	Rhodotorula_mucilaginosa_TFCN_17-0-2E337-3.cds.fa_01420	NaN	NaN	NaN	NaN	NaN	NaN	NaN	NaN	TFCN1702E3373_003078-T1	TFCN1702E3373_001430-T1
TFCN1702E3373_003078-T1__TFCN1702E3373_007004-T1	NaN	NaN	NaN	NaN	NaN	NaN	NaN	NaN	GF00000019	Rhodotorula_mucilaginosa_TFCN_17-0-2E337-3.cds.fa_03038	Rhodotorula_mucilaginosa_TFCN_17-0-2E337-3.cds.fa_06919	NaN	NaN	NaN	NaN	NaN	NaN	NaN	NaN	TFCN1702E3373_003078-T1	TFCN1702E3373_007004-T1
TFCN1702E3373_003078-T1__TFCN1702E3373_013631-T1	NaN	NaN	NaN	NaN	NaN	NaN	NaN	NaN	GF00000019	Rhodotorula_mucilaginosa_TFCN_17-0-2E337-3.cds.fa_03038	Rhodotorula_mucilaginosa_TFCN_17-0-2E337-3.cds.fa_13433	NaN	NaN	NaN	NaN	NaN	NaN	NaN	NaN	TFCN1702E3373_003078-T1	TFCN1702E3373_013631-T1
TFCN1702E3373_003078-T1__TFCN1702E3373_011856-T1	NaN	NaN	NaN	NaN	NaN	NaN	NaN	NaN	GF00000019	Rhodotorula_mucilaginosa_TFCN_17-0-2E337-3.cds.fa_03038	Rhodotorula_mucilaginosa_TFCN_17-0-2E337-3.cds.fa_11703	NaN	NaN	NaN	NaN	NaN	NaN	NaN	NaN	TFCN1702E3373_003078-T1	TFCN1702E3373_011856-T1
TFCN1702E3373_003078-T1__TFCN1702E3373_013882-T1	NaN	NaN	NaN	NaN	NaN	NaN	NaN	NaN	GF00000019	Rhodotorula_mucilaginosa_TFCN_17-0-2E337-3.cds.fa_03038	Rhodotorula_mucilaginosa_TFCN_17-0-2E337-3.cds.fa_13681	NaN	NaN	NaN	NaN	NaN	NaN	NaN	NaN	TFCN1702E3373_003078-T1	TFCN1702E3373_013882-T1
TFCN1702E3373_001430-T1__TFCN1702E3373_006232-T1	NaN	NaN	NaN	NaN	NaN	NaN	NaN	NaN	GF00000019	Rhodotorula_mucilaginosa_TFCN_17-0-2E337-3.cds.fa_06160	Rhodotorula_mucilaginosa_TFCN_17-0-2E337-3.cds.fa_01420	NaN	NaN	NaN	NaN	NaN	NaN	NaN	NaN	TFCN1702E3373_006232-T1	TFCN1702E3373_001430-T1
TFCN1702E3373_006232-T1__TFCN1702E3373_007004-T1	NaN	NaN	NaN	NaN	NaN	NaN	NaN	NaN	GF00000019	Rhodotorula_mucilaginosa_TFCN_17-0-2E337-3.cds.fa_06160	Rhodotorula_mucilaginosa_TFCN_17-0-2E337-3.cds.fa_06919	NaN	NaN	NaN	NaN	NaN	NaN	NaN	NaN	TFCN1702E3373_006232-T1	TFCN1702E3373_007004-T1
TFCN1702E3373_006232-T1__TFCN1702E3373_013631-T1	NaN	NaN	NaN	NaN	NaN	NaN	NaN	NaN	GF00000019	Rhodotorula_mucilaginosa_TFCN_17-0-2E337-3.cds.fa_06160	Rhodotorula_mucilaginosa_TFCN_17-0-2E337-3.cds.fa_13433	NaN	NaN	NaN	NaN	NaN	NaN	NaN	NaN	TFCN1702E3373_006232-T1	TFCN1702E3373_013631-T1
TFCN1702E3373_006232-T1__TFCN1702E3373_011856-T1	NaN	NaN	NaN	NaN	NaN	NaN	NaN	NaN	GF00000019	Rhodotorula_mucilaginosa_TFCN_17-0-2E337-3.cds.fa_06160	Rhodotorula_mucilaginosa_TFCN_17-0-2E337-3.cds.fa_11703	NaN	NaN	NaN	NaN	NaN	NaN	NaN	NaN	TFCN1702E3373_006232-T1	TFCN1702E3373_011856-T1
TFCN1702E3373_006232-T1__TFCN1702E3373_013882-T1	NaN	NaN	NaN	NaN	NaN	NaN	NaN	NaN	GF00000019	Rhodotorula_mucilaginosa_TFCN_17-0-2E337-3.cds.fa_06160	Rhodotorula_mucilaginosa_TFCN_17-0-2E337-3.cds.fa_13681	NaN	NaN	NaN	NaN	NaN	NaN	NaN	NaN	TFCN1702E3373_006232-T1	TFCN1702E3373_013882-T1
TFCN1702E3373_001430-T1__TFCN1702E3373_007004-T1	NaN	NaN	NaN	NaN	NaN	NaN	NaN	NaN	GF00000019	Rhodotorula_mucilaginosa_TFCN_17-0-2E337-3.cds.fa_01420	Rhodotorula_mucilaginosa_TFCN_17-0-2E337-3.cds.fa_06919	NaN	NaN	NaN	NaN	NaN	NaN	NaN	NaN	TFCN1702E3373_001430-T1	TFCN1702E3373_007004-T1
TFCN1702E3373_001430-T1__TFCN1702E3373_013631-T1	NaN	NaN	NaN	NaN	NaN	NaN	NaN	NaN	GF00000019	Rhodotorula_mucilaginosa_TFCN_17-0-2E337-3.cds.fa_01420	Rhodotorula_mucilaginosa_TFCN_17-0-2E337-3.cds.fa_13433	NaN	NaN	NaN	NaN	NaN	NaN	NaN	NaN	TFCN1702E3373_001430-T1	TFCN1702E3373_013631-T1
TFCN1702E3373_001430-T1__TFCN1702E3373_011856-T1	NaN	NaN	NaN	NaN	NaN	NaN	NaN	NaN	GF00000019	Rhodotorula_mucilaginosa_TFCN_17-0-2E337-3.cds.fa_01420	Rhodotorula_mucilaginosa_TFCN_17-0-2E337-3.cds.fa_11703	NaN	NaN	NaN	NaN	NaN	NaN	NaN	NaN	TFCN1702E3373_001430-T1	TFCN1702E3373_011856-T1
TFCN1702E3373_001430-T1__TFCN1702E3373_013882-T1	NaN	NaN	NaN	NaN	NaN	NaN	NaN	NaN	GF00000019	Rhodotorula_mucilaginosa_TFCN_17-0-2E337-3.cds.fa_01420	Rhodotorula_mucilaginosa_TFCN_17-0-2E337-3.cds.fa_13681	NaN	NaN	NaN	NaN	NaN	NaN	NaN	NaN	TFCN1702E3373_001430-T1	TFCN1702E3373_013882-T1
TFCN1702E3373_007004-T1__TFCN1702E3373_013631-T1	NaN	NaN	NaN	NaN	NaN	NaN	NaN	NaN	GF00000019	Rhodotorula_mucilaginosa_TFCN_17-0-2E337-3.cds.fa_06919	Rhodotorula_mucilaginosa_TFCN_17-0-2E337-3.cds.fa_13433	NaN	NaN	NaN	NaN	NaN	NaN	NaN	NaN	TFCN1702E3373_007004-T1	TFCN1702E3373_013631-T1
TFCN1702E3373_007004-T1__TFCN1702E3373_011856-T1	NaN	NaN	NaN	NaN	NaN	NaN	NaN	NaN	GF00000019	Rhodotorula_mucilaginosa_TFCN_17-0-2E337-3.cds.fa_06919	Rhodotorula_mucilaginosa_TFCN_17-0-2E337-3.cds.fa_11703	NaN	NaN	NaN	NaN	NaN	NaN	NaN	NaN	TFCN1702E3373_007004-T1	TFCN1702E3373_011856-T1
TFCN1702E3373_007004-T1__TFCN1702E3373_013882-T1	NaN	NaN	NaN	NaN	NaN	NaN	NaN	NaN	GF00000019	Rhodotorula_mucilaginosa_TFCN_17-0-2E337-3.cds.fa_06919	Rhodotorula_mucilaginosa_TFCN_17-0-2E337-3.cds.fa_13681	NaN	NaN	NaN	NaN	NaN	NaN	NaN	NaN	TFCN1702E3373_007004-T1	TFCN1702E3373_013882-T1
TFCN1702E3373_011856-T1__TFCN1702E3373_013631-T1	NaN	NaN	NaN	NaN	NaN	NaN	NaN	NaN	GF00000019	Rhodotorula_mucilaginosa_TFCN_17-0-2E337-3.cds.fa_13433	Rhodotorula_mucilaginosa_TFCN_17-0-2E337-3.cds.fa_11703	NaN	NaN	NaN	NaN	NaN	NaN	NaN	NaN	TFCN1702E3373_013631-T1	TFCN1702E3373_011856-T1
TFCN1702E3373_013631-T1__TFCN1702E3373_013882-T1	NaN	NaN	NaN	NaN	NaN	NaN	NaN	NaN	GF00000019	Rhodotorula_mucilaginosa_TFCN_17-0-2E337-3.cds.fa_13433	Rhodotorula_mucilaginosa_TFCN_17-0-2E337-3.cds.fa_13681	NaN	NaN	NaN	NaN	NaN	NaN	NaN	NaN	TFCN1702E3373_013631-T1	TFCN1702E3373_013882-T1
TFCN1702E3373_011856-T1__TFCN1702E3373_013882-T1	NaN	NaN	NaN	NaN	NaN	NaN	NaN	NaN	GF00000019	Rhodotorula_mucilaginosa_TFCN_17-0-2E337-3.cds.fa_11703	Rhodotorula_mucilaginosa_TFCN_17-0-2E337-3.cds.fa_13681	NaN	NaN	NaN	NaN	NaN	NaN	NaN	NaN	TFCN1702E3373_011856-T1	TFCN1702E3373_013882-T1
TFCN1702E3373_004739-T1__TFCN1702E3373_009972-T1	NaN	NaN	NaN	NaN	NaN	NaN	NaN	NaN	GF00000022	Rhodotorula_mucilaginosa_TFCN_17-0-2E337-3.cds.fa_09853	Rhodotorula_mucilaginosa_TFCN_17-0-2E337-3.cds.fa_04679	NaN	NaN	NaN	NaN	NaN	NaN	NaN	NaN	TFCN1702E3373_009972-T1	TFCN1702E3373_004739-T1
TFCN1702E3373_003098-T1__TFCN1702E3373_009972-T1	NaN	NaN	NaN	NaN	NaN	NaN	NaN	NaN	GF00000022	Rhodotorula_mucilaginosa_TFCN_17-0-2E337-3.cds.fa_09853	Rhodotorula_mucilaginosa_TFCN_17-0-2E337-3.cds.fa_03056	NaN	NaN	NaN	NaN	NaN	NaN	NaN	NaN	TFCN1702E3373_009972-T1	TFCN1702E3373_003098-T1
TFCN1702E3373_006211-T1__TFCN1702E3373_009972-T1	NaN	NaN	NaN	NaN	NaN	NaN	NaN	NaN	GF00000022	Rhodotorula_mucilaginosa_TFCN_17-0-2E337-3.cds.fa_09853	Rhodotorula_mucilaginosa_TFCN_17-0-2E337-3.cds.fa_06141	NaN	NaN	NaN	NaN	NaN	NaN	NaN	NaN	TFCN1702E3373_009972-T1	TFCN1702E3373_006211-T1
TFCN1702E3373_009972-T1__TFCN1702E3373_012083-T1	NaN	NaN	NaN	NaN	NaN	NaN	NaN	NaN	GF00000022	Rhodotorula_mucilaginosa_TFCN_17-0-2E337-3.cds.fa_09853	Rhodotorula_mucilaginosa_TFCN_17-0-2E337-3.cds.fa_11920	NaN	NaN	NaN	NaN	NaN	NaN	NaN	NaN	TFCN1702E3373_009972-T1	TFCN1702E3373_012083-T1
TFCN1702E3373_006212-T1__TFCN1702E3373_009972-T1	NaN	NaN	NaN	NaN	NaN	NaN	NaN	NaN	GF00000022	Rhodotorula_mucilaginosa_TFCN_17-0-2E337-3.cds.fa_09853	Rhodotorula_mucilaginosa_TFCN_17-0-2E337-3.cds.fa_06142	NaN	NaN	NaN	NaN	NaN	NaN	NaN	NaN	TFCN1702E3373_009972-T1	TFCN1702E3373_006212-T1
TFCN1702E3373_003097-T1__TFCN1702E3373_009972-T1	NaN	NaN	NaN	NaN	NaN	NaN	NaN	NaN	GF00000022	Rhodotorula_mucilaginosa_TFCN_17-0-2E337-3.cds.fa_09853	Rhodotorula_mucilaginosa_TFCN_17-0-2E337-3.cds.fa_03055	NaN	NaN	NaN	NaN	NaN	NaN	NaN	NaN	TFCN1702E3373_009972-T1	TFCN1702E3373_003097-T1
TFCN1702E3373_004423-T1__TFCN1702E3373_009972-T1	NaN	NaN	NaN	NaN	NaN	NaN	NaN	NaN	GF00000022	Rhodotorula_mucilaginosa_TFCN_17-0-2E337-3.cds.fa_09853	Rhodotorula_mucilaginosa_TFCN_17-0-2E337-3.cds.fa_04367	NaN	NaN	NaN	NaN	NaN	NaN	NaN	NaN	TFCN1702E3373_009972-T1	TFCN1702E3373_004423-T1
TFCN1702E3373_004425-T1__TFCN1702E3373_009972-T1	NaN	NaN	NaN	NaN	NaN	NaN	NaN	NaN	GF00000022	Rhodotorula_mucilaginosa_TFCN_17-0-2E337-3.cds.fa_09853	Rhodotorula_mucilaginosa_TFCN_17-0-2E337-3.cds.fa_04369	NaN	NaN	NaN	NaN	NaN	NaN	NaN	NaN	TFCN1702E3373_009972-T1	TFCN1702E3373_004425-T1
TFCN1702E3373_001521-T1__TFCN1702E3373_009972-T1	NaN	NaN	NaN	NaN	NaN	NaN	NaN	NaN	GF00000022	Rhodotorula_mucilaginosa_TFCN_17-0-2E337-3.cds.fa_09853	Rhodotorula_mucilaginosa_TFCN_17-0-2E337-3.cds.fa_01511	NaN	NaN	NaN	NaN	NaN	NaN	NaN	NaN	TFCN1702E3373_009972-T1	TFCN1702E3373_001521-T1
TFCN1702E3373_009972-T1__TFCN1702E3373_012502-T1	NaN	NaN	NaN	NaN	NaN	NaN	NaN	NaN	GF00000022	Rhodotorula_mucilaginosa_TFCN_17-0-2E337-3.cds.fa_09853	Rhodotorula_mucilaginosa_TFCN_17-0-2E337-3.cds.fa_12336	NaN	NaN	NaN	NaN	NaN	NaN	NaN	NaN	TFCN1702E3373_009972-T1	TFCN1702E3373_012502-T1
TFCN1702E3373_009972-T1__TFCN1702E3373_012504-T1	NaN	NaN	NaN	NaN	NaN	NaN	NaN	NaN	GF00000022	Rhodotorula_mucilaginosa_TFCN_17-0-2E337-3.cds.fa_09853	Rhodotorula_mucilaginosa_TFCN_17-0-2E337-3.cds.fa_12338	NaN	NaN	NaN	NaN	NaN	NaN	NaN	NaN	TFCN1702E3373_009972-T1	TFCN1702E3373_012504-T1
TFCN1702E3373_009972-T1__TFCN1702E3373_012505-T1	NaN	NaN	NaN	NaN	NaN	NaN	NaN	NaN	GF00000022	Rhodotorula_mucilaginosa_TFCN_17-0-2E337-3.cds.fa_09853	Rhodotorula_mucilaginosa_TFCN_17-0-2E337-3.cds.fa_12339	NaN	NaN	NaN	NaN	NaN	NaN	NaN	NaN	TFCN1702E3373_009972-T1	TFCN1702E3373_012505-T1
TFCN1702E3373_003098-T1__TFCN1702E3373_004739-T1	NaN	NaN	NaN	NaN	NaN	NaN	NaN	NaN	GF00000022	Rhodotorula_mucilaginosa_TFCN_17-0-2E337-3.cds.fa_04679	Rhodotorula_mucilaginosa_TFCN_17-0-2E337-3.cds.fa_03056	NaN	NaN	NaN	NaN	NaN	NaN	NaN	NaN	TFCN1702E3373_004739-T1	TFCN1702E3373_003098-T1
TFCN1702E3373_004739-T1__TFCN1702E3373_006211-T1	NaN	NaN	NaN	NaN	NaN	NaN	NaN	NaN	GF00000022	Rhodotorula_mucilaginosa_TFCN_17-0-2E337-3.cds.fa_04679	Rhodotorula_mucilaginosa_TFCN_17-0-2E337-3.cds.fa_06141	NaN	NaN	NaN	NaN	NaN	NaN	NaN	NaN	TFCN1702E3373_004739-T1	TFCN1702E3373_006211-T1
TFCN1702E3373_004739-T1__TFCN1702E3373_012083-T1	NaN	NaN	NaN	NaN	NaN	NaN	NaN	NaN	GF00000022	Rhodotorula_mucilaginosa_TFCN_17-0-2E337-3.cds.fa_04679	Rhodotorula_mucilaginosa_TFCN_17-0-2E337-3.cds.fa_11920	NaN	NaN	NaN	NaN	NaN	NaN	NaN	NaN	TFCN1702E3373_004739-T1	TFCN1702E3373_012083-T1
TFCN1702E3373_004739-T1__TFCN1702E3373_006212-T1	NaN	NaN	NaN	NaN	NaN	NaN	NaN	NaN	GF00000022	Rhodotorula_mucilaginosa_TFCN_17-0-2E337-3.cds.fa_04679	Rhodotorula_mucilaginosa_TFCN_17-0-2E337-3.cds.fa_06142	NaN	NaN	NaN	NaN	NaN	NaN	NaN	NaN	TFCN1702E3373_004739-T1	TFCN1702E3373_006212-T1
TFCN1702E3373_003097-T1__TFCN1702E3373_004739-T1	NaN	NaN	NaN	NaN	NaN	NaN	NaN	NaN	GF00000022	Rhodotorula_mucilaginosa_TFCN_17-0-2E337-3.cds.fa_04679	Rhodotorula_mucilaginosa_TFCN_17-0-2E337-3.cds.fa_03055	NaN	NaN	NaN	NaN	NaN	NaN	NaN	NaN	TFCN1702E3373_004739-T1	TFCN1702E3373_003097-T1
TFCN1702E3373_004423-T1__TFCN1702E3373_004739-T1	NaN	NaN	NaN	NaN	NaN	NaN	NaN	NaN	GF00000022	Rhodotorula_mucilaginosa_TFCN_17-0-2E337-3.cds.fa_04679	Rhodotorula_mucilaginosa_TFCN_17-0-2E337-3.cds.fa_04367	NaN	NaN	NaN	NaN	NaN	NaN	NaN	NaN	TFCN1702E3373_004739-T1	TFCN1702E3373_004423-T1
TFCN1702E3373_004425-T1__TFCN1702E3373_004739-T1	NaN	NaN	NaN	NaN	NaN	NaN	NaN	NaN	GF00000022	Rhodotorula_mucilaginosa_TFCN_17-0-2E337-3.cds.fa_04679	Rhodotorula_mucilaginosa_TFCN_17-0-2E337-3.cds.fa_04369	NaN	NaN	NaN	NaN	NaN	NaN	NaN	NaN	TFCN1702E3373_004739-T1	TFCN1702E3373_004425-T1
TFCN1702E3373_001521-T1__TFCN1702E3373_004739-T1	NaN	NaN	NaN	NaN	NaN	NaN	NaN	NaN	GF00000022	Rhodotorula_mucilaginosa_TFCN_17-0-2E337-3.cds.fa_04679	Rhodotorula_mucilaginosa_TFCN_17-0-2E337-3.cds.fa_01511	NaN	NaN	NaN	NaN	NaN	NaN	NaN	NaN	TFCN1702E3373_004739-T1	TFCN1702E3373_001521-T1
TFCN1702E3373_004739-T1__TFCN1702E3373_012502-T1	NaN	NaN	NaN	NaN	NaN	NaN	NaN	NaN	GF00000022	Rhodotorula_mucilaginosa_TFCN_17-0-2E337-3.cds.fa_04679	Rhodotorula_mucilaginosa_TFCN_17-0-2E337-3.cds.fa_12336	NaN	NaN	NaN	NaN	NaN	NaN	NaN	NaN	TFCN1702E3373_004739-T1	TFCN1702E3373_012502-T1
TFCN1702E3373_004739-T1__TFCN1702E3373_012504-T1	NaN	NaN	NaN	NaN	NaN	NaN	NaN	NaN	GF00000022	Rhodotorula_mucilaginosa_TFCN_17-0-2E337-3.cds.fa_04679	Rhodotorula_mucilaginosa_TFCN_17-0-2E337-3.cds.fa_12338	NaN	NaN	NaN	NaN	NaN	NaN	NaN	NaN	TFCN1702E3373_004739-T1	TFCN1702E3373_012504-T1
TFCN1702E3373_004739-T1__TFCN1702E3373_012505-T1	NaN	NaN	NaN	NaN	NaN	NaN	NaN	NaN	GF00000022	Rhodotorula_mucilaginosa_TFCN_17-0-2E337-3.cds.fa_04679	Rhodotorula_mucilaginosa_TFCN_17-0-2E337-3.cds.fa_12339	NaN	NaN	NaN	NaN	NaN	NaN	NaN	NaN	TFCN1702E3373_004739-T1	TFCN1702E3373_012505-T1
TFCN1702E3373_003098-T1__TFCN1702E3373_006211-T1	NaN	NaN	NaN	NaN	NaN	NaN	NaN	NaN	GF00000022	Rhodotorula_mucilaginosa_TFCN_17-0-2E337-3.cds.fa_03056	Rhodotorula_mucilaginosa_TFCN_17-0-2E337-3.cds.fa_06141	NaN	NaN	NaN	NaN	NaN	NaN	NaN	NaN	TFCN1702E3373_003098-T1	TFCN1702E3373_006211-T1
TFCN1702E3373_003098-T1__TFCN1702E3373_012083-T1	NaN	NaN	NaN	NaN	NaN	NaN	NaN	NaN	GF00000022	Rhodotorula_mucilaginosa_TFCN_17-0-2E337-3.cds.fa_03056	Rhodotorula_mucilaginosa_TFCN_17-0-2E337-3.cds.fa_11920	NaN	NaN	NaN	NaN	NaN	NaN	NaN	NaN	TFCN1702E3373_003098-T1	TFCN1702E3373_012083-T1
TFCN1702E3373_003098-T1__TFCN1702E3373_006212-T1	NaN	NaN	NaN	NaN	NaN	NaN	NaN	NaN	GF00000022	Rhodotorula_mucilaginosa_TFCN_17-0-2E337-3.cds.fa_03056	Rhodotorula_mucilaginosa_TFCN_17-0-2E337-3.cds.fa_06142	NaN	NaN	NaN	NaN	NaN	NaN	NaN	NaN	TFCN1702E3373_003098-T1	TFCN1702E3373_006212-T1
TFCN1702E3373_003097-T1__TFCN1702E3373_003098-T1	NaN	NaN	NaN	NaN	NaN	NaN	NaN	NaN	GF00000022	Rhodotorula_mucilaginosa_TFCN_17-0-2E337-3.cds.fa_03056	Rhodotorula_mucilaginosa_TFCN_17-0-2E337-3.cds.fa_03055	NaN	NaN	NaN	NaN	NaN	NaN	NaN	NaN	TFCN1702E3373_003098-T1	TFCN1702E3373_003097-T1
TFCN1702E3373_003098-T1__TFCN1702E3373_004423-T1	NaN	NaN	NaN	NaN	NaN	NaN	NaN	NaN	GF00000022	Rhodotorula_mucilaginosa_TFCN_17-0-2E337-3.cds.fa_03056	Rhodotorula_mucilaginosa_TFCN_17-0-2E337-3.cds.fa_04367	NaN	NaN	NaN	NaN	NaN	NaN	NaN	NaN	TFCN1702E3373_003098-T1	TFCN1702E3373_004423-T1
TFCN1702E3373_003098-T1__TFCN1702E3373_004425-T1	NaN	NaN	NaN	NaN	NaN	NaN	NaN	NaN	GF00000022	Rhodotorula_mucilaginosa_TFCN_17-0-2E337-3.cds.fa_03056	Rhodotorula_mucilaginosa_TFCN_17-0-2E337-3.cds.fa_04369	NaN	NaN	NaN	NaN	NaN	NaN	NaN	NaN	TFCN1702E3373_003098-T1	TFCN1702E3373_004425-T1
TFCN1702E3373_001521-T1__TFCN1702E3373_003098-T1	NaN	NaN	NaN	NaN	NaN	NaN	NaN	NaN	GF00000022	Rhodotorula_mucilaginosa_TFCN_17-0-2E337-3.cds.fa_03056	Rhodotorula_mucilaginosa_TFCN_17-0-2E337-3.cds.fa_01511	NaN	NaN	NaN	NaN	NaN	NaN	NaN	NaN	TFCN1702E3373_003098-T1	TFCN1702E3373_001521-T1
TFCN1702E3373_003098-T1__TFCN1702E3373_012502-T1	NaN	NaN	NaN	NaN	NaN	NaN	NaN	NaN	GF00000022	Rhodotorula_mucilaginosa_TFCN_17-0-2E337-3.cds.fa_03056	Rhodotorula_mucilaginosa_TFCN_17-0-2E337-3.cds.fa_12336	NaN	NaN	NaN	NaN	NaN	NaN	NaN	NaN	TFCN1702E3373_003098-T1	TFCN1702E3373_012502-T1
TFCN1702E3373_003098-T1__TFCN1702E3373_012504-T1	NaN	NaN	NaN	NaN	NaN	NaN	NaN	NaN	GF00000022	Rhodotorula_mucilaginosa_TFCN_17-0-2E337-3.cds.fa_03056	Rhodotorula_mucilaginosa_TFCN_17-0-2E337-3.cds.fa_12338	NaN	NaN	NaN	NaN	NaN	NaN	NaN	NaN	TFCN1702E3373_003098-T1	TFCN1702E3373_012504-T1
TFCN1702E3373_003098-T1__TFCN1702E3373_012505-T1	NaN	NaN	NaN	NaN	NaN	NaN	NaN	NaN	GF00000022	Rhodotorula_mucilaginosa_TFCN_17-0-2E337-3.cds.fa_03056	Rhodotorula_mucilaginosa_TFCN_17-0-2E337-3.cds.fa_12339	NaN	NaN	NaN	NaN	NaN	NaN	NaN	NaN	TFCN1702E3373_003098-T1	TFCN1702E3373_012505-T1
TFCN1702E3373_006211-T1__TFCN1702E3373_012083-T1	NaN	NaN	NaN	NaN	NaN	NaN	NaN	NaN	GF00000022	Rhodotorula_mucilaginosa_TFCN_17-0-2E337-3.cds.fa_06141	Rhodotorula_mucilaginosa_TFCN_17-0-2E337-3.cds.fa_11920	NaN	NaN	NaN	NaN	NaN	NaN	NaN	NaN	TFCN1702E3373_006211-T1	TFCN1702E3373_012083-T1
TFCN1702E3373_006211-T1__TFCN1702E3373_006212-T1	NaN	NaN	NaN	NaN	NaN	NaN	NaN	NaN	GF00000022	Rhodotorula_mucilaginosa_TFCN_17-0-2E337-3.cds.fa_06141	Rhodotorula_mucilaginosa_TFCN_17-0-2E337-3.cds.fa_06142	NaN	NaN	NaN	NaN	NaN	NaN	NaN	NaN	TFCN1702E3373_006211-T1	TFCN1702E3373_006212-T1
TFCN1702E3373_003097-T1__TFCN1702E3373_006211-T1	NaN	NaN	NaN	NaN	NaN	NaN	NaN	NaN	GF00000022	Rhodotorula_mucilaginosa_TFCN_17-0-2E337-3.cds.fa_06141	Rhodotorula_mucilaginosa_TFCN_17-0-2E337-3.cds.fa_03055	NaN	NaN	NaN	NaN	NaN	NaN	NaN	NaN	TFCN1702E3373_006211-T1	TFCN1702E3373_003097-T1
TFCN1702E3373_004423-T1__TFCN1702E3373_006211-T1	NaN	NaN	NaN	NaN	NaN	NaN	NaN	NaN	GF00000022	Rhodotorula_mucilaginosa_TFCN_17-0-2E337-3.cds.fa_06141	Rhodotorula_mucilaginosa_TFCN_17-0-2E337-3.cds.fa_04367	NaN	NaN	NaN	NaN	NaN	NaN	NaN	NaN	TFCN1702E3373_006211-T1	TFCN1702E3373_004423-T1
TFCN1702E3373_004425-T1__TFCN1702E3373_006211-T1	NaN	NaN	NaN	NaN	NaN	NaN	NaN	NaN	GF00000022	Rhodotorula_mucilaginosa_TFCN_17-0-2E337-3.cds.fa_06141	Rhodotorula_mucilaginosa_TFCN_17-0-2E337-3.cds.fa_04369	NaN	NaN	NaN	NaN	NaN	NaN	NaN	NaN	TFCN1702E3373_006211-T1	TFCN1702E3373_004425-T1
TFCN1702E3373_001521-T1__TFCN1702E3373_006211-T1	NaN	NaN	NaN	NaN	NaN	NaN	NaN	NaN	GF00000022	Rhodotorula_mucilaginosa_TFCN_17-0-2E337-3.cds.fa_06141	Rhodotorula_mucilaginosa_TFCN_17-0-2E337-3.cds.fa_01511	NaN	NaN	NaN	NaN	NaN	NaN	NaN	NaN	TFCN1702E3373_006211-T1	TFCN1702E3373_001521-T1
TFCN1702E3373_006211-T1__TFCN1702E3373_012502-T1	NaN	NaN	NaN	NaN	NaN	NaN	NaN	NaN	GF00000022	Rhodotorula_mucilaginosa_TFCN_17-0-2E337-3.cds.fa_06141	Rhodotorula_mucilaginosa_TFCN_17-0-2E337-3.cds.fa_12336	NaN	NaN	NaN	NaN	NaN	NaN	NaN	NaN	TFCN1702E3373_006211-T1	TFCN1702E3373_012502-T1
TFCN1702E3373_006211-T1__TFCN1702E3373_012504-T1	NaN	NaN	NaN	NaN	NaN	NaN	NaN	NaN	GF00000022	Rhodotorula_mucilaginosa_TFCN_17-0-2E337-3.cds.fa_06141	Rhodotorula_mucilaginosa_TFCN_17-0-2E337-3.cds.fa_12338	NaN	NaN	NaN	NaN	NaN	NaN	NaN	NaN	TFCN1702E3373_006211-T1	TFCN1702E3373_012504-T1
TFCN1702E3373_006211-T1__TFCN1702E3373_012505-T1	NaN	NaN	NaN	NaN	NaN	NaN	NaN	NaN	GF00000022	Rhodotorula_mucilaginosa_TFCN_17-0-2E337-3.cds.fa_06141	Rhodotorula_mucilaginosa_TFCN_17-0-2E337-3.cds.fa_12339	NaN	NaN	NaN	NaN	NaN	NaN	NaN	NaN	TFCN1702E3373_006211-T1	TFCN1702E3373_012505-T1
TFCN1702E3373_006212-T1__TFCN1702E3373_012083-T1	NaN	NaN	NaN	NaN	NaN	NaN	NaN	NaN	GF00000022	Rhodotorula_mucilaginosa_TFCN_17-0-2E337-3.cds.fa_11920	Rhodotorula_mucilaginosa_TFCN_17-0-2E337-3.cds.fa_06142	NaN	NaN	NaN	NaN	NaN	NaN	NaN	NaN	TFCN1702E3373_012083-T1	TFCN1702E3373_006212-T1
TFCN1702E3373_003097-T1__TFCN1702E3373_012083-T1	NaN	NaN	NaN	NaN	NaN	NaN	NaN	NaN	GF00000022	Rhodotorula_mucilaginosa_TFCN_17-0-2E337-3.cds.fa_11920	Rhodotorula_mucilaginosa_TFCN_17-0-2E337-3.cds.fa_03055	NaN	NaN	NaN	NaN	NaN	NaN	NaN	NaN	TFCN1702E3373_012083-T1	TFCN1702E3373_003097-T1
TFCN1702E3373_004423-T1__TFCN1702E3373_012083-T1	NaN	NaN	NaN	NaN	NaN	NaN	NaN	NaN	GF00000022	Rhodotorula_mucilaginosa_TFCN_17-0-2E337-3.cds.fa_11920	Rhodotorula_mucilaginosa_TFCN_17-0-2E337-3.cds.fa_04367	NaN	NaN	NaN	NaN	NaN	NaN	NaN	NaN	TFCN1702E3373_012083-T1	TFCN1702E3373_004423-T1
TFCN1702E3373_004425-T1__TFCN1702E3373_012083-T1	NaN	NaN	NaN	NaN	NaN	NaN	NaN	NaN	GF00000022	Rhodotorula_mucilaginosa_TFCN_17-0-2E337-3.cds.fa_11920	Rhodotorula_mucilaginosa_TFCN_17-0-2E337-3.cds.fa_04369	NaN	NaN	NaN	NaN	NaN	NaN	NaN	NaN	TFCN1702E3373_012083-T1	TFCN1702E3373_004425-T1
TFCN1702E3373_001521-T1__TFCN1702E3373_012083-T1	NaN	NaN	NaN	NaN	NaN	NaN	NaN	NaN	GF00000022	Rhodotorula_mucilaginosa_TFCN_17-0-2E337-3.cds.fa_11920	Rhodotorula_mucilaginosa_TFCN_17-0-2E337-3.cds.fa_01511	NaN	NaN	NaN	NaN	NaN	NaN	NaN	NaN	TFCN1702E3373_012083-T1	TFCN1702E3373_001521-T1
TFCN1702E3373_012083-T1__TFCN1702E3373_012502-T1	NaN	NaN	NaN	NaN	NaN	NaN	NaN	NaN	GF00000022	Rhodotorula_mucilaginosa_TFCN_17-0-2E337-3.cds.fa_11920	Rhodotorula_mucilaginosa_TFCN_17-0-2E337-3.cds.fa_12336	NaN	NaN	NaN	NaN	NaN	NaN	NaN	NaN	TFCN1702E3373_012083-T1	TFCN1702E3373_012502-T1
TFCN1702E3373_012083-T1__TFCN1702E3373_012504-T1	NaN	NaN	NaN	NaN	NaN	NaN	NaN	NaN	GF00000022	Rhodotorula_mucilaginosa_TFCN_17-0-2E337-3.cds.fa_11920	Rhodotorula_mucilaginosa_TFCN_17-0-2E337-3.cds.fa_12338	NaN	NaN	NaN	NaN	NaN	NaN	NaN	NaN	TFCN1702E3373_012083-T1	TFCN1702E3373_012504-T1
TFCN1702E3373_012083-T1__TFCN1702E3373_012505-T1	NaN	NaN	NaN	NaN	NaN	NaN	NaN	NaN	GF00000022	Rhodotorula_mucilaginosa_TFCN_17-0-2E337-3.cds.fa_11920	Rhodotorula_mucilaginosa_TFCN_17-0-2E337-3.cds.fa_12339	NaN	NaN	NaN	NaN	NaN	NaN	NaN	NaN	TFCN1702E3373_012083-T1	TFCN1702E3373_012505-T1
TFCN1702E3373_003097-T1__TFCN1702E3373_006212-T1	NaN	NaN	NaN	NaN	NaN	NaN	NaN	NaN	GF00000022	Rhodotorula_mucilaginosa_TFCN_17-0-2E337-3.cds.fa_06142	Rhodotorula_mucilaginosa_TFCN_17-0-2E337-3.cds.fa_03055	NaN	NaN	NaN	NaN	NaN	NaN	NaN	NaN	TFCN1702E3373_006212-T1	TFCN1702E3373_003097-T1
TFCN1702E3373_004423-T1__TFCN1702E3373_006212-T1	NaN	NaN	NaN	NaN	NaN	NaN	NaN	NaN	GF00000022	Rhodotorula_mucilaginosa_TFCN_17-0-2E337-3.cds.fa_06142	Rhodotorula_mucilaginosa_TFCN_17-0-2E337-3.cds.fa_04367	NaN	NaN	NaN	NaN	NaN	NaN	NaN	NaN	TFCN1702E3373_006212-T1	TFCN1702E3373_004423-T1
TFCN1702E3373_004425-T1__TFCN1702E3373_006212-T1	NaN	NaN	NaN	NaN	NaN	NaN	NaN	NaN	GF00000022	Rhodotorula_mucilaginosa_TFCN_17-0-2E337-3.cds.fa_06142	Rhodotorula_mucilaginosa_TFCN_17-0-2E337-3.cds.fa_04369	NaN	NaN	NaN	NaN	NaN	NaN	NaN	NaN	TFCN1702E3373_006212-T1	TFCN1702E3373_004425-T1
TFCN1702E3373_001521-T1__TFCN1702E3373_006212-T1	NaN	NaN	NaN	NaN	NaN	NaN	NaN	NaN	GF00000022	Rhodotorula_mucilaginosa_TFCN_17-0-2E337-3.cds.fa_06142	Rhodotorula_mucilaginosa_TFCN_17-0-2E337-3.cds.fa_01511	NaN	NaN	NaN	NaN	NaN	NaN	NaN	NaN	TFCN1702E3373_006212-T1	TFCN1702E3373_001521-T1
TFCN1702E3373_006212-T1__TFCN1702E3373_012502-T1	NaN	NaN	NaN	NaN	NaN	NaN	NaN	NaN	GF00000022	Rhodotorula_mucilaginosa_TFCN_17-0-2E337-3.cds.fa_06142	Rhodotorula_mucilaginosa_TFCN_17-0-2E337-3.cds.fa_12336	NaN	NaN	NaN	NaN	NaN	NaN	NaN	NaN	TFCN1702E3373_006212-T1	TFCN1702E3373_012502-T1
TFCN1702E3373_006212-T1__TFCN1702E3373_012504-T1	NaN	NaN	NaN	NaN	NaN	NaN	NaN	NaN	GF00000022	Rhodotorula_mucilaginosa_TFCN_17-0-2E337-3.cds.fa_06142	Rhodotorula_mucilaginosa_TFCN_17-0-2E337-3.cds.fa_12338	NaN	NaN	NaN	NaN	NaN	NaN	NaN	NaN	TFCN1702E3373_006212-T1	TFCN1702E3373_012504-T1
TFCN1702E3373_006212-T1__TFCN1702E3373_012505-T1	NaN	NaN	NaN	NaN	NaN	NaN	NaN	NaN	GF00000022	Rhodotorula_mucilaginosa_TFCN_17-0-2E337-3.cds.fa_06142	Rhodotorula_mucilaginosa_TFCN_17-0-2E337-3.cds.fa_12339	NaN	NaN	NaN	NaN	NaN	NaN	NaN	NaN	TFCN1702E3373_006212-T1	TFCN1702E3373_012505-T1
TFCN1702E3373_003097-T1__TFCN1702E3373_004423-T1	NaN	NaN	NaN	NaN	NaN	NaN	NaN	NaN	GF00000022	Rhodotorula_mucilaginosa_TFCN_17-0-2E337-3.cds.fa_03055	Rhodotorula_mucilaginosa_TFCN_17-0-2E337-3.cds.fa_04367	NaN	NaN	NaN	NaN	NaN	NaN	NaN	NaN	TFCN1702E3373_003097-T1	TFCN1702E3373_004423-T1
TFCN1702E3373_003097-T1__TFCN1702E3373_004425-T1	NaN	NaN	NaN	NaN	NaN	NaN	NaN	NaN	GF00000022	Rhodotorula_mucilaginosa_TFCN_17-0-2E337-3.cds.fa_03055	Rhodotorula_mucilaginosa_TFCN_17-0-2E337-3.cds.fa_04369	NaN	NaN	NaN	NaN	NaN	NaN	NaN	NaN	TFCN1702E3373_003097-T1	TFCN1702E3373_004425-T1
TFCN1702E3373_001521-T1__TFCN1702E3373_003097-T1	NaN	NaN	NaN	NaN	NaN	NaN	NaN	NaN	GF00000022	Rhodotorula_mucilaginosa_TFCN_17-0-2E337-3.cds.fa_03055	Rhodotorula_mucilaginosa_TFCN_17-0-2E337-3.cds.fa_01511	NaN	NaN	NaN	NaN	NaN	NaN	NaN	NaN	TFCN1702E3373_003097-T1	TFCN1702E3373_001521-T1
TFCN1702E3373_003097-T1__TFCN1702E3373_012502-T1	NaN	NaN	NaN	NaN	NaN	NaN	NaN	NaN	GF00000022	Rhodotorula_mucilaginosa_TFCN_17-0-2E337-3.cds.fa_03055	Rhodotorula_mucilaginosa_TFCN_17-0-2E337-3.cds.fa_12336	NaN	NaN	NaN	NaN	NaN	NaN	NaN	NaN	TFCN1702E3373_003097-T1	TFCN1702E3373_012502-T1
TFCN1702E3373_003097-T1__TFCN1702E3373_012504-T1	NaN	NaN	NaN	NaN	NaN	NaN	NaN	NaN	GF00000022	Rhodotorula_mucilaginosa_TFCN_17-0-2E337-3.cds.fa_03055	Rhodotorula_mucilaginosa_TFCN_17-0-2E337-3.cds.fa_12338	NaN	NaN	NaN	NaN	NaN	NaN	NaN	NaN	TFCN1702E3373_003097-T1	TFCN1702E3373_012504-T1
TFCN1702E3373_003097-T1__TFCN1702E3373_012505-T1	NaN	NaN	NaN	NaN	NaN	NaN	NaN	NaN	GF00000022	Rhodotorula_mucilaginosa_TFCN_17-0-2E337-3.cds.fa_03055	Rhodotorula_mucilaginosa_TFCN_17-0-2E337-3.cds.fa_12339	NaN	NaN	NaN	NaN	NaN	NaN	NaN	NaN	TFCN1702E3373_003097-T1	TFCN1702E3373_012505-T1
TFCN1702E3373_004423-T1__TFCN1702E3373_004425-T1	NaN	NaN	NaN	NaN	NaN	NaN	NaN	NaN	GF00000022	Rhodotorula_mucilaginosa_TFCN_17-0-2E337-3.cds.fa_04367	Rhodotorula_mucilaginosa_TFCN_17-0-2E337-3.cds.fa_04369	NaN	NaN	NaN	NaN	NaN	NaN	NaN	NaN	TFCN1702E3373_004423-T1	TFCN1702E3373_004425-T1
TFCN1702E3373_001521-T1__TFCN1702E3373_004423-T1	NaN	NaN	NaN	NaN	NaN	NaN	NaN	NaN	GF00000022	Rhodotorula_mucilaginosa_TFCN_17-0-2E337-3.cds.fa_04367	Rhodotorula_mucilaginosa_TFCN_17-0-2E337-3.cds.fa_01511	NaN	NaN	NaN	NaN	NaN	NaN	NaN	NaN	TFCN1702E3373_004423-T1	TFCN1702E3373_001521-T1
TFCN1702E3373_004423-T1__TFCN1702E3373_012502-T1	NaN	NaN	NaN	NaN	NaN	NaN	NaN	NaN	GF00000022	Rhodotorula_mucilaginosa_TFCN_17-0-2E337-3.cds.fa_04367	Rhodotorula_mucilaginosa_TFCN_17-0-2E337-3.cds.fa_12336	NaN	NaN	NaN	NaN	NaN	NaN	NaN	NaN	TFCN1702E3373_004423-T1	TFCN1702E3373_012502-T1
TFCN1702E3373_004423-T1__TFCN1702E3373_012504-T1	NaN	NaN	NaN	NaN	NaN	NaN	NaN	NaN	GF00000022	Rhodotorula_mucilaginosa_TFCN_17-0-2E337-3.cds.fa_04367	Rhodotorula_mucilaginosa_TFCN_17-0-2E337-3.cds.fa_12338	NaN	NaN	NaN	NaN	NaN	NaN	NaN	NaN	TFCN1702E3373_004423-T1	TFCN1702E3373_012504-T1
TFCN1702E3373_004423-T1__TFCN1702E3373_012505-T1	NaN	NaN	NaN	NaN	NaN	NaN	NaN	NaN	GF00000022	Rhodotorula_mucilaginosa_TFCN_17-0-2E337-3.cds.fa_04367	Rhodotorula_mucilaginosa_TFCN_17-0-2E337-3.cds.fa_12339	NaN	NaN	NaN	NaN	NaN	NaN	NaN	NaN	TFCN1702E3373_004423-T1	TFCN1702E3373_012505-T1
TFCN1702E3373_001521-T1__TFCN1702E3373_004425-T1	NaN	NaN	NaN	NaN	NaN	NaN	NaN	NaN	GF00000022	Rhodotorula_mucilaginosa_TFCN_17-0-2E337-3.cds.fa_04369	Rhodotorula_mucilaginosa_TFCN_17-0-2E337-3.cds.fa_01511	NaN	NaN	NaN	NaN	NaN	NaN	NaN	NaN	TFCN1702E3373_004425-T1	TFCN1702E3373_001521-T1
TFCN1702E3373_004425-T1__TFCN1702E3373_012502-T1	NaN	NaN	NaN	NaN	NaN	NaN	NaN	NaN	GF00000022	Rhodotorula_mucilaginosa_TFCN_17-0-2E337-3.cds.fa_04369	Rhodotorula_mucilaginosa_TFCN_17-0-2E337-3.cds.fa_12336	NaN	NaN	NaN	NaN	NaN	NaN	NaN	NaN	TFCN1702E3373_004425-T1	TFCN1702E3373_012502-T1
TFCN1702E3373_004425-T1__TFCN1702E3373_012504-T1	NaN	NaN	NaN	NaN	NaN	NaN	NaN	NaN	GF00000022	Rhodotorula_mucilaginosa_TFCN_17-0-2E337-3.cds.fa_04369	Rhodotorula_mucilaginosa_TFCN_17-0-2E337-3.cds.fa_12338	NaN	NaN	NaN	NaN	NaN	NaN	NaN	NaN	TFCN1702E3373_004425-T1	TFCN1702E3373_012504-T1
TFCN1702E3373_004425-T1__TFCN1702E3373_012505-T1	NaN	NaN	NaN	NaN	NaN	NaN	NaN	NaN	GF00000022	Rhodotorula_mucilaginosa_TFCN_17-0-2E337-3.cds.fa_04369	Rhodotorula_mucilaginosa_TFCN_17-0-2E337-3.cds.fa_12339	NaN	NaN	NaN	NaN	NaN	NaN	NaN	NaN	TFCN1702E3373_004425-T1	TFCN1702E3373_012505-T1
TFCN1702E3373_001521-T1__TFCN1702E3373_012502-T1	NaN	NaN	NaN	NaN	NaN	NaN	NaN	NaN	GF00000022	Rhodotorula_mucilaginosa_TFCN_17-0-2E337-3.cds.fa_01511	Rhodotorula_mucilaginosa_TFCN_17-0-2E337-3.cds.fa_12336	NaN	NaN	NaN	NaN	NaN	NaN	NaN	NaN	TFCN1702E3373_001521-T1	TFCN1702E3373_012502-T1
TFCN1702E3373_001521-T1__TFCN1702E3373_012504-T1	NaN	NaN	NaN	NaN	NaN	NaN	NaN	NaN	GF00000022	Rhodotorula_mucilaginosa_TFCN_17-0-2E337-3.cds.fa_01511	Rhodotorula_mucilaginosa_TFCN_17-0-2E337-3.cds.fa_12338	NaN	NaN	NaN	NaN	NaN	NaN	NaN	NaN	TFCN1702E3373_001521-T1	TFCN1702E3373_012504-T1
TFCN1702E3373_001521-T1__TFCN1702E3373_012505-T1	NaN	NaN	NaN	NaN	NaN	NaN	NaN	NaN	GF00000022	Rhodotorula_mucilaginosa_TFCN_17-0-2E337-3.cds.fa_01511	Rhodotorula_mucilaginosa_TFCN_17-0-2E337-3.cds.fa_12339	NaN	NaN	NaN	NaN	NaN	NaN	NaN	NaN	TFCN1702E3373_001521-T1	TFCN1702E3373_012505-T1
TFCN1702E3373_012502-T1__TFCN1702E3373_012504-T1	NaN	NaN	NaN	NaN	NaN	NaN	NaN	NaN	GF00000022	Rhodotorula_mucilaginosa_TFCN_17-0-2E337-3.cds.fa_12336	Rhodotorula_mucilaginosa_TFCN_17-0-2E337-3.cds.fa_12338	NaN	NaN	NaN	NaN	NaN	NaN	NaN	NaN	TFCN1702E3373_012502-T1	TFCN1702E3373_012504-T1
TFCN1702E3373_012502-T1__TFCN1702E3373_012505-T1	NaN	NaN	NaN	NaN	NaN	NaN	NaN	NaN	GF00000022	Rhodotorula_mucilaginosa_TFCN_17-0-2E337-3.cds.fa_12336	Rhodotorula_mucilaginosa_TFCN_17-0-2E337-3.cds.fa_12339	NaN	NaN	NaN	NaN	NaN	NaN	NaN	NaN	TFCN1702E3373_012502-T1	TFCN1702E3373_012505-T1
TFCN1702E3373_012504-T1__TFCN1702E3373_012505-T1	NaN	NaN	NaN	NaN	NaN	NaN	NaN	NaN	GF00000022	Rhodotorula_mucilaginosa_TFCN_17-0-2E337-3.cds.fa_12338	Rhodotorula_mucilaginosa_TFCN_17-0-2E337-3.cds.fa_12339	NaN	NaN	NaN	NaN	NaN	NaN	NaN	NaN	TFCN1702E3373_012504-T1	TFCN1702E3373_012505-T1
TFCN1702E3373_005830-T1__TFCN1702E3373_007792-T1	NaN	NaN	NaN	NaN	NaN	NaN	NaN	NaN	GF00000024	Rhodotorula_mucilaginosa_TFCN_17-0-2E337-3.cds.fa_05762	Rhodotorula_mucilaginosa_TFCN_17-0-2E337-3.cds.fa_07700	NaN	NaN	NaN	NaN	NaN	NaN	NaN	NaN	TFCN1702E3373_005830-T1	TFCN1702E3373_007792-T1
TFCN1702E3373_005830-T1__TFCN1702E3373_011549-T1	NaN	NaN	NaN	NaN	NaN	NaN	NaN	NaN	GF00000024	Rhodotorula_mucilaginosa_TFCN_17-0-2E337-3.cds.fa_05762	Rhodotorula_mucilaginosa_TFCN_17-0-2E337-3.cds.fa_11402	NaN	NaN	NaN	NaN	NaN	NaN	NaN	NaN	TFCN1702E3373_005830-T1	TFCN1702E3373_011549-T1
TFCN1702E3373_005830-T1__TFCN1702E3373_005966-T1	NaN	NaN	NaN	NaN	NaN	NaN	NaN	NaN	GF00000024	Rhodotorula_mucilaginosa_TFCN_17-0-2E337-3.cds.fa_05762	Rhodotorula_mucilaginosa_TFCN_17-0-2E337-3.cds.fa_05898	NaN	NaN	NaN	NaN	NaN	NaN	NaN	NaN	TFCN1702E3373_005830-T1	TFCN1702E3373_005966-T1
TFCN1702E3373_005830-T1__TFCN1702E3373_006539-T1	NaN	NaN	NaN	NaN	NaN	NaN	NaN	NaN	GF00000024	Rhodotorula_mucilaginosa_TFCN_17-0-2E337-3.cds.fa_05762	Rhodotorula_mucilaginosa_TFCN_17-0-2E337-3.cds.fa_06461	NaN	NaN	NaN	NaN	NaN	NaN	NaN	NaN	TFCN1702E3373_005830-T1	TFCN1702E3373_006539-T1
TFCN1702E3373_005830-T1__TFCN1702E3373_005965-T1	NaN	NaN	NaN	NaN	NaN	NaN	NaN	NaN	GF00000024	Rhodotorula_mucilaginosa_TFCN_17-0-2E337-3.cds.fa_05762	Rhodotorula_mucilaginosa_TFCN_17-0-2E337-3.cds.fa_05897	NaN	NaN	NaN	NaN	NaN	NaN	NaN	NaN	TFCN1702E3373_005830-T1	TFCN1702E3373_005965-T1
TFCN1702E3373_005830-T1__TFCN1702E3373_014705-T1	NaN	NaN	NaN	NaN	NaN	NaN	NaN	NaN	GF00000024	Rhodotorula_mucilaginosa_TFCN_17-0-2E337-3.cds.fa_05762	Rhodotorula_mucilaginosa_TFCN_17-0-2E337-3.cds.fa_14484	NaN	NaN	NaN	NaN	NaN	NaN	NaN	NaN	TFCN1702E3373_005830-T1	TFCN1702E3373_014705-T1
TFCN1702E3373_005830-T1__TFCN1702E3373_014704-T1	NaN	NaN	NaN	NaN	NaN	NaN	NaN	NaN	GF00000024	Rhodotorula_mucilaginosa_TFCN_17-0-2E337-3.cds.fa_05762	Rhodotorula_mucilaginosa_TFCN_17-0-2E337-3.cds.fa_14483	NaN	NaN	NaN	NaN	NaN	NaN	NaN	NaN	TFCN1702E3373_005830-T1	TFCN1702E3373_014704-T1
TFCN1702E3373_005830-T1__TFCN1702E3373_014759-T1	NaN	NaN	NaN	NaN	NaN	NaN	NaN	NaN	GF00000024	Rhodotorula_mucilaginosa_TFCN_17-0-2E337-3.cds.fa_05762	Rhodotorula_mucilaginosa_TFCN_17-0-2E337-3.cds.fa_14530	NaN	NaN	NaN	NaN	NaN	NaN	NaN	NaN	TFCN1702E3373_005830-T1	TFCN1702E3373_014759-T1
TFCN1702E3373_002205-T1__TFCN1702E3373_005830-T1	NaN	NaN	NaN	NaN	NaN	NaN	NaN	NaN	GF00000024	Rhodotorula_mucilaginosa_TFCN_17-0-2E337-3.cds.fa_05762	Rhodotorula_mucilaginosa_TFCN_17-0-2E337-3.cds.fa_02185	NaN	NaN	NaN	NaN	NaN	NaN	NaN	NaN	TFCN1702E3373_005830-T1	TFCN1702E3373_002205-T1
TFCN1702E3373_001286-T1__TFCN1702E3373_005830-T1	NaN	NaN	NaN	NaN	NaN	NaN	NaN	NaN	GF00000024	Rhodotorula_mucilaginosa_TFCN_17-0-2E337-3.cds.fa_05762	Rhodotorula_mucilaginosa_TFCN_17-0-2E337-3.cds.fa_01276	NaN	NaN	NaN	NaN	NaN	NaN	NaN	NaN	TFCN1702E3373_005830-T1	TFCN1702E3373_001286-T1
TFCN1702E3373_001287-T1__TFCN1702E3373_005830-T1	NaN	NaN	NaN	NaN	NaN	NaN	NaN	NaN	GF00000024	Rhodotorula_mucilaginosa_TFCN_17-0-2E337-3.cds.fa_05762	Rhodotorula_mucilaginosa_TFCN_17-0-2E337-3.cds.fa_01277	NaN	NaN	NaN	NaN	NaN	NaN	NaN	NaN	TFCN1702E3373_005830-T1	TFCN1702E3373_001287-T1
TFCN1702E3373_007792-T1__TFCN1702E3373_011549-T1	NaN	NaN	NaN	NaN	NaN	NaN	NaN	NaN	GF00000024	Rhodotorula_mucilaginosa_TFCN_17-0-2E337-3.cds.fa_07700	Rhodotorula_mucilaginosa_TFCN_17-0-2E337-3.cds.fa_11402	NaN	NaN	NaN	NaN	NaN	NaN	NaN	NaN	TFCN1702E3373_007792-T1	TFCN1702E3373_011549-T1
TFCN1702E3373_005966-T1__TFCN1702E3373_007792-T1	NaN	NaN	NaN	NaN	NaN	NaN	NaN	NaN	GF00000024	Rhodotorula_mucilaginosa_TFCN_17-0-2E337-3.cds.fa_07700	Rhodotorula_mucilaginosa_TFCN_17-0-2E337-3.cds.fa_05898	NaN	NaN	NaN	NaN	NaN	NaN	NaN	NaN	TFCN1702E3373_007792-T1	TFCN1702E3373_005966-T1
TFCN1702E3373_006539-T1__TFCN1702E3373_007792-T1	NaN	NaN	NaN	NaN	NaN	NaN	NaN	NaN	GF00000024	Rhodotorula_mucilaginosa_TFCN_17-0-2E337-3.cds.fa_07700	Rhodotorula_mucilaginosa_TFCN_17-0-2E337-3.cds.fa_06461	NaN	NaN	NaN	NaN	NaN	NaN	NaN	NaN	TFCN1702E3373_007792-T1	TFCN1702E3373_006539-T1
TFCN1702E3373_005965-T1__TFCN1702E3373_007792-T1	NaN	NaN	NaN	NaN	NaN	NaN	NaN	NaN	GF00000024	Rhodotorula_mucilaginosa_TFCN_17-0-2E337-3.cds.fa_07700	Rhodotorula_mucilaginosa_TFCN_17-0-2E337-3.cds.fa_05897	NaN	NaN	NaN	NaN	NaN	NaN	NaN	NaN	TFCN1702E3373_007792-T1	TFCN1702E3373_005965-T1
TFCN1702E3373_007792-T1__TFCN1702E3373_014705-T1	NaN	NaN	NaN	NaN	NaN	NaN	NaN	NaN	GF00000024	Rhodotorula_mucilaginosa_TFCN_17-0-2E337-3.cds.fa_07700	Rhodotorula_mucilaginosa_TFCN_17-0-2E337-3.cds.fa_14484	NaN	NaN	NaN	NaN	NaN	NaN	NaN	NaN	TFCN1702E3373_007792-T1	TFCN1702E3373_014705-T1
TFCN1702E3373_007792-T1__TFCN1702E3373_014704-T1	NaN	NaN	NaN	NaN	NaN	NaN	NaN	NaN	GF00000024	Rhodotorula_mucilaginosa_TFCN_17-0-2E337-3.cds.fa_07700	Rhodotorula_mucilaginosa_TFCN_17-0-2E337-3.cds.fa_14483	NaN	NaN	NaN	NaN	NaN	NaN	NaN	NaN	TFCN1702E3373_007792-T1	TFCN1702E3373_014704-T1
TFCN1702E3373_007792-T1__TFCN1702E3373_014759-T1	NaN	NaN	NaN	NaN	NaN	NaN	NaN	NaN	GF00000024	Rhodotorula_mucilaginosa_TFCN_17-0-2E337-3.cds.fa_07700	Rhodotorula_mucilaginosa_TFCN_17-0-2E337-3.cds.fa_14530	NaN	NaN	NaN	NaN	NaN	NaN	NaN	NaN	TFCN1702E3373_007792-T1	TFCN1702E3373_014759-T1
TFCN1702E3373_002205-T1__TFCN1702E3373_007792-T1	NaN	NaN	NaN	NaN	NaN	NaN	NaN	NaN	GF00000024	Rhodotorula_mucilaginosa_TFCN_17-0-2E337-3.cds.fa_07700	Rhodotorula_mucilaginosa_TFCN_17-0-2E337-3.cds.fa_02185	NaN	NaN	NaN	NaN	NaN	NaN	NaN	NaN	TFCN1702E3373_007792-T1	TFCN1702E3373_002205-T1
TFCN1702E3373_001286-T1__TFCN1702E3373_007792-T1	NaN	NaN	NaN	NaN	NaN	NaN	NaN	NaN	GF00000024	Rhodotorula_mucilaginosa_TFCN_17-0-2E337-3.cds.fa_07700	Rhodotorula_mucilaginosa_TFCN_17-0-2E337-3.cds.fa_01276	NaN	NaN	NaN	NaN	NaN	NaN	NaN	NaN	TFCN1702E3373_007792-T1	TFCN1702E3373_001286-T1
TFCN1702E3373_001287-T1__TFCN1702E3373_007792-T1	NaN	NaN	NaN	NaN	NaN	NaN	NaN	NaN	GF00000024	Rhodotorula_mucilaginosa_TFCN_17-0-2E337-3.cds.fa_07700	Rhodotorula_mucilaginosa_TFCN_17-0-2E337-3.cds.fa_01277	NaN	NaN	NaN	NaN	NaN	NaN	NaN	NaN	TFCN1702E3373_007792-T1	TFCN1702E3373_001287-T1
TFCN1702E3373_005966-T1__TFCN1702E3373_011549-T1	NaN	NaN	NaN	NaN	NaN	NaN	NaN	NaN	GF00000024	Rhodotorula_mucilaginosa_TFCN_17-0-2E337-3.cds.fa_11402	Rhodotorula_mucilaginosa_TFCN_17-0-2E337-3.cds.fa_05898	NaN	NaN	NaN	NaN	NaN	NaN	NaN	NaN	TFCN1702E3373_011549-T1	TFCN1702E3373_005966-T1
TFCN1702E3373_006539-T1__TFCN1702E3373_011549-T1	NaN	NaN	NaN	NaN	NaN	NaN	NaN	NaN	GF00000024	Rhodotorula_mucilaginosa_TFCN_17-0-2E337-3.cds.fa_11402	Rhodotorula_mucilaginosa_TFCN_17-0-2E337-3.cds.fa_06461	NaN	NaN	NaN	NaN	NaN	NaN	NaN	NaN	TFCN1702E3373_011549-T1	TFCN1702E3373_006539-T1
TFCN1702E3373_005965-T1__TFCN1702E3373_011549-T1	NaN	NaN	NaN	NaN	NaN	NaN	NaN	NaN	GF00000024	Rhodotorula_mucilaginosa_TFCN_17-0-2E337-3.cds.fa_11402	Rhodotorula_mucilaginosa_TFCN_17-0-2E337-3.cds.fa_05897	NaN	NaN	NaN	NaN	NaN	NaN	NaN	NaN	TFCN1702E3373_011549-T1	TFCN1702E3373_005965-T1
TFCN1702E3373_011549-T1__TFCN1702E3373_014705-T1	NaN	NaN	NaN	NaN	NaN	NaN	NaN	NaN	GF00000024	Rhodotorula_mucilaginosa_TFCN_17-0-2E337-3.cds.fa_11402	Rhodotorula_mucilaginosa_TFCN_17-0-2E337-3.cds.fa_14484	NaN	NaN	NaN	NaN	NaN	NaN	NaN	NaN	TFCN1702E3373_011549-T1	TFCN1702E3373_014705-T1
TFCN1702E3373_011549-T1__TFCN1702E3373_014704-T1	NaN	NaN	NaN	NaN	NaN	NaN	NaN	NaN	GF00000024	Rhodotorula_mucilaginosa_TFCN_17-0-2E337-3.cds.fa_11402	Rhodotorula_mucilaginosa_TFCN_17-0-2E337-3.cds.fa_14483	NaN	NaN	NaN	NaN	NaN	NaN	NaN	NaN	TFCN1702E3373_011549-T1	TFCN1702E3373_014704-T1
TFCN1702E3373_011549-T1__TFCN1702E3373_014759-T1	NaN	NaN	NaN	NaN	NaN	NaN	NaN	NaN	GF00000024	Rhodotorula_mucilaginosa_TFCN_17-0-2E337-3.cds.fa_11402	Rhodotorula_mucilaginosa_TFCN_17-0-2E337-3.cds.fa_14530	NaN	NaN	NaN	NaN	NaN	NaN	NaN	NaN	TFCN1702E3373_011549-T1	TFCN1702E3373_014759-T1
TFCN1702E3373_002205-T1__TFCN1702E3373_011549-T1	NaN	NaN	NaN	NaN	NaN	NaN	NaN	NaN	GF00000024	Rhodotorula_mucilaginosa_TFCN_17-0-2E337-3.cds.fa_11402	Rhodotorula_mucilaginosa_TFCN_17-0-2E337-3.cds.fa_02185	NaN	NaN	NaN	NaN	NaN	NaN	NaN	NaN	TFCN1702E3373_011549-T1	TFCN1702E3373_002205-T1
TFCN1702E3373_001286-T1__TFCN1702E3373_011549-T1	NaN	NaN	NaN	NaN	NaN	NaN	NaN	NaN	GF00000024	Rhodotorula_mucilaginosa_TFCN_17-0-2E337-3.cds.fa_11402	Rhodotorula_mucilaginosa_TFCN_17-0-2E337-3.cds.fa_01276	NaN	NaN	NaN	NaN	NaN	NaN	NaN	NaN	TFCN1702E3373_011549-T1	TFCN1702E3373_001286-T1
TFCN1702E3373_001287-T1__TFCN1702E3373_011549-T1	NaN	NaN	NaN	NaN	NaN	NaN	NaN	NaN	GF00000024	Rhodotorula_mucilaginosa_TFCN_17-0-2E337-3.cds.fa_11402	Rhodotorula_mucilaginosa_TFCN_17-0-2E337-3.cds.fa_01277	NaN	NaN	NaN	NaN	NaN	NaN	NaN	NaN	TFCN1702E3373_011549-T1	TFCN1702E3373_001287-T1
TFCN1702E3373_005966-T1__TFCN1702E3373_006539-T1	NaN	NaN	NaN	NaN	NaN	NaN	NaN	NaN	GF00000024	Rhodotorula_mucilaginosa_TFCN_17-0-2E337-3.cds.fa_05898	Rhodotorula_mucilaginosa_TFCN_17-0-2E337-3.cds.fa_06461	NaN	NaN	NaN	NaN	NaN	NaN	NaN	NaN	TFCN1702E3373_005966-T1	TFCN1702E3373_006539-T1
TFCN1702E3373_005965-T1__TFCN1702E3373_005966-T1	NaN	NaN	NaN	NaN	NaN	NaN	NaN	NaN	GF00000024	Rhodotorula_mucilaginosa_TFCN_17-0-2E337-3.cds.fa_05898	Rhodotorula_mucilaginosa_TFCN_17-0-2E337-3.cds.fa_05897	NaN	NaN	NaN	NaN	NaN	NaN	NaN	NaN	TFCN1702E3373_005966-T1	TFCN1702E3373_005965-T1
TFCN1702E3373_005966-T1__TFCN1702E3373_014705-T1	NaN	NaN	NaN	NaN	NaN	NaN	NaN	NaN	GF00000024	Rhodotorula_mucilaginosa_TFCN_17-0-2E337-3.cds.fa_05898	Rhodotorula_mucilaginosa_TFCN_17-0-2E337-3.cds.fa_14484	NaN	NaN	NaN	NaN	NaN	NaN	NaN	NaN	TFCN1702E3373_005966-T1	TFCN1702E3373_014705-T1
TFCN1702E3373_005966-T1__TFCN1702E3373_014704-T1	NaN	NaN	NaN	NaN	NaN	NaN	NaN	NaN	GF00000024	Rhodotorula_mucilaginosa_TFCN_17-0-2E337-3.cds.fa_05898	Rhodotorula_mucilaginosa_TFCN_17-0-2E337-3.cds.fa_14483	NaN	NaN	NaN	NaN	NaN	NaN	NaN	NaN	TFCN1702E3373_005966-T1	TFCN1702E3373_014704-T1
TFCN1702E3373_005966-T1__TFCN1702E3373_014759-T1	NaN	NaN	NaN	NaN	NaN	NaN	NaN	NaN	GF00000024	Rhodotorula_mucilaginosa_TFCN_17-0-2E337-3.cds.fa_05898	Rhodotorula_mucilaginosa_TFCN_17-0-2E337-3.cds.fa_14530	NaN	NaN	NaN	NaN	NaN	NaN	NaN	NaN	TFCN1702E3373_005966-T1	TFCN1702E3373_014759-T1
TFCN1702E3373_002205-T1__TFCN1702E3373_005966-T1	NaN	NaN	NaN	NaN	NaN	NaN	NaN	NaN	GF00000024	Rhodotorula_mucilaginosa_TFCN_17-0-2E337-3.cds.fa_05898	Rhodotorula_mucilaginosa_TFCN_17-0-2E337-3.cds.fa_02185	NaN	NaN	NaN	NaN	NaN	NaN	NaN	NaN	TFCN1702E3373_005966-T1	TFCN1702E3373_002205-T1
TFCN1702E3373_001286-T1__TFCN1702E3373_005966-T1	NaN	NaN	NaN	NaN	NaN	NaN	NaN	NaN	GF00000024	Rhodotorula_mucilaginosa_TFCN_17-0-2E337-3.cds.fa_05898	Rhodotorula_mucilaginosa_TFCN_17-0-2E337-3.cds.fa_01276	NaN	NaN	NaN	NaN	NaN	NaN	NaN	NaN	TFCN1702E3373_005966-T1	TFCN1702E3373_001286-T1
TFCN1702E3373_001287-T1__TFCN1702E3373_005966-T1	NaN	NaN	NaN	NaN	NaN	NaN	NaN	NaN	GF00000024	Rhodotorula_mucilaginosa_TFCN_17-0-2E337-3.cds.fa_05898	Rhodotorula_mucilaginosa_TFCN_17-0-2E337-3.cds.fa_01277	NaN	NaN	NaN	NaN	NaN	NaN	NaN	NaN	TFCN1702E3373_005966-T1	TFCN1702E3373_001287-T1
TFCN1702E3373_005965-T1__TFCN1702E3373_006539-T1	NaN	NaN	NaN	NaN	NaN	NaN	NaN	NaN	GF00000024	Rhodotorula_mucilaginosa_TFCN_17-0-2E337-3.cds.fa_06461	Rhodotorula_mucilaginosa_TFCN_17-0-2E337-3.cds.fa_05897	NaN	NaN	NaN	NaN	NaN	NaN	NaN	NaN	TFCN1702E3373_006539-T1	TFCN1702E3373_005965-T1
TFCN1702E3373_006539-T1__TFCN1702E3373_014705-T1	NaN	NaN	NaN	NaN	NaN	NaN	NaN	NaN	GF00000024	Rhodotorula_mucilaginosa_TFCN_17-0-2E337-3.cds.fa_06461	Rhodotorula_mucilaginosa_TFCN_17-0-2E337-3.cds.fa_14484	NaN	NaN	NaN	NaN	NaN	NaN	NaN	NaN	TFCN1702E3373_006539-T1	TFCN1702E3373_014705-T1
TFCN1702E3373_006539-T1__TFCN1702E3373_014704-T1	NaN	NaN	NaN	NaN	NaN	NaN	NaN	NaN	GF00000024	Rhodotorula_mucilaginosa_TFCN_17-0-2E337-3.cds.fa_06461	Rhodotorula_mucilaginosa_TFCN_17-0-2E337-3.cds.fa_14483	NaN	NaN	NaN	NaN	NaN	NaN	NaN	NaN	TFCN1702E3373_006539-T1	TFCN1702E3373_014704-T1
TFCN1702E3373_006539-T1__TFCN1702E3373_014759-T1	NaN	NaN	NaN	NaN	NaN	NaN	NaN	NaN	GF00000024	Rhodotorula_mucilaginosa_TFCN_17-0-2E337-3.cds.fa_06461	Rhodotorula_mucilaginosa_TFCN_17-0-2E337-3.cds.fa_14530	NaN	NaN	NaN	NaN	NaN	NaN	NaN	NaN	TFCN1702E3373_006539-T1	TFCN1702E3373_014759-T1
TFCN1702E3373_002205-T1__TFCN1702E3373_006539-T1	NaN	NaN	NaN	NaN	NaN	NaN	NaN	NaN	GF00000024	Rhodotorula_mucilaginosa_TFCN_17-0-2E337-3.cds.fa_06461	Rhodotorula_mucilaginosa_TFCN_17-0-2E337-3.cds.fa_02185	NaN	NaN	NaN	NaN	NaN	NaN	NaN	NaN	TFCN1702E3373_006539-T1	TFCN1702E3373_002205-T1
TFCN1702E3373_001286-T1__TFCN1702E3373_006539-T1	NaN	NaN	NaN	NaN	NaN	NaN	NaN	NaN	GF00000024	Rhodotorula_mucilaginosa_TFCN_17-0-2E337-3.cds.fa_06461	Rhodotorula_mucilaginosa_TFCN_17-0-2E337-3.cds.fa_01276	NaN	NaN	NaN	NaN	NaN	NaN	NaN	NaN	TFCN1702E3373_006539-T1	TFCN1702E3373_001286-T1
TFCN1702E3373_001287-T1__TFCN1702E3373_006539-T1	NaN	NaN	NaN	NaN	NaN	NaN	NaN	NaN	GF00000024	Rhodotorula_mucilaginosa_TFCN_17-0-2E337-3.cds.fa_06461	Rhodotorula_mucilaginosa_TFCN_17-0-2E337-3.cds.fa_01277	NaN	NaN	NaN	NaN	NaN	NaN	NaN	NaN	TFCN1702E3373_006539-T1	TFCN1702E3373_001287-T1
TFCN1702E3373_005965-T1__TFCN1702E3373_014705-T1	NaN	NaN	NaN	NaN	NaN	NaN	NaN	NaN	GF00000024	Rhodotorula_mucilaginosa_TFCN_17-0-2E337-3.cds.fa_05897	Rhodotorula_mucilaginosa_TFCN_17-0-2E337-3.cds.fa_14484	NaN	NaN	NaN	NaN	NaN	NaN	NaN	NaN	TFCN1702E3373_005965-T1	TFCN1702E3373_014705-T1
TFCN1702E3373_005965-T1__TFCN1702E3373_014704-T1	NaN	NaN	NaN	NaN	NaN	NaN	NaN	NaN	GF00000024	Rhodotorula_mucilaginosa_TFCN_17-0-2E337-3.cds.fa_05897	Rhodotorula_mucilaginosa_TFCN_17-0-2E337-3.cds.fa_14483	NaN	NaN	NaN	NaN	NaN	NaN	NaN	NaN	TFCN1702E3373_005965-T1	TFCN1702E3373_014704-T1
TFCN1702E3373_005965-T1__TFCN1702E3373_014759-T1	NaN	NaN	NaN	NaN	NaN	NaN	NaN	NaN	GF00000024	Rhodotorula_mucilaginosa_TFCN_17-0-2E337-3.cds.fa_05897	Rhodotorula_mucilaginosa_TFCN_17-0-2E337-3.cds.fa_14530	NaN	NaN	NaN	NaN	NaN	NaN	NaN	NaN	TFCN1702E3373_005965-T1	TFCN1702E3373_014759-T1
TFCN1702E3373_002205-T1__TFCN1702E3373_005965-T1	NaN	NaN	NaN	NaN	NaN	NaN	NaN	NaN	GF00000024	Rhodotorula_mucilaginosa_TFCN_17-0-2E337-3.cds.fa_05897	Rhodotorula_mucilaginosa_TFCN_17-0-2E337-3.cds.fa_02185	NaN	NaN	NaN	NaN	NaN	NaN	NaN	NaN	TFCN1702E3373_005965-T1	TFCN1702E3373_002205-T1
TFCN1702E3373_001286-T1__TFCN1702E3373_005965-T1	NaN	NaN	NaN	NaN	NaN	NaN	NaN	NaN	GF00000024	Rhodotorula_mucilaginosa_TFCN_17-0-2E337-3.cds.fa_05897	Rhodotorula_mucilaginosa_TFCN_17-0-2E337-3.cds.fa_01276	NaN	NaN	NaN	NaN	NaN	NaN	NaN	NaN	TFCN1702E3373_005965-T1	TFCN1702E3373_001286-T1
TFCN1702E3373_001287-T1__TFCN1702E3373_005965-T1	NaN	NaN	NaN	NaN	NaN	NaN	NaN	NaN	GF00000024	Rhodotorula_mucilaginosa_TFCN_17-0-2E337-3.cds.fa_05897	Rhodotorula_mucilaginosa_TFCN_17-0-2E337-3.cds.fa_01277	NaN	NaN	NaN	NaN	NaN	NaN	NaN	NaN	TFCN1702E3373_005965-T1	TFCN1702E3373_001287-T1
TFCN1702E3373_014704-T1__TFCN1702E3373_014705-T1	NaN	NaN	NaN	NaN	NaN	NaN	NaN	NaN	GF00000024	Rhodotorula_mucilaginosa_TFCN_17-0-2E337-3.cds.fa_14484	Rhodotorula_mucilaginosa_TFCN_17-0-2E337-3.cds.fa_14483	NaN	NaN	NaN	NaN	NaN	NaN	NaN	NaN	TFCN1702E3373_014705-T1	TFCN1702E3373_014704-T1
TFCN1702E3373_014705-T1__TFCN1702E3373_014759-T1	NaN	NaN	NaN	NaN	NaN	NaN	NaN	NaN	GF00000024	Rhodotorula_mucilaginosa_TFCN_17-0-2E337-3.cds.fa_14484	Rhodotorula_mucilaginosa_TFCN_17-0-2E337-3.cds.fa_14530	NaN	NaN	NaN	NaN	NaN	NaN	NaN	NaN	TFCN1702E3373_014705-T1	TFCN1702E3373_014759-T1
TFCN1702E3373_002205-T1__TFCN1702E3373_014705-T1	NaN	NaN	NaN	NaN	NaN	NaN	NaN	NaN	GF00000024	Rhodotorula_mucilaginosa_TFCN_17-0-2E337-3.cds.fa_14484	Rhodotorula_mucilaginosa_TFCN_17-0-2E337-3.cds.fa_02185	NaN	NaN	NaN	NaN	NaN	NaN	NaN	NaN	TFCN1702E3373_014705-T1	TFCN1702E3373_002205-T1
TFCN1702E3373_001286-T1__TFCN1702E3373_014705-T1	NaN	NaN	NaN	NaN	NaN	NaN	NaN	NaN	GF00000024	Rhodotorula_mucilaginosa_TFCN_17-0-2E337-3.cds.fa_14484	Rhodotorula_mucilaginosa_TFCN_17-0-2E337-3.cds.fa_01276	NaN	NaN	NaN	NaN	NaN	NaN	NaN	NaN	TFCN1702E3373_014705-T1	TFCN1702E3373_001286-T1
TFCN1702E3373_001287-T1__TFCN1702E3373_014705-T1	NaN	NaN	NaN	NaN	NaN	NaN	NaN	NaN	GF00000024	Rhodotorula_mucilaginosa_TFCN_17-0-2E337-3.cds.fa_14484	Rhodotorula_mucilaginosa_TFCN_17-0-2E337-3.cds.fa_01277	NaN	NaN	NaN	NaN	NaN	NaN	NaN	NaN	TFCN1702E3373_014705-T1	TFCN1702E3373_001287-T1
TFCN1702E3373_014704-T1__TFCN1702E3373_014759-T1	NaN	NaN	NaN	NaN	NaN	NaN	NaN	NaN	GF00000024	Rhodotorula_mucilaginosa_TFCN_17-0-2E337-3.cds.fa_14483	Rhodotorula_mucilaginosa_TFCN_17-0-2E337-3.cds.fa_14530	NaN	NaN	NaN	NaN	NaN	NaN	NaN	NaN	TFCN1702E3373_014704-T1	TFCN1702E3373_014759-T1
TFCN1702E3373_002205-T1__TFCN1702E3373_014704-T1	NaN	NaN	NaN	NaN	NaN	NaN	NaN	NaN	GF00000024	Rhodotorula_mucilaginosa_TFCN_17-0-2E337-3.cds.fa_14483	Rhodotorula_mucilaginosa_TFCN_17-0-2E337-3.cds.fa_02185	NaN	NaN	NaN	NaN	NaN	NaN	NaN	NaN	TFCN1702E3373_014704-T1	TFCN1702E3373_002205-T1
TFCN1702E3373_001286-T1__TFCN1702E3373_014704-T1	NaN	NaN	NaN	NaN	NaN	NaN	NaN	NaN	GF00000024	Rhodotorula_mucilaginosa_TFCN_17-0-2E337-3.cds.fa_14483	Rhodotorula_mucilaginosa_TFCN_17-0-2E337-3.cds.fa_01276	NaN	NaN	NaN	NaN	NaN	NaN	NaN	NaN	TFCN1702E3373_014704-T1	TFCN1702E3373_001286-T1
TFCN1702E3373_001287-T1__TFCN1702E3373_014704-T1	NaN	NaN	NaN	NaN	NaN	NaN	NaN	NaN	GF00000024	Rhodotorula_mucilaginosa_TFCN_17-0-2E337-3.cds.fa_14483	Rhodotorula_mucilaginosa_TFCN_17-0-2E337-3.cds.fa_01277	NaN	NaN	NaN	NaN	NaN	NaN	NaN	NaN	TFCN1702E3373_014704-T1	TFCN1702E3373_001287-T1
TFCN1702E3373_002205-T1__TFCN1702E3373_014759-T1	NaN	NaN	NaN	NaN	NaN	NaN	NaN	NaN	GF00000024	Rhodotorula_mucilaginosa_TFCN_17-0-2E337-3.cds.fa_14530	Rhodotorula_mucilaginosa_TFCN_17-0-2E337-3.cds.fa_02185	NaN	NaN	NaN	NaN	NaN	NaN	NaN	NaN	TFCN1702E3373_014759-T1	TFCN1702E3373_002205-T1
TFCN1702E3373_001286-T1__TFCN1702E3373_014759-T1	NaN	NaN	NaN	NaN	NaN	NaN	NaN	NaN	GF00000024	Rhodotorula_mucilaginosa_TFCN_17-0-2E337-3.cds.fa_14530	Rhodotorula_mucilaginosa_TFCN_17-0-2E337-3.cds.fa_01276	NaN	NaN	NaN	NaN	NaN	NaN	NaN	NaN	TFCN1702E3373_014759-T1	TFCN1702E3373_001286-T1
TFCN1702E3373_001287-T1__TFCN1702E3373_014759-T1	NaN	NaN	NaN	NaN	NaN	NaN	NaN	NaN	GF00000024	Rhodotorula_mucilaginosa_TFCN_17-0-2E337-3.cds.fa_14530	Rhodotorula_mucilaginosa_TFCN_17-0-2E337-3.cds.fa_01277	NaN	NaN	NaN	NaN	NaN	NaN	NaN	NaN	TFCN1702E3373_014759-T1	TFCN1702E3373_001287-T1
TFCN1702E3373_001286-T1__TFCN1702E3373_002205-T1	NaN	NaN	NaN	NaN	NaN	NaN	NaN	NaN	GF00000024	Rhodotorula_mucilaginosa_TFCN_17-0-2E337-3.cds.fa_02185	Rhodotorula_mucilaginosa_TFCN_17-0-2E337-3.cds.fa_01276	NaN	NaN	NaN	NaN	NaN	NaN	NaN	NaN	TFCN1702E3373_002205-T1	TFCN1702E3373_001286-T1
TFCN1702E3373_001287-T1__TFCN1702E3373_002205-T1	NaN	NaN	NaN	NaN	NaN	NaN	NaN	NaN	GF00000024	Rhodotorula_mucilaginosa_TFCN_17-0-2E337-3.cds.fa_02185	Rhodotorula_mucilaginosa_TFCN_17-0-2E337-3.cds.fa_01277	NaN	NaN	NaN	NaN	NaN	NaN	NaN	NaN	TFCN1702E3373_002205-T1	TFCN1702E3373_001287-T1
TFCN1702E3373_001286-T1__TFCN1702E3373_001287-T1	NaN	NaN	NaN	NaN	NaN	NaN	NaN	NaN	GF00000024	Rhodotorula_mucilaginosa_TFCN_17-0-2E337-3.cds.fa_01276	Rhodotorula_mucilaginosa_TFCN_17-0-2E337-3.cds.fa_01277	NaN	NaN	NaN	NaN	NaN	NaN	NaN	NaN	TFCN1702E3373_001286-T1	TFCN1702E3373_001287-T1
TFCN1702E3373_008233-T1__TFCN1702E3373_011292-T1	NaN	NaN	NaN	NaN	NaN	NaN	NaN	NaN	GF00000026	Rhodotorula_mucilaginosa_TFCN_17-0-2E337-3.cds.fa_11145	Rhodotorula_mucilaginosa_TFCN_17-0-2E337-3.cds.fa_08136	NaN	NaN	NaN	NaN	NaN	NaN	NaN	NaN	TFCN1702E3373_011292-T1	TFCN1702E3373_008233-T1
TFCN1702E3373_002682-T1__TFCN1702E3373_011292-T1	NaN	NaN	NaN	NaN	NaN	NaN	NaN	NaN	GF00000026	Rhodotorula_mucilaginosa_TFCN_17-0-2E337-3.cds.fa_11145	Rhodotorula_mucilaginosa_TFCN_17-0-2E337-3.cds.fa_02649	NaN	NaN	NaN	NaN	NaN	NaN	NaN	NaN	TFCN1702E3373_011292-T1	TFCN1702E3373_002682-T1
TFCN1702E3373_011013-T1__TFCN1702E3373_011292-T1	NaN	NaN	NaN	NaN	NaN	NaN	NaN	NaN	GF00000026	Rhodotorula_mucilaginosa_TFCN_17-0-2E337-3.cds.fa_11145	Rhodotorula_mucilaginosa_TFCN_17-0-2E337-3.cds.fa_10871	NaN	NaN	NaN	NaN	NaN	NaN	NaN	NaN	TFCN1702E3373_011292-T1	TFCN1702E3373_011013-T1
TFCN1702E3373_003609-T1__TFCN1702E3373_011292-T1	NaN	NaN	NaN	NaN	NaN	NaN	NaN	NaN	GF00000026	Rhodotorula_mucilaginosa_TFCN_17-0-2E337-3.cds.fa_11145	Rhodotorula_mucilaginosa_TFCN_17-0-2E337-3.cds.fa_03561	NaN	NaN	NaN	NaN	NaN	NaN	NaN	NaN	TFCN1702E3373_011292-T1	TFCN1702E3373_003609-T1
TFCN1702E3373_002938-T1__TFCN1702E3373_011292-T1	NaN	NaN	NaN	NaN	NaN	NaN	NaN	NaN	GF00000026	Rhodotorula_mucilaginosa_TFCN_17-0-2E337-3.cds.fa_11145	Rhodotorula_mucilaginosa_TFCN_17-0-2E337-3.cds.fa_02902	NaN	NaN	NaN	NaN	NaN	NaN	NaN	NaN	TFCN1702E3373_011292-T1	TFCN1702E3373_002938-T1
TFCN1702E3373_011006-T1__TFCN1702E3373_011292-T1	NaN	NaN	NaN	NaN	NaN	NaN	NaN	NaN	GF00000026	Rhodotorula_mucilaginosa_TFCN_17-0-2E337-3.cds.fa_11145	Rhodotorula_mucilaginosa_TFCN_17-0-2E337-3.cds.fa_10864	NaN	NaN	NaN	NaN	NaN	NaN	NaN	NaN	TFCN1702E3373_011292-T1	TFCN1702E3373_011006-T1
TFCN1702E3373_011292-T1__TFCN1702E3373_013042-T1	NaN	NaN	NaN	NaN	NaN	NaN	NaN	NaN	GF00000026	Rhodotorula_mucilaginosa_TFCN_17-0-2E337-3.cds.fa_11145	Rhodotorula_mucilaginosa_TFCN_17-0-2E337-3.cds.fa_12858	NaN	NaN	NaN	NaN	NaN	NaN	NaN	NaN	TFCN1702E3373_011292-T1	TFCN1702E3373_013042-T1
TFCN1702E3373_011292-T1__TFCN1702E3373_014101-T1	NaN	NaN	NaN	NaN	NaN	NaN	NaN	NaN	GF00000026	Rhodotorula_mucilaginosa_TFCN_17-0-2E337-3.cds.fa_11145	Rhodotorula_mucilaginosa_TFCN_17-0-2E337-3.cds.fa_13895	NaN	NaN	NaN	NaN	NaN	NaN	NaN	NaN	TFCN1702E3373_011292-T1	TFCN1702E3373_014101-T1
TFCN1702E3373_011292-T1__TFCN1702E3373_014754-T1	NaN	NaN	NaN	NaN	NaN	NaN	NaN	NaN	GF00000026	Rhodotorula_mucilaginosa_TFCN_17-0-2E337-3.cds.fa_11145	Rhodotorula_mucilaginosa_TFCN_17-0-2E337-3.cds.fa_14525	NaN	NaN	NaN	NaN	NaN	NaN	NaN	NaN	TFCN1702E3373_011292-T1	TFCN1702E3373_014754-T1
TFCN1702E3373_011292-T1__TFCN1702E3373_013044-T1	NaN	NaN	NaN	NaN	NaN	NaN	NaN	NaN	GF00000026	Rhodotorula_mucilaginosa_TFCN_17-0-2E337-3.cds.fa_11145	Rhodotorula_mucilaginosa_TFCN_17-0-2E337-3.cds.fa_12860	NaN	NaN	NaN	NaN	NaN	NaN	NaN	NaN	TFCN1702E3373_011292-T1	TFCN1702E3373_013044-T1
TFCN1702E3373_011005-T1__TFCN1702E3373_011292-T1	NaN	NaN	NaN	NaN	NaN	NaN	NaN	NaN	GF00000026	Rhodotorula_mucilaginosa_TFCN_17-0-2E337-3.cds.fa_11145	Rhodotorula_mucilaginosa_TFCN_17-0-2E337-3.cds.fa_10863	NaN	NaN	NaN	NaN	NaN	NaN	NaN	NaN	TFCN1702E3373_011292-T1	TFCN1702E3373_011005-T1
TFCN1702E3373_002682-T1__TFCN1702E3373_008233-T1	NaN	NaN	NaN	NaN	NaN	NaN	NaN	NaN	GF00000026	Rhodotorula_mucilaginosa_TFCN_17-0-2E337-3.cds.fa_08136	Rhodotorula_mucilaginosa_TFCN_17-0-2E337-3.cds.fa_02649	NaN	NaN	NaN	NaN	NaN	NaN	NaN	NaN	TFCN1702E3373_008233-T1	TFCN1702E3373_002682-T1
TFCN1702E3373_008233-T1__TFCN1702E3373_011013-T1	NaN	NaN	NaN	NaN	NaN	NaN	NaN	NaN	GF00000026	Rhodotorula_mucilaginosa_TFCN_17-0-2E337-3.cds.fa_08136	Rhodotorula_mucilaginosa_TFCN_17-0-2E337-3.cds.fa_10871	NaN	NaN	NaN	NaN	NaN	NaN	NaN	NaN	TFCN1702E3373_008233-T1	TFCN1702E3373_011013-T1
TFCN1702E3373_003609-T1__TFCN1702E3373_008233-T1	NaN	NaN	NaN	NaN	NaN	NaN	NaN	NaN	GF00000026	Rhodotorula_mucilaginosa_TFCN_17-0-2E337-3.cds.fa_08136	Rhodotorula_mucilaginosa_TFCN_17-0-2E337-3.cds.fa_03561	NaN	NaN	NaN	NaN	NaN	NaN	NaN	NaN	TFCN1702E3373_008233-T1	TFCN1702E3373_003609-T1
TFCN1702E3373_002938-T1__TFCN1702E3373_008233-T1	NaN	NaN	NaN	NaN	NaN	NaN	NaN	NaN	GF00000026	Rhodotorula_mucilaginosa_TFCN_17-0-2E337-3.cds.fa_08136	Rhodotorula_mucilaginosa_TFCN_17-0-2E337-3.cds.fa_02902	NaN	NaN	NaN	NaN	NaN	NaN	NaN	NaN	TFCN1702E3373_008233-T1	TFCN1702E3373_002938-T1
TFCN1702E3373_008233-T1__TFCN1702E3373_011006-T1	NaN	NaN	NaN	NaN	NaN	NaN	NaN	NaN	GF00000026	Rhodotorula_mucilaginosa_TFCN_17-0-2E337-3.cds.fa_08136	Rhodotorula_mucilaginosa_TFCN_17-0-2E337-3.cds.fa_10864	NaN	NaN	NaN	NaN	NaN	NaN	NaN	NaN	TFCN1702E3373_008233-T1	TFCN1702E3373_011006-T1
TFCN1702E3373_008233-T1__TFCN1702E3373_013042-T1	NaN	NaN	NaN	NaN	NaN	NaN	NaN	NaN	GF00000026	Rhodotorula_mucilaginosa_TFCN_17-0-2E337-3.cds.fa_08136	Rhodotorula_mucilaginosa_TFCN_17-0-2E337-3.cds.fa_12858	NaN	NaN	NaN	NaN	NaN	NaN	NaN	NaN	TFCN1702E3373_008233-T1	TFCN1702E3373_013042-T1
TFCN1702E3373_008233-T1__TFCN1702E3373_014101-T1	NaN	NaN	NaN	NaN	NaN	NaN	NaN	NaN	GF00000026	Rhodotorula_mucilaginosa_TFCN_17-0-2E337-3.cds.fa_08136	Rhodotorula_mucilaginosa_TFCN_17-0-2E337-3.cds.fa_13895	NaN	NaN	NaN	NaN	NaN	NaN	NaN	NaN	TFCN1702E3373_008233-T1	TFCN1702E3373_014101-T1
TFCN1702E3373_008233-T1__TFCN1702E3373_014754-T1	NaN	NaN	NaN	NaN	NaN	NaN	NaN	NaN	GF00000026	Rhodotorula_mucilaginosa_TFCN_17-0-2E337-3.cds.fa_08136	Rhodotorula_mucilaginosa_TFCN_17-0-2E337-3.cds.fa_14525	NaN	NaN	NaN	NaN	NaN	NaN	NaN	NaN	TFCN1702E3373_008233-T1	TFCN1702E3373_014754-T1
TFCN1702E3373_008233-T1__TFCN1702E3373_013044-T1	NaN	NaN	NaN	NaN	NaN	NaN	NaN	NaN	GF00000026	Rhodotorula_mucilaginosa_TFCN_17-0-2E337-3.cds.fa_08136	Rhodotorula_mucilaginosa_TFCN_17-0-2E337-3.cds.fa_12860	NaN	NaN	NaN	NaN	NaN	NaN	NaN	NaN	TFCN1702E3373_008233-T1	TFCN1702E3373_013044-T1
TFCN1702E3373_008233-T1__TFCN1702E3373_011005-T1	NaN	NaN	NaN	NaN	NaN	NaN	NaN	NaN	GF00000026	Rhodotorula_mucilaginosa_TFCN_17-0-2E337-3.cds.fa_08136	Rhodotorula_mucilaginosa_TFCN_17-0-2E337-3.cds.fa_10863	NaN	NaN	NaN	NaN	NaN	NaN	NaN	NaN	TFCN1702E3373_008233-T1	TFCN1702E3373_011005-T1
TFCN1702E3373_002682-T1__TFCN1702E3373_011013-T1	NaN	NaN	NaN	NaN	NaN	NaN	NaN	NaN	GF00000026	Rhodotorula_mucilaginosa_TFCN_17-0-2E337-3.cds.fa_02649	Rhodotorula_mucilaginosa_TFCN_17-0-2E337-3.cds.fa_10871	NaN	NaN	NaN	NaN	NaN	NaN	NaN	NaN	TFCN1702E3373_002682-T1	TFCN1702E3373_011013-T1
TFCN1702E3373_002682-T1__TFCN1702E3373_003609-T1	NaN	NaN	NaN	NaN	NaN	NaN	NaN	NaN	GF00000026	Rhodotorula_mucilaginosa_TFCN_17-0-2E337-3.cds.fa_02649	Rhodotorula_mucilaginosa_TFCN_17-0-2E337-3.cds.fa_03561	NaN	NaN	NaN	NaN	NaN	NaN	NaN	NaN	TFCN1702E3373_002682-T1	TFCN1702E3373_003609-T1
TFCN1702E3373_002682-T1__TFCN1702E3373_002938-T1	NaN	NaN	NaN	NaN	NaN	NaN	NaN	NaN	GF00000026	Rhodotorula_mucilaginosa_TFCN_17-0-2E337-3.cds.fa_02649	Rhodotorula_mucilaginosa_TFCN_17-0-2E337-3.cds.fa_02902	NaN	NaN	NaN	NaN	NaN	NaN	NaN	NaN	TFCN1702E3373_002682-T1	TFCN1702E3373_002938-T1
TFCN1702E3373_002682-T1__TFCN1702E3373_011006-T1	NaN	NaN	NaN	NaN	NaN	NaN	NaN	NaN	GF00000026	Rhodotorula_mucilaginosa_TFCN_17-0-2E337-3.cds.fa_02649	Rhodotorula_mucilaginosa_TFCN_17-0-2E337-3.cds.fa_10864	NaN	NaN	NaN	NaN	NaN	NaN	NaN	NaN	TFCN1702E3373_002682-T1	TFCN1702E3373_011006-T1
TFCN1702E3373_002682-T1__TFCN1702E3373_013042-T1	NaN	NaN	NaN	NaN	NaN	NaN	NaN	NaN	GF00000026	Rhodotorula_mucilaginosa_TFCN_17-0-2E337-3.cds.fa_02649	Rhodotorula_mucilaginosa_TFCN_17-0-2E337-3.cds.fa_12858	NaN	NaN	NaN	NaN	NaN	NaN	NaN	NaN	TFCN1702E3373_002682-T1	TFCN1702E3373_013042-T1
TFCN1702E3373_002682-T1__TFCN1702E3373_014101-T1	NaN	NaN	NaN	NaN	NaN	NaN	NaN	NaN	GF00000026	Rhodotorula_mucilaginosa_TFCN_17-0-2E337-3.cds.fa_02649	Rhodotorula_mucilaginosa_TFCN_17-0-2E337-3.cds.fa_13895	NaN	NaN	NaN	NaN	NaN	NaN	NaN	NaN	TFCN1702E3373_002682-T1	TFCN1702E3373_014101-T1
TFCN1702E3373_002682-T1__TFCN1702E3373_014754-T1	NaN	NaN	NaN	NaN	NaN	NaN	NaN	NaN	GF00000026	Rhodotorula_mucilaginosa_TFCN_17-0-2E337-3.cds.fa_02649	Rhodotorula_mucilaginosa_TFCN_17-0-2E337-3.cds.fa_14525	NaN	NaN	NaN	NaN	NaN	NaN	NaN	NaN	TFCN1702E3373_002682-T1	TFCN1702E3373_014754-T1
TFCN1702E3373_002682-T1__TFCN1702E3373_013044-T1	NaN	NaN	NaN	NaN	NaN	NaN	NaN	NaN	GF00000026	Rhodotorula_mucilaginosa_TFCN_17-0-2E337-3.cds.fa_02649	Rhodotorula_mucilaginosa_TFCN_17-0-2E337-3.cds.fa_12860	NaN	NaN	NaN	NaN	NaN	NaN	NaN	NaN	TFCN1702E3373_002682-T1	TFCN1702E3373_013044-T1
TFCN1702E3373_002682-T1__TFCN1702E3373_011005-T1	NaN	NaN	NaN	NaN	NaN	NaN	NaN	NaN	GF00000026	Rhodotorula_mucilaginosa_TFCN_17-0-2E337-3.cds.fa_02649	Rhodotorula_mucilaginosa_TFCN_17-0-2E337-3.cds.fa_10863	NaN	NaN	NaN	NaN	NaN	NaN	NaN	NaN	TFCN1702E3373_002682-T1	TFCN1702E3373_011005-T1
TFCN1702E3373_003609-T1__TFCN1702E3373_011013-T1	NaN	NaN	NaN	NaN	NaN	NaN	NaN	NaN	GF00000026	Rhodotorula_mucilaginosa_TFCN_17-0-2E337-3.cds.fa_10871	Rhodotorula_mucilaginosa_TFCN_17-0-2E337-3.cds.fa_03561	NaN	NaN	NaN	NaN	NaN	NaN	NaN	NaN	TFCN1702E3373_011013-T1	TFCN1702E3373_003609-T1
TFCN1702E3373_002938-T1__TFCN1702E3373_011013-T1	NaN	NaN	NaN	NaN	NaN	NaN	NaN	NaN	GF00000026	Rhodotorula_mucilaginosa_TFCN_17-0-2E337-3.cds.fa_10871	Rhodotorula_mucilaginosa_TFCN_17-0-2E337-3.cds.fa_02902	NaN	NaN	NaN	NaN	NaN	NaN	NaN	NaN	TFCN1702E3373_011013-T1	TFCN1702E3373_002938-T1
TFCN1702E3373_011006-T1__TFCN1702E3373_011013-T1	NaN	NaN	NaN	NaN	NaN	NaN	NaN	NaN	GF00000026	Rhodotorula_mucilaginosa_TFCN_17-0-2E337-3.cds.fa_10871	Rhodotorula_mucilaginosa_TFCN_17-0-2E337-3.cds.fa_10864	NaN	NaN	NaN	NaN	NaN	NaN	NaN	NaN	TFCN1702E3373_011013-T1	TFCN1702E3373_011006-T1
TFCN1702E3373_011013-T1__TFCN1702E3373_013042-T1	NaN	NaN	NaN	NaN	NaN	NaN	NaN	NaN	GF00000026	Rhodotorula_mucilaginosa_TFCN_17-0-2E337-3.cds.fa_10871	Rhodotorula_mucilaginosa_TFCN_17-0-2E337-3.cds.fa_12858	NaN	NaN	NaN	NaN	NaN	NaN	NaN	NaN	TFCN1702E3373_011013-T1	TFCN1702E3373_013042-T1
TFCN1702E3373_011013-T1__TFCN1702E3373_014101-T1	NaN	NaN	NaN	NaN	NaN	NaN	NaN	NaN	GF00000026	Rhodotorula_mucilaginosa_TFCN_17-0-2E337-3.cds.fa_10871	Rhodotorula_mucilaginosa_TFCN_17-0-2E337-3.cds.fa_13895	NaN	NaN	NaN	NaN	NaN	NaN	NaN	NaN	TFCN1702E3373_011013-T1	TFCN1702E3373_014101-T1
TFCN1702E3373_011013-T1__TFCN1702E3373_014754-T1	NaN	NaN	NaN	NaN	NaN	NaN	NaN	NaN	GF00000026	Rhodotorula_mucilaginosa_TFCN_17-0-2E337-3.cds.fa_10871	Rhodotorula_mucilaginosa_TFCN_17-0-2E337-3.cds.fa_14525	NaN	NaN	NaN	NaN	NaN	NaN	NaN	NaN	TFCN1702E3373_011013-T1	TFCN1702E3373_014754-T1
TFCN1702E3373_011013-T1__TFCN1702E3373_013044-T1	NaN	NaN	NaN	NaN	NaN	NaN	NaN	NaN	GF00000026	Rhodotorula_mucilaginosa_TFCN_17-0-2E337-3.cds.fa_10871	Rhodotorula_mucilaginosa_TFCN_17-0-2E337-3.cds.fa_12860	NaN	NaN	NaN	NaN	NaN	NaN	NaN	NaN	TFCN1702E3373_011013-T1	TFCN1702E3373_013044-T1
TFCN1702E3373_011005-T1__TFCN1702E3373_011013-T1	NaN	NaN	NaN	NaN	NaN	NaN	NaN	NaN	GF00000026	Rhodotorula_mucilaginosa_TFCN_17-0-2E337-3.cds.fa_10871	Rhodotorula_mucilaginosa_TFCN_17-0-2E337-3.cds.fa_10863	NaN	NaN	NaN	NaN	NaN	NaN	NaN	NaN	TFCN1702E3373_011013-T1	TFCN1702E3373_011005-T1
TFCN1702E3373_002938-T1__TFCN1702E3373_003609-T1	NaN	NaN	NaN	NaN	NaN	NaN	NaN	NaN	GF00000026	Rhodotorula_mucilaginosa_TFCN_17-0-2E337-3.cds.fa_03561	Rhodotorula_mucilaginosa_TFCN_17-0-2E337-3.cds.fa_02902	NaN	NaN	NaN	NaN	NaN	NaN	NaN	NaN	TFCN1702E3373_003609-T1	TFCN1702E3373_002938-T1
TFCN1702E3373_003609-T1__TFCN1702E3373_011006-T1	NaN	NaN	NaN	NaN	NaN	NaN	NaN	NaN	GF00000026	Rhodotorula_mucilaginosa_TFCN_17-0-2E337-3.cds.fa_03561	Rhodotorula_mucilaginosa_TFCN_17-0-2E337-3.cds.fa_10864	NaN	NaN	NaN	NaN	NaN	NaN	NaN	NaN	TFCN1702E3373_003609-T1	TFCN1702E3373_011006-T1
TFCN1702E3373_003609-T1__TFCN1702E3373_013042-T1	NaN	NaN	NaN	NaN	NaN	NaN	NaN	NaN	GF00000026	Rhodotorula_mucilaginosa_TFCN_17-0-2E337-3.cds.fa_03561	Rhodotorula_mucilaginosa_TFCN_17-0-2E337-3.cds.fa_12858	NaN	NaN	NaN	NaN	NaN	NaN	NaN	NaN	TFCN1702E3373_003609-T1	TFCN1702E3373_013042-T1
TFCN1702E3373_003609-T1__TFCN1702E3373_014101-T1	NaN	NaN	NaN	NaN	NaN	NaN	NaN	NaN	GF00000026	Rhodotorula_mucilaginosa_TFCN_17-0-2E337-3.cds.fa_03561	Rhodotorula_mucilaginosa_TFCN_17-0-2E337-3.cds.fa_13895	NaN	NaN	NaN	NaN	NaN	NaN	NaN	NaN	TFCN1702E3373_003609-T1	TFCN1702E3373_014101-T1
TFCN1702E3373_003609-T1__TFCN1702E3373_014754-T1	NaN	NaN	NaN	NaN	NaN	NaN	NaN	NaN	GF00000026	Rhodotorula_mucilaginosa_TFCN_17-0-2E337-3.cds.fa_03561	Rhodotorula_mucilaginosa_TFCN_17-0-2E337-3.cds.fa_14525	NaN	NaN	NaN	NaN	NaN	NaN	NaN	NaN	TFCN1702E3373_003609-T1	TFCN1702E3373_014754-T1
TFCN1702E3373_003609-T1__TFCN1702E3373_013044-T1	NaN	NaN	NaN	NaN	NaN	NaN	NaN	NaN	GF00000026	Rhodotorula_mucilaginosa_TFCN_17-0-2E337-3.cds.fa_03561	Rhodotorula_mucilaginosa_TFCN_17-0-2E337-3.cds.fa_12860	NaN	NaN	NaN	NaN	NaN	NaN	NaN	NaN	TFCN1702E3373_003609-T1	TFCN1702E3373_013044-T1
TFCN1702E3373_003609-T1__TFCN1702E3373_011005-T1	NaN	NaN	NaN	NaN	NaN	NaN	NaN	NaN	GF00000026	Rhodotorula_mucilaginosa_TFCN_17-0-2E337-3.cds.fa_03561	Rhodotorula_mucilaginosa_TFCN_17-0-2E337-3.cds.fa_10863	NaN	NaN	NaN	NaN	NaN	NaN	NaN	NaN	TFCN1702E3373_003609-T1	TFCN1702E3373_011005-T1
TFCN1702E3373_002938-T1__TFCN1702E3373_011006-T1	NaN	NaN	NaN	NaN	NaN	NaN	NaN	NaN	GF00000026	Rhodotorula_mucilaginosa_TFCN_17-0-2E337-3.cds.fa_02902	Rhodotorula_mucilaginosa_TFCN_17-0-2E337-3.cds.fa_10864	NaN	NaN	NaN	NaN	NaN	NaN	NaN	NaN	TFCN1702E3373_002938-T1	TFCN1702E3373_011006-T1
TFCN1702E3373_002938-T1__TFCN1702E3373_013042-T1	NaN	NaN	NaN	NaN	NaN	NaN	NaN	NaN	GF00000026	Rhodotorula_mucilaginosa_TFCN_17-0-2E337-3.cds.fa_02902	Rhodotorula_mucilaginosa_TFCN_17-0-2E337-3.cds.fa_12858	NaN	NaN	NaN	NaN	NaN	NaN	NaN	NaN	TFCN1702E3373_002938-T1	TFCN1702E3373_013042-T1
TFCN1702E3373_002938-T1__TFCN1702E3373_014101-T1	NaN	NaN	NaN	NaN	NaN	NaN	NaN	NaN	GF00000026	Rhodotorula_mucilaginosa_TFCN_17-0-2E337-3.cds.fa_02902	Rhodotorula_mucilaginosa_TFCN_17-0-2E337-3.cds.fa_13895	NaN	NaN	NaN	NaN	NaN	NaN	NaN	NaN	TFCN1702E3373_002938-T1	TFCN1702E3373_014101-T1
TFCN1702E3373_002938-T1__TFCN1702E3373_014754-T1	NaN	NaN	NaN	NaN	NaN	NaN	NaN	NaN	GF00000026	Rhodotorula_mucilaginosa_TFCN_17-0-2E337-3.cds.fa_02902	Rhodotorula_mucilaginosa_TFCN_17-0-2E337-3.cds.fa_14525	NaN	NaN	NaN	NaN	NaN	NaN	NaN	NaN	TFCN1702E3373_002938-T1	TFCN1702E3373_014754-T1
TFCN1702E3373_002938-T1__TFCN1702E3373_013044-T1	NaN	NaN	NaN	NaN	NaN	NaN	NaN	NaN	GF00000026	Rhodotorula_mucilaginosa_TFCN_17-0-2E337-3.cds.fa_02902	Rhodotorula_mucilaginosa_TFCN_17-0-2E337-3.cds.fa_12860	NaN	NaN	NaN	NaN	NaN	NaN	NaN	NaN	TFCN1702E3373_002938-T1	TFCN1702E3373_013044-T1
TFCN1702E3373_002938-T1__TFCN1702E3373_011005-T1	NaN	NaN	NaN	NaN	NaN	NaN	NaN	NaN	GF00000026	Rhodotorula_mucilaginosa_TFCN_17-0-2E337-3.cds.fa_02902	Rhodotorula_mucilaginosa_TFCN_17-0-2E337-3.cds.fa_10863	NaN	NaN	NaN	NaN	NaN	NaN	NaN	NaN	TFCN1702E3373_002938-T1	TFCN1702E3373_011005-T1
TFCN1702E3373_011006-T1__TFCN1702E3373_013042-T1	NaN	NaN	NaN	NaN	NaN	NaN	NaN	NaN	GF00000026	Rhodotorula_mucilaginosa_TFCN_17-0-2E337-3.cds.fa_10864	Rhodotorula_mucilaginosa_TFCN_17-0-2E337-3.cds.fa_12858	NaN	NaN	NaN	NaN	NaN	NaN	NaN	NaN	TFCN1702E3373_011006-T1	TFCN1702E3373_013042-T1
TFCN1702E3373_011006-T1__TFCN1702E3373_014101-T1	NaN	NaN	NaN	NaN	NaN	NaN	NaN	NaN	GF00000026	Rhodotorula_mucilaginosa_TFCN_17-0-2E337-3.cds.fa_10864	Rhodotorula_mucilaginosa_TFCN_17-0-2E337-3.cds.fa_13895	NaN	NaN	NaN	NaN	NaN	NaN	NaN	NaN	TFCN1702E3373_011006-T1	TFCN1702E3373_014101-T1
TFCN1702E3373_011006-T1__TFCN1702E3373_014754-T1	NaN	NaN	NaN	NaN	NaN	NaN	NaN	NaN	GF00000026	Rhodotorula_mucilaginosa_TFCN_17-0-2E337-3.cds.fa_10864	Rhodotorula_mucilaginosa_TFCN_17-0-2E337-3.cds.fa_14525	NaN	NaN	NaN	NaN	NaN	NaN	NaN	NaN	TFCN1702E3373_011006-T1	TFCN1702E3373_014754-T1
TFCN1702E3373_011006-T1__TFCN1702E3373_013044-T1	NaN	NaN	NaN	NaN	NaN	NaN	NaN	NaN	GF00000026	Rhodotorula_mucilaginosa_TFCN_17-0-2E337-3.cds.fa_10864	Rhodotorula_mucilaginosa_TFCN_17-0-2E337-3.cds.fa_12860	NaN	NaN	NaN	NaN	NaN	NaN	NaN	NaN	TFCN1702E3373_011006-T1	TFCN1702E3373_013044-T1
TFCN1702E3373_011005-T1__TFCN1702E3373_011006-T1	NaN	NaN	NaN	NaN	NaN	NaN	NaN	NaN	GF00000026	Rhodotorula_mucilaginosa_TFCN_17-0-2E337-3.cds.fa_10864	Rhodotorula_mucilaginosa_TFCN_17-0-2E337-3.cds.fa_10863	NaN	NaN	NaN	NaN	NaN	NaN	NaN	NaN	TFCN1702E3373_011006-T1	TFCN1702E3373_011005-T1
TFCN1702E3373_013042-T1__TFCN1702E3373_014101-T1	NaN	NaN	NaN	NaN	NaN	NaN	NaN	NaN	GF00000026	Rhodotorula_mucilaginosa_TFCN_17-0-2E337-3.cds.fa_12858	Rhodotorula_mucilaginosa_TFCN_17-0-2E337-3.cds.fa_13895	NaN	NaN	NaN	NaN	NaN	NaN	NaN	NaN	TFCN1702E3373_013042-T1	TFCN1702E3373_014101-T1
TFCN1702E3373_013042-T1__TFCN1702E3373_014754-T1	NaN	NaN	NaN	NaN	NaN	NaN	NaN	NaN	GF00000026	Rhodotorula_mucilaginosa_TFCN_17-0-2E337-3.cds.fa_12858	Rhodotorula_mucilaginosa_TFCN_17-0-2E337-3.cds.fa_14525	NaN	NaN	NaN	NaN	NaN	NaN	NaN	NaN	TFCN1702E3373_013042-T1	TFCN1702E3373_014754-T1
TFCN1702E3373_013042-T1__TFCN1702E3373_013044-T1	NaN	NaN	NaN	NaN	NaN	NaN	NaN	NaN	GF00000026	Rhodotorula_mucilaginosa_TFCN_17-0-2E337-3.cds.fa_12858	Rhodotorula_mucilaginosa_TFCN_17-0-2E337-3.cds.fa_12860	NaN	NaN	NaN	NaN	NaN	NaN	NaN	NaN	TFCN1702E3373_013042-T1	TFCN1702E3373_013044-T1
TFCN1702E3373_011005-T1__TFCN1702E3373_013042-T1	NaN	NaN	NaN	NaN	NaN	NaN	NaN	NaN	GF00000026	Rhodotorula_mucilaginosa_TFCN_17-0-2E337-3.cds.fa_12858	Rhodotorula_mucilaginosa_TFCN_17-0-2E337-3.cds.fa_10863	NaN	NaN	NaN	NaN	NaN	NaN	NaN	NaN	TFCN1702E3373_013042-T1	TFCN1702E3373_011005-T1
TFCN1702E3373_014101-T1__TFCN1702E3373_014754-T1	NaN	NaN	NaN	NaN	NaN	NaN	NaN	NaN	GF00000026	Rhodotorula_mucilaginosa_TFCN_17-0-2E337-3.cds.fa_13895	Rhodotorula_mucilaginosa_TFCN_17-0-2E337-3.cds.fa_14525	NaN	NaN	NaN	NaN	NaN	NaN	NaN	NaN	TFCN1702E3373_014101-T1	TFCN1702E3373_014754-T1
TFCN1702E3373_013044-T1__TFCN1702E3373_014101-T1	NaN	NaN	NaN	NaN	NaN	NaN	NaN	NaN	GF00000026	Rhodotorula_mucilaginosa_TFCN_17-0-2E337-3.cds.fa_13895	Rhodotorula_mucilaginosa_TFCN_17-0-2E337-3.cds.fa_12860	NaN	NaN	NaN	NaN	NaN	NaN	NaN	NaN	TFCN1702E3373_014101-T1	TFCN1702E3373_013044-T1
TFCN1702E3373_011005-T1__TFCN1702E3373_014101-T1	NaN	NaN	NaN	NaN	NaN	NaN	NaN	NaN	GF00000026	Rhodotorula_mucilaginosa_TFCN_17-0-2E337-3.cds.fa_13895	Rhodotorula_mucilaginosa_TFCN_17-0-2E337-3.cds.fa_10863	NaN	NaN	NaN	NaN	NaN	NaN	NaN	NaN	TFCN1702E3373_014101-T1	TFCN1702E3373_011005-T1
TFCN1702E3373_013044-T1__TFCN1702E3373_014754-T1	NaN	NaN	NaN	NaN	NaN	NaN	NaN	NaN	GF00000026	Rhodotorula_mucilaginosa_TFCN_17-0-2E337-3.cds.fa_14525	Rhodotorula_mucilaginosa_TFCN_17-0-2E337-3.cds.fa_12860	NaN	NaN	NaN	NaN	NaN	NaN	NaN	NaN	TFCN1702E3373_014754-T1	TFCN1702E3373_013044-T1
TFCN1702E3373_011005-T1__TFCN1702E3373_014754-T1	NaN	NaN	NaN	NaN	NaN	NaN	NaN	NaN	GF00000026	Rhodotorula_mucilaginosa_TFCN_17-0-2E337-3.cds.fa_14525	Rhodotorula_mucilaginosa_TFCN_17-0-2E337-3.cds.fa_10863	NaN	NaN	NaN	NaN	NaN	NaN	NaN	NaN	TFCN1702E3373_014754-T1	TFCN1702E3373_011005-T1
TFCN1702E3373_011005-T1__TFCN1702E3373_013044-T1	NaN	NaN	NaN	NaN	NaN	NaN	NaN	NaN	GF00000026	Rhodotorula_mucilaginosa_TFCN_17-0-2E337-3.cds.fa_12860	Rhodotorula_mucilaginosa_TFCN_17-0-2E337-3.cds.fa_10863	NaN	NaN	NaN	NaN	NaN	NaN	NaN	NaN	TFCN1702E3373_013044-T1	TFCN1702E3373_011005-T1
TFCN1702E3373_010560-T1__TFCN1702E3373_013406-T1	NaN	NaN	NaN	NaN	NaN	NaN	NaN	NaN	GF00000034	Rhodotorula_mucilaginosa_TFCN_17-0-2E337-3.cds.fa_13219	Rhodotorula_mucilaginosa_TFCN_17-0-2E337-3.cds.fa_10432	NaN	NaN	NaN	NaN	NaN	NaN	NaN	NaN	TFCN1702E3373_013406-T1	TFCN1702E3373_010560-T1
TFCN1702E3373_010407-T1__TFCN1702E3373_013406-T1	NaN	NaN	NaN	NaN	NaN	NaN	NaN	NaN	GF00000034	Rhodotorula_mucilaginosa_TFCN_17-0-2E337-3.cds.fa_13219	Rhodotorula_mucilaginosa_TFCN_17-0-2E337-3.cds.fa_10283	NaN	NaN	NaN	NaN	NaN	NaN	NaN	NaN	TFCN1702E3373_013406-T1	TFCN1702E3373_010407-T1
TFCN1702E3373_003610-T1__TFCN1702E3373_013406-T1	NaN	NaN	NaN	NaN	NaN	NaN	NaN	NaN	GF00000034	Rhodotorula_mucilaginosa_TFCN_17-0-2E337-3.cds.fa_13219	Rhodotorula_mucilaginosa_TFCN_17-0-2E337-3.cds.fa_03562	NaN	NaN	NaN	NaN	NaN	NaN	NaN	NaN	TFCN1702E3373_013406-T1	TFCN1702E3373_003610-T1
TFCN1702E3373_011895-T1__TFCN1702E3373_013406-T1	NaN	NaN	NaN	NaN	NaN	NaN	NaN	NaN	GF00000034	Rhodotorula_mucilaginosa_TFCN_17-0-2E337-3.cds.fa_13219	Rhodotorula_mucilaginosa_TFCN_17-0-2E337-3.cds.fa_11740	NaN	NaN	NaN	NaN	NaN	NaN	NaN	NaN	TFCN1702E3373_013406-T1	TFCN1702E3373_011895-T1
TFCN1702E3373_008976-T1__TFCN1702E3373_013406-T1	NaN	NaN	NaN	NaN	NaN	NaN	NaN	NaN	GF00000034	Rhodotorula_mucilaginosa_TFCN_17-0-2E337-3.cds.fa_13219	Rhodotorula_mucilaginosa_TFCN_17-0-2E337-3.cds.fa_08864	NaN	NaN	NaN	NaN	NaN	NaN	NaN	NaN	TFCN1702E3373_013406-T1	TFCN1702E3373_008976-T1
TFCN1702E3373_007666-T1__TFCN1702E3373_013406-T1	NaN	NaN	NaN	NaN	NaN	NaN	NaN	NaN	GF00000034	Rhodotorula_mucilaginosa_TFCN_17-0-2E337-3.cds.fa_13219	Rhodotorula_mucilaginosa_TFCN_17-0-2E337-3.cds.fa_07574	NaN	NaN	NaN	NaN	NaN	NaN	NaN	NaN	TFCN1702E3373_013406-T1	TFCN1702E3373_007666-T1
TFCN1702E3373_011011-T1__TFCN1702E3373_013406-T1	NaN	NaN	NaN	NaN	NaN	NaN	NaN	NaN	GF00000034	Rhodotorula_mucilaginosa_TFCN_17-0-2E337-3.cds.fa_13219	Rhodotorula_mucilaginosa_TFCN_17-0-2E337-3.cds.fa_10869	NaN	NaN	NaN	NaN	NaN	NaN	NaN	NaN	TFCN1702E3373_013406-T1	TFCN1702E3373_011011-T1
TFCN1702E3373_011012-T1__TFCN1702E3373_013406-T1	NaN	NaN	NaN	NaN	NaN	NaN	NaN	NaN	GF00000034	Rhodotorula_mucilaginosa_TFCN_17-0-2E337-3.cds.fa_13219	Rhodotorula_mucilaginosa_TFCN_17-0-2E337-3.cds.fa_10870	NaN	NaN	NaN	NaN	NaN	NaN	NaN	NaN	TFCN1702E3373_013406-T1	TFCN1702E3373_011012-T1
TFCN1702E3373_004075-T1__TFCN1702E3373_013406-T1	NaN	NaN	NaN	NaN	NaN	NaN	NaN	NaN	GF00000034	Rhodotorula_mucilaginosa_TFCN_17-0-2E337-3.cds.fa_13219	Rhodotorula_mucilaginosa_TFCN_17-0-2E337-3.cds.fa_04019	NaN	NaN	NaN	NaN	NaN	NaN	NaN	NaN	TFCN1702E3373_013406-T1	TFCN1702E3373_004075-T1
TFCN1702E3373_010407-T1__TFCN1702E3373_010560-T1	NaN	NaN	NaN	NaN	NaN	NaN	NaN	NaN	GF00000034	Rhodotorula_mucilaginosa_TFCN_17-0-2E337-3.cds.fa_10432	Rhodotorula_mucilaginosa_TFCN_17-0-2E337-3.cds.fa_10283	NaN	NaN	NaN	NaN	NaN	NaN	NaN	NaN	TFCN1702E3373_010560-T1	TFCN1702E3373_010407-T1
TFCN1702E3373_003610-T1__TFCN1702E3373_010560-T1	NaN	NaN	NaN	NaN	NaN	NaN	NaN	NaN	GF00000034	Rhodotorula_mucilaginosa_TFCN_17-0-2E337-3.cds.fa_10432	Rhodotorula_mucilaginosa_TFCN_17-0-2E337-3.cds.fa_03562	NaN	NaN	NaN	NaN	NaN	NaN	NaN	NaN	TFCN1702E3373_010560-T1	TFCN1702E3373_003610-T1
TFCN1702E3373_010560-T1__TFCN1702E3373_011895-T1	NaN	NaN	NaN	NaN	NaN	NaN	NaN	NaN	GF00000034	Rhodotorula_mucilaginosa_TFCN_17-0-2E337-3.cds.fa_10432	Rhodotorula_mucilaginosa_TFCN_17-0-2E337-3.cds.fa_11740	NaN	NaN	NaN	NaN	NaN	NaN	NaN	NaN	TFCN1702E3373_010560-T1	TFCN1702E3373_011895-T1
TFCN1702E3373_008976-T1__TFCN1702E3373_010560-T1	NaN	NaN	NaN	NaN	NaN	NaN	NaN	NaN	GF00000034	Rhodotorula_mucilaginosa_TFCN_17-0-2E337-3.cds.fa_10432	Rhodotorula_mucilaginosa_TFCN_17-0-2E337-3.cds.fa_08864	NaN	NaN	NaN	NaN	NaN	NaN	NaN	NaN	TFCN1702E3373_010560-T1	TFCN1702E3373_008976-T1
TFCN1702E3373_007666-T1__TFCN1702E3373_010560-T1	NaN	NaN	NaN	NaN	NaN	NaN	NaN	NaN	GF00000034	Rhodotorula_mucilaginosa_TFCN_17-0-2E337-3.cds.fa_10432	Rhodotorula_mucilaginosa_TFCN_17-0-2E337-3.cds.fa_07574	NaN	NaN	NaN	NaN	NaN	NaN	NaN	NaN	TFCN1702E3373_010560-T1	TFCN1702E3373_007666-T1
TFCN1702E3373_010560-T1__TFCN1702E3373_011011-T1	NaN	NaN	NaN	NaN	NaN	NaN	NaN	NaN	GF00000034	Rhodotorula_mucilaginosa_TFCN_17-0-2E337-3.cds.fa_10432	Rhodotorula_mucilaginosa_TFCN_17-0-2E337-3.cds.fa_10869	NaN	NaN	NaN	NaN	NaN	NaN	NaN	NaN	TFCN1702E3373_010560-T1	TFCN1702E3373_011011-T1
TFCN1702E3373_010560-T1__TFCN1702E3373_011012-T1	NaN	NaN	NaN	NaN	NaN	NaN	NaN	NaN	GF00000034	Rhodotorula_mucilaginosa_TFCN_17-0-2E337-3.cds.fa_10432	Rhodotorula_mucilaginosa_TFCN_17-0-2E337-3.cds.fa_10870	NaN	NaN	NaN	NaN	NaN	NaN	NaN	NaN	TFCN1702E3373_010560-T1	TFCN1702E3373_011012-T1
TFCN1702E3373_004075-T1__TFCN1702E3373_010560-T1	NaN	NaN	NaN	NaN	NaN	NaN	NaN	NaN	GF00000034	Rhodotorula_mucilaginosa_TFCN_17-0-2E337-3.cds.fa_10432	Rhodotorula_mucilaginosa_TFCN_17-0-2E337-3.cds.fa_04019	NaN	NaN	NaN	NaN	NaN	NaN	NaN	NaN	TFCN1702E3373_010560-T1	TFCN1702E3373_004075-T1
TFCN1702E3373_003610-T1__TFCN1702E3373_010407-T1	NaN	NaN	NaN	NaN	NaN	NaN	NaN	NaN	GF00000034	Rhodotorula_mucilaginosa_TFCN_17-0-2E337-3.cds.fa_10283	Rhodotorula_mucilaginosa_TFCN_17-0-2E337-3.cds.fa_03562	NaN	NaN	NaN	NaN	NaN	NaN	NaN	NaN	TFCN1702E3373_010407-T1	TFCN1702E3373_003610-T1
TFCN1702E3373_010407-T1__TFCN1702E3373_011895-T1	NaN	NaN	NaN	NaN	NaN	NaN	NaN	NaN	GF00000034	Rhodotorula_mucilaginosa_TFCN_17-0-2E337-3.cds.fa_10283	Rhodotorula_mucilaginosa_TFCN_17-0-2E337-3.cds.fa_11740	NaN	NaN	NaN	NaN	NaN	NaN	NaN	NaN	TFCN1702E3373_010407-T1	TFCN1702E3373_011895-T1
TFCN1702E3373_008976-T1__TFCN1702E3373_010407-T1	NaN	NaN	NaN	NaN	NaN	NaN	NaN	NaN	GF00000034	Rhodotorula_mucilaginosa_TFCN_17-0-2E337-3.cds.fa_10283	Rhodotorula_mucilaginosa_TFCN_17-0-2E337-3.cds.fa_08864	NaN	NaN	NaN	NaN	NaN	NaN	NaN	NaN	TFCN1702E3373_010407-T1	TFCN1702E3373_008976-T1
TFCN1702E3373_007666-T1__TFCN1702E3373_010407-T1	NaN	NaN	NaN	NaN	NaN	NaN	NaN	NaN	GF00000034	Rhodotorula_mucilaginosa_TFCN_17-0-2E337-3.cds.fa_10283	Rhodotorula_mucilaginosa_TFCN_17-0-2E337-3.cds.fa_07574	NaN	NaN	NaN	NaN	NaN	NaN	NaN	NaN	TFCN1702E3373_010407-T1	TFCN1702E3373_007666-T1
TFCN1702E3373_010407-T1__TFCN1702E3373_011011-T1	NaN	NaN	NaN	NaN	NaN	NaN	NaN	NaN	GF00000034	Rhodotorula_mucilaginosa_TFCN_17-0-2E337-3.cds.fa_10283	Rhodotorula_mucilaginosa_TFCN_17-0-2E337-3.cds.fa_10869	NaN	NaN	NaN	NaN	NaN	NaN	NaN	NaN	TFCN1702E3373_010407-T1	TFCN1702E3373_011011-T1
TFCN1702E3373_010407-T1__TFCN1702E3373_011012-T1	NaN	NaN	NaN	NaN	NaN	NaN	NaN	NaN	GF00000034	Rhodotorula_mucilaginosa_TFCN_17-0-2E337-3.cds.fa_10283	Rhodotorula_mucilaginosa_TFCN_17-0-2E337-3.cds.fa_10870	NaN	NaN	NaN	NaN	NaN	NaN	NaN	NaN	TFCN1702E3373_010407-T1	TFCN1702E3373_011012-T1
TFCN1702E3373_004075-T1__TFCN1702E3373_010407-T1	NaN	NaN	NaN	NaN	NaN	NaN	NaN	NaN	GF00000034	Rhodotorula_mucilaginosa_TFCN_17-0-2E337-3.cds.fa_10283	Rhodotorula_mucilaginosa_TFCN_17-0-2E337-3.cds.fa_04019	NaN	NaN	NaN	NaN	NaN	NaN	NaN	NaN	TFCN1702E3373_010407-T1	TFCN1702E3373_004075-T1
TFCN1702E3373_003610-T1__TFCN1702E3373_011895-T1	NaN	NaN	NaN	NaN	NaN	NaN	NaN	NaN	GF00000034	Rhodotorula_mucilaginosa_TFCN_17-0-2E337-3.cds.fa_03562	Rhodotorula_mucilaginosa_TFCN_17-0-2E337-3.cds.fa_11740	NaN	NaN	NaN	NaN	NaN	NaN	NaN	NaN	TFCN1702E3373_003610-T1	TFCN1702E3373_011895-T1
TFCN1702E3373_003610-T1__TFCN1702E3373_008976-T1	NaN	NaN	NaN	NaN	NaN	NaN	NaN	NaN	GF00000034	Rhodotorula_mucilaginosa_TFCN_17-0-2E337-3.cds.fa_03562	Rhodotorula_mucilaginosa_TFCN_17-0-2E337-3.cds.fa_08864	NaN	NaN	NaN	NaN	NaN	NaN	NaN	NaN	TFCN1702E3373_003610-T1	TFCN1702E3373_008976-T1
TFCN1702E3373_003610-T1__TFCN1702E3373_007666-T1	NaN	NaN	NaN	NaN	NaN	NaN	NaN	NaN	GF00000034	Rhodotorula_mucilaginosa_TFCN_17-0-2E337-3.cds.fa_03562	Rhodotorula_mucilaginosa_TFCN_17-0-2E337-3.cds.fa_07574	NaN	NaN	NaN	NaN	NaN	NaN	NaN	NaN	TFCN1702E3373_003610-T1	TFCN1702E3373_007666-T1
TFCN1702E3373_003610-T1__TFCN1702E3373_011011-T1	NaN	NaN	NaN	NaN	NaN	NaN	NaN	NaN	GF00000034	Rhodotorula_mucilaginosa_TFCN_17-0-2E337-3.cds.fa_03562	Rhodotorula_mucilaginosa_TFCN_17-0-2E337-3.cds.fa_10869	NaN	NaN	NaN	NaN	NaN	NaN	NaN	NaN	TFCN1702E3373_003610-T1	TFCN1702E3373_011011-T1
TFCN1702E3373_003610-T1__TFCN1702E3373_011012-T1	NaN	NaN	NaN	NaN	NaN	NaN	NaN	NaN	GF00000034	Rhodotorula_mucilaginosa_TFCN_17-0-2E337-3.cds.fa_03562	Rhodotorula_mucilaginosa_TFCN_17-0-2E337-3.cds.fa_10870	NaN	NaN	NaN	NaN	NaN	NaN	NaN	NaN	TFCN1702E3373_003610-T1	TFCN1702E3373_011012-T1
TFCN1702E3373_003610-T1__TFCN1702E3373_004075-T1	NaN	NaN	NaN	NaN	NaN	NaN	NaN	NaN	GF00000034	Rhodotorula_mucilaginosa_TFCN_17-0-2E337-3.cds.fa_03562	Rhodotorula_mucilaginosa_TFCN_17-0-2E337-3.cds.fa_04019	NaN	NaN	NaN	NaN	NaN	NaN	NaN	NaN	TFCN1702E3373_003610-T1	TFCN1702E3373_004075-T1
TFCN1702E3373_008976-T1__TFCN1702E3373_011895-T1	NaN	NaN	NaN	NaN	NaN	NaN	NaN	NaN	GF00000034	Rhodotorula_mucilaginosa_TFCN_17-0-2E337-3.cds.fa_11740	Rhodotorula_mucilaginosa_TFCN_17-0-2E337-3.cds.fa_08864	NaN	NaN	NaN	NaN	NaN	NaN	NaN	NaN	TFCN1702E3373_011895-T1	TFCN1702E3373_008976-T1
TFCN1702E3373_007666-T1__TFCN1702E3373_011895-T1	NaN	NaN	NaN	NaN	NaN	NaN	NaN	NaN	GF00000034	Rhodotorula_mucilaginosa_TFCN_17-0-2E337-3.cds.fa_11740	Rhodotorula_mucilaginosa_TFCN_17-0-2E337-3.cds.fa_07574	NaN	NaN	NaN	NaN	NaN	NaN	NaN	NaN	TFCN1702E3373_011895-T1	TFCN1702E3373_007666-T1
TFCN1702E3373_011011-T1__TFCN1702E3373_011895-T1	NaN	NaN	NaN	NaN	NaN	NaN	NaN	NaN	GF00000034	Rhodotorula_mucilaginosa_TFCN_17-0-2E337-3.cds.fa_11740	Rhodotorula_mucilaginosa_TFCN_17-0-2E337-3.cds.fa_10869	NaN	NaN	NaN	NaN	NaN	NaN	NaN	NaN	TFCN1702E3373_011895-T1	TFCN1702E3373_011011-T1
TFCN1702E3373_011012-T1__TFCN1702E3373_011895-T1	NaN	NaN	NaN	NaN	NaN	NaN	NaN	NaN	GF00000034	Rhodotorula_mucilaginosa_TFCN_17-0-2E337-3.cds.fa_11740	Rhodotorula_mucilaginosa_TFCN_17-0-2E337-3.cds.fa_10870	NaN	NaN	NaN	NaN	NaN	NaN	NaN	NaN	TFCN1702E3373_011895-T1	TFCN1702E3373_011012-T1
TFCN1702E3373_004075-T1__TFCN1702E3373_011895-T1	NaN	NaN	NaN	NaN	NaN	NaN	NaN	NaN	GF00000034	Rhodotorula_mucilaginosa_TFCN_17-0-2E337-3.cds.fa_11740	Rhodotorula_mucilaginosa_TFCN_17-0-2E337-3.cds.fa_04019	NaN	NaN	NaN	NaN	NaN	NaN	NaN	NaN	TFCN1702E3373_011895-T1	TFCN1702E3373_004075-T1
TFCN1702E3373_007666-T1__TFCN1702E3373_008976-T1	NaN	NaN	NaN	NaN	NaN	NaN	NaN	NaN	GF00000034	Rhodotorula_mucilaginosa_TFCN_17-0-2E337-3.cds.fa_08864	Rhodotorula_mucilaginosa_TFCN_17-0-2E337-3.cds.fa_07574	NaN	NaN	NaN	NaN	NaN	NaN	NaN	NaN	TFCN1702E3373_008976-T1	TFCN1702E3373_007666-T1
TFCN1702E3373_008976-T1__TFCN1702E3373_011011-T1	NaN	NaN	NaN	NaN	NaN	NaN	NaN	NaN	GF00000034	Rhodotorula_mucilaginosa_TFCN_17-0-2E337-3.cds.fa_08864	Rhodotorula_mucilaginosa_TFCN_17-0-2E337-3.cds.fa_10869	NaN	NaN	NaN	NaN	NaN	NaN	NaN	NaN	TFCN1702E3373_008976-T1	TFCN1702E3373_011011-T1
TFCN1702E3373_008976-T1__TFCN1702E3373_011012-T1	NaN	NaN	NaN	NaN	NaN	NaN	NaN	NaN	GF00000034	Rhodotorula_mucilaginosa_TFCN_17-0-2E337-3.cds.fa_08864	Rhodotorula_mucilaginosa_TFCN_17-0-2E337-3.cds.fa_10870	NaN	NaN	NaN	NaN	NaN	NaN	NaN	NaN	TFCN1702E3373_008976-T1	TFCN1702E3373_011012-T1
TFCN1702E3373_004075-T1__TFCN1702E3373_008976-T1	NaN	NaN	NaN	NaN	NaN	NaN	NaN	NaN	GF00000034	Rhodotorula_mucilaginosa_TFCN_17-0-2E337-3.cds.fa_08864	Rhodotorula_mucilaginosa_TFCN_17-0-2E337-3.cds.fa_04019	NaN	NaN	NaN	NaN	NaN	NaN	NaN	NaN	TFCN1702E3373_008976-T1	TFCN1702E3373_004075-T1
TFCN1702E3373_007666-T1__TFCN1702E3373_011011-T1	NaN	NaN	NaN	NaN	NaN	NaN	NaN	NaN	GF00000034	Rhodotorula_mucilaginosa_TFCN_17-0-2E337-3.cds.fa_07574	Rhodotorula_mucilaginosa_TFCN_17-0-2E337-3.cds.fa_10869	NaN	NaN	NaN	NaN	NaN	NaN	NaN	NaN	TFCN1702E3373_007666-T1	TFCN1702E3373_011011-T1
TFCN1702E3373_007666-T1__TFCN1702E3373_011012-T1	NaN	NaN	NaN	NaN	NaN	NaN	NaN	NaN	GF00000034	Rhodotorula_mucilaginosa_TFCN_17-0-2E337-3.cds.fa_07574	Rhodotorula_mucilaginosa_TFCN_17-0-2E337-3.cds.fa_10870	NaN	NaN	NaN	NaN	NaN	NaN	NaN	NaN	TFCN1702E3373_007666-T1	TFCN1702E3373_011012-T1
TFCN1702E3373_004075-T1__TFCN1702E3373_007666-T1	NaN	NaN	NaN	NaN	NaN	NaN	NaN	NaN	GF00000034	Rhodotorula_mucilaginosa_TFCN_17-0-2E337-3.cds.fa_07574	Rhodotorula_mucilaginosa_TFCN_17-0-2E337-3.cds.fa_04019	NaN	NaN	NaN	NaN	NaN	NaN	NaN	NaN	TFCN1702E3373_007666-T1	TFCN1702E3373_004075-T1
TFCN1702E3373_011011-T1__TFCN1702E3373_011012-T1	NaN	NaN	NaN	NaN	NaN	NaN	NaN	NaN	GF00000034	Rhodotorula_mucilaginosa_TFCN_17-0-2E337-3.cds.fa_10869	Rhodotorula_mucilaginosa_TFCN_17-0-2E337-3.cds.fa_10870	NaN	NaN	NaN	NaN	NaN	NaN	NaN	NaN	TFCN1702E3373_011011-T1	TFCN1702E3373_011012-T1
TFCN1702E3373_004075-T1__TFCN1702E3373_011011-T1	NaN	NaN	NaN	NaN	NaN	NaN	NaN	NaN	GF00000034	Rhodotorula_mucilaginosa_TFCN_17-0-2E337-3.cds.fa_10869	Rhodotorula_mucilaginosa_TFCN_17-0-2E337-3.cds.fa_04019	NaN	NaN	NaN	NaN	NaN	NaN	NaN	NaN	TFCN1702E3373_011011-T1	TFCN1702E3373_004075-T1
TFCN1702E3373_004075-T1__TFCN1702E3373_011012-T1	NaN	NaN	NaN	NaN	NaN	NaN	NaN	NaN	GF00000034	Rhodotorula_mucilaginosa_TFCN_17-0-2E337-3.cds.fa_10870	Rhodotorula_mucilaginosa_TFCN_17-0-2E337-3.cds.fa_04019	NaN	NaN	NaN	NaN	NaN	NaN	NaN	NaN	TFCN1702E3373_011012-T1	TFCN1702E3373_004075-T1
TFCN1702E3373_007761-T1__TFCN1702E3373_014679-T1	NaN	NaN	NaN	NaN	NaN	NaN	NaN	NaN	GF00000044	Rhodotorula_mucilaginosa_TFCN_17-0-2E337-3.cds.fa_14460	Rhodotorula_mucilaginosa_TFCN_17-0-2E337-3.cds.fa_07669	NaN	NaN	NaN	NaN	NaN	NaN	NaN	NaN	TFCN1702E3373_014679-T1	TFCN1702E3373_007761-T1
TFCN1702E3373_005859-T1__TFCN1702E3373_014679-T1	NaN	NaN	NaN	NaN	NaN	NaN	NaN	NaN	GF00000044	Rhodotorula_mucilaginosa_TFCN_17-0-2E337-3.cds.fa_14460	Rhodotorula_mucilaginosa_TFCN_17-0-2E337-3.cds.fa_05791	NaN	NaN	NaN	NaN	NaN	NaN	NaN	NaN	TFCN1702E3373_014679-T1	TFCN1702E3373_005859-T1
TFCN1702E3373_011684-T1__TFCN1702E3373_014679-T1	NaN	NaN	NaN	NaN	NaN	NaN	NaN	NaN	GF00000044	Rhodotorula_mucilaginosa_TFCN_17-0-2E337-3.cds.fa_14460	Rhodotorula_mucilaginosa_TFCN_17-0-2E337-3.cds.fa_11533	NaN	NaN	NaN	NaN	NaN	NaN	NaN	NaN	TFCN1702E3373_014679-T1	TFCN1702E3373_011684-T1
TFCN1702E3373_006074-T1__TFCN1702E3373_014679-T1	NaN	NaN	NaN	NaN	NaN	NaN	NaN	NaN	GF00000044	Rhodotorula_mucilaginosa_TFCN_17-0-2E337-3.cds.fa_14460	Rhodotorula_mucilaginosa_TFCN_17-0-2E337-3.cds.fa_06005	NaN	NaN	NaN	NaN	NaN	NaN	NaN	NaN	TFCN1702E3373_014679-T1	TFCN1702E3373_006074-T1
TFCN1702E3373_006072-T1__TFCN1702E3373_014679-T1	NaN	NaN	NaN	NaN	NaN	NaN	NaN	NaN	GF00000044	Rhodotorula_mucilaginosa_TFCN_17-0-2E337-3.cds.fa_14460	Rhodotorula_mucilaginosa_TFCN_17-0-2E337-3.cds.fa_06003	NaN	NaN	NaN	NaN	NaN	NaN	NaN	NaN	TFCN1702E3373_014679-T1	TFCN1702E3373_006072-T1
TFCN1702E3373_011687-T1__TFCN1702E3373_014679-T1	NaN	NaN	NaN	NaN	NaN	NaN	NaN	NaN	GF00000044	Rhodotorula_mucilaginosa_TFCN_17-0-2E337-3.cds.fa_14460	Rhodotorula_mucilaginosa_TFCN_17-0-2E337-3.cds.fa_11536	NaN	NaN	NaN	NaN	NaN	NaN	NaN	NaN	TFCN1702E3373_014679-T1	TFCN1702E3373_011687-T1
TFCN1702E3373_012917-T1__TFCN1702E3373_014679-T1	NaN	NaN	NaN	NaN	NaN	NaN	NaN	NaN	GF00000044	Rhodotorula_mucilaginosa_TFCN_17-0-2E337-3.cds.fa_14460	Rhodotorula_mucilaginosa_TFCN_17-0-2E337-3.cds.fa_12739	NaN	NaN	NaN	NaN	NaN	NaN	NaN	NaN	TFCN1702E3373_014679-T1	TFCN1702E3373_012917-T1
TFCN1702E3373_006073-T1__TFCN1702E3373_014679-T1	NaN	NaN	NaN	NaN	NaN	NaN	NaN	NaN	GF00000044	Rhodotorula_mucilaginosa_TFCN_17-0-2E337-3.cds.fa_14460	Rhodotorula_mucilaginosa_TFCN_17-0-2E337-3.cds.fa_06004	NaN	NaN	NaN	NaN	NaN	NaN	NaN	NaN	TFCN1702E3373_014679-T1	TFCN1702E3373_006073-T1
TFCN1702E3373_005859-T1__TFCN1702E3373_007761-T1	NaN	NaN	NaN	NaN	NaN	NaN	NaN	NaN	GF00000044	Rhodotorula_mucilaginosa_TFCN_17-0-2E337-3.cds.fa_07669	Rhodotorula_mucilaginosa_TFCN_17-0-2E337-3.cds.fa_05791	NaN	NaN	NaN	NaN	NaN	NaN	NaN	NaN	TFCN1702E3373_007761-T1	TFCN1702E3373_005859-T1
TFCN1702E3373_007761-T1__TFCN1702E3373_011684-T1	NaN	NaN	NaN	NaN	NaN	NaN	NaN	NaN	GF00000044	Rhodotorula_mucilaginosa_TFCN_17-0-2E337-3.cds.fa_07669	Rhodotorula_mucilaginosa_TFCN_17-0-2E337-3.cds.fa_11533	NaN	NaN	NaN	NaN	NaN	NaN	NaN	NaN	TFCN1702E3373_007761-T1	TFCN1702E3373_011684-T1
TFCN1702E3373_006074-T1__TFCN1702E3373_007761-T1	NaN	NaN	NaN	NaN	NaN	NaN	NaN	NaN	GF00000044	Rhodotorula_mucilaginosa_TFCN_17-0-2E337-3.cds.fa_07669	Rhodotorula_mucilaginosa_TFCN_17-0-2E337-3.cds.fa_06005	NaN	NaN	NaN	NaN	NaN	NaN	NaN	NaN	TFCN1702E3373_007761-T1	TFCN1702E3373_006074-T1
TFCN1702E3373_006072-T1__TFCN1702E3373_007761-T1	NaN	NaN	NaN	NaN	NaN	NaN	NaN	NaN	GF00000044	Rhodotorula_mucilaginosa_TFCN_17-0-2E337-3.cds.fa_07669	Rhodotorula_mucilaginosa_TFCN_17-0-2E337-3.cds.fa_06003	NaN	NaN	NaN	NaN	NaN	NaN	NaN	NaN	TFCN1702E3373_007761-T1	TFCN1702E3373_006072-T1
TFCN1702E3373_007761-T1__TFCN1702E3373_011687-T1	NaN	NaN	NaN	NaN	NaN	NaN	NaN	NaN	GF00000044	Rhodotorula_mucilaginosa_TFCN_17-0-2E337-3.cds.fa_07669	Rhodotorula_mucilaginosa_TFCN_17-0-2E337-3.cds.fa_11536	NaN	NaN	NaN	NaN	NaN	NaN	NaN	NaN	TFCN1702E3373_007761-T1	TFCN1702E3373_011687-T1
TFCN1702E3373_007761-T1__TFCN1702E3373_012917-T1	NaN	NaN	NaN	NaN	NaN	NaN	NaN	NaN	GF00000044	Rhodotorula_mucilaginosa_TFCN_17-0-2E337-3.cds.fa_07669	Rhodotorula_mucilaginosa_TFCN_17-0-2E337-3.cds.fa_12739	NaN	NaN	NaN	NaN	NaN	NaN	NaN	NaN	TFCN1702E3373_007761-T1	TFCN1702E3373_012917-T1
TFCN1702E3373_006073-T1__TFCN1702E3373_007761-T1	NaN	NaN	NaN	NaN	NaN	NaN	NaN	NaN	GF00000044	Rhodotorula_mucilaginosa_TFCN_17-0-2E337-3.cds.fa_07669	Rhodotorula_mucilaginosa_TFCN_17-0-2E337-3.cds.fa_06004	NaN	NaN	NaN	NaN	NaN	NaN	NaN	NaN	TFCN1702E3373_007761-T1	TFCN1702E3373_006073-T1
TFCN1702E3373_005859-T1__TFCN1702E3373_011684-T1	NaN	NaN	NaN	NaN	NaN	NaN	NaN	NaN	GF00000044	Rhodotorula_mucilaginosa_TFCN_17-0-2E337-3.cds.fa_05791	Rhodotorula_mucilaginosa_TFCN_17-0-2E337-3.cds.fa_11533	NaN	NaN	NaN	NaN	NaN	NaN	NaN	NaN	TFCN1702E3373_005859-T1	TFCN1702E3373_011684-T1
TFCN1702E3373_005859-T1__TFCN1702E3373_006074-T1	NaN	NaN	NaN	NaN	NaN	NaN	NaN	NaN	GF00000044	Rhodotorula_mucilaginosa_TFCN_17-0-2E337-3.cds.fa_05791	Rhodotorula_mucilaginosa_TFCN_17-0-2E337-3.cds.fa_06005	NaN	NaN	NaN	NaN	NaN	NaN	NaN	NaN	TFCN1702E3373_005859-T1	TFCN1702E3373_006074-T1
TFCN1702E3373_005859-T1__TFCN1702E3373_006072-T1	NaN	NaN	NaN	NaN	NaN	NaN	NaN	NaN	GF00000044	Rhodotorula_mucilaginosa_TFCN_17-0-2E337-3.cds.fa_05791	Rhodotorula_mucilaginosa_TFCN_17-0-2E337-3.cds.fa_06003	NaN	NaN	NaN	NaN	NaN	NaN	NaN	NaN	TFCN1702E3373_005859-T1	TFCN1702E3373_006072-T1
TFCN1702E3373_005859-T1__TFCN1702E3373_011687-T1	NaN	NaN	NaN	NaN	NaN	NaN	NaN	NaN	GF00000044	Rhodotorula_mucilaginosa_TFCN_17-0-2E337-3.cds.fa_05791	Rhodotorula_mucilaginosa_TFCN_17-0-2E337-3.cds.fa_11536	NaN	NaN	NaN	NaN	NaN	NaN	NaN	NaN	TFCN1702E3373_005859-T1	TFCN1702E3373_011687-T1
TFCN1702E3373_005859-T1__TFCN1702E3373_012917-T1	NaN	NaN	NaN	NaN	NaN	NaN	NaN	NaN	GF00000044	Rhodotorula_mucilaginosa_TFCN_17-0-2E337-3.cds.fa_05791	Rhodotorula_mucilaginosa_TFCN_17-0-2E337-3.cds.fa_12739	NaN	NaN	NaN	NaN	NaN	NaN	NaN	NaN	TFCN1702E3373_005859-T1	TFCN1702E3373_012917-T1
TFCN1702E3373_005859-T1__TFCN1702E3373_006073-T1	NaN	NaN	NaN	NaN	NaN	NaN	NaN	NaN	GF00000044	Rhodotorula_mucilaginosa_TFCN_17-0-2E337-3.cds.fa_05791	Rhodotorula_mucilaginosa_TFCN_17-0-2E337-3.cds.fa_06004	NaN	NaN	NaN	NaN	NaN	NaN	NaN	NaN	TFCN1702E3373_005859-T1	TFCN1702E3373_006073-T1
TFCN1702E3373_006074-T1__TFCN1702E3373_011684-T1	NaN	NaN	NaN	NaN	NaN	NaN	NaN	NaN	GF00000044	Rhodotorula_mucilaginosa_TFCN_17-0-2E337-3.cds.fa_11533	Rhodotorula_mucilaginosa_TFCN_17-0-2E337-3.cds.fa_06005	NaN	NaN	NaN	NaN	NaN	NaN	NaN	NaN	TFCN1702E3373_011684-T1	TFCN1702E3373_006074-T1
TFCN1702E3373_006072-T1__TFCN1702E3373_011684-T1	NaN	NaN	NaN	NaN	NaN	NaN	NaN	NaN	GF00000044	Rhodotorula_mucilaginosa_TFCN_17-0-2E337-3.cds.fa_11533	Rhodotorula_mucilaginosa_TFCN_17-0-2E337-3.cds.fa_06003	NaN	NaN	NaN	NaN	NaN	NaN	NaN	NaN	TFCN1702E3373_011684-T1	TFCN1702E3373_006072-T1
TFCN1702E3373_011684-T1__TFCN1702E3373_011687-T1	NaN	NaN	NaN	NaN	NaN	NaN	NaN	NaN	GF00000044	Rhodotorula_mucilaginosa_TFCN_17-0-2E337-3.cds.fa_11533	Rhodotorula_mucilaginosa_TFCN_17-0-2E337-3.cds.fa_11536	NaN	NaN	NaN	NaN	NaN	NaN	NaN	NaN	TFCN1702E3373_011684-T1	TFCN1702E3373_011687-T1
TFCN1702E3373_011684-T1__TFCN1702E3373_012917-T1	NaN	NaN	NaN	NaN	NaN	NaN	NaN	NaN	GF00000044	Rhodotorula_mucilaginosa_TFCN_17-0-2E337-3.cds.fa_11533	Rhodotorula_mucilaginosa_TFCN_17-0-2E337-3.cds.fa_12739	NaN	NaN	NaN	NaN	NaN	NaN	NaN	NaN	TFCN1702E3373_011684-T1	TFCN1702E3373_012917-T1
TFCN1702E3373_006073-T1__TFCN1702E3373_011684-T1	NaN	NaN	NaN	NaN	NaN	NaN	NaN	NaN	GF00000044	Rhodotorula_mucilaginosa_TFCN_17-0-2E337-3.cds.fa_11533	Rhodotorula_mucilaginosa_TFCN_17-0-2E337-3.cds.fa_06004	NaN	NaN	NaN	NaN	NaN	NaN	NaN	NaN	TFCN1702E3373_011684-T1	TFCN1702E3373_006073-T1
TFCN1702E3373_006072-T1__TFCN1702E3373_006074-T1	NaN	NaN	NaN	NaN	NaN	NaN	NaN	NaN	GF00000044	Rhodotorula_mucilaginosa_TFCN_17-0-2E337-3.cds.fa_06005	Rhodotorula_mucilaginosa_TFCN_17-0-2E337-3.cds.fa_06003	NaN	NaN	NaN	NaN	NaN	NaN	NaN	NaN	TFCN1702E3373_006074-T1	TFCN1702E3373_006072-T1
TFCN1702E3373_006074-T1__TFCN1702E3373_011687-T1	NaN	NaN	NaN	NaN	NaN	NaN	NaN	NaN	GF00000044	Rhodotorula_mucilaginosa_TFCN_17-0-2E337-3.cds.fa_06005	Rhodotorula_mucilaginosa_TFCN_17-0-2E337-3.cds.fa_11536	NaN	NaN	NaN	NaN	NaN	NaN	NaN	NaN	TFCN1702E3373_006074-T1	TFCN1702E3373_011687-T1
TFCN1702E3373_006074-T1__TFCN1702E3373_012917-T1	NaN	NaN	NaN	NaN	NaN	NaN	NaN	NaN	GF00000044	Rhodotorula_mucilaginosa_TFCN_17-0-2E337-3.cds.fa_06005	Rhodotorula_mucilaginosa_TFCN_17-0-2E337-3.cds.fa_12739	NaN	NaN	NaN	NaN	NaN	NaN	NaN	NaN	TFCN1702E3373_006074-T1	TFCN1702E3373_012917-T1
TFCN1702E3373_006073-T1__TFCN1702E3373_006074-T1	NaN	NaN	NaN	NaN	NaN	NaN	NaN	NaN	GF00000044	Rhodotorula_mucilaginosa_TFCN_17-0-2E337-3.cds.fa_06005	Rhodotorula_mucilaginosa_TFCN_17-0-2E337-3.cds.fa_06004	NaN	NaN	NaN	NaN	NaN	NaN	NaN	NaN	TFCN1702E3373_006074-T1	TFCN1702E3373_006073-T1
TFCN1702E3373_006072-T1__TFCN1702E3373_011687-T1	NaN	NaN	NaN	NaN	NaN	NaN	NaN	NaN	GF00000044	Rhodotorula_mucilaginosa_TFCN_17-0-2E337-3.cds.fa_06003	Rhodotorula_mucilaginosa_TFCN_17-0-2E337-3.cds.fa_11536	NaN	NaN	NaN	NaN	NaN	NaN	NaN	NaN	TFCN1702E3373_006072-T1	TFCN1702E3373_011687-T1
TFCN1702E3373_006072-T1__TFCN1702E3373_012917-T1	NaN	NaN	NaN	NaN	NaN	NaN	NaN	NaN	GF00000044	Rhodotorula_mucilaginosa_TFCN_17-0-2E337-3.cds.fa_06003	Rhodotorula_mucilaginosa_TFCN_17-0-2E337-3.cds.fa_12739	NaN	NaN	NaN	NaN	NaN	NaN	NaN	NaN	TFCN1702E3373_006072-T1	TFCN1702E3373_012917-T1
TFCN1702E3373_006072-T1__TFCN1702E3373_006073-T1	NaN	NaN	NaN	NaN	NaN	NaN	NaN	NaN	GF00000044	Rhodotorula_mucilaginosa_TFCN_17-0-2E337-3.cds.fa_06003	Rhodotorula_mucilaginosa_TFCN_17-0-2E337-3.cds.fa_06004	NaN	NaN	NaN	NaN	NaN	NaN	NaN	NaN	TFCN1702E3373_006072-T1	TFCN1702E3373_006073-T1
TFCN1702E3373_011687-T1__TFCN1702E3373_012917-T1	NaN	NaN	NaN	NaN	NaN	NaN	NaN	NaN	GF00000044	Rhodotorula_mucilaginosa_TFCN_17-0-2E337-3.cds.fa_11536	Rhodotorula_mucilaginosa_TFCN_17-0-2E337-3.cds.fa_12739	NaN	NaN	NaN	NaN	NaN	NaN	NaN	NaN	TFCN1702E3373_011687-T1	TFCN1702E3373_012917-T1
TFCN1702E3373_006073-T1__TFCN1702E3373_011687-T1	NaN	NaN	NaN	NaN	NaN	NaN	NaN	NaN	GF00000044	Rhodotorula_mucilaginosa_TFCN_17-0-2E337-3.cds.fa_11536	Rhodotorula_mucilaginosa_TFCN_17-0-2E337-3.cds.fa_06004	NaN	NaN	NaN	NaN	NaN	NaN	NaN	NaN	TFCN1702E3373_011687-T1	TFCN1702E3373_006073-T1
TFCN1702E3373_006073-T1__TFCN1702E3373_012917-T1	NaN	NaN	NaN	NaN	NaN	NaN	NaN	NaN	GF00000044	Rhodotorula_mucilaginosa_TFCN_17-0-2E337-3.cds.fa_12739	Rhodotorula_mucilaginosa_TFCN_17-0-2E337-3.cds.fa_06004	NaN	NaN	NaN	NaN	NaN	NaN	NaN	NaN	TFCN1702E3373_012917-T1	TFCN1702E3373_006073-T1
TFCN1702E3373_002565-T1__TFCN1702E3373_010947-T1	NaN	NaN	NaN	NaN	NaN	NaN	NaN	NaN	GF00000045	Rhodotorula_mucilaginosa_TFCN_17-0-2E337-3.cds.fa_02539	Rhodotorula_mucilaginosa_TFCN_17-0-2E337-3.cds.fa_10809	NaN	NaN	NaN	NaN	NaN	NaN	NaN	NaN	TFCN1702E3373_002565-T1	TFCN1702E3373_010947-T1
TFCN1702E3373_002565-T1__TFCN1702E3373_013806-T1	NaN	NaN	NaN	NaN	NaN	NaN	NaN	NaN	GF00000045	Rhodotorula_mucilaginosa_TFCN_17-0-2E337-3.cds.fa_02539	Rhodotorula_mucilaginosa_TFCN_17-0-2E337-3.cds.fa_13605	NaN	NaN	NaN	NaN	NaN	NaN	NaN	NaN	TFCN1702E3373_002565-T1	TFCN1702E3373_013806-T1
TFCN1702E3373_002565-T1__TFCN1702E3373_005179-T1	NaN	NaN	NaN	NaN	NaN	NaN	NaN	NaN	GF00000045	Rhodotorula_mucilaginosa_TFCN_17-0-2E337-3.cds.fa_02539	Rhodotorula_mucilaginosa_TFCN_17-0-2E337-3.cds.fa_05116	NaN	NaN	NaN	NaN	NaN	NaN	NaN	NaN	TFCN1702E3373_002565-T1	TFCN1702E3373_005179-T1
TFCN1702E3373_002565-T1__TFCN1702E3373_005182-T1	NaN	NaN	NaN	NaN	NaN	NaN	NaN	NaN	GF00000045	Rhodotorula_mucilaginosa_TFCN_17-0-2E337-3.cds.fa_02539	Rhodotorula_mucilaginosa_TFCN_17-0-2E337-3.cds.fa_05119	NaN	NaN	NaN	NaN	NaN	NaN	NaN	NaN	TFCN1702E3373_002565-T1	TFCN1702E3373_005182-T1
TFCN1702E3373_002565-T1__TFCN1702E3373_014744-T1	NaN	NaN	NaN	NaN	NaN	NaN	NaN	NaN	GF00000045	Rhodotorula_mucilaginosa_TFCN_17-0-2E337-3.cds.fa_02539	Rhodotorula_mucilaginosa_TFCN_17-0-2E337-3.cds.fa_14516	NaN	NaN	NaN	NaN	NaN	NaN	NaN	NaN	TFCN1702E3373_002565-T1	TFCN1702E3373_014744-T1
TFCN1702E3373_002565-T1__TFCN1702E3373_012942-T1	NaN	NaN	NaN	NaN	NaN	NaN	NaN	NaN	GF00000045	Rhodotorula_mucilaginosa_TFCN_17-0-2E337-3.cds.fa_02539	Rhodotorula_mucilaginosa_TFCN_17-0-2E337-3.cds.fa_12763	NaN	NaN	NaN	NaN	NaN	NaN	NaN	NaN	TFCN1702E3373_002565-T1	TFCN1702E3373_012942-T1
TFCN1702E3373_002565-T1__TFCN1702E3373_014762-T1	NaN	NaN	NaN	NaN	NaN	NaN	NaN	NaN	GF00000045	Rhodotorula_mucilaginosa_TFCN_17-0-2E337-3.cds.fa_02539	Rhodotorula_mucilaginosa_TFCN_17-0-2E337-3.cds.fa_14533	NaN	NaN	NaN	NaN	NaN	NaN	NaN	NaN	TFCN1702E3373_002565-T1	TFCN1702E3373_014762-T1
TFCN1702E3373_002565-T1__TFCN1702E3373_013803-T1	NaN	NaN	NaN	NaN	NaN	NaN	NaN	NaN	GF00000045	Rhodotorula_mucilaginosa_TFCN_17-0-2E337-3.cds.fa_02539	Rhodotorula_mucilaginosa_TFCN_17-0-2E337-3.cds.fa_13602	NaN	NaN	NaN	NaN	NaN	NaN	NaN	NaN	TFCN1702E3373_002565-T1	TFCN1702E3373_013803-T1
TFCN1702E3373_010947-T1__TFCN1702E3373_013806-T1	NaN	NaN	NaN	NaN	NaN	NaN	NaN	NaN	GF00000045	Rhodotorula_mucilaginosa_TFCN_17-0-2E337-3.cds.fa_10809	Rhodotorula_mucilaginosa_TFCN_17-0-2E337-3.cds.fa_13605	NaN	NaN	NaN	NaN	NaN	NaN	NaN	NaN	TFCN1702E3373_010947-T1	TFCN1702E3373_013806-T1
TFCN1702E3373_005179-T1__TFCN1702E3373_010947-T1	NaN	NaN	NaN	NaN	NaN	NaN	NaN	NaN	GF00000045	Rhodotorula_mucilaginosa_TFCN_17-0-2E337-3.cds.fa_10809	Rhodotorula_mucilaginosa_TFCN_17-0-2E337-3.cds.fa_05116	NaN	NaN	NaN	NaN	NaN	NaN	NaN	NaN	TFCN1702E3373_010947-T1	TFCN1702E3373_005179-T1
TFCN1702E3373_005182-T1__TFCN1702E3373_010947-T1	NaN	NaN	NaN	NaN	NaN	NaN	NaN	NaN	GF00000045	Rhodotorula_mucilaginosa_TFCN_17-0-2E337-3.cds.fa_10809	Rhodotorula_mucilaginosa_TFCN_17-0-2E337-3.cds.fa_05119	NaN	NaN	NaN	NaN	NaN	NaN	NaN	NaN	TFCN1702E3373_010947-T1	TFCN1702E3373_005182-T1
TFCN1702E3373_010947-T1__TFCN1702E3373_014744-T1	NaN	NaN	NaN	NaN	NaN	NaN	NaN	NaN	GF00000045	Rhodotorula_mucilaginosa_TFCN_17-0-2E337-3.cds.fa_10809	Rhodotorula_mucilaginosa_TFCN_17-0-2E337-3.cds.fa_14516	NaN	NaN	NaN	NaN	NaN	NaN	NaN	NaN	TFCN1702E3373_010947-T1	TFCN1702E3373_014744-T1
TFCN1702E3373_010947-T1__TFCN1702E3373_012942-T1	NaN	NaN	NaN	NaN	NaN	NaN	NaN	NaN	GF00000045	Rhodotorula_mucilaginosa_TFCN_17-0-2E337-3.cds.fa_10809	Rhodotorula_mucilaginosa_TFCN_17-0-2E337-3.cds.fa_12763	NaN	NaN	NaN	NaN	NaN	NaN	NaN	NaN	TFCN1702E3373_010947-T1	TFCN1702E3373_012942-T1
TFCN1702E3373_010947-T1__TFCN1702E3373_014762-T1	NaN	NaN	NaN	NaN	NaN	NaN	NaN	NaN	GF00000045	Rhodotorula_mucilaginosa_TFCN_17-0-2E337-3.cds.fa_10809	Rhodotorula_mucilaginosa_TFCN_17-0-2E337-3.cds.fa_14533	NaN	NaN	NaN	NaN	NaN	NaN	NaN	NaN	TFCN1702E3373_010947-T1	TFCN1702E3373_014762-T1
TFCN1702E3373_010947-T1__TFCN1702E3373_013803-T1	NaN	NaN	NaN	NaN	NaN	NaN	NaN	NaN	GF00000045	Rhodotorula_mucilaginosa_TFCN_17-0-2E337-3.cds.fa_10809	Rhodotorula_mucilaginosa_TFCN_17-0-2E337-3.cds.fa_13602	NaN	NaN	NaN	NaN	NaN	NaN	NaN	NaN	TFCN1702E3373_010947-T1	TFCN1702E3373_013803-T1
TFCN1702E3373_005179-T1__TFCN1702E3373_013806-T1	NaN	NaN	NaN	NaN	NaN	NaN	NaN	NaN	GF00000045	Rhodotorula_mucilaginosa_TFCN_17-0-2E337-3.cds.fa_13605	Rhodotorula_mucilaginosa_TFCN_17-0-2E337-3.cds.fa_05116	NaN	NaN	NaN	NaN	NaN	NaN	NaN	NaN	TFCN1702E3373_013806-T1	TFCN1702E3373_005179-T1
TFCN1702E3373_005182-T1__TFCN1702E3373_013806-T1	NaN	NaN	NaN	NaN	NaN	NaN	NaN	NaN	GF00000045	Rhodotorula_mucilaginosa_TFCN_17-0-2E337-3.cds.fa_13605	Rhodotorula_mucilaginosa_TFCN_17-0-2E337-3.cds.fa_05119	NaN	NaN	NaN	NaN	NaN	NaN	NaN	NaN	TFCN1702E3373_013806-T1	TFCN1702E3373_005182-T1
TFCN1702E3373_013806-T1__TFCN1702E3373_014744-T1	NaN	NaN	NaN	NaN	NaN	NaN	NaN	NaN	GF00000045	Rhodotorula_mucilaginosa_TFCN_17-0-2E337-3.cds.fa_13605	Rhodotorula_mucilaginosa_TFCN_17-0-2E337-3.cds.fa_14516	NaN	NaN	NaN	NaN	NaN	NaN	NaN	NaN	TFCN1702E3373_013806-T1	TFCN1702E3373_014744-T1
TFCN1702E3373_012942-T1__TFCN1702E3373_013806-T1	NaN	NaN	NaN	NaN	NaN	NaN	NaN	NaN	GF00000045	Rhodotorula_mucilaginosa_TFCN_17-0-2E337-3.cds.fa_13605	Rhodotorula_mucilaginosa_TFCN_17-0-2E337-3.cds.fa_12763	NaN	NaN	NaN	NaN	NaN	NaN	NaN	NaN	TFCN1702E3373_013806-T1	TFCN1702E3373_012942-T1
TFCN1702E3373_013806-T1__TFCN1702E3373_014762-T1	NaN	NaN	NaN	NaN	NaN	NaN	NaN	NaN	GF00000045	Rhodotorula_mucilaginosa_TFCN_17-0-2E337-3.cds.fa_13605	Rhodotorula_mucilaginosa_TFCN_17-0-2E337-3.cds.fa_14533	NaN	NaN	NaN	NaN	NaN	NaN	NaN	NaN	TFCN1702E3373_013806-T1	TFCN1702E3373_014762-T1
TFCN1702E3373_013803-T1__TFCN1702E3373_013806-T1	NaN	NaN	NaN	NaN	NaN	NaN	NaN	NaN	GF00000045	Rhodotorula_mucilaginosa_TFCN_17-0-2E337-3.cds.fa_13605	Rhodotorula_mucilaginosa_TFCN_17-0-2E337-3.cds.fa_13602	NaN	NaN	NaN	NaN	NaN	NaN	NaN	NaN	TFCN1702E3373_013806-T1	TFCN1702E3373_013803-T1
TFCN1702E3373_005179-T1__TFCN1702E3373_005182-T1	NaN	NaN	NaN	NaN	NaN	NaN	NaN	NaN	GF00000045	Rhodotorula_mucilaginosa_TFCN_17-0-2E337-3.cds.fa_05116	Rhodotorula_mucilaginosa_TFCN_17-0-2E337-3.cds.fa_05119	NaN	NaN	NaN	NaN	NaN	NaN	NaN	NaN	TFCN1702E3373_005179-T1	TFCN1702E3373_005182-T1
TFCN1702E3373_005179-T1__TFCN1702E3373_014744-T1	NaN	NaN	NaN	NaN	NaN	NaN	NaN	NaN	GF00000045	Rhodotorula_mucilaginosa_TFCN_17-0-2E337-3.cds.fa_05116	Rhodotorula_mucilaginosa_TFCN_17-0-2E337-3.cds.fa_14516	NaN	NaN	NaN	NaN	NaN	NaN	NaN	NaN	TFCN1702E3373_005179-T1	TFCN1702E3373_014744-T1
TFCN1702E3373_005179-T1__TFCN1702E3373_012942-T1	NaN	NaN	NaN	NaN	NaN	NaN	NaN	NaN	GF00000045	Rhodotorula_mucilaginosa_TFCN_17-0-2E337-3.cds.fa_05116	Rhodotorula_mucilaginosa_TFCN_17-0-2E337-3.cds.fa_12763	NaN	NaN	NaN	NaN	NaN	NaN	NaN	NaN	TFCN1702E3373_005179-T1	TFCN1702E3373_012942-T1
TFCN1702E3373_005179-T1__TFCN1702E3373_014762-T1	NaN	NaN	NaN	NaN	NaN	NaN	NaN	NaN	GF00000045	Rhodotorula_mucilaginosa_TFCN_17-0-2E337-3.cds.fa_05116	Rhodotorula_mucilaginosa_TFCN_17-0-2E337-3.cds.fa_14533	NaN	NaN	NaN	NaN	NaN	NaN	NaN	NaN	TFCN1702E3373_005179-T1	TFCN1702E3373_014762-T1
TFCN1702E3373_005179-T1__TFCN1702E3373_013803-T1	NaN	NaN	NaN	NaN	NaN	NaN	NaN	NaN	GF00000045	Rhodotorula_mucilaginosa_TFCN_17-0-2E337-3.cds.fa_05116	Rhodotorula_mucilaginosa_TFCN_17-0-2E337-3.cds.fa_13602	NaN	NaN	NaN	NaN	NaN	NaN	NaN	NaN	TFCN1702E3373_005179-T1	TFCN1702E3373_013803-T1
TFCN1702E3373_005182-T1__TFCN1702E3373_014744-T1	NaN	NaN	NaN	NaN	NaN	NaN	NaN	NaN	GF00000045	Rhodotorula_mucilaginosa_TFCN_17-0-2E337-3.cds.fa_05119	Rhodotorula_mucilaginosa_TFCN_17-0-2E337-3.cds.fa_14516	NaN	NaN	NaN	NaN	NaN	NaN	NaN	NaN	TFCN1702E3373_005182-T1	TFCN1702E3373_014744-T1
TFCN1702E3373_005182-T1__TFCN1702E3373_012942-T1	NaN	NaN	NaN	NaN	NaN	NaN	NaN	NaN	GF00000045	Rhodotorula_mucilaginosa_TFCN_17-0-2E337-3.cds.fa_05119	Rhodotorula_mucilaginosa_TFCN_17-0-2E337-3.cds.fa_12763	NaN	NaN	NaN	NaN	NaN	NaN	NaN	NaN	TFCN1702E3373_005182-T1	TFCN1702E3373_012942-T1
TFCN1702E3373_005182-T1__TFCN1702E3373_014762-T1	NaN	NaN	NaN	NaN	NaN	NaN	NaN	NaN	GF00000045	Rhodotorula_mucilaginosa_TFCN_17-0-2E337-3.cds.fa_05119	Rhodotorula_mucilaginosa_TFCN_17-0-2E337-3.cds.fa_14533	NaN	NaN	NaN	NaN	NaN	NaN	NaN	NaN	TFCN1702E3373_005182-T1	TFCN1702E3373_014762-T1
TFCN1702E3373_005182-T1__TFCN1702E3373_013803-T1	NaN	NaN	NaN	NaN	NaN	NaN	NaN	NaN	GF00000045	Rhodotorula_mucilaginosa_TFCN_17-0-2E337-3.cds.fa_05119	Rhodotorula_mucilaginosa_TFCN_17-0-2E337-3.cds.fa_13602	NaN	NaN	NaN	NaN	NaN	NaN	NaN	NaN	TFCN1702E3373_005182-T1	TFCN1702E3373_013803-T1
TFCN1702E3373_012942-T1__TFCN1702E3373_014744-T1	NaN	NaN	NaN	NaN	NaN	NaN	NaN	NaN	GF00000045	Rhodotorula_mucilaginosa_TFCN_17-0-2E337-3.cds.fa_14516	Rhodotorula_mucilaginosa_TFCN_17-0-2E337-3.cds.fa_12763	NaN	NaN	NaN	NaN	NaN	NaN	NaN	NaN	TFCN1702E3373_014744-T1	TFCN1702E3373_012942-T1
TFCN1702E3373_014744-T1__TFCN1702E3373_014762-T1	NaN	NaN	NaN	NaN	NaN	NaN	NaN	NaN	GF00000045	Rhodotorula_mucilaginosa_TFCN_17-0-2E337-3.cds.fa_14516	Rhodotorula_mucilaginosa_TFCN_17-0-2E337-3.cds.fa_14533	NaN	NaN	NaN	NaN	NaN	NaN	NaN	NaN	TFCN1702E3373_014744-T1	TFCN1702E3373_014762-T1
TFCN1702E3373_013803-T1__TFCN1702E3373_014744-T1	NaN	NaN	NaN	NaN	NaN	NaN	NaN	NaN	GF00000045	Rhodotorula_mucilaginosa_TFCN_17-0-2E337-3.cds.fa_14516	Rhodotorula_mucilaginosa_TFCN_17-0-2E337-3.cds.fa_13602	NaN	NaN	NaN	NaN	NaN	NaN	NaN	NaN	TFCN1702E3373_014744-T1	TFCN1702E3373_013803-T1
TFCN1702E3373_012942-T1__TFCN1702E3373_014762-T1	NaN	NaN	NaN	NaN	NaN	NaN	NaN	NaN	GF00000045	Rhodotorula_mucilaginosa_TFCN_17-0-2E337-3.cds.fa_12763	Rhodotorula_mucilaginosa_TFCN_17-0-2E337-3.cds.fa_14533	NaN	NaN	NaN	NaN	NaN	NaN	NaN	NaN	TFCN1702E3373_012942-T1	TFCN1702E3373_014762-T1
TFCN1702E3373_012942-T1__TFCN1702E3373_013803-T1	NaN	NaN	NaN	NaN	NaN	NaN	NaN	NaN	GF00000045	Rhodotorula_mucilaginosa_TFCN_17-0-2E337-3.cds.fa_12763	Rhodotorula_mucilaginosa_TFCN_17-0-2E337-3.cds.fa_13602	NaN	NaN	NaN	NaN	NaN	NaN	NaN	NaN	TFCN1702E3373_012942-T1	TFCN1702E3373_013803-T1
TFCN1702E3373_013803-T1__TFCN1702E3373_014762-T1	NaN	NaN	NaN	NaN	NaN	NaN	NaN	NaN	GF00000045	Rhodotorula_mucilaginosa_TFCN_17-0-2E337-3.cds.fa_14533	Rhodotorula_mucilaginosa_TFCN_17-0-2E337-3.cds.fa_13602	NaN	NaN	NaN	NaN	NaN	NaN	NaN	NaN	TFCN1702E3373_014762-T1	TFCN1702E3373_013803-T1
TFCN1702E3373_002152-T1__TFCN1702E3373_014151-T1	NaN	NaN	NaN	NaN	NaN	NaN	NaN	NaN	GF00000053	Rhodotorula_mucilaginosa_TFCN_17-0-2E337-3.cds.fa_13944	Rhodotorula_mucilaginosa_TFCN_17-0-2E337-3.cds.fa_02133	NaN	NaN	NaN	NaN	NaN	NaN	NaN	NaN	TFCN1702E3373_014151-T1	TFCN1702E3373_002152-T1
TFCN1702E3373_014150-T1__TFCN1702E3373_014151-T1	NaN	NaN	NaN	NaN	NaN	NaN	NaN	NaN	GF00000053	Rhodotorula_mucilaginosa_TFCN_17-0-2E337-3.cds.fa_13944	Rhodotorula_mucilaginosa_TFCN_17-0-2E337-3.cds.fa_13943	NaN	NaN	NaN	NaN	NaN	NaN	NaN	NaN	TFCN1702E3373_014151-T1	TFCN1702E3373_014150-T1
TFCN1702E3373_012523-T1__TFCN1702E3373_014151-T1	NaN	NaN	NaN	NaN	NaN	NaN	NaN	NaN	GF00000053	Rhodotorula_mucilaginosa_TFCN_17-0-2E337-3.cds.fa_13944	Rhodotorula_mucilaginosa_TFCN_17-0-2E337-3.cds.fa_12357	NaN	NaN	NaN	NaN	NaN	NaN	NaN	NaN	TFCN1702E3373_014151-T1	TFCN1702E3373_012523-T1
TFCN1702E3373_002184-T1__TFCN1702E3373_014151-T1	NaN	NaN	NaN	NaN	NaN	NaN	NaN	NaN	GF00000053	Rhodotorula_mucilaginosa_TFCN_17-0-2E337-3.cds.fa_13944	Rhodotorula_mucilaginosa_TFCN_17-0-2E337-3.cds.fa_02165	NaN	NaN	NaN	NaN	NaN	NaN	NaN	NaN	TFCN1702E3373_014151-T1	TFCN1702E3373_002184-T1
TFCN1702E3373_012524-T1__TFCN1702E3373_014151-T1	NaN	NaN	NaN	NaN	NaN	NaN	NaN	NaN	GF00000053	Rhodotorula_mucilaginosa_TFCN_17-0-2E337-3.cds.fa_13944	Rhodotorula_mucilaginosa_TFCN_17-0-2E337-3.cds.fa_12358	NaN	NaN	NaN	NaN	NaN	NaN	NaN	NaN	TFCN1702E3373_014151-T1	TFCN1702E3373_012524-T1
TFCN1702E3373_002153-T1__TFCN1702E3373_014151-T1	NaN	NaN	NaN	NaN	NaN	NaN	NaN	NaN	GF00000053	Rhodotorula_mucilaginosa_TFCN_17-0-2E337-3.cds.fa_13944	Rhodotorula_mucilaginosa_TFCN_17-0-2E337-3.cds.fa_02134	NaN	NaN	NaN	NaN	NaN	NaN	NaN	NaN	TFCN1702E3373_014151-T1	TFCN1702E3373_002153-T1
TFCN1702E3373_002186-T1__TFCN1702E3373_014151-T1	NaN	NaN	NaN	NaN	NaN	NaN	NaN	NaN	GF00000053	Rhodotorula_mucilaginosa_TFCN_17-0-2E337-3.cds.fa_13944	Rhodotorula_mucilaginosa_TFCN_17-0-2E337-3.cds.fa_02167	NaN	NaN	NaN	NaN	NaN	NaN	NaN	NaN	TFCN1702E3373_014151-T1	TFCN1702E3373_002186-T1
TFCN1702E3373_002185-T1__TFCN1702E3373_014151-T1	NaN	NaN	NaN	NaN	NaN	NaN	NaN	NaN	GF00000053	Rhodotorula_mucilaginosa_TFCN_17-0-2E337-3.cds.fa_13944	Rhodotorula_mucilaginosa_TFCN_17-0-2E337-3.cds.fa_02166	NaN	NaN	NaN	NaN	NaN	NaN	NaN	NaN	TFCN1702E3373_014151-T1	TFCN1702E3373_002185-T1
TFCN1702E3373_002152-T1__TFCN1702E3373_014150-T1	NaN	NaN	NaN	NaN	NaN	NaN	NaN	NaN	GF00000053	Rhodotorula_mucilaginosa_TFCN_17-0-2E337-3.cds.fa_02133	Rhodotorula_mucilaginosa_TFCN_17-0-2E337-3.cds.fa_13943	NaN	NaN	NaN	NaN	NaN	NaN	NaN	NaN	TFCN1702E3373_002152-T1	TFCN1702E3373_014150-T1
TFCN1702E3373_002152-T1__TFCN1702E3373_012523-T1	NaN	NaN	NaN	NaN	NaN	NaN	NaN	NaN	GF00000053	Rhodotorula_mucilaginosa_TFCN_17-0-2E337-3.cds.fa_02133	Rhodotorula_mucilaginosa_TFCN_17-0-2E337-3.cds.fa_12357	NaN	NaN	NaN	NaN	NaN	NaN	NaN	NaN	TFCN1702E3373_002152-T1	TFCN1702E3373_012523-T1
TFCN1702E3373_002152-T1__TFCN1702E3373_002184-T1	NaN	NaN	NaN	NaN	NaN	NaN	NaN	NaN	GF00000053	Rhodotorula_mucilaginosa_TFCN_17-0-2E337-3.cds.fa_02133	Rhodotorula_mucilaginosa_TFCN_17-0-2E337-3.cds.fa_02165	NaN	NaN	NaN	NaN	NaN	NaN	NaN	NaN	TFCN1702E3373_002152-T1	TFCN1702E3373_002184-T1
TFCN1702E3373_002152-T1__TFCN1702E3373_012524-T1	NaN	NaN	NaN	NaN	NaN	NaN	NaN	NaN	GF00000053	Rhodotorula_mucilaginosa_TFCN_17-0-2E337-3.cds.fa_02133	Rhodotorula_mucilaginosa_TFCN_17-0-2E337-3.cds.fa_12358	NaN	NaN	NaN	NaN	NaN	NaN	NaN	NaN	TFCN1702E3373_002152-T1	TFCN1702E3373_012524-T1
TFCN1702E3373_002152-T1__TFCN1702E3373_002153-T1	NaN	NaN	NaN	NaN	NaN	NaN	NaN	NaN	GF00000053	Rhodotorula_mucilaginosa_TFCN_17-0-2E337-3.cds.fa_02133	Rhodotorula_mucilaginosa_TFCN_17-0-2E337-3.cds.fa_02134	NaN	NaN	NaN	NaN	NaN	NaN	NaN	NaN	TFCN1702E3373_002152-T1	TFCN1702E3373_002153-T1
TFCN1702E3373_002152-T1__TFCN1702E3373_002186-T1	NaN	NaN	NaN	NaN	NaN	NaN	NaN	NaN	GF00000053	Rhodotorula_mucilaginosa_TFCN_17-0-2E337-3.cds.fa_02133	Rhodotorula_mucilaginosa_TFCN_17-0-2E337-3.cds.fa_02167	NaN	NaN	NaN	NaN	NaN	NaN	NaN	NaN	TFCN1702E3373_002152-T1	TFCN1702E3373_002186-T1
TFCN1702E3373_002152-T1__TFCN1702E3373_002185-T1	NaN	NaN	NaN	NaN	NaN	NaN	NaN	NaN	GF00000053	Rhodotorula_mucilaginosa_TFCN_17-0-2E337-3.cds.fa_02133	Rhodotorula_mucilaginosa_TFCN_17-0-2E337-3.cds.fa_02166	NaN	NaN	NaN	NaN	NaN	NaN	NaN	NaN	TFCN1702E3373_002152-T1	TFCN1702E3373_002185-T1
TFCN1702E3373_012523-T1__TFCN1702E3373_014150-T1	NaN	NaN	NaN	NaN	NaN	NaN	NaN	NaN	GF00000053	Rhodotorula_mucilaginosa_TFCN_17-0-2E337-3.cds.fa_13943	Rhodotorula_mucilaginosa_TFCN_17-0-2E337-3.cds.fa_12357	NaN	NaN	NaN	NaN	NaN	NaN	NaN	NaN	TFCN1702E3373_014150-T1	TFCN1702E3373_012523-T1
TFCN1702E3373_002184-T1__TFCN1702E3373_014150-T1	NaN	NaN	NaN	NaN	NaN	NaN	NaN	NaN	GF00000053	Rhodotorula_mucilaginosa_TFCN_17-0-2E337-3.cds.fa_13943	Rhodotorula_mucilaginosa_TFCN_17-0-2E337-3.cds.fa_02165	NaN	NaN	NaN	NaN	NaN	NaN	NaN	NaN	TFCN1702E3373_014150-T1	TFCN1702E3373_002184-T1
TFCN1702E3373_012524-T1__TFCN1702E3373_014150-T1	NaN	NaN	NaN	NaN	NaN	NaN	NaN	NaN	GF00000053	Rhodotorula_mucilaginosa_TFCN_17-0-2E337-3.cds.fa_13943	Rhodotorula_mucilaginosa_TFCN_17-0-2E337-3.cds.fa_12358	NaN	NaN	NaN	NaN	NaN	NaN	NaN	NaN	TFCN1702E3373_014150-T1	TFCN1702E3373_012524-T1
TFCN1702E3373_002153-T1__TFCN1702E3373_014150-T1	NaN	NaN	NaN	NaN	NaN	NaN	NaN	NaN	GF00000053	Rhodotorula_mucilaginosa_TFCN_17-0-2E337-3.cds.fa_13943	Rhodotorula_mucilaginosa_TFCN_17-0-2E337-3.cds.fa_02134	NaN	NaN	NaN	NaN	NaN	NaN	NaN	NaN	TFCN1702E3373_014150-T1	TFCN1702E3373_002153-T1
TFCN1702E3373_002186-T1__TFCN1702E3373_014150-T1	NaN	NaN	NaN	NaN	NaN	NaN	NaN	NaN	GF00000053	Rhodotorula_mucilaginosa_TFCN_17-0-2E337-3.cds.fa_13943	Rhodotorula_mucilaginosa_TFCN_17-0-2E337-3.cds.fa_02167	NaN	NaN	NaN	NaN	NaN	NaN	NaN	NaN	TFCN1702E3373_014150-T1	TFCN1702E3373_002186-T1
TFCN1702E3373_002185-T1__TFCN1702E3373_014150-T1	NaN	NaN	NaN	NaN	NaN	NaN	NaN	NaN	GF00000053	Rhodotorula_mucilaginosa_TFCN_17-0-2E337-3.cds.fa_13943	Rhodotorula_mucilaginosa_TFCN_17-0-2E337-3.cds.fa_02166	NaN	NaN	NaN	NaN	NaN	NaN	NaN	NaN	TFCN1702E3373_014150-T1	TFCN1702E3373_002185-T1
TFCN1702E3373_002184-T1__TFCN1702E3373_012523-T1	NaN	NaN	NaN	NaN	NaN	NaN	NaN	NaN	GF00000053	Rhodotorula_mucilaginosa_TFCN_17-0-2E337-3.cds.fa_12357	Rhodotorula_mucilaginosa_TFCN_17-0-2E337-3.cds.fa_02165	NaN	NaN	NaN	NaN	NaN	NaN	NaN	NaN	TFCN1702E3373_012523-T1	TFCN1702E3373_002184-T1
TFCN1702E3373_012523-T1__TFCN1702E3373_012524-T1	NaN	NaN	NaN	NaN	NaN	NaN	NaN	NaN	GF00000053	Rhodotorula_mucilaginosa_TFCN_17-0-2E337-3.cds.fa_12357	Rhodotorula_mucilaginosa_TFCN_17-0-2E337-3.cds.fa_12358	NaN	NaN	NaN	NaN	NaN	NaN	NaN	NaN	TFCN1702E3373_012523-T1	TFCN1702E3373_012524-T1
TFCN1702E3373_002153-T1__TFCN1702E3373_012523-T1	NaN	NaN	NaN	NaN	NaN	NaN	NaN	NaN	GF00000053	Rhodotorula_mucilaginosa_TFCN_17-0-2E337-3.cds.fa_12357	Rhodotorula_mucilaginosa_TFCN_17-0-2E337-3.cds.fa_02134	NaN	NaN	NaN	NaN	NaN	NaN	NaN	NaN	TFCN1702E3373_012523-T1	TFCN1702E3373_002153-T1
TFCN1702E3373_002186-T1__TFCN1702E3373_012523-T1	NaN	NaN	NaN	NaN	NaN	NaN	NaN	NaN	GF00000053	Rhodotorula_mucilaginosa_TFCN_17-0-2E337-3.cds.fa_12357	Rhodotorula_mucilaginosa_TFCN_17-0-2E337-3.cds.fa_02167	NaN	NaN	NaN	NaN	NaN	NaN	NaN	NaN	TFCN1702E3373_012523-T1	TFCN1702E3373_002186-T1
TFCN1702E3373_002185-T1__TFCN1702E3373_012523-T1	NaN	NaN	NaN	NaN	NaN	NaN	NaN	NaN	GF00000053	Rhodotorula_mucilaginosa_TFCN_17-0-2E337-3.cds.fa_12357	Rhodotorula_mucilaginosa_TFCN_17-0-2E337-3.cds.fa_02166	NaN	NaN	NaN	NaN	NaN	NaN	NaN	NaN	TFCN1702E3373_012523-T1	TFCN1702E3373_002185-T1
TFCN1702E3373_002184-T1__TFCN1702E3373_012524-T1	NaN	NaN	NaN	NaN	NaN	NaN	NaN	NaN	GF00000053	Rhodotorula_mucilaginosa_TFCN_17-0-2E337-3.cds.fa_02165	Rhodotorula_mucilaginosa_TFCN_17-0-2E337-3.cds.fa_12358	NaN	NaN	NaN	NaN	NaN	NaN	NaN	NaN	TFCN1702E3373_002184-T1	TFCN1702E3373_012524-T1
TFCN1702E3373_002153-T1__TFCN1702E3373_002184-T1	NaN	NaN	NaN	NaN	NaN	NaN	NaN	NaN	GF00000053	Rhodotorula_mucilaginosa_TFCN_17-0-2E337-3.cds.fa_02165	Rhodotorula_mucilaginosa_TFCN_17-0-2E337-3.cds.fa_02134	NaN	NaN	NaN	NaN	NaN	NaN	NaN	NaN	TFCN1702E3373_002184-T1	TFCN1702E3373_002153-T1
TFCN1702E3373_002184-T1__TFCN1702E3373_002186-T1	NaN	NaN	NaN	NaN	NaN	NaN	NaN	NaN	GF00000053	Rhodotorula_mucilaginosa_TFCN_17-0-2E337-3.cds.fa_02165	Rhodotorula_mucilaginosa_TFCN_17-0-2E337-3.cds.fa_02167	NaN	NaN	NaN	NaN	NaN	NaN	NaN	NaN	TFCN1702E3373_002184-T1	TFCN1702E3373_002186-T1
TFCN1702E3373_002184-T1__TFCN1702E3373_002185-T1	NaN	NaN	NaN	NaN	NaN	NaN	NaN	NaN	GF00000053	Rhodotorula_mucilaginosa_TFCN_17-0-2E337-3.cds.fa_02165	Rhodotorula_mucilaginosa_TFCN_17-0-2E337-3.cds.fa_02166	NaN	NaN	NaN	NaN	NaN	NaN	NaN	NaN	TFCN1702E3373_002184-T1	TFCN1702E3373_002185-T1
TFCN1702E3373_002153-T1__TFCN1702E3373_012524-T1	NaN	NaN	NaN	NaN	NaN	NaN	NaN	NaN	GF00000053	Rhodotorula_mucilaginosa_TFCN_17-0-2E337-3.cds.fa_12358	Rhodotorula_mucilaginosa_TFCN_17-0-2E337-3.cds.fa_02134	NaN	NaN	NaN	NaN	NaN	NaN	NaN	NaN	TFCN1702E3373_012524-T1	TFCN1702E3373_002153-T1
TFCN1702E3373_002186-T1__TFCN1702E3373_012524-T1	NaN	NaN	NaN	NaN	NaN	NaN	NaN	NaN	GF00000053	Rhodotorula_mucilaginosa_TFCN_17-0-2E337-3.cds.fa_12358	Rhodotorula_mucilaginosa_TFCN_17-0-2E337-3.cds.fa_02167	NaN	NaN	NaN	NaN	NaN	NaN	NaN	NaN	TFCN1702E3373_012524-T1	TFCN1702E3373_002186-T1
TFCN1702E3373_002185-T1__TFCN1702E3373_012524-T1	NaN	NaN	NaN	NaN	NaN	NaN	NaN	NaN	GF00000053	Rhodotorula_mucilaginosa_TFCN_17-0-2E337-3.cds.fa_12358	Rhodotorula_mucilaginosa_TFCN_17-0-2E337-3.cds.fa_02166	NaN	NaN	NaN	NaN	NaN	NaN	NaN	NaN	TFCN1702E3373_012524-T1	TFCN1702E3373_002185-T1
TFCN1702E3373_002153-T1__TFCN1702E3373_002186-T1	NaN	NaN	NaN	NaN	NaN	NaN	NaN	NaN	GF00000053	Rhodotorula_mucilaginosa_TFCN_17-0-2E337-3.cds.fa_02134	Rhodotorula_mucilaginosa_TFCN_17-0-2E337-3.cds.fa_02167	NaN	NaN	NaN	NaN	NaN	NaN	NaN	NaN	TFCN1702E3373_002153-T1	TFCN1702E3373_002186-T1
TFCN1702E3373_002153-T1__TFCN1702E3373_002185-T1	NaN	NaN	NaN	NaN	NaN	NaN	NaN	NaN	GF00000053	Rhodotorula_mucilaginosa_TFCN_17-0-2E337-3.cds.fa_02134	Rhodotorula_mucilaginosa_TFCN_17-0-2E337-3.cds.fa_02166	NaN	NaN	NaN	NaN	NaN	NaN	NaN	NaN	TFCN1702E3373_002153-T1	TFCN1702E3373_002185-T1
TFCN1702E3373_002185-T1__TFCN1702E3373_002186-T1	NaN	NaN	NaN	NaN	NaN	NaN	NaN	NaN	GF00000053	Rhodotorula_mucilaginosa_TFCN_17-0-2E337-3.cds.fa_02167	Rhodotorula_mucilaginosa_TFCN_17-0-2E337-3.cds.fa_02166	NaN	NaN	NaN	NaN	NaN	NaN	NaN	NaN	TFCN1702E3373_002186-T1	TFCN1702E3373_002185-T1
TFCN1702E3373_004006-T1__TFCN1702E3373_004007-T1	NaN	NaN	NaN	NaN	NaN	NaN	NaN	NaN	GF00000059	Rhodotorula_mucilaginosa_TFCN_17-0-2E337-3.cds.fa_03951	Rhodotorula_mucilaginosa_TFCN_17-0-2E337-3.cds.fa_03952	NaN	NaN	NaN	NaN	NaN	NaN	NaN	NaN	TFCN1702E3373_004006-T1	TFCN1702E3373_004007-T1
TFCN1702E3373_002189-T1__TFCN1702E3373_004006-T1	NaN	NaN	NaN	NaN	NaN	NaN	NaN	NaN	GF00000059	Rhodotorula_mucilaginosa_TFCN_17-0-2E337-3.cds.fa_03951	Rhodotorula_mucilaginosa_TFCN_17-0-2E337-3.cds.fa_02170	NaN	NaN	NaN	NaN	NaN	NaN	NaN	NaN	TFCN1702E3373_004006-T1	TFCN1702E3373_002189-T1
TFCN1702E3373_004006-T1__TFCN1702E3373_006424-T1	NaN	NaN	NaN	NaN	NaN	NaN	NaN	NaN	GF00000059	Rhodotorula_mucilaginosa_TFCN_17-0-2E337-3.cds.fa_03951	Rhodotorula_mucilaginosa_TFCN_17-0-2E337-3.cds.fa_06348	NaN	NaN	NaN	NaN	NaN	NaN	NaN	NaN	TFCN1702E3373_004006-T1	TFCN1702E3373_006424-T1
TFCN1702E3373_004006-T1__TFCN1702E3373_004223-T1	NaN	NaN	NaN	NaN	NaN	NaN	NaN	NaN	GF00000059	Rhodotorula_mucilaginosa_TFCN_17-0-2E337-3.cds.fa_03951	Rhodotorula_mucilaginosa_TFCN_17-0-2E337-3.cds.fa_04167	NaN	NaN	NaN	NaN	NaN	NaN	NaN	NaN	TFCN1702E3373_004006-T1	TFCN1702E3373_004223-T1
TFCN1702E3373_004006-T1__TFCN1702E3373_006425-T1	NaN	NaN	NaN	NaN	NaN	NaN	NaN	NaN	GF00000059	Rhodotorula_mucilaginosa_TFCN_17-0-2E337-3.cds.fa_03951	Rhodotorula_mucilaginosa_TFCN_17-0-2E337-3.cds.fa_06349	NaN	NaN	NaN	NaN	NaN	NaN	NaN	NaN	TFCN1702E3373_004006-T1	TFCN1702E3373_006425-T1
TFCN1702E3373_004006-T1__TFCN1702E3373_014120-T1	NaN	NaN	NaN	NaN	NaN	NaN	NaN	NaN	GF00000059	Rhodotorula_mucilaginosa_TFCN_17-0-2E337-3.cds.fa_03951	Rhodotorula_mucilaginosa_TFCN_17-0-2E337-3.cds.fa_13914	NaN	NaN	NaN	NaN	NaN	NaN	NaN	NaN	TFCN1702E3373_004006-T1	TFCN1702E3373_014120-T1
TFCN1702E3373_004006-T1__TFCN1702E3373_014119-T1	NaN	NaN	NaN	NaN	NaN	NaN	NaN	NaN	GF00000059	Rhodotorula_mucilaginosa_TFCN_17-0-2E337-3.cds.fa_03951	Rhodotorula_mucilaginosa_TFCN_17-0-2E337-3.cds.fa_13913	NaN	NaN	NaN	NaN	NaN	NaN	NaN	NaN	TFCN1702E3373_004006-T1	TFCN1702E3373_014119-T1
TFCN1702E3373_002189-T1__TFCN1702E3373_004007-T1	NaN	NaN	NaN	NaN	NaN	NaN	NaN	NaN	GF00000059	Rhodotorula_mucilaginosa_TFCN_17-0-2E337-3.cds.fa_03952	Rhodotorula_mucilaginosa_TFCN_17-0-2E337-3.cds.fa_02170	NaN	NaN	NaN	NaN	NaN	NaN	NaN	NaN	TFCN1702E3373_004007-T1	TFCN1702E3373_002189-T1
TFCN1702E3373_004007-T1__TFCN1702E3373_006424-T1	NaN	NaN	NaN	NaN	NaN	NaN	NaN	NaN	GF00000059	Rhodotorula_mucilaginosa_TFCN_17-0-2E337-3.cds.fa_03952	Rhodotorula_mucilaginosa_TFCN_17-0-2E337-3.cds.fa_06348	NaN	NaN	NaN	NaN	NaN	NaN	NaN	NaN	TFCN1702E3373_004007-T1	TFCN1702E3373_006424-T1
TFCN1702E3373_004007-T1__TFCN1702E3373_004223-T1	NaN	NaN	NaN	NaN	NaN	NaN	NaN	NaN	GF00000059	Rhodotorula_mucilaginosa_TFCN_17-0-2E337-3.cds.fa_03952	Rhodotorula_mucilaginosa_TFCN_17-0-2E337-3.cds.fa_04167	NaN	NaN	NaN	NaN	NaN	NaN	NaN	NaN	TFCN1702E3373_004007-T1	TFCN1702E3373_004223-T1
TFCN1702E3373_004007-T1__TFCN1702E3373_006425-T1	NaN	NaN	NaN	NaN	NaN	NaN	NaN	NaN	GF00000059	Rhodotorula_mucilaginosa_TFCN_17-0-2E337-3.cds.fa_03952	Rhodotorula_mucilaginosa_TFCN_17-0-2E337-3.cds.fa_06349	NaN	NaN	NaN	NaN	NaN	NaN	NaN	NaN	TFCN1702E3373_004007-T1	TFCN1702E3373_006425-T1
TFCN1702E3373_004007-T1__TFCN1702E3373_014120-T1	NaN	NaN	NaN	NaN	NaN	NaN	NaN	NaN	GF00000059	Rhodotorula_mucilaginosa_TFCN_17-0-2E337-3.cds.fa_03952	Rhodotorula_mucilaginosa_TFCN_17-0-2E337-3.cds.fa_13914	NaN	NaN	NaN	NaN	NaN	NaN	NaN	NaN	TFCN1702E3373_004007-T1	TFCN1702E3373_014120-T1
TFCN1702E3373_004007-T1__TFCN1702E3373_014119-T1	NaN	NaN	NaN	NaN	NaN	NaN	NaN	NaN	GF00000059	Rhodotorula_mucilaginosa_TFCN_17-0-2E337-3.cds.fa_03952	Rhodotorula_mucilaginosa_TFCN_17-0-2E337-3.cds.fa_13913	NaN	NaN	NaN	NaN	NaN	NaN	NaN	NaN	TFCN1702E3373_004007-T1	TFCN1702E3373_014119-T1
TFCN1702E3373_002189-T1__TFCN1702E3373_006424-T1	NaN	NaN	NaN	NaN	NaN	NaN	NaN	NaN	GF00000059	Rhodotorula_mucilaginosa_TFCN_17-0-2E337-3.cds.fa_02170	Rhodotorula_mucilaginosa_TFCN_17-0-2E337-3.cds.fa_06348	NaN	NaN	NaN	NaN	NaN	NaN	NaN	NaN	TFCN1702E3373_002189-T1	TFCN1702E3373_006424-T1
TFCN1702E3373_002189-T1__TFCN1702E3373_004223-T1	NaN	NaN	NaN	NaN	NaN	NaN	NaN	NaN	GF00000059	Rhodotorula_mucilaginosa_TFCN_17-0-2E337-3.cds.fa_02170	Rhodotorula_mucilaginosa_TFCN_17-0-2E337-3.cds.fa_04167	NaN	NaN	NaN	NaN	NaN	NaN	NaN	NaN	TFCN1702E3373_002189-T1	TFCN1702E3373_004223-T1
TFCN1702E3373_002189-T1__TFCN1702E3373_006425-T1	NaN	NaN	NaN	NaN	NaN	NaN	NaN	NaN	GF00000059	Rhodotorula_mucilaginosa_TFCN_17-0-2E337-3.cds.fa_02170	Rhodotorula_mucilaginosa_TFCN_17-0-2E337-3.cds.fa_06349	NaN	NaN	NaN	NaN	NaN	NaN	NaN	NaN	TFCN1702E3373_002189-T1	TFCN1702E3373_006425-T1
TFCN1702E3373_002189-T1__TFCN1702E3373_014120-T1	NaN	NaN	NaN	NaN	NaN	NaN	NaN	NaN	GF00000059	Rhodotorula_mucilaginosa_TFCN_17-0-2E337-3.cds.fa_02170	Rhodotorula_mucilaginosa_TFCN_17-0-2E337-3.cds.fa_13914	NaN	NaN	NaN	NaN	NaN	NaN	NaN	NaN	TFCN1702E3373_002189-T1	TFCN1702E3373_014120-T1
TFCN1702E3373_002189-T1__TFCN1702E3373_014119-T1	NaN	NaN	NaN	NaN	NaN	NaN	NaN	NaN	GF00000059	Rhodotorula_mucilaginosa_TFCN_17-0-2E337-3.cds.fa_02170	Rhodotorula_mucilaginosa_TFCN_17-0-2E337-3.cds.fa_13913	NaN	NaN	NaN	NaN	NaN	NaN	NaN	NaN	TFCN1702E3373_002189-T1	TFCN1702E3373_014119-T1
TFCN1702E3373_004223-T1__TFCN1702E3373_006424-T1	NaN	NaN	NaN	NaN	NaN	NaN	NaN	NaN	GF00000059	Rhodotorula_mucilaginosa_TFCN_17-0-2E337-3.cds.fa_06348	Rhodotorula_mucilaginosa_TFCN_17-0-2E337-3.cds.fa_04167	NaN	NaN	NaN	NaN	NaN	NaN	NaN	NaN	TFCN1702E3373_006424-T1	TFCN1702E3373_004223-T1
TFCN1702E3373_006424-T1__TFCN1702E3373_006425-T1	NaN	NaN	NaN	NaN	NaN	NaN	NaN	NaN	GF00000059	Rhodotorula_mucilaginosa_TFCN_17-0-2E337-3.cds.fa_06348	Rhodotorula_mucilaginosa_TFCN_17-0-2E337-3.cds.fa_06349	NaN	NaN	NaN	NaN	NaN	NaN	NaN	NaN	TFCN1702E3373_006424-T1	TFCN1702E3373_006425-T1
TFCN1702E3373_006424-T1__TFCN1702E3373_014120-T1	NaN	NaN	NaN	NaN	NaN	NaN	NaN	NaN	GF00000059	Rhodotorula_mucilaginosa_TFCN_17-0-2E337-3.cds.fa_06348	Rhodotorula_mucilaginosa_TFCN_17-0-2E337-3.cds.fa_13914	NaN	NaN	NaN	NaN	NaN	NaN	NaN	NaN	TFCN1702E3373_006424-T1	TFCN1702E3373_014120-T1
TFCN1702E3373_006424-T1__TFCN1702E3373_014119-T1	NaN	NaN	NaN	NaN	NaN	NaN	NaN	NaN	GF00000059	Rhodotorula_mucilaginosa_TFCN_17-0-2E337-3.cds.fa_06348	Rhodotorula_mucilaginosa_TFCN_17-0-2E337-3.cds.fa_13913	NaN	NaN	NaN	NaN	NaN	NaN	NaN	NaN	TFCN1702E3373_006424-T1	TFCN1702E3373_014119-T1
TFCN1702E3373_004223-T1__TFCN1702E3373_006425-T1	NaN	NaN	NaN	NaN	NaN	NaN	NaN	NaN	GF00000059	Rhodotorula_mucilaginosa_TFCN_17-0-2E337-3.cds.fa_04167	Rhodotorula_mucilaginosa_TFCN_17-0-2E337-3.cds.fa_06349	NaN	NaN	NaN	NaN	NaN	NaN	NaN	NaN	TFCN1702E3373_004223-T1	TFCN1702E3373_006425-T1
TFCN1702E3373_004223-T1__TFCN1702E3373_014120-T1	NaN	NaN	NaN	NaN	NaN	NaN	NaN	NaN	GF00000059	Rhodotorula_mucilaginosa_TFCN_17-0-2E337-3.cds.fa_04167	Rhodotorula_mucilaginosa_TFCN_17-0-2E337-3.cds.fa_13914	NaN	NaN	NaN	NaN	NaN	NaN	NaN	NaN	TFCN1702E3373_004223-T1	TFCN1702E3373_014120-T1
TFCN1702E3373_004223-T1__TFCN1702E3373_014119-T1	NaN	NaN	NaN	NaN	NaN	NaN	NaN	NaN	GF00000059	Rhodotorula_mucilaginosa_TFCN_17-0-2E337-3.cds.fa_04167	Rhodotorula_mucilaginosa_TFCN_17-0-2E337-3.cds.fa_13913	NaN	NaN	NaN	NaN	NaN	NaN	NaN	NaN	TFCN1702E3373_004223-T1	TFCN1702E3373_014119-T1
TFCN1702E3373_006425-T1__TFCN1702E3373_014120-T1	NaN	NaN	NaN	NaN	NaN	NaN	NaN	NaN	GF00000059	Rhodotorula_mucilaginosa_TFCN_17-0-2E337-3.cds.fa_06349	Rhodotorula_mucilaginosa_TFCN_17-0-2E337-3.cds.fa_13914	NaN	NaN	NaN	NaN	NaN	NaN	NaN	NaN	TFCN1702E3373_006425-T1	TFCN1702E3373_014120-T1
TFCN1702E3373_006425-T1__TFCN1702E3373_014119-T1	NaN	NaN	NaN	NaN	NaN	NaN	NaN	NaN	GF00000059	Rhodotorula_mucilaginosa_TFCN_17-0-2E337-3.cds.fa_06349	Rhodotorula_mucilaginosa_TFCN_17-0-2E337-3.cds.fa_13913	NaN	NaN	NaN	NaN	NaN	NaN	NaN	NaN	TFCN1702E3373_006425-T1	TFCN1702E3373_014119-T1
TFCN1702E3373_014119-T1__TFCN1702E3373_014120-T1	NaN	NaN	NaN	NaN	NaN	NaN	NaN	NaN	GF00000059	Rhodotorula_mucilaginosa_TFCN_17-0-2E337-3.cds.fa_13914	Rhodotorula_mucilaginosa_TFCN_17-0-2E337-3.cds.fa_13913	NaN	NaN	NaN	NaN	NaN	NaN	NaN	NaN	TFCN1702E3373_014120-T1	TFCN1702E3373_014119-T1
TFCN1702E3373_006685-T1__TFCN1702E3373_011220-T1	NaN	NaN	NaN	NaN	NaN	NaN	NaN	NaN	GF00000064	Rhodotorula_mucilaginosa_TFCN_17-0-2E337-3.cds.fa_11074	Rhodotorula_mucilaginosa_TFCN_17-0-2E337-3.cds.fa_06607	NaN	NaN	NaN	NaN	NaN	NaN	NaN	NaN	TFCN1702E3373_011220-T1	TFCN1702E3373_006685-T1
TFCN1702E3373_007628-T1__TFCN1702E3373_011220-T1	NaN	NaN	NaN	NaN	NaN	NaN	NaN	NaN	GF00000064	Rhodotorula_mucilaginosa_TFCN_17-0-2E337-3.cds.fa_11074	Rhodotorula_mucilaginosa_TFCN_17-0-2E337-3.cds.fa_07537	NaN	NaN	NaN	NaN	NaN	NaN	NaN	NaN	TFCN1702E3373_011220-T1	TFCN1702E3373_007628-T1
TFCN1702E3373_005497-T1__TFCN1702E3373_011220-T1	NaN	NaN	NaN	NaN	NaN	NaN	NaN	NaN	GF00000064	Rhodotorula_mucilaginosa_TFCN_17-0-2E337-3.cds.fa_11074	Rhodotorula_mucilaginosa_TFCN_17-0-2E337-3.cds.fa_05432	NaN	NaN	NaN	NaN	NaN	NaN	NaN	NaN	TFCN1702E3373_011220-T1	TFCN1702E3373_005497-T1
TFCN1702E3373_002758-T1__TFCN1702E3373_011220-T1	NaN	NaN	NaN	NaN	NaN	NaN	NaN	NaN	GF00000064	Rhodotorula_mucilaginosa_TFCN_17-0-2E337-3.cds.fa_11074	Rhodotorula_mucilaginosa_TFCN_17-0-2E337-3.cds.fa_02722	NaN	NaN	NaN	NaN	NaN	NaN	NaN	NaN	TFCN1702E3373_011220-T1	TFCN1702E3373_002758-T1
TFCN1702E3373_011220-T1__TFCN1702E3373_014742-T1	NaN	NaN	NaN	NaN	NaN	NaN	NaN	NaN	GF00000064	Rhodotorula_mucilaginosa_TFCN_17-0-2E337-3.cds.fa_11074	Rhodotorula_mucilaginosa_TFCN_17-0-2E337-3.cds.fa_14514	NaN	NaN	NaN	NaN	NaN	NaN	NaN	NaN	TFCN1702E3373_011220-T1	TFCN1702E3373_014742-T1
TFCN1702E3373_011220-T1__TFCN1702E3373_014781-T1	NaN	NaN	NaN	NaN	NaN	NaN	NaN	NaN	GF00000064	Rhodotorula_mucilaginosa_TFCN_17-0-2E337-3.cds.fa_11074	Rhodotorula_mucilaginosa_TFCN_17-0-2E337-3.cds.fa_14552	NaN	NaN	NaN	NaN	NaN	NaN	NaN	NaN	TFCN1702E3373_011220-T1	TFCN1702E3373_014781-T1
TFCN1702E3373_006685-T1__TFCN1702E3373_007628-T1	NaN	NaN	NaN	NaN	NaN	NaN	NaN	NaN	GF00000064	Rhodotorula_mucilaginosa_TFCN_17-0-2E337-3.cds.fa_06607	Rhodotorula_mucilaginosa_TFCN_17-0-2E337-3.cds.fa_07537	NaN	NaN	NaN	NaN	NaN	NaN	NaN	NaN	TFCN1702E3373_006685-T1	TFCN1702E3373_007628-T1
TFCN1702E3373_005497-T1__TFCN1702E3373_006685-T1	NaN	NaN	NaN	NaN	NaN	NaN	NaN	NaN	GF00000064	Rhodotorula_mucilaginosa_TFCN_17-0-2E337-3.cds.fa_06607	Rhodotorula_mucilaginosa_TFCN_17-0-2E337-3.cds.fa_05432	NaN	NaN	NaN	NaN	NaN	NaN	NaN	NaN	TFCN1702E3373_006685-T1	TFCN1702E3373_005497-T1
TFCN1702E3373_002758-T1__TFCN1702E3373_006685-T1	NaN	NaN	NaN	NaN	NaN	NaN	NaN	NaN	GF00000064	Rhodotorula_mucilaginosa_TFCN_17-0-2E337-3.cds.fa_06607	Rhodotorula_mucilaginosa_TFCN_17-0-2E337-3.cds.fa_02722	NaN	NaN	NaN	NaN	NaN	NaN	NaN	NaN	TFCN1702E3373_006685-T1	TFCN1702E3373_002758-T1
TFCN1702E3373_006685-T1__TFCN1702E3373_014742-T1	NaN	NaN	NaN	NaN	NaN	NaN	NaN	NaN	GF00000064	Rhodotorula_mucilaginosa_TFCN_17-0-2E337-3.cds.fa_06607	Rhodotorula_mucilaginosa_TFCN_17-0-2E337-3.cds.fa_14514	NaN	NaN	NaN	NaN	NaN	NaN	NaN	NaN	TFCN1702E3373_006685-T1	TFCN1702E3373_014742-T1
TFCN1702E3373_006685-T1__TFCN1702E3373_014781-T1	NaN	NaN	NaN	NaN	NaN	NaN	NaN	NaN	GF00000064	Rhodotorula_mucilaginosa_TFCN_17-0-2E337-3.cds.fa_06607	Rhodotorula_mucilaginosa_TFCN_17-0-2E337-3.cds.fa_14552	NaN	NaN	NaN	NaN	NaN	NaN	NaN	NaN	TFCN1702E3373_006685-T1	TFCN1702E3373_014781-T1
TFCN1702E3373_005497-T1__TFCN1702E3373_007628-T1	NaN	NaN	NaN	NaN	NaN	NaN	NaN	NaN	GF00000064	Rhodotorula_mucilaginosa_TFCN_17-0-2E337-3.cds.fa_07537	Rhodotorula_mucilaginosa_TFCN_17-0-2E337-3.cds.fa_05432	NaN	NaN	NaN	NaN	NaN	NaN	NaN	NaN	TFCN1702E3373_007628-T1	TFCN1702E3373_005497-T1
TFCN1702E3373_002758-T1__TFCN1702E3373_007628-T1	NaN	NaN	NaN	NaN	NaN	NaN	NaN	NaN	GF00000064	Rhodotorula_mucilaginosa_TFCN_17-0-2E337-3.cds.fa_07537	Rhodotorula_mucilaginosa_TFCN_17-0-2E337-3.cds.fa_02722	NaN	NaN	NaN	NaN	NaN	NaN	NaN	NaN	TFCN1702E3373_007628-T1	TFCN1702E3373_002758-T1
TFCN1702E3373_007628-T1__TFCN1702E3373_014742-T1	NaN	NaN	NaN	NaN	NaN	NaN	NaN	NaN	GF00000064	Rhodotorula_mucilaginosa_TFCN_17-0-2E337-3.cds.fa_07537	Rhodotorula_mucilaginosa_TFCN_17-0-2E337-3.cds.fa_14514	NaN	NaN	NaN	NaN	NaN	NaN	NaN	NaN	TFCN1702E3373_007628-T1	TFCN1702E3373_014742-T1
TFCN1702E3373_007628-T1__TFCN1702E3373_014781-T1	NaN	NaN	NaN	NaN	NaN	NaN	NaN	NaN	GF00000064	Rhodotorula_mucilaginosa_TFCN_17-0-2E337-3.cds.fa_07537	Rhodotorula_mucilaginosa_TFCN_17-0-2E337-3.cds.fa_14552	NaN	NaN	NaN	NaN	NaN	NaN	NaN	NaN	TFCN1702E3373_007628-T1	TFCN1702E3373_014781-T1
TFCN1702E3373_002758-T1__TFCN1702E3373_005497-T1	NaN	NaN	NaN	NaN	NaN	NaN	NaN	NaN	GF00000064	Rhodotorula_mucilaginosa_TFCN_17-0-2E337-3.cds.fa_05432	Rhodotorula_mucilaginosa_TFCN_17-0-2E337-3.cds.fa_02722	NaN	NaN	NaN	NaN	NaN	NaN	NaN	NaN	TFCN1702E3373_005497-T1	TFCN1702E3373_002758-T1
TFCN1702E3373_005497-T1__TFCN1702E3373_014742-T1	NaN	NaN	NaN	NaN	NaN	NaN	NaN	NaN	GF00000064	Rhodotorula_mucilaginosa_TFCN_17-0-2E337-3.cds.fa_05432	Rhodotorula_mucilaginosa_TFCN_17-0-2E337-3.cds.fa_14514	NaN	NaN	NaN	NaN	NaN	NaN	NaN	NaN	TFCN1702E3373_005497-T1	TFCN1702E3373_014742-T1
TFCN1702E3373_005497-T1__TFCN1702E3373_014781-T1	NaN	NaN	NaN	NaN	NaN	NaN	NaN	NaN	GF00000064	Rhodotorula_mucilaginosa_TFCN_17-0-2E337-3.cds.fa_05432	Rhodotorula_mucilaginosa_TFCN_17-0-2E337-3.cds.fa_14552	NaN	NaN	NaN	NaN	NaN	NaN	NaN	NaN	TFCN1702E3373_005497-T1	TFCN1702E3373_014781-T1
TFCN1702E3373_002758-T1__TFCN1702E3373_014742-T1	NaN	NaN	NaN	NaN	NaN	NaN	NaN	NaN	GF00000064	Rhodotorula_mucilaginosa_TFCN_17-0-2E337-3.cds.fa_02722	Rhodotorula_mucilaginosa_TFCN_17-0-2E337-3.cds.fa_14514	NaN	NaN	NaN	NaN	NaN	NaN	NaN	NaN	TFCN1702E3373_002758-T1	TFCN1702E3373_014742-T1
TFCN1702E3373_002758-T1__TFCN1702E3373_014781-T1	NaN	NaN	NaN	NaN	NaN	NaN	NaN	NaN	GF00000064	Rhodotorula_mucilaginosa_TFCN_17-0-2E337-3.cds.fa_02722	Rhodotorula_mucilaginosa_TFCN_17-0-2E337-3.cds.fa_14552	NaN	NaN	NaN	NaN	NaN	NaN	NaN	NaN	TFCN1702E3373_002758-T1	TFCN1702E3373_014781-T1
TFCN1702E3373_014742-T1__TFCN1702E3373_014781-T1	NaN	NaN	NaN	NaN	NaN	NaN	NaN	NaN	GF00000064	Rhodotorula_mucilaginosa_TFCN_17-0-2E337-3.cds.fa_14514	Rhodotorula_mucilaginosa_TFCN_17-0-2E337-3.cds.fa_14552	NaN	NaN	NaN	NaN	NaN	NaN	NaN	NaN	TFCN1702E3373_014742-T1	TFCN1702E3373_014781-T1
TFCN1702E3373_011308-T1__TFCN1702E3373_013555-T1	NaN	NaN	NaN	NaN	NaN	NaN	NaN	NaN	GF00000066	Rhodotorula_mucilaginosa_TFCN_17-0-2E337-3.cds.fa_13359	Rhodotorula_mucilaginosa_TFCN_17-0-2E337-3.cds.fa_11161	NaN	NaN	NaN	NaN	NaN	NaN	NaN	NaN	TFCN1702E3373_013555-T1	TFCN1702E3373_011308-T1
TFCN1702E3373_001568-T1__TFCN1702E3373_013555-T1	NaN	NaN	NaN	NaN	NaN	NaN	NaN	NaN	GF00000066	Rhodotorula_mucilaginosa_TFCN_17-0-2E337-3.cds.fa_13359	Rhodotorula_mucilaginosa_TFCN_17-0-2E337-3.cds.fa_01558	NaN	NaN	NaN	NaN	NaN	NaN	NaN	NaN	TFCN1702E3373_013555-T1	TFCN1702E3373_001568-T1
TFCN1702E3373_011312-T1__TFCN1702E3373_013555-T1	NaN	NaN	NaN	NaN	NaN	NaN	NaN	NaN	GF00000066	Rhodotorula_mucilaginosa_TFCN_17-0-2E337-3.cds.fa_13359	Rhodotorula_mucilaginosa_TFCN_17-0-2E337-3.cds.fa_11165	NaN	NaN	NaN	NaN	NaN	NaN	NaN	NaN	TFCN1702E3373_013555-T1	TFCN1702E3373_011312-T1
TFCN1702E3373_002622-T1__TFCN1702E3373_013555-T1	NaN	NaN	NaN	NaN	NaN	NaN	NaN	NaN	GF00000066	Rhodotorula_mucilaginosa_TFCN_17-0-2E337-3.cds.fa_13359	Rhodotorula_mucilaginosa_TFCN_17-0-2E337-3.cds.fa_02592	NaN	NaN	NaN	NaN	NaN	NaN	NaN	NaN	TFCN1702E3373_013555-T1	TFCN1702E3373_002622-T1
TFCN1702E3373_002617-T1__TFCN1702E3373_013555-T1	NaN	NaN	NaN	NaN	NaN	NaN	NaN	NaN	GF00000066	Rhodotorula_mucilaginosa_TFCN_17-0-2E337-3.cds.fa_13359	Rhodotorula_mucilaginosa_TFCN_17-0-2E337-3.cds.fa_02587	NaN	NaN	NaN	NaN	NaN	NaN	NaN	NaN	TFCN1702E3373_013555-T1	TFCN1702E3373_002617-T1
TFCN1702E3373_002618-T1__TFCN1702E3373_013555-T1	NaN	NaN	NaN	NaN	NaN	NaN	NaN	NaN	GF00000066	Rhodotorula_mucilaginosa_TFCN_17-0-2E337-3.cds.fa_13359	Rhodotorula_mucilaginosa_TFCN_17-0-2E337-3.cds.fa_02588	NaN	NaN	NaN	NaN	NaN	NaN	NaN	NaN	TFCN1702E3373_013555-T1	TFCN1702E3373_002618-T1
TFCN1702E3373_001568-T1__TFCN1702E3373_011308-T1	NaN	NaN	NaN	NaN	NaN	NaN	NaN	NaN	GF00000066	Rhodotorula_mucilaginosa_TFCN_17-0-2E337-3.cds.fa_11161	Rhodotorula_mucilaginosa_TFCN_17-0-2E337-3.cds.fa_01558	NaN	NaN	NaN	NaN	NaN	NaN	NaN	NaN	TFCN1702E3373_011308-T1	TFCN1702E3373_001568-T1
TFCN1702E3373_011308-T1__TFCN1702E3373_011312-T1	NaN	NaN	NaN	NaN	NaN	NaN	NaN	NaN	GF00000066	Rhodotorula_mucilaginosa_TFCN_17-0-2E337-3.cds.fa_11161	Rhodotorula_mucilaginosa_TFCN_17-0-2E337-3.cds.fa_11165	NaN	NaN	NaN	NaN	NaN	NaN	NaN	NaN	TFCN1702E3373_011308-T1	TFCN1702E3373_011312-T1
TFCN1702E3373_002622-T1__TFCN1702E3373_011308-T1	NaN	NaN	NaN	NaN	NaN	NaN	NaN	NaN	GF00000066	Rhodotorula_mucilaginosa_TFCN_17-0-2E337-3.cds.fa_11161	Rhodotorula_mucilaginosa_TFCN_17-0-2E337-3.cds.fa_02592	NaN	NaN	NaN	NaN	NaN	NaN	NaN	NaN	TFCN1702E3373_011308-T1	TFCN1702E3373_002622-T1
TFCN1702E3373_002617-T1__TFCN1702E3373_011308-T1	NaN	NaN	NaN	NaN	NaN	NaN	NaN	NaN	GF00000066	Rhodotorula_mucilaginosa_TFCN_17-0-2E337-3.cds.fa_11161	Rhodotorula_mucilaginosa_TFCN_17-0-2E337-3.cds.fa_02587	NaN	NaN	NaN	NaN	NaN	NaN	NaN	NaN	TFCN1702E3373_011308-T1	TFCN1702E3373_002617-T1
TFCN1702E3373_002618-T1__TFCN1702E3373_011308-T1	NaN	NaN	NaN	NaN	NaN	NaN	NaN	NaN	GF00000066	Rhodotorula_mucilaginosa_TFCN_17-0-2E337-3.cds.fa_11161	Rhodotorula_mucilaginosa_TFCN_17-0-2E337-3.cds.fa_02588	NaN	NaN	NaN	NaN	NaN	NaN	NaN	NaN	TFCN1702E3373_011308-T1	TFCN1702E3373_002618-T1
TFCN1702E3373_001568-T1__TFCN1702E3373_011312-T1	NaN	NaN	NaN	NaN	NaN	NaN	NaN	NaN	GF00000066	Rhodotorula_mucilaginosa_TFCN_17-0-2E337-3.cds.fa_01558	Rhodotorula_mucilaginosa_TFCN_17-0-2E337-3.cds.fa_11165	NaN	NaN	NaN	NaN	NaN	NaN	NaN	NaN	TFCN1702E3373_001568-T1	TFCN1702E3373_011312-T1
TFCN1702E3373_001568-T1__TFCN1702E3373_002622-T1	NaN	NaN	NaN	NaN	NaN	NaN	NaN	NaN	GF00000066	Rhodotorula_mucilaginosa_TFCN_17-0-2E337-3.cds.fa_01558	Rhodotorula_mucilaginosa_TFCN_17-0-2E337-3.cds.fa_02592	NaN	NaN	NaN	NaN	NaN	NaN	NaN	NaN	TFCN1702E3373_001568-T1	TFCN1702E3373_002622-T1
TFCN1702E3373_001568-T1__TFCN1702E3373_002617-T1	NaN	NaN	NaN	NaN	NaN	NaN	NaN	NaN	GF00000066	Rhodotorula_mucilaginosa_TFCN_17-0-2E337-3.cds.fa_01558	Rhodotorula_mucilaginosa_TFCN_17-0-2E337-3.cds.fa_02587	NaN	NaN	NaN	NaN	NaN	NaN	NaN	NaN	TFCN1702E3373_001568-T1	TFCN1702E3373_002617-T1
TFCN1702E3373_001568-T1__TFCN1702E3373_002618-T1	NaN	NaN	NaN	NaN	NaN	NaN	NaN	NaN	GF00000066	Rhodotorula_mucilaginosa_TFCN_17-0-2E337-3.cds.fa_01558	Rhodotorula_mucilaginosa_TFCN_17-0-2E337-3.cds.fa_02588	NaN	NaN	NaN	NaN	NaN	NaN	NaN	NaN	TFCN1702E3373_001568-T1	TFCN1702E3373_002618-T1
TFCN1702E3373_002622-T1__TFCN1702E3373_011312-T1	NaN	NaN	NaN	NaN	NaN	NaN	NaN	NaN	GF00000066	Rhodotorula_mucilaginosa_TFCN_17-0-2E337-3.cds.fa_11165	Rhodotorula_mucilaginosa_TFCN_17-0-2E337-3.cds.fa_02592	NaN	NaN	NaN	NaN	NaN	NaN	NaN	NaN	TFCN1702E3373_011312-T1	TFCN1702E3373_002622-T1
TFCN1702E3373_002617-T1__TFCN1702E3373_011312-T1	NaN	NaN	NaN	NaN	NaN	NaN	NaN	NaN	GF00000066	Rhodotorula_mucilaginosa_TFCN_17-0-2E337-3.cds.fa_11165	Rhodotorula_mucilaginosa_TFCN_17-0-2E337-3.cds.fa_02587	NaN	NaN	NaN	NaN	NaN	NaN	NaN	NaN	TFCN1702E3373_011312-T1	TFCN1702E3373_002617-T1
TFCN1702E3373_002618-T1__TFCN1702E3373_011312-T1	NaN	NaN	NaN	NaN	NaN	NaN	NaN	NaN	GF00000066	Rhodotorula_mucilaginosa_TFCN_17-0-2E337-3.cds.fa_11165	Rhodotorula_mucilaginosa_TFCN_17-0-2E337-3.cds.fa_02588	NaN	NaN	NaN	NaN	NaN	NaN	NaN	NaN	TFCN1702E3373_011312-T1	TFCN1702E3373_002618-T1
TFCN1702E3373_002617-T1__TFCN1702E3373_002622-T1	NaN	NaN	NaN	NaN	NaN	NaN	NaN	NaN	GF00000066	Rhodotorula_mucilaginosa_TFCN_17-0-2E337-3.cds.fa_02592	Rhodotorula_mucilaginosa_TFCN_17-0-2E337-3.cds.fa_02587	NaN	NaN	NaN	NaN	NaN	NaN	NaN	NaN	TFCN1702E3373_002622-T1	TFCN1702E3373_002617-T1
TFCN1702E3373_002618-T1__TFCN1702E3373_002622-T1	NaN	NaN	NaN	NaN	NaN	NaN	NaN	NaN	GF00000066	Rhodotorula_mucilaginosa_TFCN_17-0-2E337-3.cds.fa_02592	Rhodotorula_mucilaginosa_TFCN_17-0-2E337-3.cds.fa_02588	NaN	NaN	NaN	NaN	NaN	NaN	NaN	NaN	TFCN1702E3373_002622-T1	TFCN1702E3373_002618-T1
TFCN1702E3373_002617-T1__TFCN1702E3373_002618-T1	NaN	NaN	NaN	NaN	NaN	NaN	NaN	NaN	GF00000066	Rhodotorula_mucilaginosa_TFCN_17-0-2E337-3.cds.fa_02587	Rhodotorula_mucilaginosa_TFCN_17-0-2E337-3.cds.fa_02588	NaN	NaN	NaN	NaN	NaN	NaN	NaN	NaN	TFCN1702E3373_002617-T1	TFCN1702E3373_002618-T1
TFCN1702E3373_002925-T1__TFCN1702E3373_007363-T1	NaN	NaN	NaN	NaN	NaN	NaN	NaN	NaN	GF00000067	Rhodotorula_mucilaginosa_TFCN_17-0-2E337-3.cds.fa_02889	Rhodotorula_mucilaginosa_TFCN_17-0-2E337-3.cds.fa_07278	NaN	NaN	NaN	NaN	NaN	NaN	NaN	NaN	TFCN1702E3373_002925-T1	TFCN1702E3373_007363-T1
TFCN1702E3373_002925-T1__TFCN1702E3373_005949-T1	NaN	NaN	NaN	NaN	NaN	NaN	NaN	NaN	GF00000067	Rhodotorula_mucilaginosa_TFCN_17-0-2E337-3.cds.fa_02889	Rhodotorula_mucilaginosa_TFCN_17-0-2E337-3.cds.fa_05881	NaN	NaN	NaN	NaN	NaN	NaN	NaN	NaN	TFCN1702E3373_002925-T1	TFCN1702E3373_005949-T1
TFCN1702E3373_002130-T1__TFCN1702E3373_002925-T1	NaN	NaN	NaN	NaN	NaN	NaN	NaN	NaN	GF00000067	Rhodotorula_mucilaginosa_TFCN_17-0-2E337-3.cds.fa_02889	Rhodotorula_mucilaginosa_TFCN_17-0-2E337-3.cds.fa_02113	NaN	NaN	NaN	NaN	NaN	NaN	NaN	NaN	TFCN1702E3373_002925-T1	TFCN1702E3373_002130-T1
TFCN1702E3373_002925-T1__TFCN1702E3373_003756-T1	NaN	NaN	NaN	NaN	NaN	NaN	NaN	NaN	GF00000067	Rhodotorula_mucilaginosa_TFCN_17-0-2E337-3.cds.fa_02889	Rhodotorula_mucilaginosa_TFCN_17-0-2E337-3.cds.fa_03707	NaN	NaN	NaN	NaN	NaN	NaN	NaN	NaN	TFCN1702E3373_002925-T1	TFCN1702E3373_003756-T1
TFCN1702E3373_002925-T1__TFCN1702E3373_008357-T1	NaN	NaN	NaN	NaN	NaN	NaN	NaN	NaN	GF00000067	Rhodotorula_mucilaginosa_TFCN_17-0-2E337-3.cds.fa_02889	Rhodotorula_mucilaginosa_TFCN_17-0-2E337-3.cds.fa_08252	NaN	NaN	NaN	NaN	NaN	NaN	NaN	NaN	TFCN1702E3373_002925-T1	TFCN1702E3373_008357-T1
TFCN1702E3373_002925-T1__TFCN1702E3373_008356-T1	NaN	NaN	NaN	NaN	NaN	NaN	NaN	NaN	GF00000067	Rhodotorula_mucilaginosa_TFCN_17-0-2E337-3.cds.fa_02889	Rhodotorula_mucilaginosa_TFCN_17-0-2E337-3.cds.fa_08251	NaN	NaN	NaN	NaN	NaN	NaN	NaN	NaN	TFCN1702E3373_002925-T1	TFCN1702E3373_008356-T1
TFCN1702E3373_005949-T1__TFCN1702E3373_007363-T1	NaN	NaN	NaN	NaN	NaN	NaN	NaN	NaN	GF00000067	Rhodotorula_mucilaginosa_TFCN_17-0-2E337-3.cds.fa_07278	Rhodotorula_mucilaginosa_TFCN_17-0-2E337-3.cds.fa_05881	NaN	NaN	NaN	NaN	NaN	NaN	NaN	NaN	TFCN1702E3373_007363-T1	TFCN1702E3373_005949-T1
TFCN1702E3373_002130-T1__TFCN1702E3373_007363-T1	NaN	NaN	NaN	NaN	NaN	NaN	NaN	NaN	GF00000067	Rhodotorula_mucilaginosa_TFCN_17-0-2E337-3.cds.fa_07278	Rhodotorula_mucilaginosa_TFCN_17-0-2E337-3.cds.fa_02113	NaN	NaN	NaN	NaN	NaN	NaN	NaN	NaN	TFCN1702E3373_007363-T1	TFCN1702E3373_002130-T1
TFCN1702E3373_003756-T1__TFCN1702E3373_007363-T1	NaN	NaN	NaN	NaN	NaN	NaN	NaN	NaN	GF00000067	Rhodotorula_mucilaginosa_TFCN_17-0-2E337-3.cds.fa_07278	Rhodotorula_mucilaginosa_TFCN_17-0-2E337-3.cds.fa_03707	NaN	NaN	NaN	NaN	NaN	NaN	NaN	NaN	TFCN1702E3373_007363-T1	TFCN1702E3373_003756-T1
TFCN1702E3373_007363-T1__TFCN1702E3373_008357-T1	NaN	NaN	NaN	NaN	NaN	NaN	NaN	NaN	GF00000067	Rhodotorula_mucilaginosa_TFCN_17-0-2E337-3.cds.fa_07278	Rhodotorula_mucilaginosa_TFCN_17-0-2E337-3.cds.fa_08252	NaN	NaN	NaN	NaN	NaN	NaN	NaN	NaN	TFCN1702E3373_007363-T1	TFCN1702E3373_008357-T1
TFCN1702E3373_007363-T1__TFCN1702E3373_008356-T1	NaN	NaN	NaN	NaN	NaN	NaN	NaN	NaN	GF00000067	Rhodotorula_mucilaginosa_TFCN_17-0-2E337-3.cds.fa_07278	Rhodotorula_mucilaginosa_TFCN_17-0-2E337-3.cds.fa_08251	NaN	NaN	NaN	NaN	NaN	NaN	NaN	NaN	TFCN1702E3373_007363-T1	TFCN1702E3373_008356-T1
TFCN1702E3373_002130-T1__TFCN1702E3373_005949-T1	NaN	NaN	NaN	NaN	NaN	NaN	NaN	NaN	GF00000067	Rhodotorula_mucilaginosa_TFCN_17-0-2E337-3.cds.fa_05881	Rhodotorula_mucilaginosa_TFCN_17-0-2E337-3.cds.fa_02113	NaN	NaN	NaN	NaN	NaN	NaN	NaN	NaN	TFCN1702E3373_005949-T1	TFCN1702E3373_002130-T1
TFCN1702E3373_003756-T1__TFCN1702E3373_005949-T1	NaN	NaN	NaN	NaN	NaN	NaN	NaN	NaN	GF00000067	Rhodotorula_mucilaginosa_TFCN_17-0-2E337-3.cds.fa_05881	Rhodotorula_mucilaginosa_TFCN_17-0-2E337-3.cds.fa_03707	NaN	NaN	NaN	NaN	NaN	NaN	NaN	NaN	TFCN1702E3373_005949-T1	TFCN1702E3373_003756-T1
TFCN1702E3373_005949-T1__TFCN1702E3373_008357-T1	NaN	NaN	NaN	NaN	NaN	NaN	NaN	NaN	GF00000067	Rhodotorula_mucilaginosa_TFCN_17-0-2E337-3.cds.fa_05881	Rhodotorula_mucilaginosa_TFCN_17-0-2E337-3.cds.fa_08252	NaN	NaN	NaN	NaN	NaN	NaN	NaN	NaN	TFCN1702E3373_005949-T1	TFCN1702E3373_008357-T1
TFCN1702E3373_005949-T1__TFCN1702E3373_008356-T1	NaN	NaN	NaN	NaN	NaN	NaN	NaN	NaN	GF00000067	Rhodotorula_mucilaginosa_TFCN_17-0-2E337-3.cds.fa_05881	Rhodotorula_mucilaginosa_TFCN_17-0-2E337-3.cds.fa_08251	NaN	NaN	NaN	NaN	NaN	NaN	NaN	NaN	TFCN1702E3373_005949-T1	TFCN1702E3373_008356-T1
TFCN1702E3373_002130-T1__TFCN1702E3373_003756-T1	NaN	NaN	NaN	NaN	NaN	NaN	NaN	NaN	GF00000067	Rhodotorula_mucilaginosa_TFCN_17-0-2E337-3.cds.fa_02113	Rhodotorula_mucilaginosa_TFCN_17-0-2E337-3.cds.fa_03707	NaN	NaN	NaN	NaN	NaN	NaN	NaN	NaN	TFCN1702E3373_002130-T1	TFCN1702E3373_003756-T1
TFCN1702E3373_002130-T1__TFCN1702E3373_008357-T1	NaN	NaN	NaN	NaN	NaN	NaN	NaN	NaN	GF00000067	Rhodotorula_mucilaginosa_TFCN_17-0-2E337-3.cds.fa_02113	Rhodotorula_mucilaginosa_TFCN_17-0-2E337-3.cds.fa_08252	NaN	NaN	NaN	NaN	NaN	NaN	NaN	NaN	TFCN1702E3373_002130-T1	TFCN1702E3373_008357-T1
TFCN1702E3373_002130-T1__TFCN1702E3373_008356-T1	NaN	NaN	NaN	NaN	NaN	NaN	NaN	NaN	GF00000067	Rhodotorula_mucilaginosa_TFCN_17-0-2E337-3.cds.fa_02113	Rhodotorula_mucilaginosa_TFCN_17-0-2E337-3.cds.fa_08251	NaN	NaN	NaN	NaN	NaN	NaN	NaN	NaN	TFCN1702E3373_002130-T1	TFCN1702E3373_008356-T1
TFCN1702E3373_003756-T1__TFCN1702E3373_008357-T1	NaN	NaN	NaN	NaN	NaN	NaN	NaN	NaN	GF00000067	Rhodotorula_mucilaginosa_TFCN_17-0-2E337-3.cds.fa_03707	Rhodotorula_mucilaginosa_TFCN_17-0-2E337-3.cds.fa_08252	NaN	NaN	NaN	NaN	NaN	NaN	NaN	NaN	TFCN1702E3373_003756-T1	TFCN1702E3373_008357-T1
TFCN1702E3373_003756-T1__TFCN1702E3373_008356-T1	NaN	NaN	NaN	NaN	NaN	NaN	NaN	NaN	GF00000067	Rhodotorula_mucilaginosa_TFCN_17-0-2E337-3.cds.fa_03707	Rhodotorula_mucilaginosa_TFCN_17-0-2E337-3.cds.fa_08251	NaN	NaN	NaN	NaN	NaN	NaN	NaN	NaN	TFCN1702E3373_003756-T1	TFCN1702E3373_008356-T1
TFCN1702E3373_008356-T1__TFCN1702E3373_008357-T1	NaN	NaN	NaN	NaN	NaN	NaN	NaN	NaN	GF00000067	Rhodotorula_mucilaginosa_TFCN_17-0-2E337-3.cds.fa_08252	Rhodotorula_mucilaginosa_TFCN_17-0-2E337-3.cds.fa_08251	NaN	NaN	NaN	NaN	NaN	NaN	NaN	NaN	TFCN1702E3373_008357-T1	TFCN1702E3373_008356-T1
TFCN1702E3373_004523-T1__TFCN1702E3373_012812-T1	NaN	NaN	NaN	NaN	NaN	NaN	NaN	NaN	GF00000070	Rhodotorula_mucilaginosa_TFCN_17-0-2E337-3.cds.fa_12640	Rhodotorula_mucilaginosa_TFCN_17-0-2E337-3.cds.fa_04466	NaN	NaN	NaN	NaN	NaN	NaN	NaN	NaN	TFCN1702E3373_012812-T1	TFCN1702E3373_004523-T1
TFCN1702E3373_012812-T1__TFCN1702E3373_013453-T1	NaN	NaN	NaN	NaN	NaN	NaN	NaN	NaN	GF00000070	Rhodotorula_mucilaginosa_TFCN_17-0-2E337-3.cds.fa_12640	Rhodotorula_mucilaginosa_TFCN_17-0-2E337-3.cds.fa_13266	NaN	NaN	NaN	NaN	NaN	NaN	NaN	NaN	TFCN1702E3373_012812-T1	TFCN1702E3373_013453-T1
TFCN1702E3373_012812-T1__TFCN1702E3373_012813-T1	NaN	NaN	NaN	NaN	NaN	NaN	NaN	NaN	GF00000070	Rhodotorula_mucilaginosa_TFCN_17-0-2E337-3.cds.fa_12640	Rhodotorula_mucilaginosa_TFCN_17-0-2E337-3.cds.fa_12641	NaN	NaN	NaN	NaN	NaN	NaN	NaN	NaN	TFCN1702E3373_012812-T1	TFCN1702E3373_012813-T1
TFCN1702E3373_012812-T1__TFCN1702E3373_013454-T1	NaN	NaN	NaN	NaN	NaN	NaN	NaN	NaN	GF00000070	Rhodotorula_mucilaginosa_TFCN_17-0-2E337-3.cds.fa_12640	Rhodotorula_mucilaginosa_TFCN_17-0-2E337-3.cds.fa_13267	NaN	NaN	NaN	NaN	NaN	NaN	NaN	NaN	TFCN1702E3373_012812-T1	TFCN1702E3373_013454-T1
TFCN1702E3373_010862-T1__TFCN1702E3373_012812-T1	NaN	NaN	NaN	NaN	NaN	NaN	NaN	NaN	GF00000070	Rhodotorula_mucilaginosa_TFCN_17-0-2E337-3.cds.fa_12640	Rhodotorula_mucilaginosa_TFCN_17-0-2E337-3.cds.fa_10729	NaN	NaN	NaN	NaN	NaN	NaN	NaN	NaN	TFCN1702E3373_012812-T1	TFCN1702E3373_010862-T1
TFCN1702E3373_010863-T1__TFCN1702E3373_012812-T1	NaN	NaN	NaN	NaN	NaN	NaN	NaN	NaN	GF00000070	Rhodotorula_mucilaginosa_TFCN_17-0-2E337-3.cds.fa_12640	Rhodotorula_mucilaginosa_TFCN_17-0-2E337-3.cds.fa_10730	NaN	NaN	NaN	NaN	NaN	NaN	NaN	NaN	TFCN1702E3373_012812-T1	TFCN1702E3373_010863-T1
TFCN1702E3373_004523-T1__TFCN1702E3373_013453-T1	NaN	NaN	NaN	NaN	NaN	NaN	NaN	NaN	GF00000070	Rhodotorula_mucilaginosa_TFCN_17-0-2E337-3.cds.fa_04466	Rhodotorula_mucilaginosa_TFCN_17-0-2E337-3.cds.fa_13266	NaN	NaN	NaN	NaN	NaN	NaN	NaN	NaN	TFCN1702E3373_004523-T1	TFCN1702E3373_013453-T1
TFCN1702E3373_004523-T1__TFCN1702E3373_012813-T1	NaN	NaN	NaN	NaN	NaN	NaN	NaN	NaN	GF00000070	Rhodotorula_mucilaginosa_TFCN_17-0-2E337-3.cds.fa_04466	Rhodotorula_mucilaginosa_TFCN_17-0-2E337-3.cds.fa_12641	NaN	NaN	NaN	NaN	NaN	NaN	NaN	NaN	TFCN1702E3373_004523-T1	TFCN1702E3373_012813-T1
TFCN1702E3373_004523-T1__TFCN1702E3373_013454-T1	NaN	NaN	NaN	NaN	NaN	NaN	NaN	NaN	GF00000070	Rhodotorula_mucilaginosa_TFCN_17-0-2E337-3.cds.fa_04466	Rhodotorula_mucilaginosa_TFCN_17-0-2E337-3.cds.fa_13267	NaN	NaN	NaN	NaN	NaN	NaN	NaN	NaN	TFCN1702E3373_004523-T1	TFCN1702E3373_013454-T1
TFCN1702E3373_004523-T1__TFCN1702E3373_010862-T1	NaN	NaN	NaN	NaN	NaN	NaN	NaN	NaN	GF00000070	Rhodotorula_mucilaginosa_TFCN_17-0-2E337-3.cds.fa_04466	Rhodotorula_mucilaginosa_TFCN_17-0-2E337-3.cds.fa_10729	NaN	NaN	NaN	NaN	NaN	NaN	NaN	NaN	TFCN1702E3373_004523-T1	TFCN1702E3373_010862-T1
TFCN1702E3373_004523-T1__TFCN1702E3373_010863-T1	NaN	NaN	NaN	NaN	NaN	NaN	NaN	NaN	GF00000070	Rhodotorula_mucilaginosa_TFCN_17-0-2E337-3.cds.fa_04466	Rhodotorula_mucilaginosa_TFCN_17-0-2E337-3.cds.fa_10730	NaN	NaN	NaN	NaN	NaN	NaN	NaN	NaN	TFCN1702E3373_004523-T1	TFCN1702E3373_010863-T1
TFCN1702E3373_012813-T1__TFCN1702E3373_013453-T1	NaN	NaN	NaN	NaN	NaN	NaN	NaN	NaN	GF00000070	Rhodotorula_mucilaginosa_TFCN_17-0-2E337-3.cds.fa_13266	Rhodotorula_mucilaginosa_TFCN_17-0-2E337-3.cds.fa_12641	NaN	NaN	NaN	NaN	NaN	NaN	NaN	NaN	TFCN1702E3373_013453-T1	TFCN1702E3373_012813-T1
TFCN1702E3373_013453-T1__TFCN1702E3373_013454-T1	NaN	NaN	NaN	NaN	NaN	NaN	NaN	NaN	GF00000070	Rhodotorula_mucilaginosa_TFCN_17-0-2E337-3.cds.fa_13266	Rhodotorula_mucilaginosa_TFCN_17-0-2E337-3.cds.fa_13267	NaN	NaN	NaN	NaN	NaN	NaN	NaN	NaN	TFCN1702E3373_013453-T1	TFCN1702E3373_013454-T1
TFCN1702E3373_010862-T1__TFCN1702E3373_013453-T1	NaN	NaN	NaN	NaN	NaN	NaN	NaN	NaN	GF00000070	Rhodotorula_mucilaginosa_TFCN_17-0-2E337-3.cds.fa_13266	Rhodotorula_mucilaginosa_TFCN_17-0-2E337-3.cds.fa_10729	NaN	NaN	NaN	NaN	NaN	NaN	NaN	NaN	TFCN1702E3373_013453-T1	TFCN1702E3373_010862-T1
TFCN1702E3373_010863-T1__TFCN1702E3373_013453-T1	NaN	NaN	NaN	NaN	NaN	NaN	NaN	NaN	GF00000070	Rhodotorula_mucilaginosa_TFCN_17-0-2E337-3.cds.fa_13266	Rhodotorula_mucilaginosa_TFCN_17-0-2E337-3.cds.fa_10730	NaN	NaN	NaN	NaN	NaN	NaN	NaN	NaN	TFCN1702E3373_013453-T1	TFCN1702E3373_010863-T1
TFCN1702E3373_012813-T1__TFCN1702E3373_013454-T1	NaN	NaN	NaN	NaN	NaN	NaN	NaN	NaN	GF00000070	Rhodotorula_mucilaginosa_TFCN_17-0-2E337-3.cds.fa_12641	Rhodotorula_mucilaginosa_TFCN_17-0-2E337-3.cds.fa_13267	NaN	NaN	NaN	NaN	NaN	NaN	NaN	NaN	TFCN1702E3373_012813-T1	TFCN1702E3373_013454-T1
TFCN1702E3373_010862-T1__TFCN1702E3373_012813-T1	NaN	NaN	NaN	NaN	NaN	NaN	NaN	NaN	GF00000070	Rhodotorula_mucilaginosa_TFCN_17-0-2E337-3.cds.fa_12641	Rhodotorula_mucilaginosa_TFCN_17-0-2E337-3.cds.fa_10729	NaN	NaN	NaN	NaN	NaN	NaN	NaN	NaN	TFCN1702E3373_012813-T1	TFCN1702E3373_010862-T1
TFCN1702E3373_010863-T1__TFCN1702E3373_012813-T1	NaN	NaN	NaN	NaN	NaN	NaN	NaN	NaN	GF00000070	Rhodotorula_mucilaginosa_TFCN_17-0-2E337-3.cds.fa_12641	Rhodotorula_mucilaginosa_TFCN_17-0-2E337-3.cds.fa_10730	NaN	NaN	NaN	NaN	NaN	NaN	NaN	NaN	TFCN1702E3373_012813-T1	TFCN1702E3373_010863-T1
TFCN1702E3373_010862-T1__TFCN1702E3373_013454-T1	NaN	NaN	NaN	NaN	NaN	NaN	NaN	NaN	GF00000070	Rhodotorula_mucilaginosa_TFCN_17-0-2E337-3.cds.fa_13267	Rhodotorula_mucilaginosa_TFCN_17-0-2E337-3.cds.fa_10729	NaN	NaN	NaN	NaN	NaN	NaN	NaN	NaN	TFCN1702E3373_013454-T1	TFCN1702E3373_010862-T1
TFCN1702E3373_010863-T1__TFCN1702E3373_013454-T1	NaN	NaN	NaN	NaN	NaN	NaN	NaN	NaN	GF00000070	Rhodotorula_mucilaginosa_TFCN_17-0-2E337-3.cds.fa_13267	Rhodotorula_mucilaginosa_TFCN_17-0-2E337-3.cds.fa_10730	NaN	NaN	NaN	NaN	NaN	NaN	NaN	NaN	TFCN1702E3373_013454-T1	TFCN1702E3373_010863-T1
TFCN1702E3373_010862-T1__TFCN1702E3373_010863-T1	NaN	NaN	NaN	NaN	NaN	NaN	NaN	NaN	GF00000070	Rhodotorula_mucilaginosa_TFCN_17-0-2E337-3.cds.fa_10729	Rhodotorula_mucilaginosa_TFCN_17-0-2E337-3.cds.fa_10730	NaN	NaN	NaN	NaN	NaN	NaN	NaN	NaN	TFCN1702E3373_010862-T1	TFCN1702E3373_010863-T1
TFCN1702E3373_000728-T1__TFCN1702E3373_000729-T1	NaN	NaN	NaN	NaN	NaN	NaN	NaN	NaN	GF00000074	Rhodotorula_mucilaginosa_TFCN_17-0-2E337-3.cds.fa_00723	Rhodotorula_mucilaginosa_TFCN_17-0-2E337-3.cds.fa_00724	NaN	NaN	NaN	NaN	NaN	NaN	NaN	NaN	TFCN1702E3373_000728-T1	TFCN1702E3373_000729-T1
TFCN1702E3373_000728-T1__TFCN1702E3373_000731-T1	NaN	NaN	NaN	NaN	NaN	NaN	NaN	NaN	GF00000074	Rhodotorula_mucilaginosa_TFCN_17-0-2E337-3.cds.fa_00723	Rhodotorula_mucilaginosa_TFCN_17-0-2E337-3.cds.fa_00726	NaN	NaN	NaN	NaN	NaN	NaN	NaN	NaN	TFCN1702E3373_000728-T1	TFCN1702E3373_000731-T1
TFCN1702E3373_000727-T1__TFCN1702E3373_000728-T1	NaN	NaN	NaN	NaN	NaN	NaN	NaN	NaN	GF00000074	Rhodotorula_mucilaginosa_TFCN_17-0-2E337-3.cds.fa_00723	Rhodotorula_mucilaginosa_TFCN_17-0-2E337-3.cds.fa_00722	NaN	NaN	NaN	NaN	NaN	NaN	NaN	NaN	TFCN1702E3373_000728-T1	TFCN1702E3373_000727-T1
TFCN1702E3373_000728-T1__TFCN1702E3373_000732-T1	NaN	NaN	NaN	NaN	NaN	NaN	NaN	NaN	GF00000074	Rhodotorula_mucilaginosa_TFCN_17-0-2E337-3.cds.fa_00723	Rhodotorula_mucilaginosa_TFCN_17-0-2E337-3.cds.fa_00727	NaN	NaN	NaN	NaN	NaN	NaN	NaN	NaN	TFCN1702E3373_000728-T1	TFCN1702E3373_000732-T1
TFCN1702E3373_000728-T1__TFCN1702E3373_009859-T1	NaN	NaN	NaN	NaN	NaN	NaN	NaN	NaN	GF00000074	Rhodotorula_mucilaginosa_TFCN_17-0-2E337-3.cds.fa_00723	Rhodotorula_mucilaginosa_TFCN_17-0-2E337-3.cds.fa_09741	NaN	NaN	NaN	NaN	NaN	NaN	NaN	NaN	TFCN1702E3373_000728-T1	TFCN1702E3373_009859-T1
TFCN1702E3373_000728-T1__TFCN1702E3373_009858-T1	NaN	NaN	NaN	NaN	NaN	NaN	NaN	NaN	GF00000074	Rhodotorula_mucilaginosa_TFCN_17-0-2E337-3.cds.fa_00723	Rhodotorula_mucilaginosa_TFCN_17-0-2E337-3.cds.fa_09740	NaN	NaN	NaN	NaN	NaN	NaN	NaN	NaN	TFCN1702E3373_000728-T1	TFCN1702E3373_009858-T1
TFCN1702E3373_000729-T1__TFCN1702E3373_000731-T1	NaN	NaN	NaN	NaN	NaN	NaN	NaN	NaN	GF00000074	Rhodotorula_mucilaginosa_TFCN_17-0-2E337-3.cds.fa_00724	Rhodotorula_mucilaginosa_TFCN_17-0-2E337-3.cds.fa_00726	NaN	NaN	NaN	NaN	NaN	NaN	NaN	NaN	TFCN1702E3373_000729-T1	TFCN1702E3373_000731-T1
TFCN1702E3373_000727-T1__TFCN1702E3373_000729-T1	NaN	NaN	NaN	NaN	NaN	NaN	NaN	NaN	GF00000074	Rhodotorula_mucilaginosa_TFCN_17-0-2E337-3.cds.fa_00724	Rhodotorula_mucilaginosa_TFCN_17-0-2E337-3.cds.fa_00722	NaN	NaN	NaN	NaN	NaN	NaN	NaN	NaN	TFCN1702E3373_000729-T1	TFCN1702E3373_000727-T1
TFCN1702E3373_000729-T1__TFCN1702E3373_000732-T1	NaN	NaN	NaN	NaN	NaN	NaN	NaN	NaN	GF00000074	Rhodotorula_mucilaginosa_TFCN_17-0-2E337-3.cds.fa_00724	Rhodotorula_mucilaginosa_TFCN_17-0-2E337-3.cds.fa_00727	NaN	NaN	NaN	NaN	NaN	NaN	NaN	NaN	TFCN1702E3373_000729-T1	TFCN1702E3373_000732-T1
TFCN1702E3373_000729-T1__TFCN1702E3373_009859-T1	NaN	NaN	NaN	NaN	NaN	NaN	NaN	NaN	GF00000074	Rhodotorula_mucilaginosa_TFCN_17-0-2E337-3.cds.fa_00724	Rhodotorula_mucilaginosa_TFCN_17-0-2E337-3.cds.fa_09741	NaN	NaN	NaN	NaN	NaN	NaN	NaN	NaN	TFCN1702E3373_000729-T1	TFCN1702E3373_009859-T1
TFCN1702E3373_000729-T1__TFCN1702E3373_009858-T1	NaN	NaN	NaN	NaN	NaN	NaN	NaN	NaN	GF00000074	Rhodotorula_mucilaginosa_TFCN_17-0-2E337-3.cds.fa_00724	Rhodotorula_mucilaginosa_TFCN_17-0-2E337-3.cds.fa_09740	NaN	NaN	NaN	NaN	NaN	NaN	NaN	NaN	TFCN1702E3373_000729-T1	TFCN1702E3373_009858-T1
TFCN1702E3373_000727-T1__TFCN1702E3373_000731-T1	NaN	NaN	NaN	NaN	NaN	NaN	NaN	NaN	GF00000074	Rhodotorula_mucilaginosa_TFCN_17-0-2E337-3.cds.fa_00726	Rhodotorula_mucilaginosa_TFCN_17-0-2E337-3.cds.fa_00722	NaN	NaN	NaN	NaN	NaN	NaN	NaN	NaN	TFCN1702E3373_000731-T1	TFCN1702E3373_000727-T1
TFCN1702E3373_000731-T1__TFCN1702E3373_000732-T1	NaN	NaN	NaN	NaN	NaN	NaN	NaN	NaN	GF00000074	Rhodotorula_mucilaginosa_TFCN_17-0-2E337-3.cds.fa_00726	Rhodotorula_mucilaginosa_TFCN_17-0-2E337-3.cds.fa_00727	NaN	NaN	NaN	NaN	NaN	NaN	NaN	NaN	TFCN1702E3373_000731-T1	TFCN1702E3373_000732-T1
TFCN1702E3373_000731-T1__TFCN1702E3373_009859-T1	NaN	NaN	NaN	NaN	NaN	NaN	NaN	NaN	GF00000074	Rhodotorula_mucilaginosa_TFCN_17-0-2E337-3.cds.fa_00726	Rhodotorula_mucilaginosa_TFCN_17-0-2E337-3.cds.fa_09741	NaN	NaN	NaN	NaN	NaN	NaN	NaN	NaN	TFCN1702E3373_000731-T1	TFCN1702E3373_009859-T1
TFCN1702E3373_000731-T1__TFCN1702E3373_009858-T1	NaN	NaN	NaN	NaN	NaN	NaN	NaN	NaN	GF00000074	Rhodotorula_mucilaginosa_TFCN_17-0-2E337-3.cds.fa_00726	Rhodotorula_mucilaginosa_TFCN_17-0-2E337-3.cds.fa_09740	NaN	NaN	NaN	NaN	NaN	NaN	NaN	NaN	TFCN1702E3373_000731-T1	TFCN1702E3373_009858-T1
TFCN1702E3373_000727-T1__TFCN1702E3373_000732-T1	NaN	NaN	NaN	NaN	NaN	NaN	NaN	NaN	GF00000074	Rhodotorula_mucilaginosa_TFCN_17-0-2E337-3.cds.fa_00722	Rhodotorula_mucilaginosa_TFCN_17-0-2E337-3.cds.fa_00727	NaN	NaN	NaN	NaN	NaN	NaN	NaN	NaN	TFCN1702E3373_000727-T1	TFCN1702E3373_000732-T1
TFCN1702E3373_000727-T1__TFCN1702E3373_009859-T1	NaN	NaN	NaN	NaN	NaN	NaN	NaN	NaN	GF00000074	Rhodotorula_mucilaginosa_TFCN_17-0-2E337-3.cds.fa_00722	Rhodotorula_mucilaginosa_TFCN_17-0-2E337-3.cds.fa_09741	NaN	NaN	NaN	NaN	NaN	NaN	NaN	NaN	TFCN1702E3373_000727-T1	TFCN1702E3373_009859-T1
TFCN1702E3373_000727-T1__TFCN1702E3373_009858-T1	NaN	NaN	NaN	NaN	NaN	NaN	NaN	NaN	GF00000074	Rhodotorula_mucilaginosa_TFCN_17-0-2E337-3.cds.fa_00722	Rhodotorula_mucilaginosa_TFCN_17-0-2E337-3.cds.fa_09740	NaN	NaN	NaN	NaN	NaN	NaN	NaN	NaN	TFCN1702E3373_000727-T1	TFCN1702E3373_009858-T1
TFCN1702E3373_000732-T1__TFCN1702E3373_009859-T1	NaN	NaN	NaN	NaN	NaN	NaN	NaN	NaN	GF00000074	Rhodotorula_mucilaginosa_TFCN_17-0-2E337-3.cds.fa_00727	Rhodotorula_mucilaginosa_TFCN_17-0-2E337-3.cds.fa_09741	NaN	NaN	NaN	NaN	NaN	NaN	NaN	NaN	TFCN1702E3373_000732-T1	TFCN1702E3373_009859-T1
TFCN1702E3373_000732-T1__TFCN1702E3373_009858-T1	NaN	NaN	NaN	NaN	NaN	NaN	NaN	NaN	GF00000074	Rhodotorula_mucilaginosa_TFCN_17-0-2E337-3.cds.fa_00727	Rhodotorula_mucilaginosa_TFCN_17-0-2E337-3.cds.fa_09740	NaN	NaN	NaN	NaN	NaN	NaN	NaN	NaN	TFCN1702E3373_000732-T1	TFCN1702E3373_009858-T1
TFCN1702E3373_009858-T1__TFCN1702E3373_009859-T1	NaN	NaN	NaN	NaN	NaN	NaN	NaN	NaN	GF00000074	Rhodotorula_mucilaginosa_TFCN_17-0-2E337-3.cds.fa_09741	Rhodotorula_mucilaginosa_TFCN_17-0-2E337-3.cds.fa_09740	NaN	NaN	NaN	NaN	NaN	NaN	NaN	NaN	TFCN1702E3373_009859-T1	TFCN1702E3373_009858-T1
TFCN1702E3373_003858-T1__TFCN1702E3373_007456-T1	NaN	NaN	NaN	NaN	NaN	NaN	NaN	NaN	GF00000076	Rhodotorula_mucilaginosa_TFCN_17-0-2E337-3.cds.fa_07369	Rhodotorula_mucilaginosa_TFCN_17-0-2E337-3.cds.fa_03806	NaN	NaN	NaN	NaN	NaN	NaN	NaN	NaN	TFCN1702E3373_007456-T1	TFCN1702E3373_003858-T1
TFCN1702E3373_003859-T1__TFCN1702E3373_007456-T1	NaN	NaN	NaN	NaN	NaN	NaN	NaN	NaN	GF00000076	Rhodotorula_mucilaginosa_TFCN_17-0-2E337-3.cds.fa_07369	Rhodotorula_mucilaginosa_TFCN_17-0-2E337-3.cds.fa_03807	NaN	NaN	NaN	NaN	NaN	NaN	NaN	NaN	TFCN1702E3373_007456-T1	TFCN1702E3373_003859-T1
TFCN1702E3373_007456-T1__TFCN1702E3373_010719-T1	NaN	NaN	NaN	NaN	NaN	NaN	NaN	NaN	GF00000076	Rhodotorula_mucilaginosa_TFCN_17-0-2E337-3.cds.fa_07369	Rhodotorula_mucilaginosa_TFCN_17-0-2E337-3.cds.fa_10587	NaN	NaN	NaN	NaN	NaN	NaN	NaN	NaN	TFCN1702E3373_007456-T1	TFCN1702E3373_010719-T1
TFCN1702E3373_003842-T1__TFCN1702E3373_007456-T1	NaN	NaN	NaN	NaN	NaN	NaN	NaN	NaN	GF00000076	Rhodotorula_mucilaginosa_TFCN_17-0-2E337-3.cds.fa_07369	Rhodotorula_mucilaginosa_TFCN_17-0-2E337-3.cds.fa_03792	NaN	NaN	NaN	NaN	NaN	NaN	NaN	NaN	TFCN1702E3373_007456-T1	TFCN1702E3373_003842-T1
TFCN1702E3373_007456-T1__TFCN1702E3373_010718-T1	NaN	NaN	NaN	NaN	NaN	NaN	NaN	NaN	GF00000076	Rhodotorula_mucilaginosa_TFCN_17-0-2E337-3.cds.fa_07369	Rhodotorula_mucilaginosa_TFCN_17-0-2E337-3.cds.fa_10586	NaN	NaN	NaN	NaN	NaN	NaN	NaN	NaN	TFCN1702E3373_007456-T1	TFCN1702E3373_010718-T1
TFCN1702E3373_003841-T1__TFCN1702E3373_007456-T1	NaN	NaN	NaN	NaN	NaN	NaN	NaN	NaN	GF00000076	Rhodotorula_mucilaginosa_TFCN_17-0-2E337-3.cds.fa_07369	Rhodotorula_mucilaginosa_TFCN_17-0-2E337-3.cds.fa_03791	NaN	NaN	NaN	NaN	NaN	NaN	NaN	NaN	TFCN1702E3373_007456-T1	TFCN1702E3373_003841-T1
TFCN1702E3373_003858-T1__TFCN1702E3373_003859-T1	NaN	NaN	NaN	NaN	NaN	NaN	NaN	NaN	GF00000076	Rhodotorula_mucilaginosa_TFCN_17-0-2E337-3.cds.fa_03806	Rhodotorula_mucilaginosa_TFCN_17-0-2E337-3.cds.fa_03807	NaN	NaN	NaN	NaN	NaN	NaN	NaN	NaN	TFCN1702E3373_003858-T1	TFCN1702E3373_003859-T1
TFCN1702E3373_003858-T1__TFCN1702E3373_010719-T1	NaN	NaN	NaN	NaN	NaN	NaN	NaN	NaN	GF00000076	Rhodotorula_mucilaginosa_TFCN_17-0-2E337-3.cds.fa_03806	Rhodotorula_mucilaginosa_TFCN_17-0-2E337-3.cds.fa_10587	NaN	NaN	NaN	NaN	NaN	NaN	NaN	NaN	TFCN1702E3373_003858-T1	TFCN1702E3373_010719-T1
TFCN1702E3373_003842-T1__TFCN1702E3373_003858-T1	NaN	NaN	NaN	NaN	NaN	NaN	NaN	NaN	GF00000076	Rhodotorula_mucilaginosa_TFCN_17-0-2E337-3.cds.fa_03806	Rhodotorula_mucilaginosa_TFCN_17-0-2E337-3.cds.fa_03792	NaN	NaN	NaN	NaN	NaN	NaN	NaN	NaN	TFCN1702E3373_003858-T1	TFCN1702E3373_003842-T1
TFCN1702E3373_003858-T1__TFCN1702E3373_010718-T1	NaN	NaN	NaN	NaN	NaN	NaN	NaN	NaN	GF00000076	Rhodotorula_mucilaginosa_TFCN_17-0-2E337-3.cds.fa_03806	Rhodotorula_mucilaginosa_TFCN_17-0-2E337-3.cds.fa_10586	NaN	NaN	NaN	NaN	NaN	NaN	NaN	NaN	TFCN1702E3373_003858-T1	TFCN1702E3373_010718-T1
TFCN1702E3373_003841-T1__TFCN1702E3373_003858-T1	NaN	NaN	NaN	NaN	NaN	NaN	NaN	NaN	GF00000076	Rhodotorula_mucilaginosa_TFCN_17-0-2E337-3.cds.fa_03806	Rhodotorula_mucilaginosa_TFCN_17-0-2E337-3.cds.fa_03791	NaN	NaN	NaN	NaN	NaN	NaN	NaN	NaN	TFCN1702E3373_003858-T1	TFCN1702E3373_003841-T1
TFCN1702E3373_003859-T1__TFCN1702E3373_010719-T1	NaN	NaN	NaN	NaN	NaN	NaN	NaN	NaN	GF00000076	Rhodotorula_mucilaginosa_TFCN_17-0-2E337-3.cds.fa_03807	Rhodotorula_mucilaginosa_TFCN_17-0-2E337-3.cds.fa_10587	NaN	NaN	NaN	NaN	NaN	NaN	NaN	NaN	TFCN1702E3373_003859-T1	TFCN1702E3373_010719-T1
TFCN1702E3373_003842-T1__TFCN1702E3373_003859-T1	NaN	NaN	NaN	NaN	NaN	NaN	NaN	NaN	GF00000076	Rhodotorula_mucilaginosa_TFCN_17-0-2E337-3.cds.fa_03807	Rhodotorula_mucilaginosa_TFCN_17-0-2E337-3.cds.fa_03792	NaN	NaN	NaN	NaN	NaN	NaN	NaN	NaN	TFCN1702E3373_003859-T1	TFCN1702E3373_003842-T1
TFCN1702E3373_003859-T1__TFCN1702E3373_010718-T1	NaN	NaN	NaN	NaN	NaN	NaN	NaN	NaN	GF00000076	Rhodotorula_mucilaginosa_TFCN_17-0-2E337-3.cds.fa_03807	Rhodotorula_mucilaginosa_TFCN_17-0-2E337-3.cds.fa_10586	NaN	NaN	NaN	NaN	NaN	NaN	NaN	NaN	TFCN1702E3373_003859-T1	TFCN1702E3373_010718-T1
TFCN1702E3373_003841-T1__TFCN1702E3373_003859-T1	NaN	NaN	NaN	NaN	NaN	NaN	NaN	NaN	GF00000076	Rhodotorula_mucilaginosa_TFCN_17-0-2E337-3.cds.fa_03807	Rhodotorula_mucilaginosa_TFCN_17-0-2E337-3.cds.fa_03791	NaN	NaN	NaN	NaN	NaN	NaN	NaN	NaN	TFCN1702E3373_003859-T1	TFCN1702E3373_003841-T1
TFCN1702E3373_003842-T1__TFCN1702E3373_010719-T1	NaN	NaN	NaN	NaN	NaN	NaN	NaN	NaN	GF00000076	Rhodotorula_mucilaginosa_TFCN_17-0-2E337-3.cds.fa_10587	Rhodotorula_mucilaginosa_TFCN_17-0-2E337-3.cds.fa_03792	NaN	NaN	NaN	NaN	NaN	NaN	NaN	NaN	TFCN1702E3373_010719-T1	TFCN1702E3373_003842-T1
TFCN1702E3373_010718-T1__TFCN1702E3373_010719-T1	NaN	NaN	NaN	NaN	NaN	NaN	NaN	NaN	GF00000076	Rhodotorula_mucilaginosa_TFCN_17-0-2E337-3.cds.fa_10587	Rhodotorula_mucilaginosa_TFCN_17-0-2E337-3.cds.fa_10586	NaN	NaN	NaN	NaN	NaN	NaN	NaN	NaN	TFCN1702E3373_010719-T1	TFCN1702E3373_010718-T1
TFCN1702E3373_003841-T1__TFCN1702E3373_010719-T1	NaN	NaN	NaN	NaN	NaN	NaN	NaN	NaN	GF00000076	Rhodotorula_mucilaginosa_TFCN_17-0-2E337-3.cds.fa_10587	Rhodotorula_mucilaginosa_TFCN_17-0-2E337-3.cds.fa_03791	NaN	NaN	NaN	NaN	NaN	NaN	NaN	NaN	TFCN1702E3373_010719-T1	TFCN1702E3373_003841-T1
TFCN1702E3373_003842-T1__TFCN1702E3373_010718-T1	NaN	NaN	NaN	NaN	NaN	NaN	NaN	NaN	GF00000076	Rhodotorula_mucilaginosa_TFCN_17-0-2E337-3.cds.fa_03792	Rhodotorula_mucilaginosa_TFCN_17-0-2E337-3.cds.fa_10586	NaN	NaN	NaN	NaN	NaN	NaN	NaN	NaN	TFCN1702E3373_003842-T1	TFCN1702E3373_010718-T1
TFCN1702E3373_003841-T1__TFCN1702E3373_003842-T1	NaN	NaN	NaN	NaN	NaN	NaN	NaN	NaN	GF00000076	Rhodotorula_mucilaginosa_TFCN_17-0-2E337-3.cds.fa_03792	Rhodotorula_mucilaginosa_TFCN_17-0-2E337-3.cds.fa_03791	NaN	NaN	NaN	NaN	NaN	NaN	NaN	NaN	TFCN1702E3373_003842-T1	TFCN1702E3373_003841-T1
TFCN1702E3373_003841-T1__TFCN1702E3373_010718-T1	NaN	NaN	NaN	NaN	NaN	NaN	NaN	NaN	GF00000076	Rhodotorula_mucilaginosa_TFCN_17-0-2E337-3.cds.fa_10586	Rhodotorula_mucilaginosa_TFCN_17-0-2E337-3.cds.fa_03791	NaN	NaN	NaN	NaN	NaN	NaN	NaN	NaN	TFCN1702E3373_010718-T1	TFCN1702E3373_003841-T1
TFCN1702E3373_010295-T1__TFCN1702E3373_012387-T1	NaN	NaN	NaN	NaN	NaN	NaN	NaN	NaN	GF00000083	Rhodotorula_mucilaginosa_TFCN_17-0-2E337-3.cds.fa_10171	Rhodotorula_mucilaginosa_TFCN_17-0-2E337-3.cds.fa_12221	NaN	NaN	NaN	NaN	NaN	NaN	NaN	NaN	TFCN1702E3373_010295-T1	TFCN1702E3373_012387-T1
TFCN1702E3373_004257-T1__TFCN1702E3373_010295-T1	NaN	NaN	NaN	NaN	NaN	NaN	NaN	NaN	GF00000083	Rhodotorula_mucilaginosa_TFCN_17-0-2E337-3.cds.fa_10171	Rhodotorula_mucilaginosa_TFCN_17-0-2E337-3.cds.fa_04201	NaN	NaN	NaN	NaN	NaN	NaN	NaN	NaN	TFCN1702E3373_010295-T1	TFCN1702E3373_004257-T1
TFCN1702E3373_010295-T1__TFCN1702E3373_014503-T1	NaN	NaN	NaN	NaN	NaN	NaN	NaN	NaN	GF00000083	Rhodotorula_mucilaginosa_TFCN_17-0-2E337-3.cds.fa_10171	Rhodotorula_mucilaginosa_TFCN_17-0-2E337-3.cds.fa_14293	NaN	NaN	NaN	NaN	NaN	NaN	NaN	NaN	TFCN1702E3373_010295-T1	TFCN1702E3373_014503-T1
TFCN1702E3373_004256-T1__TFCN1702E3373_010295-T1	NaN	NaN	NaN	NaN	NaN	NaN	NaN	NaN	GF00000083	Rhodotorula_mucilaginosa_TFCN_17-0-2E337-3.cds.fa_10171	Rhodotorula_mucilaginosa_TFCN_17-0-2E337-3.cds.fa_04200	NaN	NaN	NaN	NaN	NaN	NaN	NaN	NaN	TFCN1702E3373_010295-T1	TFCN1702E3373_004256-T1
TFCN1702E3373_004255-T1__TFCN1702E3373_010295-T1	NaN	NaN	NaN	NaN	NaN	NaN	NaN	NaN	GF00000083	Rhodotorula_mucilaginosa_TFCN_17-0-2E337-3.cds.fa_10171	Rhodotorula_mucilaginosa_TFCN_17-0-2E337-3.cds.fa_04199	NaN	NaN	NaN	NaN	NaN	NaN	NaN	NaN	TFCN1702E3373_010295-T1	TFCN1702E3373_004255-T1
TFCN1702E3373_004257-T1__TFCN1702E3373_012387-T1	NaN	NaN	NaN	NaN	NaN	NaN	NaN	NaN	GF00000083	Rhodotorula_mucilaginosa_TFCN_17-0-2E337-3.cds.fa_12221	Rhodotorula_mucilaginosa_TFCN_17-0-2E337-3.cds.fa_04201	NaN	NaN	NaN	NaN	NaN	NaN	NaN	NaN	TFCN1702E3373_012387-T1	TFCN1702E3373_004257-T1
TFCN1702E3373_012387-T1__TFCN1702E3373_014503-T1	NaN	NaN	NaN	NaN	NaN	NaN	NaN	NaN	GF00000083	Rhodotorula_mucilaginosa_TFCN_17-0-2E337-3.cds.fa_12221	Rhodotorula_mucilaginosa_TFCN_17-0-2E337-3.cds.fa_14293	NaN	NaN	NaN	NaN	NaN	NaN	NaN	NaN	TFCN1702E3373_012387-T1	TFCN1702E3373_014503-T1
TFCN1702E3373_004256-T1__TFCN1702E3373_012387-T1	NaN	NaN	NaN	NaN	NaN	NaN	NaN	NaN	GF00000083	Rhodotorula_mucilaginosa_TFCN_17-0-2E337-3.cds.fa_12221	Rhodotorula_mucilaginosa_TFCN_17-0-2E337-3.cds.fa_04200	NaN	NaN	NaN	NaN	NaN	NaN	NaN	NaN	TFCN1702E3373_012387-T1	TFCN1702E3373_004256-T1
TFCN1702E3373_004255-T1__TFCN1702E3373_012387-T1	NaN	NaN	NaN	NaN	NaN	NaN	NaN	NaN	GF00000083	Rhodotorula_mucilaginosa_TFCN_17-0-2E337-3.cds.fa_12221	Rhodotorula_mucilaginosa_TFCN_17-0-2E337-3.cds.fa_04199	NaN	NaN	NaN	NaN	NaN	NaN	NaN	NaN	TFCN1702E3373_012387-T1	TFCN1702E3373_004255-T1
TFCN1702E3373_004257-T1__TFCN1702E3373_014503-T1	NaN	NaN	NaN	NaN	NaN	NaN	NaN	NaN	GF00000083	Rhodotorula_mucilaginosa_TFCN_17-0-2E337-3.cds.fa_04201	Rhodotorula_mucilaginosa_TFCN_17-0-2E337-3.cds.fa_14293	NaN	NaN	NaN	NaN	NaN	NaN	NaN	NaN	TFCN1702E3373_004257-T1	TFCN1702E3373_014503-T1
TFCN1702E3373_004256-T1__TFCN1702E3373_004257-T1	NaN	NaN	NaN	NaN	NaN	NaN	NaN	NaN	GF00000083	Rhodotorula_mucilaginosa_TFCN_17-0-2E337-3.cds.fa_04201	Rhodotorula_mucilaginosa_TFCN_17-0-2E337-3.cds.fa_04200	NaN	NaN	NaN	NaN	NaN	NaN	NaN	NaN	TFCN1702E3373_004257-T1	TFCN1702E3373_004256-T1
TFCN1702E3373_004255-T1__TFCN1702E3373_004257-T1	NaN	NaN	NaN	NaN	NaN	NaN	NaN	NaN	GF00000083	Rhodotorula_mucilaginosa_TFCN_17-0-2E337-3.cds.fa_04201	Rhodotorula_mucilaginosa_TFCN_17-0-2E337-3.cds.fa_04199	NaN	NaN	NaN	NaN	NaN	NaN	NaN	NaN	TFCN1702E3373_004257-T1	TFCN1702E3373_004255-T1
TFCN1702E3373_004256-T1__TFCN1702E3373_014503-T1	NaN	NaN	NaN	NaN	NaN	NaN	NaN	NaN	GF00000083	Rhodotorula_mucilaginosa_TFCN_17-0-2E337-3.cds.fa_14293	Rhodotorula_mucilaginosa_TFCN_17-0-2E337-3.cds.fa_04200	NaN	NaN	NaN	NaN	NaN	NaN	NaN	NaN	TFCN1702E3373_014503-T1	TFCN1702E3373_004256-T1
TFCN1702E3373_004255-T1__TFCN1702E3373_014503-T1	NaN	NaN	NaN	NaN	NaN	NaN	NaN	NaN	GF00000083	Rhodotorula_mucilaginosa_TFCN_17-0-2E337-3.cds.fa_14293	Rhodotorula_mucilaginosa_TFCN_17-0-2E337-3.cds.fa_04199	NaN	NaN	NaN	NaN	NaN	NaN	NaN	NaN	TFCN1702E3373_014503-T1	TFCN1702E3373_004255-T1
TFCN1702E3373_004255-T1__TFCN1702E3373_004256-T1	NaN	NaN	NaN	NaN	NaN	NaN	NaN	NaN	GF00000083	Rhodotorula_mucilaginosa_TFCN_17-0-2E337-3.cds.fa_04200	Rhodotorula_mucilaginosa_TFCN_17-0-2E337-3.cds.fa_04199	NaN	NaN	NaN	NaN	NaN	NaN	NaN	NaN	TFCN1702E3373_004256-T1	TFCN1702E3373_004255-T1
TFCN1702E3373_002958-T1__TFCN1702E3373_010989-T1	NaN	NaN	NaN	NaN	NaN	NaN	NaN	NaN	GF00000086	Rhodotorula_mucilaginosa_TFCN_17-0-2E337-3.cds.fa_02922	Rhodotorula_mucilaginosa_TFCN_17-0-2E337-3.cds.fa_10847	NaN	NaN	NaN	NaN	NaN	NaN	NaN	NaN	TFCN1702E3373_002958-T1	TFCN1702E3373_010989-T1
TFCN1702E3373_001994-T1__TFCN1702E3373_002958-T1	NaN	NaN	NaN	NaN	NaN	NaN	NaN	NaN	GF00000086	Rhodotorula_mucilaginosa_TFCN_17-0-2E337-3.cds.fa_02922	Rhodotorula_mucilaginosa_TFCN_17-0-2E337-3.cds.fa_01982	NaN	NaN	NaN	NaN	NaN	NaN	NaN	NaN	TFCN1702E3373_002958-T1	TFCN1702E3373_001994-T1
TFCN1702E3373_002958-T1__TFCN1702E3373_004997-T1	NaN	NaN	NaN	NaN	NaN	NaN	NaN	NaN	GF00000086	Rhodotorula_mucilaginosa_TFCN_17-0-2E337-3.cds.fa_02922	Rhodotorula_mucilaginosa_TFCN_17-0-2E337-3.cds.fa_04935	NaN	NaN	NaN	NaN	NaN	NaN	NaN	NaN	TFCN1702E3373_002958-T1	TFCN1702E3373_004997-T1
TFCN1702E3373_002958-T1__TFCN1702E3373_014721-T1	NaN	NaN	NaN	NaN	NaN	NaN	NaN	NaN	GF00000086	Rhodotorula_mucilaginosa_TFCN_17-0-2E337-3.cds.fa_02922	Rhodotorula_mucilaginosa_TFCN_17-0-2E337-3.cds.fa_14497	NaN	NaN	NaN	NaN	NaN	NaN	NaN	NaN	TFCN1702E3373_002958-T1	TFCN1702E3373_014721-T1
TFCN1702E3373_002958-T1__TFCN1702E3373_014606-T1	NaN	NaN	NaN	NaN	NaN	NaN	NaN	NaN	GF00000086	Rhodotorula_mucilaginosa_TFCN_17-0-2E337-3.cds.fa_02922	Rhodotorula_mucilaginosa_TFCN_17-0-2E337-3.cds.fa_14389	NaN	NaN	NaN	NaN	NaN	NaN	NaN	NaN	TFCN1702E3373_002958-T1	TFCN1702E3373_014606-T1
TFCN1702E3373_001994-T1__TFCN1702E3373_010989-T1	NaN	NaN	NaN	NaN	NaN	NaN	NaN	NaN	GF00000086	Rhodotorula_mucilaginosa_TFCN_17-0-2E337-3.cds.fa_10847	Rhodotorula_mucilaginosa_TFCN_17-0-2E337-3.cds.fa_01982	NaN	NaN	NaN	NaN	NaN	NaN	NaN	NaN	TFCN1702E3373_010989-T1	TFCN1702E3373_001994-T1
TFCN1702E3373_004997-T1__TFCN1702E3373_010989-T1	NaN	NaN	NaN	NaN	NaN	NaN	NaN	NaN	GF00000086	Rhodotorula_mucilaginosa_TFCN_17-0-2E337-3.cds.fa_10847	Rhodotorula_mucilaginosa_TFCN_17-0-2E337-3.cds.fa_04935	NaN	NaN	NaN	NaN	NaN	NaN	NaN	NaN	TFCN1702E3373_010989-T1	TFCN1702E3373_004997-T1
TFCN1702E3373_010989-T1__TFCN1702E3373_014721-T1	NaN	NaN	NaN	NaN	NaN	NaN	NaN	NaN	GF00000086	Rhodotorula_mucilaginosa_TFCN_17-0-2E337-3.cds.fa_10847	Rhodotorula_mucilaginosa_TFCN_17-0-2E337-3.cds.fa_14497	NaN	NaN	NaN	NaN	NaN	NaN	NaN	NaN	TFCN1702E3373_010989-T1	TFCN1702E3373_014721-T1
TFCN1702E3373_010989-T1__TFCN1702E3373_014606-T1	NaN	NaN	NaN	NaN	NaN	NaN	NaN	NaN	GF00000086	Rhodotorula_mucilaginosa_TFCN_17-0-2E337-3.cds.fa_10847	Rhodotorula_mucilaginosa_TFCN_17-0-2E337-3.cds.fa_14389	NaN	NaN	NaN	NaN	NaN	NaN	NaN	NaN	TFCN1702E3373_010989-T1	TFCN1702E3373_014606-T1
TFCN1702E3373_001994-T1__TFCN1702E3373_004997-T1	NaN	NaN	NaN	NaN	NaN	NaN	NaN	NaN	GF00000086	Rhodotorula_mucilaginosa_TFCN_17-0-2E337-3.cds.fa_01982	Rhodotorula_mucilaginosa_TFCN_17-0-2E337-3.cds.fa_04935	NaN	NaN	NaN	NaN	NaN	NaN	NaN	NaN	TFCN1702E3373_001994-T1	TFCN1702E3373_004997-T1
TFCN1702E3373_001994-T1__TFCN1702E3373_014721-T1	NaN	NaN	NaN	NaN	NaN	NaN	NaN	NaN	GF00000086	Rhodotorula_mucilaginosa_TFCN_17-0-2E337-3.cds.fa_01982	Rhodotorula_mucilaginosa_TFCN_17-0-2E337-3.cds.fa_14497	NaN	NaN	NaN	NaN	NaN	NaN	NaN	NaN	TFCN1702E3373_001994-T1	TFCN1702E3373_014721-T1
TFCN1702E3373_001994-T1__TFCN1702E3373_014606-T1	NaN	NaN	NaN	NaN	NaN	NaN	NaN	NaN	GF00000086	Rhodotorula_mucilaginosa_TFCN_17-0-2E337-3.cds.fa_01982	Rhodotorula_mucilaginosa_TFCN_17-0-2E337-3.cds.fa_14389	NaN	NaN	NaN	NaN	NaN	NaN	NaN	NaN	TFCN1702E3373_001994-T1	TFCN1702E3373_014606-T1
TFCN1702E3373_004997-T1__TFCN1702E3373_014721-T1	NaN	NaN	NaN	NaN	NaN	NaN	NaN	NaN	GF00000086	Rhodotorula_mucilaginosa_TFCN_17-0-2E337-3.cds.fa_04935	Rhodotorula_mucilaginosa_TFCN_17-0-2E337-3.cds.fa_14497	NaN	NaN	NaN	NaN	NaN	NaN	NaN	NaN	TFCN1702E3373_004997-T1	TFCN1702E3373_014721-T1
TFCN1702E3373_004997-T1__TFCN1702E3373_014606-T1	NaN	NaN	NaN	NaN	NaN	NaN	NaN	NaN	GF00000086	Rhodotorula_mucilaginosa_TFCN_17-0-2E337-3.cds.fa_04935	Rhodotorula_mucilaginosa_TFCN_17-0-2E337-3.cds.fa_14389	NaN	NaN	NaN	NaN	NaN	NaN	NaN	NaN	TFCN1702E3373_004997-T1	TFCN1702E3373_014606-T1
TFCN1702E3373_014606-T1__TFCN1702E3373_014721-T1	NaN	NaN	NaN	NaN	NaN	NaN	NaN	NaN	GF00000086	Rhodotorula_mucilaginosa_TFCN_17-0-2E337-3.cds.fa_14497	Rhodotorula_mucilaginosa_TFCN_17-0-2E337-3.cds.fa_14389	NaN	NaN	NaN	NaN	NaN	NaN	NaN	NaN	TFCN1702E3373_014721-T1	TFCN1702E3373_014606-T1
TFCN1702E3373_008040-T1__TFCN1702E3373_012115-T1	NaN	NaN	NaN	NaN	NaN	NaN	NaN	NaN	GF00000093	Rhodotorula_mucilaginosa_TFCN_17-0-2E337-3.cds.fa_11952	Rhodotorula_mucilaginosa_TFCN_17-0-2E337-3.cds.fa_07945	NaN	NaN	NaN	NaN	NaN	NaN	NaN	NaN	TFCN1702E3373_012115-T1	TFCN1702E3373_008040-T1
TFCN1702E3373_012115-T1__TFCN1702E3373_012117-T1	NaN	NaN	NaN	NaN	NaN	NaN	NaN	NaN	GF00000093	Rhodotorula_mucilaginosa_TFCN_17-0-2E337-3.cds.fa_11952	Rhodotorula_mucilaginosa_TFCN_17-0-2E337-3.cds.fa_11954	NaN	NaN	NaN	NaN	NaN	NaN	NaN	NaN	TFCN1702E3373_012115-T1	TFCN1702E3373_012117-T1
TFCN1702E3373_008041-T1__TFCN1702E3373_012115-T1	NaN	NaN	NaN	NaN	NaN	NaN	NaN	NaN	GF00000093	Rhodotorula_mucilaginosa_TFCN_17-0-2E337-3.cds.fa_11952	Rhodotorula_mucilaginosa_TFCN_17-0-2E337-3.cds.fa_07946	NaN	NaN	NaN	NaN	NaN	NaN	NaN	NaN	TFCN1702E3373_012115-T1	TFCN1702E3373_008041-T1
TFCN1702E3373_012115-T1__TFCN1702E3373_012116-T1	NaN	NaN	NaN	NaN	NaN	NaN	NaN	NaN	GF00000093	Rhodotorula_mucilaginosa_TFCN_17-0-2E337-3.cds.fa_11952	Rhodotorula_mucilaginosa_TFCN_17-0-2E337-3.cds.fa_11953	NaN	NaN	NaN	NaN	NaN	NaN	NaN	NaN	TFCN1702E3373_012115-T1	TFCN1702E3373_012116-T1
TFCN1702E3373_008042-T1__TFCN1702E3373_012115-T1	NaN	NaN	NaN	NaN	NaN	NaN	NaN	NaN	GF00000093	Rhodotorula_mucilaginosa_TFCN_17-0-2E337-3.cds.fa_11952	Rhodotorula_mucilaginosa_TFCN_17-0-2E337-3.cds.fa_07947	NaN	NaN	NaN	NaN	NaN	NaN	NaN	NaN	TFCN1702E3373_012115-T1	TFCN1702E3373_008042-T1
TFCN1702E3373_008040-T1__TFCN1702E3373_012117-T1	NaN	NaN	NaN	NaN	NaN	NaN	NaN	NaN	GF00000093	Rhodotorula_mucilaginosa_TFCN_17-0-2E337-3.cds.fa_07945	Rhodotorula_mucilaginosa_TFCN_17-0-2E337-3.cds.fa_11954	NaN	NaN	NaN	NaN	NaN	NaN	NaN	NaN	TFCN1702E3373_008040-T1	TFCN1702E3373_012117-T1
TFCN1702E3373_008040-T1__TFCN1702E3373_008041-T1	NaN	NaN	NaN	NaN	NaN	NaN	NaN	NaN	GF00000093	Rhodotorula_mucilaginosa_TFCN_17-0-2E337-3.cds.fa_07945	Rhodotorula_mucilaginosa_TFCN_17-0-2E337-3.cds.fa_07946	NaN	NaN	NaN	NaN	NaN	NaN	NaN	NaN	TFCN1702E3373_008040-T1	TFCN1702E3373_008041-T1
TFCN1702E3373_008040-T1__TFCN1702E3373_012116-T1	NaN	NaN	NaN	NaN	NaN	NaN	NaN	NaN	GF00000093	Rhodotorula_mucilaginosa_TFCN_17-0-2E337-3.cds.fa_07945	Rhodotorula_mucilaginosa_TFCN_17-0-2E337-3.cds.fa_11953	NaN	NaN	NaN	NaN	NaN	NaN	NaN	NaN	TFCN1702E3373_008040-T1	TFCN1702E3373_012116-T1
TFCN1702E3373_008040-T1__TFCN1702E3373_008042-T1	NaN	NaN	NaN	NaN	NaN	NaN	NaN	NaN	GF00000093	Rhodotorula_mucilaginosa_TFCN_17-0-2E337-3.cds.fa_07945	Rhodotorula_mucilaginosa_TFCN_17-0-2E337-3.cds.fa_07947	NaN	NaN	NaN	NaN	NaN	NaN	NaN	NaN	TFCN1702E3373_008040-T1	TFCN1702E3373_008042-T1
TFCN1702E3373_008041-T1__TFCN1702E3373_012117-T1	NaN	NaN	NaN	NaN	NaN	NaN	NaN	NaN	GF00000093	Rhodotorula_mucilaginosa_TFCN_17-0-2E337-3.cds.fa_11954	Rhodotorula_mucilaginosa_TFCN_17-0-2E337-3.cds.fa_07946	NaN	NaN	NaN	NaN	NaN	NaN	NaN	NaN	TFCN1702E3373_012117-T1	TFCN1702E3373_008041-T1
TFCN1702E3373_012116-T1__TFCN1702E3373_012117-T1	NaN	NaN	NaN	NaN	NaN	NaN	NaN	NaN	GF00000093	Rhodotorula_mucilaginosa_TFCN_17-0-2E337-3.cds.fa_11954	Rhodotorula_mucilaginosa_TFCN_17-0-2E337-3.cds.fa_11953	NaN	NaN	NaN	NaN	NaN	NaN	NaN	NaN	TFCN1702E3373_012117-T1	TFCN1702E3373_012116-T1
TFCN1702E3373_008042-T1__TFCN1702E3373_012117-T1	NaN	NaN	NaN	NaN	NaN	NaN	NaN	NaN	GF00000093	Rhodotorula_mucilaginosa_TFCN_17-0-2E337-3.cds.fa_11954	Rhodotorula_mucilaginosa_TFCN_17-0-2E337-3.cds.fa_07947	NaN	NaN	NaN	NaN	NaN	NaN	NaN	NaN	TFCN1702E3373_012117-T1	TFCN1702E3373_008042-T1
TFCN1702E3373_008041-T1__TFCN1702E3373_012116-T1	NaN	NaN	NaN	NaN	NaN	NaN	NaN	NaN	GF00000093	Rhodotorula_mucilaginosa_TFCN_17-0-2E337-3.cds.fa_07946	Rhodotorula_mucilaginosa_TFCN_17-0-2E337-3.cds.fa_11953	NaN	NaN	NaN	NaN	NaN	NaN	NaN	NaN	TFCN1702E3373_008041-T1	TFCN1702E3373_012116-T1
TFCN1702E3373_008041-T1__TFCN1702E3373_008042-T1	NaN	NaN	NaN	NaN	NaN	NaN	NaN	NaN	GF00000093	Rhodotorula_mucilaginosa_TFCN_17-0-2E337-3.cds.fa_07946	Rhodotorula_mucilaginosa_TFCN_17-0-2E337-3.cds.fa_07947	NaN	NaN	NaN	NaN	NaN	NaN	NaN	NaN	TFCN1702E3373_008041-T1	TFCN1702E3373_008042-T1
TFCN1702E3373_008042-T1__TFCN1702E3373_012116-T1	NaN	NaN	NaN	NaN	NaN	NaN	NaN	NaN	GF00000093	Rhodotorula_mucilaginosa_TFCN_17-0-2E337-3.cds.fa_11953	Rhodotorula_mucilaginosa_TFCN_17-0-2E337-3.cds.fa_07947	NaN	NaN	NaN	NaN	NaN	NaN	NaN	NaN	TFCN1702E3373_012116-T1	TFCN1702E3373_008042-T1
TFCN1702E3373_002700-T1__TFCN1702E3373_009433-T1	NaN	NaN	NaN	NaN	NaN	NaN	NaN	NaN	GF00000094	Rhodotorula_mucilaginosa_TFCN_17-0-2E337-3.cds.fa_02667	Rhodotorula_mucilaginosa_TFCN_17-0-2E337-3.cds.fa_09315	NaN	NaN	NaN	NaN	NaN	NaN	NaN	NaN	TFCN1702E3373_002700-T1	TFCN1702E3373_009433-T1
TFCN1702E3373_002700-T1__TFCN1702E3373_005079-T1	NaN	NaN	NaN	NaN	NaN	NaN	NaN	NaN	GF00000094	Rhodotorula_mucilaginosa_TFCN_17-0-2E337-3.cds.fa_02667	Rhodotorula_mucilaginosa_TFCN_17-0-2E337-3.cds.fa_05016	NaN	NaN	NaN	NaN	NaN	NaN	NaN	NaN	TFCN1702E3373_002700-T1	TFCN1702E3373_005079-T1
TFCN1702E3373_002700-T1__TFCN1702E3373_008461-T1	NaN	NaN	NaN	NaN	NaN	NaN	NaN	NaN	GF00000094	Rhodotorula_mucilaginosa_TFCN_17-0-2E337-3.cds.fa_02667	Rhodotorula_mucilaginosa_TFCN_17-0-2E337-3.cds.fa_08352	NaN	NaN	NaN	NaN	NaN	NaN	NaN	NaN	TFCN1702E3373_002700-T1	TFCN1702E3373_008461-T1
TFCN1702E3373_002700-T1__TFCN1702E3373_014054-T1	NaN	NaN	NaN	NaN	NaN	NaN	NaN	NaN	GF00000094	Rhodotorula_mucilaginosa_TFCN_17-0-2E337-3.cds.fa_02667	Rhodotorula_mucilaginosa_TFCN_17-0-2E337-3.cds.fa_13852	NaN	NaN	NaN	NaN	NaN	NaN	NaN	NaN	TFCN1702E3373_002700-T1	TFCN1702E3373_014054-T1
TFCN1702E3373_002700-T1__TFCN1702E3373_014116-T1	NaN	NaN	NaN	NaN	NaN	NaN	NaN	NaN	GF00000094	Rhodotorula_mucilaginosa_TFCN_17-0-2E337-3.cds.fa_02667	Rhodotorula_mucilaginosa_TFCN_17-0-2E337-3.cds.fa_13910	NaN	NaN	NaN	NaN	NaN	NaN	NaN	NaN	TFCN1702E3373_002700-T1	TFCN1702E3373_014116-T1
TFCN1702E3373_005079-T1__TFCN1702E3373_009433-T1	NaN	NaN	NaN	NaN	NaN	NaN	NaN	NaN	GF00000094	Rhodotorula_mucilaginosa_TFCN_17-0-2E337-3.cds.fa_09315	Rhodotorula_mucilaginosa_TFCN_17-0-2E337-3.cds.fa_05016	NaN	NaN	NaN	NaN	NaN	NaN	NaN	NaN	TFCN1702E3373_009433-T1	TFCN1702E3373_005079-T1
TFCN1702E3373_008461-T1__TFCN1702E3373_009433-T1	NaN	NaN	NaN	NaN	NaN	NaN	NaN	NaN	GF00000094	Rhodotorula_mucilaginosa_TFCN_17-0-2E337-3.cds.fa_09315	Rhodotorula_mucilaginosa_TFCN_17-0-2E337-3.cds.fa_08352	NaN	NaN	NaN	NaN	NaN	NaN	NaN	NaN	TFCN1702E3373_009433-T1	TFCN1702E3373_008461-T1
TFCN1702E3373_009433-T1__TFCN1702E3373_014054-T1	NaN	NaN	NaN	NaN	NaN	NaN	NaN	NaN	GF00000094	Rhodotorula_mucilaginosa_TFCN_17-0-2E337-3.cds.fa_09315	Rhodotorula_mucilaginosa_TFCN_17-0-2E337-3.cds.fa_13852	NaN	NaN	NaN	NaN	NaN	NaN	NaN	NaN	TFCN1702E3373_009433-T1	TFCN1702E3373_014054-T1
TFCN1702E3373_009433-T1__TFCN1702E3373_014116-T1	NaN	NaN	NaN	NaN	NaN	NaN	NaN	NaN	GF00000094	Rhodotorula_mucilaginosa_TFCN_17-0-2E337-3.cds.fa_09315	Rhodotorula_mucilaginosa_TFCN_17-0-2E337-3.cds.fa_13910	NaN	NaN	NaN	NaN	NaN	NaN	NaN	NaN	TFCN1702E3373_009433-T1	TFCN1702E3373_014116-T1
TFCN1702E3373_005079-T1__TFCN1702E3373_008461-T1	NaN	NaN	NaN	NaN	NaN	NaN	NaN	NaN	GF00000094	Rhodotorula_mucilaginosa_TFCN_17-0-2E337-3.cds.fa_05016	Rhodotorula_mucilaginosa_TFCN_17-0-2E337-3.cds.fa_08352	NaN	NaN	NaN	NaN	NaN	NaN	NaN	NaN	TFCN1702E3373_005079-T1	TFCN1702E3373_008461-T1
TFCN1702E3373_005079-T1__TFCN1702E3373_014054-T1	NaN	NaN	NaN	NaN	NaN	NaN	NaN	NaN	GF00000094	Rhodotorula_mucilaginosa_TFCN_17-0-2E337-3.cds.fa_05016	Rhodotorula_mucilaginosa_TFCN_17-0-2E337-3.cds.fa_13852	NaN	NaN	NaN	NaN	NaN	NaN	NaN	NaN	TFCN1702E3373_005079-T1	TFCN1702E3373_014054-T1
TFCN1702E3373_005079-T1__TFCN1702E3373_014116-T1	NaN	NaN	NaN	NaN	NaN	NaN	NaN	NaN	GF00000094	Rhodotorula_mucilaginosa_TFCN_17-0-2E337-3.cds.fa_05016	Rhodotorula_mucilaginosa_TFCN_17-0-2E337-3.cds.fa_13910	NaN	NaN	NaN	NaN	NaN	NaN	NaN	NaN	TFCN1702E3373_005079-T1	TFCN1702E3373_014116-T1
TFCN1702E3373_008461-T1__TFCN1702E3373_014054-T1	NaN	NaN	NaN	NaN	NaN	NaN	NaN	NaN	GF00000094	Rhodotorula_mucilaginosa_TFCN_17-0-2E337-3.cds.fa_08352	Rhodotorula_mucilaginosa_TFCN_17-0-2E337-3.cds.fa_13852	NaN	NaN	NaN	NaN	NaN	NaN	NaN	NaN	TFCN1702E3373_008461-T1	TFCN1702E3373_014054-T1
TFCN1702E3373_008461-T1__TFCN1702E3373_014116-T1	NaN	NaN	NaN	NaN	NaN	NaN	NaN	NaN	GF00000094	Rhodotorula_mucilaginosa_TFCN_17-0-2E337-3.cds.fa_08352	Rhodotorula_mucilaginosa_TFCN_17-0-2E337-3.cds.fa_13910	NaN	NaN	NaN	NaN	NaN	NaN	NaN	NaN	TFCN1702E3373_008461-T1	TFCN1702E3373_014116-T1
TFCN1702E3373_014054-T1__TFCN1702E3373_014116-T1	NaN	NaN	NaN	NaN	NaN	NaN	NaN	NaN	GF00000094	Rhodotorula_mucilaginosa_TFCN_17-0-2E337-3.cds.fa_13852	Rhodotorula_mucilaginosa_TFCN_17-0-2E337-3.cds.fa_13910	NaN	NaN	NaN	NaN	NaN	NaN	NaN	NaN	TFCN1702E3373_014054-T1	TFCN1702E3373_014116-T1
TFCN1702E3373_011967-T1__TFCN1702E3373_012335-T1	NaN	NaN	NaN	NaN	NaN	NaN	NaN	NaN	GF00000102	Rhodotorula_mucilaginosa_TFCN_17-0-2E337-3.cds.fa_11809	Rhodotorula_mucilaginosa_TFCN_17-0-2E337-3.cds.fa_12169	NaN	NaN	NaN	NaN	NaN	NaN	NaN	NaN	TFCN1702E3373_011967-T1	TFCN1702E3373_012335-T1
TFCN1702E3373_011967-T1__TFCN1702E3373_012334-T1	NaN	NaN	NaN	NaN	NaN	NaN	NaN	NaN	GF00000102	Rhodotorula_mucilaginosa_TFCN_17-0-2E337-3.cds.fa_11809	Rhodotorula_mucilaginosa_TFCN_17-0-2E337-3.cds.fa_12168	NaN	NaN	NaN	NaN	NaN	NaN	NaN	NaN	TFCN1702E3373_011967-T1	TFCN1702E3373_012334-T1
TFCN1702E3373_011967-T1__TFCN1702E3373_012330-T1	NaN	NaN	NaN	NaN	NaN	NaN	NaN	NaN	GF00000102	Rhodotorula_mucilaginosa_TFCN_17-0-2E337-3.cds.fa_11809	Rhodotorula_mucilaginosa_TFCN_17-0-2E337-3.cds.fa_12164	NaN	NaN	NaN	NaN	NaN	NaN	NaN	NaN	TFCN1702E3373_011967-T1	TFCN1702E3373_012330-T1
TFCN1702E3373_011967-T1__TFCN1702E3373_012333-T1	NaN	NaN	NaN	NaN	NaN	NaN	NaN	NaN	GF00000102	Rhodotorula_mucilaginosa_TFCN_17-0-2E337-3.cds.fa_11809	Rhodotorula_mucilaginosa_TFCN_17-0-2E337-3.cds.fa_12167	NaN	NaN	NaN	NaN	NaN	NaN	NaN	NaN	TFCN1702E3373_011967-T1	TFCN1702E3373_012333-T1
TFCN1702E3373_011967-T1__TFCN1702E3373_012331-T1	NaN	NaN	NaN	NaN	NaN	NaN	NaN	NaN	GF00000102	Rhodotorula_mucilaginosa_TFCN_17-0-2E337-3.cds.fa_11809	Rhodotorula_mucilaginosa_TFCN_17-0-2E337-3.cds.fa_12165	NaN	NaN	NaN	NaN	NaN	NaN	NaN	NaN	TFCN1702E3373_011967-T1	TFCN1702E3373_012331-T1
TFCN1702E3373_012334-T1__TFCN1702E3373_012335-T1	NaN	NaN	NaN	NaN	NaN	NaN	NaN	NaN	GF00000102	Rhodotorula_mucilaginosa_TFCN_17-0-2E337-3.cds.fa_12169	Rhodotorula_mucilaginosa_TFCN_17-0-2E337-3.cds.fa_12168	NaN	NaN	NaN	NaN	NaN	NaN	NaN	NaN	TFCN1702E3373_012335-T1	TFCN1702E3373_012334-T1
TFCN1702E3373_012330-T1__TFCN1702E3373_012335-T1	NaN	NaN	NaN	NaN	NaN	NaN	NaN	NaN	GF00000102	Rhodotorula_mucilaginosa_TFCN_17-0-2E337-3.cds.fa_12169	Rhodotorula_mucilaginosa_TFCN_17-0-2E337-3.cds.fa_12164	NaN	NaN	NaN	NaN	NaN	NaN	NaN	NaN	TFCN1702E3373_012335-T1	TFCN1702E3373_012330-T1
TFCN1702E3373_012333-T1__TFCN1702E3373_012335-T1	NaN	NaN	NaN	NaN	NaN	NaN	NaN	NaN	GF00000102	Rhodotorula_mucilaginosa_TFCN_17-0-2E337-3.cds.fa_12169	Rhodotorula_mucilaginosa_TFCN_17-0-2E337-3.cds.fa_12167	NaN	NaN	NaN	NaN	NaN	NaN	NaN	NaN	TFCN1702E3373_012335-T1	TFCN1702E3373_012333-T1
TFCN1702E3373_012331-T1__TFCN1702E3373_012335-T1	NaN	NaN	NaN	NaN	NaN	NaN	NaN	NaN	GF00000102	Rhodotorula_mucilaginosa_TFCN_17-0-2E337-3.cds.fa_12169	Rhodotorula_mucilaginosa_TFCN_17-0-2E337-3.cds.fa_12165	NaN	NaN	NaN	NaN	NaN	NaN	NaN	NaN	TFCN1702E3373_012335-T1	TFCN1702E3373_012331-T1
TFCN1702E3373_012330-T1__TFCN1702E3373_012334-T1	NaN	NaN	NaN	NaN	NaN	NaN	NaN	NaN	GF00000102	Rhodotorula_mucilaginosa_TFCN_17-0-2E337-3.cds.fa_12168	Rhodotorula_mucilaginosa_TFCN_17-0-2E337-3.cds.fa_12164	NaN	NaN	NaN	NaN	NaN	NaN	NaN	NaN	TFCN1702E3373_012334-T1	TFCN1702E3373_012330-T1
TFCN1702E3373_012333-T1__TFCN1702E3373_012334-T1	NaN	NaN	NaN	NaN	NaN	NaN	NaN	NaN	GF00000102	Rhodotorula_mucilaginosa_TFCN_17-0-2E337-3.cds.fa_12168	Rhodotorula_mucilaginosa_TFCN_17-0-2E337-3.cds.fa_12167	NaN	NaN	NaN	NaN	NaN	NaN	NaN	NaN	TFCN1702E3373_012334-T1	TFCN1702E3373_012333-T1
TFCN1702E3373_012331-T1__TFCN1702E3373_012334-T1	NaN	NaN	NaN	NaN	NaN	NaN	NaN	NaN	GF00000102	Rhodotorula_mucilaginosa_TFCN_17-0-2E337-3.cds.fa_12168	Rhodotorula_mucilaginosa_TFCN_17-0-2E337-3.cds.fa_12165	NaN	NaN	NaN	NaN	NaN	NaN	NaN	NaN	TFCN1702E3373_012334-T1	TFCN1702E3373_012331-T1
TFCN1702E3373_012330-T1__TFCN1702E3373_012333-T1	NaN	NaN	NaN	NaN	NaN	NaN	NaN	NaN	GF00000102	Rhodotorula_mucilaginosa_TFCN_17-0-2E337-3.cds.fa_12164	Rhodotorula_mucilaginosa_TFCN_17-0-2E337-3.cds.fa_12167	NaN	NaN	NaN	NaN	NaN	NaN	NaN	NaN	TFCN1702E3373_012330-T1	TFCN1702E3373_012333-T1
TFCN1702E3373_012330-T1__TFCN1702E3373_012331-T1	NaN	NaN	NaN	NaN	NaN	NaN	NaN	NaN	GF00000102	Rhodotorula_mucilaginosa_TFCN_17-0-2E337-3.cds.fa_12164	Rhodotorula_mucilaginosa_TFCN_17-0-2E337-3.cds.fa_12165	NaN	NaN	NaN	NaN	NaN	NaN	NaN	NaN	TFCN1702E3373_012330-T1	TFCN1702E3373_012331-T1
TFCN1702E3373_012331-T1__TFCN1702E3373_012333-T1	NaN	NaN	NaN	NaN	NaN	NaN	NaN	NaN	GF00000102	Rhodotorula_mucilaginosa_TFCN_17-0-2E337-3.cds.fa_12167	Rhodotorula_mucilaginosa_TFCN_17-0-2E337-3.cds.fa_12165	NaN	NaN	NaN	NaN	NaN	NaN	NaN	NaN	TFCN1702E3373_012333-T1	TFCN1702E3373_012331-T1
TFCN1702E3373_011815-T1__TFCN1702E3373_013417-T1	NaN	NaN	NaN	NaN	NaN	NaN	NaN	NaN	GF00000112	Rhodotorula_mucilaginosa_TFCN_17-0-2E337-3.cds.fa_13230	Rhodotorula_mucilaginosa_TFCN_17-0-2E337-3.cds.fa_11662	NaN	NaN	NaN	NaN	NaN	NaN	NaN	NaN	TFCN1702E3373_013417-T1	TFCN1702E3373_011815-T1
TFCN1702E3373_013417-T1__TFCN1702E3373_014202-T1	NaN	NaN	NaN	NaN	NaN	NaN	NaN	NaN	GF00000112	Rhodotorula_mucilaginosa_TFCN_17-0-2E337-3.cds.fa_13230	Rhodotorula_mucilaginosa_TFCN_17-0-2E337-3.cds.fa_13995	NaN	NaN	NaN	NaN	NaN	NaN	NaN	NaN	TFCN1702E3373_013417-T1	TFCN1702E3373_014202-T1
TFCN1702E3373_011806-T1__TFCN1702E3373_013417-T1	NaN	NaN	NaN	NaN	NaN	NaN	NaN	NaN	GF00000112	Rhodotorula_mucilaginosa_TFCN_17-0-2E337-3.cds.fa_13230	Rhodotorula_mucilaginosa_TFCN_17-0-2E337-3.cds.fa_11653	NaN	NaN	NaN	NaN	NaN	NaN	NaN	NaN	TFCN1702E3373_013417-T1	TFCN1702E3373_011806-T1
TFCN1702E3373_013417-T1__TFCN1702E3373_014193-T1	NaN	NaN	NaN	NaN	NaN	NaN	NaN	NaN	GF00000112	Rhodotorula_mucilaginosa_TFCN_17-0-2E337-3.cds.fa_13230	Rhodotorula_mucilaginosa_TFCN_17-0-2E337-3.cds.fa_13986	NaN	NaN	NaN	NaN	NaN	NaN	NaN	NaN	TFCN1702E3373_013417-T1	TFCN1702E3373_014193-T1
TFCN1702E3373_013417-T1__TFCN1702E3373_014304-T1	NaN	NaN	NaN	NaN	NaN	NaN	NaN	NaN	GF00000112	Rhodotorula_mucilaginosa_TFCN_17-0-2E337-3.cds.fa_13230	Rhodotorula_mucilaginosa_TFCN_17-0-2E337-3.cds.fa_14097	NaN	NaN	NaN	NaN	NaN	NaN	NaN	NaN	TFCN1702E3373_013417-T1	TFCN1702E3373_014304-T1
TFCN1702E3373_011815-T1__TFCN1702E3373_014202-T1	NaN	NaN	NaN	NaN	NaN	NaN	NaN	NaN	GF00000112	Rhodotorula_mucilaginosa_TFCN_17-0-2E337-3.cds.fa_11662	Rhodotorula_mucilaginosa_TFCN_17-0-2E337-3.cds.fa_13995	NaN	NaN	NaN	NaN	NaN	NaN	NaN	NaN	TFCN1702E3373_011815-T1	TFCN1702E3373_014202-T1
TFCN1702E3373_011806-T1__TFCN1702E3373_011815-T1	NaN	NaN	NaN	NaN	NaN	NaN	NaN	NaN	GF00000112	Rhodotorula_mucilaginosa_TFCN_17-0-2E337-3.cds.fa_11662	Rhodotorula_mucilaginosa_TFCN_17-0-2E337-3.cds.fa_11653	NaN	NaN	NaN	NaN	NaN	NaN	NaN	NaN	TFCN1702E3373_011815-T1	TFCN1702E3373_011806-T1
TFCN1702E3373_011815-T1__TFCN1702E3373_014193-T1	NaN	NaN	NaN	NaN	NaN	NaN	NaN	NaN	GF00000112	Rhodotorula_mucilaginosa_TFCN_17-0-2E337-3.cds.fa_11662	Rhodotorula_mucilaginosa_TFCN_17-0-2E337-3.cds.fa_13986	NaN	NaN	NaN	NaN	NaN	NaN	NaN	NaN	TFCN1702E3373_011815-T1	TFCN1702E3373_014193-T1
TFCN1702E3373_011815-T1__TFCN1702E3373_014304-T1	NaN	NaN	NaN	NaN	NaN	NaN	NaN	NaN	GF00000112	Rhodotorula_mucilaginosa_TFCN_17-0-2E337-3.cds.fa_11662	Rhodotorula_mucilaginosa_TFCN_17-0-2E337-3.cds.fa_14097	NaN	NaN	NaN	NaN	NaN	NaN	NaN	NaN	TFCN1702E3373_011815-T1	TFCN1702E3373_014304-T1
TFCN1702E3373_011806-T1__TFCN1702E3373_014202-T1	NaN	NaN	NaN	NaN	NaN	NaN	NaN	NaN	GF00000112	Rhodotorula_mucilaginosa_TFCN_17-0-2E337-3.cds.fa_13995	Rhodotorula_mucilaginosa_TFCN_17-0-2E337-3.cds.fa_11653	NaN	NaN	NaN	NaN	NaN	NaN	NaN	NaN	TFCN1702E3373_014202-T1	TFCN1702E3373_011806-T1
TFCN1702E3373_014193-T1__TFCN1702E3373_014202-T1	NaN	NaN	NaN	NaN	NaN	NaN	NaN	NaN	GF00000112	Rhodotorula_mucilaginosa_TFCN_17-0-2E337-3.cds.fa_13995	Rhodotorula_mucilaginosa_TFCN_17-0-2E337-3.cds.fa_13986	NaN	NaN	NaN	NaN	NaN	NaN	NaN	NaN	TFCN1702E3373_014202-T1	TFCN1702E3373_014193-T1
TFCN1702E3373_014202-T1__TFCN1702E3373_014304-T1	NaN	NaN	NaN	NaN	NaN	NaN	NaN	NaN	GF00000112	Rhodotorula_mucilaginosa_TFCN_17-0-2E337-3.cds.fa_13995	Rhodotorula_mucilaginosa_TFCN_17-0-2E337-3.cds.fa_14097	NaN	NaN	NaN	NaN	NaN	NaN	NaN	NaN	TFCN1702E3373_014202-T1	TFCN1702E3373_014304-T1
TFCN1702E3373_011806-T1__TFCN1702E3373_014193-T1	NaN	NaN	NaN	NaN	NaN	NaN	NaN	NaN	GF00000112	Rhodotorula_mucilaginosa_TFCN_17-0-2E337-3.cds.fa_11653	Rhodotorula_mucilaginosa_TFCN_17-0-2E337-3.cds.fa_13986	NaN	NaN	NaN	NaN	NaN	NaN	NaN	NaN	TFCN1702E3373_011806-T1	TFCN1702E3373_014193-T1
TFCN1702E3373_011806-T1__TFCN1702E3373_014304-T1	NaN	NaN	NaN	NaN	NaN	NaN	NaN	NaN	GF00000112	Rhodotorula_mucilaginosa_TFCN_17-0-2E337-3.cds.fa_11653	Rhodotorula_mucilaginosa_TFCN_17-0-2E337-3.cds.fa_14097	NaN	NaN	NaN	NaN	NaN	NaN	NaN	NaN	TFCN1702E3373_011806-T1	TFCN1702E3373_014304-T1
TFCN1702E3373_014193-T1__TFCN1702E3373_014304-T1	NaN	NaN	NaN	NaN	NaN	NaN	NaN	NaN	GF00000112	Rhodotorula_mucilaginosa_TFCN_17-0-2E337-3.cds.fa_13986	Rhodotorula_mucilaginosa_TFCN_17-0-2E337-3.cds.fa_14097	NaN	NaN	NaN	NaN	NaN	NaN	NaN	NaN	TFCN1702E3373_014193-T1	TFCN1702E3373_014304-T1
TFCN1702E3373_005563-T1__TFCN1702E3373_014347-T1	NaN	NaN	NaN	NaN	NaN	NaN	NaN	NaN	GF00000115	Rhodotorula_mucilaginosa_TFCN_17-0-2E337-3.cds.fa_14139	Rhodotorula_mucilaginosa_TFCN_17-0-2E337-3.cds.fa_05498	NaN	NaN	NaN	NaN	NaN	NaN	NaN	NaN	TFCN1702E3373_014347-T1	TFCN1702E3373_005563-T1
TFCN1702E3373_005564-T1__TFCN1702E3373_014347-T1	NaN	NaN	NaN	NaN	NaN	NaN	NaN	NaN	GF00000115	Rhodotorula_mucilaginosa_TFCN_17-0-2E337-3.cds.fa_14139	Rhodotorula_mucilaginosa_TFCN_17-0-2E337-3.cds.fa_05499	NaN	NaN	NaN	NaN	NaN	NaN	NaN	NaN	TFCN1702E3373_014347-T1	TFCN1702E3373_005564-T1
TFCN1702E3373_014345-T1__TFCN1702E3373_014347-T1	NaN	NaN	NaN	NaN	NaN	NaN	NaN	NaN	GF00000115	Rhodotorula_mucilaginosa_TFCN_17-0-2E337-3.cds.fa_14139	Rhodotorula_mucilaginosa_TFCN_17-0-2E337-3.cds.fa_14137	NaN	NaN	NaN	NaN	NaN	NaN	NaN	NaN	TFCN1702E3373_014347-T1	TFCN1702E3373_014345-T1
TFCN1702E3373_014346-T1__TFCN1702E3373_014347-T1	NaN	NaN	NaN	NaN	NaN	NaN	NaN	NaN	GF00000115	Rhodotorula_mucilaginosa_TFCN_17-0-2E337-3.cds.fa_14139	Rhodotorula_mucilaginosa_TFCN_17-0-2E337-3.cds.fa_14138	NaN	NaN	NaN	NaN	NaN	NaN	NaN	NaN	TFCN1702E3373_014347-T1	TFCN1702E3373_014346-T1
TFCN1702E3373_014347-T1__TFCN1702E3373_014764-T1	NaN	NaN	NaN	NaN	NaN	NaN	NaN	NaN	GF00000115	Rhodotorula_mucilaginosa_TFCN_17-0-2E337-3.cds.fa_14139	Rhodotorula_mucilaginosa_TFCN_17-0-2E337-3.cds.fa_14535	NaN	NaN	NaN	NaN	NaN	NaN	NaN	NaN	TFCN1702E3373_014347-T1	TFCN1702E3373_014764-T1
TFCN1702E3373_005563-T1__TFCN1702E3373_005564-T1	NaN	NaN	NaN	NaN	NaN	NaN	NaN	NaN	GF00000115	Rhodotorula_mucilaginosa_TFCN_17-0-2E337-3.cds.fa_05498	Rhodotorula_mucilaginosa_TFCN_17-0-2E337-3.cds.fa_05499	NaN	NaN	NaN	NaN	NaN	NaN	NaN	NaN	TFCN1702E3373_005563-T1	TFCN1702E3373_005564-T1
TFCN1702E3373_005563-T1__TFCN1702E3373_014345-T1	NaN	NaN	NaN	NaN	NaN	NaN	NaN	NaN	GF00000115	Rhodotorula_mucilaginosa_TFCN_17-0-2E337-3.cds.fa_05498	Rhodotorula_mucilaginosa_TFCN_17-0-2E337-3.cds.fa_14137	NaN	NaN	NaN	NaN	NaN	NaN	NaN	NaN	TFCN1702E3373_005563-T1	TFCN1702E3373_014345-T1
TFCN1702E3373_005563-T1__TFCN1702E3373_014346-T1	NaN	NaN	NaN	NaN	NaN	NaN	NaN	NaN	GF00000115	Rhodotorula_mucilaginosa_TFCN_17-0-2E337-3.cds.fa_05498	Rhodotorula_mucilaginosa_TFCN_17-0-2E337-3.cds.fa_14138	NaN	NaN	NaN	NaN	NaN	NaN	NaN	NaN	TFCN1702E3373_005563-T1	TFCN1702E3373_014346-T1
TFCN1702E3373_005563-T1__TFCN1702E3373_014764-T1	NaN	NaN	NaN	NaN	NaN	NaN	NaN	NaN	GF00000115	Rhodotorula_mucilaginosa_TFCN_17-0-2E337-3.cds.fa_05498	Rhodotorula_mucilaginosa_TFCN_17-0-2E337-3.cds.fa_14535	NaN	NaN	NaN	NaN	NaN	NaN	NaN	NaN	TFCN1702E3373_005563-T1	TFCN1702E3373_014764-T1
TFCN1702E3373_005564-T1__TFCN1702E3373_014345-T1	NaN	NaN	NaN	NaN	NaN	NaN	NaN	NaN	GF00000115	Rhodotorula_mucilaginosa_TFCN_17-0-2E337-3.cds.fa_05499	Rhodotorula_mucilaginosa_TFCN_17-0-2E337-3.cds.fa_14137	NaN	NaN	NaN	NaN	NaN	NaN	NaN	NaN	TFCN1702E3373_005564-T1	TFCN1702E3373_014345-T1
TFCN1702E3373_005564-T1__TFCN1702E3373_014346-T1	NaN	NaN	NaN	NaN	NaN	NaN	NaN	NaN	GF00000115	Rhodotorula_mucilaginosa_TFCN_17-0-2E337-3.cds.fa_05499	Rhodotorula_mucilaginosa_TFCN_17-0-2E337-3.cds.fa_14138	NaN	NaN	NaN	NaN	NaN	NaN	NaN	NaN	TFCN1702E3373_005564-T1	TFCN1702E3373_014346-T1
TFCN1702E3373_005564-T1__TFCN1702E3373_014764-T1	NaN	NaN	NaN	NaN	NaN	NaN	NaN	NaN	GF00000115	Rhodotorula_mucilaginosa_TFCN_17-0-2E337-3.cds.fa_05499	Rhodotorula_mucilaginosa_TFCN_17-0-2E337-3.cds.fa_14535	NaN	NaN	NaN	NaN	NaN	NaN	NaN	NaN	TFCN1702E3373_005564-T1	TFCN1702E3373_014764-T1
TFCN1702E3373_014345-T1__TFCN1702E3373_014346-T1	NaN	NaN	NaN	NaN	NaN	NaN	NaN	NaN	GF00000115	Rhodotorula_mucilaginosa_TFCN_17-0-2E337-3.cds.fa_14137	Rhodotorula_mucilaginosa_TFCN_17-0-2E337-3.cds.fa_14138	NaN	NaN	NaN	NaN	NaN	NaN	NaN	NaN	TFCN1702E3373_014345-T1	TFCN1702E3373_014346-T1
TFCN1702E3373_014345-T1__TFCN1702E3373_014764-T1	NaN	NaN	NaN	NaN	NaN	NaN	NaN	NaN	GF00000115	Rhodotorula_mucilaginosa_TFCN_17-0-2E337-3.cds.fa_14137	Rhodotorula_mucilaginosa_TFCN_17-0-2E337-3.cds.fa_14535	NaN	NaN	NaN	NaN	NaN	NaN	NaN	NaN	TFCN1702E3373_014345-T1	TFCN1702E3373_014764-T1
TFCN1702E3373_014346-T1__TFCN1702E3373_014764-T1	NaN	NaN	NaN	NaN	NaN	NaN	NaN	NaN	GF00000115	Rhodotorula_mucilaginosa_TFCN_17-0-2E337-3.cds.fa_14138	Rhodotorula_mucilaginosa_TFCN_17-0-2E337-3.cds.fa_14535	NaN	NaN	NaN	NaN	NaN	NaN	NaN	NaN	TFCN1702E3373_014346-T1	TFCN1702E3373_014764-T1
TFCN1702E3373_007576-T1__TFCN1702E3373_007577-T1	NaN	NaN	NaN	NaN	NaN	NaN	NaN	NaN	GF00000126	Rhodotorula_mucilaginosa_TFCN_17-0-2E337-3.cds.fa_07487	Rhodotorula_mucilaginosa_TFCN_17-0-2E337-3.cds.fa_07486	NaN	NaN	NaN	NaN	NaN	NaN	NaN	NaN	TFCN1702E3373_007577-T1	TFCN1702E3373_007576-T1
TFCN1702E3373_002598-T1__TFCN1702E3373_007577-T1	NaN	NaN	NaN	NaN	NaN	NaN	NaN	NaN	GF00000126	Rhodotorula_mucilaginosa_TFCN_17-0-2E337-3.cds.fa_07487	Rhodotorula_mucilaginosa_TFCN_17-0-2E337-3.cds.fa_02568	NaN	NaN	NaN	NaN	NaN	NaN	NaN	NaN	TFCN1702E3373_007577-T1	TFCN1702E3373_002598-T1
TFCN1702E3373_002597-T1__TFCN1702E3373_007577-T1	NaN	NaN	NaN	NaN	NaN	NaN	NaN	NaN	GF00000126	Rhodotorula_mucilaginosa_TFCN_17-0-2E337-3.cds.fa_07487	Rhodotorula_mucilaginosa_TFCN_17-0-2E337-3.cds.fa_02567	NaN	NaN	NaN	NaN	NaN	NaN	NaN	NaN	TFCN1702E3373_007577-T1	TFCN1702E3373_002597-T1
TFCN1702E3373_007575-T1__TFCN1702E3373_007577-T1	NaN	NaN	NaN	NaN	NaN	NaN	NaN	NaN	GF00000126	Rhodotorula_mucilaginosa_TFCN_17-0-2E337-3.cds.fa_07487	Rhodotorula_mucilaginosa_TFCN_17-0-2E337-3.cds.fa_07485	NaN	NaN	NaN	NaN	NaN	NaN	NaN	NaN	TFCN1702E3373_007577-T1	TFCN1702E3373_007575-T1
TFCN1702E3373_007574-T1__TFCN1702E3373_007577-T1	NaN	NaN	NaN	NaN	NaN	NaN	NaN	NaN	GF00000126	Rhodotorula_mucilaginosa_TFCN_17-0-2E337-3.cds.fa_07487	Rhodotorula_mucilaginosa_TFCN_17-0-2E337-3.cds.fa_07484	NaN	NaN	NaN	NaN	NaN	NaN	NaN	NaN	TFCN1702E3373_007577-T1	TFCN1702E3373_007574-T1
TFCN1702E3373_002598-T1__TFCN1702E3373_007576-T1	NaN	NaN	NaN	NaN	NaN	NaN	NaN	NaN	GF00000126	Rhodotorula_mucilaginosa_TFCN_17-0-2E337-3.cds.fa_07486	Rhodotorula_mucilaginosa_TFCN_17-0-2E337-3.cds.fa_02568	NaN	NaN	NaN	NaN	NaN	NaN	NaN	NaN	TFCN1702E3373_007576-T1	TFCN1702E3373_002598-T1
TFCN1702E3373_002597-T1__TFCN1702E3373_007576-T1	NaN	NaN	NaN	NaN	NaN	NaN	NaN	NaN	GF00000126	Rhodotorula_mucilaginosa_TFCN_17-0-2E337-3.cds.fa_07486	Rhodotorula_mucilaginosa_TFCN_17-0-2E337-3.cds.fa_02567	NaN	NaN	NaN	NaN	NaN	NaN	NaN	NaN	TFCN1702E3373_007576-T1	TFCN1702E3373_002597-T1
TFCN1702E3373_007575-T1__TFCN1702E3373_007576-T1	NaN	NaN	NaN	NaN	NaN	NaN	NaN	NaN	GF00000126	Rhodotorula_mucilaginosa_TFCN_17-0-2E337-3.cds.fa_07486	Rhodotorula_mucilaginosa_TFCN_17-0-2E337-3.cds.fa_07485	NaN	NaN	NaN	NaN	NaN	NaN	NaN	NaN	TFCN1702E3373_007576-T1	TFCN1702E3373_007575-T1
TFCN1702E3373_007574-T1__TFCN1702E3373_007576-T1	NaN	NaN	NaN	NaN	NaN	NaN	NaN	NaN	GF00000126	Rhodotorula_mucilaginosa_TFCN_17-0-2E337-3.cds.fa_07486	Rhodotorula_mucilaginosa_TFCN_17-0-2E337-3.cds.fa_07484	NaN	NaN	NaN	NaN	NaN	NaN	NaN	NaN	TFCN1702E3373_007576-T1	TFCN1702E3373_007574-T1
TFCN1702E3373_002597-T1__TFCN1702E3373_002598-T1	NaN	NaN	NaN	NaN	NaN	NaN	NaN	NaN	GF00000126	Rhodotorula_mucilaginosa_TFCN_17-0-2E337-3.cds.fa_02568	Rhodotorula_mucilaginosa_TFCN_17-0-2E337-3.cds.fa_02567	NaN	NaN	NaN	NaN	NaN	NaN	NaN	NaN	TFCN1702E3373_002598-T1	TFCN1702E3373_002597-T1
TFCN1702E3373_002598-T1__TFCN1702E3373_007575-T1	NaN	NaN	NaN	NaN	NaN	NaN	NaN	NaN	GF00000126	Rhodotorula_mucilaginosa_TFCN_17-0-2E337-3.cds.fa_02568	Rhodotorula_mucilaginosa_TFCN_17-0-2E337-3.cds.fa_07485	NaN	NaN	NaN	NaN	NaN	NaN	NaN	NaN	TFCN1702E3373_002598-T1	TFCN1702E3373_007575-T1
TFCN1702E3373_002598-T1__TFCN1702E3373_007574-T1	NaN	NaN	NaN	NaN	NaN	NaN	NaN	NaN	GF00000126	Rhodotorula_mucilaginosa_TFCN_17-0-2E337-3.cds.fa_02568	Rhodotorula_mucilaginosa_TFCN_17-0-2E337-3.cds.fa_07484	NaN	NaN	NaN	NaN	NaN	NaN	NaN	NaN	TFCN1702E3373_002598-T1	TFCN1702E3373_007574-T1
TFCN1702E3373_002597-T1__TFCN1702E3373_007575-T1	NaN	NaN	NaN	NaN	NaN	NaN	NaN	NaN	GF00000126	Rhodotorula_mucilaginosa_TFCN_17-0-2E337-3.cds.fa_02567	Rhodotorula_mucilaginosa_TFCN_17-0-2E337-3.cds.fa_07485	NaN	NaN	NaN	NaN	NaN	NaN	NaN	NaN	TFCN1702E3373_002597-T1	TFCN1702E3373_007575-T1
TFCN1702E3373_002597-T1__TFCN1702E3373_007574-T1	NaN	NaN	NaN	NaN	NaN	NaN	NaN	NaN	GF00000126	Rhodotorula_mucilaginosa_TFCN_17-0-2E337-3.cds.fa_02567	Rhodotorula_mucilaginosa_TFCN_17-0-2E337-3.cds.fa_07484	NaN	NaN	NaN	NaN	NaN	NaN	NaN	NaN	TFCN1702E3373_002597-T1	TFCN1702E3373_007574-T1
TFCN1702E3373_007574-T1__TFCN1702E3373_007575-T1	NaN	NaN	NaN	NaN	NaN	NaN	NaN	NaN	GF00000126	Rhodotorula_mucilaginosa_TFCN_17-0-2E337-3.cds.fa_07485	Rhodotorula_mucilaginosa_TFCN_17-0-2E337-3.cds.fa_07484	NaN	NaN	NaN	NaN	NaN	NaN	NaN	NaN	TFCN1702E3373_007575-T1	TFCN1702E3373_007574-T1
TFCN1702E3373_005457-T1__TFCN1702E3373_008320-T1	NaN	NaN	NaN	NaN	NaN	NaN	NaN	NaN	GF00000128	Rhodotorula_mucilaginosa_TFCN_17-0-2E337-3.cds.fa_05392	Rhodotorula_mucilaginosa_TFCN_17-0-2E337-3.cds.fa_08218	NaN	NaN	NaN	NaN	NaN	NaN	NaN	NaN	TFCN1702E3373_005457-T1	TFCN1702E3373_008320-T1
TFCN1702E3373_005457-T1__TFCN1702E3373_010499-T1	NaN	NaN	NaN	NaN	NaN	NaN	NaN	NaN	GF00000128	Rhodotorula_mucilaginosa_TFCN_17-0-2E337-3.cds.fa_05392	Rhodotorula_mucilaginosa_TFCN_17-0-2E337-3.cds.fa_10373	NaN	NaN	NaN	NaN	NaN	NaN	NaN	NaN	TFCN1702E3373_005457-T1	TFCN1702E3373_010499-T1
TFCN1702E3373_003306-T1__TFCN1702E3373_005457-T1	NaN	NaN	NaN	NaN	NaN	NaN	NaN	NaN	GF00000128	Rhodotorula_mucilaginosa_TFCN_17-0-2E337-3.cds.fa_05392	Rhodotorula_mucilaginosa_TFCN_17-0-2E337-3.cds.fa_03263	NaN	NaN	NaN	NaN	NaN	NaN	NaN	NaN	TFCN1702E3373_005457-T1	TFCN1702E3373_003306-T1
TFCN1702E3373_003305-T1__TFCN1702E3373_005457-T1	NaN	NaN	NaN	NaN	NaN	NaN	NaN	NaN	GF00000128	Rhodotorula_mucilaginosa_TFCN_17-0-2E337-3.cds.fa_05392	Rhodotorula_mucilaginosa_TFCN_17-0-2E337-3.cds.fa_03262	NaN	NaN	NaN	NaN	NaN	NaN	NaN	NaN	TFCN1702E3373_005457-T1	TFCN1702E3373_003305-T1
TFCN1702E3373_005457-T1__TFCN1702E3373_010498-T1	NaN	NaN	NaN	NaN	NaN	NaN	NaN	NaN	GF00000128	Rhodotorula_mucilaginosa_TFCN_17-0-2E337-3.cds.fa_05392	Rhodotorula_mucilaginosa_TFCN_17-0-2E337-3.cds.fa_10372	NaN	NaN	NaN	NaN	NaN	NaN	NaN	NaN	TFCN1702E3373_005457-T1	TFCN1702E3373_010498-T1
TFCN1702E3373_008320-T1__TFCN1702E3373_010499-T1	NaN	NaN	NaN	NaN	NaN	NaN	NaN	NaN	GF00000128	Rhodotorula_mucilaginosa_TFCN_17-0-2E337-3.cds.fa_08218	Rhodotorula_mucilaginosa_TFCN_17-0-2E337-3.cds.fa_10373	NaN	NaN	NaN	NaN	NaN	NaN	NaN	NaN	TFCN1702E3373_008320-T1	TFCN1702E3373_010499-T1
TFCN1702E3373_003306-T1__TFCN1702E3373_008320-T1	NaN	NaN	NaN	NaN	NaN	NaN	NaN	NaN	GF00000128	Rhodotorula_mucilaginosa_TFCN_17-0-2E337-3.cds.fa_08218	Rhodotorula_mucilaginosa_TFCN_17-0-2E337-3.cds.fa_03263	NaN	NaN	NaN	NaN	NaN	NaN	NaN	NaN	TFCN1702E3373_008320-T1	TFCN1702E3373_003306-T1
TFCN1702E3373_003305-T1__TFCN1702E3373_008320-T1	NaN	NaN	NaN	NaN	NaN	NaN	NaN	NaN	GF00000128	Rhodotorula_mucilaginosa_TFCN_17-0-2E337-3.cds.fa_08218	Rhodotorula_mucilaginosa_TFCN_17-0-2E337-3.cds.fa_03262	NaN	NaN	NaN	NaN	NaN	NaN	NaN	NaN	TFCN1702E3373_008320-T1	TFCN1702E3373_003305-T1
TFCN1702E3373_008320-T1__TFCN1702E3373_010498-T1	NaN	NaN	NaN	NaN	NaN	NaN	NaN	NaN	GF00000128	Rhodotorula_mucilaginosa_TFCN_17-0-2E337-3.cds.fa_08218	Rhodotorula_mucilaginosa_TFCN_17-0-2E337-3.cds.fa_10372	NaN	NaN	NaN	NaN	NaN	NaN	NaN	NaN	TFCN1702E3373_008320-T1	TFCN1702E3373_010498-T1
TFCN1702E3373_003306-T1__TFCN1702E3373_010499-T1	NaN	NaN	NaN	NaN	NaN	NaN	NaN	NaN	GF00000128	Rhodotorula_mucilaginosa_TFCN_17-0-2E337-3.cds.fa_10373	Rhodotorula_mucilaginosa_TFCN_17-0-2E337-3.cds.fa_03263	NaN	NaN	NaN	NaN	NaN	NaN	NaN	NaN	TFCN1702E3373_010499-T1	TFCN1702E3373_003306-T1
TFCN1702E3373_003305-T1__TFCN1702E3373_010499-T1	NaN	NaN	NaN	NaN	NaN	NaN	NaN	NaN	GF00000128	Rhodotorula_mucilaginosa_TFCN_17-0-2E337-3.cds.fa_10373	Rhodotorula_mucilaginosa_TFCN_17-0-2E337-3.cds.fa_03262	NaN	NaN	NaN	NaN	NaN	NaN	NaN	NaN	TFCN1702E3373_010499-T1	TFCN1702E3373_003305-T1
TFCN1702E3373_010498-T1__TFCN1702E3373_010499-T1	NaN	NaN	NaN	NaN	NaN	NaN	NaN	NaN	GF00000128	Rhodotorula_mucilaginosa_TFCN_17-0-2E337-3.cds.fa_10373	Rhodotorula_mucilaginosa_TFCN_17-0-2E337-3.cds.fa_10372	NaN	NaN	NaN	NaN	NaN	NaN	NaN	NaN	TFCN1702E3373_010499-T1	TFCN1702E3373_010498-T1
TFCN1702E3373_003305-T1__TFCN1702E3373_003306-T1	NaN	NaN	NaN	NaN	NaN	NaN	NaN	NaN	GF00000128	Rhodotorula_mucilaginosa_TFCN_17-0-2E337-3.cds.fa_03263	Rhodotorula_mucilaginosa_TFCN_17-0-2E337-3.cds.fa_03262	NaN	NaN	NaN	NaN	NaN	NaN	NaN	NaN	TFCN1702E3373_003306-T1	TFCN1702E3373_003305-T1
TFCN1702E3373_003306-T1__TFCN1702E3373_010498-T1	NaN	NaN	NaN	NaN	NaN	NaN	NaN	NaN	GF00000128	Rhodotorula_mucilaginosa_TFCN_17-0-2E337-3.cds.fa_03263	Rhodotorula_mucilaginosa_TFCN_17-0-2E337-3.cds.fa_10372	NaN	NaN	NaN	NaN	NaN	NaN	NaN	NaN	TFCN1702E3373_003306-T1	TFCN1702E3373_010498-T1
TFCN1702E3373_003305-T1__TFCN1702E3373_010498-T1	NaN	NaN	NaN	NaN	NaN	NaN	NaN	NaN	GF00000128	Rhodotorula_mucilaginosa_TFCN_17-0-2E337-3.cds.fa_03262	Rhodotorula_mucilaginosa_TFCN_17-0-2E337-3.cds.fa_10372	NaN	NaN	NaN	NaN	NaN	NaN	NaN	NaN	TFCN1702E3373_003305-T1	TFCN1702E3373_010498-T1
TFCN1702E3373_002757-T1__TFCN1702E3373_010875-T1	NaN	NaN	NaN	NaN	NaN	NaN	NaN	NaN	GF00000147	Rhodotorula_mucilaginosa_TFCN_17-0-2E337-3.cds.fa_10742	Rhodotorula_mucilaginosa_TFCN_17-0-2E337-3.cds.fa_02721	NaN	NaN	NaN	NaN	NaN	NaN	NaN	NaN	TFCN1702E3373_010875-T1	TFCN1702E3373_002757-T1
TFCN1702E3373_010875-T1__TFCN1702E3373_014668-T1	NaN	NaN	NaN	NaN	NaN	NaN	NaN	NaN	GF00000147	Rhodotorula_mucilaginosa_TFCN_17-0-2E337-3.cds.fa_10742	Rhodotorula_mucilaginosa_TFCN_17-0-2E337-3.cds.fa_14449	NaN	NaN	NaN	NaN	NaN	NaN	NaN	NaN	TFCN1702E3373_010875-T1	TFCN1702E3373_014668-T1
TFCN1702E3373_010875-T1__TFCN1702E3373_014729-T1	NaN	NaN	NaN	NaN	NaN	NaN	NaN	NaN	GF00000147	Rhodotorula_mucilaginosa_TFCN_17-0-2E337-3.cds.fa_10742	Rhodotorula_mucilaginosa_TFCN_17-0-2E337-3.cds.fa_14504	NaN	NaN	NaN	NaN	NaN	NaN	NaN	NaN	TFCN1702E3373_010875-T1	TFCN1702E3373_014729-T1
TFCN1702E3373_010875-T1__TFCN1702E3373_014753-T1	NaN	NaN	NaN	NaN	NaN	NaN	NaN	NaN	GF00000147	Rhodotorula_mucilaginosa_TFCN_17-0-2E337-3.cds.fa_10742	Rhodotorula_mucilaginosa_TFCN_17-0-2E337-3.cds.fa_14524	NaN	NaN	NaN	NaN	NaN	NaN	NaN	NaN	TFCN1702E3373_010875-T1	TFCN1702E3373_014753-T1
TFCN1702E3373_002757-T1__TFCN1702E3373_014668-T1	NaN	NaN	NaN	NaN	NaN	NaN	NaN	NaN	GF00000147	Rhodotorula_mucilaginosa_TFCN_17-0-2E337-3.cds.fa_02721	Rhodotorula_mucilaginosa_TFCN_17-0-2E337-3.cds.fa_14449	NaN	NaN	NaN	NaN	NaN	NaN	NaN	NaN	TFCN1702E3373_002757-T1	TFCN1702E3373_014668-T1
TFCN1702E3373_002757-T1__TFCN1702E3373_014729-T1	NaN	NaN	NaN	NaN	NaN	NaN	NaN	NaN	GF00000147	Rhodotorula_mucilaginosa_TFCN_17-0-2E337-3.cds.fa_02721	Rhodotorula_mucilaginosa_TFCN_17-0-2E337-3.cds.fa_14504	NaN	NaN	NaN	NaN	NaN	NaN	NaN	NaN	TFCN1702E3373_002757-T1	TFCN1702E3373_014729-T1
TFCN1702E3373_002757-T1__TFCN1702E3373_014753-T1	NaN	NaN	NaN	NaN	NaN	NaN	NaN	NaN	GF00000147	Rhodotorula_mucilaginosa_TFCN_17-0-2E337-3.cds.fa_02721	Rhodotorula_mucilaginosa_TFCN_17-0-2E337-3.cds.fa_14524	NaN	NaN	NaN	NaN	NaN	NaN	NaN	NaN	TFCN1702E3373_002757-T1	TFCN1702E3373_014753-T1
TFCN1702E3373_014668-T1__TFCN1702E3373_014729-T1	NaN	NaN	NaN	NaN	NaN	NaN	NaN	NaN	GF00000147	Rhodotorula_mucilaginosa_TFCN_17-0-2E337-3.cds.fa_14449	Rhodotorula_mucilaginosa_TFCN_17-0-2E337-3.cds.fa_14504	NaN	NaN	NaN	NaN	NaN	NaN	NaN	NaN	TFCN1702E3373_014668-T1	TFCN1702E3373_014729-T1
TFCN1702E3373_014668-T1__TFCN1702E3373_014753-T1	NaN	NaN	NaN	NaN	NaN	NaN	NaN	NaN	GF00000147	Rhodotorula_mucilaginosa_TFCN_17-0-2E337-3.cds.fa_14449	Rhodotorula_mucilaginosa_TFCN_17-0-2E337-3.cds.fa_14524	NaN	NaN	NaN	NaN	NaN	NaN	NaN	NaN	TFCN1702E3373_014668-T1	TFCN1702E3373_014753-T1
TFCN1702E3373_014729-T1__TFCN1702E3373_014753-T1	NaN	NaN	NaN	NaN	NaN	NaN	NaN	NaN	GF00000147	Rhodotorula_mucilaginosa_TFCN_17-0-2E337-3.cds.fa_14504	Rhodotorula_mucilaginosa_TFCN_17-0-2E337-3.cds.fa_14524	NaN	NaN	NaN	NaN	NaN	NaN	NaN	NaN	TFCN1702E3373_014729-T1	TFCN1702E3373_014753-T1
TFCN1702E3373_005359-T1__TFCN1702E3373_011107-T1	NaN	NaN	NaN	NaN	NaN	NaN	NaN	NaN	GF00000149	Rhodotorula_mucilaginosa_TFCN_17-0-2E337-3.cds.fa_05294	Rhodotorula_mucilaginosa_TFCN_17-0-2E337-3.cds.fa_10961	NaN	NaN	NaN	NaN	NaN	NaN	NaN	NaN	TFCN1702E3373_005359-T1	TFCN1702E3373_011107-T1
TFCN1702E3373_005359-T1__TFCN1702E3373_005961-T1	NaN	NaN	NaN	NaN	NaN	NaN	NaN	NaN	GF00000149	Rhodotorula_mucilaginosa_TFCN_17-0-2E337-3.cds.fa_05294	Rhodotorula_mucilaginosa_TFCN_17-0-2E337-3.cds.fa_05893	NaN	NaN	NaN	NaN	NaN	NaN	NaN	NaN	TFCN1702E3373_005359-T1	TFCN1702E3373_005961-T1
TFCN1702E3373_005359-T1__TFCN1702E3373_005960-T1	NaN	NaN	NaN	NaN	NaN	NaN	NaN	NaN	GF00000149	Rhodotorula_mucilaginosa_TFCN_17-0-2E337-3.cds.fa_05294	Rhodotorula_mucilaginosa_TFCN_17-0-2E337-3.cds.fa_05892	NaN	NaN	NaN	NaN	NaN	NaN	NaN	NaN	TFCN1702E3373_005359-T1	TFCN1702E3373_005960-T1
TFCN1702E3373_005359-T1__TFCN1702E3373_005962-T1	NaN	NaN	NaN	NaN	NaN	NaN	NaN	NaN	GF00000149	Rhodotorula_mucilaginosa_TFCN_17-0-2E337-3.cds.fa_05294	Rhodotorula_mucilaginosa_TFCN_17-0-2E337-3.cds.fa_05894	NaN	NaN	NaN	NaN	NaN	NaN	NaN	NaN	TFCN1702E3373_005359-T1	TFCN1702E3373_005962-T1
TFCN1702E3373_005961-T1__TFCN1702E3373_011107-T1	NaN	NaN	NaN	NaN	NaN	NaN	NaN	NaN	GF00000149	Rhodotorula_mucilaginosa_TFCN_17-0-2E337-3.cds.fa_10961	Rhodotorula_mucilaginosa_TFCN_17-0-2E337-3.cds.fa_05893	NaN	NaN	NaN	NaN	NaN	NaN	NaN	NaN	TFCN1702E3373_011107-T1	TFCN1702E3373_005961-T1
TFCN1702E3373_005960-T1__TFCN1702E3373_011107-T1	NaN	NaN	NaN	NaN	NaN	NaN	NaN	NaN	GF00000149	Rhodotorula_mucilaginosa_TFCN_17-0-2E337-3.cds.fa_10961	Rhodotorula_mucilaginosa_TFCN_17-0-2E337-3.cds.fa_05892	NaN	NaN	NaN	NaN	NaN	NaN	NaN	NaN	TFCN1702E3373_011107-T1	TFCN1702E3373_005960-T1
TFCN1702E3373_005962-T1__TFCN1702E3373_011107-T1	NaN	NaN	NaN	NaN	NaN	NaN	NaN	NaN	GF00000149	Rhodotorula_mucilaginosa_TFCN_17-0-2E337-3.cds.fa_10961	Rhodotorula_mucilaginosa_TFCN_17-0-2E337-3.cds.fa_05894	NaN	NaN	NaN	NaN	NaN	NaN	NaN	NaN	TFCN1702E3373_011107-T1	TFCN1702E3373_005962-T1
TFCN1702E3373_005960-T1__TFCN1702E3373_005961-T1	NaN	NaN	NaN	NaN	NaN	NaN	NaN	NaN	GF00000149	Rhodotorula_mucilaginosa_TFCN_17-0-2E337-3.cds.fa_05893	Rhodotorula_mucilaginosa_TFCN_17-0-2E337-3.cds.fa_05892	NaN	NaN	NaN	NaN	NaN	NaN	NaN	NaN	TFCN1702E3373_005961-T1	TFCN1702E3373_005960-T1
TFCN1702E3373_005961-T1__TFCN1702E3373_005962-T1	NaN	NaN	NaN	NaN	NaN	NaN	NaN	NaN	GF00000149	Rhodotorula_mucilaginosa_TFCN_17-0-2E337-3.cds.fa_05893	Rhodotorula_mucilaginosa_TFCN_17-0-2E337-3.cds.fa_05894	NaN	NaN	NaN	NaN	NaN	NaN	NaN	NaN	TFCN1702E3373_005961-T1	TFCN1702E3373_005962-T1
TFCN1702E3373_005960-T1__TFCN1702E3373_005962-T1	NaN	NaN	NaN	NaN	NaN	NaN	NaN	NaN	GF00000149	Rhodotorula_mucilaginosa_TFCN_17-0-2E337-3.cds.fa_05892	Rhodotorula_mucilaginosa_TFCN_17-0-2E337-3.cds.fa_05894	NaN	NaN	NaN	NaN	NaN	NaN	NaN	NaN	TFCN1702E3373_005960-T1	TFCN1702E3373_005962-T1
TFCN1702E3373_002616-T1__TFCN1702E3373_011307-T1	NaN	NaN	NaN	NaN	NaN	NaN	NaN	NaN	GF00000150	Rhodotorula_mucilaginosa_TFCN_17-0-2E337-3.cds.fa_11160	Rhodotorula_mucilaginosa_TFCN_17-0-2E337-3.cds.fa_02586	NaN	NaN	NaN	NaN	NaN	NaN	NaN	NaN	TFCN1702E3373_011307-T1	TFCN1702E3373_002616-T1
TFCN1702E3373_000829-T1__TFCN1702E3373_011307-T1	NaN	NaN	NaN	NaN	NaN	NaN	NaN	NaN	GF00000150	Rhodotorula_mucilaginosa_TFCN_17-0-2E337-3.cds.fa_11160	Rhodotorula_mucilaginosa_TFCN_17-0-2E337-3.cds.fa_00823	NaN	NaN	NaN	NaN	NaN	NaN	NaN	NaN	TFCN1702E3373_011307-T1	TFCN1702E3373_000829-T1
TFCN1702E3373_011307-T1__TFCN1702E3373_014767-T1	NaN	NaN	NaN	NaN	NaN	NaN	NaN	NaN	GF00000150	Rhodotorula_mucilaginosa_TFCN_17-0-2E337-3.cds.fa_11160	Rhodotorula_mucilaginosa_TFCN_17-0-2E337-3.cds.fa_14538	NaN	NaN	NaN	NaN	NaN	NaN	NaN	NaN	TFCN1702E3373_011307-T1	TFCN1702E3373_014767-T1
TFCN1702E3373_011307-T1__TFCN1702E3373_014776-T1	NaN	NaN	NaN	NaN	NaN	NaN	NaN	NaN	GF00000150	Rhodotorula_mucilaginosa_TFCN_17-0-2E337-3.cds.fa_11160	Rhodotorula_mucilaginosa_TFCN_17-0-2E337-3.cds.fa_14547	NaN	NaN	NaN	NaN	NaN	NaN	NaN	NaN	TFCN1702E3373_011307-T1	TFCN1702E3373_014776-T1
TFCN1702E3373_000829-T1__TFCN1702E3373_002616-T1	NaN	NaN	NaN	NaN	NaN	NaN	NaN	NaN	GF00000150	Rhodotorula_mucilaginosa_TFCN_17-0-2E337-3.cds.fa_02586	Rhodotorula_mucilaginosa_TFCN_17-0-2E337-3.cds.fa_00823	NaN	NaN	NaN	NaN	NaN	NaN	NaN	NaN	TFCN1702E3373_002616-T1	TFCN1702E3373_000829-T1
TFCN1702E3373_002616-T1__TFCN1702E3373_014767-T1	NaN	NaN	NaN	NaN	NaN	NaN	NaN	NaN	GF00000150	Rhodotorula_mucilaginosa_TFCN_17-0-2E337-3.cds.fa_02586	Rhodotorula_mucilaginosa_TFCN_17-0-2E337-3.cds.fa_14538	NaN	NaN	NaN	NaN	NaN	NaN	NaN	NaN	TFCN1702E3373_002616-T1	TFCN1702E3373_014767-T1
TFCN1702E3373_002616-T1__TFCN1702E3373_014776-T1	NaN	NaN	NaN	NaN	NaN	NaN	NaN	NaN	GF00000150	Rhodotorula_mucilaginosa_TFCN_17-0-2E337-3.cds.fa_02586	Rhodotorula_mucilaginosa_TFCN_17-0-2E337-3.cds.fa_14547	NaN	NaN	NaN	NaN	NaN	NaN	NaN	NaN	TFCN1702E3373_002616-T1	TFCN1702E3373_014776-T1
TFCN1702E3373_000829-T1__TFCN1702E3373_014767-T1	NaN	NaN	NaN	NaN	NaN	NaN	NaN	NaN	GF00000150	Rhodotorula_mucilaginosa_TFCN_17-0-2E337-3.cds.fa_00823	Rhodotorula_mucilaginosa_TFCN_17-0-2E337-3.cds.fa_14538	NaN	NaN	NaN	NaN	NaN	NaN	NaN	NaN	TFCN1702E3373_000829-T1	TFCN1702E3373_014767-T1
TFCN1702E3373_000829-T1__TFCN1702E3373_014776-T1	NaN	NaN	NaN	NaN	NaN	NaN	NaN	NaN	GF00000150	Rhodotorula_mucilaginosa_TFCN_17-0-2E337-3.cds.fa_00823	Rhodotorula_mucilaginosa_TFCN_17-0-2E337-3.cds.fa_14547	NaN	NaN	NaN	NaN	NaN	NaN	NaN	NaN	TFCN1702E3373_000829-T1	TFCN1702E3373_014776-T1
TFCN1702E3373_014767-T1__TFCN1702E3373_014776-T1	NaN	NaN	NaN	NaN	NaN	NaN	NaN	NaN	GF00000150	Rhodotorula_mucilaginosa_TFCN_17-0-2E337-3.cds.fa_14538	Rhodotorula_mucilaginosa_TFCN_17-0-2E337-3.cds.fa_14547	NaN	NaN	NaN	NaN	NaN	NaN	NaN	NaN	TFCN1702E3373_014767-T1	TFCN1702E3373_014776-T1
TFCN1702E3373_005514-T1__TFCN1702E3373_011939-T1	NaN	NaN	NaN	NaN	NaN	NaN	NaN	NaN	GF00000151	Rhodotorula_mucilaginosa_TFCN_17-0-2E337-3.cds.fa_11782	Rhodotorula_mucilaginosa_TFCN_17-0-2E337-3.cds.fa_05449	NaN	NaN	NaN	NaN	NaN	NaN	NaN	NaN	TFCN1702E3373_011939-T1	TFCN1702E3373_005514-T1
TFCN1702E3373_011939-T1__TFCN1702E3373_013287-T1	NaN	NaN	NaN	NaN	NaN	NaN	NaN	NaN	GF00000151	Rhodotorula_mucilaginosa_TFCN_17-0-2E337-3.cds.fa_11782	Rhodotorula_mucilaginosa_TFCN_17-0-2E337-3.cds.fa_13102	NaN	NaN	NaN	NaN	NaN	NaN	NaN	NaN	TFCN1702E3373_011939-T1	TFCN1702E3373_013287-T1
TFCN1702E3373_011939-T1__TFCN1702E3373_013190-T1	NaN	NaN	NaN	NaN	NaN	NaN	NaN	NaN	GF00000151	Rhodotorula_mucilaginosa_TFCN_17-0-2E337-3.cds.fa_11782	Rhodotorula_mucilaginosa_TFCN_17-0-2E337-3.cds.fa_13005	NaN	NaN	NaN	NaN	NaN	NaN	NaN	NaN	TFCN1702E3373_011939-T1	TFCN1702E3373_013190-T1
TFCN1702E3373_011939-T1__TFCN1702E3373_013189-T1	NaN	NaN	NaN	NaN	NaN	NaN	NaN	NaN	GF00000151	Rhodotorula_mucilaginosa_TFCN_17-0-2E337-3.cds.fa_11782	Rhodotorula_mucilaginosa_TFCN_17-0-2E337-3.cds.fa_13004	NaN	NaN	NaN	NaN	NaN	NaN	NaN	NaN	TFCN1702E3373_011939-T1	TFCN1702E3373_013189-T1
TFCN1702E3373_005514-T1__TFCN1702E3373_013287-T1	NaN	NaN	NaN	NaN	NaN	NaN	NaN	NaN	GF00000151	Rhodotorula_mucilaginosa_TFCN_17-0-2E337-3.cds.fa_05449	Rhodotorula_mucilaginosa_TFCN_17-0-2E337-3.cds.fa_13102	NaN	NaN	NaN	NaN	NaN	NaN	NaN	NaN	TFCN1702E3373_005514-T1	TFCN1702E3373_013287-T1
TFCN1702E3373_005514-T1__TFCN1702E3373_013190-T1	NaN	NaN	NaN	NaN	NaN	NaN	NaN	NaN	GF00000151	Rhodotorula_mucilaginosa_TFCN_17-0-2E337-3.cds.fa_05449	Rhodotorula_mucilaginosa_TFCN_17-0-2E337-3.cds.fa_13005	NaN	NaN	NaN	NaN	NaN	NaN	NaN	NaN	TFCN1702E3373_005514-T1	TFCN1702E3373_013190-T1
TFCN1702E3373_005514-T1__TFCN1702E3373_013189-T1	NaN	NaN	NaN	NaN	NaN	NaN	NaN	NaN	GF00000151	Rhodotorula_mucilaginosa_TFCN_17-0-2E337-3.cds.fa_05449	Rhodotorula_mucilaginosa_TFCN_17-0-2E337-3.cds.fa_13004	NaN	NaN	NaN	NaN	NaN	NaN	NaN	NaN	TFCN1702E3373_005514-T1	TFCN1702E3373_013189-T1
TFCN1702E3373_013190-T1__TFCN1702E3373_013287-T1	NaN	NaN	NaN	NaN	NaN	NaN	NaN	NaN	GF00000151	Rhodotorula_mucilaginosa_TFCN_17-0-2E337-3.cds.fa_13102	Rhodotorula_mucilaginosa_TFCN_17-0-2E337-3.cds.fa_13005	NaN	NaN	NaN	NaN	NaN	NaN	NaN	NaN	TFCN1702E3373_013287-T1	TFCN1702E3373_013190-T1
TFCN1702E3373_013189-T1__TFCN1702E3373_013287-T1	NaN	NaN	NaN	NaN	NaN	NaN	NaN	NaN	GF00000151	Rhodotorula_mucilaginosa_TFCN_17-0-2E337-3.cds.fa_13102	Rhodotorula_mucilaginosa_TFCN_17-0-2E337-3.cds.fa_13004	NaN	NaN	NaN	NaN	NaN	NaN	NaN	NaN	TFCN1702E3373_013287-T1	TFCN1702E3373_013189-T1
TFCN1702E3373_013189-T1__TFCN1702E3373_013190-T1	NaN	NaN	NaN	NaN	NaN	NaN	NaN	NaN	GF00000151	Rhodotorula_mucilaginosa_TFCN_17-0-2E337-3.cds.fa_13005	Rhodotorula_mucilaginosa_TFCN_17-0-2E337-3.cds.fa_13004	NaN	NaN	NaN	NaN	NaN	NaN	NaN	NaN	TFCN1702E3373_013190-T1	TFCN1702E3373_013189-T1
TFCN1702E3373_003683-T1__TFCN1702E3373_005875-T1	NaN	NaN	NaN	NaN	NaN	NaN	NaN	NaN	GF00000158	Rhodotorula_mucilaginosa_TFCN_17-0-2E337-3.cds.fa_03634	Rhodotorula_mucilaginosa_TFCN_17-0-2E337-3.cds.fa_05807	NaN	NaN	NaN	NaN	NaN	NaN	NaN	NaN	TFCN1702E3373_003683-T1	TFCN1702E3373_005875-T1
TFCN1702E3373_003683-T1__TFCN1702E3373_014174-T1	NaN	NaN	NaN	NaN	NaN	NaN	NaN	NaN	GF00000158	Rhodotorula_mucilaginosa_TFCN_17-0-2E337-3.cds.fa_03634	Rhodotorula_mucilaginosa_TFCN_17-0-2E337-3.cds.fa_13967	NaN	NaN	NaN	NaN	NaN	NaN	NaN	NaN	TFCN1702E3373_003683-T1	TFCN1702E3373_014174-T1
TFCN1702E3373_003683-T1__TFCN1702E3373_014757-T1	NaN	NaN	NaN	NaN	NaN	NaN	NaN	NaN	GF00000158	Rhodotorula_mucilaginosa_TFCN_17-0-2E337-3.cds.fa_03634	Rhodotorula_mucilaginosa_TFCN_17-0-2E337-3.cds.fa_14528	NaN	NaN	NaN	NaN	NaN	NaN	NaN	NaN	TFCN1702E3373_003683-T1	TFCN1702E3373_014757-T1
TFCN1702E3373_003683-T1__TFCN1702E3373_014763-T1	NaN	NaN	NaN	NaN	NaN	NaN	NaN	NaN	GF00000158	Rhodotorula_mucilaginosa_TFCN_17-0-2E337-3.cds.fa_03634	Rhodotorula_mucilaginosa_TFCN_17-0-2E337-3.cds.fa_14534	NaN	NaN	NaN	NaN	NaN	NaN	NaN	NaN	TFCN1702E3373_003683-T1	TFCN1702E3373_014763-T1
TFCN1702E3373_005875-T1__TFCN1702E3373_014174-T1	NaN	NaN	NaN	NaN	NaN	NaN	NaN	NaN	GF00000158	Rhodotorula_mucilaginosa_TFCN_17-0-2E337-3.cds.fa_05807	Rhodotorula_mucilaginosa_TFCN_17-0-2E337-3.cds.fa_13967	NaN	NaN	NaN	NaN	NaN	NaN	NaN	NaN	TFCN1702E3373_005875-T1	TFCN1702E3373_014174-T1
TFCN1702E3373_005875-T1__TFCN1702E3373_014757-T1	NaN	NaN	NaN	NaN	NaN	NaN	NaN	NaN	GF00000158	Rhodotorula_mucilaginosa_TFCN_17-0-2E337-3.cds.fa_05807	Rhodotorula_mucilaginosa_TFCN_17-0-2E337-3.cds.fa_14528	NaN	NaN	NaN	NaN	NaN	NaN	NaN	NaN	TFCN1702E3373_005875-T1	TFCN1702E3373_014757-T1
TFCN1702E3373_005875-T1__TFCN1702E3373_014763-T1	NaN	NaN	NaN	NaN	NaN	NaN	NaN	NaN	GF00000158	Rhodotorula_mucilaginosa_TFCN_17-0-2E337-3.cds.fa_05807	Rhodotorula_mucilaginosa_TFCN_17-0-2E337-3.cds.fa_14534	NaN	NaN	NaN	NaN	NaN	NaN	NaN	NaN	TFCN1702E3373_005875-T1	TFCN1702E3373_014763-T1
TFCN1702E3373_014174-T1__TFCN1702E3373_014757-T1	NaN	NaN	NaN	NaN	NaN	NaN	NaN	NaN	GF00000158	Rhodotorula_mucilaginosa_TFCN_17-0-2E337-3.cds.fa_13967	Rhodotorula_mucilaginosa_TFCN_17-0-2E337-3.cds.fa_14528	NaN	NaN	NaN	NaN	NaN	NaN	NaN	NaN	TFCN1702E3373_014174-T1	TFCN1702E3373_014757-T1
TFCN1702E3373_014174-T1__TFCN1702E3373_014763-T1	NaN	NaN	NaN	NaN	NaN	NaN	NaN	NaN	GF00000158	Rhodotorula_mucilaginosa_TFCN_17-0-2E337-3.cds.fa_13967	Rhodotorula_mucilaginosa_TFCN_17-0-2E337-3.cds.fa_14534	NaN	NaN	NaN	NaN	NaN	NaN	NaN	NaN	TFCN1702E3373_014174-T1	TFCN1702E3373_014763-T1
TFCN1702E3373_014757-T1__TFCN1702E3373_014763-T1	NaN	NaN	NaN	NaN	NaN	NaN	NaN	NaN	GF00000158	Rhodotorula_mucilaginosa_TFCN_17-0-2E337-3.cds.fa_14528	Rhodotorula_mucilaginosa_TFCN_17-0-2E337-3.cds.fa_14534	NaN	NaN	NaN	NaN	NaN	NaN	NaN	NaN	TFCN1702E3373_014757-T1	TFCN1702E3373_014763-T1
TFCN1702E3373_010386-T1__TFCN1702E3373_014697-T1	NaN	NaN	NaN	NaN	NaN	NaN	NaN	NaN	GF00000163	Rhodotorula_mucilaginosa_TFCN_17-0-2E337-3.cds.fa_10262	Rhodotorula_mucilaginosa_TFCN_17-0-2E337-3.cds.fa_14476	NaN	NaN	NaN	NaN	NaN	NaN	NaN	NaN	TFCN1702E3373_010386-T1	TFCN1702E3373_014697-T1
TFCN1702E3373_007415-T1__TFCN1702E3373_010386-T1	NaN	NaN	NaN	NaN	NaN	NaN	NaN	NaN	GF00000163	Rhodotorula_mucilaginosa_TFCN_17-0-2E337-3.cds.fa_10262	Rhodotorula_mucilaginosa_TFCN_17-0-2E337-3.cds.fa_07329	NaN	NaN	NaN	NaN	NaN	NaN	NaN	NaN	TFCN1702E3373_010386-T1	TFCN1702E3373_007415-T1
TFCN1702E3373_010384-T1__TFCN1702E3373_010386-T1	NaN	NaN	NaN	NaN	NaN	NaN	NaN	NaN	GF00000163	Rhodotorula_mucilaginosa_TFCN_17-0-2E337-3.cds.fa_10262	Rhodotorula_mucilaginosa_TFCN_17-0-2E337-3.cds.fa_10260	NaN	NaN	NaN	NaN	NaN	NaN	NaN	NaN	TFCN1702E3373_010386-T1	TFCN1702E3373_010384-T1
TFCN1702E3373_010385-T1__TFCN1702E3373_010386-T1	NaN	NaN	NaN	NaN	NaN	NaN	NaN	NaN	GF00000163	Rhodotorula_mucilaginosa_TFCN_17-0-2E337-3.cds.fa_10262	Rhodotorula_mucilaginosa_TFCN_17-0-2E337-3.cds.fa_10261	NaN	NaN	NaN	NaN	NaN	NaN	NaN	NaN	TFCN1702E3373_010386-T1	TFCN1702E3373_010385-T1
TFCN1702E3373_007415-T1__TFCN1702E3373_014697-T1	NaN	NaN	NaN	NaN	NaN	NaN	NaN	NaN	GF00000163	Rhodotorula_mucilaginosa_TFCN_17-0-2E337-3.cds.fa_14476	Rhodotorula_mucilaginosa_TFCN_17-0-2E337-3.cds.fa_07329	NaN	NaN	NaN	NaN	NaN	NaN	NaN	NaN	TFCN1702E3373_014697-T1	TFCN1702E3373_007415-T1
TFCN1702E3373_010384-T1__TFCN1702E3373_014697-T1	NaN	NaN	NaN	NaN	NaN	NaN	NaN	NaN	GF00000163	Rhodotorula_mucilaginosa_TFCN_17-0-2E337-3.cds.fa_14476	Rhodotorula_mucilaginosa_TFCN_17-0-2E337-3.cds.fa_10260	NaN	NaN	NaN	NaN	NaN	NaN	NaN	NaN	TFCN1702E3373_014697-T1	TFCN1702E3373_010384-T1
TFCN1702E3373_010385-T1__TFCN1702E3373_014697-T1	NaN	NaN	NaN	NaN	NaN	NaN	NaN	NaN	GF00000163	Rhodotorula_mucilaginosa_TFCN_17-0-2E337-3.cds.fa_14476	Rhodotorula_mucilaginosa_TFCN_17-0-2E337-3.cds.fa_10261	NaN	NaN	NaN	NaN	NaN	NaN	NaN	NaN	TFCN1702E3373_014697-T1	TFCN1702E3373_010385-T1
TFCN1702E3373_007415-T1__TFCN1702E3373_010384-T1	NaN	NaN	NaN	NaN	NaN	NaN	NaN	NaN	GF00000163	Rhodotorula_mucilaginosa_TFCN_17-0-2E337-3.cds.fa_07329	Rhodotorula_mucilaginosa_TFCN_17-0-2E337-3.cds.fa_10260	NaN	NaN	NaN	NaN	NaN	NaN	NaN	NaN	TFCN1702E3373_007415-T1	TFCN1702E3373_010384-T1
TFCN1702E3373_007415-T1__TFCN1702E3373_010385-T1	NaN	NaN	NaN	NaN	NaN	NaN	NaN	NaN	GF00000163	Rhodotorula_mucilaginosa_TFCN_17-0-2E337-3.cds.fa_07329	Rhodotorula_mucilaginosa_TFCN_17-0-2E337-3.cds.fa_10261	NaN	NaN	NaN	NaN	NaN	NaN	NaN	NaN	TFCN1702E3373_007415-T1	TFCN1702E3373_010385-T1
TFCN1702E3373_010384-T1__TFCN1702E3373_010385-T1	NaN	NaN	NaN	NaN	NaN	NaN	NaN	NaN	GF00000163	Rhodotorula_mucilaginosa_TFCN_17-0-2E337-3.cds.fa_10260	Rhodotorula_mucilaginosa_TFCN_17-0-2E337-3.cds.fa_10261	NaN	NaN	NaN	NaN	NaN	NaN	NaN	NaN	TFCN1702E3373_010384-T1	TFCN1702E3373_010385-T1
TFCN1702E3373_004662-T1__TFCN1702E3373_013320-T1	NaN	NaN	NaN	NaN	NaN	NaN	NaN	NaN	GF00000168	Rhodotorula_mucilaginosa_TFCN_17-0-2E337-3.cds.fa_13135	Rhodotorula_mucilaginosa_TFCN_17-0-2E337-3.cds.fa_04604	NaN	NaN	NaN	NaN	NaN	NaN	NaN	NaN	TFCN1702E3373_013320-T1	TFCN1702E3373_004662-T1
TFCN1702E3373_004663-T1__TFCN1702E3373_013320-T1	NaN	NaN	NaN	NaN	NaN	NaN	NaN	NaN	GF00000168	Rhodotorula_mucilaginosa_TFCN_17-0-2E337-3.cds.fa_13135	Rhodotorula_mucilaginosa_TFCN_17-0-2E337-3.cds.fa_04605	NaN	NaN	NaN	NaN	NaN	NaN	NaN	NaN	TFCN1702E3373_013320-T1	TFCN1702E3373_004663-T1
TFCN1702E3373_013320-T1__TFCN1702E3373_013321-T1	NaN	NaN	NaN	NaN	NaN	NaN	NaN	NaN	GF00000168	Rhodotorula_mucilaginosa_TFCN_17-0-2E337-3.cds.fa_13135	Rhodotorula_mucilaginosa_TFCN_17-0-2E337-3.cds.fa_13136	NaN	NaN	NaN	NaN	NaN	NaN	NaN	NaN	TFCN1702E3373_013320-T1	TFCN1702E3373_013321-T1
TFCN1702E3373_013320-T1__TFCN1702E3373_014651-T1	NaN	NaN	NaN	NaN	NaN	NaN	NaN	NaN	GF00000168	Rhodotorula_mucilaginosa_TFCN_17-0-2E337-3.cds.fa_13135	Rhodotorula_mucilaginosa_TFCN_17-0-2E337-3.cds.fa_14432	NaN	NaN	NaN	NaN	NaN	NaN	NaN	NaN	TFCN1702E3373_013320-T1	TFCN1702E3373_014651-T1
TFCN1702E3373_004662-T1__TFCN1702E3373_004663-T1	NaN	NaN	NaN	NaN	NaN	NaN	NaN	NaN	GF00000168	Rhodotorula_mucilaginosa_TFCN_17-0-2E337-3.cds.fa_04604	Rhodotorula_mucilaginosa_TFCN_17-0-2E337-3.cds.fa_04605	NaN	NaN	NaN	NaN	NaN	NaN	NaN	NaN	TFCN1702E3373_004662-T1	TFCN1702E3373_004663-T1
TFCN1702E3373_004662-T1__TFCN1702E3373_013321-T1	NaN	NaN	NaN	NaN	NaN	NaN	NaN	NaN	GF00000168	Rhodotorula_mucilaginosa_TFCN_17-0-2E337-3.cds.fa_04604	Rhodotorula_mucilaginosa_TFCN_17-0-2E337-3.cds.fa_13136	NaN	NaN	NaN	NaN	NaN	NaN	NaN	NaN	TFCN1702E3373_004662-T1	TFCN1702E3373_013321-T1
TFCN1702E3373_004662-T1__TFCN1702E3373_014651-T1	NaN	NaN	NaN	NaN	NaN	NaN	NaN	NaN	GF00000168	Rhodotorula_mucilaginosa_TFCN_17-0-2E337-3.cds.fa_04604	Rhodotorula_mucilaginosa_TFCN_17-0-2E337-3.cds.fa_14432	NaN	NaN	NaN	NaN	NaN	NaN	NaN	NaN	TFCN1702E3373_004662-T1	TFCN1702E3373_014651-T1
TFCN1702E3373_004663-T1__TFCN1702E3373_013321-T1	NaN	NaN	NaN	NaN	NaN	NaN	NaN	NaN	GF00000168	Rhodotorula_mucilaginosa_TFCN_17-0-2E337-3.cds.fa_04605	Rhodotorula_mucilaginosa_TFCN_17-0-2E337-3.cds.fa_13136	NaN	NaN	NaN	NaN	NaN	NaN	NaN	NaN	TFCN1702E3373_004663-T1	TFCN1702E3373_013321-T1
TFCN1702E3373_004663-T1__TFCN1702E3373_014651-T1	NaN	NaN	NaN	NaN	NaN	NaN	NaN	NaN	GF00000168	Rhodotorula_mucilaginosa_TFCN_17-0-2E337-3.cds.fa_04605	Rhodotorula_mucilaginosa_TFCN_17-0-2E337-3.cds.fa_14432	NaN	NaN	NaN	NaN	NaN	NaN	NaN	NaN	TFCN1702E3373_004663-T1	TFCN1702E3373_014651-T1
TFCN1702E3373_013321-T1__TFCN1702E3373_014651-T1	NaN	NaN	NaN	NaN	NaN	NaN	NaN	NaN	GF00000168	Rhodotorula_mucilaginosa_TFCN_17-0-2E337-3.cds.fa_13136	Rhodotorula_mucilaginosa_TFCN_17-0-2E337-3.cds.fa_14432	NaN	NaN	NaN	NaN	NaN	NaN	NaN	NaN	TFCN1702E3373_013321-T1	TFCN1702E3373_014651-T1
TFCN1702E3373_010708-T1__TFCN1702E3373_012109-T1	NaN	NaN	NaN	NaN	NaN	NaN	NaN	NaN	GF00000180	Rhodotorula_mucilaginosa_TFCN_17-0-2E337-3.cds.fa_11946	Rhodotorula_mucilaginosa_TFCN_17-0-2E337-3.cds.fa_10577	NaN	NaN	NaN	NaN	NaN	NaN	NaN	NaN	TFCN1702E3373_012109-T1	TFCN1702E3373_010708-T1
TFCN1702E3373_004617-T1__TFCN1702E3373_012109-T1	NaN	NaN	NaN	NaN	NaN	NaN	NaN	NaN	GF00000180	Rhodotorula_mucilaginosa_TFCN_17-0-2E337-3.cds.fa_11946	Rhodotorula_mucilaginosa_TFCN_17-0-2E337-3.cds.fa_04559	NaN	NaN	NaN	NaN	NaN	NaN	NaN	NaN	TFCN1702E3373_012109-T1	TFCN1702E3373_004617-T1
TFCN1702E3373_004618-T1__TFCN1702E3373_012109-T1	NaN	NaN	NaN	NaN	NaN	NaN	NaN	NaN	GF00000180	Rhodotorula_mucilaginosa_TFCN_17-0-2E337-3.cds.fa_11946	Rhodotorula_mucilaginosa_TFCN_17-0-2E337-3.cds.fa_04560	NaN	NaN	NaN	NaN	NaN	NaN	NaN	NaN	TFCN1702E3373_012109-T1	TFCN1702E3373_004618-T1
TFCN1702E3373_012109-T1__TFCN1702E3373_014784-T1	NaN	NaN	NaN	NaN	NaN	NaN	NaN	NaN	GF00000180	Rhodotorula_mucilaginosa_TFCN_17-0-2E337-3.cds.fa_11946	Rhodotorula_mucilaginosa_TFCN_17-0-2E337-3.cds.fa_14555	NaN	NaN	NaN	NaN	NaN	NaN	NaN	NaN	TFCN1702E3373_012109-T1	TFCN1702E3373_014784-T1
TFCN1702E3373_004617-T1__TFCN1702E3373_010708-T1	NaN	NaN	NaN	NaN	NaN	NaN	NaN	NaN	GF00000180	Rhodotorula_mucilaginosa_TFCN_17-0-2E337-3.cds.fa_10577	Rhodotorula_mucilaginosa_TFCN_17-0-2E337-3.cds.fa_04559	NaN	NaN	NaN	NaN	NaN	NaN	NaN	NaN	TFCN1702E3373_010708-T1	TFCN1702E3373_004617-T1
TFCN1702E3373_004618-T1__TFCN1702E3373_010708-T1	NaN	NaN	NaN	NaN	NaN	NaN	NaN	NaN	GF00000180	Rhodotorula_mucilaginosa_TFCN_17-0-2E337-3.cds.fa_10577	Rhodotorula_mucilaginosa_TFCN_17-0-2E337-3.cds.fa_04560	NaN	NaN	NaN	NaN	NaN	NaN	NaN	NaN	TFCN1702E3373_010708-T1	TFCN1702E3373_004618-T1
TFCN1702E3373_010708-T1__TFCN1702E3373_014784-T1	NaN	NaN	NaN	NaN	NaN	NaN	NaN	NaN	GF00000180	Rhodotorula_mucilaginosa_TFCN_17-0-2E337-3.cds.fa_10577	Rhodotorula_mucilaginosa_TFCN_17-0-2E337-3.cds.fa_14555	NaN	NaN	NaN	NaN	NaN	NaN	NaN	NaN	TFCN1702E3373_010708-T1	TFCN1702E3373_014784-T1
TFCN1702E3373_004617-T1__TFCN1702E3373_004618-T1	NaN	NaN	NaN	NaN	NaN	NaN	NaN	NaN	GF00000180	Rhodotorula_mucilaginosa_TFCN_17-0-2E337-3.cds.fa_04559	Rhodotorula_mucilaginosa_TFCN_17-0-2E337-3.cds.fa_04560	NaN	NaN	NaN	NaN	NaN	NaN	NaN	NaN	TFCN1702E3373_004617-T1	TFCN1702E3373_004618-T1
TFCN1702E3373_004617-T1__TFCN1702E3373_014784-T1	NaN	NaN	NaN	NaN	NaN	NaN	NaN	NaN	GF00000180	Rhodotorula_mucilaginosa_TFCN_17-0-2E337-3.cds.fa_04559	Rhodotorula_mucilaginosa_TFCN_17-0-2E337-3.cds.fa_14555	NaN	NaN	NaN	NaN	NaN	NaN	NaN	NaN	TFCN1702E3373_004617-T1	TFCN1702E3373_014784-T1
TFCN1702E3373_004618-T1__TFCN1702E3373_014784-T1	NaN	NaN	NaN	NaN	NaN	NaN	NaN	NaN	GF00000180	Rhodotorula_mucilaginosa_TFCN_17-0-2E337-3.cds.fa_04560	Rhodotorula_mucilaginosa_TFCN_17-0-2E337-3.cds.fa_14555	NaN	NaN	NaN	NaN	NaN	NaN	NaN	NaN	TFCN1702E3373_004618-T1	TFCN1702E3373_014784-T1
TFCN1702E3373_005540-T1__TFCN1702E3373_013244-T1	NaN	NaN	NaN	NaN	NaN	NaN	NaN	NaN	GF00000186	Rhodotorula_mucilaginosa_TFCN_17-0-2E337-3.cds.fa_13059	Rhodotorula_mucilaginosa_TFCN_17-0-2E337-3.cds.fa_05475	NaN	NaN	NaN	NaN	NaN	NaN	NaN	NaN	TFCN1702E3373_013244-T1	TFCN1702E3373_005540-T1
TFCN1702E3373_005541-T1__TFCN1702E3373_013244-T1	NaN	NaN	NaN	NaN	NaN	NaN	NaN	NaN	GF00000186	Rhodotorula_mucilaginosa_TFCN_17-0-2E337-3.cds.fa_13059	Rhodotorula_mucilaginosa_TFCN_17-0-2E337-3.cds.fa_05476	NaN	NaN	NaN	NaN	NaN	NaN	NaN	NaN	TFCN1702E3373_013244-T1	TFCN1702E3373_005541-T1
TFCN1702E3373_013244-T1__TFCN1702E3373_013245-T1	NaN	NaN	NaN	NaN	NaN	NaN	NaN	NaN	GF00000186	Rhodotorula_mucilaginosa_TFCN_17-0-2E337-3.cds.fa_13059	Rhodotorula_mucilaginosa_TFCN_17-0-2E337-3.cds.fa_13060	NaN	NaN	NaN	NaN	NaN	NaN	NaN	NaN	TFCN1702E3373_013244-T1	TFCN1702E3373_013245-T1
TFCN1702E3373_013114-T1__TFCN1702E3373_013244-T1	NaN	NaN	NaN	NaN	NaN	NaN	NaN	NaN	GF00000186	Rhodotorula_mucilaginosa_TFCN_17-0-2E337-3.cds.fa_13059	Rhodotorula_mucilaginosa_TFCN_17-0-2E337-3.cds.fa_12929	NaN	NaN	NaN	NaN	NaN	NaN	NaN	NaN	TFCN1702E3373_013244-T1	TFCN1702E3373_013114-T1
TFCN1702E3373_005540-T1__TFCN1702E3373_005541-T1	NaN	NaN	NaN	NaN	NaN	NaN	NaN	NaN	GF00000186	Rhodotorula_mucilaginosa_TFCN_17-0-2E337-3.cds.fa_05475	Rhodotorula_mucilaginosa_TFCN_17-0-2E337-3.cds.fa_05476	NaN	NaN	NaN	NaN	NaN	NaN	NaN	NaN	TFCN1702E3373_005540-T1	TFCN1702E3373_005541-T1
TFCN1702E3373_005540-T1__TFCN1702E3373_013245-T1	NaN	NaN	NaN	NaN	NaN	NaN	NaN	NaN	GF00000186	Rhodotorula_mucilaginosa_TFCN_17-0-2E337-3.cds.fa_05475	Rhodotorula_mucilaginosa_TFCN_17-0-2E337-3.cds.fa_13060	NaN	NaN	NaN	NaN	NaN	NaN	NaN	NaN	TFCN1702E3373_005540-T1	TFCN1702E3373_013245-T1
TFCN1702E3373_005540-T1__TFCN1702E3373_013114-T1	NaN	NaN	NaN	NaN	NaN	NaN	NaN	NaN	GF00000186	Rhodotorula_mucilaginosa_TFCN_17-0-2E337-3.cds.fa_05475	Rhodotorula_mucilaginosa_TFCN_17-0-2E337-3.cds.fa_12929	NaN	NaN	NaN	NaN	NaN	NaN	NaN	NaN	TFCN1702E3373_005540-T1	TFCN1702E3373_013114-T1
TFCN1702E3373_005541-T1__TFCN1702E3373_013245-T1	NaN	NaN	NaN	NaN	NaN	NaN	NaN	NaN	GF00000186	Rhodotorula_mucilaginosa_TFCN_17-0-2E337-3.cds.fa_05476	Rhodotorula_mucilaginosa_TFCN_17-0-2E337-3.cds.fa_13060	NaN	NaN	NaN	NaN	NaN	NaN	NaN	NaN	TFCN1702E3373_005541-T1	TFCN1702E3373_013245-T1
TFCN1702E3373_005541-T1__TFCN1702E3373_013114-T1	NaN	NaN	NaN	NaN	NaN	NaN	NaN	NaN	GF00000186	Rhodotorula_mucilaginosa_TFCN_17-0-2E337-3.cds.fa_05476	Rhodotorula_mucilaginosa_TFCN_17-0-2E337-3.cds.fa_12929	NaN	NaN	NaN	NaN	NaN	NaN	NaN	NaN	TFCN1702E3373_005541-T1	TFCN1702E3373_013114-T1
TFCN1702E3373_013114-T1__TFCN1702E3373_013245-T1	NaN	NaN	NaN	NaN	NaN	NaN	NaN	NaN	GF00000186	Rhodotorula_mucilaginosa_TFCN_17-0-2E337-3.cds.fa_13060	Rhodotorula_mucilaginosa_TFCN_17-0-2E337-3.cds.fa_12929	NaN	NaN	NaN	NaN	NaN	NaN	NaN	NaN	TFCN1702E3373_013245-T1	TFCN1702E3373_013114-T1
TFCN1702E3373_001264-T1__TFCN1702E3373_002030-T1	NaN	NaN	NaN	NaN	NaN	NaN	NaN	NaN	GF00000187	Rhodotorula_mucilaginosa_TFCN_17-0-2E337-3.cds.fa_02018	Rhodotorula_mucilaginosa_TFCN_17-0-2E337-3.cds.fa_01254	NaN	NaN	NaN	NaN	NaN	NaN	NaN	NaN	TFCN1702E3373_002030-T1	TFCN1702E3373_001264-T1
TFCN1702E3373_001262-T1__TFCN1702E3373_002030-T1	NaN	NaN	NaN	NaN	NaN	NaN	NaN	NaN	GF00000187	Rhodotorula_mucilaginosa_TFCN_17-0-2E337-3.cds.fa_02018	Rhodotorula_mucilaginosa_TFCN_17-0-2E337-3.cds.fa_01252	NaN	NaN	NaN	NaN	NaN	NaN	NaN	NaN	TFCN1702E3373_002030-T1	TFCN1702E3373_001262-T1
TFCN1702E3373_002030-T1__TFCN1702E3373_002032-T1	NaN	NaN	NaN	NaN	NaN	NaN	NaN	NaN	GF00000187	Rhodotorula_mucilaginosa_TFCN_17-0-2E337-3.cds.fa_02018	Rhodotorula_mucilaginosa_TFCN_17-0-2E337-3.cds.fa_02020	NaN	NaN	NaN	NaN	NaN	NaN	NaN	NaN	TFCN1702E3373_002030-T1	TFCN1702E3373_002032-T1
TFCN1702E3373_001265-T1__TFCN1702E3373_002030-T1	NaN	NaN	NaN	NaN	NaN	NaN	NaN	NaN	GF00000187	Rhodotorula_mucilaginosa_TFCN_17-0-2E337-3.cds.fa_02018	Rhodotorula_mucilaginosa_TFCN_17-0-2E337-3.cds.fa_01255	NaN	NaN	NaN	NaN	NaN	NaN	NaN	NaN	TFCN1702E3373_002030-T1	TFCN1702E3373_001265-T1
TFCN1702E3373_001262-T1__TFCN1702E3373_001264-T1	NaN	NaN	NaN	NaN	NaN	NaN	NaN	NaN	GF00000187	Rhodotorula_mucilaginosa_TFCN_17-0-2E337-3.cds.fa_01254	Rhodotorula_mucilaginosa_TFCN_17-0-2E337-3.cds.fa_01252	NaN	NaN	NaN	NaN	NaN	NaN	NaN	NaN	TFCN1702E3373_001264-T1	TFCN1702E3373_001262-T1
TFCN1702E3373_001264-T1__TFCN1702E3373_002032-T1	NaN	NaN	NaN	NaN	NaN	NaN	NaN	NaN	GF00000187	Rhodotorula_mucilaginosa_TFCN_17-0-2E337-3.cds.fa_01254	Rhodotorula_mucilaginosa_TFCN_17-0-2E337-3.cds.fa_02020	NaN	NaN	NaN	NaN	NaN	NaN	NaN	NaN	TFCN1702E3373_001264-T1	TFCN1702E3373_002032-T1
TFCN1702E3373_001264-T1__TFCN1702E3373_001265-T1	NaN	NaN	NaN	NaN	NaN	NaN	NaN	NaN	GF00000187	Rhodotorula_mucilaginosa_TFCN_17-0-2E337-3.cds.fa_01254	Rhodotorula_mucilaginosa_TFCN_17-0-2E337-3.cds.fa_01255	NaN	NaN	NaN	NaN	NaN	NaN	NaN	NaN	TFCN1702E3373_001264-T1	TFCN1702E3373_001265-T1
TFCN1702E3373_001262-T1__TFCN1702E3373_002032-T1	NaN	NaN	NaN	NaN	NaN	NaN	NaN	NaN	GF00000187	Rhodotorula_mucilaginosa_TFCN_17-0-2E337-3.cds.fa_01252	Rhodotorula_mucilaginosa_TFCN_17-0-2E337-3.cds.fa_02020	NaN	NaN	NaN	NaN	NaN	NaN	NaN	NaN	TFCN1702E3373_001262-T1	TFCN1702E3373_002032-T1
TFCN1702E3373_001262-T1__TFCN1702E3373_001265-T1	NaN	NaN	NaN	NaN	NaN	NaN	NaN	NaN	GF00000187	Rhodotorula_mucilaginosa_TFCN_17-0-2E337-3.cds.fa_01252	Rhodotorula_mucilaginosa_TFCN_17-0-2E337-3.cds.fa_01255	NaN	NaN	NaN	NaN	NaN	NaN	NaN	NaN	TFCN1702E3373_001262-T1	TFCN1702E3373_001265-T1
TFCN1702E3373_001265-T1__TFCN1702E3373_002032-T1	NaN	NaN	NaN	NaN	NaN	NaN	NaN	NaN	GF00000187	Rhodotorula_mucilaginosa_TFCN_17-0-2E337-3.cds.fa_02020	Rhodotorula_mucilaginosa_TFCN_17-0-2E337-3.cds.fa_01255	NaN	NaN	NaN	NaN	NaN	NaN	NaN	NaN	TFCN1702E3373_002032-T1	TFCN1702E3373_001265-T1
TFCN1702E3373_005783-T1__TFCN1702E3373_014750-T1	NaN	NaN	NaN	NaN	NaN	NaN	NaN	NaN	GF00000189	Rhodotorula_mucilaginosa_TFCN_17-0-2E337-3.cds.fa_05716	Rhodotorula_mucilaginosa_TFCN_17-0-2E337-3.cds.fa_14521	NaN	NaN	NaN	NaN	NaN	NaN	NaN	NaN	TFCN1702E3373_005783-T1	TFCN1702E3373_014750-T1
TFCN1702E3373_005783-T1__TFCN1702E3373_014780-T1	NaN	NaN	NaN	NaN	NaN	NaN	NaN	NaN	GF00000189	Rhodotorula_mucilaginosa_TFCN_17-0-2E337-3.cds.fa_05716	Rhodotorula_mucilaginosa_TFCN_17-0-2E337-3.cds.fa_14551	NaN	NaN	NaN	NaN	NaN	NaN	NaN	NaN	TFCN1702E3373_005783-T1	TFCN1702E3373_014780-T1
TFCN1702E3373_005783-T1__TFCN1702E3373_014698-T1	NaN	NaN	NaN	NaN	NaN	NaN	NaN	NaN	GF00000189	Rhodotorula_mucilaginosa_TFCN_17-0-2E337-3.cds.fa_05716	Rhodotorula_mucilaginosa_TFCN_17-0-2E337-3.cds.fa_14477	NaN	NaN	NaN	NaN	NaN	NaN	NaN	NaN	TFCN1702E3373_005783-T1	TFCN1702E3373_014698-T1
TFCN1702E3373_005783-T1__TFCN1702E3373_014699-T1	NaN	NaN	NaN	NaN	NaN	NaN	NaN	NaN	GF00000189	Rhodotorula_mucilaginosa_TFCN_17-0-2E337-3.cds.fa_05716	Rhodotorula_mucilaginosa_TFCN_17-0-2E337-3.cds.fa_14478	NaN	NaN	NaN	NaN	NaN	NaN	NaN	NaN	TFCN1702E3373_005783-T1	TFCN1702E3373_014699-T1
TFCN1702E3373_014750-T1__TFCN1702E3373_014780-T1	NaN	NaN	NaN	NaN	NaN	NaN	NaN	NaN	GF00000189	Rhodotorula_mucilaginosa_TFCN_17-0-2E337-3.cds.fa_14521	Rhodotorula_mucilaginosa_TFCN_17-0-2E337-3.cds.fa_14551	NaN	NaN	NaN	NaN	NaN	NaN	NaN	NaN	TFCN1702E3373_014750-T1	TFCN1702E3373_014780-T1
TFCN1702E3373_014698-T1__TFCN1702E3373_014750-T1	NaN	NaN	NaN	NaN	NaN	NaN	NaN	NaN	GF00000189	Rhodotorula_mucilaginosa_TFCN_17-0-2E337-3.cds.fa_14521	Rhodotorula_mucilaginosa_TFCN_17-0-2E337-3.cds.fa_14477	NaN	NaN	NaN	NaN	NaN	NaN	NaN	NaN	TFCN1702E3373_014750-T1	TFCN1702E3373_014698-T1
TFCN1702E3373_014699-T1__TFCN1702E3373_014750-T1	NaN	NaN	NaN	NaN	NaN	NaN	NaN	NaN	GF00000189	Rhodotorula_mucilaginosa_TFCN_17-0-2E337-3.cds.fa_14521	Rhodotorula_mucilaginosa_TFCN_17-0-2E337-3.cds.fa_14478	NaN	NaN	NaN	NaN	NaN	NaN	NaN	NaN	TFCN1702E3373_014750-T1	TFCN1702E3373_014699-T1
TFCN1702E3373_014698-T1__TFCN1702E3373_014780-T1	NaN	NaN	NaN	NaN	NaN	NaN	NaN	NaN	GF00000189	Rhodotorula_mucilaginosa_TFCN_17-0-2E337-3.cds.fa_14551	Rhodotorula_mucilaginosa_TFCN_17-0-2E337-3.cds.fa_14477	NaN	NaN	NaN	NaN	NaN	NaN	NaN	NaN	TFCN1702E3373_014780-T1	TFCN1702E3373_014698-T1
TFCN1702E3373_014699-T1__TFCN1702E3373_014780-T1	NaN	NaN	NaN	NaN	NaN	NaN	NaN	NaN	GF00000189	Rhodotorula_mucilaginosa_TFCN_17-0-2E337-3.cds.fa_14551	Rhodotorula_mucilaginosa_TFCN_17-0-2E337-3.cds.fa_14478	NaN	NaN	NaN	NaN	NaN	NaN	NaN	NaN	TFCN1702E3373_014780-T1	TFCN1702E3373_014699-T1
TFCN1702E3373_014698-T1__TFCN1702E3373_014699-T1	NaN	NaN	NaN	NaN	NaN	NaN	NaN	NaN	GF00000189	Rhodotorula_mucilaginosa_TFCN_17-0-2E337-3.cds.fa_14477	Rhodotorula_mucilaginosa_TFCN_17-0-2E337-3.cds.fa_14478	NaN	NaN	NaN	NaN	NaN	NaN	NaN	NaN	TFCN1702E3373_014698-T1	TFCN1702E3373_014699-T1
TFCN1702E3373_004265-T1__TFCN1702E3373_006094-T1	NaN	NaN	NaN	NaN	NaN	NaN	NaN	NaN	GF00000197	Rhodotorula_mucilaginosa_TFCN_17-0-2E337-3.cds.fa_06025	Rhodotorula_mucilaginosa_TFCN_17-0-2E337-3.cds.fa_04209	NaN	NaN	NaN	NaN	NaN	NaN	NaN	NaN	TFCN1702E3373_006094-T1	TFCN1702E3373_004265-T1
TFCN1702E3373_006092-T1__TFCN1702E3373_006094-T1	NaN	NaN	NaN	NaN	NaN	NaN	NaN	NaN	GF00000197	Rhodotorula_mucilaginosa_TFCN_17-0-2E337-3.cds.fa_06025	Rhodotorula_mucilaginosa_TFCN_17-0-2E337-3.cds.fa_06023	NaN	NaN	NaN	NaN	NaN	NaN	NaN	NaN	TFCN1702E3373_006094-T1	TFCN1702E3373_006092-T1
TFCN1702E3373_004264-T1__TFCN1702E3373_006094-T1	NaN	NaN	NaN	NaN	NaN	NaN	NaN	NaN	GF00000197	Rhodotorula_mucilaginosa_TFCN_17-0-2E337-3.cds.fa_06025	Rhodotorula_mucilaginosa_TFCN_17-0-2E337-3.cds.fa_04208	NaN	NaN	NaN	NaN	NaN	NaN	NaN	NaN	TFCN1702E3373_006094-T1	TFCN1702E3373_004264-T1
TFCN1702E3373_006093-T1__TFCN1702E3373_006094-T1	NaN	NaN	NaN	NaN	NaN	NaN	NaN	NaN	GF00000197	Rhodotorula_mucilaginosa_TFCN_17-0-2E337-3.cds.fa_06025	Rhodotorula_mucilaginosa_TFCN_17-0-2E337-3.cds.fa_06024	NaN	NaN	NaN	NaN	NaN	NaN	NaN	NaN	TFCN1702E3373_006094-T1	TFCN1702E3373_006093-T1
TFCN1702E3373_004265-T1__TFCN1702E3373_006092-T1	NaN	NaN	NaN	NaN	NaN	NaN	NaN	NaN	GF00000197	Rhodotorula_mucilaginosa_TFCN_17-0-2E337-3.cds.fa_04209	Rhodotorula_mucilaginosa_TFCN_17-0-2E337-3.cds.fa_06023	NaN	NaN	NaN	NaN	NaN	NaN	NaN	NaN	TFCN1702E3373_004265-T1	TFCN1702E3373_006092-T1
TFCN1702E3373_004264-T1__TFCN1702E3373_004265-T1	NaN	NaN	NaN	NaN	NaN	NaN	NaN	NaN	GF00000197	Rhodotorula_mucilaginosa_TFCN_17-0-2E337-3.cds.fa_04209	Rhodotorula_mucilaginosa_TFCN_17-0-2E337-3.cds.fa_04208	NaN	NaN	NaN	NaN	NaN	NaN	NaN	NaN	TFCN1702E3373_004265-T1	TFCN1702E3373_004264-T1
TFCN1702E3373_004265-T1__TFCN1702E3373_006093-T1	NaN	NaN	NaN	NaN	NaN	NaN	NaN	NaN	GF00000197	Rhodotorula_mucilaginosa_TFCN_17-0-2E337-3.cds.fa_04209	Rhodotorula_mucilaginosa_TFCN_17-0-2E337-3.cds.fa_06024	NaN	NaN	NaN	NaN	NaN	NaN	NaN	NaN	TFCN1702E3373_004265-T1	TFCN1702E3373_006093-T1
TFCN1702E3373_004264-T1__TFCN1702E3373_006092-T1	NaN	NaN	NaN	NaN	NaN	NaN	NaN	NaN	GF00000197	Rhodotorula_mucilaginosa_TFCN_17-0-2E337-3.cds.fa_06023	Rhodotorula_mucilaginosa_TFCN_17-0-2E337-3.cds.fa_04208	NaN	NaN	NaN	NaN	NaN	NaN	NaN	NaN	TFCN1702E3373_006092-T1	TFCN1702E3373_004264-T1
TFCN1702E3373_006092-T1__TFCN1702E3373_006093-T1	NaN	NaN	NaN	NaN	NaN	NaN	NaN	NaN	GF00000197	Rhodotorula_mucilaginosa_TFCN_17-0-2E337-3.cds.fa_06023	Rhodotorula_mucilaginosa_TFCN_17-0-2E337-3.cds.fa_06024	NaN	NaN	NaN	NaN	NaN	NaN	NaN	NaN	TFCN1702E3373_006092-T1	TFCN1702E3373_006093-T1
TFCN1702E3373_004264-T1__TFCN1702E3373_006093-T1	NaN	NaN	NaN	NaN	NaN	NaN	NaN	NaN	GF00000197	Rhodotorula_mucilaginosa_TFCN_17-0-2E337-3.cds.fa_04208	Rhodotorula_mucilaginosa_TFCN_17-0-2E337-3.cds.fa_06024	NaN	NaN	NaN	NaN	NaN	NaN	NaN	NaN	TFCN1702E3373_004264-T1	TFCN1702E3373_006093-T1
TFCN1702E3373_001657-T1__TFCN1702E3373_007935-T1	NaN	NaN	NaN	NaN	NaN	NaN	NaN	NaN	GF00000200	Rhodotorula_mucilaginosa_TFCN_17-0-2E337-3.cds.fa_07841	Rhodotorula_mucilaginosa_TFCN_17-0-2E337-3.cds.fa_01647	NaN	NaN	NaN	NaN	NaN	NaN	NaN	NaN	TFCN1702E3373_007935-T1	TFCN1702E3373_001657-T1
TFCN1702E3373_001667-T1__TFCN1702E3373_007935-T1	NaN	NaN	NaN	NaN	NaN	NaN	NaN	NaN	GF00000200	Rhodotorula_mucilaginosa_TFCN_17-0-2E337-3.cds.fa_07841	Rhodotorula_mucilaginosa_TFCN_17-0-2E337-3.cds.fa_01657	NaN	NaN	NaN	NaN	NaN	NaN	NaN	NaN	TFCN1702E3373_007935-T1	TFCN1702E3373_001667-T1
TFCN1702E3373_007923-T1__TFCN1702E3373_007935-T1	NaN	NaN	NaN	NaN	NaN	NaN	NaN	NaN	GF00000200	Rhodotorula_mucilaginosa_TFCN_17-0-2E337-3.cds.fa_07841	Rhodotorula_mucilaginosa_TFCN_17-0-2E337-3.cds.fa_07829	NaN	NaN	NaN	NaN	NaN	NaN	NaN	NaN	TFCN1702E3373_007935-T1	TFCN1702E3373_007923-T1
TFCN1702E3373_007924-T1__TFCN1702E3373_007935-T1	NaN	NaN	NaN	NaN	NaN	NaN	NaN	NaN	GF00000200	Rhodotorula_mucilaginosa_TFCN_17-0-2E337-3.cds.fa_07841	Rhodotorula_mucilaginosa_TFCN_17-0-2E337-3.cds.fa_07830	NaN	NaN	NaN	NaN	NaN	NaN	NaN	NaN	TFCN1702E3373_007935-T1	TFCN1702E3373_007924-T1
TFCN1702E3373_001657-T1__TFCN1702E3373_001667-T1	NaN	NaN	NaN	NaN	NaN	NaN	NaN	NaN	GF00000200	Rhodotorula_mucilaginosa_TFCN_17-0-2E337-3.cds.fa_01647	Rhodotorula_mucilaginosa_TFCN_17-0-2E337-3.cds.fa_01657	NaN	NaN	NaN	NaN	NaN	NaN	NaN	NaN	TFCN1702E3373_001657-T1	TFCN1702E3373_001667-T1
TFCN1702E3373_001657-T1__TFCN1702E3373_007923-T1	NaN	NaN	NaN	NaN	NaN	NaN	NaN	NaN	GF00000200	Rhodotorula_mucilaginosa_TFCN_17-0-2E337-3.cds.fa_01647	Rhodotorula_mucilaginosa_TFCN_17-0-2E337-3.cds.fa_07829	NaN	NaN	NaN	NaN	NaN	NaN	NaN	NaN	TFCN1702E3373_001657-T1	TFCN1702E3373_007923-T1
TFCN1702E3373_001657-T1__TFCN1702E3373_007924-T1	NaN	NaN	NaN	NaN	NaN	NaN	NaN	NaN	GF00000200	Rhodotorula_mucilaginosa_TFCN_17-0-2E337-3.cds.fa_01647	Rhodotorula_mucilaginosa_TFCN_17-0-2E337-3.cds.fa_07830	NaN	NaN	NaN	NaN	NaN	NaN	NaN	NaN	TFCN1702E3373_001657-T1	TFCN1702E3373_007924-T1
TFCN1702E3373_001667-T1__TFCN1702E3373_007923-T1	NaN	NaN	NaN	NaN	NaN	NaN	NaN	NaN	GF00000200	Rhodotorula_mucilaginosa_TFCN_17-0-2E337-3.cds.fa_01657	Rhodotorula_mucilaginosa_TFCN_17-0-2E337-3.cds.fa_07829	NaN	NaN	NaN	NaN	NaN	NaN	NaN	NaN	TFCN1702E3373_001667-T1	TFCN1702E3373_007923-T1
TFCN1702E3373_001667-T1__TFCN1702E3373_007924-T1	NaN	NaN	NaN	NaN	NaN	NaN	NaN	NaN	GF00000200	Rhodotorula_mucilaginosa_TFCN_17-0-2E337-3.cds.fa_01657	Rhodotorula_mucilaginosa_TFCN_17-0-2E337-3.cds.fa_07830	NaN	NaN	NaN	NaN	NaN	NaN	NaN	NaN	TFCN1702E3373_001667-T1	TFCN1702E3373_007924-T1
TFCN1702E3373_007923-T1__TFCN1702E3373_007924-T1	NaN	NaN	NaN	NaN	NaN	NaN	NaN	NaN	GF00000200	Rhodotorula_mucilaginosa_TFCN_17-0-2E337-3.cds.fa_07829	Rhodotorula_mucilaginosa_TFCN_17-0-2E337-3.cds.fa_07830	NaN	NaN	NaN	NaN	NaN	NaN	NaN	NaN	TFCN1702E3373_007923-T1	TFCN1702E3373_007924-T1
TFCN1702E3373_005533-T1__TFCN1702E3373_013103-T1	NaN	NaN	NaN	NaN	NaN	NaN	NaN	NaN	GF00000207	Rhodotorula_mucilaginosa_TFCN_17-0-2E337-3.cds.fa_05468	Rhodotorula_mucilaginosa_TFCN_17-0-2E337-3.cds.fa_12918	NaN	NaN	NaN	NaN	NaN	NaN	NaN	NaN	TFCN1702E3373_005533-T1	TFCN1702E3373_013103-T1
TFCN1702E3373_005533-T1__TFCN1702E3373_005548-T1	NaN	NaN	NaN	NaN	NaN	NaN	NaN	NaN	GF00000207	Rhodotorula_mucilaginosa_TFCN_17-0-2E337-3.cds.fa_05468	Rhodotorula_mucilaginosa_TFCN_17-0-2E337-3.cds.fa_05483	NaN	NaN	NaN	NaN	NaN	NaN	NaN	NaN	TFCN1702E3373_005533-T1	TFCN1702E3373_005548-T1
TFCN1702E3373_005532-T1__TFCN1702E3373_005533-T1	NaN	NaN	NaN	NaN	NaN	NaN	NaN	NaN	GF00000207	Rhodotorula_mucilaginosa_TFCN_17-0-2E337-3.cds.fa_05468	Rhodotorula_mucilaginosa_TFCN_17-0-2E337-3.cds.fa_05467	NaN	NaN	NaN	NaN	NaN	NaN	NaN	NaN	TFCN1702E3373_005533-T1	TFCN1702E3373_005532-T1
TFCN1702E3373_005531-T1__TFCN1702E3373_005533-T1	NaN	NaN	NaN	NaN	NaN	NaN	NaN	NaN	GF00000207	Rhodotorula_mucilaginosa_TFCN_17-0-2E337-3.cds.fa_05468	Rhodotorula_mucilaginosa_TFCN_17-0-2E337-3.cds.fa_05466	NaN	NaN	NaN	NaN	NaN	NaN	NaN	NaN	TFCN1702E3373_005533-T1	TFCN1702E3373_005531-T1
TFCN1702E3373_005548-T1__TFCN1702E3373_013103-T1	NaN	NaN	NaN	NaN	NaN	NaN	NaN	NaN	GF00000207	Rhodotorula_mucilaginosa_TFCN_17-0-2E337-3.cds.fa_12918	Rhodotorula_mucilaginosa_TFCN_17-0-2E337-3.cds.fa_05483	NaN	NaN	NaN	NaN	NaN	NaN	NaN	NaN	TFCN1702E3373_013103-T1	TFCN1702E3373_005548-T1
TFCN1702E3373_005532-T1__TFCN1702E3373_013103-T1	NaN	NaN	NaN	NaN	NaN	NaN	NaN	NaN	GF00000207	Rhodotorula_mucilaginosa_TFCN_17-0-2E337-3.cds.fa_12918	Rhodotorula_mucilaginosa_TFCN_17-0-2E337-3.cds.fa_05467	NaN	NaN	NaN	NaN	NaN	NaN	NaN	NaN	TFCN1702E3373_013103-T1	TFCN1702E3373_005532-T1
TFCN1702E3373_005531-T1__TFCN1702E3373_013103-T1	NaN	NaN	NaN	NaN	NaN	NaN	NaN	NaN	GF00000207	Rhodotorula_mucilaginosa_TFCN_17-0-2E337-3.cds.fa_12918	Rhodotorula_mucilaginosa_TFCN_17-0-2E337-3.cds.fa_05466	NaN	NaN	NaN	NaN	NaN	NaN	NaN	NaN	TFCN1702E3373_013103-T1	TFCN1702E3373_005531-T1
TFCN1702E3373_005532-T1__TFCN1702E3373_005548-T1	NaN	NaN	NaN	NaN	NaN	NaN	NaN	NaN	GF00000207	Rhodotorula_mucilaginosa_TFCN_17-0-2E337-3.cds.fa_05483	Rhodotorula_mucilaginosa_TFCN_17-0-2E337-3.cds.fa_05467	NaN	NaN	NaN	NaN	NaN	NaN	NaN	NaN	TFCN1702E3373_005548-T1	TFCN1702E3373_005532-T1
TFCN1702E3373_005531-T1__TFCN1702E3373_005548-T1	NaN	NaN	NaN	NaN	NaN	NaN	NaN	NaN	GF00000207	Rhodotorula_mucilaginosa_TFCN_17-0-2E337-3.cds.fa_05483	Rhodotorula_mucilaginosa_TFCN_17-0-2E337-3.cds.fa_05466	NaN	NaN	NaN	NaN	NaN	NaN	NaN	NaN	TFCN1702E3373_005548-T1	TFCN1702E3373_005531-T1
TFCN1702E3373_005531-T1__TFCN1702E3373_005532-T1	NaN	NaN	NaN	NaN	NaN	NaN	NaN	NaN	GF00000207	Rhodotorula_mucilaginosa_TFCN_17-0-2E337-3.cds.fa_05467	Rhodotorula_mucilaginosa_TFCN_17-0-2E337-3.cds.fa_05466	NaN	NaN	NaN	NaN	NaN	NaN	NaN	NaN	TFCN1702E3373_005532-T1	TFCN1702E3373_005531-T1
TFCN1702E3373_001233-T1__TFCN1702E3373_001496-T1	NaN	NaN	NaN	NaN	NaN	NaN	NaN	NaN	GF00000211	Rhodotorula_mucilaginosa_TFCN_17-0-2E337-3.cds.fa_01223	Rhodotorula_mucilaginosa_TFCN_17-0-2E337-3.cds.fa_01486	NaN	NaN	NaN	NaN	NaN	NaN	NaN	NaN	TFCN1702E3373_001233-T1	TFCN1702E3373_001496-T1
TFCN1702E3373_001233-T1__TFCN1702E3373_007067-T1	NaN	NaN	NaN	NaN	NaN	NaN	NaN	NaN	GF00000211	Rhodotorula_mucilaginosa_TFCN_17-0-2E337-3.cds.fa_01223	Rhodotorula_mucilaginosa_TFCN_17-0-2E337-3.cds.fa_06982	NaN	NaN	NaN	NaN	NaN	NaN	NaN	NaN	TFCN1702E3373_001233-T1	TFCN1702E3373_007067-T1
TFCN1702E3373_001233-T1__TFCN1702E3373_014740-T1	NaN	NaN	NaN	NaN	NaN	NaN	NaN	NaN	GF00000211	Rhodotorula_mucilaginosa_TFCN_17-0-2E337-3.cds.fa_01223	Rhodotorula_mucilaginosa_TFCN_17-0-2E337-3.cds.fa_14512	NaN	NaN	NaN	NaN	NaN	NaN	NaN	NaN	TFCN1702E3373_001233-T1	TFCN1702E3373_014740-T1
TFCN1702E3373_001233-T1__TFCN1702E3373_014230-T1	NaN	NaN	NaN	NaN	NaN	NaN	NaN	NaN	GF00000211	Rhodotorula_mucilaginosa_TFCN_17-0-2E337-3.cds.fa_01223	Rhodotorula_mucilaginosa_TFCN_17-0-2E337-3.cds.fa_14023	NaN	NaN	NaN	NaN	NaN	NaN	NaN	NaN	TFCN1702E3373_001233-T1	TFCN1702E3373_014230-T1
TFCN1702E3373_001496-T1__TFCN1702E3373_007067-T1	NaN	NaN	NaN	NaN	NaN	NaN	NaN	NaN	GF00000211	Rhodotorula_mucilaginosa_TFCN_17-0-2E337-3.cds.fa_01486	Rhodotorula_mucilaginosa_TFCN_17-0-2E337-3.cds.fa_06982	NaN	NaN	NaN	NaN	NaN	NaN	NaN	NaN	TFCN1702E3373_001496-T1	TFCN1702E3373_007067-T1
TFCN1702E3373_001496-T1__TFCN1702E3373_014740-T1	NaN	NaN	NaN	NaN	NaN	NaN	NaN	NaN	GF00000211	Rhodotorula_mucilaginosa_TFCN_17-0-2E337-3.cds.fa_01486	Rhodotorula_mucilaginosa_TFCN_17-0-2E337-3.cds.fa_14512	NaN	NaN	NaN	NaN	NaN	NaN	NaN	NaN	TFCN1702E3373_001496-T1	TFCN1702E3373_014740-T1
TFCN1702E3373_001496-T1__TFCN1702E3373_014230-T1	NaN	NaN	NaN	NaN	NaN	NaN	NaN	NaN	GF00000211	Rhodotorula_mucilaginosa_TFCN_17-0-2E337-3.cds.fa_01486	Rhodotorula_mucilaginosa_TFCN_17-0-2E337-3.cds.fa_14023	NaN	NaN	NaN	NaN	NaN	NaN	NaN	NaN	TFCN1702E3373_001496-T1	TFCN1702E3373_014230-T1
TFCN1702E3373_007067-T1__TFCN1702E3373_014740-T1	NaN	NaN	NaN	NaN	NaN	NaN	NaN	NaN	GF00000211	Rhodotorula_mucilaginosa_TFCN_17-0-2E337-3.cds.fa_06982	Rhodotorula_mucilaginosa_TFCN_17-0-2E337-3.cds.fa_14512	NaN	NaN	NaN	NaN	NaN	NaN	NaN	NaN	TFCN1702E3373_007067-T1	TFCN1702E3373_014740-T1
TFCN1702E3373_007067-T1__TFCN1702E3373_014230-T1	NaN	NaN	NaN	NaN	NaN	NaN	NaN	NaN	GF00000211	Rhodotorula_mucilaginosa_TFCN_17-0-2E337-3.cds.fa_06982	Rhodotorula_mucilaginosa_TFCN_17-0-2E337-3.cds.fa_14023	NaN	NaN	NaN	NaN	NaN	NaN	NaN	NaN	TFCN1702E3373_007067-T1	TFCN1702E3373_014230-T1
TFCN1702E3373_014230-T1__TFCN1702E3373_014740-T1	NaN	NaN	NaN	NaN	NaN	NaN	NaN	NaN	GF00000211	Rhodotorula_mucilaginosa_TFCN_17-0-2E337-3.cds.fa_14512	Rhodotorula_mucilaginosa_TFCN_17-0-2E337-3.cds.fa_14023	NaN	NaN	NaN	NaN	NaN	NaN	NaN	NaN	TFCN1702E3373_014740-T1	TFCN1702E3373_014230-T1
TFCN1702E3373_007680-T1__TFCN1702E3373_014737-T1	NaN	NaN	NaN	NaN	NaN	NaN	NaN	NaN	GF00000213	Rhodotorula_mucilaginosa_TFCN_17-0-2E337-3.cds.fa_14510	Rhodotorula_mucilaginosa_TFCN_17-0-2E337-3.cds.fa_07588	NaN	NaN	NaN	NaN	NaN	NaN	NaN	NaN	TFCN1702E3373_014737-T1	TFCN1702E3373_007680-T1
TFCN1702E3373_006779-T1__TFCN1702E3373_014737-T1	NaN	NaN	NaN	NaN	NaN	NaN	NaN	NaN	GF00000213	Rhodotorula_mucilaginosa_TFCN_17-0-2E337-3.cds.fa_14510	Rhodotorula_mucilaginosa_TFCN_17-0-2E337-3.cds.fa_06701	NaN	NaN	NaN	NaN	NaN	NaN	NaN	NaN	TFCN1702E3373_014737-T1	TFCN1702E3373_006779-T1
TFCN1702E3373_014735-T1__TFCN1702E3373_014737-T1	NaN	NaN	NaN	NaN	NaN	NaN	NaN	NaN	GF00000213	Rhodotorula_mucilaginosa_TFCN_17-0-2E337-3.cds.fa_14510	Rhodotorula_mucilaginosa_TFCN_17-0-2E337-3.cds.fa_14508	NaN	NaN	NaN	NaN	NaN	NaN	NaN	NaN	TFCN1702E3373_014737-T1	TFCN1702E3373_014735-T1
TFCN1702E3373_014736-T1__TFCN1702E3373_014737-T1	NaN	NaN	NaN	NaN	NaN	NaN	NaN	NaN	GF00000213	Rhodotorula_mucilaginosa_TFCN_17-0-2E337-3.cds.fa_14510	Rhodotorula_mucilaginosa_TFCN_17-0-2E337-3.cds.fa_14509	NaN	NaN	NaN	NaN	NaN	NaN	NaN	NaN	TFCN1702E3373_014737-T1	TFCN1702E3373_014736-T1
TFCN1702E3373_006779-T1__TFCN1702E3373_007680-T1	NaN	NaN	NaN	NaN	NaN	NaN	NaN	NaN	GF00000213	Rhodotorula_mucilaginosa_TFCN_17-0-2E337-3.cds.fa_07588	Rhodotorula_mucilaginosa_TFCN_17-0-2E337-3.cds.fa_06701	NaN	NaN	NaN	NaN	NaN	NaN	NaN	NaN	TFCN1702E3373_007680-T1	TFCN1702E3373_006779-T1
TFCN1702E3373_007680-T1__TFCN1702E3373_014735-T1	NaN	NaN	NaN	NaN	NaN	NaN	NaN	NaN	GF00000213	Rhodotorula_mucilaginosa_TFCN_17-0-2E337-3.cds.fa_07588	Rhodotorula_mucilaginosa_TFCN_17-0-2E337-3.cds.fa_14508	NaN	NaN	NaN	NaN	NaN	NaN	NaN	NaN	TFCN1702E3373_007680-T1	TFCN1702E3373_014735-T1
TFCN1702E3373_007680-T1__TFCN1702E3373_014736-T1	NaN	NaN	NaN	NaN	NaN	NaN	NaN	NaN	GF00000213	Rhodotorula_mucilaginosa_TFCN_17-0-2E337-3.cds.fa_07588	Rhodotorula_mucilaginosa_TFCN_17-0-2E337-3.cds.fa_14509	NaN	NaN	NaN	NaN	NaN	NaN	NaN	NaN	TFCN1702E3373_007680-T1	TFCN1702E3373_014736-T1
TFCN1702E3373_006779-T1__TFCN1702E3373_014735-T1	NaN	NaN	NaN	NaN	NaN	NaN	NaN	NaN	GF00000213	Rhodotorula_mucilaginosa_TFCN_17-0-2E337-3.cds.fa_06701	Rhodotorula_mucilaginosa_TFCN_17-0-2E337-3.cds.fa_14508	NaN	NaN	NaN	NaN	NaN	NaN	NaN	NaN	TFCN1702E3373_006779-T1	TFCN1702E3373_014735-T1
TFCN1702E3373_006779-T1__TFCN1702E3373_014736-T1	NaN	NaN	NaN	NaN	NaN	NaN	NaN	NaN	GF00000213	Rhodotorula_mucilaginosa_TFCN_17-0-2E337-3.cds.fa_06701	Rhodotorula_mucilaginosa_TFCN_17-0-2E337-3.cds.fa_14509	NaN	NaN	NaN	NaN	NaN	NaN	NaN	NaN	TFCN1702E3373_006779-T1	TFCN1702E3373_014736-T1
TFCN1702E3373_014735-T1__TFCN1702E3373_014736-T1	NaN	NaN	NaN	NaN	NaN	NaN	NaN	NaN	GF00000213	Rhodotorula_mucilaginosa_TFCN_17-0-2E337-3.cds.fa_14508	Rhodotorula_mucilaginosa_TFCN_17-0-2E337-3.cds.fa_14509	NaN	NaN	NaN	NaN	NaN	NaN	NaN	NaN	TFCN1702E3373_014735-T1	TFCN1702E3373_014736-T1
TFCN1702E3373_006328-T1__TFCN1702E3373_014286-T1	NaN	NaN	NaN	NaN	NaN	NaN	NaN	NaN	GF00000221	Rhodotorula_mucilaginosa_TFCN_17-0-2E337-3.cds.fa_06252	Rhodotorula_mucilaginosa_TFCN_17-0-2E337-3.cds.fa_14079	NaN	NaN	NaN	NaN	NaN	NaN	NaN	NaN	TFCN1702E3373_006328-T1	TFCN1702E3373_014286-T1
TFCN1702E3373_006328-T1__TFCN1702E3373_014287-T1	NaN	NaN	NaN	NaN	NaN	NaN	NaN	NaN	GF00000221	Rhodotorula_mucilaginosa_TFCN_17-0-2E337-3.cds.fa_06252	Rhodotorula_mucilaginosa_TFCN_17-0-2E337-3.cds.fa_14080	NaN	NaN	NaN	NaN	NaN	NaN	NaN	NaN	TFCN1702E3373_006328-T1	TFCN1702E3373_014287-T1
TFCN1702E3373_006328-T1__TFCN1702E3373_009085-T1	NaN	NaN	NaN	NaN	NaN	NaN	NaN	NaN	GF00000221	Rhodotorula_mucilaginosa_TFCN_17-0-2E337-3.cds.fa_06252	Rhodotorula_mucilaginosa_TFCN_17-0-2E337-3.cds.fa_08970	NaN	NaN	NaN	NaN	NaN	NaN	NaN	NaN	TFCN1702E3373_006328-T1	TFCN1702E3373_009085-T1
TFCN1702E3373_014286-T1__TFCN1702E3373_014287-T1	NaN	NaN	NaN	NaN	NaN	NaN	NaN	NaN	GF00000221	Rhodotorula_mucilaginosa_TFCN_17-0-2E337-3.cds.fa_14079	Rhodotorula_mucilaginosa_TFCN_17-0-2E337-3.cds.fa_14080	NaN	NaN	NaN	NaN	NaN	NaN	NaN	NaN	TFCN1702E3373_014286-T1	TFCN1702E3373_014287-T1
TFCN1702E3373_009085-T1__TFCN1702E3373_014286-T1	NaN	NaN	NaN	NaN	NaN	NaN	NaN	NaN	GF00000221	Rhodotorula_mucilaginosa_TFCN_17-0-2E337-3.cds.fa_14079	Rhodotorula_mucilaginosa_TFCN_17-0-2E337-3.cds.fa_08970	NaN	NaN	NaN	NaN	NaN	NaN	NaN	NaN	TFCN1702E3373_014286-T1	TFCN1702E3373_009085-T1
TFCN1702E3373_009085-T1__TFCN1702E3373_014287-T1	NaN	NaN	NaN	NaN	NaN	NaN	NaN	NaN	GF00000221	Rhodotorula_mucilaginosa_TFCN_17-0-2E337-3.cds.fa_14080	Rhodotorula_mucilaginosa_TFCN_17-0-2E337-3.cds.fa_08970	NaN	NaN	NaN	NaN	NaN	NaN	NaN	NaN	TFCN1702E3373_014287-T1	TFCN1702E3373_009085-T1
TFCN1702E3373_001828-T1__TFCN1702E3373_011449-T1	NaN	NaN	NaN	NaN	NaN	NaN	NaN	NaN	GF00000261	Rhodotorula_mucilaginosa_TFCN_17-0-2E337-3.cds.fa_01816	Rhodotorula_mucilaginosa_TFCN_17-0-2E337-3.cds.fa_11302	NaN	NaN	NaN	NaN	NaN	NaN	NaN	NaN	TFCN1702E3373_001828-T1	TFCN1702E3373_011449-T1
TFCN1702E3373_001828-T1__TFCN1702E3373_014547-T1	NaN	NaN	NaN	NaN	NaN	NaN	NaN	NaN	GF00000261	Rhodotorula_mucilaginosa_TFCN_17-0-2E337-3.cds.fa_01816	Rhodotorula_mucilaginosa_TFCN_17-0-2E337-3.cds.fa_14331	NaN	NaN	NaN	NaN	NaN	NaN	NaN	NaN	TFCN1702E3373_001828-T1	TFCN1702E3373_014547-T1
TFCN1702E3373_001828-T1__TFCN1702E3373_014714-T1	NaN	NaN	NaN	NaN	NaN	NaN	NaN	NaN	GF00000261	Rhodotorula_mucilaginosa_TFCN_17-0-2E337-3.cds.fa_01816	Rhodotorula_mucilaginosa_TFCN_17-0-2E337-3.cds.fa_14492	NaN	NaN	NaN	NaN	NaN	NaN	NaN	NaN	TFCN1702E3373_001828-T1	TFCN1702E3373_014714-T1
TFCN1702E3373_011449-T1__TFCN1702E3373_014547-T1	NaN	NaN	NaN	NaN	NaN	NaN	NaN	NaN	GF00000261	Rhodotorula_mucilaginosa_TFCN_17-0-2E337-3.cds.fa_11302	Rhodotorula_mucilaginosa_TFCN_17-0-2E337-3.cds.fa_14331	NaN	NaN	NaN	NaN	NaN	NaN	NaN	NaN	TFCN1702E3373_011449-T1	TFCN1702E3373_014547-T1
TFCN1702E3373_011449-T1__TFCN1702E3373_014714-T1	NaN	NaN	NaN	NaN	NaN	NaN	NaN	NaN	GF00000261	Rhodotorula_mucilaginosa_TFCN_17-0-2E337-3.cds.fa_11302	Rhodotorula_mucilaginosa_TFCN_17-0-2E337-3.cds.fa_14492	NaN	NaN	NaN	NaN	NaN	NaN	NaN	NaN	TFCN1702E3373_011449-T1	TFCN1702E3373_014714-T1
TFCN1702E3373_014547-T1__TFCN1702E3373_014714-T1	NaN	NaN	NaN	NaN	NaN	NaN	NaN	NaN	GF00000261	Rhodotorula_mucilaginosa_TFCN_17-0-2E337-3.cds.fa_14331	Rhodotorula_mucilaginosa_TFCN_17-0-2E337-3.cds.fa_14492	NaN	NaN	NaN	NaN	NaN	NaN	NaN	NaN	TFCN1702E3373_014547-T1	TFCN1702E3373_014714-T1
TFCN1702E3373_003162-T1__TFCN1702E3373_009261-T1	NaN	NaN	NaN	NaN	NaN	NaN	NaN	NaN	GF00000287	Rhodotorula_mucilaginosa_TFCN_17-0-2E337-3.cds.fa_03119	Rhodotorula_mucilaginosa_TFCN_17-0-2E337-3.cds.fa_09145	NaN	NaN	NaN	NaN	NaN	NaN	NaN	NaN	TFCN1702E3373_003162-T1	TFCN1702E3373_009261-T1
TFCN1702E3373_003162-T1__TFCN1702E3373_009259-T1	NaN	NaN	NaN	NaN	NaN	NaN	NaN	NaN	GF00000287	Rhodotorula_mucilaginosa_TFCN_17-0-2E337-3.cds.fa_03119	Rhodotorula_mucilaginosa_TFCN_17-0-2E337-3.cds.fa_09143	NaN	NaN	NaN	NaN	NaN	NaN	NaN	NaN	TFCN1702E3373_003162-T1	TFCN1702E3373_009259-T1
TFCN1702E3373_003162-T1__TFCN1702E3373_009260-T1	NaN	NaN	NaN	NaN	NaN	NaN	NaN	NaN	GF00000287	Rhodotorula_mucilaginosa_TFCN_17-0-2E337-3.cds.fa_03119	Rhodotorula_mucilaginosa_TFCN_17-0-2E337-3.cds.fa_09144	NaN	NaN	NaN	NaN	NaN	NaN	NaN	NaN	TFCN1702E3373_003162-T1	TFCN1702E3373_009260-T1
TFCN1702E3373_009259-T1__TFCN1702E3373_009261-T1	NaN	NaN	NaN	NaN	NaN	NaN	NaN	NaN	GF00000287	Rhodotorula_mucilaginosa_TFCN_17-0-2E337-3.cds.fa_09145	Rhodotorula_mucilaginosa_TFCN_17-0-2E337-3.cds.fa_09143	NaN	NaN	NaN	NaN	NaN	NaN	NaN	NaN	TFCN1702E3373_009261-T1	TFCN1702E3373_009259-T1
TFCN1702E3373_009260-T1__TFCN1702E3373_009261-T1	NaN	NaN	NaN	NaN	NaN	NaN	NaN	NaN	GF00000287	Rhodotorula_mucilaginosa_TFCN_17-0-2E337-3.cds.fa_09145	Rhodotorula_mucilaginosa_TFCN_17-0-2E337-3.cds.fa_09144	NaN	NaN	NaN	NaN	NaN	NaN	NaN	NaN	TFCN1702E3373_009261-T1	TFCN1702E3373_009260-T1
TFCN1702E3373_009259-T1__TFCN1702E3373_009260-T1	NaN	NaN	NaN	NaN	NaN	NaN	NaN	NaN	GF00000287	Rhodotorula_mucilaginosa_TFCN_17-0-2E337-3.cds.fa_09143	Rhodotorula_mucilaginosa_TFCN_17-0-2E337-3.cds.fa_09144	NaN	NaN	NaN	NaN	NaN	NaN	NaN	NaN	TFCN1702E3373_009259-T1	TFCN1702E3373_009260-T1
TFCN1702E3373_000455-T1__TFCN1702E3373_013690-T1	NaN	NaN	NaN	NaN	NaN	NaN	NaN	NaN	GF00000306	Rhodotorula_mucilaginosa_TFCN_17-0-2E337-3.cds.fa_00450	Rhodotorula_mucilaginosa_TFCN_17-0-2E337-3.cds.fa_13492	NaN	NaN	NaN	NaN	NaN	NaN	NaN	NaN	TFCN1702E3373_000455-T1	TFCN1702E3373_013690-T1
TFCN1702E3373_000455-T1__TFCN1702E3373_000984-T1	NaN	NaN	NaN	NaN	NaN	NaN	NaN	NaN	GF00000306	Rhodotorula_mucilaginosa_TFCN_17-0-2E337-3.cds.fa_00450	Rhodotorula_mucilaginosa_TFCN_17-0-2E337-3.cds.fa_00976	NaN	NaN	NaN	NaN	NaN	NaN	NaN	NaN	TFCN1702E3373_000455-T1	TFCN1702E3373_000984-T1
TFCN1702E3373_000455-T1__TFCN1702E3373_000985-T1	NaN	NaN	NaN	NaN	NaN	NaN	NaN	NaN	GF00000306	Rhodotorula_mucilaginosa_TFCN_17-0-2E337-3.cds.fa_00450	Rhodotorula_mucilaginosa_TFCN_17-0-2E337-3.cds.fa_00977	NaN	NaN	NaN	NaN	NaN	NaN	NaN	NaN	TFCN1702E3373_000455-T1	TFCN1702E3373_000985-T1
TFCN1702E3373_000984-T1__TFCN1702E3373_013690-T1	NaN	NaN	NaN	NaN	NaN	NaN	NaN	NaN	GF00000306	Rhodotorula_mucilaginosa_TFCN_17-0-2E337-3.cds.fa_13492	Rhodotorula_mucilaginosa_TFCN_17-0-2E337-3.cds.fa_00976	NaN	NaN	NaN	NaN	NaN	NaN	NaN	NaN	TFCN1702E3373_013690-T1	TFCN1702E3373_000984-T1
TFCN1702E3373_000985-T1__TFCN1702E3373_013690-T1	NaN	NaN	NaN	NaN	NaN	NaN	NaN	NaN	GF00000306	Rhodotorula_mucilaginosa_TFCN_17-0-2E337-3.cds.fa_13492	Rhodotorula_mucilaginosa_TFCN_17-0-2E337-3.cds.fa_00977	NaN	NaN	NaN	NaN	NaN	NaN	NaN	NaN	TFCN1702E3373_013690-T1	TFCN1702E3373_000985-T1
TFCN1702E3373_000984-T1__TFCN1702E3373_000985-T1	NaN	NaN	NaN	NaN	NaN	NaN	NaN	NaN	GF00000306	Rhodotorula_mucilaginosa_TFCN_17-0-2E337-3.cds.fa_00976	Rhodotorula_mucilaginosa_TFCN_17-0-2E337-3.cds.fa_00977	NaN	NaN	NaN	NaN	NaN	NaN	NaN	NaN	TFCN1702E3373_000984-T1	TFCN1702E3373_000985-T1
TFCN1702E3373_009023-T1__TFCN1702E3373_010909-T1	NaN	NaN	NaN	NaN	NaN	NaN	NaN	NaN	GF00000331	Rhodotorula_mucilaginosa_TFCN_17-0-2E337-3.cds.fa_08910	Rhodotorula_mucilaginosa_TFCN_17-0-2E337-3.cds.fa_10775	NaN	NaN	NaN	NaN	NaN	NaN	NaN	NaN	TFCN1702E3373_009023-T1	TFCN1702E3373_010909-T1
TFCN1702E3373_009022-T1__TFCN1702E3373_009023-T1	NaN	NaN	NaN	NaN	NaN	NaN	NaN	NaN	GF00000331	Rhodotorula_mucilaginosa_TFCN_17-0-2E337-3.cds.fa_08910	Rhodotorula_mucilaginosa_TFCN_17-0-2E337-3.cds.fa_08909	NaN	NaN	NaN	NaN	NaN	NaN	NaN	NaN	TFCN1702E3373_009023-T1	TFCN1702E3373_009022-T1
TFCN1702E3373_009023-T1__TFCN1702E3373_010910-T1	NaN	NaN	NaN	NaN	NaN	NaN	NaN	NaN	GF00000331	Rhodotorula_mucilaginosa_TFCN_17-0-2E337-3.cds.fa_08910	Rhodotorula_mucilaginosa_TFCN_17-0-2E337-3.cds.fa_10776	NaN	NaN	NaN	NaN	NaN	NaN	NaN	NaN	TFCN1702E3373_009023-T1	TFCN1702E3373_010910-T1
TFCN1702E3373_009022-T1__TFCN1702E3373_010909-T1	NaN	NaN	NaN	NaN	NaN	NaN	NaN	NaN	GF00000331	Rhodotorula_mucilaginosa_TFCN_17-0-2E337-3.cds.fa_10775	Rhodotorula_mucilaginosa_TFCN_17-0-2E337-3.cds.fa_08909	NaN	NaN	NaN	NaN	NaN	NaN	NaN	NaN	TFCN1702E3373_010909-T1	TFCN1702E3373_009022-T1
TFCN1702E3373_010909-T1__TFCN1702E3373_010910-T1	NaN	NaN	NaN	NaN	NaN	NaN	NaN	NaN	GF00000331	Rhodotorula_mucilaginosa_TFCN_17-0-2E337-3.cds.fa_10775	Rhodotorula_mucilaginosa_TFCN_17-0-2E337-3.cds.fa_10776	NaN	NaN	NaN	NaN	NaN	NaN	NaN	NaN	TFCN1702E3373_010909-T1	TFCN1702E3373_010910-T1
TFCN1702E3373_009022-T1__TFCN1702E3373_010910-T1	NaN	NaN	NaN	NaN	NaN	NaN	NaN	NaN	GF00000331	Rhodotorula_mucilaginosa_TFCN_17-0-2E337-3.cds.fa_08909	Rhodotorula_mucilaginosa_TFCN_17-0-2E337-3.cds.fa_10776	NaN	NaN	NaN	NaN	NaN	NaN	NaN	NaN	TFCN1702E3373_009022-T1	TFCN1702E3373_010910-T1
TFCN1702E3373_000394-T1__TFCN1702E3373_000923-T1	NaN	NaN	NaN	NaN	NaN	NaN	NaN	NaN	GF00000335	Rhodotorula_mucilaginosa_TFCN_17-0-2E337-3.cds.fa_00917	Rhodotorula_mucilaginosa_TFCN_17-0-2E337-3.cds.fa_00390	NaN	NaN	NaN	NaN	NaN	NaN	NaN	NaN	TFCN1702E3373_000923-T1	TFCN1702E3373_000394-T1
TFCN1702E3373_000923-T1__TFCN1702E3373_013164-T1	NaN	NaN	NaN	NaN	NaN	NaN	NaN	NaN	GF00000335	Rhodotorula_mucilaginosa_TFCN_17-0-2E337-3.cds.fa_00917	Rhodotorula_mucilaginosa_TFCN_17-0-2E337-3.cds.fa_12979	NaN	NaN	NaN	NaN	NaN	NaN	NaN	NaN	TFCN1702E3373_000923-T1	TFCN1702E3373_013164-T1
TFCN1702E3373_000923-T1__TFCN1702E3373_011173-T1	NaN	NaN	NaN	NaN	NaN	NaN	NaN	NaN	GF00000335	Rhodotorula_mucilaginosa_TFCN_17-0-2E337-3.cds.fa_00917	Rhodotorula_mucilaginosa_TFCN_17-0-2E337-3.cds.fa_11027	NaN	NaN	NaN	NaN	NaN	NaN	NaN	NaN	TFCN1702E3373_000923-T1	TFCN1702E3373_011173-T1
TFCN1702E3373_000394-T1__TFCN1702E3373_013164-T1	NaN	NaN	NaN	NaN	NaN	NaN	NaN	NaN	GF00000335	Rhodotorula_mucilaginosa_TFCN_17-0-2E337-3.cds.fa_00390	Rhodotorula_mucilaginosa_TFCN_17-0-2E337-3.cds.fa_12979	NaN	NaN	NaN	NaN	NaN	NaN	NaN	NaN	TFCN1702E3373_000394-T1	TFCN1702E3373_013164-T1
TFCN1702E3373_000394-T1__TFCN1702E3373_011173-T1	NaN	NaN	NaN	NaN	NaN	NaN	NaN	NaN	GF00000335	Rhodotorula_mucilaginosa_TFCN_17-0-2E337-3.cds.fa_00390	Rhodotorula_mucilaginosa_TFCN_17-0-2E337-3.cds.fa_11027	NaN	NaN	NaN	NaN	NaN	NaN	NaN	NaN	TFCN1702E3373_000394-T1	TFCN1702E3373_011173-T1
TFCN1702E3373_011173-T1__TFCN1702E3373_013164-T1	NaN	NaN	NaN	NaN	NaN	NaN	NaN	NaN	GF00000335	Rhodotorula_mucilaginosa_TFCN_17-0-2E337-3.cds.fa_12979	Rhodotorula_mucilaginosa_TFCN_17-0-2E337-3.cds.fa_11027	NaN	NaN	NaN	NaN	NaN	NaN	NaN	NaN	TFCN1702E3373_013164-T1	TFCN1702E3373_011173-T1
TFCN1702E3373_000480-T1__TFCN1702E3373_007161-T1	NaN	NaN	NaN	NaN	NaN	NaN	NaN	NaN	GF00000354	Rhodotorula_mucilaginosa_TFCN_17-0-2E337-3.cds.fa_00475	Rhodotorula_mucilaginosa_TFCN_17-0-2E337-3.cds.fa_07076	NaN	NaN	NaN	NaN	NaN	NaN	NaN	NaN	TFCN1702E3373_000480-T1	TFCN1702E3373_007161-T1
TFCN1702E3373_000480-T1__TFCN1702E3373_001012-T1	NaN	NaN	NaN	NaN	NaN	NaN	NaN	NaN	GF00000354	Rhodotorula_mucilaginosa_TFCN_17-0-2E337-3.cds.fa_00475	Rhodotorula_mucilaginosa_TFCN_17-0-2E337-3.cds.fa_01004	NaN	NaN	NaN	NaN	NaN	NaN	NaN	NaN	TFCN1702E3373_000480-T1	TFCN1702E3373_001012-T1
TFCN1702E3373_000480-T1__TFCN1702E3373_001011-T1	NaN	NaN	NaN	NaN	NaN	NaN	NaN	NaN	GF00000354	Rhodotorula_mucilaginosa_TFCN_17-0-2E337-3.cds.fa_00475	Rhodotorula_mucilaginosa_TFCN_17-0-2E337-3.cds.fa_01003	NaN	NaN	NaN	NaN	NaN	NaN	NaN	NaN	TFCN1702E3373_000480-T1	TFCN1702E3373_001011-T1
TFCN1702E3373_001012-T1__TFCN1702E3373_007161-T1	NaN	NaN	NaN	NaN	NaN	NaN	NaN	NaN	GF00000354	Rhodotorula_mucilaginosa_TFCN_17-0-2E337-3.cds.fa_07076	Rhodotorula_mucilaginosa_TFCN_17-0-2E337-3.cds.fa_01004	NaN	NaN	NaN	NaN	NaN	NaN	NaN	NaN	TFCN1702E3373_007161-T1	TFCN1702E3373_001012-T1
TFCN1702E3373_001011-T1__TFCN1702E3373_007161-T1	NaN	NaN	NaN	NaN	NaN	NaN	NaN	NaN	GF00000354	Rhodotorula_mucilaginosa_TFCN_17-0-2E337-3.cds.fa_07076	Rhodotorula_mucilaginosa_TFCN_17-0-2E337-3.cds.fa_01003	NaN	NaN	NaN	NaN	NaN	NaN	NaN	NaN	TFCN1702E3373_007161-T1	TFCN1702E3373_001011-T1
TFCN1702E3373_001011-T1__TFCN1702E3373_001012-T1	NaN	NaN	NaN	NaN	NaN	NaN	NaN	NaN	GF00000354	Rhodotorula_mucilaginosa_TFCN_17-0-2E337-3.cds.fa_01004	Rhodotorula_mucilaginosa_TFCN_17-0-2E337-3.cds.fa_01003	NaN	NaN	NaN	NaN	NaN	NaN	NaN	NaN	TFCN1702E3373_001012-T1	TFCN1702E3373_001011-T1
TFCN1702E3373_001110-T1__TFCN1702E3373_014743-T1	NaN	NaN	NaN	NaN	NaN	NaN	NaN	NaN	GF00000378	Rhodotorula_mucilaginosa_TFCN_17-0-2E337-3.cds.fa_01102	Rhodotorula_mucilaginosa_TFCN_17-0-2E337-3.cds.fa_14515	NaN	NaN	NaN	NaN	NaN	NaN	NaN	NaN	TFCN1702E3373_001110-T1	TFCN1702E3373_014743-T1
TFCN1702E3373_001110-T1__TFCN1702E3373_002997-T1	NaN	NaN	NaN	NaN	NaN	NaN	NaN	NaN	GF00000378	Rhodotorula_mucilaginosa_TFCN_17-0-2E337-3.cds.fa_01102	Rhodotorula_mucilaginosa_TFCN_17-0-2E337-3.cds.fa_02961	NaN	NaN	NaN	NaN	NaN	NaN	NaN	NaN	TFCN1702E3373_001110-T1	TFCN1702E3373_002997-T1
TFCN1702E3373_001110-T1__TFCN1702E3373_003385-T1	NaN	NaN	NaN	NaN	NaN	NaN	NaN	NaN	GF00000378	Rhodotorula_mucilaginosa_TFCN_17-0-2E337-3.cds.fa_01102	Rhodotorula_mucilaginosa_TFCN_17-0-2E337-3.cds.fa_03342	NaN	NaN	NaN	NaN	NaN	NaN	NaN	NaN	TFCN1702E3373_001110-T1	TFCN1702E3373_003385-T1
TFCN1702E3373_002997-T1__TFCN1702E3373_014743-T1	NaN	NaN	NaN	NaN	NaN	NaN	NaN	NaN	GF00000378	Rhodotorula_mucilaginosa_TFCN_17-0-2E337-3.cds.fa_14515	Rhodotorula_mucilaginosa_TFCN_17-0-2E337-3.cds.fa_02961	NaN	NaN	NaN	NaN	NaN	NaN	NaN	NaN	TFCN1702E3373_014743-T1	TFCN1702E3373_002997-T1
TFCN1702E3373_003385-T1__TFCN1702E3373_014743-T1	NaN	NaN	NaN	NaN	NaN	NaN	NaN	NaN	GF00000378	Rhodotorula_mucilaginosa_TFCN_17-0-2E337-3.cds.fa_14515	Rhodotorula_mucilaginosa_TFCN_17-0-2E337-3.cds.fa_03342	NaN	NaN	NaN	NaN	NaN	NaN	NaN	NaN	TFCN1702E3373_014743-T1	TFCN1702E3373_003385-T1
TFCN1702E3373_002997-T1__TFCN1702E3373_003385-T1	NaN	NaN	NaN	NaN	NaN	NaN	NaN	NaN	GF00000378	Rhodotorula_mucilaginosa_TFCN_17-0-2E337-3.cds.fa_02961	Rhodotorula_mucilaginosa_TFCN_17-0-2E337-3.cds.fa_03342	NaN	NaN	NaN	NaN	NaN	NaN	NaN	NaN	TFCN1702E3373_002997-T1	TFCN1702E3373_003385-T1
TFCN1702E3373_000444-T1__TFCN1702E3373_000974-T1	NaN	NaN	NaN	NaN	NaN	NaN	NaN	NaN	GF00000410	Rhodotorula_mucilaginosa_TFCN_17-0-2E337-3.cds.fa_00966	Rhodotorula_mucilaginosa_TFCN_17-0-2E337-3.cds.fa_00439	NaN	NaN	NaN	NaN	NaN	NaN	NaN	NaN	TFCN1702E3373_000974-T1	TFCN1702E3373_000444-T1
TFCN1702E3373_000974-T1__TFCN1702E3373_005588-T1	NaN	NaN	NaN	NaN	NaN	NaN	NaN	NaN	GF00000410	Rhodotorula_mucilaginosa_TFCN_17-0-2E337-3.cds.fa_00966	Rhodotorula_mucilaginosa_TFCN_17-0-2E337-3.cds.fa_05521	NaN	NaN	NaN	NaN	NaN	NaN	NaN	NaN	TFCN1702E3373_000974-T1	TFCN1702E3373_005588-T1
TFCN1702E3373_000974-T1__TFCN1702E3373_013680-T1	NaN	NaN	NaN	NaN	NaN	NaN	NaN	NaN	GF00000410	Rhodotorula_mucilaginosa_TFCN_17-0-2E337-3.cds.fa_00966	Rhodotorula_mucilaginosa_TFCN_17-0-2E337-3.cds.fa_13482	NaN	NaN	NaN	NaN	NaN	NaN	NaN	NaN	TFCN1702E3373_000974-T1	TFCN1702E3373_013680-T1
TFCN1702E3373_000444-T1__TFCN1702E3373_005588-T1	NaN	NaN	NaN	NaN	NaN	NaN	NaN	NaN	GF00000410	Rhodotorula_mucilaginosa_TFCN_17-0-2E337-3.cds.fa_00439	Rhodotorula_mucilaginosa_TFCN_17-0-2E337-3.cds.fa_05521	NaN	NaN	NaN	NaN	NaN	NaN	NaN	NaN	TFCN1702E3373_000444-T1	TFCN1702E3373_005588-T1
TFCN1702E3373_000444-T1__TFCN1702E3373_013680-T1	NaN	NaN	NaN	NaN	NaN	NaN	NaN	NaN	GF00000410	Rhodotorula_mucilaginosa_TFCN_17-0-2E337-3.cds.fa_00439	Rhodotorula_mucilaginosa_TFCN_17-0-2E337-3.cds.fa_13482	NaN	NaN	NaN	NaN	NaN	NaN	NaN	NaN	TFCN1702E3373_000444-T1	TFCN1702E3373_013680-T1
TFCN1702E3373_005588-T1__TFCN1702E3373_013680-T1	NaN	NaN	NaN	NaN	NaN	NaN	NaN	NaN	GF00000410	Rhodotorula_mucilaginosa_TFCN_17-0-2E337-3.cds.fa_05521	Rhodotorula_mucilaginosa_TFCN_17-0-2E337-3.cds.fa_13482	NaN	NaN	NaN	NaN	NaN	NaN	NaN	NaN	TFCN1702E3373_005588-T1	TFCN1702E3373_013680-T1
TFCN1702E3373_010749-T1__TFCN1702E3373_011800-T1	NaN	NaN	NaN	NaN	NaN	NaN	NaN	NaN	GF00000443	Rhodotorula_mucilaginosa_TFCN_17-0-2E337-3.cds.fa_10616	Rhodotorula_mucilaginosa_TFCN_17-0-2E337-3.cds.fa_11647	NaN	NaN	NaN	NaN	NaN	NaN	NaN	NaN	TFCN1702E3373_010749-T1	TFCN1702E3373_011800-T1
TFCN1702E3373_010748-T1__TFCN1702E3373_010749-T1	NaN	NaN	NaN	NaN	NaN	NaN	NaN	NaN	GF00000443	Rhodotorula_mucilaginosa_TFCN_17-0-2E337-3.cds.fa_10616	Rhodotorula_mucilaginosa_TFCN_17-0-2E337-3.cds.fa_10615	NaN	NaN	NaN	NaN	NaN	NaN	NaN	NaN	TFCN1702E3373_010749-T1	TFCN1702E3373_010748-T1
TFCN1702E3373_010748-T1__TFCN1702E3373_011800-T1	NaN	NaN	NaN	NaN	NaN	NaN	NaN	NaN	GF00000443	Rhodotorula_mucilaginosa_TFCN_17-0-2E337-3.cds.fa_11647	Rhodotorula_mucilaginosa_TFCN_17-0-2E337-3.cds.fa_10615	NaN	NaN	NaN	NaN	NaN	NaN	NaN	NaN	TFCN1702E3373_011800-T1	TFCN1702E3373_010748-T1
TFCN1702E3373_006321-T1__TFCN1702E3373_012756-T1	NaN	NaN	NaN	NaN	NaN	NaN	NaN	NaN	GF00000456	Rhodotorula_mucilaginosa_TFCN_17-0-2E337-3.cds.fa_06245	Rhodotorula_mucilaginosa_TFCN_17-0-2E337-3.cds.fa_12585	NaN	NaN	NaN	NaN	NaN	NaN	NaN	NaN	TFCN1702E3373_006321-T1	TFCN1702E3373_012756-T1
TFCN1702E3373_006321-T1__TFCN1702E3373_014279-T1	NaN	NaN	NaN	NaN	NaN	NaN	NaN	NaN	GF00000456	Rhodotorula_mucilaginosa_TFCN_17-0-2E337-3.cds.fa_06245	Rhodotorula_mucilaginosa_TFCN_17-0-2E337-3.cds.fa_14072	NaN	NaN	NaN	NaN	NaN	NaN	NaN	NaN	TFCN1702E3373_006321-T1	TFCN1702E3373_014279-T1
TFCN1702E3373_012756-T1__TFCN1702E3373_014279-T1	NaN	NaN	NaN	NaN	NaN	NaN	NaN	NaN	GF00000456	Rhodotorula_mucilaginosa_TFCN_17-0-2E337-3.cds.fa_12585	Rhodotorula_mucilaginosa_TFCN_17-0-2E337-3.cds.fa_14072	NaN	NaN	NaN	NaN	NaN	NaN	NaN	NaN	TFCN1702E3373_012756-T1	TFCN1702E3373_014279-T1
TFCN1702E3373_008680-T1__TFCN1702E3373_010126-T1	NaN	NaN	NaN	NaN	NaN	NaN	NaN	NaN	GF00000485	Rhodotorula_mucilaginosa_TFCN_17-0-2E337-3.cds.fa_08570	Rhodotorula_mucilaginosa_TFCN_17-0-2E337-3.cds.fa_10005	NaN	NaN	NaN	NaN	NaN	NaN	NaN	NaN	TFCN1702E3373_008680-T1	TFCN1702E3373_010126-T1
TFCN1702E3373_008680-T1__TFCN1702E3373_013802-T1	NaN	NaN	NaN	NaN	NaN	NaN	NaN	NaN	GF00000485	Rhodotorula_mucilaginosa_TFCN_17-0-2E337-3.cds.fa_08570	Rhodotorula_mucilaginosa_TFCN_17-0-2E337-3.cds.fa_13601	NaN	NaN	NaN	NaN	NaN	NaN	NaN	NaN	TFCN1702E3373_008680-T1	TFCN1702E3373_013802-T1
TFCN1702E3373_010126-T1__TFCN1702E3373_013802-T1	NaN	NaN	NaN	NaN	NaN	NaN	NaN	NaN	GF00000485	Rhodotorula_mucilaginosa_TFCN_17-0-2E337-3.cds.fa_10005	Rhodotorula_mucilaginosa_TFCN_17-0-2E337-3.cds.fa_13601	NaN	NaN	NaN	NaN	NaN	NaN	NaN	NaN	TFCN1702E3373_010126-T1	TFCN1702E3373_013802-T1
TFCN1702E3373_008088-T1__TFCN1702E3373_013957-T1	NaN	NaN	NaN	NaN	NaN	NaN	NaN	NaN	GF00000487	Rhodotorula_mucilaginosa_TFCN_17-0-2E337-3.cds.fa_07992	Rhodotorula_mucilaginosa_TFCN_17-0-2E337-3.cds.fa_13756	NaN	NaN	NaN	NaN	NaN	NaN	NaN	NaN	TFCN1702E3373_008088-T1	TFCN1702E3373_013957-T1
TFCN1702E3373_008088-T1__TFCN1702E3373_014694-T1	NaN	NaN	NaN	NaN	NaN	NaN	NaN	NaN	GF00000487	Rhodotorula_mucilaginosa_TFCN_17-0-2E337-3.cds.fa_07992	Rhodotorula_mucilaginosa_TFCN_17-0-2E337-3.cds.fa_14473	NaN	NaN	NaN	NaN	NaN	NaN	NaN	NaN	TFCN1702E3373_008088-T1	TFCN1702E3373_014694-T1
TFCN1702E3373_013957-T1__TFCN1702E3373_014694-T1	NaN	NaN	NaN	NaN	NaN	NaN	NaN	NaN	GF00000487	Rhodotorula_mucilaginosa_TFCN_17-0-2E337-3.cds.fa_13756	Rhodotorula_mucilaginosa_TFCN_17-0-2E337-3.cds.fa_14473	NaN	NaN	NaN	NaN	NaN	NaN	NaN	NaN	TFCN1702E3373_013957-T1	TFCN1702E3373_014694-T1
TFCN1702E3373_004751-T1__TFCN1702E3373_011372-T1	NaN	NaN	NaN	NaN	NaN	NaN	NaN	NaN	GF00000511	Rhodotorula_mucilaginosa_TFCN_17-0-2E337-3.cds.fa_04691	Rhodotorula_mucilaginosa_TFCN_17-0-2E337-3.cds.fa_11225	NaN	NaN	NaN	NaN	NaN	NaN	NaN	NaN	TFCN1702E3373_004751-T1	TFCN1702E3373_011372-T1
TFCN1702E3373_004751-T1__TFCN1702E3373_014672-T1	NaN	NaN	NaN	NaN	NaN	NaN	NaN	NaN	GF00000511	Rhodotorula_mucilaginosa_TFCN_17-0-2E337-3.cds.fa_04691	Rhodotorula_mucilaginosa_TFCN_17-0-2E337-3.cds.fa_14453	NaN	NaN	NaN	NaN	NaN	NaN	NaN	NaN	TFCN1702E3373_004751-T1	TFCN1702E3373_014672-T1
TFCN1702E3373_011372-T1__TFCN1702E3373_014672-T1	NaN	NaN	NaN	NaN	NaN	NaN	NaN	NaN	GF00000511	Rhodotorula_mucilaginosa_TFCN_17-0-2E337-3.cds.fa_11225	Rhodotorula_mucilaginosa_TFCN_17-0-2E337-3.cds.fa_14453	NaN	NaN	NaN	NaN	NaN	NaN	NaN	NaN	TFCN1702E3373_011372-T1	TFCN1702E3373_014672-T1
TFCN1702E3373_001988-T1__TFCN1702E3373_004990-T1	NaN	NaN	NaN	NaN	NaN	NaN	NaN	NaN	GF00000514	Rhodotorula_mucilaginosa_TFCN_17-0-2E337-3.cds.fa_01976	Rhodotorula_mucilaginosa_TFCN_17-0-2E337-3.cds.fa_04928	NaN	NaN	NaN	NaN	NaN	NaN	NaN	NaN	TFCN1702E3373_001988-T1	TFCN1702E3373_004990-T1
TFCN1702E3373_001988-T1__TFCN1702E3373_004991-T1	NaN	NaN	NaN	NaN	NaN	NaN	NaN	NaN	GF00000514	Rhodotorula_mucilaginosa_TFCN_17-0-2E337-3.cds.fa_01976	Rhodotorula_mucilaginosa_TFCN_17-0-2E337-3.cds.fa_04929	NaN	NaN	NaN	NaN	NaN	NaN	NaN	NaN	TFCN1702E3373_001988-T1	TFCN1702E3373_004991-T1
TFCN1702E3373_004990-T1__TFCN1702E3373_004991-T1	NaN	NaN	NaN	NaN	NaN	NaN	NaN	NaN	GF00000514	Rhodotorula_mucilaginosa_TFCN_17-0-2E337-3.cds.fa_04928	Rhodotorula_mucilaginosa_TFCN_17-0-2E337-3.cds.fa_04929	NaN	NaN	NaN	NaN	NaN	NaN	NaN	NaN	TFCN1702E3373_004990-T1	TFCN1702E3373_004991-T1
TFCN1702E3373_004482-T1__TFCN1702E3373_012619-T1	NaN	NaN	NaN	NaN	NaN	NaN	NaN	NaN	GF00000529	Rhodotorula_mucilaginosa_TFCN_17-0-2E337-3.cds.fa_04425	Rhodotorula_mucilaginosa_TFCN_17-0-2E337-3.cds.fa_12453	NaN	NaN	NaN	NaN	NaN	NaN	NaN	NaN	TFCN1702E3373_004482-T1	TFCN1702E3373_012619-T1
TFCN1702E3373_004481-T1__TFCN1702E3373_004482-T1	NaN	NaN	NaN	NaN	NaN	NaN	NaN	NaN	GF00000529	Rhodotorula_mucilaginosa_TFCN_17-0-2E337-3.cds.fa_04425	Rhodotorula_mucilaginosa_TFCN_17-0-2E337-3.cds.fa_04424	NaN	NaN	NaN	NaN	NaN	NaN	NaN	NaN	TFCN1702E3373_004482-T1	TFCN1702E3373_004481-T1
TFCN1702E3373_004481-T1__TFCN1702E3373_012619-T1	NaN	NaN	NaN	NaN	NaN	NaN	NaN	NaN	GF00000529	Rhodotorula_mucilaginosa_TFCN_17-0-2E337-3.cds.fa_12453	Rhodotorula_mucilaginosa_TFCN_17-0-2E337-3.cds.fa_04424	NaN	NaN	NaN	NaN	NaN	NaN	NaN	NaN	TFCN1702E3373_012619-T1	TFCN1702E3373_004481-T1
TFCN1702E3373_004542-T1__TFCN1702E3373_007234-T1	NaN	NaN	NaN	NaN	NaN	NaN	NaN	NaN	GF00000543	Rhodotorula_mucilaginosa_TFCN_17-0-2E337-3.cds.fa_04485	Rhodotorula_mucilaginosa_TFCN_17-0-2E337-3.cds.fa_07149	NaN	NaN	NaN	NaN	NaN	NaN	NaN	NaN	TFCN1702E3373_004542-T1	TFCN1702E3373_007234-T1
TFCN1702E3373_004542-T1__TFCN1702E3373_007233-T1	NaN	NaN	NaN	NaN	NaN	NaN	NaN	NaN	GF00000543	Rhodotorula_mucilaginosa_TFCN_17-0-2E337-3.cds.fa_04485	Rhodotorula_mucilaginosa_TFCN_17-0-2E337-3.cds.fa_07148	NaN	NaN	NaN	NaN	NaN	NaN	NaN	NaN	TFCN1702E3373_004542-T1	TFCN1702E3373_007233-T1
TFCN1702E3373_007233-T1__TFCN1702E3373_007234-T1	NaN	NaN	NaN	NaN	NaN	NaN	NaN	NaN	GF00000543	Rhodotorula_mucilaginosa_TFCN_17-0-2E337-3.cds.fa_07149	Rhodotorula_mucilaginosa_TFCN_17-0-2E337-3.cds.fa_07148	NaN	NaN	NaN	NaN	NaN	NaN	NaN	NaN	TFCN1702E3373_007234-T1	TFCN1702E3373_007233-T1
TFCN1702E3373_001760-T1__TFCN1702E3373_009551-T1	NaN	NaN	NaN	NaN	NaN	NaN	NaN	NaN	GF00000548	Rhodotorula_mucilaginosa_TFCN_17-0-2E337-3.cds.fa_09433	Rhodotorula_mucilaginosa_TFCN_17-0-2E337-3.cds.fa_01748	NaN	NaN	NaN	NaN	NaN	NaN	NaN	NaN	TFCN1702E3373_009551-T1	TFCN1702E3373_001760-T1
TFCN1702E3373_001759-T1__TFCN1702E3373_009551-T1	NaN	NaN	NaN	NaN	NaN	NaN	NaN	NaN	GF00000548	Rhodotorula_mucilaginosa_TFCN_17-0-2E337-3.cds.fa_09433	Rhodotorula_mucilaginosa_TFCN_17-0-2E337-3.cds.fa_01747	NaN	NaN	NaN	NaN	NaN	NaN	NaN	NaN	TFCN1702E3373_009551-T1	TFCN1702E3373_001759-T1
TFCN1702E3373_001759-T1__TFCN1702E3373_001760-T1	NaN	NaN	NaN	NaN	NaN	NaN	NaN	NaN	GF00000548	Rhodotorula_mucilaginosa_TFCN_17-0-2E337-3.cds.fa_01748	Rhodotorula_mucilaginosa_TFCN_17-0-2E337-3.cds.fa_01747	NaN	NaN	NaN	NaN	NaN	NaN	NaN	NaN	TFCN1702E3373_001760-T1	TFCN1702E3373_001759-T1
TFCN1702E3373_002000-T1__TFCN1702E3373_014262-T1	NaN	NaN	NaN	NaN	NaN	NaN	NaN	NaN	GF00000559	Rhodotorula_mucilaginosa_TFCN_17-0-2E337-3.cds.fa_14055	Rhodotorula_mucilaginosa_TFCN_17-0-2E337-3.cds.fa_01988	NaN	NaN	NaN	NaN	NaN	NaN	NaN	NaN	TFCN1702E3373_014262-T1	TFCN1702E3373_002000-T1
TFCN1702E3373_014262-T1__TFCN1702E3373_014601-T1	NaN	NaN	NaN	NaN	NaN	NaN	NaN	NaN	GF00000559	Rhodotorula_mucilaginosa_TFCN_17-0-2E337-3.cds.fa_14055	Rhodotorula_mucilaginosa_TFCN_17-0-2E337-3.cds.fa_14384	NaN	NaN	NaN	NaN	NaN	NaN	NaN	NaN	TFCN1702E3373_014262-T1	TFCN1702E3373_014601-T1
TFCN1702E3373_002000-T1__TFCN1702E3373_014601-T1	NaN	NaN	NaN	NaN	NaN	NaN	NaN	NaN	GF00000559	Rhodotorula_mucilaginosa_TFCN_17-0-2E337-3.cds.fa_01988	Rhodotorula_mucilaginosa_TFCN_17-0-2E337-3.cds.fa_14384	NaN	NaN	NaN	NaN	NaN	NaN	NaN	NaN	TFCN1702E3373_002000-T1	TFCN1702E3373_014601-T1
TFCN1702E3373_004666-T1__TFCN1702E3373_014654-T1	NaN	NaN	NaN	NaN	NaN	NaN	NaN	NaN	GF00000565	Rhodotorula_mucilaginosa_TFCN_17-0-2E337-3.cds.fa_14435	Rhodotorula_mucilaginosa_TFCN_17-0-2E337-3.cds.fa_04608	NaN	NaN	NaN	NaN	NaN	NaN	NaN	NaN	TFCN1702E3373_014654-T1	TFCN1702E3373_004666-T1
TFCN1702E3373_014457-T1__TFCN1702E3373_014654-T1	NaN	NaN	NaN	NaN	NaN	NaN	NaN	NaN	GF00000565	Rhodotorula_mucilaginosa_TFCN_17-0-2E337-3.cds.fa_14435	Rhodotorula_mucilaginosa_TFCN_17-0-2E337-3.cds.fa_14249	NaN	NaN	NaN	NaN	NaN	NaN	NaN	NaN	TFCN1702E3373_014654-T1	TFCN1702E3373_014457-T1
TFCN1702E3373_004666-T1__TFCN1702E3373_014457-T1	NaN	NaN	NaN	NaN	NaN	NaN	NaN	NaN	GF00000565	Rhodotorula_mucilaginosa_TFCN_17-0-2E337-3.cds.fa_04608	Rhodotorula_mucilaginosa_TFCN_17-0-2E337-3.cds.fa_14249	NaN	NaN	NaN	NaN	NaN	NaN	NaN	NaN	TFCN1702E3373_004666-T1	TFCN1702E3373_014457-T1
TFCN1702E3373_001982-T1__TFCN1702E3373_004986-T1	NaN	NaN	NaN	NaN	NaN	NaN	NaN	NaN	GF00000572	Rhodotorula_mucilaginosa_TFCN_17-0-2E337-3.cds.fa_01970	Rhodotorula_mucilaginosa_TFCN_17-0-2E337-3.cds.fa_04924	NaN	NaN	NaN	NaN	NaN	NaN	NaN	NaN	TFCN1702E3373_001982-T1	TFCN1702E3373_004986-T1
TFCN1702E3373_001982-T1__TFCN1702E3373_001983-T1	NaN	NaN	NaN	NaN	NaN	NaN	NaN	NaN	GF00000572	Rhodotorula_mucilaginosa_TFCN_17-0-2E337-3.cds.fa_01970	Rhodotorula_mucilaginosa_TFCN_17-0-2E337-3.cds.fa_01971	NaN	NaN	NaN	NaN	NaN	NaN	NaN	NaN	TFCN1702E3373_001982-T1	TFCN1702E3373_001983-T1
TFCN1702E3373_001983-T1__TFCN1702E3373_004986-T1	NaN	NaN	NaN	NaN	NaN	NaN	NaN	NaN	GF00000572	Rhodotorula_mucilaginosa_TFCN_17-0-2E337-3.cds.fa_04924	Rhodotorula_mucilaginosa_TFCN_17-0-2E337-3.cds.fa_01971	NaN	NaN	NaN	NaN	NaN	NaN	NaN	NaN	TFCN1702E3373_004986-T1	TFCN1702E3373_001983-T1
TFCN1702E3373_011507-T1__TFCN1702E3373_011841-T1	NaN	NaN	NaN	NaN	NaN	NaN	NaN	NaN	GF00000582	Rhodotorula_mucilaginosa_TFCN_17-0-2E337-3.cds.fa_11688	Rhodotorula_mucilaginosa_TFCN_17-0-2E337-3.cds.fa_11360	NaN	NaN	NaN	NaN	NaN	NaN	NaN	NaN	TFCN1702E3373_011841-T1	TFCN1702E3373_011507-T1
TFCN1702E3373_011506-T1__TFCN1702E3373_011841-T1	NaN	NaN	NaN	NaN	NaN	NaN	NaN	NaN	GF00000582	Rhodotorula_mucilaginosa_TFCN_17-0-2E337-3.cds.fa_11688	Rhodotorula_mucilaginosa_TFCN_17-0-2E337-3.cds.fa_11359	NaN	NaN	NaN	NaN	NaN	NaN	NaN	NaN	TFCN1702E3373_011841-T1	TFCN1702E3373_011506-T1
TFCN1702E3373_011506-T1__TFCN1702E3373_011507-T1	NaN	NaN	NaN	NaN	NaN	NaN	NaN	NaN	GF00000582	Rhodotorula_mucilaginosa_TFCN_17-0-2E337-3.cds.fa_11360	Rhodotorula_mucilaginosa_TFCN_17-0-2E337-3.cds.fa_11359	NaN	NaN	NaN	NaN	NaN	NaN	NaN	NaN	TFCN1702E3373_011507-T1	TFCN1702E3373_011506-T1
TFCN1702E3373_003570-T1__TFCN1702E3373_014703-T1	NaN	NaN	NaN	NaN	NaN	NaN	NaN	NaN	GF00000590	Rhodotorula_mucilaginosa_TFCN_17-0-2E337-3.cds.fa_03523	Rhodotorula_mucilaginosa_TFCN_17-0-2E337-3.cds.fa_14482	NaN	NaN	NaN	NaN	NaN	NaN	NaN	NaN	TFCN1702E3373_003570-T1	TFCN1702E3373_014703-T1
TFCN1702E3373_003570-T1__TFCN1702E3373_011053-T1	NaN	NaN	NaN	NaN	NaN	NaN	NaN	NaN	GF00000590	Rhodotorula_mucilaginosa_TFCN_17-0-2E337-3.cds.fa_03523	Rhodotorula_mucilaginosa_TFCN_17-0-2E337-3.cds.fa_10910	NaN	NaN	NaN	NaN	NaN	NaN	NaN	NaN	TFCN1702E3373_003570-T1	TFCN1702E3373_011053-T1
TFCN1702E3373_011053-T1__TFCN1702E3373_014703-T1	NaN	NaN	NaN	NaN	NaN	NaN	NaN	NaN	GF00000590	Rhodotorula_mucilaginosa_TFCN_17-0-2E337-3.cds.fa_14482	Rhodotorula_mucilaginosa_TFCN_17-0-2E337-3.cds.fa_10910	NaN	NaN	NaN	NaN	NaN	NaN	NaN	NaN	TFCN1702E3373_014703-T1	TFCN1702E3373_011053-T1
TFCN1702E3373_001519-T1__TFCN1702E3373_010784-T1	NaN	NaN	NaN	NaN	NaN	NaN	NaN	NaN	GF00000614	Rhodotorula_mucilaginosa_TFCN_17-0-2E337-3.cds.fa_01509	Rhodotorula_mucilaginosa_TFCN_17-0-2E337-3.cds.fa_10651	NaN	NaN	NaN	NaN	NaN	NaN	NaN	NaN	TFCN1702E3373_001519-T1	TFCN1702E3373_010784-T1
TFCN1702E3373_001519-T1__TFCN1702E3373_012085-T1	NaN	NaN	NaN	NaN	NaN	NaN	NaN	NaN	GF00000614	Rhodotorula_mucilaginosa_TFCN_17-0-2E337-3.cds.fa_01509	Rhodotorula_mucilaginosa_TFCN_17-0-2E337-3.cds.fa_11922	NaN	NaN	NaN	NaN	NaN	NaN	NaN	NaN	TFCN1702E3373_001519-T1	TFCN1702E3373_012085-T1
TFCN1702E3373_010784-T1__TFCN1702E3373_012085-T1	NaN	NaN	NaN	NaN	NaN	NaN	NaN	NaN	GF00000614	Rhodotorula_mucilaginosa_TFCN_17-0-2E337-3.cds.fa_10651	Rhodotorula_mucilaginosa_TFCN_17-0-2E337-3.cds.fa_11922	NaN	NaN	NaN	NaN	NaN	NaN	NaN	NaN	TFCN1702E3373_010784-T1	TFCN1702E3373_012085-T1
TFCN1702E3373_008315-T1__TFCN1702E3373_010504-T1	NaN	NaN	NaN	NaN	NaN	NaN	NaN	NaN	GF00000624	Rhodotorula_mucilaginosa_TFCN_17-0-2E337-3.cds.fa_10378	Rhodotorula_mucilaginosa_TFCN_17-0-2E337-3.cds.fa_08213	NaN	NaN	NaN	NaN	NaN	NaN	NaN	NaN	TFCN1702E3373_010504-T1	TFCN1702E3373_008315-T1
TFCN1702E3373_010504-T1__TFCN1702E3373_010505-T1	NaN	NaN	NaN	NaN	NaN	NaN	NaN	NaN	GF00000624	Rhodotorula_mucilaginosa_TFCN_17-0-2E337-3.cds.fa_10378	Rhodotorula_mucilaginosa_TFCN_17-0-2E337-3.cds.fa_10379	NaN	NaN	NaN	NaN	NaN	NaN	NaN	NaN	TFCN1702E3373_010504-T1	TFCN1702E3373_010505-T1
TFCN1702E3373_008315-T1__TFCN1702E3373_010505-T1	NaN	NaN	NaN	NaN	NaN	NaN	NaN	NaN	GF00000624	Rhodotorula_mucilaginosa_TFCN_17-0-2E337-3.cds.fa_08213	Rhodotorula_mucilaginosa_TFCN_17-0-2E337-3.cds.fa_10379	NaN	NaN	NaN	NaN	NaN	NaN	NaN	NaN	TFCN1702E3373_008315-T1	TFCN1702E3373_010505-T1
TFCN1702E3373_005325-T1__TFCN1702E3373_014333-T1	NaN	NaN	NaN	NaN	NaN	NaN	NaN	NaN	GF00000639	Rhodotorula_mucilaginosa_TFCN_17-0-2E337-3.cds.fa_14125	Rhodotorula_mucilaginosa_TFCN_17-0-2E337-3.cds.fa_05260	NaN	NaN	NaN	NaN	NaN	NaN	NaN	NaN	TFCN1702E3373_014333-T1	TFCN1702E3373_005325-T1
TFCN1702E3373_014333-T1__TFCN1702E3373_014334-T1	NaN	NaN	NaN	NaN	NaN	NaN	NaN	NaN	GF00000639	Rhodotorula_mucilaginosa_TFCN_17-0-2E337-3.cds.fa_14125	Rhodotorula_mucilaginosa_TFCN_17-0-2E337-3.cds.fa_14126	NaN	NaN	NaN	NaN	NaN	NaN	NaN	NaN	TFCN1702E3373_014333-T1	TFCN1702E3373_014334-T1
TFCN1702E3373_005325-T1__TFCN1702E3373_014334-T1	NaN	NaN	NaN	NaN	NaN	NaN	NaN	NaN	GF00000639	Rhodotorula_mucilaginosa_TFCN_17-0-2E337-3.cds.fa_05260	Rhodotorula_mucilaginosa_TFCN_17-0-2E337-3.cds.fa_14126	NaN	NaN	NaN	NaN	NaN	NaN	NaN	NaN	TFCN1702E3373_005325-T1	TFCN1702E3373_014334-T1
TFCN1702E3373_005281-T1__TFCN1702E3373_008120-T1	NaN	NaN	NaN	NaN	NaN	NaN	NaN	NaN	GF00000642	Rhodotorula_mucilaginosa_TFCN_17-0-2E337-3.cds.fa_08024	Rhodotorula_mucilaginosa_TFCN_17-0-2E337-3.cds.fa_05217	NaN	NaN	NaN	NaN	NaN	NaN	NaN	NaN	TFCN1702E3373_008120-T1	TFCN1702E3373_005281-T1
TFCN1702E3373_005280-T1__TFCN1702E3373_008120-T1	NaN	NaN	NaN	NaN	NaN	NaN	NaN	NaN	GF00000642	Rhodotorula_mucilaginosa_TFCN_17-0-2E337-3.cds.fa_08024	Rhodotorula_mucilaginosa_TFCN_17-0-2E337-3.cds.fa_05216	NaN	NaN	NaN	NaN	NaN	NaN	NaN	NaN	TFCN1702E3373_008120-T1	TFCN1702E3373_005280-T1
TFCN1702E3373_005280-T1__TFCN1702E3373_005281-T1	NaN	NaN	NaN	NaN	NaN	NaN	NaN	NaN	GF00000642	Rhodotorula_mucilaginosa_TFCN_17-0-2E337-3.cds.fa_05217	Rhodotorula_mucilaginosa_TFCN_17-0-2E337-3.cds.fa_05216	NaN	NaN	NaN	NaN	NaN	NaN	NaN	NaN	TFCN1702E3373_005281-T1	TFCN1702E3373_005280-T1
TFCN1702E3373_001554-T1__TFCN1702E3373_013567-T1	NaN	NaN	NaN	NaN	NaN	NaN	NaN	NaN	GF00000650	Rhodotorula_mucilaginosa_TFCN_17-0-2E337-3.cds.fa_01544	Rhodotorula_mucilaginosa_TFCN_17-0-2E337-3.cds.fa_13371	NaN	NaN	NaN	NaN	NaN	NaN	NaN	NaN	TFCN1702E3373_001554-T1	TFCN1702E3373_013567-T1
TFCN1702E3373_001554-T1__TFCN1702E3373_012051-T1	NaN	NaN	NaN	NaN	NaN	NaN	NaN	NaN	GF00000650	Rhodotorula_mucilaginosa_TFCN_17-0-2E337-3.cds.fa_01544	Rhodotorula_mucilaginosa_TFCN_17-0-2E337-3.cds.fa_11888	NaN	NaN	NaN	NaN	NaN	NaN	NaN	NaN	TFCN1702E3373_001554-T1	TFCN1702E3373_012051-T1
TFCN1702E3373_012051-T1__TFCN1702E3373_013567-T1	NaN	NaN	NaN	NaN	NaN	NaN	NaN	NaN	GF00000650	Rhodotorula_mucilaginosa_TFCN_17-0-2E337-3.cds.fa_13371	Rhodotorula_mucilaginosa_TFCN_17-0-2E337-3.cds.fa_11888	NaN	NaN	NaN	NaN	NaN	NaN	NaN	NaN	TFCN1702E3373_013567-T1	TFCN1702E3373_012051-T1
TFCN1702E3373_001619-T1__TFCN1702E3373_009337-T1	NaN	NaN	NaN	NaN	NaN	NaN	NaN	NaN	GF00000665	Rhodotorula_mucilaginosa_TFCN_17-0-2E337-3.cds.fa_09219	Rhodotorula_mucilaginosa_TFCN_17-0-2E337-3.cds.fa_01609	NaN	NaN	NaN	NaN	NaN	NaN	NaN	NaN	TFCN1702E3373_009337-T1	TFCN1702E3373_001619-T1
TFCN1702E3373_001618-T1__TFCN1702E3373_009337-T1	NaN	NaN	NaN	NaN	NaN	NaN	NaN	NaN	GF00000665	Rhodotorula_mucilaginosa_TFCN_17-0-2E337-3.cds.fa_09219	Rhodotorula_mucilaginosa_TFCN_17-0-2E337-3.cds.fa_01608	NaN	NaN	NaN	NaN	NaN	NaN	NaN	NaN	TFCN1702E3373_009337-T1	TFCN1702E3373_001618-T1
TFCN1702E3373_001618-T1__TFCN1702E3373_001619-T1	NaN	NaN	NaN	NaN	NaN	NaN	NaN	NaN	GF00000665	Rhodotorula_mucilaginosa_TFCN_17-0-2E337-3.cds.fa_01609	Rhodotorula_mucilaginosa_TFCN_17-0-2E337-3.cds.fa_01608	NaN	NaN	NaN	NaN	NaN	NaN	NaN	NaN	TFCN1702E3373_001619-T1	TFCN1702E3373_001618-T1
TFCN1702E3373_001687-T1__TFCN1702E3373_011461-T1	NaN	NaN	NaN	NaN	NaN	NaN	NaN	NaN	GF00000670	Rhodotorula_mucilaginosa_TFCN_17-0-2E337-3.cds.fa_11314	Rhodotorula_mucilaginosa_TFCN_17-0-2E337-3.cds.fa_01677	NaN	NaN	NaN	NaN	NaN	NaN	NaN	NaN	TFCN1702E3373_011461-T1	TFCN1702E3373_001687-T1
TFCN1702E3373_001688-T1__TFCN1702E3373_011461-T1	NaN	NaN	NaN	NaN	NaN	NaN	NaN	NaN	GF00000670	Rhodotorula_mucilaginosa_TFCN_17-0-2E337-3.cds.fa_11314	Rhodotorula_mucilaginosa_TFCN_17-0-2E337-3.cds.fa_01678	NaN	NaN	NaN	NaN	NaN	NaN	NaN	NaN	TFCN1702E3373_011461-T1	TFCN1702E3373_001688-T1
TFCN1702E3373_001687-T1__TFCN1702E3373_001688-T1	NaN	NaN	NaN	NaN	NaN	NaN	NaN	NaN	GF00000670	Rhodotorula_mucilaginosa_TFCN_17-0-2E337-3.cds.fa_01677	Rhodotorula_mucilaginosa_TFCN_17-0-2E337-3.cds.fa_01678	NaN	NaN	NaN	NaN	NaN	NaN	NaN	NaN	TFCN1702E3373_001687-T1	TFCN1702E3373_001688-T1
TFCN1702E3373_002470-T1__TFCN1702E3373_008863-T1	NaN	NaN	NaN	NaN	NaN	NaN	NaN	NaN	GF00000684	Rhodotorula_mucilaginosa_TFCN_17-0-2E337-3.cds.fa_02444	Rhodotorula_mucilaginosa_TFCN_17-0-2E337-3.cds.fa_08752	NaN	NaN	NaN	NaN	NaN	NaN	NaN	NaN	TFCN1702E3373_002470-T1	TFCN1702E3373_008863-T1
TFCN1702E3373_002470-T1__TFCN1702E3373_008864-T1	NaN	NaN	NaN	NaN	NaN	NaN	NaN	NaN	GF00000684	Rhodotorula_mucilaginosa_TFCN_17-0-2E337-3.cds.fa_02444	Rhodotorula_mucilaginosa_TFCN_17-0-2E337-3.cds.fa_08753	NaN	NaN	NaN	NaN	NaN	NaN	NaN	NaN	TFCN1702E3373_002470-T1	TFCN1702E3373_008864-T1
TFCN1702E3373_008863-T1__TFCN1702E3373_008864-T1	NaN	NaN	NaN	NaN	NaN	NaN	NaN	NaN	GF00000684	Rhodotorula_mucilaginosa_TFCN_17-0-2E337-3.cds.fa_08752	Rhodotorula_mucilaginosa_TFCN_17-0-2E337-3.cds.fa_08753	NaN	NaN	NaN	NaN	NaN	NaN	NaN	NaN	TFCN1702E3373_008863-T1	TFCN1702E3373_008864-T1
TFCN1702E3373_001753-T1__TFCN1702E3373_009546-T1	NaN	NaN	NaN	NaN	NaN	NaN	NaN	NaN	GF00000692	Rhodotorula_mucilaginosa_TFCN_17-0-2E337-3.cds.fa_01741	Rhodotorula_mucilaginosa_TFCN_17-0-2E337-3.cds.fa_09428	NaN	NaN	NaN	NaN	NaN	NaN	NaN	NaN	TFCN1702E3373_001753-T1	TFCN1702E3373_009546-T1
TFCN1702E3373_001752-T1__TFCN1702E3373_001753-T1	NaN	NaN	NaN	NaN	NaN	NaN	NaN	NaN	GF00000692	Rhodotorula_mucilaginosa_TFCN_17-0-2E337-3.cds.fa_01741	Rhodotorula_mucilaginosa_TFCN_17-0-2E337-3.cds.fa_01740	NaN	NaN	NaN	NaN	NaN	NaN	NaN	NaN	TFCN1702E3373_001753-T1	TFCN1702E3373_001752-T1
TFCN1702E3373_001752-T1__TFCN1702E3373_009546-T1	NaN	NaN	NaN	NaN	NaN	NaN	NaN	NaN	GF00000692	Rhodotorula_mucilaginosa_TFCN_17-0-2E337-3.cds.fa_09428	Rhodotorula_mucilaginosa_TFCN_17-0-2E337-3.cds.fa_01740	NaN	NaN	NaN	NaN	NaN	NaN	NaN	NaN	TFCN1702E3373_009546-T1	TFCN1702E3373_001752-T1
TFCN1702E3373_005509-T1__TFCN1702E3373_011933-T1	NaN	NaN	NaN	NaN	NaN	NaN	NaN	NaN	GF00000693	Rhodotorula_mucilaginosa_TFCN_17-0-2E337-3.cds.fa_05444	Rhodotorula_mucilaginosa_TFCN_17-0-2E337-3.cds.fa_11776	NaN	NaN	NaN	NaN	NaN	NaN	NaN	NaN	TFCN1702E3373_005509-T1	TFCN1702E3373_011933-T1
TFCN1702E3373_005509-T1__TFCN1702E3373_011934-T1	NaN	NaN	NaN	NaN	NaN	NaN	NaN	NaN	GF00000693	Rhodotorula_mucilaginosa_TFCN_17-0-2E337-3.cds.fa_05444	Rhodotorula_mucilaginosa_TFCN_17-0-2E337-3.cds.fa_11777	NaN	NaN	NaN	NaN	NaN	NaN	NaN	NaN	TFCN1702E3373_005509-T1	TFCN1702E3373_011934-T1
TFCN1702E3373_011933-T1__TFCN1702E3373_011934-T1	NaN	NaN	NaN	NaN	NaN	NaN	NaN	NaN	GF00000693	Rhodotorula_mucilaginosa_TFCN_17-0-2E337-3.cds.fa_11776	Rhodotorula_mucilaginosa_TFCN_17-0-2E337-3.cds.fa_11777	NaN	NaN	NaN	NaN	NaN	NaN	NaN	NaN	TFCN1702E3373_011933-T1	TFCN1702E3373_011934-T1
TFCN1702E3373_010288-T1__TFCN1702E3373_012394-T1	NaN	NaN	NaN	NaN	NaN	NaN	NaN	NaN	GF00000711	Rhodotorula_mucilaginosa_TFCN_17-0-2E337-3.cds.fa_10164	Rhodotorula_mucilaginosa_TFCN_17-0-2E337-3.cds.fa_12228	NaN	NaN	NaN	NaN	NaN	NaN	NaN	NaN	TFCN1702E3373_010288-T1	TFCN1702E3373_012394-T1
TFCN1702E3373_010288-T1__TFCN1702E3373_012395-T1	NaN	NaN	NaN	NaN	NaN	NaN	NaN	NaN	GF00000711	Rhodotorula_mucilaginosa_TFCN_17-0-2E337-3.cds.fa_10164	Rhodotorula_mucilaginosa_TFCN_17-0-2E337-3.cds.fa_12229	NaN	NaN	NaN	NaN	NaN	NaN	NaN	NaN	TFCN1702E3373_010288-T1	TFCN1702E3373_012395-T1
TFCN1702E3373_012394-T1__TFCN1702E3373_012395-T1	NaN	NaN	NaN	NaN	NaN	NaN	NaN	NaN	GF00000711	Rhodotorula_mucilaginosa_TFCN_17-0-2E337-3.cds.fa_12228	Rhodotorula_mucilaginosa_TFCN_17-0-2E337-3.cds.fa_12229	NaN	NaN	NaN	NaN	NaN	NaN	NaN	NaN	TFCN1702E3373_012394-T1	TFCN1702E3373_012395-T1
TFCN1702E3373_001747-T1__TFCN1702E3373_014772-T1	NaN	NaN	NaN	NaN	NaN	NaN	NaN	NaN	GF00000712	Rhodotorula_mucilaginosa_TFCN_17-0-2E337-3.cds.fa_01735	Rhodotorula_mucilaginosa_TFCN_17-0-2E337-3.cds.fa_14543	NaN	NaN	NaN	NaN	NaN	NaN	NaN	NaN	TFCN1702E3373_001747-T1	TFCN1702E3373_014772-T1
TFCN1702E3373_001747-T1__TFCN1702E3373_009541-T1	NaN	NaN	NaN	NaN	NaN	NaN	NaN	NaN	GF00000712	Rhodotorula_mucilaginosa_TFCN_17-0-2E337-3.cds.fa_01735	Rhodotorula_mucilaginosa_TFCN_17-0-2E337-3.cds.fa_09423	NaN	NaN	NaN	NaN	NaN	NaN	NaN	NaN	TFCN1702E3373_001747-T1	TFCN1702E3373_009541-T1
TFCN1702E3373_009541-T1__TFCN1702E3373_014772-T1	NaN	NaN	NaN	NaN	NaN	NaN	NaN	NaN	GF00000712	Rhodotorula_mucilaginosa_TFCN_17-0-2E337-3.cds.fa_14543	Rhodotorula_mucilaginosa_TFCN_17-0-2E337-3.cds.fa_09423	NaN	NaN	NaN	NaN	NaN	NaN	NaN	NaN	TFCN1702E3373_014772-T1	TFCN1702E3373_009541-T1
TFCN1702E3373_010490-T1__TFCN1702E3373_012170-T1	NaN	NaN	NaN	NaN	NaN	NaN	NaN	NaN	GF00000727	Rhodotorula_mucilaginosa_TFCN_17-0-2E337-3.cds.fa_12006	Rhodotorula_mucilaginosa_TFCN_17-0-2E337-3.cds.fa_10365	NaN	NaN	NaN	NaN	NaN	NaN	NaN	NaN	TFCN1702E3373_012170-T1	TFCN1702E3373_010490-T1
TFCN1702E3373_012170-T1__TFCN1702E3373_012655-T1	NaN	NaN	NaN	NaN	NaN	NaN	NaN	NaN	GF00000727	Rhodotorula_mucilaginosa_TFCN_17-0-2E337-3.cds.fa_12006	Rhodotorula_mucilaginosa_TFCN_17-0-2E337-3.cds.fa_12488	NaN	NaN	NaN	NaN	NaN	NaN	NaN	NaN	TFCN1702E3373_012170-T1	TFCN1702E3373_012655-T1
TFCN1702E3373_010490-T1__TFCN1702E3373_012655-T1	NaN	NaN	NaN	NaN	NaN	NaN	NaN	NaN	GF00000727	Rhodotorula_mucilaginosa_TFCN_17-0-2E337-3.cds.fa_10365	Rhodotorula_mucilaginosa_TFCN_17-0-2E337-3.cds.fa_12488	NaN	NaN	NaN	NaN	NaN	NaN	NaN	NaN	TFCN1702E3373_010490-T1	TFCN1702E3373_012655-T1
TFCN1702E3373_008676-T1__TFCN1702E3373_010131-T1	NaN	NaN	NaN	NaN	NaN	NaN	NaN	NaN	GF00000729	Rhodotorula_mucilaginosa_TFCN_17-0-2E337-3.cds.fa_10010	Rhodotorula_mucilaginosa_TFCN_17-0-2E337-3.cds.fa_08566	NaN	NaN	NaN	NaN	NaN	NaN	NaN	NaN	TFCN1702E3373_010131-T1	TFCN1702E3373_008676-T1
TFCN1702E3373_010130-T1__TFCN1702E3373_010131-T1	NaN	NaN	NaN	NaN	NaN	NaN	NaN	NaN	GF00000729	Rhodotorula_mucilaginosa_TFCN_17-0-2E337-3.cds.fa_10010	Rhodotorula_mucilaginosa_TFCN_17-0-2E337-3.cds.fa_10009	NaN	NaN	NaN	NaN	NaN	NaN	NaN	NaN	TFCN1702E3373_010131-T1	TFCN1702E3373_010130-T1
TFCN1702E3373_008676-T1__TFCN1702E3373_010130-T1	NaN	NaN	NaN	NaN	NaN	NaN	NaN	NaN	GF00000729	Rhodotorula_mucilaginosa_TFCN_17-0-2E337-3.cds.fa_08566	Rhodotorula_mucilaginosa_TFCN_17-0-2E337-3.cds.fa_10009	NaN	NaN	NaN	NaN	NaN	NaN	NaN	NaN	TFCN1702E3373_008676-T1	TFCN1702E3373_010130-T1
TFCN1702E3373_009465-T1__TFCN1702E3373_013368-T1	NaN	NaN	NaN	NaN	NaN	NaN	NaN	NaN	GF00000767	Rhodotorula_mucilaginosa_TFCN_17-0-2E337-3.cds.fa_09347	Rhodotorula_mucilaginosa_TFCN_17-0-2E337-3.cds.fa_13183	NaN	NaN	NaN	NaN	NaN	NaN	NaN	NaN	TFCN1702E3373_009465-T1	TFCN1702E3373_013368-T1
TFCN1702E3373_002730-T1__TFCN1702E3373_009465-T1	NaN	NaN	NaN	NaN	NaN	NaN	NaN	NaN	GF00000767	Rhodotorula_mucilaginosa_TFCN_17-0-2E337-3.cds.fa_09347	Rhodotorula_mucilaginosa_TFCN_17-0-2E337-3.cds.fa_02697	NaN	NaN	NaN	NaN	NaN	NaN	NaN	NaN	TFCN1702E3373_009465-T1	TFCN1702E3373_002730-T1
TFCN1702E3373_002730-T1__TFCN1702E3373_013368-T1	NaN	NaN	NaN	NaN	NaN	NaN	NaN	NaN	GF00000767	Rhodotorula_mucilaginosa_TFCN_17-0-2E337-3.cds.fa_13183	Rhodotorula_mucilaginosa_TFCN_17-0-2E337-3.cds.fa_02697	NaN	NaN	NaN	NaN	NaN	NaN	NaN	NaN	TFCN1702E3373_013368-T1	TFCN1702E3373_002730-T1
TFCN1702E3373_001318-T1__TFCN1702E3373_009383-T1	NaN	NaN	NaN	NaN	NaN	NaN	NaN	NaN	GF00000792	Rhodotorula_mucilaginosa_TFCN_17-0-2E337-3.cds.fa_09265	Rhodotorula_mucilaginosa_TFCN_17-0-2E337-3.cds.fa_01308	NaN	NaN	NaN	NaN	NaN	NaN	NaN	NaN	TFCN1702E3373_009383-T1	TFCN1702E3373_001318-T1
TFCN1702E3373_009383-T1__TFCN1702E3373_012707-T1	NaN	NaN	NaN	NaN	NaN	NaN	NaN	NaN	GF00000792	Rhodotorula_mucilaginosa_TFCN_17-0-2E337-3.cds.fa_09265	Rhodotorula_mucilaginosa_TFCN_17-0-2E337-3.cds.fa_12537	NaN	NaN	NaN	NaN	NaN	NaN	NaN	NaN	TFCN1702E3373_009383-T1	TFCN1702E3373_012707-T1
TFCN1702E3373_001318-T1__TFCN1702E3373_012707-T1	NaN	NaN	NaN	NaN	NaN	NaN	NaN	NaN	GF00000792	Rhodotorula_mucilaginosa_TFCN_17-0-2E337-3.cds.fa_01308	Rhodotorula_mucilaginosa_TFCN_17-0-2E337-3.cds.fa_12537	NaN	NaN	NaN	NaN	NaN	NaN	NaN	NaN	TFCN1702E3373_001318-T1	TFCN1702E3373_012707-T1
TFCN1702E3373_000312-T1__TFCN1702E3373_000845-T1	NaN	NaN	NaN	NaN	NaN	NaN	NaN	NaN	GF00000796	Rhodotorula_mucilaginosa_TFCN_17-0-2E337-3.cds.fa_00839	Rhodotorula_mucilaginosa_TFCN_17-0-2E337-3.cds.fa_00308	NaN	NaN	NaN	NaN	NaN	NaN	NaN	NaN	TFCN1702E3373_000845-T1	TFCN1702E3373_000312-T1
TFCN1702E3373_000845-T1__TFCN1702E3373_014189-T1	NaN	NaN	NaN	NaN	NaN	NaN	NaN	NaN	GF00000796	Rhodotorula_mucilaginosa_TFCN_17-0-2E337-3.cds.fa_00839	Rhodotorula_mucilaginosa_TFCN_17-0-2E337-3.cds.fa_13982	NaN	NaN	NaN	NaN	NaN	NaN	NaN	NaN	TFCN1702E3373_000845-T1	TFCN1702E3373_014189-T1
TFCN1702E3373_000312-T1__TFCN1702E3373_014189-T1	NaN	NaN	NaN	NaN	NaN	NaN	NaN	NaN	GF00000796	Rhodotorula_mucilaginosa_TFCN_17-0-2E337-3.cds.fa_00308	Rhodotorula_mucilaginosa_TFCN_17-0-2E337-3.cds.fa_13982	NaN	NaN	NaN	NaN	NaN	NaN	NaN	NaN	TFCN1702E3373_000312-T1	TFCN1702E3373_014189-T1
TFCN1702E3373_010760-T1__TFCN1702E3373_014639-T1	NaN	NaN	NaN	NaN	NaN	NaN	NaN	NaN	GF00000799	Rhodotorula_mucilaginosa_TFCN_17-0-2E337-3.cds.fa_14421	Rhodotorula_mucilaginosa_TFCN_17-0-2E337-3.cds.fa_10627	NaN	NaN	NaN	NaN	NaN	NaN	NaN	NaN	TFCN1702E3373_014639-T1	TFCN1702E3373_010760-T1
TFCN1702E3373_001499-T1__TFCN1702E3373_014639-T1	NaN	NaN	NaN	NaN	NaN	NaN	NaN	NaN	GF00000799	Rhodotorula_mucilaginosa_TFCN_17-0-2E337-3.cds.fa_14421	Rhodotorula_mucilaginosa_TFCN_17-0-2E337-3.cds.fa_01489	NaN	NaN	NaN	NaN	NaN	NaN	NaN	NaN	TFCN1702E3373_014639-T1	TFCN1702E3373_001499-T1
TFCN1702E3373_001499-T1__TFCN1702E3373_010760-T1	NaN	NaN	NaN	NaN	NaN	NaN	NaN	NaN	GF00000799	Rhodotorula_mucilaginosa_TFCN_17-0-2E337-3.cds.fa_10627	Rhodotorula_mucilaginosa_TFCN_17-0-2E337-3.cds.fa_01489	NaN	NaN	NaN	NaN	NaN	NaN	NaN	NaN	TFCN1702E3373_010760-T1	TFCN1702E3373_001499-T1
TFCN1702E3373_008290-T1__TFCN1702E3373_010416-T1	NaN	NaN	NaN	NaN	NaN	NaN	NaN	NaN	GF00000806	Rhodotorula_mucilaginosa_TFCN_17-0-2E337-3.cds.fa_08192	Rhodotorula_mucilaginosa_TFCN_17-0-2E337-3.cds.fa_10292	NaN	NaN	NaN	NaN	NaN	NaN	NaN	NaN	TFCN1702E3373_008290-T1	TFCN1702E3373_010416-T1
TFCN1702E3373_008290-T1__TFCN1702E3373_011885-T1	NaN	NaN	NaN	NaN	NaN	NaN	NaN	NaN	GF00000806	Rhodotorula_mucilaginosa_TFCN_17-0-2E337-3.cds.fa_08192	Rhodotorula_mucilaginosa_TFCN_17-0-2E337-3.cds.fa_11730	NaN	NaN	NaN	NaN	NaN	NaN	NaN	NaN	TFCN1702E3373_008290-T1	TFCN1702E3373_011885-T1
TFCN1702E3373_010416-T1__TFCN1702E3373_011885-T1	NaN	NaN	NaN	NaN	NaN	NaN	NaN	NaN	GF00000806	Rhodotorula_mucilaginosa_TFCN_17-0-2E337-3.cds.fa_10292	Rhodotorula_mucilaginosa_TFCN_17-0-2E337-3.cds.fa_11730	NaN	NaN	NaN	NaN	NaN	NaN	NaN	NaN	TFCN1702E3373_010416-T1	TFCN1702E3373_011885-T1
TFCN1702E3373_003256-T1__TFCN1702E3373_007279-T1	NaN	NaN	NaN	NaN	NaN	NaN	NaN	NaN	GF00000807	Rhodotorula_mucilaginosa_TFCN_17-0-2E337-3.cds.fa_03213	Rhodotorula_mucilaginosa_TFCN_17-0-2E337-3.cds.fa_07194	NaN	NaN	NaN	NaN	NaN	NaN	NaN	NaN	TFCN1702E3373_003256-T1	TFCN1702E3373_007279-T1
TFCN1702E3373_003256-T1__TFCN1702E3373_003257-T1	NaN	NaN	NaN	NaN	NaN	NaN	NaN	NaN	GF00000807	Rhodotorula_mucilaginosa_TFCN_17-0-2E337-3.cds.fa_03213	Rhodotorula_mucilaginosa_TFCN_17-0-2E337-3.cds.fa_03214	NaN	NaN	NaN	NaN	NaN	NaN	NaN	NaN	TFCN1702E3373_003256-T1	TFCN1702E3373_003257-T1
TFCN1702E3373_003257-T1__TFCN1702E3373_007279-T1	NaN	NaN	NaN	NaN	NaN	NaN	NaN	NaN	GF00000807	Rhodotorula_mucilaginosa_TFCN_17-0-2E337-3.cds.fa_07194	Rhodotorula_mucilaginosa_TFCN_17-0-2E337-3.cds.fa_03214	NaN	NaN	NaN	NaN	NaN	NaN	NaN	NaN	TFCN1702E3373_007279-T1	TFCN1702E3373_003257-T1
TFCN1702E3373_003581-T1__TFCN1702E3373_011044-T1	NaN	NaN	NaN	NaN	NaN	NaN	NaN	NaN	GF00000808	Rhodotorula_mucilaginosa_TFCN_17-0-2E337-3.cds.fa_10901	Rhodotorula_mucilaginosa_TFCN_17-0-2E337-3.cds.fa_03534	NaN	NaN	NaN	NaN	NaN	NaN	NaN	NaN	TFCN1702E3373_011044-T1	TFCN1702E3373_003581-T1
TFCN1702E3373_003580-T1__TFCN1702E3373_011044-T1	NaN	NaN	NaN	NaN	NaN	NaN	NaN	NaN	GF00000808	Rhodotorula_mucilaginosa_TFCN_17-0-2E337-3.cds.fa_10901	Rhodotorula_mucilaginosa_TFCN_17-0-2E337-3.cds.fa_03533	NaN	NaN	NaN	NaN	NaN	NaN	NaN	NaN	TFCN1702E3373_011044-T1	TFCN1702E3373_003580-T1
TFCN1702E3373_003580-T1__TFCN1702E3373_003581-T1	NaN	NaN	NaN	NaN	NaN	NaN	NaN	NaN	GF00000808	Rhodotorula_mucilaginosa_TFCN_17-0-2E337-3.cds.fa_03534	Rhodotorula_mucilaginosa_TFCN_17-0-2E337-3.cds.fa_03533	NaN	NaN	NaN	NaN	NaN	NaN	NaN	NaN	TFCN1702E3373_003581-T1	TFCN1702E3373_003580-T1
TFCN1702E3373_003025-T1__TFCN1702E3373_012299-T1	NaN	NaN	NaN	NaN	NaN	NaN	NaN	NaN	GF00000818	Rhodotorula_mucilaginosa_TFCN_17-0-2E337-3.cds.fa_12134	Rhodotorula_mucilaginosa_TFCN_17-0-2E337-3.cds.fa_02989	NaN	NaN	NaN	NaN	NaN	NaN	NaN	NaN	TFCN1702E3373_012299-T1	TFCN1702E3373_003025-T1
TFCN1702E3373_012298-T1__TFCN1702E3373_012299-T1	NaN	NaN	NaN	NaN	NaN	NaN	NaN	NaN	GF00000818	Rhodotorula_mucilaginosa_TFCN_17-0-2E337-3.cds.fa_12134	Rhodotorula_mucilaginosa_TFCN_17-0-2E337-3.cds.fa_12133	NaN	NaN	NaN	NaN	NaN	NaN	NaN	NaN	TFCN1702E3373_012299-T1	TFCN1702E3373_012298-T1
TFCN1702E3373_003025-T1__TFCN1702E3373_012298-T1	NaN	NaN	NaN	NaN	NaN	NaN	NaN	NaN	GF00000818	Rhodotorula_mucilaginosa_TFCN_17-0-2E337-3.cds.fa_02989	Rhodotorula_mucilaginosa_TFCN_17-0-2E337-3.cds.fa_12133	NaN	NaN	NaN	NaN	NaN	NaN	NaN	NaN	TFCN1702E3373_003025-T1	TFCN1702E3373_012298-T1
TFCN1702E3373_012233-T1__TFCN1702E3373_014360-T1	NaN	NaN	NaN	NaN	NaN	NaN	NaN	NaN	GF00000820	Rhodotorula_mucilaginosa_TFCN_17-0-2E337-3.cds.fa_14152	Rhodotorula_mucilaginosa_TFCN_17-0-2E337-3.cds.fa_12068	NaN	NaN	NaN	NaN	NaN	NaN	NaN	NaN	TFCN1702E3373_014360-T1	TFCN1702E3373_012233-T1
TFCN1702E3373_012234-T1__TFCN1702E3373_014360-T1	NaN	NaN	NaN	NaN	NaN	NaN	NaN	NaN	GF00000820	Rhodotorula_mucilaginosa_TFCN_17-0-2E337-3.cds.fa_14152	Rhodotorula_mucilaginosa_TFCN_17-0-2E337-3.cds.fa_12069	NaN	NaN	NaN	NaN	NaN	NaN	NaN	NaN	TFCN1702E3373_014360-T1	TFCN1702E3373_012234-T1
TFCN1702E3373_012233-T1__TFCN1702E3373_012234-T1	NaN	NaN	NaN	NaN	NaN	NaN	NaN	NaN	GF00000820	Rhodotorula_mucilaginosa_TFCN_17-0-2E337-3.cds.fa_12068	Rhodotorula_mucilaginosa_TFCN_17-0-2E337-3.cds.fa_12069	NaN	NaN	NaN	NaN	NaN	NaN	NaN	NaN	TFCN1702E3373_012233-T1	TFCN1702E3373_012234-T1
TFCN1702E3373_004794-T1__TFCN1702E3373_011414-T1	NaN	NaN	NaN	NaN	NaN	NaN	NaN	NaN	GF00000827	Rhodotorula_mucilaginosa_TFCN_17-0-2E337-3.cds.fa_11267	Rhodotorula_mucilaginosa_TFCN_17-0-2E337-3.cds.fa_04734	NaN	NaN	NaN	NaN	NaN	NaN	NaN	NaN	TFCN1702E3373_011414-T1	TFCN1702E3373_004794-T1
TFCN1702E3373_000836-T1__TFCN1702E3373_011414-T1	NaN	NaN	NaN	NaN	NaN	NaN	NaN	NaN	GF00000827	Rhodotorula_mucilaginosa_TFCN_17-0-2E337-3.cds.fa_11267	Rhodotorula_mucilaginosa_TFCN_17-0-2E337-3.cds.fa_00830	NaN	NaN	NaN	NaN	NaN	NaN	NaN	NaN	TFCN1702E3373_011414-T1	TFCN1702E3373_000836-T1
TFCN1702E3373_000836-T1__TFCN1702E3373_004794-T1	NaN	NaN	NaN	NaN	NaN	NaN	NaN	NaN	GF00000827	Rhodotorula_mucilaginosa_TFCN_17-0-2E337-3.cds.fa_04734	Rhodotorula_mucilaginosa_TFCN_17-0-2E337-3.cds.fa_00830	NaN	NaN	NaN	NaN	NaN	NaN	NaN	NaN	TFCN1702E3373_004794-T1	TFCN1702E3373_000836-T1
TFCN1702E3373_006631-T1__TFCN1702E3373_014000-T1	NaN	NaN	NaN	NaN	NaN	NaN	NaN	NaN	GF00000831	Rhodotorula_mucilaginosa_TFCN_17-0-2E337-3.cds.fa_13799	Rhodotorula_mucilaginosa_TFCN_17-0-2E337-3.cds.fa_06553	NaN	NaN	NaN	NaN	NaN	NaN	NaN	NaN	TFCN1702E3373_014000-T1	TFCN1702E3373_006631-T1
TFCN1702E3373_003637-T1__TFCN1702E3373_014000-T1	NaN	NaN	NaN	NaN	NaN	NaN	NaN	NaN	GF00000831	Rhodotorula_mucilaginosa_TFCN_17-0-2E337-3.cds.fa_13799	Rhodotorula_mucilaginosa_TFCN_17-0-2E337-3.cds.fa_03588	NaN	NaN	NaN	NaN	NaN	NaN	NaN	NaN	TFCN1702E3373_014000-T1	TFCN1702E3373_003637-T1
TFCN1702E3373_003637-T1__TFCN1702E3373_006631-T1	NaN	NaN	NaN	NaN	NaN	NaN	NaN	NaN	GF00000831	Rhodotorula_mucilaginosa_TFCN_17-0-2E337-3.cds.fa_06553	Rhodotorula_mucilaginosa_TFCN_17-0-2E337-3.cds.fa_03588	NaN	NaN	NaN	NaN	NaN	NaN	NaN	NaN	TFCN1702E3373_006631-T1	TFCN1702E3373_003637-T1
TFCN1702E3373_013514-T1__TFCN1702E3373_014615-T1	NaN	NaN	NaN	NaN	NaN	NaN	NaN	NaN	GF00000836	Rhodotorula_mucilaginosa_TFCN_17-0-2E337-3.cds.fa_14397	Rhodotorula_mucilaginosa_TFCN_17-0-2E337-3.cds.fa_13323	NaN	NaN	NaN	NaN	NaN	NaN	NaN	NaN	TFCN1702E3373_014615-T1	TFCN1702E3373_013514-T1
TFCN1702E3373_014615-T1__TFCN1702E3373_014693-T1	NaN	NaN	NaN	NaN	NaN	NaN	NaN	NaN	GF00000836	Rhodotorula_mucilaginosa_TFCN_17-0-2E337-3.cds.fa_14397	Rhodotorula_mucilaginosa_TFCN_17-0-2E337-3.cds.fa_14472	NaN	NaN	NaN	NaN	NaN	NaN	NaN	NaN	TFCN1702E3373_014615-T1	TFCN1702E3373_014693-T1
TFCN1702E3373_013514-T1__TFCN1702E3373_014693-T1	NaN	NaN	NaN	NaN	NaN	NaN	NaN	NaN	GF00000836	Rhodotorula_mucilaginosa_TFCN_17-0-2E337-3.cds.fa_13323	Rhodotorula_mucilaginosa_TFCN_17-0-2E337-3.cds.fa_14472	NaN	NaN	NaN	NaN	NaN	NaN	NaN	NaN	TFCN1702E3373_013514-T1	TFCN1702E3373_014693-T1
TFCN1702E3373_013201-T1__TFCN1702E3373_013298-T1	NaN	NaN	NaN	NaN	NaN	NaN	NaN	NaN	GF00000849	Rhodotorula_mucilaginosa_TFCN_17-0-2E337-3.cds.fa_13016	Rhodotorula_mucilaginosa_TFCN_17-0-2E337-3.cds.fa_13113	NaN	NaN	NaN	NaN	NaN	NaN	NaN	NaN	TFCN1702E3373_013201-T1	TFCN1702E3373_013298-T1
TFCN1702E3373_013201-T1__TFCN1702E3373_013297-T1	NaN	NaN	NaN	NaN	NaN	NaN	NaN	NaN	GF00000849	Rhodotorula_mucilaginosa_TFCN_17-0-2E337-3.cds.fa_13016	Rhodotorula_mucilaginosa_TFCN_17-0-2E337-3.cds.fa_13112	NaN	NaN	NaN	NaN	NaN	NaN	NaN	NaN	TFCN1702E3373_013201-T1	TFCN1702E3373_013297-T1
TFCN1702E3373_013297-T1__TFCN1702E3373_013298-T1	NaN	NaN	NaN	NaN	NaN	NaN	NaN	NaN	GF00000849	Rhodotorula_mucilaginosa_TFCN_17-0-2E337-3.cds.fa_13113	Rhodotorula_mucilaginosa_TFCN_17-0-2E337-3.cds.fa_13112	NaN	NaN	NaN	NaN	NaN	NaN	NaN	NaN	TFCN1702E3373_013298-T1	TFCN1702E3373_013297-T1
TFCN1702E3373_005165-T1__TFCN1702E3373_012550-T1	NaN	NaN	NaN	NaN	NaN	NaN	NaN	NaN	GF00000856	Rhodotorula_mucilaginosa_TFCN_17-0-2E337-3.cds.fa_05102	Rhodotorula_mucilaginosa_TFCN_17-0-2E337-3.cds.fa_12384	NaN	NaN	NaN	NaN	NaN	NaN	NaN	NaN	TFCN1702E3373_005165-T1	TFCN1702E3373_012550-T1
TFCN1702E3373_005165-T1__TFCN1702E3373_013821-T1	NaN	NaN	NaN	NaN	NaN	NaN	NaN	NaN	GF00000856	Rhodotorula_mucilaginosa_TFCN_17-0-2E337-3.cds.fa_05102	Rhodotorula_mucilaginosa_TFCN_17-0-2E337-3.cds.fa_13620	NaN	NaN	NaN	NaN	NaN	NaN	NaN	NaN	TFCN1702E3373_005165-T1	TFCN1702E3373_013821-T1
TFCN1702E3373_012550-T1__TFCN1702E3373_013821-T1	NaN	NaN	NaN	NaN	NaN	NaN	NaN	NaN	GF00000856	Rhodotorula_mucilaginosa_TFCN_17-0-2E337-3.cds.fa_12384	Rhodotorula_mucilaginosa_TFCN_17-0-2E337-3.cds.fa_13620	NaN	NaN	NaN	NaN	NaN	NaN	NaN	NaN	TFCN1702E3373_012550-T1	TFCN1702E3373_013821-T1
TFCN1702E3373_002176-T1__TFCN1702E3373_012549-T1	NaN	NaN	NaN	NaN	NaN	NaN	NaN	NaN	GF00000863	Rhodotorula_mucilaginosa_TFCN_17-0-2E337-3.cds.fa_02157	Rhodotorula_mucilaginosa_TFCN_17-0-2E337-3.cds.fa_12383	NaN	NaN	NaN	NaN	NaN	NaN	NaN	NaN	TFCN1702E3373_002176-T1	TFCN1702E3373_012549-T1
TFCN1702E3373_002176-T1__TFCN1702E3373_014143-T1	NaN	NaN	NaN	NaN	NaN	NaN	NaN	NaN	GF00000863	Rhodotorula_mucilaginosa_TFCN_17-0-2E337-3.cds.fa_02157	Rhodotorula_mucilaginosa_TFCN_17-0-2E337-3.cds.fa_13936	NaN	NaN	NaN	NaN	NaN	NaN	NaN	NaN	TFCN1702E3373_002176-T1	TFCN1702E3373_014143-T1
TFCN1702E3373_012549-T1__TFCN1702E3373_014143-T1	NaN	NaN	NaN	NaN	NaN	NaN	NaN	NaN	GF00000863	Rhodotorula_mucilaginosa_TFCN_17-0-2E337-3.cds.fa_12383	Rhodotorula_mucilaginosa_TFCN_17-0-2E337-3.cds.fa_13936	NaN	NaN	NaN	NaN	NaN	NaN	NaN	NaN	TFCN1702E3373_012549-T1	TFCN1702E3373_014143-T1
TFCN1702E3373_000677-T1__TFCN1702E3373_014773-T1	NaN	NaN	NaN	NaN	NaN	NaN	NaN	NaN	GF00000876	Rhodotorula_mucilaginosa_TFCN_17-0-2E337-3.cds.fa_00672	Rhodotorula_mucilaginosa_TFCN_17-0-2E337-3.cds.fa_14544	NaN	NaN	NaN	NaN	NaN	NaN	NaN	NaN	TFCN1702E3373_000677-T1	TFCN1702E3373_014773-T1
TFCN1702E3373_000677-T1__TFCN1702E3373_011273-T1	NaN	NaN	NaN	NaN	NaN	NaN	NaN	NaN	GF00000876	Rhodotorula_mucilaginosa_TFCN_17-0-2E337-3.cds.fa_00672	Rhodotorula_mucilaginosa_TFCN_17-0-2E337-3.cds.fa_11126	NaN	NaN	NaN	NaN	NaN	NaN	NaN	NaN	TFCN1702E3373_000677-T1	TFCN1702E3373_011273-T1
TFCN1702E3373_011273-T1__TFCN1702E3373_014773-T1	NaN	NaN	NaN	NaN	NaN	NaN	NaN	NaN	GF00000876	Rhodotorula_mucilaginosa_TFCN_17-0-2E337-3.cds.fa_14544	Rhodotorula_mucilaginosa_TFCN_17-0-2E337-3.cds.fa_11126	NaN	NaN	NaN	NaN	NaN	NaN	NaN	NaN	TFCN1702E3373_014773-T1	TFCN1702E3373_011273-T1
TFCN1702E3373_011496-T1__TFCN1702E3373_011831-T1	NaN	NaN	NaN	NaN	NaN	NaN	NaN	NaN	GF00000881	Rhodotorula_mucilaginosa_TFCN_17-0-2E337-3.cds.fa_11349	Rhodotorula_mucilaginosa_TFCN_17-0-2E337-3.cds.fa_11678	NaN	NaN	NaN	NaN	NaN	NaN	NaN	NaN	TFCN1702E3373_011496-T1	TFCN1702E3373_011831-T1
TFCN1702E3373_011496-T1__TFCN1702E3373_011830-T1	NaN	NaN	NaN	NaN	NaN	NaN	NaN	NaN	GF00000881	Rhodotorula_mucilaginosa_TFCN_17-0-2E337-3.cds.fa_11349	Rhodotorula_mucilaginosa_TFCN_17-0-2E337-3.cds.fa_11677	NaN	NaN	NaN	NaN	NaN	NaN	NaN	NaN	TFCN1702E3373_011496-T1	TFCN1702E3373_011830-T1
TFCN1702E3373_011830-T1__TFCN1702E3373_011831-T1	NaN	NaN	NaN	NaN	NaN	NaN	NaN	NaN	GF00000881	Rhodotorula_mucilaginosa_TFCN_17-0-2E337-3.cds.fa_11678	Rhodotorula_mucilaginosa_TFCN_17-0-2E337-3.cds.fa_11677	NaN	NaN	NaN	NaN	NaN	NaN	NaN	NaN	TFCN1702E3373_011831-T1	TFCN1702E3373_011830-T1
TFCN1702E3373_008089-T1__TFCN1702E3373_013041-T1	NaN	NaN	NaN	NaN	NaN	NaN	NaN	NaN	GF00000892	Rhodotorula_mucilaginosa_TFCN_17-0-2E337-3.cds.fa_07993	Rhodotorula_mucilaginosa_TFCN_17-0-2E337-3.cds.fa_12857	NaN	NaN	NaN	NaN	NaN	NaN	NaN	NaN	TFCN1702E3373_008089-T1	TFCN1702E3373_013041-T1
TFCN1702E3373_008089-T1__TFCN1702E3373_014695-T1	NaN	NaN	NaN	NaN	NaN	NaN	NaN	NaN	GF00000892	Rhodotorula_mucilaginosa_TFCN_17-0-2E337-3.cds.fa_07993	Rhodotorula_mucilaginosa_TFCN_17-0-2E337-3.cds.fa_14474	NaN	NaN	NaN	NaN	NaN	NaN	NaN	NaN	TFCN1702E3373_008089-T1	TFCN1702E3373_014695-T1
TFCN1702E3373_013041-T1__TFCN1702E3373_014695-T1	NaN	NaN	NaN	NaN	NaN	NaN	NaN	NaN	GF00000892	Rhodotorula_mucilaginosa_TFCN_17-0-2E337-3.cds.fa_12857	Rhodotorula_mucilaginosa_TFCN_17-0-2E337-3.cds.fa_14474	NaN	NaN	NaN	NaN	NaN	NaN	NaN	NaN	TFCN1702E3373_013041-T1	TFCN1702E3373_014695-T1
TFCN1702E3373_008075-T1__TFCN1702E3373_013968-T1	NaN	NaN	NaN	NaN	NaN	NaN	NaN	NaN	GF00000894	Rhodotorula_mucilaginosa_TFCN_17-0-2E337-3.cds.fa_07979	Rhodotorula_mucilaginosa_TFCN_17-0-2E337-3.cds.fa_13767	NaN	NaN	NaN	NaN	NaN	NaN	NaN	NaN	TFCN1702E3373_008075-T1	TFCN1702E3373_013968-T1
TFCN1702E3373_008075-T1__TFCN1702E3373_012138-T1	NaN	NaN	NaN	NaN	NaN	NaN	NaN	NaN	GF00000894	Rhodotorula_mucilaginosa_TFCN_17-0-2E337-3.cds.fa_07979	Rhodotorula_mucilaginosa_TFCN_17-0-2E337-3.cds.fa_11974	NaN	NaN	NaN	NaN	NaN	NaN	NaN	NaN	TFCN1702E3373_008075-T1	TFCN1702E3373_012138-T1
TFCN1702E3373_012138-T1__TFCN1702E3373_013968-T1	NaN	NaN	NaN	NaN	NaN	NaN	NaN	NaN	GF00000894	Rhodotorula_mucilaginosa_TFCN_17-0-2E337-3.cds.fa_13767	Rhodotorula_mucilaginosa_TFCN_17-0-2E337-3.cds.fa_11974	NaN	NaN	NaN	NaN	NaN	NaN	NaN	NaN	TFCN1702E3373_013968-T1	TFCN1702E3373_012138-T1
TFCN1702E3373_005038-T1__TFCN1702E3373_012600-T1	NaN	NaN	NaN	NaN	NaN	NaN	NaN	NaN	GF00000903	Rhodotorula_mucilaginosa_TFCN_17-0-2E337-3.cds.fa_04975	Rhodotorula_mucilaginosa_TFCN_17-0-2E337-3.cds.fa_12434	NaN	NaN	NaN	NaN	NaN	NaN	NaN	NaN	TFCN1702E3373_005038-T1	TFCN1702E3373_012600-T1
TFCN1702E3373_005038-T1__TFCN1702E3373_012601-T1	NaN	NaN	NaN	NaN	NaN	NaN	NaN	NaN	GF00000903	Rhodotorula_mucilaginosa_TFCN_17-0-2E337-3.cds.fa_04975	Rhodotorula_mucilaginosa_TFCN_17-0-2E337-3.cds.fa_12435	NaN	NaN	NaN	NaN	NaN	NaN	NaN	NaN	TFCN1702E3373_005038-T1	TFCN1702E3373_012601-T1
TFCN1702E3373_012600-T1__TFCN1702E3373_012601-T1	NaN	NaN	NaN	NaN	NaN	NaN	NaN	NaN	GF00000903	Rhodotorula_mucilaginosa_TFCN_17-0-2E337-3.cds.fa_12434	Rhodotorula_mucilaginosa_TFCN_17-0-2E337-3.cds.fa_12435	NaN	NaN	NaN	NaN	NaN	NaN	NaN	NaN	TFCN1702E3373_012600-T1	TFCN1702E3373_012601-T1
TFCN1702E3373_005865-T1__TFCN1702E3373_007754-T1	NaN	NaN	NaN	NaN	NaN	NaN	NaN	NaN	GF00000911	Rhodotorula_mucilaginosa_TFCN_17-0-2E337-3.cds.fa_07662	Rhodotorula_mucilaginosa_TFCN_17-0-2E337-3.cds.fa_05797	NaN	NaN	NaN	NaN	NaN	NaN	NaN	NaN	TFCN1702E3373_007754-T1	TFCN1702E3373_005865-T1
TFCN1702E3373_007754-T1__TFCN1702E3373_007755-T1	NaN	NaN	NaN	NaN	NaN	NaN	NaN	NaN	GF00000911	Rhodotorula_mucilaginosa_TFCN_17-0-2E337-3.cds.fa_07662	Rhodotorula_mucilaginosa_TFCN_17-0-2E337-3.cds.fa_07663	NaN	NaN	NaN	NaN	NaN	NaN	NaN	NaN	TFCN1702E3373_007754-T1	TFCN1702E3373_007755-T1
TFCN1702E3373_005865-T1__TFCN1702E3373_007755-T1	NaN	NaN	NaN	NaN	NaN	NaN	NaN	NaN	GF00000911	Rhodotorula_mucilaginosa_TFCN_17-0-2E337-3.cds.fa_05797	Rhodotorula_mucilaginosa_TFCN_17-0-2E337-3.cds.fa_07663	NaN	NaN	NaN	NaN	NaN	NaN	NaN	NaN	TFCN1702E3373_005865-T1	TFCN1702E3373_007755-T1
TFCN1702E3373_008623-T1__TFCN1702E3373_014590-T1	NaN	NaN	NaN	NaN	NaN	NaN	NaN	NaN	GF00000917	Rhodotorula_mucilaginosa_TFCN_17-0-2E337-3.cds.fa_14373	Rhodotorula_mucilaginosa_TFCN_17-0-2E337-3.cds.fa_08513	NaN	NaN	NaN	NaN	NaN	NaN	NaN	NaN	TFCN1702E3373_014590-T1	TFCN1702E3373_008623-T1
TFCN1702E3373_014590-T1__TFCN1702E3373_014655-T1	NaN	NaN	NaN	NaN	NaN	NaN	NaN	NaN	GF00000917	Rhodotorula_mucilaginosa_TFCN_17-0-2E337-3.cds.fa_14373	Rhodotorula_mucilaginosa_TFCN_17-0-2E337-3.cds.fa_14436	NaN	NaN	NaN	NaN	NaN	NaN	NaN	NaN	TFCN1702E3373_014590-T1	TFCN1702E3373_014655-T1
TFCN1702E3373_008623-T1__TFCN1702E3373_014655-T1	NaN	NaN	NaN	NaN	NaN	NaN	NaN	NaN	GF00000917	Rhodotorula_mucilaginosa_TFCN_17-0-2E337-3.cds.fa_08513	Rhodotorula_mucilaginosa_TFCN_17-0-2E337-3.cds.fa_14436	NaN	NaN	NaN	NaN	NaN	NaN	NaN	NaN	TFCN1702E3373_008623-T1	TFCN1702E3373_014655-T1
TFCN1702E3373_009810-T1__TFCN1702E3373_014575-T1	NaN	NaN	NaN	NaN	NaN	NaN	NaN	NaN	GF00000932	Rhodotorula_mucilaginosa_TFCN_17-0-2E337-3.cds.fa_14359	Rhodotorula_mucilaginosa_TFCN_17-0-2E337-3.cds.fa_09692	NaN	NaN	NaN	NaN	NaN	NaN	NaN	NaN	TFCN1702E3373_014575-T1	TFCN1702E3373_009810-T1
TFCN1702E3373_014575-T1__TFCN1702E3373_014581-T1	NaN	NaN	NaN	NaN	NaN	NaN	NaN	NaN	GF00000932	Rhodotorula_mucilaginosa_TFCN_17-0-2E337-3.cds.fa_14359	Rhodotorula_mucilaginosa_TFCN_17-0-2E337-3.cds.fa_14365	NaN	NaN	NaN	NaN	NaN	NaN	NaN	NaN	TFCN1702E3373_014575-T1	TFCN1702E3373_014581-T1
TFCN1702E3373_009810-T1__TFCN1702E3373_014581-T1	NaN	NaN	NaN	NaN	NaN	NaN	NaN	NaN	GF00000932	Rhodotorula_mucilaginosa_TFCN_17-0-2E337-3.cds.fa_09692	Rhodotorula_mucilaginosa_TFCN_17-0-2E337-3.cds.fa_14365	NaN	NaN	NaN	NaN	NaN	NaN	NaN	NaN	TFCN1702E3373_009810-T1	TFCN1702E3373_014581-T1
TFCN1702E3373_013185-T1__TFCN1702E3373_013284-T1	NaN	NaN	NaN	NaN	NaN	NaN	NaN	NaN	GF00000946	Rhodotorula_mucilaginosa_TFCN_17-0-2E337-3.cds.fa_13000	Rhodotorula_mucilaginosa_TFCN_17-0-2E337-3.cds.fa_13099	NaN	NaN	NaN	NaN	NaN	NaN	NaN	NaN	TFCN1702E3373_013185-T1	TFCN1702E3373_013284-T1
TFCN1702E3373_013185-T1__TFCN1702E3373_014638-T1	NaN	NaN	NaN	NaN	NaN	NaN	NaN	NaN	GF00000946	Rhodotorula_mucilaginosa_TFCN_17-0-2E337-3.cds.fa_13000	Rhodotorula_mucilaginosa_TFCN_17-0-2E337-3.cds.fa_14420	NaN	NaN	NaN	NaN	NaN	NaN	NaN	NaN	TFCN1702E3373_013185-T1	TFCN1702E3373_014638-T1
TFCN1702E3373_013284-T1__TFCN1702E3373_014638-T1	NaN	NaN	NaN	NaN	NaN	NaN	NaN	NaN	GF00000946	Rhodotorula_mucilaginosa_TFCN_17-0-2E337-3.cds.fa_13099	Rhodotorula_mucilaginosa_TFCN_17-0-2E337-3.cds.fa_14420	NaN	NaN	NaN	NaN	NaN	NaN	NaN	NaN	TFCN1702E3373_013284-T1	TFCN1702E3373_014638-T1
TFCN1702E3373_009034-T1__TFCN1702E3373_014712-T1	NaN	NaN	NaN	NaN	NaN	NaN	NaN	NaN	GF00000967	Rhodotorula_mucilaginosa_TFCN_17-0-2E337-3.cds.fa_08919	Rhodotorula_mucilaginosa_TFCN_17-0-2E337-3.cds.fa_14490	NaN	NaN	NaN	NaN	NaN	NaN	NaN	NaN	TFCN1702E3373_009034-T1	TFCN1702E3373_014712-T1
TFCN1702E3373_009034-T1__TFCN1702E3373_014782-T1	NaN	NaN	NaN	NaN	NaN	NaN	NaN	NaN	GF00000967	Rhodotorula_mucilaginosa_TFCN_17-0-2E337-3.cds.fa_08919	Rhodotorula_mucilaginosa_TFCN_17-0-2E337-3.cds.fa_14553	NaN	NaN	NaN	NaN	NaN	NaN	NaN	NaN	TFCN1702E3373_009034-T1	TFCN1702E3373_014782-T1
TFCN1702E3373_014712-T1__TFCN1702E3373_014782-T1	NaN	NaN	NaN	NaN	NaN	NaN	NaN	NaN	GF00000967	Rhodotorula_mucilaginosa_TFCN_17-0-2E337-3.cds.fa_14490	Rhodotorula_mucilaginosa_TFCN_17-0-2E337-3.cds.fa_14553	NaN	NaN	NaN	NaN	NaN	NaN	NaN	NaN	TFCN1702E3373_014712-T1	TFCN1702E3373_014782-T1
TFCN1702E3373_003674-T1__TFCN1702E3373_006668-T1	NaN	NaN	NaN	NaN	NaN	NaN	NaN	NaN	GF00000968	Rhodotorula_mucilaginosa_TFCN_17-0-2E337-3.cds.fa_03625	Rhodotorula_mucilaginosa_TFCN_17-0-2E337-3.cds.fa_06590	NaN	NaN	NaN	NaN	NaN	NaN	NaN	NaN	TFCN1702E3373_003674-T1	TFCN1702E3373_006668-T1
TFCN1702E3373_003674-T1__TFCN1702E3373_003675-T1	NaN	NaN	NaN	NaN	NaN	NaN	NaN	NaN	GF00000968	Rhodotorula_mucilaginosa_TFCN_17-0-2E337-3.cds.fa_03625	Rhodotorula_mucilaginosa_TFCN_17-0-2E337-3.cds.fa_03626	NaN	NaN	NaN	NaN	NaN	NaN	NaN	NaN	TFCN1702E3373_003674-T1	TFCN1702E3373_003675-T1
TFCN1702E3373_003675-T1__TFCN1702E3373_006668-T1	NaN	NaN	NaN	NaN	NaN	NaN	NaN	NaN	GF00000968	Rhodotorula_mucilaginosa_TFCN_17-0-2E337-3.cds.fa_06590	Rhodotorula_mucilaginosa_TFCN_17-0-2E337-3.cds.fa_03626	NaN	NaN	NaN	NaN	NaN	NaN	NaN	NaN	TFCN1702E3373_006668-T1	TFCN1702E3373_003675-T1
