pair	N	S	alignmentcoverage	alignmentidentity	alignmentlength	dN	dN/dS	dS	family	g1	g2	l	node	node_averaged_dS_outlierexcluded	node_averaged_dS_outlierincluded	strippedalignmentlength	t	weightoutlierexcluded	weightoutlierincluded	gene1	gene2
TFCN17291Y1_002494-T1__TFCN17291Y1_004237-T1	NaN	NaN	NaN	NaN	NaN	NaN	NaN	NaN	GF00000001	Rhodotorula_mucilaginosa_TFCN_17-291Y-1.cds.fa_04196	Rhodotorula_mucilaginosa_TFCN_17-291Y-1.cds.fa_02482	NaN	NaN	NaN	NaN	NaN	NaN	NaN	NaN	TFCN17291Y1_004237-T1	TFCN17291Y1_002494-T1
TFCN17291Y1_004237-T1__TFCN17291Y1_005388-T1	NaN	NaN	NaN	NaN	NaN	NaN	NaN	NaN	GF00000001	Rhodotorula_mucilaginosa_TFCN_17-291Y-1.cds.fa_04196	Rhodotorula_mucilaginosa_TFCN_17-291Y-1.cds.fa_05327	NaN	NaN	NaN	NaN	NaN	NaN	NaN	NaN	TFCN17291Y1_004237-T1	TFCN17291Y1_005388-T1
TFCN17291Y1_004237-T1__TFCN17291Y1_009066-T1	NaN	NaN	NaN	NaN	NaN	NaN	NaN	NaN	GF00000001	Rhodotorula_mucilaginosa_TFCN_17-291Y-1.cds.fa_04196	Rhodotorula_mucilaginosa_TFCN_17-291Y-1.cds.fa_08949	NaN	NaN	NaN	NaN	NaN	NaN	NaN	NaN	TFCN17291Y1_004237-T1	TFCN17291Y1_009066-T1
TFCN17291Y1_003875-T1__TFCN17291Y1_004237-T1	NaN	NaN	NaN	NaN	NaN	NaN	NaN	NaN	GF00000001	Rhodotorula_mucilaginosa_TFCN_17-291Y-1.cds.fa_04196	Rhodotorula_mucilaginosa_TFCN_17-291Y-1.cds.fa_03837	NaN	NaN	NaN	NaN	NaN	NaN	NaN	NaN	TFCN17291Y1_004237-T1	TFCN17291Y1_003875-T1
TFCN17291Y1_001982-T1__TFCN17291Y1_004237-T1	NaN	NaN	NaN	NaN	NaN	NaN	NaN	NaN	GF00000001	Rhodotorula_mucilaginosa_TFCN_17-291Y-1.cds.fa_04196	Rhodotorula_mucilaginosa_TFCN_17-291Y-1.cds.fa_01972	NaN	NaN	NaN	NaN	NaN	NaN	NaN	NaN	TFCN17291Y1_004237-T1	TFCN17291Y1_001982-T1
TFCN17291Y1_004154-T1__TFCN17291Y1_004237-T1	NaN	NaN	NaN	NaN	NaN	NaN	NaN	NaN	GF00000001	Rhodotorula_mucilaginosa_TFCN_17-291Y-1.cds.fa_04196	Rhodotorula_mucilaginosa_TFCN_17-291Y-1.cds.fa_04113	NaN	NaN	NaN	NaN	NaN	NaN	NaN	NaN	TFCN17291Y1_004237-T1	TFCN17291Y1_004154-T1
TFCN17291Y1_004237-T1__TFCN17291Y1_005063-T1	NaN	NaN	NaN	NaN	NaN	NaN	NaN	NaN	GF00000001	Rhodotorula_mucilaginosa_TFCN_17-291Y-1.cds.fa_04196	Rhodotorula_mucilaginosa_TFCN_17-291Y-1.cds.fa_05008	NaN	NaN	NaN	NaN	NaN	NaN	NaN	NaN	TFCN17291Y1_004237-T1	TFCN17291Y1_005063-T1
TFCN17291Y1_004237-T1__TFCN17291Y1_005676-T1	NaN	NaN	NaN	NaN	NaN	NaN	NaN	NaN	GF00000001	Rhodotorula_mucilaginosa_TFCN_17-291Y-1.cds.fa_04196	Rhodotorula_mucilaginosa_TFCN_17-291Y-1.cds.fa_05611	NaN	NaN	NaN	NaN	NaN	NaN	NaN	NaN	TFCN17291Y1_004237-T1	TFCN17291Y1_005676-T1
TFCN17291Y1_004237-T1__TFCN17291Y1_004264-T1	NaN	NaN	NaN	NaN	NaN	NaN	NaN	NaN	GF00000001	Rhodotorula_mucilaginosa_TFCN_17-291Y-1.cds.fa_04196	Rhodotorula_mucilaginosa_TFCN_17-291Y-1.cds.fa_04223	NaN	NaN	NaN	NaN	NaN	NaN	NaN	NaN	TFCN17291Y1_004237-T1	TFCN17291Y1_004264-T1
TFCN17291Y1_002624-T1__TFCN17291Y1_004237-T1	NaN	NaN	NaN	NaN	NaN	NaN	NaN	NaN	GF00000001	Rhodotorula_mucilaginosa_TFCN_17-291Y-1.cds.fa_04196	Rhodotorula_mucilaginosa_TFCN_17-291Y-1.cds.fa_02607	NaN	NaN	NaN	NaN	NaN	NaN	NaN	NaN	TFCN17291Y1_004237-T1	TFCN17291Y1_002624-T1
TFCN17291Y1_002759-T1__TFCN17291Y1_004237-T1	NaN	NaN	NaN	NaN	NaN	NaN	NaN	NaN	GF00000001	Rhodotorula_mucilaginosa_TFCN_17-291Y-1.cds.fa_04196	Rhodotorula_mucilaginosa_TFCN_17-291Y-1.cds.fa_02734	NaN	NaN	NaN	NaN	NaN	NaN	NaN	NaN	TFCN17291Y1_004237-T1	TFCN17291Y1_002759-T1
TFCN17291Y1_004237-T1__TFCN17291Y1_011352-T1	NaN	NaN	NaN	NaN	NaN	NaN	NaN	NaN	GF00000001	Rhodotorula_mucilaginosa_TFCN_17-291Y-1.cds.fa_04196	Rhodotorula_mucilaginosa_TFCN_17-291Y-1.cds.fa_11199	NaN	NaN	NaN	NaN	NaN	NaN	NaN	NaN	TFCN17291Y1_004237-T1	TFCN17291Y1_011352-T1
TFCN17291Y1_004237-T1__TFCN17291Y1_004778-T1	NaN	NaN	NaN	NaN	NaN	NaN	NaN	NaN	GF00000001	Rhodotorula_mucilaginosa_TFCN_17-291Y-1.cds.fa_04196	Rhodotorula_mucilaginosa_TFCN_17-291Y-1.cds.fa_04730	NaN	NaN	NaN	NaN	NaN	NaN	NaN	NaN	TFCN17291Y1_004237-T1	TFCN17291Y1_004778-T1
TFCN17291Y1_002450-T1__TFCN17291Y1_004237-T1	NaN	NaN	NaN	NaN	NaN	NaN	NaN	NaN	GF00000001	Rhodotorula_mucilaginosa_TFCN_17-291Y-1.cds.fa_04196	Rhodotorula_mucilaginosa_TFCN_17-291Y-1.cds.fa_02438	NaN	NaN	NaN	NaN	NaN	NaN	NaN	NaN	TFCN17291Y1_004237-T1	TFCN17291Y1_002450-T1
TFCN17291Y1_004237-T1__TFCN17291Y1_012280-T1	NaN	NaN	NaN	NaN	NaN	NaN	NaN	NaN	GF00000001	Rhodotorula_mucilaginosa_TFCN_17-291Y-1.cds.fa_04196	Rhodotorula_mucilaginosa_TFCN_17-291Y-1.cds.fa_12094	NaN	NaN	NaN	NaN	NaN	NaN	NaN	NaN	TFCN17291Y1_004237-T1	TFCN17291Y1_012280-T1
TFCN17291Y1_004195-T1__TFCN17291Y1_004237-T1	NaN	NaN	NaN	NaN	NaN	NaN	NaN	NaN	GF00000001	Rhodotorula_mucilaginosa_TFCN_17-291Y-1.cds.fa_04196	Rhodotorula_mucilaginosa_TFCN_17-291Y-1.cds.fa_04154	NaN	NaN	NaN	NaN	NaN	NaN	NaN	NaN	TFCN17291Y1_004237-T1	TFCN17291Y1_004195-T1
TFCN17291Y1_002048-T1__TFCN17291Y1_004237-T1	NaN	NaN	NaN	NaN	NaN	NaN	NaN	NaN	GF00000001	Rhodotorula_mucilaginosa_TFCN_17-291Y-1.cds.fa_04196	Rhodotorula_mucilaginosa_TFCN_17-291Y-1.cds.fa_02038	NaN	NaN	NaN	NaN	NaN	NaN	NaN	NaN	TFCN17291Y1_004237-T1	TFCN17291Y1_002048-T1
TFCN17291Y1_004237-T1__TFCN17291Y1_009250-T1	NaN	NaN	NaN	NaN	NaN	NaN	NaN	NaN	GF00000001	Rhodotorula_mucilaginosa_TFCN_17-291Y-1.cds.fa_04196	Rhodotorula_mucilaginosa_TFCN_17-291Y-1.cds.fa_09131	NaN	NaN	NaN	NaN	NaN	NaN	NaN	NaN	TFCN17291Y1_004237-T1	TFCN17291Y1_009250-T1
TFCN17291Y1_001625-T1__TFCN17291Y1_004237-T1	NaN	NaN	NaN	NaN	NaN	NaN	NaN	NaN	GF00000001	Rhodotorula_mucilaginosa_TFCN_17-291Y-1.cds.fa_04196	Rhodotorula_mucilaginosa_TFCN_17-291Y-1.cds.fa_01615	NaN	NaN	NaN	NaN	NaN	NaN	NaN	NaN	TFCN17291Y1_004237-T1	TFCN17291Y1_001625-T1
TFCN17291Y1_003669-T1__TFCN17291Y1_004237-T1	NaN	NaN	NaN	NaN	NaN	NaN	NaN	NaN	GF00000001	Rhodotorula_mucilaginosa_TFCN_17-291Y-1.cds.fa_04196	Rhodotorula_mucilaginosa_TFCN_17-291Y-1.cds.fa_03631	NaN	NaN	NaN	NaN	NaN	NaN	NaN	NaN	TFCN17291Y1_004237-T1	TFCN17291Y1_003669-T1
TFCN17291Y1_004237-T1__TFCN17291Y1_004982-T1	NaN	NaN	NaN	NaN	NaN	NaN	NaN	NaN	GF00000001	Rhodotorula_mucilaginosa_TFCN_17-291Y-1.cds.fa_04196	Rhodotorula_mucilaginosa_TFCN_17-291Y-1.cds.fa_04929	NaN	NaN	NaN	NaN	NaN	NaN	NaN	NaN	TFCN17291Y1_004237-T1	TFCN17291Y1_004982-T1
TFCN17291Y1_004237-T1__TFCN17291Y1_008570-T1	NaN	NaN	NaN	NaN	NaN	NaN	NaN	NaN	GF00000001	Rhodotorula_mucilaginosa_TFCN_17-291Y-1.cds.fa_04196	Rhodotorula_mucilaginosa_TFCN_17-291Y-1.cds.fa_08463	NaN	NaN	NaN	NaN	NaN	NaN	NaN	NaN	TFCN17291Y1_004237-T1	TFCN17291Y1_008570-T1
TFCN17291Y1_004237-T1__TFCN17291Y1_009936-T1	NaN	NaN	NaN	NaN	NaN	NaN	NaN	NaN	GF00000001	Rhodotorula_mucilaginosa_TFCN_17-291Y-1.cds.fa_04196	Rhodotorula_mucilaginosa_TFCN_17-291Y-1.cds.fa_09807	NaN	NaN	NaN	NaN	NaN	NaN	NaN	NaN	TFCN17291Y1_004237-T1	TFCN17291Y1_009936-T1
TFCN17291Y1_004237-T1__TFCN17291Y1_008826-T1	NaN	NaN	NaN	NaN	NaN	NaN	NaN	NaN	GF00000001	Rhodotorula_mucilaginosa_TFCN_17-291Y-1.cds.fa_04196	Rhodotorula_mucilaginosa_TFCN_17-291Y-1.cds.fa_08716	NaN	NaN	NaN	NaN	NaN	NaN	NaN	NaN	TFCN17291Y1_004237-T1	TFCN17291Y1_008826-T1
TFCN17291Y1_001835-T1__TFCN17291Y1_004237-T1	NaN	NaN	NaN	NaN	NaN	NaN	NaN	NaN	GF00000001	Rhodotorula_mucilaginosa_TFCN_17-291Y-1.cds.fa_04196	Rhodotorula_mucilaginosa_TFCN_17-291Y-1.cds.fa_01825	NaN	NaN	NaN	NaN	NaN	NaN	NaN	NaN	TFCN17291Y1_004237-T1	TFCN17291Y1_001835-T1
TFCN17291Y1_004237-T1__TFCN17291Y1_005768-T1	NaN	NaN	NaN	NaN	NaN	NaN	NaN	NaN	GF00000001	Rhodotorula_mucilaginosa_TFCN_17-291Y-1.cds.fa_04196	Rhodotorula_mucilaginosa_TFCN_17-291Y-1.cds.fa_05703	NaN	NaN	NaN	NaN	NaN	NaN	NaN	NaN	TFCN17291Y1_004237-T1	TFCN17291Y1_005768-T1
TFCN17291Y1_004237-T1__TFCN17291Y1_010278-T1	NaN	NaN	NaN	NaN	NaN	NaN	NaN	NaN	GF00000001	Rhodotorula_mucilaginosa_TFCN_17-291Y-1.cds.fa_04196	Rhodotorula_mucilaginosa_TFCN_17-291Y-1.cds.fa_10144	NaN	NaN	NaN	NaN	NaN	NaN	NaN	NaN	TFCN17291Y1_004237-T1	TFCN17291Y1_010278-T1
TFCN17291Y1_001901-T1__TFCN17291Y1_004237-T1	NaN	NaN	NaN	NaN	NaN	NaN	NaN	NaN	GF00000001	Rhodotorula_mucilaginosa_TFCN_17-291Y-1.cds.fa_04196	Rhodotorula_mucilaginosa_TFCN_17-291Y-1.cds.fa_01891	NaN	NaN	NaN	NaN	NaN	NaN	NaN	NaN	TFCN17291Y1_004237-T1	TFCN17291Y1_001901-T1
TFCN17291Y1_004237-T1__TFCN17291Y1_009100-T1	NaN	NaN	NaN	NaN	NaN	NaN	NaN	NaN	GF00000001	Rhodotorula_mucilaginosa_TFCN_17-291Y-1.cds.fa_04196	Rhodotorula_mucilaginosa_TFCN_17-291Y-1.cds.fa_08983	NaN	NaN	NaN	NaN	NaN	NaN	NaN	NaN	TFCN17291Y1_004237-T1	TFCN17291Y1_009100-T1
TFCN17291Y1_004237-T1__TFCN17291Y1_007201-T1	NaN	NaN	NaN	NaN	NaN	NaN	NaN	NaN	GF00000001	Rhodotorula_mucilaginosa_TFCN_17-291Y-1.cds.fa_04196	Rhodotorula_mucilaginosa_TFCN_17-291Y-1.cds.fa_07116	NaN	NaN	NaN	NaN	NaN	NaN	NaN	NaN	TFCN17291Y1_004237-T1	TFCN17291Y1_007201-T1
TFCN17291Y1_004237-T1__TFCN17291Y1_012923-T1	NaN	NaN	NaN	NaN	NaN	NaN	NaN	NaN	GF00000001	Rhodotorula_mucilaginosa_TFCN_17-291Y-1.cds.fa_04196	Rhodotorula_mucilaginosa_TFCN_17-291Y-1.cds.fa_12714	NaN	NaN	NaN	NaN	NaN	NaN	NaN	NaN	TFCN17291Y1_004237-T1	TFCN17291Y1_012923-T1
TFCN17291Y1_004237-T1__TFCN17291Y1_007255-T1	NaN	NaN	NaN	NaN	NaN	NaN	NaN	NaN	GF00000001	Rhodotorula_mucilaginosa_TFCN_17-291Y-1.cds.fa_04196	Rhodotorula_mucilaginosa_TFCN_17-291Y-1.cds.fa_07170	NaN	NaN	NaN	NaN	NaN	NaN	NaN	NaN	TFCN17291Y1_004237-T1	TFCN17291Y1_007255-T1
TFCN17291Y1_000299-T1__TFCN17291Y1_004237-T1	NaN	NaN	NaN	NaN	NaN	NaN	NaN	NaN	GF00000001	Rhodotorula_mucilaginosa_TFCN_17-291Y-1.cds.fa_04196	Rhodotorula_mucilaginosa_TFCN_17-291Y-1.cds.fa_00296	NaN	NaN	NaN	NaN	NaN	NaN	NaN	NaN	TFCN17291Y1_004237-T1	TFCN17291Y1_000299-T1
TFCN17291Y1_004237-T1__TFCN17291Y1_007840-T1	NaN	NaN	NaN	NaN	NaN	NaN	NaN	NaN	GF00000001	Rhodotorula_mucilaginosa_TFCN_17-291Y-1.cds.fa_04196	Rhodotorula_mucilaginosa_TFCN_17-291Y-1.cds.fa_07746	NaN	NaN	NaN	NaN	NaN	NaN	NaN	NaN	TFCN17291Y1_004237-T1	TFCN17291Y1_007840-T1
TFCN17291Y1_004237-T1__TFCN17291Y1_010158-T1	NaN	NaN	NaN	NaN	NaN	NaN	NaN	NaN	GF00000001	Rhodotorula_mucilaginosa_TFCN_17-291Y-1.cds.fa_04196	Rhodotorula_mucilaginosa_TFCN_17-291Y-1.cds.fa_10027	NaN	NaN	NaN	NaN	NaN	NaN	NaN	NaN	TFCN17291Y1_004237-T1	TFCN17291Y1_010158-T1
TFCN17291Y1_002231-T1__TFCN17291Y1_004237-T1	NaN	NaN	NaN	NaN	NaN	NaN	NaN	NaN	GF00000001	Rhodotorula_mucilaginosa_TFCN_17-291Y-1.cds.fa_04196	Rhodotorula_mucilaginosa_TFCN_17-291Y-1.cds.fa_02220	NaN	NaN	NaN	NaN	NaN	NaN	NaN	NaN	TFCN17291Y1_004237-T1	TFCN17291Y1_002231-T1
TFCN17291Y1_001095-T1__TFCN17291Y1_004237-T1	NaN	NaN	NaN	NaN	NaN	NaN	NaN	NaN	GF00000001	Rhodotorula_mucilaginosa_TFCN_17-291Y-1.cds.fa_04196	Rhodotorula_mucilaginosa_TFCN_17-291Y-1.cds.fa_01085	NaN	NaN	NaN	NaN	NaN	NaN	NaN	NaN	TFCN17291Y1_004237-T1	TFCN17291Y1_001095-T1
TFCN17291Y1_001094-T1__TFCN17291Y1_004237-T1	NaN	NaN	NaN	NaN	NaN	NaN	NaN	NaN	GF00000001	Rhodotorula_mucilaginosa_TFCN_17-291Y-1.cds.fa_04196	Rhodotorula_mucilaginosa_TFCN_17-291Y-1.cds.fa_01084	NaN	NaN	NaN	NaN	NaN	NaN	NaN	NaN	TFCN17291Y1_004237-T1	TFCN17291Y1_001094-T1
TFCN17291Y1_002494-T1__TFCN17291Y1_005388-T1	NaN	NaN	NaN	NaN	NaN	NaN	NaN	NaN	GF00000001	Rhodotorula_mucilaginosa_TFCN_17-291Y-1.cds.fa_02482	Rhodotorula_mucilaginosa_TFCN_17-291Y-1.cds.fa_05327	NaN	NaN	NaN	NaN	NaN	NaN	NaN	NaN	TFCN17291Y1_002494-T1	TFCN17291Y1_005388-T1
TFCN17291Y1_002494-T1__TFCN17291Y1_009066-T1	NaN	NaN	NaN	NaN	NaN	NaN	NaN	NaN	GF00000001	Rhodotorula_mucilaginosa_TFCN_17-291Y-1.cds.fa_02482	Rhodotorula_mucilaginosa_TFCN_17-291Y-1.cds.fa_08949	NaN	NaN	NaN	NaN	NaN	NaN	NaN	NaN	TFCN17291Y1_002494-T1	TFCN17291Y1_009066-T1
TFCN17291Y1_002494-T1__TFCN17291Y1_003875-T1	NaN	NaN	NaN	NaN	NaN	NaN	NaN	NaN	GF00000001	Rhodotorula_mucilaginosa_TFCN_17-291Y-1.cds.fa_02482	Rhodotorula_mucilaginosa_TFCN_17-291Y-1.cds.fa_03837	NaN	NaN	NaN	NaN	NaN	NaN	NaN	NaN	TFCN17291Y1_002494-T1	TFCN17291Y1_003875-T1
TFCN17291Y1_001982-T1__TFCN17291Y1_002494-T1	NaN	NaN	NaN	NaN	NaN	NaN	NaN	NaN	GF00000001	Rhodotorula_mucilaginosa_TFCN_17-291Y-1.cds.fa_02482	Rhodotorula_mucilaginosa_TFCN_17-291Y-1.cds.fa_01972	NaN	NaN	NaN	NaN	NaN	NaN	NaN	NaN	TFCN17291Y1_002494-T1	TFCN17291Y1_001982-T1
TFCN17291Y1_002494-T1__TFCN17291Y1_004154-T1	NaN	NaN	NaN	NaN	NaN	NaN	NaN	NaN	GF00000001	Rhodotorula_mucilaginosa_TFCN_17-291Y-1.cds.fa_02482	Rhodotorula_mucilaginosa_TFCN_17-291Y-1.cds.fa_04113	NaN	NaN	NaN	NaN	NaN	NaN	NaN	NaN	TFCN17291Y1_002494-T1	TFCN17291Y1_004154-T1
TFCN17291Y1_002494-T1__TFCN17291Y1_005063-T1	NaN	NaN	NaN	NaN	NaN	NaN	NaN	NaN	GF00000001	Rhodotorula_mucilaginosa_TFCN_17-291Y-1.cds.fa_02482	Rhodotorula_mucilaginosa_TFCN_17-291Y-1.cds.fa_05008	NaN	NaN	NaN	NaN	NaN	NaN	NaN	NaN	TFCN17291Y1_002494-T1	TFCN17291Y1_005063-T1
TFCN17291Y1_002494-T1__TFCN17291Y1_005676-T1	NaN	NaN	NaN	NaN	NaN	NaN	NaN	NaN	GF00000001	Rhodotorula_mucilaginosa_TFCN_17-291Y-1.cds.fa_02482	Rhodotorula_mucilaginosa_TFCN_17-291Y-1.cds.fa_05611	NaN	NaN	NaN	NaN	NaN	NaN	NaN	NaN	TFCN17291Y1_002494-T1	TFCN17291Y1_005676-T1
TFCN17291Y1_002494-T1__TFCN17291Y1_004264-T1	NaN	NaN	NaN	NaN	NaN	NaN	NaN	NaN	GF00000001	Rhodotorula_mucilaginosa_TFCN_17-291Y-1.cds.fa_02482	Rhodotorula_mucilaginosa_TFCN_17-291Y-1.cds.fa_04223	NaN	NaN	NaN	NaN	NaN	NaN	NaN	NaN	TFCN17291Y1_002494-T1	TFCN17291Y1_004264-T1
TFCN17291Y1_002494-T1__TFCN17291Y1_002624-T1	NaN	NaN	NaN	NaN	NaN	NaN	NaN	NaN	GF00000001	Rhodotorula_mucilaginosa_TFCN_17-291Y-1.cds.fa_02482	Rhodotorula_mucilaginosa_TFCN_17-291Y-1.cds.fa_02607	NaN	NaN	NaN	NaN	NaN	NaN	NaN	NaN	TFCN17291Y1_002494-T1	TFCN17291Y1_002624-T1
TFCN17291Y1_002494-T1__TFCN17291Y1_002759-T1	NaN	NaN	NaN	NaN	NaN	NaN	NaN	NaN	GF00000001	Rhodotorula_mucilaginosa_TFCN_17-291Y-1.cds.fa_02482	Rhodotorula_mucilaginosa_TFCN_17-291Y-1.cds.fa_02734	NaN	NaN	NaN	NaN	NaN	NaN	NaN	NaN	TFCN17291Y1_002494-T1	TFCN17291Y1_002759-T1
TFCN17291Y1_002494-T1__TFCN17291Y1_011352-T1	NaN	NaN	NaN	NaN	NaN	NaN	NaN	NaN	GF00000001	Rhodotorula_mucilaginosa_TFCN_17-291Y-1.cds.fa_02482	Rhodotorula_mucilaginosa_TFCN_17-291Y-1.cds.fa_11199	NaN	NaN	NaN	NaN	NaN	NaN	NaN	NaN	TFCN17291Y1_002494-T1	TFCN17291Y1_011352-T1
TFCN17291Y1_002494-T1__TFCN17291Y1_004778-T1	NaN	NaN	NaN	NaN	NaN	NaN	NaN	NaN	GF00000001	Rhodotorula_mucilaginosa_TFCN_17-291Y-1.cds.fa_02482	Rhodotorula_mucilaginosa_TFCN_17-291Y-1.cds.fa_04730	NaN	NaN	NaN	NaN	NaN	NaN	NaN	NaN	TFCN17291Y1_002494-T1	TFCN17291Y1_004778-T1
TFCN17291Y1_002450-T1__TFCN17291Y1_002494-T1	NaN	NaN	NaN	NaN	NaN	NaN	NaN	NaN	GF00000001	Rhodotorula_mucilaginosa_TFCN_17-291Y-1.cds.fa_02482	Rhodotorula_mucilaginosa_TFCN_17-291Y-1.cds.fa_02438	NaN	NaN	NaN	NaN	NaN	NaN	NaN	NaN	TFCN17291Y1_002494-T1	TFCN17291Y1_002450-T1
TFCN17291Y1_002494-T1__TFCN17291Y1_012280-T1	NaN	NaN	NaN	NaN	NaN	NaN	NaN	NaN	GF00000001	Rhodotorula_mucilaginosa_TFCN_17-291Y-1.cds.fa_02482	Rhodotorula_mucilaginosa_TFCN_17-291Y-1.cds.fa_12094	NaN	NaN	NaN	NaN	NaN	NaN	NaN	NaN	TFCN17291Y1_002494-T1	TFCN17291Y1_012280-T1
TFCN17291Y1_002494-T1__TFCN17291Y1_004195-T1	NaN	NaN	NaN	NaN	NaN	NaN	NaN	NaN	GF00000001	Rhodotorula_mucilaginosa_TFCN_17-291Y-1.cds.fa_02482	Rhodotorula_mucilaginosa_TFCN_17-291Y-1.cds.fa_04154	NaN	NaN	NaN	NaN	NaN	NaN	NaN	NaN	TFCN17291Y1_002494-T1	TFCN17291Y1_004195-T1
TFCN17291Y1_002048-T1__TFCN17291Y1_002494-T1	NaN	NaN	NaN	NaN	NaN	NaN	NaN	NaN	GF00000001	Rhodotorula_mucilaginosa_TFCN_17-291Y-1.cds.fa_02482	Rhodotorula_mucilaginosa_TFCN_17-291Y-1.cds.fa_02038	NaN	NaN	NaN	NaN	NaN	NaN	NaN	NaN	TFCN17291Y1_002494-T1	TFCN17291Y1_002048-T1
TFCN17291Y1_002494-T1__TFCN17291Y1_009250-T1	NaN	NaN	NaN	NaN	NaN	NaN	NaN	NaN	GF00000001	Rhodotorula_mucilaginosa_TFCN_17-291Y-1.cds.fa_02482	Rhodotorula_mucilaginosa_TFCN_17-291Y-1.cds.fa_09131	NaN	NaN	NaN	NaN	NaN	NaN	NaN	NaN	TFCN17291Y1_002494-T1	TFCN17291Y1_009250-T1
TFCN17291Y1_001625-T1__TFCN17291Y1_002494-T1	NaN	NaN	NaN	NaN	NaN	NaN	NaN	NaN	GF00000001	Rhodotorula_mucilaginosa_TFCN_17-291Y-1.cds.fa_02482	Rhodotorula_mucilaginosa_TFCN_17-291Y-1.cds.fa_01615	NaN	NaN	NaN	NaN	NaN	NaN	NaN	NaN	TFCN17291Y1_002494-T1	TFCN17291Y1_001625-T1
TFCN17291Y1_002494-T1__TFCN17291Y1_003669-T1	NaN	NaN	NaN	NaN	NaN	NaN	NaN	NaN	GF00000001	Rhodotorula_mucilaginosa_TFCN_17-291Y-1.cds.fa_02482	Rhodotorula_mucilaginosa_TFCN_17-291Y-1.cds.fa_03631	NaN	NaN	NaN	NaN	NaN	NaN	NaN	NaN	TFCN17291Y1_002494-T1	TFCN17291Y1_003669-T1
TFCN17291Y1_002494-T1__TFCN17291Y1_004982-T1	NaN	NaN	NaN	NaN	NaN	NaN	NaN	NaN	GF00000001	Rhodotorula_mucilaginosa_TFCN_17-291Y-1.cds.fa_02482	Rhodotorula_mucilaginosa_TFCN_17-291Y-1.cds.fa_04929	NaN	NaN	NaN	NaN	NaN	NaN	NaN	NaN	TFCN17291Y1_002494-T1	TFCN17291Y1_004982-T1
TFCN17291Y1_002494-T1__TFCN17291Y1_008570-T1	NaN	NaN	NaN	NaN	NaN	NaN	NaN	NaN	GF00000001	Rhodotorula_mucilaginosa_TFCN_17-291Y-1.cds.fa_02482	Rhodotorula_mucilaginosa_TFCN_17-291Y-1.cds.fa_08463	NaN	NaN	NaN	NaN	NaN	NaN	NaN	NaN	TFCN17291Y1_002494-T1	TFCN17291Y1_008570-T1
TFCN17291Y1_002494-T1__TFCN17291Y1_009936-T1	NaN	NaN	NaN	NaN	NaN	NaN	NaN	NaN	GF00000001	Rhodotorula_mucilaginosa_TFCN_17-291Y-1.cds.fa_02482	Rhodotorula_mucilaginosa_TFCN_17-291Y-1.cds.fa_09807	NaN	NaN	NaN	NaN	NaN	NaN	NaN	NaN	TFCN17291Y1_002494-T1	TFCN17291Y1_009936-T1
TFCN17291Y1_002494-T1__TFCN17291Y1_008826-T1	NaN	NaN	NaN	NaN	NaN	NaN	NaN	NaN	GF00000001	Rhodotorula_mucilaginosa_TFCN_17-291Y-1.cds.fa_02482	Rhodotorula_mucilaginosa_TFCN_17-291Y-1.cds.fa_08716	NaN	NaN	NaN	NaN	NaN	NaN	NaN	NaN	TFCN17291Y1_002494-T1	TFCN17291Y1_008826-T1
TFCN17291Y1_001835-T1__TFCN17291Y1_002494-T1	NaN	NaN	NaN	NaN	NaN	NaN	NaN	NaN	GF00000001	Rhodotorula_mucilaginosa_TFCN_17-291Y-1.cds.fa_02482	Rhodotorula_mucilaginosa_TFCN_17-291Y-1.cds.fa_01825	NaN	NaN	NaN	NaN	NaN	NaN	NaN	NaN	TFCN17291Y1_002494-T1	TFCN17291Y1_001835-T1
TFCN17291Y1_002494-T1__TFCN17291Y1_005768-T1	NaN	NaN	NaN	NaN	NaN	NaN	NaN	NaN	GF00000001	Rhodotorula_mucilaginosa_TFCN_17-291Y-1.cds.fa_02482	Rhodotorula_mucilaginosa_TFCN_17-291Y-1.cds.fa_05703	NaN	NaN	NaN	NaN	NaN	NaN	NaN	NaN	TFCN17291Y1_002494-T1	TFCN17291Y1_005768-T1
TFCN17291Y1_002494-T1__TFCN17291Y1_010278-T1	NaN	NaN	NaN	NaN	NaN	NaN	NaN	NaN	GF00000001	Rhodotorula_mucilaginosa_TFCN_17-291Y-1.cds.fa_02482	Rhodotorula_mucilaginosa_TFCN_17-291Y-1.cds.fa_10144	NaN	NaN	NaN	NaN	NaN	NaN	NaN	NaN	TFCN17291Y1_002494-T1	TFCN17291Y1_010278-T1
TFCN17291Y1_001901-T1__TFCN17291Y1_002494-T1	NaN	NaN	NaN	NaN	NaN	NaN	NaN	NaN	GF00000001	Rhodotorula_mucilaginosa_TFCN_17-291Y-1.cds.fa_02482	Rhodotorula_mucilaginosa_TFCN_17-291Y-1.cds.fa_01891	NaN	NaN	NaN	NaN	NaN	NaN	NaN	NaN	TFCN17291Y1_002494-T1	TFCN17291Y1_001901-T1
TFCN17291Y1_002494-T1__TFCN17291Y1_009100-T1	NaN	NaN	NaN	NaN	NaN	NaN	NaN	NaN	GF00000001	Rhodotorula_mucilaginosa_TFCN_17-291Y-1.cds.fa_02482	Rhodotorula_mucilaginosa_TFCN_17-291Y-1.cds.fa_08983	NaN	NaN	NaN	NaN	NaN	NaN	NaN	NaN	TFCN17291Y1_002494-T1	TFCN17291Y1_009100-T1
TFCN17291Y1_002494-T1__TFCN17291Y1_007201-T1	NaN	NaN	NaN	NaN	NaN	NaN	NaN	NaN	GF00000001	Rhodotorula_mucilaginosa_TFCN_17-291Y-1.cds.fa_02482	Rhodotorula_mucilaginosa_TFCN_17-291Y-1.cds.fa_07116	NaN	NaN	NaN	NaN	NaN	NaN	NaN	NaN	TFCN17291Y1_002494-T1	TFCN17291Y1_007201-T1
TFCN17291Y1_002494-T1__TFCN17291Y1_012923-T1	NaN	NaN	NaN	NaN	NaN	NaN	NaN	NaN	GF00000001	Rhodotorula_mucilaginosa_TFCN_17-291Y-1.cds.fa_02482	Rhodotorula_mucilaginosa_TFCN_17-291Y-1.cds.fa_12714	NaN	NaN	NaN	NaN	NaN	NaN	NaN	NaN	TFCN17291Y1_002494-T1	TFCN17291Y1_012923-T1
TFCN17291Y1_002494-T1__TFCN17291Y1_007255-T1	NaN	NaN	NaN	NaN	NaN	NaN	NaN	NaN	GF00000001	Rhodotorula_mucilaginosa_TFCN_17-291Y-1.cds.fa_02482	Rhodotorula_mucilaginosa_TFCN_17-291Y-1.cds.fa_07170	NaN	NaN	NaN	NaN	NaN	NaN	NaN	NaN	TFCN17291Y1_002494-T1	TFCN17291Y1_007255-T1
TFCN17291Y1_000299-T1__TFCN17291Y1_002494-T1	NaN	NaN	NaN	NaN	NaN	NaN	NaN	NaN	GF00000001	Rhodotorula_mucilaginosa_TFCN_17-291Y-1.cds.fa_02482	Rhodotorula_mucilaginosa_TFCN_17-291Y-1.cds.fa_00296	NaN	NaN	NaN	NaN	NaN	NaN	NaN	NaN	TFCN17291Y1_002494-T1	TFCN17291Y1_000299-T1
TFCN17291Y1_002494-T1__TFCN17291Y1_007840-T1	NaN	NaN	NaN	NaN	NaN	NaN	NaN	NaN	GF00000001	Rhodotorula_mucilaginosa_TFCN_17-291Y-1.cds.fa_02482	Rhodotorula_mucilaginosa_TFCN_17-291Y-1.cds.fa_07746	NaN	NaN	NaN	NaN	NaN	NaN	NaN	NaN	TFCN17291Y1_002494-T1	TFCN17291Y1_007840-T1
TFCN17291Y1_002494-T1__TFCN17291Y1_010158-T1	NaN	NaN	NaN	NaN	NaN	NaN	NaN	NaN	GF00000001	Rhodotorula_mucilaginosa_TFCN_17-291Y-1.cds.fa_02482	Rhodotorula_mucilaginosa_TFCN_17-291Y-1.cds.fa_10027	NaN	NaN	NaN	NaN	NaN	NaN	NaN	NaN	TFCN17291Y1_002494-T1	TFCN17291Y1_010158-T1
TFCN17291Y1_002231-T1__TFCN17291Y1_002494-T1	NaN	NaN	NaN	NaN	NaN	NaN	NaN	NaN	GF00000001	Rhodotorula_mucilaginosa_TFCN_17-291Y-1.cds.fa_02482	Rhodotorula_mucilaginosa_TFCN_17-291Y-1.cds.fa_02220	NaN	NaN	NaN	NaN	NaN	NaN	NaN	NaN	TFCN17291Y1_002494-T1	TFCN17291Y1_002231-T1
TFCN17291Y1_001095-T1__TFCN17291Y1_002494-T1	NaN	NaN	NaN	NaN	NaN	NaN	NaN	NaN	GF00000001	Rhodotorula_mucilaginosa_TFCN_17-291Y-1.cds.fa_02482	Rhodotorula_mucilaginosa_TFCN_17-291Y-1.cds.fa_01085	NaN	NaN	NaN	NaN	NaN	NaN	NaN	NaN	TFCN17291Y1_002494-T1	TFCN17291Y1_001095-T1
TFCN17291Y1_001094-T1__TFCN17291Y1_002494-T1	NaN	NaN	NaN	NaN	NaN	NaN	NaN	NaN	GF00000001	Rhodotorula_mucilaginosa_TFCN_17-291Y-1.cds.fa_02482	Rhodotorula_mucilaginosa_TFCN_17-291Y-1.cds.fa_01084	NaN	NaN	NaN	NaN	NaN	NaN	NaN	NaN	TFCN17291Y1_002494-T1	TFCN17291Y1_001094-T1
TFCN17291Y1_005388-T1__TFCN17291Y1_009066-T1	NaN	NaN	NaN	NaN	NaN	NaN	NaN	NaN	GF00000001	Rhodotorula_mucilaginosa_TFCN_17-291Y-1.cds.fa_05327	Rhodotorula_mucilaginosa_TFCN_17-291Y-1.cds.fa_08949	NaN	NaN	NaN	NaN	NaN	NaN	NaN	NaN	TFCN17291Y1_005388-T1	TFCN17291Y1_009066-T1
TFCN17291Y1_003875-T1__TFCN17291Y1_005388-T1	NaN	NaN	NaN	NaN	NaN	NaN	NaN	NaN	GF00000001	Rhodotorula_mucilaginosa_TFCN_17-291Y-1.cds.fa_05327	Rhodotorula_mucilaginosa_TFCN_17-291Y-1.cds.fa_03837	NaN	NaN	NaN	NaN	NaN	NaN	NaN	NaN	TFCN17291Y1_005388-T1	TFCN17291Y1_003875-T1
TFCN17291Y1_001982-T1__TFCN17291Y1_005388-T1	NaN	NaN	NaN	NaN	NaN	NaN	NaN	NaN	GF00000001	Rhodotorula_mucilaginosa_TFCN_17-291Y-1.cds.fa_05327	Rhodotorula_mucilaginosa_TFCN_17-291Y-1.cds.fa_01972	NaN	NaN	NaN	NaN	NaN	NaN	NaN	NaN	TFCN17291Y1_005388-T1	TFCN17291Y1_001982-T1
TFCN17291Y1_004154-T1__TFCN17291Y1_005388-T1	NaN	NaN	NaN	NaN	NaN	NaN	NaN	NaN	GF00000001	Rhodotorula_mucilaginosa_TFCN_17-291Y-1.cds.fa_05327	Rhodotorula_mucilaginosa_TFCN_17-291Y-1.cds.fa_04113	NaN	NaN	NaN	NaN	NaN	NaN	NaN	NaN	TFCN17291Y1_005388-T1	TFCN17291Y1_004154-T1
TFCN17291Y1_005063-T1__TFCN17291Y1_005388-T1	NaN	NaN	NaN	NaN	NaN	NaN	NaN	NaN	GF00000001	Rhodotorula_mucilaginosa_TFCN_17-291Y-1.cds.fa_05327	Rhodotorula_mucilaginosa_TFCN_17-291Y-1.cds.fa_05008	NaN	NaN	NaN	NaN	NaN	NaN	NaN	NaN	TFCN17291Y1_005388-T1	TFCN17291Y1_005063-T1
TFCN17291Y1_005388-T1__TFCN17291Y1_005676-T1	NaN	NaN	NaN	NaN	NaN	NaN	NaN	NaN	GF00000001	Rhodotorula_mucilaginosa_TFCN_17-291Y-1.cds.fa_05327	Rhodotorula_mucilaginosa_TFCN_17-291Y-1.cds.fa_05611	NaN	NaN	NaN	NaN	NaN	NaN	NaN	NaN	TFCN17291Y1_005388-T1	TFCN17291Y1_005676-T1
TFCN17291Y1_004264-T1__TFCN17291Y1_005388-T1	NaN	NaN	NaN	NaN	NaN	NaN	NaN	NaN	GF00000001	Rhodotorula_mucilaginosa_TFCN_17-291Y-1.cds.fa_05327	Rhodotorula_mucilaginosa_TFCN_17-291Y-1.cds.fa_04223	NaN	NaN	NaN	NaN	NaN	NaN	NaN	NaN	TFCN17291Y1_005388-T1	TFCN17291Y1_004264-T1
TFCN17291Y1_002624-T1__TFCN17291Y1_005388-T1	NaN	NaN	NaN	NaN	NaN	NaN	NaN	NaN	GF00000001	Rhodotorula_mucilaginosa_TFCN_17-291Y-1.cds.fa_05327	Rhodotorula_mucilaginosa_TFCN_17-291Y-1.cds.fa_02607	NaN	NaN	NaN	NaN	NaN	NaN	NaN	NaN	TFCN17291Y1_005388-T1	TFCN17291Y1_002624-T1
TFCN17291Y1_002759-T1__TFCN17291Y1_005388-T1	NaN	NaN	NaN	NaN	NaN	NaN	NaN	NaN	GF00000001	Rhodotorula_mucilaginosa_TFCN_17-291Y-1.cds.fa_05327	Rhodotorula_mucilaginosa_TFCN_17-291Y-1.cds.fa_02734	NaN	NaN	NaN	NaN	NaN	NaN	NaN	NaN	TFCN17291Y1_005388-T1	TFCN17291Y1_002759-T1
TFCN17291Y1_005388-T1__TFCN17291Y1_011352-T1	NaN	NaN	NaN	NaN	NaN	NaN	NaN	NaN	GF00000001	Rhodotorula_mucilaginosa_TFCN_17-291Y-1.cds.fa_05327	Rhodotorula_mucilaginosa_TFCN_17-291Y-1.cds.fa_11199	NaN	NaN	NaN	NaN	NaN	NaN	NaN	NaN	TFCN17291Y1_005388-T1	TFCN17291Y1_011352-T1
TFCN17291Y1_004778-T1__TFCN17291Y1_005388-T1	NaN	NaN	NaN	NaN	NaN	NaN	NaN	NaN	GF00000001	Rhodotorula_mucilaginosa_TFCN_17-291Y-1.cds.fa_05327	Rhodotorula_mucilaginosa_TFCN_17-291Y-1.cds.fa_04730	NaN	NaN	NaN	NaN	NaN	NaN	NaN	NaN	TFCN17291Y1_005388-T1	TFCN17291Y1_004778-T1
TFCN17291Y1_002450-T1__TFCN17291Y1_005388-T1	NaN	NaN	NaN	NaN	NaN	NaN	NaN	NaN	GF00000001	Rhodotorula_mucilaginosa_TFCN_17-291Y-1.cds.fa_05327	Rhodotorula_mucilaginosa_TFCN_17-291Y-1.cds.fa_02438	NaN	NaN	NaN	NaN	NaN	NaN	NaN	NaN	TFCN17291Y1_005388-T1	TFCN17291Y1_002450-T1
TFCN17291Y1_005388-T1__TFCN17291Y1_012280-T1	NaN	NaN	NaN	NaN	NaN	NaN	NaN	NaN	GF00000001	Rhodotorula_mucilaginosa_TFCN_17-291Y-1.cds.fa_05327	Rhodotorula_mucilaginosa_TFCN_17-291Y-1.cds.fa_12094	NaN	NaN	NaN	NaN	NaN	NaN	NaN	NaN	TFCN17291Y1_005388-T1	TFCN17291Y1_012280-T1
TFCN17291Y1_004195-T1__TFCN17291Y1_005388-T1	NaN	NaN	NaN	NaN	NaN	NaN	NaN	NaN	GF00000001	Rhodotorula_mucilaginosa_TFCN_17-291Y-1.cds.fa_05327	Rhodotorula_mucilaginosa_TFCN_17-291Y-1.cds.fa_04154	NaN	NaN	NaN	NaN	NaN	NaN	NaN	NaN	TFCN17291Y1_005388-T1	TFCN17291Y1_004195-T1
TFCN17291Y1_002048-T1__TFCN17291Y1_005388-T1	NaN	NaN	NaN	NaN	NaN	NaN	NaN	NaN	GF00000001	Rhodotorula_mucilaginosa_TFCN_17-291Y-1.cds.fa_05327	Rhodotorula_mucilaginosa_TFCN_17-291Y-1.cds.fa_02038	NaN	NaN	NaN	NaN	NaN	NaN	NaN	NaN	TFCN17291Y1_005388-T1	TFCN17291Y1_002048-T1
TFCN17291Y1_005388-T1__TFCN17291Y1_009250-T1	NaN	NaN	NaN	NaN	NaN	NaN	NaN	NaN	GF00000001	Rhodotorula_mucilaginosa_TFCN_17-291Y-1.cds.fa_05327	Rhodotorula_mucilaginosa_TFCN_17-291Y-1.cds.fa_09131	NaN	NaN	NaN	NaN	NaN	NaN	NaN	NaN	TFCN17291Y1_005388-T1	TFCN17291Y1_009250-T1
TFCN17291Y1_001625-T1__TFCN17291Y1_005388-T1	NaN	NaN	NaN	NaN	NaN	NaN	NaN	NaN	GF00000001	Rhodotorula_mucilaginosa_TFCN_17-291Y-1.cds.fa_05327	Rhodotorula_mucilaginosa_TFCN_17-291Y-1.cds.fa_01615	NaN	NaN	NaN	NaN	NaN	NaN	NaN	NaN	TFCN17291Y1_005388-T1	TFCN17291Y1_001625-T1
TFCN17291Y1_003669-T1__TFCN17291Y1_005388-T1	NaN	NaN	NaN	NaN	NaN	NaN	NaN	NaN	GF00000001	Rhodotorula_mucilaginosa_TFCN_17-291Y-1.cds.fa_05327	Rhodotorula_mucilaginosa_TFCN_17-291Y-1.cds.fa_03631	NaN	NaN	NaN	NaN	NaN	NaN	NaN	NaN	TFCN17291Y1_005388-T1	TFCN17291Y1_003669-T1
TFCN17291Y1_004982-T1__TFCN17291Y1_005388-T1	NaN	NaN	NaN	NaN	NaN	NaN	NaN	NaN	GF00000001	Rhodotorula_mucilaginosa_TFCN_17-291Y-1.cds.fa_05327	Rhodotorula_mucilaginosa_TFCN_17-291Y-1.cds.fa_04929	NaN	NaN	NaN	NaN	NaN	NaN	NaN	NaN	TFCN17291Y1_005388-T1	TFCN17291Y1_004982-T1
TFCN17291Y1_005388-T1__TFCN17291Y1_008570-T1	NaN	NaN	NaN	NaN	NaN	NaN	NaN	NaN	GF00000001	Rhodotorula_mucilaginosa_TFCN_17-291Y-1.cds.fa_05327	Rhodotorula_mucilaginosa_TFCN_17-291Y-1.cds.fa_08463	NaN	NaN	NaN	NaN	NaN	NaN	NaN	NaN	TFCN17291Y1_005388-T1	TFCN17291Y1_008570-T1
TFCN17291Y1_005388-T1__TFCN17291Y1_009936-T1	NaN	NaN	NaN	NaN	NaN	NaN	NaN	NaN	GF00000001	Rhodotorula_mucilaginosa_TFCN_17-291Y-1.cds.fa_05327	Rhodotorula_mucilaginosa_TFCN_17-291Y-1.cds.fa_09807	NaN	NaN	NaN	NaN	NaN	NaN	NaN	NaN	TFCN17291Y1_005388-T1	TFCN17291Y1_009936-T1
TFCN17291Y1_005388-T1__TFCN17291Y1_008826-T1	NaN	NaN	NaN	NaN	NaN	NaN	NaN	NaN	GF00000001	Rhodotorula_mucilaginosa_TFCN_17-291Y-1.cds.fa_05327	Rhodotorula_mucilaginosa_TFCN_17-291Y-1.cds.fa_08716	NaN	NaN	NaN	NaN	NaN	NaN	NaN	NaN	TFCN17291Y1_005388-T1	TFCN17291Y1_008826-T1
TFCN17291Y1_001835-T1__TFCN17291Y1_005388-T1	NaN	NaN	NaN	NaN	NaN	NaN	NaN	NaN	GF00000001	Rhodotorula_mucilaginosa_TFCN_17-291Y-1.cds.fa_05327	Rhodotorula_mucilaginosa_TFCN_17-291Y-1.cds.fa_01825	NaN	NaN	NaN	NaN	NaN	NaN	NaN	NaN	TFCN17291Y1_005388-T1	TFCN17291Y1_001835-T1
TFCN17291Y1_005388-T1__TFCN17291Y1_005768-T1	NaN	NaN	NaN	NaN	NaN	NaN	NaN	NaN	GF00000001	Rhodotorula_mucilaginosa_TFCN_17-291Y-1.cds.fa_05327	Rhodotorula_mucilaginosa_TFCN_17-291Y-1.cds.fa_05703	NaN	NaN	NaN	NaN	NaN	NaN	NaN	NaN	TFCN17291Y1_005388-T1	TFCN17291Y1_005768-T1
TFCN17291Y1_005388-T1__TFCN17291Y1_010278-T1	NaN	NaN	NaN	NaN	NaN	NaN	NaN	NaN	GF00000001	Rhodotorula_mucilaginosa_TFCN_17-291Y-1.cds.fa_05327	Rhodotorula_mucilaginosa_TFCN_17-291Y-1.cds.fa_10144	NaN	NaN	NaN	NaN	NaN	NaN	NaN	NaN	TFCN17291Y1_005388-T1	TFCN17291Y1_010278-T1
TFCN17291Y1_001901-T1__TFCN17291Y1_005388-T1	NaN	NaN	NaN	NaN	NaN	NaN	NaN	NaN	GF00000001	Rhodotorula_mucilaginosa_TFCN_17-291Y-1.cds.fa_05327	Rhodotorula_mucilaginosa_TFCN_17-291Y-1.cds.fa_01891	NaN	NaN	NaN	NaN	NaN	NaN	NaN	NaN	TFCN17291Y1_005388-T1	TFCN17291Y1_001901-T1
TFCN17291Y1_005388-T1__TFCN17291Y1_009100-T1	NaN	NaN	NaN	NaN	NaN	NaN	NaN	NaN	GF00000001	Rhodotorula_mucilaginosa_TFCN_17-291Y-1.cds.fa_05327	Rhodotorula_mucilaginosa_TFCN_17-291Y-1.cds.fa_08983	NaN	NaN	NaN	NaN	NaN	NaN	NaN	NaN	TFCN17291Y1_005388-T1	TFCN17291Y1_009100-T1
TFCN17291Y1_005388-T1__TFCN17291Y1_007201-T1	NaN	NaN	NaN	NaN	NaN	NaN	NaN	NaN	GF00000001	Rhodotorula_mucilaginosa_TFCN_17-291Y-1.cds.fa_05327	Rhodotorula_mucilaginosa_TFCN_17-291Y-1.cds.fa_07116	NaN	NaN	NaN	NaN	NaN	NaN	NaN	NaN	TFCN17291Y1_005388-T1	TFCN17291Y1_007201-T1
TFCN17291Y1_005388-T1__TFCN17291Y1_012923-T1	NaN	NaN	NaN	NaN	NaN	NaN	NaN	NaN	GF00000001	Rhodotorula_mucilaginosa_TFCN_17-291Y-1.cds.fa_05327	Rhodotorula_mucilaginosa_TFCN_17-291Y-1.cds.fa_12714	NaN	NaN	NaN	NaN	NaN	NaN	NaN	NaN	TFCN17291Y1_005388-T1	TFCN17291Y1_012923-T1
TFCN17291Y1_005388-T1__TFCN17291Y1_007255-T1	NaN	NaN	NaN	NaN	NaN	NaN	NaN	NaN	GF00000001	Rhodotorula_mucilaginosa_TFCN_17-291Y-1.cds.fa_05327	Rhodotorula_mucilaginosa_TFCN_17-291Y-1.cds.fa_07170	NaN	NaN	NaN	NaN	NaN	NaN	NaN	NaN	TFCN17291Y1_005388-T1	TFCN17291Y1_007255-T1
TFCN17291Y1_000299-T1__TFCN17291Y1_005388-T1	NaN	NaN	NaN	NaN	NaN	NaN	NaN	NaN	GF00000001	Rhodotorula_mucilaginosa_TFCN_17-291Y-1.cds.fa_05327	Rhodotorula_mucilaginosa_TFCN_17-291Y-1.cds.fa_00296	NaN	NaN	NaN	NaN	NaN	NaN	NaN	NaN	TFCN17291Y1_005388-T1	TFCN17291Y1_000299-T1
TFCN17291Y1_005388-T1__TFCN17291Y1_007840-T1	NaN	NaN	NaN	NaN	NaN	NaN	NaN	NaN	GF00000001	Rhodotorula_mucilaginosa_TFCN_17-291Y-1.cds.fa_05327	Rhodotorula_mucilaginosa_TFCN_17-291Y-1.cds.fa_07746	NaN	NaN	NaN	NaN	NaN	NaN	NaN	NaN	TFCN17291Y1_005388-T1	TFCN17291Y1_007840-T1
TFCN17291Y1_005388-T1__TFCN17291Y1_010158-T1	NaN	NaN	NaN	NaN	NaN	NaN	NaN	NaN	GF00000001	Rhodotorula_mucilaginosa_TFCN_17-291Y-1.cds.fa_05327	Rhodotorula_mucilaginosa_TFCN_17-291Y-1.cds.fa_10027	NaN	NaN	NaN	NaN	NaN	NaN	NaN	NaN	TFCN17291Y1_005388-T1	TFCN17291Y1_010158-T1
TFCN17291Y1_002231-T1__TFCN17291Y1_005388-T1	NaN	NaN	NaN	NaN	NaN	NaN	NaN	NaN	GF00000001	Rhodotorula_mucilaginosa_TFCN_17-291Y-1.cds.fa_05327	Rhodotorula_mucilaginosa_TFCN_17-291Y-1.cds.fa_02220	NaN	NaN	NaN	NaN	NaN	NaN	NaN	NaN	TFCN17291Y1_005388-T1	TFCN17291Y1_002231-T1
TFCN17291Y1_001095-T1__TFCN17291Y1_005388-T1	NaN	NaN	NaN	NaN	NaN	NaN	NaN	NaN	GF00000001	Rhodotorula_mucilaginosa_TFCN_17-291Y-1.cds.fa_05327	Rhodotorula_mucilaginosa_TFCN_17-291Y-1.cds.fa_01085	NaN	NaN	NaN	NaN	NaN	NaN	NaN	NaN	TFCN17291Y1_005388-T1	TFCN17291Y1_001095-T1
TFCN17291Y1_001094-T1__TFCN17291Y1_005388-T1	NaN	NaN	NaN	NaN	NaN	NaN	NaN	NaN	GF00000001	Rhodotorula_mucilaginosa_TFCN_17-291Y-1.cds.fa_05327	Rhodotorula_mucilaginosa_TFCN_17-291Y-1.cds.fa_01084	NaN	NaN	NaN	NaN	NaN	NaN	NaN	NaN	TFCN17291Y1_005388-T1	TFCN17291Y1_001094-T1
TFCN17291Y1_003875-T1__TFCN17291Y1_009066-T1	NaN	NaN	NaN	NaN	NaN	NaN	NaN	NaN	GF00000001	Rhodotorula_mucilaginosa_TFCN_17-291Y-1.cds.fa_08949	Rhodotorula_mucilaginosa_TFCN_17-291Y-1.cds.fa_03837	NaN	NaN	NaN	NaN	NaN	NaN	NaN	NaN	TFCN17291Y1_009066-T1	TFCN17291Y1_003875-T1
TFCN17291Y1_001982-T1__TFCN17291Y1_009066-T1	NaN	NaN	NaN	NaN	NaN	NaN	NaN	NaN	GF00000001	Rhodotorula_mucilaginosa_TFCN_17-291Y-1.cds.fa_08949	Rhodotorula_mucilaginosa_TFCN_17-291Y-1.cds.fa_01972	NaN	NaN	NaN	NaN	NaN	NaN	NaN	NaN	TFCN17291Y1_009066-T1	TFCN17291Y1_001982-T1
TFCN17291Y1_004154-T1__TFCN17291Y1_009066-T1	NaN	NaN	NaN	NaN	NaN	NaN	NaN	NaN	GF00000001	Rhodotorula_mucilaginosa_TFCN_17-291Y-1.cds.fa_08949	Rhodotorula_mucilaginosa_TFCN_17-291Y-1.cds.fa_04113	NaN	NaN	NaN	NaN	NaN	NaN	NaN	NaN	TFCN17291Y1_009066-T1	TFCN17291Y1_004154-T1
TFCN17291Y1_005063-T1__TFCN17291Y1_009066-T1	NaN	NaN	NaN	NaN	NaN	NaN	NaN	NaN	GF00000001	Rhodotorula_mucilaginosa_TFCN_17-291Y-1.cds.fa_08949	Rhodotorula_mucilaginosa_TFCN_17-291Y-1.cds.fa_05008	NaN	NaN	NaN	NaN	NaN	NaN	NaN	NaN	TFCN17291Y1_009066-T1	TFCN17291Y1_005063-T1
TFCN17291Y1_005676-T1__TFCN17291Y1_009066-T1	NaN	NaN	NaN	NaN	NaN	NaN	NaN	NaN	GF00000001	Rhodotorula_mucilaginosa_TFCN_17-291Y-1.cds.fa_08949	Rhodotorula_mucilaginosa_TFCN_17-291Y-1.cds.fa_05611	NaN	NaN	NaN	NaN	NaN	NaN	NaN	NaN	TFCN17291Y1_009066-T1	TFCN17291Y1_005676-T1
TFCN17291Y1_004264-T1__TFCN17291Y1_009066-T1	NaN	NaN	NaN	NaN	NaN	NaN	NaN	NaN	GF00000001	Rhodotorula_mucilaginosa_TFCN_17-291Y-1.cds.fa_08949	Rhodotorula_mucilaginosa_TFCN_17-291Y-1.cds.fa_04223	NaN	NaN	NaN	NaN	NaN	NaN	NaN	NaN	TFCN17291Y1_009066-T1	TFCN17291Y1_004264-T1
TFCN17291Y1_002624-T1__TFCN17291Y1_009066-T1	NaN	NaN	NaN	NaN	NaN	NaN	NaN	NaN	GF00000001	Rhodotorula_mucilaginosa_TFCN_17-291Y-1.cds.fa_08949	Rhodotorula_mucilaginosa_TFCN_17-291Y-1.cds.fa_02607	NaN	NaN	NaN	NaN	NaN	NaN	NaN	NaN	TFCN17291Y1_009066-T1	TFCN17291Y1_002624-T1
TFCN17291Y1_002759-T1__TFCN17291Y1_009066-T1	NaN	NaN	NaN	NaN	NaN	NaN	NaN	NaN	GF00000001	Rhodotorula_mucilaginosa_TFCN_17-291Y-1.cds.fa_08949	Rhodotorula_mucilaginosa_TFCN_17-291Y-1.cds.fa_02734	NaN	NaN	NaN	NaN	NaN	NaN	NaN	NaN	TFCN17291Y1_009066-T1	TFCN17291Y1_002759-T1
TFCN17291Y1_009066-T1__TFCN17291Y1_011352-T1	NaN	NaN	NaN	NaN	NaN	NaN	NaN	NaN	GF00000001	Rhodotorula_mucilaginosa_TFCN_17-291Y-1.cds.fa_08949	Rhodotorula_mucilaginosa_TFCN_17-291Y-1.cds.fa_11199	NaN	NaN	NaN	NaN	NaN	NaN	NaN	NaN	TFCN17291Y1_009066-T1	TFCN17291Y1_011352-T1
TFCN17291Y1_004778-T1__TFCN17291Y1_009066-T1	NaN	NaN	NaN	NaN	NaN	NaN	NaN	NaN	GF00000001	Rhodotorula_mucilaginosa_TFCN_17-291Y-1.cds.fa_08949	Rhodotorula_mucilaginosa_TFCN_17-291Y-1.cds.fa_04730	NaN	NaN	NaN	NaN	NaN	NaN	NaN	NaN	TFCN17291Y1_009066-T1	TFCN17291Y1_004778-T1
TFCN17291Y1_002450-T1__TFCN17291Y1_009066-T1	NaN	NaN	NaN	NaN	NaN	NaN	NaN	NaN	GF00000001	Rhodotorula_mucilaginosa_TFCN_17-291Y-1.cds.fa_08949	Rhodotorula_mucilaginosa_TFCN_17-291Y-1.cds.fa_02438	NaN	NaN	NaN	NaN	NaN	NaN	NaN	NaN	TFCN17291Y1_009066-T1	TFCN17291Y1_002450-T1
TFCN17291Y1_009066-T1__TFCN17291Y1_012280-T1	NaN	NaN	NaN	NaN	NaN	NaN	NaN	NaN	GF00000001	Rhodotorula_mucilaginosa_TFCN_17-291Y-1.cds.fa_08949	Rhodotorula_mucilaginosa_TFCN_17-291Y-1.cds.fa_12094	NaN	NaN	NaN	NaN	NaN	NaN	NaN	NaN	TFCN17291Y1_009066-T1	TFCN17291Y1_012280-T1
TFCN17291Y1_004195-T1__TFCN17291Y1_009066-T1	NaN	NaN	NaN	NaN	NaN	NaN	NaN	NaN	GF00000001	Rhodotorula_mucilaginosa_TFCN_17-291Y-1.cds.fa_08949	Rhodotorula_mucilaginosa_TFCN_17-291Y-1.cds.fa_04154	NaN	NaN	NaN	NaN	NaN	NaN	NaN	NaN	TFCN17291Y1_009066-T1	TFCN17291Y1_004195-T1
TFCN17291Y1_002048-T1__TFCN17291Y1_009066-T1	NaN	NaN	NaN	NaN	NaN	NaN	NaN	NaN	GF00000001	Rhodotorula_mucilaginosa_TFCN_17-291Y-1.cds.fa_08949	Rhodotorula_mucilaginosa_TFCN_17-291Y-1.cds.fa_02038	NaN	NaN	NaN	NaN	NaN	NaN	NaN	NaN	TFCN17291Y1_009066-T1	TFCN17291Y1_002048-T1
TFCN17291Y1_009066-T1__TFCN17291Y1_009250-T1	NaN	NaN	NaN	NaN	NaN	NaN	NaN	NaN	GF00000001	Rhodotorula_mucilaginosa_TFCN_17-291Y-1.cds.fa_08949	Rhodotorula_mucilaginosa_TFCN_17-291Y-1.cds.fa_09131	NaN	NaN	NaN	NaN	NaN	NaN	NaN	NaN	TFCN17291Y1_009066-T1	TFCN17291Y1_009250-T1
TFCN17291Y1_001625-T1__TFCN17291Y1_009066-T1	NaN	NaN	NaN	NaN	NaN	NaN	NaN	NaN	GF00000001	Rhodotorula_mucilaginosa_TFCN_17-291Y-1.cds.fa_08949	Rhodotorula_mucilaginosa_TFCN_17-291Y-1.cds.fa_01615	NaN	NaN	NaN	NaN	NaN	NaN	NaN	NaN	TFCN17291Y1_009066-T1	TFCN17291Y1_001625-T1
TFCN17291Y1_003669-T1__TFCN17291Y1_009066-T1	NaN	NaN	NaN	NaN	NaN	NaN	NaN	NaN	GF00000001	Rhodotorula_mucilaginosa_TFCN_17-291Y-1.cds.fa_08949	Rhodotorula_mucilaginosa_TFCN_17-291Y-1.cds.fa_03631	NaN	NaN	NaN	NaN	NaN	NaN	NaN	NaN	TFCN17291Y1_009066-T1	TFCN17291Y1_003669-T1
TFCN17291Y1_004982-T1__TFCN17291Y1_009066-T1	NaN	NaN	NaN	NaN	NaN	NaN	NaN	NaN	GF00000001	Rhodotorula_mucilaginosa_TFCN_17-291Y-1.cds.fa_08949	Rhodotorula_mucilaginosa_TFCN_17-291Y-1.cds.fa_04929	NaN	NaN	NaN	NaN	NaN	NaN	NaN	NaN	TFCN17291Y1_009066-T1	TFCN17291Y1_004982-T1
TFCN17291Y1_008570-T1__TFCN17291Y1_009066-T1	NaN	NaN	NaN	NaN	NaN	NaN	NaN	NaN	GF00000001	Rhodotorula_mucilaginosa_TFCN_17-291Y-1.cds.fa_08949	Rhodotorula_mucilaginosa_TFCN_17-291Y-1.cds.fa_08463	NaN	NaN	NaN	NaN	NaN	NaN	NaN	NaN	TFCN17291Y1_009066-T1	TFCN17291Y1_008570-T1
TFCN17291Y1_009066-T1__TFCN17291Y1_009936-T1	NaN	NaN	NaN	NaN	NaN	NaN	NaN	NaN	GF00000001	Rhodotorula_mucilaginosa_TFCN_17-291Y-1.cds.fa_08949	Rhodotorula_mucilaginosa_TFCN_17-291Y-1.cds.fa_09807	NaN	NaN	NaN	NaN	NaN	NaN	NaN	NaN	TFCN17291Y1_009066-T1	TFCN17291Y1_009936-T1
TFCN17291Y1_008826-T1__TFCN17291Y1_009066-T1	NaN	NaN	NaN	NaN	NaN	NaN	NaN	NaN	GF00000001	Rhodotorula_mucilaginosa_TFCN_17-291Y-1.cds.fa_08949	Rhodotorula_mucilaginosa_TFCN_17-291Y-1.cds.fa_08716	NaN	NaN	NaN	NaN	NaN	NaN	NaN	NaN	TFCN17291Y1_009066-T1	TFCN17291Y1_008826-T1
TFCN17291Y1_001835-T1__TFCN17291Y1_009066-T1	NaN	NaN	NaN	NaN	NaN	NaN	NaN	NaN	GF00000001	Rhodotorula_mucilaginosa_TFCN_17-291Y-1.cds.fa_08949	Rhodotorula_mucilaginosa_TFCN_17-291Y-1.cds.fa_01825	NaN	NaN	NaN	NaN	NaN	NaN	NaN	NaN	TFCN17291Y1_009066-T1	TFCN17291Y1_001835-T1
TFCN17291Y1_005768-T1__TFCN17291Y1_009066-T1	NaN	NaN	NaN	NaN	NaN	NaN	NaN	NaN	GF00000001	Rhodotorula_mucilaginosa_TFCN_17-291Y-1.cds.fa_08949	Rhodotorula_mucilaginosa_TFCN_17-291Y-1.cds.fa_05703	NaN	NaN	NaN	NaN	NaN	NaN	NaN	NaN	TFCN17291Y1_009066-T1	TFCN17291Y1_005768-T1
TFCN17291Y1_009066-T1__TFCN17291Y1_010278-T1	NaN	NaN	NaN	NaN	NaN	NaN	NaN	NaN	GF00000001	Rhodotorula_mucilaginosa_TFCN_17-291Y-1.cds.fa_08949	Rhodotorula_mucilaginosa_TFCN_17-291Y-1.cds.fa_10144	NaN	NaN	NaN	NaN	NaN	NaN	NaN	NaN	TFCN17291Y1_009066-T1	TFCN17291Y1_010278-T1
TFCN17291Y1_001901-T1__TFCN17291Y1_009066-T1	NaN	NaN	NaN	NaN	NaN	NaN	NaN	NaN	GF00000001	Rhodotorula_mucilaginosa_TFCN_17-291Y-1.cds.fa_08949	Rhodotorula_mucilaginosa_TFCN_17-291Y-1.cds.fa_01891	NaN	NaN	NaN	NaN	NaN	NaN	NaN	NaN	TFCN17291Y1_009066-T1	TFCN17291Y1_001901-T1
TFCN17291Y1_009066-T1__TFCN17291Y1_009100-T1	NaN	NaN	NaN	NaN	NaN	NaN	NaN	NaN	GF00000001	Rhodotorula_mucilaginosa_TFCN_17-291Y-1.cds.fa_08949	Rhodotorula_mucilaginosa_TFCN_17-291Y-1.cds.fa_08983	NaN	NaN	NaN	NaN	NaN	NaN	NaN	NaN	TFCN17291Y1_009066-T1	TFCN17291Y1_009100-T1
TFCN17291Y1_007201-T1__TFCN17291Y1_009066-T1	NaN	NaN	NaN	NaN	NaN	NaN	NaN	NaN	GF00000001	Rhodotorula_mucilaginosa_TFCN_17-291Y-1.cds.fa_08949	Rhodotorula_mucilaginosa_TFCN_17-291Y-1.cds.fa_07116	NaN	NaN	NaN	NaN	NaN	NaN	NaN	NaN	TFCN17291Y1_009066-T1	TFCN17291Y1_007201-T1
TFCN17291Y1_009066-T1__TFCN17291Y1_012923-T1	NaN	NaN	NaN	NaN	NaN	NaN	NaN	NaN	GF00000001	Rhodotorula_mucilaginosa_TFCN_17-291Y-1.cds.fa_08949	Rhodotorula_mucilaginosa_TFCN_17-291Y-1.cds.fa_12714	NaN	NaN	NaN	NaN	NaN	NaN	NaN	NaN	TFCN17291Y1_009066-T1	TFCN17291Y1_012923-T1
TFCN17291Y1_007255-T1__TFCN17291Y1_009066-T1	NaN	NaN	NaN	NaN	NaN	NaN	NaN	NaN	GF00000001	Rhodotorula_mucilaginosa_TFCN_17-291Y-1.cds.fa_08949	Rhodotorula_mucilaginosa_TFCN_17-291Y-1.cds.fa_07170	NaN	NaN	NaN	NaN	NaN	NaN	NaN	NaN	TFCN17291Y1_009066-T1	TFCN17291Y1_007255-T1
TFCN17291Y1_000299-T1__TFCN17291Y1_009066-T1	NaN	NaN	NaN	NaN	NaN	NaN	NaN	NaN	GF00000001	Rhodotorula_mucilaginosa_TFCN_17-291Y-1.cds.fa_08949	Rhodotorula_mucilaginosa_TFCN_17-291Y-1.cds.fa_00296	NaN	NaN	NaN	NaN	NaN	NaN	NaN	NaN	TFCN17291Y1_009066-T1	TFCN17291Y1_000299-T1
TFCN17291Y1_007840-T1__TFCN17291Y1_009066-T1	NaN	NaN	NaN	NaN	NaN	NaN	NaN	NaN	GF00000001	Rhodotorula_mucilaginosa_TFCN_17-291Y-1.cds.fa_08949	Rhodotorula_mucilaginosa_TFCN_17-291Y-1.cds.fa_07746	NaN	NaN	NaN	NaN	NaN	NaN	NaN	NaN	TFCN17291Y1_009066-T1	TFCN17291Y1_007840-T1
TFCN17291Y1_009066-T1__TFCN17291Y1_010158-T1	NaN	NaN	NaN	NaN	NaN	NaN	NaN	NaN	GF00000001	Rhodotorula_mucilaginosa_TFCN_17-291Y-1.cds.fa_08949	Rhodotorula_mucilaginosa_TFCN_17-291Y-1.cds.fa_10027	NaN	NaN	NaN	NaN	NaN	NaN	NaN	NaN	TFCN17291Y1_009066-T1	TFCN17291Y1_010158-T1
TFCN17291Y1_002231-T1__TFCN17291Y1_009066-T1	NaN	NaN	NaN	NaN	NaN	NaN	NaN	NaN	GF00000001	Rhodotorula_mucilaginosa_TFCN_17-291Y-1.cds.fa_08949	Rhodotorula_mucilaginosa_TFCN_17-291Y-1.cds.fa_02220	NaN	NaN	NaN	NaN	NaN	NaN	NaN	NaN	TFCN17291Y1_009066-T1	TFCN17291Y1_002231-T1
TFCN17291Y1_001095-T1__TFCN17291Y1_009066-T1	NaN	NaN	NaN	NaN	NaN	NaN	NaN	NaN	GF00000001	Rhodotorula_mucilaginosa_TFCN_17-291Y-1.cds.fa_08949	Rhodotorula_mucilaginosa_TFCN_17-291Y-1.cds.fa_01085	NaN	NaN	NaN	NaN	NaN	NaN	NaN	NaN	TFCN17291Y1_009066-T1	TFCN17291Y1_001095-T1
TFCN17291Y1_001094-T1__TFCN17291Y1_009066-T1	NaN	NaN	NaN	NaN	NaN	NaN	NaN	NaN	GF00000001	Rhodotorula_mucilaginosa_TFCN_17-291Y-1.cds.fa_08949	Rhodotorula_mucilaginosa_TFCN_17-291Y-1.cds.fa_01084	NaN	NaN	NaN	NaN	NaN	NaN	NaN	NaN	TFCN17291Y1_009066-T1	TFCN17291Y1_001094-T1
TFCN17291Y1_001982-T1__TFCN17291Y1_003875-T1	NaN	NaN	NaN	NaN	NaN	NaN	NaN	NaN	GF00000001	Rhodotorula_mucilaginosa_TFCN_17-291Y-1.cds.fa_03837	Rhodotorula_mucilaginosa_TFCN_17-291Y-1.cds.fa_01972	NaN	NaN	NaN	NaN	NaN	NaN	NaN	NaN	TFCN17291Y1_003875-T1	TFCN17291Y1_001982-T1
TFCN17291Y1_003875-T1__TFCN17291Y1_004154-T1	NaN	NaN	NaN	NaN	NaN	NaN	NaN	NaN	GF00000001	Rhodotorula_mucilaginosa_TFCN_17-291Y-1.cds.fa_03837	Rhodotorula_mucilaginosa_TFCN_17-291Y-1.cds.fa_04113	NaN	NaN	NaN	NaN	NaN	NaN	NaN	NaN	TFCN17291Y1_003875-T1	TFCN17291Y1_004154-T1
TFCN17291Y1_003875-T1__TFCN17291Y1_005063-T1	NaN	NaN	NaN	NaN	NaN	NaN	NaN	NaN	GF00000001	Rhodotorula_mucilaginosa_TFCN_17-291Y-1.cds.fa_03837	Rhodotorula_mucilaginosa_TFCN_17-291Y-1.cds.fa_05008	NaN	NaN	NaN	NaN	NaN	NaN	NaN	NaN	TFCN17291Y1_003875-T1	TFCN17291Y1_005063-T1
TFCN17291Y1_003875-T1__TFCN17291Y1_005676-T1	NaN	NaN	NaN	NaN	NaN	NaN	NaN	NaN	GF00000001	Rhodotorula_mucilaginosa_TFCN_17-291Y-1.cds.fa_03837	Rhodotorula_mucilaginosa_TFCN_17-291Y-1.cds.fa_05611	NaN	NaN	NaN	NaN	NaN	NaN	NaN	NaN	TFCN17291Y1_003875-T1	TFCN17291Y1_005676-T1
TFCN17291Y1_003875-T1__TFCN17291Y1_004264-T1	NaN	NaN	NaN	NaN	NaN	NaN	NaN	NaN	GF00000001	Rhodotorula_mucilaginosa_TFCN_17-291Y-1.cds.fa_03837	Rhodotorula_mucilaginosa_TFCN_17-291Y-1.cds.fa_04223	NaN	NaN	NaN	NaN	NaN	NaN	NaN	NaN	TFCN17291Y1_003875-T1	TFCN17291Y1_004264-T1
TFCN17291Y1_002624-T1__TFCN17291Y1_003875-T1	NaN	NaN	NaN	NaN	NaN	NaN	NaN	NaN	GF00000001	Rhodotorula_mucilaginosa_TFCN_17-291Y-1.cds.fa_03837	Rhodotorula_mucilaginosa_TFCN_17-291Y-1.cds.fa_02607	NaN	NaN	NaN	NaN	NaN	NaN	NaN	NaN	TFCN17291Y1_003875-T1	TFCN17291Y1_002624-T1
TFCN17291Y1_002759-T1__TFCN17291Y1_003875-T1	NaN	NaN	NaN	NaN	NaN	NaN	NaN	NaN	GF00000001	Rhodotorula_mucilaginosa_TFCN_17-291Y-1.cds.fa_03837	Rhodotorula_mucilaginosa_TFCN_17-291Y-1.cds.fa_02734	NaN	NaN	NaN	NaN	NaN	NaN	NaN	NaN	TFCN17291Y1_003875-T1	TFCN17291Y1_002759-T1
TFCN17291Y1_003875-T1__TFCN17291Y1_011352-T1	NaN	NaN	NaN	NaN	NaN	NaN	NaN	NaN	GF00000001	Rhodotorula_mucilaginosa_TFCN_17-291Y-1.cds.fa_03837	Rhodotorula_mucilaginosa_TFCN_17-291Y-1.cds.fa_11199	NaN	NaN	NaN	NaN	NaN	NaN	NaN	NaN	TFCN17291Y1_003875-T1	TFCN17291Y1_011352-T1
TFCN17291Y1_003875-T1__TFCN17291Y1_004778-T1	NaN	NaN	NaN	NaN	NaN	NaN	NaN	NaN	GF00000001	Rhodotorula_mucilaginosa_TFCN_17-291Y-1.cds.fa_03837	Rhodotorula_mucilaginosa_TFCN_17-291Y-1.cds.fa_04730	NaN	NaN	NaN	NaN	NaN	NaN	NaN	NaN	TFCN17291Y1_003875-T1	TFCN17291Y1_004778-T1
TFCN17291Y1_002450-T1__TFCN17291Y1_003875-T1	NaN	NaN	NaN	NaN	NaN	NaN	NaN	NaN	GF00000001	Rhodotorula_mucilaginosa_TFCN_17-291Y-1.cds.fa_03837	Rhodotorula_mucilaginosa_TFCN_17-291Y-1.cds.fa_02438	NaN	NaN	NaN	NaN	NaN	NaN	NaN	NaN	TFCN17291Y1_003875-T1	TFCN17291Y1_002450-T1
TFCN17291Y1_003875-T1__TFCN17291Y1_012280-T1	NaN	NaN	NaN	NaN	NaN	NaN	NaN	NaN	GF00000001	Rhodotorula_mucilaginosa_TFCN_17-291Y-1.cds.fa_03837	Rhodotorula_mucilaginosa_TFCN_17-291Y-1.cds.fa_12094	NaN	NaN	NaN	NaN	NaN	NaN	NaN	NaN	TFCN17291Y1_003875-T1	TFCN17291Y1_012280-T1
TFCN17291Y1_003875-T1__TFCN17291Y1_004195-T1	NaN	NaN	NaN	NaN	NaN	NaN	NaN	NaN	GF00000001	Rhodotorula_mucilaginosa_TFCN_17-291Y-1.cds.fa_03837	Rhodotorula_mucilaginosa_TFCN_17-291Y-1.cds.fa_04154	NaN	NaN	NaN	NaN	NaN	NaN	NaN	NaN	TFCN17291Y1_003875-T1	TFCN17291Y1_004195-T1
TFCN17291Y1_002048-T1__TFCN17291Y1_003875-T1	NaN	NaN	NaN	NaN	NaN	NaN	NaN	NaN	GF00000001	Rhodotorula_mucilaginosa_TFCN_17-291Y-1.cds.fa_03837	Rhodotorula_mucilaginosa_TFCN_17-291Y-1.cds.fa_02038	NaN	NaN	NaN	NaN	NaN	NaN	NaN	NaN	TFCN17291Y1_003875-T1	TFCN17291Y1_002048-T1
TFCN17291Y1_003875-T1__TFCN17291Y1_009250-T1	NaN	NaN	NaN	NaN	NaN	NaN	NaN	NaN	GF00000001	Rhodotorula_mucilaginosa_TFCN_17-291Y-1.cds.fa_03837	Rhodotorula_mucilaginosa_TFCN_17-291Y-1.cds.fa_09131	NaN	NaN	NaN	NaN	NaN	NaN	NaN	NaN	TFCN17291Y1_003875-T1	TFCN17291Y1_009250-T1
TFCN17291Y1_001625-T1__TFCN17291Y1_003875-T1	NaN	NaN	NaN	NaN	NaN	NaN	NaN	NaN	GF00000001	Rhodotorula_mucilaginosa_TFCN_17-291Y-1.cds.fa_03837	Rhodotorula_mucilaginosa_TFCN_17-291Y-1.cds.fa_01615	NaN	NaN	NaN	NaN	NaN	NaN	NaN	NaN	TFCN17291Y1_003875-T1	TFCN17291Y1_001625-T1
TFCN17291Y1_003669-T1__TFCN17291Y1_003875-T1	NaN	NaN	NaN	NaN	NaN	NaN	NaN	NaN	GF00000001	Rhodotorula_mucilaginosa_TFCN_17-291Y-1.cds.fa_03837	Rhodotorula_mucilaginosa_TFCN_17-291Y-1.cds.fa_03631	NaN	NaN	NaN	NaN	NaN	NaN	NaN	NaN	TFCN17291Y1_003875-T1	TFCN17291Y1_003669-T1
TFCN17291Y1_003875-T1__TFCN17291Y1_004982-T1	NaN	NaN	NaN	NaN	NaN	NaN	NaN	NaN	GF00000001	Rhodotorula_mucilaginosa_TFCN_17-291Y-1.cds.fa_03837	Rhodotorula_mucilaginosa_TFCN_17-291Y-1.cds.fa_04929	NaN	NaN	NaN	NaN	NaN	NaN	NaN	NaN	TFCN17291Y1_003875-T1	TFCN17291Y1_004982-T1
TFCN17291Y1_003875-T1__TFCN17291Y1_008570-T1	NaN	NaN	NaN	NaN	NaN	NaN	NaN	NaN	GF00000001	Rhodotorula_mucilaginosa_TFCN_17-291Y-1.cds.fa_03837	Rhodotorula_mucilaginosa_TFCN_17-291Y-1.cds.fa_08463	NaN	NaN	NaN	NaN	NaN	NaN	NaN	NaN	TFCN17291Y1_003875-T1	TFCN17291Y1_008570-T1
TFCN17291Y1_003875-T1__TFCN17291Y1_009936-T1	NaN	NaN	NaN	NaN	NaN	NaN	NaN	NaN	GF00000001	Rhodotorula_mucilaginosa_TFCN_17-291Y-1.cds.fa_03837	Rhodotorula_mucilaginosa_TFCN_17-291Y-1.cds.fa_09807	NaN	NaN	NaN	NaN	NaN	NaN	NaN	NaN	TFCN17291Y1_003875-T1	TFCN17291Y1_009936-T1
TFCN17291Y1_003875-T1__TFCN17291Y1_008826-T1	NaN	NaN	NaN	NaN	NaN	NaN	NaN	NaN	GF00000001	Rhodotorula_mucilaginosa_TFCN_17-291Y-1.cds.fa_03837	Rhodotorula_mucilaginosa_TFCN_17-291Y-1.cds.fa_08716	NaN	NaN	NaN	NaN	NaN	NaN	NaN	NaN	TFCN17291Y1_003875-T1	TFCN17291Y1_008826-T1
TFCN17291Y1_001835-T1__TFCN17291Y1_003875-T1	NaN	NaN	NaN	NaN	NaN	NaN	NaN	NaN	GF00000001	Rhodotorula_mucilaginosa_TFCN_17-291Y-1.cds.fa_03837	Rhodotorula_mucilaginosa_TFCN_17-291Y-1.cds.fa_01825	NaN	NaN	NaN	NaN	NaN	NaN	NaN	NaN	TFCN17291Y1_003875-T1	TFCN17291Y1_001835-T1
TFCN17291Y1_003875-T1__TFCN17291Y1_005768-T1	NaN	NaN	NaN	NaN	NaN	NaN	NaN	NaN	GF00000001	Rhodotorula_mucilaginosa_TFCN_17-291Y-1.cds.fa_03837	Rhodotorula_mucilaginosa_TFCN_17-291Y-1.cds.fa_05703	NaN	NaN	NaN	NaN	NaN	NaN	NaN	NaN	TFCN17291Y1_003875-T1	TFCN17291Y1_005768-T1
TFCN17291Y1_003875-T1__TFCN17291Y1_010278-T1	NaN	NaN	NaN	NaN	NaN	NaN	NaN	NaN	GF00000001	Rhodotorula_mucilaginosa_TFCN_17-291Y-1.cds.fa_03837	Rhodotorula_mucilaginosa_TFCN_17-291Y-1.cds.fa_10144	NaN	NaN	NaN	NaN	NaN	NaN	NaN	NaN	TFCN17291Y1_003875-T1	TFCN17291Y1_010278-T1
TFCN17291Y1_001901-T1__TFCN17291Y1_003875-T1	NaN	NaN	NaN	NaN	NaN	NaN	NaN	NaN	GF00000001	Rhodotorula_mucilaginosa_TFCN_17-291Y-1.cds.fa_03837	Rhodotorula_mucilaginosa_TFCN_17-291Y-1.cds.fa_01891	NaN	NaN	NaN	NaN	NaN	NaN	NaN	NaN	TFCN17291Y1_003875-T1	TFCN17291Y1_001901-T1
TFCN17291Y1_003875-T1__TFCN17291Y1_009100-T1	NaN	NaN	NaN	NaN	NaN	NaN	NaN	NaN	GF00000001	Rhodotorula_mucilaginosa_TFCN_17-291Y-1.cds.fa_03837	Rhodotorula_mucilaginosa_TFCN_17-291Y-1.cds.fa_08983	NaN	NaN	NaN	NaN	NaN	NaN	NaN	NaN	TFCN17291Y1_003875-T1	TFCN17291Y1_009100-T1
TFCN17291Y1_003875-T1__TFCN17291Y1_007201-T1	NaN	NaN	NaN	NaN	NaN	NaN	NaN	NaN	GF00000001	Rhodotorula_mucilaginosa_TFCN_17-291Y-1.cds.fa_03837	Rhodotorula_mucilaginosa_TFCN_17-291Y-1.cds.fa_07116	NaN	NaN	NaN	NaN	NaN	NaN	NaN	NaN	TFCN17291Y1_003875-T1	TFCN17291Y1_007201-T1
TFCN17291Y1_003875-T1__TFCN17291Y1_012923-T1	NaN	NaN	NaN	NaN	NaN	NaN	NaN	NaN	GF00000001	Rhodotorula_mucilaginosa_TFCN_17-291Y-1.cds.fa_03837	Rhodotorula_mucilaginosa_TFCN_17-291Y-1.cds.fa_12714	NaN	NaN	NaN	NaN	NaN	NaN	NaN	NaN	TFCN17291Y1_003875-T1	TFCN17291Y1_012923-T1
TFCN17291Y1_003875-T1__TFCN17291Y1_007255-T1	NaN	NaN	NaN	NaN	NaN	NaN	NaN	NaN	GF00000001	Rhodotorula_mucilaginosa_TFCN_17-291Y-1.cds.fa_03837	Rhodotorula_mucilaginosa_TFCN_17-291Y-1.cds.fa_07170	NaN	NaN	NaN	NaN	NaN	NaN	NaN	NaN	TFCN17291Y1_003875-T1	TFCN17291Y1_007255-T1
TFCN17291Y1_000299-T1__TFCN17291Y1_003875-T1	NaN	NaN	NaN	NaN	NaN	NaN	NaN	NaN	GF00000001	Rhodotorula_mucilaginosa_TFCN_17-291Y-1.cds.fa_03837	Rhodotorula_mucilaginosa_TFCN_17-291Y-1.cds.fa_00296	NaN	NaN	NaN	NaN	NaN	NaN	NaN	NaN	TFCN17291Y1_003875-T1	TFCN17291Y1_000299-T1
TFCN17291Y1_003875-T1__TFCN17291Y1_007840-T1	NaN	NaN	NaN	NaN	NaN	NaN	NaN	NaN	GF00000001	Rhodotorula_mucilaginosa_TFCN_17-291Y-1.cds.fa_03837	Rhodotorula_mucilaginosa_TFCN_17-291Y-1.cds.fa_07746	NaN	NaN	NaN	NaN	NaN	NaN	NaN	NaN	TFCN17291Y1_003875-T1	TFCN17291Y1_007840-T1
TFCN17291Y1_003875-T1__TFCN17291Y1_010158-T1	NaN	NaN	NaN	NaN	NaN	NaN	NaN	NaN	GF00000001	Rhodotorula_mucilaginosa_TFCN_17-291Y-1.cds.fa_03837	Rhodotorula_mucilaginosa_TFCN_17-291Y-1.cds.fa_10027	NaN	NaN	NaN	NaN	NaN	NaN	NaN	NaN	TFCN17291Y1_003875-T1	TFCN17291Y1_010158-T1
TFCN17291Y1_002231-T1__TFCN17291Y1_003875-T1	NaN	NaN	NaN	NaN	NaN	NaN	NaN	NaN	GF00000001	Rhodotorula_mucilaginosa_TFCN_17-291Y-1.cds.fa_03837	Rhodotorula_mucilaginosa_TFCN_17-291Y-1.cds.fa_02220	NaN	NaN	NaN	NaN	NaN	NaN	NaN	NaN	TFCN17291Y1_003875-T1	TFCN17291Y1_002231-T1
TFCN17291Y1_001095-T1__TFCN17291Y1_003875-T1	NaN	NaN	NaN	NaN	NaN	NaN	NaN	NaN	GF00000001	Rhodotorula_mucilaginosa_TFCN_17-291Y-1.cds.fa_03837	Rhodotorula_mucilaginosa_TFCN_17-291Y-1.cds.fa_01085	NaN	NaN	NaN	NaN	NaN	NaN	NaN	NaN	TFCN17291Y1_003875-T1	TFCN17291Y1_001095-T1
TFCN17291Y1_001094-T1__TFCN17291Y1_003875-T1	NaN	NaN	NaN	NaN	NaN	NaN	NaN	NaN	GF00000001	Rhodotorula_mucilaginosa_TFCN_17-291Y-1.cds.fa_03837	Rhodotorula_mucilaginosa_TFCN_17-291Y-1.cds.fa_01084	NaN	NaN	NaN	NaN	NaN	NaN	NaN	NaN	TFCN17291Y1_003875-T1	TFCN17291Y1_001094-T1
TFCN17291Y1_001982-T1__TFCN17291Y1_004154-T1	NaN	NaN	NaN	NaN	NaN	NaN	NaN	NaN	GF00000001	Rhodotorula_mucilaginosa_TFCN_17-291Y-1.cds.fa_01972	Rhodotorula_mucilaginosa_TFCN_17-291Y-1.cds.fa_04113	NaN	NaN	NaN	NaN	NaN	NaN	NaN	NaN	TFCN17291Y1_001982-T1	TFCN17291Y1_004154-T1
TFCN17291Y1_001982-T1__TFCN17291Y1_005063-T1	NaN	NaN	NaN	NaN	NaN	NaN	NaN	NaN	GF00000001	Rhodotorula_mucilaginosa_TFCN_17-291Y-1.cds.fa_01972	Rhodotorula_mucilaginosa_TFCN_17-291Y-1.cds.fa_05008	NaN	NaN	NaN	NaN	NaN	NaN	NaN	NaN	TFCN17291Y1_001982-T1	TFCN17291Y1_005063-T1
TFCN17291Y1_001982-T1__TFCN17291Y1_005676-T1	NaN	NaN	NaN	NaN	NaN	NaN	NaN	NaN	GF00000001	Rhodotorula_mucilaginosa_TFCN_17-291Y-1.cds.fa_01972	Rhodotorula_mucilaginosa_TFCN_17-291Y-1.cds.fa_05611	NaN	NaN	NaN	NaN	NaN	NaN	NaN	NaN	TFCN17291Y1_001982-T1	TFCN17291Y1_005676-T1
TFCN17291Y1_001982-T1__TFCN17291Y1_004264-T1	NaN	NaN	NaN	NaN	NaN	NaN	NaN	NaN	GF00000001	Rhodotorula_mucilaginosa_TFCN_17-291Y-1.cds.fa_01972	Rhodotorula_mucilaginosa_TFCN_17-291Y-1.cds.fa_04223	NaN	NaN	NaN	NaN	NaN	NaN	NaN	NaN	TFCN17291Y1_001982-T1	TFCN17291Y1_004264-T1
TFCN17291Y1_001982-T1__TFCN17291Y1_002624-T1	NaN	NaN	NaN	NaN	NaN	NaN	NaN	NaN	GF00000001	Rhodotorula_mucilaginosa_TFCN_17-291Y-1.cds.fa_01972	Rhodotorula_mucilaginosa_TFCN_17-291Y-1.cds.fa_02607	NaN	NaN	NaN	NaN	NaN	NaN	NaN	NaN	TFCN17291Y1_001982-T1	TFCN17291Y1_002624-T1
TFCN17291Y1_001982-T1__TFCN17291Y1_002759-T1	NaN	NaN	NaN	NaN	NaN	NaN	NaN	NaN	GF00000001	Rhodotorula_mucilaginosa_TFCN_17-291Y-1.cds.fa_01972	Rhodotorula_mucilaginosa_TFCN_17-291Y-1.cds.fa_02734	NaN	NaN	NaN	NaN	NaN	NaN	NaN	NaN	TFCN17291Y1_001982-T1	TFCN17291Y1_002759-T1
TFCN17291Y1_001982-T1__TFCN17291Y1_011352-T1	NaN	NaN	NaN	NaN	NaN	NaN	NaN	NaN	GF00000001	Rhodotorula_mucilaginosa_TFCN_17-291Y-1.cds.fa_01972	Rhodotorula_mucilaginosa_TFCN_17-291Y-1.cds.fa_11199	NaN	NaN	NaN	NaN	NaN	NaN	NaN	NaN	TFCN17291Y1_001982-T1	TFCN17291Y1_011352-T1
TFCN17291Y1_001982-T1__TFCN17291Y1_004778-T1	NaN	NaN	NaN	NaN	NaN	NaN	NaN	NaN	GF00000001	Rhodotorula_mucilaginosa_TFCN_17-291Y-1.cds.fa_01972	Rhodotorula_mucilaginosa_TFCN_17-291Y-1.cds.fa_04730	NaN	NaN	NaN	NaN	NaN	NaN	NaN	NaN	TFCN17291Y1_001982-T1	TFCN17291Y1_004778-T1
TFCN17291Y1_001982-T1__TFCN17291Y1_002450-T1	NaN	NaN	NaN	NaN	NaN	NaN	NaN	NaN	GF00000001	Rhodotorula_mucilaginosa_TFCN_17-291Y-1.cds.fa_01972	Rhodotorula_mucilaginosa_TFCN_17-291Y-1.cds.fa_02438	NaN	NaN	NaN	NaN	NaN	NaN	NaN	NaN	TFCN17291Y1_001982-T1	TFCN17291Y1_002450-T1
TFCN17291Y1_001982-T1__TFCN17291Y1_012280-T1	NaN	NaN	NaN	NaN	NaN	NaN	NaN	NaN	GF00000001	Rhodotorula_mucilaginosa_TFCN_17-291Y-1.cds.fa_01972	Rhodotorula_mucilaginosa_TFCN_17-291Y-1.cds.fa_12094	NaN	NaN	NaN	NaN	NaN	NaN	NaN	NaN	TFCN17291Y1_001982-T1	TFCN17291Y1_012280-T1
TFCN17291Y1_001982-T1__TFCN17291Y1_004195-T1	NaN	NaN	NaN	NaN	NaN	NaN	NaN	NaN	GF00000001	Rhodotorula_mucilaginosa_TFCN_17-291Y-1.cds.fa_01972	Rhodotorula_mucilaginosa_TFCN_17-291Y-1.cds.fa_04154	NaN	NaN	NaN	NaN	NaN	NaN	NaN	NaN	TFCN17291Y1_001982-T1	TFCN17291Y1_004195-T1
TFCN17291Y1_001982-T1__TFCN17291Y1_002048-T1	NaN	NaN	NaN	NaN	NaN	NaN	NaN	NaN	GF00000001	Rhodotorula_mucilaginosa_TFCN_17-291Y-1.cds.fa_01972	Rhodotorula_mucilaginosa_TFCN_17-291Y-1.cds.fa_02038	NaN	NaN	NaN	NaN	NaN	NaN	NaN	NaN	TFCN17291Y1_001982-T1	TFCN17291Y1_002048-T1
TFCN17291Y1_001982-T1__TFCN17291Y1_009250-T1	NaN	NaN	NaN	NaN	NaN	NaN	NaN	NaN	GF00000001	Rhodotorula_mucilaginosa_TFCN_17-291Y-1.cds.fa_01972	Rhodotorula_mucilaginosa_TFCN_17-291Y-1.cds.fa_09131	NaN	NaN	NaN	NaN	NaN	NaN	NaN	NaN	TFCN17291Y1_001982-T1	TFCN17291Y1_009250-T1
TFCN17291Y1_001625-T1__TFCN17291Y1_001982-T1	NaN	NaN	NaN	NaN	NaN	NaN	NaN	NaN	GF00000001	Rhodotorula_mucilaginosa_TFCN_17-291Y-1.cds.fa_01972	Rhodotorula_mucilaginosa_TFCN_17-291Y-1.cds.fa_01615	NaN	NaN	NaN	NaN	NaN	NaN	NaN	NaN	TFCN17291Y1_001982-T1	TFCN17291Y1_001625-T1
TFCN17291Y1_001982-T1__TFCN17291Y1_003669-T1	NaN	NaN	NaN	NaN	NaN	NaN	NaN	NaN	GF00000001	Rhodotorula_mucilaginosa_TFCN_17-291Y-1.cds.fa_01972	Rhodotorula_mucilaginosa_TFCN_17-291Y-1.cds.fa_03631	NaN	NaN	NaN	NaN	NaN	NaN	NaN	NaN	TFCN17291Y1_001982-T1	TFCN17291Y1_003669-T1
TFCN17291Y1_001982-T1__TFCN17291Y1_004982-T1	NaN	NaN	NaN	NaN	NaN	NaN	NaN	NaN	GF00000001	Rhodotorula_mucilaginosa_TFCN_17-291Y-1.cds.fa_01972	Rhodotorula_mucilaginosa_TFCN_17-291Y-1.cds.fa_04929	NaN	NaN	NaN	NaN	NaN	NaN	NaN	NaN	TFCN17291Y1_001982-T1	TFCN17291Y1_004982-T1
TFCN17291Y1_001982-T1__TFCN17291Y1_008570-T1	NaN	NaN	NaN	NaN	NaN	NaN	NaN	NaN	GF00000001	Rhodotorula_mucilaginosa_TFCN_17-291Y-1.cds.fa_01972	Rhodotorula_mucilaginosa_TFCN_17-291Y-1.cds.fa_08463	NaN	NaN	NaN	NaN	NaN	NaN	NaN	NaN	TFCN17291Y1_001982-T1	TFCN17291Y1_008570-T1
TFCN17291Y1_001982-T1__TFCN17291Y1_009936-T1	NaN	NaN	NaN	NaN	NaN	NaN	NaN	NaN	GF00000001	Rhodotorula_mucilaginosa_TFCN_17-291Y-1.cds.fa_01972	Rhodotorula_mucilaginosa_TFCN_17-291Y-1.cds.fa_09807	NaN	NaN	NaN	NaN	NaN	NaN	NaN	NaN	TFCN17291Y1_001982-T1	TFCN17291Y1_009936-T1
TFCN17291Y1_001982-T1__TFCN17291Y1_008826-T1	NaN	NaN	NaN	NaN	NaN	NaN	NaN	NaN	GF00000001	Rhodotorula_mucilaginosa_TFCN_17-291Y-1.cds.fa_01972	Rhodotorula_mucilaginosa_TFCN_17-291Y-1.cds.fa_08716	NaN	NaN	NaN	NaN	NaN	NaN	NaN	NaN	TFCN17291Y1_001982-T1	TFCN17291Y1_008826-T1
TFCN17291Y1_001835-T1__TFCN17291Y1_001982-T1	NaN	NaN	NaN	NaN	NaN	NaN	NaN	NaN	GF00000001	Rhodotorula_mucilaginosa_TFCN_17-291Y-1.cds.fa_01972	Rhodotorula_mucilaginosa_TFCN_17-291Y-1.cds.fa_01825	NaN	NaN	NaN	NaN	NaN	NaN	NaN	NaN	TFCN17291Y1_001982-T1	TFCN17291Y1_001835-T1
TFCN17291Y1_001982-T1__TFCN17291Y1_005768-T1	NaN	NaN	NaN	NaN	NaN	NaN	NaN	NaN	GF00000001	Rhodotorula_mucilaginosa_TFCN_17-291Y-1.cds.fa_01972	Rhodotorula_mucilaginosa_TFCN_17-291Y-1.cds.fa_05703	NaN	NaN	NaN	NaN	NaN	NaN	NaN	NaN	TFCN17291Y1_001982-T1	TFCN17291Y1_005768-T1
TFCN17291Y1_001982-T1__TFCN17291Y1_010278-T1	NaN	NaN	NaN	NaN	NaN	NaN	NaN	NaN	GF00000001	Rhodotorula_mucilaginosa_TFCN_17-291Y-1.cds.fa_01972	Rhodotorula_mucilaginosa_TFCN_17-291Y-1.cds.fa_10144	NaN	NaN	NaN	NaN	NaN	NaN	NaN	NaN	TFCN17291Y1_001982-T1	TFCN17291Y1_010278-T1
TFCN17291Y1_001901-T1__TFCN17291Y1_001982-T1	NaN	NaN	NaN	NaN	NaN	NaN	NaN	NaN	GF00000001	Rhodotorula_mucilaginosa_TFCN_17-291Y-1.cds.fa_01972	Rhodotorula_mucilaginosa_TFCN_17-291Y-1.cds.fa_01891	NaN	NaN	NaN	NaN	NaN	NaN	NaN	NaN	TFCN17291Y1_001982-T1	TFCN17291Y1_001901-T1
TFCN17291Y1_001982-T1__TFCN17291Y1_009100-T1	NaN	NaN	NaN	NaN	NaN	NaN	NaN	NaN	GF00000001	Rhodotorula_mucilaginosa_TFCN_17-291Y-1.cds.fa_01972	Rhodotorula_mucilaginosa_TFCN_17-291Y-1.cds.fa_08983	NaN	NaN	NaN	NaN	NaN	NaN	NaN	NaN	TFCN17291Y1_001982-T1	TFCN17291Y1_009100-T1
TFCN17291Y1_001982-T1__TFCN17291Y1_007201-T1	NaN	NaN	NaN	NaN	NaN	NaN	NaN	NaN	GF00000001	Rhodotorula_mucilaginosa_TFCN_17-291Y-1.cds.fa_01972	Rhodotorula_mucilaginosa_TFCN_17-291Y-1.cds.fa_07116	NaN	NaN	NaN	NaN	NaN	NaN	NaN	NaN	TFCN17291Y1_001982-T1	TFCN17291Y1_007201-T1
TFCN17291Y1_001982-T1__TFCN17291Y1_012923-T1	NaN	NaN	NaN	NaN	NaN	NaN	NaN	NaN	GF00000001	Rhodotorula_mucilaginosa_TFCN_17-291Y-1.cds.fa_01972	Rhodotorula_mucilaginosa_TFCN_17-291Y-1.cds.fa_12714	NaN	NaN	NaN	NaN	NaN	NaN	NaN	NaN	TFCN17291Y1_001982-T1	TFCN17291Y1_012923-T1
TFCN17291Y1_001982-T1__TFCN17291Y1_007255-T1	NaN	NaN	NaN	NaN	NaN	NaN	NaN	NaN	GF00000001	Rhodotorula_mucilaginosa_TFCN_17-291Y-1.cds.fa_01972	Rhodotorula_mucilaginosa_TFCN_17-291Y-1.cds.fa_07170	NaN	NaN	NaN	NaN	NaN	NaN	NaN	NaN	TFCN17291Y1_001982-T1	TFCN17291Y1_007255-T1
TFCN17291Y1_000299-T1__TFCN17291Y1_001982-T1	NaN	NaN	NaN	NaN	NaN	NaN	NaN	NaN	GF00000001	Rhodotorula_mucilaginosa_TFCN_17-291Y-1.cds.fa_01972	Rhodotorula_mucilaginosa_TFCN_17-291Y-1.cds.fa_00296	NaN	NaN	NaN	NaN	NaN	NaN	NaN	NaN	TFCN17291Y1_001982-T1	TFCN17291Y1_000299-T1
TFCN17291Y1_001982-T1__TFCN17291Y1_007840-T1	NaN	NaN	NaN	NaN	NaN	NaN	NaN	NaN	GF00000001	Rhodotorula_mucilaginosa_TFCN_17-291Y-1.cds.fa_01972	Rhodotorula_mucilaginosa_TFCN_17-291Y-1.cds.fa_07746	NaN	NaN	NaN	NaN	NaN	NaN	NaN	NaN	TFCN17291Y1_001982-T1	TFCN17291Y1_007840-T1
TFCN17291Y1_001982-T1__TFCN17291Y1_010158-T1	NaN	NaN	NaN	NaN	NaN	NaN	NaN	NaN	GF00000001	Rhodotorula_mucilaginosa_TFCN_17-291Y-1.cds.fa_01972	Rhodotorula_mucilaginosa_TFCN_17-291Y-1.cds.fa_10027	NaN	NaN	NaN	NaN	NaN	NaN	NaN	NaN	TFCN17291Y1_001982-T1	TFCN17291Y1_010158-T1
TFCN17291Y1_001982-T1__TFCN17291Y1_002231-T1	NaN	NaN	NaN	NaN	NaN	NaN	NaN	NaN	GF00000001	Rhodotorula_mucilaginosa_TFCN_17-291Y-1.cds.fa_01972	Rhodotorula_mucilaginosa_TFCN_17-291Y-1.cds.fa_02220	NaN	NaN	NaN	NaN	NaN	NaN	NaN	NaN	TFCN17291Y1_001982-T1	TFCN17291Y1_002231-T1
TFCN17291Y1_001095-T1__TFCN17291Y1_001982-T1	NaN	NaN	NaN	NaN	NaN	NaN	NaN	NaN	GF00000001	Rhodotorula_mucilaginosa_TFCN_17-291Y-1.cds.fa_01972	Rhodotorula_mucilaginosa_TFCN_17-291Y-1.cds.fa_01085	NaN	NaN	NaN	NaN	NaN	NaN	NaN	NaN	TFCN17291Y1_001982-T1	TFCN17291Y1_001095-T1
TFCN17291Y1_001094-T1__TFCN17291Y1_001982-T1	NaN	NaN	NaN	NaN	NaN	NaN	NaN	NaN	GF00000001	Rhodotorula_mucilaginosa_TFCN_17-291Y-1.cds.fa_01972	Rhodotorula_mucilaginosa_TFCN_17-291Y-1.cds.fa_01084	NaN	NaN	NaN	NaN	NaN	NaN	NaN	NaN	TFCN17291Y1_001982-T1	TFCN17291Y1_001094-T1
TFCN17291Y1_004154-T1__TFCN17291Y1_005063-T1	NaN	NaN	NaN	NaN	NaN	NaN	NaN	NaN	GF00000001	Rhodotorula_mucilaginosa_TFCN_17-291Y-1.cds.fa_04113	Rhodotorula_mucilaginosa_TFCN_17-291Y-1.cds.fa_05008	NaN	NaN	NaN	NaN	NaN	NaN	NaN	NaN	TFCN17291Y1_004154-T1	TFCN17291Y1_005063-T1
TFCN17291Y1_004154-T1__TFCN17291Y1_005676-T1	NaN	NaN	NaN	NaN	NaN	NaN	NaN	NaN	GF00000001	Rhodotorula_mucilaginosa_TFCN_17-291Y-1.cds.fa_04113	Rhodotorula_mucilaginosa_TFCN_17-291Y-1.cds.fa_05611	NaN	NaN	NaN	NaN	NaN	NaN	NaN	NaN	TFCN17291Y1_004154-T1	TFCN17291Y1_005676-T1
TFCN17291Y1_004154-T1__TFCN17291Y1_004264-T1	NaN	NaN	NaN	NaN	NaN	NaN	NaN	NaN	GF00000001	Rhodotorula_mucilaginosa_TFCN_17-291Y-1.cds.fa_04113	Rhodotorula_mucilaginosa_TFCN_17-291Y-1.cds.fa_04223	NaN	NaN	NaN	NaN	NaN	NaN	NaN	NaN	TFCN17291Y1_004154-T1	TFCN17291Y1_004264-T1
TFCN17291Y1_002624-T1__TFCN17291Y1_004154-T1	NaN	NaN	NaN	NaN	NaN	NaN	NaN	NaN	GF00000001	Rhodotorula_mucilaginosa_TFCN_17-291Y-1.cds.fa_04113	Rhodotorula_mucilaginosa_TFCN_17-291Y-1.cds.fa_02607	NaN	NaN	NaN	NaN	NaN	NaN	NaN	NaN	TFCN17291Y1_004154-T1	TFCN17291Y1_002624-T1
TFCN17291Y1_002759-T1__TFCN17291Y1_004154-T1	NaN	NaN	NaN	NaN	NaN	NaN	NaN	NaN	GF00000001	Rhodotorula_mucilaginosa_TFCN_17-291Y-1.cds.fa_04113	Rhodotorula_mucilaginosa_TFCN_17-291Y-1.cds.fa_02734	NaN	NaN	NaN	NaN	NaN	NaN	NaN	NaN	TFCN17291Y1_004154-T1	TFCN17291Y1_002759-T1
TFCN17291Y1_004154-T1__TFCN17291Y1_011352-T1	NaN	NaN	NaN	NaN	NaN	NaN	NaN	NaN	GF00000001	Rhodotorula_mucilaginosa_TFCN_17-291Y-1.cds.fa_04113	Rhodotorula_mucilaginosa_TFCN_17-291Y-1.cds.fa_11199	NaN	NaN	NaN	NaN	NaN	NaN	NaN	NaN	TFCN17291Y1_004154-T1	TFCN17291Y1_011352-T1
TFCN17291Y1_004154-T1__TFCN17291Y1_004778-T1	NaN	NaN	NaN	NaN	NaN	NaN	NaN	NaN	GF00000001	Rhodotorula_mucilaginosa_TFCN_17-291Y-1.cds.fa_04113	Rhodotorula_mucilaginosa_TFCN_17-291Y-1.cds.fa_04730	NaN	NaN	NaN	NaN	NaN	NaN	NaN	NaN	TFCN17291Y1_004154-T1	TFCN17291Y1_004778-T1
TFCN17291Y1_002450-T1__TFCN17291Y1_004154-T1	NaN	NaN	NaN	NaN	NaN	NaN	NaN	NaN	GF00000001	Rhodotorula_mucilaginosa_TFCN_17-291Y-1.cds.fa_04113	Rhodotorula_mucilaginosa_TFCN_17-291Y-1.cds.fa_02438	NaN	NaN	NaN	NaN	NaN	NaN	NaN	NaN	TFCN17291Y1_004154-T1	TFCN17291Y1_002450-T1
TFCN17291Y1_004154-T1__TFCN17291Y1_012280-T1	NaN	NaN	NaN	NaN	NaN	NaN	NaN	NaN	GF00000001	Rhodotorula_mucilaginosa_TFCN_17-291Y-1.cds.fa_04113	Rhodotorula_mucilaginosa_TFCN_17-291Y-1.cds.fa_12094	NaN	NaN	NaN	NaN	NaN	NaN	NaN	NaN	TFCN17291Y1_004154-T1	TFCN17291Y1_012280-T1
TFCN17291Y1_004154-T1__TFCN17291Y1_004195-T1	NaN	NaN	NaN	NaN	NaN	NaN	NaN	NaN	GF00000001	Rhodotorula_mucilaginosa_TFCN_17-291Y-1.cds.fa_04113	Rhodotorula_mucilaginosa_TFCN_17-291Y-1.cds.fa_04154	NaN	NaN	NaN	NaN	NaN	NaN	NaN	NaN	TFCN17291Y1_004154-T1	TFCN17291Y1_004195-T1
TFCN17291Y1_002048-T1__TFCN17291Y1_004154-T1	NaN	NaN	NaN	NaN	NaN	NaN	NaN	NaN	GF00000001	Rhodotorula_mucilaginosa_TFCN_17-291Y-1.cds.fa_04113	Rhodotorula_mucilaginosa_TFCN_17-291Y-1.cds.fa_02038	NaN	NaN	NaN	NaN	NaN	NaN	NaN	NaN	TFCN17291Y1_004154-T1	TFCN17291Y1_002048-T1
TFCN17291Y1_004154-T1__TFCN17291Y1_009250-T1	NaN	NaN	NaN	NaN	NaN	NaN	NaN	NaN	GF00000001	Rhodotorula_mucilaginosa_TFCN_17-291Y-1.cds.fa_04113	Rhodotorula_mucilaginosa_TFCN_17-291Y-1.cds.fa_09131	NaN	NaN	NaN	NaN	NaN	NaN	NaN	NaN	TFCN17291Y1_004154-T1	TFCN17291Y1_009250-T1
TFCN17291Y1_001625-T1__TFCN17291Y1_004154-T1	NaN	NaN	NaN	NaN	NaN	NaN	NaN	NaN	GF00000001	Rhodotorula_mucilaginosa_TFCN_17-291Y-1.cds.fa_04113	Rhodotorula_mucilaginosa_TFCN_17-291Y-1.cds.fa_01615	NaN	NaN	NaN	NaN	NaN	NaN	NaN	NaN	TFCN17291Y1_004154-T1	TFCN17291Y1_001625-T1
TFCN17291Y1_003669-T1__TFCN17291Y1_004154-T1	NaN	NaN	NaN	NaN	NaN	NaN	NaN	NaN	GF00000001	Rhodotorula_mucilaginosa_TFCN_17-291Y-1.cds.fa_04113	Rhodotorula_mucilaginosa_TFCN_17-291Y-1.cds.fa_03631	NaN	NaN	NaN	NaN	NaN	NaN	NaN	NaN	TFCN17291Y1_004154-T1	TFCN17291Y1_003669-T1
TFCN17291Y1_004154-T1__TFCN17291Y1_004982-T1	NaN	NaN	NaN	NaN	NaN	NaN	NaN	NaN	GF00000001	Rhodotorula_mucilaginosa_TFCN_17-291Y-1.cds.fa_04113	Rhodotorula_mucilaginosa_TFCN_17-291Y-1.cds.fa_04929	NaN	NaN	NaN	NaN	NaN	NaN	NaN	NaN	TFCN17291Y1_004154-T1	TFCN17291Y1_004982-T1
TFCN17291Y1_004154-T1__TFCN17291Y1_008570-T1	NaN	NaN	NaN	NaN	NaN	NaN	NaN	NaN	GF00000001	Rhodotorula_mucilaginosa_TFCN_17-291Y-1.cds.fa_04113	Rhodotorula_mucilaginosa_TFCN_17-291Y-1.cds.fa_08463	NaN	NaN	NaN	NaN	NaN	NaN	NaN	NaN	TFCN17291Y1_004154-T1	TFCN17291Y1_008570-T1
TFCN17291Y1_004154-T1__TFCN17291Y1_009936-T1	NaN	NaN	NaN	NaN	NaN	NaN	NaN	NaN	GF00000001	Rhodotorula_mucilaginosa_TFCN_17-291Y-1.cds.fa_04113	Rhodotorula_mucilaginosa_TFCN_17-291Y-1.cds.fa_09807	NaN	NaN	NaN	NaN	NaN	NaN	NaN	NaN	TFCN17291Y1_004154-T1	TFCN17291Y1_009936-T1
TFCN17291Y1_004154-T1__TFCN17291Y1_008826-T1	NaN	NaN	NaN	NaN	NaN	NaN	NaN	NaN	GF00000001	Rhodotorula_mucilaginosa_TFCN_17-291Y-1.cds.fa_04113	Rhodotorula_mucilaginosa_TFCN_17-291Y-1.cds.fa_08716	NaN	NaN	NaN	NaN	NaN	NaN	NaN	NaN	TFCN17291Y1_004154-T1	TFCN17291Y1_008826-T1
TFCN17291Y1_001835-T1__TFCN17291Y1_004154-T1	NaN	NaN	NaN	NaN	NaN	NaN	NaN	NaN	GF00000001	Rhodotorula_mucilaginosa_TFCN_17-291Y-1.cds.fa_04113	Rhodotorula_mucilaginosa_TFCN_17-291Y-1.cds.fa_01825	NaN	NaN	NaN	NaN	NaN	NaN	NaN	NaN	TFCN17291Y1_004154-T1	TFCN17291Y1_001835-T1
TFCN17291Y1_004154-T1__TFCN17291Y1_005768-T1	NaN	NaN	NaN	NaN	NaN	NaN	NaN	NaN	GF00000001	Rhodotorula_mucilaginosa_TFCN_17-291Y-1.cds.fa_04113	Rhodotorula_mucilaginosa_TFCN_17-291Y-1.cds.fa_05703	NaN	NaN	NaN	NaN	NaN	NaN	NaN	NaN	TFCN17291Y1_004154-T1	TFCN17291Y1_005768-T1
TFCN17291Y1_004154-T1__TFCN17291Y1_010278-T1	NaN	NaN	NaN	NaN	NaN	NaN	NaN	NaN	GF00000001	Rhodotorula_mucilaginosa_TFCN_17-291Y-1.cds.fa_04113	Rhodotorula_mucilaginosa_TFCN_17-291Y-1.cds.fa_10144	NaN	NaN	NaN	NaN	NaN	NaN	NaN	NaN	TFCN17291Y1_004154-T1	TFCN17291Y1_010278-T1
TFCN17291Y1_001901-T1__TFCN17291Y1_004154-T1	NaN	NaN	NaN	NaN	NaN	NaN	NaN	NaN	GF00000001	Rhodotorula_mucilaginosa_TFCN_17-291Y-1.cds.fa_04113	Rhodotorula_mucilaginosa_TFCN_17-291Y-1.cds.fa_01891	NaN	NaN	NaN	NaN	NaN	NaN	NaN	NaN	TFCN17291Y1_004154-T1	TFCN17291Y1_001901-T1
TFCN17291Y1_004154-T1__TFCN17291Y1_009100-T1	NaN	NaN	NaN	NaN	NaN	NaN	NaN	NaN	GF00000001	Rhodotorula_mucilaginosa_TFCN_17-291Y-1.cds.fa_04113	Rhodotorula_mucilaginosa_TFCN_17-291Y-1.cds.fa_08983	NaN	NaN	NaN	NaN	NaN	NaN	NaN	NaN	TFCN17291Y1_004154-T1	TFCN17291Y1_009100-T1
TFCN17291Y1_004154-T1__TFCN17291Y1_007201-T1	NaN	NaN	NaN	NaN	NaN	NaN	NaN	NaN	GF00000001	Rhodotorula_mucilaginosa_TFCN_17-291Y-1.cds.fa_04113	Rhodotorula_mucilaginosa_TFCN_17-291Y-1.cds.fa_07116	NaN	NaN	NaN	NaN	NaN	NaN	NaN	NaN	TFCN17291Y1_004154-T1	TFCN17291Y1_007201-T1
TFCN17291Y1_004154-T1__TFCN17291Y1_012923-T1	NaN	NaN	NaN	NaN	NaN	NaN	NaN	NaN	GF00000001	Rhodotorula_mucilaginosa_TFCN_17-291Y-1.cds.fa_04113	Rhodotorula_mucilaginosa_TFCN_17-291Y-1.cds.fa_12714	NaN	NaN	NaN	NaN	NaN	NaN	NaN	NaN	TFCN17291Y1_004154-T1	TFCN17291Y1_012923-T1
TFCN17291Y1_004154-T1__TFCN17291Y1_007255-T1	NaN	NaN	NaN	NaN	NaN	NaN	NaN	NaN	GF00000001	Rhodotorula_mucilaginosa_TFCN_17-291Y-1.cds.fa_04113	Rhodotorula_mucilaginosa_TFCN_17-291Y-1.cds.fa_07170	NaN	NaN	NaN	NaN	NaN	NaN	NaN	NaN	TFCN17291Y1_004154-T1	TFCN17291Y1_007255-T1
TFCN17291Y1_000299-T1__TFCN17291Y1_004154-T1	NaN	NaN	NaN	NaN	NaN	NaN	NaN	NaN	GF00000001	Rhodotorula_mucilaginosa_TFCN_17-291Y-1.cds.fa_04113	Rhodotorula_mucilaginosa_TFCN_17-291Y-1.cds.fa_00296	NaN	NaN	NaN	NaN	NaN	NaN	NaN	NaN	TFCN17291Y1_004154-T1	TFCN17291Y1_000299-T1
TFCN17291Y1_004154-T1__TFCN17291Y1_007840-T1	NaN	NaN	NaN	NaN	NaN	NaN	NaN	NaN	GF00000001	Rhodotorula_mucilaginosa_TFCN_17-291Y-1.cds.fa_04113	Rhodotorula_mucilaginosa_TFCN_17-291Y-1.cds.fa_07746	NaN	NaN	NaN	NaN	NaN	NaN	NaN	NaN	TFCN17291Y1_004154-T1	TFCN17291Y1_007840-T1
TFCN17291Y1_004154-T1__TFCN17291Y1_010158-T1	NaN	NaN	NaN	NaN	NaN	NaN	NaN	NaN	GF00000001	Rhodotorula_mucilaginosa_TFCN_17-291Y-1.cds.fa_04113	Rhodotorula_mucilaginosa_TFCN_17-291Y-1.cds.fa_10027	NaN	NaN	NaN	NaN	NaN	NaN	NaN	NaN	TFCN17291Y1_004154-T1	TFCN17291Y1_010158-T1
TFCN17291Y1_002231-T1__TFCN17291Y1_004154-T1	NaN	NaN	NaN	NaN	NaN	NaN	NaN	NaN	GF00000001	Rhodotorula_mucilaginosa_TFCN_17-291Y-1.cds.fa_04113	Rhodotorula_mucilaginosa_TFCN_17-291Y-1.cds.fa_02220	NaN	NaN	NaN	NaN	NaN	NaN	NaN	NaN	TFCN17291Y1_004154-T1	TFCN17291Y1_002231-T1
TFCN17291Y1_001095-T1__TFCN17291Y1_004154-T1	NaN	NaN	NaN	NaN	NaN	NaN	NaN	NaN	GF00000001	Rhodotorula_mucilaginosa_TFCN_17-291Y-1.cds.fa_04113	Rhodotorula_mucilaginosa_TFCN_17-291Y-1.cds.fa_01085	NaN	NaN	NaN	NaN	NaN	NaN	NaN	NaN	TFCN17291Y1_004154-T1	TFCN17291Y1_001095-T1
TFCN17291Y1_001094-T1__TFCN17291Y1_004154-T1	NaN	NaN	NaN	NaN	NaN	NaN	NaN	NaN	GF00000001	Rhodotorula_mucilaginosa_TFCN_17-291Y-1.cds.fa_04113	Rhodotorula_mucilaginosa_TFCN_17-291Y-1.cds.fa_01084	NaN	NaN	NaN	NaN	NaN	NaN	NaN	NaN	TFCN17291Y1_004154-T1	TFCN17291Y1_001094-T1
TFCN17291Y1_005063-T1__TFCN17291Y1_005676-T1	NaN	NaN	NaN	NaN	NaN	NaN	NaN	NaN	GF00000001	Rhodotorula_mucilaginosa_TFCN_17-291Y-1.cds.fa_05008	Rhodotorula_mucilaginosa_TFCN_17-291Y-1.cds.fa_05611	NaN	NaN	NaN	NaN	NaN	NaN	NaN	NaN	TFCN17291Y1_005063-T1	TFCN17291Y1_005676-T1
TFCN17291Y1_004264-T1__TFCN17291Y1_005063-T1	NaN	NaN	NaN	NaN	NaN	NaN	NaN	NaN	GF00000001	Rhodotorula_mucilaginosa_TFCN_17-291Y-1.cds.fa_05008	Rhodotorula_mucilaginosa_TFCN_17-291Y-1.cds.fa_04223	NaN	NaN	NaN	NaN	NaN	NaN	NaN	NaN	TFCN17291Y1_005063-T1	TFCN17291Y1_004264-T1
TFCN17291Y1_002624-T1__TFCN17291Y1_005063-T1	NaN	NaN	NaN	NaN	NaN	NaN	NaN	NaN	GF00000001	Rhodotorula_mucilaginosa_TFCN_17-291Y-1.cds.fa_05008	Rhodotorula_mucilaginosa_TFCN_17-291Y-1.cds.fa_02607	NaN	NaN	NaN	NaN	NaN	NaN	NaN	NaN	TFCN17291Y1_005063-T1	TFCN17291Y1_002624-T1
TFCN17291Y1_002759-T1__TFCN17291Y1_005063-T1	NaN	NaN	NaN	NaN	NaN	NaN	NaN	NaN	GF00000001	Rhodotorula_mucilaginosa_TFCN_17-291Y-1.cds.fa_05008	Rhodotorula_mucilaginosa_TFCN_17-291Y-1.cds.fa_02734	NaN	NaN	NaN	NaN	NaN	NaN	NaN	NaN	TFCN17291Y1_005063-T1	TFCN17291Y1_002759-T1
TFCN17291Y1_005063-T1__TFCN17291Y1_011352-T1	NaN	NaN	NaN	NaN	NaN	NaN	NaN	NaN	GF00000001	Rhodotorula_mucilaginosa_TFCN_17-291Y-1.cds.fa_05008	Rhodotorula_mucilaginosa_TFCN_17-291Y-1.cds.fa_11199	NaN	NaN	NaN	NaN	NaN	NaN	NaN	NaN	TFCN17291Y1_005063-T1	TFCN17291Y1_011352-T1
TFCN17291Y1_004778-T1__TFCN17291Y1_005063-T1	NaN	NaN	NaN	NaN	NaN	NaN	NaN	NaN	GF00000001	Rhodotorula_mucilaginosa_TFCN_17-291Y-1.cds.fa_05008	Rhodotorula_mucilaginosa_TFCN_17-291Y-1.cds.fa_04730	NaN	NaN	NaN	NaN	NaN	NaN	NaN	NaN	TFCN17291Y1_005063-T1	TFCN17291Y1_004778-T1
TFCN17291Y1_002450-T1__TFCN17291Y1_005063-T1	NaN	NaN	NaN	NaN	NaN	NaN	NaN	NaN	GF00000001	Rhodotorula_mucilaginosa_TFCN_17-291Y-1.cds.fa_05008	Rhodotorula_mucilaginosa_TFCN_17-291Y-1.cds.fa_02438	NaN	NaN	NaN	NaN	NaN	NaN	NaN	NaN	TFCN17291Y1_005063-T1	TFCN17291Y1_002450-T1
TFCN17291Y1_005063-T1__TFCN17291Y1_012280-T1	NaN	NaN	NaN	NaN	NaN	NaN	NaN	NaN	GF00000001	Rhodotorula_mucilaginosa_TFCN_17-291Y-1.cds.fa_05008	Rhodotorula_mucilaginosa_TFCN_17-291Y-1.cds.fa_12094	NaN	NaN	NaN	NaN	NaN	NaN	NaN	NaN	TFCN17291Y1_005063-T1	TFCN17291Y1_012280-T1
TFCN17291Y1_004195-T1__TFCN17291Y1_005063-T1	NaN	NaN	NaN	NaN	NaN	NaN	NaN	NaN	GF00000001	Rhodotorula_mucilaginosa_TFCN_17-291Y-1.cds.fa_05008	Rhodotorula_mucilaginosa_TFCN_17-291Y-1.cds.fa_04154	NaN	NaN	NaN	NaN	NaN	NaN	NaN	NaN	TFCN17291Y1_005063-T1	TFCN17291Y1_004195-T1
TFCN17291Y1_002048-T1__TFCN17291Y1_005063-T1	NaN	NaN	NaN	NaN	NaN	NaN	NaN	NaN	GF00000001	Rhodotorula_mucilaginosa_TFCN_17-291Y-1.cds.fa_05008	Rhodotorula_mucilaginosa_TFCN_17-291Y-1.cds.fa_02038	NaN	NaN	NaN	NaN	NaN	NaN	NaN	NaN	TFCN17291Y1_005063-T1	TFCN17291Y1_002048-T1
TFCN17291Y1_005063-T1__TFCN17291Y1_009250-T1	NaN	NaN	NaN	NaN	NaN	NaN	NaN	NaN	GF00000001	Rhodotorula_mucilaginosa_TFCN_17-291Y-1.cds.fa_05008	Rhodotorula_mucilaginosa_TFCN_17-291Y-1.cds.fa_09131	NaN	NaN	NaN	NaN	NaN	NaN	NaN	NaN	TFCN17291Y1_005063-T1	TFCN17291Y1_009250-T1
TFCN17291Y1_001625-T1__TFCN17291Y1_005063-T1	NaN	NaN	NaN	NaN	NaN	NaN	NaN	NaN	GF00000001	Rhodotorula_mucilaginosa_TFCN_17-291Y-1.cds.fa_05008	Rhodotorula_mucilaginosa_TFCN_17-291Y-1.cds.fa_01615	NaN	NaN	NaN	NaN	NaN	NaN	NaN	NaN	TFCN17291Y1_005063-T1	TFCN17291Y1_001625-T1
TFCN17291Y1_003669-T1__TFCN17291Y1_005063-T1	NaN	NaN	NaN	NaN	NaN	NaN	NaN	NaN	GF00000001	Rhodotorula_mucilaginosa_TFCN_17-291Y-1.cds.fa_05008	Rhodotorula_mucilaginosa_TFCN_17-291Y-1.cds.fa_03631	NaN	NaN	NaN	NaN	NaN	NaN	NaN	NaN	TFCN17291Y1_005063-T1	TFCN17291Y1_003669-T1
TFCN17291Y1_004982-T1__TFCN17291Y1_005063-T1	NaN	NaN	NaN	NaN	NaN	NaN	NaN	NaN	GF00000001	Rhodotorula_mucilaginosa_TFCN_17-291Y-1.cds.fa_05008	Rhodotorula_mucilaginosa_TFCN_17-291Y-1.cds.fa_04929	NaN	NaN	NaN	NaN	NaN	NaN	NaN	NaN	TFCN17291Y1_005063-T1	TFCN17291Y1_004982-T1
TFCN17291Y1_005063-T1__TFCN17291Y1_008570-T1	NaN	NaN	NaN	NaN	NaN	NaN	NaN	NaN	GF00000001	Rhodotorula_mucilaginosa_TFCN_17-291Y-1.cds.fa_05008	Rhodotorula_mucilaginosa_TFCN_17-291Y-1.cds.fa_08463	NaN	NaN	NaN	NaN	NaN	NaN	NaN	NaN	TFCN17291Y1_005063-T1	TFCN17291Y1_008570-T1
TFCN17291Y1_005063-T1__TFCN17291Y1_009936-T1	NaN	NaN	NaN	NaN	NaN	NaN	NaN	NaN	GF00000001	Rhodotorula_mucilaginosa_TFCN_17-291Y-1.cds.fa_05008	Rhodotorula_mucilaginosa_TFCN_17-291Y-1.cds.fa_09807	NaN	NaN	NaN	NaN	NaN	NaN	NaN	NaN	TFCN17291Y1_005063-T1	TFCN17291Y1_009936-T1
TFCN17291Y1_005063-T1__TFCN17291Y1_008826-T1	NaN	NaN	NaN	NaN	NaN	NaN	NaN	NaN	GF00000001	Rhodotorula_mucilaginosa_TFCN_17-291Y-1.cds.fa_05008	Rhodotorula_mucilaginosa_TFCN_17-291Y-1.cds.fa_08716	NaN	NaN	NaN	NaN	NaN	NaN	NaN	NaN	TFCN17291Y1_005063-T1	TFCN17291Y1_008826-T1
TFCN17291Y1_001835-T1__TFCN17291Y1_005063-T1	NaN	NaN	NaN	NaN	NaN	NaN	NaN	NaN	GF00000001	Rhodotorula_mucilaginosa_TFCN_17-291Y-1.cds.fa_05008	Rhodotorula_mucilaginosa_TFCN_17-291Y-1.cds.fa_01825	NaN	NaN	NaN	NaN	NaN	NaN	NaN	NaN	TFCN17291Y1_005063-T1	TFCN17291Y1_001835-T1
TFCN17291Y1_005063-T1__TFCN17291Y1_005768-T1	NaN	NaN	NaN	NaN	NaN	NaN	NaN	NaN	GF00000001	Rhodotorula_mucilaginosa_TFCN_17-291Y-1.cds.fa_05008	Rhodotorula_mucilaginosa_TFCN_17-291Y-1.cds.fa_05703	NaN	NaN	NaN	NaN	NaN	NaN	NaN	NaN	TFCN17291Y1_005063-T1	TFCN17291Y1_005768-T1
TFCN17291Y1_005063-T1__TFCN17291Y1_010278-T1	NaN	NaN	NaN	NaN	NaN	NaN	NaN	NaN	GF00000001	Rhodotorula_mucilaginosa_TFCN_17-291Y-1.cds.fa_05008	Rhodotorula_mucilaginosa_TFCN_17-291Y-1.cds.fa_10144	NaN	NaN	NaN	NaN	NaN	NaN	NaN	NaN	TFCN17291Y1_005063-T1	TFCN17291Y1_010278-T1
TFCN17291Y1_001901-T1__TFCN17291Y1_005063-T1	NaN	NaN	NaN	NaN	NaN	NaN	NaN	NaN	GF00000001	Rhodotorula_mucilaginosa_TFCN_17-291Y-1.cds.fa_05008	Rhodotorula_mucilaginosa_TFCN_17-291Y-1.cds.fa_01891	NaN	NaN	NaN	NaN	NaN	NaN	NaN	NaN	TFCN17291Y1_005063-T1	TFCN17291Y1_001901-T1
TFCN17291Y1_005063-T1__TFCN17291Y1_009100-T1	NaN	NaN	NaN	NaN	NaN	NaN	NaN	NaN	GF00000001	Rhodotorula_mucilaginosa_TFCN_17-291Y-1.cds.fa_05008	Rhodotorula_mucilaginosa_TFCN_17-291Y-1.cds.fa_08983	NaN	NaN	NaN	NaN	NaN	NaN	NaN	NaN	TFCN17291Y1_005063-T1	TFCN17291Y1_009100-T1
TFCN17291Y1_005063-T1__TFCN17291Y1_007201-T1	NaN	NaN	NaN	NaN	NaN	NaN	NaN	NaN	GF00000001	Rhodotorula_mucilaginosa_TFCN_17-291Y-1.cds.fa_05008	Rhodotorula_mucilaginosa_TFCN_17-291Y-1.cds.fa_07116	NaN	NaN	NaN	NaN	NaN	NaN	NaN	NaN	TFCN17291Y1_005063-T1	TFCN17291Y1_007201-T1
TFCN17291Y1_005063-T1__TFCN17291Y1_012923-T1	NaN	NaN	NaN	NaN	NaN	NaN	NaN	NaN	GF00000001	Rhodotorula_mucilaginosa_TFCN_17-291Y-1.cds.fa_05008	Rhodotorula_mucilaginosa_TFCN_17-291Y-1.cds.fa_12714	NaN	NaN	NaN	NaN	NaN	NaN	NaN	NaN	TFCN17291Y1_005063-T1	TFCN17291Y1_012923-T1
TFCN17291Y1_005063-T1__TFCN17291Y1_007255-T1	NaN	NaN	NaN	NaN	NaN	NaN	NaN	NaN	GF00000001	Rhodotorula_mucilaginosa_TFCN_17-291Y-1.cds.fa_05008	Rhodotorula_mucilaginosa_TFCN_17-291Y-1.cds.fa_07170	NaN	NaN	NaN	NaN	NaN	NaN	NaN	NaN	TFCN17291Y1_005063-T1	TFCN17291Y1_007255-T1
TFCN17291Y1_000299-T1__TFCN17291Y1_005063-T1	NaN	NaN	NaN	NaN	NaN	NaN	NaN	NaN	GF00000001	Rhodotorula_mucilaginosa_TFCN_17-291Y-1.cds.fa_05008	Rhodotorula_mucilaginosa_TFCN_17-291Y-1.cds.fa_00296	NaN	NaN	NaN	NaN	NaN	NaN	NaN	NaN	TFCN17291Y1_005063-T1	TFCN17291Y1_000299-T1
TFCN17291Y1_005063-T1__TFCN17291Y1_007840-T1	NaN	NaN	NaN	NaN	NaN	NaN	NaN	NaN	GF00000001	Rhodotorula_mucilaginosa_TFCN_17-291Y-1.cds.fa_05008	Rhodotorula_mucilaginosa_TFCN_17-291Y-1.cds.fa_07746	NaN	NaN	NaN	NaN	NaN	NaN	NaN	NaN	TFCN17291Y1_005063-T1	TFCN17291Y1_007840-T1
TFCN17291Y1_005063-T1__TFCN17291Y1_010158-T1	NaN	NaN	NaN	NaN	NaN	NaN	NaN	NaN	GF00000001	Rhodotorula_mucilaginosa_TFCN_17-291Y-1.cds.fa_05008	Rhodotorula_mucilaginosa_TFCN_17-291Y-1.cds.fa_10027	NaN	NaN	NaN	NaN	NaN	NaN	NaN	NaN	TFCN17291Y1_005063-T1	TFCN17291Y1_010158-T1
TFCN17291Y1_002231-T1__TFCN17291Y1_005063-T1	NaN	NaN	NaN	NaN	NaN	NaN	NaN	NaN	GF00000001	Rhodotorula_mucilaginosa_TFCN_17-291Y-1.cds.fa_05008	Rhodotorula_mucilaginosa_TFCN_17-291Y-1.cds.fa_02220	NaN	NaN	NaN	NaN	NaN	NaN	NaN	NaN	TFCN17291Y1_005063-T1	TFCN17291Y1_002231-T1
TFCN17291Y1_001095-T1__TFCN17291Y1_005063-T1	NaN	NaN	NaN	NaN	NaN	NaN	NaN	NaN	GF00000001	Rhodotorula_mucilaginosa_TFCN_17-291Y-1.cds.fa_05008	Rhodotorula_mucilaginosa_TFCN_17-291Y-1.cds.fa_01085	NaN	NaN	NaN	NaN	NaN	NaN	NaN	NaN	TFCN17291Y1_005063-T1	TFCN17291Y1_001095-T1
TFCN17291Y1_001094-T1__TFCN17291Y1_005063-T1	NaN	NaN	NaN	NaN	NaN	NaN	NaN	NaN	GF00000001	Rhodotorula_mucilaginosa_TFCN_17-291Y-1.cds.fa_05008	Rhodotorula_mucilaginosa_TFCN_17-291Y-1.cds.fa_01084	NaN	NaN	NaN	NaN	NaN	NaN	NaN	NaN	TFCN17291Y1_005063-T1	TFCN17291Y1_001094-T1
TFCN17291Y1_004264-T1__TFCN17291Y1_005676-T1	NaN	NaN	NaN	NaN	NaN	NaN	NaN	NaN	GF00000001	Rhodotorula_mucilaginosa_TFCN_17-291Y-1.cds.fa_05611	Rhodotorula_mucilaginosa_TFCN_17-291Y-1.cds.fa_04223	NaN	NaN	NaN	NaN	NaN	NaN	NaN	NaN	TFCN17291Y1_005676-T1	TFCN17291Y1_004264-T1
TFCN17291Y1_002624-T1__TFCN17291Y1_005676-T1	NaN	NaN	NaN	NaN	NaN	NaN	NaN	NaN	GF00000001	Rhodotorula_mucilaginosa_TFCN_17-291Y-1.cds.fa_05611	Rhodotorula_mucilaginosa_TFCN_17-291Y-1.cds.fa_02607	NaN	NaN	NaN	NaN	NaN	NaN	NaN	NaN	TFCN17291Y1_005676-T1	TFCN17291Y1_002624-T1
TFCN17291Y1_002759-T1__TFCN17291Y1_005676-T1	NaN	NaN	NaN	NaN	NaN	NaN	NaN	NaN	GF00000001	Rhodotorula_mucilaginosa_TFCN_17-291Y-1.cds.fa_05611	Rhodotorula_mucilaginosa_TFCN_17-291Y-1.cds.fa_02734	NaN	NaN	NaN	NaN	NaN	NaN	NaN	NaN	TFCN17291Y1_005676-T1	TFCN17291Y1_002759-T1
TFCN17291Y1_005676-T1__TFCN17291Y1_011352-T1	NaN	NaN	NaN	NaN	NaN	NaN	NaN	NaN	GF00000001	Rhodotorula_mucilaginosa_TFCN_17-291Y-1.cds.fa_05611	Rhodotorula_mucilaginosa_TFCN_17-291Y-1.cds.fa_11199	NaN	NaN	NaN	NaN	NaN	NaN	NaN	NaN	TFCN17291Y1_005676-T1	TFCN17291Y1_011352-T1
TFCN17291Y1_004778-T1__TFCN17291Y1_005676-T1	NaN	NaN	NaN	NaN	NaN	NaN	NaN	NaN	GF00000001	Rhodotorula_mucilaginosa_TFCN_17-291Y-1.cds.fa_05611	Rhodotorula_mucilaginosa_TFCN_17-291Y-1.cds.fa_04730	NaN	NaN	NaN	NaN	NaN	NaN	NaN	NaN	TFCN17291Y1_005676-T1	TFCN17291Y1_004778-T1
TFCN17291Y1_002450-T1__TFCN17291Y1_005676-T1	NaN	NaN	NaN	NaN	NaN	NaN	NaN	NaN	GF00000001	Rhodotorula_mucilaginosa_TFCN_17-291Y-1.cds.fa_05611	Rhodotorula_mucilaginosa_TFCN_17-291Y-1.cds.fa_02438	NaN	NaN	NaN	NaN	NaN	NaN	NaN	NaN	TFCN17291Y1_005676-T1	TFCN17291Y1_002450-T1
TFCN17291Y1_005676-T1__TFCN17291Y1_012280-T1	NaN	NaN	NaN	NaN	NaN	NaN	NaN	NaN	GF00000001	Rhodotorula_mucilaginosa_TFCN_17-291Y-1.cds.fa_05611	Rhodotorula_mucilaginosa_TFCN_17-291Y-1.cds.fa_12094	NaN	NaN	NaN	NaN	NaN	NaN	NaN	NaN	TFCN17291Y1_005676-T1	TFCN17291Y1_012280-T1
TFCN17291Y1_004195-T1__TFCN17291Y1_005676-T1	NaN	NaN	NaN	NaN	NaN	NaN	NaN	NaN	GF00000001	Rhodotorula_mucilaginosa_TFCN_17-291Y-1.cds.fa_05611	Rhodotorula_mucilaginosa_TFCN_17-291Y-1.cds.fa_04154	NaN	NaN	NaN	NaN	NaN	NaN	NaN	NaN	TFCN17291Y1_005676-T1	TFCN17291Y1_004195-T1
TFCN17291Y1_002048-T1__TFCN17291Y1_005676-T1	NaN	NaN	NaN	NaN	NaN	NaN	NaN	NaN	GF00000001	Rhodotorula_mucilaginosa_TFCN_17-291Y-1.cds.fa_05611	Rhodotorula_mucilaginosa_TFCN_17-291Y-1.cds.fa_02038	NaN	NaN	NaN	NaN	NaN	NaN	NaN	NaN	TFCN17291Y1_005676-T1	TFCN17291Y1_002048-T1
TFCN17291Y1_005676-T1__TFCN17291Y1_009250-T1	NaN	NaN	NaN	NaN	NaN	NaN	NaN	NaN	GF00000001	Rhodotorula_mucilaginosa_TFCN_17-291Y-1.cds.fa_05611	Rhodotorula_mucilaginosa_TFCN_17-291Y-1.cds.fa_09131	NaN	NaN	NaN	NaN	NaN	NaN	NaN	NaN	TFCN17291Y1_005676-T1	TFCN17291Y1_009250-T1
TFCN17291Y1_001625-T1__TFCN17291Y1_005676-T1	NaN	NaN	NaN	NaN	NaN	NaN	NaN	NaN	GF00000001	Rhodotorula_mucilaginosa_TFCN_17-291Y-1.cds.fa_05611	Rhodotorula_mucilaginosa_TFCN_17-291Y-1.cds.fa_01615	NaN	NaN	NaN	NaN	NaN	NaN	NaN	NaN	TFCN17291Y1_005676-T1	TFCN17291Y1_001625-T1
TFCN17291Y1_003669-T1__TFCN17291Y1_005676-T1	NaN	NaN	NaN	NaN	NaN	NaN	NaN	NaN	GF00000001	Rhodotorula_mucilaginosa_TFCN_17-291Y-1.cds.fa_05611	Rhodotorula_mucilaginosa_TFCN_17-291Y-1.cds.fa_03631	NaN	NaN	NaN	NaN	NaN	NaN	NaN	NaN	TFCN17291Y1_005676-T1	TFCN17291Y1_003669-T1
TFCN17291Y1_004982-T1__TFCN17291Y1_005676-T1	NaN	NaN	NaN	NaN	NaN	NaN	NaN	NaN	GF00000001	Rhodotorula_mucilaginosa_TFCN_17-291Y-1.cds.fa_05611	Rhodotorula_mucilaginosa_TFCN_17-291Y-1.cds.fa_04929	NaN	NaN	NaN	NaN	NaN	NaN	NaN	NaN	TFCN17291Y1_005676-T1	TFCN17291Y1_004982-T1
TFCN17291Y1_005676-T1__TFCN17291Y1_008570-T1	NaN	NaN	NaN	NaN	NaN	NaN	NaN	NaN	GF00000001	Rhodotorula_mucilaginosa_TFCN_17-291Y-1.cds.fa_05611	Rhodotorula_mucilaginosa_TFCN_17-291Y-1.cds.fa_08463	NaN	NaN	NaN	NaN	NaN	NaN	NaN	NaN	TFCN17291Y1_005676-T1	TFCN17291Y1_008570-T1
TFCN17291Y1_005676-T1__TFCN17291Y1_009936-T1	NaN	NaN	NaN	NaN	NaN	NaN	NaN	NaN	GF00000001	Rhodotorula_mucilaginosa_TFCN_17-291Y-1.cds.fa_05611	Rhodotorula_mucilaginosa_TFCN_17-291Y-1.cds.fa_09807	NaN	NaN	NaN	NaN	NaN	NaN	NaN	NaN	TFCN17291Y1_005676-T1	TFCN17291Y1_009936-T1
TFCN17291Y1_005676-T1__TFCN17291Y1_008826-T1	NaN	NaN	NaN	NaN	NaN	NaN	NaN	NaN	GF00000001	Rhodotorula_mucilaginosa_TFCN_17-291Y-1.cds.fa_05611	Rhodotorula_mucilaginosa_TFCN_17-291Y-1.cds.fa_08716	NaN	NaN	NaN	NaN	NaN	NaN	NaN	NaN	TFCN17291Y1_005676-T1	TFCN17291Y1_008826-T1
TFCN17291Y1_001835-T1__TFCN17291Y1_005676-T1	NaN	NaN	NaN	NaN	NaN	NaN	NaN	NaN	GF00000001	Rhodotorula_mucilaginosa_TFCN_17-291Y-1.cds.fa_05611	Rhodotorula_mucilaginosa_TFCN_17-291Y-1.cds.fa_01825	NaN	NaN	NaN	NaN	NaN	NaN	NaN	NaN	TFCN17291Y1_005676-T1	TFCN17291Y1_001835-T1
TFCN17291Y1_005676-T1__TFCN17291Y1_005768-T1	NaN	NaN	NaN	NaN	NaN	NaN	NaN	NaN	GF00000001	Rhodotorula_mucilaginosa_TFCN_17-291Y-1.cds.fa_05611	Rhodotorula_mucilaginosa_TFCN_17-291Y-1.cds.fa_05703	NaN	NaN	NaN	NaN	NaN	NaN	NaN	NaN	TFCN17291Y1_005676-T1	TFCN17291Y1_005768-T1
TFCN17291Y1_005676-T1__TFCN17291Y1_010278-T1	NaN	NaN	NaN	NaN	NaN	NaN	NaN	NaN	GF00000001	Rhodotorula_mucilaginosa_TFCN_17-291Y-1.cds.fa_05611	Rhodotorula_mucilaginosa_TFCN_17-291Y-1.cds.fa_10144	NaN	NaN	NaN	NaN	NaN	NaN	NaN	NaN	TFCN17291Y1_005676-T1	TFCN17291Y1_010278-T1
TFCN17291Y1_001901-T1__TFCN17291Y1_005676-T1	NaN	NaN	NaN	NaN	NaN	NaN	NaN	NaN	GF00000001	Rhodotorula_mucilaginosa_TFCN_17-291Y-1.cds.fa_05611	Rhodotorula_mucilaginosa_TFCN_17-291Y-1.cds.fa_01891	NaN	NaN	NaN	NaN	NaN	NaN	NaN	NaN	TFCN17291Y1_005676-T1	TFCN17291Y1_001901-T1
TFCN17291Y1_005676-T1__TFCN17291Y1_009100-T1	NaN	NaN	NaN	NaN	NaN	NaN	NaN	NaN	GF00000001	Rhodotorula_mucilaginosa_TFCN_17-291Y-1.cds.fa_05611	Rhodotorula_mucilaginosa_TFCN_17-291Y-1.cds.fa_08983	NaN	NaN	NaN	NaN	NaN	NaN	NaN	NaN	TFCN17291Y1_005676-T1	TFCN17291Y1_009100-T1
TFCN17291Y1_005676-T1__TFCN17291Y1_007201-T1	NaN	NaN	NaN	NaN	NaN	NaN	NaN	NaN	GF00000001	Rhodotorula_mucilaginosa_TFCN_17-291Y-1.cds.fa_05611	Rhodotorula_mucilaginosa_TFCN_17-291Y-1.cds.fa_07116	NaN	NaN	NaN	NaN	NaN	NaN	NaN	NaN	TFCN17291Y1_005676-T1	TFCN17291Y1_007201-T1
TFCN17291Y1_005676-T1__TFCN17291Y1_012923-T1	NaN	NaN	NaN	NaN	NaN	NaN	NaN	NaN	GF00000001	Rhodotorula_mucilaginosa_TFCN_17-291Y-1.cds.fa_05611	Rhodotorula_mucilaginosa_TFCN_17-291Y-1.cds.fa_12714	NaN	NaN	NaN	NaN	NaN	NaN	NaN	NaN	TFCN17291Y1_005676-T1	TFCN17291Y1_012923-T1
TFCN17291Y1_005676-T1__TFCN17291Y1_007255-T1	NaN	NaN	NaN	NaN	NaN	NaN	NaN	NaN	GF00000001	Rhodotorula_mucilaginosa_TFCN_17-291Y-1.cds.fa_05611	Rhodotorula_mucilaginosa_TFCN_17-291Y-1.cds.fa_07170	NaN	NaN	NaN	NaN	NaN	NaN	NaN	NaN	TFCN17291Y1_005676-T1	TFCN17291Y1_007255-T1
TFCN17291Y1_000299-T1__TFCN17291Y1_005676-T1	NaN	NaN	NaN	NaN	NaN	NaN	NaN	NaN	GF00000001	Rhodotorula_mucilaginosa_TFCN_17-291Y-1.cds.fa_05611	Rhodotorula_mucilaginosa_TFCN_17-291Y-1.cds.fa_00296	NaN	NaN	NaN	NaN	NaN	NaN	NaN	NaN	TFCN17291Y1_005676-T1	TFCN17291Y1_000299-T1
TFCN17291Y1_005676-T1__TFCN17291Y1_007840-T1	NaN	NaN	NaN	NaN	NaN	NaN	NaN	NaN	GF00000001	Rhodotorula_mucilaginosa_TFCN_17-291Y-1.cds.fa_05611	Rhodotorula_mucilaginosa_TFCN_17-291Y-1.cds.fa_07746	NaN	NaN	NaN	NaN	NaN	NaN	NaN	NaN	TFCN17291Y1_005676-T1	TFCN17291Y1_007840-T1
TFCN17291Y1_005676-T1__TFCN17291Y1_010158-T1	NaN	NaN	NaN	NaN	NaN	NaN	NaN	NaN	GF00000001	Rhodotorula_mucilaginosa_TFCN_17-291Y-1.cds.fa_05611	Rhodotorula_mucilaginosa_TFCN_17-291Y-1.cds.fa_10027	NaN	NaN	NaN	NaN	NaN	NaN	NaN	NaN	TFCN17291Y1_005676-T1	TFCN17291Y1_010158-T1
TFCN17291Y1_002231-T1__TFCN17291Y1_005676-T1	NaN	NaN	NaN	NaN	NaN	NaN	NaN	NaN	GF00000001	Rhodotorula_mucilaginosa_TFCN_17-291Y-1.cds.fa_05611	Rhodotorula_mucilaginosa_TFCN_17-291Y-1.cds.fa_02220	NaN	NaN	NaN	NaN	NaN	NaN	NaN	NaN	TFCN17291Y1_005676-T1	TFCN17291Y1_002231-T1
TFCN17291Y1_001095-T1__TFCN17291Y1_005676-T1	NaN	NaN	NaN	NaN	NaN	NaN	NaN	NaN	GF00000001	Rhodotorula_mucilaginosa_TFCN_17-291Y-1.cds.fa_05611	Rhodotorula_mucilaginosa_TFCN_17-291Y-1.cds.fa_01085	NaN	NaN	NaN	NaN	NaN	NaN	NaN	NaN	TFCN17291Y1_005676-T1	TFCN17291Y1_001095-T1
TFCN17291Y1_001094-T1__TFCN17291Y1_005676-T1	NaN	NaN	NaN	NaN	NaN	NaN	NaN	NaN	GF00000001	Rhodotorula_mucilaginosa_TFCN_17-291Y-1.cds.fa_05611	Rhodotorula_mucilaginosa_TFCN_17-291Y-1.cds.fa_01084	NaN	NaN	NaN	NaN	NaN	NaN	NaN	NaN	TFCN17291Y1_005676-T1	TFCN17291Y1_001094-T1
TFCN17291Y1_002624-T1__TFCN17291Y1_004264-T1	NaN	NaN	NaN	NaN	NaN	NaN	NaN	NaN	GF00000001	Rhodotorula_mucilaginosa_TFCN_17-291Y-1.cds.fa_04223	Rhodotorula_mucilaginosa_TFCN_17-291Y-1.cds.fa_02607	NaN	NaN	NaN	NaN	NaN	NaN	NaN	NaN	TFCN17291Y1_004264-T1	TFCN17291Y1_002624-T1
TFCN17291Y1_002759-T1__TFCN17291Y1_004264-T1	NaN	NaN	NaN	NaN	NaN	NaN	NaN	NaN	GF00000001	Rhodotorula_mucilaginosa_TFCN_17-291Y-1.cds.fa_04223	Rhodotorula_mucilaginosa_TFCN_17-291Y-1.cds.fa_02734	NaN	NaN	NaN	NaN	NaN	NaN	NaN	NaN	TFCN17291Y1_004264-T1	TFCN17291Y1_002759-T1
TFCN17291Y1_004264-T1__TFCN17291Y1_011352-T1	NaN	NaN	NaN	NaN	NaN	NaN	NaN	NaN	GF00000001	Rhodotorula_mucilaginosa_TFCN_17-291Y-1.cds.fa_04223	Rhodotorula_mucilaginosa_TFCN_17-291Y-1.cds.fa_11199	NaN	NaN	NaN	NaN	NaN	NaN	NaN	NaN	TFCN17291Y1_004264-T1	TFCN17291Y1_011352-T1
TFCN17291Y1_004264-T1__TFCN17291Y1_004778-T1	NaN	NaN	NaN	NaN	NaN	NaN	NaN	NaN	GF00000001	Rhodotorula_mucilaginosa_TFCN_17-291Y-1.cds.fa_04223	Rhodotorula_mucilaginosa_TFCN_17-291Y-1.cds.fa_04730	NaN	NaN	NaN	NaN	NaN	NaN	NaN	NaN	TFCN17291Y1_004264-T1	TFCN17291Y1_004778-T1
TFCN17291Y1_002450-T1__TFCN17291Y1_004264-T1	NaN	NaN	NaN	NaN	NaN	NaN	NaN	NaN	GF00000001	Rhodotorula_mucilaginosa_TFCN_17-291Y-1.cds.fa_04223	Rhodotorula_mucilaginosa_TFCN_17-291Y-1.cds.fa_02438	NaN	NaN	NaN	NaN	NaN	NaN	NaN	NaN	TFCN17291Y1_004264-T1	TFCN17291Y1_002450-T1
TFCN17291Y1_004264-T1__TFCN17291Y1_012280-T1	NaN	NaN	NaN	NaN	NaN	NaN	NaN	NaN	GF00000001	Rhodotorula_mucilaginosa_TFCN_17-291Y-1.cds.fa_04223	Rhodotorula_mucilaginosa_TFCN_17-291Y-1.cds.fa_12094	NaN	NaN	NaN	NaN	NaN	NaN	NaN	NaN	TFCN17291Y1_004264-T1	TFCN17291Y1_012280-T1
TFCN17291Y1_004195-T1__TFCN17291Y1_004264-T1	NaN	NaN	NaN	NaN	NaN	NaN	NaN	NaN	GF00000001	Rhodotorula_mucilaginosa_TFCN_17-291Y-1.cds.fa_04223	Rhodotorula_mucilaginosa_TFCN_17-291Y-1.cds.fa_04154	NaN	NaN	NaN	NaN	NaN	NaN	NaN	NaN	TFCN17291Y1_004264-T1	TFCN17291Y1_004195-T1
TFCN17291Y1_002048-T1__TFCN17291Y1_004264-T1	NaN	NaN	NaN	NaN	NaN	NaN	NaN	NaN	GF00000001	Rhodotorula_mucilaginosa_TFCN_17-291Y-1.cds.fa_04223	Rhodotorula_mucilaginosa_TFCN_17-291Y-1.cds.fa_02038	NaN	NaN	NaN	NaN	NaN	NaN	NaN	NaN	TFCN17291Y1_004264-T1	TFCN17291Y1_002048-T1
TFCN17291Y1_004264-T1__TFCN17291Y1_009250-T1	NaN	NaN	NaN	NaN	NaN	NaN	NaN	NaN	GF00000001	Rhodotorula_mucilaginosa_TFCN_17-291Y-1.cds.fa_04223	Rhodotorula_mucilaginosa_TFCN_17-291Y-1.cds.fa_09131	NaN	NaN	NaN	NaN	NaN	NaN	NaN	NaN	TFCN17291Y1_004264-T1	TFCN17291Y1_009250-T1
TFCN17291Y1_001625-T1__TFCN17291Y1_004264-T1	NaN	NaN	NaN	NaN	NaN	NaN	NaN	NaN	GF00000001	Rhodotorula_mucilaginosa_TFCN_17-291Y-1.cds.fa_04223	Rhodotorula_mucilaginosa_TFCN_17-291Y-1.cds.fa_01615	NaN	NaN	NaN	NaN	NaN	NaN	NaN	NaN	TFCN17291Y1_004264-T1	TFCN17291Y1_001625-T1
TFCN17291Y1_003669-T1__TFCN17291Y1_004264-T1	NaN	NaN	NaN	NaN	NaN	NaN	NaN	NaN	GF00000001	Rhodotorula_mucilaginosa_TFCN_17-291Y-1.cds.fa_04223	Rhodotorula_mucilaginosa_TFCN_17-291Y-1.cds.fa_03631	NaN	NaN	NaN	NaN	NaN	NaN	NaN	NaN	TFCN17291Y1_004264-T1	TFCN17291Y1_003669-T1
TFCN17291Y1_004264-T1__TFCN17291Y1_004982-T1	NaN	NaN	NaN	NaN	NaN	NaN	NaN	NaN	GF00000001	Rhodotorula_mucilaginosa_TFCN_17-291Y-1.cds.fa_04223	Rhodotorula_mucilaginosa_TFCN_17-291Y-1.cds.fa_04929	NaN	NaN	NaN	NaN	NaN	NaN	NaN	NaN	TFCN17291Y1_004264-T1	TFCN17291Y1_004982-T1
TFCN17291Y1_004264-T1__TFCN17291Y1_008570-T1	NaN	NaN	NaN	NaN	NaN	NaN	NaN	NaN	GF00000001	Rhodotorula_mucilaginosa_TFCN_17-291Y-1.cds.fa_04223	Rhodotorula_mucilaginosa_TFCN_17-291Y-1.cds.fa_08463	NaN	NaN	NaN	NaN	NaN	NaN	NaN	NaN	TFCN17291Y1_004264-T1	TFCN17291Y1_008570-T1
TFCN17291Y1_004264-T1__TFCN17291Y1_009936-T1	NaN	NaN	NaN	NaN	NaN	NaN	NaN	NaN	GF00000001	Rhodotorula_mucilaginosa_TFCN_17-291Y-1.cds.fa_04223	Rhodotorula_mucilaginosa_TFCN_17-291Y-1.cds.fa_09807	NaN	NaN	NaN	NaN	NaN	NaN	NaN	NaN	TFCN17291Y1_004264-T1	TFCN17291Y1_009936-T1
TFCN17291Y1_004264-T1__TFCN17291Y1_008826-T1	NaN	NaN	NaN	NaN	NaN	NaN	NaN	NaN	GF00000001	Rhodotorula_mucilaginosa_TFCN_17-291Y-1.cds.fa_04223	Rhodotorula_mucilaginosa_TFCN_17-291Y-1.cds.fa_08716	NaN	NaN	NaN	NaN	NaN	NaN	NaN	NaN	TFCN17291Y1_004264-T1	TFCN17291Y1_008826-T1
TFCN17291Y1_001835-T1__TFCN17291Y1_004264-T1	NaN	NaN	NaN	NaN	NaN	NaN	NaN	NaN	GF00000001	Rhodotorula_mucilaginosa_TFCN_17-291Y-1.cds.fa_04223	Rhodotorula_mucilaginosa_TFCN_17-291Y-1.cds.fa_01825	NaN	NaN	NaN	NaN	NaN	NaN	NaN	NaN	TFCN17291Y1_004264-T1	TFCN17291Y1_001835-T1
TFCN17291Y1_004264-T1__TFCN17291Y1_005768-T1	NaN	NaN	NaN	NaN	NaN	NaN	NaN	NaN	GF00000001	Rhodotorula_mucilaginosa_TFCN_17-291Y-1.cds.fa_04223	Rhodotorula_mucilaginosa_TFCN_17-291Y-1.cds.fa_05703	NaN	NaN	NaN	NaN	NaN	NaN	NaN	NaN	TFCN17291Y1_004264-T1	TFCN17291Y1_005768-T1
TFCN17291Y1_004264-T1__TFCN17291Y1_010278-T1	NaN	NaN	NaN	NaN	NaN	NaN	NaN	NaN	GF00000001	Rhodotorula_mucilaginosa_TFCN_17-291Y-1.cds.fa_04223	Rhodotorula_mucilaginosa_TFCN_17-291Y-1.cds.fa_10144	NaN	NaN	NaN	NaN	NaN	NaN	NaN	NaN	TFCN17291Y1_004264-T1	TFCN17291Y1_010278-T1
TFCN17291Y1_001901-T1__TFCN17291Y1_004264-T1	NaN	NaN	NaN	NaN	NaN	NaN	NaN	NaN	GF00000001	Rhodotorula_mucilaginosa_TFCN_17-291Y-1.cds.fa_04223	Rhodotorula_mucilaginosa_TFCN_17-291Y-1.cds.fa_01891	NaN	NaN	NaN	NaN	NaN	NaN	NaN	NaN	TFCN17291Y1_004264-T1	TFCN17291Y1_001901-T1
TFCN17291Y1_004264-T1__TFCN17291Y1_009100-T1	NaN	NaN	NaN	NaN	NaN	NaN	NaN	NaN	GF00000001	Rhodotorula_mucilaginosa_TFCN_17-291Y-1.cds.fa_04223	Rhodotorula_mucilaginosa_TFCN_17-291Y-1.cds.fa_08983	NaN	NaN	NaN	NaN	NaN	NaN	NaN	NaN	TFCN17291Y1_004264-T1	TFCN17291Y1_009100-T1
TFCN17291Y1_004264-T1__TFCN17291Y1_007201-T1	NaN	NaN	NaN	NaN	NaN	NaN	NaN	NaN	GF00000001	Rhodotorula_mucilaginosa_TFCN_17-291Y-1.cds.fa_04223	Rhodotorula_mucilaginosa_TFCN_17-291Y-1.cds.fa_07116	NaN	NaN	NaN	NaN	NaN	NaN	NaN	NaN	TFCN17291Y1_004264-T1	TFCN17291Y1_007201-T1
TFCN17291Y1_004264-T1__TFCN17291Y1_012923-T1	NaN	NaN	NaN	NaN	NaN	NaN	NaN	NaN	GF00000001	Rhodotorula_mucilaginosa_TFCN_17-291Y-1.cds.fa_04223	Rhodotorula_mucilaginosa_TFCN_17-291Y-1.cds.fa_12714	NaN	NaN	NaN	NaN	NaN	NaN	NaN	NaN	TFCN17291Y1_004264-T1	TFCN17291Y1_012923-T1
TFCN17291Y1_004264-T1__TFCN17291Y1_007255-T1	NaN	NaN	NaN	NaN	NaN	NaN	NaN	NaN	GF00000001	Rhodotorula_mucilaginosa_TFCN_17-291Y-1.cds.fa_04223	Rhodotorula_mucilaginosa_TFCN_17-291Y-1.cds.fa_07170	NaN	NaN	NaN	NaN	NaN	NaN	NaN	NaN	TFCN17291Y1_004264-T1	TFCN17291Y1_007255-T1
TFCN17291Y1_000299-T1__TFCN17291Y1_004264-T1	NaN	NaN	NaN	NaN	NaN	NaN	NaN	NaN	GF00000001	Rhodotorula_mucilaginosa_TFCN_17-291Y-1.cds.fa_04223	Rhodotorula_mucilaginosa_TFCN_17-291Y-1.cds.fa_00296	NaN	NaN	NaN	NaN	NaN	NaN	NaN	NaN	TFCN17291Y1_004264-T1	TFCN17291Y1_000299-T1
TFCN17291Y1_004264-T1__TFCN17291Y1_007840-T1	NaN	NaN	NaN	NaN	NaN	NaN	NaN	NaN	GF00000001	Rhodotorula_mucilaginosa_TFCN_17-291Y-1.cds.fa_04223	Rhodotorula_mucilaginosa_TFCN_17-291Y-1.cds.fa_07746	NaN	NaN	NaN	NaN	NaN	NaN	NaN	NaN	TFCN17291Y1_004264-T1	TFCN17291Y1_007840-T1
TFCN17291Y1_004264-T1__TFCN17291Y1_010158-T1	NaN	NaN	NaN	NaN	NaN	NaN	NaN	NaN	GF00000001	Rhodotorula_mucilaginosa_TFCN_17-291Y-1.cds.fa_04223	Rhodotorula_mucilaginosa_TFCN_17-291Y-1.cds.fa_10027	NaN	NaN	NaN	NaN	NaN	NaN	NaN	NaN	TFCN17291Y1_004264-T1	TFCN17291Y1_010158-T1
TFCN17291Y1_002231-T1__TFCN17291Y1_004264-T1	NaN	NaN	NaN	NaN	NaN	NaN	NaN	NaN	GF00000001	Rhodotorula_mucilaginosa_TFCN_17-291Y-1.cds.fa_04223	Rhodotorula_mucilaginosa_TFCN_17-291Y-1.cds.fa_02220	NaN	NaN	NaN	NaN	NaN	NaN	NaN	NaN	TFCN17291Y1_004264-T1	TFCN17291Y1_002231-T1
TFCN17291Y1_001095-T1__TFCN17291Y1_004264-T1	NaN	NaN	NaN	NaN	NaN	NaN	NaN	NaN	GF00000001	Rhodotorula_mucilaginosa_TFCN_17-291Y-1.cds.fa_04223	Rhodotorula_mucilaginosa_TFCN_17-291Y-1.cds.fa_01085	NaN	NaN	NaN	NaN	NaN	NaN	NaN	NaN	TFCN17291Y1_004264-T1	TFCN17291Y1_001095-T1
TFCN17291Y1_001094-T1__TFCN17291Y1_004264-T1	NaN	NaN	NaN	NaN	NaN	NaN	NaN	NaN	GF00000001	Rhodotorula_mucilaginosa_TFCN_17-291Y-1.cds.fa_04223	Rhodotorula_mucilaginosa_TFCN_17-291Y-1.cds.fa_01084	NaN	NaN	NaN	NaN	NaN	NaN	NaN	NaN	TFCN17291Y1_004264-T1	TFCN17291Y1_001094-T1
TFCN17291Y1_002624-T1__TFCN17291Y1_002759-T1	NaN	NaN	NaN	NaN	NaN	NaN	NaN	NaN	GF00000001	Rhodotorula_mucilaginosa_TFCN_17-291Y-1.cds.fa_02607	Rhodotorula_mucilaginosa_TFCN_17-291Y-1.cds.fa_02734	NaN	NaN	NaN	NaN	NaN	NaN	NaN	NaN	TFCN17291Y1_002624-T1	TFCN17291Y1_002759-T1
TFCN17291Y1_002624-T1__TFCN17291Y1_011352-T1	NaN	NaN	NaN	NaN	NaN	NaN	NaN	NaN	GF00000001	Rhodotorula_mucilaginosa_TFCN_17-291Y-1.cds.fa_02607	Rhodotorula_mucilaginosa_TFCN_17-291Y-1.cds.fa_11199	NaN	NaN	NaN	NaN	NaN	NaN	NaN	NaN	TFCN17291Y1_002624-T1	TFCN17291Y1_011352-T1
TFCN17291Y1_002624-T1__TFCN17291Y1_004778-T1	NaN	NaN	NaN	NaN	NaN	NaN	NaN	NaN	GF00000001	Rhodotorula_mucilaginosa_TFCN_17-291Y-1.cds.fa_02607	Rhodotorula_mucilaginosa_TFCN_17-291Y-1.cds.fa_04730	NaN	NaN	NaN	NaN	NaN	NaN	NaN	NaN	TFCN17291Y1_002624-T1	TFCN17291Y1_004778-T1
TFCN17291Y1_002450-T1__TFCN17291Y1_002624-T1	NaN	NaN	NaN	NaN	NaN	NaN	NaN	NaN	GF00000001	Rhodotorula_mucilaginosa_TFCN_17-291Y-1.cds.fa_02607	Rhodotorula_mucilaginosa_TFCN_17-291Y-1.cds.fa_02438	NaN	NaN	NaN	NaN	NaN	NaN	NaN	NaN	TFCN17291Y1_002624-T1	TFCN17291Y1_002450-T1
TFCN17291Y1_002624-T1__TFCN17291Y1_012280-T1	NaN	NaN	NaN	NaN	NaN	NaN	NaN	NaN	GF00000001	Rhodotorula_mucilaginosa_TFCN_17-291Y-1.cds.fa_02607	Rhodotorula_mucilaginosa_TFCN_17-291Y-1.cds.fa_12094	NaN	NaN	NaN	NaN	NaN	NaN	NaN	NaN	TFCN17291Y1_002624-T1	TFCN17291Y1_012280-T1
TFCN17291Y1_002624-T1__TFCN17291Y1_004195-T1	NaN	NaN	NaN	NaN	NaN	NaN	NaN	NaN	GF00000001	Rhodotorula_mucilaginosa_TFCN_17-291Y-1.cds.fa_02607	Rhodotorula_mucilaginosa_TFCN_17-291Y-1.cds.fa_04154	NaN	NaN	NaN	NaN	NaN	NaN	NaN	NaN	TFCN17291Y1_002624-T1	TFCN17291Y1_004195-T1
TFCN17291Y1_002048-T1__TFCN17291Y1_002624-T1	NaN	NaN	NaN	NaN	NaN	NaN	NaN	NaN	GF00000001	Rhodotorula_mucilaginosa_TFCN_17-291Y-1.cds.fa_02607	Rhodotorula_mucilaginosa_TFCN_17-291Y-1.cds.fa_02038	NaN	NaN	NaN	NaN	NaN	NaN	NaN	NaN	TFCN17291Y1_002624-T1	TFCN17291Y1_002048-T1
TFCN17291Y1_002624-T1__TFCN17291Y1_009250-T1	NaN	NaN	NaN	NaN	NaN	NaN	NaN	NaN	GF00000001	Rhodotorula_mucilaginosa_TFCN_17-291Y-1.cds.fa_02607	Rhodotorula_mucilaginosa_TFCN_17-291Y-1.cds.fa_09131	NaN	NaN	NaN	NaN	NaN	NaN	NaN	NaN	TFCN17291Y1_002624-T1	TFCN17291Y1_009250-T1
TFCN17291Y1_001625-T1__TFCN17291Y1_002624-T1	NaN	NaN	NaN	NaN	NaN	NaN	NaN	NaN	GF00000001	Rhodotorula_mucilaginosa_TFCN_17-291Y-1.cds.fa_02607	Rhodotorula_mucilaginosa_TFCN_17-291Y-1.cds.fa_01615	NaN	NaN	NaN	NaN	NaN	NaN	NaN	NaN	TFCN17291Y1_002624-T1	TFCN17291Y1_001625-T1
TFCN17291Y1_002624-T1__TFCN17291Y1_003669-T1	NaN	NaN	NaN	NaN	NaN	NaN	NaN	NaN	GF00000001	Rhodotorula_mucilaginosa_TFCN_17-291Y-1.cds.fa_02607	Rhodotorula_mucilaginosa_TFCN_17-291Y-1.cds.fa_03631	NaN	NaN	NaN	NaN	NaN	NaN	NaN	NaN	TFCN17291Y1_002624-T1	TFCN17291Y1_003669-T1
TFCN17291Y1_002624-T1__TFCN17291Y1_004982-T1	NaN	NaN	NaN	NaN	NaN	NaN	NaN	NaN	GF00000001	Rhodotorula_mucilaginosa_TFCN_17-291Y-1.cds.fa_02607	Rhodotorula_mucilaginosa_TFCN_17-291Y-1.cds.fa_04929	NaN	NaN	NaN	NaN	NaN	NaN	NaN	NaN	TFCN17291Y1_002624-T1	TFCN17291Y1_004982-T1
TFCN17291Y1_002624-T1__TFCN17291Y1_008570-T1	NaN	NaN	NaN	NaN	NaN	NaN	NaN	NaN	GF00000001	Rhodotorula_mucilaginosa_TFCN_17-291Y-1.cds.fa_02607	Rhodotorula_mucilaginosa_TFCN_17-291Y-1.cds.fa_08463	NaN	NaN	NaN	NaN	NaN	NaN	NaN	NaN	TFCN17291Y1_002624-T1	TFCN17291Y1_008570-T1
TFCN17291Y1_002624-T1__TFCN17291Y1_009936-T1	NaN	NaN	NaN	NaN	NaN	NaN	NaN	NaN	GF00000001	Rhodotorula_mucilaginosa_TFCN_17-291Y-1.cds.fa_02607	Rhodotorula_mucilaginosa_TFCN_17-291Y-1.cds.fa_09807	NaN	NaN	NaN	NaN	NaN	NaN	NaN	NaN	TFCN17291Y1_002624-T1	TFCN17291Y1_009936-T1
TFCN17291Y1_002624-T1__TFCN17291Y1_008826-T1	NaN	NaN	NaN	NaN	NaN	NaN	NaN	NaN	GF00000001	Rhodotorula_mucilaginosa_TFCN_17-291Y-1.cds.fa_02607	Rhodotorula_mucilaginosa_TFCN_17-291Y-1.cds.fa_08716	NaN	NaN	NaN	NaN	NaN	NaN	NaN	NaN	TFCN17291Y1_002624-T1	TFCN17291Y1_008826-T1
TFCN17291Y1_001835-T1__TFCN17291Y1_002624-T1	NaN	NaN	NaN	NaN	NaN	NaN	NaN	NaN	GF00000001	Rhodotorula_mucilaginosa_TFCN_17-291Y-1.cds.fa_02607	Rhodotorula_mucilaginosa_TFCN_17-291Y-1.cds.fa_01825	NaN	NaN	NaN	NaN	NaN	NaN	NaN	NaN	TFCN17291Y1_002624-T1	TFCN17291Y1_001835-T1
TFCN17291Y1_002624-T1__TFCN17291Y1_005768-T1	NaN	NaN	NaN	NaN	NaN	NaN	NaN	NaN	GF00000001	Rhodotorula_mucilaginosa_TFCN_17-291Y-1.cds.fa_02607	Rhodotorula_mucilaginosa_TFCN_17-291Y-1.cds.fa_05703	NaN	NaN	NaN	NaN	NaN	NaN	NaN	NaN	TFCN17291Y1_002624-T1	TFCN17291Y1_005768-T1
TFCN17291Y1_002624-T1__TFCN17291Y1_010278-T1	NaN	NaN	NaN	NaN	NaN	NaN	NaN	NaN	GF00000001	Rhodotorula_mucilaginosa_TFCN_17-291Y-1.cds.fa_02607	Rhodotorula_mucilaginosa_TFCN_17-291Y-1.cds.fa_10144	NaN	NaN	NaN	NaN	NaN	NaN	NaN	NaN	TFCN17291Y1_002624-T1	TFCN17291Y1_010278-T1
TFCN17291Y1_001901-T1__TFCN17291Y1_002624-T1	NaN	NaN	NaN	NaN	NaN	NaN	NaN	NaN	GF00000001	Rhodotorula_mucilaginosa_TFCN_17-291Y-1.cds.fa_02607	Rhodotorula_mucilaginosa_TFCN_17-291Y-1.cds.fa_01891	NaN	NaN	NaN	NaN	NaN	NaN	NaN	NaN	TFCN17291Y1_002624-T1	TFCN17291Y1_001901-T1
TFCN17291Y1_002624-T1__TFCN17291Y1_009100-T1	NaN	NaN	NaN	NaN	NaN	NaN	NaN	NaN	GF00000001	Rhodotorula_mucilaginosa_TFCN_17-291Y-1.cds.fa_02607	Rhodotorula_mucilaginosa_TFCN_17-291Y-1.cds.fa_08983	NaN	NaN	NaN	NaN	NaN	NaN	NaN	NaN	TFCN17291Y1_002624-T1	TFCN17291Y1_009100-T1
TFCN17291Y1_002624-T1__TFCN17291Y1_007201-T1	NaN	NaN	NaN	NaN	NaN	NaN	NaN	NaN	GF00000001	Rhodotorula_mucilaginosa_TFCN_17-291Y-1.cds.fa_02607	Rhodotorula_mucilaginosa_TFCN_17-291Y-1.cds.fa_07116	NaN	NaN	NaN	NaN	NaN	NaN	NaN	NaN	TFCN17291Y1_002624-T1	TFCN17291Y1_007201-T1
TFCN17291Y1_002624-T1__TFCN17291Y1_012923-T1	NaN	NaN	NaN	NaN	NaN	NaN	NaN	NaN	GF00000001	Rhodotorula_mucilaginosa_TFCN_17-291Y-1.cds.fa_02607	Rhodotorula_mucilaginosa_TFCN_17-291Y-1.cds.fa_12714	NaN	NaN	NaN	NaN	NaN	NaN	NaN	NaN	TFCN17291Y1_002624-T1	TFCN17291Y1_012923-T1
TFCN17291Y1_002624-T1__TFCN17291Y1_007255-T1	NaN	NaN	NaN	NaN	NaN	NaN	NaN	NaN	GF00000001	Rhodotorula_mucilaginosa_TFCN_17-291Y-1.cds.fa_02607	Rhodotorula_mucilaginosa_TFCN_17-291Y-1.cds.fa_07170	NaN	NaN	NaN	NaN	NaN	NaN	NaN	NaN	TFCN17291Y1_002624-T1	TFCN17291Y1_007255-T1
TFCN17291Y1_000299-T1__TFCN17291Y1_002624-T1	NaN	NaN	NaN	NaN	NaN	NaN	NaN	NaN	GF00000001	Rhodotorula_mucilaginosa_TFCN_17-291Y-1.cds.fa_02607	Rhodotorula_mucilaginosa_TFCN_17-291Y-1.cds.fa_00296	NaN	NaN	NaN	NaN	NaN	NaN	NaN	NaN	TFCN17291Y1_002624-T1	TFCN17291Y1_000299-T1
TFCN17291Y1_002624-T1__TFCN17291Y1_007840-T1	NaN	NaN	NaN	NaN	NaN	NaN	NaN	NaN	GF00000001	Rhodotorula_mucilaginosa_TFCN_17-291Y-1.cds.fa_02607	Rhodotorula_mucilaginosa_TFCN_17-291Y-1.cds.fa_07746	NaN	NaN	NaN	NaN	NaN	NaN	NaN	NaN	TFCN17291Y1_002624-T1	TFCN17291Y1_007840-T1
TFCN17291Y1_002624-T1__TFCN17291Y1_010158-T1	NaN	NaN	NaN	NaN	NaN	NaN	NaN	NaN	GF00000001	Rhodotorula_mucilaginosa_TFCN_17-291Y-1.cds.fa_02607	Rhodotorula_mucilaginosa_TFCN_17-291Y-1.cds.fa_10027	NaN	NaN	NaN	NaN	NaN	NaN	NaN	NaN	TFCN17291Y1_002624-T1	TFCN17291Y1_010158-T1
TFCN17291Y1_002231-T1__TFCN17291Y1_002624-T1	NaN	NaN	NaN	NaN	NaN	NaN	NaN	NaN	GF00000001	Rhodotorula_mucilaginosa_TFCN_17-291Y-1.cds.fa_02607	Rhodotorula_mucilaginosa_TFCN_17-291Y-1.cds.fa_02220	NaN	NaN	NaN	NaN	NaN	NaN	NaN	NaN	TFCN17291Y1_002624-T1	TFCN17291Y1_002231-T1
TFCN17291Y1_001095-T1__TFCN17291Y1_002624-T1	NaN	NaN	NaN	NaN	NaN	NaN	NaN	NaN	GF00000001	Rhodotorula_mucilaginosa_TFCN_17-291Y-1.cds.fa_02607	Rhodotorula_mucilaginosa_TFCN_17-291Y-1.cds.fa_01085	NaN	NaN	NaN	NaN	NaN	NaN	NaN	NaN	TFCN17291Y1_002624-T1	TFCN17291Y1_001095-T1
TFCN17291Y1_001094-T1__TFCN17291Y1_002624-T1	NaN	NaN	NaN	NaN	NaN	NaN	NaN	NaN	GF00000001	Rhodotorula_mucilaginosa_TFCN_17-291Y-1.cds.fa_02607	Rhodotorula_mucilaginosa_TFCN_17-291Y-1.cds.fa_01084	NaN	NaN	NaN	NaN	NaN	NaN	NaN	NaN	TFCN17291Y1_002624-T1	TFCN17291Y1_001094-T1
TFCN17291Y1_002759-T1__TFCN17291Y1_011352-T1	NaN	NaN	NaN	NaN	NaN	NaN	NaN	NaN	GF00000001	Rhodotorula_mucilaginosa_TFCN_17-291Y-1.cds.fa_02734	Rhodotorula_mucilaginosa_TFCN_17-291Y-1.cds.fa_11199	NaN	NaN	NaN	NaN	NaN	NaN	NaN	NaN	TFCN17291Y1_002759-T1	TFCN17291Y1_011352-T1
TFCN17291Y1_002759-T1__TFCN17291Y1_004778-T1	NaN	NaN	NaN	NaN	NaN	NaN	NaN	NaN	GF00000001	Rhodotorula_mucilaginosa_TFCN_17-291Y-1.cds.fa_02734	Rhodotorula_mucilaginosa_TFCN_17-291Y-1.cds.fa_04730	NaN	NaN	NaN	NaN	NaN	NaN	NaN	NaN	TFCN17291Y1_002759-T1	TFCN17291Y1_004778-T1
TFCN17291Y1_002450-T1__TFCN17291Y1_002759-T1	NaN	NaN	NaN	NaN	NaN	NaN	NaN	NaN	GF00000001	Rhodotorula_mucilaginosa_TFCN_17-291Y-1.cds.fa_02734	Rhodotorula_mucilaginosa_TFCN_17-291Y-1.cds.fa_02438	NaN	NaN	NaN	NaN	NaN	NaN	NaN	NaN	TFCN17291Y1_002759-T1	TFCN17291Y1_002450-T1
TFCN17291Y1_002759-T1__TFCN17291Y1_012280-T1	NaN	NaN	NaN	NaN	NaN	NaN	NaN	NaN	GF00000001	Rhodotorula_mucilaginosa_TFCN_17-291Y-1.cds.fa_02734	Rhodotorula_mucilaginosa_TFCN_17-291Y-1.cds.fa_12094	NaN	NaN	NaN	NaN	NaN	NaN	NaN	NaN	TFCN17291Y1_002759-T1	TFCN17291Y1_012280-T1
TFCN17291Y1_002759-T1__TFCN17291Y1_004195-T1	NaN	NaN	NaN	NaN	NaN	NaN	NaN	NaN	GF00000001	Rhodotorula_mucilaginosa_TFCN_17-291Y-1.cds.fa_02734	Rhodotorula_mucilaginosa_TFCN_17-291Y-1.cds.fa_04154	NaN	NaN	NaN	NaN	NaN	NaN	NaN	NaN	TFCN17291Y1_002759-T1	TFCN17291Y1_004195-T1
TFCN17291Y1_002048-T1__TFCN17291Y1_002759-T1	NaN	NaN	NaN	NaN	NaN	NaN	NaN	NaN	GF00000001	Rhodotorula_mucilaginosa_TFCN_17-291Y-1.cds.fa_02734	Rhodotorula_mucilaginosa_TFCN_17-291Y-1.cds.fa_02038	NaN	NaN	NaN	NaN	NaN	NaN	NaN	NaN	TFCN17291Y1_002759-T1	TFCN17291Y1_002048-T1
TFCN17291Y1_002759-T1__TFCN17291Y1_009250-T1	NaN	NaN	NaN	NaN	NaN	NaN	NaN	NaN	GF00000001	Rhodotorula_mucilaginosa_TFCN_17-291Y-1.cds.fa_02734	Rhodotorula_mucilaginosa_TFCN_17-291Y-1.cds.fa_09131	NaN	NaN	NaN	NaN	NaN	NaN	NaN	NaN	TFCN17291Y1_002759-T1	TFCN17291Y1_009250-T1
TFCN17291Y1_001625-T1__TFCN17291Y1_002759-T1	NaN	NaN	NaN	NaN	NaN	NaN	NaN	NaN	GF00000001	Rhodotorula_mucilaginosa_TFCN_17-291Y-1.cds.fa_02734	Rhodotorula_mucilaginosa_TFCN_17-291Y-1.cds.fa_01615	NaN	NaN	NaN	NaN	NaN	NaN	NaN	NaN	TFCN17291Y1_002759-T1	TFCN17291Y1_001625-T1
TFCN17291Y1_002759-T1__TFCN17291Y1_003669-T1	NaN	NaN	NaN	NaN	NaN	NaN	NaN	NaN	GF00000001	Rhodotorula_mucilaginosa_TFCN_17-291Y-1.cds.fa_02734	Rhodotorula_mucilaginosa_TFCN_17-291Y-1.cds.fa_03631	NaN	NaN	NaN	NaN	NaN	NaN	NaN	NaN	TFCN17291Y1_002759-T1	TFCN17291Y1_003669-T1
TFCN17291Y1_002759-T1__TFCN17291Y1_004982-T1	NaN	NaN	NaN	NaN	NaN	NaN	NaN	NaN	GF00000001	Rhodotorula_mucilaginosa_TFCN_17-291Y-1.cds.fa_02734	Rhodotorula_mucilaginosa_TFCN_17-291Y-1.cds.fa_04929	NaN	NaN	NaN	NaN	NaN	NaN	NaN	NaN	TFCN17291Y1_002759-T1	TFCN17291Y1_004982-T1
TFCN17291Y1_002759-T1__TFCN17291Y1_008570-T1	NaN	NaN	NaN	NaN	NaN	NaN	NaN	NaN	GF00000001	Rhodotorula_mucilaginosa_TFCN_17-291Y-1.cds.fa_02734	Rhodotorula_mucilaginosa_TFCN_17-291Y-1.cds.fa_08463	NaN	NaN	NaN	NaN	NaN	NaN	NaN	NaN	TFCN17291Y1_002759-T1	TFCN17291Y1_008570-T1
TFCN17291Y1_002759-T1__TFCN17291Y1_009936-T1	NaN	NaN	NaN	NaN	NaN	NaN	NaN	NaN	GF00000001	Rhodotorula_mucilaginosa_TFCN_17-291Y-1.cds.fa_02734	Rhodotorula_mucilaginosa_TFCN_17-291Y-1.cds.fa_09807	NaN	NaN	NaN	NaN	NaN	NaN	NaN	NaN	TFCN17291Y1_002759-T1	TFCN17291Y1_009936-T1
TFCN17291Y1_002759-T1__TFCN17291Y1_008826-T1	NaN	NaN	NaN	NaN	NaN	NaN	NaN	NaN	GF00000001	Rhodotorula_mucilaginosa_TFCN_17-291Y-1.cds.fa_02734	Rhodotorula_mucilaginosa_TFCN_17-291Y-1.cds.fa_08716	NaN	NaN	NaN	NaN	NaN	NaN	NaN	NaN	TFCN17291Y1_002759-T1	TFCN17291Y1_008826-T1
TFCN17291Y1_001835-T1__TFCN17291Y1_002759-T1	NaN	NaN	NaN	NaN	NaN	NaN	NaN	NaN	GF00000001	Rhodotorula_mucilaginosa_TFCN_17-291Y-1.cds.fa_02734	Rhodotorula_mucilaginosa_TFCN_17-291Y-1.cds.fa_01825	NaN	NaN	NaN	NaN	NaN	NaN	NaN	NaN	TFCN17291Y1_002759-T1	TFCN17291Y1_001835-T1
TFCN17291Y1_002759-T1__TFCN17291Y1_005768-T1	NaN	NaN	NaN	NaN	NaN	NaN	NaN	NaN	GF00000001	Rhodotorula_mucilaginosa_TFCN_17-291Y-1.cds.fa_02734	Rhodotorula_mucilaginosa_TFCN_17-291Y-1.cds.fa_05703	NaN	NaN	NaN	NaN	NaN	NaN	NaN	NaN	TFCN17291Y1_002759-T1	TFCN17291Y1_005768-T1
TFCN17291Y1_002759-T1__TFCN17291Y1_010278-T1	NaN	NaN	NaN	NaN	NaN	NaN	NaN	NaN	GF00000001	Rhodotorula_mucilaginosa_TFCN_17-291Y-1.cds.fa_02734	Rhodotorula_mucilaginosa_TFCN_17-291Y-1.cds.fa_10144	NaN	NaN	NaN	NaN	NaN	NaN	NaN	NaN	TFCN17291Y1_002759-T1	TFCN17291Y1_010278-T1
TFCN17291Y1_001901-T1__TFCN17291Y1_002759-T1	NaN	NaN	NaN	NaN	NaN	NaN	NaN	NaN	GF00000001	Rhodotorula_mucilaginosa_TFCN_17-291Y-1.cds.fa_02734	Rhodotorula_mucilaginosa_TFCN_17-291Y-1.cds.fa_01891	NaN	NaN	NaN	NaN	NaN	NaN	NaN	NaN	TFCN17291Y1_002759-T1	TFCN17291Y1_001901-T1
TFCN17291Y1_002759-T1__TFCN17291Y1_009100-T1	NaN	NaN	NaN	NaN	NaN	NaN	NaN	NaN	GF00000001	Rhodotorula_mucilaginosa_TFCN_17-291Y-1.cds.fa_02734	Rhodotorula_mucilaginosa_TFCN_17-291Y-1.cds.fa_08983	NaN	NaN	NaN	NaN	NaN	NaN	NaN	NaN	TFCN17291Y1_002759-T1	TFCN17291Y1_009100-T1
TFCN17291Y1_002759-T1__TFCN17291Y1_007201-T1	NaN	NaN	NaN	NaN	NaN	NaN	NaN	NaN	GF00000001	Rhodotorula_mucilaginosa_TFCN_17-291Y-1.cds.fa_02734	Rhodotorula_mucilaginosa_TFCN_17-291Y-1.cds.fa_07116	NaN	NaN	NaN	NaN	NaN	NaN	NaN	NaN	TFCN17291Y1_002759-T1	TFCN17291Y1_007201-T1
TFCN17291Y1_002759-T1__TFCN17291Y1_012923-T1	NaN	NaN	NaN	NaN	NaN	NaN	NaN	NaN	GF00000001	Rhodotorula_mucilaginosa_TFCN_17-291Y-1.cds.fa_02734	Rhodotorula_mucilaginosa_TFCN_17-291Y-1.cds.fa_12714	NaN	NaN	NaN	NaN	NaN	NaN	NaN	NaN	TFCN17291Y1_002759-T1	TFCN17291Y1_012923-T1
TFCN17291Y1_002759-T1__TFCN17291Y1_007255-T1	NaN	NaN	NaN	NaN	NaN	NaN	NaN	NaN	GF00000001	Rhodotorula_mucilaginosa_TFCN_17-291Y-1.cds.fa_02734	Rhodotorula_mucilaginosa_TFCN_17-291Y-1.cds.fa_07170	NaN	NaN	NaN	NaN	NaN	NaN	NaN	NaN	TFCN17291Y1_002759-T1	TFCN17291Y1_007255-T1
TFCN17291Y1_000299-T1__TFCN17291Y1_002759-T1	NaN	NaN	NaN	NaN	NaN	NaN	NaN	NaN	GF00000001	Rhodotorula_mucilaginosa_TFCN_17-291Y-1.cds.fa_02734	Rhodotorula_mucilaginosa_TFCN_17-291Y-1.cds.fa_00296	NaN	NaN	NaN	NaN	NaN	NaN	NaN	NaN	TFCN17291Y1_002759-T1	TFCN17291Y1_000299-T1
TFCN17291Y1_002759-T1__TFCN17291Y1_007840-T1	NaN	NaN	NaN	NaN	NaN	NaN	NaN	NaN	GF00000001	Rhodotorula_mucilaginosa_TFCN_17-291Y-1.cds.fa_02734	Rhodotorula_mucilaginosa_TFCN_17-291Y-1.cds.fa_07746	NaN	NaN	NaN	NaN	NaN	NaN	NaN	NaN	TFCN17291Y1_002759-T1	TFCN17291Y1_007840-T1
TFCN17291Y1_002759-T1__TFCN17291Y1_010158-T1	NaN	NaN	NaN	NaN	NaN	NaN	NaN	NaN	GF00000001	Rhodotorula_mucilaginosa_TFCN_17-291Y-1.cds.fa_02734	Rhodotorula_mucilaginosa_TFCN_17-291Y-1.cds.fa_10027	NaN	NaN	NaN	NaN	NaN	NaN	NaN	NaN	TFCN17291Y1_002759-T1	TFCN17291Y1_010158-T1
TFCN17291Y1_002231-T1__TFCN17291Y1_002759-T1	NaN	NaN	NaN	NaN	NaN	NaN	NaN	NaN	GF00000001	Rhodotorula_mucilaginosa_TFCN_17-291Y-1.cds.fa_02734	Rhodotorula_mucilaginosa_TFCN_17-291Y-1.cds.fa_02220	NaN	NaN	NaN	NaN	NaN	NaN	NaN	NaN	TFCN17291Y1_002759-T1	TFCN17291Y1_002231-T1
TFCN17291Y1_001095-T1__TFCN17291Y1_002759-T1	NaN	NaN	NaN	NaN	NaN	NaN	NaN	NaN	GF00000001	Rhodotorula_mucilaginosa_TFCN_17-291Y-1.cds.fa_02734	Rhodotorula_mucilaginosa_TFCN_17-291Y-1.cds.fa_01085	NaN	NaN	NaN	NaN	NaN	NaN	NaN	NaN	TFCN17291Y1_002759-T1	TFCN17291Y1_001095-T1
TFCN17291Y1_001094-T1__TFCN17291Y1_002759-T1	NaN	NaN	NaN	NaN	NaN	NaN	NaN	NaN	GF00000001	Rhodotorula_mucilaginosa_TFCN_17-291Y-1.cds.fa_02734	Rhodotorula_mucilaginosa_TFCN_17-291Y-1.cds.fa_01084	NaN	NaN	NaN	NaN	NaN	NaN	NaN	NaN	TFCN17291Y1_002759-T1	TFCN17291Y1_001094-T1
TFCN17291Y1_004778-T1__TFCN17291Y1_011352-T1	NaN	NaN	NaN	NaN	NaN	NaN	NaN	NaN	GF00000001	Rhodotorula_mucilaginosa_TFCN_17-291Y-1.cds.fa_11199	Rhodotorula_mucilaginosa_TFCN_17-291Y-1.cds.fa_04730	NaN	NaN	NaN	NaN	NaN	NaN	NaN	NaN	TFCN17291Y1_011352-T1	TFCN17291Y1_004778-T1
TFCN17291Y1_002450-T1__TFCN17291Y1_011352-T1	NaN	NaN	NaN	NaN	NaN	NaN	NaN	NaN	GF00000001	Rhodotorula_mucilaginosa_TFCN_17-291Y-1.cds.fa_11199	Rhodotorula_mucilaginosa_TFCN_17-291Y-1.cds.fa_02438	NaN	NaN	NaN	NaN	NaN	NaN	NaN	NaN	TFCN17291Y1_011352-T1	TFCN17291Y1_002450-T1
TFCN17291Y1_011352-T1__TFCN17291Y1_012280-T1	NaN	NaN	NaN	NaN	NaN	NaN	NaN	NaN	GF00000001	Rhodotorula_mucilaginosa_TFCN_17-291Y-1.cds.fa_11199	Rhodotorula_mucilaginosa_TFCN_17-291Y-1.cds.fa_12094	NaN	NaN	NaN	NaN	NaN	NaN	NaN	NaN	TFCN17291Y1_011352-T1	TFCN17291Y1_012280-T1
TFCN17291Y1_004195-T1__TFCN17291Y1_011352-T1	NaN	NaN	NaN	NaN	NaN	NaN	NaN	NaN	GF00000001	Rhodotorula_mucilaginosa_TFCN_17-291Y-1.cds.fa_11199	Rhodotorula_mucilaginosa_TFCN_17-291Y-1.cds.fa_04154	NaN	NaN	NaN	NaN	NaN	NaN	NaN	NaN	TFCN17291Y1_011352-T1	TFCN17291Y1_004195-T1
TFCN17291Y1_002048-T1__TFCN17291Y1_011352-T1	NaN	NaN	NaN	NaN	NaN	NaN	NaN	NaN	GF00000001	Rhodotorula_mucilaginosa_TFCN_17-291Y-1.cds.fa_11199	Rhodotorula_mucilaginosa_TFCN_17-291Y-1.cds.fa_02038	NaN	NaN	NaN	NaN	NaN	NaN	NaN	NaN	TFCN17291Y1_011352-T1	TFCN17291Y1_002048-T1
TFCN17291Y1_009250-T1__TFCN17291Y1_011352-T1	NaN	NaN	NaN	NaN	NaN	NaN	NaN	NaN	GF00000001	Rhodotorula_mucilaginosa_TFCN_17-291Y-1.cds.fa_11199	Rhodotorula_mucilaginosa_TFCN_17-291Y-1.cds.fa_09131	NaN	NaN	NaN	NaN	NaN	NaN	NaN	NaN	TFCN17291Y1_011352-T1	TFCN17291Y1_009250-T1
TFCN17291Y1_001625-T1__TFCN17291Y1_011352-T1	NaN	NaN	NaN	NaN	NaN	NaN	NaN	NaN	GF00000001	Rhodotorula_mucilaginosa_TFCN_17-291Y-1.cds.fa_11199	Rhodotorula_mucilaginosa_TFCN_17-291Y-1.cds.fa_01615	NaN	NaN	NaN	NaN	NaN	NaN	NaN	NaN	TFCN17291Y1_011352-T1	TFCN17291Y1_001625-T1
TFCN17291Y1_003669-T1__TFCN17291Y1_011352-T1	NaN	NaN	NaN	NaN	NaN	NaN	NaN	NaN	GF00000001	Rhodotorula_mucilaginosa_TFCN_17-291Y-1.cds.fa_11199	Rhodotorula_mucilaginosa_TFCN_17-291Y-1.cds.fa_03631	NaN	NaN	NaN	NaN	NaN	NaN	NaN	NaN	TFCN17291Y1_011352-T1	TFCN17291Y1_003669-T1
TFCN17291Y1_004982-T1__TFCN17291Y1_011352-T1	NaN	NaN	NaN	NaN	NaN	NaN	NaN	NaN	GF00000001	Rhodotorula_mucilaginosa_TFCN_17-291Y-1.cds.fa_11199	Rhodotorula_mucilaginosa_TFCN_17-291Y-1.cds.fa_04929	NaN	NaN	NaN	NaN	NaN	NaN	NaN	NaN	TFCN17291Y1_011352-T1	TFCN17291Y1_004982-T1
TFCN17291Y1_008570-T1__TFCN17291Y1_011352-T1	NaN	NaN	NaN	NaN	NaN	NaN	NaN	NaN	GF00000001	Rhodotorula_mucilaginosa_TFCN_17-291Y-1.cds.fa_11199	Rhodotorula_mucilaginosa_TFCN_17-291Y-1.cds.fa_08463	NaN	NaN	NaN	NaN	NaN	NaN	NaN	NaN	TFCN17291Y1_011352-T1	TFCN17291Y1_008570-T1
TFCN17291Y1_009936-T1__TFCN17291Y1_011352-T1	NaN	NaN	NaN	NaN	NaN	NaN	NaN	NaN	GF00000001	Rhodotorula_mucilaginosa_TFCN_17-291Y-1.cds.fa_11199	Rhodotorula_mucilaginosa_TFCN_17-291Y-1.cds.fa_09807	NaN	NaN	NaN	NaN	NaN	NaN	NaN	NaN	TFCN17291Y1_011352-T1	TFCN17291Y1_009936-T1
TFCN17291Y1_008826-T1__TFCN17291Y1_011352-T1	NaN	NaN	NaN	NaN	NaN	NaN	NaN	NaN	GF00000001	Rhodotorula_mucilaginosa_TFCN_17-291Y-1.cds.fa_11199	Rhodotorula_mucilaginosa_TFCN_17-291Y-1.cds.fa_08716	NaN	NaN	NaN	NaN	NaN	NaN	NaN	NaN	TFCN17291Y1_011352-T1	TFCN17291Y1_008826-T1
TFCN17291Y1_001835-T1__TFCN17291Y1_011352-T1	NaN	NaN	NaN	NaN	NaN	NaN	NaN	NaN	GF00000001	Rhodotorula_mucilaginosa_TFCN_17-291Y-1.cds.fa_11199	Rhodotorula_mucilaginosa_TFCN_17-291Y-1.cds.fa_01825	NaN	NaN	NaN	NaN	NaN	NaN	NaN	NaN	TFCN17291Y1_011352-T1	TFCN17291Y1_001835-T1
TFCN17291Y1_005768-T1__TFCN17291Y1_011352-T1	NaN	NaN	NaN	NaN	NaN	NaN	NaN	NaN	GF00000001	Rhodotorula_mucilaginosa_TFCN_17-291Y-1.cds.fa_11199	Rhodotorula_mucilaginosa_TFCN_17-291Y-1.cds.fa_05703	NaN	NaN	NaN	NaN	NaN	NaN	NaN	NaN	TFCN17291Y1_011352-T1	TFCN17291Y1_005768-T1
TFCN17291Y1_010278-T1__TFCN17291Y1_011352-T1	NaN	NaN	NaN	NaN	NaN	NaN	NaN	NaN	GF00000001	Rhodotorula_mucilaginosa_TFCN_17-291Y-1.cds.fa_11199	Rhodotorula_mucilaginosa_TFCN_17-291Y-1.cds.fa_10144	NaN	NaN	NaN	NaN	NaN	NaN	NaN	NaN	TFCN17291Y1_011352-T1	TFCN17291Y1_010278-T1
TFCN17291Y1_001901-T1__TFCN17291Y1_011352-T1	NaN	NaN	NaN	NaN	NaN	NaN	NaN	NaN	GF00000001	Rhodotorula_mucilaginosa_TFCN_17-291Y-1.cds.fa_11199	Rhodotorula_mucilaginosa_TFCN_17-291Y-1.cds.fa_01891	NaN	NaN	NaN	NaN	NaN	NaN	NaN	NaN	TFCN17291Y1_011352-T1	TFCN17291Y1_001901-T1
TFCN17291Y1_009100-T1__TFCN17291Y1_011352-T1	NaN	NaN	NaN	NaN	NaN	NaN	NaN	NaN	GF00000001	Rhodotorula_mucilaginosa_TFCN_17-291Y-1.cds.fa_11199	Rhodotorula_mucilaginosa_TFCN_17-291Y-1.cds.fa_08983	NaN	NaN	NaN	NaN	NaN	NaN	NaN	NaN	TFCN17291Y1_011352-T1	TFCN17291Y1_009100-T1
TFCN17291Y1_007201-T1__TFCN17291Y1_011352-T1	NaN	NaN	NaN	NaN	NaN	NaN	NaN	NaN	GF00000001	Rhodotorula_mucilaginosa_TFCN_17-291Y-1.cds.fa_11199	Rhodotorula_mucilaginosa_TFCN_17-291Y-1.cds.fa_07116	NaN	NaN	NaN	NaN	NaN	NaN	NaN	NaN	TFCN17291Y1_011352-T1	TFCN17291Y1_007201-T1
TFCN17291Y1_011352-T1__TFCN17291Y1_012923-T1	NaN	NaN	NaN	NaN	NaN	NaN	NaN	NaN	GF00000001	Rhodotorula_mucilaginosa_TFCN_17-291Y-1.cds.fa_11199	Rhodotorula_mucilaginosa_TFCN_17-291Y-1.cds.fa_12714	NaN	NaN	NaN	NaN	NaN	NaN	NaN	NaN	TFCN17291Y1_011352-T1	TFCN17291Y1_012923-T1
TFCN17291Y1_007255-T1__TFCN17291Y1_011352-T1	NaN	NaN	NaN	NaN	NaN	NaN	NaN	NaN	GF00000001	Rhodotorula_mucilaginosa_TFCN_17-291Y-1.cds.fa_11199	Rhodotorula_mucilaginosa_TFCN_17-291Y-1.cds.fa_07170	NaN	NaN	NaN	NaN	NaN	NaN	NaN	NaN	TFCN17291Y1_011352-T1	TFCN17291Y1_007255-T1
TFCN17291Y1_000299-T1__TFCN17291Y1_011352-T1	NaN	NaN	NaN	NaN	NaN	NaN	NaN	NaN	GF00000001	Rhodotorula_mucilaginosa_TFCN_17-291Y-1.cds.fa_11199	Rhodotorula_mucilaginosa_TFCN_17-291Y-1.cds.fa_00296	NaN	NaN	NaN	NaN	NaN	NaN	NaN	NaN	TFCN17291Y1_011352-T1	TFCN17291Y1_000299-T1
TFCN17291Y1_007840-T1__TFCN17291Y1_011352-T1	NaN	NaN	NaN	NaN	NaN	NaN	NaN	NaN	GF00000001	Rhodotorula_mucilaginosa_TFCN_17-291Y-1.cds.fa_11199	Rhodotorula_mucilaginosa_TFCN_17-291Y-1.cds.fa_07746	NaN	NaN	NaN	NaN	NaN	NaN	NaN	NaN	TFCN17291Y1_011352-T1	TFCN17291Y1_007840-T1
TFCN17291Y1_010158-T1__TFCN17291Y1_011352-T1	NaN	NaN	NaN	NaN	NaN	NaN	NaN	NaN	GF00000001	Rhodotorula_mucilaginosa_TFCN_17-291Y-1.cds.fa_11199	Rhodotorula_mucilaginosa_TFCN_17-291Y-1.cds.fa_10027	NaN	NaN	NaN	NaN	NaN	NaN	NaN	NaN	TFCN17291Y1_011352-T1	TFCN17291Y1_010158-T1
TFCN17291Y1_002231-T1__TFCN17291Y1_011352-T1	NaN	NaN	NaN	NaN	NaN	NaN	NaN	NaN	GF00000001	Rhodotorula_mucilaginosa_TFCN_17-291Y-1.cds.fa_11199	Rhodotorula_mucilaginosa_TFCN_17-291Y-1.cds.fa_02220	NaN	NaN	NaN	NaN	NaN	NaN	NaN	NaN	TFCN17291Y1_011352-T1	TFCN17291Y1_002231-T1
TFCN17291Y1_001095-T1__TFCN17291Y1_011352-T1	NaN	NaN	NaN	NaN	NaN	NaN	NaN	NaN	GF00000001	Rhodotorula_mucilaginosa_TFCN_17-291Y-1.cds.fa_11199	Rhodotorula_mucilaginosa_TFCN_17-291Y-1.cds.fa_01085	NaN	NaN	NaN	NaN	NaN	NaN	NaN	NaN	TFCN17291Y1_011352-T1	TFCN17291Y1_001095-T1
TFCN17291Y1_001094-T1__TFCN17291Y1_011352-T1	NaN	NaN	NaN	NaN	NaN	NaN	NaN	NaN	GF00000001	Rhodotorula_mucilaginosa_TFCN_17-291Y-1.cds.fa_11199	Rhodotorula_mucilaginosa_TFCN_17-291Y-1.cds.fa_01084	NaN	NaN	NaN	NaN	NaN	NaN	NaN	NaN	TFCN17291Y1_011352-T1	TFCN17291Y1_001094-T1
TFCN17291Y1_002450-T1__TFCN17291Y1_004778-T1	NaN	NaN	NaN	NaN	NaN	NaN	NaN	NaN	GF00000001	Rhodotorula_mucilaginosa_TFCN_17-291Y-1.cds.fa_04730	Rhodotorula_mucilaginosa_TFCN_17-291Y-1.cds.fa_02438	NaN	NaN	NaN	NaN	NaN	NaN	NaN	NaN	TFCN17291Y1_004778-T1	TFCN17291Y1_002450-T1
TFCN17291Y1_004778-T1__TFCN17291Y1_012280-T1	NaN	NaN	NaN	NaN	NaN	NaN	NaN	NaN	GF00000001	Rhodotorula_mucilaginosa_TFCN_17-291Y-1.cds.fa_04730	Rhodotorula_mucilaginosa_TFCN_17-291Y-1.cds.fa_12094	NaN	NaN	NaN	NaN	NaN	NaN	NaN	NaN	TFCN17291Y1_004778-T1	TFCN17291Y1_012280-T1
TFCN17291Y1_004195-T1__TFCN17291Y1_004778-T1	NaN	NaN	NaN	NaN	NaN	NaN	NaN	NaN	GF00000001	Rhodotorula_mucilaginosa_TFCN_17-291Y-1.cds.fa_04730	Rhodotorula_mucilaginosa_TFCN_17-291Y-1.cds.fa_04154	NaN	NaN	NaN	NaN	NaN	NaN	NaN	NaN	TFCN17291Y1_004778-T1	TFCN17291Y1_004195-T1
TFCN17291Y1_002048-T1__TFCN17291Y1_004778-T1	NaN	NaN	NaN	NaN	NaN	NaN	NaN	NaN	GF00000001	Rhodotorula_mucilaginosa_TFCN_17-291Y-1.cds.fa_04730	Rhodotorula_mucilaginosa_TFCN_17-291Y-1.cds.fa_02038	NaN	NaN	NaN	NaN	NaN	NaN	NaN	NaN	TFCN17291Y1_004778-T1	TFCN17291Y1_002048-T1
TFCN17291Y1_004778-T1__TFCN17291Y1_009250-T1	NaN	NaN	NaN	NaN	NaN	NaN	NaN	NaN	GF00000001	Rhodotorula_mucilaginosa_TFCN_17-291Y-1.cds.fa_04730	Rhodotorula_mucilaginosa_TFCN_17-291Y-1.cds.fa_09131	NaN	NaN	NaN	NaN	NaN	NaN	NaN	NaN	TFCN17291Y1_004778-T1	TFCN17291Y1_009250-T1
TFCN17291Y1_001625-T1__TFCN17291Y1_004778-T1	NaN	NaN	NaN	NaN	NaN	NaN	NaN	NaN	GF00000001	Rhodotorula_mucilaginosa_TFCN_17-291Y-1.cds.fa_04730	Rhodotorula_mucilaginosa_TFCN_17-291Y-1.cds.fa_01615	NaN	NaN	NaN	NaN	NaN	NaN	NaN	NaN	TFCN17291Y1_004778-T1	TFCN17291Y1_001625-T1
TFCN17291Y1_003669-T1__TFCN17291Y1_004778-T1	NaN	NaN	NaN	NaN	NaN	NaN	NaN	NaN	GF00000001	Rhodotorula_mucilaginosa_TFCN_17-291Y-1.cds.fa_04730	Rhodotorula_mucilaginosa_TFCN_17-291Y-1.cds.fa_03631	NaN	NaN	NaN	NaN	NaN	NaN	NaN	NaN	TFCN17291Y1_004778-T1	TFCN17291Y1_003669-T1
TFCN17291Y1_004778-T1__TFCN17291Y1_004982-T1	NaN	NaN	NaN	NaN	NaN	NaN	NaN	NaN	GF00000001	Rhodotorula_mucilaginosa_TFCN_17-291Y-1.cds.fa_04730	Rhodotorula_mucilaginosa_TFCN_17-291Y-1.cds.fa_04929	NaN	NaN	NaN	NaN	NaN	NaN	NaN	NaN	TFCN17291Y1_004778-T1	TFCN17291Y1_004982-T1
TFCN17291Y1_004778-T1__TFCN17291Y1_008570-T1	NaN	NaN	NaN	NaN	NaN	NaN	NaN	NaN	GF00000001	Rhodotorula_mucilaginosa_TFCN_17-291Y-1.cds.fa_04730	Rhodotorula_mucilaginosa_TFCN_17-291Y-1.cds.fa_08463	NaN	NaN	NaN	NaN	NaN	NaN	NaN	NaN	TFCN17291Y1_004778-T1	TFCN17291Y1_008570-T1
TFCN17291Y1_004778-T1__TFCN17291Y1_009936-T1	NaN	NaN	NaN	NaN	NaN	NaN	NaN	NaN	GF00000001	Rhodotorula_mucilaginosa_TFCN_17-291Y-1.cds.fa_04730	Rhodotorula_mucilaginosa_TFCN_17-291Y-1.cds.fa_09807	NaN	NaN	NaN	NaN	NaN	NaN	NaN	NaN	TFCN17291Y1_004778-T1	TFCN17291Y1_009936-T1
TFCN17291Y1_004778-T1__TFCN17291Y1_008826-T1	NaN	NaN	NaN	NaN	NaN	NaN	NaN	NaN	GF00000001	Rhodotorula_mucilaginosa_TFCN_17-291Y-1.cds.fa_04730	Rhodotorula_mucilaginosa_TFCN_17-291Y-1.cds.fa_08716	NaN	NaN	NaN	NaN	NaN	NaN	NaN	NaN	TFCN17291Y1_004778-T1	TFCN17291Y1_008826-T1
TFCN17291Y1_001835-T1__TFCN17291Y1_004778-T1	NaN	NaN	NaN	NaN	NaN	NaN	NaN	NaN	GF00000001	Rhodotorula_mucilaginosa_TFCN_17-291Y-1.cds.fa_04730	Rhodotorula_mucilaginosa_TFCN_17-291Y-1.cds.fa_01825	NaN	NaN	NaN	NaN	NaN	NaN	NaN	NaN	TFCN17291Y1_004778-T1	TFCN17291Y1_001835-T1
TFCN17291Y1_004778-T1__TFCN17291Y1_005768-T1	NaN	NaN	NaN	NaN	NaN	NaN	NaN	NaN	GF00000001	Rhodotorula_mucilaginosa_TFCN_17-291Y-1.cds.fa_04730	Rhodotorula_mucilaginosa_TFCN_17-291Y-1.cds.fa_05703	NaN	NaN	NaN	NaN	NaN	NaN	NaN	NaN	TFCN17291Y1_004778-T1	TFCN17291Y1_005768-T1
TFCN17291Y1_004778-T1__TFCN17291Y1_010278-T1	NaN	NaN	NaN	NaN	NaN	NaN	NaN	NaN	GF00000001	Rhodotorula_mucilaginosa_TFCN_17-291Y-1.cds.fa_04730	Rhodotorula_mucilaginosa_TFCN_17-291Y-1.cds.fa_10144	NaN	NaN	NaN	NaN	NaN	NaN	NaN	NaN	TFCN17291Y1_004778-T1	TFCN17291Y1_010278-T1
TFCN17291Y1_001901-T1__TFCN17291Y1_004778-T1	NaN	NaN	NaN	NaN	NaN	NaN	NaN	NaN	GF00000001	Rhodotorula_mucilaginosa_TFCN_17-291Y-1.cds.fa_04730	Rhodotorula_mucilaginosa_TFCN_17-291Y-1.cds.fa_01891	NaN	NaN	NaN	NaN	NaN	NaN	NaN	NaN	TFCN17291Y1_004778-T1	TFCN17291Y1_001901-T1
TFCN17291Y1_004778-T1__TFCN17291Y1_009100-T1	NaN	NaN	NaN	NaN	NaN	NaN	NaN	NaN	GF00000001	Rhodotorula_mucilaginosa_TFCN_17-291Y-1.cds.fa_04730	Rhodotorula_mucilaginosa_TFCN_17-291Y-1.cds.fa_08983	NaN	NaN	NaN	NaN	NaN	NaN	NaN	NaN	TFCN17291Y1_004778-T1	TFCN17291Y1_009100-T1
TFCN17291Y1_004778-T1__TFCN17291Y1_007201-T1	NaN	NaN	NaN	NaN	NaN	NaN	NaN	NaN	GF00000001	Rhodotorula_mucilaginosa_TFCN_17-291Y-1.cds.fa_04730	Rhodotorula_mucilaginosa_TFCN_17-291Y-1.cds.fa_07116	NaN	NaN	NaN	NaN	NaN	NaN	NaN	NaN	TFCN17291Y1_004778-T1	TFCN17291Y1_007201-T1
TFCN17291Y1_004778-T1__TFCN17291Y1_012923-T1	NaN	NaN	NaN	NaN	NaN	NaN	NaN	NaN	GF00000001	Rhodotorula_mucilaginosa_TFCN_17-291Y-1.cds.fa_04730	Rhodotorula_mucilaginosa_TFCN_17-291Y-1.cds.fa_12714	NaN	NaN	NaN	NaN	NaN	NaN	NaN	NaN	TFCN17291Y1_004778-T1	TFCN17291Y1_012923-T1
TFCN17291Y1_004778-T1__TFCN17291Y1_007255-T1	NaN	NaN	NaN	NaN	NaN	NaN	NaN	NaN	GF00000001	Rhodotorula_mucilaginosa_TFCN_17-291Y-1.cds.fa_04730	Rhodotorula_mucilaginosa_TFCN_17-291Y-1.cds.fa_07170	NaN	NaN	NaN	NaN	NaN	NaN	NaN	NaN	TFCN17291Y1_004778-T1	TFCN17291Y1_007255-T1
TFCN17291Y1_000299-T1__TFCN17291Y1_004778-T1	NaN	NaN	NaN	NaN	NaN	NaN	NaN	NaN	GF00000001	Rhodotorula_mucilaginosa_TFCN_17-291Y-1.cds.fa_04730	Rhodotorula_mucilaginosa_TFCN_17-291Y-1.cds.fa_00296	NaN	NaN	NaN	NaN	NaN	NaN	NaN	NaN	TFCN17291Y1_004778-T1	TFCN17291Y1_000299-T1
TFCN17291Y1_004778-T1__TFCN17291Y1_007840-T1	NaN	NaN	NaN	NaN	NaN	NaN	NaN	NaN	GF00000001	Rhodotorula_mucilaginosa_TFCN_17-291Y-1.cds.fa_04730	Rhodotorula_mucilaginosa_TFCN_17-291Y-1.cds.fa_07746	NaN	NaN	NaN	NaN	NaN	NaN	NaN	NaN	TFCN17291Y1_004778-T1	TFCN17291Y1_007840-T1
TFCN17291Y1_004778-T1__TFCN17291Y1_010158-T1	NaN	NaN	NaN	NaN	NaN	NaN	NaN	NaN	GF00000001	Rhodotorula_mucilaginosa_TFCN_17-291Y-1.cds.fa_04730	Rhodotorula_mucilaginosa_TFCN_17-291Y-1.cds.fa_10027	NaN	NaN	NaN	NaN	NaN	NaN	NaN	NaN	TFCN17291Y1_004778-T1	TFCN17291Y1_010158-T1
TFCN17291Y1_002231-T1__TFCN17291Y1_004778-T1	NaN	NaN	NaN	NaN	NaN	NaN	NaN	NaN	GF00000001	Rhodotorula_mucilaginosa_TFCN_17-291Y-1.cds.fa_04730	Rhodotorula_mucilaginosa_TFCN_17-291Y-1.cds.fa_02220	NaN	NaN	NaN	NaN	NaN	NaN	NaN	NaN	TFCN17291Y1_004778-T1	TFCN17291Y1_002231-T1
TFCN17291Y1_001095-T1__TFCN17291Y1_004778-T1	NaN	NaN	NaN	NaN	NaN	NaN	NaN	NaN	GF00000001	Rhodotorula_mucilaginosa_TFCN_17-291Y-1.cds.fa_04730	Rhodotorula_mucilaginosa_TFCN_17-291Y-1.cds.fa_01085	NaN	NaN	NaN	NaN	NaN	NaN	NaN	NaN	TFCN17291Y1_004778-T1	TFCN17291Y1_001095-T1
TFCN17291Y1_001094-T1__TFCN17291Y1_004778-T1	NaN	NaN	NaN	NaN	NaN	NaN	NaN	NaN	GF00000001	Rhodotorula_mucilaginosa_TFCN_17-291Y-1.cds.fa_04730	Rhodotorula_mucilaginosa_TFCN_17-291Y-1.cds.fa_01084	NaN	NaN	NaN	NaN	NaN	NaN	NaN	NaN	TFCN17291Y1_004778-T1	TFCN17291Y1_001094-T1
TFCN17291Y1_002450-T1__TFCN17291Y1_012280-T1	NaN	NaN	NaN	NaN	NaN	NaN	NaN	NaN	GF00000001	Rhodotorula_mucilaginosa_TFCN_17-291Y-1.cds.fa_02438	Rhodotorula_mucilaginosa_TFCN_17-291Y-1.cds.fa_12094	NaN	NaN	NaN	NaN	NaN	NaN	NaN	NaN	TFCN17291Y1_002450-T1	TFCN17291Y1_012280-T1
TFCN17291Y1_002450-T1__TFCN17291Y1_004195-T1	NaN	NaN	NaN	NaN	NaN	NaN	NaN	NaN	GF00000001	Rhodotorula_mucilaginosa_TFCN_17-291Y-1.cds.fa_02438	Rhodotorula_mucilaginosa_TFCN_17-291Y-1.cds.fa_04154	NaN	NaN	NaN	NaN	NaN	NaN	NaN	NaN	TFCN17291Y1_002450-T1	TFCN17291Y1_004195-T1
TFCN17291Y1_002048-T1__TFCN17291Y1_002450-T1	NaN	NaN	NaN	NaN	NaN	NaN	NaN	NaN	GF00000001	Rhodotorula_mucilaginosa_TFCN_17-291Y-1.cds.fa_02438	Rhodotorula_mucilaginosa_TFCN_17-291Y-1.cds.fa_02038	NaN	NaN	NaN	NaN	NaN	NaN	NaN	NaN	TFCN17291Y1_002450-T1	TFCN17291Y1_002048-T1
TFCN17291Y1_002450-T1__TFCN17291Y1_009250-T1	NaN	NaN	NaN	NaN	NaN	NaN	NaN	NaN	GF00000001	Rhodotorula_mucilaginosa_TFCN_17-291Y-1.cds.fa_02438	Rhodotorula_mucilaginosa_TFCN_17-291Y-1.cds.fa_09131	NaN	NaN	NaN	NaN	NaN	NaN	NaN	NaN	TFCN17291Y1_002450-T1	TFCN17291Y1_009250-T1
TFCN17291Y1_001625-T1__TFCN17291Y1_002450-T1	NaN	NaN	NaN	NaN	NaN	NaN	NaN	NaN	GF00000001	Rhodotorula_mucilaginosa_TFCN_17-291Y-1.cds.fa_02438	Rhodotorula_mucilaginosa_TFCN_17-291Y-1.cds.fa_01615	NaN	NaN	NaN	NaN	NaN	NaN	NaN	NaN	TFCN17291Y1_002450-T1	TFCN17291Y1_001625-T1
TFCN17291Y1_002450-T1__TFCN17291Y1_003669-T1	NaN	NaN	NaN	NaN	NaN	NaN	NaN	NaN	GF00000001	Rhodotorula_mucilaginosa_TFCN_17-291Y-1.cds.fa_02438	Rhodotorula_mucilaginosa_TFCN_17-291Y-1.cds.fa_03631	NaN	NaN	NaN	NaN	NaN	NaN	NaN	NaN	TFCN17291Y1_002450-T1	TFCN17291Y1_003669-T1
TFCN17291Y1_002450-T1__TFCN17291Y1_004982-T1	NaN	NaN	NaN	NaN	NaN	NaN	NaN	NaN	GF00000001	Rhodotorula_mucilaginosa_TFCN_17-291Y-1.cds.fa_02438	Rhodotorula_mucilaginosa_TFCN_17-291Y-1.cds.fa_04929	NaN	NaN	NaN	NaN	NaN	NaN	NaN	NaN	TFCN17291Y1_002450-T1	TFCN17291Y1_004982-T1
TFCN17291Y1_002450-T1__TFCN17291Y1_008570-T1	NaN	NaN	NaN	NaN	NaN	NaN	NaN	NaN	GF00000001	Rhodotorula_mucilaginosa_TFCN_17-291Y-1.cds.fa_02438	Rhodotorula_mucilaginosa_TFCN_17-291Y-1.cds.fa_08463	NaN	NaN	NaN	NaN	NaN	NaN	NaN	NaN	TFCN17291Y1_002450-T1	TFCN17291Y1_008570-T1
TFCN17291Y1_002450-T1__TFCN17291Y1_009936-T1	NaN	NaN	NaN	NaN	NaN	NaN	NaN	NaN	GF00000001	Rhodotorula_mucilaginosa_TFCN_17-291Y-1.cds.fa_02438	Rhodotorula_mucilaginosa_TFCN_17-291Y-1.cds.fa_09807	NaN	NaN	NaN	NaN	NaN	NaN	NaN	NaN	TFCN17291Y1_002450-T1	TFCN17291Y1_009936-T1
TFCN17291Y1_002450-T1__TFCN17291Y1_008826-T1	NaN	NaN	NaN	NaN	NaN	NaN	NaN	NaN	GF00000001	Rhodotorula_mucilaginosa_TFCN_17-291Y-1.cds.fa_02438	Rhodotorula_mucilaginosa_TFCN_17-291Y-1.cds.fa_08716	NaN	NaN	NaN	NaN	NaN	NaN	NaN	NaN	TFCN17291Y1_002450-T1	TFCN17291Y1_008826-T1
TFCN17291Y1_001835-T1__TFCN17291Y1_002450-T1	NaN	NaN	NaN	NaN	NaN	NaN	NaN	NaN	GF00000001	Rhodotorula_mucilaginosa_TFCN_17-291Y-1.cds.fa_02438	Rhodotorula_mucilaginosa_TFCN_17-291Y-1.cds.fa_01825	NaN	NaN	NaN	NaN	NaN	NaN	NaN	NaN	TFCN17291Y1_002450-T1	TFCN17291Y1_001835-T1
TFCN17291Y1_002450-T1__TFCN17291Y1_005768-T1	NaN	NaN	NaN	NaN	NaN	NaN	NaN	NaN	GF00000001	Rhodotorula_mucilaginosa_TFCN_17-291Y-1.cds.fa_02438	Rhodotorula_mucilaginosa_TFCN_17-291Y-1.cds.fa_05703	NaN	NaN	NaN	NaN	NaN	NaN	NaN	NaN	TFCN17291Y1_002450-T1	TFCN17291Y1_005768-T1
TFCN17291Y1_002450-T1__TFCN17291Y1_010278-T1	NaN	NaN	NaN	NaN	NaN	NaN	NaN	NaN	GF00000001	Rhodotorula_mucilaginosa_TFCN_17-291Y-1.cds.fa_02438	Rhodotorula_mucilaginosa_TFCN_17-291Y-1.cds.fa_10144	NaN	NaN	NaN	NaN	NaN	NaN	NaN	NaN	TFCN17291Y1_002450-T1	TFCN17291Y1_010278-T1
TFCN17291Y1_001901-T1__TFCN17291Y1_002450-T1	NaN	NaN	NaN	NaN	NaN	NaN	NaN	NaN	GF00000001	Rhodotorula_mucilaginosa_TFCN_17-291Y-1.cds.fa_02438	Rhodotorula_mucilaginosa_TFCN_17-291Y-1.cds.fa_01891	NaN	NaN	NaN	NaN	NaN	NaN	NaN	NaN	TFCN17291Y1_002450-T1	TFCN17291Y1_001901-T1
TFCN17291Y1_002450-T1__TFCN17291Y1_009100-T1	NaN	NaN	NaN	NaN	NaN	NaN	NaN	NaN	GF00000001	Rhodotorula_mucilaginosa_TFCN_17-291Y-1.cds.fa_02438	Rhodotorula_mucilaginosa_TFCN_17-291Y-1.cds.fa_08983	NaN	NaN	NaN	NaN	NaN	NaN	NaN	NaN	TFCN17291Y1_002450-T1	TFCN17291Y1_009100-T1
TFCN17291Y1_002450-T1__TFCN17291Y1_007201-T1	NaN	NaN	NaN	NaN	NaN	NaN	NaN	NaN	GF00000001	Rhodotorula_mucilaginosa_TFCN_17-291Y-1.cds.fa_02438	Rhodotorula_mucilaginosa_TFCN_17-291Y-1.cds.fa_07116	NaN	NaN	NaN	NaN	NaN	NaN	NaN	NaN	TFCN17291Y1_002450-T1	TFCN17291Y1_007201-T1
TFCN17291Y1_002450-T1__TFCN17291Y1_012923-T1	NaN	NaN	NaN	NaN	NaN	NaN	NaN	NaN	GF00000001	Rhodotorula_mucilaginosa_TFCN_17-291Y-1.cds.fa_02438	Rhodotorula_mucilaginosa_TFCN_17-291Y-1.cds.fa_12714	NaN	NaN	NaN	NaN	NaN	NaN	NaN	NaN	TFCN17291Y1_002450-T1	TFCN17291Y1_012923-T1
TFCN17291Y1_002450-T1__TFCN17291Y1_007255-T1	NaN	NaN	NaN	NaN	NaN	NaN	NaN	NaN	GF00000001	Rhodotorula_mucilaginosa_TFCN_17-291Y-1.cds.fa_02438	Rhodotorula_mucilaginosa_TFCN_17-291Y-1.cds.fa_07170	NaN	NaN	NaN	NaN	NaN	NaN	NaN	NaN	TFCN17291Y1_002450-T1	TFCN17291Y1_007255-T1
TFCN17291Y1_000299-T1__TFCN17291Y1_002450-T1	NaN	NaN	NaN	NaN	NaN	NaN	NaN	NaN	GF00000001	Rhodotorula_mucilaginosa_TFCN_17-291Y-1.cds.fa_02438	Rhodotorula_mucilaginosa_TFCN_17-291Y-1.cds.fa_00296	NaN	NaN	NaN	NaN	NaN	NaN	NaN	NaN	TFCN17291Y1_002450-T1	TFCN17291Y1_000299-T1
TFCN17291Y1_002450-T1__TFCN17291Y1_007840-T1	NaN	NaN	NaN	NaN	NaN	NaN	NaN	NaN	GF00000001	Rhodotorula_mucilaginosa_TFCN_17-291Y-1.cds.fa_02438	Rhodotorula_mucilaginosa_TFCN_17-291Y-1.cds.fa_07746	NaN	NaN	NaN	NaN	NaN	NaN	NaN	NaN	TFCN17291Y1_002450-T1	TFCN17291Y1_007840-T1
TFCN17291Y1_002450-T1__TFCN17291Y1_010158-T1	NaN	NaN	NaN	NaN	NaN	NaN	NaN	NaN	GF00000001	Rhodotorula_mucilaginosa_TFCN_17-291Y-1.cds.fa_02438	Rhodotorula_mucilaginosa_TFCN_17-291Y-1.cds.fa_10027	NaN	NaN	NaN	NaN	NaN	NaN	NaN	NaN	TFCN17291Y1_002450-T1	TFCN17291Y1_010158-T1
TFCN17291Y1_002231-T1__TFCN17291Y1_002450-T1	NaN	NaN	NaN	NaN	NaN	NaN	NaN	NaN	GF00000001	Rhodotorula_mucilaginosa_TFCN_17-291Y-1.cds.fa_02438	Rhodotorula_mucilaginosa_TFCN_17-291Y-1.cds.fa_02220	NaN	NaN	NaN	NaN	NaN	NaN	NaN	NaN	TFCN17291Y1_002450-T1	TFCN17291Y1_002231-T1
TFCN17291Y1_001095-T1__TFCN17291Y1_002450-T1	NaN	NaN	NaN	NaN	NaN	NaN	NaN	NaN	GF00000001	Rhodotorula_mucilaginosa_TFCN_17-291Y-1.cds.fa_02438	Rhodotorula_mucilaginosa_TFCN_17-291Y-1.cds.fa_01085	NaN	NaN	NaN	NaN	NaN	NaN	NaN	NaN	TFCN17291Y1_002450-T1	TFCN17291Y1_001095-T1
TFCN17291Y1_001094-T1__TFCN17291Y1_002450-T1	NaN	NaN	NaN	NaN	NaN	NaN	NaN	NaN	GF00000001	Rhodotorula_mucilaginosa_TFCN_17-291Y-1.cds.fa_02438	Rhodotorula_mucilaginosa_TFCN_17-291Y-1.cds.fa_01084	NaN	NaN	NaN	NaN	NaN	NaN	NaN	NaN	TFCN17291Y1_002450-T1	TFCN17291Y1_001094-T1
TFCN17291Y1_004195-T1__TFCN17291Y1_012280-T1	NaN	NaN	NaN	NaN	NaN	NaN	NaN	NaN	GF00000001	Rhodotorula_mucilaginosa_TFCN_17-291Y-1.cds.fa_12094	Rhodotorula_mucilaginosa_TFCN_17-291Y-1.cds.fa_04154	NaN	NaN	NaN	NaN	NaN	NaN	NaN	NaN	TFCN17291Y1_012280-T1	TFCN17291Y1_004195-T1
TFCN17291Y1_002048-T1__TFCN17291Y1_012280-T1	NaN	NaN	NaN	NaN	NaN	NaN	NaN	NaN	GF00000001	Rhodotorula_mucilaginosa_TFCN_17-291Y-1.cds.fa_12094	Rhodotorula_mucilaginosa_TFCN_17-291Y-1.cds.fa_02038	NaN	NaN	NaN	NaN	NaN	NaN	NaN	NaN	TFCN17291Y1_012280-T1	TFCN17291Y1_002048-T1
TFCN17291Y1_009250-T1__TFCN17291Y1_012280-T1	NaN	NaN	NaN	NaN	NaN	NaN	NaN	NaN	GF00000001	Rhodotorula_mucilaginosa_TFCN_17-291Y-1.cds.fa_12094	Rhodotorula_mucilaginosa_TFCN_17-291Y-1.cds.fa_09131	NaN	NaN	NaN	NaN	NaN	NaN	NaN	NaN	TFCN17291Y1_012280-T1	TFCN17291Y1_009250-T1
TFCN17291Y1_001625-T1__TFCN17291Y1_012280-T1	NaN	NaN	NaN	NaN	NaN	NaN	NaN	NaN	GF00000001	Rhodotorula_mucilaginosa_TFCN_17-291Y-1.cds.fa_12094	Rhodotorula_mucilaginosa_TFCN_17-291Y-1.cds.fa_01615	NaN	NaN	NaN	NaN	NaN	NaN	NaN	NaN	TFCN17291Y1_012280-T1	TFCN17291Y1_001625-T1
TFCN17291Y1_003669-T1__TFCN17291Y1_012280-T1	NaN	NaN	NaN	NaN	NaN	NaN	NaN	NaN	GF00000001	Rhodotorula_mucilaginosa_TFCN_17-291Y-1.cds.fa_12094	Rhodotorula_mucilaginosa_TFCN_17-291Y-1.cds.fa_03631	NaN	NaN	NaN	NaN	NaN	NaN	NaN	NaN	TFCN17291Y1_012280-T1	TFCN17291Y1_003669-T1
TFCN17291Y1_004982-T1__TFCN17291Y1_012280-T1	NaN	NaN	NaN	NaN	NaN	NaN	NaN	NaN	GF00000001	Rhodotorula_mucilaginosa_TFCN_17-291Y-1.cds.fa_12094	Rhodotorula_mucilaginosa_TFCN_17-291Y-1.cds.fa_04929	NaN	NaN	NaN	NaN	NaN	NaN	NaN	NaN	TFCN17291Y1_012280-T1	TFCN17291Y1_004982-T1
TFCN17291Y1_008570-T1__TFCN17291Y1_012280-T1	NaN	NaN	NaN	NaN	NaN	NaN	NaN	NaN	GF00000001	Rhodotorula_mucilaginosa_TFCN_17-291Y-1.cds.fa_12094	Rhodotorula_mucilaginosa_TFCN_17-291Y-1.cds.fa_08463	NaN	NaN	NaN	NaN	NaN	NaN	NaN	NaN	TFCN17291Y1_012280-T1	TFCN17291Y1_008570-T1
TFCN17291Y1_009936-T1__TFCN17291Y1_012280-T1	NaN	NaN	NaN	NaN	NaN	NaN	NaN	NaN	GF00000001	Rhodotorula_mucilaginosa_TFCN_17-291Y-1.cds.fa_12094	Rhodotorula_mucilaginosa_TFCN_17-291Y-1.cds.fa_09807	NaN	NaN	NaN	NaN	NaN	NaN	NaN	NaN	TFCN17291Y1_012280-T1	TFCN17291Y1_009936-T1
TFCN17291Y1_008826-T1__TFCN17291Y1_012280-T1	NaN	NaN	NaN	NaN	NaN	NaN	NaN	NaN	GF00000001	Rhodotorula_mucilaginosa_TFCN_17-291Y-1.cds.fa_12094	Rhodotorula_mucilaginosa_TFCN_17-291Y-1.cds.fa_08716	NaN	NaN	NaN	NaN	NaN	NaN	NaN	NaN	TFCN17291Y1_012280-T1	TFCN17291Y1_008826-T1
TFCN17291Y1_001835-T1__TFCN17291Y1_012280-T1	NaN	NaN	NaN	NaN	NaN	NaN	NaN	NaN	GF00000001	Rhodotorula_mucilaginosa_TFCN_17-291Y-1.cds.fa_12094	Rhodotorula_mucilaginosa_TFCN_17-291Y-1.cds.fa_01825	NaN	NaN	NaN	NaN	NaN	NaN	NaN	NaN	TFCN17291Y1_012280-T1	TFCN17291Y1_001835-T1
TFCN17291Y1_005768-T1__TFCN17291Y1_012280-T1	NaN	NaN	NaN	NaN	NaN	NaN	NaN	NaN	GF00000001	Rhodotorula_mucilaginosa_TFCN_17-291Y-1.cds.fa_12094	Rhodotorula_mucilaginosa_TFCN_17-291Y-1.cds.fa_05703	NaN	NaN	NaN	NaN	NaN	NaN	NaN	NaN	TFCN17291Y1_012280-T1	TFCN17291Y1_005768-T1
TFCN17291Y1_010278-T1__TFCN17291Y1_012280-T1	NaN	NaN	NaN	NaN	NaN	NaN	NaN	NaN	GF00000001	Rhodotorula_mucilaginosa_TFCN_17-291Y-1.cds.fa_12094	Rhodotorula_mucilaginosa_TFCN_17-291Y-1.cds.fa_10144	NaN	NaN	NaN	NaN	NaN	NaN	NaN	NaN	TFCN17291Y1_012280-T1	TFCN17291Y1_010278-T1
TFCN17291Y1_001901-T1__TFCN17291Y1_012280-T1	NaN	NaN	NaN	NaN	NaN	NaN	NaN	NaN	GF00000001	Rhodotorula_mucilaginosa_TFCN_17-291Y-1.cds.fa_12094	Rhodotorula_mucilaginosa_TFCN_17-291Y-1.cds.fa_01891	NaN	NaN	NaN	NaN	NaN	NaN	NaN	NaN	TFCN17291Y1_012280-T1	TFCN17291Y1_001901-T1
TFCN17291Y1_009100-T1__TFCN17291Y1_012280-T1	NaN	NaN	NaN	NaN	NaN	NaN	NaN	NaN	GF00000001	Rhodotorula_mucilaginosa_TFCN_17-291Y-1.cds.fa_12094	Rhodotorula_mucilaginosa_TFCN_17-291Y-1.cds.fa_08983	NaN	NaN	NaN	NaN	NaN	NaN	NaN	NaN	TFCN17291Y1_012280-T1	TFCN17291Y1_009100-T1
TFCN17291Y1_007201-T1__TFCN17291Y1_012280-T1	NaN	NaN	NaN	NaN	NaN	NaN	NaN	NaN	GF00000001	Rhodotorula_mucilaginosa_TFCN_17-291Y-1.cds.fa_12094	Rhodotorula_mucilaginosa_TFCN_17-291Y-1.cds.fa_07116	NaN	NaN	NaN	NaN	NaN	NaN	NaN	NaN	TFCN17291Y1_012280-T1	TFCN17291Y1_007201-T1
TFCN17291Y1_012280-T1__TFCN17291Y1_012923-T1	NaN	NaN	NaN	NaN	NaN	NaN	NaN	NaN	GF00000001	Rhodotorula_mucilaginosa_TFCN_17-291Y-1.cds.fa_12094	Rhodotorula_mucilaginosa_TFCN_17-291Y-1.cds.fa_12714	NaN	NaN	NaN	NaN	NaN	NaN	NaN	NaN	TFCN17291Y1_012280-T1	TFCN17291Y1_012923-T1
TFCN17291Y1_007255-T1__TFCN17291Y1_012280-T1	NaN	NaN	NaN	NaN	NaN	NaN	NaN	NaN	GF00000001	Rhodotorula_mucilaginosa_TFCN_17-291Y-1.cds.fa_12094	Rhodotorula_mucilaginosa_TFCN_17-291Y-1.cds.fa_07170	NaN	NaN	NaN	NaN	NaN	NaN	NaN	NaN	TFCN17291Y1_012280-T1	TFCN17291Y1_007255-T1
TFCN17291Y1_000299-T1__TFCN17291Y1_012280-T1	NaN	NaN	NaN	NaN	NaN	NaN	NaN	NaN	GF00000001	Rhodotorula_mucilaginosa_TFCN_17-291Y-1.cds.fa_12094	Rhodotorula_mucilaginosa_TFCN_17-291Y-1.cds.fa_00296	NaN	NaN	NaN	NaN	NaN	NaN	NaN	NaN	TFCN17291Y1_012280-T1	TFCN17291Y1_000299-T1
TFCN17291Y1_007840-T1__TFCN17291Y1_012280-T1	NaN	NaN	NaN	NaN	NaN	NaN	NaN	NaN	GF00000001	Rhodotorula_mucilaginosa_TFCN_17-291Y-1.cds.fa_12094	Rhodotorula_mucilaginosa_TFCN_17-291Y-1.cds.fa_07746	NaN	NaN	NaN	NaN	NaN	NaN	NaN	NaN	TFCN17291Y1_012280-T1	TFCN17291Y1_007840-T1
TFCN17291Y1_010158-T1__TFCN17291Y1_012280-T1	NaN	NaN	NaN	NaN	NaN	NaN	NaN	NaN	GF00000001	Rhodotorula_mucilaginosa_TFCN_17-291Y-1.cds.fa_12094	Rhodotorula_mucilaginosa_TFCN_17-291Y-1.cds.fa_10027	NaN	NaN	NaN	NaN	NaN	NaN	NaN	NaN	TFCN17291Y1_012280-T1	TFCN17291Y1_010158-T1
TFCN17291Y1_002231-T1__TFCN17291Y1_012280-T1	NaN	NaN	NaN	NaN	NaN	NaN	NaN	NaN	GF00000001	Rhodotorula_mucilaginosa_TFCN_17-291Y-1.cds.fa_12094	Rhodotorula_mucilaginosa_TFCN_17-291Y-1.cds.fa_02220	NaN	NaN	NaN	NaN	NaN	NaN	NaN	NaN	TFCN17291Y1_012280-T1	TFCN17291Y1_002231-T1
TFCN17291Y1_001095-T1__TFCN17291Y1_012280-T1	NaN	NaN	NaN	NaN	NaN	NaN	NaN	NaN	GF00000001	Rhodotorula_mucilaginosa_TFCN_17-291Y-1.cds.fa_12094	Rhodotorula_mucilaginosa_TFCN_17-291Y-1.cds.fa_01085	NaN	NaN	NaN	NaN	NaN	NaN	NaN	NaN	TFCN17291Y1_012280-T1	TFCN17291Y1_001095-T1
TFCN17291Y1_001094-T1__TFCN17291Y1_012280-T1	NaN	NaN	NaN	NaN	NaN	NaN	NaN	NaN	GF00000001	Rhodotorula_mucilaginosa_TFCN_17-291Y-1.cds.fa_12094	Rhodotorula_mucilaginosa_TFCN_17-291Y-1.cds.fa_01084	NaN	NaN	NaN	NaN	NaN	NaN	NaN	NaN	TFCN17291Y1_012280-T1	TFCN17291Y1_001094-T1
TFCN17291Y1_002048-T1__TFCN17291Y1_004195-T1	NaN	NaN	NaN	NaN	NaN	NaN	NaN	NaN	GF00000001	Rhodotorula_mucilaginosa_TFCN_17-291Y-1.cds.fa_04154	Rhodotorula_mucilaginosa_TFCN_17-291Y-1.cds.fa_02038	NaN	NaN	NaN	NaN	NaN	NaN	NaN	NaN	TFCN17291Y1_004195-T1	TFCN17291Y1_002048-T1
TFCN17291Y1_004195-T1__TFCN17291Y1_009250-T1	NaN	NaN	NaN	NaN	NaN	NaN	NaN	NaN	GF00000001	Rhodotorula_mucilaginosa_TFCN_17-291Y-1.cds.fa_04154	Rhodotorula_mucilaginosa_TFCN_17-291Y-1.cds.fa_09131	NaN	NaN	NaN	NaN	NaN	NaN	NaN	NaN	TFCN17291Y1_004195-T1	TFCN17291Y1_009250-T1
TFCN17291Y1_001625-T1__TFCN17291Y1_004195-T1	NaN	NaN	NaN	NaN	NaN	NaN	NaN	NaN	GF00000001	Rhodotorula_mucilaginosa_TFCN_17-291Y-1.cds.fa_04154	Rhodotorula_mucilaginosa_TFCN_17-291Y-1.cds.fa_01615	NaN	NaN	NaN	NaN	NaN	NaN	NaN	NaN	TFCN17291Y1_004195-T1	TFCN17291Y1_001625-T1
TFCN17291Y1_003669-T1__TFCN17291Y1_004195-T1	NaN	NaN	NaN	NaN	NaN	NaN	NaN	NaN	GF00000001	Rhodotorula_mucilaginosa_TFCN_17-291Y-1.cds.fa_04154	Rhodotorula_mucilaginosa_TFCN_17-291Y-1.cds.fa_03631	NaN	NaN	NaN	NaN	NaN	NaN	NaN	NaN	TFCN17291Y1_004195-T1	TFCN17291Y1_003669-T1
TFCN17291Y1_004195-T1__TFCN17291Y1_004982-T1	NaN	NaN	NaN	NaN	NaN	NaN	NaN	NaN	GF00000001	Rhodotorula_mucilaginosa_TFCN_17-291Y-1.cds.fa_04154	Rhodotorula_mucilaginosa_TFCN_17-291Y-1.cds.fa_04929	NaN	NaN	NaN	NaN	NaN	NaN	NaN	NaN	TFCN17291Y1_004195-T1	TFCN17291Y1_004982-T1
TFCN17291Y1_004195-T1__TFCN17291Y1_008570-T1	NaN	NaN	NaN	NaN	NaN	NaN	NaN	NaN	GF00000001	Rhodotorula_mucilaginosa_TFCN_17-291Y-1.cds.fa_04154	Rhodotorula_mucilaginosa_TFCN_17-291Y-1.cds.fa_08463	NaN	NaN	NaN	NaN	NaN	NaN	NaN	NaN	TFCN17291Y1_004195-T1	TFCN17291Y1_008570-T1
TFCN17291Y1_004195-T1__TFCN17291Y1_009936-T1	NaN	NaN	NaN	NaN	NaN	NaN	NaN	NaN	GF00000001	Rhodotorula_mucilaginosa_TFCN_17-291Y-1.cds.fa_04154	Rhodotorula_mucilaginosa_TFCN_17-291Y-1.cds.fa_09807	NaN	NaN	NaN	NaN	NaN	NaN	NaN	NaN	TFCN17291Y1_004195-T1	TFCN17291Y1_009936-T1
TFCN17291Y1_004195-T1__TFCN17291Y1_008826-T1	NaN	NaN	NaN	NaN	NaN	NaN	NaN	NaN	GF00000001	Rhodotorula_mucilaginosa_TFCN_17-291Y-1.cds.fa_04154	Rhodotorula_mucilaginosa_TFCN_17-291Y-1.cds.fa_08716	NaN	NaN	NaN	NaN	NaN	NaN	NaN	NaN	TFCN17291Y1_004195-T1	TFCN17291Y1_008826-T1
TFCN17291Y1_001835-T1__TFCN17291Y1_004195-T1	NaN	NaN	NaN	NaN	NaN	NaN	NaN	NaN	GF00000001	Rhodotorula_mucilaginosa_TFCN_17-291Y-1.cds.fa_04154	Rhodotorula_mucilaginosa_TFCN_17-291Y-1.cds.fa_01825	NaN	NaN	NaN	NaN	NaN	NaN	NaN	NaN	TFCN17291Y1_004195-T1	TFCN17291Y1_001835-T1
TFCN17291Y1_004195-T1__TFCN17291Y1_005768-T1	NaN	NaN	NaN	NaN	NaN	NaN	NaN	NaN	GF00000001	Rhodotorula_mucilaginosa_TFCN_17-291Y-1.cds.fa_04154	Rhodotorula_mucilaginosa_TFCN_17-291Y-1.cds.fa_05703	NaN	NaN	NaN	NaN	NaN	NaN	NaN	NaN	TFCN17291Y1_004195-T1	TFCN17291Y1_005768-T1
TFCN17291Y1_004195-T1__TFCN17291Y1_010278-T1	NaN	NaN	NaN	NaN	NaN	NaN	NaN	NaN	GF00000001	Rhodotorula_mucilaginosa_TFCN_17-291Y-1.cds.fa_04154	Rhodotorula_mucilaginosa_TFCN_17-291Y-1.cds.fa_10144	NaN	NaN	NaN	NaN	NaN	NaN	NaN	NaN	TFCN17291Y1_004195-T1	TFCN17291Y1_010278-T1
TFCN17291Y1_001901-T1__TFCN17291Y1_004195-T1	NaN	NaN	NaN	NaN	NaN	NaN	NaN	NaN	GF00000001	Rhodotorula_mucilaginosa_TFCN_17-291Y-1.cds.fa_04154	Rhodotorula_mucilaginosa_TFCN_17-291Y-1.cds.fa_01891	NaN	NaN	NaN	NaN	NaN	NaN	NaN	NaN	TFCN17291Y1_004195-T1	TFCN17291Y1_001901-T1
TFCN17291Y1_004195-T1__TFCN17291Y1_009100-T1	NaN	NaN	NaN	NaN	NaN	NaN	NaN	NaN	GF00000001	Rhodotorula_mucilaginosa_TFCN_17-291Y-1.cds.fa_04154	Rhodotorula_mucilaginosa_TFCN_17-291Y-1.cds.fa_08983	NaN	NaN	NaN	NaN	NaN	NaN	NaN	NaN	TFCN17291Y1_004195-T1	TFCN17291Y1_009100-T1
TFCN17291Y1_004195-T1__TFCN17291Y1_007201-T1	NaN	NaN	NaN	NaN	NaN	NaN	NaN	NaN	GF00000001	Rhodotorula_mucilaginosa_TFCN_17-291Y-1.cds.fa_04154	Rhodotorula_mucilaginosa_TFCN_17-291Y-1.cds.fa_07116	NaN	NaN	NaN	NaN	NaN	NaN	NaN	NaN	TFCN17291Y1_004195-T1	TFCN17291Y1_007201-T1
TFCN17291Y1_004195-T1__TFCN17291Y1_012923-T1	NaN	NaN	NaN	NaN	NaN	NaN	NaN	NaN	GF00000001	Rhodotorula_mucilaginosa_TFCN_17-291Y-1.cds.fa_04154	Rhodotorula_mucilaginosa_TFCN_17-291Y-1.cds.fa_12714	NaN	NaN	NaN	NaN	NaN	NaN	NaN	NaN	TFCN17291Y1_004195-T1	TFCN17291Y1_012923-T1
TFCN17291Y1_004195-T1__TFCN17291Y1_007255-T1	NaN	NaN	NaN	NaN	NaN	NaN	NaN	NaN	GF00000001	Rhodotorula_mucilaginosa_TFCN_17-291Y-1.cds.fa_04154	Rhodotorula_mucilaginosa_TFCN_17-291Y-1.cds.fa_07170	NaN	NaN	NaN	NaN	NaN	NaN	NaN	NaN	TFCN17291Y1_004195-T1	TFCN17291Y1_007255-T1
TFCN17291Y1_000299-T1__TFCN17291Y1_004195-T1	NaN	NaN	NaN	NaN	NaN	NaN	NaN	NaN	GF00000001	Rhodotorula_mucilaginosa_TFCN_17-291Y-1.cds.fa_04154	Rhodotorula_mucilaginosa_TFCN_17-291Y-1.cds.fa_00296	NaN	NaN	NaN	NaN	NaN	NaN	NaN	NaN	TFCN17291Y1_004195-T1	TFCN17291Y1_000299-T1
TFCN17291Y1_004195-T1__TFCN17291Y1_007840-T1	NaN	NaN	NaN	NaN	NaN	NaN	NaN	NaN	GF00000001	Rhodotorula_mucilaginosa_TFCN_17-291Y-1.cds.fa_04154	Rhodotorula_mucilaginosa_TFCN_17-291Y-1.cds.fa_07746	NaN	NaN	NaN	NaN	NaN	NaN	NaN	NaN	TFCN17291Y1_004195-T1	TFCN17291Y1_007840-T1
TFCN17291Y1_004195-T1__TFCN17291Y1_010158-T1	NaN	NaN	NaN	NaN	NaN	NaN	NaN	NaN	GF00000001	Rhodotorula_mucilaginosa_TFCN_17-291Y-1.cds.fa_04154	Rhodotorula_mucilaginosa_TFCN_17-291Y-1.cds.fa_10027	NaN	NaN	NaN	NaN	NaN	NaN	NaN	NaN	TFCN17291Y1_004195-T1	TFCN17291Y1_010158-T1
TFCN17291Y1_002231-T1__TFCN17291Y1_004195-T1	NaN	NaN	NaN	NaN	NaN	NaN	NaN	NaN	GF00000001	Rhodotorula_mucilaginosa_TFCN_17-291Y-1.cds.fa_04154	Rhodotorula_mucilaginosa_TFCN_17-291Y-1.cds.fa_02220	NaN	NaN	NaN	NaN	NaN	NaN	NaN	NaN	TFCN17291Y1_004195-T1	TFCN17291Y1_002231-T1
TFCN17291Y1_001095-T1__TFCN17291Y1_004195-T1	NaN	NaN	NaN	NaN	NaN	NaN	NaN	NaN	GF00000001	Rhodotorula_mucilaginosa_TFCN_17-291Y-1.cds.fa_04154	Rhodotorula_mucilaginosa_TFCN_17-291Y-1.cds.fa_01085	NaN	NaN	NaN	NaN	NaN	NaN	NaN	NaN	TFCN17291Y1_004195-T1	TFCN17291Y1_001095-T1
TFCN17291Y1_001094-T1__TFCN17291Y1_004195-T1	NaN	NaN	NaN	NaN	NaN	NaN	NaN	NaN	GF00000001	Rhodotorula_mucilaginosa_TFCN_17-291Y-1.cds.fa_04154	Rhodotorula_mucilaginosa_TFCN_17-291Y-1.cds.fa_01084	NaN	NaN	NaN	NaN	NaN	NaN	NaN	NaN	TFCN17291Y1_004195-T1	TFCN17291Y1_001094-T1
TFCN17291Y1_002048-T1__TFCN17291Y1_009250-T1	NaN	NaN	NaN	NaN	NaN	NaN	NaN	NaN	GF00000001	Rhodotorula_mucilaginosa_TFCN_17-291Y-1.cds.fa_02038	Rhodotorula_mucilaginosa_TFCN_17-291Y-1.cds.fa_09131	NaN	NaN	NaN	NaN	NaN	NaN	NaN	NaN	TFCN17291Y1_002048-T1	TFCN17291Y1_009250-T1
TFCN17291Y1_001625-T1__TFCN17291Y1_002048-T1	NaN	NaN	NaN	NaN	NaN	NaN	NaN	NaN	GF00000001	Rhodotorula_mucilaginosa_TFCN_17-291Y-1.cds.fa_02038	Rhodotorula_mucilaginosa_TFCN_17-291Y-1.cds.fa_01615	NaN	NaN	NaN	NaN	NaN	NaN	NaN	NaN	TFCN17291Y1_002048-T1	TFCN17291Y1_001625-T1
TFCN17291Y1_002048-T1__TFCN17291Y1_003669-T1	NaN	NaN	NaN	NaN	NaN	NaN	NaN	NaN	GF00000001	Rhodotorula_mucilaginosa_TFCN_17-291Y-1.cds.fa_02038	Rhodotorula_mucilaginosa_TFCN_17-291Y-1.cds.fa_03631	NaN	NaN	NaN	NaN	NaN	NaN	NaN	NaN	TFCN17291Y1_002048-T1	TFCN17291Y1_003669-T1
TFCN17291Y1_002048-T1__TFCN17291Y1_004982-T1	NaN	NaN	NaN	NaN	NaN	NaN	NaN	NaN	GF00000001	Rhodotorula_mucilaginosa_TFCN_17-291Y-1.cds.fa_02038	Rhodotorula_mucilaginosa_TFCN_17-291Y-1.cds.fa_04929	NaN	NaN	NaN	NaN	NaN	NaN	NaN	NaN	TFCN17291Y1_002048-T1	TFCN17291Y1_004982-T1
TFCN17291Y1_002048-T1__TFCN17291Y1_008570-T1	NaN	NaN	NaN	NaN	NaN	NaN	NaN	NaN	GF00000001	Rhodotorula_mucilaginosa_TFCN_17-291Y-1.cds.fa_02038	Rhodotorula_mucilaginosa_TFCN_17-291Y-1.cds.fa_08463	NaN	NaN	NaN	NaN	NaN	NaN	NaN	NaN	TFCN17291Y1_002048-T1	TFCN17291Y1_008570-T1
TFCN17291Y1_002048-T1__TFCN17291Y1_009936-T1	NaN	NaN	NaN	NaN	NaN	NaN	NaN	NaN	GF00000001	Rhodotorula_mucilaginosa_TFCN_17-291Y-1.cds.fa_02038	Rhodotorula_mucilaginosa_TFCN_17-291Y-1.cds.fa_09807	NaN	NaN	NaN	NaN	NaN	NaN	NaN	NaN	TFCN17291Y1_002048-T1	TFCN17291Y1_009936-T1
TFCN17291Y1_002048-T1__TFCN17291Y1_008826-T1	NaN	NaN	NaN	NaN	NaN	NaN	NaN	NaN	GF00000001	Rhodotorula_mucilaginosa_TFCN_17-291Y-1.cds.fa_02038	Rhodotorula_mucilaginosa_TFCN_17-291Y-1.cds.fa_08716	NaN	NaN	NaN	NaN	NaN	NaN	NaN	NaN	TFCN17291Y1_002048-T1	TFCN17291Y1_008826-T1
TFCN17291Y1_001835-T1__TFCN17291Y1_002048-T1	NaN	NaN	NaN	NaN	NaN	NaN	NaN	NaN	GF00000001	Rhodotorula_mucilaginosa_TFCN_17-291Y-1.cds.fa_02038	Rhodotorula_mucilaginosa_TFCN_17-291Y-1.cds.fa_01825	NaN	NaN	NaN	NaN	NaN	NaN	NaN	NaN	TFCN17291Y1_002048-T1	TFCN17291Y1_001835-T1
TFCN17291Y1_002048-T1__TFCN17291Y1_005768-T1	NaN	NaN	NaN	NaN	NaN	NaN	NaN	NaN	GF00000001	Rhodotorula_mucilaginosa_TFCN_17-291Y-1.cds.fa_02038	Rhodotorula_mucilaginosa_TFCN_17-291Y-1.cds.fa_05703	NaN	NaN	NaN	NaN	NaN	NaN	NaN	NaN	TFCN17291Y1_002048-T1	TFCN17291Y1_005768-T1
TFCN17291Y1_002048-T1__TFCN17291Y1_010278-T1	NaN	NaN	NaN	NaN	NaN	NaN	NaN	NaN	GF00000001	Rhodotorula_mucilaginosa_TFCN_17-291Y-1.cds.fa_02038	Rhodotorula_mucilaginosa_TFCN_17-291Y-1.cds.fa_10144	NaN	NaN	NaN	NaN	NaN	NaN	NaN	NaN	TFCN17291Y1_002048-T1	TFCN17291Y1_010278-T1
TFCN17291Y1_001901-T1__TFCN17291Y1_002048-T1	NaN	NaN	NaN	NaN	NaN	NaN	NaN	NaN	GF00000001	Rhodotorula_mucilaginosa_TFCN_17-291Y-1.cds.fa_02038	Rhodotorula_mucilaginosa_TFCN_17-291Y-1.cds.fa_01891	NaN	NaN	NaN	NaN	NaN	NaN	NaN	NaN	TFCN17291Y1_002048-T1	TFCN17291Y1_001901-T1
TFCN17291Y1_002048-T1__TFCN17291Y1_009100-T1	NaN	NaN	NaN	NaN	NaN	NaN	NaN	NaN	GF00000001	Rhodotorula_mucilaginosa_TFCN_17-291Y-1.cds.fa_02038	Rhodotorula_mucilaginosa_TFCN_17-291Y-1.cds.fa_08983	NaN	NaN	NaN	NaN	NaN	NaN	NaN	NaN	TFCN17291Y1_002048-T1	TFCN17291Y1_009100-T1
TFCN17291Y1_002048-T1__TFCN17291Y1_007201-T1	NaN	NaN	NaN	NaN	NaN	NaN	NaN	NaN	GF00000001	Rhodotorula_mucilaginosa_TFCN_17-291Y-1.cds.fa_02038	Rhodotorula_mucilaginosa_TFCN_17-291Y-1.cds.fa_07116	NaN	NaN	NaN	NaN	NaN	NaN	NaN	NaN	TFCN17291Y1_002048-T1	TFCN17291Y1_007201-T1
TFCN17291Y1_002048-T1__TFCN17291Y1_012923-T1	NaN	NaN	NaN	NaN	NaN	NaN	NaN	NaN	GF00000001	Rhodotorula_mucilaginosa_TFCN_17-291Y-1.cds.fa_02038	Rhodotorula_mucilaginosa_TFCN_17-291Y-1.cds.fa_12714	NaN	NaN	NaN	NaN	NaN	NaN	NaN	NaN	TFCN17291Y1_002048-T1	TFCN17291Y1_012923-T1
TFCN17291Y1_002048-T1__TFCN17291Y1_007255-T1	NaN	NaN	NaN	NaN	NaN	NaN	NaN	NaN	GF00000001	Rhodotorula_mucilaginosa_TFCN_17-291Y-1.cds.fa_02038	Rhodotorula_mucilaginosa_TFCN_17-291Y-1.cds.fa_07170	NaN	NaN	NaN	NaN	NaN	NaN	NaN	NaN	TFCN17291Y1_002048-T1	TFCN17291Y1_007255-T1
TFCN17291Y1_000299-T1__TFCN17291Y1_002048-T1	NaN	NaN	NaN	NaN	NaN	NaN	NaN	NaN	GF00000001	Rhodotorula_mucilaginosa_TFCN_17-291Y-1.cds.fa_02038	Rhodotorula_mucilaginosa_TFCN_17-291Y-1.cds.fa_00296	NaN	NaN	NaN	NaN	NaN	NaN	NaN	NaN	TFCN17291Y1_002048-T1	TFCN17291Y1_000299-T1
TFCN17291Y1_002048-T1__TFCN17291Y1_007840-T1	NaN	NaN	NaN	NaN	NaN	NaN	NaN	NaN	GF00000001	Rhodotorula_mucilaginosa_TFCN_17-291Y-1.cds.fa_02038	Rhodotorula_mucilaginosa_TFCN_17-291Y-1.cds.fa_07746	NaN	NaN	NaN	NaN	NaN	NaN	NaN	NaN	TFCN17291Y1_002048-T1	TFCN17291Y1_007840-T1
TFCN17291Y1_002048-T1__TFCN17291Y1_010158-T1	NaN	NaN	NaN	NaN	NaN	NaN	NaN	NaN	GF00000001	Rhodotorula_mucilaginosa_TFCN_17-291Y-1.cds.fa_02038	Rhodotorula_mucilaginosa_TFCN_17-291Y-1.cds.fa_10027	NaN	NaN	NaN	NaN	NaN	NaN	NaN	NaN	TFCN17291Y1_002048-T1	TFCN17291Y1_010158-T1
TFCN17291Y1_002048-T1__TFCN17291Y1_002231-T1	NaN	NaN	NaN	NaN	NaN	NaN	NaN	NaN	GF00000001	Rhodotorula_mucilaginosa_TFCN_17-291Y-1.cds.fa_02038	Rhodotorula_mucilaginosa_TFCN_17-291Y-1.cds.fa_02220	NaN	NaN	NaN	NaN	NaN	NaN	NaN	NaN	TFCN17291Y1_002048-T1	TFCN17291Y1_002231-T1
TFCN17291Y1_001095-T1__TFCN17291Y1_002048-T1	NaN	NaN	NaN	NaN	NaN	NaN	NaN	NaN	GF00000001	Rhodotorula_mucilaginosa_TFCN_17-291Y-1.cds.fa_02038	Rhodotorula_mucilaginosa_TFCN_17-291Y-1.cds.fa_01085	NaN	NaN	NaN	NaN	NaN	NaN	NaN	NaN	TFCN17291Y1_002048-T1	TFCN17291Y1_001095-T1
TFCN17291Y1_001094-T1__TFCN17291Y1_002048-T1	NaN	NaN	NaN	NaN	NaN	NaN	NaN	NaN	GF00000001	Rhodotorula_mucilaginosa_TFCN_17-291Y-1.cds.fa_02038	Rhodotorula_mucilaginosa_TFCN_17-291Y-1.cds.fa_01084	NaN	NaN	NaN	NaN	NaN	NaN	NaN	NaN	TFCN17291Y1_002048-T1	TFCN17291Y1_001094-T1
TFCN17291Y1_001625-T1__TFCN17291Y1_009250-T1	NaN	NaN	NaN	NaN	NaN	NaN	NaN	NaN	GF00000001	Rhodotorula_mucilaginosa_TFCN_17-291Y-1.cds.fa_09131	Rhodotorula_mucilaginosa_TFCN_17-291Y-1.cds.fa_01615	NaN	NaN	NaN	NaN	NaN	NaN	NaN	NaN	TFCN17291Y1_009250-T1	TFCN17291Y1_001625-T1
TFCN17291Y1_003669-T1__TFCN17291Y1_009250-T1	NaN	NaN	NaN	NaN	NaN	NaN	NaN	NaN	GF00000001	Rhodotorula_mucilaginosa_TFCN_17-291Y-1.cds.fa_09131	Rhodotorula_mucilaginosa_TFCN_17-291Y-1.cds.fa_03631	NaN	NaN	NaN	NaN	NaN	NaN	NaN	NaN	TFCN17291Y1_009250-T1	TFCN17291Y1_003669-T1
TFCN17291Y1_004982-T1__TFCN17291Y1_009250-T1	NaN	NaN	NaN	NaN	NaN	NaN	NaN	NaN	GF00000001	Rhodotorula_mucilaginosa_TFCN_17-291Y-1.cds.fa_09131	Rhodotorula_mucilaginosa_TFCN_17-291Y-1.cds.fa_04929	NaN	NaN	NaN	NaN	NaN	NaN	NaN	NaN	TFCN17291Y1_009250-T1	TFCN17291Y1_004982-T1
TFCN17291Y1_008570-T1__TFCN17291Y1_009250-T1	NaN	NaN	NaN	NaN	NaN	NaN	NaN	NaN	GF00000001	Rhodotorula_mucilaginosa_TFCN_17-291Y-1.cds.fa_09131	Rhodotorula_mucilaginosa_TFCN_17-291Y-1.cds.fa_08463	NaN	NaN	NaN	NaN	NaN	NaN	NaN	NaN	TFCN17291Y1_009250-T1	TFCN17291Y1_008570-T1
TFCN17291Y1_009250-T1__TFCN17291Y1_009936-T1	NaN	NaN	NaN	NaN	NaN	NaN	NaN	NaN	GF00000001	Rhodotorula_mucilaginosa_TFCN_17-291Y-1.cds.fa_09131	Rhodotorula_mucilaginosa_TFCN_17-291Y-1.cds.fa_09807	NaN	NaN	NaN	NaN	NaN	NaN	NaN	NaN	TFCN17291Y1_009250-T1	TFCN17291Y1_009936-T1
TFCN17291Y1_008826-T1__TFCN17291Y1_009250-T1	NaN	NaN	NaN	NaN	NaN	NaN	NaN	NaN	GF00000001	Rhodotorula_mucilaginosa_TFCN_17-291Y-1.cds.fa_09131	Rhodotorula_mucilaginosa_TFCN_17-291Y-1.cds.fa_08716	NaN	NaN	NaN	NaN	NaN	NaN	NaN	NaN	TFCN17291Y1_009250-T1	TFCN17291Y1_008826-T1
TFCN17291Y1_001835-T1__TFCN17291Y1_009250-T1	NaN	NaN	NaN	NaN	NaN	NaN	NaN	NaN	GF00000001	Rhodotorula_mucilaginosa_TFCN_17-291Y-1.cds.fa_09131	Rhodotorula_mucilaginosa_TFCN_17-291Y-1.cds.fa_01825	NaN	NaN	NaN	NaN	NaN	NaN	NaN	NaN	TFCN17291Y1_009250-T1	TFCN17291Y1_001835-T1
TFCN17291Y1_005768-T1__TFCN17291Y1_009250-T1	NaN	NaN	NaN	NaN	NaN	NaN	NaN	NaN	GF00000001	Rhodotorula_mucilaginosa_TFCN_17-291Y-1.cds.fa_09131	Rhodotorula_mucilaginosa_TFCN_17-291Y-1.cds.fa_05703	NaN	NaN	NaN	NaN	NaN	NaN	NaN	NaN	TFCN17291Y1_009250-T1	TFCN17291Y1_005768-T1
TFCN17291Y1_009250-T1__TFCN17291Y1_010278-T1	NaN	NaN	NaN	NaN	NaN	NaN	NaN	NaN	GF00000001	Rhodotorula_mucilaginosa_TFCN_17-291Y-1.cds.fa_09131	Rhodotorula_mucilaginosa_TFCN_17-291Y-1.cds.fa_10144	NaN	NaN	NaN	NaN	NaN	NaN	NaN	NaN	TFCN17291Y1_009250-T1	TFCN17291Y1_010278-T1
TFCN17291Y1_001901-T1__TFCN17291Y1_009250-T1	NaN	NaN	NaN	NaN	NaN	NaN	NaN	NaN	GF00000001	Rhodotorula_mucilaginosa_TFCN_17-291Y-1.cds.fa_09131	Rhodotorula_mucilaginosa_TFCN_17-291Y-1.cds.fa_01891	NaN	NaN	NaN	NaN	NaN	NaN	NaN	NaN	TFCN17291Y1_009250-T1	TFCN17291Y1_001901-T1
TFCN17291Y1_009100-T1__TFCN17291Y1_009250-T1	NaN	NaN	NaN	NaN	NaN	NaN	NaN	NaN	GF00000001	Rhodotorula_mucilaginosa_TFCN_17-291Y-1.cds.fa_09131	Rhodotorula_mucilaginosa_TFCN_17-291Y-1.cds.fa_08983	NaN	NaN	NaN	NaN	NaN	NaN	NaN	NaN	TFCN17291Y1_009250-T1	TFCN17291Y1_009100-T1
TFCN17291Y1_007201-T1__TFCN17291Y1_009250-T1	NaN	NaN	NaN	NaN	NaN	NaN	NaN	NaN	GF00000001	Rhodotorula_mucilaginosa_TFCN_17-291Y-1.cds.fa_09131	Rhodotorula_mucilaginosa_TFCN_17-291Y-1.cds.fa_07116	NaN	NaN	NaN	NaN	NaN	NaN	NaN	NaN	TFCN17291Y1_009250-T1	TFCN17291Y1_007201-T1
TFCN17291Y1_009250-T1__TFCN17291Y1_012923-T1	NaN	NaN	NaN	NaN	NaN	NaN	NaN	NaN	GF00000001	Rhodotorula_mucilaginosa_TFCN_17-291Y-1.cds.fa_09131	Rhodotorula_mucilaginosa_TFCN_17-291Y-1.cds.fa_12714	NaN	NaN	NaN	NaN	NaN	NaN	NaN	NaN	TFCN17291Y1_009250-T1	TFCN17291Y1_012923-T1
TFCN17291Y1_007255-T1__TFCN17291Y1_009250-T1	NaN	NaN	NaN	NaN	NaN	NaN	NaN	NaN	GF00000001	Rhodotorula_mucilaginosa_TFCN_17-291Y-1.cds.fa_09131	Rhodotorula_mucilaginosa_TFCN_17-291Y-1.cds.fa_07170	NaN	NaN	NaN	NaN	NaN	NaN	NaN	NaN	TFCN17291Y1_009250-T1	TFCN17291Y1_007255-T1
TFCN17291Y1_000299-T1__TFCN17291Y1_009250-T1	NaN	NaN	NaN	NaN	NaN	NaN	NaN	NaN	GF00000001	Rhodotorula_mucilaginosa_TFCN_17-291Y-1.cds.fa_09131	Rhodotorula_mucilaginosa_TFCN_17-291Y-1.cds.fa_00296	NaN	NaN	NaN	NaN	NaN	NaN	NaN	NaN	TFCN17291Y1_009250-T1	TFCN17291Y1_000299-T1
TFCN17291Y1_007840-T1__TFCN17291Y1_009250-T1	NaN	NaN	NaN	NaN	NaN	NaN	NaN	NaN	GF00000001	Rhodotorula_mucilaginosa_TFCN_17-291Y-1.cds.fa_09131	Rhodotorula_mucilaginosa_TFCN_17-291Y-1.cds.fa_07746	NaN	NaN	NaN	NaN	NaN	NaN	NaN	NaN	TFCN17291Y1_009250-T1	TFCN17291Y1_007840-T1
TFCN17291Y1_009250-T1__TFCN17291Y1_010158-T1	NaN	NaN	NaN	NaN	NaN	NaN	NaN	NaN	GF00000001	Rhodotorula_mucilaginosa_TFCN_17-291Y-1.cds.fa_09131	Rhodotorula_mucilaginosa_TFCN_17-291Y-1.cds.fa_10027	NaN	NaN	NaN	NaN	NaN	NaN	NaN	NaN	TFCN17291Y1_009250-T1	TFCN17291Y1_010158-T1
TFCN17291Y1_002231-T1__TFCN17291Y1_009250-T1	NaN	NaN	NaN	NaN	NaN	NaN	NaN	NaN	GF00000001	Rhodotorula_mucilaginosa_TFCN_17-291Y-1.cds.fa_09131	Rhodotorula_mucilaginosa_TFCN_17-291Y-1.cds.fa_02220	NaN	NaN	NaN	NaN	NaN	NaN	NaN	NaN	TFCN17291Y1_009250-T1	TFCN17291Y1_002231-T1
TFCN17291Y1_001095-T1__TFCN17291Y1_009250-T1	NaN	NaN	NaN	NaN	NaN	NaN	NaN	NaN	GF00000001	Rhodotorula_mucilaginosa_TFCN_17-291Y-1.cds.fa_09131	Rhodotorula_mucilaginosa_TFCN_17-291Y-1.cds.fa_01085	NaN	NaN	NaN	NaN	NaN	NaN	NaN	NaN	TFCN17291Y1_009250-T1	TFCN17291Y1_001095-T1
TFCN17291Y1_001094-T1__TFCN17291Y1_009250-T1	NaN	NaN	NaN	NaN	NaN	NaN	NaN	NaN	GF00000001	Rhodotorula_mucilaginosa_TFCN_17-291Y-1.cds.fa_09131	Rhodotorula_mucilaginosa_TFCN_17-291Y-1.cds.fa_01084	NaN	NaN	NaN	NaN	NaN	NaN	NaN	NaN	TFCN17291Y1_009250-T1	TFCN17291Y1_001094-T1
TFCN17291Y1_001625-T1__TFCN17291Y1_003669-T1	NaN	NaN	NaN	NaN	NaN	NaN	NaN	NaN	GF00000001	Rhodotorula_mucilaginosa_TFCN_17-291Y-1.cds.fa_01615	Rhodotorula_mucilaginosa_TFCN_17-291Y-1.cds.fa_03631	NaN	NaN	NaN	NaN	NaN	NaN	NaN	NaN	TFCN17291Y1_001625-T1	TFCN17291Y1_003669-T1
TFCN17291Y1_001625-T1__TFCN17291Y1_004982-T1	NaN	NaN	NaN	NaN	NaN	NaN	NaN	NaN	GF00000001	Rhodotorula_mucilaginosa_TFCN_17-291Y-1.cds.fa_01615	Rhodotorula_mucilaginosa_TFCN_17-291Y-1.cds.fa_04929	NaN	NaN	NaN	NaN	NaN	NaN	NaN	NaN	TFCN17291Y1_001625-T1	TFCN17291Y1_004982-T1
TFCN17291Y1_001625-T1__TFCN17291Y1_008570-T1	NaN	NaN	NaN	NaN	NaN	NaN	NaN	NaN	GF00000001	Rhodotorula_mucilaginosa_TFCN_17-291Y-1.cds.fa_01615	Rhodotorula_mucilaginosa_TFCN_17-291Y-1.cds.fa_08463	NaN	NaN	NaN	NaN	NaN	NaN	NaN	NaN	TFCN17291Y1_001625-T1	TFCN17291Y1_008570-T1
TFCN17291Y1_001625-T1__TFCN17291Y1_009936-T1	NaN	NaN	NaN	NaN	NaN	NaN	NaN	NaN	GF00000001	Rhodotorula_mucilaginosa_TFCN_17-291Y-1.cds.fa_01615	Rhodotorula_mucilaginosa_TFCN_17-291Y-1.cds.fa_09807	NaN	NaN	NaN	NaN	NaN	NaN	NaN	NaN	TFCN17291Y1_001625-T1	TFCN17291Y1_009936-T1
TFCN17291Y1_001625-T1__TFCN17291Y1_008826-T1	NaN	NaN	NaN	NaN	NaN	NaN	NaN	NaN	GF00000001	Rhodotorula_mucilaginosa_TFCN_17-291Y-1.cds.fa_01615	Rhodotorula_mucilaginosa_TFCN_17-291Y-1.cds.fa_08716	NaN	NaN	NaN	NaN	NaN	NaN	NaN	NaN	TFCN17291Y1_001625-T1	TFCN17291Y1_008826-T1
TFCN17291Y1_001625-T1__TFCN17291Y1_001835-T1	NaN	NaN	NaN	NaN	NaN	NaN	NaN	NaN	GF00000001	Rhodotorula_mucilaginosa_TFCN_17-291Y-1.cds.fa_01615	Rhodotorula_mucilaginosa_TFCN_17-291Y-1.cds.fa_01825	NaN	NaN	NaN	NaN	NaN	NaN	NaN	NaN	TFCN17291Y1_001625-T1	TFCN17291Y1_001835-T1
TFCN17291Y1_001625-T1__TFCN17291Y1_005768-T1	NaN	NaN	NaN	NaN	NaN	NaN	NaN	NaN	GF00000001	Rhodotorula_mucilaginosa_TFCN_17-291Y-1.cds.fa_01615	Rhodotorula_mucilaginosa_TFCN_17-291Y-1.cds.fa_05703	NaN	NaN	NaN	NaN	NaN	NaN	NaN	NaN	TFCN17291Y1_001625-T1	TFCN17291Y1_005768-T1
TFCN17291Y1_001625-T1__TFCN17291Y1_010278-T1	NaN	NaN	NaN	NaN	NaN	NaN	NaN	NaN	GF00000001	Rhodotorula_mucilaginosa_TFCN_17-291Y-1.cds.fa_01615	Rhodotorula_mucilaginosa_TFCN_17-291Y-1.cds.fa_10144	NaN	NaN	NaN	NaN	NaN	NaN	NaN	NaN	TFCN17291Y1_001625-T1	TFCN17291Y1_010278-T1
TFCN17291Y1_001625-T1__TFCN17291Y1_001901-T1	NaN	NaN	NaN	NaN	NaN	NaN	NaN	NaN	GF00000001	Rhodotorula_mucilaginosa_TFCN_17-291Y-1.cds.fa_01615	Rhodotorula_mucilaginosa_TFCN_17-291Y-1.cds.fa_01891	NaN	NaN	NaN	NaN	NaN	NaN	NaN	NaN	TFCN17291Y1_001625-T1	TFCN17291Y1_001901-T1
TFCN17291Y1_001625-T1__TFCN17291Y1_009100-T1	NaN	NaN	NaN	NaN	NaN	NaN	NaN	NaN	GF00000001	Rhodotorula_mucilaginosa_TFCN_17-291Y-1.cds.fa_01615	Rhodotorula_mucilaginosa_TFCN_17-291Y-1.cds.fa_08983	NaN	NaN	NaN	NaN	NaN	NaN	NaN	NaN	TFCN17291Y1_001625-T1	TFCN17291Y1_009100-T1
TFCN17291Y1_001625-T1__TFCN17291Y1_007201-T1	NaN	NaN	NaN	NaN	NaN	NaN	NaN	NaN	GF00000001	Rhodotorula_mucilaginosa_TFCN_17-291Y-1.cds.fa_01615	Rhodotorula_mucilaginosa_TFCN_17-291Y-1.cds.fa_07116	NaN	NaN	NaN	NaN	NaN	NaN	NaN	NaN	TFCN17291Y1_001625-T1	TFCN17291Y1_007201-T1
TFCN17291Y1_001625-T1__TFCN17291Y1_012923-T1	NaN	NaN	NaN	NaN	NaN	NaN	NaN	NaN	GF00000001	Rhodotorula_mucilaginosa_TFCN_17-291Y-1.cds.fa_01615	Rhodotorula_mucilaginosa_TFCN_17-291Y-1.cds.fa_12714	NaN	NaN	NaN	NaN	NaN	NaN	NaN	NaN	TFCN17291Y1_001625-T1	TFCN17291Y1_012923-T1
TFCN17291Y1_001625-T1__TFCN17291Y1_007255-T1	NaN	NaN	NaN	NaN	NaN	NaN	NaN	NaN	GF00000001	Rhodotorula_mucilaginosa_TFCN_17-291Y-1.cds.fa_01615	Rhodotorula_mucilaginosa_TFCN_17-291Y-1.cds.fa_07170	NaN	NaN	NaN	NaN	NaN	NaN	NaN	NaN	TFCN17291Y1_001625-T1	TFCN17291Y1_007255-T1
TFCN17291Y1_000299-T1__TFCN17291Y1_001625-T1	NaN	NaN	NaN	NaN	NaN	NaN	NaN	NaN	GF00000001	Rhodotorula_mucilaginosa_TFCN_17-291Y-1.cds.fa_01615	Rhodotorula_mucilaginosa_TFCN_17-291Y-1.cds.fa_00296	NaN	NaN	NaN	NaN	NaN	NaN	NaN	NaN	TFCN17291Y1_001625-T1	TFCN17291Y1_000299-T1
TFCN17291Y1_001625-T1__TFCN17291Y1_007840-T1	NaN	NaN	NaN	NaN	NaN	NaN	NaN	NaN	GF00000001	Rhodotorula_mucilaginosa_TFCN_17-291Y-1.cds.fa_01615	Rhodotorula_mucilaginosa_TFCN_17-291Y-1.cds.fa_07746	NaN	NaN	NaN	NaN	NaN	NaN	NaN	NaN	TFCN17291Y1_001625-T1	TFCN17291Y1_007840-T1
TFCN17291Y1_001625-T1__TFCN17291Y1_010158-T1	NaN	NaN	NaN	NaN	NaN	NaN	NaN	NaN	GF00000001	Rhodotorula_mucilaginosa_TFCN_17-291Y-1.cds.fa_01615	Rhodotorula_mucilaginosa_TFCN_17-291Y-1.cds.fa_10027	NaN	NaN	NaN	NaN	NaN	NaN	NaN	NaN	TFCN17291Y1_001625-T1	TFCN17291Y1_010158-T1
TFCN17291Y1_001625-T1__TFCN17291Y1_002231-T1	NaN	NaN	NaN	NaN	NaN	NaN	NaN	NaN	GF00000001	Rhodotorula_mucilaginosa_TFCN_17-291Y-1.cds.fa_01615	Rhodotorula_mucilaginosa_TFCN_17-291Y-1.cds.fa_02220	NaN	NaN	NaN	NaN	NaN	NaN	NaN	NaN	TFCN17291Y1_001625-T1	TFCN17291Y1_002231-T1
TFCN17291Y1_001095-T1__TFCN17291Y1_001625-T1	NaN	NaN	NaN	NaN	NaN	NaN	NaN	NaN	GF00000001	Rhodotorula_mucilaginosa_TFCN_17-291Y-1.cds.fa_01615	Rhodotorula_mucilaginosa_TFCN_17-291Y-1.cds.fa_01085	NaN	NaN	NaN	NaN	NaN	NaN	NaN	NaN	TFCN17291Y1_001625-T1	TFCN17291Y1_001095-T1
TFCN17291Y1_001094-T1__TFCN17291Y1_001625-T1	NaN	NaN	NaN	NaN	NaN	NaN	NaN	NaN	GF00000001	Rhodotorula_mucilaginosa_TFCN_17-291Y-1.cds.fa_01615	Rhodotorula_mucilaginosa_TFCN_17-291Y-1.cds.fa_01084	NaN	NaN	NaN	NaN	NaN	NaN	NaN	NaN	TFCN17291Y1_001625-T1	TFCN17291Y1_001094-T1
TFCN17291Y1_003669-T1__TFCN17291Y1_004982-T1	NaN	NaN	NaN	NaN	NaN	NaN	NaN	NaN	GF00000001	Rhodotorula_mucilaginosa_TFCN_17-291Y-1.cds.fa_03631	Rhodotorula_mucilaginosa_TFCN_17-291Y-1.cds.fa_04929	NaN	NaN	NaN	NaN	NaN	NaN	NaN	NaN	TFCN17291Y1_003669-T1	TFCN17291Y1_004982-T1
TFCN17291Y1_003669-T1__TFCN17291Y1_008570-T1	NaN	NaN	NaN	NaN	NaN	NaN	NaN	NaN	GF00000001	Rhodotorula_mucilaginosa_TFCN_17-291Y-1.cds.fa_03631	Rhodotorula_mucilaginosa_TFCN_17-291Y-1.cds.fa_08463	NaN	NaN	NaN	NaN	NaN	NaN	NaN	NaN	TFCN17291Y1_003669-T1	TFCN17291Y1_008570-T1
TFCN17291Y1_003669-T1__TFCN17291Y1_009936-T1	NaN	NaN	NaN	NaN	NaN	NaN	NaN	NaN	GF00000001	Rhodotorula_mucilaginosa_TFCN_17-291Y-1.cds.fa_03631	Rhodotorula_mucilaginosa_TFCN_17-291Y-1.cds.fa_09807	NaN	NaN	NaN	NaN	NaN	NaN	NaN	NaN	TFCN17291Y1_003669-T1	TFCN17291Y1_009936-T1
TFCN17291Y1_003669-T1__TFCN17291Y1_008826-T1	NaN	NaN	NaN	NaN	NaN	NaN	NaN	NaN	GF00000001	Rhodotorula_mucilaginosa_TFCN_17-291Y-1.cds.fa_03631	Rhodotorula_mucilaginosa_TFCN_17-291Y-1.cds.fa_08716	NaN	NaN	NaN	NaN	NaN	NaN	NaN	NaN	TFCN17291Y1_003669-T1	TFCN17291Y1_008826-T1
TFCN17291Y1_001835-T1__TFCN17291Y1_003669-T1	NaN	NaN	NaN	NaN	NaN	NaN	NaN	NaN	GF00000001	Rhodotorula_mucilaginosa_TFCN_17-291Y-1.cds.fa_03631	Rhodotorula_mucilaginosa_TFCN_17-291Y-1.cds.fa_01825	NaN	NaN	NaN	NaN	NaN	NaN	NaN	NaN	TFCN17291Y1_003669-T1	TFCN17291Y1_001835-T1
TFCN17291Y1_003669-T1__TFCN17291Y1_005768-T1	NaN	NaN	NaN	NaN	NaN	NaN	NaN	NaN	GF00000001	Rhodotorula_mucilaginosa_TFCN_17-291Y-1.cds.fa_03631	Rhodotorula_mucilaginosa_TFCN_17-291Y-1.cds.fa_05703	NaN	NaN	NaN	NaN	NaN	NaN	NaN	NaN	TFCN17291Y1_003669-T1	TFCN17291Y1_005768-T1
TFCN17291Y1_003669-T1__TFCN17291Y1_010278-T1	NaN	NaN	NaN	NaN	NaN	NaN	NaN	NaN	GF00000001	Rhodotorula_mucilaginosa_TFCN_17-291Y-1.cds.fa_03631	Rhodotorula_mucilaginosa_TFCN_17-291Y-1.cds.fa_10144	NaN	NaN	NaN	NaN	NaN	NaN	NaN	NaN	TFCN17291Y1_003669-T1	TFCN17291Y1_010278-T1
TFCN17291Y1_001901-T1__TFCN17291Y1_003669-T1	NaN	NaN	NaN	NaN	NaN	NaN	NaN	NaN	GF00000001	Rhodotorula_mucilaginosa_TFCN_17-291Y-1.cds.fa_03631	Rhodotorula_mucilaginosa_TFCN_17-291Y-1.cds.fa_01891	NaN	NaN	NaN	NaN	NaN	NaN	NaN	NaN	TFCN17291Y1_003669-T1	TFCN17291Y1_001901-T1
TFCN17291Y1_003669-T1__TFCN17291Y1_009100-T1	NaN	NaN	NaN	NaN	NaN	NaN	NaN	NaN	GF00000001	Rhodotorula_mucilaginosa_TFCN_17-291Y-1.cds.fa_03631	Rhodotorula_mucilaginosa_TFCN_17-291Y-1.cds.fa_08983	NaN	NaN	NaN	NaN	NaN	NaN	NaN	NaN	TFCN17291Y1_003669-T1	TFCN17291Y1_009100-T1
TFCN17291Y1_003669-T1__TFCN17291Y1_007201-T1	NaN	NaN	NaN	NaN	NaN	NaN	NaN	NaN	GF00000001	Rhodotorula_mucilaginosa_TFCN_17-291Y-1.cds.fa_03631	Rhodotorula_mucilaginosa_TFCN_17-291Y-1.cds.fa_07116	NaN	NaN	NaN	NaN	NaN	NaN	NaN	NaN	TFCN17291Y1_003669-T1	TFCN17291Y1_007201-T1
TFCN17291Y1_003669-T1__TFCN17291Y1_012923-T1	NaN	NaN	NaN	NaN	NaN	NaN	NaN	NaN	GF00000001	Rhodotorula_mucilaginosa_TFCN_17-291Y-1.cds.fa_03631	Rhodotorula_mucilaginosa_TFCN_17-291Y-1.cds.fa_12714	NaN	NaN	NaN	NaN	NaN	NaN	NaN	NaN	TFCN17291Y1_003669-T1	TFCN17291Y1_012923-T1
TFCN17291Y1_003669-T1__TFCN17291Y1_007255-T1	NaN	NaN	NaN	NaN	NaN	NaN	NaN	NaN	GF00000001	Rhodotorula_mucilaginosa_TFCN_17-291Y-1.cds.fa_03631	Rhodotorula_mucilaginosa_TFCN_17-291Y-1.cds.fa_07170	NaN	NaN	NaN	NaN	NaN	NaN	NaN	NaN	TFCN17291Y1_003669-T1	TFCN17291Y1_007255-T1
TFCN17291Y1_000299-T1__TFCN17291Y1_003669-T1	NaN	NaN	NaN	NaN	NaN	NaN	NaN	NaN	GF00000001	Rhodotorula_mucilaginosa_TFCN_17-291Y-1.cds.fa_03631	Rhodotorula_mucilaginosa_TFCN_17-291Y-1.cds.fa_00296	NaN	NaN	NaN	NaN	NaN	NaN	NaN	NaN	TFCN17291Y1_003669-T1	TFCN17291Y1_000299-T1
TFCN17291Y1_003669-T1__TFCN17291Y1_007840-T1	NaN	NaN	NaN	NaN	NaN	NaN	NaN	NaN	GF00000001	Rhodotorula_mucilaginosa_TFCN_17-291Y-1.cds.fa_03631	Rhodotorula_mucilaginosa_TFCN_17-291Y-1.cds.fa_07746	NaN	NaN	NaN	NaN	NaN	NaN	NaN	NaN	TFCN17291Y1_003669-T1	TFCN17291Y1_007840-T1
TFCN17291Y1_003669-T1__TFCN17291Y1_010158-T1	NaN	NaN	NaN	NaN	NaN	NaN	NaN	NaN	GF00000001	Rhodotorula_mucilaginosa_TFCN_17-291Y-1.cds.fa_03631	Rhodotorula_mucilaginosa_TFCN_17-291Y-1.cds.fa_10027	NaN	NaN	NaN	NaN	NaN	NaN	NaN	NaN	TFCN17291Y1_003669-T1	TFCN17291Y1_010158-T1
TFCN17291Y1_002231-T1__TFCN17291Y1_003669-T1	NaN	NaN	NaN	NaN	NaN	NaN	NaN	NaN	GF00000001	Rhodotorula_mucilaginosa_TFCN_17-291Y-1.cds.fa_03631	Rhodotorula_mucilaginosa_TFCN_17-291Y-1.cds.fa_02220	NaN	NaN	NaN	NaN	NaN	NaN	NaN	NaN	TFCN17291Y1_003669-T1	TFCN17291Y1_002231-T1
TFCN17291Y1_001095-T1__TFCN17291Y1_003669-T1	NaN	NaN	NaN	NaN	NaN	NaN	NaN	NaN	GF00000001	Rhodotorula_mucilaginosa_TFCN_17-291Y-1.cds.fa_03631	Rhodotorula_mucilaginosa_TFCN_17-291Y-1.cds.fa_01085	NaN	NaN	NaN	NaN	NaN	NaN	NaN	NaN	TFCN17291Y1_003669-T1	TFCN17291Y1_001095-T1
TFCN17291Y1_001094-T1__TFCN17291Y1_003669-T1	NaN	NaN	NaN	NaN	NaN	NaN	NaN	NaN	GF00000001	Rhodotorula_mucilaginosa_TFCN_17-291Y-1.cds.fa_03631	Rhodotorula_mucilaginosa_TFCN_17-291Y-1.cds.fa_01084	NaN	NaN	NaN	NaN	NaN	NaN	NaN	NaN	TFCN17291Y1_003669-T1	TFCN17291Y1_001094-T1
TFCN17291Y1_004982-T1__TFCN17291Y1_008570-T1	NaN	NaN	NaN	NaN	NaN	NaN	NaN	NaN	GF00000001	Rhodotorula_mucilaginosa_TFCN_17-291Y-1.cds.fa_04929	Rhodotorula_mucilaginosa_TFCN_17-291Y-1.cds.fa_08463	NaN	NaN	NaN	NaN	NaN	NaN	NaN	NaN	TFCN17291Y1_004982-T1	TFCN17291Y1_008570-T1
TFCN17291Y1_004982-T1__TFCN17291Y1_009936-T1	NaN	NaN	NaN	NaN	NaN	NaN	NaN	NaN	GF00000001	Rhodotorula_mucilaginosa_TFCN_17-291Y-1.cds.fa_04929	Rhodotorula_mucilaginosa_TFCN_17-291Y-1.cds.fa_09807	NaN	NaN	NaN	NaN	NaN	NaN	NaN	NaN	TFCN17291Y1_004982-T1	TFCN17291Y1_009936-T1
TFCN17291Y1_004982-T1__TFCN17291Y1_008826-T1	NaN	NaN	NaN	NaN	NaN	NaN	NaN	NaN	GF00000001	Rhodotorula_mucilaginosa_TFCN_17-291Y-1.cds.fa_04929	Rhodotorula_mucilaginosa_TFCN_17-291Y-1.cds.fa_08716	NaN	NaN	NaN	NaN	NaN	NaN	NaN	NaN	TFCN17291Y1_004982-T1	TFCN17291Y1_008826-T1
TFCN17291Y1_001835-T1__TFCN17291Y1_004982-T1	NaN	NaN	NaN	NaN	NaN	NaN	NaN	NaN	GF00000001	Rhodotorula_mucilaginosa_TFCN_17-291Y-1.cds.fa_04929	Rhodotorula_mucilaginosa_TFCN_17-291Y-1.cds.fa_01825	NaN	NaN	NaN	NaN	NaN	NaN	NaN	NaN	TFCN17291Y1_004982-T1	TFCN17291Y1_001835-T1
TFCN17291Y1_004982-T1__TFCN17291Y1_005768-T1	NaN	NaN	NaN	NaN	NaN	NaN	NaN	NaN	GF00000001	Rhodotorula_mucilaginosa_TFCN_17-291Y-1.cds.fa_04929	Rhodotorula_mucilaginosa_TFCN_17-291Y-1.cds.fa_05703	NaN	NaN	NaN	NaN	NaN	NaN	NaN	NaN	TFCN17291Y1_004982-T1	TFCN17291Y1_005768-T1
TFCN17291Y1_004982-T1__TFCN17291Y1_010278-T1	NaN	NaN	NaN	NaN	NaN	NaN	NaN	NaN	GF00000001	Rhodotorula_mucilaginosa_TFCN_17-291Y-1.cds.fa_04929	Rhodotorula_mucilaginosa_TFCN_17-291Y-1.cds.fa_10144	NaN	NaN	NaN	NaN	NaN	NaN	NaN	NaN	TFCN17291Y1_004982-T1	TFCN17291Y1_010278-T1
TFCN17291Y1_001901-T1__TFCN17291Y1_004982-T1	NaN	NaN	NaN	NaN	NaN	NaN	NaN	NaN	GF00000001	Rhodotorula_mucilaginosa_TFCN_17-291Y-1.cds.fa_04929	Rhodotorula_mucilaginosa_TFCN_17-291Y-1.cds.fa_01891	NaN	NaN	NaN	NaN	NaN	NaN	NaN	NaN	TFCN17291Y1_004982-T1	TFCN17291Y1_001901-T1
TFCN17291Y1_004982-T1__TFCN17291Y1_009100-T1	NaN	NaN	NaN	NaN	NaN	NaN	NaN	NaN	GF00000001	Rhodotorula_mucilaginosa_TFCN_17-291Y-1.cds.fa_04929	Rhodotorula_mucilaginosa_TFCN_17-291Y-1.cds.fa_08983	NaN	NaN	NaN	NaN	NaN	NaN	NaN	NaN	TFCN17291Y1_004982-T1	TFCN17291Y1_009100-T1
TFCN17291Y1_004982-T1__TFCN17291Y1_007201-T1	NaN	NaN	NaN	NaN	NaN	NaN	NaN	NaN	GF00000001	Rhodotorula_mucilaginosa_TFCN_17-291Y-1.cds.fa_04929	Rhodotorula_mucilaginosa_TFCN_17-291Y-1.cds.fa_07116	NaN	NaN	NaN	NaN	NaN	NaN	NaN	NaN	TFCN17291Y1_004982-T1	TFCN17291Y1_007201-T1
TFCN17291Y1_004982-T1__TFCN17291Y1_012923-T1	NaN	NaN	NaN	NaN	NaN	NaN	NaN	NaN	GF00000001	Rhodotorula_mucilaginosa_TFCN_17-291Y-1.cds.fa_04929	Rhodotorula_mucilaginosa_TFCN_17-291Y-1.cds.fa_12714	NaN	NaN	NaN	NaN	NaN	NaN	NaN	NaN	TFCN17291Y1_004982-T1	TFCN17291Y1_012923-T1
TFCN17291Y1_004982-T1__TFCN17291Y1_007255-T1	NaN	NaN	NaN	NaN	NaN	NaN	NaN	NaN	GF00000001	Rhodotorula_mucilaginosa_TFCN_17-291Y-1.cds.fa_04929	Rhodotorula_mucilaginosa_TFCN_17-291Y-1.cds.fa_07170	NaN	NaN	NaN	NaN	NaN	NaN	NaN	NaN	TFCN17291Y1_004982-T1	TFCN17291Y1_007255-T1
TFCN17291Y1_000299-T1__TFCN17291Y1_004982-T1	NaN	NaN	NaN	NaN	NaN	NaN	NaN	NaN	GF00000001	Rhodotorula_mucilaginosa_TFCN_17-291Y-1.cds.fa_04929	Rhodotorula_mucilaginosa_TFCN_17-291Y-1.cds.fa_00296	NaN	NaN	NaN	NaN	NaN	NaN	NaN	NaN	TFCN17291Y1_004982-T1	TFCN17291Y1_000299-T1
TFCN17291Y1_004982-T1__TFCN17291Y1_007840-T1	NaN	NaN	NaN	NaN	NaN	NaN	NaN	NaN	GF00000001	Rhodotorula_mucilaginosa_TFCN_17-291Y-1.cds.fa_04929	Rhodotorula_mucilaginosa_TFCN_17-291Y-1.cds.fa_07746	NaN	NaN	NaN	NaN	NaN	NaN	NaN	NaN	TFCN17291Y1_004982-T1	TFCN17291Y1_007840-T1
TFCN17291Y1_004982-T1__TFCN17291Y1_010158-T1	NaN	NaN	NaN	NaN	NaN	NaN	NaN	NaN	GF00000001	Rhodotorula_mucilaginosa_TFCN_17-291Y-1.cds.fa_04929	Rhodotorula_mucilaginosa_TFCN_17-291Y-1.cds.fa_10027	NaN	NaN	NaN	NaN	NaN	NaN	NaN	NaN	TFCN17291Y1_004982-T1	TFCN17291Y1_010158-T1
TFCN17291Y1_002231-T1__TFCN17291Y1_004982-T1	NaN	NaN	NaN	NaN	NaN	NaN	NaN	NaN	GF00000001	Rhodotorula_mucilaginosa_TFCN_17-291Y-1.cds.fa_04929	Rhodotorula_mucilaginosa_TFCN_17-291Y-1.cds.fa_02220	NaN	NaN	NaN	NaN	NaN	NaN	NaN	NaN	TFCN17291Y1_004982-T1	TFCN17291Y1_002231-T1
TFCN17291Y1_001095-T1__TFCN17291Y1_004982-T1	NaN	NaN	NaN	NaN	NaN	NaN	NaN	NaN	GF00000001	Rhodotorula_mucilaginosa_TFCN_17-291Y-1.cds.fa_04929	Rhodotorula_mucilaginosa_TFCN_17-291Y-1.cds.fa_01085	NaN	NaN	NaN	NaN	NaN	NaN	NaN	NaN	TFCN17291Y1_004982-T1	TFCN17291Y1_001095-T1
TFCN17291Y1_001094-T1__TFCN17291Y1_004982-T1	NaN	NaN	NaN	NaN	NaN	NaN	NaN	NaN	GF00000001	Rhodotorula_mucilaginosa_TFCN_17-291Y-1.cds.fa_04929	Rhodotorula_mucilaginosa_TFCN_17-291Y-1.cds.fa_01084	NaN	NaN	NaN	NaN	NaN	NaN	NaN	NaN	TFCN17291Y1_004982-T1	TFCN17291Y1_001094-T1
TFCN17291Y1_008570-T1__TFCN17291Y1_009936-T1	NaN	NaN	NaN	NaN	NaN	NaN	NaN	NaN	GF00000001	Rhodotorula_mucilaginosa_TFCN_17-291Y-1.cds.fa_08463	Rhodotorula_mucilaginosa_TFCN_17-291Y-1.cds.fa_09807	NaN	NaN	NaN	NaN	NaN	NaN	NaN	NaN	TFCN17291Y1_008570-T1	TFCN17291Y1_009936-T1
TFCN17291Y1_008570-T1__TFCN17291Y1_008826-T1	NaN	NaN	NaN	NaN	NaN	NaN	NaN	NaN	GF00000001	Rhodotorula_mucilaginosa_TFCN_17-291Y-1.cds.fa_08463	Rhodotorula_mucilaginosa_TFCN_17-291Y-1.cds.fa_08716	NaN	NaN	NaN	NaN	NaN	NaN	NaN	NaN	TFCN17291Y1_008570-T1	TFCN17291Y1_008826-T1
TFCN17291Y1_001835-T1__TFCN17291Y1_008570-T1	NaN	NaN	NaN	NaN	NaN	NaN	NaN	NaN	GF00000001	Rhodotorula_mucilaginosa_TFCN_17-291Y-1.cds.fa_08463	Rhodotorula_mucilaginosa_TFCN_17-291Y-1.cds.fa_01825	NaN	NaN	NaN	NaN	NaN	NaN	NaN	NaN	TFCN17291Y1_008570-T1	TFCN17291Y1_001835-T1
TFCN17291Y1_005768-T1__TFCN17291Y1_008570-T1	NaN	NaN	NaN	NaN	NaN	NaN	NaN	NaN	GF00000001	Rhodotorula_mucilaginosa_TFCN_17-291Y-1.cds.fa_08463	Rhodotorula_mucilaginosa_TFCN_17-291Y-1.cds.fa_05703	NaN	NaN	NaN	NaN	NaN	NaN	NaN	NaN	TFCN17291Y1_008570-T1	TFCN17291Y1_005768-T1
TFCN17291Y1_008570-T1__TFCN17291Y1_010278-T1	NaN	NaN	NaN	NaN	NaN	NaN	NaN	NaN	GF00000001	Rhodotorula_mucilaginosa_TFCN_17-291Y-1.cds.fa_08463	Rhodotorula_mucilaginosa_TFCN_17-291Y-1.cds.fa_10144	NaN	NaN	NaN	NaN	NaN	NaN	NaN	NaN	TFCN17291Y1_008570-T1	TFCN17291Y1_010278-T1
TFCN17291Y1_001901-T1__TFCN17291Y1_008570-T1	NaN	NaN	NaN	NaN	NaN	NaN	NaN	NaN	GF00000001	Rhodotorula_mucilaginosa_TFCN_17-291Y-1.cds.fa_08463	Rhodotorula_mucilaginosa_TFCN_17-291Y-1.cds.fa_01891	NaN	NaN	NaN	NaN	NaN	NaN	NaN	NaN	TFCN17291Y1_008570-T1	TFCN17291Y1_001901-T1
TFCN17291Y1_008570-T1__TFCN17291Y1_009100-T1	NaN	NaN	NaN	NaN	NaN	NaN	NaN	NaN	GF00000001	Rhodotorula_mucilaginosa_TFCN_17-291Y-1.cds.fa_08463	Rhodotorula_mucilaginosa_TFCN_17-291Y-1.cds.fa_08983	NaN	NaN	NaN	NaN	NaN	NaN	NaN	NaN	TFCN17291Y1_008570-T1	TFCN17291Y1_009100-T1
TFCN17291Y1_007201-T1__TFCN17291Y1_008570-T1	NaN	NaN	NaN	NaN	NaN	NaN	NaN	NaN	GF00000001	Rhodotorula_mucilaginosa_TFCN_17-291Y-1.cds.fa_08463	Rhodotorula_mucilaginosa_TFCN_17-291Y-1.cds.fa_07116	NaN	NaN	NaN	NaN	NaN	NaN	NaN	NaN	TFCN17291Y1_008570-T1	TFCN17291Y1_007201-T1
TFCN17291Y1_008570-T1__TFCN17291Y1_012923-T1	NaN	NaN	NaN	NaN	NaN	NaN	NaN	NaN	GF00000001	Rhodotorula_mucilaginosa_TFCN_17-291Y-1.cds.fa_08463	Rhodotorula_mucilaginosa_TFCN_17-291Y-1.cds.fa_12714	NaN	NaN	NaN	NaN	NaN	NaN	NaN	NaN	TFCN17291Y1_008570-T1	TFCN17291Y1_012923-T1
TFCN17291Y1_007255-T1__TFCN17291Y1_008570-T1	NaN	NaN	NaN	NaN	NaN	NaN	NaN	NaN	GF00000001	Rhodotorula_mucilaginosa_TFCN_17-291Y-1.cds.fa_08463	Rhodotorula_mucilaginosa_TFCN_17-291Y-1.cds.fa_07170	NaN	NaN	NaN	NaN	NaN	NaN	NaN	NaN	TFCN17291Y1_008570-T1	TFCN17291Y1_007255-T1
TFCN17291Y1_000299-T1__TFCN17291Y1_008570-T1	NaN	NaN	NaN	NaN	NaN	NaN	NaN	NaN	GF00000001	Rhodotorula_mucilaginosa_TFCN_17-291Y-1.cds.fa_08463	Rhodotorula_mucilaginosa_TFCN_17-291Y-1.cds.fa_00296	NaN	NaN	NaN	NaN	NaN	NaN	NaN	NaN	TFCN17291Y1_008570-T1	TFCN17291Y1_000299-T1
TFCN17291Y1_007840-T1__TFCN17291Y1_008570-T1	NaN	NaN	NaN	NaN	NaN	NaN	NaN	NaN	GF00000001	Rhodotorula_mucilaginosa_TFCN_17-291Y-1.cds.fa_08463	Rhodotorula_mucilaginosa_TFCN_17-291Y-1.cds.fa_07746	NaN	NaN	NaN	NaN	NaN	NaN	NaN	NaN	TFCN17291Y1_008570-T1	TFCN17291Y1_007840-T1
TFCN17291Y1_008570-T1__TFCN17291Y1_010158-T1	NaN	NaN	NaN	NaN	NaN	NaN	NaN	NaN	GF00000001	Rhodotorula_mucilaginosa_TFCN_17-291Y-1.cds.fa_08463	Rhodotorula_mucilaginosa_TFCN_17-291Y-1.cds.fa_10027	NaN	NaN	NaN	NaN	NaN	NaN	NaN	NaN	TFCN17291Y1_008570-T1	TFCN17291Y1_010158-T1
TFCN17291Y1_002231-T1__TFCN17291Y1_008570-T1	NaN	NaN	NaN	NaN	NaN	NaN	NaN	NaN	GF00000001	Rhodotorula_mucilaginosa_TFCN_17-291Y-1.cds.fa_08463	Rhodotorula_mucilaginosa_TFCN_17-291Y-1.cds.fa_02220	NaN	NaN	NaN	NaN	NaN	NaN	NaN	NaN	TFCN17291Y1_008570-T1	TFCN17291Y1_002231-T1
TFCN17291Y1_001095-T1__TFCN17291Y1_008570-T1	NaN	NaN	NaN	NaN	NaN	NaN	NaN	NaN	GF00000001	Rhodotorula_mucilaginosa_TFCN_17-291Y-1.cds.fa_08463	Rhodotorula_mucilaginosa_TFCN_17-291Y-1.cds.fa_01085	NaN	NaN	NaN	NaN	NaN	NaN	NaN	NaN	TFCN17291Y1_008570-T1	TFCN17291Y1_001095-T1
TFCN17291Y1_001094-T1__TFCN17291Y1_008570-T1	NaN	NaN	NaN	NaN	NaN	NaN	NaN	NaN	GF00000001	Rhodotorula_mucilaginosa_TFCN_17-291Y-1.cds.fa_08463	Rhodotorula_mucilaginosa_TFCN_17-291Y-1.cds.fa_01084	NaN	NaN	NaN	NaN	NaN	NaN	NaN	NaN	TFCN17291Y1_008570-T1	TFCN17291Y1_001094-T1
TFCN17291Y1_008826-T1__TFCN17291Y1_009936-T1	NaN	NaN	NaN	NaN	NaN	NaN	NaN	NaN	GF00000001	Rhodotorula_mucilaginosa_TFCN_17-291Y-1.cds.fa_09807	Rhodotorula_mucilaginosa_TFCN_17-291Y-1.cds.fa_08716	NaN	NaN	NaN	NaN	NaN	NaN	NaN	NaN	TFCN17291Y1_009936-T1	TFCN17291Y1_008826-T1
TFCN17291Y1_001835-T1__TFCN17291Y1_009936-T1	NaN	NaN	NaN	NaN	NaN	NaN	NaN	NaN	GF00000001	Rhodotorula_mucilaginosa_TFCN_17-291Y-1.cds.fa_09807	Rhodotorula_mucilaginosa_TFCN_17-291Y-1.cds.fa_01825	NaN	NaN	NaN	NaN	NaN	NaN	NaN	NaN	TFCN17291Y1_009936-T1	TFCN17291Y1_001835-T1
TFCN17291Y1_005768-T1__TFCN17291Y1_009936-T1	NaN	NaN	NaN	NaN	NaN	NaN	NaN	NaN	GF00000001	Rhodotorula_mucilaginosa_TFCN_17-291Y-1.cds.fa_09807	Rhodotorula_mucilaginosa_TFCN_17-291Y-1.cds.fa_05703	NaN	NaN	NaN	NaN	NaN	NaN	NaN	NaN	TFCN17291Y1_009936-T1	TFCN17291Y1_005768-T1
TFCN17291Y1_009936-T1__TFCN17291Y1_010278-T1	NaN	NaN	NaN	NaN	NaN	NaN	NaN	NaN	GF00000001	Rhodotorula_mucilaginosa_TFCN_17-291Y-1.cds.fa_09807	Rhodotorula_mucilaginosa_TFCN_17-291Y-1.cds.fa_10144	NaN	NaN	NaN	NaN	NaN	NaN	NaN	NaN	TFCN17291Y1_009936-T1	TFCN17291Y1_010278-T1
TFCN17291Y1_001901-T1__TFCN17291Y1_009936-T1	NaN	NaN	NaN	NaN	NaN	NaN	NaN	NaN	GF00000001	Rhodotorula_mucilaginosa_TFCN_17-291Y-1.cds.fa_09807	Rhodotorula_mucilaginosa_TFCN_17-291Y-1.cds.fa_01891	NaN	NaN	NaN	NaN	NaN	NaN	NaN	NaN	TFCN17291Y1_009936-T1	TFCN17291Y1_001901-T1
TFCN17291Y1_009100-T1__TFCN17291Y1_009936-T1	NaN	NaN	NaN	NaN	NaN	NaN	NaN	NaN	GF00000001	Rhodotorula_mucilaginosa_TFCN_17-291Y-1.cds.fa_09807	Rhodotorula_mucilaginosa_TFCN_17-291Y-1.cds.fa_08983	NaN	NaN	NaN	NaN	NaN	NaN	NaN	NaN	TFCN17291Y1_009936-T1	TFCN17291Y1_009100-T1
TFCN17291Y1_007201-T1__TFCN17291Y1_009936-T1	NaN	NaN	NaN	NaN	NaN	NaN	NaN	NaN	GF00000001	Rhodotorula_mucilaginosa_TFCN_17-291Y-1.cds.fa_09807	Rhodotorula_mucilaginosa_TFCN_17-291Y-1.cds.fa_07116	NaN	NaN	NaN	NaN	NaN	NaN	NaN	NaN	TFCN17291Y1_009936-T1	TFCN17291Y1_007201-T1
TFCN17291Y1_009936-T1__TFCN17291Y1_012923-T1	NaN	NaN	NaN	NaN	NaN	NaN	NaN	NaN	GF00000001	Rhodotorula_mucilaginosa_TFCN_17-291Y-1.cds.fa_09807	Rhodotorula_mucilaginosa_TFCN_17-291Y-1.cds.fa_12714	NaN	NaN	NaN	NaN	NaN	NaN	NaN	NaN	TFCN17291Y1_009936-T1	TFCN17291Y1_012923-T1
TFCN17291Y1_007255-T1__TFCN17291Y1_009936-T1	NaN	NaN	NaN	NaN	NaN	NaN	NaN	NaN	GF00000001	Rhodotorula_mucilaginosa_TFCN_17-291Y-1.cds.fa_09807	Rhodotorula_mucilaginosa_TFCN_17-291Y-1.cds.fa_07170	NaN	NaN	NaN	NaN	NaN	NaN	NaN	NaN	TFCN17291Y1_009936-T1	TFCN17291Y1_007255-T1
TFCN17291Y1_000299-T1__TFCN17291Y1_009936-T1	NaN	NaN	NaN	NaN	NaN	NaN	NaN	NaN	GF00000001	Rhodotorula_mucilaginosa_TFCN_17-291Y-1.cds.fa_09807	Rhodotorula_mucilaginosa_TFCN_17-291Y-1.cds.fa_00296	NaN	NaN	NaN	NaN	NaN	NaN	NaN	NaN	TFCN17291Y1_009936-T1	TFCN17291Y1_000299-T1
TFCN17291Y1_007840-T1__TFCN17291Y1_009936-T1	NaN	NaN	NaN	NaN	NaN	NaN	NaN	NaN	GF00000001	Rhodotorula_mucilaginosa_TFCN_17-291Y-1.cds.fa_09807	Rhodotorula_mucilaginosa_TFCN_17-291Y-1.cds.fa_07746	NaN	NaN	NaN	NaN	NaN	NaN	NaN	NaN	TFCN17291Y1_009936-T1	TFCN17291Y1_007840-T1
TFCN17291Y1_009936-T1__TFCN17291Y1_010158-T1	NaN	NaN	NaN	NaN	NaN	NaN	NaN	NaN	GF00000001	Rhodotorula_mucilaginosa_TFCN_17-291Y-1.cds.fa_09807	Rhodotorula_mucilaginosa_TFCN_17-291Y-1.cds.fa_10027	NaN	NaN	NaN	NaN	NaN	NaN	NaN	NaN	TFCN17291Y1_009936-T1	TFCN17291Y1_010158-T1
TFCN17291Y1_002231-T1__TFCN17291Y1_009936-T1	NaN	NaN	NaN	NaN	NaN	NaN	NaN	NaN	GF00000001	Rhodotorula_mucilaginosa_TFCN_17-291Y-1.cds.fa_09807	Rhodotorula_mucilaginosa_TFCN_17-291Y-1.cds.fa_02220	NaN	NaN	NaN	NaN	NaN	NaN	NaN	NaN	TFCN17291Y1_009936-T1	TFCN17291Y1_002231-T1
TFCN17291Y1_001095-T1__TFCN17291Y1_009936-T1	NaN	NaN	NaN	NaN	NaN	NaN	NaN	NaN	GF00000001	Rhodotorula_mucilaginosa_TFCN_17-291Y-1.cds.fa_09807	Rhodotorula_mucilaginosa_TFCN_17-291Y-1.cds.fa_01085	NaN	NaN	NaN	NaN	NaN	NaN	NaN	NaN	TFCN17291Y1_009936-T1	TFCN17291Y1_001095-T1
TFCN17291Y1_001094-T1__TFCN17291Y1_009936-T1	NaN	NaN	NaN	NaN	NaN	NaN	NaN	NaN	GF00000001	Rhodotorula_mucilaginosa_TFCN_17-291Y-1.cds.fa_09807	Rhodotorula_mucilaginosa_TFCN_17-291Y-1.cds.fa_01084	NaN	NaN	NaN	NaN	NaN	NaN	NaN	NaN	TFCN17291Y1_009936-T1	TFCN17291Y1_001094-T1
TFCN17291Y1_001835-T1__TFCN17291Y1_008826-T1	NaN	NaN	NaN	NaN	NaN	NaN	NaN	NaN	GF00000001	Rhodotorula_mucilaginosa_TFCN_17-291Y-1.cds.fa_08716	Rhodotorula_mucilaginosa_TFCN_17-291Y-1.cds.fa_01825	NaN	NaN	NaN	NaN	NaN	NaN	NaN	NaN	TFCN17291Y1_008826-T1	TFCN17291Y1_001835-T1
TFCN17291Y1_005768-T1__TFCN17291Y1_008826-T1	NaN	NaN	NaN	NaN	NaN	NaN	NaN	NaN	GF00000001	Rhodotorula_mucilaginosa_TFCN_17-291Y-1.cds.fa_08716	Rhodotorula_mucilaginosa_TFCN_17-291Y-1.cds.fa_05703	NaN	NaN	NaN	NaN	NaN	NaN	NaN	NaN	TFCN17291Y1_008826-T1	TFCN17291Y1_005768-T1
TFCN17291Y1_008826-T1__TFCN17291Y1_010278-T1	NaN	NaN	NaN	NaN	NaN	NaN	NaN	NaN	GF00000001	Rhodotorula_mucilaginosa_TFCN_17-291Y-1.cds.fa_08716	Rhodotorula_mucilaginosa_TFCN_17-291Y-1.cds.fa_10144	NaN	NaN	NaN	NaN	NaN	NaN	NaN	NaN	TFCN17291Y1_008826-T1	TFCN17291Y1_010278-T1
TFCN17291Y1_001901-T1__TFCN17291Y1_008826-T1	NaN	NaN	NaN	NaN	NaN	NaN	NaN	NaN	GF00000001	Rhodotorula_mucilaginosa_TFCN_17-291Y-1.cds.fa_08716	Rhodotorula_mucilaginosa_TFCN_17-291Y-1.cds.fa_01891	NaN	NaN	NaN	NaN	NaN	NaN	NaN	NaN	TFCN17291Y1_008826-T1	TFCN17291Y1_001901-T1
TFCN17291Y1_008826-T1__TFCN17291Y1_009100-T1	NaN	NaN	NaN	NaN	NaN	NaN	NaN	NaN	GF00000001	Rhodotorula_mucilaginosa_TFCN_17-291Y-1.cds.fa_08716	Rhodotorula_mucilaginosa_TFCN_17-291Y-1.cds.fa_08983	NaN	NaN	NaN	NaN	NaN	NaN	NaN	NaN	TFCN17291Y1_008826-T1	TFCN17291Y1_009100-T1
TFCN17291Y1_007201-T1__TFCN17291Y1_008826-T1	NaN	NaN	NaN	NaN	NaN	NaN	NaN	NaN	GF00000001	Rhodotorula_mucilaginosa_TFCN_17-291Y-1.cds.fa_08716	Rhodotorula_mucilaginosa_TFCN_17-291Y-1.cds.fa_07116	NaN	NaN	NaN	NaN	NaN	NaN	NaN	NaN	TFCN17291Y1_008826-T1	TFCN17291Y1_007201-T1
TFCN17291Y1_008826-T1__TFCN17291Y1_012923-T1	NaN	NaN	NaN	NaN	NaN	NaN	NaN	NaN	GF00000001	Rhodotorula_mucilaginosa_TFCN_17-291Y-1.cds.fa_08716	Rhodotorula_mucilaginosa_TFCN_17-291Y-1.cds.fa_12714	NaN	NaN	NaN	NaN	NaN	NaN	NaN	NaN	TFCN17291Y1_008826-T1	TFCN17291Y1_012923-T1
TFCN17291Y1_007255-T1__TFCN17291Y1_008826-T1	NaN	NaN	NaN	NaN	NaN	NaN	NaN	NaN	GF00000001	Rhodotorula_mucilaginosa_TFCN_17-291Y-1.cds.fa_08716	Rhodotorula_mucilaginosa_TFCN_17-291Y-1.cds.fa_07170	NaN	NaN	NaN	NaN	NaN	NaN	NaN	NaN	TFCN17291Y1_008826-T1	TFCN17291Y1_007255-T1
TFCN17291Y1_000299-T1__TFCN17291Y1_008826-T1	NaN	NaN	NaN	NaN	NaN	NaN	NaN	NaN	GF00000001	Rhodotorula_mucilaginosa_TFCN_17-291Y-1.cds.fa_08716	Rhodotorula_mucilaginosa_TFCN_17-291Y-1.cds.fa_00296	NaN	NaN	NaN	NaN	NaN	NaN	NaN	NaN	TFCN17291Y1_008826-T1	TFCN17291Y1_000299-T1
TFCN17291Y1_007840-T1__TFCN17291Y1_008826-T1	NaN	NaN	NaN	NaN	NaN	NaN	NaN	NaN	GF00000001	Rhodotorula_mucilaginosa_TFCN_17-291Y-1.cds.fa_08716	Rhodotorula_mucilaginosa_TFCN_17-291Y-1.cds.fa_07746	NaN	NaN	NaN	NaN	NaN	NaN	NaN	NaN	TFCN17291Y1_008826-T1	TFCN17291Y1_007840-T1
TFCN17291Y1_008826-T1__TFCN17291Y1_010158-T1	NaN	NaN	NaN	NaN	NaN	NaN	NaN	NaN	GF00000001	Rhodotorula_mucilaginosa_TFCN_17-291Y-1.cds.fa_08716	Rhodotorula_mucilaginosa_TFCN_17-291Y-1.cds.fa_10027	NaN	NaN	NaN	NaN	NaN	NaN	NaN	NaN	TFCN17291Y1_008826-T1	TFCN17291Y1_010158-T1
TFCN17291Y1_002231-T1__TFCN17291Y1_008826-T1	NaN	NaN	NaN	NaN	NaN	NaN	NaN	NaN	GF00000001	Rhodotorula_mucilaginosa_TFCN_17-291Y-1.cds.fa_08716	Rhodotorula_mucilaginosa_TFCN_17-291Y-1.cds.fa_02220	NaN	NaN	NaN	NaN	NaN	NaN	NaN	NaN	TFCN17291Y1_008826-T1	TFCN17291Y1_002231-T1
TFCN17291Y1_001095-T1__TFCN17291Y1_008826-T1	NaN	NaN	NaN	NaN	NaN	NaN	NaN	NaN	GF00000001	Rhodotorula_mucilaginosa_TFCN_17-291Y-1.cds.fa_08716	Rhodotorula_mucilaginosa_TFCN_17-291Y-1.cds.fa_01085	NaN	NaN	NaN	NaN	NaN	NaN	NaN	NaN	TFCN17291Y1_008826-T1	TFCN17291Y1_001095-T1
TFCN17291Y1_001094-T1__TFCN17291Y1_008826-T1	NaN	NaN	NaN	NaN	NaN	NaN	NaN	NaN	GF00000001	Rhodotorula_mucilaginosa_TFCN_17-291Y-1.cds.fa_08716	Rhodotorula_mucilaginosa_TFCN_17-291Y-1.cds.fa_01084	NaN	NaN	NaN	NaN	NaN	NaN	NaN	NaN	TFCN17291Y1_008826-T1	TFCN17291Y1_001094-T1
TFCN17291Y1_001835-T1__TFCN17291Y1_005768-T1	NaN	NaN	NaN	NaN	NaN	NaN	NaN	NaN	GF00000001	Rhodotorula_mucilaginosa_TFCN_17-291Y-1.cds.fa_01825	Rhodotorula_mucilaginosa_TFCN_17-291Y-1.cds.fa_05703	NaN	NaN	NaN	NaN	NaN	NaN	NaN	NaN	TFCN17291Y1_001835-T1	TFCN17291Y1_005768-T1
TFCN17291Y1_001835-T1__TFCN17291Y1_010278-T1	NaN	NaN	NaN	NaN	NaN	NaN	NaN	NaN	GF00000001	Rhodotorula_mucilaginosa_TFCN_17-291Y-1.cds.fa_01825	Rhodotorula_mucilaginosa_TFCN_17-291Y-1.cds.fa_10144	NaN	NaN	NaN	NaN	NaN	NaN	NaN	NaN	TFCN17291Y1_001835-T1	TFCN17291Y1_010278-T1
TFCN17291Y1_001835-T1__TFCN17291Y1_001901-T1	NaN	NaN	NaN	NaN	NaN	NaN	NaN	NaN	GF00000001	Rhodotorula_mucilaginosa_TFCN_17-291Y-1.cds.fa_01825	Rhodotorula_mucilaginosa_TFCN_17-291Y-1.cds.fa_01891	NaN	NaN	NaN	NaN	NaN	NaN	NaN	NaN	TFCN17291Y1_001835-T1	TFCN17291Y1_001901-T1
TFCN17291Y1_001835-T1__TFCN17291Y1_009100-T1	NaN	NaN	NaN	NaN	NaN	NaN	NaN	NaN	GF00000001	Rhodotorula_mucilaginosa_TFCN_17-291Y-1.cds.fa_01825	Rhodotorula_mucilaginosa_TFCN_17-291Y-1.cds.fa_08983	NaN	NaN	NaN	NaN	NaN	NaN	NaN	NaN	TFCN17291Y1_001835-T1	TFCN17291Y1_009100-T1
TFCN17291Y1_001835-T1__TFCN17291Y1_007201-T1	NaN	NaN	NaN	NaN	NaN	NaN	NaN	NaN	GF00000001	Rhodotorula_mucilaginosa_TFCN_17-291Y-1.cds.fa_01825	Rhodotorula_mucilaginosa_TFCN_17-291Y-1.cds.fa_07116	NaN	NaN	NaN	NaN	NaN	NaN	NaN	NaN	TFCN17291Y1_001835-T1	TFCN17291Y1_007201-T1
TFCN17291Y1_001835-T1__TFCN17291Y1_012923-T1	NaN	NaN	NaN	NaN	NaN	NaN	NaN	NaN	GF00000001	Rhodotorula_mucilaginosa_TFCN_17-291Y-1.cds.fa_01825	Rhodotorula_mucilaginosa_TFCN_17-291Y-1.cds.fa_12714	NaN	NaN	NaN	NaN	NaN	NaN	NaN	NaN	TFCN17291Y1_001835-T1	TFCN17291Y1_012923-T1
TFCN17291Y1_001835-T1__TFCN17291Y1_007255-T1	NaN	NaN	NaN	NaN	NaN	NaN	NaN	NaN	GF00000001	Rhodotorula_mucilaginosa_TFCN_17-291Y-1.cds.fa_01825	Rhodotorula_mucilaginosa_TFCN_17-291Y-1.cds.fa_07170	NaN	NaN	NaN	NaN	NaN	NaN	NaN	NaN	TFCN17291Y1_001835-T1	TFCN17291Y1_007255-T1
TFCN17291Y1_000299-T1__TFCN17291Y1_001835-T1	NaN	NaN	NaN	NaN	NaN	NaN	NaN	NaN	GF00000001	Rhodotorula_mucilaginosa_TFCN_17-291Y-1.cds.fa_01825	Rhodotorula_mucilaginosa_TFCN_17-291Y-1.cds.fa_00296	NaN	NaN	NaN	NaN	NaN	NaN	NaN	NaN	TFCN17291Y1_001835-T1	TFCN17291Y1_000299-T1
TFCN17291Y1_001835-T1__TFCN17291Y1_007840-T1	NaN	NaN	NaN	NaN	NaN	NaN	NaN	NaN	GF00000001	Rhodotorula_mucilaginosa_TFCN_17-291Y-1.cds.fa_01825	Rhodotorula_mucilaginosa_TFCN_17-291Y-1.cds.fa_07746	NaN	NaN	NaN	NaN	NaN	NaN	NaN	NaN	TFCN17291Y1_001835-T1	TFCN17291Y1_007840-T1
TFCN17291Y1_001835-T1__TFCN17291Y1_010158-T1	NaN	NaN	NaN	NaN	NaN	NaN	NaN	NaN	GF00000001	Rhodotorula_mucilaginosa_TFCN_17-291Y-1.cds.fa_01825	Rhodotorula_mucilaginosa_TFCN_17-291Y-1.cds.fa_10027	NaN	NaN	NaN	NaN	NaN	NaN	NaN	NaN	TFCN17291Y1_001835-T1	TFCN17291Y1_010158-T1
TFCN17291Y1_001835-T1__TFCN17291Y1_002231-T1	NaN	NaN	NaN	NaN	NaN	NaN	NaN	NaN	GF00000001	Rhodotorula_mucilaginosa_TFCN_17-291Y-1.cds.fa_01825	Rhodotorula_mucilaginosa_TFCN_17-291Y-1.cds.fa_02220	NaN	NaN	NaN	NaN	NaN	NaN	NaN	NaN	TFCN17291Y1_001835-T1	TFCN17291Y1_002231-T1
TFCN17291Y1_001095-T1__TFCN17291Y1_001835-T1	NaN	NaN	NaN	NaN	NaN	NaN	NaN	NaN	GF00000001	Rhodotorula_mucilaginosa_TFCN_17-291Y-1.cds.fa_01825	Rhodotorula_mucilaginosa_TFCN_17-291Y-1.cds.fa_01085	NaN	NaN	NaN	NaN	NaN	NaN	NaN	NaN	TFCN17291Y1_001835-T1	TFCN17291Y1_001095-T1
TFCN17291Y1_001094-T1__TFCN17291Y1_001835-T1	NaN	NaN	NaN	NaN	NaN	NaN	NaN	NaN	GF00000001	Rhodotorula_mucilaginosa_TFCN_17-291Y-1.cds.fa_01825	Rhodotorula_mucilaginosa_TFCN_17-291Y-1.cds.fa_01084	NaN	NaN	NaN	NaN	NaN	NaN	NaN	NaN	TFCN17291Y1_001835-T1	TFCN17291Y1_001094-T1
TFCN17291Y1_005768-T1__TFCN17291Y1_010278-T1	NaN	NaN	NaN	NaN	NaN	NaN	NaN	NaN	GF00000001	Rhodotorula_mucilaginosa_TFCN_17-291Y-1.cds.fa_05703	Rhodotorula_mucilaginosa_TFCN_17-291Y-1.cds.fa_10144	NaN	NaN	NaN	NaN	NaN	NaN	NaN	NaN	TFCN17291Y1_005768-T1	TFCN17291Y1_010278-T1
TFCN17291Y1_001901-T1__TFCN17291Y1_005768-T1	NaN	NaN	NaN	NaN	NaN	NaN	NaN	NaN	GF00000001	Rhodotorula_mucilaginosa_TFCN_17-291Y-1.cds.fa_05703	Rhodotorula_mucilaginosa_TFCN_17-291Y-1.cds.fa_01891	NaN	NaN	NaN	NaN	NaN	NaN	NaN	NaN	TFCN17291Y1_005768-T1	TFCN17291Y1_001901-T1
TFCN17291Y1_005768-T1__TFCN17291Y1_009100-T1	NaN	NaN	NaN	NaN	NaN	NaN	NaN	NaN	GF00000001	Rhodotorula_mucilaginosa_TFCN_17-291Y-1.cds.fa_05703	Rhodotorula_mucilaginosa_TFCN_17-291Y-1.cds.fa_08983	NaN	NaN	NaN	NaN	NaN	NaN	NaN	NaN	TFCN17291Y1_005768-T1	TFCN17291Y1_009100-T1
TFCN17291Y1_005768-T1__TFCN17291Y1_007201-T1	NaN	NaN	NaN	NaN	NaN	NaN	NaN	NaN	GF00000001	Rhodotorula_mucilaginosa_TFCN_17-291Y-1.cds.fa_05703	Rhodotorula_mucilaginosa_TFCN_17-291Y-1.cds.fa_07116	NaN	NaN	NaN	NaN	NaN	NaN	NaN	NaN	TFCN17291Y1_005768-T1	TFCN17291Y1_007201-T1
TFCN17291Y1_005768-T1__TFCN17291Y1_012923-T1	NaN	NaN	NaN	NaN	NaN	NaN	NaN	NaN	GF00000001	Rhodotorula_mucilaginosa_TFCN_17-291Y-1.cds.fa_05703	Rhodotorula_mucilaginosa_TFCN_17-291Y-1.cds.fa_12714	NaN	NaN	NaN	NaN	NaN	NaN	NaN	NaN	TFCN17291Y1_005768-T1	TFCN17291Y1_012923-T1
TFCN17291Y1_005768-T1__TFCN17291Y1_007255-T1	NaN	NaN	NaN	NaN	NaN	NaN	NaN	NaN	GF00000001	Rhodotorula_mucilaginosa_TFCN_17-291Y-1.cds.fa_05703	Rhodotorula_mucilaginosa_TFCN_17-291Y-1.cds.fa_07170	NaN	NaN	NaN	NaN	NaN	NaN	NaN	NaN	TFCN17291Y1_005768-T1	TFCN17291Y1_007255-T1
TFCN17291Y1_000299-T1__TFCN17291Y1_005768-T1	NaN	NaN	NaN	NaN	NaN	NaN	NaN	NaN	GF00000001	Rhodotorula_mucilaginosa_TFCN_17-291Y-1.cds.fa_05703	Rhodotorula_mucilaginosa_TFCN_17-291Y-1.cds.fa_00296	NaN	NaN	NaN	NaN	NaN	NaN	NaN	NaN	TFCN17291Y1_005768-T1	TFCN17291Y1_000299-T1
TFCN17291Y1_005768-T1__TFCN17291Y1_007840-T1	NaN	NaN	NaN	NaN	NaN	NaN	NaN	NaN	GF00000001	Rhodotorula_mucilaginosa_TFCN_17-291Y-1.cds.fa_05703	Rhodotorula_mucilaginosa_TFCN_17-291Y-1.cds.fa_07746	NaN	NaN	NaN	NaN	NaN	NaN	NaN	NaN	TFCN17291Y1_005768-T1	TFCN17291Y1_007840-T1
TFCN17291Y1_005768-T1__TFCN17291Y1_010158-T1	NaN	NaN	NaN	NaN	NaN	NaN	NaN	NaN	GF00000001	Rhodotorula_mucilaginosa_TFCN_17-291Y-1.cds.fa_05703	Rhodotorula_mucilaginosa_TFCN_17-291Y-1.cds.fa_10027	NaN	NaN	NaN	NaN	NaN	NaN	NaN	NaN	TFCN17291Y1_005768-T1	TFCN17291Y1_010158-T1
TFCN17291Y1_002231-T1__TFCN17291Y1_005768-T1	NaN	NaN	NaN	NaN	NaN	NaN	NaN	NaN	GF00000001	Rhodotorula_mucilaginosa_TFCN_17-291Y-1.cds.fa_05703	Rhodotorula_mucilaginosa_TFCN_17-291Y-1.cds.fa_02220	NaN	NaN	NaN	NaN	NaN	NaN	NaN	NaN	TFCN17291Y1_005768-T1	TFCN17291Y1_002231-T1
TFCN17291Y1_001095-T1__TFCN17291Y1_005768-T1	NaN	NaN	NaN	NaN	NaN	NaN	NaN	NaN	GF00000001	Rhodotorula_mucilaginosa_TFCN_17-291Y-1.cds.fa_05703	Rhodotorula_mucilaginosa_TFCN_17-291Y-1.cds.fa_01085	NaN	NaN	NaN	NaN	NaN	NaN	NaN	NaN	TFCN17291Y1_005768-T1	TFCN17291Y1_001095-T1
TFCN17291Y1_001094-T1__TFCN17291Y1_005768-T1	NaN	NaN	NaN	NaN	NaN	NaN	NaN	NaN	GF00000001	Rhodotorula_mucilaginosa_TFCN_17-291Y-1.cds.fa_05703	Rhodotorula_mucilaginosa_TFCN_17-291Y-1.cds.fa_01084	NaN	NaN	NaN	NaN	NaN	NaN	NaN	NaN	TFCN17291Y1_005768-T1	TFCN17291Y1_001094-T1
TFCN17291Y1_001901-T1__TFCN17291Y1_010278-T1	NaN	NaN	NaN	NaN	NaN	NaN	NaN	NaN	GF00000001	Rhodotorula_mucilaginosa_TFCN_17-291Y-1.cds.fa_10144	Rhodotorula_mucilaginosa_TFCN_17-291Y-1.cds.fa_01891	NaN	NaN	NaN	NaN	NaN	NaN	NaN	NaN	TFCN17291Y1_010278-T1	TFCN17291Y1_001901-T1
TFCN17291Y1_009100-T1__TFCN17291Y1_010278-T1	NaN	NaN	NaN	NaN	NaN	NaN	NaN	NaN	GF00000001	Rhodotorula_mucilaginosa_TFCN_17-291Y-1.cds.fa_10144	Rhodotorula_mucilaginosa_TFCN_17-291Y-1.cds.fa_08983	NaN	NaN	NaN	NaN	NaN	NaN	NaN	NaN	TFCN17291Y1_010278-T1	TFCN17291Y1_009100-T1
TFCN17291Y1_007201-T1__TFCN17291Y1_010278-T1	NaN	NaN	NaN	NaN	NaN	NaN	NaN	NaN	GF00000001	Rhodotorula_mucilaginosa_TFCN_17-291Y-1.cds.fa_10144	Rhodotorula_mucilaginosa_TFCN_17-291Y-1.cds.fa_07116	NaN	NaN	NaN	NaN	NaN	NaN	NaN	NaN	TFCN17291Y1_010278-T1	TFCN17291Y1_007201-T1
TFCN17291Y1_010278-T1__TFCN17291Y1_012923-T1	NaN	NaN	NaN	NaN	NaN	NaN	NaN	NaN	GF00000001	Rhodotorula_mucilaginosa_TFCN_17-291Y-1.cds.fa_10144	Rhodotorula_mucilaginosa_TFCN_17-291Y-1.cds.fa_12714	NaN	NaN	NaN	NaN	NaN	NaN	NaN	NaN	TFCN17291Y1_010278-T1	TFCN17291Y1_012923-T1
TFCN17291Y1_007255-T1__TFCN17291Y1_010278-T1	NaN	NaN	NaN	NaN	NaN	NaN	NaN	NaN	GF00000001	Rhodotorula_mucilaginosa_TFCN_17-291Y-1.cds.fa_10144	Rhodotorula_mucilaginosa_TFCN_17-291Y-1.cds.fa_07170	NaN	NaN	NaN	NaN	NaN	NaN	NaN	NaN	TFCN17291Y1_010278-T1	TFCN17291Y1_007255-T1
TFCN17291Y1_000299-T1__TFCN17291Y1_010278-T1	NaN	NaN	NaN	NaN	NaN	NaN	NaN	NaN	GF00000001	Rhodotorula_mucilaginosa_TFCN_17-291Y-1.cds.fa_10144	Rhodotorula_mucilaginosa_TFCN_17-291Y-1.cds.fa_00296	NaN	NaN	NaN	NaN	NaN	NaN	NaN	NaN	TFCN17291Y1_010278-T1	TFCN17291Y1_000299-T1
TFCN17291Y1_007840-T1__TFCN17291Y1_010278-T1	NaN	NaN	NaN	NaN	NaN	NaN	NaN	NaN	GF00000001	Rhodotorula_mucilaginosa_TFCN_17-291Y-1.cds.fa_10144	Rhodotorula_mucilaginosa_TFCN_17-291Y-1.cds.fa_07746	NaN	NaN	NaN	NaN	NaN	NaN	NaN	NaN	TFCN17291Y1_010278-T1	TFCN17291Y1_007840-T1
TFCN17291Y1_010158-T1__TFCN17291Y1_010278-T1	NaN	NaN	NaN	NaN	NaN	NaN	NaN	NaN	GF00000001	Rhodotorula_mucilaginosa_TFCN_17-291Y-1.cds.fa_10144	Rhodotorula_mucilaginosa_TFCN_17-291Y-1.cds.fa_10027	NaN	NaN	NaN	NaN	NaN	NaN	NaN	NaN	TFCN17291Y1_010278-T1	TFCN17291Y1_010158-T1
TFCN17291Y1_002231-T1__TFCN17291Y1_010278-T1	NaN	NaN	NaN	NaN	NaN	NaN	NaN	NaN	GF00000001	Rhodotorula_mucilaginosa_TFCN_17-291Y-1.cds.fa_10144	Rhodotorula_mucilaginosa_TFCN_17-291Y-1.cds.fa_02220	NaN	NaN	NaN	NaN	NaN	NaN	NaN	NaN	TFCN17291Y1_010278-T1	TFCN17291Y1_002231-T1
TFCN17291Y1_001095-T1__TFCN17291Y1_010278-T1	NaN	NaN	NaN	NaN	NaN	NaN	NaN	NaN	GF00000001	Rhodotorula_mucilaginosa_TFCN_17-291Y-1.cds.fa_10144	Rhodotorula_mucilaginosa_TFCN_17-291Y-1.cds.fa_01085	NaN	NaN	NaN	NaN	NaN	NaN	NaN	NaN	TFCN17291Y1_010278-T1	TFCN17291Y1_001095-T1
TFCN17291Y1_001094-T1__TFCN17291Y1_010278-T1	NaN	NaN	NaN	NaN	NaN	NaN	NaN	NaN	GF00000001	Rhodotorula_mucilaginosa_TFCN_17-291Y-1.cds.fa_10144	Rhodotorula_mucilaginosa_TFCN_17-291Y-1.cds.fa_01084	NaN	NaN	NaN	NaN	NaN	NaN	NaN	NaN	TFCN17291Y1_010278-T1	TFCN17291Y1_001094-T1
TFCN17291Y1_001901-T1__TFCN17291Y1_009100-T1	NaN	NaN	NaN	NaN	NaN	NaN	NaN	NaN	GF00000001	Rhodotorula_mucilaginosa_TFCN_17-291Y-1.cds.fa_01891	Rhodotorula_mucilaginosa_TFCN_17-291Y-1.cds.fa_08983	NaN	NaN	NaN	NaN	NaN	NaN	NaN	NaN	TFCN17291Y1_001901-T1	TFCN17291Y1_009100-T1
TFCN17291Y1_001901-T1__TFCN17291Y1_007201-T1	NaN	NaN	NaN	NaN	NaN	NaN	NaN	NaN	GF00000001	Rhodotorula_mucilaginosa_TFCN_17-291Y-1.cds.fa_01891	Rhodotorula_mucilaginosa_TFCN_17-291Y-1.cds.fa_07116	NaN	NaN	NaN	NaN	NaN	NaN	NaN	NaN	TFCN17291Y1_001901-T1	TFCN17291Y1_007201-T1
TFCN17291Y1_001901-T1__TFCN17291Y1_012923-T1	NaN	NaN	NaN	NaN	NaN	NaN	NaN	NaN	GF00000001	Rhodotorula_mucilaginosa_TFCN_17-291Y-1.cds.fa_01891	Rhodotorula_mucilaginosa_TFCN_17-291Y-1.cds.fa_12714	NaN	NaN	NaN	NaN	NaN	NaN	NaN	NaN	TFCN17291Y1_001901-T1	TFCN17291Y1_012923-T1
TFCN17291Y1_001901-T1__TFCN17291Y1_007255-T1	NaN	NaN	NaN	NaN	NaN	NaN	NaN	NaN	GF00000001	Rhodotorula_mucilaginosa_TFCN_17-291Y-1.cds.fa_01891	Rhodotorula_mucilaginosa_TFCN_17-291Y-1.cds.fa_07170	NaN	NaN	NaN	NaN	NaN	NaN	NaN	NaN	TFCN17291Y1_001901-T1	TFCN17291Y1_007255-T1
TFCN17291Y1_000299-T1__TFCN17291Y1_001901-T1	NaN	NaN	NaN	NaN	NaN	NaN	NaN	NaN	GF00000001	Rhodotorula_mucilaginosa_TFCN_17-291Y-1.cds.fa_01891	Rhodotorula_mucilaginosa_TFCN_17-291Y-1.cds.fa_00296	NaN	NaN	NaN	NaN	NaN	NaN	NaN	NaN	TFCN17291Y1_001901-T1	TFCN17291Y1_000299-T1
TFCN17291Y1_001901-T1__TFCN17291Y1_007840-T1	NaN	NaN	NaN	NaN	NaN	NaN	NaN	NaN	GF00000001	Rhodotorula_mucilaginosa_TFCN_17-291Y-1.cds.fa_01891	Rhodotorula_mucilaginosa_TFCN_17-291Y-1.cds.fa_07746	NaN	NaN	NaN	NaN	NaN	NaN	NaN	NaN	TFCN17291Y1_001901-T1	TFCN17291Y1_007840-T1
TFCN17291Y1_001901-T1__TFCN17291Y1_010158-T1	NaN	NaN	NaN	NaN	NaN	NaN	NaN	NaN	GF00000001	Rhodotorula_mucilaginosa_TFCN_17-291Y-1.cds.fa_01891	Rhodotorula_mucilaginosa_TFCN_17-291Y-1.cds.fa_10027	NaN	NaN	NaN	NaN	NaN	NaN	NaN	NaN	TFCN17291Y1_001901-T1	TFCN17291Y1_010158-T1
TFCN17291Y1_001901-T1__TFCN17291Y1_002231-T1	NaN	NaN	NaN	NaN	NaN	NaN	NaN	NaN	GF00000001	Rhodotorula_mucilaginosa_TFCN_17-291Y-1.cds.fa_01891	Rhodotorula_mucilaginosa_TFCN_17-291Y-1.cds.fa_02220	NaN	NaN	NaN	NaN	NaN	NaN	NaN	NaN	TFCN17291Y1_001901-T1	TFCN17291Y1_002231-T1
TFCN17291Y1_001095-T1__TFCN17291Y1_001901-T1	NaN	NaN	NaN	NaN	NaN	NaN	NaN	NaN	GF00000001	Rhodotorula_mucilaginosa_TFCN_17-291Y-1.cds.fa_01891	Rhodotorula_mucilaginosa_TFCN_17-291Y-1.cds.fa_01085	NaN	NaN	NaN	NaN	NaN	NaN	NaN	NaN	TFCN17291Y1_001901-T1	TFCN17291Y1_001095-T1
TFCN17291Y1_001094-T1__TFCN17291Y1_001901-T1	NaN	NaN	NaN	NaN	NaN	NaN	NaN	NaN	GF00000001	Rhodotorula_mucilaginosa_TFCN_17-291Y-1.cds.fa_01891	Rhodotorula_mucilaginosa_TFCN_17-291Y-1.cds.fa_01084	NaN	NaN	NaN	NaN	NaN	NaN	NaN	NaN	TFCN17291Y1_001901-T1	TFCN17291Y1_001094-T1
TFCN17291Y1_007201-T1__TFCN17291Y1_009100-T1	NaN	NaN	NaN	NaN	NaN	NaN	NaN	NaN	GF00000001	Rhodotorula_mucilaginosa_TFCN_17-291Y-1.cds.fa_08983	Rhodotorula_mucilaginosa_TFCN_17-291Y-1.cds.fa_07116	NaN	NaN	NaN	NaN	NaN	NaN	NaN	NaN	TFCN17291Y1_009100-T1	TFCN17291Y1_007201-T1
TFCN17291Y1_009100-T1__TFCN17291Y1_012923-T1	NaN	NaN	NaN	NaN	NaN	NaN	NaN	NaN	GF00000001	Rhodotorula_mucilaginosa_TFCN_17-291Y-1.cds.fa_08983	Rhodotorula_mucilaginosa_TFCN_17-291Y-1.cds.fa_12714	NaN	NaN	NaN	NaN	NaN	NaN	NaN	NaN	TFCN17291Y1_009100-T1	TFCN17291Y1_012923-T1
TFCN17291Y1_007255-T1__TFCN17291Y1_009100-T1	NaN	NaN	NaN	NaN	NaN	NaN	NaN	NaN	GF00000001	Rhodotorula_mucilaginosa_TFCN_17-291Y-1.cds.fa_08983	Rhodotorula_mucilaginosa_TFCN_17-291Y-1.cds.fa_07170	NaN	NaN	NaN	NaN	NaN	NaN	NaN	NaN	TFCN17291Y1_009100-T1	TFCN17291Y1_007255-T1
TFCN17291Y1_000299-T1__TFCN17291Y1_009100-T1	NaN	NaN	NaN	NaN	NaN	NaN	NaN	NaN	GF00000001	Rhodotorula_mucilaginosa_TFCN_17-291Y-1.cds.fa_08983	Rhodotorula_mucilaginosa_TFCN_17-291Y-1.cds.fa_00296	NaN	NaN	NaN	NaN	NaN	NaN	NaN	NaN	TFCN17291Y1_009100-T1	TFCN17291Y1_000299-T1
TFCN17291Y1_007840-T1__TFCN17291Y1_009100-T1	NaN	NaN	NaN	NaN	NaN	NaN	NaN	NaN	GF00000001	Rhodotorula_mucilaginosa_TFCN_17-291Y-1.cds.fa_08983	Rhodotorula_mucilaginosa_TFCN_17-291Y-1.cds.fa_07746	NaN	NaN	NaN	NaN	NaN	NaN	NaN	NaN	TFCN17291Y1_009100-T1	TFCN17291Y1_007840-T1
TFCN17291Y1_009100-T1__TFCN17291Y1_010158-T1	NaN	NaN	NaN	NaN	NaN	NaN	NaN	NaN	GF00000001	Rhodotorula_mucilaginosa_TFCN_17-291Y-1.cds.fa_08983	Rhodotorula_mucilaginosa_TFCN_17-291Y-1.cds.fa_10027	NaN	NaN	NaN	NaN	NaN	NaN	NaN	NaN	TFCN17291Y1_009100-T1	TFCN17291Y1_010158-T1
TFCN17291Y1_002231-T1__TFCN17291Y1_009100-T1	NaN	NaN	NaN	NaN	NaN	NaN	NaN	NaN	GF00000001	Rhodotorula_mucilaginosa_TFCN_17-291Y-1.cds.fa_08983	Rhodotorula_mucilaginosa_TFCN_17-291Y-1.cds.fa_02220	NaN	NaN	NaN	NaN	NaN	NaN	NaN	NaN	TFCN17291Y1_009100-T1	TFCN17291Y1_002231-T1
TFCN17291Y1_001095-T1__TFCN17291Y1_009100-T1	NaN	NaN	NaN	NaN	NaN	NaN	NaN	NaN	GF00000001	Rhodotorula_mucilaginosa_TFCN_17-291Y-1.cds.fa_08983	Rhodotorula_mucilaginosa_TFCN_17-291Y-1.cds.fa_01085	NaN	NaN	NaN	NaN	NaN	NaN	NaN	NaN	TFCN17291Y1_009100-T1	TFCN17291Y1_001095-T1
TFCN17291Y1_001094-T1__TFCN17291Y1_009100-T1	NaN	NaN	NaN	NaN	NaN	NaN	NaN	NaN	GF00000001	Rhodotorula_mucilaginosa_TFCN_17-291Y-1.cds.fa_08983	Rhodotorula_mucilaginosa_TFCN_17-291Y-1.cds.fa_01084	NaN	NaN	NaN	NaN	NaN	NaN	NaN	NaN	TFCN17291Y1_009100-T1	TFCN17291Y1_001094-T1
TFCN17291Y1_007201-T1__TFCN17291Y1_012923-T1	NaN	NaN	NaN	NaN	NaN	NaN	NaN	NaN	GF00000001	Rhodotorula_mucilaginosa_TFCN_17-291Y-1.cds.fa_07116	Rhodotorula_mucilaginosa_TFCN_17-291Y-1.cds.fa_12714	NaN	NaN	NaN	NaN	NaN	NaN	NaN	NaN	TFCN17291Y1_007201-T1	TFCN17291Y1_012923-T1
TFCN17291Y1_007201-T1__TFCN17291Y1_007255-T1	NaN	NaN	NaN	NaN	NaN	NaN	NaN	NaN	GF00000001	Rhodotorula_mucilaginosa_TFCN_17-291Y-1.cds.fa_07116	Rhodotorula_mucilaginosa_TFCN_17-291Y-1.cds.fa_07170	NaN	NaN	NaN	NaN	NaN	NaN	NaN	NaN	TFCN17291Y1_007201-T1	TFCN17291Y1_007255-T1
TFCN17291Y1_000299-T1__TFCN17291Y1_007201-T1	NaN	NaN	NaN	NaN	NaN	NaN	NaN	NaN	GF00000001	Rhodotorula_mucilaginosa_TFCN_17-291Y-1.cds.fa_07116	Rhodotorula_mucilaginosa_TFCN_17-291Y-1.cds.fa_00296	NaN	NaN	NaN	NaN	NaN	NaN	NaN	NaN	TFCN17291Y1_007201-T1	TFCN17291Y1_000299-T1
TFCN17291Y1_007201-T1__TFCN17291Y1_007840-T1	NaN	NaN	NaN	NaN	NaN	NaN	NaN	NaN	GF00000001	Rhodotorula_mucilaginosa_TFCN_17-291Y-1.cds.fa_07116	Rhodotorula_mucilaginosa_TFCN_17-291Y-1.cds.fa_07746	NaN	NaN	NaN	NaN	NaN	NaN	NaN	NaN	TFCN17291Y1_007201-T1	TFCN17291Y1_007840-T1
TFCN17291Y1_007201-T1__TFCN17291Y1_010158-T1	NaN	NaN	NaN	NaN	NaN	NaN	NaN	NaN	GF00000001	Rhodotorula_mucilaginosa_TFCN_17-291Y-1.cds.fa_07116	Rhodotorula_mucilaginosa_TFCN_17-291Y-1.cds.fa_10027	NaN	NaN	NaN	NaN	NaN	NaN	NaN	NaN	TFCN17291Y1_007201-T1	TFCN17291Y1_010158-T1
TFCN17291Y1_002231-T1__TFCN17291Y1_007201-T1	NaN	NaN	NaN	NaN	NaN	NaN	NaN	NaN	GF00000001	Rhodotorula_mucilaginosa_TFCN_17-291Y-1.cds.fa_07116	Rhodotorula_mucilaginosa_TFCN_17-291Y-1.cds.fa_02220	NaN	NaN	NaN	NaN	NaN	NaN	NaN	NaN	TFCN17291Y1_007201-T1	TFCN17291Y1_002231-T1
TFCN17291Y1_001095-T1__TFCN17291Y1_007201-T1	NaN	NaN	NaN	NaN	NaN	NaN	NaN	NaN	GF00000001	Rhodotorula_mucilaginosa_TFCN_17-291Y-1.cds.fa_07116	Rhodotorula_mucilaginosa_TFCN_17-291Y-1.cds.fa_01085	NaN	NaN	NaN	NaN	NaN	NaN	NaN	NaN	TFCN17291Y1_007201-T1	TFCN17291Y1_001095-T1
TFCN17291Y1_001094-T1__TFCN17291Y1_007201-T1	NaN	NaN	NaN	NaN	NaN	NaN	NaN	NaN	GF00000001	Rhodotorula_mucilaginosa_TFCN_17-291Y-1.cds.fa_07116	Rhodotorula_mucilaginosa_TFCN_17-291Y-1.cds.fa_01084	NaN	NaN	NaN	NaN	NaN	NaN	NaN	NaN	TFCN17291Y1_007201-T1	TFCN17291Y1_001094-T1
TFCN17291Y1_007255-T1__TFCN17291Y1_012923-T1	NaN	NaN	NaN	NaN	NaN	NaN	NaN	NaN	GF00000001	Rhodotorula_mucilaginosa_TFCN_17-291Y-1.cds.fa_12714	Rhodotorula_mucilaginosa_TFCN_17-291Y-1.cds.fa_07170	NaN	NaN	NaN	NaN	NaN	NaN	NaN	NaN	TFCN17291Y1_012923-T1	TFCN17291Y1_007255-T1
TFCN17291Y1_000299-T1__TFCN17291Y1_012923-T1	NaN	NaN	NaN	NaN	NaN	NaN	NaN	NaN	GF00000001	Rhodotorula_mucilaginosa_TFCN_17-291Y-1.cds.fa_12714	Rhodotorula_mucilaginosa_TFCN_17-291Y-1.cds.fa_00296	NaN	NaN	NaN	NaN	NaN	NaN	NaN	NaN	TFCN17291Y1_012923-T1	TFCN17291Y1_000299-T1
TFCN17291Y1_007840-T1__TFCN17291Y1_012923-T1	NaN	NaN	NaN	NaN	NaN	NaN	NaN	NaN	GF00000001	Rhodotorula_mucilaginosa_TFCN_17-291Y-1.cds.fa_12714	Rhodotorula_mucilaginosa_TFCN_17-291Y-1.cds.fa_07746	NaN	NaN	NaN	NaN	NaN	NaN	NaN	NaN	TFCN17291Y1_012923-T1	TFCN17291Y1_007840-T1
TFCN17291Y1_010158-T1__TFCN17291Y1_012923-T1	NaN	NaN	NaN	NaN	NaN	NaN	NaN	NaN	GF00000001	Rhodotorula_mucilaginosa_TFCN_17-291Y-1.cds.fa_12714	Rhodotorula_mucilaginosa_TFCN_17-291Y-1.cds.fa_10027	NaN	NaN	NaN	NaN	NaN	NaN	NaN	NaN	TFCN17291Y1_012923-T1	TFCN17291Y1_010158-T1
TFCN17291Y1_002231-T1__TFCN17291Y1_012923-T1	NaN	NaN	NaN	NaN	NaN	NaN	NaN	NaN	GF00000001	Rhodotorula_mucilaginosa_TFCN_17-291Y-1.cds.fa_12714	Rhodotorula_mucilaginosa_TFCN_17-291Y-1.cds.fa_02220	NaN	NaN	NaN	NaN	NaN	NaN	NaN	NaN	TFCN17291Y1_012923-T1	TFCN17291Y1_002231-T1
TFCN17291Y1_001095-T1__TFCN17291Y1_012923-T1	NaN	NaN	NaN	NaN	NaN	NaN	NaN	NaN	GF00000001	Rhodotorula_mucilaginosa_TFCN_17-291Y-1.cds.fa_12714	Rhodotorula_mucilaginosa_TFCN_17-291Y-1.cds.fa_01085	NaN	NaN	NaN	NaN	NaN	NaN	NaN	NaN	TFCN17291Y1_012923-T1	TFCN17291Y1_001095-T1
TFCN17291Y1_001094-T1__TFCN17291Y1_012923-T1	NaN	NaN	NaN	NaN	NaN	NaN	NaN	NaN	GF00000001	Rhodotorula_mucilaginosa_TFCN_17-291Y-1.cds.fa_12714	Rhodotorula_mucilaginosa_TFCN_17-291Y-1.cds.fa_01084	NaN	NaN	NaN	NaN	NaN	NaN	NaN	NaN	TFCN17291Y1_012923-T1	TFCN17291Y1_001094-T1
TFCN17291Y1_000299-T1__TFCN17291Y1_007255-T1	NaN	NaN	NaN	NaN	NaN	NaN	NaN	NaN	GF00000001	Rhodotorula_mucilaginosa_TFCN_17-291Y-1.cds.fa_07170	Rhodotorula_mucilaginosa_TFCN_17-291Y-1.cds.fa_00296	NaN	NaN	NaN	NaN	NaN	NaN	NaN	NaN	TFCN17291Y1_007255-T1	TFCN17291Y1_000299-T1
TFCN17291Y1_007255-T1__TFCN17291Y1_007840-T1	NaN	NaN	NaN	NaN	NaN	NaN	NaN	NaN	GF00000001	Rhodotorula_mucilaginosa_TFCN_17-291Y-1.cds.fa_07170	Rhodotorula_mucilaginosa_TFCN_17-291Y-1.cds.fa_07746	NaN	NaN	NaN	NaN	NaN	NaN	NaN	NaN	TFCN17291Y1_007255-T1	TFCN17291Y1_007840-T1
TFCN17291Y1_007255-T1__TFCN17291Y1_010158-T1	NaN	NaN	NaN	NaN	NaN	NaN	NaN	NaN	GF00000001	Rhodotorula_mucilaginosa_TFCN_17-291Y-1.cds.fa_07170	Rhodotorula_mucilaginosa_TFCN_17-291Y-1.cds.fa_10027	NaN	NaN	NaN	NaN	NaN	NaN	NaN	NaN	TFCN17291Y1_007255-T1	TFCN17291Y1_010158-T1
TFCN17291Y1_002231-T1__TFCN17291Y1_007255-T1	NaN	NaN	NaN	NaN	NaN	NaN	NaN	NaN	GF00000001	Rhodotorula_mucilaginosa_TFCN_17-291Y-1.cds.fa_07170	Rhodotorula_mucilaginosa_TFCN_17-291Y-1.cds.fa_02220	NaN	NaN	NaN	NaN	NaN	NaN	NaN	NaN	TFCN17291Y1_007255-T1	TFCN17291Y1_002231-T1
TFCN17291Y1_001095-T1__TFCN17291Y1_007255-T1	NaN	NaN	NaN	NaN	NaN	NaN	NaN	NaN	GF00000001	Rhodotorula_mucilaginosa_TFCN_17-291Y-1.cds.fa_07170	Rhodotorula_mucilaginosa_TFCN_17-291Y-1.cds.fa_01085	NaN	NaN	NaN	NaN	NaN	NaN	NaN	NaN	TFCN17291Y1_007255-T1	TFCN17291Y1_001095-T1
TFCN17291Y1_001094-T1__TFCN17291Y1_007255-T1	NaN	NaN	NaN	NaN	NaN	NaN	NaN	NaN	GF00000001	Rhodotorula_mucilaginosa_TFCN_17-291Y-1.cds.fa_07170	Rhodotorula_mucilaginosa_TFCN_17-291Y-1.cds.fa_01084	NaN	NaN	NaN	NaN	NaN	NaN	NaN	NaN	TFCN17291Y1_007255-T1	TFCN17291Y1_001094-T1
TFCN17291Y1_000299-T1__TFCN17291Y1_007840-T1	NaN	NaN	NaN	NaN	NaN	NaN	NaN	NaN	GF00000001	Rhodotorula_mucilaginosa_TFCN_17-291Y-1.cds.fa_00296	Rhodotorula_mucilaginosa_TFCN_17-291Y-1.cds.fa_07746	NaN	NaN	NaN	NaN	NaN	NaN	NaN	NaN	TFCN17291Y1_000299-T1	TFCN17291Y1_007840-T1
TFCN17291Y1_000299-T1__TFCN17291Y1_010158-T1	NaN	NaN	NaN	NaN	NaN	NaN	NaN	NaN	GF00000001	Rhodotorula_mucilaginosa_TFCN_17-291Y-1.cds.fa_00296	Rhodotorula_mucilaginosa_TFCN_17-291Y-1.cds.fa_10027	NaN	NaN	NaN	NaN	NaN	NaN	NaN	NaN	TFCN17291Y1_000299-T1	TFCN17291Y1_010158-T1
TFCN17291Y1_000299-T1__TFCN17291Y1_002231-T1	NaN	NaN	NaN	NaN	NaN	NaN	NaN	NaN	GF00000001	Rhodotorula_mucilaginosa_TFCN_17-291Y-1.cds.fa_00296	Rhodotorula_mucilaginosa_TFCN_17-291Y-1.cds.fa_02220	NaN	NaN	NaN	NaN	NaN	NaN	NaN	NaN	TFCN17291Y1_000299-T1	TFCN17291Y1_002231-T1
TFCN17291Y1_000299-T1__TFCN17291Y1_001095-T1	NaN	NaN	NaN	NaN	NaN	NaN	NaN	NaN	GF00000001	Rhodotorula_mucilaginosa_TFCN_17-291Y-1.cds.fa_00296	Rhodotorula_mucilaginosa_TFCN_17-291Y-1.cds.fa_01085	NaN	NaN	NaN	NaN	NaN	NaN	NaN	NaN	TFCN17291Y1_000299-T1	TFCN17291Y1_001095-T1
TFCN17291Y1_000299-T1__TFCN17291Y1_001094-T1	NaN	NaN	NaN	NaN	NaN	NaN	NaN	NaN	GF00000001	Rhodotorula_mucilaginosa_TFCN_17-291Y-1.cds.fa_00296	Rhodotorula_mucilaginosa_TFCN_17-291Y-1.cds.fa_01084	NaN	NaN	NaN	NaN	NaN	NaN	NaN	NaN	TFCN17291Y1_000299-T1	TFCN17291Y1_001094-T1
TFCN17291Y1_007840-T1__TFCN17291Y1_010158-T1	NaN	NaN	NaN	NaN	NaN	NaN	NaN	NaN	GF00000001	Rhodotorula_mucilaginosa_TFCN_17-291Y-1.cds.fa_07746	Rhodotorula_mucilaginosa_TFCN_17-291Y-1.cds.fa_10027	NaN	NaN	NaN	NaN	NaN	NaN	NaN	NaN	TFCN17291Y1_007840-T1	TFCN17291Y1_010158-T1
TFCN17291Y1_002231-T1__TFCN17291Y1_007840-T1	NaN	NaN	NaN	NaN	NaN	NaN	NaN	NaN	GF00000001	Rhodotorula_mucilaginosa_TFCN_17-291Y-1.cds.fa_07746	Rhodotorula_mucilaginosa_TFCN_17-291Y-1.cds.fa_02220	NaN	NaN	NaN	NaN	NaN	NaN	NaN	NaN	TFCN17291Y1_007840-T1	TFCN17291Y1_002231-T1
TFCN17291Y1_001095-T1__TFCN17291Y1_007840-T1	NaN	NaN	NaN	NaN	NaN	NaN	NaN	NaN	GF00000001	Rhodotorula_mucilaginosa_TFCN_17-291Y-1.cds.fa_07746	Rhodotorula_mucilaginosa_TFCN_17-291Y-1.cds.fa_01085	NaN	NaN	NaN	NaN	NaN	NaN	NaN	NaN	TFCN17291Y1_007840-T1	TFCN17291Y1_001095-T1
TFCN17291Y1_001094-T1__TFCN17291Y1_007840-T1	NaN	NaN	NaN	NaN	NaN	NaN	NaN	NaN	GF00000001	Rhodotorula_mucilaginosa_TFCN_17-291Y-1.cds.fa_07746	Rhodotorula_mucilaginosa_TFCN_17-291Y-1.cds.fa_01084	NaN	NaN	NaN	NaN	NaN	NaN	NaN	NaN	TFCN17291Y1_007840-T1	TFCN17291Y1_001094-T1
TFCN17291Y1_002231-T1__TFCN17291Y1_010158-T1	NaN	NaN	NaN	NaN	NaN	NaN	NaN	NaN	GF00000001	Rhodotorula_mucilaginosa_TFCN_17-291Y-1.cds.fa_10027	Rhodotorula_mucilaginosa_TFCN_17-291Y-1.cds.fa_02220	NaN	NaN	NaN	NaN	NaN	NaN	NaN	NaN	TFCN17291Y1_010158-T1	TFCN17291Y1_002231-T1
TFCN17291Y1_001095-T1__TFCN17291Y1_010158-T1	NaN	NaN	NaN	NaN	NaN	NaN	NaN	NaN	GF00000001	Rhodotorula_mucilaginosa_TFCN_17-291Y-1.cds.fa_10027	Rhodotorula_mucilaginosa_TFCN_17-291Y-1.cds.fa_01085	NaN	NaN	NaN	NaN	NaN	NaN	NaN	NaN	TFCN17291Y1_010158-T1	TFCN17291Y1_001095-T1
TFCN17291Y1_001094-T1__TFCN17291Y1_010158-T1	NaN	NaN	NaN	NaN	NaN	NaN	NaN	NaN	GF00000001	Rhodotorula_mucilaginosa_TFCN_17-291Y-1.cds.fa_10027	Rhodotorula_mucilaginosa_TFCN_17-291Y-1.cds.fa_01084	NaN	NaN	NaN	NaN	NaN	NaN	NaN	NaN	TFCN17291Y1_010158-T1	TFCN17291Y1_001094-T1
TFCN17291Y1_001095-T1__TFCN17291Y1_002231-T1	NaN	NaN	NaN	NaN	NaN	NaN	NaN	NaN	GF00000001	Rhodotorula_mucilaginosa_TFCN_17-291Y-1.cds.fa_02220	Rhodotorula_mucilaginosa_TFCN_17-291Y-1.cds.fa_01085	NaN	NaN	NaN	NaN	NaN	NaN	NaN	NaN	TFCN17291Y1_002231-T1	TFCN17291Y1_001095-T1
TFCN17291Y1_001094-T1__TFCN17291Y1_002231-T1	NaN	NaN	NaN	NaN	NaN	NaN	NaN	NaN	GF00000001	Rhodotorula_mucilaginosa_TFCN_17-291Y-1.cds.fa_02220	Rhodotorula_mucilaginosa_TFCN_17-291Y-1.cds.fa_01084	NaN	NaN	NaN	NaN	NaN	NaN	NaN	NaN	TFCN17291Y1_002231-T1	TFCN17291Y1_001094-T1
TFCN17291Y1_001094-T1__TFCN17291Y1_001095-T1	NaN	NaN	NaN	NaN	NaN	NaN	NaN	NaN	GF00000001	Rhodotorula_mucilaginosa_TFCN_17-291Y-1.cds.fa_01085	Rhodotorula_mucilaginosa_TFCN_17-291Y-1.cds.fa_01084	NaN	NaN	NaN	NaN	NaN	NaN	NaN	NaN	TFCN17291Y1_001095-T1	TFCN17291Y1_001094-T1
TFCN17291Y1_009179-T1__TFCN17291Y1_009182-T1	NaN	NaN	NaN	NaN	NaN	NaN	NaN	NaN	GF00000002	Rhodotorula_mucilaginosa_TFCN_17-291Y-1.cds.fa_09063	Rhodotorula_mucilaginosa_TFCN_17-291Y-1.cds.fa_09060	NaN	NaN	NaN	NaN	NaN	NaN	NaN	NaN	TFCN17291Y1_009182-T1	TFCN17291Y1_009179-T1
TFCN17291Y1_006849-T1__TFCN17291Y1_009182-T1	NaN	NaN	NaN	NaN	NaN	NaN	NaN	NaN	GF00000002	Rhodotorula_mucilaginosa_TFCN_17-291Y-1.cds.fa_09063	Rhodotorula_mucilaginosa_TFCN_17-291Y-1.cds.fa_06768	NaN	NaN	NaN	NaN	NaN	NaN	NaN	NaN	TFCN17291Y1_009182-T1	TFCN17291Y1_006849-T1
TFCN17291Y1_009182-T1__TFCN17291Y1_009790-T1	NaN	NaN	NaN	NaN	NaN	NaN	NaN	NaN	GF00000002	Rhodotorula_mucilaginosa_TFCN_17-291Y-1.cds.fa_09063	Rhodotorula_mucilaginosa_TFCN_17-291Y-1.cds.fa_09667	NaN	NaN	NaN	NaN	NaN	NaN	NaN	NaN	TFCN17291Y1_009182-T1	TFCN17291Y1_009790-T1
TFCN17291Y1_006345-T1__TFCN17291Y1_009182-T1	NaN	NaN	NaN	NaN	NaN	NaN	NaN	NaN	GF00000002	Rhodotorula_mucilaginosa_TFCN_17-291Y-1.cds.fa_09063	Rhodotorula_mucilaginosa_TFCN_17-291Y-1.cds.fa_06272	NaN	NaN	NaN	NaN	NaN	NaN	NaN	NaN	TFCN17291Y1_009182-T1	TFCN17291Y1_006345-T1
TFCN17291Y1_002908-T1__TFCN17291Y1_009182-T1	NaN	NaN	NaN	NaN	NaN	NaN	NaN	NaN	GF00000002	Rhodotorula_mucilaginosa_TFCN_17-291Y-1.cds.fa_09063	Rhodotorula_mucilaginosa_TFCN_17-291Y-1.cds.fa_02877	NaN	NaN	NaN	NaN	NaN	NaN	NaN	NaN	TFCN17291Y1_009182-T1	TFCN17291Y1_002908-T1
TFCN17291Y1_009182-T1__TFCN17291Y1_009197-T1	NaN	NaN	NaN	NaN	NaN	NaN	NaN	NaN	GF00000002	Rhodotorula_mucilaginosa_TFCN_17-291Y-1.cds.fa_09063	Rhodotorula_mucilaginosa_TFCN_17-291Y-1.cds.fa_09078	NaN	NaN	NaN	NaN	NaN	NaN	NaN	NaN	TFCN17291Y1_009182-T1	TFCN17291Y1_009197-T1
TFCN17291Y1_009051-T1__TFCN17291Y1_009182-T1	NaN	NaN	NaN	NaN	NaN	NaN	NaN	NaN	GF00000002	Rhodotorula_mucilaginosa_TFCN_17-291Y-1.cds.fa_09063	Rhodotorula_mucilaginosa_TFCN_17-291Y-1.cds.fa_08934	NaN	NaN	NaN	NaN	NaN	NaN	NaN	NaN	TFCN17291Y1_009182-T1	TFCN17291Y1_009051-T1
TFCN17291Y1_003298-T1__TFCN17291Y1_009182-T1	NaN	NaN	NaN	NaN	NaN	NaN	NaN	NaN	GF00000002	Rhodotorula_mucilaginosa_TFCN_17-291Y-1.cds.fa_09063	Rhodotorula_mucilaginosa_TFCN_17-291Y-1.cds.fa_03265	NaN	NaN	NaN	NaN	NaN	NaN	NaN	NaN	TFCN17291Y1_009182-T1	TFCN17291Y1_003298-T1
TFCN17291Y1_009182-T1__TFCN17291Y1_012074-T1	NaN	NaN	NaN	NaN	NaN	NaN	NaN	NaN	GF00000002	Rhodotorula_mucilaginosa_TFCN_17-291Y-1.cds.fa_09063	Rhodotorula_mucilaginosa_TFCN_17-291Y-1.cds.fa_11897	NaN	NaN	NaN	NaN	NaN	NaN	NaN	NaN	TFCN17291Y1_009182-T1	TFCN17291Y1_012074-T1
TFCN17291Y1_003296-T1__TFCN17291Y1_009182-T1	NaN	NaN	NaN	NaN	NaN	NaN	NaN	NaN	GF00000002	Rhodotorula_mucilaginosa_TFCN_17-291Y-1.cds.fa_09063	Rhodotorula_mucilaginosa_TFCN_17-291Y-1.cds.fa_03263	NaN	NaN	NaN	NaN	NaN	NaN	NaN	NaN	TFCN17291Y1_009182-T1	TFCN17291Y1_003296-T1
TFCN17291Y1_009182-T1__TFCN17291Y1_009778-T1	NaN	NaN	NaN	NaN	NaN	NaN	NaN	NaN	GF00000002	Rhodotorula_mucilaginosa_TFCN_17-291Y-1.cds.fa_09063	Rhodotorula_mucilaginosa_TFCN_17-291Y-1.cds.fa_09655	NaN	NaN	NaN	NaN	NaN	NaN	NaN	NaN	TFCN17291Y1_009182-T1	TFCN17291Y1_009778-T1
TFCN17291Y1_003297-T1__TFCN17291Y1_009182-T1	NaN	NaN	NaN	NaN	NaN	NaN	NaN	NaN	GF00000002	Rhodotorula_mucilaginosa_TFCN_17-291Y-1.cds.fa_09063	Rhodotorula_mucilaginosa_TFCN_17-291Y-1.cds.fa_03264	NaN	NaN	NaN	NaN	NaN	NaN	NaN	NaN	TFCN17291Y1_009182-T1	TFCN17291Y1_003297-T1
TFCN17291Y1_009182-T1__TFCN17291Y1_012076-T1	NaN	NaN	NaN	NaN	NaN	NaN	NaN	NaN	GF00000002	Rhodotorula_mucilaginosa_TFCN_17-291Y-1.cds.fa_09063	Rhodotorula_mucilaginosa_TFCN_17-291Y-1.cds.fa_11899	NaN	NaN	NaN	NaN	NaN	NaN	NaN	NaN	TFCN17291Y1_009182-T1	TFCN17291Y1_012076-T1
TFCN17291Y1_004736-T1__TFCN17291Y1_009182-T1	NaN	NaN	NaN	NaN	NaN	NaN	NaN	NaN	GF00000002	Rhodotorula_mucilaginosa_TFCN_17-291Y-1.cds.fa_09063	Rhodotorula_mucilaginosa_TFCN_17-291Y-1.cds.fa_04688	NaN	NaN	NaN	NaN	NaN	NaN	NaN	NaN	TFCN17291Y1_009182-T1	TFCN17291Y1_004736-T1
TFCN17291Y1_009052-T1__TFCN17291Y1_009182-T1	NaN	NaN	NaN	NaN	NaN	NaN	NaN	NaN	GF00000002	Rhodotorula_mucilaginosa_TFCN_17-291Y-1.cds.fa_09063	Rhodotorula_mucilaginosa_TFCN_17-291Y-1.cds.fa_08935	NaN	NaN	NaN	NaN	NaN	NaN	NaN	NaN	TFCN17291Y1_009182-T1	TFCN17291Y1_009052-T1
TFCN17291Y1_009181-T1__TFCN17291Y1_009182-T1	NaN	NaN	NaN	NaN	NaN	NaN	NaN	NaN	GF00000002	Rhodotorula_mucilaginosa_TFCN_17-291Y-1.cds.fa_09063	Rhodotorula_mucilaginosa_TFCN_17-291Y-1.cds.fa_09062	NaN	NaN	NaN	NaN	NaN	NaN	NaN	NaN	TFCN17291Y1_009182-T1	TFCN17291Y1_009181-T1
TFCN17291Y1_009182-T1__TFCN17291Y1_009198-T1	NaN	NaN	NaN	NaN	NaN	NaN	NaN	NaN	GF00000002	Rhodotorula_mucilaginosa_TFCN_17-291Y-1.cds.fa_09063	Rhodotorula_mucilaginosa_TFCN_17-291Y-1.cds.fa_09079	NaN	NaN	NaN	NaN	NaN	NaN	NaN	NaN	TFCN17291Y1_009182-T1	TFCN17291Y1_009198-T1
TFCN17291Y1_009180-T1__TFCN17291Y1_009182-T1	NaN	NaN	NaN	NaN	NaN	NaN	NaN	NaN	GF00000002	Rhodotorula_mucilaginosa_TFCN_17-291Y-1.cds.fa_09063	Rhodotorula_mucilaginosa_TFCN_17-291Y-1.cds.fa_09061	NaN	NaN	NaN	NaN	NaN	NaN	NaN	NaN	TFCN17291Y1_009182-T1	TFCN17291Y1_009180-T1
TFCN17291Y1_009182-T1__TFCN17291Y1_009199-T1	NaN	NaN	NaN	NaN	NaN	NaN	NaN	NaN	GF00000002	Rhodotorula_mucilaginosa_TFCN_17-291Y-1.cds.fa_09063	Rhodotorula_mucilaginosa_TFCN_17-291Y-1.cds.fa_09080	NaN	NaN	NaN	NaN	NaN	NaN	NaN	NaN	TFCN17291Y1_009182-T1	TFCN17291Y1_009199-T1
TFCN17291Y1_009182-T1__TFCN17291Y1_012075-T1	NaN	NaN	NaN	NaN	NaN	NaN	NaN	NaN	GF00000002	Rhodotorula_mucilaginosa_TFCN_17-291Y-1.cds.fa_09063	Rhodotorula_mucilaginosa_TFCN_17-291Y-1.cds.fa_11898	NaN	NaN	NaN	NaN	NaN	NaN	NaN	NaN	TFCN17291Y1_009182-T1	TFCN17291Y1_012075-T1
TFCN17291Y1_001370-T1__TFCN17291Y1_009182-T1	NaN	NaN	NaN	NaN	NaN	NaN	NaN	NaN	GF00000002	Rhodotorula_mucilaginosa_TFCN_17-291Y-1.cds.fa_09063	Rhodotorula_mucilaginosa_TFCN_17-291Y-1.cds.fa_01360	NaN	NaN	NaN	NaN	NaN	NaN	NaN	NaN	TFCN17291Y1_009182-T1	TFCN17291Y1_001370-T1
TFCN17291Y1_009182-T1__TFCN17291Y1_009200-T1	NaN	NaN	NaN	NaN	NaN	NaN	NaN	NaN	GF00000002	Rhodotorula_mucilaginosa_TFCN_17-291Y-1.cds.fa_09063	Rhodotorula_mucilaginosa_TFCN_17-291Y-1.cds.fa_09081	NaN	NaN	NaN	NaN	NaN	NaN	NaN	NaN	TFCN17291Y1_009182-T1	TFCN17291Y1_009200-T1
TFCN17291Y1_009182-T1__TFCN17291Y1_009439-T1	NaN	NaN	NaN	NaN	NaN	NaN	NaN	NaN	GF00000002	Rhodotorula_mucilaginosa_TFCN_17-291Y-1.cds.fa_09063	Rhodotorula_mucilaginosa_TFCN_17-291Y-1.cds.fa_09319	NaN	NaN	NaN	NaN	NaN	NaN	NaN	NaN	TFCN17291Y1_009182-T1	TFCN17291Y1_009439-T1
TFCN17291Y1_009182-T1__TFCN17291Y1_012078-T1	NaN	NaN	NaN	NaN	NaN	NaN	NaN	NaN	GF00000002	Rhodotorula_mucilaginosa_TFCN_17-291Y-1.cds.fa_09063	Rhodotorula_mucilaginosa_TFCN_17-291Y-1.cds.fa_11901	NaN	NaN	NaN	NaN	NaN	NaN	NaN	NaN	TFCN17291Y1_009182-T1	TFCN17291Y1_012078-T1
TFCN17291Y1_009182-T1__TFCN17291Y1_012077-T1	NaN	NaN	NaN	NaN	NaN	NaN	NaN	NaN	GF00000002	Rhodotorula_mucilaginosa_TFCN_17-291Y-1.cds.fa_09063	Rhodotorula_mucilaginosa_TFCN_17-291Y-1.cds.fa_11900	NaN	NaN	NaN	NaN	NaN	NaN	NaN	NaN	TFCN17291Y1_009182-T1	TFCN17291Y1_012077-T1
TFCN17291Y1_006849-T1__TFCN17291Y1_009179-T1	NaN	NaN	NaN	NaN	NaN	NaN	NaN	NaN	GF00000002	Rhodotorula_mucilaginosa_TFCN_17-291Y-1.cds.fa_09060	Rhodotorula_mucilaginosa_TFCN_17-291Y-1.cds.fa_06768	NaN	NaN	NaN	NaN	NaN	NaN	NaN	NaN	TFCN17291Y1_009179-T1	TFCN17291Y1_006849-T1
TFCN17291Y1_009179-T1__TFCN17291Y1_009790-T1	NaN	NaN	NaN	NaN	NaN	NaN	NaN	NaN	GF00000002	Rhodotorula_mucilaginosa_TFCN_17-291Y-1.cds.fa_09060	Rhodotorula_mucilaginosa_TFCN_17-291Y-1.cds.fa_09667	NaN	NaN	NaN	NaN	NaN	NaN	NaN	NaN	TFCN17291Y1_009179-T1	TFCN17291Y1_009790-T1
TFCN17291Y1_006345-T1__TFCN17291Y1_009179-T1	NaN	NaN	NaN	NaN	NaN	NaN	NaN	NaN	GF00000002	Rhodotorula_mucilaginosa_TFCN_17-291Y-1.cds.fa_09060	Rhodotorula_mucilaginosa_TFCN_17-291Y-1.cds.fa_06272	NaN	NaN	NaN	NaN	NaN	NaN	NaN	NaN	TFCN17291Y1_009179-T1	TFCN17291Y1_006345-T1
TFCN17291Y1_002908-T1__TFCN17291Y1_009179-T1	NaN	NaN	NaN	NaN	NaN	NaN	NaN	NaN	GF00000002	Rhodotorula_mucilaginosa_TFCN_17-291Y-1.cds.fa_09060	Rhodotorula_mucilaginosa_TFCN_17-291Y-1.cds.fa_02877	NaN	NaN	NaN	NaN	NaN	NaN	NaN	NaN	TFCN17291Y1_009179-T1	TFCN17291Y1_002908-T1
TFCN17291Y1_009179-T1__TFCN17291Y1_009197-T1	NaN	NaN	NaN	NaN	NaN	NaN	NaN	NaN	GF00000002	Rhodotorula_mucilaginosa_TFCN_17-291Y-1.cds.fa_09060	Rhodotorula_mucilaginosa_TFCN_17-291Y-1.cds.fa_09078	NaN	NaN	NaN	NaN	NaN	NaN	NaN	NaN	TFCN17291Y1_009179-T1	TFCN17291Y1_009197-T1
TFCN17291Y1_009051-T1__TFCN17291Y1_009179-T1	NaN	NaN	NaN	NaN	NaN	NaN	NaN	NaN	GF00000002	Rhodotorula_mucilaginosa_TFCN_17-291Y-1.cds.fa_09060	Rhodotorula_mucilaginosa_TFCN_17-291Y-1.cds.fa_08934	NaN	NaN	NaN	NaN	NaN	NaN	NaN	NaN	TFCN17291Y1_009179-T1	TFCN17291Y1_009051-T1
TFCN17291Y1_003298-T1__TFCN17291Y1_009179-T1	NaN	NaN	NaN	NaN	NaN	NaN	NaN	NaN	GF00000002	Rhodotorula_mucilaginosa_TFCN_17-291Y-1.cds.fa_09060	Rhodotorula_mucilaginosa_TFCN_17-291Y-1.cds.fa_03265	NaN	NaN	NaN	NaN	NaN	NaN	NaN	NaN	TFCN17291Y1_009179-T1	TFCN17291Y1_003298-T1
TFCN17291Y1_009179-T1__TFCN17291Y1_012074-T1	NaN	NaN	NaN	NaN	NaN	NaN	NaN	NaN	GF00000002	Rhodotorula_mucilaginosa_TFCN_17-291Y-1.cds.fa_09060	Rhodotorula_mucilaginosa_TFCN_17-291Y-1.cds.fa_11897	NaN	NaN	NaN	NaN	NaN	NaN	NaN	NaN	TFCN17291Y1_009179-T1	TFCN17291Y1_012074-T1
TFCN17291Y1_003296-T1__TFCN17291Y1_009179-T1	NaN	NaN	NaN	NaN	NaN	NaN	NaN	NaN	GF00000002	Rhodotorula_mucilaginosa_TFCN_17-291Y-1.cds.fa_09060	Rhodotorula_mucilaginosa_TFCN_17-291Y-1.cds.fa_03263	NaN	NaN	NaN	NaN	NaN	NaN	NaN	NaN	TFCN17291Y1_009179-T1	TFCN17291Y1_003296-T1
TFCN17291Y1_009179-T1__TFCN17291Y1_009778-T1	NaN	NaN	NaN	NaN	NaN	NaN	NaN	NaN	GF00000002	Rhodotorula_mucilaginosa_TFCN_17-291Y-1.cds.fa_09060	Rhodotorula_mucilaginosa_TFCN_17-291Y-1.cds.fa_09655	NaN	NaN	NaN	NaN	NaN	NaN	NaN	NaN	TFCN17291Y1_009179-T1	TFCN17291Y1_009778-T1
TFCN17291Y1_003297-T1__TFCN17291Y1_009179-T1	NaN	NaN	NaN	NaN	NaN	NaN	NaN	NaN	GF00000002	Rhodotorula_mucilaginosa_TFCN_17-291Y-1.cds.fa_09060	Rhodotorula_mucilaginosa_TFCN_17-291Y-1.cds.fa_03264	NaN	NaN	NaN	NaN	NaN	NaN	NaN	NaN	TFCN17291Y1_009179-T1	TFCN17291Y1_003297-T1
TFCN17291Y1_009179-T1__TFCN17291Y1_012076-T1	NaN	NaN	NaN	NaN	NaN	NaN	NaN	NaN	GF00000002	Rhodotorula_mucilaginosa_TFCN_17-291Y-1.cds.fa_09060	Rhodotorula_mucilaginosa_TFCN_17-291Y-1.cds.fa_11899	NaN	NaN	NaN	NaN	NaN	NaN	NaN	NaN	TFCN17291Y1_009179-T1	TFCN17291Y1_012076-T1
TFCN17291Y1_004736-T1__TFCN17291Y1_009179-T1	NaN	NaN	NaN	NaN	NaN	NaN	NaN	NaN	GF00000002	Rhodotorula_mucilaginosa_TFCN_17-291Y-1.cds.fa_09060	Rhodotorula_mucilaginosa_TFCN_17-291Y-1.cds.fa_04688	NaN	NaN	NaN	NaN	NaN	NaN	NaN	NaN	TFCN17291Y1_009179-T1	TFCN17291Y1_004736-T1
TFCN17291Y1_009052-T1__TFCN17291Y1_009179-T1	NaN	NaN	NaN	NaN	NaN	NaN	NaN	NaN	GF00000002	Rhodotorula_mucilaginosa_TFCN_17-291Y-1.cds.fa_09060	Rhodotorula_mucilaginosa_TFCN_17-291Y-1.cds.fa_08935	NaN	NaN	NaN	NaN	NaN	NaN	NaN	NaN	TFCN17291Y1_009179-T1	TFCN17291Y1_009052-T1
TFCN17291Y1_009179-T1__TFCN17291Y1_009181-T1	NaN	NaN	NaN	NaN	NaN	NaN	NaN	NaN	GF00000002	Rhodotorula_mucilaginosa_TFCN_17-291Y-1.cds.fa_09060	Rhodotorula_mucilaginosa_TFCN_17-291Y-1.cds.fa_09062	NaN	NaN	NaN	NaN	NaN	NaN	NaN	NaN	TFCN17291Y1_009179-T1	TFCN17291Y1_009181-T1
TFCN17291Y1_009179-T1__TFCN17291Y1_009198-T1	NaN	NaN	NaN	NaN	NaN	NaN	NaN	NaN	GF00000002	Rhodotorula_mucilaginosa_TFCN_17-291Y-1.cds.fa_09060	Rhodotorula_mucilaginosa_TFCN_17-291Y-1.cds.fa_09079	NaN	NaN	NaN	NaN	NaN	NaN	NaN	NaN	TFCN17291Y1_009179-T1	TFCN17291Y1_009198-T1
TFCN17291Y1_009179-T1__TFCN17291Y1_009180-T1	NaN	NaN	NaN	NaN	NaN	NaN	NaN	NaN	GF00000002	Rhodotorula_mucilaginosa_TFCN_17-291Y-1.cds.fa_09060	Rhodotorula_mucilaginosa_TFCN_17-291Y-1.cds.fa_09061	NaN	NaN	NaN	NaN	NaN	NaN	NaN	NaN	TFCN17291Y1_009179-T1	TFCN17291Y1_009180-T1
TFCN17291Y1_009179-T1__TFCN17291Y1_009199-T1	NaN	NaN	NaN	NaN	NaN	NaN	NaN	NaN	GF00000002	Rhodotorula_mucilaginosa_TFCN_17-291Y-1.cds.fa_09060	Rhodotorula_mucilaginosa_TFCN_17-291Y-1.cds.fa_09080	NaN	NaN	NaN	NaN	NaN	NaN	NaN	NaN	TFCN17291Y1_009179-T1	TFCN17291Y1_009199-T1
TFCN17291Y1_009179-T1__TFCN17291Y1_012075-T1	NaN	NaN	NaN	NaN	NaN	NaN	NaN	NaN	GF00000002	Rhodotorula_mucilaginosa_TFCN_17-291Y-1.cds.fa_09060	Rhodotorula_mucilaginosa_TFCN_17-291Y-1.cds.fa_11898	NaN	NaN	NaN	NaN	NaN	NaN	NaN	NaN	TFCN17291Y1_009179-T1	TFCN17291Y1_012075-T1
TFCN17291Y1_001370-T1__TFCN17291Y1_009179-T1	NaN	NaN	NaN	NaN	NaN	NaN	NaN	NaN	GF00000002	Rhodotorula_mucilaginosa_TFCN_17-291Y-1.cds.fa_09060	Rhodotorula_mucilaginosa_TFCN_17-291Y-1.cds.fa_01360	NaN	NaN	NaN	NaN	NaN	NaN	NaN	NaN	TFCN17291Y1_009179-T1	TFCN17291Y1_001370-T1
TFCN17291Y1_009179-T1__TFCN17291Y1_009200-T1	NaN	NaN	NaN	NaN	NaN	NaN	NaN	NaN	GF00000002	Rhodotorula_mucilaginosa_TFCN_17-291Y-1.cds.fa_09060	Rhodotorula_mucilaginosa_TFCN_17-291Y-1.cds.fa_09081	NaN	NaN	NaN	NaN	NaN	NaN	NaN	NaN	TFCN17291Y1_009179-T1	TFCN17291Y1_009200-T1
TFCN17291Y1_009179-T1__TFCN17291Y1_009439-T1	NaN	NaN	NaN	NaN	NaN	NaN	NaN	NaN	GF00000002	Rhodotorula_mucilaginosa_TFCN_17-291Y-1.cds.fa_09060	Rhodotorula_mucilaginosa_TFCN_17-291Y-1.cds.fa_09319	NaN	NaN	NaN	NaN	NaN	NaN	NaN	NaN	TFCN17291Y1_009179-T1	TFCN17291Y1_009439-T1
TFCN17291Y1_009179-T1__TFCN17291Y1_012078-T1	NaN	NaN	NaN	NaN	NaN	NaN	NaN	NaN	GF00000002	Rhodotorula_mucilaginosa_TFCN_17-291Y-1.cds.fa_09060	Rhodotorula_mucilaginosa_TFCN_17-291Y-1.cds.fa_11901	NaN	NaN	NaN	NaN	NaN	NaN	NaN	NaN	TFCN17291Y1_009179-T1	TFCN17291Y1_012078-T1
TFCN17291Y1_009179-T1__TFCN17291Y1_012077-T1	NaN	NaN	NaN	NaN	NaN	NaN	NaN	NaN	GF00000002	Rhodotorula_mucilaginosa_TFCN_17-291Y-1.cds.fa_09060	Rhodotorula_mucilaginosa_TFCN_17-291Y-1.cds.fa_11900	NaN	NaN	NaN	NaN	NaN	NaN	NaN	NaN	TFCN17291Y1_009179-T1	TFCN17291Y1_012077-T1
TFCN17291Y1_006849-T1__TFCN17291Y1_009790-T1	NaN	NaN	NaN	NaN	NaN	NaN	NaN	NaN	GF00000002	Rhodotorula_mucilaginosa_TFCN_17-291Y-1.cds.fa_06768	Rhodotorula_mucilaginosa_TFCN_17-291Y-1.cds.fa_09667	NaN	NaN	NaN	NaN	NaN	NaN	NaN	NaN	TFCN17291Y1_006849-T1	TFCN17291Y1_009790-T1
TFCN17291Y1_006345-T1__TFCN17291Y1_006849-T1	NaN	NaN	NaN	NaN	NaN	NaN	NaN	NaN	GF00000002	Rhodotorula_mucilaginosa_TFCN_17-291Y-1.cds.fa_06768	Rhodotorula_mucilaginosa_TFCN_17-291Y-1.cds.fa_06272	NaN	NaN	NaN	NaN	NaN	NaN	NaN	NaN	TFCN17291Y1_006849-T1	TFCN17291Y1_006345-T1
TFCN17291Y1_002908-T1__TFCN17291Y1_006849-T1	NaN	NaN	NaN	NaN	NaN	NaN	NaN	NaN	GF00000002	Rhodotorula_mucilaginosa_TFCN_17-291Y-1.cds.fa_06768	Rhodotorula_mucilaginosa_TFCN_17-291Y-1.cds.fa_02877	NaN	NaN	NaN	NaN	NaN	NaN	NaN	NaN	TFCN17291Y1_006849-T1	TFCN17291Y1_002908-T1
TFCN17291Y1_006849-T1__TFCN17291Y1_009197-T1	NaN	NaN	NaN	NaN	NaN	NaN	NaN	NaN	GF00000002	Rhodotorula_mucilaginosa_TFCN_17-291Y-1.cds.fa_06768	Rhodotorula_mucilaginosa_TFCN_17-291Y-1.cds.fa_09078	NaN	NaN	NaN	NaN	NaN	NaN	NaN	NaN	TFCN17291Y1_006849-T1	TFCN17291Y1_009197-T1
TFCN17291Y1_006849-T1__TFCN17291Y1_009051-T1	NaN	NaN	NaN	NaN	NaN	NaN	NaN	NaN	GF00000002	Rhodotorula_mucilaginosa_TFCN_17-291Y-1.cds.fa_06768	Rhodotorula_mucilaginosa_TFCN_17-291Y-1.cds.fa_08934	NaN	NaN	NaN	NaN	NaN	NaN	NaN	NaN	TFCN17291Y1_006849-T1	TFCN17291Y1_009051-T1
TFCN17291Y1_003298-T1__TFCN17291Y1_006849-T1	NaN	NaN	NaN	NaN	NaN	NaN	NaN	NaN	GF00000002	Rhodotorula_mucilaginosa_TFCN_17-291Y-1.cds.fa_06768	Rhodotorula_mucilaginosa_TFCN_17-291Y-1.cds.fa_03265	NaN	NaN	NaN	NaN	NaN	NaN	NaN	NaN	TFCN17291Y1_006849-T1	TFCN17291Y1_003298-T1
TFCN17291Y1_006849-T1__TFCN17291Y1_012074-T1	NaN	NaN	NaN	NaN	NaN	NaN	NaN	NaN	GF00000002	Rhodotorula_mucilaginosa_TFCN_17-291Y-1.cds.fa_06768	Rhodotorula_mucilaginosa_TFCN_17-291Y-1.cds.fa_11897	NaN	NaN	NaN	NaN	NaN	NaN	NaN	NaN	TFCN17291Y1_006849-T1	TFCN17291Y1_012074-T1
TFCN17291Y1_003296-T1__TFCN17291Y1_006849-T1	NaN	NaN	NaN	NaN	NaN	NaN	NaN	NaN	GF00000002	Rhodotorula_mucilaginosa_TFCN_17-291Y-1.cds.fa_06768	Rhodotorula_mucilaginosa_TFCN_17-291Y-1.cds.fa_03263	NaN	NaN	NaN	NaN	NaN	NaN	NaN	NaN	TFCN17291Y1_006849-T1	TFCN17291Y1_003296-T1
TFCN17291Y1_006849-T1__TFCN17291Y1_009778-T1	NaN	NaN	NaN	NaN	NaN	NaN	NaN	NaN	GF00000002	Rhodotorula_mucilaginosa_TFCN_17-291Y-1.cds.fa_06768	Rhodotorula_mucilaginosa_TFCN_17-291Y-1.cds.fa_09655	NaN	NaN	NaN	NaN	NaN	NaN	NaN	NaN	TFCN17291Y1_006849-T1	TFCN17291Y1_009778-T1
TFCN17291Y1_003297-T1__TFCN17291Y1_006849-T1	NaN	NaN	NaN	NaN	NaN	NaN	NaN	NaN	GF00000002	Rhodotorula_mucilaginosa_TFCN_17-291Y-1.cds.fa_06768	Rhodotorula_mucilaginosa_TFCN_17-291Y-1.cds.fa_03264	NaN	NaN	NaN	NaN	NaN	NaN	NaN	NaN	TFCN17291Y1_006849-T1	TFCN17291Y1_003297-T1
TFCN17291Y1_006849-T1__TFCN17291Y1_012076-T1	NaN	NaN	NaN	NaN	NaN	NaN	NaN	NaN	GF00000002	Rhodotorula_mucilaginosa_TFCN_17-291Y-1.cds.fa_06768	Rhodotorula_mucilaginosa_TFCN_17-291Y-1.cds.fa_11899	NaN	NaN	NaN	NaN	NaN	NaN	NaN	NaN	TFCN17291Y1_006849-T1	TFCN17291Y1_012076-T1
TFCN17291Y1_004736-T1__TFCN17291Y1_006849-T1	NaN	NaN	NaN	NaN	NaN	NaN	NaN	NaN	GF00000002	Rhodotorula_mucilaginosa_TFCN_17-291Y-1.cds.fa_06768	Rhodotorula_mucilaginosa_TFCN_17-291Y-1.cds.fa_04688	NaN	NaN	NaN	NaN	NaN	NaN	NaN	NaN	TFCN17291Y1_006849-T1	TFCN17291Y1_004736-T1
TFCN17291Y1_006849-T1__TFCN17291Y1_009052-T1	NaN	NaN	NaN	NaN	NaN	NaN	NaN	NaN	GF00000002	Rhodotorula_mucilaginosa_TFCN_17-291Y-1.cds.fa_06768	Rhodotorula_mucilaginosa_TFCN_17-291Y-1.cds.fa_08935	NaN	NaN	NaN	NaN	NaN	NaN	NaN	NaN	TFCN17291Y1_006849-T1	TFCN17291Y1_009052-T1
TFCN17291Y1_006849-T1__TFCN17291Y1_009181-T1	NaN	NaN	NaN	NaN	NaN	NaN	NaN	NaN	GF00000002	Rhodotorula_mucilaginosa_TFCN_17-291Y-1.cds.fa_06768	Rhodotorula_mucilaginosa_TFCN_17-291Y-1.cds.fa_09062	NaN	NaN	NaN	NaN	NaN	NaN	NaN	NaN	TFCN17291Y1_006849-T1	TFCN17291Y1_009181-T1
TFCN17291Y1_006849-T1__TFCN17291Y1_009198-T1	NaN	NaN	NaN	NaN	NaN	NaN	NaN	NaN	GF00000002	Rhodotorula_mucilaginosa_TFCN_17-291Y-1.cds.fa_06768	Rhodotorula_mucilaginosa_TFCN_17-291Y-1.cds.fa_09079	NaN	NaN	NaN	NaN	NaN	NaN	NaN	NaN	TFCN17291Y1_006849-T1	TFCN17291Y1_009198-T1
TFCN17291Y1_006849-T1__TFCN17291Y1_009180-T1	NaN	NaN	NaN	NaN	NaN	NaN	NaN	NaN	GF00000002	Rhodotorula_mucilaginosa_TFCN_17-291Y-1.cds.fa_06768	Rhodotorula_mucilaginosa_TFCN_17-291Y-1.cds.fa_09061	NaN	NaN	NaN	NaN	NaN	NaN	NaN	NaN	TFCN17291Y1_006849-T1	TFCN17291Y1_009180-T1
TFCN17291Y1_006849-T1__TFCN17291Y1_009199-T1	NaN	NaN	NaN	NaN	NaN	NaN	NaN	NaN	GF00000002	Rhodotorula_mucilaginosa_TFCN_17-291Y-1.cds.fa_06768	Rhodotorula_mucilaginosa_TFCN_17-291Y-1.cds.fa_09080	NaN	NaN	NaN	NaN	NaN	NaN	NaN	NaN	TFCN17291Y1_006849-T1	TFCN17291Y1_009199-T1
TFCN17291Y1_006849-T1__TFCN17291Y1_012075-T1	NaN	NaN	NaN	NaN	NaN	NaN	NaN	NaN	GF00000002	Rhodotorula_mucilaginosa_TFCN_17-291Y-1.cds.fa_06768	Rhodotorula_mucilaginosa_TFCN_17-291Y-1.cds.fa_11898	NaN	NaN	NaN	NaN	NaN	NaN	NaN	NaN	TFCN17291Y1_006849-T1	TFCN17291Y1_012075-T1
TFCN17291Y1_001370-T1__TFCN17291Y1_006849-T1	NaN	NaN	NaN	NaN	NaN	NaN	NaN	NaN	GF00000002	Rhodotorula_mucilaginosa_TFCN_17-291Y-1.cds.fa_06768	Rhodotorula_mucilaginosa_TFCN_17-291Y-1.cds.fa_01360	NaN	NaN	NaN	NaN	NaN	NaN	NaN	NaN	TFCN17291Y1_006849-T1	TFCN17291Y1_001370-T1
TFCN17291Y1_006849-T1__TFCN17291Y1_009200-T1	NaN	NaN	NaN	NaN	NaN	NaN	NaN	NaN	GF00000002	Rhodotorula_mucilaginosa_TFCN_17-291Y-1.cds.fa_06768	Rhodotorula_mucilaginosa_TFCN_17-291Y-1.cds.fa_09081	NaN	NaN	NaN	NaN	NaN	NaN	NaN	NaN	TFCN17291Y1_006849-T1	TFCN17291Y1_009200-T1
TFCN17291Y1_006849-T1__TFCN17291Y1_009439-T1	NaN	NaN	NaN	NaN	NaN	NaN	NaN	NaN	GF00000002	Rhodotorula_mucilaginosa_TFCN_17-291Y-1.cds.fa_06768	Rhodotorula_mucilaginosa_TFCN_17-291Y-1.cds.fa_09319	NaN	NaN	NaN	NaN	NaN	NaN	NaN	NaN	TFCN17291Y1_006849-T1	TFCN17291Y1_009439-T1
TFCN17291Y1_006849-T1__TFCN17291Y1_012078-T1	NaN	NaN	NaN	NaN	NaN	NaN	NaN	NaN	GF00000002	Rhodotorula_mucilaginosa_TFCN_17-291Y-1.cds.fa_06768	Rhodotorula_mucilaginosa_TFCN_17-291Y-1.cds.fa_11901	NaN	NaN	NaN	NaN	NaN	NaN	NaN	NaN	TFCN17291Y1_006849-T1	TFCN17291Y1_012078-T1
TFCN17291Y1_006849-T1__TFCN17291Y1_012077-T1	NaN	NaN	NaN	NaN	NaN	NaN	NaN	NaN	GF00000002	Rhodotorula_mucilaginosa_TFCN_17-291Y-1.cds.fa_06768	Rhodotorula_mucilaginosa_TFCN_17-291Y-1.cds.fa_11900	NaN	NaN	NaN	NaN	NaN	NaN	NaN	NaN	TFCN17291Y1_006849-T1	TFCN17291Y1_012077-T1
TFCN17291Y1_006345-T1__TFCN17291Y1_009790-T1	NaN	NaN	NaN	NaN	NaN	NaN	NaN	NaN	GF00000002	Rhodotorula_mucilaginosa_TFCN_17-291Y-1.cds.fa_09667	Rhodotorula_mucilaginosa_TFCN_17-291Y-1.cds.fa_06272	NaN	NaN	NaN	NaN	NaN	NaN	NaN	NaN	TFCN17291Y1_009790-T1	TFCN17291Y1_006345-T1
TFCN17291Y1_002908-T1__TFCN17291Y1_009790-T1	NaN	NaN	NaN	NaN	NaN	NaN	NaN	NaN	GF00000002	Rhodotorula_mucilaginosa_TFCN_17-291Y-1.cds.fa_09667	Rhodotorula_mucilaginosa_TFCN_17-291Y-1.cds.fa_02877	NaN	NaN	NaN	NaN	NaN	NaN	NaN	NaN	TFCN17291Y1_009790-T1	TFCN17291Y1_002908-T1
TFCN17291Y1_009197-T1__TFCN17291Y1_009790-T1	NaN	NaN	NaN	NaN	NaN	NaN	NaN	NaN	GF00000002	Rhodotorula_mucilaginosa_TFCN_17-291Y-1.cds.fa_09667	Rhodotorula_mucilaginosa_TFCN_17-291Y-1.cds.fa_09078	NaN	NaN	NaN	NaN	NaN	NaN	NaN	NaN	TFCN17291Y1_009790-T1	TFCN17291Y1_009197-T1
TFCN17291Y1_009051-T1__TFCN17291Y1_009790-T1	NaN	NaN	NaN	NaN	NaN	NaN	NaN	NaN	GF00000002	Rhodotorula_mucilaginosa_TFCN_17-291Y-1.cds.fa_09667	Rhodotorula_mucilaginosa_TFCN_17-291Y-1.cds.fa_08934	NaN	NaN	NaN	NaN	NaN	NaN	NaN	NaN	TFCN17291Y1_009790-T1	TFCN17291Y1_009051-T1
TFCN17291Y1_003298-T1__TFCN17291Y1_009790-T1	NaN	NaN	NaN	NaN	NaN	NaN	NaN	NaN	GF00000002	Rhodotorula_mucilaginosa_TFCN_17-291Y-1.cds.fa_09667	Rhodotorula_mucilaginosa_TFCN_17-291Y-1.cds.fa_03265	NaN	NaN	NaN	NaN	NaN	NaN	NaN	NaN	TFCN17291Y1_009790-T1	TFCN17291Y1_003298-T1
TFCN17291Y1_009790-T1__TFCN17291Y1_012074-T1	NaN	NaN	NaN	NaN	NaN	NaN	NaN	NaN	GF00000002	Rhodotorula_mucilaginosa_TFCN_17-291Y-1.cds.fa_09667	Rhodotorula_mucilaginosa_TFCN_17-291Y-1.cds.fa_11897	NaN	NaN	NaN	NaN	NaN	NaN	NaN	NaN	TFCN17291Y1_009790-T1	TFCN17291Y1_012074-T1
TFCN17291Y1_003296-T1__TFCN17291Y1_009790-T1	NaN	NaN	NaN	NaN	NaN	NaN	NaN	NaN	GF00000002	Rhodotorula_mucilaginosa_TFCN_17-291Y-1.cds.fa_09667	Rhodotorula_mucilaginosa_TFCN_17-291Y-1.cds.fa_03263	NaN	NaN	NaN	NaN	NaN	NaN	NaN	NaN	TFCN17291Y1_009790-T1	TFCN17291Y1_003296-T1
TFCN17291Y1_009778-T1__TFCN17291Y1_009790-T1	NaN	NaN	NaN	NaN	NaN	NaN	NaN	NaN	GF00000002	Rhodotorula_mucilaginosa_TFCN_17-291Y-1.cds.fa_09667	Rhodotorula_mucilaginosa_TFCN_17-291Y-1.cds.fa_09655	NaN	NaN	NaN	NaN	NaN	NaN	NaN	NaN	TFCN17291Y1_009790-T1	TFCN17291Y1_009778-T1
TFCN17291Y1_003297-T1__TFCN17291Y1_009790-T1	NaN	NaN	NaN	NaN	NaN	NaN	NaN	NaN	GF00000002	Rhodotorula_mucilaginosa_TFCN_17-291Y-1.cds.fa_09667	Rhodotorula_mucilaginosa_TFCN_17-291Y-1.cds.fa_03264	NaN	NaN	NaN	NaN	NaN	NaN	NaN	NaN	TFCN17291Y1_009790-T1	TFCN17291Y1_003297-T1
TFCN17291Y1_009790-T1__TFCN17291Y1_012076-T1	NaN	NaN	NaN	NaN	NaN	NaN	NaN	NaN	GF00000002	Rhodotorula_mucilaginosa_TFCN_17-291Y-1.cds.fa_09667	Rhodotorula_mucilaginosa_TFCN_17-291Y-1.cds.fa_11899	NaN	NaN	NaN	NaN	NaN	NaN	NaN	NaN	TFCN17291Y1_009790-T1	TFCN17291Y1_012076-T1
TFCN17291Y1_004736-T1__TFCN17291Y1_009790-T1	NaN	NaN	NaN	NaN	NaN	NaN	NaN	NaN	GF00000002	Rhodotorula_mucilaginosa_TFCN_17-291Y-1.cds.fa_09667	Rhodotorula_mucilaginosa_TFCN_17-291Y-1.cds.fa_04688	NaN	NaN	NaN	NaN	NaN	NaN	NaN	NaN	TFCN17291Y1_009790-T1	TFCN17291Y1_004736-T1
TFCN17291Y1_009052-T1__TFCN17291Y1_009790-T1	NaN	NaN	NaN	NaN	NaN	NaN	NaN	NaN	GF00000002	Rhodotorula_mucilaginosa_TFCN_17-291Y-1.cds.fa_09667	Rhodotorula_mucilaginosa_TFCN_17-291Y-1.cds.fa_08935	NaN	NaN	NaN	NaN	NaN	NaN	NaN	NaN	TFCN17291Y1_009790-T1	TFCN17291Y1_009052-T1
TFCN17291Y1_009181-T1__TFCN17291Y1_009790-T1	NaN	NaN	NaN	NaN	NaN	NaN	NaN	NaN	GF00000002	Rhodotorula_mucilaginosa_TFCN_17-291Y-1.cds.fa_09667	Rhodotorula_mucilaginosa_TFCN_17-291Y-1.cds.fa_09062	NaN	NaN	NaN	NaN	NaN	NaN	NaN	NaN	TFCN17291Y1_009790-T1	TFCN17291Y1_009181-T1
TFCN17291Y1_009198-T1__TFCN17291Y1_009790-T1	NaN	NaN	NaN	NaN	NaN	NaN	NaN	NaN	GF00000002	Rhodotorula_mucilaginosa_TFCN_17-291Y-1.cds.fa_09667	Rhodotorula_mucilaginosa_TFCN_17-291Y-1.cds.fa_09079	NaN	NaN	NaN	NaN	NaN	NaN	NaN	NaN	TFCN17291Y1_009790-T1	TFCN17291Y1_009198-T1
TFCN17291Y1_009180-T1__TFCN17291Y1_009790-T1	NaN	NaN	NaN	NaN	NaN	NaN	NaN	NaN	GF00000002	Rhodotorula_mucilaginosa_TFCN_17-291Y-1.cds.fa_09667	Rhodotorula_mucilaginosa_TFCN_17-291Y-1.cds.fa_09061	NaN	NaN	NaN	NaN	NaN	NaN	NaN	NaN	TFCN17291Y1_009790-T1	TFCN17291Y1_009180-T1
TFCN17291Y1_009199-T1__TFCN17291Y1_009790-T1	NaN	NaN	NaN	NaN	NaN	NaN	NaN	NaN	GF00000002	Rhodotorula_mucilaginosa_TFCN_17-291Y-1.cds.fa_09667	Rhodotorula_mucilaginosa_TFCN_17-291Y-1.cds.fa_09080	NaN	NaN	NaN	NaN	NaN	NaN	NaN	NaN	TFCN17291Y1_009790-T1	TFCN17291Y1_009199-T1
TFCN17291Y1_009790-T1__TFCN17291Y1_012075-T1	NaN	NaN	NaN	NaN	NaN	NaN	NaN	NaN	GF00000002	Rhodotorula_mucilaginosa_TFCN_17-291Y-1.cds.fa_09667	Rhodotorula_mucilaginosa_TFCN_17-291Y-1.cds.fa_11898	NaN	NaN	NaN	NaN	NaN	NaN	NaN	NaN	TFCN17291Y1_009790-T1	TFCN17291Y1_012075-T1
TFCN17291Y1_001370-T1__TFCN17291Y1_009790-T1	NaN	NaN	NaN	NaN	NaN	NaN	NaN	NaN	GF00000002	Rhodotorula_mucilaginosa_TFCN_17-291Y-1.cds.fa_09667	Rhodotorula_mucilaginosa_TFCN_17-291Y-1.cds.fa_01360	NaN	NaN	NaN	NaN	NaN	NaN	NaN	NaN	TFCN17291Y1_009790-T1	TFCN17291Y1_001370-T1
TFCN17291Y1_009200-T1__TFCN17291Y1_009790-T1	NaN	NaN	NaN	NaN	NaN	NaN	NaN	NaN	GF00000002	Rhodotorula_mucilaginosa_TFCN_17-291Y-1.cds.fa_09667	Rhodotorula_mucilaginosa_TFCN_17-291Y-1.cds.fa_09081	NaN	NaN	NaN	NaN	NaN	NaN	NaN	NaN	TFCN17291Y1_009790-T1	TFCN17291Y1_009200-T1
TFCN17291Y1_009439-T1__TFCN17291Y1_009790-T1	NaN	NaN	NaN	NaN	NaN	NaN	NaN	NaN	GF00000002	Rhodotorula_mucilaginosa_TFCN_17-291Y-1.cds.fa_09667	Rhodotorula_mucilaginosa_TFCN_17-291Y-1.cds.fa_09319	NaN	NaN	NaN	NaN	NaN	NaN	NaN	NaN	TFCN17291Y1_009790-T1	TFCN17291Y1_009439-T1
TFCN17291Y1_009790-T1__TFCN17291Y1_012078-T1	NaN	NaN	NaN	NaN	NaN	NaN	NaN	NaN	GF00000002	Rhodotorula_mucilaginosa_TFCN_17-291Y-1.cds.fa_09667	Rhodotorula_mucilaginosa_TFCN_17-291Y-1.cds.fa_11901	NaN	NaN	NaN	NaN	NaN	NaN	NaN	NaN	TFCN17291Y1_009790-T1	TFCN17291Y1_012078-T1
TFCN17291Y1_009790-T1__TFCN17291Y1_012077-T1	NaN	NaN	NaN	NaN	NaN	NaN	NaN	NaN	GF00000002	Rhodotorula_mucilaginosa_TFCN_17-291Y-1.cds.fa_09667	Rhodotorula_mucilaginosa_TFCN_17-291Y-1.cds.fa_11900	NaN	NaN	NaN	NaN	NaN	NaN	NaN	NaN	TFCN17291Y1_009790-T1	TFCN17291Y1_012077-T1
TFCN17291Y1_002908-T1__TFCN17291Y1_006345-T1	NaN	NaN	NaN	NaN	NaN	NaN	NaN	NaN	GF00000002	Rhodotorula_mucilaginosa_TFCN_17-291Y-1.cds.fa_06272	Rhodotorula_mucilaginosa_TFCN_17-291Y-1.cds.fa_02877	NaN	NaN	NaN	NaN	NaN	NaN	NaN	NaN	TFCN17291Y1_006345-T1	TFCN17291Y1_002908-T1
TFCN17291Y1_006345-T1__TFCN17291Y1_009197-T1	NaN	NaN	NaN	NaN	NaN	NaN	NaN	NaN	GF00000002	Rhodotorula_mucilaginosa_TFCN_17-291Y-1.cds.fa_06272	Rhodotorula_mucilaginosa_TFCN_17-291Y-1.cds.fa_09078	NaN	NaN	NaN	NaN	NaN	NaN	NaN	NaN	TFCN17291Y1_006345-T1	TFCN17291Y1_009197-T1
TFCN17291Y1_006345-T1__TFCN17291Y1_009051-T1	NaN	NaN	NaN	NaN	NaN	NaN	NaN	NaN	GF00000002	Rhodotorula_mucilaginosa_TFCN_17-291Y-1.cds.fa_06272	Rhodotorula_mucilaginosa_TFCN_17-291Y-1.cds.fa_08934	NaN	NaN	NaN	NaN	NaN	NaN	NaN	NaN	TFCN17291Y1_006345-T1	TFCN17291Y1_009051-T1
TFCN17291Y1_003298-T1__TFCN17291Y1_006345-T1	NaN	NaN	NaN	NaN	NaN	NaN	NaN	NaN	GF00000002	Rhodotorula_mucilaginosa_TFCN_17-291Y-1.cds.fa_06272	Rhodotorula_mucilaginosa_TFCN_17-291Y-1.cds.fa_03265	NaN	NaN	NaN	NaN	NaN	NaN	NaN	NaN	TFCN17291Y1_006345-T1	TFCN17291Y1_003298-T1
TFCN17291Y1_006345-T1__TFCN17291Y1_012074-T1	NaN	NaN	NaN	NaN	NaN	NaN	NaN	NaN	GF00000002	Rhodotorula_mucilaginosa_TFCN_17-291Y-1.cds.fa_06272	Rhodotorula_mucilaginosa_TFCN_17-291Y-1.cds.fa_11897	NaN	NaN	NaN	NaN	NaN	NaN	NaN	NaN	TFCN17291Y1_006345-T1	TFCN17291Y1_012074-T1
TFCN17291Y1_003296-T1__TFCN17291Y1_006345-T1	NaN	NaN	NaN	NaN	NaN	NaN	NaN	NaN	GF00000002	Rhodotorula_mucilaginosa_TFCN_17-291Y-1.cds.fa_06272	Rhodotorula_mucilaginosa_TFCN_17-291Y-1.cds.fa_03263	NaN	NaN	NaN	NaN	NaN	NaN	NaN	NaN	TFCN17291Y1_006345-T1	TFCN17291Y1_003296-T1
TFCN17291Y1_006345-T1__TFCN17291Y1_009778-T1	NaN	NaN	NaN	NaN	NaN	NaN	NaN	NaN	GF00000002	Rhodotorula_mucilaginosa_TFCN_17-291Y-1.cds.fa_06272	Rhodotorula_mucilaginosa_TFCN_17-291Y-1.cds.fa_09655	NaN	NaN	NaN	NaN	NaN	NaN	NaN	NaN	TFCN17291Y1_006345-T1	TFCN17291Y1_009778-T1
TFCN17291Y1_003297-T1__TFCN17291Y1_006345-T1	NaN	NaN	NaN	NaN	NaN	NaN	NaN	NaN	GF00000002	Rhodotorula_mucilaginosa_TFCN_17-291Y-1.cds.fa_06272	Rhodotorula_mucilaginosa_TFCN_17-291Y-1.cds.fa_03264	NaN	NaN	NaN	NaN	NaN	NaN	NaN	NaN	TFCN17291Y1_006345-T1	TFCN17291Y1_003297-T1
TFCN17291Y1_006345-T1__TFCN17291Y1_012076-T1	NaN	NaN	NaN	NaN	NaN	NaN	NaN	NaN	GF00000002	Rhodotorula_mucilaginosa_TFCN_17-291Y-1.cds.fa_06272	Rhodotorula_mucilaginosa_TFCN_17-291Y-1.cds.fa_11899	NaN	NaN	NaN	NaN	NaN	NaN	NaN	NaN	TFCN17291Y1_006345-T1	TFCN17291Y1_012076-T1
TFCN17291Y1_004736-T1__TFCN17291Y1_006345-T1	NaN	NaN	NaN	NaN	NaN	NaN	NaN	NaN	GF00000002	Rhodotorula_mucilaginosa_TFCN_17-291Y-1.cds.fa_06272	Rhodotorula_mucilaginosa_TFCN_17-291Y-1.cds.fa_04688	NaN	NaN	NaN	NaN	NaN	NaN	NaN	NaN	TFCN17291Y1_006345-T1	TFCN17291Y1_004736-T1
TFCN17291Y1_006345-T1__TFCN17291Y1_009052-T1	NaN	NaN	NaN	NaN	NaN	NaN	NaN	NaN	GF00000002	Rhodotorula_mucilaginosa_TFCN_17-291Y-1.cds.fa_06272	Rhodotorula_mucilaginosa_TFCN_17-291Y-1.cds.fa_08935	NaN	NaN	NaN	NaN	NaN	NaN	NaN	NaN	TFCN17291Y1_006345-T1	TFCN17291Y1_009052-T1
TFCN17291Y1_006345-T1__TFCN17291Y1_009181-T1	NaN	NaN	NaN	NaN	NaN	NaN	NaN	NaN	GF00000002	Rhodotorula_mucilaginosa_TFCN_17-291Y-1.cds.fa_06272	Rhodotorula_mucilaginosa_TFCN_17-291Y-1.cds.fa_09062	NaN	NaN	NaN	NaN	NaN	NaN	NaN	NaN	TFCN17291Y1_006345-T1	TFCN17291Y1_009181-T1
TFCN17291Y1_006345-T1__TFCN17291Y1_009198-T1	NaN	NaN	NaN	NaN	NaN	NaN	NaN	NaN	GF00000002	Rhodotorula_mucilaginosa_TFCN_17-291Y-1.cds.fa_06272	Rhodotorula_mucilaginosa_TFCN_17-291Y-1.cds.fa_09079	NaN	NaN	NaN	NaN	NaN	NaN	NaN	NaN	TFCN17291Y1_006345-T1	TFCN17291Y1_009198-T1
TFCN17291Y1_006345-T1__TFCN17291Y1_009180-T1	NaN	NaN	NaN	NaN	NaN	NaN	NaN	NaN	GF00000002	Rhodotorula_mucilaginosa_TFCN_17-291Y-1.cds.fa_06272	Rhodotorula_mucilaginosa_TFCN_17-291Y-1.cds.fa_09061	NaN	NaN	NaN	NaN	NaN	NaN	NaN	NaN	TFCN17291Y1_006345-T1	TFCN17291Y1_009180-T1
TFCN17291Y1_006345-T1__TFCN17291Y1_009199-T1	NaN	NaN	NaN	NaN	NaN	NaN	NaN	NaN	GF00000002	Rhodotorula_mucilaginosa_TFCN_17-291Y-1.cds.fa_06272	Rhodotorula_mucilaginosa_TFCN_17-291Y-1.cds.fa_09080	NaN	NaN	NaN	NaN	NaN	NaN	NaN	NaN	TFCN17291Y1_006345-T1	TFCN17291Y1_009199-T1
TFCN17291Y1_006345-T1__TFCN17291Y1_012075-T1	NaN	NaN	NaN	NaN	NaN	NaN	NaN	NaN	GF00000002	Rhodotorula_mucilaginosa_TFCN_17-291Y-1.cds.fa_06272	Rhodotorula_mucilaginosa_TFCN_17-291Y-1.cds.fa_11898	NaN	NaN	NaN	NaN	NaN	NaN	NaN	NaN	TFCN17291Y1_006345-T1	TFCN17291Y1_012075-T1
TFCN17291Y1_001370-T1__TFCN17291Y1_006345-T1	NaN	NaN	NaN	NaN	NaN	NaN	NaN	NaN	GF00000002	Rhodotorula_mucilaginosa_TFCN_17-291Y-1.cds.fa_06272	Rhodotorula_mucilaginosa_TFCN_17-291Y-1.cds.fa_01360	NaN	NaN	NaN	NaN	NaN	NaN	NaN	NaN	TFCN17291Y1_006345-T1	TFCN17291Y1_001370-T1
TFCN17291Y1_006345-T1__TFCN17291Y1_009200-T1	NaN	NaN	NaN	NaN	NaN	NaN	NaN	NaN	GF00000002	Rhodotorula_mucilaginosa_TFCN_17-291Y-1.cds.fa_06272	Rhodotorula_mucilaginosa_TFCN_17-291Y-1.cds.fa_09081	NaN	NaN	NaN	NaN	NaN	NaN	NaN	NaN	TFCN17291Y1_006345-T1	TFCN17291Y1_009200-T1
TFCN17291Y1_006345-T1__TFCN17291Y1_009439-T1	NaN	NaN	NaN	NaN	NaN	NaN	NaN	NaN	GF00000002	Rhodotorula_mucilaginosa_TFCN_17-291Y-1.cds.fa_06272	Rhodotorula_mucilaginosa_TFCN_17-291Y-1.cds.fa_09319	NaN	NaN	NaN	NaN	NaN	NaN	NaN	NaN	TFCN17291Y1_006345-T1	TFCN17291Y1_009439-T1
TFCN17291Y1_006345-T1__TFCN17291Y1_012078-T1	NaN	NaN	NaN	NaN	NaN	NaN	NaN	NaN	GF00000002	Rhodotorula_mucilaginosa_TFCN_17-291Y-1.cds.fa_06272	Rhodotorula_mucilaginosa_TFCN_17-291Y-1.cds.fa_11901	NaN	NaN	NaN	NaN	NaN	NaN	NaN	NaN	TFCN17291Y1_006345-T1	TFCN17291Y1_012078-T1
TFCN17291Y1_006345-T1__TFCN17291Y1_012077-T1	NaN	NaN	NaN	NaN	NaN	NaN	NaN	NaN	GF00000002	Rhodotorula_mucilaginosa_TFCN_17-291Y-1.cds.fa_06272	Rhodotorula_mucilaginosa_TFCN_17-291Y-1.cds.fa_11900	NaN	NaN	NaN	NaN	NaN	NaN	NaN	NaN	TFCN17291Y1_006345-T1	TFCN17291Y1_012077-T1
TFCN17291Y1_002908-T1__TFCN17291Y1_009197-T1	NaN	NaN	NaN	NaN	NaN	NaN	NaN	NaN	GF00000002	Rhodotorula_mucilaginosa_TFCN_17-291Y-1.cds.fa_02877	Rhodotorula_mucilaginosa_TFCN_17-291Y-1.cds.fa_09078	NaN	NaN	NaN	NaN	NaN	NaN	NaN	NaN	TFCN17291Y1_002908-T1	TFCN17291Y1_009197-T1
TFCN17291Y1_002908-T1__TFCN17291Y1_009051-T1	NaN	NaN	NaN	NaN	NaN	NaN	NaN	NaN	GF00000002	Rhodotorula_mucilaginosa_TFCN_17-291Y-1.cds.fa_02877	Rhodotorula_mucilaginosa_TFCN_17-291Y-1.cds.fa_08934	NaN	NaN	NaN	NaN	NaN	NaN	NaN	NaN	TFCN17291Y1_002908-T1	TFCN17291Y1_009051-T1
TFCN17291Y1_002908-T1__TFCN17291Y1_003298-T1	NaN	NaN	NaN	NaN	NaN	NaN	NaN	NaN	GF00000002	Rhodotorula_mucilaginosa_TFCN_17-291Y-1.cds.fa_02877	Rhodotorula_mucilaginosa_TFCN_17-291Y-1.cds.fa_03265	NaN	NaN	NaN	NaN	NaN	NaN	NaN	NaN	TFCN17291Y1_002908-T1	TFCN17291Y1_003298-T1
TFCN17291Y1_002908-T1__TFCN17291Y1_012074-T1	NaN	NaN	NaN	NaN	NaN	NaN	NaN	NaN	GF00000002	Rhodotorula_mucilaginosa_TFCN_17-291Y-1.cds.fa_02877	Rhodotorula_mucilaginosa_TFCN_17-291Y-1.cds.fa_11897	NaN	NaN	NaN	NaN	NaN	NaN	NaN	NaN	TFCN17291Y1_002908-T1	TFCN17291Y1_012074-T1
TFCN17291Y1_002908-T1__TFCN17291Y1_003296-T1	NaN	NaN	NaN	NaN	NaN	NaN	NaN	NaN	GF00000002	Rhodotorula_mucilaginosa_TFCN_17-291Y-1.cds.fa_02877	Rhodotorula_mucilaginosa_TFCN_17-291Y-1.cds.fa_03263	NaN	NaN	NaN	NaN	NaN	NaN	NaN	NaN	TFCN17291Y1_002908-T1	TFCN17291Y1_003296-T1
TFCN17291Y1_002908-T1__TFCN17291Y1_009778-T1	NaN	NaN	NaN	NaN	NaN	NaN	NaN	NaN	GF00000002	Rhodotorula_mucilaginosa_TFCN_17-291Y-1.cds.fa_02877	Rhodotorula_mucilaginosa_TFCN_17-291Y-1.cds.fa_09655	NaN	NaN	NaN	NaN	NaN	NaN	NaN	NaN	TFCN17291Y1_002908-T1	TFCN17291Y1_009778-T1
TFCN17291Y1_002908-T1__TFCN17291Y1_003297-T1	NaN	NaN	NaN	NaN	NaN	NaN	NaN	NaN	GF00000002	Rhodotorula_mucilaginosa_TFCN_17-291Y-1.cds.fa_02877	Rhodotorula_mucilaginosa_TFCN_17-291Y-1.cds.fa_03264	NaN	NaN	NaN	NaN	NaN	NaN	NaN	NaN	TFCN17291Y1_002908-T1	TFCN17291Y1_003297-T1
TFCN17291Y1_002908-T1__TFCN17291Y1_012076-T1	NaN	NaN	NaN	NaN	NaN	NaN	NaN	NaN	GF00000002	Rhodotorula_mucilaginosa_TFCN_17-291Y-1.cds.fa_02877	Rhodotorula_mucilaginosa_TFCN_17-291Y-1.cds.fa_11899	NaN	NaN	NaN	NaN	NaN	NaN	NaN	NaN	TFCN17291Y1_002908-T1	TFCN17291Y1_012076-T1
TFCN17291Y1_002908-T1__TFCN17291Y1_004736-T1	NaN	NaN	NaN	NaN	NaN	NaN	NaN	NaN	GF00000002	Rhodotorula_mucilaginosa_TFCN_17-291Y-1.cds.fa_02877	Rhodotorula_mucilaginosa_TFCN_17-291Y-1.cds.fa_04688	NaN	NaN	NaN	NaN	NaN	NaN	NaN	NaN	TFCN17291Y1_002908-T1	TFCN17291Y1_004736-T1
TFCN17291Y1_002908-T1__TFCN17291Y1_009052-T1	NaN	NaN	NaN	NaN	NaN	NaN	NaN	NaN	GF00000002	Rhodotorula_mucilaginosa_TFCN_17-291Y-1.cds.fa_02877	Rhodotorula_mucilaginosa_TFCN_17-291Y-1.cds.fa_08935	NaN	NaN	NaN	NaN	NaN	NaN	NaN	NaN	TFCN17291Y1_002908-T1	TFCN17291Y1_009052-T1
TFCN17291Y1_002908-T1__TFCN17291Y1_009181-T1	NaN	NaN	NaN	NaN	NaN	NaN	NaN	NaN	GF00000002	Rhodotorula_mucilaginosa_TFCN_17-291Y-1.cds.fa_02877	Rhodotorula_mucilaginosa_TFCN_17-291Y-1.cds.fa_09062	NaN	NaN	NaN	NaN	NaN	NaN	NaN	NaN	TFCN17291Y1_002908-T1	TFCN17291Y1_009181-T1
TFCN17291Y1_002908-T1__TFCN17291Y1_009198-T1	NaN	NaN	NaN	NaN	NaN	NaN	NaN	NaN	GF00000002	Rhodotorula_mucilaginosa_TFCN_17-291Y-1.cds.fa_02877	Rhodotorula_mucilaginosa_TFCN_17-291Y-1.cds.fa_09079	NaN	NaN	NaN	NaN	NaN	NaN	NaN	NaN	TFCN17291Y1_002908-T1	TFCN17291Y1_009198-T1
TFCN17291Y1_002908-T1__TFCN17291Y1_009180-T1	NaN	NaN	NaN	NaN	NaN	NaN	NaN	NaN	GF00000002	Rhodotorula_mucilaginosa_TFCN_17-291Y-1.cds.fa_02877	Rhodotorula_mucilaginosa_TFCN_17-291Y-1.cds.fa_09061	NaN	NaN	NaN	NaN	NaN	NaN	NaN	NaN	TFCN17291Y1_002908-T1	TFCN17291Y1_009180-T1
TFCN17291Y1_002908-T1__TFCN17291Y1_009199-T1	NaN	NaN	NaN	NaN	NaN	NaN	NaN	NaN	GF00000002	Rhodotorula_mucilaginosa_TFCN_17-291Y-1.cds.fa_02877	Rhodotorula_mucilaginosa_TFCN_17-291Y-1.cds.fa_09080	NaN	NaN	NaN	NaN	NaN	NaN	NaN	NaN	TFCN17291Y1_002908-T1	TFCN17291Y1_009199-T1
TFCN17291Y1_002908-T1__TFCN17291Y1_012075-T1	NaN	NaN	NaN	NaN	NaN	NaN	NaN	NaN	GF00000002	Rhodotorula_mucilaginosa_TFCN_17-291Y-1.cds.fa_02877	Rhodotorula_mucilaginosa_TFCN_17-291Y-1.cds.fa_11898	NaN	NaN	NaN	NaN	NaN	NaN	NaN	NaN	TFCN17291Y1_002908-T1	TFCN17291Y1_012075-T1
TFCN17291Y1_001370-T1__TFCN17291Y1_002908-T1	NaN	NaN	NaN	NaN	NaN	NaN	NaN	NaN	GF00000002	Rhodotorula_mucilaginosa_TFCN_17-291Y-1.cds.fa_02877	Rhodotorula_mucilaginosa_TFCN_17-291Y-1.cds.fa_01360	NaN	NaN	NaN	NaN	NaN	NaN	NaN	NaN	TFCN17291Y1_002908-T1	TFCN17291Y1_001370-T1
TFCN17291Y1_002908-T1__TFCN17291Y1_009200-T1	NaN	NaN	NaN	NaN	NaN	NaN	NaN	NaN	GF00000002	Rhodotorula_mucilaginosa_TFCN_17-291Y-1.cds.fa_02877	Rhodotorula_mucilaginosa_TFCN_17-291Y-1.cds.fa_09081	NaN	NaN	NaN	NaN	NaN	NaN	NaN	NaN	TFCN17291Y1_002908-T1	TFCN17291Y1_009200-T1
TFCN17291Y1_002908-T1__TFCN17291Y1_009439-T1	NaN	NaN	NaN	NaN	NaN	NaN	NaN	NaN	GF00000002	Rhodotorula_mucilaginosa_TFCN_17-291Y-1.cds.fa_02877	Rhodotorula_mucilaginosa_TFCN_17-291Y-1.cds.fa_09319	NaN	NaN	NaN	NaN	NaN	NaN	NaN	NaN	TFCN17291Y1_002908-T1	TFCN17291Y1_009439-T1
TFCN17291Y1_002908-T1__TFCN17291Y1_012078-T1	NaN	NaN	NaN	NaN	NaN	NaN	NaN	NaN	GF00000002	Rhodotorula_mucilaginosa_TFCN_17-291Y-1.cds.fa_02877	Rhodotorula_mucilaginosa_TFCN_17-291Y-1.cds.fa_11901	NaN	NaN	NaN	NaN	NaN	NaN	NaN	NaN	TFCN17291Y1_002908-T1	TFCN17291Y1_012078-T1
TFCN17291Y1_002908-T1__TFCN17291Y1_012077-T1	NaN	NaN	NaN	NaN	NaN	NaN	NaN	NaN	GF00000002	Rhodotorula_mucilaginosa_TFCN_17-291Y-1.cds.fa_02877	Rhodotorula_mucilaginosa_TFCN_17-291Y-1.cds.fa_11900	NaN	NaN	NaN	NaN	NaN	NaN	NaN	NaN	TFCN17291Y1_002908-T1	TFCN17291Y1_012077-T1
TFCN17291Y1_009051-T1__TFCN17291Y1_009197-T1	NaN	NaN	NaN	NaN	NaN	NaN	NaN	NaN	GF00000002	Rhodotorula_mucilaginosa_TFCN_17-291Y-1.cds.fa_09078	Rhodotorula_mucilaginosa_TFCN_17-291Y-1.cds.fa_08934	NaN	NaN	NaN	NaN	NaN	NaN	NaN	NaN	TFCN17291Y1_009197-T1	TFCN17291Y1_009051-T1
TFCN17291Y1_003298-T1__TFCN17291Y1_009197-T1	NaN	NaN	NaN	NaN	NaN	NaN	NaN	NaN	GF00000002	Rhodotorula_mucilaginosa_TFCN_17-291Y-1.cds.fa_09078	Rhodotorula_mucilaginosa_TFCN_17-291Y-1.cds.fa_03265	NaN	NaN	NaN	NaN	NaN	NaN	NaN	NaN	TFCN17291Y1_009197-T1	TFCN17291Y1_003298-T1
TFCN17291Y1_009197-T1__TFCN17291Y1_012074-T1	NaN	NaN	NaN	NaN	NaN	NaN	NaN	NaN	GF00000002	Rhodotorula_mucilaginosa_TFCN_17-291Y-1.cds.fa_09078	Rhodotorula_mucilaginosa_TFCN_17-291Y-1.cds.fa_11897	NaN	NaN	NaN	NaN	NaN	NaN	NaN	NaN	TFCN17291Y1_009197-T1	TFCN17291Y1_012074-T1
TFCN17291Y1_003296-T1__TFCN17291Y1_009197-T1	NaN	NaN	NaN	NaN	NaN	NaN	NaN	NaN	GF00000002	Rhodotorula_mucilaginosa_TFCN_17-291Y-1.cds.fa_09078	Rhodotorula_mucilaginosa_TFCN_17-291Y-1.cds.fa_03263	NaN	NaN	NaN	NaN	NaN	NaN	NaN	NaN	TFCN17291Y1_009197-T1	TFCN17291Y1_003296-T1
TFCN17291Y1_009197-T1__TFCN17291Y1_009778-T1	NaN	NaN	NaN	NaN	NaN	NaN	NaN	NaN	GF00000002	Rhodotorula_mucilaginosa_TFCN_17-291Y-1.cds.fa_09078	Rhodotorula_mucilaginosa_TFCN_17-291Y-1.cds.fa_09655	NaN	NaN	NaN	NaN	NaN	NaN	NaN	NaN	TFCN17291Y1_009197-T1	TFCN17291Y1_009778-T1
TFCN17291Y1_003297-T1__TFCN17291Y1_009197-T1	NaN	NaN	NaN	NaN	NaN	NaN	NaN	NaN	GF00000002	Rhodotorula_mucilaginosa_TFCN_17-291Y-1.cds.fa_09078	Rhodotorula_mucilaginosa_TFCN_17-291Y-1.cds.fa_03264	NaN	NaN	NaN	NaN	NaN	NaN	NaN	NaN	TFCN17291Y1_009197-T1	TFCN17291Y1_003297-T1
TFCN17291Y1_009197-T1__TFCN17291Y1_012076-T1	NaN	NaN	NaN	NaN	NaN	NaN	NaN	NaN	GF00000002	Rhodotorula_mucilaginosa_TFCN_17-291Y-1.cds.fa_09078	Rhodotorula_mucilaginosa_TFCN_17-291Y-1.cds.fa_11899	NaN	NaN	NaN	NaN	NaN	NaN	NaN	NaN	TFCN17291Y1_009197-T1	TFCN17291Y1_012076-T1
TFCN17291Y1_004736-T1__TFCN17291Y1_009197-T1	NaN	NaN	NaN	NaN	NaN	NaN	NaN	NaN	GF00000002	Rhodotorula_mucilaginosa_TFCN_17-291Y-1.cds.fa_09078	Rhodotorula_mucilaginosa_TFCN_17-291Y-1.cds.fa_04688	NaN	NaN	NaN	NaN	NaN	NaN	NaN	NaN	TFCN17291Y1_009197-T1	TFCN17291Y1_004736-T1
TFCN17291Y1_009052-T1__TFCN17291Y1_009197-T1	NaN	NaN	NaN	NaN	NaN	NaN	NaN	NaN	GF00000002	Rhodotorula_mucilaginosa_TFCN_17-291Y-1.cds.fa_09078	Rhodotorula_mucilaginosa_TFCN_17-291Y-1.cds.fa_08935	NaN	NaN	NaN	NaN	NaN	NaN	NaN	NaN	TFCN17291Y1_009197-T1	TFCN17291Y1_009052-T1
TFCN17291Y1_009181-T1__TFCN17291Y1_009197-T1	NaN	NaN	NaN	NaN	NaN	NaN	NaN	NaN	GF00000002	Rhodotorula_mucilaginosa_TFCN_17-291Y-1.cds.fa_09078	Rhodotorula_mucilaginosa_TFCN_17-291Y-1.cds.fa_09062	NaN	NaN	NaN	NaN	NaN	NaN	NaN	NaN	TFCN17291Y1_009197-T1	TFCN17291Y1_009181-T1
TFCN17291Y1_009197-T1__TFCN17291Y1_009198-T1	NaN	NaN	NaN	NaN	NaN	NaN	NaN	NaN	GF00000002	Rhodotorula_mucilaginosa_TFCN_17-291Y-1.cds.fa_09078	Rhodotorula_mucilaginosa_TFCN_17-291Y-1.cds.fa_09079	NaN	NaN	NaN	NaN	NaN	NaN	NaN	NaN	TFCN17291Y1_009197-T1	TFCN17291Y1_009198-T1
TFCN17291Y1_009180-T1__TFCN17291Y1_009197-T1	NaN	NaN	NaN	NaN	NaN	NaN	NaN	NaN	GF00000002	Rhodotorula_mucilaginosa_TFCN_17-291Y-1.cds.fa_09078	Rhodotorula_mucilaginosa_TFCN_17-291Y-1.cds.fa_09061	NaN	NaN	NaN	NaN	NaN	NaN	NaN	NaN	TFCN17291Y1_009197-T1	TFCN17291Y1_009180-T1
TFCN17291Y1_009197-T1__TFCN17291Y1_009199-T1	NaN	NaN	NaN	NaN	NaN	NaN	NaN	NaN	GF00000002	Rhodotorula_mucilaginosa_TFCN_17-291Y-1.cds.fa_09078	Rhodotorula_mucilaginosa_TFCN_17-291Y-1.cds.fa_09080	NaN	NaN	NaN	NaN	NaN	NaN	NaN	NaN	TFCN17291Y1_009197-T1	TFCN17291Y1_009199-T1
TFCN17291Y1_009197-T1__TFCN17291Y1_012075-T1	NaN	NaN	NaN	NaN	NaN	NaN	NaN	NaN	GF00000002	Rhodotorula_mucilaginosa_TFCN_17-291Y-1.cds.fa_09078	Rhodotorula_mucilaginosa_TFCN_17-291Y-1.cds.fa_11898	NaN	NaN	NaN	NaN	NaN	NaN	NaN	NaN	TFCN17291Y1_009197-T1	TFCN17291Y1_012075-T1
TFCN17291Y1_001370-T1__TFCN17291Y1_009197-T1	NaN	NaN	NaN	NaN	NaN	NaN	NaN	NaN	GF00000002	Rhodotorula_mucilaginosa_TFCN_17-291Y-1.cds.fa_09078	Rhodotorula_mucilaginosa_TFCN_17-291Y-1.cds.fa_01360	NaN	NaN	NaN	NaN	NaN	NaN	NaN	NaN	TFCN17291Y1_009197-T1	TFCN17291Y1_001370-T1
TFCN17291Y1_009197-T1__TFCN17291Y1_009200-T1	NaN	NaN	NaN	NaN	NaN	NaN	NaN	NaN	GF00000002	Rhodotorula_mucilaginosa_TFCN_17-291Y-1.cds.fa_09078	Rhodotorula_mucilaginosa_TFCN_17-291Y-1.cds.fa_09081	NaN	NaN	NaN	NaN	NaN	NaN	NaN	NaN	TFCN17291Y1_009197-T1	TFCN17291Y1_009200-T1
TFCN17291Y1_009197-T1__TFCN17291Y1_009439-T1	NaN	NaN	NaN	NaN	NaN	NaN	NaN	NaN	GF00000002	Rhodotorula_mucilaginosa_TFCN_17-291Y-1.cds.fa_09078	Rhodotorula_mucilaginosa_TFCN_17-291Y-1.cds.fa_09319	NaN	NaN	NaN	NaN	NaN	NaN	NaN	NaN	TFCN17291Y1_009197-T1	TFCN17291Y1_009439-T1
TFCN17291Y1_009197-T1__TFCN17291Y1_012078-T1	NaN	NaN	NaN	NaN	NaN	NaN	NaN	NaN	GF00000002	Rhodotorula_mucilaginosa_TFCN_17-291Y-1.cds.fa_09078	Rhodotorula_mucilaginosa_TFCN_17-291Y-1.cds.fa_11901	NaN	NaN	NaN	NaN	NaN	NaN	NaN	NaN	TFCN17291Y1_009197-T1	TFCN17291Y1_012078-T1
TFCN17291Y1_009197-T1__TFCN17291Y1_012077-T1	NaN	NaN	NaN	NaN	NaN	NaN	NaN	NaN	GF00000002	Rhodotorula_mucilaginosa_TFCN_17-291Y-1.cds.fa_09078	Rhodotorula_mucilaginosa_TFCN_17-291Y-1.cds.fa_11900	NaN	NaN	NaN	NaN	NaN	NaN	NaN	NaN	TFCN17291Y1_009197-T1	TFCN17291Y1_012077-T1
TFCN17291Y1_003298-T1__TFCN17291Y1_009051-T1	NaN	NaN	NaN	NaN	NaN	NaN	NaN	NaN	GF00000002	Rhodotorula_mucilaginosa_TFCN_17-291Y-1.cds.fa_08934	Rhodotorula_mucilaginosa_TFCN_17-291Y-1.cds.fa_03265	NaN	NaN	NaN	NaN	NaN	NaN	NaN	NaN	TFCN17291Y1_009051-T1	TFCN17291Y1_003298-T1
TFCN17291Y1_009051-T1__TFCN17291Y1_012074-T1	NaN	NaN	NaN	NaN	NaN	NaN	NaN	NaN	GF00000002	Rhodotorula_mucilaginosa_TFCN_17-291Y-1.cds.fa_08934	Rhodotorula_mucilaginosa_TFCN_17-291Y-1.cds.fa_11897	NaN	NaN	NaN	NaN	NaN	NaN	NaN	NaN	TFCN17291Y1_009051-T1	TFCN17291Y1_012074-T1
TFCN17291Y1_003296-T1__TFCN17291Y1_009051-T1	NaN	NaN	NaN	NaN	NaN	NaN	NaN	NaN	GF00000002	Rhodotorula_mucilaginosa_TFCN_17-291Y-1.cds.fa_08934	Rhodotorula_mucilaginosa_TFCN_17-291Y-1.cds.fa_03263	NaN	NaN	NaN	NaN	NaN	NaN	NaN	NaN	TFCN17291Y1_009051-T1	TFCN17291Y1_003296-T1
TFCN17291Y1_009051-T1__TFCN17291Y1_009778-T1	NaN	NaN	NaN	NaN	NaN	NaN	NaN	NaN	GF00000002	Rhodotorula_mucilaginosa_TFCN_17-291Y-1.cds.fa_08934	Rhodotorula_mucilaginosa_TFCN_17-291Y-1.cds.fa_09655	NaN	NaN	NaN	NaN	NaN	NaN	NaN	NaN	TFCN17291Y1_009051-T1	TFCN17291Y1_009778-T1
TFCN17291Y1_003297-T1__TFCN17291Y1_009051-T1	NaN	NaN	NaN	NaN	NaN	NaN	NaN	NaN	GF00000002	Rhodotorula_mucilaginosa_TFCN_17-291Y-1.cds.fa_08934	Rhodotorula_mucilaginosa_TFCN_17-291Y-1.cds.fa_03264	NaN	NaN	NaN	NaN	NaN	NaN	NaN	NaN	TFCN17291Y1_009051-T1	TFCN17291Y1_003297-T1
TFCN17291Y1_009051-T1__TFCN17291Y1_012076-T1	NaN	NaN	NaN	NaN	NaN	NaN	NaN	NaN	GF00000002	Rhodotorula_mucilaginosa_TFCN_17-291Y-1.cds.fa_08934	Rhodotorula_mucilaginosa_TFCN_17-291Y-1.cds.fa_11899	NaN	NaN	NaN	NaN	NaN	NaN	NaN	NaN	TFCN17291Y1_009051-T1	TFCN17291Y1_012076-T1
TFCN17291Y1_004736-T1__TFCN17291Y1_009051-T1	NaN	NaN	NaN	NaN	NaN	NaN	NaN	NaN	GF00000002	Rhodotorula_mucilaginosa_TFCN_17-291Y-1.cds.fa_08934	Rhodotorula_mucilaginosa_TFCN_17-291Y-1.cds.fa_04688	NaN	NaN	NaN	NaN	NaN	NaN	NaN	NaN	TFCN17291Y1_009051-T1	TFCN17291Y1_004736-T1
TFCN17291Y1_009051-T1__TFCN17291Y1_009052-T1	NaN	NaN	NaN	NaN	NaN	NaN	NaN	NaN	GF00000002	Rhodotorula_mucilaginosa_TFCN_17-291Y-1.cds.fa_08934	Rhodotorula_mucilaginosa_TFCN_17-291Y-1.cds.fa_08935	NaN	NaN	NaN	NaN	NaN	NaN	NaN	NaN	TFCN17291Y1_009051-T1	TFCN17291Y1_009052-T1
TFCN17291Y1_009051-T1__TFCN17291Y1_009181-T1	NaN	NaN	NaN	NaN	NaN	NaN	NaN	NaN	GF00000002	Rhodotorula_mucilaginosa_TFCN_17-291Y-1.cds.fa_08934	Rhodotorula_mucilaginosa_TFCN_17-291Y-1.cds.fa_09062	NaN	NaN	NaN	NaN	NaN	NaN	NaN	NaN	TFCN17291Y1_009051-T1	TFCN17291Y1_009181-T1
TFCN17291Y1_009051-T1__TFCN17291Y1_009198-T1	NaN	NaN	NaN	NaN	NaN	NaN	NaN	NaN	GF00000002	Rhodotorula_mucilaginosa_TFCN_17-291Y-1.cds.fa_08934	Rhodotorula_mucilaginosa_TFCN_17-291Y-1.cds.fa_09079	NaN	NaN	NaN	NaN	NaN	NaN	NaN	NaN	TFCN17291Y1_009051-T1	TFCN17291Y1_009198-T1
TFCN17291Y1_009051-T1__TFCN17291Y1_009180-T1	NaN	NaN	NaN	NaN	NaN	NaN	NaN	NaN	GF00000002	Rhodotorula_mucilaginosa_TFCN_17-291Y-1.cds.fa_08934	Rhodotorula_mucilaginosa_TFCN_17-291Y-1.cds.fa_09061	NaN	NaN	NaN	NaN	NaN	NaN	NaN	NaN	TFCN17291Y1_009051-T1	TFCN17291Y1_009180-T1
TFCN17291Y1_009051-T1__TFCN17291Y1_009199-T1	NaN	NaN	NaN	NaN	NaN	NaN	NaN	NaN	GF00000002	Rhodotorula_mucilaginosa_TFCN_17-291Y-1.cds.fa_08934	Rhodotorula_mucilaginosa_TFCN_17-291Y-1.cds.fa_09080	NaN	NaN	NaN	NaN	NaN	NaN	NaN	NaN	TFCN17291Y1_009051-T1	TFCN17291Y1_009199-T1
TFCN17291Y1_009051-T1__TFCN17291Y1_012075-T1	NaN	NaN	NaN	NaN	NaN	NaN	NaN	NaN	GF00000002	Rhodotorula_mucilaginosa_TFCN_17-291Y-1.cds.fa_08934	Rhodotorula_mucilaginosa_TFCN_17-291Y-1.cds.fa_11898	NaN	NaN	NaN	NaN	NaN	NaN	NaN	NaN	TFCN17291Y1_009051-T1	TFCN17291Y1_012075-T1
TFCN17291Y1_001370-T1__TFCN17291Y1_009051-T1	NaN	NaN	NaN	NaN	NaN	NaN	NaN	NaN	GF00000002	Rhodotorula_mucilaginosa_TFCN_17-291Y-1.cds.fa_08934	Rhodotorula_mucilaginosa_TFCN_17-291Y-1.cds.fa_01360	NaN	NaN	NaN	NaN	NaN	NaN	NaN	NaN	TFCN17291Y1_009051-T1	TFCN17291Y1_001370-T1
TFCN17291Y1_009051-T1__TFCN17291Y1_009200-T1	NaN	NaN	NaN	NaN	NaN	NaN	NaN	NaN	GF00000002	Rhodotorula_mucilaginosa_TFCN_17-291Y-1.cds.fa_08934	Rhodotorula_mucilaginosa_TFCN_17-291Y-1.cds.fa_09081	NaN	NaN	NaN	NaN	NaN	NaN	NaN	NaN	TFCN17291Y1_009051-T1	TFCN17291Y1_009200-T1
TFCN17291Y1_009051-T1__TFCN17291Y1_009439-T1	NaN	NaN	NaN	NaN	NaN	NaN	NaN	NaN	GF00000002	Rhodotorula_mucilaginosa_TFCN_17-291Y-1.cds.fa_08934	Rhodotorula_mucilaginosa_TFCN_17-291Y-1.cds.fa_09319	NaN	NaN	NaN	NaN	NaN	NaN	NaN	NaN	TFCN17291Y1_009051-T1	TFCN17291Y1_009439-T1
TFCN17291Y1_009051-T1__TFCN17291Y1_012078-T1	NaN	NaN	NaN	NaN	NaN	NaN	NaN	NaN	GF00000002	Rhodotorula_mucilaginosa_TFCN_17-291Y-1.cds.fa_08934	Rhodotorula_mucilaginosa_TFCN_17-291Y-1.cds.fa_11901	NaN	NaN	NaN	NaN	NaN	NaN	NaN	NaN	TFCN17291Y1_009051-T1	TFCN17291Y1_012078-T1
TFCN17291Y1_009051-T1__TFCN17291Y1_012077-T1	NaN	NaN	NaN	NaN	NaN	NaN	NaN	NaN	GF00000002	Rhodotorula_mucilaginosa_TFCN_17-291Y-1.cds.fa_08934	Rhodotorula_mucilaginosa_TFCN_17-291Y-1.cds.fa_11900	NaN	NaN	NaN	NaN	NaN	NaN	NaN	NaN	TFCN17291Y1_009051-T1	TFCN17291Y1_012077-T1
TFCN17291Y1_003298-T1__TFCN17291Y1_012074-T1	NaN	NaN	NaN	NaN	NaN	NaN	NaN	NaN	GF00000002	Rhodotorula_mucilaginosa_TFCN_17-291Y-1.cds.fa_03265	Rhodotorula_mucilaginosa_TFCN_17-291Y-1.cds.fa_11897	NaN	NaN	NaN	NaN	NaN	NaN	NaN	NaN	TFCN17291Y1_003298-T1	TFCN17291Y1_012074-T1
TFCN17291Y1_003296-T1__TFCN17291Y1_003298-T1	NaN	NaN	NaN	NaN	NaN	NaN	NaN	NaN	GF00000002	Rhodotorula_mucilaginosa_TFCN_17-291Y-1.cds.fa_03265	Rhodotorula_mucilaginosa_TFCN_17-291Y-1.cds.fa_03263	NaN	NaN	NaN	NaN	NaN	NaN	NaN	NaN	TFCN17291Y1_003298-T1	TFCN17291Y1_003296-T1
TFCN17291Y1_003298-T1__TFCN17291Y1_009778-T1	NaN	NaN	NaN	NaN	NaN	NaN	NaN	NaN	GF00000002	Rhodotorula_mucilaginosa_TFCN_17-291Y-1.cds.fa_03265	Rhodotorula_mucilaginosa_TFCN_17-291Y-1.cds.fa_09655	NaN	NaN	NaN	NaN	NaN	NaN	NaN	NaN	TFCN17291Y1_003298-T1	TFCN17291Y1_009778-T1
TFCN17291Y1_003297-T1__TFCN17291Y1_003298-T1	NaN	NaN	NaN	NaN	NaN	NaN	NaN	NaN	GF00000002	Rhodotorula_mucilaginosa_TFCN_17-291Y-1.cds.fa_03265	Rhodotorula_mucilaginosa_TFCN_17-291Y-1.cds.fa_03264	NaN	NaN	NaN	NaN	NaN	NaN	NaN	NaN	TFCN17291Y1_003298-T1	TFCN17291Y1_003297-T1
TFCN17291Y1_003298-T1__TFCN17291Y1_012076-T1	NaN	NaN	NaN	NaN	NaN	NaN	NaN	NaN	GF00000002	Rhodotorula_mucilaginosa_TFCN_17-291Y-1.cds.fa_03265	Rhodotorula_mucilaginosa_TFCN_17-291Y-1.cds.fa_11899	NaN	NaN	NaN	NaN	NaN	NaN	NaN	NaN	TFCN17291Y1_003298-T1	TFCN17291Y1_012076-T1
TFCN17291Y1_003298-T1__TFCN17291Y1_004736-T1	NaN	NaN	NaN	NaN	NaN	NaN	NaN	NaN	GF00000002	Rhodotorula_mucilaginosa_TFCN_17-291Y-1.cds.fa_03265	Rhodotorula_mucilaginosa_TFCN_17-291Y-1.cds.fa_04688	NaN	NaN	NaN	NaN	NaN	NaN	NaN	NaN	TFCN17291Y1_003298-T1	TFCN17291Y1_004736-T1
TFCN17291Y1_003298-T1__TFCN17291Y1_009052-T1	NaN	NaN	NaN	NaN	NaN	NaN	NaN	NaN	GF00000002	Rhodotorula_mucilaginosa_TFCN_17-291Y-1.cds.fa_03265	Rhodotorula_mucilaginosa_TFCN_17-291Y-1.cds.fa_08935	NaN	NaN	NaN	NaN	NaN	NaN	NaN	NaN	TFCN17291Y1_003298-T1	TFCN17291Y1_009052-T1
TFCN17291Y1_003298-T1__TFCN17291Y1_009181-T1	NaN	NaN	NaN	NaN	NaN	NaN	NaN	NaN	GF00000002	Rhodotorula_mucilaginosa_TFCN_17-291Y-1.cds.fa_03265	Rhodotorula_mucilaginosa_TFCN_17-291Y-1.cds.fa_09062	NaN	NaN	NaN	NaN	NaN	NaN	NaN	NaN	TFCN17291Y1_003298-T1	TFCN17291Y1_009181-T1
TFCN17291Y1_003298-T1__TFCN17291Y1_009198-T1	NaN	NaN	NaN	NaN	NaN	NaN	NaN	NaN	GF00000002	Rhodotorula_mucilaginosa_TFCN_17-291Y-1.cds.fa_03265	Rhodotorula_mucilaginosa_TFCN_17-291Y-1.cds.fa_09079	NaN	NaN	NaN	NaN	NaN	NaN	NaN	NaN	TFCN17291Y1_003298-T1	TFCN17291Y1_009198-T1
TFCN17291Y1_003298-T1__TFCN17291Y1_009180-T1	NaN	NaN	NaN	NaN	NaN	NaN	NaN	NaN	GF00000002	Rhodotorula_mucilaginosa_TFCN_17-291Y-1.cds.fa_03265	Rhodotorula_mucilaginosa_TFCN_17-291Y-1.cds.fa_09061	NaN	NaN	NaN	NaN	NaN	NaN	NaN	NaN	TFCN17291Y1_003298-T1	TFCN17291Y1_009180-T1
TFCN17291Y1_003298-T1__TFCN17291Y1_009199-T1	NaN	NaN	NaN	NaN	NaN	NaN	NaN	NaN	GF00000002	Rhodotorula_mucilaginosa_TFCN_17-291Y-1.cds.fa_03265	Rhodotorula_mucilaginosa_TFCN_17-291Y-1.cds.fa_09080	NaN	NaN	NaN	NaN	NaN	NaN	NaN	NaN	TFCN17291Y1_003298-T1	TFCN17291Y1_009199-T1
TFCN17291Y1_003298-T1__TFCN17291Y1_012075-T1	NaN	NaN	NaN	NaN	NaN	NaN	NaN	NaN	GF00000002	Rhodotorula_mucilaginosa_TFCN_17-291Y-1.cds.fa_03265	Rhodotorula_mucilaginosa_TFCN_17-291Y-1.cds.fa_11898	NaN	NaN	NaN	NaN	NaN	NaN	NaN	NaN	TFCN17291Y1_003298-T1	TFCN17291Y1_012075-T1
TFCN17291Y1_001370-T1__TFCN17291Y1_003298-T1	NaN	NaN	NaN	NaN	NaN	NaN	NaN	NaN	GF00000002	Rhodotorula_mucilaginosa_TFCN_17-291Y-1.cds.fa_03265	Rhodotorula_mucilaginosa_TFCN_17-291Y-1.cds.fa_01360	NaN	NaN	NaN	NaN	NaN	NaN	NaN	NaN	TFCN17291Y1_003298-T1	TFCN17291Y1_001370-T1
TFCN17291Y1_003298-T1__TFCN17291Y1_009200-T1	NaN	NaN	NaN	NaN	NaN	NaN	NaN	NaN	GF00000002	Rhodotorula_mucilaginosa_TFCN_17-291Y-1.cds.fa_03265	Rhodotorula_mucilaginosa_TFCN_17-291Y-1.cds.fa_09081	NaN	NaN	NaN	NaN	NaN	NaN	NaN	NaN	TFCN17291Y1_003298-T1	TFCN17291Y1_009200-T1
TFCN17291Y1_003298-T1__TFCN17291Y1_009439-T1	NaN	NaN	NaN	NaN	NaN	NaN	NaN	NaN	GF00000002	Rhodotorula_mucilaginosa_TFCN_17-291Y-1.cds.fa_03265	Rhodotorula_mucilaginosa_TFCN_17-291Y-1.cds.fa_09319	NaN	NaN	NaN	NaN	NaN	NaN	NaN	NaN	TFCN17291Y1_003298-T1	TFCN17291Y1_009439-T1
TFCN17291Y1_003298-T1__TFCN17291Y1_012078-T1	NaN	NaN	NaN	NaN	NaN	NaN	NaN	NaN	GF00000002	Rhodotorula_mucilaginosa_TFCN_17-291Y-1.cds.fa_03265	Rhodotorula_mucilaginosa_TFCN_17-291Y-1.cds.fa_11901	NaN	NaN	NaN	NaN	NaN	NaN	NaN	NaN	TFCN17291Y1_003298-T1	TFCN17291Y1_012078-T1
TFCN17291Y1_003298-T1__TFCN17291Y1_012077-T1	NaN	NaN	NaN	NaN	NaN	NaN	NaN	NaN	GF00000002	Rhodotorula_mucilaginosa_TFCN_17-291Y-1.cds.fa_03265	Rhodotorula_mucilaginosa_TFCN_17-291Y-1.cds.fa_11900	NaN	NaN	NaN	NaN	NaN	NaN	NaN	NaN	TFCN17291Y1_003298-T1	TFCN17291Y1_012077-T1
TFCN17291Y1_003296-T1__TFCN17291Y1_012074-T1	NaN	NaN	NaN	NaN	NaN	NaN	NaN	NaN	GF00000002	Rhodotorula_mucilaginosa_TFCN_17-291Y-1.cds.fa_11897	Rhodotorula_mucilaginosa_TFCN_17-291Y-1.cds.fa_03263	NaN	NaN	NaN	NaN	NaN	NaN	NaN	NaN	TFCN17291Y1_012074-T1	TFCN17291Y1_003296-T1
TFCN17291Y1_009778-T1__TFCN17291Y1_012074-T1	NaN	NaN	NaN	NaN	NaN	NaN	NaN	NaN	GF00000002	Rhodotorula_mucilaginosa_TFCN_17-291Y-1.cds.fa_11897	Rhodotorula_mucilaginosa_TFCN_17-291Y-1.cds.fa_09655	NaN	NaN	NaN	NaN	NaN	NaN	NaN	NaN	TFCN17291Y1_012074-T1	TFCN17291Y1_009778-T1
TFCN17291Y1_003297-T1__TFCN17291Y1_012074-T1	NaN	NaN	NaN	NaN	NaN	NaN	NaN	NaN	GF00000002	Rhodotorula_mucilaginosa_TFCN_17-291Y-1.cds.fa_11897	Rhodotorula_mucilaginosa_TFCN_17-291Y-1.cds.fa_03264	NaN	NaN	NaN	NaN	NaN	NaN	NaN	NaN	TFCN17291Y1_012074-T1	TFCN17291Y1_003297-T1
TFCN17291Y1_012074-T1__TFCN17291Y1_012076-T1	NaN	NaN	NaN	NaN	NaN	NaN	NaN	NaN	GF00000002	Rhodotorula_mucilaginosa_TFCN_17-291Y-1.cds.fa_11897	Rhodotorula_mucilaginosa_TFCN_17-291Y-1.cds.fa_11899	NaN	NaN	NaN	NaN	NaN	NaN	NaN	NaN	TFCN17291Y1_012074-T1	TFCN17291Y1_012076-T1
TFCN17291Y1_004736-T1__TFCN17291Y1_012074-T1	NaN	NaN	NaN	NaN	NaN	NaN	NaN	NaN	GF00000002	Rhodotorula_mucilaginosa_TFCN_17-291Y-1.cds.fa_11897	Rhodotorula_mucilaginosa_TFCN_17-291Y-1.cds.fa_04688	NaN	NaN	NaN	NaN	NaN	NaN	NaN	NaN	TFCN17291Y1_012074-T1	TFCN17291Y1_004736-T1
TFCN17291Y1_009052-T1__TFCN17291Y1_012074-T1	NaN	NaN	NaN	NaN	NaN	NaN	NaN	NaN	GF00000002	Rhodotorula_mucilaginosa_TFCN_17-291Y-1.cds.fa_11897	Rhodotorula_mucilaginosa_TFCN_17-291Y-1.cds.fa_08935	NaN	NaN	NaN	NaN	NaN	NaN	NaN	NaN	TFCN17291Y1_012074-T1	TFCN17291Y1_009052-T1
TFCN17291Y1_009181-T1__TFCN17291Y1_012074-T1	NaN	NaN	NaN	NaN	NaN	NaN	NaN	NaN	GF00000002	Rhodotorula_mucilaginosa_TFCN_17-291Y-1.cds.fa_11897	Rhodotorula_mucilaginosa_TFCN_17-291Y-1.cds.fa_09062	NaN	NaN	NaN	NaN	NaN	NaN	NaN	NaN	TFCN17291Y1_012074-T1	TFCN17291Y1_009181-T1
TFCN17291Y1_009198-T1__TFCN17291Y1_012074-T1	NaN	NaN	NaN	NaN	NaN	NaN	NaN	NaN	GF00000002	Rhodotorula_mucilaginosa_TFCN_17-291Y-1.cds.fa_11897	Rhodotorula_mucilaginosa_TFCN_17-291Y-1.cds.fa_09079	NaN	NaN	NaN	NaN	NaN	NaN	NaN	NaN	TFCN17291Y1_012074-T1	TFCN17291Y1_009198-T1
TFCN17291Y1_009180-T1__TFCN17291Y1_012074-T1	NaN	NaN	NaN	NaN	NaN	NaN	NaN	NaN	GF00000002	Rhodotorula_mucilaginosa_TFCN_17-291Y-1.cds.fa_11897	Rhodotorula_mucilaginosa_TFCN_17-291Y-1.cds.fa_09061	NaN	NaN	NaN	NaN	NaN	NaN	NaN	NaN	TFCN17291Y1_012074-T1	TFCN17291Y1_009180-T1
TFCN17291Y1_009199-T1__TFCN17291Y1_012074-T1	NaN	NaN	NaN	NaN	NaN	NaN	NaN	NaN	GF00000002	Rhodotorula_mucilaginosa_TFCN_17-291Y-1.cds.fa_11897	Rhodotorula_mucilaginosa_TFCN_17-291Y-1.cds.fa_09080	NaN	NaN	NaN	NaN	NaN	NaN	NaN	NaN	TFCN17291Y1_012074-T1	TFCN17291Y1_009199-T1
TFCN17291Y1_012074-T1__TFCN17291Y1_012075-T1	NaN	NaN	NaN	NaN	NaN	NaN	NaN	NaN	GF00000002	Rhodotorula_mucilaginosa_TFCN_17-291Y-1.cds.fa_11897	Rhodotorula_mucilaginosa_TFCN_17-291Y-1.cds.fa_11898	NaN	NaN	NaN	NaN	NaN	NaN	NaN	NaN	TFCN17291Y1_012074-T1	TFCN17291Y1_012075-T1
TFCN17291Y1_001370-T1__TFCN17291Y1_012074-T1	NaN	NaN	NaN	NaN	NaN	NaN	NaN	NaN	GF00000002	Rhodotorula_mucilaginosa_TFCN_17-291Y-1.cds.fa_11897	Rhodotorula_mucilaginosa_TFCN_17-291Y-1.cds.fa_01360	NaN	NaN	NaN	NaN	NaN	NaN	NaN	NaN	TFCN17291Y1_012074-T1	TFCN17291Y1_001370-T1
TFCN17291Y1_009200-T1__TFCN17291Y1_012074-T1	NaN	NaN	NaN	NaN	NaN	NaN	NaN	NaN	GF00000002	Rhodotorula_mucilaginosa_TFCN_17-291Y-1.cds.fa_11897	Rhodotorula_mucilaginosa_TFCN_17-291Y-1.cds.fa_09081	NaN	NaN	NaN	NaN	NaN	NaN	NaN	NaN	TFCN17291Y1_012074-T1	TFCN17291Y1_009200-T1
TFCN17291Y1_009439-T1__TFCN17291Y1_012074-T1	NaN	NaN	NaN	NaN	NaN	NaN	NaN	NaN	GF00000002	Rhodotorula_mucilaginosa_TFCN_17-291Y-1.cds.fa_11897	Rhodotorula_mucilaginosa_TFCN_17-291Y-1.cds.fa_09319	NaN	NaN	NaN	NaN	NaN	NaN	NaN	NaN	TFCN17291Y1_012074-T1	TFCN17291Y1_009439-T1
TFCN17291Y1_012074-T1__TFCN17291Y1_012078-T1	NaN	NaN	NaN	NaN	NaN	NaN	NaN	NaN	GF00000002	Rhodotorula_mucilaginosa_TFCN_17-291Y-1.cds.fa_11897	Rhodotorula_mucilaginosa_TFCN_17-291Y-1.cds.fa_11901	NaN	NaN	NaN	NaN	NaN	NaN	NaN	NaN	TFCN17291Y1_012074-T1	TFCN17291Y1_012078-T1
TFCN17291Y1_012074-T1__TFCN17291Y1_012077-T1	NaN	NaN	NaN	NaN	NaN	NaN	NaN	NaN	GF00000002	Rhodotorula_mucilaginosa_TFCN_17-291Y-1.cds.fa_11897	Rhodotorula_mucilaginosa_TFCN_17-291Y-1.cds.fa_11900	NaN	NaN	NaN	NaN	NaN	NaN	NaN	NaN	TFCN17291Y1_012074-T1	TFCN17291Y1_012077-T1
TFCN17291Y1_003296-T1__TFCN17291Y1_009778-T1	NaN	NaN	NaN	NaN	NaN	NaN	NaN	NaN	GF00000002	Rhodotorula_mucilaginosa_TFCN_17-291Y-1.cds.fa_03263	Rhodotorula_mucilaginosa_TFCN_17-291Y-1.cds.fa_09655	NaN	NaN	NaN	NaN	NaN	NaN	NaN	NaN	TFCN17291Y1_003296-T1	TFCN17291Y1_009778-T1
TFCN17291Y1_003296-T1__TFCN17291Y1_003297-T1	NaN	NaN	NaN	NaN	NaN	NaN	NaN	NaN	GF00000002	Rhodotorula_mucilaginosa_TFCN_17-291Y-1.cds.fa_03263	Rhodotorula_mucilaginosa_TFCN_17-291Y-1.cds.fa_03264	NaN	NaN	NaN	NaN	NaN	NaN	NaN	NaN	TFCN17291Y1_003296-T1	TFCN17291Y1_003297-T1
TFCN17291Y1_003296-T1__TFCN17291Y1_012076-T1	NaN	NaN	NaN	NaN	NaN	NaN	NaN	NaN	GF00000002	Rhodotorula_mucilaginosa_TFCN_17-291Y-1.cds.fa_03263	Rhodotorula_mucilaginosa_TFCN_17-291Y-1.cds.fa_11899	NaN	NaN	NaN	NaN	NaN	NaN	NaN	NaN	TFCN17291Y1_003296-T1	TFCN17291Y1_012076-T1
TFCN17291Y1_003296-T1__TFCN17291Y1_004736-T1	NaN	NaN	NaN	NaN	NaN	NaN	NaN	NaN	GF00000002	Rhodotorula_mucilaginosa_TFCN_17-291Y-1.cds.fa_03263	Rhodotorula_mucilaginosa_TFCN_17-291Y-1.cds.fa_04688	NaN	NaN	NaN	NaN	NaN	NaN	NaN	NaN	TFCN17291Y1_003296-T1	TFCN17291Y1_004736-T1
TFCN17291Y1_003296-T1__TFCN17291Y1_009052-T1	NaN	NaN	NaN	NaN	NaN	NaN	NaN	NaN	GF00000002	Rhodotorula_mucilaginosa_TFCN_17-291Y-1.cds.fa_03263	Rhodotorula_mucilaginosa_TFCN_17-291Y-1.cds.fa_08935	NaN	NaN	NaN	NaN	NaN	NaN	NaN	NaN	TFCN17291Y1_003296-T1	TFCN17291Y1_009052-T1
TFCN17291Y1_003296-T1__TFCN17291Y1_009181-T1	NaN	NaN	NaN	NaN	NaN	NaN	NaN	NaN	GF00000002	Rhodotorula_mucilaginosa_TFCN_17-291Y-1.cds.fa_03263	Rhodotorula_mucilaginosa_TFCN_17-291Y-1.cds.fa_09062	NaN	NaN	NaN	NaN	NaN	NaN	NaN	NaN	TFCN17291Y1_003296-T1	TFCN17291Y1_009181-T1
TFCN17291Y1_003296-T1__TFCN17291Y1_009198-T1	NaN	NaN	NaN	NaN	NaN	NaN	NaN	NaN	GF00000002	Rhodotorula_mucilaginosa_TFCN_17-291Y-1.cds.fa_03263	Rhodotorula_mucilaginosa_TFCN_17-291Y-1.cds.fa_09079	NaN	NaN	NaN	NaN	NaN	NaN	NaN	NaN	TFCN17291Y1_003296-T1	TFCN17291Y1_009198-T1
TFCN17291Y1_003296-T1__TFCN17291Y1_009180-T1	NaN	NaN	NaN	NaN	NaN	NaN	NaN	NaN	GF00000002	Rhodotorula_mucilaginosa_TFCN_17-291Y-1.cds.fa_03263	Rhodotorula_mucilaginosa_TFCN_17-291Y-1.cds.fa_09061	NaN	NaN	NaN	NaN	NaN	NaN	NaN	NaN	TFCN17291Y1_003296-T1	TFCN17291Y1_009180-T1
TFCN17291Y1_003296-T1__TFCN17291Y1_009199-T1	NaN	NaN	NaN	NaN	NaN	NaN	NaN	NaN	GF00000002	Rhodotorula_mucilaginosa_TFCN_17-291Y-1.cds.fa_03263	Rhodotorula_mucilaginosa_TFCN_17-291Y-1.cds.fa_09080	NaN	NaN	NaN	NaN	NaN	NaN	NaN	NaN	TFCN17291Y1_003296-T1	TFCN17291Y1_009199-T1
TFCN17291Y1_003296-T1__TFCN17291Y1_012075-T1	NaN	NaN	NaN	NaN	NaN	NaN	NaN	NaN	GF00000002	Rhodotorula_mucilaginosa_TFCN_17-291Y-1.cds.fa_03263	Rhodotorula_mucilaginosa_TFCN_17-291Y-1.cds.fa_11898	NaN	NaN	NaN	NaN	NaN	NaN	NaN	NaN	TFCN17291Y1_003296-T1	TFCN17291Y1_012075-T1
TFCN17291Y1_001370-T1__TFCN17291Y1_003296-T1	NaN	NaN	NaN	NaN	NaN	NaN	NaN	NaN	GF00000002	Rhodotorula_mucilaginosa_TFCN_17-291Y-1.cds.fa_03263	Rhodotorula_mucilaginosa_TFCN_17-291Y-1.cds.fa_01360	NaN	NaN	NaN	NaN	NaN	NaN	NaN	NaN	TFCN17291Y1_003296-T1	TFCN17291Y1_001370-T1
TFCN17291Y1_003296-T1__TFCN17291Y1_009200-T1	NaN	NaN	NaN	NaN	NaN	NaN	NaN	NaN	GF00000002	Rhodotorula_mucilaginosa_TFCN_17-291Y-1.cds.fa_03263	Rhodotorula_mucilaginosa_TFCN_17-291Y-1.cds.fa_09081	NaN	NaN	NaN	NaN	NaN	NaN	NaN	NaN	TFCN17291Y1_003296-T1	TFCN17291Y1_009200-T1
TFCN17291Y1_003296-T1__TFCN17291Y1_009439-T1	NaN	NaN	NaN	NaN	NaN	NaN	NaN	NaN	GF00000002	Rhodotorula_mucilaginosa_TFCN_17-291Y-1.cds.fa_03263	Rhodotorula_mucilaginosa_TFCN_17-291Y-1.cds.fa_09319	NaN	NaN	NaN	NaN	NaN	NaN	NaN	NaN	TFCN17291Y1_003296-T1	TFCN17291Y1_009439-T1
TFCN17291Y1_003296-T1__TFCN17291Y1_012078-T1	NaN	NaN	NaN	NaN	NaN	NaN	NaN	NaN	GF00000002	Rhodotorula_mucilaginosa_TFCN_17-291Y-1.cds.fa_03263	Rhodotorula_mucilaginosa_TFCN_17-291Y-1.cds.fa_11901	NaN	NaN	NaN	NaN	NaN	NaN	NaN	NaN	TFCN17291Y1_003296-T1	TFCN17291Y1_012078-T1
TFCN17291Y1_003296-T1__TFCN17291Y1_012077-T1	NaN	NaN	NaN	NaN	NaN	NaN	NaN	NaN	GF00000002	Rhodotorula_mucilaginosa_TFCN_17-291Y-1.cds.fa_03263	Rhodotorula_mucilaginosa_TFCN_17-291Y-1.cds.fa_11900	NaN	NaN	NaN	NaN	NaN	NaN	NaN	NaN	TFCN17291Y1_003296-T1	TFCN17291Y1_012077-T1
TFCN17291Y1_003297-T1__TFCN17291Y1_009778-T1	NaN	NaN	NaN	NaN	NaN	NaN	NaN	NaN	GF00000002	Rhodotorula_mucilaginosa_TFCN_17-291Y-1.cds.fa_09655	Rhodotorula_mucilaginosa_TFCN_17-291Y-1.cds.fa_03264	NaN	NaN	NaN	NaN	NaN	NaN	NaN	NaN	TFCN17291Y1_009778-T1	TFCN17291Y1_003297-T1
TFCN17291Y1_009778-T1__TFCN17291Y1_012076-T1	NaN	NaN	NaN	NaN	NaN	NaN	NaN	NaN	GF00000002	Rhodotorula_mucilaginosa_TFCN_17-291Y-1.cds.fa_09655	Rhodotorula_mucilaginosa_TFCN_17-291Y-1.cds.fa_11899	NaN	NaN	NaN	NaN	NaN	NaN	NaN	NaN	TFCN17291Y1_009778-T1	TFCN17291Y1_012076-T1
TFCN17291Y1_004736-T1__TFCN17291Y1_009778-T1	NaN	NaN	NaN	NaN	NaN	NaN	NaN	NaN	GF00000002	Rhodotorula_mucilaginosa_TFCN_17-291Y-1.cds.fa_09655	Rhodotorula_mucilaginosa_TFCN_17-291Y-1.cds.fa_04688	NaN	NaN	NaN	NaN	NaN	NaN	NaN	NaN	TFCN17291Y1_009778-T1	TFCN17291Y1_004736-T1
TFCN17291Y1_009052-T1__TFCN17291Y1_009778-T1	NaN	NaN	NaN	NaN	NaN	NaN	NaN	NaN	GF00000002	Rhodotorula_mucilaginosa_TFCN_17-291Y-1.cds.fa_09655	Rhodotorula_mucilaginosa_TFCN_17-291Y-1.cds.fa_08935	NaN	NaN	NaN	NaN	NaN	NaN	NaN	NaN	TFCN17291Y1_009778-T1	TFCN17291Y1_009052-T1
TFCN17291Y1_009181-T1__TFCN17291Y1_009778-T1	NaN	NaN	NaN	NaN	NaN	NaN	NaN	NaN	GF00000002	Rhodotorula_mucilaginosa_TFCN_17-291Y-1.cds.fa_09655	Rhodotorula_mucilaginosa_TFCN_17-291Y-1.cds.fa_09062	NaN	NaN	NaN	NaN	NaN	NaN	NaN	NaN	TFCN17291Y1_009778-T1	TFCN17291Y1_009181-T1
TFCN17291Y1_009198-T1__TFCN17291Y1_009778-T1	NaN	NaN	NaN	NaN	NaN	NaN	NaN	NaN	GF00000002	Rhodotorula_mucilaginosa_TFCN_17-291Y-1.cds.fa_09655	Rhodotorula_mucilaginosa_TFCN_17-291Y-1.cds.fa_09079	NaN	NaN	NaN	NaN	NaN	NaN	NaN	NaN	TFCN17291Y1_009778-T1	TFCN17291Y1_009198-T1
TFCN17291Y1_009180-T1__TFCN17291Y1_009778-T1	NaN	NaN	NaN	NaN	NaN	NaN	NaN	NaN	GF00000002	Rhodotorula_mucilaginosa_TFCN_17-291Y-1.cds.fa_09655	Rhodotorula_mucilaginosa_TFCN_17-291Y-1.cds.fa_09061	NaN	NaN	NaN	NaN	NaN	NaN	NaN	NaN	TFCN17291Y1_009778-T1	TFCN17291Y1_009180-T1
TFCN17291Y1_009199-T1__TFCN17291Y1_009778-T1	NaN	NaN	NaN	NaN	NaN	NaN	NaN	NaN	GF00000002	Rhodotorula_mucilaginosa_TFCN_17-291Y-1.cds.fa_09655	Rhodotorula_mucilaginosa_TFCN_17-291Y-1.cds.fa_09080	NaN	NaN	NaN	NaN	NaN	NaN	NaN	NaN	TFCN17291Y1_009778-T1	TFCN17291Y1_009199-T1
TFCN17291Y1_009778-T1__TFCN17291Y1_012075-T1	NaN	NaN	NaN	NaN	NaN	NaN	NaN	NaN	GF00000002	Rhodotorula_mucilaginosa_TFCN_17-291Y-1.cds.fa_09655	Rhodotorula_mucilaginosa_TFCN_17-291Y-1.cds.fa_11898	NaN	NaN	NaN	NaN	NaN	NaN	NaN	NaN	TFCN17291Y1_009778-T1	TFCN17291Y1_012075-T1
TFCN17291Y1_001370-T1__TFCN17291Y1_009778-T1	NaN	NaN	NaN	NaN	NaN	NaN	NaN	NaN	GF00000002	Rhodotorula_mucilaginosa_TFCN_17-291Y-1.cds.fa_09655	Rhodotorula_mucilaginosa_TFCN_17-291Y-1.cds.fa_01360	NaN	NaN	NaN	NaN	NaN	NaN	NaN	NaN	TFCN17291Y1_009778-T1	TFCN17291Y1_001370-T1
TFCN17291Y1_009200-T1__TFCN17291Y1_009778-T1	NaN	NaN	NaN	NaN	NaN	NaN	NaN	NaN	GF00000002	Rhodotorula_mucilaginosa_TFCN_17-291Y-1.cds.fa_09655	Rhodotorula_mucilaginosa_TFCN_17-291Y-1.cds.fa_09081	NaN	NaN	NaN	NaN	NaN	NaN	NaN	NaN	TFCN17291Y1_009778-T1	TFCN17291Y1_009200-T1
TFCN17291Y1_009439-T1__TFCN17291Y1_009778-T1	NaN	NaN	NaN	NaN	NaN	NaN	NaN	NaN	GF00000002	Rhodotorula_mucilaginosa_TFCN_17-291Y-1.cds.fa_09655	Rhodotorula_mucilaginosa_TFCN_17-291Y-1.cds.fa_09319	NaN	NaN	NaN	NaN	NaN	NaN	NaN	NaN	TFCN17291Y1_009778-T1	TFCN17291Y1_009439-T1
TFCN17291Y1_009778-T1__TFCN17291Y1_012078-T1	NaN	NaN	NaN	NaN	NaN	NaN	NaN	NaN	GF00000002	Rhodotorula_mucilaginosa_TFCN_17-291Y-1.cds.fa_09655	Rhodotorula_mucilaginosa_TFCN_17-291Y-1.cds.fa_11901	NaN	NaN	NaN	NaN	NaN	NaN	NaN	NaN	TFCN17291Y1_009778-T1	TFCN17291Y1_012078-T1
TFCN17291Y1_009778-T1__TFCN17291Y1_012077-T1	NaN	NaN	NaN	NaN	NaN	NaN	NaN	NaN	GF00000002	Rhodotorula_mucilaginosa_TFCN_17-291Y-1.cds.fa_09655	Rhodotorula_mucilaginosa_TFCN_17-291Y-1.cds.fa_11900	NaN	NaN	NaN	NaN	NaN	NaN	NaN	NaN	TFCN17291Y1_009778-T1	TFCN17291Y1_012077-T1
TFCN17291Y1_003297-T1__TFCN17291Y1_012076-T1	NaN	NaN	NaN	NaN	NaN	NaN	NaN	NaN	GF00000002	Rhodotorula_mucilaginosa_TFCN_17-291Y-1.cds.fa_03264	Rhodotorula_mucilaginosa_TFCN_17-291Y-1.cds.fa_11899	NaN	NaN	NaN	NaN	NaN	NaN	NaN	NaN	TFCN17291Y1_003297-T1	TFCN17291Y1_012076-T1
TFCN17291Y1_003297-T1__TFCN17291Y1_004736-T1	NaN	NaN	NaN	NaN	NaN	NaN	NaN	NaN	GF00000002	Rhodotorula_mucilaginosa_TFCN_17-291Y-1.cds.fa_03264	Rhodotorula_mucilaginosa_TFCN_17-291Y-1.cds.fa_04688	NaN	NaN	NaN	NaN	NaN	NaN	NaN	NaN	TFCN17291Y1_003297-T1	TFCN17291Y1_004736-T1
TFCN17291Y1_003297-T1__TFCN17291Y1_009052-T1	NaN	NaN	NaN	NaN	NaN	NaN	NaN	NaN	GF00000002	Rhodotorula_mucilaginosa_TFCN_17-291Y-1.cds.fa_03264	Rhodotorula_mucilaginosa_TFCN_17-291Y-1.cds.fa_08935	NaN	NaN	NaN	NaN	NaN	NaN	NaN	NaN	TFCN17291Y1_003297-T1	TFCN17291Y1_009052-T1
TFCN17291Y1_003297-T1__TFCN17291Y1_009181-T1	NaN	NaN	NaN	NaN	NaN	NaN	NaN	NaN	GF00000002	Rhodotorula_mucilaginosa_TFCN_17-291Y-1.cds.fa_03264	Rhodotorula_mucilaginosa_TFCN_17-291Y-1.cds.fa_09062	NaN	NaN	NaN	NaN	NaN	NaN	NaN	NaN	TFCN17291Y1_003297-T1	TFCN17291Y1_009181-T1
TFCN17291Y1_003297-T1__TFCN17291Y1_009198-T1	NaN	NaN	NaN	NaN	NaN	NaN	NaN	NaN	GF00000002	Rhodotorula_mucilaginosa_TFCN_17-291Y-1.cds.fa_03264	Rhodotorula_mucilaginosa_TFCN_17-291Y-1.cds.fa_09079	NaN	NaN	NaN	NaN	NaN	NaN	NaN	NaN	TFCN17291Y1_003297-T1	TFCN17291Y1_009198-T1
TFCN17291Y1_003297-T1__TFCN17291Y1_009180-T1	NaN	NaN	NaN	NaN	NaN	NaN	NaN	NaN	GF00000002	Rhodotorula_mucilaginosa_TFCN_17-291Y-1.cds.fa_03264	Rhodotorula_mucilaginosa_TFCN_17-291Y-1.cds.fa_09061	NaN	NaN	NaN	NaN	NaN	NaN	NaN	NaN	TFCN17291Y1_003297-T1	TFCN17291Y1_009180-T1
TFCN17291Y1_003297-T1__TFCN17291Y1_009199-T1	NaN	NaN	NaN	NaN	NaN	NaN	NaN	NaN	GF00000002	Rhodotorula_mucilaginosa_TFCN_17-291Y-1.cds.fa_03264	Rhodotorula_mucilaginosa_TFCN_17-291Y-1.cds.fa_09080	NaN	NaN	NaN	NaN	NaN	NaN	NaN	NaN	TFCN17291Y1_003297-T1	TFCN17291Y1_009199-T1
TFCN17291Y1_003297-T1__TFCN17291Y1_012075-T1	NaN	NaN	NaN	NaN	NaN	NaN	NaN	NaN	GF00000002	Rhodotorula_mucilaginosa_TFCN_17-291Y-1.cds.fa_03264	Rhodotorula_mucilaginosa_TFCN_17-291Y-1.cds.fa_11898	NaN	NaN	NaN	NaN	NaN	NaN	NaN	NaN	TFCN17291Y1_003297-T1	TFCN17291Y1_012075-T1
TFCN17291Y1_001370-T1__TFCN17291Y1_003297-T1	NaN	NaN	NaN	NaN	NaN	NaN	NaN	NaN	GF00000002	Rhodotorula_mucilaginosa_TFCN_17-291Y-1.cds.fa_03264	Rhodotorula_mucilaginosa_TFCN_17-291Y-1.cds.fa_01360	NaN	NaN	NaN	NaN	NaN	NaN	NaN	NaN	TFCN17291Y1_003297-T1	TFCN17291Y1_001370-T1
TFCN17291Y1_003297-T1__TFCN17291Y1_009200-T1	NaN	NaN	NaN	NaN	NaN	NaN	NaN	NaN	GF00000002	Rhodotorula_mucilaginosa_TFCN_17-291Y-1.cds.fa_03264	Rhodotorula_mucilaginosa_TFCN_17-291Y-1.cds.fa_09081	NaN	NaN	NaN	NaN	NaN	NaN	NaN	NaN	TFCN17291Y1_003297-T1	TFCN17291Y1_009200-T1
TFCN17291Y1_003297-T1__TFCN17291Y1_009439-T1	NaN	NaN	NaN	NaN	NaN	NaN	NaN	NaN	GF00000002	Rhodotorula_mucilaginosa_TFCN_17-291Y-1.cds.fa_03264	Rhodotorula_mucilaginosa_TFCN_17-291Y-1.cds.fa_09319	NaN	NaN	NaN	NaN	NaN	NaN	NaN	NaN	TFCN17291Y1_003297-T1	TFCN17291Y1_009439-T1
TFCN17291Y1_003297-T1__TFCN17291Y1_012078-T1	NaN	NaN	NaN	NaN	NaN	NaN	NaN	NaN	GF00000002	Rhodotorula_mucilaginosa_TFCN_17-291Y-1.cds.fa_03264	Rhodotorula_mucilaginosa_TFCN_17-291Y-1.cds.fa_11901	NaN	NaN	NaN	NaN	NaN	NaN	NaN	NaN	TFCN17291Y1_003297-T1	TFCN17291Y1_012078-T1
TFCN17291Y1_003297-T1__TFCN17291Y1_012077-T1	NaN	NaN	NaN	NaN	NaN	NaN	NaN	NaN	GF00000002	Rhodotorula_mucilaginosa_TFCN_17-291Y-1.cds.fa_03264	Rhodotorula_mucilaginosa_TFCN_17-291Y-1.cds.fa_11900	NaN	NaN	NaN	NaN	NaN	NaN	NaN	NaN	TFCN17291Y1_003297-T1	TFCN17291Y1_012077-T1
TFCN17291Y1_004736-T1__TFCN17291Y1_012076-T1	NaN	NaN	NaN	NaN	NaN	NaN	NaN	NaN	GF00000002	Rhodotorula_mucilaginosa_TFCN_17-291Y-1.cds.fa_11899	Rhodotorula_mucilaginosa_TFCN_17-291Y-1.cds.fa_04688	NaN	NaN	NaN	NaN	NaN	NaN	NaN	NaN	TFCN17291Y1_012076-T1	TFCN17291Y1_004736-T1
TFCN17291Y1_009052-T1__TFCN17291Y1_012076-T1	NaN	NaN	NaN	NaN	NaN	NaN	NaN	NaN	GF00000002	Rhodotorula_mucilaginosa_TFCN_17-291Y-1.cds.fa_11899	Rhodotorula_mucilaginosa_TFCN_17-291Y-1.cds.fa_08935	NaN	NaN	NaN	NaN	NaN	NaN	NaN	NaN	TFCN17291Y1_012076-T1	TFCN17291Y1_009052-T1
TFCN17291Y1_009181-T1__TFCN17291Y1_012076-T1	NaN	NaN	NaN	NaN	NaN	NaN	NaN	NaN	GF00000002	Rhodotorula_mucilaginosa_TFCN_17-291Y-1.cds.fa_11899	Rhodotorula_mucilaginosa_TFCN_17-291Y-1.cds.fa_09062	NaN	NaN	NaN	NaN	NaN	NaN	NaN	NaN	TFCN17291Y1_012076-T1	TFCN17291Y1_009181-T1
TFCN17291Y1_009198-T1__TFCN17291Y1_012076-T1	NaN	NaN	NaN	NaN	NaN	NaN	NaN	NaN	GF00000002	Rhodotorula_mucilaginosa_TFCN_17-291Y-1.cds.fa_11899	Rhodotorula_mucilaginosa_TFCN_17-291Y-1.cds.fa_09079	NaN	NaN	NaN	NaN	NaN	NaN	NaN	NaN	TFCN17291Y1_012076-T1	TFCN17291Y1_009198-T1
TFCN17291Y1_009180-T1__TFCN17291Y1_012076-T1	NaN	NaN	NaN	NaN	NaN	NaN	NaN	NaN	GF00000002	Rhodotorula_mucilaginosa_TFCN_17-291Y-1.cds.fa_11899	Rhodotorula_mucilaginosa_TFCN_17-291Y-1.cds.fa_09061	NaN	NaN	NaN	NaN	NaN	NaN	NaN	NaN	TFCN17291Y1_012076-T1	TFCN17291Y1_009180-T1
TFCN17291Y1_009199-T1__TFCN17291Y1_012076-T1	NaN	NaN	NaN	NaN	NaN	NaN	NaN	NaN	GF00000002	Rhodotorula_mucilaginosa_TFCN_17-291Y-1.cds.fa_11899	Rhodotorula_mucilaginosa_TFCN_17-291Y-1.cds.fa_09080	NaN	NaN	NaN	NaN	NaN	NaN	NaN	NaN	TFCN17291Y1_012076-T1	TFCN17291Y1_009199-T1
TFCN17291Y1_012075-T1__TFCN17291Y1_012076-T1	NaN	NaN	NaN	NaN	NaN	NaN	NaN	NaN	GF00000002	Rhodotorula_mucilaginosa_TFCN_17-291Y-1.cds.fa_11899	Rhodotorula_mucilaginosa_TFCN_17-291Y-1.cds.fa_11898	NaN	NaN	NaN	NaN	NaN	NaN	NaN	NaN	TFCN17291Y1_012076-T1	TFCN17291Y1_012075-T1
TFCN17291Y1_001370-T1__TFCN17291Y1_012076-T1	NaN	NaN	NaN	NaN	NaN	NaN	NaN	NaN	GF00000002	Rhodotorula_mucilaginosa_TFCN_17-291Y-1.cds.fa_11899	Rhodotorula_mucilaginosa_TFCN_17-291Y-1.cds.fa_01360	NaN	NaN	NaN	NaN	NaN	NaN	NaN	NaN	TFCN17291Y1_012076-T1	TFCN17291Y1_001370-T1
TFCN17291Y1_009200-T1__TFCN17291Y1_012076-T1	NaN	NaN	NaN	NaN	NaN	NaN	NaN	NaN	GF00000002	Rhodotorula_mucilaginosa_TFCN_17-291Y-1.cds.fa_11899	Rhodotorula_mucilaginosa_TFCN_17-291Y-1.cds.fa_09081	NaN	NaN	NaN	NaN	NaN	NaN	NaN	NaN	TFCN17291Y1_012076-T1	TFCN17291Y1_009200-T1
TFCN17291Y1_009439-T1__TFCN17291Y1_012076-T1	NaN	NaN	NaN	NaN	NaN	NaN	NaN	NaN	GF00000002	Rhodotorula_mucilaginosa_TFCN_17-291Y-1.cds.fa_11899	Rhodotorula_mucilaginosa_TFCN_17-291Y-1.cds.fa_09319	NaN	NaN	NaN	NaN	NaN	NaN	NaN	NaN	TFCN17291Y1_012076-T1	TFCN17291Y1_009439-T1
TFCN17291Y1_012076-T1__TFCN17291Y1_012078-T1	NaN	NaN	NaN	NaN	NaN	NaN	NaN	NaN	GF00000002	Rhodotorula_mucilaginosa_TFCN_17-291Y-1.cds.fa_11899	Rhodotorula_mucilaginosa_TFCN_17-291Y-1.cds.fa_11901	NaN	NaN	NaN	NaN	NaN	NaN	NaN	NaN	TFCN17291Y1_012076-T1	TFCN17291Y1_012078-T1
TFCN17291Y1_012076-T1__TFCN17291Y1_012077-T1	NaN	NaN	NaN	NaN	NaN	NaN	NaN	NaN	GF00000002	Rhodotorula_mucilaginosa_TFCN_17-291Y-1.cds.fa_11899	Rhodotorula_mucilaginosa_TFCN_17-291Y-1.cds.fa_11900	NaN	NaN	NaN	NaN	NaN	NaN	NaN	NaN	TFCN17291Y1_012076-T1	TFCN17291Y1_012077-T1
TFCN17291Y1_004736-T1__TFCN17291Y1_009052-T1	NaN	NaN	NaN	NaN	NaN	NaN	NaN	NaN	GF00000002	Rhodotorula_mucilaginosa_TFCN_17-291Y-1.cds.fa_04688	Rhodotorula_mucilaginosa_TFCN_17-291Y-1.cds.fa_08935	NaN	NaN	NaN	NaN	NaN	NaN	NaN	NaN	TFCN17291Y1_004736-T1	TFCN17291Y1_009052-T1
TFCN17291Y1_004736-T1__TFCN17291Y1_009181-T1	NaN	NaN	NaN	NaN	NaN	NaN	NaN	NaN	GF00000002	Rhodotorula_mucilaginosa_TFCN_17-291Y-1.cds.fa_04688	Rhodotorula_mucilaginosa_TFCN_17-291Y-1.cds.fa_09062	NaN	NaN	NaN	NaN	NaN	NaN	NaN	NaN	TFCN17291Y1_004736-T1	TFCN17291Y1_009181-T1
TFCN17291Y1_004736-T1__TFCN17291Y1_009198-T1	NaN	NaN	NaN	NaN	NaN	NaN	NaN	NaN	GF00000002	Rhodotorula_mucilaginosa_TFCN_17-291Y-1.cds.fa_04688	Rhodotorula_mucilaginosa_TFCN_17-291Y-1.cds.fa_09079	NaN	NaN	NaN	NaN	NaN	NaN	NaN	NaN	TFCN17291Y1_004736-T1	TFCN17291Y1_009198-T1
TFCN17291Y1_004736-T1__TFCN17291Y1_009180-T1	NaN	NaN	NaN	NaN	NaN	NaN	NaN	NaN	GF00000002	Rhodotorula_mucilaginosa_TFCN_17-291Y-1.cds.fa_04688	Rhodotorula_mucilaginosa_TFCN_17-291Y-1.cds.fa_09061	NaN	NaN	NaN	NaN	NaN	NaN	NaN	NaN	TFCN17291Y1_004736-T1	TFCN17291Y1_009180-T1
TFCN17291Y1_004736-T1__TFCN17291Y1_009199-T1	NaN	NaN	NaN	NaN	NaN	NaN	NaN	NaN	GF00000002	Rhodotorula_mucilaginosa_TFCN_17-291Y-1.cds.fa_04688	Rhodotorula_mucilaginosa_TFCN_17-291Y-1.cds.fa_09080	NaN	NaN	NaN	NaN	NaN	NaN	NaN	NaN	TFCN17291Y1_004736-T1	TFCN17291Y1_009199-T1
TFCN17291Y1_004736-T1__TFCN17291Y1_012075-T1	NaN	NaN	NaN	NaN	NaN	NaN	NaN	NaN	GF00000002	Rhodotorula_mucilaginosa_TFCN_17-291Y-1.cds.fa_04688	Rhodotorula_mucilaginosa_TFCN_17-291Y-1.cds.fa_11898	NaN	NaN	NaN	NaN	NaN	NaN	NaN	NaN	TFCN17291Y1_004736-T1	TFCN17291Y1_012075-T1
TFCN17291Y1_001370-T1__TFCN17291Y1_004736-T1	NaN	NaN	NaN	NaN	NaN	NaN	NaN	NaN	GF00000002	Rhodotorula_mucilaginosa_TFCN_17-291Y-1.cds.fa_04688	Rhodotorula_mucilaginosa_TFCN_17-291Y-1.cds.fa_01360	NaN	NaN	NaN	NaN	NaN	NaN	NaN	NaN	TFCN17291Y1_004736-T1	TFCN17291Y1_001370-T1
TFCN17291Y1_004736-T1__TFCN17291Y1_009200-T1	NaN	NaN	NaN	NaN	NaN	NaN	NaN	NaN	GF00000002	Rhodotorula_mucilaginosa_TFCN_17-291Y-1.cds.fa_04688	Rhodotorula_mucilaginosa_TFCN_17-291Y-1.cds.fa_09081	NaN	NaN	NaN	NaN	NaN	NaN	NaN	NaN	TFCN17291Y1_004736-T1	TFCN17291Y1_009200-T1
TFCN17291Y1_004736-T1__TFCN17291Y1_009439-T1	NaN	NaN	NaN	NaN	NaN	NaN	NaN	NaN	GF00000002	Rhodotorula_mucilaginosa_TFCN_17-291Y-1.cds.fa_04688	Rhodotorula_mucilaginosa_TFCN_17-291Y-1.cds.fa_09319	NaN	NaN	NaN	NaN	NaN	NaN	NaN	NaN	TFCN17291Y1_004736-T1	TFCN17291Y1_009439-T1
TFCN17291Y1_004736-T1__TFCN17291Y1_012078-T1	NaN	NaN	NaN	NaN	NaN	NaN	NaN	NaN	GF00000002	Rhodotorula_mucilaginosa_TFCN_17-291Y-1.cds.fa_04688	Rhodotorula_mucilaginosa_TFCN_17-291Y-1.cds.fa_11901	NaN	NaN	NaN	NaN	NaN	NaN	NaN	NaN	TFCN17291Y1_004736-T1	TFCN17291Y1_012078-T1
TFCN17291Y1_004736-T1__TFCN17291Y1_012077-T1	NaN	NaN	NaN	NaN	NaN	NaN	NaN	NaN	GF00000002	Rhodotorula_mucilaginosa_TFCN_17-291Y-1.cds.fa_04688	Rhodotorula_mucilaginosa_TFCN_17-291Y-1.cds.fa_11900	NaN	NaN	NaN	NaN	NaN	NaN	NaN	NaN	TFCN17291Y1_004736-T1	TFCN17291Y1_012077-T1
TFCN17291Y1_009052-T1__TFCN17291Y1_009181-T1	NaN	NaN	NaN	NaN	NaN	NaN	NaN	NaN	GF00000002	Rhodotorula_mucilaginosa_TFCN_17-291Y-1.cds.fa_08935	Rhodotorula_mucilaginosa_TFCN_17-291Y-1.cds.fa_09062	NaN	NaN	NaN	NaN	NaN	NaN	NaN	NaN	TFCN17291Y1_009052-T1	TFCN17291Y1_009181-T1
TFCN17291Y1_009052-T1__TFCN17291Y1_009198-T1	NaN	NaN	NaN	NaN	NaN	NaN	NaN	NaN	GF00000002	Rhodotorula_mucilaginosa_TFCN_17-291Y-1.cds.fa_08935	Rhodotorula_mucilaginosa_TFCN_17-291Y-1.cds.fa_09079	NaN	NaN	NaN	NaN	NaN	NaN	NaN	NaN	TFCN17291Y1_009052-T1	TFCN17291Y1_009198-T1
TFCN17291Y1_009052-T1__TFCN17291Y1_009180-T1	NaN	NaN	NaN	NaN	NaN	NaN	NaN	NaN	GF00000002	Rhodotorula_mucilaginosa_TFCN_17-291Y-1.cds.fa_08935	Rhodotorula_mucilaginosa_TFCN_17-291Y-1.cds.fa_09061	NaN	NaN	NaN	NaN	NaN	NaN	NaN	NaN	TFCN17291Y1_009052-T1	TFCN17291Y1_009180-T1
TFCN17291Y1_009052-T1__TFCN17291Y1_009199-T1	NaN	NaN	NaN	NaN	NaN	NaN	NaN	NaN	GF00000002	Rhodotorula_mucilaginosa_TFCN_17-291Y-1.cds.fa_08935	Rhodotorula_mucilaginosa_TFCN_17-291Y-1.cds.fa_09080	NaN	NaN	NaN	NaN	NaN	NaN	NaN	NaN	TFCN17291Y1_009052-T1	TFCN17291Y1_009199-T1
TFCN17291Y1_009052-T1__TFCN17291Y1_012075-T1	NaN	NaN	NaN	NaN	NaN	NaN	NaN	NaN	GF00000002	Rhodotorula_mucilaginosa_TFCN_17-291Y-1.cds.fa_08935	Rhodotorula_mucilaginosa_TFCN_17-291Y-1.cds.fa_11898	NaN	NaN	NaN	NaN	NaN	NaN	NaN	NaN	TFCN17291Y1_009052-T1	TFCN17291Y1_012075-T1
TFCN17291Y1_001370-T1__TFCN17291Y1_009052-T1	NaN	NaN	NaN	NaN	NaN	NaN	NaN	NaN	GF00000002	Rhodotorula_mucilaginosa_TFCN_17-291Y-1.cds.fa_08935	Rhodotorula_mucilaginosa_TFCN_17-291Y-1.cds.fa_01360	NaN	NaN	NaN	NaN	NaN	NaN	NaN	NaN	TFCN17291Y1_009052-T1	TFCN17291Y1_001370-T1
TFCN17291Y1_009052-T1__TFCN17291Y1_009200-T1	NaN	NaN	NaN	NaN	NaN	NaN	NaN	NaN	GF00000002	Rhodotorula_mucilaginosa_TFCN_17-291Y-1.cds.fa_08935	Rhodotorula_mucilaginosa_TFCN_17-291Y-1.cds.fa_09081	NaN	NaN	NaN	NaN	NaN	NaN	NaN	NaN	TFCN17291Y1_009052-T1	TFCN17291Y1_009200-T1
TFCN17291Y1_009052-T1__TFCN17291Y1_009439-T1	NaN	NaN	NaN	NaN	NaN	NaN	NaN	NaN	GF00000002	Rhodotorula_mucilaginosa_TFCN_17-291Y-1.cds.fa_08935	Rhodotorula_mucilaginosa_TFCN_17-291Y-1.cds.fa_09319	NaN	NaN	NaN	NaN	NaN	NaN	NaN	NaN	TFCN17291Y1_009052-T1	TFCN17291Y1_009439-T1
TFCN17291Y1_009052-T1__TFCN17291Y1_012078-T1	NaN	NaN	NaN	NaN	NaN	NaN	NaN	NaN	GF00000002	Rhodotorula_mucilaginosa_TFCN_17-291Y-1.cds.fa_08935	Rhodotorula_mucilaginosa_TFCN_17-291Y-1.cds.fa_11901	NaN	NaN	NaN	NaN	NaN	NaN	NaN	NaN	TFCN17291Y1_009052-T1	TFCN17291Y1_012078-T1
TFCN17291Y1_009052-T1__TFCN17291Y1_012077-T1	NaN	NaN	NaN	NaN	NaN	NaN	NaN	NaN	GF00000002	Rhodotorula_mucilaginosa_TFCN_17-291Y-1.cds.fa_08935	Rhodotorula_mucilaginosa_TFCN_17-291Y-1.cds.fa_11900	NaN	NaN	NaN	NaN	NaN	NaN	NaN	NaN	TFCN17291Y1_009052-T1	TFCN17291Y1_012077-T1
TFCN17291Y1_009181-T1__TFCN17291Y1_009198-T1	NaN	NaN	NaN	NaN	NaN	NaN	NaN	NaN	GF00000002	Rhodotorula_mucilaginosa_TFCN_17-291Y-1.cds.fa_09062	Rhodotorula_mucilaginosa_TFCN_17-291Y-1.cds.fa_09079	NaN	NaN	NaN	NaN	NaN	NaN	NaN	NaN	TFCN17291Y1_009181-T1	TFCN17291Y1_009198-T1
TFCN17291Y1_009180-T1__TFCN17291Y1_009181-T1	NaN	NaN	NaN	NaN	NaN	NaN	NaN	NaN	GF00000002	Rhodotorula_mucilaginosa_TFCN_17-291Y-1.cds.fa_09062	Rhodotorula_mucilaginosa_TFCN_17-291Y-1.cds.fa_09061	NaN	NaN	NaN	NaN	NaN	NaN	NaN	NaN	TFCN17291Y1_009181-T1	TFCN17291Y1_009180-T1
TFCN17291Y1_009181-T1__TFCN17291Y1_009199-T1	NaN	NaN	NaN	NaN	NaN	NaN	NaN	NaN	GF00000002	Rhodotorula_mucilaginosa_TFCN_17-291Y-1.cds.fa_09062	Rhodotorula_mucilaginosa_TFCN_17-291Y-1.cds.fa_09080	NaN	NaN	NaN	NaN	NaN	NaN	NaN	NaN	TFCN17291Y1_009181-T1	TFCN17291Y1_009199-T1
TFCN17291Y1_009181-T1__TFCN17291Y1_012075-T1	NaN	NaN	NaN	NaN	NaN	NaN	NaN	NaN	GF00000002	Rhodotorula_mucilaginosa_TFCN_17-291Y-1.cds.fa_09062	Rhodotorula_mucilaginosa_TFCN_17-291Y-1.cds.fa_11898	NaN	NaN	NaN	NaN	NaN	NaN	NaN	NaN	TFCN17291Y1_009181-T1	TFCN17291Y1_012075-T1
TFCN17291Y1_001370-T1__TFCN17291Y1_009181-T1	NaN	NaN	NaN	NaN	NaN	NaN	NaN	NaN	GF00000002	Rhodotorula_mucilaginosa_TFCN_17-291Y-1.cds.fa_09062	Rhodotorula_mucilaginosa_TFCN_17-291Y-1.cds.fa_01360	NaN	NaN	NaN	NaN	NaN	NaN	NaN	NaN	TFCN17291Y1_009181-T1	TFCN17291Y1_001370-T1
TFCN17291Y1_009181-T1__TFCN17291Y1_009200-T1	NaN	NaN	NaN	NaN	NaN	NaN	NaN	NaN	GF00000002	Rhodotorula_mucilaginosa_TFCN_17-291Y-1.cds.fa_09062	Rhodotorula_mucilaginosa_TFCN_17-291Y-1.cds.fa_09081	NaN	NaN	NaN	NaN	NaN	NaN	NaN	NaN	TFCN17291Y1_009181-T1	TFCN17291Y1_009200-T1
TFCN17291Y1_009181-T1__TFCN17291Y1_009439-T1	NaN	NaN	NaN	NaN	NaN	NaN	NaN	NaN	GF00000002	Rhodotorula_mucilaginosa_TFCN_17-291Y-1.cds.fa_09062	Rhodotorula_mucilaginosa_TFCN_17-291Y-1.cds.fa_09319	NaN	NaN	NaN	NaN	NaN	NaN	NaN	NaN	TFCN17291Y1_009181-T1	TFCN17291Y1_009439-T1
TFCN17291Y1_009181-T1__TFCN17291Y1_012078-T1	NaN	NaN	NaN	NaN	NaN	NaN	NaN	NaN	GF00000002	Rhodotorula_mucilaginosa_TFCN_17-291Y-1.cds.fa_09062	Rhodotorula_mucilaginosa_TFCN_17-291Y-1.cds.fa_11901	NaN	NaN	NaN	NaN	NaN	NaN	NaN	NaN	TFCN17291Y1_009181-T1	TFCN17291Y1_012078-T1
TFCN17291Y1_009181-T1__TFCN17291Y1_012077-T1	NaN	NaN	NaN	NaN	NaN	NaN	NaN	NaN	GF00000002	Rhodotorula_mucilaginosa_TFCN_17-291Y-1.cds.fa_09062	Rhodotorula_mucilaginosa_TFCN_17-291Y-1.cds.fa_11900	NaN	NaN	NaN	NaN	NaN	NaN	NaN	NaN	TFCN17291Y1_009181-T1	TFCN17291Y1_012077-T1
TFCN17291Y1_009180-T1__TFCN17291Y1_009198-T1	NaN	NaN	NaN	NaN	NaN	NaN	NaN	NaN	GF00000002	Rhodotorula_mucilaginosa_TFCN_17-291Y-1.cds.fa_09079	Rhodotorula_mucilaginosa_TFCN_17-291Y-1.cds.fa_09061	NaN	NaN	NaN	NaN	NaN	NaN	NaN	NaN	TFCN17291Y1_009198-T1	TFCN17291Y1_009180-T1
TFCN17291Y1_009198-T1__TFCN17291Y1_009199-T1	NaN	NaN	NaN	NaN	NaN	NaN	NaN	NaN	GF00000002	Rhodotorula_mucilaginosa_TFCN_17-291Y-1.cds.fa_09079	Rhodotorula_mucilaginosa_TFCN_17-291Y-1.cds.fa_09080	NaN	NaN	NaN	NaN	NaN	NaN	NaN	NaN	TFCN17291Y1_009198-T1	TFCN17291Y1_009199-T1
TFCN17291Y1_009198-T1__TFCN17291Y1_012075-T1	NaN	NaN	NaN	NaN	NaN	NaN	NaN	NaN	GF00000002	Rhodotorula_mucilaginosa_TFCN_17-291Y-1.cds.fa_09079	Rhodotorula_mucilaginosa_TFCN_17-291Y-1.cds.fa_11898	NaN	NaN	NaN	NaN	NaN	NaN	NaN	NaN	TFCN17291Y1_009198-T1	TFCN17291Y1_012075-T1
TFCN17291Y1_001370-T1__TFCN17291Y1_009198-T1	NaN	NaN	NaN	NaN	NaN	NaN	NaN	NaN	GF00000002	Rhodotorula_mucilaginosa_TFCN_17-291Y-1.cds.fa_09079	Rhodotorula_mucilaginosa_TFCN_17-291Y-1.cds.fa_01360	NaN	NaN	NaN	NaN	NaN	NaN	NaN	NaN	TFCN17291Y1_009198-T1	TFCN17291Y1_001370-T1
TFCN17291Y1_009198-T1__TFCN17291Y1_009200-T1	NaN	NaN	NaN	NaN	NaN	NaN	NaN	NaN	GF00000002	Rhodotorula_mucilaginosa_TFCN_17-291Y-1.cds.fa_09079	Rhodotorula_mucilaginosa_TFCN_17-291Y-1.cds.fa_09081	NaN	NaN	NaN	NaN	NaN	NaN	NaN	NaN	TFCN17291Y1_009198-T1	TFCN17291Y1_009200-T1
TFCN17291Y1_009198-T1__TFCN17291Y1_009439-T1	NaN	NaN	NaN	NaN	NaN	NaN	NaN	NaN	GF00000002	Rhodotorula_mucilaginosa_TFCN_17-291Y-1.cds.fa_09079	Rhodotorula_mucilaginosa_TFCN_17-291Y-1.cds.fa_09319	NaN	NaN	NaN	NaN	NaN	NaN	NaN	NaN	TFCN17291Y1_009198-T1	TFCN17291Y1_009439-T1
TFCN17291Y1_009198-T1__TFCN17291Y1_012078-T1	NaN	NaN	NaN	NaN	NaN	NaN	NaN	NaN	GF00000002	Rhodotorula_mucilaginosa_TFCN_17-291Y-1.cds.fa_09079	Rhodotorula_mucilaginosa_TFCN_17-291Y-1.cds.fa_11901	NaN	NaN	NaN	NaN	NaN	NaN	NaN	NaN	TFCN17291Y1_009198-T1	TFCN17291Y1_012078-T1
TFCN17291Y1_009198-T1__TFCN17291Y1_012077-T1	NaN	NaN	NaN	NaN	NaN	NaN	NaN	NaN	GF00000002	Rhodotorula_mucilaginosa_TFCN_17-291Y-1.cds.fa_09079	Rhodotorula_mucilaginosa_TFCN_17-291Y-1.cds.fa_11900	NaN	NaN	NaN	NaN	NaN	NaN	NaN	NaN	TFCN17291Y1_009198-T1	TFCN17291Y1_012077-T1
TFCN17291Y1_009180-T1__TFCN17291Y1_009199-T1	NaN	NaN	NaN	NaN	NaN	NaN	NaN	NaN	GF00000002	Rhodotorula_mucilaginosa_TFCN_17-291Y-1.cds.fa_09061	Rhodotorula_mucilaginosa_TFCN_17-291Y-1.cds.fa_09080	NaN	NaN	NaN	NaN	NaN	NaN	NaN	NaN	TFCN17291Y1_009180-T1	TFCN17291Y1_009199-T1
TFCN17291Y1_009180-T1__TFCN17291Y1_012075-T1	NaN	NaN	NaN	NaN	NaN	NaN	NaN	NaN	GF00000002	Rhodotorula_mucilaginosa_TFCN_17-291Y-1.cds.fa_09061	Rhodotorula_mucilaginosa_TFCN_17-291Y-1.cds.fa_11898	NaN	NaN	NaN	NaN	NaN	NaN	NaN	NaN	TFCN17291Y1_009180-T1	TFCN17291Y1_012075-T1
TFCN17291Y1_001370-T1__TFCN17291Y1_009180-T1	NaN	NaN	NaN	NaN	NaN	NaN	NaN	NaN	GF00000002	Rhodotorula_mucilaginosa_TFCN_17-291Y-1.cds.fa_09061	Rhodotorula_mucilaginosa_TFCN_17-291Y-1.cds.fa_01360	NaN	NaN	NaN	NaN	NaN	NaN	NaN	NaN	TFCN17291Y1_009180-T1	TFCN17291Y1_001370-T1
TFCN17291Y1_009180-T1__TFCN17291Y1_009200-T1	NaN	NaN	NaN	NaN	NaN	NaN	NaN	NaN	GF00000002	Rhodotorula_mucilaginosa_TFCN_17-291Y-1.cds.fa_09061	Rhodotorula_mucilaginosa_TFCN_17-291Y-1.cds.fa_09081	NaN	NaN	NaN	NaN	NaN	NaN	NaN	NaN	TFCN17291Y1_009180-T1	TFCN17291Y1_009200-T1
TFCN17291Y1_009180-T1__TFCN17291Y1_009439-T1	NaN	NaN	NaN	NaN	NaN	NaN	NaN	NaN	GF00000002	Rhodotorula_mucilaginosa_TFCN_17-291Y-1.cds.fa_09061	Rhodotorula_mucilaginosa_TFCN_17-291Y-1.cds.fa_09319	NaN	NaN	NaN	NaN	NaN	NaN	NaN	NaN	TFCN17291Y1_009180-T1	TFCN17291Y1_009439-T1
TFCN17291Y1_009180-T1__TFCN17291Y1_012078-T1	NaN	NaN	NaN	NaN	NaN	NaN	NaN	NaN	GF00000002	Rhodotorula_mucilaginosa_TFCN_17-291Y-1.cds.fa_09061	Rhodotorula_mucilaginosa_TFCN_17-291Y-1.cds.fa_11901	NaN	NaN	NaN	NaN	NaN	NaN	NaN	NaN	TFCN17291Y1_009180-T1	TFCN17291Y1_012078-T1
TFCN17291Y1_009180-T1__TFCN17291Y1_012077-T1	NaN	NaN	NaN	NaN	NaN	NaN	NaN	NaN	GF00000002	Rhodotorula_mucilaginosa_TFCN_17-291Y-1.cds.fa_09061	Rhodotorula_mucilaginosa_TFCN_17-291Y-1.cds.fa_11900	NaN	NaN	NaN	NaN	NaN	NaN	NaN	NaN	TFCN17291Y1_009180-T1	TFCN17291Y1_012077-T1
TFCN17291Y1_009199-T1__TFCN17291Y1_012075-T1	NaN	NaN	NaN	NaN	NaN	NaN	NaN	NaN	GF00000002	Rhodotorula_mucilaginosa_TFCN_17-291Y-1.cds.fa_09080	Rhodotorula_mucilaginosa_TFCN_17-291Y-1.cds.fa_11898	NaN	NaN	NaN	NaN	NaN	NaN	NaN	NaN	TFCN17291Y1_009199-T1	TFCN17291Y1_012075-T1
TFCN17291Y1_001370-T1__TFCN17291Y1_009199-T1	NaN	NaN	NaN	NaN	NaN	NaN	NaN	NaN	GF00000002	Rhodotorula_mucilaginosa_TFCN_17-291Y-1.cds.fa_09080	Rhodotorula_mucilaginosa_TFCN_17-291Y-1.cds.fa_01360	NaN	NaN	NaN	NaN	NaN	NaN	NaN	NaN	TFCN17291Y1_009199-T1	TFCN17291Y1_001370-T1
TFCN17291Y1_009199-T1__TFCN17291Y1_009200-T1	NaN	NaN	NaN	NaN	NaN	NaN	NaN	NaN	GF00000002	Rhodotorula_mucilaginosa_TFCN_17-291Y-1.cds.fa_09080	Rhodotorula_mucilaginosa_TFCN_17-291Y-1.cds.fa_09081	NaN	NaN	NaN	NaN	NaN	NaN	NaN	NaN	TFCN17291Y1_009199-T1	TFCN17291Y1_009200-T1
TFCN17291Y1_009199-T1__TFCN17291Y1_009439-T1	NaN	NaN	NaN	NaN	NaN	NaN	NaN	NaN	GF00000002	Rhodotorula_mucilaginosa_TFCN_17-291Y-1.cds.fa_09080	Rhodotorula_mucilaginosa_TFCN_17-291Y-1.cds.fa_09319	NaN	NaN	NaN	NaN	NaN	NaN	NaN	NaN	TFCN17291Y1_009199-T1	TFCN17291Y1_009439-T1
TFCN17291Y1_009199-T1__TFCN17291Y1_012078-T1	NaN	NaN	NaN	NaN	NaN	NaN	NaN	NaN	GF00000002	Rhodotorula_mucilaginosa_TFCN_17-291Y-1.cds.fa_09080	Rhodotorula_mucilaginosa_TFCN_17-291Y-1.cds.fa_11901	NaN	NaN	NaN	NaN	NaN	NaN	NaN	NaN	TFCN17291Y1_009199-T1	TFCN17291Y1_012078-T1
TFCN17291Y1_009199-T1__TFCN17291Y1_012077-T1	NaN	NaN	NaN	NaN	NaN	NaN	NaN	NaN	GF00000002	Rhodotorula_mucilaginosa_TFCN_17-291Y-1.cds.fa_09080	Rhodotorula_mucilaginosa_TFCN_17-291Y-1.cds.fa_11900	NaN	NaN	NaN	NaN	NaN	NaN	NaN	NaN	TFCN17291Y1_009199-T1	TFCN17291Y1_012077-T1
TFCN17291Y1_001370-T1__TFCN17291Y1_012075-T1	NaN	NaN	NaN	NaN	NaN	NaN	NaN	NaN	GF00000002	Rhodotorula_mucilaginosa_TFCN_17-291Y-1.cds.fa_11898	Rhodotorula_mucilaginosa_TFCN_17-291Y-1.cds.fa_01360	NaN	NaN	NaN	NaN	NaN	NaN	NaN	NaN	TFCN17291Y1_012075-T1	TFCN17291Y1_001370-T1
TFCN17291Y1_009200-T1__TFCN17291Y1_012075-T1	NaN	NaN	NaN	NaN	NaN	NaN	NaN	NaN	GF00000002	Rhodotorula_mucilaginosa_TFCN_17-291Y-1.cds.fa_11898	Rhodotorula_mucilaginosa_TFCN_17-291Y-1.cds.fa_09081	NaN	NaN	NaN	NaN	NaN	NaN	NaN	NaN	TFCN17291Y1_012075-T1	TFCN17291Y1_009200-T1
TFCN17291Y1_009439-T1__TFCN17291Y1_012075-T1	NaN	NaN	NaN	NaN	NaN	NaN	NaN	NaN	GF00000002	Rhodotorula_mucilaginosa_TFCN_17-291Y-1.cds.fa_11898	Rhodotorula_mucilaginosa_TFCN_17-291Y-1.cds.fa_09319	NaN	NaN	NaN	NaN	NaN	NaN	NaN	NaN	TFCN17291Y1_012075-T1	TFCN17291Y1_009439-T1
TFCN17291Y1_012075-T1__TFCN17291Y1_012078-T1	NaN	NaN	NaN	NaN	NaN	NaN	NaN	NaN	GF00000002	Rhodotorula_mucilaginosa_TFCN_17-291Y-1.cds.fa_11898	Rhodotorula_mucilaginosa_TFCN_17-291Y-1.cds.fa_11901	NaN	NaN	NaN	NaN	NaN	NaN	NaN	NaN	TFCN17291Y1_012075-T1	TFCN17291Y1_012078-T1
TFCN17291Y1_012075-T1__TFCN17291Y1_012077-T1	NaN	NaN	NaN	NaN	NaN	NaN	NaN	NaN	GF00000002	Rhodotorula_mucilaginosa_TFCN_17-291Y-1.cds.fa_11898	Rhodotorula_mucilaginosa_TFCN_17-291Y-1.cds.fa_11900	NaN	NaN	NaN	NaN	NaN	NaN	NaN	NaN	TFCN17291Y1_012075-T1	TFCN17291Y1_012077-T1
TFCN17291Y1_001370-T1__TFCN17291Y1_009200-T1	NaN	NaN	NaN	NaN	NaN	NaN	NaN	NaN	GF00000002	Rhodotorula_mucilaginosa_TFCN_17-291Y-1.cds.fa_01360	Rhodotorula_mucilaginosa_TFCN_17-291Y-1.cds.fa_09081	NaN	NaN	NaN	NaN	NaN	NaN	NaN	NaN	TFCN17291Y1_001370-T1	TFCN17291Y1_009200-T1
TFCN17291Y1_001370-T1__TFCN17291Y1_009439-T1	NaN	NaN	NaN	NaN	NaN	NaN	NaN	NaN	GF00000002	Rhodotorula_mucilaginosa_TFCN_17-291Y-1.cds.fa_01360	Rhodotorula_mucilaginosa_TFCN_17-291Y-1.cds.fa_09319	NaN	NaN	NaN	NaN	NaN	NaN	NaN	NaN	TFCN17291Y1_001370-T1	TFCN17291Y1_009439-T1
TFCN17291Y1_001370-T1__TFCN17291Y1_012078-T1	NaN	NaN	NaN	NaN	NaN	NaN	NaN	NaN	GF00000002	Rhodotorula_mucilaginosa_TFCN_17-291Y-1.cds.fa_01360	Rhodotorula_mucilaginosa_TFCN_17-291Y-1.cds.fa_11901	NaN	NaN	NaN	NaN	NaN	NaN	NaN	NaN	TFCN17291Y1_001370-T1	TFCN17291Y1_012078-T1
TFCN17291Y1_001370-T1__TFCN17291Y1_012077-T1	NaN	NaN	NaN	NaN	NaN	NaN	NaN	NaN	GF00000002	Rhodotorula_mucilaginosa_TFCN_17-291Y-1.cds.fa_01360	Rhodotorula_mucilaginosa_TFCN_17-291Y-1.cds.fa_11900	NaN	NaN	NaN	NaN	NaN	NaN	NaN	NaN	TFCN17291Y1_001370-T1	TFCN17291Y1_012077-T1
TFCN17291Y1_009200-T1__TFCN17291Y1_009439-T1	NaN	NaN	NaN	NaN	NaN	NaN	NaN	NaN	GF00000002	Rhodotorula_mucilaginosa_TFCN_17-291Y-1.cds.fa_09081	Rhodotorula_mucilaginosa_TFCN_17-291Y-1.cds.fa_09319	NaN	NaN	NaN	NaN	NaN	NaN	NaN	NaN	TFCN17291Y1_009200-T1	TFCN17291Y1_009439-T1
TFCN17291Y1_009200-T1__TFCN17291Y1_012078-T1	NaN	NaN	NaN	NaN	NaN	NaN	NaN	NaN	GF00000002	Rhodotorula_mucilaginosa_TFCN_17-291Y-1.cds.fa_09081	Rhodotorula_mucilaginosa_TFCN_17-291Y-1.cds.fa_11901	NaN	NaN	NaN	NaN	NaN	NaN	NaN	NaN	TFCN17291Y1_009200-T1	TFCN17291Y1_012078-T1
TFCN17291Y1_009200-T1__TFCN17291Y1_012077-T1	NaN	NaN	NaN	NaN	NaN	NaN	NaN	NaN	GF00000002	Rhodotorula_mucilaginosa_TFCN_17-291Y-1.cds.fa_09081	Rhodotorula_mucilaginosa_TFCN_17-291Y-1.cds.fa_11900	NaN	NaN	NaN	NaN	NaN	NaN	NaN	NaN	TFCN17291Y1_009200-T1	TFCN17291Y1_012077-T1
TFCN17291Y1_009439-T1__TFCN17291Y1_012078-T1	NaN	NaN	NaN	NaN	NaN	NaN	NaN	NaN	GF00000002	Rhodotorula_mucilaginosa_TFCN_17-291Y-1.cds.fa_09319	Rhodotorula_mucilaginosa_TFCN_17-291Y-1.cds.fa_11901	NaN	NaN	NaN	NaN	NaN	NaN	NaN	NaN	TFCN17291Y1_009439-T1	TFCN17291Y1_012078-T1
TFCN17291Y1_009439-T1__TFCN17291Y1_012077-T1	NaN	NaN	NaN	NaN	NaN	NaN	NaN	NaN	GF00000002	Rhodotorula_mucilaginosa_TFCN_17-291Y-1.cds.fa_09319	Rhodotorula_mucilaginosa_TFCN_17-291Y-1.cds.fa_11900	NaN	NaN	NaN	NaN	NaN	NaN	NaN	NaN	TFCN17291Y1_009439-T1	TFCN17291Y1_012077-T1
TFCN17291Y1_012077-T1__TFCN17291Y1_012078-T1	NaN	NaN	NaN	NaN	NaN	NaN	NaN	NaN	GF00000002	Rhodotorula_mucilaginosa_TFCN_17-291Y-1.cds.fa_11901	Rhodotorula_mucilaginosa_TFCN_17-291Y-1.cds.fa_11900	NaN	NaN	NaN	NaN	NaN	NaN	NaN	NaN	TFCN17291Y1_012078-T1	TFCN17291Y1_012077-T1
TFCN17291Y1_003027-T1__TFCN17291Y1_009360-T1	NaN	NaN	NaN	NaN	NaN	NaN	NaN	NaN	GF00000004	Rhodotorula_mucilaginosa_TFCN_17-291Y-1.cds.fa_02996	Rhodotorula_mucilaginosa_TFCN_17-291Y-1.cds.fa_09241	NaN	NaN	NaN	NaN	NaN	NaN	NaN	NaN	TFCN17291Y1_003027-T1	TFCN17291Y1_009360-T1
TFCN17291Y1_002971-T1__TFCN17291Y1_003027-T1	NaN	NaN	NaN	NaN	NaN	NaN	NaN	NaN	GF00000004	Rhodotorula_mucilaginosa_TFCN_17-291Y-1.cds.fa_02996	Rhodotorula_mucilaginosa_TFCN_17-291Y-1.cds.fa_02940	NaN	NaN	NaN	NaN	NaN	NaN	NaN	NaN	TFCN17291Y1_003027-T1	TFCN17291Y1_002971-T1
TFCN17291Y1_003027-T1__TFCN17291Y1_003230-T1	NaN	NaN	NaN	NaN	NaN	NaN	NaN	NaN	GF00000004	Rhodotorula_mucilaginosa_TFCN_17-291Y-1.cds.fa_02996	Rhodotorula_mucilaginosa_TFCN_17-291Y-1.cds.fa_03197	NaN	NaN	NaN	NaN	NaN	NaN	NaN	NaN	TFCN17291Y1_003027-T1	TFCN17291Y1_003230-T1
TFCN17291Y1_001759-T1__TFCN17291Y1_003027-T1	NaN	NaN	NaN	NaN	NaN	NaN	NaN	NaN	GF00000004	Rhodotorula_mucilaginosa_TFCN_17-291Y-1.cds.fa_02996	Rhodotorula_mucilaginosa_TFCN_17-291Y-1.cds.fa_01749	NaN	NaN	NaN	NaN	NaN	NaN	NaN	NaN	TFCN17291Y1_003027-T1	TFCN17291Y1_001759-T1
TFCN17291Y1_001102-T1__TFCN17291Y1_003027-T1	NaN	NaN	NaN	NaN	NaN	NaN	NaN	NaN	GF00000004	Rhodotorula_mucilaginosa_TFCN_17-291Y-1.cds.fa_02996	Rhodotorula_mucilaginosa_TFCN_17-291Y-1.cds.fa_01092	NaN	NaN	NaN	NaN	NaN	NaN	NaN	NaN	TFCN17291Y1_003027-T1	TFCN17291Y1_001102-T1
TFCN17291Y1_003027-T1__TFCN17291Y1_006702-T1	NaN	NaN	NaN	NaN	NaN	NaN	NaN	NaN	GF00000004	Rhodotorula_mucilaginosa_TFCN_17-291Y-1.cds.fa_02996	Rhodotorula_mucilaginosa_TFCN_17-291Y-1.cds.fa_06621	NaN	NaN	NaN	NaN	NaN	NaN	NaN	NaN	TFCN17291Y1_003027-T1	TFCN17291Y1_006702-T1
TFCN17291Y1_002238-T1__TFCN17291Y1_003027-T1	NaN	NaN	NaN	NaN	NaN	NaN	NaN	NaN	GF00000004	Rhodotorula_mucilaginosa_TFCN_17-291Y-1.cds.fa_02996	Rhodotorula_mucilaginosa_TFCN_17-291Y-1.cds.fa_02227	NaN	NaN	NaN	NaN	NaN	NaN	NaN	NaN	TFCN17291Y1_003027-T1	TFCN17291Y1_002238-T1
TFCN17291Y1_003011-T1__TFCN17291Y1_003027-T1	NaN	NaN	NaN	NaN	NaN	NaN	NaN	NaN	GF00000004	Rhodotorula_mucilaginosa_TFCN_17-291Y-1.cds.fa_02996	Rhodotorula_mucilaginosa_TFCN_17-291Y-1.cds.fa_02980	NaN	NaN	NaN	NaN	NaN	NaN	NaN	NaN	TFCN17291Y1_003027-T1	TFCN17291Y1_003011-T1
TFCN17291Y1_003027-T1__TFCN17291Y1_003262-T1	NaN	NaN	NaN	NaN	NaN	NaN	NaN	NaN	GF00000004	Rhodotorula_mucilaginosa_TFCN_17-291Y-1.cds.fa_02996	Rhodotorula_mucilaginosa_TFCN_17-291Y-1.cds.fa_03229	NaN	NaN	NaN	NaN	NaN	NaN	NaN	NaN	TFCN17291Y1_003027-T1	TFCN17291Y1_003262-T1
TFCN17291Y1_003027-T1__TFCN17291Y1_003233-T1	NaN	NaN	NaN	NaN	NaN	NaN	NaN	NaN	GF00000004	Rhodotorula_mucilaginosa_TFCN_17-291Y-1.cds.fa_02996	Rhodotorula_mucilaginosa_TFCN_17-291Y-1.cds.fa_03200	NaN	NaN	NaN	NaN	NaN	NaN	NaN	NaN	TFCN17291Y1_003027-T1	TFCN17291Y1_003233-T1
TFCN17291Y1_002968-T1__TFCN17291Y1_003027-T1	NaN	NaN	NaN	NaN	NaN	NaN	NaN	NaN	GF00000004	Rhodotorula_mucilaginosa_TFCN_17-291Y-1.cds.fa_02996	Rhodotorula_mucilaginosa_TFCN_17-291Y-1.cds.fa_02937	NaN	NaN	NaN	NaN	NaN	NaN	NaN	NaN	TFCN17291Y1_003027-T1	TFCN17291Y1_002968-T1
TFCN17291Y1_002300-T1__TFCN17291Y1_003027-T1	NaN	NaN	NaN	NaN	NaN	NaN	NaN	NaN	GF00000004	Rhodotorula_mucilaginosa_TFCN_17-291Y-1.cds.fa_02996	Rhodotorula_mucilaginosa_TFCN_17-291Y-1.cds.fa_02289	NaN	NaN	NaN	NaN	NaN	NaN	NaN	NaN	TFCN17291Y1_003027-T1	TFCN17291Y1_002300-T1
TFCN17291Y1_001161-T1__TFCN17291Y1_003027-T1	NaN	NaN	NaN	NaN	NaN	NaN	NaN	NaN	GF00000004	Rhodotorula_mucilaginosa_TFCN_17-291Y-1.cds.fa_02996	Rhodotorula_mucilaginosa_TFCN_17-291Y-1.cds.fa_01151	NaN	NaN	NaN	NaN	NaN	NaN	NaN	NaN	TFCN17291Y1_003027-T1	TFCN17291Y1_001161-T1
TFCN17291Y1_001844-T1__TFCN17291Y1_003027-T1	NaN	NaN	NaN	NaN	NaN	NaN	NaN	NaN	GF00000004	Rhodotorula_mucilaginosa_TFCN_17-291Y-1.cds.fa_02996	Rhodotorula_mucilaginosa_TFCN_17-291Y-1.cds.fa_01834	NaN	NaN	NaN	NaN	NaN	NaN	NaN	NaN	TFCN17291Y1_003027-T1	TFCN17291Y1_001844-T1
TFCN17291Y1_003027-T1__TFCN17291Y1_005780-T1	NaN	NaN	NaN	NaN	NaN	NaN	NaN	NaN	GF00000004	Rhodotorula_mucilaginosa_TFCN_17-291Y-1.cds.fa_02996	Rhodotorula_mucilaginosa_TFCN_17-291Y-1.cds.fa_05715	NaN	NaN	NaN	NaN	NaN	NaN	NaN	NaN	TFCN17291Y1_003027-T1	TFCN17291Y1_005780-T1
TFCN17291Y1_003027-T1__TFCN17291Y1_005779-T1	NaN	NaN	NaN	NaN	NaN	NaN	NaN	NaN	GF00000004	Rhodotorula_mucilaginosa_TFCN_17-291Y-1.cds.fa_02996	Rhodotorula_mucilaginosa_TFCN_17-291Y-1.cds.fa_05714	NaN	NaN	NaN	NaN	NaN	NaN	NaN	NaN	TFCN17291Y1_003027-T1	TFCN17291Y1_005779-T1
TFCN17291Y1_001843-T1__TFCN17291Y1_003027-T1	NaN	NaN	NaN	NaN	NaN	NaN	NaN	NaN	GF00000004	Rhodotorula_mucilaginosa_TFCN_17-291Y-1.cds.fa_02996	Rhodotorula_mucilaginosa_TFCN_17-291Y-1.cds.fa_01833	NaN	NaN	NaN	NaN	NaN	NaN	NaN	NaN	TFCN17291Y1_003027-T1	TFCN17291Y1_001843-T1
TFCN17291Y1_003027-T1__TFCN17291Y1_009359-T1	NaN	NaN	NaN	NaN	NaN	NaN	NaN	NaN	GF00000004	Rhodotorula_mucilaginosa_TFCN_17-291Y-1.cds.fa_02996	Rhodotorula_mucilaginosa_TFCN_17-291Y-1.cds.fa_09240	NaN	NaN	NaN	NaN	NaN	NaN	NaN	NaN	TFCN17291Y1_003027-T1	TFCN17291Y1_009359-T1
TFCN17291Y1_003027-T1__TFCN17291Y1_006703-T1	NaN	NaN	NaN	NaN	NaN	NaN	NaN	NaN	GF00000004	Rhodotorula_mucilaginosa_TFCN_17-291Y-1.cds.fa_02996	Rhodotorula_mucilaginosa_TFCN_17-291Y-1.cds.fa_06622	NaN	NaN	NaN	NaN	NaN	NaN	NaN	NaN	TFCN17291Y1_003027-T1	TFCN17291Y1_006703-T1
TFCN17291Y1_001758-T1__TFCN17291Y1_003027-T1	NaN	NaN	NaN	NaN	NaN	NaN	NaN	NaN	GF00000004	Rhodotorula_mucilaginosa_TFCN_17-291Y-1.cds.fa_02996	Rhodotorula_mucilaginosa_TFCN_17-291Y-1.cds.fa_01748	NaN	NaN	NaN	NaN	NaN	NaN	NaN	NaN	TFCN17291Y1_003027-T1	TFCN17291Y1_001758-T1
TFCN17291Y1_002239-T1__TFCN17291Y1_003027-T1	NaN	NaN	NaN	NaN	NaN	NaN	NaN	NaN	GF00000004	Rhodotorula_mucilaginosa_TFCN_17-291Y-1.cds.fa_02996	Rhodotorula_mucilaginosa_TFCN_17-291Y-1.cds.fa_02228	NaN	NaN	NaN	NaN	NaN	NaN	NaN	NaN	TFCN17291Y1_003027-T1	TFCN17291Y1_002239-T1
TFCN17291Y1_002971-T1__TFCN17291Y1_009360-T1	NaN	NaN	NaN	NaN	NaN	NaN	NaN	NaN	GF00000004	Rhodotorula_mucilaginosa_TFCN_17-291Y-1.cds.fa_09241	Rhodotorula_mucilaginosa_TFCN_17-291Y-1.cds.fa_02940	NaN	NaN	NaN	NaN	NaN	NaN	NaN	NaN	TFCN17291Y1_009360-T1	TFCN17291Y1_002971-T1
TFCN17291Y1_003230-T1__TFCN17291Y1_009360-T1	NaN	NaN	NaN	NaN	NaN	NaN	NaN	NaN	GF00000004	Rhodotorula_mucilaginosa_TFCN_17-291Y-1.cds.fa_09241	Rhodotorula_mucilaginosa_TFCN_17-291Y-1.cds.fa_03197	NaN	NaN	NaN	NaN	NaN	NaN	NaN	NaN	TFCN17291Y1_009360-T1	TFCN17291Y1_003230-T1
TFCN17291Y1_001759-T1__TFCN17291Y1_009360-T1	NaN	NaN	NaN	NaN	NaN	NaN	NaN	NaN	GF00000004	Rhodotorula_mucilaginosa_TFCN_17-291Y-1.cds.fa_09241	Rhodotorula_mucilaginosa_TFCN_17-291Y-1.cds.fa_01749	NaN	NaN	NaN	NaN	NaN	NaN	NaN	NaN	TFCN17291Y1_009360-T1	TFCN17291Y1_001759-T1
TFCN17291Y1_001102-T1__TFCN17291Y1_009360-T1	NaN	NaN	NaN	NaN	NaN	NaN	NaN	NaN	GF00000004	Rhodotorula_mucilaginosa_TFCN_17-291Y-1.cds.fa_09241	Rhodotorula_mucilaginosa_TFCN_17-291Y-1.cds.fa_01092	NaN	NaN	NaN	NaN	NaN	NaN	NaN	NaN	TFCN17291Y1_009360-T1	TFCN17291Y1_001102-T1
TFCN17291Y1_006702-T1__TFCN17291Y1_009360-T1	NaN	NaN	NaN	NaN	NaN	NaN	NaN	NaN	GF00000004	Rhodotorula_mucilaginosa_TFCN_17-291Y-1.cds.fa_09241	Rhodotorula_mucilaginosa_TFCN_17-291Y-1.cds.fa_06621	NaN	NaN	NaN	NaN	NaN	NaN	NaN	NaN	TFCN17291Y1_009360-T1	TFCN17291Y1_006702-T1
TFCN17291Y1_002238-T1__TFCN17291Y1_009360-T1	NaN	NaN	NaN	NaN	NaN	NaN	NaN	NaN	GF00000004	Rhodotorula_mucilaginosa_TFCN_17-291Y-1.cds.fa_09241	Rhodotorula_mucilaginosa_TFCN_17-291Y-1.cds.fa_02227	NaN	NaN	NaN	NaN	NaN	NaN	NaN	NaN	TFCN17291Y1_009360-T1	TFCN17291Y1_002238-T1
TFCN17291Y1_003011-T1__TFCN17291Y1_009360-T1	NaN	NaN	NaN	NaN	NaN	NaN	NaN	NaN	GF00000004	Rhodotorula_mucilaginosa_TFCN_17-291Y-1.cds.fa_09241	Rhodotorula_mucilaginosa_TFCN_17-291Y-1.cds.fa_02980	NaN	NaN	NaN	NaN	NaN	NaN	NaN	NaN	TFCN17291Y1_009360-T1	TFCN17291Y1_003011-T1
TFCN17291Y1_003262-T1__TFCN17291Y1_009360-T1	NaN	NaN	NaN	NaN	NaN	NaN	NaN	NaN	GF00000004	Rhodotorula_mucilaginosa_TFCN_17-291Y-1.cds.fa_09241	Rhodotorula_mucilaginosa_TFCN_17-291Y-1.cds.fa_03229	NaN	NaN	NaN	NaN	NaN	NaN	NaN	NaN	TFCN17291Y1_009360-T1	TFCN17291Y1_003262-T1
TFCN17291Y1_003233-T1__TFCN17291Y1_009360-T1	NaN	NaN	NaN	NaN	NaN	NaN	NaN	NaN	GF00000004	Rhodotorula_mucilaginosa_TFCN_17-291Y-1.cds.fa_09241	Rhodotorula_mucilaginosa_TFCN_17-291Y-1.cds.fa_03200	NaN	NaN	NaN	NaN	NaN	NaN	NaN	NaN	TFCN17291Y1_009360-T1	TFCN17291Y1_003233-T1
TFCN17291Y1_002968-T1__TFCN17291Y1_009360-T1	NaN	NaN	NaN	NaN	NaN	NaN	NaN	NaN	GF00000004	Rhodotorula_mucilaginosa_TFCN_17-291Y-1.cds.fa_09241	Rhodotorula_mucilaginosa_TFCN_17-291Y-1.cds.fa_02937	NaN	NaN	NaN	NaN	NaN	NaN	NaN	NaN	TFCN17291Y1_009360-T1	TFCN17291Y1_002968-T1
TFCN17291Y1_002300-T1__TFCN17291Y1_009360-T1	NaN	NaN	NaN	NaN	NaN	NaN	NaN	NaN	GF00000004	Rhodotorula_mucilaginosa_TFCN_17-291Y-1.cds.fa_09241	Rhodotorula_mucilaginosa_TFCN_17-291Y-1.cds.fa_02289	NaN	NaN	NaN	NaN	NaN	NaN	NaN	NaN	TFCN17291Y1_009360-T1	TFCN17291Y1_002300-T1
TFCN17291Y1_001161-T1__TFCN17291Y1_009360-T1	NaN	NaN	NaN	NaN	NaN	NaN	NaN	NaN	GF00000004	Rhodotorula_mucilaginosa_TFCN_17-291Y-1.cds.fa_09241	Rhodotorula_mucilaginosa_TFCN_17-291Y-1.cds.fa_01151	NaN	NaN	NaN	NaN	NaN	NaN	NaN	NaN	TFCN17291Y1_009360-T1	TFCN17291Y1_001161-T1
TFCN17291Y1_001844-T1__TFCN17291Y1_009360-T1	NaN	NaN	NaN	NaN	NaN	NaN	NaN	NaN	GF00000004	Rhodotorula_mucilaginosa_TFCN_17-291Y-1.cds.fa_09241	Rhodotorula_mucilaginosa_TFCN_17-291Y-1.cds.fa_01834	NaN	NaN	NaN	NaN	NaN	NaN	NaN	NaN	TFCN17291Y1_009360-T1	TFCN17291Y1_001844-T1
TFCN17291Y1_005780-T1__TFCN17291Y1_009360-T1	NaN	NaN	NaN	NaN	NaN	NaN	NaN	NaN	GF00000004	Rhodotorula_mucilaginosa_TFCN_17-291Y-1.cds.fa_09241	Rhodotorula_mucilaginosa_TFCN_17-291Y-1.cds.fa_05715	NaN	NaN	NaN	NaN	NaN	NaN	NaN	NaN	TFCN17291Y1_009360-T1	TFCN17291Y1_005780-T1
TFCN17291Y1_005779-T1__TFCN17291Y1_009360-T1	NaN	NaN	NaN	NaN	NaN	NaN	NaN	NaN	GF00000004	Rhodotorula_mucilaginosa_TFCN_17-291Y-1.cds.fa_09241	Rhodotorula_mucilaginosa_TFCN_17-291Y-1.cds.fa_05714	NaN	NaN	NaN	NaN	NaN	NaN	NaN	NaN	TFCN17291Y1_009360-T1	TFCN17291Y1_005779-T1
TFCN17291Y1_001843-T1__TFCN17291Y1_009360-T1	NaN	NaN	NaN	NaN	NaN	NaN	NaN	NaN	GF00000004	Rhodotorula_mucilaginosa_TFCN_17-291Y-1.cds.fa_09241	Rhodotorula_mucilaginosa_TFCN_17-291Y-1.cds.fa_01833	NaN	NaN	NaN	NaN	NaN	NaN	NaN	NaN	TFCN17291Y1_009360-T1	TFCN17291Y1_001843-T1
TFCN17291Y1_009359-T1__TFCN17291Y1_009360-T1	NaN	NaN	NaN	NaN	NaN	NaN	NaN	NaN	GF00000004	Rhodotorula_mucilaginosa_TFCN_17-291Y-1.cds.fa_09241	Rhodotorula_mucilaginosa_TFCN_17-291Y-1.cds.fa_09240	NaN	NaN	NaN	NaN	NaN	NaN	NaN	NaN	TFCN17291Y1_009360-T1	TFCN17291Y1_009359-T1
TFCN17291Y1_006703-T1__TFCN17291Y1_009360-T1	NaN	NaN	NaN	NaN	NaN	NaN	NaN	NaN	GF00000004	Rhodotorula_mucilaginosa_TFCN_17-291Y-1.cds.fa_09241	Rhodotorula_mucilaginosa_TFCN_17-291Y-1.cds.fa_06622	NaN	NaN	NaN	NaN	NaN	NaN	NaN	NaN	TFCN17291Y1_009360-T1	TFCN17291Y1_006703-T1
TFCN17291Y1_001758-T1__TFCN17291Y1_009360-T1	NaN	NaN	NaN	NaN	NaN	NaN	NaN	NaN	GF00000004	Rhodotorula_mucilaginosa_TFCN_17-291Y-1.cds.fa_09241	Rhodotorula_mucilaginosa_TFCN_17-291Y-1.cds.fa_01748	NaN	NaN	NaN	NaN	NaN	NaN	NaN	NaN	TFCN17291Y1_009360-T1	TFCN17291Y1_001758-T1
TFCN17291Y1_002239-T1__TFCN17291Y1_009360-T1	NaN	NaN	NaN	NaN	NaN	NaN	NaN	NaN	GF00000004	Rhodotorula_mucilaginosa_TFCN_17-291Y-1.cds.fa_09241	Rhodotorula_mucilaginosa_TFCN_17-291Y-1.cds.fa_02228	NaN	NaN	NaN	NaN	NaN	NaN	NaN	NaN	TFCN17291Y1_009360-T1	TFCN17291Y1_002239-T1
TFCN17291Y1_002971-T1__TFCN17291Y1_003230-T1	NaN	NaN	NaN	NaN	NaN	NaN	NaN	NaN	GF00000004	Rhodotorula_mucilaginosa_TFCN_17-291Y-1.cds.fa_02940	Rhodotorula_mucilaginosa_TFCN_17-291Y-1.cds.fa_03197	NaN	NaN	NaN	NaN	NaN	NaN	NaN	NaN	TFCN17291Y1_002971-T1	TFCN17291Y1_003230-T1
TFCN17291Y1_001759-T1__TFCN17291Y1_002971-T1	NaN	NaN	NaN	NaN	NaN	NaN	NaN	NaN	GF00000004	Rhodotorula_mucilaginosa_TFCN_17-291Y-1.cds.fa_02940	Rhodotorula_mucilaginosa_TFCN_17-291Y-1.cds.fa_01749	NaN	NaN	NaN	NaN	NaN	NaN	NaN	NaN	TFCN17291Y1_002971-T1	TFCN17291Y1_001759-T1
TFCN17291Y1_001102-T1__TFCN17291Y1_002971-T1	NaN	NaN	NaN	NaN	NaN	NaN	NaN	NaN	GF00000004	Rhodotorula_mucilaginosa_TFCN_17-291Y-1.cds.fa_02940	Rhodotorula_mucilaginosa_TFCN_17-291Y-1.cds.fa_01092	NaN	NaN	NaN	NaN	NaN	NaN	NaN	NaN	TFCN17291Y1_002971-T1	TFCN17291Y1_001102-T1
TFCN17291Y1_002971-T1__TFCN17291Y1_006702-T1	NaN	NaN	NaN	NaN	NaN	NaN	NaN	NaN	GF00000004	Rhodotorula_mucilaginosa_TFCN_17-291Y-1.cds.fa_02940	Rhodotorula_mucilaginosa_TFCN_17-291Y-1.cds.fa_06621	NaN	NaN	NaN	NaN	NaN	NaN	NaN	NaN	TFCN17291Y1_002971-T1	TFCN17291Y1_006702-T1
TFCN17291Y1_002238-T1__TFCN17291Y1_002971-T1	NaN	NaN	NaN	NaN	NaN	NaN	NaN	NaN	GF00000004	Rhodotorula_mucilaginosa_TFCN_17-291Y-1.cds.fa_02940	Rhodotorula_mucilaginosa_TFCN_17-291Y-1.cds.fa_02227	NaN	NaN	NaN	NaN	NaN	NaN	NaN	NaN	TFCN17291Y1_002971-T1	TFCN17291Y1_002238-T1
TFCN17291Y1_002971-T1__TFCN17291Y1_003011-T1	NaN	NaN	NaN	NaN	NaN	NaN	NaN	NaN	GF00000004	Rhodotorula_mucilaginosa_TFCN_17-291Y-1.cds.fa_02940	Rhodotorula_mucilaginosa_TFCN_17-291Y-1.cds.fa_02980	NaN	NaN	NaN	NaN	NaN	NaN	NaN	NaN	TFCN17291Y1_002971-T1	TFCN17291Y1_003011-T1
TFCN17291Y1_002971-T1__TFCN17291Y1_003262-T1	NaN	NaN	NaN	NaN	NaN	NaN	NaN	NaN	GF00000004	Rhodotorula_mucilaginosa_TFCN_17-291Y-1.cds.fa_02940	Rhodotorula_mucilaginosa_TFCN_17-291Y-1.cds.fa_03229	NaN	NaN	NaN	NaN	NaN	NaN	NaN	NaN	TFCN17291Y1_002971-T1	TFCN17291Y1_003262-T1
TFCN17291Y1_002971-T1__TFCN17291Y1_003233-T1	NaN	NaN	NaN	NaN	NaN	NaN	NaN	NaN	GF00000004	Rhodotorula_mucilaginosa_TFCN_17-291Y-1.cds.fa_02940	Rhodotorula_mucilaginosa_TFCN_17-291Y-1.cds.fa_03200	NaN	NaN	NaN	NaN	NaN	NaN	NaN	NaN	TFCN17291Y1_002971-T1	TFCN17291Y1_003233-T1
TFCN17291Y1_002968-T1__TFCN17291Y1_002971-T1	NaN	NaN	NaN	NaN	NaN	NaN	NaN	NaN	GF00000004	Rhodotorula_mucilaginosa_TFCN_17-291Y-1.cds.fa_02940	Rhodotorula_mucilaginosa_TFCN_17-291Y-1.cds.fa_02937	NaN	NaN	NaN	NaN	NaN	NaN	NaN	NaN	TFCN17291Y1_002971-T1	TFCN17291Y1_002968-T1
TFCN17291Y1_002300-T1__TFCN17291Y1_002971-T1	NaN	NaN	NaN	NaN	NaN	NaN	NaN	NaN	GF00000004	Rhodotorula_mucilaginosa_TFCN_17-291Y-1.cds.fa_02940	Rhodotorula_mucilaginosa_TFCN_17-291Y-1.cds.fa_02289	NaN	NaN	NaN	NaN	NaN	NaN	NaN	NaN	TFCN17291Y1_002971-T1	TFCN17291Y1_002300-T1
TFCN17291Y1_001161-T1__TFCN17291Y1_002971-T1	NaN	NaN	NaN	NaN	NaN	NaN	NaN	NaN	GF00000004	Rhodotorula_mucilaginosa_TFCN_17-291Y-1.cds.fa_02940	Rhodotorula_mucilaginosa_TFCN_17-291Y-1.cds.fa_01151	NaN	NaN	NaN	NaN	NaN	NaN	NaN	NaN	TFCN17291Y1_002971-T1	TFCN17291Y1_001161-T1
TFCN17291Y1_001844-T1__TFCN17291Y1_002971-T1	NaN	NaN	NaN	NaN	NaN	NaN	NaN	NaN	GF00000004	Rhodotorula_mucilaginosa_TFCN_17-291Y-1.cds.fa_02940	Rhodotorula_mucilaginosa_TFCN_17-291Y-1.cds.fa_01834	NaN	NaN	NaN	NaN	NaN	NaN	NaN	NaN	TFCN17291Y1_002971-T1	TFCN17291Y1_001844-T1
TFCN17291Y1_002971-T1__TFCN17291Y1_005780-T1	NaN	NaN	NaN	NaN	NaN	NaN	NaN	NaN	GF00000004	Rhodotorula_mucilaginosa_TFCN_17-291Y-1.cds.fa_02940	Rhodotorula_mucilaginosa_TFCN_17-291Y-1.cds.fa_05715	NaN	NaN	NaN	NaN	NaN	NaN	NaN	NaN	TFCN17291Y1_002971-T1	TFCN17291Y1_005780-T1
TFCN17291Y1_002971-T1__TFCN17291Y1_005779-T1	NaN	NaN	NaN	NaN	NaN	NaN	NaN	NaN	GF00000004	Rhodotorula_mucilaginosa_TFCN_17-291Y-1.cds.fa_02940	Rhodotorula_mucilaginosa_TFCN_17-291Y-1.cds.fa_05714	NaN	NaN	NaN	NaN	NaN	NaN	NaN	NaN	TFCN17291Y1_002971-T1	TFCN17291Y1_005779-T1
TFCN17291Y1_001843-T1__TFCN17291Y1_002971-T1	NaN	NaN	NaN	NaN	NaN	NaN	NaN	NaN	GF00000004	Rhodotorula_mucilaginosa_TFCN_17-291Y-1.cds.fa_02940	Rhodotorula_mucilaginosa_TFCN_17-291Y-1.cds.fa_01833	NaN	NaN	NaN	NaN	NaN	NaN	NaN	NaN	TFCN17291Y1_002971-T1	TFCN17291Y1_001843-T1
TFCN17291Y1_002971-T1__TFCN17291Y1_009359-T1	NaN	NaN	NaN	NaN	NaN	NaN	NaN	NaN	GF00000004	Rhodotorula_mucilaginosa_TFCN_17-291Y-1.cds.fa_02940	Rhodotorula_mucilaginosa_TFCN_17-291Y-1.cds.fa_09240	NaN	NaN	NaN	NaN	NaN	NaN	NaN	NaN	TFCN17291Y1_002971-T1	TFCN17291Y1_009359-T1
TFCN17291Y1_002971-T1__TFCN17291Y1_006703-T1	NaN	NaN	NaN	NaN	NaN	NaN	NaN	NaN	GF00000004	Rhodotorula_mucilaginosa_TFCN_17-291Y-1.cds.fa_02940	Rhodotorula_mucilaginosa_TFCN_17-291Y-1.cds.fa_06622	NaN	NaN	NaN	NaN	NaN	NaN	NaN	NaN	TFCN17291Y1_002971-T1	TFCN17291Y1_006703-T1
TFCN17291Y1_001758-T1__TFCN17291Y1_002971-T1	NaN	NaN	NaN	NaN	NaN	NaN	NaN	NaN	GF00000004	Rhodotorula_mucilaginosa_TFCN_17-291Y-1.cds.fa_02940	Rhodotorula_mucilaginosa_TFCN_17-291Y-1.cds.fa_01748	NaN	NaN	NaN	NaN	NaN	NaN	NaN	NaN	TFCN17291Y1_002971-T1	TFCN17291Y1_001758-T1
TFCN17291Y1_002239-T1__TFCN17291Y1_002971-T1	NaN	NaN	NaN	NaN	NaN	NaN	NaN	NaN	GF00000004	Rhodotorula_mucilaginosa_TFCN_17-291Y-1.cds.fa_02940	Rhodotorula_mucilaginosa_TFCN_17-291Y-1.cds.fa_02228	NaN	NaN	NaN	NaN	NaN	NaN	NaN	NaN	TFCN17291Y1_002971-T1	TFCN17291Y1_002239-T1
TFCN17291Y1_001759-T1__TFCN17291Y1_003230-T1	NaN	NaN	NaN	NaN	NaN	NaN	NaN	NaN	GF00000004	Rhodotorula_mucilaginosa_TFCN_17-291Y-1.cds.fa_03197	Rhodotorula_mucilaginosa_TFCN_17-291Y-1.cds.fa_01749	NaN	NaN	NaN	NaN	NaN	NaN	NaN	NaN	TFCN17291Y1_003230-T1	TFCN17291Y1_001759-T1
TFCN17291Y1_001102-T1__TFCN17291Y1_003230-T1	NaN	NaN	NaN	NaN	NaN	NaN	NaN	NaN	GF00000004	Rhodotorula_mucilaginosa_TFCN_17-291Y-1.cds.fa_03197	Rhodotorula_mucilaginosa_TFCN_17-291Y-1.cds.fa_01092	NaN	NaN	NaN	NaN	NaN	NaN	NaN	NaN	TFCN17291Y1_003230-T1	TFCN17291Y1_001102-T1
TFCN17291Y1_003230-T1__TFCN17291Y1_006702-T1	NaN	NaN	NaN	NaN	NaN	NaN	NaN	NaN	GF00000004	Rhodotorula_mucilaginosa_TFCN_17-291Y-1.cds.fa_03197	Rhodotorula_mucilaginosa_TFCN_17-291Y-1.cds.fa_06621	NaN	NaN	NaN	NaN	NaN	NaN	NaN	NaN	TFCN17291Y1_003230-T1	TFCN17291Y1_006702-T1
TFCN17291Y1_002238-T1__TFCN17291Y1_003230-T1	NaN	NaN	NaN	NaN	NaN	NaN	NaN	NaN	GF00000004	Rhodotorula_mucilaginosa_TFCN_17-291Y-1.cds.fa_03197	Rhodotorula_mucilaginosa_TFCN_17-291Y-1.cds.fa_02227	NaN	NaN	NaN	NaN	NaN	NaN	NaN	NaN	TFCN17291Y1_003230-T1	TFCN17291Y1_002238-T1
TFCN17291Y1_003011-T1__TFCN17291Y1_003230-T1	NaN	NaN	NaN	NaN	NaN	NaN	NaN	NaN	GF00000004	Rhodotorula_mucilaginosa_TFCN_17-291Y-1.cds.fa_03197	Rhodotorula_mucilaginosa_TFCN_17-291Y-1.cds.fa_02980	NaN	NaN	NaN	NaN	NaN	NaN	NaN	NaN	TFCN17291Y1_003230-T1	TFCN17291Y1_003011-T1
TFCN17291Y1_003230-T1__TFCN17291Y1_003262-T1	NaN	NaN	NaN	NaN	NaN	NaN	NaN	NaN	GF00000004	Rhodotorula_mucilaginosa_TFCN_17-291Y-1.cds.fa_03197	Rhodotorula_mucilaginosa_TFCN_17-291Y-1.cds.fa_03229	NaN	NaN	NaN	NaN	NaN	NaN	NaN	NaN	TFCN17291Y1_003230-T1	TFCN17291Y1_003262-T1
TFCN17291Y1_003230-T1__TFCN17291Y1_003233-T1	NaN	NaN	NaN	NaN	NaN	NaN	NaN	NaN	GF00000004	Rhodotorula_mucilaginosa_TFCN_17-291Y-1.cds.fa_03197	Rhodotorula_mucilaginosa_TFCN_17-291Y-1.cds.fa_03200	NaN	NaN	NaN	NaN	NaN	NaN	NaN	NaN	TFCN17291Y1_003230-T1	TFCN17291Y1_003233-T1
TFCN17291Y1_002968-T1__TFCN17291Y1_003230-T1	NaN	NaN	NaN	NaN	NaN	NaN	NaN	NaN	GF00000004	Rhodotorula_mucilaginosa_TFCN_17-291Y-1.cds.fa_03197	Rhodotorula_mucilaginosa_TFCN_17-291Y-1.cds.fa_02937	NaN	NaN	NaN	NaN	NaN	NaN	NaN	NaN	TFCN17291Y1_003230-T1	TFCN17291Y1_002968-T1
TFCN17291Y1_002300-T1__TFCN17291Y1_003230-T1	NaN	NaN	NaN	NaN	NaN	NaN	NaN	NaN	GF00000004	Rhodotorula_mucilaginosa_TFCN_17-291Y-1.cds.fa_03197	Rhodotorula_mucilaginosa_TFCN_17-291Y-1.cds.fa_02289	NaN	NaN	NaN	NaN	NaN	NaN	NaN	NaN	TFCN17291Y1_003230-T1	TFCN17291Y1_002300-T1
TFCN17291Y1_001161-T1__TFCN17291Y1_003230-T1	NaN	NaN	NaN	NaN	NaN	NaN	NaN	NaN	GF00000004	Rhodotorula_mucilaginosa_TFCN_17-291Y-1.cds.fa_03197	Rhodotorula_mucilaginosa_TFCN_17-291Y-1.cds.fa_01151	NaN	NaN	NaN	NaN	NaN	NaN	NaN	NaN	TFCN17291Y1_003230-T1	TFCN17291Y1_001161-T1
TFCN17291Y1_001844-T1__TFCN17291Y1_003230-T1	NaN	NaN	NaN	NaN	NaN	NaN	NaN	NaN	GF00000004	Rhodotorula_mucilaginosa_TFCN_17-291Y-1.cds.fa_03197	Rhodotorula_mucilaginosa_TFCN_17-291Y-1.cds.fa_01834	NaN	NaN	NaN	NaN	NaN	NaN	NaN	NaN	TFCN17291Y1_003230-T1	TFCN17291Y1_001844-T1
TFCN17291Y1_003230-T1__TFCN17291Y1_005780-T1	NaN	NaN	NaN	NaN	NaN	NaN	NaN	NaN	GF00000004	Rhodotorula_mucilaginosa_TFCN_17-291Y-1.cds.fa_03197	Rhodotorula_mucilaginosa_TFCN_17-291Y-1.cds.fa_05715	NaN	NaN	NaN	NaN	NaN	NaN	NaN	NaN	TFCN17291Y1_003230-T1	TFCN17291Y1_005780-T1
TFCN17291Y1_003230-T1__TFCN17291Y1_005779-T1	NaN	NaN	NaN	NaN	NaN	NaN	NaN	NaN	GF00000004	Rhodotorula_mucilaginosa_TFCN_17-291Y-1.cds.fa_03197	Rhodotorula_mucilaginosa_TFCN_17-291Y-1.cds.fa_05714	NaN	NaN	NaN	NaN	NaN	NaN	NaN	NaN	TFCN17291Y1_003230-T1	TFCN17291Y1_005779-T1
TFCN17291Y1_001843-T1__TFCN17291Y1_003230-T1	NaN	NaN	NaN	NaN	NaN	NaN	NaN	NaN	GF00000004	Rhodotorula_mucilaginosa_TFCN_17-291Y-1.cds.fa_03197	Rhodotorula_mucilaginosa_TFCN_17-291Y-1.cds.fa_01833	NaN	NaN	NaN	NaN	NaN	NaN	NaN	NaN	TFCN17291Y1_003230-T1	TFCN17291Y1_001843-T1
TFCN17291Y1_003230-T1__TFCN17291Y1_009359-T1	NaN	NaN	NaN	NaN	NaN	NaN	NaN	NaN	GF00000004	Rhodotorula_mucilaginosa_TFCN_17-291Y-1.cds.fa_03197	Rhodotorula_mucilaginosa_TFCN_17-291Y-1.cds.fa_09240	NaN	NaN	NaN	NaN	NaN	NaN	NaN	NaN	TFCN17291Y1_003230-T1	TFCN17291Y1_009359-T1
TFCN17291Y1_003230-T1__TFCN17291Y1_006703-T1	NaN	NaN	NaN	NaN	NaN	NaN	NaN	NaN	GF00000004	Rhodotorula_mucilaginosa_TFCN_17-291Y-1.cds.fa_03197	Rhodotorula_mucilaginosa_TFCN_17-291Y-1.cds.fa_06622	NaN	NaN	NaN	NaN	NaN	NaN	NaN	NaN	TFCN17291Y1_003230-T1	TFCN17291Y1_006703-T1
TFCN17291Y1_001758-T1__TFCN17291Y1_003230-T1	NaN	NaN	NaN	NaN	NaN	NaN	NaN	NaN	GF00000004	Rhodotorula_mucilaginosa_TFCN_17-291Y-1.cds.fa_03197	Rhodotorula_mucilaginosa_TFCN_17-291Y-1.cds.fa_01748	NaN	NaN	NaN	NaN	NaN	NaN	NaN	NaN	TFCN17291Y1_003230-T1	TFCN17291Y1_001758-T1
TFCN17291Y1_002239-T1__TFCN17291Y1_003230-T1	NaN	NaN	NaN	NaN	NaN	NaN	NaN	NaN	GF00000004	Rhodotorula_mucilaginosa_TFCN_17-291Y-1.cds.fa_03197	Rhodotorula_mucilaginosa_TFCN_17-291Y-1.cds.fa_02228	NaN	NaN	NaN	NaN	NaN	NaN	NaN	NaN	TFCN17291Y1_003230-T1	TFCN17291Y1_002239-T1
TFCN17291Y1_001102-T1__TFCN17291Y1_001759-T1	NaN	NaN	NaN	NaN	NaN	NaN	NaN	NaN	GF00000004	Rhodotorula_mucilaginosa_TFCN_17-291Y-1.cds.fa_01749	Rhodotorula_mucilaginosa_TFCN_17-291Y-1.cds.fa_01092	NaN	NaN	NaN	NaN	NaN	NaN	NaN	NaN	TFCN17291Y1_001759-T1	TFCN17291Y1_001102-T1
TFCN17291Y1_001759-T1__TFCN17291Y1_006702-T1	NaN	NaN	NaN	NaN	NaN	NaN	NaN	NaN	GF00000004	Rhodotorula_mucilaginosa_TFCN_17-291Y-1.cds.fa_01749	Rhodotorula_mucilaginosa_TFCN_17-291Y-1.cds.fa_06621	NaN	NaN	NaN	NaN	NaN	NaN	NaN	NaN	TFCN17291Y1_001759-T1	TFCN17291Y1_006702-T1
TFCN17291Y1_001759-T1__TFCN17291Y1_002238-T1	NaN	NaN	NaN	NaN	NaN	NaN	NaN	NaN	GF00000004	Rhodotorula_mucilaginosa_TFCN_17-291Y-1.cds.fa_01749	Rhodotorula_mucilaginosa_TFCN_17-291Y-1.cds.fa_02227	NaN	NaN	NaN	NaN	NaN	NaN	NaN	NaN	TFCN17291Y1_001759-T1	TFCN17291Y1_002238-T1
TFCN17291Y1_001759-T1__TFCN17291Y1_003011-T1	NaN	NaN	NaN	NaN	NaN	NaN	NaN	NaN	GF00000004	Rhodotorula_mucilaginosa_TFCN_17-291Y-1.cds.fa_01749	Rhodotorula_mucilaginosa_TFCN_17-291Y-1.cds.fa_02980	NaN	NaN	NaN	NaN	NaN	NaN	NaN	NaN	TFCN17291Y1_001759-T1	TFCN17291Y1_003011-T1
TFCN17291Y1_001759-T1__TFCN17291Y1_003262-T1	NaN	NaN	NaN	NaN	NaN	NaN	NaN	NaN	GF00000004	Rhodotorula_mucilaginosa_TFCN_17-291Y-1.cds.fa_01749	Rhodotorula_mucilaginosa_TFCN_17-291Y-1.cds.fa_03229	NaN	NaN	NaN	NaN	NaN	NaN	NaN	NaN	TFCN17291Y1_001759-T1	TFCN17291Y1_003262-T1
TFCN17291Y1_001759-T1__TFCN17291Y1_003233-T1	NaN	NaN	NaN	NaN	NaN	NaN	NaN	NaN	GF00000004	Rhodotorula_mucilaginosa_TFCN_17-291Y-1.cds.fa_01749	Rhodotorula_mucilaginosa_TFCN_17-291Y-1.cds.fa_03200	NaN	NaN	NaN	NaN	NaN	NaN	NaN	NaN	TFCN17291Y1_001759-T1	TFCN17291Y1_003233-T1
TFCN17291Y1_001759-T1__TFCN17291Y1_002968-T1	NaN	NaN	NaN	NaN	NaN	NaN	NaN	NaN	GF00000004	Rhodotorula_mucilaginosa_TFCN_17-291Y-1.cds.fa_01749	Rhodotorula_mucilaginosa_TFCN_17-291Y-1.cds.fa_02937	NaN	NaN	NaN	NaN	NaN	NaN	NaN	NaN	TFCN17291Y1_001759-T1	TFCN17291Y1_002968-T1
TFCN17291Y1_001759-T1__TFCN17291Y1_002300-T1	NaN	NaN	NaN	NaN	NaN	NaN	NaN	NaN	GF00000004	Rhodotorula_mucilaginosa_TFCN_17-291Y-1.cds.fa_01749	Rhodotorula_mucilaginosa_TFCN_17-291Y-1.cds.fa_02289	NaN	NaN	NaN	NaN	NaN	NaN	NaN	NaN	TFCN17291Y1_001759-T1	TFCN17291Y1_002300-T1
TFCN17291Y1_001161-T1__TFCN17291Y1_001759-T1	NaN	NaN	NaN	NaN	NaN	NaN	NaN	NaN	GF00000004	Rhodotorula_mucilaginosa_TFCN_17-291Y-1.cds.fa_01749	Rhodotorula_mucilaginosa_TFCN_17-291Y-1.cds.fa_01151	NaN	NaN	NaN	NaN	NaN	NaN	NaN	NaN	TFCN17291Y1_001759-T1	TFCN17291Y1_001161-T1
TFCN17291Y1_001759-T1__TFCN17291Y1_001844-T1	NaN	NaN	NaN	NaN	NaN	NaN	NaN	NaN	GF00000004	Rhodotorula_mucilaginosa_TFCN_17-291Y-1.cds.fa_01749	Rhodotorula_mucilaginosa_TFCN_17-291Y-1.cds.fa_01834	NaN	NaN	NaN	NaN	NaN	NaN	NaN	NaN	TFCN17291Y1_001759-T1	TFCN17291Y1_001844-T1
TFCN17291Y1_001759-T1__TFCN17291Y1_005780-T1	NaN	NaN	NaN	NaN	NaN	NaN	NaN	NaN	GF00000004	Rhodotorula_mucilaginosa_TFCN_17-291Y-1.cds.fa_01749	Rhodotorula_mucilaginosa_TFCN_17-291Y-1.cds.fa_05715	NaN	NaN	NaN	NaN	NaN	NaN	NaN	NaN	TFCN17291Y1_001759-T1	TFCN17291Y1_005780-T1
TFCN17291Y1_001759-T1__TFCN17291Y1_005779-T1	NaN	NaN	NaN	NaN	NaN	NaN	NaN	NaN	GF00000004	Rhodotorula_mucilaginosa_TFCN_17-291Y-1.cds.fa_01749	Rhodotorula_mucilaginosa_TFCN_17-291Y-1.cds.fa_05714	NaN	NaN	NaN	NaN	NaN	NaN	NaN	NaN	TFCN17291Y1_001759-T1	TFCN17291Y1_005779-T1
TFCN17291Y1_001759-T1__TFCN17291Y1_001843-T1	NaN	NaN	NaN	NaN	NaN	NaN	NaN	NaN	GF00000004	Rhodotorula_mucilaginosa_TFCN_17-291Y-1.cds.fa_01749	Rhodotorula_mucilaginosa_TFCN_17-291Y-1.cds.fa_01833	NaN	NaN	NaN	NaN	NaN	NaN	NaN	NaN	TFCN17291Y1_001759-T1	TFCN17291Y1_001843-T1
TFCN17291Y1_001759-T1__TFCN17291Y1_009359-T1	NaN	NaN	NaN	NaN	NaN	NaN	NaN	NaN	GF00000004	Rhodotorula_mucilaginosa_TFCN_17-291Y-1.cds.fa_01749	Rhodotorula_mucilaginosa_TFCN_17-291Y-1.cds.fa_09240	NaN	NaN	NaN	NaN	NaN	NaN	NaN	NaN	TFCN17291Y1_001759-T1	TFCN17291Y1_009359-T1
TFCN17291Y1_001759-T1__TFCN17291Y1_006703-T1	NaN	NaN	NaN	NaN	NaN	NaN	NaN	NaN	GF00000004	Rhodotorula_mucilaginosa_TFCN_17-291Y-1.cds.fa_01749	Rhodotorula_mucilaginosa_TFCN_17-291Y-1.cds.fa_06622	NaN	NaN	NaN	NaN	NaN	NaN	NaN	NaN	TFCN17291Y1_001759-T1	TFCN17291Y1_006703-T1
TFCN17291Y1_001758-T1__TFCN17291Y1_001759-T1	NaN	NaN	NaN	NaN	NaN	NaN	NaN	NaN	GF00000004	Rhodotorula_mucilaginosa_TFCN_17-291Y-1.cds.fa_01749	Rhodotorula_mucilaginosa_TFCN_17-291Y-1.cds.fa_01748	NaN	NaN	NaN	NaN	NaN	NaN	NaN	NaN	TFCN17291Y1_001759-T1	TFCN17291Y1_001758-T1
TFCN17291Y1_001759-T1__TFCN17291Y1_002239-T1	NaN	NaN	NaN	NaN	NaN	NaN	NaN	NaN	GF00000004	Rhodotorula_mucilaginosa_TFCN_17-291Y-1.cds.fa_01749	Rhodotorula_mucilaginosa_TFCN_17-291Y-1.cds.fa_02228	NaN	NaN	NaN	NaN	NaN	NaN	NaN	NaN	TFCN17291Y1_001759-T1	TFCN17291Y1_002239-T1
TFCN17291Y1_001102-T1__TFCN17291Y1_006702-T1	NaN	NaN	NaN	NaN	NaN	NaN	NaN	NaN	GF00000004	Rhodotorula_mucilaginosa_TFCN_17-291Y-1.cds.fa_01092	Rhodotorula_mucilaginosa_TFCN_17-291Y-1.cds.fa_06621	NaN	NaN	NaN	NaN	NaN	NaN	NaN	NaN	TFCN17291Y1_001102-T1	TFCN17291Y1_006702-T1
TFCN17291Y1_001102-T1__TFCN17291Y1_002238-T1	NaN	NaN	NaN	NaN	NaN	NaN	NaN	NaN	GF00000004	Rhodotorula_mucilaginosa_TFCN_17-291Y-1.cds.fa_01092	Rhodotorula_mucilaginosa_TFCN_17-291Y-1.cds.fa_02227	NaN	NaN	NaN	NaN	NaN	NaN	NaN	NaN	TFCN17291Y1_001102-T1	TFCN17291Y1_002238-T1
TFCN17291Y1_001102-T1__TFCN17291Y1_003011-T1	NaN	NaN	NaN	NaN	NaN	NaN	NaN	NaN	GF00000004	Rhodotorula_mucilaginosa_TFCN_17-291Y-1.cds.fa_01092	Rhodotorula_mucilaginosa_TFCN_17-291Y-1.cds.fa_02980	NaN	NaN	NaN	NaN	NaN	NaN	NaN	NaN	TFCN17291Y1_001102-T1	TFCN17291Y1_003011-T1
TFCN17291Y1_001102-T1__TFCN17291Y1_003262-T1	NaN	NaN	NaN	NaN	NaN	NaN	NaN	NaN	GF00000004	Rhodotorula_mucilaginosa_TFCN_17-291Y-1.cds.fa_01092	Rhodotorula_mucilaginosa_TFCN_17-291Y-1.cds.fa_03229	NaN	NaN	NaN	NaN	NaN	NaN	NaN	NaN	TFCN17291Y1_001102-T1	TFCN17291Y1_003262-T1
TFCN17291Y1_001102-T1__TFCN17291Y1_003233-T1	NaN	NaN	NaN	NaN	NaN	NaN	NaN	NaN	GF00000004	Rhodotorula_mucilaginosa_TFCN_17-291Y-1.cds.fa_01092	Rhodotorula_mucilaginosa_TFCN_17-291Y-1.cds.fa_03200	NaN	NaN	NaN	NaN	NaN	NaN	NaN	NaN	TFCN17291Y1_001102-T1	TFCN17291Y1_003233-T1
TFCN17291Y1_001102-T1__TFCN17291Y1_002968-T1	NaN	NaN	NaN	NaN	NaN	NaN	NaN	NaN	GF00000004	Rhodotorula_mucilaginosa_TFCN_17-291Y-1.cds.fa_01092	Rhodotorula_mucilaginosa_TFCN_17-291Y-1.cds.fa_02937	NaN	NaN	NaN	NaN	NaN	NaN	NaN	NaN	TFCN17291Y1_001102-T1	TFCN17291Y1_002968-T1
TFCN17291Y1_001102-T1__TFCN17291Y1_002300-T1	NaN	NaN	NaN	NaN	NaN	NaN	NaN	NaN	GF00000004	Rhodotorula_mucilaginosa_TFCN_17-291Y-1.cds.fa_01092	Rhodotorula_mucilaginosa_TFCN_17-291Y-1.cds.fa_02289	NaN	NaN	NaN	NaN	NaN	NaN	NaN	NaN	TFCN17291Y1_001102-T1	TFCN17291Y1_002300-T1
TFCN17291Y1_001102-T1__TFCN17291Y1_001161-T1	NaN	NaN	NaN	NaN	NaN	NaN	NaN	NaN	GF00000004	Rhodotorula_mucilaginosa_TFCN_17-291Y-1.cds.fa_01092	Rhodotorula_mucilaginosa_TFCN_17-291Y-1.cds.fa_01151	NaN	NaN	NaN	NaN	NaN	NaN	NaN	NaN	TFCN17291Y1_001102-T1	TFCN17291Y1_001161-T1
TFCN17291Y1_001102-T1__TFCN17291Y1_001844-T1	NaN	NaN	NaN	NaN	NaN	NaN	NaN	NaN	GF00000004	Rhodotorula_mucilaginosa_TFCN_17-291Y-1.cds.fa_01092	Rhodotorula_mucilaginosa_TFCN_17-291Y-1.cds.fa_01834	NaN	NaN	NaN	NaN	NaN	NaN	NaN	NaN	TFCN17291Y1_001102-T1	TFCN17291Y1_001844-T1
TFCN17291Y1_001102-T1__TFCN17291Y1_005780-T1	NaN	NaN	NaN	NaN	NaN	NaN	NaN	NaN	GF00000004	Rhodotorula_mucilaginosa_TFCN_17-291Y-1.cds.fa_01092	Rhodotorula_mucilaginosa_TFCN_17-291Y-1.cds.fa_05715	NaN	NaN	NaN	NaN	NaN	NaN	NaN	NaN	TFCN17291Y1_001102-T1	TFCN17291Y1_005780-T1
TFCN17291Y1_001102-T1__TFCN17291Y1_005779-T1	NaN	NaN	NaN	NaN	NaN	NaN	NaN	NaN	GF00000004	Rhodotorula_mucilaginosa_TFCN_17-291Y-1.cds.fa_01092	Rhodotorula_mucilaginosa_TFCN_17-291Y-1.cds.fa_05714	NaN	NaN	NaN	NaN	NaN	NaN	NaN	NaN	TFCN17291Y1_001102-T1	TFCN17291Y1_005779-T1
TFCN17291Y1_001102-T1__TFCN17291Y1_001843-T1	NaN	NaN	NaN	NaN	NaN	NaN	NaN	NaN	GF00000004	Rhodotorula_mucilaginosa_TFCN_17-291Y-1.cds.fa_01092	Rhodotorula_mucilaginosa_TFCN_17-291Y-1.cds.fa_01833	NaN	NaN	NaN	NaN	NaN	NaN	NaN	NaN	TFCN17291Y1_001102-T1	TFCN17291Y1_001843-T1
TFCN17291Y1_001102-T1__TFCN17291Y1_009359-T1	NaN	NaN	NaN	NaN	NaN	NaN	NaN	NaN	GF00000004	Rhodotorula_mucilaginosa_TFCN_17-291Y-1.cds.fa_01092	Rhodotorula_mucilaginosa_TFCN_17-291Y-1.cds.fa_09240	NaN	NaN	NaN	NaN	NaN	NaN	NaN	NaN	TFCN17291Y1_001102-T1	TFCN17291Y1_009359-T1
TFCN17291Y1_001102-T1__TFCN17291Y1_006703-T1	NaN	NaN	NaN	NaN	NaN	NaN	NaN	NaN	GF00000004	Rhodotorula_mucilaginosa_TFCN_17-291Y-1.cds.fa_01092	Rhodotorula_mucilaginosa_TFCN_17-291Y-1.cds.fa_06622	NaN	NaN	NaN	NaN	NaN	NaN	NaN	NaN	TFCN17291Y1_001102-T1	TFCN17291Y1_006703-T1
TFCN17291Y1_001102-T1__TFCN17291Y1_001758-T1	NaN	NaN	NaN	NaN	NaN	NaN	NaN	NaN	GF00000004	Rhodotorula_mucilaginosa_TFCN_17-291Y-1.cds.fa_01092	Rhodotorula_mucilaginosa_TFCN_17-291Y-1.cds.fa_01748	NaN	NaN	NaN	NaN	NaN	NaN	NaN	NaN	TFCN17291Y1_001102-T1	TFCN17291Y1_001758-T1
TFCN17291Y1_001102-T1__TFCN17291Y1_002239-T1	NaN	NaN	NaN	NaN	NaN	NaN	NaN	NaN	GF00000004	Rhodotorula_mucilaginosa_TFCN_17-291Y-1.cds.fa_01092	Rhodotorula_mucilaginosa_TFCN_17-291Y-1.cds.fa_02228	NaN	NaN	NaN	NaN	NaN	NaN	NaN	NaN	TFCN17291Y1_001102-T1	TFCN17291Y1_002239-T1
TFCN17291Y1_002238-T1__TFCN17291Y1_006702-T1	NaN	NaN	NaN	NaN	NaN	NaN	NaN	NaN	GF00000004	Rhodotorula_mucilaginosa_TFCN_17-291Y-1.cds.fa_06621	Rhodotorula_mucilaginosa_TFCN_17-291Y-1.cds.fa_02227	NaN	NaN	NaN	NaN	NaN	NaN	NaN	NaN	TFCN17291Y1_006702-T1	TFCN17291Y1_002238-T1
TFCN17291Y1_003011-T1__TFCN17291Y1_006702-T1	NaN	NaN	NaN	NaN	NaN	NaN	NaN	NaN	GF00000004	Rhodotorula_mucilaginosa_TFCN_17-291Y-1.cds.fa_06621	Rhodotorula_mucilaginosa_TFCN_17-291Y-1.cds.fa_02980	NaN	NaN	NaN	NaN	NaN	NaN	NaN	NaN	TFCN17291Y1_006702-T1	TFCN17291Y1_003011-T1
TFCN17291Y1_003262-T1__TFCN17291Y1_006702-T1	NaN	NaN	NaN	NaN	NaN	NaN	NaN	NaN	GF00000004	Rhodotorula_mucilaginosa_TFCN_17-291Y-1.cds.fa_06621	Rhodotorula_mucilaginosa_TFCN_17-291Y-1.cds.fa_03229	NaN	NaN	NaN	NaN	NaN	NaN	NaN	NaN	TFCN17291Y1_006702-T1	TFCN17291Y1_003262-T1
TFCN17291Y1_003233-T1__TFCN17291Y1_006702-T1	NaN	NaN	NaN	NaN	NaN	NaN	NaN	NaN	GF00000004	Rhodotorula_mucilaginosa_TFCN_17-291Y-1.cds.fa_06621	Rhodotorula_mucilaginosa_TFCN_17-291Y-1.cds.fa_03200	NaN	NaN	NaN	NaN	NaN	NaN	NaN	NaN	TFCN17291Y1_006702-T1	TFCN17291Y1_003233-T1
TFCN17291Y1_002968-T1__TFCN17291Y1_006702-T1	NaN	NaN	NaN	NaN	NaN	NaN	NaN	NaN	GF00000004	Rhodotorula_mucilaginosa_TFCN_17-291Y-1.cds.fa_06621	Rhodotorula_mucilaginosa_TFCN_17-291Y-1.cds.fa_02937	NaN	NaN	NaN	NaN	NaN	NaN	NaN	NaN	TFCN17291Y1_006702-T1	TFCN17291Y1_002968-T1
TFCN17291Y1_002300-T1__TFCN17291Y1_006702-T1	NaN	NaN	NaN	NaN	NaN	NaN	NaN	NaN	GF00000004	Rhodotorula_mucilaginosa_TFCN_17-291Y-1.cds.fa_06621	Rhodotorula_mucilaginosa_TFCN_17-291Y-1.cds.fa_02289	NaN	NaN	NaN	NaN	NaN	NaN	NaN	NaN	TFCN17291Y1_006702-T1	TFCN17291Y1_002300-T1
TFCN17291Y1_001161-T1__TFCN17291Y1_006702-T1	NaN	NaN	NaN	NaN	NaN	NaN	NaN	NaN	GF00000004	Rhodotorula_mucilaginosa_TFCN_17-291Y-1.cds.fa_06621	Rhodotorula_mucilaginosa_TFCN_17-291Y-1.cds.fa_01151	NaN	NaN	NaN	NaN	NaN	NaN	NaN	NaN	TFCN17291Y1_006702-T1	TFCN17291Y1_001161-T1
TFCN17291Y1_001844-T1__TFCN17291Y1_006702-T1	NaN	NaN	NaN	NaN	NaN	NaN	NaN	NaN	GF00000004	Rhodotorula_mucilaginosa_TFCN_17-291Y-1.cds.fa_06621	Rhodotorula_mucilaginosa_TFCN_17-291Y-1.cds.fa_01834	NaN	NaN	NaN	NaN	NaN	NaN	NaN	NaN	TFCN17291Y1_006702-T1	TFCN17291Y1_001844-T1
TFCN17291Y1_005780-T1__TFCN17291Y1_006702-T1	NaN	NaN	NaN	NaN	NaN	NaN	NaN	NaN	GF00000004	Rhodotorula_mucilaginosa_TFCN_17-291Y-1.cds.fa_06621	Rhodotorula_mucilaginosa_TFCN_17-291Y-1.cds.fa_05715	NaN	NaN	NaN	NaN	NaN	NaN	NaN	NaN	TFCN17291Y1_006702-T1	TFCN17291Y1_005780-T1
TFCN17291Y1_005779-T1__TFCN17291Y1_006702-T1	NaN	NaN	NaN	NaN	NaN	NaN	NaN	NaN	GF00000004	Rhodotorula_mucilaginosa_TFCN_17-291Y-1.cds.fa_06621	Rhodotorula_mucilaginosa_TFCN_17-291Y-1.cds.fa_05714	NaN	NaN	NaN	NaN	NaN	NaN	NaN	NaN	TFCN17291Y1_006702-T1	TFCN17291Y1_005779-T1
TFCN17291Y1_001843-T1__TFCN17291Y1_006702-T1	NaN	NaN	NaN	NaN	NaN	NaN	NaN	NaN	GF00000004	Rhodotorula_mucilaginosa_TFCN_17-291Y-1.cds.fa_06621	Rhodotorula_mucilaginosa_TFCN_17-291Y-1.cds.fa_01833	NaN	NaN	NaN	NaN	NaN	NaN	NaN	NaN	TFCN17291Y1_006702-T1	TFCN17291Y1_001843-T1
TFCN17291Y1_006702-T1__TFCN17291Y1_009359-T1	NaN	NaN	NaN	NaN	NaN	NaN	NaN	NaN	GF00000004	Rhodotorula_mucilaginosa_TFCN_17-291Y-1.cds.fa_06621	Rhodotorula_mucilaginosa_TFCN_17-291Y-1.cds.fa_09240	NaN	NaN	NaN	NaN	NaN	NaN	NaN	NaN	TFCN17291Y1_006702-T1	TFCN17291Y1_009359-T1
TFCN17291Y1_006702-T1__TFCN17291Y1_006703-T1	NaN	NaN	NaN	NaN	NaN	NaN	NaN	NaN	GF00000004	Rhodotorula_mucilaginosa_TFCN_17-291Y-1.cds.fa_06621	Rhodotorula_mucilaginosa_TFCN_17-291Y-1.cds.fa_06622	NaN	NaN	NaN	NaN	NaN	NaN	NaN	NaN	TFCN17291Y1_006702-T1	TFCN17291Y1_006703-T1
TFCN17291Y1_001758-T1__TFCN17291Y1_006702-T1	NaN	NaN	NaN	NaN	NaN	NaN	NaN	NaN	GF00000004	Rhodotorula_mucilaginosa_TFCN_17-291Y-1.cds.fa_06621	Rhodotorula_mucilaginosa_TFCN_17-291Y-1.cds.fa_01748	NaN	NaN	NaN	NaN	NaN	NaN	NaN	NaN	TFCN17291Y1_006702-T1	TFCN17291Y1_001758-T1
TFCN17291Y1_002239-T1__TFCN17291Y1_006702-T1	NaN	NaN	NaN	NaN	NaN	NaN	NaN	NaN	GF00000004	Rhodotorula_mucilaginosa_TFCN_17-291Y-1.cds.fa_06621	Rhodotorula_mucilaginosa_TFCN_17-291Y-1.cds.fa_02228	NaN	NaN	NaN	NaN	NaN	NaN	NaN	NaN	TFCN17291Y1_006702-T1	TFCN17291Y1_002239-T1
TFCN17291Y1_002238-T1__TFCN17291Y1_003011-T1	NaN	NaN	NaN	NaN	NaN	NaN	NaN	NaN	GF00000004	Rhodotorula_mucilaginosa_TFCN_17-291Y-1.cds.fa_02227	Rhodotorula_mucilaginosa_TFCN_17-291Y-1.cds.fa_02980	NaN	NaN	NaN	NaN	NaN	NaN	NaN	NaN	TFCN17291Y1_002238-T1	TFCN17291Y1_003011-T1
TFCN17291Y1_002238-T1__TFCN17291Y1_003262-T1	NaN	NaN	NaN	NaN	NaN	NaN	NaN	NaN	GF00000004	Rhodotorula_mucilaginosa_TFCN_17-291Y-1.cds.fa_02227	Rhodotorula_mucilaginosa_TFCN_17-291Y-1.cds.fa_03229	NaN	NaN	NaN	NaN	NaN	NaN	NaN	NaN	TFCN17291Y1_002238-T1	TFCN17291Y1_003262-T1
TFCN17291Y1_002238-T1__TFCN17291Y1_003233-T1	NaN	NaN	NaN	NaN	NaN	NaN	NaN	NaN	GF00000004	Rhodotorula_mucilaginosa_TFCN_17-291Y-1.cds.fa_02227	Rhodotorula_mucilaginosa_TFCN_17-291Y-1.cds.fa_03200	NaN	NaN	NaN	NaN	NaN	NaN	NaN	NaN	TFCN17291Y1_002238-T1	TFCN17291Y1_003233-T1
TFCN17291Y1_002238-T1__TFCN17291Y1_002968-T1	NaN	NaN	NaN	NaN	NaN	NaN	NaN	NaN	GF00000004	Rhodotorula_mucilaginosa_TFCN_17-291Y-1.cds.fa_02227	Rhodotorula_mucilaginosa_TFCN_17-291Y-1.cds.fa_02937	NaN	NaN	NaN	NaN	NaN	NaN	NaN	NaN	TFCN17291Y1_002238-T1	TFCN17291Y1_002968-T1
TFCN17291Y1_002238-T1__TFCN17291Y1_002300-T1	NaN	NaN	NaN	NaN	NaN	NaN	NaN	NaN	GF00000004	Rhodotorula_mucilaginosa_TFCN_17-291Y-1.cds.fa_02227	Rhodotorula_mucilaginosa_TFCN_17-291Y-1.cds.fa_02289	NaN	NaN	NaN	NaN	NaN	NaN	NaN	NaN	TFCN17291Y1_002238-T1	TFCN17291Y1_002300-T1
TFCN17291Y1_001161-T1__TFCN17291Y1_002238-T1	NaN	NaN	NaN	NaN	NaN	NaN	NaN	NaN	GF00000004	Rhodotorula_mucilaginosa_TFCN_17-291Y-1.cds.fa_02227	Rhodotorula_mucilaginosa_TFCN_17-291Y-1.cds.fa_01151	NaN	NaN	NaN	NaN	NaN	NaN	NaN	NaN	TFCN17291Y1_002238-T1	TFCN17291Y1_001161-T1
TFCN17291Y1_001844-T1__TFCN17291Y1_002238-T1	NaN	NaN	NaN	NaN	NaN	NaN	NaN	NaN	GF00000004	Rhodotorula_mucilaginosa_TFCN_17-291Y-1.cds.fa_02227	Rhodotorula_mucilaginosa_TFCN_17-291Y-1.cds.fa_01834	NaN	NaN	NaN	NaN	NaN	NaN	NaN	NaN	TFCN17291Y1_002238-T1	TFCN17291Y1_001844-T1
TFCN17291Y1_002238-T1__TFCN17291Y1_005780-T1	NaN	NaN	NaN	NaN	NaN	NaN	NaN	NaN	GF00000004	Rhodotorula_mucilaginosa_TFCN_17-291Y-1.cds.fa_02227	Rhodotorula_mucilaginosa_TFCN_17-291Y-1.cds.fa_05715	NaN	NaN	NaN	NaN	NaN	NaN	NaN	NaN	TFCN17291Y1_002238-T1	TFCN17291Y1_005780-T1
TFCN17291Y1_002238-T1__TFCN17291Y1_005779-T1	NaN	NaN	NaN	NaN	NaN	NaN	NaN	NaN	GF00000004	Rhodotorula_mucilaginosa_TFCN_17-291Y-1.cds.fa_02227	Rhodotorula_mucilaginosa_TFCN_17-291Y-1.cds.fa_05714	NaN	NaN	NaN	NaN	NaN	NaN	NaN	NaN	TFCN17291Y1_002238-T1	TFCN17291Y1_005779-T1
TFCN17291Y1_001843-T1__TFCN17291Y1_002238-T1	NaN	NaN	NaN	NaN	NaN	NaN	NaN	NaN	GF00000004	Rhodotorula_mucilaginosa_TFCN_17-291Y-1.cds.fa_02227	Rhodotorula_mucilaginosa_TFCN_17-291Y-1.cds.fa_01833	NaN	NaN	NaN	NaN	NaN	NaN	NaN	NaN	TFCN17291Y1_002238-T1	TFCN17291Y1_001843-T1
TFCN17291Y1_002238-T1__TFCN17291Y1_009359-T1	NaN	NaN	NaN	NaN	NaN	NaN	NaN	NaN	GF00000004	Rhodotorula_mucilaginosa_TFCN_17-291Y-1.cds.fa_02227	Rhodotorula_mucilaginosa_TFCN_17-291Y-1.cds.fa_09240	NaN	NaN	NaN	NaN	NaN	NaN	NaN	NaN	TFCN17291Y1_002238-T1	TFCN17291Y1_009359-T1
TFCN17291Y1_002238-T1__TFCN17291Y1_006703-T1	NaN	NaN	NaN	NaN	NaN	NaN	NaN	NaN	GF00000004	Rhodotorula_mucilaginosa_TFCN_17-291Y-1.cds.fa_02227	Rhodotorula_mucilaginosa_TFCN_17-291Y-1.cds.fa_06622	NaN	NaN	NaN	NaN	NaN	NaN	NaN	NaN	TFCN17291Y1_002238-T1	TFCN17291Y1_006703-T1
TFCN17291Y1_001758-T1__TFCN17291Y1_002238-T1	NaN	NaN	NaN	NaN	NaN	NaN	NaN	NaN	GF00000004	Rhodotorula_mucilaginosa_TFCN_17-291Y-1.cds.fa_02227	Rhodotorula_mucilaginosa_TFCN_17-291Y-1.cds.fa_01748	NaN	NaN	NaN	NaN	NaN	NaN	NaN	NaN	TFCN17291Y1_002238-T1	TFCN17291Y1_001758-T1
TFCN17291Y1_002238-T1__TFCN17291Y1_002239-T1	NaN	NaN	NaN	NaN	NaN	NaN	NaN	NaN	GF00000004	Rhodotorula_mucilaginosa_TFCN_17-291Y-1.cds.fa_02227	Rhodotorula_mucilaginosa_TFCN_17-291Y-1.cds.fa_02228	NaN	NaN	NaN	NaN	NaN	NaN	NaN	NaN	TFCN17291Y1_002238-T1	TFCN17291Y1_002239-T1
TFCN17291Y1_003011-T1__TFCN17291Y1_003262-T1	NaN	NaN	NaN	NaN	NaN	NaN	NaN	NaN	GF00000004	Rhodotorula_mucilaginosa_TFCN_17-291Y-1.cds.fa_02980	Rhodotorula_mucilaginosa_TFCN_17-291Y-1.cds.fa_03229	NaN	NaN	NaN	NaN	NaN	NaN	NaN	NaN	TFCN17291Y1_003011-T1	TFCN17291Y1_003262-T1
TFCN17291Y1_003011-T1__TFCN17291Y1_003233-T1	NaN	NaN	NaN	NaN	NaN	NaN	NaN	NaN	GF00000004	Rhodotorula_mucilaginosa_TFCN_17-291Y-1.cds.fa_02980	Rhodotorula_mucilaginosa_TFCN_17-291Y-1.cds.fa_03200	NaN	NaN	NaN	NaN	NaN	NaN	NaN	NaN	TFCN17291Y1_003011-T1	TFCN17291Y1_003233-T1
TFCN17291Y1_002968-T1__TFCN17291Y1_003011-T1	NaN	NaN	NaN	NaN	NaN	NaN	NaN	NaN	GF00000004	Rhodotorula_mucilaginosa_TFCN_17-291Y-1.cds.fa_02980	Rhodotorula_mucilaginosa_TFCN_17-291Y-1.cds.fa_02937	NaN	NaN	NaN	NaN	NaN	NaN	NaN	NaN	TFCN17291Y1_003011-T1	TFCN17291Y1_002968-T1
TFCN17291Y1_002300-T1__TFCN17291Y1_003011-T1	NaN	NaN	NaN	NaN	NaN	NaN	NaN	NaN	GF00000004	Rhodotorula_mucilaginosa_TFCN_17-291Y-1.cds.fa_02980	Rhodotorula_mucilaginosa_TFCN_17-291Y-1.cds.fa_02289	NaN	NaN	NaN	NaN	NaN	NaN	NaN	NaN	TFCN17291Y1_003011-T1	TFCN17291Y1_002300-T1
TFCN17291Y1_001161-T1__TFCN17291Y1_003011-T1	NaN	NaN	NaN	NaN	NaN	NaN	NaN	NaN	GF00000004	Rhodotorula_mucilaginosa_TFCN_17-291Y-1.cds.fa_02980	Rhodotorula_mucilaginosa_TFCN_17-291Y-1.cds.fa_01151	NaN	NaN	NaN	NaN	NaN	NaN	NaN	NaN	TFCN17291Y1_003011-T1	TFCN17291Y1_001161-T1
TFCN17291Y1_001844-T1__TFCN17291Y1_003011-T1	NaN	NaN	NaN	NaN	NaN	NaN	NaN	NaN	GF00000004	Rhodotorula_mucilaginosa_TFCN_17-291Y-1.cds.fa_02980	Rhodotorula_mucilaginosa_TFCN_17-291Y-1.cds.fa_01834	NaN	NaN	NaN	NaN	NaN	NaN	NaN	NaN	TFCN17291Y1_003011-T1	TFCN17291Y1_001844-T1
TFCN17291Y1_003011-T1__TFCN17291Y1_005780-T1	NaN	NaN	NaN	NaN	NaN	NaN	NaN	NaN	GF00000004	Rhodotorula_mucilaginosa_TFCN_17-291Y-1.cds.fa_02980	Rhodotorula_mucilaginosa_TFCN_17-291Y-1.cds.fa_05715	NaN	NaN	NaN	NaN	NaN	NaN	NaN	NaN	TFCN17291Y1_003011-T1	TFCN17291Y1_005780-T1
TFCN17291Y1_003011-T1__TFCN17291Y1_005779-T1	NaN	NaN	NaN	NaN	NaN	NaN	NaN	NaN	GF00000004	Rhodotorula_mucilaginosa_TFCN_17-291Y-1.cds.fa_02980	Rhodotorula_mucilaginosa_TFCN_17-291Y-1.cds.fa_05714	NaN	NaN	NaN	NaN	NaN	NaN	NaN	NaN	TFCN17291Y1_003011-T1	TFCN17291Y1_005779-T1
TFCN17291Y1_001843-T1__TFCN17291Y1_003011-T1	NaN	NaN	NaN	NaN	NaN	NaN	NaN	NaN	GF00000004	Rhodotorula_mucilaginosa_TFCN_17-291Y-1.cds.fa_02980	Rhodotorula_mucilaginosa_TFCN_17-291Y-1.cds.fa_01833	NaN	NaN	NaN	NaN	NaN	NaN	NaN	NaN	TFCN17291Y1_003011-T1	TFCN17291Y1_001843-T1
TFCN17291Y1_003011-T1__TFCN17291Y1_009359-T1	NaN	NaN	NaN	NaN	NaN	NaN	NaN	NaN	GF00000004	Rhodotorula_mucilaginosa_TFCN_17-291Y-1.cds.fa_02980	Rhodotorula_mucilaginosa_TFCN_17-291Y-1.cds.fa_09240	NaN	NaN	NaN	NaN	NaN	NaN	NaN	NaN	TFCN17291Y1_003011-T1	TFCN17291Y1_009359-T1
TFCN17291Y1_003011-T1__TFCN17291Y1_006703-T1	NaN	NaN	NaN	NaN	NaN	NaN	NaN	NaN	GF00000004	Rhodotorula_mucilaginosa_TFCN_17-291Y-1.cds.fa_02980	Rhodotorula_mucilaginosa_TFCN_17-291Y-1.cds.fa_06622	NaN	NaN	NaN	NaN	NaN	NaN	NaN	NaN	TFCN17291Y1_003011-T1	TFCN17291Y1_006703-T1
TFCN17291Y1_001758-T1__TFCN17291Y1_003011-T1	NaN	NaN	NaN	NaN	NaN	NaN	NaN	NaN	GF00000004	Rhodotorula_mucilaginosa_TFCN_17-291Y-1.cds.fa_02980	Rhodotorula_mucilaginosa_TFCN_17-291Y-1.cds.fa_01748	NaN	NaN	NaN	NaN	NaN	NaN	NaN	NaN	TFCN17291Y1_003011-T1	TFCN17291Y1_001758-T1
TFCN17291Y1_002239-T1__TFCN17291Y1_003011-T1	NaN	NaN	NaN	NaN	NaN	NaN	NaN	NaN	GF00000004	Rhodotorula_mucilaginosa_TFCN_17-291Y-1.cds.fa_02980	Rhodotorula_mucilaginosa_TFCN_17-291Y-1.cds.fa_02228	NaN	NaN	NaN	NaN	NaN	NaN	NaN	NaN	TFCN17291Y1_003011-T1	TFCN17291Y1_002239-T1
TFCN17291Y1_003233-T1__TFCN17291Y1_003262-T1	NaN	NaN	NaN	NaN	NaN	NaN	NaN	NaN	GF00000004	Rhodotorula_mucilaginosa_TFCN_17-291Y-1.cds.fa_03229	Rhodotorula_mucilaginosa_TFCN_17-291Y-1.cds.fa_03200	NaN	NaN	NaN	NaN	NaN	NaN	NaN	NaN	TFCN17291Y1_003262-T1	TFCN17291Y1_003233-T1
TFCN17291Y1_002968-T1__TFCN17291Y1_003262-T1	NaN	NaN	NaN	NaN	NaN	NaN	NaN	NaN	GF00000004	Rhodotorula_mucilaginosa_TFCN_17-291Y-1.cds.fa_03229	Rhodotorula_mucilaginosa_TFCN_17-291Y-1.cds.fa_02937	NaN	NaN	NaN	NaN	NaN	NaN	NaN	NaN	TFCN17291Y1_003262-T1	TFCN17291Y1_002968-T1
TFCN17291Y1_002300-T1__TFCN17291Y1_003262-T1	NaN	NaN	NaN	NaN	NaN	NaN	NaN	NaN	GF00000004	Rhodotorula_mucilaginosa_TFCN_17-291Y-1.cds.fa_03229	Rhodotorula_mucilaginosa_TFCN_17-291Y-1.cds.fa_02289	NaN	NaN	NaN	NaN	NaN	NaN	NaN	NaN	TFCN17291Y1_003262-T1	TFCN17291Y1_002300-T1
TFCN17291Y1_001161-T1__TFCN17291Y1_003262-T1	NaN	NaN	NaN	NaN	NaN	NaN	NaN	NaN	GF00000004	Rhodotorula_mucilaginosa_TFCN_17-291Y-1.cds.fa_03229	Rhodotorula_mucilaginosa_TFCN_17-291Y-1.cds.fa_01151	NaN	NaN	NaN	NaN	NaN	NaN	NaN	NaN	TFCN17291Y1_003262-T1	TFCN17291Y1_001161-T1
TFCN17291Y1_001844-T1__TFCN17291Y1_003262-T1	NaN	NaN	NaN	NaN	NaN	NaN	NaN	NaN	GF00000004	Rhodotorula_mucilaginosa_TFCN_17-291Y-1.cds.fa_03229	Rhodotorula_mucilaginosa_TFCN_17-291Y-1.cds.fa_01834	NaN	NaN	NaN	NaN	NaN	NaN	NaN	NaN	TFCN17291Y1_003262-T1	TFCN17291Y1_001844-T1
TFCN17291Y1_003262-T1__TFCN17291Y1_005780-T1	NaN	NaN	NaN	NaN	NaN	NaN	NaN	NaN	GF00000004	Rhodotorula_mucilaginosa_TFCN_17-291Y-1.cds.fa_03229	Rhodotorula_mucilaginosa_TFCN_17-291Y-1.cds.fa_05715	NaN	NaN	NaN	NaN	NaN	NaN	NaN	NaN	TFCN17291Y1_003262-T1	TFCN17291Y1_005780-T1
TFCN17291Y1_003262-T1__TFCN17291Y1_005779-T1	NaN	NaN	NaN	NaN	NaN	NaN	NaN	NaN	GF00000004	Rhodotorula_mucilaginosa_TFCN_17-291Y-1.cds.fa_03229	Rhodotorula_mucilaginosa_TFCN_17-291Y-1.cds.fa_05714	NaN	NaN	NaN	NaN	NaN	NaN	NaN	NaN	TFCN17291Y1_003262-T1	TFCN17291Y1_005779-T1
TFCN17291Y1_001843-T1__TFCN17291Y1_003262-T1	NaN	NaN	NaN	NaN	NaN	NaN	NaN	NaN	GF00000004	Rhodotorula_mucilaginosa_TFCN_17-291Y-1.cds.fa_03229	Rhodotorula_mucilaginosa_TFCN_17-291Y-1.cds.fa_01833	NaN	NaN	NaN	NaN	NaN	NaN	NaN	NaN	TFCN17291Y1_003262-T1	TFCN17291Y1_001843-T1
TFCN17291Y1_003262-T1__TFCN17291Y1_009359-T1	NaN	NaN	NaN	NaN	NaN	NaN	NaN	NaN	GF00000004	Rhodotorula_mucilaginosa_TFCN_17-291Y-1.cds.fa_03229	Rhodotorula_mucilaginosa_TFCN_17-291Y-1.cds.fa_09240	NaN	NaN	NaN	NaN	NaN	NaN	NaN	NaN	TFCN17291Y1_003262-T1	TFCN17291Y1_009359-T1
TFCN17291Y1_003262-T1__TFCN17291Y1_006703-T1	NaN	NaN	NaN	NaN	NaN	NaN	NaN	NaN	GF00000004	Rhodotorula_mucilaginosa_TFCN_17-291Y-1.cds.fa_03229	Rhodotorula_mucilaginosa_TFCN_17-291Y-1.cds.fa_06622	NaN	NaN	NaN	NaN	NaN	NaN	NaN	NaN	TFCN17291Y1_003262-T1	TFCN17291Y1_006703-T1
TFCN17291Y1_001758-T1__TFCN17291Y1_003262-T1	NaN	NaN	NaN	NaN	NaN	NaN	NaN	NaN	GF00000004	Rhodotorula_mucilaginosa_TFCN_17-291Y-1.cds.fa_03229	Rhodotorula_mucilaginosa_TFCN_17-291Y-1.cds.fa_01748	NaN	NaN	NaN	NaN	NaN	NaN	NaN	NaN	TFCN17291Y1_003262-T1	TFCN17291Y1_001758-T1
TFCN17291Y1_002239-T1__TFCN17291Y1_003262-T1	NaN	NaN	NaN	NaN	NaN	NaN	NaN	NaN	GF00000004	Rhodotorula_mucilaginosa_TFCN_17-291Y-1.cds.fa_03229	Rhodotorula_mucilaginosa_TFCN_17-291Y-1.cds.fa_02228	NaN	NaN	NaN	NaN	NaN	NaN	NaN	NaN	TFCN17291Y1_003262-T1	TFCN17291Y1_002239-T1
TFCN17291Y1_002968-T1__TFCN17291Y1_003233-T1	NaN	NaN	NaN	NaN	NaN	NaN	NaN	NaN	GF00000004	Rhodotorula_mucilaginosa_TFCN_17-291Y-1.cds.fa_03200	Rhodotorula_mucilaginosa_TFCN_17-291Y-1.cds.fa_02937	NaN	NaN	NaN	NaN	NaN	NaN	NaN	NaN	TFCN17291Y1_003233-T1	TFCN17291Y1_002968-T1
TFCN17291Y1_002300-T1__TFCN17291Y1_003233-T1	NaN	NaN	NaN	NaN	NaN	NaN	NaN	NaN	GF00000004	Rhodotorula_mucilaginosa_TFCN_17-291Y-1.cds.fa_03200	Rhodotorula_mucilaginosa_TFCN_17-291Y-1.cds.fa_02289	NaN	NaN	NaN	NaN	NaN	NaN	NaN	NaN	TFCN17291Y1_003233-T1	TFCN17291Y1_002300-T1
TFCN17291Y1_001161-T1__TFCN17291Y1_003233-T1	NaN	NaN	NaN	NaN	NaN	NaN	NaN	NaN	GF00000004	Rhodotorula_mucilaginosa_TFCN_17-291Y-1.cds.fa_03200	Rhodotorula_mucilaginosa_TFCN_17-291Y-1.cds.fa_01151	NaN	NaN	NaN	NaN	NaN	NaN	NaN	NaN	TFCN17291Y1_003233-T1	TFCN17291Y1_001161-T1
TFCN17291Y1_001844-T1__TFCN17291Y1_003233-T1	NaN	NaN	NaN	NaN	NaN	NaN	NaN	NaN	GF00000004	Rhodotorula_mucilaginosa_TFCN_17-291Y-1.cds.fa_03200	Rhodotorula_mucilaginosa_TFCN_17-291Y-1.cds.fa_01834	NaN	NaN	NaN	NaN	NaN	NaN	NaN	NaN	TFCN17291Y1_003233-T1	TFCN17291Y1_001844-T1
TFCN17291Y1_003233-T1__TFCN17291Y1_005780-T1	NaN	NaN	NaN	NaN	NaN	NaN	NaN	NaN	GF00000004	Rhodotorula_mucilaginosa_TFCN_17-291Y-1.cds.fa_03200	Rhodotorula_mucilaginosa_TFCN_17-291Y-1.cds.fa_05715	NaN	NaN	NaN	NaN	NaN	NaN	NaN	NaN	TFCN17291Y1_003233-T1	TFCN17291Y1_005780-T1
TFCN17291Y1_003233-T1__TFCN17291Y1_005779-T1	NaN	NaN	NaN	NaN	NaN	NaN	NaN	NaN	GF00000004	Rhodotorula_mucilaginosa_TFCN_17-291Y-1.cds.fa_03200	Rhodotorula_mucilaginosa_TFCN_17-291Y-1.cds.fa_05714	NaN	NaN	NaN	NaN	NaN	NaN	NaN	NaN	TFCN17291Y1_003233-T1	TFCN17291Y1_005779-T1
TFCN17291Y1_001843-T1__TFCN17291Y1_003233-T1	NaN	NaN	NaN	NaN	NaN	NaN	NaN	NaN	GF00000004	Rhodotorula_mucilaginosa_TFCN_17-291Y-1.cds.fa_03200	Rhodotorula_mucilaginosa_TFCN_17-291Y-1.cds.fa_01833	NaN	NaN	NaN	NaN	NaN	NaN	NaN	NaN	TFCN17291Y1_003233-T1	TFCN17291Y1_001843-T1
TFCN17291Y1_003233-T1__TFCN17291Y1_009359-T1	NaN	NaN	NaN	NaN	NaN	NaN	NaN	NaN	GF00000004	Rhodotorula_mucilaginosa_TFCN_17-291Y-1.cds.fa_03200	Rhodotorula_mucilaginosa_TFCN_17-291Y-1.cds.fa_09240	NaN	NaN	NaN	NaN	NaN	NaN	NaN	NaN	TFCN17291Y1_003233-T1	TFCN17291Y1_009359-T1
TFCN17291Y1_003233-T1__TFCN17291Y1_006703-T1	NaN	NaN	NaN	NaN	NaN	NaN	NaN	NaN	GF00000004	Rhodotorula_mucilaginosa_TFCN_17-291Y-1.cds.fa_03200	Rhodotorula_mucilaginosa_TFCN_17-291Y-1.cds.fa_06622	NaN	NaN	NaN	NaN	NaN	NaN	NaN	NaN	TFCN17291Y1_003233-T1	TFCN17291Y1_006703-T1
TFCN17291Y1_001758-T1__TFCN17291Y1_003233-T1	NaN	NaN	NaN	NaN	NaN	NaN	NaN	NaN	GF00000004	Rhodotorula_mucilaginosa_TFCN_17-291Y-1.cds.fa_03200	Rhodotorula_mucilaginosa_TFCN_17-291Y-1.cds.fa_01748	NaN	NaN	NaN	NaN	NaN	NaN	NaN	NaN	TFCN17291Y1_003233-T1	TFCN17291Y1_001758-T1
TFCN17291Y1_002239-T1__TFCN17291Y1_003233-T1	NaN	NaN	NaN	NaN	NaN	NaN	NaN	NaN	GF00000004	Rhodotorula_mucilaginosa_TFCN_17-291Y-1.cds.fa_03200	Rhodotorula_mucilaginosa_TFCN_17-291Y-1.cds.fa_02228	NaN	NaN	NaN	NaN	NaN	NaN	NaN	NaN	TFCN17291Y1_003233-T1	TFCN17291Y1_002239-T1
TFCN17291Y1_002300-T1__TFCN17291Y1_002968-T1	NaN	NaN	NaN	NaN	NaN	NaN	NaN	NaN	GF00000004	Rhodotorula_mucilaginosa_TFCN_17-291Y-1.cds.fa_02937	Rhodotorula_mucilaginosa_TFCN_17-291Y-1.cds.fa_02289	NaN	NaN	NaN	NaN	NaN	NaN	NaN	NaN	TFCN17291Y1_002968-T1	TFCN17291Y1_002300-T1
TFCN17291Y1_001161-T1__TFCN17291Y1_002968-T1	NaN	NaN	NaN	NaN	NaN	NaN	NaN	NaN	GF00000004	Rhodotorula_mucilaginosa_TFCN_17-291Y-1.cds.fa_02937	Rhodotorula_mucilaginosa_TFCN_17-291Y-1.cds.fa_01151	NaN	NaN	NaN	NaN	NaN	NaN	NaN	NaN	TFCN17291Y1_002968-T1	TFCN17291Y1_001161-T1
TFCN17291Y1_001844-T1__TFCN17291Y1_002968-T1	NaN	NaN	NaN	NaN	NaN	NaN	NaN	NaN	GF00000004	Rhodotorula_mucilaginosa_TFCN_17-291Y-1.cds.fa_02937	Rhodotorula_mucilaginosa_TFCN_17-291Y-1.cds.fa_01834	NaN	NaN	NaN	NaN	NaN	NaN	NaN	NaN	TFCN17291Y1_002968-T1	TFCN17291Y1_001844-T1
TFCN17291Y1_002968-T1__TFCN17291Y1_005780-T1	NaN	NaN	NaN	NaN	NaN	NaN	NaN	NaN	GF00000004	Rhodotorula_mucilaginosa_TFCN_17-291Y-1.cds.fa_02937	Rhodotorula_mucilaginosa_TFCN_17-291Y-1.cds.fa_05715	NaN	NaN	NaN	NaN	NaN	NaN	NaN	NaN	TFCN17291Y1_002968-T1	TFCN17291Y1_005780-T1
TFCN17291Y1_002968-T1__TFCN17291Y1_005779-T1	NaN	NaN	NaN	NaN	NaN	NaN	NaN	NaN	GF00000004	Rhodotorula_mucilaginosa_TFCN_17-291Y-1.cds.fa_02937	Rhodotorula_mucilaginosa_TFCN_17-291Y-1.cds.fa_05714	NaN	NaN	NaN	NaN	NaN	NaN	NaN	NaN	TFCN17291Y1_002968-T1	TFCN17291Y1_005779-T1
TFCN17291Y1_001843-T1__TFCN17291Y1_002968-T1	NaN	NaN	NaN	NaN	NaN	NaN	NaN	NaN	GF00000004	Rhodotorula_mucilaginosa_TFCN_17-291Y-1.cds.fa_02937	Rhodotorula_mucilaginosa_TFCN_17-291Y-1.cds.fa_01833	NaN	NaN	NaN	NaN	NaN	NaN	NaN	NaN	TFCN17291Y1_002968-T1	TFCN17291Y1_001843-T1
TFCN17291Y1_002968-T1__TFCN17291Y1_009359-T1	NaN	NaN	NaN	NaN	NaN	NaN	NaN	NaN	GF00000004	Rhodotorula_mucilaginosa_TFCN_17-291Y-1.cds.fa_02937	Rhodotorula_mucilaginosa_TFCN_17-291Y-1.cds.fa_09240	NaN	NaN	NaN	NaN	NaN	NaN	NaN	NaN	TFCN17291Y1_002968-T1	TFCN17291Y1_009359-T1
TFCN17291Y1_002968-T1__TFCN17291Y1_006703-T1	NaN	NaN	NaN	NaN	NaN	NaN	NaN	NaN	GF00000004	Rhodotorula_mucilaginosa_TFCN_17-291Y-1.cds.fa_02937	Rhodotorula_mucilaginosa_TFCN_17-291Y-1.cds.fa_06622	NaN	NaN	NaN	NaN	NaN	NaN	NaN	NaN	TFCN17291Y1_002968-T1	TFCN17291Y1_006703-T1
TFCN17291Y1_001758-T1__TFCN17291Y1_002968-T1	NaN	NaN	NaN	NaN	NaN	NaN	NaN	NaN	GF00000004	Rhodotorula_mucilaginosa_TFCN_17-291Y-1.cds.fa_02937	Rhodotorula_mucilaginosa_TFCN_17-291Y-1.cds.fa_01748	NaN	NaN	NaN	NaN	NaN	NaN	NaN	NaN	TFCN17291Y1_002968-T1	TFCN17291Y1_001758-T1
TFCN17291Y1_002239-T1__TFCN17291Y1_002968-T1	NaN	NaN	NaN	NaN	NaN	NaN	NaN	NaN	GF00000004	Rhodotorula_mucilaginosa_TFCN_17-291Y-1.cds.fa_02937	Rhodotorula_mucilaginosa_TFCN_17-291Y-1.cds.fa_02228	NaN	NaN	NaN	NaN	NaN	NaN	NaN	NaN	TFCN17291Y1_002968-T1	TFCN17291Y1_002239-T1
TFCN17291Y1_001161-T1__TFCN17291Y1_002300-T1	NaN	NaN	NaN	NaN	NaN	NaN	NaN	NaN	GF00000004	Rhodotorula_mucilaginosa_TFCN_17-291Y-1.cds.fa_02289	Rhodotorula_mucilaginosa_TFCN_17-291Y-1.cds.fa_01151	NaN	NaN	NaN	NaN	NaN	NaN	NaN	NaN	TFCN17291Y1_002300-T1	TFCN17291Y1_001161-T1
TFCN17291Y1_001844-T1__TFCN17291Y1_002300-T1	NaN	NaN	NaN	NaN	NaN	NaN	NaN	NaN	GF00000004	Rhodotorula_mucilaginosa_TFCN_17-291Y-1.cds.fa_02289	Rhodotorula_mucilaginosa_TFCN_17-291Y-1.cds.fa_01834	NaN	NaN	NaN	NaN	NaN	NaN	NaN	NaN	TFCN17291Y1_002300-T1	TFCN17291Y1_001844-T1
TFCN17291Y1_002300-T1__TFCN17291Y1_005780-T1	NaN	NaN	NaN	NaN	NaN	NaN	NaN	NaN	GF00000004	Rhodotorula_mucilaginosa_TFCN_17-291Y-1.cds.fa_02289	Rhodotorula_mucilaginosa_TFCN_17-291Y-1.cds.fa_05715	NaN	NaN	NaN	NaN	NaN	NaN	NaN	NaN	TFCN17291Y1_002300-T1	TFCN17291Y1_005780-T1
TFCN17291Y1_002300-T1__TFCN17291Y1_005779-T1	NaN	NaN	NaN	NaN	NaN	NaN	NaN	NaN	GF00000004	Rhodotorula_mucilaginosa_TFCN_17-291Y-1.cds.fa_02289	Rhodotorula_mucilaginosa_TFCN_17-291Y-1.cds.fa_05714	NaN	NaN	NaN	NaN	NaN	NaN	NaN	NaN	TFCN17291Y1_002300-T1	TFCN17291Y1_005779-T1
TFCN17291Y1_001843-T1__TFCN17291Y1_002300-T1	NaN	NaN	NaN	NaN	NaN	NaN	NaN	NaN	GF00000004	Rhodotorula_mucilaginosa_TFCN_17-291Y-1.cds.fa_02289	Rhodotorula_mucilaginosa_TFCN_17-291Y-1.cds.fa_01833	NaN	NaN	NaN	NaN	NaN	NaN	NaN	NaN	TFCN17291Y1_002300-T1	TFCN17291Y1_001843-T1
TFCN17291Y1_002300-T1__TFCN17291Y1_009359-T1	NaN	NaN	NaN	NaN	NaN	NaN	NaN	NaN	GF00000004	Rhodotorula_mucilaginosa_TFCN_17-291Y-1.cds.fa_02289	Rhodotorula_mucilaginosa_TFCN_17-291Y-1.cds.fa_09240	NaN	NaN	NaN	NaN	NaN	NaN	NaN	NaN	TFCN17291Y1_002300-T1	TFCN17291Y1_009359-T1
TFCN17291Y1_002300-T1__TFCN17291Y1_006703-T1	NaN	NaN	NaN	NaN	NaN	NaN	NaN	NaN	GF00000004	Rhodotorula_mucilaginosa_TFCN_17-291Y-1.cds.fa_02289	Rhodotorula_mucilaginosa_TFCN_17-291Y-1.cds.fa_06622	NaN	NaN	NaN	NaN	NaN	NaN	NaN	NaN	TFCN17291Y1_002300-T1	TFCN17291Y1_006703-T1
TFCN17291Y1_001758-T1__TFCN17291Y1_002300-T1	NaN	NaN	NaN	NaN	NaN	NaN	NaN	NaN	GF00000004	Rhodotorula_mucilaginosa_TFCN_17-291Y-1.cds.fa_02289	Rhodotorula_mucilaginosa_TFCN_17-291Y-1.cds.fa_01748	NaN	NaN	NaN	NaN	NaN	NaN	NaN	NaN	TFCN17291Y1_002300-T1	TFCN17291Y1_001758-T1
TFCN17291Y1_002239-T1__TFCN17291Y1_002300-T1	NaN	NaN	NaN	NaN	NaN	NaN	NaN	NaN	GF00000004	Rhodotorula_mucilaginosa_TFCN_17-291Y-1.cds.fa_02289	Rhodotorula_mucilaginosa_TFCN_17-291Y-1.cds.fa_02228	NaN	NaN	NaN	NaN	NaN	NaN	NaN	NaN	TFCN17291Y1_002300-T1	TFCN17291Y1_002239-T1
TFCN17291Y1_001161-T1__TFCN17291Y1_001844-T1	NaN	NaN	NaN	NaN	NaN	NaN	NaN	NaN	GF00000004	Rhodotorula_mucilaginosa_TFCN_17-291Y-1.cds.fa_01151	Rhodotorula_mucilaginosa_TFCN_17-291Y-1.cds.fa_01834	NaN	NaN	NaN	NaN	NaN	NaN	NaN	NaN	TFCN17291Y1_001161-T1	TFCN17291Y1_001844-T1
TFCN17291Y1_001161-T1__TFCN17291Y1_005780-T1	NaN	NaN	NaN	NaN	NaN	NaN	NaN	NaN	GF00000004	Rhodotorula_mucilaginosa_TFCN_17-291Y-1.cds.fa_01151	Rhodotorula_mucilaginosa_TFCN_17-291Y-1.cds.fa_05715	NaN	NaN	NaN	NaN	NaN	NaN	NaN	NaN	TFCN17291Y1_001161-T1	TFCN17291Y1_005780-T1
TFCN17291Y1_001161-T1__TFCN17291Y1_005779-T1	NaN	NaN	NaN	NaN	NaN	NaN	NaN	NaN	GF00000004	Rhodotorula_mucilaginosa_TFCN_17-291Y-1.cds.fa_01151	Rhodotorula_mucilaginosa_TFCN_17-291Y-1.cds.fa_05714	NaN	NaN	NaN	NaN	NaN	NaN	NaN	NaN	TFCN17291Y1_001161-T1	TFCN17291Y1_005779-T1
TFCN17291Y1_001161-T1__TFCN17291Y1_001843-T1	NaN	NaN	NaN	NaN	NaN	NaN	NaN	NaN	GF00000004	Rhodotorula_mucilaginosa_TFCN_17-291Y-1.cds.fa_01151	Rhodotorula_mucilaginosa_TFCN_17-291Y-1.cds.fa_01833	NaN	NaN	NaN	NaN	NaN	NaN	NaN	NaN	TFCN17291Y1_001161-T1	TFCN17291Y1_001843-T1
TFCN17291Y1_001161-T1__TFCN17291Y1_009359-T1	NaN	NaN	NaN	NaN	NaN	NaN	NaN	NaN	GF00000004	Rhodotorula_mucilaginosa_TFCN_17-291Y-1.cds.fa_01151	Rhodotorula_mucilaginosa_TFCN_17-291Y-1.cds.fa_09240	NaN	NaN	NaN	NaN	NaN	NaN	NaN	NaN	TFCN17291Y1_001161-T1	TFCN17291Y1_009359-T1
TFCN17291Y1_001161-T1__TFCN17291Y1_006703-T1	NaN	NaN	NaN	NaN	NaN	NaN	NaN	NaN	GF00000004	Rhodotorula_mucilaginosa_TFCN_17-291Y-1.cds.fa_01151	Rhodotorula_mucilaginosa_TFCN_17-291Y-1.cds.fa_06622	NaN	NaN	NaN	NaN	NaN	NaN	NaN	NaN	TFCN17291Y1_001161-T1	TFCN17291Y1_006703-T1
TFCN17291Y1_001161-T1__TFCN17291Y1_001758-T1	NaN	NaN	NaN	NaN	NaN	NaN	NaN	NaN	GF00000004	Rhodotorula_mucilaginosa_TFCN_17-291Y-1.cds.fa_01151	Rhodotorula_mucilaginosa_TFCN_17-291Y-1.cds.fa_01748	NaN	NaN	NaN	NaN	NaN	NaN	NaN	NaN	TFCN17291Y1_001161-T1	TFCN17291Y1_001758-T1
TFCN17291Y1_001161-T1__TFCN17291Y1_002239-T1	NaN	NaN	NaN	NaN	NaN	NaN	NaN	NaN	GF00000004	Rhodotorula_mucilaginosa_TFCN_17-291Y-1.cds.fa_01151	Rhodotorula_mucilaginosa_TFCN_17-291Y-1.cds.fa_02228	NaN	NaN	NaN	NaN	NaN	NaN	NaN	NaN	TFCN17291Y1_001161-T1	TFCN17291Y1_002239-T1
TFCN17291Y1_001844-T1__TFCN17291Y1_005780-T1	NaN	NaN	NaN	NaN	NaN	NaN	NaN	NaN	GF00000004	Rhodotorula_mucilaginosa_TFCN_17-291Y-1.cds.fa_01834	Rhodotorula_mucilaginosa_TFCN_17-291Y-1.cds.fa_05715	NaN	NaN	NaN	NaN	NaN	NaN	NaN	NaN	TFCN17291Y1_001844-T1	TFCN17291Y1_005780-T1
TFCN17291Y1_001844-T1__TFCN17291Y1_005779-T1	NaN	NaN	NaN	NaN	NaN	NaN	NaN	NaN	GF00000004	Rhodotorula_mucilaginosa_TFCN_17-291Y-1.cds.fa_01834	Rhodotorula_mucilaginosa_TFCN_17-291Y-1.cds.fa_05714	NaN	NaN	NaN	NaN	NaN	NaN	NaN	NaN	TFCN17291Y1_001844-T1	TFCN17291Y1_005779-T1
TFCN17291Y1_001843-T1__TFCN17291Y1_001844-T1	NaN	NaN	NaN	NaN	NaN	NaN	NaN	NaN	GF00000004	Rhodotorula_mucilaginosa_TFCN_17-291Y-1.cds.fa_01834	Rhodotorula_mucilaginosa_TFCN_17-291Y-1.cds.fa_01833	NaN	NaN	NaN	NaN	NaN	NaN	NaN	NaN	TFCN17291Y1_001844-T1	TFCN17291Y1_001843-T1
TFCN17291Y1_001844-T1__TFCN17291Y1_009359-T1	NaN	NaN	NaN	NaN	NaN	NaN	NaN	NaN	GF00000004	Rhodotorula_mucilaginosa_TFCN_17-291Y-1.cds.fa_01834	Rhodotorula_mucilaginosa_TFCN_17-291Y-1.cds.fa_09240	NaN	NaN	NaN	NaN	NaN	NaN	NaN	NaN	TFCN17291Y1_001844-T1	TFCN17291Y1_009359-T1
TFCN17291Y1_001844-T1__TFCN17291Y1_006703-T1	NaN	NaN	NaN	NaN	NaN	NaN	NaN	NaN	GF00000004	Rhodotorula_mucilaginosa_TFCN_17-291Y-1.cds.fa_01834	Rhodotorula_mucilaginosa_TFCN_17-291Y-1.cds.fa_06622	NaN	NaN	NaN	NaN	NaN	NaN	NaN	NaN	TFCN17291Y1_001844-T1	TFCN17291Y1_006703-T1
TFCN17291Y1_001758-T1__TFCN17291Y1_001844-T1	NaN	NaN	NaN	NaN	NaN	NaN	NaN	NaN	GF00000004	Rhodotorula_mucilaginosa_TFCN_17-291Y-1.cds.fa_01834	Rhodotorula_mucilaginosa_TFCN_17-291Y-1.cds.fa_01748	NaN	NaN	NaN	NaN	NaN	NaN	NaN	NaN	TFCN17291Y1_001844-T1	TFCN17291Y1_001758-T1
TFCN17291Y1_001844-T1__TFCN17291Y1_002239-T1	NaN	NaN	NaN	NaN	NaN	NaN	NaN	NaN	GF00000004	Rhodotorula_mucilaginosa_TFCN_17-291Y-1.cds.fa_01834	Rhodotorula_mucilaginosa_TFCN_17-291Y-1.cds.fa_02228	NaN	NaN	NaN	NaN	NaN	NaN	NaN	NaN	TFCN17291Y1_001844-T1	TFCN17291Y1_002239-T1
TFCN17291Y1_005779-T1__TFCN17291Y1_005780-T1	NaN	NaN	NaN	NaN	NaN	NaN	NaN	NaN	GF00000004	Rhodotorula_mucilaginosa_TFCN_17-291Y-1.cds.fa_05715	Rhodotorula_mucilaginosa_TFCN_17-291Y-1.cds.fa_05714	NaN	NaN	NaN	NaN	NaN	NaN	NaN	NaN	TFCN17291Y1_005780-T1	TFCN17291Y1_005779-T1
TFCN17291Y1_001843-T1__TFCN17291Y1_005780-T1	NaN	NaN	NaN	NaN	NaN	NaN	NaN	NaN	GF00000004	Rhodotorula_mucilaginosa_TFCN_17-291Y-1.cds.fa_05715	Rhodotorula_mucilaginosa_TFCN_17-291Y-1.cds.fa_01833	NaN	NaN	NaN	NaN	NaN	NaN	NaN	NaN	TFCN17291Y1_005780-T1	TFCN17291Y1_001843-T1
TFCN17291Y1_005780-T1__TFCN17291Y1_009359-T1	NaN	NaN	NaN	NaN	NaN	NaN	NaN	NaN	GF00000004	Rhodotorula_mucilaginosa_TFCN_17-291Y-1.cds.fa_05715	Rhodotorula_mucilaginosa_TFCN_17-291Y-1.cds.fa_09240	NaN	NaN	NaN	NaN	NaN	NaN	NaN	NaN	TFCN17291Y1_005780-T1	TFCN17291Y1_009359-T1
TFCN17291Y1_005780-T1__TFCN17291Y1_006703-T1	NaN	NaN	NaN	NaN	NaN	NaN	NaN	NaN	GF00000004	Rhodotorula_mucilaginosa_TFCN_17-291Y-1.cds.fa_05715	Rhodotorula_mucilaginosa_TFCN_17-291Y-1.cds.fa_06622	NaN	NaN	NaN	NaN	NaN	NaN	NaN	NaN	TFCN17291Y1_005780-T1	TFCN17291Y1_006703-T1
TFCN17291Y1_001758-T1__TFCN17291Y1_005780-T1	NaN	NaN	NaN	NaN	NaN	NaN	NaN	NaN	GF00000004	Rhodotorula_mucilaginosa_TFCN_17-291Y-1.cds.fa_05715	Rhodotorula_mucilaginosa_TFCN_17-291Y-1.cds.fa_01748	NaN	NaN	NaN	NaN	NaN	NaN	NaN	NaN	TFCN17291Y1_005780-T1	TFCN17291Y1_001758-T1
TFCN17291Y1_002239-T1__TFCN17291Y1_005780-T1	NaN	NaN	NaN	NaN	NaN	NaN	NaN	NaN	GF00000004	Rhodotorula_mucilaginosa_TFCN_17-291Y-1.cds.fa_05715	Rhodotorula_mucilaginosa_TFCN_17-291Y-1.cds.fa_02228	NaN	NaN	NaN	NaN	NaN	NaN	NaN	NaN	TFCN17291Y1_005780-T1	TFCN17291Y1_002239-T1
TFCN17291Y1_001843-T1__TFCN17291Y1_005779-T1	NaN	NaN	NaN	NaN	NaN	NaN	NaN	NaN	GF00000004	Rhodotorula_mucilaginosa_TFCN_17-291Y-1.cds.fa_05714	Rhodotorula_mucilaginosa_TFCN_17-291Y-1.cds.fa_01833	NaN	NaN	NaN	NaN	NaN	NaN	NaN	NaN	TFCN17291Y1_005779-T1	TFCN17291Y1_001843-T1
TFCN17291Y1_005779-T1__TFCN17291Y1_009359-T1	NaN	NaN	NaN	NaN	NaN	NaN	NaN	NaN	GF00000004	Rhodotorula_mucilaginosa_TFCN_17-291Y-1.cds.fa_05714	Rhodotorula_mucilaginosa_TFCN_17-291Y-1.cds.fa_09240	NaN	NaN	NaN	NaN	NaN	NaN	NaN	NaN	TFCN17291Y1_005779-T1	TFCN17291Y1_009359-T1
TFCN17291Y1_005779-T1__TFCN17291Y1_006703-T1	NaN	NaN	NaN	NaN	NaN	NaN	NaN	NaN	GF00000004	Rhodotorula_mucilaginosa_TFCN_17-291Y-1.cds.fa_05714	Rhodotorula_mucilaginosa_TFCN_17-291Y-1.cds.fa_06622	NaN	NaN	NaN	NaN	NaN	NaN	NaN	NaN	TFCN17291Y1_005779-T1	TFCN17291Y1_006703-T1
TFCN17291Y1_001758-T1__TFCN17291Y1_005779-T1	NaN	NaN	NaN	NaN	NaN	NaN	NaN	NaN	GF00000004	Rhodotorula_mucilaginosa_TFCN_17-291Y-1.cds.fa_05714	Rhodotorula_mucilaginosa_TFCN_17-291Y-1.cds.fa_01748	NaN	NaN	NaN	NaN	NaN	NaN	NaN	NaN	TFCN17291Y1_005779-T1	TFCN17291Y1_001758-T1
TFCN17291Y1_002239-T1__TFCN17291Y1_005779-T1	NaN	NaN	NaN	NaN	NaN	NaN	NaN	NaN	GF00000004	Rhodotorula_mucilaginosa_TFCN_17-291Y-1.cds.fa_05714	Rhodotorula_mucilaginosa_TFCN_17-291Y-1.cds.fa_02228	NaN	NaN	NaN	NaN	NaN	NaN	NaN	NaN	TFCN17291Y1_005779-T1	TFCN17291Y1_002239-T1
TFCN17291Y1_001843-T1__TFCN17291Y1_009359-T1	NaN	NaN	NaN	NaN	NaN	NaN	NaN	NaN	GF00000004	Rhodotorula_mucilaginosa_TFCN_17-291Y-1.cds.fa_01833	Rhodotorula_mucilaginosa_TFCN_17-291Y-1.cds.fa_09240	NaN	NaN	NaN	NaN	NaN	NaN	NaN	NaN	TFCN17291Y1_001843-T1	TFCN17291Y1_009359-T1
TFCN17291Y1_001843-T1__TFCN17291Y1_006703-T1	NaN	NaN	NaN	NaN	NaN	NaN	NaN	NaN	GF00000004	Rhodotorula_mucilaginosa_TFCN_17-291Y-1.cds.fa_01833	Rhodotorula_mucilaginosa_TFCN_17-291Y-1.cds.fa_06622	NaN	NaN	NaN	NaN	NaN	NaN	NaN	NaN	TFCN17291Y1_001843-T1	TFCN17291Y1_006703-T1
TFCN17291Y1_001758-T1__TFCN17291Y1_001843-T1	NaN	NaN	NaN	NaN	NaN	NaN	NaN	NaN	GF00000004	Rhodotorula_mucilaginosa_TFCN_17-291Y-1.cds.fa_01833	Rhodotorula_mucilaginosa_TFCN_17-291Y-1.cds.fa_01748	NaN	NaN	NaN	NaN	NaN	NaN	NaN	NaN	TFCN17291Y1_001843-T1	TFCN17291Y1_001758-T1
TFCN17291Y1_001843-T1__TFCN17291Y1_002239-T1	NaN	NaN	NaN	NaN	NaN	NaN	NaN	NaN	GF00000004	Rhodotorula_mucilaginosa_TFCN_17-291Y-1.cds.fa_01833	Rhodotorula_mucilaginosa_TFCN_17-291Y-1.cds.fa_02228	NaN	NaN	NaN	NaN	NaN	NaN	NaN	NaN	TFCN17291Y1_001843-T1	TFCN17291Y1_002239-T1
TFCN17291Y1_006703-T1__TFCN17291Y1_009359-T1	NaN	NaN	NaN	NaN	NaN	NaN	NaN	NaN	GF00000004	Rhodotorula_mucilaginosa_TFCN_17-291Y-1.cds.fa_09240	Rhodotorula_mucilaginosa_TFCN_17-291Y-1.cds.fa_06622	NaN	NaN	NaN	NaN	NaN	NaN	NaN	NaN	TFCN17291Y1_009359-T1	TFCN17291Y1_006703-T1
TFCN17291Y1_001758-T1__TFCN17291Y1_009359-T1	NaN	NaN	NaN	NaN	NaN	NaN	NaN	NaN	GF00000004	Rhodotorula_mucilaginosa_TFCN_17-291Y-1.cds.fa_09240	Rhodotorula_mucilaginosa_TFCN_17-291Y-1.cds.fa_01748	NaN	NaN	NaN	NaN	NaN	NaN	NaN	NaN	TFCN17291Y1_009359-T1	TFCN17291Y1_001758-T1
TFCN17291Y1_002239-T1__TFCN17291Y1_009359-T1	NaN	NaN	NaN	NaN	NaN	NaN	NaN	NaN	GF00000004	Rhodotorula_mucilaginosa_TFCN_17-291Y-1.cds.fa_09240	Rhodotorula_mucilaginosa_TFCN_17-291Y-1.cds.fa_02228	NaN	NaN	NaN	NaN	NaN	NaN	NaN	NaN	TFCN17291Y1_009359-T1	TFCN17291Y1_002239-T1
TFCN17291Y1_001758-T1__TFCN17291Y1_006703-T1	NaN	NaN	NaN	NaN	NaN	NaN	NaN	NaN	GF00000004	Rhodotorula_mucilaginosa_TFCN_17-291Y-1.cds.fa_06622	Rhodotorula_mucilaginosa_TFCN_17-291Y-1.cds.fa_01748	NaN	NaN	NaN	NaN	NaN	NaN	NaN	NaN	TFCN17291Y1_006703-T1	TFCN17291Y1_001758-T1
TFCN17291Y1_002239-T1__TFCN17291Y1_006703-T1	NaN	NaN	NaN	NaN	NaN	NaN	NaN	NaN	GF00000004	Rhodotorula_mucilaginosa_TFCN_17-291Y-1.cds.fa_06622	Rhodotorula_mucilaginosa_TFCN_17-291Y-1.cds.fa_02228	NaN	NaN	NaN	NaN	NaN	NaN	NaN	NaN	TFCN17291Y1_006703-T1	TFCN17291Y1_002239-T1
TFCN17291Y1_001758-T1__TFCN17291Y1_002239-T1	NaN	NaN	NaN	NaN	NaN	NaN	NaN	NaN	GF00000004	Rhodotorula_mucilaginosa_TFCN_17-291Y-1.cds.fa_01748	Rhodotorula_mucilaginosa_TFCN_17-291Y-1.cds.fa_02228	NaN	NaN	NaN	NaN	NaN	NaN	NaN	NaN	TFCN17291Y1_001758-T1	TFCN17291Y1_002239-T1
TFCN17291Y1_006580-T1__TFCN17291Y1_010958-T1	NaN	NaN	NaN	NaN	NaN	NaN	NaN	NaN	GF00000005	Rhodotorula_mucilaginosa_TFCN_17-291Y-1.cds.fa_06503	Rhodotorula_mucilaginosa_TFCN_17-291Y-1.cds.fa_10813	NaN	NaN	NaN	NaN	NaN	NaN	NaN	NaN	TFCN17291Y1_006580-T1	TFCN17291Y1_010958-T1
TFCN17291Y1_006580-T1__TFCN17291Y1_006830-T1	NaN	NaN	NaN	NaN	NaN	NaN	NaN	NaN	GF00000005	Rhodotorula_mucilaginosa_TFCN_17-291Y-1.cds.fa_06503	Rhodotorula_mucilaginosa_TFCN_17-291Y-1.cds.fa_06749	NaN	NaN	NaN	NaN	NaN	NaN	NaN	NaN	TFCN17291Y1_006580-T1	TFCN17291Y1_006830-T1
TFCN17291Y1_006580-T1__TFCN17291Y1_006654-T1	NaN	NaN	NaN	NaN	NaN	NaN	NaN	NaN	GF00000005	Rhodotorula_mucilaginosa_TFCN_17-291Y-1.cds.fa_06503	Rhodotorula_mucilaginosa_TFCN_17-291Y-1.cds.fa_06574	NaN	NaN	NaN	NaN	NaN	NaN	NaN	NaN	TFCN17291Y1_006580-T1	TFCN17291Y1_006654-T1
TFCN17291Y1_004818-T1__TFCN17291Y1_006580-T1	NaN	NaN	NaN	NaN	NaN	NaN	NaN	NaN	GF00000005	Rhodotorula_mucilaginosa_TFCN_17-291Y-1.cds.fa_06503	Rhodotorula_mucilaginosa_TFCN_17-291Y-1.cds.fa_04767	NaN	NaN	NaN	NaN	NaN	NaN	NaN	NaN	TFCN17291Y1_006580-T1	TFCN17291Y1_004818-T1
TFCN17291Y1_001388-T1__TFCN17291Y1_006580-T1	NaN	NaN	NaN	NaN	NaN	NaN	NaN	NaN	GF00000005	Rhodotorula_mucilaginosa_TFCN_17-291Y-1.cds.fa_06503	Rhodotorula_mucilaginosa_TFCN_17-291Y-1.cds.fa_01378	NaN	NaN	NaN	NaN	NaN	NaN	NaN	NaN	TFCN17291Y1_006580-T1	TFCN17291Y1_001388-T1
TFCN17291Y1_006575-T1__TFCN17291Y1_006580-T1	NaN	NaN	NaN	NaN	NaN	NaN	NaN	NaN	GF00000005	Rhodotorula_mucilaginosa_TFCN_17-291Y-1.cds.fa_06503	Rhodotorula_mucilaginosa_TFCN_17-291Y-1.cds.fa_06498	NaN	NaN	NaN	NaN	NaN	NaN	NaN	NaN	TFCN17291Y1_006580-T1	TFCN17291Y1_006575-T1
TFCN17291Y1_006580-T1__TFCN17291Y1_012394-T1	NaN	NaN	NaN	NaN	NaN	NaN	NaN	NaN	GF00000005	Rhodotorula_mucilaginosa_TFCN_17-291Y-1.cds.fa_06503	Rhodotorula_mucilaginosa_TFCN_17-291Y-1.cds.fa_12207	NaN	NaN	NaN	NaN	NaN	NaN	NaN	NaN	TFCN17291Y1_006580-T1	TFCN17291Y1_012394-T1
TFCN17291Y1_005877-T1__TFCN17291Y1_006580-T1	NaN	NaN	NaN	NaN	NaN	NaN	NaN	NaN	GF00000005	Rhodotorula_mucilaginosa_TFCN_17-291Y-1.cds.fa_06503	Rhodotorula_mucilaginosa_TFCN_17-291Y-1.cds.fa_05811	NaN	NaN	NaN	NaN	NaN	NaN	NaN	NaN	TFCN17291Y1_006580-T1	TFCN17291Y1_005877-T1
TFCN17291Y1_006580-T1__TFCN17291Y1_012264-T1	NaN	NaN	NaN	NaN	NaN	NaN	NaN	NaN	GF00000005	Rhodotorula_mucilaginosa_TFCN_17-291Y-1.cds.fa_06503	Rhodotorula_mucilaginosa_TFCN_17-291Y-1.cds.fa_12079	NaN	NaN	NaN	NaN	NaN	NaN	NaN	NaN	TFCN17291Y1_006580-T1	TFCN17291Y1_012264-T1
TFCN17291Y1_006580-T1__TFCN17291Y1_012116-T1	NaN	NaN	NaN	NaN	NaN	NaN	NaN	NaN	GF00000005	Rhodotorula_mucilaginosa_TFCN_17-291Y-1.cds.fa_06503	Rhodotorula_mucilaginosa_TFCN_17-291Y-1.cds.fa_11939	NaN	NaN	NaN	NaN	NaN	NaN	NaN	NaN	TFCN17291Y1_006580-T1	TFCN17291Y1_012116-T1
TFCN17291Y1_000113-T1__TFCN17291Y1_006580-T1	NaN	NaN	NaN	NaN	NaN	NaN	NaN	NaN	GF00000005	Rhodotorula_mucilaginosa_TFCN_17-291Y-1.cds.fa_06503	Rhodotorula_mucilaginosa_TFCN_17-291Y-1.cds.fa_00112	NaN	NaN	NaN	NaN	NaN	NaN	NaN	NaN	TFCN17291Y1_006580-T1	TFCN17291Y1_000113-T1
TFCN17291Y1_000227-T1__TFCN17291Y1_006580-T1	NaN	NaN	NaN	NaN	NaN	NaN	NaN	NaN	GF00000005	Rhodotorula_mucilaginosa_TFCN_17-291Y-1.cds.fa_06503	Rhodotorula_mucilaginosa_TFCN_17-291Y-1.cds.fa_00224	NaN	NaN	NaN	NaN	NaN	NaN	NaN	NaN	TFCN17291Y1_006580-T1	TFCN17291Y1_000227-T1
TFCN17291Y1_004116-T1__TFCN17291Y1_006580-T1	NaN	NaN	NaN	NaN	NaN	NaN	NaN	NaN	GF00000005	Rhodotorula_mucilaginosa_TFCN_17-291Y-1.cds.fa_06503	Rhodotorula_mucilaginosa_TFCN_17-291Y-1.cds.fa_04077	NaN	NaN	NaN	NaN	NaN	NaN	NaN	NaN	TFCN17291Y1_006580-T1	TFCN17291Y1_004116-T1
TFCN17291Y1_006580-T1__TFCN17291Y1_006927-T1	NaN	NaN	NaN	NaN	NaN	NaN	NaN	NaN	GF00000005	Rhodotorula_mucilaginosa_TFCN_17-291Y-1.cds.fa_06503	Rhodotorula_mucilaginosa_TFCN_17-291Y-1.cds.fa_06844	NaN	NaN	NaN	NaN	NaN	NaN	NaN	NaN	TFCN17291Y1_006580-T1	TFCN17291Y1_006927-T1
TFCN17291Y1_003272-T1__TFCN17291Y1_006580-T1	NaN	NaN	NaN	NaN	NaN	NaN	NaN	NaN	GF00000005	Rhodotorula_mucilaginosa_TFCN_17-291Y-1.cds.fa_06503	Rhodotorula_mucilaginosa_TFCN_17-291Y-1.cds.fa_03239	NaN	NaN	NaN	NaN	NaN	NaN	NaN	NaN	TFCN17291Y1_006580-T1	TFCN17291Y1_003272-T1
TFCN17291Y1_002414-T1__TFCN17291Y1_006580-T1	NaN	NaN	NaN	NaN	NaN	NaN	NaN	NaN	GF00000005	Rhodotorula_mucilaginosa_TFCN_17-291Y-1.cds.fa_06503	Rhodotorula_mucilaginosa_TFCN_17-291Y-1.cds.fa_02402	NaN	NaN	NaN	NaN	NaN	NaN	NaN	NaN	TFCN17291Y1_006580-T1	TFCN17291Y1_002414-T1
TFCN17291Y1_006561-T1__TFCN17291Y1_006580-T1	NaN	NaN	NaN	NaN	NaN	NaN	NaN	NaN	GF00000005	Rhodotorula_mucilaginosa_TFCN_17-291Y-1.cds.fa_06503	Rhodotorula_mucilaginosa_TFCN_17-291Y-1.cds.fa_06484	NaN	NaN	NaN	NaN	NaN	NaN	NaN	NaN	TFCN17291Y1_006580-T1	TFCN17291Y1_006561-T1
TFCN17291Y1_006580-T1__TFCN17291Y1_011095-T1	NaN	NaN	NaN	NaN	NaN	NaN	NaN	NaN	GF00000005	Rhodotorula_mucilaginosa_TFCN_17-291Y-1.cds.fa_06503	Rhodotorula_mucilaginosa_TFCN_17-291Y-1.cds.fa_10948	NaN	NaN	NaN	NaN	NaN	NaN	NaN	NaN	TFCN17291Y1_006580-T1	TFCN17291Y1_011095-T1
TFCN17291Y1_006830-T1__TFCN17291Y1_010958-T1	NaN	NaN	NaN	NaN	NaN	NaN	NaN	NaN	GF00000005	Rhodotorula_mucilaginosa_TFCN_17-291Y-1.cds.fa_10813	Rhodotorula_mucilaginosa_TFCN_17-291Y-1.cds.fa_06749	NaN	NaN	NaN	NaN	NaN	NaN	NaN	NaN	TFCN17291Y1_010958-T1	TFCN17291Y1_006830-T1
TFCN17291Y1_006654-T1__TFCN17291Y1_010958-T1	NaN	NaN	NaN	NaN	NaN	NaN	NaN	NaN	GF00000005	Rhodotorula_mucilaginosa_TFCN_17-291Y-1.cds.fa_10813	Rhodotorula_mucilaginosa_TFCN_17-291Y-1.cds.fa_06574	NaN	NaN	NaN	NaN	NaN	NaN	NaN	NaN	TFCN17291Y1_010958-T1	TFCN17291Y1_006654-T1
TFCN17291Y1_004818-T1__TFCN17291Y1_010958-T1	NaN	NaN	NaN	NaN	NaN	NaN	NaN	NaN	GF00000005	Rhodotorula_mucilaginosa_TFCN_17-291Y-1.cds.fa_10813	Rhodotorula_mucilaginosa_TFCN_17-291Y-1.cds.fa_04767	NaN	NaN	NaN	NaN	NaN	NaN	NaN	NaN	TFCN17291Y1_010958-T1	TFCN17291Y1_004818-T1
TFCN17291Y1_001388-T1__TFCN17291Y1_010958-T1	NaN	NaN	NaN	NaN	NaN	NaN	NaN	NaN	GF00000005	Rhodotorula_mucilaginosa_TFCN_17-291Y-1.cds.fa_10813	Rhodotorula_mucilaginosa_TFCN_17-291Y-1.cds.fa_01378	NaN	NaN	NaN	NaN	NaN	NaN	NaN	NaN	TFCN17291Y1_010958-T1	TFCN17291Y1_001388-T1
TFCN17291Y1_006575-T1__TFCN17291Y1_010958-T1	NaN	NaN	NaN	NaN	NaN	NaN	NaN	NaN	GF00000005	Rhodotorula_mucilaginosa_TFCN_17-291Y-1.cds.fa_10813	Rhodotorula_mucilaginosa_TFCN_17-291Y-1.cds.fa_06498	NaN	NaN	NaN	NaN	NaN	NaN	NaN	NaN	TFCN17291Y1_010958-T1	TFCN17291Y1_006575-T1
TFCN17291Y1_010958-T1__TFCN17291Y1_012394-T1	NaN	NaN	NaN	NaN	NaN	NaN	NaN	NaN	GF00000005	Rhodotorula_mucilaginosa_TFCN_17-291Y-1.cds.fa_10813	Rhodotorula_mucilaginosa_TFCN_17-291Y-1.cds.fa_12207	NaN	NaN	NaN	NaN	NaN	NaN	NaN	NaN	TFCN17291Y1_010958-T1	TFCN17291Y1_012394-T1
TFCN17291Y1_005877-T1__TFCN17291Y1_010958-T1	NaN	NaN	NaN	NaN	NaN	NaN	NaN	NaN	GF00000005	Rhodotorula_mucilaginosa_TFCN_17-291Y-1.cds.fa_10813	Rhodotorula_mucilaginosa_TFCN_17-291Y-1.cds.fa_05811	NaN	NaN	NaN	NaN	NaN	NaN	NaN	NaN	TFCN17291Y1_010958-T1	TFCN17291Y1_005877-T1
TFCN17291Y1_010958-T1__TFCN17291Y1_012264-T1	NaN	NaN	NaN	NaN	NaN	NaN	NaN	NaN	GF00000005	Rhodotorula_mucilaginosa_TFCN_17-291Y-1.cds.fa_10813	Rhodotorula_mucilaginosa_TFCN_17-291Y-1.cds.fa_12079	NaN	NaN	NaN	NaN	NaN	NaN	NaN	NaN	TFCN17291Y1_010958-T1	TFCN17291Y1_012264-T1
TFCN17291Y1_010958-T1__TFCN17291Y1_012116-T1	NaN	NaN	NaN	NaN	NaN	NaN	NaN	NaN	GF00000005	Rhodotorula_mucilaginosa_TFCN_17-291Y-1.cds.fa_10813	Rhodotorula_mucilaginosa_TFCN_17-291Y-1.cds.fa_11939	NaN	NaN	NaN	NaN	NaN	NaN	NaN	NaN	TFCN17291Y1_010958-T1	TFCN17291Y1_012116-T1
TFCN17291Y1_000113-T1__TFCN17291Y1_010958-T1	NaN	NaN	NaN	NaN	NaN	NaN	NaN	NaN	GF00000005	Rhodotorula_mucilaginosa_TFCN_17-291Y-1.cds.fa_10813	Rhodotorula_mucilaginosa_TFCN_17-291Y-1.cds.fa_00112	NaN	NaN	NaN	NaN	NaN	NaN	NaN	NaN	TFCN17291Y1_010958-T1	TFCN17291Y1_000113-T1
TFCN17291Y1_000227-T1__TFCN17291Y1_010958-T1	NaN	NaN	NaN	NaN	NaN	NaN	NaN	NaN	GF00000005	Rhodotorula_mucilaginosa_TFCN_17-291Y-1.cds.fa_10813	Rhodotorula_mucilaginosa_TFCN_17-291Y-1.cds.fa_00224	NaN	NaN	NaN	NaN	NaN	NaN	NaN	NaN	TFCN17291Y1_010958-T1	TFCN17291Y1_000227-T1
TFCN17291Y1_004116-T1__TFCN17291Y1_010958-T1	NaN	NaN	NaN	NaN	NaN	NaN	NaN	NaN	GF00000005	Rhodotorula_mucilaginosa_TFCN_17-291Y-1.cds.fa_10813	Rhodotorula_mucilaginosa_TFCN_17-291Y-1.cds.fa_04077	NaN	NaN	NaN	NaN	NaN	NaN	NaN	NaN	TFCN17291Y1_010958-T1	TFCN17291Y1_004116-T1
TFCN17291Y1_006927-T1__TFCN17291Y1_010958-T1	NaN	NaN	NaN	NaN	NaN	NaN	NaN	NaN	GF00000005	Rhodotorula_mucilaginosa_TFCN_17-291Y-1.cds.fa_10813	Rhodotorula_mucilaginosa_TFCN_17-291Y-1.cds.fa_06844	NaN	NaN	NaN	NaN	NaN	NaN	NaN	NaN	TFCN17291Y1_010958-T1	TFCN17291Y1_006927-T1
TFCN17291Y1_003272-T1__TFCN17291Y1_010958-T1	NaN	NaN	NaN	NaN	NaN	NaN	NaN	NaN	GF00000005	Rhodotorula_mucilaginosa_TFCN_17-291Y-1.cds.fa_10813	Rhodotorula_mucilaginosa_TFCN_17-291Y-1.cds.fa_03239	NaN	NaN	NaN	NaN	NaN	NaN	NaN	NaN	TFCN17291Y1_010958-T1	TFCN17291Y1_003272-T1
TFCN17291Y1_002414-T1__TFCN17291Y1_010958-T1	NaN	NaN	NaN	NaN	NaN	NaN	NaN	NaN	GF00000005	Rhodotorula_mucilaginosa_TFCN_17-291Y-1.cds.fa_10813	Rhodotorula_mucilaginosa_TFCN_17-291Y-1.cds.fa_02402	NaN	NaN	NaN	NaN	NaN	NaN	NaN	NaN	TFCN17291Y1_010958-T1	TFCN17291Y1_002414-T1
TFCN17291Y1_006561-T1__TFCN17291Y1_010958-T1	NaN	NaN	NaN	NaN	NaN	NaN	NaN	NaN	GF00000005	Rhodotorula_mucilaginosa_TFCN_17-291Y-1.cds.fa_10813	Rhodotorula_mucilaginosa_TFCN_17-291Y-1.cds.fa_06484	NaN	NaN	NaN	NaN	NaN	NaN	NaN	NaN	TFCN17291Y1_010958-T1	TFCN17291Y1_006561-T1
TFCN17291Y1_010958-T1__TFCN17291Y1_011095-T1	NaN	NaN	NaN	NaN	NaN	NaN	NaN	NaN	GF00000005	Rhodotorula_mucilaginosa_TFCN_17-291Y-1.cds.fa_10813	Rhodotorula_mucilaginosa_TFCN_17-291Y-1.cds.fa_10948	NaN	NaN	NaN	NaN	NaN	NaN	NaN	NaN	TFCN17291Y1_010958-T1	TFCN17291Y1_011095-T1
TFCN17291Y1_006654-T1__TFCN17291Y1_006830-T1	NaN	NaN	NaN	NaN	NaN	NaN	NaN	NaN	GF00000005	Rhodotorula_mucilaginosa_TFCN_17-291Y-1.cds.fa_06749	Rhodotorula_mucilaginosa_TFCN_17-291Y-1.cds.fa_06574	NaN	NaN	NaN	NaN	NaN	NaN	NaN	NaN	TFCN17291Y1_006830-T1	TFCN17291Y1_006654-T1
TFCN17291Y1_004818-T1__TFCN17291Y1_006830-T1	NaN	NaN	NaN	NaN	NaN	NaN	NaN	NaN	GF00000005	Rhodotorula_mucilaginosa_TFCN_17-291Y-1.cds.fa_06749	Rhodotorula_mucilaginosa_TFCN_17-291Y-1.cds.fa_04767	NaN	NaN	NaN	NaN	NaN	NaN	NaN	NaN	TFCN17291Y1_006830-T1	TFCN17291Y1_004818-T1
TFCN17291Y1_001388-T1__TFCN17291Y1_006830-T1	NaN	NaN	NaN	NaN	NaN	NaN	NaN	NaN	GF00000005	Rhodotorula_mucilaginosa_TFCN_17-291Y-1.cds.fa_06749	Rhodotorula_mucilaginosa_TFCN_17-291Y-1.cds.fa_01378	NaN	NaN	NaN	NaN	NaN	NaN	NaN	NaN	TFCN17291Y1_006830-T1	TFCN17291Y1_001388-T1
TFCN17291Y1_006575-T1__TFCN17291Y1_006830-T1	NaN	NaN	NaN	NaN	NaN	NaN	NaN	NaN	GF00000005	Rhodotorula_mucilaginosa_TFCN_17-291Y-1.cds.fa_06749	Rhodotorula_mucilaginosa_TFCN_17-291Y-1.cds.fa_06498	NaN	NaN	NaN	NaN	NaN	NaN	NaN	NaN	TFCN17291Y1_006830-T1	TFCN17291Y1_006575-T1
TFCN17291Y1_006830-T1__TFCN17291Y1_012394-T1	NaN	NaN	NaN	NaN	NaN	NaN	NaN	NaN	GF00000005	Rhodotorula_mucilaginosa_TFCN_17-291Y-1.cds.fa_06749	Rhodotorula_mucilaginosa_TFCN_17-291Y-1.cds.fa_12207	NaN	NaN	NaN	NaN	NaN	NaN	NaN	NaN	TFCN17291Y1_006830-T1	TFCN17291Y1_012394-T1
TFCN17291Y1_005877-T1__TFCN17291Y1_006830-T1	NaN	NaN	NaN	NaN	NaN	NaN	NaN	NaN	GF00000005	Rhodotorula_mucilaginosa_TFCN_17-291Y-1.cds.fa_06749	Rhodotorula_mucilaginosa_TFCN_17-291Y-1.cds.fa_05811	NaN	NaN	NaN	NaN	NaN	NaN	NaN	NaN	TFCN17291Y1_006830-T1	TFCN17291Y1_005877-T1
TFCN17291Y1_006830-T1__TFCN17291Y1_012264-T1	NaN	NaN	NaN	NaN	NaN	NaN	NaN	NaN	GF00000005	Rhodotorula_mucilaginosa_TFCN_17-291Y-1.cds.fa_06749	Rhodotorula_mucilaginosa_TFCN_17-291Y-1.cds.fa_12079	NaN	NaN	NaN	NaN	NaN	NaN	NaN	NaN	TFCN17291Y1_006830-T1	TFCN17291Y1_012264-T1
TFCN17291Y1_006830-T1__TFCN17291Y1_012116-T1	NaN	NaN	NaN	NaN	NaN	NaN	NaN	NaN	GF00000005	Rhodotorula_mucilaginosa_TFCN_17-291Y-1.cds.fa_06749	Rhodotorula_mucilaginosa_TFCN_17-291Y-1.cds.fa_11939	NaN	NaN	NaN	NaN	NaN	NaN	NaN	NaN	TFCN17291Y1_006830-T1	TFCN17291Y1_012116-T1
TFCN17291Y1_000113-T1__TFCN17291Y1_006830-T1	NaN	NaN	NaN	NaN	NaN	NaN	NaN	NaN	GF00000005	Rhodotorula_mucilaginosa_TFCN_17-291Y-1.cds.fa_06749	Rhodotorula_mucilaginosa_TFCN_17-291Y-1.cds.fa_00112	NaN	NaN	NaN	NaN	NaN	NaN	NaN	NaN	TFCN17291Y1_006830-T1	TFCN17291Y1_000113-T1
TFCN17291Y1_000227-T1__TFCN17291Y1_006830-T1	NaN	NaN	NaN	NaN	NaN	NaN	NaN	NaN	GF00000005	Rhodotorula_mucilaginosa_TFCN_17-291Y-1.cds.fa_06749	Rhodotorula_mucilaginosa_TFCN_17-291Y-1.cds.fa_00224	NaN	NaN	NaN	NaN	NaN	NaN	NaN	NaN	TFCN17291Y1_006830-T1	TFCN17291Y1_000227-T1
TFCN17291Y1_004116-T1__TFCN17291Y1_006830-T1	NaN	NaN	NaN	NaN	NaN	NaN	NaN	NaN	GF00000005	Rhodotorula_mucilaginosa_TFCN_17-291Y-1.cds.fa_06749	Rhodotorula_mucilaginosa_TFCN_17-291Y-1.cds.fa_04077	NaN	NaN	NaN	NaN	NaN	NaN	NaN	NaN	TFCN17291Y1_006830-T1	TFCN17291Y1_004116-T1
TFCN17291Y1_006830-T1__TFCN17291Y1_006927-T1	NaN	NaN	NaN	NaN	NaN	NaN	NaN	NaN	GF00000005	Rhodotorula_mucilaginosa_TFCN_17-291Y-1.cds.fa_06749	Rhodotorula_mucilaginosa_TFCN_17-291Y-1.cds.fa_06844	NaN	NaN	NaN	NaN	NaN	NaN	NaN	NaN	TFCN17291Y1_006830-T1	TFCN17291Y1_006927-T1
TFCN17291Y1_003272-T1__TFCN17291Y1_006830-T1	NaN	NaN	NaN	NaN	NaN	NaN	NaN	NaN	GF00000005	Rhodotorula_mucilaginosa_TFCN_17-291Y-1.cds.fa_06749	Rhodotorula_mucilaginosa_TFCN_17-291Y-1.cds.fa_03239	NaN	NaN	NaN	NaN	NaN	NaN	NaN	NaN	TFCN17291Y1_006830-T1	TFCN17291Y1_003272-T1
TFCN17291Y1_002414-T1__TFCN17291Y1_006830-T1	NaN	NaN	NaN	NaN	NaN	NaN	NaN	NaN	GF00000005	Rhodotorula_mucilaginosa_TFCN_17-291Y-1.cds.fa_06749	Rhodotorula_mucilaginosa_TFCN_17-291Y-1.cds.fa_02402	NaN	NaN	NaN	NaN	NaN	NaN	NaN	NaN	TFCN17291Y1_006830-T1	TFCN17291Y1_002414-T1
TFCN17291Y1_006561-T1__TFCN17291Y1_006830-T1	NaN	NaN	NaN	NaN	NaN	NaN	NaN	NaN	GF00000005	Rhodotorula_mucilaginosa_TFCN_17-291Y-1.cds.fa_06749	Rhodotorula_mucilaginosa_TFCN_17-291Y-1.cds.fa_06484	NaN	NaN	NaN	NaN	NaN	NaN	NaN	NaN	TFCN17291Y1_006830-T1	TFCN17291Y1_006561-T1
TFCN17291Y1_006830-T1__TFCN17291Y1_011095-T1	NaN	NaN	NaN	NaN	NaN	NaN	NaN	NaN	GF00000005	Rhodotorula_mucilaginosa_TFCN_17-291Y-1.cds.fa_06749	Rhodotorula_mucilaginosa_TFCN_17-291Y-1.cds.fa_10948	NaN	NaN	NaN	NaN	NaN	NaN	NaN	NaN	TFCN17291Y1_006830-T1	TFCN17291Y1_011095-T1
TFCN17291Y1_004818-T1__TFCN17291Y1_006654-T1	NaN	NaN	NaN	NaN	NaN	NaN	NaN	NaN	GF00000005	Rhodotorula_mucilaginosa_TFCN_17-291Y-1.cds.fa_06574	Rhodotorula_mucilaginosa_TFCN_17-291Y-1.cds.fa_04767	NaN	NaN	NaN	NaN	NaN	NaN	NaN	NaN	TFCN17291Y1_006654-T1	TFCN17291Y1_004818-T1
TFCN17291Y1_001388-T1__TFCN17291Y1_006654-T1	NaN	NaN	NaN	NaN	NaN	NaN	NaN	NaN	GF00000005	Rhodotorula_mucilaginosa_TFCN_17-291Y-1.cds.fa_06574	Rhodotorula_mucilaginosa_TFCN_17-291Y-1.cds.fa_01378	NaN	NaN	NaN	NaN	NaN	NaN	NaN	NaN	TFCN17291Y1_006654-T1	TFCN17291Y1_001388-T1
TFCN17291Y1_006575-T1__TFCN17291Y1_006654-T1	NaN	NaN	NaN	NaN	NaN	NaN	NaN	NaN	GF00000005	Rhodotorula_mucilaginosa_TFCN_17-291Y-1.cds.fa_06574	Rhodotorula_mucilaginosa_TFCN_17-291Y-1.cds.fa_06498	NaN	NaN	NaN	NaN	NaN	NaN	NaN	NaN	TFCN17291Y1_006654-T1	TFCN17291Y1_006575-T1
TFCN17291Y1_006654-T1__TFCN17291Y1_012394-T1	NaN	NaN	NaN	NaN	NaN	NaN	NaN	NaN	GF00000005	Rhodotorula_mucilaginosa_TFCN_17-291Y-1.cds.fa_06574	Rhodotorula_mucilaginosa_TFCN_17-291Y-1.cds.fa_12207	NaN	NaN	NaN	NaN	NaN	NaN	NaN	NaN	TFCN17291Y1_006654-T1	TFCN17291Y1_012394-T1
TFCN17291Y1_005877-T1__TFCN17291Y1_006654-T1	NaN	NaN	NaN	NaN	NaN	NaN	NaN	NaN	GF00000005	Rhodotorula_mucilaginosa_TFCN_17-291Y-1.cds.fa_06574	Rhodotorula_mucilaginosa_TFCN_17-291Y-1.cds.fa_05811	NaN	NaN	NaN	NaN	NaN	NaN	NaN	NaN	TFCN17291Y1_006654-T1	TFCN17291Y1_005877-T1
TFCN17291Y1_006654-T1__TFCN17291Y1_012264-T1	NaN	NaN	NaN	NaN	NaN	NaN	NaN	NaN	GF00000005	Rhodotorula_mucilaginosa_TFCN_17-291Y-1.cds.fa_06574	Rhodotorula_mucilaginosa_TFCN_17-291Y-1.cds.fa_12079	NaN	NaN	NaN	NaN	NaN	NaN	NaN	NaN	TFCN17291Y1_006654-T1	TFCN17291Y1_012264-T1
TFCN17291Y1_006654-T1__TFCN17291Y1_012116-T1	NaN	NaN	NaN	NaN	NaN	NaN	NaN	NaN	GF00000005	Rhodotorula_mucilaginosa_TFCN_17-291Y-1.cds.fa_06574	Rhodotorula_mucilaginosa_TFCN_17-291Y-1.cds.fa_11939	NaN	NaN	NaN	NaN	NaN	NaN	NaN	NaN	TFCN17291Y1_006654-T1	TFCN17291Y1_012116-T1
TFCN17291Y1_000113-T1__TFCN17291Y1_006654-T1	NaN	NaN	NaN	NaN	NaN	NaN	NaN	NaN	GF00000005	Rhodotorula_mucilaginosa_TFCN_17-291Y-1.cds.fa_06574	Rhodotorula_mucilaginosa_TFCN_17-291Y-1.cds.fa_00112	NaN	NaN	NaN	NaN	NaN	NaN	NaN	NaN	TFCN17291Y1_006654-T1	TFCN17291Y1_000113-T1
TFCN17291Y1_000227-T1__TFCN17291Y1_006654-T1	NaN	NaN	NaN	NaN	NaN	NaN	NaN	NaN	GF00000005	Rhodotorula_mucilaginosa_TFCN_17-291Y-1.cds.fa_06574	Rhodotorula_mucilaginosa_TFCN_17-291Y-1.cds.fa_00224	NaN	NaN	NaN	NaN	NaN	NaN	NaN	NaN	TFCN17291Y1_006654-T1	TFCN17291Y1_000227-T1
TFCN17291Y1_004116-T1__TFCN17291Y1_006654-T1	NaN	NaN	NaN	NaN	NaN	NaN	NaN	NaN	GF00000005	Rhodotorula_mucilaginosa_TFCN_17-291Y-1.cds.fa_06574	Rhodotorula_mucilaginosa_TFCN_17-291Y-1.cds.fa_04077	NaN	NaN	NaN	NaN	NaN	NaN	NaN	NaN	TFCN17291Y1_006654-T1	TFCN17291Y1_004116-T1
TFCN17291Y1_006654-T1__TFCN17291Y1_006927-T1	NaN	NaN	NaN	NaN	NaN	NaN	NaN	NaN	GF00000005	Rhodotorula_mucilaginosa_TFCN_17-291Y-1.cds.fa_06574	Rhodotorula_mucilaginosa_TFCN_17-291Y-1.cds.fa_06844	NaN	NaN	NaN	NaN	NaN	NaN	NaN	NaN	TFCN17291Y1_006654-T1	TFCN17291Y1_006927-T1
TFCN17291Y1_003272-T1__TFCN17291Y1_006654-T1	NaN	NaN	NaN	NaN	NaN	NaN	NaN	NaN	GF00000005	Rhodotorula_mucilaginosa_TFCN_17-291Y-1.cds.fa_06574	Rhodotorula_mucilaginosa_TFCN_17-291Y-1.cds.fa_03239	NaN	NaN	NaN	NaN	NaN	NaN	NaN	NaN	TFCN17291Y1_006654-T1	TFCN17291Y1_003272-T1
TFCN17291Y1_002414-T1__TFCN17291Y1_006654-T1	NaN	NaN	NaN	NaN	NaN	NaN	NaN	NaN	GF00000005	Rhodotorula_mucilaginosa_TFCN_17-291Y-1.cds.fa_06574	Rhodotorula_mucilaginosa_TFCN_17-291Y-1.cds.fa_02402	NaN	NaN	NaN	NaN	NaN	NaN	NaN	NaN	TFCN17291Y1_006654-T1	TFCN17291Y1_002414-T1
TFCN17291Y1_006561-T1__TFCN17291Y1_006654-T1	NaN	NaN	NaN	NaN	NaN	NaN	NaN	NaN	GF00000005	Rhodotorula_mucilaginosa_TFCN_17-291Y-1.cds.fa_06574	Rhodotorula_mucilaginosa_TFCN_17-291Y-1.cds.fa_06484	NaN	NaN	NaN	NaN	NaN	NaN	NaN	NaN	TFCN17291Y1_006654-T1	TFCN17291Y1_006561-T1
TFCN17291Y1_006654-T1__TFCN17291Y1_011095-T1	NaN	NaN	NaN	NaN	NaN	NaN	NaN	NaN	GF00000005	Rhodotorula_mucilaginosa_TFCN_17-291Y-1.cds.fa_06574	Rhodotorula_mucilaginosa_TFCN_17-291Y-1.cds.fa_10948	NaN	NaN	NaN	NaN	NaN	NaN	NaN	NaN	TFCN17291Y1_006654-T1	TFCN17291Y1_011095-T1
TFCN17291Y1_001388-T1__TFCN17291Y1_004818-T1	NaN	NaN	NaN	NaN	NaN	NaN	NaN	NaN	GF00000005	Rhodotorula_mucilaginosa_TFCN_17-291Y-1.cds.fa_04767	Rhodotorula_mucilaginosa_TFCN_17-291Y-1.cds.fa_01378	NaN	NaN	NaN	NaN	NaN	NaN	NaN	NaN	TFCN17291Y1_004818-T1	TFCN17291Y1_001388-T1
TFCN17291Y1_004818-T1__TFCN17291Y1_006575-T1	NaN	NaN	NaN	NaN	NaN	NaN	NaN	NaN	GF00000005	Rhodotorula_mucilaginosa_TFCN_17-291Y-1.cds.fa_04767	Rhodotorula_mucilaginosa_TFCN_17-291Y-1.cds.fa_06498	NaN	NaN	NaN	NaN	NaN	NaN	NaN	NaN	TFCN17291Y1_004818-T1	TFCN17291Y1_006575-T1
TFCN17291Y1_004818-T1__TFCN17291Y1_012394-T1	NaN	NaN	NaN	NaN	NaN	NaN	NaN	NaN	GF00000005	Rhodotorula_mucilaginosa_TFCN_17-291Y-1.cds.fa_04767	Rhodotorula_mucilaginosa_TFCN_17-291Y-1.cds.fa_12207	NaN	NaN	NaN	NaN	NaN	NaN	NaN	NaN	TFCN17291Y1_004818-T1	TFCN17291Y1_012394-T1
TFCN17291Y1_004818-T1__TFCN17291Y1_005877-T1	NaN	NaN	NaN	NaN	NaN	NaN	NaN	NaN	GF00000005	Rhodotorula_mucilaginosa_TFCN_17-291Y-1.cds.fa_04767	Rhodotorula_mucilaginosa_TFCN_17-291Y-1.cds.fa_05811	NaN	NaN	NaN	NaN	NaN	NaN	NaN	NaN	TFCN17291Y1_004818-T1	TFCN17291Y1_005877-T1
TFCN17291Y1_004818-T1__TFCN17291Y1_012264-T1	NaN	NaN	NaN	NaN	NaN	NaN	NaN	NaN	GF00000005	Rhodotorula_mucilaginosa_TFCN_17-291Y-1.cds.fa_04767	Rhodotorula_mucilaginosa_TFCN_17-291Y-1.cds.fa_12079	NaN	NaN	NaN	NaN	NaN	NaN	NaN	NaN	TFCN17291Y1_004818-T1	TFCN17291Y1_012264-T1
TFCN17291Y1_004818-T1__TFCN17291Y1_012116-T1	NaN	NaN	NaN	NaN	NaN	NaN	NaN	NaN	GF00000005	Rhodotorula_mucilaginosa_TFCN_17-291Y-1.cds.fa_04767	Rhodotorula_mucilaginosa_TFCN_17-291Y-1.cds.fa_11939	NaN	NaN	NaN	NaN	NaN	NaN	NaN	NaN	TFCN17291Y1_004818-T1	TFCN17291Y1_012116-T1
TFCN17291Y1_000113-T1__TFCN17291Y1_004818-T1	NaN	NaN	NaN	NaN	NaN	NaN	NaN	NaN	GF00000005	Rhodotorula_mucilaginosa_TFCN_17-291Y-1.cds.fa_04767	Rhodotorula_mucilaginosa_TFCN_17-291Y-1.cds.fa_00112	NaN	NaN	NaN	NaN	NaN	NaN	NaN	NaN	TFCN17291Y1_004818-T1	TFCN17291Y1_000113-T1
TFCN17291Y1_000227-T1__TFCN17291Y1_004818-T1	NaN	NaN	NaN	NaN	NaN	NaN	NaN	NaN	GF00000005	Rhodotorula_mucilaginosa_TFCN_17-291Y-1.cds.fa_04767	Rhodotorula_mucilaginosa_TFCN_17-291Y-1.cds.fa_00224	NaN	NaN	NaN	NaN	NaN	NaN	NaN	NaN	TFCN17291Y1_004818-T1	TFCN17291Y1_000227-T1
TFCN17291Y1_004116-T1__TFCN17291Y1_004818-T1	NaN	NaN	NaN	NaN	NaN	NaN	NaN	NaN	GF00000005	Rhodotorula_mucilaginosa_TFCN_17-291Y-1.cds.fa_04767	Rhodotorula_mucilaginosa_TFCN_17-291Y-1.cds.fa_04077	NaN	NaN	NaN	NaN	NaN	NaN	NaN	NaN	TFCN17291Y1_004818-T1	TFCN17291Y1_004116-T1
TFCN17291Y1_004818-T1__TFCN17291Y1_006927-T1	NaN	NaN	NaN	NaN	NaN	NaN	NaN	NaN	GF00000005	Rhodotorula_mucilaginosa_TFCN_17-291Y-1.cds.fa_04767	Rhodotorula_mucilaginosa_TFCN_17-291Y-1.cds.fa_06844	NaN	NaN	NaN	NaN	NaN	NaN	NaN	NaN	TFCN17291Y1_004818-T1	TFCN17291Y1_006927-T1
TFCN17291Y1_003272-T1__TFCN17291Y1_004818-T1	NaN	NaN	NaN	NaN	NaN	NaN	NaN	NaN	GF00000005	Rhodotorula_mucilaginosa_TFCN_17-291Y-1.cds.fa_04767	Rhodotorula_mucilaginosa_TFCN_17-291Y-1.cds.fa_03239	NaN	NaN	NaN	NaN	NaN	NaN	NaN	NaN	TFCN17291Y1_004818-T1	TFCN17291Y1_003272-T1
TFCN17291Y1_002414-T1__TFCN17291Y1_004818-T1	NaN	NaN	NaN	NaN	NaN	NaN	NaN	NaN	GF00000005	Rhodotorula_mucilaginosa_TFCN_17-291Y-1.cds.fa_04767	Rhodotorula_mucilaginosa_TFCN_17-291Y-1.cds.fa_02402	NaN	NaN	NaN	NaN	NaN	NaN	NaN	NaN	TFCN17291Y1_004818-T1	TFCN17291Y1_002414-T1
TFCN17291Y1_004818-T1__TFCN17291Y1_006561-T1	NaN	NaN	NaN	NaN	NaN	NaN	NaN	NaN	GF00000005	Rhodotorula_mucilaginosa_TFCN_17-291Y-1.cds.fa_04767	Rhodotorula_mucilaginosa_TFCN_17-291Y-1.cds.fa_06484	NaN	NaN	NaN	NaN	NaN	NaN	NaN	NaN	TFCN17291Y1_004818-T1	TFCN17291Y1_006561-T1
TFCN17291Y1_004818-T1__TFCN17291Y1_011095-T1	NaN	NaN	NaN	NaN	NaN	NaN	NaN	NaN	GF00000005	Rhodotorula_mucilaginosa_TFCN_17-291Y-1.cds.fa_04767	Rhodotorula_mucilaginosa_TFCN_17-291Y-1.cds.fa_10948	NaN	NaN	NaN	NaN	NaN	NaN	NaN	NaN	TFCN17291Y1_004818-T1	TFCN17291Y1_011095-T1
TFCN17291Y1_001388-T1__TFCN17291Y1_006575-T1	NaN	NaN	NaN	NaN	NaN	NaN	NaN	NaN	GF00000005	Rhodotorula_mucilaginosa_TFCN_17-291Y-1.cds.fa_01378	Rhodotorula_mucilaginosa_TFCN_17-291Y-1.cds.fa_06498	NaN	NaN	NaN	NaN	NaN	NaN	NaN	NaN	TFCN17291Y1_001388-T1	TFCN17291Y1_006575-T1
TFCN17291Y1_001388-T1__TFCN17291Y1_012394-T1	NaN	NaN	NaN	NaN	NaN	NaN	NaN	NaN	GF00000005	Rhodotorula_mucilaginosa_TFCN_17-291Y-1.cds.fa_01378	Rhodotorula_mucilaginosa_TFCN_17-291Y-1.cds.fa_12207	NaN	NaN	NaN	NaN	NaN	NaN	NaN	NaN	TFCN17291Y1_001388-T1	TFCN17291Y1_012394-T1
TFCN17291Y1_001388-T1__TFCN17291Y1_005877-T1	NaN	NaN	NaN	NaN	NaN	NaN	NaN	NaN	GF00000005	Rhodotorula_mucilaginosa_TFCN_17-291Y-1.cds.fa_01378	Rhodotorula_mucilaginosa_TFCN_17-291Y-1.cds.fa_05811	NaN	NaN	NaN	NaN	NaN	NaN	NaN	NaN	TFCN17291Y1_001388-T1	TFCN17291Y1_005877-T1
TFCN17291Y1_001388-T1__TFCN17291Y1_012264-T1	NaN	NaN	NaN	NaN	NaN	NaN	NaN	NaN	GF00000005	Rhodotorula_mucilaginosa_TFCN_17-291Y-1.cds.fa_01378	Rhodotorula_mucilaginosa_TFCN_17-291Y-1.cds.fa_12079	NaN	NaN	NaN	NaN	NaN	NaN	NaN	NaN	TFCN17291Y1_001388-T1	TFCN17291Y1_012264-T1
TFCN17291Y1_001388-T1__TFCN17291Y1_012116-T1	NaN	NaN	NaN	NaN	NaN	NaN	NaN	NaN	GF00000005	Rhodotorula_mucilaginosa_TFCN_17-291Y-1.cds.fa_01378	Rhodotorula_mucilaginosa_TFCN_17-291Y-1.cds.fa_11939	NaN	NaN	NaN	NaN	NaN	NaN	NaN	NaN	TFCN17291Y1_001388-T1	TFCN17291Y1_012116-T1
TFCN17291Y1_000113-T1__TFCN17291Y1_001388-T1	NaN	NaN	NaN	NaN	NaN	NaN	NaN	NaN	GF00000005	Rhodotorula_mucilaginosa_TFCN_17-291Y-1.cds.fa_01378	Rhodotorula_mucilaginosa_TFCN_17-291Y-1.cds.fa_00112	NaN	NaN	NaN	NaN	NaN	NaN	NaN	NaN	TFCN17291Y1_001388-T1	TFCN17291Y1_000113-T1
TFCN17291Y1_000227-T1__TFCN17291Y1_001388-T1	NaN	NaN	NaN	NaN	NaN	NaN	NaN	NaN	GF00000005	Rhodotorula_mucilaginosa_TFCN_17-291Y-1.cds.fa_01378	Rhodotorula_mucilaginosa_TFCN_17-291Y-1.cds.fa_00224	NaN	NaN	NaN	NaN	NaN	NaN	NaN	NaN	TFCN17291Y1_001388-T1	TFCN17291Y1_000227-T1
TFCN17291Y1_001388-T1__TFCN17291Y1_004116-T1	NaN	NaN	NaN	NaN	NaN	NaN	NaN	NaN	GF00000005	Rhodotorula_mucilaginosa_TFCN_17-291Y-1.cds.fa_01378	Rhodotorula_mucilaginosa_TFCN_17-291Y-1.cds.fa_04077	NaN	NaN	NaN	NaN	NaN	NaN	NaN	NaN	TFCN17291Y1_001388-T1	TFCN17291Y1_004116-T1
TFCN17291Y1_001388-T1__TFCN17291Y1_006927-T1	NaN	NaN	NaN	NaN	NaN	NaN	NaN	NaN	GF00000005	Rhodotorula_mucilaginosa_TFCN_17-291Y-1.cds.fa_01378	Rhodotorula_mucilaginosa_TFCN_17-291Y-1.cds.fa_06844	NaN	NaN	NaN	NaN	NaN	NaN	NaN	NaN	TFCN17291Y1_001388-T1	TFCN17291Y1_006927-T1
TFCN17291Y1_001388-T1__TFCN17291Y1_003272-T1	NaN	NaN	NaN	NaN	NaN	NaN	NaN	NaN	GF00000005	Rhodotorula_mucilaginosa_TFCN_17-291Y-1.cds.fa_01378	Rhodotorula_mucilaginosa_TFCN_17-291Y-1.cds.fa_03239	NaN	NaN	NaN	NaN	NaN	NaN	NaN	NaN	TFCN17291Y1_001388-T1	TFCN17291Y1_003272-T1
TFCN17291Y1_001388-T1__TFCN17291Y1_002414-T1	NaN	NaN	NaN	NaN	NaN	NaN	NaN	NaN	GF00000005	Rhodotorula_mucilaginosa_TFCN_17-291Y-1.cds.fa_01378	Rhodotorula_mucilaginosa_TFCN_17-291Y-1.cds.fa_02402	NaN	NaN	NaN	NaN	NaN	NaN	NaN	NaN	TFCN17291Y1_001388-T1	TFCN17291Y1_002414-T1
TFCN17291Y1_001388-T1__TFCN17291Y1_006561-T1	NaN	NaN	NaN	NaN	NaN	NaN	NaN	NaN	GF00000005	Rhodotorula_mucilaginosa_TFCN_17-291Y-1.cds.fa_01378	Rhodotorula_mucilaginosa_TFCN_17-291Y-1.cds.fa_06484	NaN	NaN	NaN	NaN	NaN	NaN	NaN	NaN	TFCN17291Y1_001388-T1	TFCN17291Y1_006561-T1
TFCN17291Y1_001388-T1__TFCN17291Y1_011095-T1	NaN	NaN	NaN	NaN	NaN	NaN	NaN	NaN	GF00000005	Rhodotorula_mucilaginosa_TFCN_17-291Y-1.cds.fa_01378	Rhodotorula_mucilaginosa_TFCN_17-291Y-1.cds.fa_10948	NaN	NaN	NaN	NaN	NaN	NaN	NaN	NaN	TFCN17291Y1_001388-T1	TFCN17291Y1_011095-T1
TFCN17291Y1_006575-T1__TFCN17291Y1_012394-T1	NaN	NaN	NaN	NaN	NaN	NaN	NaN	NaN	GF00000005	Rhodotorula_mucilaginosa_TFCN_17-291Y-1.cds.fa_06498	Rhodotorula_mucilaginosa_TFCN_17-291Y-1.cds.fa_12207	NaN	NaN	NaN	NaN	NaN	NaN	NaN	NaN	TFCN17291Y1_006575-T1	TFCN17291Y1_012394-T1
TFCN17291Y1_005877-T1__TFCN17291Y1_006575-T1	NaN	NaN	NaN	NaN	NaN	NaN	NaN	NaN	GF00000005	Rhodotorula_mucilaginosa_TFCN_17-291Y-1.cds.fa_06498	Rhodotorula_mucilaginosa_TFCN_17-291Y-1.cds.fa_05811	NaN	NaN	NaN	NaN	NaN	NaN	NaN	NaN	TFCN17291Y1_006575-T1	TFCN17291Y1_005877-T1
TFCN17291Y1_006575-T1__TFCN17291Y1_012264-T1	NaN	NaN	NaN	NaN	NaN	NaN	NaN	NaN	GF00000005	Rhodotorula_mucilaginosa_TFCN_17-291Y-1.cds.fa_06498	Rhodotorula_mucilaginosa_TFCN_17-291Y-1.cds.fa_12079	NaN	NaN	NaN	NaN	NaN	NaN	NaN	NaN	TFCN17291Y1_006575-T1	TFCN17291Y1_012264-T1
TFCN17291Y1_006575-T1__TFCN17291Y1_012116-T1	NaN	NaN	NaN	NaN	NaN	NaN	NaN	NaN	GF00000005	Rhodotorula_mucilaginosa_TFCN_17-291Y-1.cds.fa_06498	Rhodotorula_mucilaginosa_TFCN_17-291Y-1.cds.fa_11939	NaN	NaN	NaN	NaN	NaN	NaN	NaN	NaN	TFCN17291Y1_006575-T1	TFCN17291Y1_012116-T1
TFCN17291Y1_000113-T1__TFCN17291Y1_006575-T1	NaN	NaN	NaN	NaN	NaN	NaN	NaN	NaN	GF00000005	Rhodotorula_mucilaginosa_TFCN_17-291Y-1.cds.fa_06498	Rhodotorula_mucilaginosa_TFCN_17-291Y-1.cds.fa_00112	NaN	NaN	NaN	NaN	NaN	NaN	NaN	NaN	TFCN17291Y1_006575-T1	TFCN17291Y1_000113-T1
TFCN17291Y1_000227-T1__TFCN17291Y1_006575-T1	NaN	NaN	NaN	NaN	NaN	NaN	NaN	NaN	GF00000005	Rhodotorula_mucilaginosa_TFCN_17-291Y-1.cds.fa_06498	Rhodotorula_mucilaginosa_TFCN_17-291Y-1.cds.fa_00224	NaN	NaN	NaN	NaN	NaN	NaN	NaN	NaN	TFCN17291Y1_006575-T1	TFCN17291Y1_000227-T1
TFCN17291Y1_004116-T1__TFCN17291Y1_006575-T1	NaN	NaN	NaN	NaN	NaN	NaN	NaN	NaN	GF00000005	Rhodotorula_mucilaginosa_TFCN_17-291Y-1.cds.fa_06498	Rhodotorula_mucilaginosa_TFCN_17-291Y-1.cds.fa_04077	NaN	NaN	NaN	NaN	NaN	NaN	NaN	NaN	TFCN17291Y1_006575-T1	TFCN17291Y1_004116-T1
TFCN17291Y1_006575-T1__TFCN17291Y1_006927-T1	NaN	NaN	NaN	NaN	NaN	NaN	NaN	NaN	GF00000005	Rhodotorula_mucilaginosa_TFCN_17-291Y-1.cds.fa_06498	Rhodotorula_mucilaginosa_TFCN_17-291Y-1.cds.fa_06844	NaN	NaN	NaN	NaN	NaN	NaN	NaN	NaN	TFCN17291Y1_006575-T1	TFCN17291Y1_006927-T1
TFCN17291Y1_003272-T1__TFCN17291Y1_006575-T1	NaN	NaN	NaN	NaN	NaN	NaN	NaN	NaN	GF00000005	Rhodotorula_mucilaginosa_TFCN_17-291Y-1.cds.fa_06498	Rhodotorula_mucilaginosa_TFCN_17-291Y-1.cds.fa_03239	NaN	NaN	NaN	NaN	NaN	NaN	NaN	NaN	TFCN17291Y1_006575-T1	TFCN17291Y1_003272-T1
TFCN17291Y1_002414-T1__TFCN17291Y1_006575-T1	NaN	NaN	NaN	NaN	NaN	NaN	NaN	NaN	GF00000005	Rhodotorula_mucilaginosa_TFCN_17-291Y-1.cds.fa_06498	Rhodotorula_mucilaginosa_TFCN_17-291Y-1.cds.fa_02402	NaN	NaN	NaN	NaN	NaN	NaN	NaN	NaN	TFCN17291Y1_006575-T1	TFCN17291Y1_002414-T1
TFCN17291Y1_006561-T1__TFCN17291Y1_006575-T1	NaN	NaN	NaN	NaN	NaN	NaN	NaN	NaN	GF00000005	Rhodotorula_mucilaginosa_TFCN_17-291Y-1.cds.fa_06498	Rhodotorula_mucilaginosa_TFCN_17-291Y-1.cds.fa_06484	NaN	NaN	NaN	NaN	NaN	NaN	NaN	NaN	TFCN17291Y1_006575-T1	TFCN17291Y1_006561-T1
TFCN17291Y1_006575-T1__TFCN17291Y1_011095-T1	NaN	NaN	NaN	NaN	NaN	NaN	NaN	NaN	GF00000005	Rhodotorula_mucilaginosa_TFCN_17-291Y-1.cds.fa_06498	Rhodotorula_mucilaginosa_TFCN_17-291Y-1.cds.fa_10948	NaN	NaN	NaN	NaN	NaN	NaN	NaN	NaN	TFCN17291Y1_006575-T1	TFCN17291Y1_011095-T1
TFCN17291Y1_005877-T1__TFCN17291Y1_012394-T1	NaN	NaN	NaN	NaN	NaN	NaN	NaN	NaN	GF00000005	Rhodotorula_mucilaginosa_TFCN_17-291Y-1.cds.fa_12207	Rhodotorula_mucilaginosa_TFCN_17-291Y-1.cds.fa_05811	NaN	NaN	NaN	NaN	NaN	NaN	NaN	NaN	TFCN17291Y1_012394-T1	TFCN17291Y1_005877-T1
TFCN17291Y1_012264-T1__TFCN17291Y1_012394-T1	NaN	NaN	NaN	NaN	NaN	NaN	NaN	NaN	GF00000005	Rhodotorula_mucilaginosa_TFCN_17-291Y-1.cds.fa_12207	Rhodotorula_mucilaginosa_TFCN_17-291Y-1.cds.fa_12079	NaN	NaN	NaN	NaN	NaN	NaN	NaN	NaN	TFCN17291Y1_012394-T1	TFCN17291Y1_012264-T1
TFCN17291Y1_012116-T1__TFCN17291Y1_012394-T1	NaN	NaN	NaN	NaN	NaN	NaN	NaN	NaN	GF00000005	Rhodotorula_mucilaginosa_TFCN_17-291Y-1.cds.fa_12207	Rhodotorula_mucilaginosa_TFCN_17-291Y-1.cds.fa_11939	NaN	NaN	NaN	NaN	NaN	NaN	NaN	NaN	TFCN17291Y1_012394-T1	TFCN17291Y1_012116-T1
TFCN17291Y1_000113-T1__TFCN17291Y1_012394-T1	NaN	NaN	NaN	NaN	NaN	NaN	NaN	NaN	GF00000005	Rhodotorula_mucilaginosa_TFCN_17-291Y-1.cds.fa_12207	Rhodotorula_mucilaginosa_TFCN_17-291Y-1.cds.fa_00112	NaN	NaN	NaN	NaN	NaN	NaN	NaN	NaN	TFCN17291Y1_012394-T1	TFCN17291Y1_000113-T1
TFCN17291Y1_000227-T1__TFCN17291Y1_012394-T1	NaN	NaN	NaN	NaN	NaN	NaN	NaN	NaN	GF00000005	Rhodotorula_mucilaginosa_TFCN_17-291Y-1.cds.fa_12207	Rhodotorula_mucilaginosa_TFCN_17-291Y-1.cds.fa_00224	NaN	NaN	NaN	NaN	NaN	NaN	NaN	NaN	TFCN17291Y1_012394-T1	TFCN17291Y1_000227-T1
TFCN17291Y1_004116-T1__TFCN17291Y1_012394-T1	NaN	NaN	NaN	NaN	NaN	NaN	NaN	NaN	GF00000005	Rhodotorula_mucilaginosa_TFCN_17-291Y-1.cds.fa_12207	Rhodotorula_mucilaginosa_TFCN_17-291Y-1.cds.fa_04077	NaN	NaN	NaN	NaN	NaN	NaN	NaN	NaN	TFCN17291Y1_012394-T1	TFCN17291Y1_004116-T1
TFCN17291Y1_006927-T1__TFCN17291Y1_012394-T1	NaN	NaN	NaN	NaN	NaN	NaN	NaN	NaN	GF00000005	Rhodotorula_mucilaginosa_TFCN_17-291Y-1.cds.fa_12207	Rhodotorula_mucilaginosa_TFCN_17-291Y-1.cds.fa_06844	NaN	NaN	NaN	NaN	NaN	NaN	NaN	NaN	TFCN17291Y1_012394-T1	TFCN17291Y1_006927-T1
TFCN17291Y1_003272-T1__TFCN17291Y1_012394-T1	NaN	NaN	NaN	NaN	NaN	NaN	NaN	NaN	GF00000005	Rhodotorula_mucilaginosa_TFCN_17-291Y-1.cds.fa_12207	Rhodotorula_mucilaginosa_TFCN_17-291Y-1.cds.fa_03239	NaN	NaN	NaN	NaN	NaN	NaN	NaN	NaN	TFCN17291Y1_012394-T1	TFCN17291Y1_003272-T1
TFCN17291Y1_002414-T1__TFCN17291Y1_012394-T1	NaN	NaN	NaN	NaN	NaN	NaN	NaN	NaN	GF00000005	Rhodotorula_mucilaginosa_TFCN_17-291Y-1.cds.fa_12207	Rhodotorula_mucilaginosa_TFCN_17-291Y-1.cds.fa_02402	NaN	NaN	NaN	NaN	NaN	NaN	NaN	NaN	TFCN17291Y1_012394-T1	TFCN17291Y1_002414-T1
TFCN17291Y1_006561-T1__TFCN17291Y1_012394-T1	NaN	NaN	NaN	NaN	NaN	NaN	NaN	NaN	GF00000005	Rhodotorula_mucilaginosa_TFCN_17-291Y-1.cds.fa_12207	Rhodotorula_mucilaginosa_TFCN_17-291Y-1.cds.fa_06484	NaN	NaN	NaN	NaN	NaN	NaN	NaN	NaN	TFCN17291Y1_012394-T1	TFCN17291Y1_006561-T1
TFCN17291Y1_011095-T1__TFCN17291Y1_012394-T1	NaN	NaN	NaN	NaN	NaN	NaN	NaN	NaN	GF00000005	Rhodotorula_mucilaginosa_TFCN_17-291Y-1.cds.fa_12207	Rhodotorula_mucilaginosa_TFCN_17-291Y-1.cds.fa_10948	NaN	NaN	NaN	NaN	NaN	NaN	NaN	NaN	TFCN17291Y1_012394-T1	TFCN17291Y1_011095-T1
TFCN17291Y1_005877-T1__TFCN17291Y1_012264-T1	NaN	NaN	NaN	NaN	NaN	NaN	NaN	NaN	GF00000005	Rhodotorula_mucilaginosa_TFCN_17-291Y-1.cds.fa_05811	Rhodotorula_mucilaginosa_TFCN_17-291Y-1.cds.fa_12079	NaN	NaN	NaN	NaN	NaN	NaN	NaN	NaN	TFCN17291Y1_005877-T1	TFCN17291Y1_012264-T1
TFCN17291Y1_005877-T1__TFCN17291Y1_012116-T1	NaN	NaN	NaN	NaN	NaN	NaN	NaN	NaN	GF00000005	Rhodotorula_mucilaginosa_TFCN_17-291Y-1.cds.fa_05811	Rhodotorula_mucilaginosa_TFCN_17-291Y-1.cds.fa_11939	NaN	NaN	NaN	NaN	NaN	NaN	NaN	NaN	TFCN17291Y1_005877-T1	TFCN17291Y1_012116-T1
TFCN17291Y1_000113-T1__TFCN17291Y1_005877-T1	NaN	NaN	NaN	NaN	NaN	NaN	NaN	NaN	GF00000005	Rhodotorula_mucilaginosa_TFCN_17-291Y-1.cds.fa_05811	Rhodotorula_mucilaginosa_TFCN_17-291Y-1.cds.fa_00112	NaN	NaN	NaN	NaN	NaN	NaN	NaN	NaN	TFCN17291Y1_005877-T1	TFCN17291Y1_000113-T1
TFCN17291Y1_000227-T1__TFCN17291Y1_005877-T1	NaN	NaN	NaN	NaN	NaN	NaN	NaN	NaN	GF00000005	Rhodotorula_mucilaginosa_TFCN_17-291Y-1.cds.fa_05811	Rhodotorula_mucilaginosa_TFCN_17-291Y-1.cds.fa_00224	NaN	NaN	NaN	NaN	NaN	NaN	NaN	NaN	TFCN17291Y1_005877-T1	TFCN17291Y1_000227-T1
TFCN17291Y1_004116-T1__TFCN17291Y1_005877-T1	NaN	NaN	NaN	NaN	NaN	NaN	NaN	NaN	GF00000005	Rhodotorula_mucilaginosa_TFCN_17-291Y-1.cds.fa_05811	Rhodotorula_mucilaginosa_TFCN_17-291Y-1.cds.fa_04077	NaN	NaN	NaN	NaN	NaN	NaN	NaN	NaN	TFCN17291Y1_005877-T1	TFCN17291Y1_004116-T1
TFCN17291Y1_005877-T1__TFCN17291Y1_006927-T1	NaN	NaN	NaN	NaN	NaN	NaN	NaN	NaN	GF00000005	Rhodotorula_mucilaginosa_TFCN_17-291Y-1.cds.fa_05811	Rhodotorula_mucilaginosa_TFCN_17-291Y-1.cds.fa_06844	NaN	NaN	NaN	NaN	NaN	NaN	NaN	NaN	TFCN17291Y1_005877-T1	TFCN17291Y1_006927-T1
TFCN17291Y1_003272-T1__TFCN17291Y1_005877-T1	NaN	NaN	NaN	NaN	NaN	NaN	NaN	NaN	GF00000005	Rhodotorula_mucilaginosa_TFCN_17-291Y-1.cds.fa_05811	Rhodotorula_mucilaginosa_TFCN_17-291Y-1.cds.fa_03239	NaN	NaN	NaN	NaN	NaN	NaN	NaN	NaN	TFCN17291Y1_005877-T1	TFCN17291Y1_003272-T1
TFCN17291Y1_002414-T1__TFCN17291Y1_005877-T1	NaN	NaN	NaN	NaN	NaN	NaN	NaN	NaN	GF00000005	Rhodotorula_mucilaginosa_TFCN_17-291Y-1.cds.fa_05811	Rhodotorula_mucilaginosa_TFCN_17-291Y-1.cds.fa_02402	NaN	NaN	NaN	NaN	NaN	NaN	NaN	NaN	TFCN17291Y1_005877-T1	TFCN17291Y1_002414-T1
TFCN17291Y1_005877-T1__TFCN17291Y1_006561-T1	NaN	NaN	NaN	NaN	NaN	NaN	NaN	NaN	GF00000005	Rhodotorula_mucilaginosa_TFCN_17-291Y-1.cds.fa_05811	Rhodotorula_mucilaginosa_TFCN_17-291Y-1.cds.fa_06484	NaN	NaN	NaN	NaN	NaN	NaN	NaN	NaN	TFCN17291Y1_005877-T1	TFCN17291Y1_006561-T1
TFCN17291Y1_005877-T1__TFCN17291Y1_011095-T1	NaN	NaN	NaN	NaN	NaN	NaN	NaN	NaN	GF00000005	Rhodotorula_mucilaginosa_TFCN_17-291Y-1.cds.fa_05811	Rhodotorula_mucilaginosa_TFCN_17-291Y-1.cds.fa_10948	NaN	NaN	NaN	NaN	NaN	NaN	NaN	NaN	TFCN17291Y1_005877-T1	TFCN17291Y1_011095-T1
TFCN17291Y1_012116-T1__TFCN17291Y1_012264-T1	NaN	NaN	NaN	NaN	NaN	NaN	NaN	NaN	GF00000005	Rhodotorula_mucilaginosa_TFCN_17-291Y-1.cds.fa_12079	Rhodotorula_mucilaginosa_TFCN_17-291Y-1.cds.fa_11939	NaN	NaN	NaN	NaN	NaN	NaN	NaN	NaN	TFCN17291Y1_012264-T1	TFCN17291Y1_012116-T1
TFCN17291Y1_000113-T1__TFCN17291Y1_012264-T1	NaN	NaN	NaN	NaN	NaN	NaN	NaN	NaN	GF00000005	Rhodotorula_mucilaginosa_TFCN_17-291Y-1.cds.fa_12079	Rhodotorula_mucilaginosa_TFCN_17-291Y-1.cds.fa_00112	NaN	NaN	NaN	NaN	NaN	NaN	NaN	NaN	TFCN17291Y1_012264-T1	TFCN17291Y1_000113-T1
TFCN17291Y1_000227-T1__TFCN17291Y1_012264-T1	NaN	NaN	NaN	NaN	NaN	NaN	NaN	NaN	GF00000005	Rhodotorula_mucilaginosa_TFCN_17-291Y-1.cds.fa_12079	Rhodotorula_mucilaginosa_TFCN_17-291Y-1.cds.fa_00224	NaN	NaN	NaN	NaN	NaN	NaN	NaN	NaN	TFCN17291Y1_012264-T1	TFCN17291Y1_000227-T1
TFCN17291Y1_004116-T1__TFCN17291Y1_012264-T1	NaN	NaN	NaN	NaN	NaN	NaN	NaN	NaN	GF00000005	Rhodotorula_mucilaginosa_TFCN_17-291Y-1.cds.fa_12079	Rhodotorula_mucilaginosa_TFCN_17-291Y-1.cds.fa_04077	NaN	NaN	NaN	NaN	NaN	NaN	NaN	NaN	TFCN17291Y1_012264-T1	TFCN17291Y1_004116-T1
TFCN17291Y1_006927-T1__TFCN17291Y1_012264-T1	NaN	NaN	NaN	NaN	NaN	NaN	NaN	NaN	GF00000005	Rhodotorula_mucilaginosa_TFCN_17-291Y-1.cds.fa_12079	Rhodotorula_mucilaginosa_TFCN_17-291Y-1.cds.fa_06844	NaN	NaN	NaN	NaN	NaN	NaN	NaN	NaN	TFCN17291Y1_012264-T1	TFCN17291Y1_006927-T1
TFCN17291Y1_003272-T1__TFCN17291Y1_012264-T1	NaN	NaN	NaN	NaN	NaN	NaN	NaN	NaN	GF00000005	Rhodotorula_mucilaginosa_TFCN_17-291Y-1.cds.fa_12079	Rhodotorula_mucilaginosa_TFCN_17-291Y-1.cds.fa_03239	NaN	NaN	NaN	NaN	NaN	NaN	NaN	NaN	TFCN17291Y1_012264-T1	TFCN17291Y1_003272-T1
TFCN17291Y1_002414-T1__TFCN17291Y1_012264-T1	NaN	NaN	NaN	NaN	NaN	NaN	NaN	NaN	GF00000005	Rhodotorula_mucilaginosa_TFCN_17-291Y-1.cds.fa_12079	Rhodotorula_mucilaginosa_TFCN_17-291Y-1.cds.fa_02402	NaN	NaN	NaN	NaN	NaN	NaN	NaN	NaN	TFCN17291Y1_012264-T1	TFCN17291Y1_002414-T1
TFCN17291Y1_006561-T1__TFCN17291Y1_012264-T1	NaN	NaN	NaN	NaN	NaN	NaN	NaN	NaN	GF00000005	Rhodotorula_mucilaginosa_TFCN_17-291Y-1.cds.fa_12079	Rhodotorula_mucilaginosa_TFCN_17-291Y-1.cds.fa_06484	NaN	NaN	NaN	NaN	NaN	NaN	NaN	NaN	TFCN17291Y1_012264-T1	TFCN17291Y1_006561-T1
TFCN17291Y1_011095-T1__TFCN17291Y1_012264-T1	NaN	NaN	NaN	NaN	NaN	NaN	NaN	NaN	GF00000005	Rhodotorula_mucilaginosa_TFCN_17-291Y-1.cds.fa_12079	Rhodotorula_mucilaginosa_TFCN_17-291Y-1.cds.fa_10948	NaN	NaN	NaN	NaN	NaN	NaN	NaN	NaN	TFCN17291Y1_012264-T1	TFCN17291Y1_011095-T1
TFCN17291Y1_000113-T1__TFCN17291Y1_012116-T1	NaN	NaN	NaN	NaN	NaN	NaN	NaN	NaN	GF00000005	Rhodotorula_mucilaginosa_TFCN_17-291Y-1.cds.fa_11939	Rhodotorula_mucilaginosa_TFCN_17-291Y-1.cds.fa_00112	NaN	NaN	NaN	NaN	NaN	NaN	NaN	NaN	TFCN17291Y1_012116-T1	TFCN17291Y1_000113-T1
TFCN17291Y1_000227-T1__TFCN17291Y1_012116-T1	NaN	NaN	NaN	NaN	NaN	NaN	NaN	NaN	GF00000005	Rhodotorula_mucilaginosa_TFCN_17-291Y-1.cds.fa_11939	Rhodotorula_mucilaginosa_TFCN_17-291Y-1.cds.fa_00224	NaN	NaN	NaN	NaN	NaN	NaN	NaN	NaN	TFCN17291Y1_012116-T1	TFCN17291Y1_000227-T1
TFCN17291Y1_004116-T1__TFCN17291Y1_012116-T1	NaN	NaN	NaN	NaN	NaN	NaN	NaN	NaN	GF00000005	Rhodotorula_mucilaginosa_TFCN_17-291Y-1.cds.fa_11939	Rhodotorula_mucilaginosa_TFCN_17-291Y-1.cds.fa_04077	NaN	NaN	NaN	NaN	NaN	NaN	NaN	NaN	TFCN17291Y1_012116-T1	TFCN17291Y1_004116-T1
TFCN17291Y1_006927-T1__TFCN17291Y1_012116-T1	NaN	NaN	NaN	NaN	NaN	NaN	NaN	NaN	GF00000005	Rhodotorula_mucilaginosa_TFCN_17-291Y-1.cds.fa_11939	Rhodotorula_mucilaginosa_TFCN_17-291Y-1.cds.fa_06844	NaN	NaN	NaN	NaN	NaN	NaN	NaN	NaN	TFCN17291Y1_012116-T1	TFCN17291Y1_006927-T1
TFCN17291Y1_003272-T1__TFCN17291Y1_012116-T1	NaN	NaN	NaN	NaN	NaN	NaN	NaN	NaN	GF00000005	Rhodotorula_mucilaginosa_TFCN_17-291Y-1.cds.fa_11939	Rhodotorula_mucilaginosa_TFCN_17-291Y-1.cds.fa_03239	NaN	NaN	NaN	NaN	NaN	NaN	NaN	NaN	TFCN17291Y1_012116-T1	TFCN17291Y1_003272-T1
TFCN17291Y1_002414-T1__TFCN17291Y1_012116-T1	NaN	NaN	NaN	NaN	NaN	NaN	NaN	NaN	GF00000005	Rhodotorula_mucilaginosa_TFCN_17-291Y-1.cds.fa_11939	Rhodotorula_mucilaginosa_TFCN_17-291Y-1.cds.fa_02402	NaN	NaN	NaN	NaN	NaN	NaN	NaN	NaN	TFCN17291Y1_012116-T1	TFCN17291Y1_002414-T1
TFCN17291Y1_006561-T1__TFCN17291Y1_012116-T1	NaN	NaN	NaN	NaN	NaN	NaN	NaN	NaN	GF00000005	Rhodotorula_mucilaginosa_TFCN_17-291Y-1.cds.fa_11939	Rhodotorula_mucilaginosa_TFCN_17-291Y-1.cds.fa_06484	NaN	NaN	NaN	NaN	NaN	NaN	NaN	NaN	TFCN17291Y1_012116-T1	TFCN17291Y1_006561-T1
TFCN17291Y1_011095-T1__TFCN17291Y1_012116-T1	NaN	NaN	NaN	NaN	NaN	NaN	NaN	NaN	GF00000005	Rhodotorula_mucilaginosa_TFCN_17-291Y-1.cds.fa_11939	Rhodotorula_mucilaginosa_TFCN_17-291Y-1.cds.fa_10948	NaN	NaN	NaN	NaN	NaN	NaN	NaN	NaN	TFCN17291Y1_012116-T1	TFCN17291Y1_011095-T1
TFCN17291Y1_000113-T1__TFCN17291Y1_000227-T1	NaN	NaN	NaN	NaN	NaN	NaN	NaN	NaN	GF00000005	Rhodotorula_mucilaginosa_TFCN_17-291Y-1.cds.fa_00112	Rhodotorula_mucilaginosa_TFCN_17-291Y-1.cds.fa_00224	NaN	NaN	NaN	NaN	NaN	NaN	NaN	NaN	TFCN17291Y1_000113-T1	TFCN17291Y1_000227-T1
TFCN17291Y1_000113-T1__TFCN17291Y1_004116-T1	NaN	NaN	NaN	NaN	NaN	NaN	NaN	NaN	GF00000005	Rhodotorula_mucilaginosa_TFCN_17-291Y-1.cds.fa_00112	Rhodotorula_mucilaginosa_TFCN_17-291Y-1.cds.fa_04077	NaN	NaN	NaN	NaN	NaN	NaN	NaN	NaN	TFCN17291Y1_000113-T1	TFCN17291Y1_004116-T1
TFCN17291Y1_000113-T1__TFCN17291Y1_006927-T1	NaN	NaN	NaN	NaN	NaN	NaN	NaN	NaN	GF00000005	Rhodotorula_mucilaginosa_TFCN_17-291Y-1.cds.fa_00112	Rhodotorula_mucilaginosa_TFCN_17-291Y-1.cds.fa_06844	NaN	NaN	NaN	NaN	NaN	NaN	NaN	NaN	TFCN17291Y1_000113-T1	TFCN17291Y1_006927-T1
TFCN17291Y1_000113-T1__TFCN17291Y1_003272-T1	NaN	NaN	NaN	NaN	NaN	NaN	NaN	NaN	GF00000005	Rhodotorula_mucilaginosa_TFCN_17-291Y-1.cds.fa_00112	Rhodotorula_mucilaginosa_TFCN_17-291Y-1.cds.fa_03239	NaN	NaN	NaN	NaN	NaN	NaN	NaN	NaN	TFCN17291Y1_000113-T1	TFCN17291Y1_003272-T1
TFCN17291Y1_000113-T1__TFCN17291Y1_002414-T1	NaN	NaN	NaN	NaN	NaN	NaN	NaN	NaN	GF00000005	Rhodotorula_mucilaginosa_TFCN_17-291Y-1.cds.fa_00112	Rhodotorula_mucilaginosa_TFCN_17-291Y-1.cds.fa_02402	NaN	NaN	NaN	NaN	NaN	NaN	NaN	NaN	TFCN17291Y1_000113-T1	TFCN17291Y1_002414-T1
TFCN17291Y1_000113-T1__TFCN17291Y1_006561-T1	NaN	NaN	NaN	NaN	NaN	NaN	NaN	NaN	GF00000005	Rhodotorula_mucilaginosa_TFCN_17-291Y-1.cds.fa_00112	Rhodotorula_mucilaginosa_TFCN_17-291Y-1.cds.fa_06484	NaN	NaN	NaN	NaN	NaN	NaN	NaN	NaN	TFCN17291Y1_000113-T1	TFCN17291Y1_006561-T1
TFCN17291Y1_000113-T1__TFCN17291Y1_011095-T1	NaN	NaN	NaN	NaN	NaN	NaN	NaN	NaN	GF00000005	Rhodotorula_mucilaginosa_TFCN_17-291Y-1.cds.fa_00112	Rhodotorula_mucilaginosa_TFCN_17-291Y-1.cds.fa_10948	NaN	NaN	NaN	NaN	NaN	NaN	NaN	NaN	TFCN17291Y1_000113-T1	TFCN17291Y1_011095-T1
TFCN17291Y1_000227-T1__TFCN17291Y1_004116-T1	NaN	NaN	NaN	NaN	NaN	NaN	NaN	NaN	GF00000005	Rhodotorula_mucilaginosa_TFCN_17-291Y-1.cds.fa_00224	Rhodotorula_mucilaginosa_TFCN_17-291Y-1.cds.fa_04077	NaN	NaN	NaN	NaN	NaN	NaN	NaN	NaN	TFCN17291Y1_000227-T1	TFCN17291Y1_004116-T1
TFCN17291Y1_000227-T1__TFCN17291Y1_006927-T1	NaN	NaN	NaN	NaN	NaN	NaN	NaN	NaN	GF00000005	Rhodotorula_mucilaginosa_TFCN_17-291Y-1.cds.fa_00224	Rhodotorula_mucilaginosa_TFCN_17-291Y-1.cds.fa_06844	NaN	NaN	NaN	NaN	NaN	NaN	NaN	NaN	TFCN17291Y1_000227-T1	TFCN17291Y1_006927-T1
TFCN17291Y1_000227-T1__TFCN17291Y1_003272-T1	NaN	NaN	NaN	NaN	NaN	NaN	NaN	NaN	GF00000005	Rhodotorula_mucilaginosa_TFCN_17-291Y-1.cds.fa_00224	Rhodotorula_mucilaginosa_TFCN_17-291Y-1.cds.fa_03239	NaN	NaN	NaN	NaN	NaN	NaN	NaN	NaN	TFCN17291Y1_000227-T1	TFCN17291Y1_003272-T1
TFCN17291Y1_000227-T1__TFCN17291Y1_002414-T1	NaN	NaN	NaN	NaN	NaN	NaN	NaN	NaN	GF00000005	Rhodotorula_mucilaginosa_TFCN_17-291Y-1.cds.fa_00224	Rhodotorula_mucilaginosa_TFCN_17-291Y-1.cds.fa_02402	NaN	NaN	NaN	NaN	NaN	NaN	NaN	NaN	TFCN17291Y1_000227-T1	TFCN17291Y1_002414-T1
TFCN17291Y1_000227-T1__TFCN17291Y1_006561-T1	NaN	NaN	NaN	NaN	NaN	NaN	NaN	NaN	GF00000005	Rhodotorula_mucilaginosa_TFCN_17-291Y-1.cds.fa_00224	Rhodotorula_mucilaginosa_TFCN_17-291Y-1.cds.fa_06484	NaN	NaN	NaN	NaN	NaN	NaN	NaN	NaN	TFCN17291Y1_000227-T1	TFCN17291Y1_006561-T1
TFCN17291Y1_000227-T1__TFCN17291Y1_011095-T1	NaN	NaN	NaN	NaN	NaN	NaN	NaN	NaN	GF00000005	Rhodotorula_mucilaginosa_TFCN_17-291Y-1.cds.fa_00224	Rhodotorula_mucilaginosa_TFCN_17-291Y-1.cds.fa_10948	NaN	NaN	NaN	NaN	NaN	NaN	NaN	NaN	TFCN17291Y1_000227-T1	TFCN17291Y1_011095-T1
TFCN17291Y1_004116-T1__TFCN17291Y1_006927-T1	NaN	NaN	NaN	NaN	NaN	NaN	NaN	NaN	GF00000005	Rhodotorula_mucilaginosa_TFCN_17-291Y-1.cds.fa_04077	Rhodotorula_mucilaginosa_TFCN_17-291Y-1.cds.fa_06844	NaN	NaN	NaN	NaN	NaN	NaN	NaN	NaN	TFCN17291Y1_004116-T1	TFCN17291Y1_006927-T1
TFCN17291Y1_003272-T1__TFCN17291Y1_004116-T1	NaN	NaN	NaN	NaN	NaN	NaN	NaN	NaN	GF00000005	Rhodotorula_mucilaginosa_TFCN_17-291Y-1.cds.fa_04077	Rhodotorula_mucilaginosa_TFCN_17-291Y-1.cds.fa_03239	NaN	NaN	NaN	NaN	NaN	NaN	NaN	NaN	TFCN17291Y1_004116-T1	TFCN17291Y1_003272-T1
TFCN17291Y1_002414-T1__TFCN17291Y1_004116-T1	NaN	NaN	NaN	NaN	NaN	NaN	NaN	NaN	GF00000005	Rhodotorula_mucilaginosa_TFCN_17-291Y-1.cds.fa_04077	Rhodotorula_mucilaginosa_TFCN_17-291Y-1.cds.fa_02402	NaN	NaN	NaN	NaN	NaN	NaN	NaN	NaN	TFCN17291Y1_004116-T1	TFCN17291Y1_002414-T1
TFCN17291Y1_004116-T1__TFCN17291Y1_006561-T1	NaN	NaN	NaN	NaN	NaN	NaN	NaN	NaN	GF00000005	Rhodotorula_mucilaginosa_TFCN_17-291Y-1.cds.fa_04077	Rhodotorula_mucilaginosa_TFCN_17-291Y-1.cds.fa_06484	NaN	NaN	NaN	NaN	NaN	NaN	NaN	NaN	TFCN17291Y1_004116-T1	TFCN17291Y1_006561-T1
TFCN17291Y1_004116-T1__TFCN17291Y1_011095-T1	NaN	NaN	NaN	NaN	NaN	NaN	NaN	NaN	GF00000005	Rhodotorula_mucilaginosa_TFCN_17-291Y-1.cds.fa_04077	Rhodotorula_mucilaginosa_TFCN_17-291Y-1.cds.fa_10948	NaN	NaN	NaN	NaN	NaN	NaN	NaN	NaN	TFCN17291Y1_004116-T1	TFCN17291Y1_011095-T1
TFCN17291Y1_003272-T1__TFCN17291Y1_006927-T1	NaN	NaN	NaN	NaN	NaN	NaN	NaN	NaN	GF00000005	Rhodotorula_mucilaginosa_TFCN_17-291Y-1.cds.fa_06844	Rhodotorula_mucilaginosa_TFCN_17-291Y-1.cds.fa_03239	NaN	NaN	NaN	NaN	NaN	NaN	NaN	NaN	TFCN17291Y1_006927-T1	TFCN17291Y1_003272-T1
TFCN17291Y1_002414-T1__TFCN17291Y1_006927-T1	NaN	NaN	NaN	NaN	NaN	NaN	NaN	NaN	GF00000005	Rhodotorula_mucilaginosa_TFCN_17-291Y-1.cds.fa_06844	Rhodotorula_mucilaginosa_TFCN_17-291Y-1.cds.fa_02402	NaN	NaN	NaN	NaN	NaN	NaN	NaN	NaN	TFCN17291Y1_006927-T1	TFCN17291Y1_002414-T1
TFCN17291Y1_006561-T1__TFCN17291Y1_006927-T1	NaN	NaN	NaN	NaN	NaN	NaN	NaN	NaN	GF00000005	Rhodotorula_mucilaginosa_TFCN_17-291Y-1.cds.fa_06844	Rhodotorula_mucilaginosa_TFCN_17-291Y-1.cds.fa_06484	NaN	NaN	NaN	NaN	NaN	NaN	NaN	NaN	TFCN17291Y1_006927-T1	TFCN17291Y1_006561-T1
TFCN17291Y1_006927-T1__TFCN17291Y1_011095-T1	NaN	NaN	NaN	NaN	NaN	NaN	NaN	NaN	GF00000005	Rhodotorula_mucilaginosa_TFCN_17-291Y-1.cds.fa_06844	Rhodotorula_mucilaginosa_TFCN_17-291Y-1.cds.fa_10948	NaN	NaN	NaN	NaN	NaN	NaN	NaN	NaN	TFCN17291Y1_006927-T1	TFCN17291Y1_011095-T1
TFCN17291Y1_002414-T1__TFCN17291Y1_003272-T1	NaN	NaN	NaN	NaN	NaN	NaN	NaN	NaN	GF00000005	Rhodotorula_mucilaginosa_TFCN_17-291Y-1.cds.fa_03239	Rhodotorula_mucilaginosa_TFCN_17-291Y-1.cds.fa_02402	NaN	NaN	NaN	NaN	NaN	NaN	NaN	NaN	TFCN17291Y1_003272-T1	TFCN17291Y1_002414-T1
TFCN17291Y1_003272-T1__TFCN17291Y1_006561-T1	NaN	NaN	NaN	NaN	NaN	NaN	NaN	NaN	GF00000005	Rhodotorula_mucilaginosa_TFCN_17-291Y-1.cds.fa_03239	Rhodotorula_mucilaginosa_TFCN_17-291Y-1.cds.fa_06484	NaN	NaN	NaN	NaN	NaN	NaN	NaN	NaN	TFCN17291Y1_003272-T1	TFCN17291Y1_006561-T1
TFCN17291Y1_003272-T1__TFCN17291Y1_011095-T1	NaN	NaN	NaN	NaN	NaN	NaN	NaN	NaN	GF00000005	Rhodotorula_mucilaginosa_TFCN_17-291Y-1.cds.fa_03239	Rhodotorula_mucilaginosa_TFCN_17-291Y-1.cds.fa_10948	NaN	NaN	NaN	NaN	NaN	NaN	NaN	NaN	TFCN17291Y1_003272-T1	TFCN17291Y1_011095-T1
TFCN17291Y1_002414-T1__TFCN17291Y1_006561-T1	NaN	NaN	NaN	NaN	NaN	NaN	NaN	NaN	GF00000005	Rhodotorula_mucilaginosa_TFCN_17-291Y-1.cds.fa_02402	Rhodotorula_mucilaginosa_TFCN_17-291Y-1.cds.fa_06484	NaN	NaN	NaN	NaN	NaN	NaN	NaN	NaN	TFCN17291Y1_002414-T1	TFCN17291Y1_006561-T1
TFCN17291Y1_002414-T1__TFCN17291Y1_011095-T1	NaN	NaN	NaN	NaN	NaN	NaN	NaN	NaN	GF00000005	Rhodotorula_mucilaginosa_TFCN_17-291Y-1.cds.fa_02402	Rhodotorula_mucilaginosa_TFCN_17-291Y-1.cds.fa_10948	NaN	NaN	NaN	NaN	NaN	NaN	NaN	NaN	TFCN17291Y1_002414-T1	TFCN17291Y1_011095-T1
TFCN17291Y1_006561-T1__TFCN17291Y1_011095-T1	NaN	NaN	NaN	NaN	NaN	NaN	NaN	NaN	GF00000005	Rhodotorula_mucilaginosa_TFCN_17-291Y-1.cds.fa_06484	Rhodotorula_mucilaginosa_TFCN_17-291Y-1.cds.fa_10948	NaN	NaN	NaN	NaN	NaN	NaN	NaN	NaN	TFCN17291Y1_006561-T1	TFCN17291Y1_011095-T1
TFCN17291Y1_003793-T1__TFCN17291Y1_008024-T1	NaN	NaN	NaN	NaN	NaN	NaN	NaN	NaN	GF00000006	Rhodotorula_mucilaginosa_TFCN_17-291Y-1.cds.fa_07925	Rhodotorula_mucilaginosa_TFCN_17-291Y-1.cds.fa_03755	NaN	NaN	NaN	NaN	NaN	NaN	NaN	NaN	TFCN17291Y1_008024-T1	TFCN17291Y1_003793-T1
TFCN17291Y1_005227-T1__TFCN17291Y1_008024-T1	NaN	NaN	NaN	NaN	NaN	NaN	NaN	NaN	GF00000006	Rhodotorula_mucilaginosa_TFCN_17-291Y-1.cds.fa_07925	Rhodotorula_mucilaginosa_TFCN_17-291Y-1.cds.fa_05171	NaN	NaN	NaN	NaN	NaN	NaN	NaN	NaN	TFCN17291Y1_008024-T1	TFCN17291Y1_005227-T1
TFCN17291Y1_007730-T1__TFCN17291Y1_008024-T1	NaN	NaN	NaN	NaN	NaN	NaN	NaN	NaN	GF00000006	Rhodotorula_mucilaginosa_TFCN_17-291Y-1.cds.fa_07925	Rhodotorula_mucilaginosa_TFCN_17-291Y-1.cds.fa_07638	NaN	NaN	NaN	NaN	NaN	NaN	NaN	NaN	TFCN17291Y1_008024-T1	TFCN17291Y1_007730-T1
TFCN17291Y1_004381-T1__TFCN17291Y1_008024-T1	NaN	NaN	NaN	NaN	NaN	NaN	NaN	NaN	GF00000006	Rhodotorula_mucilaginosa_TFCN_17-291Y-1.cds.fa_07925	Rhodotorula_mucilaginosa_TFCN_17-291Y-1.cds.fa_04335	NaN	NaN	NaN	NaN	NaN	NaN	NaN	NaN	TFCN17291Y1_008024-T1	TFCN17291Y1_004381-T1
TFCN17291Y1_004429-T1__TFCN17291Y1_008024-T1	NaN	NaN	NaN	NaN	NaN	NaN	NaN	NaN	GF00000006	Rhodotorula_mucilaginosa_TFCN_17-291Y-1.cds.fa_07925	Rhodotorula_mucilaginosa_TFCN_17-291Y-1.cds.fa_04383	NaN	NaN	NaN	NaN	NaN	NaN	NaN	NaN	TFCN17291Y1_008024-T1	TFCN17291Y1_004429-T1
TFCN17291Y1_008023-T1__TFCN17291Y1_008024-T1	NaN	NaN	NaN	NaN	NaN	NaN	NaN	NaN	GF00000006	Rhodotorula_mucilaginosa_TFCN_17-291Y-1.cds.fa_07925	Rhodotorula_mucilaginosa_TFCN_17-291Y-1.cds.fa_07924	NaN	NaN	NaN	NaN	NaN	NaN	NaN	NaN	TFCN17291Y1_008024-T1	TFCN17291Y1_008023-T1
TFCN17291Y1_004417-T1__TFCN17291Y1_008024-T1	NaN	NaN	NaN	NaN	NaN	NaN	NaN	NaN	GF00000006	Rhodotorula_mucilaginosa_TFCN_17-291Y-1.cds.fa_07925	Rhodotorula_mucilaginosa_TFCN_17-291Y-1.cds.fa_04371	NaN	NaN	NaN	NaN	NaN	NaN	NaN	NaN	TFCN17291Y1_008024-T1	TFCN17291Y1_004417-T1
TFCN17291Y1_008015-T1__TFCN17291Y1_008024-T1	NaN	NaN	NaN	NaN	NaN	NaN	NaN	NaN	GF00000006	Rhodotorula_mucilaginosa_TFCN_17-291Y-1.cds.fa_07925	Rhodotorula_mucilaginosa_TFCN_17-291Y-1.cds.fa_07916	NaN	NaN	NaN	NaN	NaN	NaN	NaN	NaN	TFCN17291Y1_008024-T1	TFCN17291Y1_008015-T1
TFCN17291Y1_008019-T1__TFCN17291Y1_008024-T1	NaN	NaN	NaN	NaN	NaN	NaN	NaN	NaN	GF00000006	Rhodotorula_mucilaginosa_TFCN_17-291Y-1.cds.fa_07925	Rhodotorula_mucilaginosa_TFCN_17-291Y-1.cds.fa_07920	NaN	NaN	NaN	NaN	NaN	NaN	NaN	NaN	TFCN17291Y1_008024-T1	TFCN17291Y1_008019-T1
TFCN17291Y1_008016-T1__TFCN17291Y1_008024-T1	NaN	NaN	NaN	NaN	NaN	NaN	NaN	NaN	GF00000006	Rhodotorula_mucilaginosa_TFCN_17-291Y-1.cds.fa_07925	Rhodotorula_mucilaginosa_TFCN_17-291Y-1.cds.fa_07917	NaN	NaN	NaN	NaN	NaN	NaN	NaN	NaN	TFCN17291Y1_008024-T1	TFCN17291Y1_008016-T1
TFCN17291Y1_003795-T1__TFCN17291Y1_008024-T1	NaN	NaN	NaN	NaN	NaN	NaN	NaN	NaN	GF00000006	Rhodotorula_mucilaginosa_TFCN_17-291Y-1.cds.fa_07925	Rhodotorula_mucilaginosa_TFCN_17-291Y-1.cds.fa_03757	NaN	NaN	NaN	NaN	NaN	NaN	NaN	NaN	TFCN17291Y1_008024-T1	TFCN17291Y1_003795-T1
TFCN17291Y1_008017-T1__TFCN17291Y1_008024-T1	NaN	NaN	NaN	NaN	NaN	NaN	NaN	NaN	GF00000006	Rhodotorula_mucilaginosa_TFCN_17-291Y-1.cds.fa_07925	Rhodotorula_mucilaginosa_TFCN_17-291Y-1.cds.fa_07918	NaN	NaN	NaN	NaN	NaN	NaN	NaN	NaN	TFCN17291Y1_008024-T1	TFCN17291Y1_008017-T1
TFCN17291Y1_004428-T1__TFCN17291Y1_008024-T1	NaN	NaN	NaN	NaN	NaN	NaN	NaN	NaN	GF00000006	Rhodotorula_mucilaginosa_TFCN_17-291Y-1.cds.fa_07925	Rhodotorula_mucilaginosa_TFCN_17-291Y-1.cds.fa_04382	NaN	NaN	NaN	NaN	NaN	NaN	NaN	NaN	TFCN17291Y1_008024-T1	TFCN17291Y1_004428-T1
TFCN17291Y1_007998-T1__TFCN17291Y1_008024-T1	NaN	NaN	NaN	NaN	NaN	NaN	NaN	NaN	GF00000006	Rhodotorula_mucilaginosa_TFCN_17-291Y-1.cds.fa_07925	Rhodotorula_mucilaginosa_TFCN_17-291Y-1.cds.fa_07899	NaN	NaN	NaN	NaN	NaN	NaN	NaN	NaN	TFCN17291Y1_008024-T1	TFCN17291Y1_007998-T1
TFCN17291Y1_007999-T1__TFCN17291Y1_008024-T1	NaN	NaN	NaN	NaN	NaN	NaN	NaN	NaN	GF00000006	Rhodotorula_mucilaginosa_TFCN_17-291Y-1.cds.fa_07925	Rhodotorula_mucilaginosa_TFCN_17-291Y-1.cds.fa_07900	NaN	NaN	NaN	NaN	NaN	NaN	NaN	NaN	TFCN17291Y1_008024-T1	TFCN17291Y1_007999-T1
TFCN17291Y1_005226-T1__TFCN17291Y1_008024-T1	NaN	NaN	NaN	NaN	NaN	NaN	NaN	NaN	GF00000006	Rhodotorula_mucilaginosa_TFCN_17-291Y-1.cds.fa_07925	Rhodotorula_mucilaginosa_TFCN_17-291Y-1.cds.fa_05170	NaN	NaN	NaN	NaN	NaN	NaN	NaN	NaN	TFCN17291Y1_008024-T1	TFCN17291Y1_005226-T1
TFCN17291Y1_003750-T1__TFCN17291Y1_008024-T1	NaN	NaN	NaN	NaN	NaN	NaN	NaN	NaN	GF00000006	Rhodotorula_mucilaginosa_TFCN_17-291Y-1.cds.fa_07925	Rhodotorula_mucilaginosa_TFCN_17-291Y-1.cds.fa_03712	NaN	NaN	NaN	NaN	NaN	NaN	NaN	NaN	TFCN17291Y1_008024-T1	TFCN17291Y1_003750-T1
TFCN17291Y1_003788-T1__TFCN17291Y1_008024-T1	NaN	NaN	NaN	NaN	NaN	NaN	NaN	NaN	GF00000006	Rhodotorula_mucilaginosa_TFCN_17-291Y-1.cds.fa_07925	Rhodotorula_mucilaginosa_TFCN_17-291Y-1.cds.fa_03750	NaN	NaN	NaN	NaN	NaN	NaN	NaN	NaN	TFCN17291Y1_008024-T1	TFCN17291Y1_003788-T1
TFCN17291Y1_003793-T1__TFCN17291Y1_005227-T1	NaN	NaN	NaN	NaN	NaN	NaN	NaN	NaN	GF00000006	Rhodotorula_mucilaginosa_TFCN_17-291Y-1.cds.fa_03755	Rhodotorula_mucilaginosa_TFCN_17-291Y-1.cds.fa_05171	NaN	NaN	NaN	NaN	NaN	NaN	NaN	NaN	TFCN17291Y1_003793-T1	TFCN17291Y1_005227-T1
TFCN17291Y1_003793-T1__TFCN17291Y1_007730-T1	NaN	NaN	NaN	NaN	NaN	NaN	NaN	NaN	GF00000006	Rhodotorula_mucilaginosa_TFCN_17-291Y-1.cds.fa_03755	Rhodotorula_mucilaginosa_TFCN_17-291Y-1.cds.fa_07638	NaN	NaN	NaN	NaN	NaN	NaN	NaN	NaN	TFCN17291Y1_003793-T1	TFCN17291Y1_007730-T1
TFCN17291Y1_003793-T1__TFCN17291Y1_004381-T1	NaN	NaN	NaN	NaN	NaN	NaN	NaN	NaN	GF00000006	Rhodotorula_mucilaginosa_TFCN_17-291Y-1.cds.fa_03755	Rhodotorula_mucilaginosa_TFCN_17-291Y-1.cds.fa_04335	NaN	NaN	NaN	NaN	NaN	NaN	NaN	NaN	TFCN17291Y1_003793-T1	TFCN17291Y1_004381-T1
TFCN17291Y1_003793-T1__TFCN17291Y1_004429-T1	NaN	NaN	NaN	NaN	NaN	NaN	NaN	NaN	GF00000006	Rhodotorula_mucilaginosa_TFCN_17-291Y-1.cds.fa_03755	Rhodotorula_mucilaginosa_TFCN_17-291Y-1.cds.fa_04383	NaN	NaN	NaN	NaN	NaN	NaN	NaN	NaN	TFCN17291Y1_003793-T1	TFCN17291Y1_004429-T1
TFCN17291Y1_003793-T1__TFCN17291Y1_008023-T1	NaN	NaN	NaN	NaN	NaN	NaN	NaN	NaN	GF00000006	Rhodotorula_mucilaginosa_TFCN_17-291Y-1.cds.fa_03755	Rhodotorula_mucilaginosa_TFCN_17-291Y-1.cds.fa_07924	NaN	NaN	NaN	NaN	NaN	NaN	NaN	NaN	TFCN17291Y1_003793-T1	TFCN17291Y1_008023-T1
TFCN17291Y1_003793-T1__TFCN17291Y1_004417-T1	NaN	NaN	NaN	NaN	NaN	NaN	NaN	NaN	GF00000006	Rhodotorula_mucilaginosa_TFCN_17-291Y-1.cds.fa_03755	Rhodotorula_mucilaginosa_TFCN_17-291Y-1.cds.fa_04371	NaN	NaN	NaN	NaN	NaN	NaN	NaN	NaN	TFCN17291Y1_003793-T1	TFCN17291Y1_004417-T1
TFCN17291Y1_003793-T1__TFCN17291Y1_008015-T1	NaN	NaN	NaN	NaN	NaN	NaN	NaN	NaN	GF00000006	Rhodotorula_mucilaginosa_TFCN_17-291Y-1.cds.fa_03755	Rhodotorula_mucilaginosa_TFCN_17-291Y-1.cds.fa_07916	NaN	NaN	NaN	NaN	NaN	NaN	NaN	NaN	TFCN17291Y1_003793-T1	TFCN17291Y1_008015-T1
TFCN17291Y1_003793-T1__TFCN17291Y1_008019-T1	NaN	NaN	NaN	NaN	NaN	NaN	NaN	NaN	GF00000006	Rhodotorula_mucilaginosa_TFCN_17-291Y-1.cds.fa_03755	Rhodotorula_mucilaginosa_TFCN_17-291Y-1.cds.fa_07920	NaN	NaN	NaN	NaN	NaN	NaN	NaN	NaN	TFCN17291Y1_003793-T1	TFCN17291Y1_008019-T1
TFCN17291Y1_003793-T1__TFCN17291Y1_008016-T1	NaN	NaN	NaN	NaN	NaN	NaN	NaN	NaN	GF00000006	Rhodotorula_mucilaginosa_TFCN_17-291Y-1.cds.fa_03755	Rhodotorula_mucilaginosa_TFCN_17-291Y-1.cds.fa_07917	NaN	NaN	NaN	NaN	NaN	NaN	NaN	NaN	TFCN17291Y1_003793-T1	TFCN17291Y1_008016-T1
TFCN17291Y1_003793-T1__TFCN17291Y1_003795-T1	NaN	NaN	NaN	NaN	NaN	NaN	NaN	NaN	GF00000006	Rhodotorula_mucilaginosa_TFCN_17-291Y-1.cds.fa_03755	Rhodotorula_mucilaginosa_TFCN_17-291Y-1.cds.fa_03757	NaN	NaN	NaN	NaN	NaN	NaN	NaN	NaN	TFCN17291Y1_003793-T1	TFCN17291Y1_003795-T1
TFCN17291Y1_003793-T1__TFCN17291Y1_008017-T1	NaN	NaN	NaN	NaN	NaN	NaN	NaN	NaN	GF00000006	Rhodotorula_mucilaginosa_TFCN_17-291Y-1.cds.fa_03755	Rhodotorula_mucilaginosa_TFCN_17-291Y-1.cds.fa_07918	NaN	NaN	NaN	NaN	NaN	NaN	NaN	NaN	TFCN17291Y1_003793-T1	TFCN17291Y1_008017-T1
TFCN17291Y1_003793-T1__TFCN17291Y1_004428-T1	NaN	NaN	NaN	NaN	NaN	NaN	NaN	NaN	GF00000006	Rhodotorula_mucilaginosa_TFCN_17-291Y-1.cds.fa_03755	Rhodotorula_mucilaginosa_TFCN_17-291Y-1.cds.fa_04382	NaN	NaN	NaN	NaN	NaN	NaN	NaN	NaN	TFCN17291Y1_003793-T1	TFCN17291Y1_004428-T1
TFCN17291Y1_003793-T1__TFCN17291Y1_007998-T1	NaN	NaN	NaN	NaN	NaN	NaN	NaN	NaN	GF00000006	Rhodotorula_mucilaginosa_TFCN_17-291Y-1.cds.fa_03755	Rhodotorula_mucilaginosa_TFCN_17-291Y-1.cds.fa_07899	NaN	NaN	NaN	NaN	NaN	NaN	NaN	NaN	TFCN17291Y1_003793-T1	TFCN17291Y1_007998-T1
TFCN17291Y1_003793-T1__TFCN17291Y1_007999-T1	NaN	NaN	NaN	NaN	NaN	NaN	NaN	NaN	GF00000006	Rhodotorula_mucilaginosa_TFCN_17-291Y-1.cds.fa_03755	Rhodotorula_mucilaginosa_TFCN_17-291Y-1.cds.fa_07900	NaN	NaN	NaN	NaN	NaN	NaN	NaN	NaN	TFCN17291Y1_003793-T1	TFCN17291Y1_007999-T1
TFCN17291Y1_003793-T1__TFCN17291Y1_005226-T1	NaN	NaN	NaN	NaN	NaN	NaN	NaN	NaN	GF00000006	Rhodotorula_mucilaginosa_TFCN_17-291Y-1.cds.fa_03755	Rhodotorula_mucilaginosa_TFCN_17-291Y-1.cds.fa_05170	NaN	NaN	NaN	NaN	NaN	NaN	NaN	NaN	TFCN17291Y1_003793-T1	TFCN17291Y1_005226-T1
TFCN17291Y1_003750-T1__TFCN17291Y1_003793-T1	NaN	NaN	NaN	NaN	NaN	NaN	NaN	NaN	GF00000006	Rhodotorula_mucilaginosa_TFCN_17-291Y-1.cds.fa_03755	Rhodotorula_mucilaginosa_TFCN_17-291Y-1.cds.fa_03712	NaN	NaN	NaN	NaN	NaN	NaN	NaN	NaN	TFCN17291Y1_003793-T1	TFCN17291Y1_003750-T1
TFCN17291Y1_003788-T1__TFCN17291Y1_003793-T1	NaN	NaN	NaN	NaN	NaN	NaN	NaN	NaN	GF00000006	Rhodotorula_mucilaginosa_TFCN_17-291Y-1.cds.fa_03755	Rhodotorula_mucilaginosa_TFCN_17-291Y-1.cds.fa_03750	NaN	NaN	NaN	NaN	NaN	NaN	NaN	NaN	TFCN17291Y1_003793-T1	TFCN17291Y1_003788-T1
TFCN17291Y1_005227-T1__TFCN17291Y1_007730-T1	NaN	NaN	NaN	NaN	NaN	NaN	NaN	NaN	GF00000006	Rhodotorula_mucilaginosa_TFCN_17-291Y-1.cds.fa_05171	Rhodotorula_mucilaginosa_TFCN_17-291Y-1.cds.fa_07638	NaN	NaN	NaN	NaN	NaN	NaN	NaN	NaN	TFCN17291Y1_005227-T1	TFCN17291Y1_007730-T1
TFCN17291Y1_004381-T1__TFCN17291Y1_005227-T1	NaN	NaN	NaN	NaN	NaN	NaN	NaN	NaN	GF00000006	Rhodotorula_mucilaginosa_TFCN_17-291Y-1.cds.fa_05171	Rhodotorula_mucilaginosa_TFCN_17-291Y-1.cds.fa_04335	NaN	NaN	NaN	NaN	NaN	NaN	NaN	NaN	TFCN17291Y1_005227-T1	TFCN17291Y1_004381-T1
TFCN17291Y1_004429-T1__TFCN17291Y1_005227-T1	NaN	NaN	NaN	NaN	NaN	NaN	NaN	NaN	GF00000006	Rhodotorula_mucilaginosa_TFCN_17-291Y-1.cds.fa_05171	Rhodotorula_mucilaginosa_TFCN_17-291Y-1.cds.fa_04383	NaN	NaN	NaN	NaN	NaN	NaN	NaN	NaN	TFCN17291Y1_005227-T1	TFCN17291Y1_004429-T1
TFCN17291Y1_005227-T1__TFCN17291Y1_008023-T1	NaN	NaN	NaN	NaN	NaN	NaN	NaN	NaN	GF00000006	Rhodotorula_mucilaginosa_TFCN_17-291Y-1.cds.fa_05171	Rhodotorula_mucilaginosa_TFCN_17-291Y-1.cds.fa_07924	NaN	NaN	NaN	NaN	NaN	NaN	NaN	NaN	TFCN17291Y1_005227-T1	TFCN17291Y1_008023-T1
TFCN17291Y1_004417-T1__TFCN17291Y1_005227-T1	NaN	NaN	NaN	NaN	NaN	NaN	NaN	NaN	GF00000006	Rhodotorula_mucilaginosa_TFCN_17-291Y-1.cds.fa_05171	Rhodotorula_mucilaginosa_TFCN_17-291Y-1.cds.fa_04371	NaN	NaN	NaN	NaN	NaN	NaN	NaN	NaN	TFCN17291Y1_005227-T1	TFCN17291Y1_004417-T1
TFCN17291Y1_005227-T1__TFCN17291Y1_008015-T1	NaN	NaN	NaN	NaN	NaN	NaN	NaN	NaN	GF00000006	Rhodotorula_mucilaginosa_TFCN_17-291Y-1.cds.fa_05171	Rhodotorula_mucilaginosa_TFCN_17-291Y-1.cds.fa_07916	NaN	NaN	NaN	NaN	NaN	NaN	NaN	NaN	TFCN17291Y1_005227-T1	TFCN17291Y1_008015-T1
TFCN17291Y1_005227-T1__TFCN17291Y1_008019-T1	NaN	NaN	NaN	NaN	NaN	NaN	NaN	NaN	GF00000006	Rhodotorula_mucilaginosa_TFCN_17-291Y-1.cds.fa_05171	Rhodotorula_mucilaginosa_TFCN_17-291Y-1.cds.fa_07920	NaN	NaN	NaN	NaN	NaN	NaN	NaN	NaN	TFCN17291Y1_005227-T1	TFCN17291Y1_008019-T1
TFCN17291Y1_005227-T1__TFCN17291Y1_008016-T1	NaN	NaN	NaN	NaN	NaN	NaN	NaN	NaN	GF00000006	Rhodotorula_mucilaginosa_TFCN_17-291Y-1.cds.fa_05171	Rhodotorula_mucilaginosa_TFCN_17-291Y-1.cds.fa_07917	NaN	NaN	NaN	NaN	NaN	NaN	NaN	NaN	TFCN17291Y1_005227-T1	TFCN17291Y1_008016-T1
TFCN17291Y1_003795-T1__TFCN17291Y1_005227-T1	NaN	NaN	NaN	NaN	NaN	NaN	NaN	NaN	GF00000006	Rhodotorula_mucilaginosa_TFCN_17-291Y-1.cds.fa_05171	Rhodotorula_mucilaginosa_TFCN_17-291Y-1.cds.fa_03757	NaN	NaN	NaN	NaN	NaN	NaN	NaN	NaN	TFCN17291Y1_005227-T1	TFCN17291Y1_003795-T1
TFCN17291Y1_005227-T1__TFCN17291Y1_008017-T1	NaN	NaN	NaN	NaN	NaN	NaN	NaN	NaN	GF00000006	Rhodotorula_mucilaginosa_TFCN_17-291Y-1.cds.fa_05171	Rhodotorula_mucilaginosa_TFCN_17-291Y-1.cds.fa_07918	NaN	NaN	NaN	NaN	NaN	NaN	NaN	NaN	TFCN17291Y1_005227-T1	TFCN17291Y1_008017-T1
TFCN17291Y1_004428-T1__TFCN17291Y1_005227-T1	NaN	NaN	NaN	NaN	NaN	NaN	NaN	NaN	GF00000006	Rhodotorula_mucilaginosa_TFCN_17-291Y-1.cds.fa_05171	Rhodotorula_mucilaginosa_TFCN_17-291Y-1.cds.fa_04382	NaN	NaN	NaN	NaN	NaN	NaN	NaN	NaN	TFCN17291Y1_005227-T1	TFCN17291Y1_004428-T1
TFCN17291Y1_005227-T1__TFCN17291Y1_007998-T1	NaN	NaN	NaN	NaN	NaN	NaN	NaN	NaN	GF00000006	Rhodotorula_mucilaginosa_TFCN_17-291Y-1.cds.fa_05171	Rhodotorula_mucilaginosa_TFCN_17-291Y-1.cds.fa_07899	NaN	NaN	NaN	NaN	NaN	NaN	NaN	NaN	TFCN17291Y1_005227-T1	TFCN17291Y1_007998-T1
TFCN17291Y1_005227-T1__TFCN17291Y1_007999-T1	NaN	NaN	NaN	NaN	NaN	NaN	NaN	NaN	GF00000006	Rhodotorula_mucilaginosa_TFCN_17-291Y-1.cds.fa_05171	Rhodotorula_mucilaginosa_TFCN_17-291Y-1.cds.fa_07900	NaN	NaN	NaN	NaN	NaN	NaN	NaN	NaN	TFCN17291Y1_005227-T1	TFCN17291Y1_007999-T1
TFCN17291Y1_005226-T1__TFCN17291Y1_005227-T1	NaN	NaN	NaN	NaN	NaN	NaN	NaN	NaN	GF00000006	Rhodotorula_mucilaginosa_TFCN_17-291Y-1.cds.fa_05171	Rhodotorula_mucilaginosa_TFCN_17-291Y-1.cds.fa_05170	NaN	NaN	NaN	NaN	NaN	NaN	NaN	NaN	TFCN17291Y1_005227-T1	TFCN17291Y1_005226-T1
TFCN17291Y1_003750-T1__TFCN17291Y1_005227-T1	NaN	NaN	NaN	NaN	NaN	NaN	NaN	NaN	GF00000006	Rhodotorula_mucilaginosa_TFCN_17-291Y-1.cds.fa_05171	Rhodotorula_mucilaginosa_TFCN_17-291Y-1.cds.fa_03712	NaN	NaN	NaN	NaN	NaN	NaN	NaN	NaN	TFCN17291Y1_005227-T1	TFCN17291Y1_003750-T1
TFCN17291Y1_003788-T1__TFCN17291Y1_005227-T1	NaN	NaN	NaN	NaN	NaN	NaN	NaN	NaN	GF00000006	Rhodotorula_mucilaginosa_TFCN_17-291Y-1.cds.fa_05171	Rhodotorula_mucilaginosa_TFCN_17-291Y-1.cds.fa_03750	NaN	NaN	NaN	NaN	NaN	NaN	NaN	NaN	TFCN17291Y1_005227-T1	TFCN17291Y1_003788-T1
TFCN17291Y1_004381-T1__TFCN17291Y1_007730-T1	NaN	NaN	NaN	NaN	NaN	NaN	NaN	NaN	GF00000006	Rhodotorula_mucilaginosa_TFCN_17-291Y-1.cds.fa_07638	Rhodotorula_mucilaginosa_TFCN_17-291Y-1.cds.fa_04335	NaN	NaN	NaN	NaN	NaN	NaN	NaN	NaN	TFCN17291Y1_007730-T1	TFCN17291Y1_004381-T1
TFCN17291Y1_004429-T1__TFCN17291Y1_007730-T1	NaN	NaN	NaN	NaN	NaN	NaN	NaN	NaN	GF00000006	Rhodotorula_mucilaginosa_TFCN_17-291Y-1.cds.fa_07638	Rhodotorula_mucilaginosa_TFCN_17-291Y-1.cds.fa_04383	NaN	NaN	NaN	NaN	NaN	NaN	NaN	NaN	TFCN17291Y1_007730-T1	TFCN17291Y1_004429-T1
TFCN17291Y1_007730-T1__TFCN17291Y1_008023-T1	NaN	NaN	NaN	NaN	NaN	NaN	NaN	NaN	GF00000006	Rhodotorula_mucilaginosa_TFCN_17-291Y-1.cds.fa_07638	Rhodotorula_mucilaginosa_TFCN_17-291Y-1.cds.fa_07924	NaN	NaN	NaN	NaN	NaN	NaN	NaN	NaN	TFCN17291Y1_007730-T1	TFCN17291Y1_008023-T1
TFCN17291Y1_004417-T1__TFCN17291Y1_007730-T1	NaN	NaN	NaN	NaN	NaN	NaN	NaN	NaN	GF00000006	Rhodotorula_mucilaginosa_TFCN_17-291Y-1.cds.fa_07638	Rhodotorula_mucilaginosa_TFCN_17-291Y-1.cds.fa_04371	NaN	NaN	NaN	NaN	NaN	NaN	NaN	NaN	TFCN17291Y1_007730-T1	TFCN17291Y1_004417-T1
TFCN17291Y1_007730-T1__TFCN17291Y1_008015-T1	NaN	NaN	NaN	NaN	NaN	NaN	NaN	NaN	GF00000006	Rhodotorula_mucilaginosa_TFCN_17-291Y-1.cds.fa_07638	Rhodotorula_mucilaginosa_TFCN_17-291Y-1.cds.fa_07916	NaN	NaN	NaN	NaN	NaN	NaN	NaN	NaN	TFCN17291Y1_007730-T1	TFCN17291Y1_008015-T1
TFCN17291Y1_007730-T1__TFCN17291Y1_008019-T1	NaN	NaN	NaN	NaN	NaN	NaN	NaN	NaN	GF00000006	Rhodotorula_mucilaginosa_TFCN_17-291Y-1.cds.fa_07638	Rhodotorula_mucilaginosa_TFCN_17-291Y-1.cds.fa_07920	NaN	NaN	NaN	NaN	NaN	NaN	NaN	NaN	TFCN17291Y1_007730-T1	TFCN17291Y1_008019-T1
TFCN17291Y1_007730-T1__TFCN17291Y1_008016-T1	NaN	NaN	NaN	NaN	NaN	NaN	NaN	NaN	GF00000006	Rhodotorula_mucilaginosa_TFCN_17-291Y-1.cds.fa_07638	Rhodotorula_mucilaginosa_TFCN_17-291Y-1.cds.fa_07917	NaN	NaN	NaN	NaN	NaN	NaN	NaN	NaN	TFCN17291Y1_007730-T1	TFCN17291Y1_008016-T1
TFCN17291Y1_003795-T1__TFCN17291Y1_007730-T1	NaN	NaN	NaN	NaN	NaN	NaN	NaN	NaN	GF00000006	Rhodotorula_mucilaginosa_TFCN_17-291Y-1.cds.fa_07638	Rhodotorula_mucilaginosa_TFCN_17-291Y-1.cds.fa_03757	NaN	NaN	NaN	NaN	NaN	NaN	NaN	NaN	TFCN17291Y1_007730-T1	TFCN17291Y1_003795-T1
TFCN17291Y1_007730-T1__TFCN17291Y1_008017-T1	NaN	NaN	NaN	NaN	NaN	NaN	NaN	NaN	GF00000006	Rhodotorula_mucilaginosa_TFCN_17-291Y-1.cds.fa_07638	Rhodotorula_mucilaginosa_TFCN_17-291Y-1.cds.fa_07918	NaN	NaN	NaN	NaN	NaN	NaN	NaN	NaN	TFCN17291Y1_007730-T1	TFCN17291Y1_008017-T1
TFCN17291Y1_004428-T1__TFCN17291Y1_007730-T1	NaN	NaN	NaN	NaN	NaN	NaN	NaN	NaN	GF00000006	Rhodotorula_mucilaginosa_TFCN_17-291Y-1.cds.fa_07638	Rhodotorula_mucilaginosa_TFCN_17-291Y-1.cds.fa_04382	NaN	NaN	NaN	NaN	NaN	NaN	NaN	NaN	TFCN17291Y1_007730-T1	TFCN17291Y1_004428-T1
TFCN17291Y1_007730-T1__TFCN17291Y1_007998-T1	NaN	NaN	NaN	NaN	NaN	NaN	NaN	NaN	GF00000006	Rhodotorula_mucilaginosa_TFCN_17-291Y-1.cds.fa_07638	Rhodotorula_mucilaginosa_TFCN_17-291Y-1.cds.fa_07899	NaN	NaN	NaN	NaN	NaN	NaN	NaN	NaN	TFCN17291Y1_007730-T1	TFCN17291Y1_007998-T1
TFCN17291Y1_007730-T1__TFCN17291Y1_007999-T1	NaN	NaN	NaN	NaN	NaN	NaN	NaN	NaN	GF00000006	Rhodotorula_mucilaginosa_TFCN_17-291Y-1.cds.fa_07638	Rhodotorula_mucilaginosa_TFCN_17-291Y-1.cds.fa_07900	NaN	NaN	NaN	NaN	NaN	NaN	NaN	NaN	TFCN17291Y1_007730-T1	TFCN17291Y1_007999-T1
TFCN17291Y1_005226-T1__TFCN17291Y1_007730-T1	NaN	NaN	NaN	NaN	NaN	NaN	NaN	NaN	GF00000006	Rhodotorula_mucilaginosa_TFCN_17-291Y-1.cds.fa_07638	Rhodotorula_mucilaginosa_TFCN_17-291Y-1.cds.fa_05170	NaN	NaN	NaN	NaN	NaN	NaN	NaN	NaN	TFCN17291Y1_007730-T1	TFCN17291Y1_005226-T1
TFCN17291Y1_003750-T1__TFCN17291Y1_007730-T1	NaN	NaN	NaN	NaN	NaN	NaN	NaN	NaN	GF00000006	Rhodotorula_mucilaginosa_TFCN_17-291Y-1.cds.fa_07638	Rhodotorula_mucilaginosa_TFCN_17-291Y-1.cds.fa_03712	NaN	NaN	NaN	NaN	NaN	NaN	NaN	NaN	TFCN17291Y1_007730-T1	TFCN17291Y1_003750-T1
TFCN17291Y1_003788-T1__TFCN17291Y1_007730-T1	NaN	NaN	NaN	NaN	NaN	NaN	NaN	NaN	GF00000006	Rhodotorula_mucilaginosa_TFCN_17-291Y-1.cds.fa_07638	Rhodotorula_mucilaginosa_TFCN_17-291Y-1.cds.fa_03750	NaN	NaN	NaN	NaN	NaN	NaN	NaN	NaN	TFCN17291Y1_007730-T1	TFCN17291Y1_003788-T1
TFCN17291Y1_004381-T1__TFCN17291Y1_004429-T1	NaN	NaN	NaN	NaN	NaN	NaN	NaN	NaN	GF00000006	Rhodotorula_mucilaginosa_TFCN_17-291Y-1.cds.fa_04335	Rhodotorula_mucilaginosa_TFCN_17-291Y-1.cds.fa_04383	NaN	NaN	NaN	NaN	NaN	NaN	NaN	NaN	TFCN17291Y1_004381-T1	TFCN17291Y1_004429-T1
TFCN17291Y1_004381-T1__TFCN17291Y1_008023-T1	NaN	NaN	NaN	NaN	NaN	NaN	NaN	NaN	GF00000006	Rhodotorula_mucilaginosa_TFCN_17-291Y-1.cds.fa_04335	Rhodotorula_mucilaginosa_TFCN_17-291Y-1.cds.fa_07924	NaN	NaN	NaN	NaN	NaN	NaN	NaN	NaN	TFCN17291Y1_004381-T1	TFCN17291Y1_008023-T1
TFCN17291Y1_004381-T1__TFCN17291Y1_004417-T1	NaN	NaN	NaN	NaN	NaN	NaN	NaN	NaN	GF00000006	Rhodotorula_mucilaginosa_TFCN_17-291Y-1.cds.fa_04335	Rhodotorula_mucilaginosa_TFCN_17-291Y-1.cds.fa_04371	NaN	NaN	NaN	NaN	NaN	NaN	NaN	NaN	TFCN17291Y1_004381-T1	TFCN17291Y1_004417-T1
TFCN17291Y1_004381-T1__TFCN17291Y1_008015-T1	NaN	NaN	NaN	NaN	NaN	NaN	NaN	NaN	GF00000006	Rhodotorula_mucilaginosa_TFCN_17-291Y-1.cds.fa_04335	Rhodotorula_mucilaginosa_TFCN_17-291Y-1.cds.fa_07916	NaN	NaN	NaN	NaN	NaN	NaN	NaN	NaN	TFCN17291Y1_004381-T1	TFCN17291Y1_008015-T1
TFCN17291Y1_004381-T1__TFCN17291Y1_008019-T1	NaN	NaN	NaN	NaN	NaN	NaN	NaN	NaN	GF00000006	Rhodotorula_mucilaginosa_TFCN_17-291Y-1.cds.fa_04335	Rhodotorula_mucilaginosa_TFCN_17-291Y-1.cds.fa_07920	NaN	NaN	NaN	NaN	NaN	NaN	NaN	NaN	TFCN17291Y1_004381-T1	TFCN17291Y1_008019-T1
TFCN17291Y1_004381-T1__TFCN17291Y1_008016-T1	NaN	NaN	NaN	NaN	NaN	NaN	NaN	NaN	GF00000006	Rhodotorula_mucilaginosa_TFCN_17-291Y-1.cds.fa_04335	Rhodotorula_mucilaginosa_TFCN_17-291Y-1.cds.fa_07917	NaN	NaN	NaN	NaN	NaN	NaN	NaN	NaN	TFCN17291Y1_004381-T1	TFCN17291Y1_008016-T1
TFCN17291Y1_003795-T1__TFCN17291Y1_004381-T1	NaN	NaN	NaN	NaN	NaN	NaN	NaN	NaN	GF00000006	Rhodotorula_mucilaginosa_TFCN_17-291Y-1.cds.fa_04335	Rhodotorula_mucilaginosa_TFCN_17-291Y-1.cds.fa_03757	NaN	NaN	NaN	NaN	NaN	NaN	NaN	NaN	TFCN17291Y1_004381-T1	TFCN17291Y1_003795-T1
TFCN17291Y1_004381-T1__TFCN17291Y1_008017-T1	NaN	NaN	NaN	NaN	NaN	NaN	NaN	NaN	GF00000006	Rhodotorula_mucilaginosa_TFCN_17-291Y-1.cds.fa_04335	Rhodotorula_mucilaginosa_TFCN_17-291Y-1.cds.fa_07918	NaN	NaN	NaN	NaN	NaN	NaN	NaN	NaN	TFCN17291Y1_004381-T1	TFCN17291Y1_008017-T1
TFCN17291Y1_004381-T1__TFCN17291Y1_004428-T1	NaN	NaN	NaN	NaN	NaN	NaN	NaN	NaN	GF00000006	Rhodotorula_mucilaginosa_TFCN_17-291Y-1.cds.fa_04335	Rhodotorula_mucilaginosa_TFCN_17-291Y-1.cds.fa_04382	NaN	NaN	NaN	NaN	NaN	NaN	NaN	NaN	TFCN17291Y1_004381-T1	TFCN17291Y1_004428-T1
TFCN17291Y1_004381-T1__TFCN17291Y1_007998-T1	NaN	NaN	NaN	NaN	NaN	NaN	NaN	NaN	GF00000006	Rhodotorula_mucilaginosa_TFCN_17-291Y-1.cds.fa_04335	Rhodotorula_mucilaginosa_TFCN_17-291Y-1.cds.fa_07899	NaN	NaN	NaN	NaN	NaN	NaN	NaN	NaN	TFCN17291Y1_004381-T1	TFCN17291Y1_007998-T1
TFCN17291Y1_004381-T1__TFCN17291Y1_007999-T1	NaN	NaN	NaN	NaN	NaN	NaN	NaN	NaN	GF00000006	Rhodotorula_mucilaginosa_TFCN_17-291Y-1.cds.fa_04335	Rhodotorula_mucilaginosa_TFCN_17-291Y-1.cds.fa_07900	NaN	NaN	NaN	NaN	NaN	NaN	NaN	NaN	TFCN17291Y1_004381-T1	TFCN17291Y1_007999-T1
TFCN17291Y1_004381-T1__TFCN17291Y1_005226-T1	NaN	NaN	NaN	NaN	NaN	NaN	NaN	NaN	GF00000006	Rhodotorula_mucilaginosa_TFCN_17-291Y-1.cds.fa_04335	Rhodotorula_mucilaginosa_TFCN_17-291Y-1.cds.fa_05170	NaN	NaN	NaN	NaN	NaN	NaN	NaN	NaN	TFCN17291Y1_004381-T1	TFCN17291Y1_005226-T1
TFCN17291Y1_003750-T1__TFCN17291Y1_004381-T1	NaN	NaN	NaN	NaN	NaN	NaN	NaN	NaN	GF00000006	Rhodotorula_mucilaginosa_TFCN_17-291Y-1.cds.fa_04335	Rhodotorula_mucilaginosa_TFCN_17-291Y-1.cds.fa_03712	NaN	NaN	NaN	NaN	NaN	NaN	NaN	NaN	TFCN17291Y1_004381-T1	TFCN17291Y1_003750-T1
TFCN17291Y1_003788-T1__TFCN17291Y1_004381-T1	NaN	NaN	NaN	NaN	NaN	NaN	NaN	NaN	GF00000006	Rhodotorula_mucilaginosa_TFCN_17-291Y-1.cds.fa_04335	Rhodotorula_mucilaginosa_TFCN_17-291Y-1.cds.fa_03750	NaN	NaN	NaN	NaN	NaN	NaN	NaN	NaN	TFCN17291Y1_004381-T1	TFCN17291Y1_003788-T1
TFCN17291Y1_004429-T1__TFCN17291Y1_008023-T1	NaN	NaN	NaN	NaN	NaN	NaN	NaN	NaN	GF00000006	Rhodotorula_mucilaginosa_TFCN_17-291Y-1.cds.fa_04383	Rhodotorula_mucilaginosa_TFCN_17-291Y-1.cds.fa_07924	NaN	NaN	NaN	NaN	NaN	NaN	NaN	NaN	TFCN17291Y1_004429-T1	TFCN17291Y1_008023-T1
TFCN17291Y1_004417-T1__TFCN17291Y1_004429-T1	NaN	NaN	NaN	NaN	NaN	NaN	NaN	NaN	GF00000006	Rhodotorula_mucilaginosa_TFCN_17-291Y-1.cds.fa_04383	Rhodotorula_mucilaginosa_TFCN_17-291Y-1.cds.fa_04371	NaN	NaN	NaN	NaN	NaN	NaN	NaN	NaN	TFCN17291Y1_004429-T1	TFCN17291Y1_004417-T1
TFCN17291Y1_004429-T1__TFCN17291Y1_008015-T1	NaN	NaN	NaN	NaN	NaN	NaN	NaN	NaN	GF00000006	Rhodotorula_mucilaginosa_TFCN_17-291Y-1.cds.fa_04383	Rhodotorula_mucilaginosa_TFCN_17-291Y-1.cds.fa_07916	NaN	NaN	NaN	NaN	NaN	NaN	NaN	NaN	TFCN17291Y1_004429-T1	TFCN17291Y1_008015-T1
TFCN17291Y1_004429-T1__TFCN17291Y1_008019-T1	NaN	NaN	NaN	NaN	NaN	NaN	NaN	NaN	GF00000006	Rhodotorula_mucilaginosa_TFCN_17-291Y-1.cds.fa_04383	Rhodotorula_mucilaginosa_TFCN_17-291Y-1.cds.fa_07920	NaN	NaN	NaN	NaN	NaN	NaN	NaN	NaN	TFCN17291Y1_004429-T1	TFCN17291Y1_008019-T1
TFCN17291Y1_004429-T1__TFCN17291Y1_008016-T1	NaN	NaN	NaN	NaN	NaN	NaN	NaN	NaN	GF00000006	Rhodotorula_mucilaginosa_TFCN_17-291Y-1.cds.fa_04383	Rhodotorula_mucilaginosa_TFCN_17-291Y-1.cds.fa_07917	NaN	NaN	NaN	NaN	NaN	NaN	NaN	NaN	TFCN17291Y1_004429-T1	TFCN17291Y1_008016-T1
TFCN17291Y1_003795-T1__TFCN17291Y1_004429-T1	NaN	NaN	NaN	NaN	NaN	NaN	NaN	NaN	GF00000006	Rhodotorula_mucilaginosa_TFCN_17-291Y-1.cds.fa_04383	Rhodotorula_mucilaginosa_TFCN_17-291Y-1.cds.fa_03757	NaN	NaN	NaN	NaN	NaN	NaN	NaN	NaN	TFCN17291Y1_004429-T1	TFCN17291Y1_003795-T1
TFCN17291Y1_004429-T1__TFCN17291Y1_008017-T1	NaN	NaN	NaN	NaN	NaN	NaN	NaN	NaN	GF00000006	Rhodotorula_mucilaginosa_TFCN_17-291Y-1.cds.fa_04383	Rhodotorula_mucilaginosa_TFCN_17-291Y-1.cds.fa_07918	NaN	NaN	NaN	NaN	NaN	NaN	NaN	NaN	TFCN17291Y1_004429-T1	TFCN17291Y1_008017-T1
TFCN17291Y1_004428-T1__TFCN17291Y1_004429-T1	NaN	NaN	NaN	NaN	NaN	NaN	NaN	NaN	GF00000006	Rhodotorula_mucilaginosa_TFCN_17-291Y-1.cds.fa_04383	Rhodotorula_mucilaginosa_TFCN_17-291Y-1.cds.fa_04382	NaN	NaN	NaN	NaN	NaN	NaN	NaN	NaN	TFCN17291Y1_004429-T1	TFCN17291Y1_004428-T1
TFCN17291Y1_004429-T1__TFCN17291Y1_007998-T1	NaN	NaN	NaN	NaN	NaN	NaN	NaN	NaN	GF00000006	Rhodotorula_mucilaginosa_TFCN_17-291Y-1.cds.fa_04383	Rhodotorula_mucilaginosa_TFCN_17-291Y-1.cds.fa_07899	NaN	NaN	NaN	NaN	NaN	NaN	NaN	NaN	TFCN17291Y1_004429-T1	TFCN17291Y1_007998-T1
TFCN17291Y1_004429-T1__TFCN17291Y1_007999-T1	NaN	NaN	NaN	NaN	NaN	NaN	NaN	NaN	GF00000006	Rhodotorula_mucilaginosa_TFCN_17-291Y-1.cds.fa_04383	Rhodotorula_mucilaginosa_TFCN_17-291Y-1.cds.fa_07900	NaN	NaN	NaN	NaN	NaN	NaN	NaN	NaN	TFCN17291Y1_004429-T1	TFCN17291Y1_007999-T1
TFCN17291Y1_004429-T1__TFCN17291Y1_005226-T1	NaN	NaN	NaN	NaN	NaN	NaN	NaN	NaN	GF00000006	Rhodotorula_mucilaginosa_TFCN_17-291Y-1.cds.fa_04383	Rhodotorula_mucilaginosa_TFCN_17-291Y-1.cds.fa_05170	NaN	NaN	NaN	NaN	NaN	NaN	NaN	NaN	TFCN17291Y1_004429-T1	TFCN17291Y1_005226-T1
TFCN17291Y1_003750-T1__TFCN17291Y1_004429-T1	NaN	NaN	NaN	NaN	NaN	NaN	NaN	NaN	GF00000006	Rhodotorula_mucilaginosa_TFCN_17-291Y-1.cds.fa_04383	Rhodotorula_mucilaginosa_TFCN_17-291Y-1.cds.fa_03712	NaN	NaN	NaN	NaN	NaN	NaN	NaN	NaN	TFCN17291Y1_004429-T1	TFCN17291Y1_003750-T1
TFCN17291Y1_003788-T1__TFCN17291Y1_004429-T1	NaN	NaN	NaN	NaN	NaN	NaN	NaN	NaN	GF00000006	Rhodotorula_mucilaginosa_TFCN_17-291Y-1.cds.fa_04383	Rhodotorula_mucilaginosa_TFCN_17-291Y-1.cds.fa_03750	NaN	NaN	NaN	NaN	NaN	NaN	NaN	NaN	TFCN17291Y1_004429-T1	TFCN17291Y1_003788-T1
TFCN17291Y1_004417-T1__TFCN17291Y1_008023-T1	NaN	NaN	NaN	NaN	NaN	NaN	NaN	NaN	GF00000006	Rhodotorula_mucilaginosa_TFCN_17-291Y-1.cds.fa_07924	Rhodotorula_mucilaginosa_TFCN_17-291Y-1.cds.fa_04371	NaN	NaN	NaN	NaN	NaN	NaN	NaN	NaN	TFCN17291Y1_008023-T1	TFCN17291Y1_004417-T1
TFCN17291Y1_008015-T1__TFCN17291Y1_008023-T1	NaN	NaN	NaN	NaN	NaN	NaN	NaN	NaN	GF00000006	Rhodotorula_mucilaginosa_TFCN_17-291Y-1.cds.fa_07924	Rhodotorula_mucilaginosa_TFCN_17-291Y-1.cds.fa_07916	NaN	NaN	NaN	NaN	NaN	NaN	NaN	NaN	TFCN17291Y1_008023-T1	TFCN17291Y1_008015-T1
TFCN17291Y1_008019-T1__TFCN17291Y1_008023-T1	NaN	NaN	NaN	NaN	NaN	NaN	NaN	NaN	GF00000006	Rhodotorula_mucilaginosa_TFCN_17-291Y-1.cds.fa_07924	Rhodotorula_mucilaginosa_TFCN_17-291Y-1.cds.fa_07920	NaN	NaN	NaN	NaN	NaN	NaN	NaN	NaN	TFCN17291Y1_008023-T1	TFCN17291Y1_008019-T1
TFCN17291Y1_008016-T1__TFCN17291Y1_008023-T1	NaN	NaN	NaN	NaN	NaN	NaN	NaN	NaN	GF00000006	Rhodotorula_mucilaginosa_TFCN_17-291Y-1.cds.fa_07924	Rhodotorula_mucilaginosa_TFCN_17-291Y-1.cds.fa_07917	NaN	NaN	NaN	NaN	NaN	NaN	NaN	NaN	TFCN17291Y1_008023-T1	TFCN17291Y1_008016-T1
TFCN17291Y1_003795-T1__TFCN17291Y1_008023-T1	NaN	NaN	NaN	NaN	NaN	NaN	NaN	NaN	GF00000006	Rhodotorula_mucilaginosa_TFCN_17-291Y-1.cds.fa_07924	Rhodotorula_mucilaginosa_TFCN_17-291Y-1.cds.fa_03757	NaN	NaN	NaN	NaN	NaN	NaN	NaN	NaN	TFCN17291Y1_008023-T1	TFCN17291Y1_003795-T1
TFCN17291Y1_008017-T1__TFCN17291Y1_008023-T1	NaN	NaN	NaN	NaN	NaN	NaN	NaN	NaN	GF00000006	Rhodotorula_mucilaginosa_TFCN_17-291Y-1.cds.fa_07924	Rhodotorula_mucilaginosa_TFCN_17-291Y-1.cds.fa_07918	NaN	NaN	NaN	NaN	NaN	NaN	NaN	NaN	TFCN17291Y1_008023-T1	TFCN17291Y1_008017-T1
TFCN17291Y1_004428-T1__TFCN17291Y1_008023-T1	NaN	NaN	NaN	NaN	NaN	NaN	NaN	NaN	GF00000006	Rhodotorula_mucilaginosa_TFCN_17-291Y-1.cds.fa_07924	Rhodotorula_mucilaginosa_TFCN_17-291Y-1.cds.fa_04382	NaN	NaN	NaN	NaN	NaN	NaN	NaN	NaN	TFCN17291Y1_008023-T1	TFCN17291Y1_004428-T1
TFCN17291Y1_007998-T1__TFCN17291Y1_008023-T1	NaN	NaN	NaN	NaN	NaN	NaN	NaN	NaN	GF00000006	Rhodotorula_mucilaginosa_TFCN_17-291Y-1.cds.fa_07924	Rhodotorula_mucilaginosa_TFCN_17-291Y-1.cds.fa_07899	NaN	NaN	NaN	NaN	NaN	NaN	NaN	NaN	TFCN17291Y1_008023-T1	TFCN17291Y1_007998-T1
TFCN17291Y1_007999-T1__TFCN17291Y1_008023-T1	NaN	NaN	NaN	NaN	NaN	NaN	NaN	NaN	GF00000006	Rhodotorula_mucilaginosa_TFCN_17-291Y-1.cds.fa_07924	Rhodotorula_mucilaginosa_TFCN_17-291Y-1.cds.fa_07900	NaN	NaN	NaN	NaN	NaN	NaN	NaN	NaN	TFCN17291Y1_008023-T1	TFCN17291Y1_007999-T1
TFCN17291Y1_005226-T1__TFCN17291Y1_008023-T1	NaN	NaN	NaN	NaN	NaN	NaN	NaN	NaN	GF00000006	Rhodotorula_mucilaginosa_TFCN_17-291Y-1.cds.fa_07924	Rhodotorula_mucilaginosa_TFCN_17-291Y-1.cds.fa_05170	NaN	NaN	NaN	NaN	NaN	NaN	NaN	NaN	TFCN17291Y1_008023-T1	TFCN17291Y1_005226-T1
TFCN17291Y1_003750-T1__TFCN17291Y1_008023-T1	NaN	NaN	NaN	NaN	NaN	NaN	NaN	NaN	GF00000006	Rhodotorula_mucilaginosa_TFCN_17-291Y-1.cds.fa_07924	Rhodotorula_mucilaginosa_TFCN_17-291Y-1.cds.fa_03712	NaN	NaN	NaN	NaN	NaN	NaN	NaN	NaN	TFCN17291Y1_008023-T1	TFCN17291Y1_003750-T1
TFCN17291Y1_003788-T1__TFCN17291Y1_008023-T1	NaN	NaN	NaN	NaN	NaN	NaN	NaN	NaN	GF00000006	Rhodotorula_mucilaginosa_TFCN_17-291Y-1.cds.fa_07924	Rhodotorula_mucilaginosa_TFCN_17-291Y-1.cds.fa_03750	NaN	NaN	NaN	NaN	NaN	NaN	NaN	NaN	TFCN17291Y1_008023-T1	TFCN17291Y1_003788-T1
TFCN17291Y1_004417-T1__TFCN17291Y1_008015-T1	NaN	NaN	NaN	NaN	NaN	NaN	NaN	NaN	GF00000006	Rhodotorula_mucilaginosa_TFCN_17-291Y-1.cds.fa_04371	Rhodotorula_mucilaginosa_TFCN_17-291Y-1.cds.fa_07916	NaN	NaN	NaN	NaN	NaN	NaN	NaN	NaN	TFCN17291Y1_004417-T1	TFCN17291Y1_008015-T1
TFCN17291Y1_004417-T1__TFCN17291Y1_008019-T1	NaN	NaN	NaN	NaN	NaN	NaN	NaN	NaN	GF00000006	Rhodotorula_mucilaginosa_TFCN_17-291Y-1.cds.fa_04371	Rhodotorula_mucilaginosa_TFCN_17-291Y-1.cds.fa_07920	NaN	NaN	NaN	NaN	NaN	NaN	NaN	NaN	TFCN17291Y1_004417-T1	TFCN17291Y1_008019-T1
TFCN17291Y1_004417-T1__TFCN17291Y1_008016-T1	NaN	NaN	NaN	NaN	NaN	NaN	NaN	NaN	GF00000006	Rhodotorula_mucilaginosa_TFCN_17-291Y-1.cds.fa_04371	Rhodotorula_mucilaginosa_TFCN_17-291Y-1.cds.fa_07917	NaN	NaN	NaN	NaN	NaN	NaN	NaN	NaN	TFCN17291Y1_004417-T1	TFCN17291Y1_008016-T1
TFCN17291Y1_003795-T1__TFCN17291Y1_004417-T1	NaN	NaN	NaN	NaN	NaN	NaN	NaN	NaN	GF00000006	Rhodotorula_mucilaginosa_TFCN_17-291Y-1.cds.fa_04371	Rhodotorula_mucilaginosa_TFCN_17-291Y-1.cds.fa_03757	NaN	NaN	NaN	NaN	NaN	NaN	NaN	NaN	TFCN17291Y1_004417-T1	TFCN17291Y1_003795-T1
TFCN17291Y1_004417-T1__TFCN17291Y1_008017-T1	NaN	NaN	NaN	NaN	NaN	NaN	NaN	NaN	GF00000006	Rhodotorula_mucilaginosa_TFCN_17-291Y-1.cds.fa_04371	Rhodotorula_mucilaginosa_TFCN_17-291Y-1.cds.fa_07918	NaN	NaN	NaN	NaN	NaN	NaN	NaN	NaN	TFCN17291Y1_004417-T1	TFCN17291Y1_008017-T1
TFCN17291Y1_004417-T1__TFCN17291Y1_004428-T1	NaN	NaN	NaN	NaN	NaN	NaN	NaN	NaN	GF00000006	Rhodotorula_mucilaginosa_TFCN_17-291Y-1.cds.fa_04371	Rhodotorula_mucilaginosa_TFCN_17-291Y-1.cds.fa_04382	NaN	NaN	NaN	NaN	NaN	NaN	NaN	NaN	TFCN17291Y1_004417-T1	TFCN17291Y1_004428-T1
TFCN17291Y1_004417-T1__TFCN17291Y1_007998-T1	NaN	NaN	NaN	NaN	NaN	NaN	NaN	NaN	GF00000006	Rhodotorula_mucilaginosa_TFCN_17-291Y-1.cds.fa_04371	Rhodotorula_mucilaginosa_TFCN_17-291Y-1.cds.fa_07899	NaN	NaN	NaN	NaN	NaN	NaN	NaN	NaN	TFCN17291Y1_004417-T1	TFCN17291Y1_007998-T1
TFCN17291Y1_004417-T1__TFCN17291Y1_007999-T1	NaN	NaN	NaN	NaN	NaN	NaN	NaN	NaN	GF00000006	Rhodotorula_mucilaginosa_TFCN_17-291Y-1.cds.fa_04371	Rhodotorula_mucilaginosa_TFCN_17-291Y-1.cds.fa_07900	NaN	NaN	NaN	NaN	NaN	NaN	NaN	NaN	TFCN17291Y1_004417-T1	TFCN17291Y1_007999-T1
TFCN17291Y1_004417-T1__TFCN17291Y1_005226-T1	NaN	NaN	NaN	NaN	NaN	NaN	NaN	NaN	GF00000006	Rhodotorula_mucilaginosa_TFCN_17-291Y-1.cds.fa_04371	Rhodotorula_mucilaginosa_TFCN_17-291Y-1.cds.fa_05170	NaN	NaN	NaN	NaN	NaN	NaN	NaN	NaN	TFCN17291Y1_004417-T1	TFCN17291Y1_005226-T1
TFCN17291Y1_003750-T1__TFCN17291Y1_004417-T1	NaN	NaN	NaN	NaN	NaN	NaN	NaN	NaN	GF00000006	Rhodotorula_mucilaginosa_TFCN_17-291Y-1.cds.fa_04371	Rhodotorula_mucilaginosa_TFCN_17-291Y-1.cds.fa_03712	NaN	NaN	NaN	NaN	NaN	NaN	NaN	NaN	TFCN17291Y1_004417-T1	TFCN17291Y1_003750-T1
TFCN17291Y1_003788-T1__TFCN17291Y1_004417-T1	NaN	NaN	NaN	NaN	NaN	NaN	NaN	NaN	GF00000006	Rhodotorula_mucilaginosa_TFCN_17-291Y-1.cds.fa_04371	Rhodotorula_mucilaginosa_TFCN_17-291Y-1.cds.fa_03750	NaN	NaN	NaN	NaN	NaN	NaN	NaN	NaN	TFCN17291Y1_004417-T1	TFCN17291Y1_003788-T1
TFCN17291Y1_008015-T1__TFCN17291Y1_008019-T1	NaN	NaN	NaN	NaN	NaN	NaN	NaN	NaN	GF00000006	Rhodotorula_mucilaginosa_TFCN_17-291Y-1.cds.fa_07916	Rhodotorula_mucilaginosa_TFCN_17-291Y-1.cds.fa_07920	NaN	NaN	NaN	NaN	NaN	NaN	NaN	NaN	TFCN17291Y1_008015-T1	TFCN17291Y1_008019-T1
TFCN17291Y1_008015-T1__TFCN17291Y1_008016-T1	NaN	NaN	NaN	NaN	NaN	NaN	NaN	NaN	GF00000006	Rhodotorula_mucilaginosa_TFCN_17-291Y-1.cds.fa_07916	Rhodotorula_mucilaginosa_TFCN_17-291Y-1.cds.fa_07917	NaN	NaN	NaN	NaN	NaN	NaN	NaN	NaN	TFCN17291Y1_008015-T1	TFCN17291Y1_008016-T1
TFCN17291Y1_003795-T1__TFCN17291Y1_008015-T1	NaN	NaN	NaN	NaN	NaN	NaN	NaN	NaN	GF00000006	Rhodotorula_mucilaginosa_TFCN_17-291Y-1.cds.fa_07916	Rhodotorula_mucilaginosa_TFCN_17-291Y-1.cds.fa_03757	NaN	NaN	NaN	NaN	NaN	NaN	NaN	NaN	TFCN17291Y1_008015-T1	TFCN17291Y1_003795-T1
TFCN17291Y1_008015-T1__TFCN17291Y1_008017-T1	NaN	NaN	NaN	NaN	NaN	NaN	NaN	NaN	GF00000006	Rhodotorula_mucilaginosa_TFCN_17-291Y-1.cds.fa_07916	Rhodotorula_mucilaginosa_TFCN_17-291Y-1.cds.fa_07918	NaN	NaN	NaN	NaN	NaN	NaN	NaN	NaN	TFCN17291Y1_008015-T1	TFCN17291Y1_008017-T1
TFCN17291Y1_004428-T1__TFCN17291Y1_008015-T1	NaN	NaN	NaN	NaN	NaN	NaN	NaN	NaN	GF00000006	Rhodotorula_mucilaginosa_TFCN_17-291Y-1.cds.fa_07916	Rhodotorula_mucilaginosa_TFCN_17-291Y-1.cds.fa_04382	NaN	NaN	NaN	NaN	NaN	NaN	NaN	NaN	TFCN17291Y1_008015-T1	TFCN17291Y1_004428-T1
TFCN17291Y1_007998-T1__TFCN17291Y1_008015-T1	NaN	NaN	NaN	NaN	NaN	NaN	NaN	NaN	GF00000006	Rhodotorula_mucilaginosa_TFCN_17-291Y-1.cds.fa_07916	Rhodotorula_mucilaginosa_TFCN_17-291Y-1.cds.fa_07899	NaN	NaN	NaN	NaN	NaN	NaN	NaN	NaN	TFCN17291Y1_008015-T1	TFCN17291Y1_007998-T1
TFCN17291Y1_007999-T1__TFCN17291Y1_008015-T1	NaN	NaN	NaN	NaN	NaN	NaN	NaN	NaN	GF00000006	Rhodotorula_mucilaginosa_TFCN_17-291Y-1.cds.fa_07916	Rhodotorula_mucilaginosa_TFCN_17-291Y-1.cds.fa_07900	NaN	NaN	NaN	NaN	NaN	NaN	NaN	NaN	TFCN17291Y1_008015-T1	TFCN17291Y1_007999-T1
TFCN17291Y1_005226-T1__TFCN17291Y1_008015-T1	NaN	NaN	NaN	NaN	NaN	NaN	NaN	NaN	GF00000006	Rhodotorula_mucilaginosa_TFCN_17-291Y-1.cds.fa_07916	Rhodotorula_mucilaginosa_TFCN_17-291Y-1.cds.fa_05170	NaN	NaN	NaN	NaN	NaN	NaN	NaN	NaN	TFCN17291Y1_008015-T1	TFCN17291Y1_005226-T1
TFCN17291Y1_003750-T1__TFCN17291Y1_008015-T1	NaN	NaN	NaN	NaN	NaN	NaN	NaN	NaN	GF00000006	Rhodotorula_mucilaginosa_TFCN_17-291Y-1.cds.fa_07916	Rhodotorula_mucilaginosa_TFCN_17-291Y-1.cds.fa_03712	NaN	NaN	NaN	NaN	NaN	NaN	NaN	NaN	TFCN17291Y1_008015-T1	TFCN17291Y1_003750-T1
TFCN17291Y1_003788-T1__TFCN17291Y1_008015-T1	NaN	NaN	NaN	NaN	NaN	NaN	NaN	NaN	GF00000006	Rhodotorula_mucilaginosa_TFCN_17-291Y-1.cds.fa_07916	Rhodotorula_mucilaginosa_TFCN_17-291Y-1.cds.fa_03750	NaN	NaN	NaN	NaN	NaN	NaN	NaN	NaN	TFCN17291Y1_008015-T1	TFCN17291Y1_003788-T1
TFCN17291Y1_008016-T1__TFCN17291Y1_008019-T1	NaN	NaN	NaN	NaN	NaN	NaN	NaN	NaN	GF00000006	Rhodotorula_mucilaginosa_TFCN_17-291Y-1.cds.fa_07920	Rhodotorula_mucilaginosa_TFCN_17-291Y-1.cds.fa_07917	NaN	NaN	NaN	NaN	NaN	NaN	NaN	NaN	TFCN17291Y1_008019-T1	TFCN17291Y1_008016-T1
TFCN17291Y1_003795-T1__TFCN17291Y1_008019-T1	NaN	NaN	NaN	NaN	NaN	NaN	NaN	NaN	GF00000006	Rhodotorula_mucilaginosa_TFCN_17-291Y-1.cds.fa_07920	Rhodotorula_mucilaginosa_TFCN_17-291Y-1.cds.fa_03757	NaN	NaN	NaN	NaN	NaN	NaN	NaN	NaN	TFCN17291Y1_008019-T1	TFCN17291Y1_003795-T1
TFCN17291Y1_008017-T1__TFCN17291Y1_008019-T1	NaN	NaN	NaN	NaN	NaN	NaN	NaN	NaN	GF00000006	Rhodotorula_mucilaginosa_TFCN_17-291Y-1.cds.fa_07920	Rhodotorula_mucilaginosa_TFCN_17-291Y-1.cds.fa_07918	NaN	NaN	NaN	NaN	NaN	NaN	NaN	NaN	TFCN17291Y1_008019-T1	TFCN17291Y1_008017-T1
TFCN17291Y1_004428-T1__TFCN17291Y1_008019-T1	NaN	NaN	NaN	NaN	NaN	NaN	NaN	NaN	GF00000006	Rhodotorula_mucilaginosa_TFCN_17-291Y-1.cds.fa_07920	Rhodotorula_mucilaginosa_TFCN_17-291Y-1.cds.fa_04382	NaN	NaN	NaN	NaN	NaN	NaN	NaN	NaN	TFCN17291Y1_008019-T1	TFCN17291Y1_004428-T1
TFCN17291Y1_007998-T1__TFCN17291Y1_008019-T1	NaN	NaN	NaN	NaN	NaN	NaN	NaN	NaN	GF00000006	Rhodotorula_mucilaginosa_TFCN_17-291Y-1.cds.fa_07920	Rhodotorula_mucilaginosa_TFCN_17-291Y-1.cds.fa_07899	NaN	NaN	NaN	NaN	NaN	NaN	NaN	NaN	TFCN17291Y1_008019-T1	TFCN17291Y1_007998-T1
TFCN17291Y1_007999-T1__TFCN17291Y1_008019-T1	NaN	NaN	NaN	NaN	NaN	NaN	NaN	NaN	GF00000006	Rhodotorula_mucilaginosa_TFCN_17-291Y-1.cds.fa_07920	Rhodotorula_mucilaginosa_TFCN_17-291Y-1.cds.fa_07900	NaN	NaN	NaN	NaN	NaN	NaN	NaN	NaN	TFCN17291Y1_008019-T1	TFCN17291Y1_007999-T1
TFCN17291Y1_005226-T1__TFCN17291Y1_008019-T1	NaN	NaN	NaN	NaN	NaN	NaN	NaN	NaN	GF00000006	Rhodotorula_mucilaginosa_TFCN_17-291Y-1.cds.fa_07920	Rhodotorula_mucilaginosa_TFCN_17-291Y-1.cds.fa_05170	NaN	NaN	NaN	NaN	NaN	NaN	NaN	NaN	TFCN17291Y1_008019-T1	TFCN17291Y1_005226-T1
TFCN17291Y1_003750-T1__TFCN17291Y1_008019-T1	NaN	NaN	NaN	NaN	NaN	NaN	NaN	NaN	GF00000006	Rhodotorula_mucilaginosa_TFCN_17-291Y-1.cds.fa_07920	Rhodotorula_mucilaginosa_TFCN_17-291Y-1.cds.fa_03712	NaN	NaN	NaN	NaN	NaN	NaN	NaN	NaN	TFCN17291Y1_008019-T1	TFCN17291Y1_003750-T1
TFCN17291Y1_003788-T1__TFCN17291Y1_008019-T1	NaN	NaN	NaN	NaN	NaN	NaN	NaN	NaN	GF00000006	Rhodotorula_mucilaginosa_TFCN_17-291Y-1.cds.fa_07920	Rhodotorula_mucilaginosa_TFCN_17-291Y-1.cds.fa_03750	NaN	NaN	NaN	NaN	NaN	NaN	NaN	NaN	TFCN17291Y1_008019-T1	TFCN17291Y1_003788-T1
TFCN17291Y1_003795-T1__TFCN17291Y1_008016-T1	NaN	NaN	NaN	NaN	NaN	NaN	NaN	NaN	GF00000006	Rhodotorula_mucilaginosa_TFCN_17-291Y-1.cds.fa_07917	Rhodotorula_mucilaginosa_TFCN_17-291Y-1.cds.fa_03757	NaN	NaN	NaN	NaN	NaN	NaN	NaN	NaN	TFCN17291Y1_008016-T1	TFCN17291Y1_003795-T1
TFCN17291Y1_008016-T1__TFCN17291Y1_008017-T1	NaN	NaN	NaN	NaN	NaN	NaN	NaN	NaN	GF00000006	Rhodotorula_mucilaginosa_TFCN_17-291Y-1.cds.fa_07917	Rhodotorula_mucilaginosa_TFCN_17-291Y-1.cds.fa_07918	NaN	NaN	NaN	NaN	NaN	NaN	NaN	NaN	TFCN17291Y1_008016-T1	TFCN17291Y1_008017-T1
TFCN17291Y1_004428-T1__TFCN17291Y1_008016-T1	NaN	NaN	NaN	NaN	NaN	NaN	NaN	NaN	GF00000006	Rhodotorula_mucilaginosa_TFCN_17-291Y-1.cds.fa_07917	Rhodotorula_mucilaginosa_TFCN_17-291Y-1.cds.fa_04382	NaN	NaN	NaN	NaN	NaN	NaN	NaN	NaN	TFCN17291Y1_008016-T1	TFCN17291Y1_004428-T1
TFCN17291Y1_007998-T1__TFCN17291Y1_008016-T1	NaN	NaN	NaN	NaN	NaN	NaN	NaN	NaN	GF00000006	Rhodotorula_mucilaginosa_TFCN_17-291Y-1.cds.fa_07917	Rhodotorula_mucilaginosa_TFCN_17-291Y-1.cds.fa_07899	NaN	NaN	NaN	NaN	NaN	NaN	NaN	NaN	TFCN17291Y1_008016-T1	TFCN17291Y1_007998-T1
TFCN17291Y1_007999-T1__TFCN17291Y1_008016-T1	NaN	NaN	NaN	NaN	NaN	NaN	NaN	NaN	GF00000006	Rhodotorula_mucilaginosa_TFCN_17-291Y-1.cds.fa_07917	Rhodotorula_mucilaginosa_TFCN_17-291Y-1.cds.fa_07900	NaN	NaN	NaN	NaN	NaN	NaN	NaN	NaN	TFCN17291Y1_008016-T1	TFCN17291Y1_007999-T1
TFCN17291Y1_005226-T1__TFCN17291Y1_008016-T1	NaN	NaN	NaN	NaN	NaN	NaN	NaN	NaN	GF00000006	Rhodotorula_mucilaginosa_TFCN_17-291Y-1.cds.fa_07917	Rhodotorula_mucilaginosa_TFCN_17-291Y-1.cds.fa_05170	NaN	NaN	NaN	NaN	NaN	NaN	NaN	NaN	TFCN17291Y1_008016-T1	TFCN17291Y1_005226-T1
TFCN17291Y1_003750-T1__TFCN17291Y1_008016-T1	NaN	NaN	NaN	NaN	NaN	NaN	NaN	NaN	GF00000006	Rhodotorula_mucilaginosa_TFCN_17-291Y-1.cds.fa_07917	Rhodotorula_mucilaginosa_TFCN_17-291Y-1.cds.fa_03712	NaN	NaN	NaN	NaN	NaN	NaN	NaN	NaN	TFCN17291Y1_008016-T1	TFCN17291Y1_003750-T1
TFCN17291Y1_003788-T1__TFCN17291Y1_008016-T1	NaN	NaN	NaN	NaN	NaN	NaN	NaN	NaN	GF00000006	Rhodotorula_mucilaginosa_TFCN_17-291Y-1.cds.fa_07917	Rhodotorula_mucilaginosa_TFCN_17-291Y-1.cds.fa_03750	NaN	NaN	NaN	NaN	NaN	NaN	NaN	NaN	TFCN17291Y1_008016-T1	TFCN17291Y1_003788-T1
TFCN17291Y1_003795-T1__TFCN17291Y1_008017-T1	NaN	NaN	NaN	NaN	NaN	NaN	NaN	NaN	GF00000006	Rhodotorula_mucilaginosa_TFCN_17-291Y-1.cds.fa_03757	Rhodotorula_mucilaginosa_TFCN_17-291Y-1.cds.fa_07918	NaN	NaN	NaN	NaN	NaN	NaN	NaN	NaN	TFCN17291Y1_003795-T1	TFCN17291Y1_008017-T1
TFCN17291Y1_003795-T1__TFCN17291Y1_004428-T1	NaN	NaN	NaN	NaN	NaN	NaN	NaN	NaN	GF00000006	Rhodotorula_mucilaginosa_TFCN_17-291Y-1.cds.fa_03757	Rhodotorula_mucilaginosa_TFCN_17-291Y-1.cds.fa_04382	NaN	NaN	NaN	NaN	NaN	NaN	NaN	NaN	TFCN17291Y1_003795-T1	TFCN17291Y1_004428-T1
TFCN17291Y1_003795-T1__TFCN17291Y1_007998-T1	NaN	NaN	NaN	NaN	NaN	NaN	NaN	NaN	GF00000006	Rhodotorula_mucilaginosa_TFCN_17-291Y-1.cds.fa_03757	Rhodotorula_mucilaginosa_TFCN_17-291Y-1.cds.fa_07899	NaN	NaN	NaN	NaN	NaN	NaN	NaN	NaN	TFCN17291Y1_003795-T1	TFCN17291Y1_007998-T1
TFCN17291Y1_003795-T1__TFCN17291Y1_007999-T1	NaN	NaN	NaN	NaN	NaN	NaN	NaN	NaN	GF00000006	Rhodotorula_mucilaginosa_TFCN_17-291Y-1.cds.fa_03757	Rhodotorula_mucilaginosa_TFCN_17-291Y-1.cds.fa_07900	NaN	NaN	NaN	NaN	NaN	NaN	NaN	NaN	TFCN17291Y1_003795-T1	TFCN17291Y1_007999-T1
TFCN17291Y1_003795-T1__TFCN17291Y1_005226-T1	NaN	NaN	NaN	NaN	NaN	NaN	NaN	NaN	GF00000006	Rhodotorula_mucilaginosa_TFCN_17-291Y-1.cds.fa_03757	Rhodotorula_mucilaginosa_TFCN_17-291Y-1.cds.fa_05170	NaN	NaN	NaN	NaN	NaN	NaN	NaN	NaN	TFCN17291Y1_003795-T1	TFCN17291Y1_005226-T1
TFCN17291Y1_003750-T1__TFCN17291Y1_003795-T1	NaN	NaN	NaN	NaN	NaN	NaN	NaN	NaN	GF00000006	Rhodotorula_mucilaginosa_TFCN_17-291Y-1.cds.fa_03757	Rhodotorula_mucilaginosa_TFCN_17-291Y-1.cds.fa_03712	NaN	NaN	NaN	NaN	NaN	NaN	NaN	NaN	TFCN17291Y1_003795-T1	TFCN17291Y1_003750-T1
TFCN17291Y1_003788-T1__TFCN17291Y1_003795-T1	NaN	NaN	NaN	NaN	NaN	NaN	NaN	NaN	GF00000006	Rhodotorula_mucilaginosa_TFCN_17-291Y-1.cds.fa_03757	Rhodotorula_mucilaginosa_TFCN_17-291Y-1.cds.fa_03750	NaN	NaN	NaN	NaN	NaN	NaN	NaN	NaN	TFCN17291Y1_003795-T1	TFCN17291Y1_003788-T1
TFCN17291Y1_004428-T1__TFCN17291Y1_008017-T1	NaN	NaN	NaN	NaN	NaN	NaN	NaN	NaN	GF00000006	Rhodotorula_mucilaginosa_TFCN_17-291Y-1.cds.fa_07918	Rhodotorula_mucilaginosa_TFCN_17-291Y-1.cds.fa_04382	NaN	NaN	NaN	NaN	NaN	NaN	NaN	NaN	TFCN17291Y1_008017-T1	TFCN17291Y1_004428-T1
TFCN17291Y1_007998-T1__TFCN17291Y1_008017-T1	NaN	NaN	NaN	NaN	NaN	NaN	NaN	NaN	GF00000006	Rhodotorula_mucilaginosa_TFCN_17-291Y-1.cds.fa_07918	Rhodotorula_mucilaginosa_TFCN_17-291Y-1.cds.fa_07899	NaN	NaN	NaN	NaN	NaN	NaN	NaN	NaN	TFCN17291Y1_008017-T1	TFCN17291Y1_007998-T1
TFCN17291Y1_007999-T1__TFCN17291Y1_008017-T1	NaN	NaN	NaN	NaN	NaN	NaN	NaN	NaN	GF00000006	Rhodotorula_mucilaginosa_TFCN_17-291Y-1.cds.fa_07918	Rhodotorula_mucilaginosa_TFCN_17-291Y-1.cds.fa_07900	NaN	NaN	NaN	NaN	NaN	NaN	NaN	NaN	TFCN17291Y1_008017-T1	TFCN17291Y1_007999-T1
TFCN17291Y1_005226-T1__TFCN17291Y1_008017-T1	NaN	NaN	NaN	NaN	NaN	NaN	NaN	NaN	GF00000006	Rhodotorula_mucilaginosa_TFCN_17-291Y-1.cds.fa_07918	Rhodotorula_mucilaginosa_TFCN_17-291Y-1.cds.fa_05170	NaN	NaN	NaN	NaN	NaN	NaN	NaN	NaN	TFCN17291Y1_008017-T1	TFCN17291Y1_005226-T1
TFCN17291Y1_003750-T1__TFCN17291Y1_008017-T1	NaN	NaN	NaN	NaN	NaN	NaN	NaN	NaN	GF00000006	Rhodotorula_mucilaginosa_TFCN_17-291Y-1.cds.fa_07918	Rhodotorula_mucilaginosa_TFCN_17-291Y-1.cds.fa_03712	NaN	NaN	NaN	NaN	NaN	NaN	NaN	NaN	TFCN17291Y1_008017-T1	TFCN17291Y1_003750-T1
TFCN17291Y1_003788-T1__TFCN17291Y1_008017-T1	NaN	NaN	NaN	NaN	NaN	NaN	NaN	NaN	GF00000006	Rhodotorula_mucilaginosa_TFCN_17-291Y-1.cds.fa_07918	Rhodotorula_mucilaginosa_TFCN_17-291Y-1.cds.fa_03750	NaN	NaN	NaN	NaN	NaN	NaN	NaN	NaN	TFCN17291Y1_008017-T1	TFCN17291Y1_003788-T1
TFCN17291Y1_004428-T1__TFCN17291Y1_007998-T1	NaN	NaN	NaN	NaN	NaN	NaN	NaN	NaN	GF00000006	Rhodotorula_mucilaginosa_TFCN_17-291Y-1.cds.fa_04382	Rhodotorula_mucilaginosa_TFCN_17-291Y-1.cds.fa_07899	NaN	NaN	NaN	NaN	NaN	NaN	NaN	NaN	TFCN17291Y1_004428-T1	TFCN17291Y1_007998-T1
TFCN17291Y1_004428-T1__TFCN17291Y1_007999-T1	NaN	NaN	NaN	NaN	NaN	NaN	NaN	NaN	GF00000006	Rhodotorula_mucilaginosa_TFCN_17-291Y-1.cds.fa_04382	Rhodotorula_mucilaginosa_TFCN_17-291Y-1.cds.fa_07900	NaN	NaN	NaN	NaN	NaN	NaN	NaN	NaN	TFCN17291Y1_004428-T1	TFCN17291Y1_007999-T1
TFCN17291Y1_004428-T1__TFCN17291Y1_005226-T1	NaN	NaN	NaN	NaN	NaN	NaN	NaN	NaN	GF00000006	Rhodotorula_mucilaginosa_TFCN_17-291Y-1.cds.fa_04382	Rhodotorula_mucilaginosa_TFCN_17-291Y-1.cds.fa_05170	NaN	NaN	NaN	NaN	NaN	NaN	NaN	NaN	TFCN17291Y1_004428-T1	TFCN17291Y1_005226-T1
TFCN17291Y1_003750-T1__TFCN17291Y1_004428-T1	NaN	NaN	NaN	NaN	NaN	NaN	NaN	NaN	GF00000006	Rhodotorula_mucilaginosa_TFCN_17-291Y-1.cds.fa_04382	Rhodotorula_mucilaginosa_TFCN_17-291Y-1.cds.fa_03712	NaN	NaN	NaN	NaN	NaN	NaN	NaN	NaN	TFCN17291Y1_004428-T1	TFCN17291Y1_003750-T1
TFCN17291Y1_003788-T1__TFCN17291Y1_004428-T1	NaN	NaN	NaN	NaN	NaN	NaN	NaN	NaN	GF00000006	Rhodotorula_mucilaginosa_TFCN_17-291Y-1.cds.fa_04382	Rhodotorula_mucilaginosa_TFCN_17-291Y-1.cds.fa_03750	NaN	NaN	NaN	NaN	NaN	NaN	NaN	NaN	TFCN17291Y1_004428-T1	TFCN17291Y1_003788-T1
TFCN17291Y1_007998-T1__TFCN17291Y1_007999-T1	NaN	NaN	NaN	NaN	NaN	NaN	NaN	NaN	GF00000006	Rhodotorula_mucilaginosa_TFCN_17-291Y-1.cds.fa_07899	Rhodotorula_mucilaginosa_TFCN_17-291Y-1.cds.fa_07900	NaN	NaN	NaN	NaN	NaN	NaN	NaN	NaN	TFCN17291Y1_007998-T1	TFCN17291Y1_007999-T1
TFCN17291Y1_005226-T1__TFCN17291Y1_007998-T1	NaN	NaN	NaN	NaN	NaN	NaN	NaN	NaN	GF00000006	Rhodotorula_mucilaginosa_TFCN_17-291Y-1.cds.fa_07899	Rhodotorula_mucilaginosa_TFCN_17-291Y-1.cds.fa_05170	NaN	NaN	NaN	NaN	NaN	NaN	NaN	NaN	TFCN17291Y1_007998-T1	TFCN17291Y1_005226-T1
TFCN17291Y1_003750-T1__TFCN17291Y1_007998-T1	NaN	NaN	NaN	NaN	NaN	NaN	NaN	NaN	GF00000006	Rhodotorula_mucilaginosa_TFCN_17-291Y-1.cds.fa_07899	Rhodotorula_mucilaginosa_TFCN_17-291Y-1.cds.fa_03712	NaN	NaN	NaN	NaN	NaN	NaN	NaN	NaN	TFCN17291Y1_007998-T1	TFCN17291Y1_003750-T1
TFCN17291Y1_003788-T1__TFCN17291Y1_007998-T1	NaN	NaN	NaN	NaN	NaN	NaN	NaN	NaN	GF00000006	Rhodotorula_mucilaginosa_TFCN_17-291Y-1.cds.fa_07899	Rhodotorula_mucilaginosa_TFCN_17-291Y-1.cds.fa_03750	NaN	NaN	NaN	NaN	NaN	NaN	NaN	NaN	TFCN17291Y1_007998-T1	TFCN17291Y1_003788-T1
TFCN17291Y1_005226-T1__TFCN17291Y1_007999-T1	NaN	NaN	NaN	NaN	NaN	NaN	NaN	NaN	GF00000006	Rhodotorula_mucilaginosa_TFCN_17-291Y-1.cds.fa_07900	Rhodotorula_mucilaginosa_TFCN_17-291Y-1.cds.fa_05170	NaN	NaN	NaN	NaN	NaN	NaN	NaN	NaN	TFCN17291Y1_007999-T1	TFCN17291Y1_005226-T1
TFCN17291Y1_003750-T1__TFCN17291Y1_007999-T1	NaN	NaN	NaN	NaN	NaN	NaN	NaN	NaN	GF00000006	Rhodotorula_mucilaginosa_TFCN_17-291Y-1.cds.fa_07900	Rhodotorula_mucilaginosa_TFCN_17-291Y-1.cds.fa_03712	NaN	NaN	NaN	NaN	NaN	NaN	NaN	NaN	TFCN17291Y1_007999-T1	TFCN17291Y1_003750-T1
TFCN17291Y1_003788-T1__TFCN17291Y1_007999-T1	NaN	NaN	NaN	NaN	NaN	NaN	NaN	NaN	GF00000006	Rhodotorula_mucilaginosa_TFCN_17-291Y-1.cds.fa_07900	Rhodotorula_mucilaginosa_TFCN_17-291Y-1.cds.fa_03750	NaN	NaN	NaN	NaN	NaN	NaN	NaN	NaN	TFCN17291Y1_007999-T1	TFCN17291Y1_003788-T1
TFCN17291Y1_003750-T1__TFCN17291Y1_005226-T1	NaN	NaN	NaN	NaN	NaN	NaN	NaN	NaN	GF00000006	Rhodotorula_mucilaginosa_TFCN_17-291Y-1.cds.fa_05170	Rhodotorula_mucilaginosa_TFCN_17-291Y-1.cds.fa_03712	NaN	NaN	NaN	NaN	NaN	NaN	NaN	NaN	TFCN17291Y1_005226-T1	TFCN17291Y1_003750-T1
TFCN17291Y1_003788-T1__TFCN17291Y1_005226-T1	NaN	NaN	NaN	NaN	NaN	NaN	NaN	NaN	GF00000006	Rhodotorula_mucilaginosa_TFCN_17-291Y-1.cds.fa_05170	Rhodotorula_mucilaginosa_TFCN_17-291Y-1.cds.fa_03750	NaN	NaN	NaN	NaN	NaN	NaN	NaN	NaN	TFCN17291Y1_005226-T1	TFCN17291Y1_003788-T1
TFCN17291Y1_003750-T1__TFCN17291Y1_003788-T1	NaN	NaN	NaN	NaN	NaN	NaN	NaN	NaN	GF00000006	Rhodotorula_mucilaginosa_TFCN_17-291Y-1.cds.fa_03712	Rhodotorula_mucilaginosa_TFCN_17-291Y-1.cds.fa_03750	NaN	NaN	NaN	NaN	NaN	NaN	NaN	NaN	TFCN17291Y1_003750-T1	TFCN17291Y1_003788-T1
TFCN17291Y1_004967-T1__TFCN17291Y1_011557-T1	NaN	NaN	NaN	NaN	NaN	NaN	NaN	NaN	GF00000011	Rhodotorula_mucilaginosa_TFCN_17-291Y-1.cds.fa_11396	Rhodotorula_mucilaginosa_TFCN_17-291Y-1.cds.fa_04914	NaN	NaN	NaN	NaN	NaN	NaN	NaN	NaN	TFCN17291Y1_011557-T1	TFCN17291Y1_004967-T1
TFCN17291Y1_001349-T1__TFCN17291Y1_011557-T1	NaN	NaN	NaN	NaN	NaN	NaN	NaN	NaN	GF00000011	Rhodotorula_mucilaginosa_TFCN_17-291Y-1.cds.fa_11396	Rhodotorula_mucilaginosa_TFCN_17-291Y-1.cds.fa_01339	NaN	NaN	NaN	NaN	NaN	NaN	NaN	NaN	TFCN17291Y1_011557-T1	TFCN17291Y1_001349-T1
TFCN17291Y1_006870-T1__TFCN17291Y1_011557-T1	NaN	NaN	NaN	NaN	NaN	NaN	NaN	NaN	GF00000011	Rhodotorula_mucilaginosa_TFCN_17-291Y-1.cds.fa_11396	Rhodotorula_mucilaginosa_TFCN_17-291Y-1.cds.fa_06789	NaN	NaN	NaN	NaN	NaN	NaN	NaN	NaN	TFCN17291Y1_011557-T1	TFCN17291Y1_006870-T1
TFCN17291Y1_009458-T1__TFCN17291Y1_011557-T1	NaN	NaN	NaN	NaN	NaN	NaN	NaN	NaN	GF00000011	Rhodotorula_mucilaginosa_TFCN_17-291Y-1.cds.fa_11396	Rhodotorula_mucilaginosa_TFCN_17-291Y-1.cds.fa_09338	NaN	NaN	NaN	NaN	NaN	NaN	NaN	NaN	TFCN17291Y1_011557-T1	TFCN17291Y1_009458-T1
TFCN17291Y1_011277-T1__TFCN17291Y1_011557-T1	NaN	NaN	NaN	NaN	NaN	NaN	NaN	NaN	GF00000011	Rhodotorula_mucilaginosa_TFCN_17-291Y-1.cds.fa_11396	Rhodotorula_mucilaginosa_TFCN_17-291Y-1.cds.fa_11127	NaN	NaN	NaN	NaN	NaN	NaN	NaN	NaN	TFCN17291Y1_011557-T1	TFCN17291Y1_011277-T1
TFCN17291Y1_009040-T1__TFCN17291Y1_011557-T1	NaN	NaN	NaN	NaN	NaN	NaN	NaN	NaN	GF00000011	Rhodotorula_mucilaginosa_TFCN_17-291Y-1.cds.fa_11396	Rhodotorula_mucilaginosa_TFCN_17-291Y-1.cds.fa_08923	NaN	NaN	NaN	NaN	NaN	NaN	NaN	NaN	TFCN17291Y1_011557-T1	TFCN17291Y1_009040-T1
TFCN17291Y1_009206-T1__TFCN17291Y1_011557-T1	NaN	NaN	NaN	NaN	NaN	NaN	NaN	NaN	GF00000011	Rhodotorula_mucilaginosa_TFCN_17-291Y-1.cds.fa_11396	Rhodotorula_mucilaginosa_TFCN_17-291Y-1.cds.fa_09087	NaN	NaN	NaN	NaN	NaN	NaN	NaN	NaN	TFCN17291Y1_011557-T1	TFCN17291Y1_009206-T1
TFCN17291Y1_011531-T1__TFCN17291Y1_011557-T1	NaN	NaN	NaN	NaN	NaN	NaN	NaN	NaN	GF00000011	Rhodotorula_mucilaginosa_TFCN_17-291Y-1.cds.fa_11396	Rhodotorula_mucilaginosa_TFCN_17-291Y-1.cds.fa_11371	NaN	NaN	NaN	NaN	NaN	NaN	NaN	NaN	TFCN17291Y1_011557-T1	TFCN17291Y1_011531-T1
TFCN17291Y1_001892-T1__TFCN17291Y1_011557-T1	NaN	NaN	NaN	NaN	NaN	NaN	NaN	NaN	GF00000011	Rhodotorula_mucilaginosa_TFCN_17-291Y-1.cds.fa_11396	Rhodotorula_mucilaginosa_TFCN_17-291Y-1.cds.fa_01882	NaN	NaN	NaN	NaN	NaN	NaN	NaN	NaN	TFCN17291Y1_011557-T1	TFCN17291Y1_001892-T1
TFCN17291Y1_003302-T1__TFCN17291Y1_011557-T1	NaN	NaN	NaN	NaN	NaN	NaN	NaN	NaN	GF00000011	Rhodotorula_mucilaginosa_TFCN_17-291Y-1.cds.fa_11396	Rhodotorula_mucilaginosa_TFCN_17-291Y-1.cds.fa_03269	NaN	NaN	NaN	NaN	NaN	NaN	NaN	NaN	TFCN17291Y1_011557-T1	TFCN17291Y1_003302-T1
TFCN17291Y1_004740-T1__TFCN17291Y1_011557-T1	NaN	NaN	NaN	NaN	NaN	NaN	NaN	NaN	GF00000011	Rhodotorula_mucilaginosa_TFCN_17-291Y-1.cds.fa_11396	Rhodotorula_mucilaginosa_TFCN_17-291Y-1.cds.fa_04692	NaN	NaN	NaN	NaN	NaN	NaN	NaN	NaN	TFCN17291Y1_011557-T1	TFCN17291Y1_004740-T1
TFCN17291Y1_000004-T1__TFCN17291Y1_011557-T1	NaN	NaN	NaN	NaN	NaN	NaN	NaN	NaN	GF00000011	Rhodotorula_mucilaginosa_TFCN_17-291Y-1.cds.fa_11396	Rhodotorula_mucilaginosa_TFCN_17-291Y-1.cds.fa_00003	NaN	NaN	NaN	NaN	NaN	NaN	NaN	NaN	TFCN17291Y1_011557-T1	TFCN17291Y1_000004-T1
TFCN17291Y1_000669-T1__TFCN17291Y1_011557-T1	NaN	NaN	NaN	NaN	NaN	NaN	NaN	NaN	GF00000011	Rhodotorula_mucilaginosa_TFCN_17-291Y-1.cds.fa_11396	Rhodotorula_mucilaginosa_TFCN_17-291Y-1.cds.fa_00661	NaN	NaN	NaN	NaN	NaN	NaN	NaN	NaN	TFCN17291Y1_011557-T1	TFCN17291Y1_000669-T1
TFCN17291Y1_011557-T1__TFCN17291Y1_012985-T1	NaN	NaN	NaN	NaN	NaN	NaN	NaN	NaN	GF00000011	Rhodotorula_mucilaginosa_TFCN_17-291Y-1.cds.fa_11396	Rhodotorula_mucilaginosa_TFCN_17-291Y-1.cds.fa_12770	NaN	NaN	NaN	NaN	NaN	NaN	NaN	NaN	TFCN17291Y1_011557-T1	TFCN17291Y1_012985-T1
TFCN17291Y1_009459-T1__TFCN17291Y1_011557-T1	NaN	NaN	NaN	NaN	NaN	NaN	NaN	NaN	GF00000011	Rhodotorula_mucilaginosa_TFCN_17-291Y-1.cds.fa_11396	Rhodotorula_mucilaginosa_TFCN_17-291Y-1.cds.fa_09339	NaN	NaN	NaN	NaN	NaN	NaN	NaN	NaN	TFCN17291Y1_011557-T1	TFCN17291Y1_009459-T1
TFCN17291Y1_001349-T1__TFCN17291Y1_004967-T1	NaN	NaN	NaN	NaN	NaN	NaN	NaN	NaN	GF00000011	Rhodotorula_mucilaginosa_TFCN_17-291Y-1.cds.fa_04914	Rhodotorula_mucilaginosa_TFCN_17-291Y-1.cds.fa_01339	NaN	NaN	NaN	NaN	NaN	NaN	NaN	NaN	TFCN17291Y1_004967-T1	TFCN17291Y1_001349-T1
TFCN17291Y1_004967-T1__TFCN17291Y1_006870-T1	NaN	NaN	NaN	NaN	NaN	NaN	NaN	NaN	GF00000011	Rhodotorula_mucilaginosa_TFCN_17-291Y-1.cds.fa_04914	Rhodotorula_mucilaginosa_TFCN_17-291Y-1.cds.fa_06789	NaN	NaN	NaN	NaN	NaN	NaN	NaN	NaN	TFCN17291Y1_004967-T1	TFCN17291Y1_006870-T1
TFCN17291Y1_004967-T1__TFCN17291Y1_009458-T1	NaN	NaN	NaN	NaN	NaN	NaN	NaN	NaN	GF00000011	Rhodotorula_mucilaginosa_TFCN_17-291Y-1.cds.fa_04914	Rhodotorula_mucilaginosa_TFCN_17-291Y-1.cds.fa_09338	NaN	NaN	NaN	NaN	NaN	NaN	NaN	NaN	TFCN17291Y1_004967-T1	TFCN17291Y1_009458-T1
TFCN17291Y1_004967-T1__TFCN17291Y1_011277-T1	NaN	NaN	NaN	NaN	NaN	NaN	NaN	NaN	GF00000011	Rhodotorula_mucilaginosa_TFCN_17-291Y-1.cds.fa_04914	Rhodotorula_mucilaginosa_TFCN_17-291Y-1.cds.fa_11127	NaN	NaN	NaN	NaN	NaN	NaN	NaN	NaN	TFCN17291Y1_004967-T1	TFCN17291Y1_011277-T1
TFCN17291Y1_004967-T1__TFCN17291Y1_009040-T1	NaN	NaN	NaN	NaN	NaN	NaN	NaN	NaN	GF00000011	Rhodotorula_mucilaginosa_TFCN_17-291Y-1.cds.fa_04914	Rhodotorula_mucilaginosa_TFCN_17-291Y-1.cds.fa_08923	NaN	NaN	NaN	NaN	NaN	NaN	NaN	NaN	TFCN17291Y1_004967-T1	TFCN17291Y1_009040-T1
TFCN17291Y1_004967-T1__TFCN17291Y1_009206-T1	NaN	NaN	NaN	NaN	NaN	NaN	NaN	NaN	GF00000011	Rhodotorula_mucilaginosa_TFCN_17-291Y-1.cds.fa_04914	Rhodotorula_mucilaginosa_TFCN_17-291Y-1.cds.fa_09087	NaN	NaN	NaN	NaN	NaN	NaN	NaN	NaN	TFCN17291Y1_004967-T1	TFCN17291Y1_009206-T1
TFCN17291Y1_004967-T1__TFCN17291Y1_011531-T1	NaN	NaN	NaN	NaN	NaN	NaN	NaN	NaN	GF00000011	Rhodotorula_mucilaginosa_TFCN_17-291Y-1.cds.fa_04914	Rhodotorula_mucilaginosa_TFCN_17-291Y-1.cds.fa_11371	NaN	NaN	NaN	NaN	NaN	NaN	NaN	NaN	TFCN17291Y1_004967-T1	TFCN17291Y1_011531-T1
TFCN17291Y1_001892-T1__TFCN17291Y1_004967-T1	NaN	NaN	NaN	NaN	NaN	NaN	NaN	NaN	GF00000011	Rhodotorula_mucilaginosa_TFCN_17-291Y-1.cds.fa_04914	Rhodotorula_mucilaginosa_TFCN_17-291Y-1.cds.fa_01882	NaN	NaN	NaN	NaN	NaN	NaN	NaN	NaN	TFCN17291Y1_004967-T1	TFCN17291Y1_001892-T1
TFCN17291Y1_003302-T1__TFCN17291Y1_004967-T1	NaN	NaN	NaN	NaN	NaN	NaN	NaN	NaN	GF00000011	Rhodotorula_mucilaginosa_TFCN_17-291Y-1.cds.fa_04914	Rhodotorula_mucilaginosa_TFCN_17-291Y-1.cds.fa_03269	NaN	NaN	NaN	NaN	NaN	NaN	NaN	NaN	TFCN17291Y1_004967-T1	TFCN17291Y1_003302-T1
TFCN17291Y1_004740-T1__TFCN17291Y1_004967-T1	NaN	NaN	NaN	NaN	NaN	NaN	NaN	NaN	GF00000011	Rhodotorula_mucilaginosa_TFCN_17-291Y-1.cds.fa_04914	Rhodotorula_mucilaginosa_TFCN_17-291Y-1.cds.fa_04692	NaN	NaN	NaN	NaN	NaN	NaN	NaN	NaN	TFCN17291Y1_004967-T1	TFCN17291Y1_004740-T1
TFCN17291Y1_000004-T1__TFCN17291Y1_004967-T1	NaN	NaN	NaN	NaN	NaN	NaN	NaN	NaN	GF00000011	Rhodotorula_mucilaginosa_TFCN_17-291Y-1.cds.fa_04914	Rhodotorula_mucilaginosa_TFCN_17-291Y-1.cds.fa_00003	NaN	NaN	NaN	NaN	NaN	NaN	NaN	NaN	TFCN17291Y1_004967-T1	TFCN17291Y1_000004-T1
TFCN17291Y1_000669-T1__TFCN17291Y1_004967-T1	NaN	NaN	NaN	NaN	NaN	NaN	NaN	NaN	GF00000011	Rhodotorula_mucilaginosa_TFCN_17-291Y-1.cds.fa_04914	Rhodotorula_mucilaginosa_TFCN_17-291Y-1.cds.fa_00661	NaN	NaN	NaN	NaN	NaN	NaN	NaN	NaN	TFCN17291Y1_004967-T1	TFCN17291Y1_000669-T1
TFCN17291Y1_004967-T1__TFCN17291Y1_012985-T1	NaN	NaN	NaN	NaN	NaN	NaN	NaN	NaN	GF00000011	Rhodotorula_mucilaginosa_TFCN_17-291Y-1.cds.fa_04914	Rhodotorula_mucilaginosa_TFCN_17-291Y-1.cds.fa_12770	NaN	NaN	NaN	NaN	NaN	NaN	NaN	NaN	TFCN17291Y1_004967-T1	TFCN17291Y1_012985-T1
TFCN17291Y1_004967-T1__TFCN17291Y1_009459-T1	NaN	NaN	NaN	NaN	NaN	NaN	NaN	NaN	GF00000011	Rhodotorula_mucilaginosa_TFCN_17-291Y-1.cds.fa_04914	Rhodotorula_mucilaginosa_TFCN_17-291Y-1.cds.fa_09339	NaN	NaN	NaN	NaN	NaN	NaN	NaN	NaN	TFCN17291Y1_004967-T1	TFCN17291Y1_009459-T1
TFCN17291Y1_001349-T1__TFCN17291Y1_006870-T1	NaN	NaN	NaN	NaN	NaN	NaN	NaN	NaN	GF00000011	Rhodotorula_mucilaginosa_TFCN_17-291Y-1.cds.fa_01339	Rhodotorula_mucilaginosa_TFCN_17-291Y-1.cds.fa_06789	NaN	NaN	NaN	NaN	NaN	NaN	NaN	NaN	TFCN17291Y1_001349-T1	TFCN17291Y1_006870-T1
TFCN17291Y1_001349-T1__TFCN17291Y1_009458-T1	NaN	NaN	NaN	NaN	NaN	NaN	NaN	NaN	GF00000011	Rhodotorula_mucilaginosa_TFCN_17-291Y-1.cds.fa_01339	Rhodotorula_mucilaginosa_TFCN_17-291Y-1.cds.fa_09338	NaN	NaN	NaN	NaN	NaN	NaN	NaN	NaN	TFCN17291Y1_001349-T1	TFCN17291Y1_009458-T1
TFCN17291Y1_001349-T1__TFCN17291Y1_011277-T1	NaN	NaN	NaN	NaN	NaN	NaN	NaN	NaN	GF00000011	Rhodotorula_mucilaginosa_TFCN_17-291Y-1.cds.fa_01339	Rhodotorula_mucilaginosa_TFCN_17-291Y-1.cds.fa_11127	NaN	NaN	NaN	NaN	NaN	NaN	NaN	NaN	TFCN17291Y1_001349-T1	TFCN17291Y1_011277-T1
TFCN17291Y1_001349-T1__TFCN17291Y1_009040-T1	NaN	NaN	NaN	NaN	NaN	NaN	NaN	NaN	GF00000011	Rhodotorula_mucilaginosa_TFCN_17-291Y-1.cds.fa_01339	Rhodotorula_mucilaginosa_TFCN_17-291Y-1.cds.fa_08923	NaN	NaN	NaN	NaN	NaN	NaN	NaN	NaN	TFCN17291Y1_001349-T1	TFCN17291Y1_009040-T1
TFCN17291Y1_001349-T1__TFCN17291Y1_009206-T1	NaN	NaN	NaN	NaN	NaN	NaN	NaN	NaN	GF00000011	Rhodotorula_mucilaginosa_TFCN_17-291Y-1.cds.fa_01339	Rhodotorula_mucilaginosa_TFCN_17-291Y-1.cds.fa_09087	NaN	NaN	NaN	NaN	NaN	NaN	NaN	NaN	TFCN17291Y1_001349-T1	TFCN17291Y1_009206-T1
TFCN17291Y1_001349-T1__TFCN17291Y1_011531-T1	NaN	NaN	NaN	NaN	NaN	NaN	NaN	NaN	GF00000011	Rhodotorula_mucilaginosa_TFCN_17-291Y-1.cds.fa_01339	Rhodotorula_mucilaginosa_TFCN_17-291Y-1.cds.fa_11371	NaN	NaN	NaN	NaN	NaN	NaN	NaN	NaN	TFCN17291Y1_001349-T1	TFCN17291Y1_011531-T1
TFCN17291Y1_001349-T1__TFCN17291Y1_001892-T1	NaN	NaN	NaN	NaN	NaN	NaN	NaN	NaN	GF00000011	Rhodotorula_mucilaginosa_TFCN_17-291Y-1.cds.fa_01339	Rhodotorula_mucilaginosa_TFCN_17-291Y-1.cds.fa_01882	NaN	NaN	NaN	NaN	NaN	NaN	NaN	NaN	TFCN17291Y1_001349-T1	TFCN17291Y1_001892-T1
TFCN17291Y1_001349-T1__TFCN17291Y1_003302-T1	NaN	NaN	NaN	NaN	NaN	NaN	NaN	NaN	GF00000011	Rhodotorula_mucilaginosa_TFCN_17-291Y-1.cds.fa_01339	Rhodotorula_mucilaginosa_TFCN_17-291Y-1.cds.fa_03269	NaN	NaN	NaN	NaN	NaN	NaN	NaN	NaN	TFCN17291Y1_001349-T1	TFCN17291Y1_003302-T1
TFCN17291Y1_001349-T1__TFCN17291Y1_004740-T1	NaN	NaN	NaN	NaN	NaN	NaN	NaN	NaN	GF00000011	Rhodotorula_mucilaginosa_TFCN_17-291Y-1.cds.fa_01339	Rhodotorula_mucilaginosa_TFCN_17-291Y-1.cds.fa_04692	NaN	NaN	NaN	NaN	NaN	NaN	NaN	NaN	TFCN17291Y1_001349-T1	TFCN17291Y1_004740-T1
TFCN17291Y1_000004-T1__TFCN17291Y1_001349-T1	NaN	NaN	NaN	NaN	NaN	NaN	NaN	NaN	GF00000011	Rhodotorula_mucilaginosa_TFCN_17-291Y-1.cds.fa_01339	Rhodotorula_mucilaginosa_TFCN_17-291Y-1.cds.fa_00003	NaN	NaN	NaN	NaN	NaN	NaN	NaN	NaN	TFCN17291Y1_001349-T1	TFCN17291Y1_000004-T1
TFCN17291Y1_000669-T1__TFCN17291Y1_001349-T1	NaN	NaN	NaN	NaN	NaN	NaN	NaN	NaN	GF00000011	Rhodotorula_mucilaginosa_TFCN_17-291Y-1.cds.fa_01339	Rhodotorula_mucilaginosa_TFCN_17-291Y-1.cds.fa_00661	NaN	NaN	NaN	NaN	NaN	NaN	NaN	NaN	TFCN17291Y1_001349-T1	TFCN17291Y1_000669-T1
TFCN17291Y1_001349-T1__TFCN17291Y1_012985-T1	NaN	NaN	NaN	NaN	NaN	NaN	NaN	NaN	GF00000011	Rhodotorula_mucilaginosa_TFCN_17-291Y-1.cds.fa_01339	Rhodotorula_mucilaginosa_TFCN_17-291Y-1.cds.fa_12770	NaN	NaN	NaN	NaN	NaN	NaN	NaN	NaN	TFCN17291Y1_001349-T1	TFCN17291Y1_012985-T1
TFCN17291Y1_001349-T1__TFCN17291Y1_009459-T1	NaN	NaN	NaN	NaN	NaN	NaN	NaN	NaN	GF00000011	Rhodotorula_mucilaginosa_TFCN_17-291Y-1.cds.fa_01339	Rhodotorula_mucilaginosa_TFCN_17-291Y-1.cds.fa_09339	NaN	NaN	NaN	NaN	NaN	NaN	NaN	NaN	TFCN17291Y1_001349-T1	TFCN17291Y1_009459-T1
TFCN17291Y1_006870-T1__TFCN17291Y1_009458-T1	NaN	NaN	NaN	NaN	NaN	NaN	NaN	NaN	GF00000011	Rhodotorula_mucilaginosa_TFCN_17-291Y-1.cds.fa_06789	Rhodotorula_mucilaginosa_TFCN_17-291Y-1.cds.fa_09338	NaN	NaN	NaN	NaN	NaN	NaN	NaN	NaN	TFCN17291Y1_006870-T1	TFCN17291Y1_009458-T1
TFCN17291Y1_006870-T1__TFCN17291Y1_011277-T1	NaN	NaN	NaN	NaN	NaN	NaN	NaN	NaN	GF00000011	Rhodotorula_mucilaginosa_TFCN_17-291Y-1.cds.fa_06789	Rhodotorula_mucilaginosa_TFCN_17-291Y-1.cds.fa_11127	NaN	NaN	NaN	NaN	NaN	NaN	NaN	NaN	TFCN17291Y1_006870-T1	TFCN17291Y1_011277-T1
TFCN17291Y1_006870-T1__TFCN17291Y1_009040-T1	NaN	NaN	NaN	NaN	NaN	NaN	NaN	NaN	GF00000011	Rhodotorula_mucilaginosa_TFCN_17-291Y-1.cds.fa_06789	Rhodotorula_mucilaginosa_TFCN_17-291Y-1.cds.fa_08923	NaN	NaN	NaN	NaN	NaN	NaN	NaN	NaN	TFCN17291Y1_006870-T1	TFCN17291Y1_009040-T1
TFCN17291Y1_006870-T1__TFCN17291Y1_009206-T1	NaN	NaN	NaN	NaN	NaN	NaN	NaN	NaN	GF00000011	Rhodotorula_mucilaginosa_TFCN_17-291Y-1.cds.fa_06789	Rhodotorula_mucilaginosa_TFCN_17-291Y-1.cds.fa_09087	NaN	NaN	NaN	NaN	NaN	NaN	NaN	NaN	TFCN17291Y1_006870-T1	TFCN17291Y1_009206-T1
TFCN17291Y1_006870-T1__TFCN17291Y1_011531-T1	NaN	NaN	NaN	NaN	NaN	NaN	NaN	NaN	GF00000011	Rhodotorula_mucilaginosa_TFCN_17-291Y-1.cds.fa_06789	Rhodotorula_mucilaginosa_TFCN_17-291Y-1.cds.fa_11371	NaN	NaN	NaN	NaN	NaN	NaN	NaN	NaN	TFCN17291Y1_006870-T1	TFCN17291Y1_011531-T1
TFCN17291Y1_001892-T1__TFCN17291Y1_006870-T1	NaN	NaN	NaN	NaN	NaN	NaN	NaN	NaN	GF00000011	Rhodotorula_mucilaginosa_TFCN_17-291Y-1.cds.fa_06789	Rhodotorula_mucilaginosa_TFCN_17-291Y-1.cds.fa_01882	NaN	NaN	NaN	NaN	NaN	NaN	NaN	NaN	TFCN17291Y1_006870-T1	TFCN17291Y1_001892-T1
TFCN17291Y1_003302-T1__TFCN17291Y1_006870-T1	NaN	NaN	NaN	NaN	NaN	NaN	NaN	NaN	GF00000011	Rhodotorula_mucilaginosa_TFCN_17-291Y-1.cds.fa_06789	Rhodotorula_mucilaginosa_TFCN_17-291Y-1.cds.fa_03269	NaN	NaN	NaN	NaN	NaN	NaN	NaN	NaN	TFCN17291Y1_006870-T1	TFCN17291Y1_003302-T1
TFCN17291Y1_004740-T1__TFCN17291Y1_006870-T1	NaN	NaN	NaN	NaN	NaN	NaN	NaN	NaN	GF00000011	Rhodotorula_mucilaginosa_TFCN_17-291Y-1.cds.fa_06789	Rhodotorula_mucilaginosa_TFCN_17-291Y-1.cds.fa_04692	NaN	NaN	NaN	NaN	NaN	NaN	NaN	NaN	TFCN17291Y1_006870-T1	TFCN17291Y1_004740-T1
TFCN17291Y1_000004-T1__TFCN17291Y1_006870-T1	NaN	NaN	NaN	NaN	NaN	NaN	NaN	NaN	GF00000011	Rhodotorula_mucilaginosa_TFCN_17-291Y-1.cds.fa_06789	Rhodotorula_mucilaginosa_TFCN_17-291Y-1.cds.fa_00003	NaN	NaN	NaN	NaN	NaN	NaN	NaN	NaN	TFCN17291Y1_006870-T1	TFCN17291Y1_000004-T1
TFCN17291Y1_000669-T1__TFCN17291Y1_006870-T1	NaN	NaN	NaN	NaN	NaN	NaN	NaN	NaN	GF00000011	Rhodotorula_mucilaginosa_TFCN_17-291Y-1.cds.fa_06789	Rhodotorula_mucilaginosa_TFCN_17-291Y-1.cds.fa_00661	NaN	NaN	NaN	NaN	NaN	NaN	NaN	NaN	TFCN17291Y1_006870-T1	TFCN17291Y1_000669-T1
TFCN17291Y1_006870-T1__TFCN17291Y1_012985-T1	NaN	NaN	NaN	NaN	NaN	NaN	NaN	NaN	GF00000011	Rhodotorula_mucilaginosa_TFCN_17-291Y-1.cds.fa_06789	Rhodotorula_mucilaginosa_TFCN_17-291Y-1.cds.fa_12770	NaN	NaN	NaN	NaN	NaN	NaN	NaN	NaN	TFCN17291Y1_006870-T1	TFCN17291Y1_012985-T1
TFCN17291Y1_006870-T1__TFCN17291Y1_009459-T1	NaN	NaN	NaN	NaN	NaN	NaN	NaN	NaN	GF00000011	Rhodotorula_mucilaginosa_TFCN_17-291Y-1.cds.fa_06789	Rhodotorula_mucilaginosa_TFCN_17-291Y-1.cds.fa_09339	NaN	NaN	NaN	NaN	NaN	NaN	NaN	NaN	TFCN17291Y1_006870-T1	TFCN17291Y1_009459-T1
TFCN17291Y1_009458-T1__TFCN17291Y1_011277-T1	NaN	NaN	NaN	NaN	NaN	NaN	NaN	NaN	GF00000011	Rhodotorula_mucilaginosa_TFCN_17-291Y-1.cds.fa_09338	Rhodotorula_mucilaginosa_TFCN_17-291Y-1.cds.fa_11127	NaN	NaN	NaN	NaN	NaN	NaN	NaN	NaN	TFCN17291Y1_009458-T1	TFCN17291Y1_011277-T1
TFCN17291Y1_009040-T1__TFCN17291Y1_009458-T1	NaN	NaN	NaN	NaN	NaN	NaN	NaN	NaN	GF00000011	Rhodotorula_mucilaginosa_TFCN_17-291Y-1.cds.fa_09338	Rhodotorula_mucilaginosa_TFCN_17-291Y-1.cds.fa_08923	NaN	NaN	NaN	NaN	NaN	NaN	NaN	NaN	TFCN17291Y1_009458-T1	TFCN17291Y1_009040-T1
TFCN17291Y1_009206-T1__TFCN17291Y1_009458-T1	NaN	NaN	NaN	NaN	NaN	NaN	NaN	NaN	GF00000011	Rhodotorula_mucilaginosa_TFCN_17-291Y-1.cds.fa_09338	Rhodotorula_mucilaginosa_TFCN_17-291Y-1.cds.fa_09087	NaN	NaN	NaN	NaN	NaN	NaN	NaN	NaN	TFCN17291Y1_009458-T1	TFCN17291Y1_009206-T1
TFCN17291Y1_009458-T1__TFCN17291Y1_011531-T1	NaN	NaN	NaN	NaN	NaN	NaN	NaN	NaN	GF00000011	Rhodotorula_mucilaginosa_TFCN_17-291Y-1.cds.fa_09338	Rhodotorula_mucilaginosa_TFCN_17-291Y-1.cds.fa_11371	NaN	NaN	NaN	NaN	NaN	NaN	NaN	NaN	TFCN17291Y1_009458-T1	TFCN17291Y1_011531-T1
TFCN17291Y1_001892-T1__TFCN17291Y1_009458-T1	NaN	NaN	NaN	NaN	NaN	NaN	NaN	NaN	GF00000011	Rhodotorula_mucilaginosa_TFCN_17-291Y-1.cds.fa_09338	Rhodotorula_mucilaginosa_TFCN_17-291Y-1.cds.fa_01882	NaN	NaN	NaN	NaN	NaN	NaN	NaN	NaN	TFCN17291Y1_009458-T1	TFCN17291Y1_001892-T1
TFCN17291Y1_003302-T1__TFCN17291Y1_009458-T1	NaN	NaN	NaN	NaN	NaN	NaN	NaN	NaN	GF00000011	Rhodotorula_mucilaginosa_TFCN_17-291Y-1.cds.fa_09338	Rhodotorula_mucilaginosa_TFCN_17-291Y-1.cds.fa_03269	NaN	NaN	NaN	NaN	NaN	NaN	NaN	NaN	TFCN17291Y1_009458-T1	TFCN17291Y1_003302-T1
TFCN17291Y1_004740-T1__TFCN17291Y1_009458-T1	NaN	NaN	NaN	NaN	NaN	NaN	NaN	NaN	GF00000011	Rhodotorula_mucilaginosa_TFCN_17-291Y-1.cds.fa_09338	Rhodotorula_mucilaginosa_TFCN_17-291Y-1.cds.fa_04692	NaN	NaN	NaN	NaN	NaN	NaN	NaN	NaN	TFCN17291Y1_009458-T1	TFCN17291Y1_004740-T1
TFCN17291Y1_000004-T1__TFCN17291Y1_009458-T1	NaN	NaN	NaN	NaN	NaN	NaN	NaN	NaN	GF00000011	Rhodotorula_mucilaginosa_TFCN_17-291Y-1.cds.fa_09338	Rhodotorula_mucilaginosa_TFCN_17-291Y-1.cds.fa_00003	NaN	NaN	NaN	NaN	NaN	NaN	NaN	NaN	TFCN17291Y1_009458-T1	TFCN17291Y1_000004-T1
TFCN17291Y1_000669-T1__TFCN17291Y1_009458-T1	NaN	NaN	NaN	NaN	NaN	NaN	NaN	NaN	GF00000011	Rhodotorula_mucilaginosa_TFCN_17-291Y-1.cds.fa_09338	Rhodotorula_mucilaginosa_TFCN_17-291Y-1.cds.fa_00661	NaN	NaN	NaN	NaN	NaN	NaN	NaN	NaN	TFCN17291Y1_009458-T1	TFCN17291Y1_000669-T1
TFCN17291Y1_009458-T1__TFCN17291Y1_012985-T1	NaN	NaN	NaN	NaN	NaN	NaN	NaN	NaN	GF00000011	Rhodotorula_mucilaginosa_TFCN_17-291Y-1.cds.fa_09338	Rhodotorula_mucilaginosa_TFCN_17-291Y-1.cds.fa_12770	NaN	NaN	NaN	NaN	NaN	NaN	NaN	NaN	TFCN17291Y1_009458-T1	TFCN17291Y1_012985-T1
TFCN17291Y1_009458-T1__TFCN17291Y1_009459-T1	NaN	NaN	NaN	NaN	NaN	NaN	NaN	NaN	GF00000011	Rhodotorula_mucilaginosa_TFCN_17-291Y-1.cds.fa_09338	Rhodotorula_mucilaginosa_TFCN_17-291Y-1.cds.fa_09339	NaN	NaN	NaN	NaN	NaN	NaN	NaN	NaN	TFCN17291Y1_009458-T1	TFCN17291Y1_009459-T1
TFCN17291Y1_009040-T1__TFCN17291Y1_011277-T1	NaN	NaN	NaN	NaN	NaN	NaN	NaN	NaN	GF00000011	Rhodotorula_mucilaginosa_TFCN_17-291Y-1.cds.fa_11127	Rhodotorula_mucilaginosa_TFCN_17-291Y-1.cds.fa_08923	NaN	NaN	NaN	NaN	NaN	NaN	NaN	NaN	TFCN17291Y1_011277-T1	TFCN17291Y1_009040-T1
TFCN17291Y1_009206-T1__TFCN17291Y1_011277-T1	NaN	NaN	NaN	NaN	NaN	NaN	NaN	NaN	GF00000011	Rhodotorula_mucilaginosa_TFCN_17-291Y-1.cds.fa_11127	Rhodotorula_mucilaginosa_TFCN_17-291Y-1.cds.fa_09087	NaN	NaN	NaN	NaN	NaN	NaN	NaN	NaN	TFCN17291Y1_011277-T1	TFCN17291Y1_009206-T1
TFCN17291Y1_011277-T1__TFCN17291Y1_011531-T1	NaN	NaN	NaN	NaN	NaN	NaN	NaN	NaN	GF00000011	Rhodotorula_mucilaginosa_TFCN_17-291Y-1.cds.fa_11127	Rhodotorula_mucilaginosa_TFCN_17-291Y-1.cds.fa_11371	NaN	NaN	NaN	NaN	NaN	NaN	NaN	NaN	TFCN17291Y1_011277-T1	TFCN17291Y1_011531-T1
TFCN17291Y1_001892-T1__TFCN17291Y1_011277-T1	NaN	NaN	NaN	NaN	NaN	NaN	NaN	NaN	GF00000011	Rhodotorula_mucilaginosa_TFCN_17-291Y-1.cds.fa_11127	Rhodotorula_mucilaginosa_TFCN_17-291Y-1.cds.fa_01882	NaN	NaN	NaN	NaN	NaN	NaN	NaN	NaN	TFCN17291Y1_011277-T1	TFCN17291Y1_001892-T1
TFCN17291Y1_003302-T1__TFCN17291Y1_011277-T1	NaN	NaN	NaN	NaN	NaN	NaN	NaN	NaN	GF00000011	Rhodotorula_mucilaginosa_TFCN_17-291Y-1.cds.fa_11127	Rhodotorula_mucilaginosa_TFCN_17-291Y-1.cds.fa_03269	NaN	NaN	NaN	NaN	NaN	NaN	NaN	NaN	TFCN17291Y1_011277-T1	TFCN17291Y1_003302-T1
TFCN17291Y1_004740-T1__TFCN17291Y1_011277-T1	NaN	NaN	NaN	NaN	NaN	NaN	NaN	NaN	GF00000011	Rhodotorula_mucilaginosa_TFCN_17-291Y-1.cds.fa_11127	Rhodotorula_mucilaginosa_TFCN_17-291Y-1.cds.fa_04692	NaN	NaN	NaN	NaN	NaN	NaN	NaN	NaN	TFCN17291Y1_011277-T1	TFCN17291Y1_004740-T1
TFCN17291Y1_000004-T1__TFCN17291Y1_011277-T1	NaN	NaN	NaN	NaN	NaN	NaN	NaN	NaN	GF00000011	Rhodotorula_mucilaginosa_TFCN_17-291Y-1.cds.fa_11127	Rhodotorula_mucilaginosa_TFCN_17-291Y-1.cds.fa_00003	NaN	NaN	NaN	NaN	NaN	NaN	NaN	NaN	TFCN17291Y1_011277-T1	TFCN17291Y1_000004-T1
TFCN17291Y1_000669-T1__TFCN17291Y1_011277-T1	NaN	NaN	NaN	NaN	NaN	NaN	NaN	NaN	GF00000011	Rhodotorula_mucilaginosa_TFCN_17-291Y-1.cds.fa_11127	Rhodotorula_mucilaginosa_TFCN_17-291Y-1.cds.fa_00661	NaN	NaN	NaN	NaN	NaN	NaN	NaN	NaN	TFCN17291Y1_011277-T1	TFCN17291Y1_000669-T1
TFCN17291Y1_011277-T1__TFCN17291Y1_012985-T1	NaN	NaN	NaN	NaN	NaN	NaN	NaN	NaN	GF00000011	Rhodotorula_mucilaginosa_TFCN_17-291Y-1.cds.fa_11127	Rhodotorula_mucilaginosa_TFCN_17-291Y-1.cds.fa_12770	NaN	NaN	NaN	NaN	NaN	NaN	NaN	NaN	TFCN17291Y1_011277-T1	TFCN17291Y1_012985-T1
TFCN17291Y1_009459-T1__TFCN17291Y1_011277-T1	NaN	NaN	NaN	NaN	NaN	NaN	NaN	NaN	GF00000011	Rhodotorula_mucilaginosa_TFCN_17-291Y-1.cds.fa_11127	Rhodotorula_mucilaginosa_TFCN_17-291Y-1.cds.fa_09339	NaN	NaN	NaN	NaN	NaN	NaN	NaN	NaN	TFCN17291Y1_011277-T1	TFCN17291Y1_009459-T1
TFCN17291Y1_009040-T1__TFCN17291Y1_009206-T1	NaN	NaN	NaN	NaN	NaN	NaN	NaN	NaN	GF00000011	Rhodotorula_mucilaginosa_TFCN_17-291Y-1.cds.fa_08923	Rhodotorula_mucilaginosa_TFCN_17-291Y-1.cds.fa_09087	NaN	NaN	NaN	NaN	NaN	NaN	NaN	NaN	TFCN17291Y1_009040-T1	TFCN17291Y1_009206-T1
TFCN17291Y1_009040-T1__TFCN17291Y1_011531-T1	NaN	NaN	NaN	NaN	NaN	NaN	NaN	NaN	GF00000011	Rhodotorula_mucilaginosa_TFCN_17-291Y-1.cds.fa_08923	Rhodotorula_mucilaginosa_TFCN_17-291Y-1.cds.fa_11371	NaN	NaN	NaN	NaN	NaN	NaN	NaN	NaN	TFCN17291Y1_009040-T1	TFCN17291Y1_011531-T1
TFCN17291Y1_001892-T1__TFCN17291Y1_009040-T1	NaN	NaN	NaN	NaN	NaN	NaN	NaN	NaN	GF00000011	Rhodotorula_mucilaginosa_TFCN_17-291Y-1.cds.fa_08923	Rhodotorula_mucilaginosa_TFCN_17-291Y-1.cds.fa_01882	NaN	NaN	NaN	NaN	NaN	NaN	NaN	NaN	TFCN17291Y1_009040-T1	TFCN17291Y1_001892-T1
TFCN17291Y1_003302-T1__TFCN17291Y1_009040-T1	NaN	NaN	NaN	NaN	NaN	NaN	NaN	NaN	GF00000011	Rhodotorula_mucilaginosa_TFCN_17-291Y-1.cds.fa_08923	Rhodotorula_mucilaginosa_TFCN_17-291Y-1.cds.fa_03269	NaN	NaN	NaN	NaN	NaN	NaN	NaN	NaN	TFCN17291Y1_009040-T1	TFCN17291Y1_003302-T1
TFCN17291Y1_004740-T1__TFCN17291Y1_009040-T1	NaN	NaN	NaN	NaN	NaN	NaN	NaN	NaN	GF00000011	Rhodotorula_mucilaginosa_TFCN_17-291Y-1.cds.fa_08923	Rhodotorula_mucilaginosa_TFCN_17-291Y-1.cds.fa_04692	NaN	NaN	NaN	NaN	NaN	NaN	NaN	NaN	TFCN17291Y1_009040-T1	TFCN17291Y1_004740-T1
TFCN17291Y1_000004-T1__TFCN17291Y1_009040-T1	NaN	NaN	NaN	NaN	NaN	NaN	NaN	NaN	GF00000011	Rhodotorula_mucilaginosa_TFCN_17-291Y-1.cds.fa_08923	Rhodotorula_mucilaginosa_TFCN_17-291Y-1.cds.fa_00003	NaN	NaN	NaN	NaN	NaN	NaN	NaN	NaN	TFCN17291Y1_009040-T1	TFCN17291Y1_000004-T1
TFCN17291Y1_000669-T1__TFCN17291Y1_009040-T1	NaN	NaN	NaN	NaN	NaN	NaN	NaN	NaN	GF00000011	Rhodotorula_mucilaginosa_TFCN_17-291Y-1.cds.fa_08923	Rhodotorula_mucilaginosa_TFCN_17-291Y-1.cds.fa_00661	NaN	NaN	NaN	NaN	NaN	NaN	NaN	NaN	TFCN17291Y1_009040-T1	TFCN17291Y1_000669-T1
TFCN17291Y1_009040-T1__TFCN17291Y1_012985-T1	NaN	NaN	NaN	NaN	NaN	NaN	NaN	NaN	GF00000011	Rhodotorula_mucilaginosa_TFCN_17-291Y-1.cds.fa_08923	Rhodotorula_mucilaginosa_TFCN_17-291Y-1.cds.fa_12770	NaN	NaN	NaN	NaN	NaN	NaN	NaN	NaN	TFCN17291Y1_009040-T1	TFCN17291Y1_012985-T1
TFCN17291Y1_009040-T1__TFCN17291Y1_009459-T1	NaN	NaN	NaN	NaN	NaN	NaN	NaN	NaN	GF00000011	Rhodotorula_mucilaginosa_TFCN_17-291Y-1.cds.fa_08923	Rhodotorula_mucilaginosa_TFCN_17-291Y-1.cds.fa_09339	NaN	NaN	NaN	NaN	NaN	NaN	NaN	NaN	TFCN17291Y1_009040-T1	TFCN17291Y1_009459-T1
TFCN17291Y1_009206-T1__TFCN17291Y1_011531-T1	NaN	NaN	NaN	NaN	NaN	NaN	NaN	NaN	GF00000011	Rhodotorula_mucilaginosa_TFCN_17-291Y-1.cds.fa_09087	Rhodotorula_mucilaginosa_TFCN_17-291Y-1.cds.fa_11371	NaN	NaN	NaN	NaN	NaN	NaN	NaN	NaN	TFCN17291Y1_009206-T1	TFCN17291Y1_011531-T1
TFCN17291Y1_001892-T1__TFCN17291Y1_009206-T1	NaN	NaN	NaN	NaN	NaN	NaN	NaN	NaN	GF00000011	Rhodotorula_mucilaginosa_TFCN_17-291Y-1.cds.fa_09087	Rhodotorula_mucilaginosa_TFCN_17-291Y-1.cds.fa_01882	NaN	NaN	NaN	NaN	NaN	NaN	NaN	NaN	TFCN17291Y1_009206-T1	TFCN17291Y1_001892-T1
TFCN17291Y1_003302-T1__TFCN17291Y1_009206-T1	NaN	NaN	NaN	NaN	NaN	NaN	NaN	NaN	GF00000011	Rhodotorula_mucilaginosa_TFCN_17-291Y-1.cds.fa_09087	Rhodotorula_mucilaginosa_TFCN_17-291Y-1.cds.fa_03269	NaN	NaN	NaN	NaN	NaN	NaN	NaN	NaN	TFCN17291Y1_009206-T1	TFCN17291Y1_003302-T1
TFCN17291Y1_004740-T1__TFCN17291Y1_009206-T1	NaN	NaN	NaN	NaN	NaN	NaN	NaN	NaN	GF00000011	Rhodotorula_mucilaginosa_TFCN_17-291Y-1.cds.fa_09087	Rhodotorula_mucilaginosa_TFCN_17-291Y-1.cds.fa_04692	NaN	NaN	NaN	NaN	NaN	NaN	NaN	NaN	TFCN17291Y1_009206-T1	TFCN17291Y1_004740-T1
TFCN17291Y1_000004-T1__TFCN17291Y1_009206-T1	NaN	NaN	NaN	NaN	NaN	NaN	NaN	NaN	GF00000011	Rhodotorula_mucilaginosa_TFCN_17-291Y-1.cds.fa_09087	Rhodotorula_mucilaginosa_TFCN_17-291Y-1.cds.fa_00003	NaN	NaN	NaN	NaN	NaN	NaN	NaN	NaN	TFCN17291Y1_009206-T1	TFCN17291Y1_000004-T1
TFCN17291Y1_000669-T1__TFCN17291Y1_009206-T1	NaN	NaN	NaN	NaN	NaN	NaN	NaN	NaN	GF00000011	Rhodotorula_mucilaginosa_TFCN_17-291Y-1.cds.fa_09087	Rhodotorula_mucilaginosa_TFCN_17-291Y-1.cds.fa_00661	NaN	NaN	NaN	NaN	NaN	NaN	NaN	NaN	TFCN17291Y1_009206-T1	TFCN17291Y1_000669-T1
TFCN17291Y1_009206-T1__TFCN17291Y1_012985-T1	NaN	NaN	NaN	NaN	NaN	NaN	NaN	NaN	GF00000011	Rhodotorula_mucilaginosa_TFCN_17-291Y-1.cds.fa_09087	Rhodotorula_mucilaginosa_TFCN_17-291Y-1.cds.fa_12770	NaN	NaN	NaN	NaN	NaN	NaN	NaN	NaN	TFCN17291Y1_009206-T1	TFCN17291Y1_012985-T1
TFCN17291Y1_009206-T1__TFCN17291Y1_009459-T1	NaN	NaN	NaN	NaN	NaN	NaN	NaN	NaN	GF00000011	Rhodotorula_mucilaginosa_TFCN_17-291Y-1.cds.fa_09087	Rhodotorula_mucilaginosa_TFCN_17-291Y-1.cds.fa_09339	NaN	NaN	NaN	NaN	NaN	NaN	NaN	NaN	TFCN17291Y1_009206-T1	TFCN17291Y1_009459-T1
TFCN17291Y1_001892-T1__TFCN17291Y1_011531-T1	NaN	NaN	NaN	NaN	NaN	NaN	NaN	NaN	GF00000011	Rhodotorula_mucilaginosa_TFCN_17-291Y-1.cds.fa_11371	Rhodotorula_mucilaginosa_TFCN_17-291Y-1.cds.fa_01882	NaN	NaN	NaN	NaN	NaN	NaN	NaN	NaN	TFCN17291Y1_011531-T1	TFCN17291Y1_001892-T1
TFCN17291Y1_003302-T1__TFCN17291Y1_011531-T1	NaN	NaN	NaN	NaN	NaN	NaN	NaN	NaN	GF00000011	Rhodotorula_mucilaginosa_TFCN_17-291Y-1.cds.fa_11371	Rhodotorula_mucilaginosa_TFCN_17-291Y-1.cds.fa_03269	NaN	NaN	NaN	NaN	NaN	NaN	NaN	NaN	TFCN17291Y1_011531-T1	TFCN17291Y1_003302-T1
TFCN17291Y1_004740-T1__TFCN17291Y1_011531-T1	NaN	NaN	NaN	NaN	NaN	NaN	NaN	NaN	GF00000011	Rhodotorula_mucilaginosa_TFCN_17-291Y-1.cds.fa_11371	Rhodotorula_mucilaginosa_TFCN_17-291Y-1.cds.fa_04692	NaN	NaN	NaN	NaN	NaN	NaN	NaN	NaN	TFCN17291Y1_011531-T1	TFCN17291Y1_004740-T1
TFCN17291Y1_000004-T1__TFCN17291Y1_011531-T1	NaN	NaN	NaN	NaN	NaN	NaN	NaN	NaN	GF00000011	Rhodotorula_mucilaginosa_TFCN_17-291Y-1.cds.fa_11371	Rhodotorula_mucilaginosa_TFCN_17-291Y-1.cds.fa_00003	NaN	NaN	NaN	NaN	NaN	NaN	NaN	NaN	TFCN17291Y1_011531-T1	TFCN17291Y1_000004-T1
TFCN17291Y1_000669-T1__TFCN17291Y1_011531-T1	NaN	NaN	NaN	NaN	NaN	NaN	NaN	NaN	GF00000011	Rhodotorula_mucilaginosa_TFCN_17-291Y-1.cds.fa_11371	Rhodotorula_mucilaginosa_TFCN_17-291Y-1.cds.fa_00661	NaN	NaN	NaN	NaN	NaN	NaN	NaN	NaN	TFCN17291Y1_011531-T1	TFCN17291Y1_000669-T1
TFCN17291Y1_011531-T1__TFCN17291Y1_012985-T1	NaN	NaN	NaN	NaN	NaN	NaN	NaN	NaN	GF00000011	Rhodotorula_mucilaginosa_TFCN_17-291Y-1.cds.fa_11371	Rhodotorula_mucilaginosa_TFCN_17-291Y-1.cds.fa_12770	NaN	NaN	NaN	NaN	NaN	NaN	NaN	NaN	TFCN17291Y1_011531-T1	TFCN17291Y1_012985-T1
TFCN17291Y1_009459-T1__TFCN17291Y1_011531-T1	NaN	NaN	NaN	NaN	NaN	NaN	NaN	NaN	GF00000011	Rhodotorula_mucilaginosa_TFCN_17-291Y-1.cds.fa_11371	Rhodotorula_mucilaginosa_TFCN_17-291Y-1.cds.fa_09339	NaN	NaN	NaN	NaN	NaN	NaN	NaN	NaN	TFCN17291Y1_011531-T1	TFCN17291Y1_009459-T1
TFCN17291Y1_001892-T1__TFCN17291Y1_003302-T1	NaN	NaN	NaN	NaN	NaN	NaN	NaN	NaN	GF00000011	Rhodotorula_mucilaginosa_TFCN_17-291Y-1.cds.fa_01882	Rhodotorula_mucilaginosa_TFCN_17-291Y-1.cds.fa_03269	NaN	NaN	NaN	NaN	NaN	NaN	NaN	NaN	TFCN17291Y1_001892-T1	TFCN17291Y1_003302-T1
TFCN17291Y1_001892-T1__TFCN17291Y1_004740-T1	NaN	NaN	NaN	NaN	NaN	NaN	NaN	NaN	GF00000011	Rhodotorula_mucilaginosa_TFCN_17-291Y-1.cds.fa_01882	Rhodotorula_mucilaginosa_TFCN_17-291Y-1.cds.fa_04692	NaN	NaN	NaN	NaN	NaN	NaN	NaN	NaN	TFCN17291Y1_001892-T1	TFCN17291Y1_004740-T1
TFCN17291Y1_000004-T1__TFCN17291Y1_001892-T1	NaN	NaN	NaN	NaN	NaN	NaN	NaN	NaN	GF00000011	Rhodotorula_mucilaginosa_TFCN_17-291Y-1.cds.fa_01882	Rhodotorula_mucilaginosa_TFCN_17-291Y-1.cds.fa_00003	NaN	NaN	NaN	NaN	NaN	NaN	NaN	NaN	TFCN17291Y1_001892-T1	TFCN17291Y1_000004-T1
TFCN17291Y1_000669-T1__TFCN17291Y1_001892-T1	NaN	NaN	NaN	NaN	NaN	NaN	NaN	NaN	GF00000011	Rhodotorula_mucilaginosa_TFCN_17-291Y-1.cds.fa_01882	Rhodotorula_mucilaginosa_TFCN_17-291Y-1.cds.fa_00661	NaN	NaN	NaN	NaN	NaN	NaN	NaN	NaN	TFCN17291Y1_001892-T1	TFCN17291Y1_000669-T1
TFCN17291Y1_001892-T1__TFCN17291Y1_012985-T1	NaN	NaN	NaN	NaN	NaN	NaN	NaN	NaN	GF00000011	Rhodotorula_mucilaginosa_TFCN_17-291Y-1.cds.fa_01882	Rhodotorula_mucilaginosa_TFCN_17-291Y-1.cds.fa_12770	NaN	NaN	NaN	NaN	NaN	NaN	NaN	NaN	TFCN17291Y1_001892-T1	TFCN17291Y1_012985-T1
TFCN17291Y1_001892-T1__TFCN17291Y1_009459-T1	NaN	NaN	NaN	NaN	NaN	NaN	NaN	NaN	GF00000011	Rhodotorula_mucilaginosa_TFCN_17-291Y-1.cds.fa_01882	Rhodotorula_mucilaginosa_TFCN_17-291Y-1.cds.fa_09339	NaN	NaN	NaN	NaN	NaN	NaN	NaN	NaN	TFCN17291Y1_001892-T1	TFCN17291Y1_009459-T1
TFCN17291Y1_003302-T1__TFCN17291Y1_004740-T1	NaN	NaN	NaN	NaN	NaN	NaN	NaN	NaN	GF00000011	Rhodotorula_mucilaginosa_TFCN_17-291Y-1.cds.fa_03269	Rhodotorula_mucilaginosa_TFCN_17-291Y-1.cds.fa_04692	NaN	NaN	NaN	NaN	NaN	NaN	NaN	NaN	TFCN17291Y1_003302-T1	TFCN17291Y1_004740-T1
TFCN17291Y1_000004-T1__TFCN17291Y1_003302-T1	NaN	NaN	NaN	NaN	NaN	NaN	NaN	NaN	GF00000011	Rhodotorula_mucilaginosa_TFCN_17-291Y-1.cds.fa_03269	Rhodotorula_mucilaginosa_TFCN_17-291Y-1.cds.fa_00003	NaN	NaN	NaN	NaN	NaN	NaN	NaN	NaN	TFCN17291Y1_003302-T1	TFCN17291Y1_000004-T1
TFCN17291Y1_000669-T1__TFCN17291Y1_003302-T1	NaN	NaN	NaN	NaN	NaN	NaN	NaN	NaN	GF00000011	Rhodotorula_mucilaginosa_TFCN_17-291Y-1.cds.fa_03269	Rhodotorula_mucilaginosa_TFCN_17-291Y-1.cds.fa_00661	NaN	NaN	NaN	NaN	NaN	NaN	NaN	NaN	TFCN17291Y1_003302-T1	TFCN17291Y1_000669-T1
TFCN17291Y1_003302-T1__TFCN17291Y1_012985-T1	NaN	NaN	NaN	NaN	NaN	NaN	NaN	NaN	GF00000011	Rhodotorula_mucilaginosa_TFCN_17-291Y-1.cds.fa_03269	Rhodotorula_mucilaginosa_TFCN_17-291Y-1.cds.fa_12770	NaN	NaN	NaN	NaN	NaN	NaN	NaN	NaN	TFCN17291Y1_003302-T1	TFCN17291Y1_012985-T1
TFCN17291Y1_003302-T1__TFCN17291Y1_009459-T1	NaN	NaN	NaN	NaN	NaN	NaN	NaN	NaN	GF00000011	Rhodotorula_mucilaginosa_TFCN_17-291Y-1.cds.fa_03269	Rhodotorula_mucilaginosa_TFCN_17-291Y-1.cds.fa_09339	NaN	NaN	NaN	NaN	NaN	NaN	NaN	NaN	TFCN17291Y1_003302-T1	TFCN17291Y1_009459-T1
TFCN17291Y1_000004-T1__TFCN17291Y1_004740-T1	NaN	NaN	NaN	NaN	NaN	NaN	NaN	NaN	GF00000011	Rhodotorula_mucilaginosa_TFCN_17-291Y-1.cds.fa_04692	Rhodotorula_mucilaginosa_TFCN_17-291Y-1.cds.fa_00003	NaN	NaN	NaN	NaN	NaN	NaN	NaN	NaN	TFCN17291Y1_004740-T1	TFCN17291Y1_000004-T1
TFCN17291Y1_000669-T1__TFCN17291Y1_004740-T1	NaN	NaN	NaN	NaN	NaN	NaN	NaN	NaN	GF00000011	Rhodotorula_mucilaginosa_TFCN_17-291Y-1.cds.fa_04692	Rhodotorula_mucilaginosa_TFCN_17-291Y-1.cds.fa_00661	NaN	NaN	NaN	NaN	NaN	NaN	NaN	NaN	TFCN17291Y1_004740-T1	TFCN17291Y1_000669-T1
TFCN17291Y1_004740-T1__TFCN17291Y1_012985-T1	NaN	NaN	NaN	NaN	NaN	NaN	NaN	NaN	GF00000011	Rhodotorula_mucilaginosa_TFCN_17-291Y-1.cds.fa_04692	Rhodotorula_mucilaginosa_TFCN_17-291Y-1.cds.fa_12770	NaN	NaN	NaN	NaN	NaN	NaN	NaN	NaN	TFCN17291Y1_004740-T1	TFCN17291Y1_012985-T1
TFCN17291Y1_004740-T1__TFCN17291Y1_009459-T1	NaN	NaN	NaN	NaN	NaN	NaN	NaN	NaN	GF00000011	Rhodotorula_mucilaginosa_TFCN_17-291Y-1.cds.fa_04692	Rhodotorula_mucilaginosa_TFCN_17-291Y-1.cds.fa_09339	NaN	NaN	NaN	NaN	NaN	NaN	NaN	NaN	TFCN17291Y1_004740-T1	TFCN17291Y1_009459-T1
TFCN17291Y1_000004-T1__TFCN17291Y1_000669-T1	NaN	NaN	NaN	NaN	NaN	NaN	NaN	NaN	GF00000011	Rhodotorula_mucilaginosa_TFCN_17-291Y-1.cds.fa_00003	Rhodotorula_mucilaginosa_TFCN_17-291Y-1.cds.fa_00661	NaN	NaN	NaN	NaN	NaN	NaN	NaN	NaN	TFCN17291Y1_000004-T1	TFCN17291Y1_000669-T1
TFCN17291Y1_000004-T1__TFCN17291Y1_012985-T1	NaN	NaN	NaN	NaN	NaN	NaN	NaN	NaN	GF00000011	Rhodotorula_mucilaginosa_TFCN_17-291Y-1.cds.fa_00003	Rhodotorula_mucilaginosa_TFCN_17-291Y-1.cds.fa_12770	NaN	NaN	NaN	NaN	NaN	NaN	NaN	NaN	TFCN17291Y1_000004-T1	TFCN17291Y1_012985-T1
TFCN17291Y1_000004-T1__TFCN17291Y1_009459-T1	NaN	NaN	NaN	NaN	NaN	NaN	NaN	NaN	GF00000011	Rhodotorula_mucilaginosa_TFCN_17-291Y-1.cds.fa_00003	Rhodotorula_mucilaginosa_TFCN_17-291Y-1.cds.fa_09339	NaN	NaN	NaN	NaN	NaN	NaN	NaN	NaN	TFCN17291Y1_000004-T1	TFCN17291Y1_009459-T1
TFCN17291Y1_000669-T1__TFCN17291Y1_012985-T1	NaN	NaN	NaN	NaN	NaN	NaN	NaN	NaN	GF00000011	Rhodotorula_mucilaginosa_TFCN_17-291Y-1.cds.fa_00661	Rhodotorula_mucilaginosa_TFCN_17-291Y-1.cds.fa_12770	NaN	NaN	NaN	NaN	NaN	NaN	NaN	NaN	TFCN17291Y1_000669-T1	TFCN17291Y1_012985-T1
TFCN17291Y1_000669-T1__TFCN17291Y1_009459-T1	NaN	NaN	NaN	NaN	NaN	NaN	NaN	NaN	GF00000011	Rhodotorula_mucilaginosa_TFCN_17-291Y-1.cds.fa_00661	Rhodotorula_mucilaginosa_TFCN_17-291Y-1.cds.fa_09339	NaN	NaN	NaN	NaN	NaN	NaN	NaN	NaN	TFCN17291Y1_000669-T1	TFCN17291Y1_009459-T1
TFCN17291Y1_009459-T1__TFCN17291Y1_012985-T1	NaN	NaN	NaN	NaN	NaN	NaN	NaN	NaN	GF00000011	Rhodotorula_mucilaginosa_TFCN_17-291Y-1.cds.fa_12770	Rhodotorula_mucilaginosa_TFCN_17-291Y-1.cds.fa_09339	NaN	NaN	NaN	NaN	NaN	NaN	NaN	NaN	TFCN17291Y1_012985-T1	TFCN17291Y1_009459-T1
TFCN17291Y1_004675-T1__TFCN17291Y1_007579-T1	NaN	NaN	NaN	NaN	NaN	NaN	NaN	NaN	GF00000012	Rhodotorula_mucilaginosa_TFCN_17-291Y-1.cds.fa_04627	Rhodotorula_mucilaginosa_TFCN_17-291Y-1.cds.fa_07489	NaN	NaN	NaN	NaN	NaN	NaN	NaN	NaN	TFCN17291Y1_004675-T1	TFCN17291Y1_007579-T1
TFCN17291Y1_002674-T1__TFCN17291Y1_004675-T1	NaN	NaN	NaN	NaN	NaN	NaN	NaN	NaN	GF00000012	Rhodotorula_mucilaginosa_TFCN_17-291Y-1.cds.fa_04627	Rhodotorula_mucilaginosa_TFCN_17-291Y-1.cds.fa_02655	NaN	NaN	NaN	NaN	NaN	NaN	NaN	NaN	TFCN17291Y1_004675-T1	TFCN17291Y1_002674-T1
TFCN17291Y1_004675-T1__TFCN17291Y1_012422-T1	NaN	NaN	NaN	NaN	NaN	NaN	NaN	NaN	GF00000012	Rhodotorula_mucilaginosa_TFCN_17-291Y-1.cds.fa_04627	Rhodotorula_mucilaginosa_TFCN_17-291Y-1.cds.fa_12233	NaN	NaN	NaN	NaN	NaN	NaN	NaN	NaN	TFCN17291Y1_004675-T1	TFCN17291Y1_012422-T1
TFCN17291Y1_004675-T1__TFCN17291Y1_005920-T1	NaN	NaN	NaN	NaN	NaN	NaN	NaN	NaN	GF00000012	Rhodotorula_mucilaginosa_TFCN_17-291Y-1.cds.fa_04627	Rhodotorula_mucilaginosa_TFCN_17-291Y-1.cds.fa_05853	NaN	NaN	NaN	NaN	NaN	NaN	NaN	NaN	TFCN17291Y1_004675-T1	TFCN17291Y1_005920-T1
TFCN17291Y1_004675-T1__TFCN17291Y1_011872-T1	NaN	NaN	NaN	NaN	NaN	NaN	NaN	NaN	GF00000012	Rhodotorula_mucilaginosa_TFCN_17-291Y-1.cds.fa_04627	Rhodotorula_mucilaginosa_TFCN_17-291Y-1.cds.fa_11705	NaN	NaN	NaN	NaN	NaN	NaN	NaN	NaN	TFCN17291Y1_004675-T1	TFCN17291Y1_011872-T1
TFCN17291Y1_004675-T1__TFCN17291Y1_007911-T1	NaN	NaN	NaN	NaN	NaN	NaN	NaN	NaN	GF00000012	Rhodotorula_mucilaginosa_TFCN_17-291Y-1.cds.fa_04627	Rhodotorula_mucilaginosa_TFCN_17-291Y-1.cds.fa_07815	NaN	NaN	NaN	NaN	NaN	NaN	NaN	NaN	TFCN17291Y1_004675-T1	TFCN17291Y1_007911-T1
TFCN17291Y1_001276-T1__TFCN17291Y1_004675-T1	NaN	NaN	NaN	NaN	NaN	NaN	NaN	NaN	GF00000012	Rhodotorula_mucilaginosa_TFCN_17-291Y-1.cds.fa_04627	Rhodotorula_mucilaginosa_TFCN_17-291Y-1.cds.fa_01266	NaN	NaN	NaN	NaN	NaN	NaN	NaN	NaN	TFCN17291Y1_004675-T1	TFCN17291Y1_001276-T1
TFCN17291Y1_004675-T1__TFCN17291Y1_005316-T1	NaN	NaN	NaN	NaN	NaN	NaN	NaN	NaN	GF00000012	Rhodotorula_mucilaginosa_TFCN_17-291Y-1.cds.fa_04627	Rhodotorula_mucilaginosa_TFCN_17-291Y-1.cds.fa_05256	NaN	NaN	NaN	NaN	NaN	NaN	NaN	NaN	TFCN17291Y1_004675-T1	TFCN17291Y1_005316-T1
TFCN17291Y1_000591-T1__TFCN17291Y1_004675-T1	NaN	NaN	NaN	NaN	NaN	NaN	NaN	NaN	GF00000012	Rhodotorula_mucilaginosa_TFCN_17-291Y-1.cds.fa_04627	Rhodotorula_mucilaginosa_TFCN_17-291Y-1.cds.fa_00584	NaN	NaN	NaN	NaN	NaN	NaN	NaN	NaN	TFCN17291Y1_004675-T1	TFCN17291Y1_000591-T1
TFCN17291Y1_002737-T1__TFCN17291Y1_004675-T1	NaN	NaN	NaN	NaN	NaN	NaN	NaN	NaN	GF00000012	Rhodotorula_mucilaginosa_TFCN_17-291Y-1.cds.fa_04627	Rhodotorula_mucilaginosa_TFCN_17-291Y-1.cds.fa_02714	NaN	NaN	NaN	NaN	NaN	NaN	NaN	NaN	TFCN17291Y1_004675-T1	TFCN17291Y1_002737-T1
TFCN17291Y1_004675-T1__TFCN17291Y1_005486-T1	NaN	NaN	NaN	NaN	NaN	NaN	NaN	NaN	GF00000012	Rhodotorula_mucilaginosa_TFCN_17-291Y-1.cds.fa_04627	Rhodotorula_mucilaginosa_TFCN_17-291Y-1.cds.fa_05425	NaN	NaN	NaN	NaN	NaN	NaN	NaN	NaN	TFCN17291Y1_004675-T1	TFCN17291Y1_005486-T1
TFCN17291Y1_002805-T1__TFCN17291Y1_004675-T1	NaN	NaN	NaN	NaN	NaN	NaN	NaN	NaN	GF00000012	Rhodotorula_mucilaginosa_TFCN_17-291Y-1.cds.fa_04627	Rhodotorula_mucilaginosa_TFCN_17-291Y-1.cds.fa_02778	NaN	NaN	NaN	NaN	NaN	NaN	NaN	NaN	TFCN17291Y1_004675-T1	TFCN17291Y1_002805-T1
TFCN17291Y1_001277-T1__TFCN17291Y1_004675-T1	NaN	NaN	NaN	NaN	NaN	NaN	NaN	NaN	GF00000012	Rhodotorula_mucilaginosa_TFCN_17-291Y-1.cds.fa_04627	Rhodotorula_mucilaginosa_TFCN_17-291Y-1.cds.fa_01267	NaN	NaN	NaN	NaN	NaN	NaN	NaN	NaN	TFCN17291Y1_004675-T1	TFCN17291Y1_001277-T1
TFCN17291Y1_002804-T1__TFCN17291Y1_004675-T1	NaN	NaN	NaN	NaN	NaN	NaN	NaN	NaN	GF00000012	Rhodotorula_mucilaginosa_TFCN_17-291Y-1.cds.fa_04627	Rhodotorula_mucilaginosa_TFCN_17-291Y-1.cds.fa_02777	NaN	NaN	NaN	NaN	NaN	NaN	NaN	NaN	TFCN17291Y1_004675-T1	TFCN17291Y1_002804-T1
TFCN17291Y1_002674-T1__TFCN17291Y1_007579-T1	NaN	NaN	NaN	NaN	NaN	NaN	NaN	NaN	GF00000012	Rhodotorula_mucilaginosa_TFCN_17-291Y-1.cds.fa_07489	Rhodotorula_mucilaginosa_TFCN_17-291Y-1.cds.fa_02655	NaN	NaN	NaN	NaN	NaN	NaN	NaN	NaN	TFCN17291Y1_007579-T1	TFCN17291Y1_002674-T1
TFCN17291Y1_007579-T1__TFCN17291Y1_012422-T1	NaN	NaN	NaN	NaN	NaN	NaN	NaN	NaN	GF00000012	Rhodotorula_mucilaginosa_TFCN_17-291Y-1.cds.fa_07489	Rhodotorula_mucilaginosa_TFCN_17-291Y-1.cds.fa_12233	NaN	NaN	NaN	NaN	NaN	NaN	NaN	NaN	TFCN17291Y1_007579-T1	TFCN17291Y1_012422-T1
TFCN17291Y1_005920-T1__TFCN17291Y1_007579-T1	NaN	NaN	NaN	NaN	NaN	NaN	NaN	NaN	GF00000012	Rhodotorula_mucilaginosa_TFCN_17-291Y-1.cds.fa_07489	Rhodotorula_mucilaginosa_TFCN_17-291Y-1.cds.fa_05853	NaN	NaN	NaN	NaN	NaN	NaN	NaN	NaN	TFCN17291Y1_007579-T1	TFCN17291Y1_005920-T1
TFCN17291Y1_007579-T1__TFCN17291Y1_011872-T1	NaN	NaN	NaN	NaN	NaN	NaN	NaN	NaN	GF00000012	Rhodotorula_mucilaginosa_TFCN_17-291Y-1.cds.fa_07489	Rhodotorula_mucilaginosa_TFCN_17-291Y-1.cds.fa_11705	NaN	NaN	NaN	NaN	NaN	NaN	NaN	NaN	TFCN17291Y1_007579-T1	TFCN17291Y1_011872-T1
TFCN17291Y1_007579-T1__TFCN17291Y1_007911-T1	NaN	NaN	NaN	NaN	NaN	NaN	NaN	NaN	GF00000012	Rhodotorula_mucilaginosa_TFCN_17-291Y-1.cds.fa_07489	Rhodotorula_mucilaginosa_TFCN_17-291Y-1.cds.fa_07815	NaN	NaN	NaN	NaN	NaN	NaN	NaN	NaN	TFCN17291Y1_007579-T1	TFCN17291Y1_007911-T1
TFCN17291Y1_001276-T1__TFCN17291Y1_007579-T1	NaN	NaN	NaN	NaN	NaN	NaN	NaN	NaN	GF00000012	Rhodotorula_mucilaginosa_TFCN_17-291Y-1.cds.fa_07489	Rhodotorula_mucilaginosa_TFCN_17-291Y-1.cds.fa_01266	NaN	NaN	NaN	NaN	NaN	NaN	NaN	NaN	TFCN17291Y1_007579-T1	TFCN17291Y1_001276-T1
TFCN17291Y1_005316-T1__TFCN17291Y1_007579-T1	NaN	NaN	NaN	NaN	NaN	NaN	NaN	NaN	GF00000012	Rhodotorula_mucilaginosa_TFCN_17-291Y-1.cds.fa_07489	Rhodotorula_mucilaginosa_TFCN_17-291Y-1.cds.fa_05256	NaN	NaN	NaN	NaN	NaN	NaN	NaN	NaN	TFCN17291Y1_007579-T1	TFCN17291Y1_005316-T1
TFCN17291Y1_000591-T1__TFCN17291Y1_007579-T1	NaN	NaN	NaN	NaN	NaN	NaN	NaN	NaN	GF00000012	Rhodotorula_mucilaginosa_TFCN_17-291Y-1.cds.fa_07489	Rhodotorula_mucilaginosa_TFCN_17-291Y-1.cds.fa_00584	NaN	NaN	NaN	NaN	NaN	NaN	NaN	NaN	TFCN17291Y1_007579-T1	TFCN17291Y1_000591-T1
TFCN17291Y1_002737-T1__TFCN17291Y1_007579-T1	NaN	NaN	NaN	NaN	NaN	NaN	NaN	NaN	GF00000012	Rhodotorula_mucilaginosa_TFCN_17-291Y-1.cds.fa_07489	Rhodotorula_mucilaginosa_TFCN_17-291Y-1.cds.fa_02714	NaN	NaN	NaN	NaN	NaN	NaN	NaN	NaN	TFCN17291Y1_007579-T1	TFCN17291Y1_002737-T1
TFCN17291Y1_005486-T1__TFCN17291Y1_007579-T1	NaN	NaN	NaN	NaN	NaN	NaN	NaN	NaN	GF00000012	Rhodotorula_mucilaginosa_TFCN_17-291Y-1.cds.fa_07489	Rhodotorula_mucilaginosa_TFCN_17-291Y-1.cds.fa_05425	NaN	NaN	NaN	NaN	NaN	NaN	NaN	NaN	TFCN17291Y1_007579-T1	TFCN17291Y1_005486-T1
TFCN17291Y1_002805-T1__TFCN17291Y1_007579-T1	NaN	NaN	NaN	NaN	NaN	NaN	NaN	NaN	GF00000012	Rhodotorula_mucilaginosa_TFCN_17-291Y-1.cds.fa_07489	Rhodotorula_mucilaginosa_TFCN_17-291Y-1.cds.fa_02778	NaN	NaN	NaN	NaN	NaN	NaN	NaN	NaN	TFCN17291Y1_007579-T1	TFCN17291Y1_002805-T1
TFCN17291Y1_001277-T1__TFCN17291Y1_007579-T1	NaN	NaN	NaN	NaN	NaN	NaN	NaN	NaN	GF00000012	Rhodotorula_mucilaginosa_TFCN_17-291Y-1.cds.fa_07489	Rhodotorula_mucilaginosa_TFCN_17-291Y-1.cds.fa_01267	NaN	NaN	NaN	NaN	NaN	NaN	NaN	NaN	TFCN17291Y1_007579-T1	TFCN17291Y1_001277-T1
TFCN17291Y1_002804-T1__TFCN17291Y1_007579-T1	NaN	NaN	NaN	NaN	NaN	NaN	NaN	NaN	GF00000012	Rhodotorula_mucilaginosa_TFCN_17-291Y-1.cds.fa_07489	Rhodotorula_mucilaginosa_TFCN_17-291Y-1.cds.fa_02777	NaN	NaN	NaN	NaN	NaN	NaN	NaN	NaN	TFCN17291Y1_007579-T1	TFCN17291Y1_002804-T1
TFCN17291Y1_002674-T1__TFCN17291Y1_012422-T1	NaN	NaN	NaN	NaN	NaN	NaN	NaN	NaN	GF00000012	Rhodotorula_mucilaginosa_TFCN_17-291Y-1.cds.fa_02655	Rhodotorula_mucilaginosa_TFCN_17-291Y-1.cds.fa_12233	NaN	NaN	NaN	NaN	NaN	NaN	NaN	NaN	TFCN17291Y1_002674-T1	TFCN17291Y1_012422-T1
TFCN17291Y1_002674-T1__TFCN17291Y1_005920-T1	NaN	NaN	NaN	NaN	NaN	NaN	NaN	NaN	GF00000012	Rhodotorula_mucilaginosa_TFCN_17-291Y-1.cds.fa_02655	Rhodotorula_mucilaginosa_TFCN_17-291Y-1.cds.fa_05853	NaN	NaN	NaN	NaN	NaN	NaN	NaN	NaN	TFCN17291Y1_002674-T1	TFCN17291Y1_005920-T1
TFCN17291Y1_002674-T1__TFCN17291Y1_011872-T1	NaN	NaN	NaN	NaN	NaN	NaN	NaN	NaN	GF00000012	Rhodotorula_mucilaginosa_TFCN_17-291Y-1.cds.fa_02655	Rhodotorula_mucilaginosa_TFCN_17-291Y-1.cds.fa_11705	NaN	NaN	NaN	NaN	NaN	NaN	NaN	NaN	TFCN17291Y1_002674-T1	TFCN17291Y1_011872-T1
TFCN17291Y1_002674-T1__TFCN17291Y1_007911-T1	NaN	NaN	NaN	NaN	NaN	NaN	NaN	NaN	GF00000012	Rhodotorula_mucilaginosa_TFCN_17-291Y-1.cds.fa_02655	Rhodotorula_mucilaginosa_TFCN_17-291Y-1.cds.fa_07815	NaN	NaN	NaN	NaN	NaN	NaN	NaN	NaN	TFCN17291Y1_002674-T1	TFCN17291Y1_007911-T1
TFCN17291Y1_001276-T1__TFCN17291Y1_002674-T1	NaN	NaN	NaN	NaN	NaN	NaN	NaN	NaN	GF00000012	Rhodotorula_mucilaginosa_TFCN_17-291Y-1.cds.fa_02655	Rhodotorula_mucilaginosa_TFCN_17-291Y-1.cds.fa_01266	NaN	NaN	NaN	NaN	NaN	NaN	NaN	NaN	TFCN17291Y1_002674-T1	TFCN17291Y1_001276-T1
TFCN17291Y1_002674-T1__TFCN17291Y1_005316-T1	NaN	NaN	NaN	NaN	NaN	NaN	NaN	NaN	GF00000012	Rhodotorula_mucilaginosa_TFCN_17-291Y-1.cds.fa_02655	Rhodotorula_mucilaginosa_TFCN_17-291Y-1.cds.fa_05256	NaN	NaN	NaN	NaN	NaN	NaN	NaN	NaN	TFCN17291Y1_002674-T1	TFCN17291Y1_005316-T1
TFCN17291Y1_000591-T1__TFCN17291Y1_002674-T1	NaN	NaN	NaN	NaN	NaN	NaN	NaN	NaN	GF00000012	Rhodotorula_mucilaginosa_TFCN_17-291Y-1.cds.fa_02655	Rhodotorula_mucilaginosa_TFCN_17-291Y-1.cds.fa_00584	NaN	NaN	NaN	NaN	NaN	NaN	NaN	NaN	TFCN17291Y1_002674-T1	TFCN17291Y1_000591-T1
TFCN17291Y1_002674-T1__TFCN17291Y1_002737-T1	NaN	NaN	NaN	NaN	NaN	NaN	NaN	NaN	GF00000012	Rhodotorula_mucilaginosa_TFCN_17-291Y-1.cds.fa_02655	Rhodotorula_mucilaginosa_TFCN_17-291Y-1.cds.fa_02714	NaN	NaN	NaN	NaN	NaN	NaN	NaN	NaN	TFCN17291Y1_002674-T1	TFCN17291Y1_002737-T1
TFCN17291Y1_002674-T1__TFCN17291Y1_005486-T1	NaN	NaN	NaN	NaN	NaN	NaN	NaN	NaN	GF00000012	Rhodotorula_mucilaginosa_TFCN_17-291Y-1.cds.fa_02655	Rhodotorula_mucilaginosa_TFCN_17-291Y-1.cds.fa_05425	NaN	NaN	NaN	NaN	NaN	NaN	NaN	NaN	TFCN17291Y1_002674-T1	TFCN17291Y1_005486-T1
TFCN17291Y1_002674-T1__TFCN17291Y1_002805-T1	NaN	NaN	NaN	NaN	NaN	NaN	NaN	NaN	GF00000012	Rhodotorula_mucilaginosa_TFCN_17-291Y-1.cds.fa_02655	Rhodotorula_mucilaginosa_TFCN_17-291Y-1.cds.fa_02778	NaN	NaN	NaN	NaN	NaN	NaN	NaN	NaN	TFCN17291Y1_002674-T1	TFCN17291Y1_002805-T1
TFCN17291Y1_001277-T1__TFCN17291Y1_002674-T1	NaN	NaN	NaN	NaN	NaN	NaN	NaN	NaN	GF00000012	Rhodotorula_mucilaginosa_TFCN_17-291Y-1.cds.fa_02655	Rhodotorula_mucilaginosa_TFCN_17-291Y-1.cds.fa_01267	NaN	NaN	NaN	NaN	NaN	NaN	NaN	NaN	TFCN17291Y1_002674-T1	TFCN17291Y1_001277-T1
TFCN17291Y1_002674-T1__TFCN17291Y1_002804-T1	NaN	NaN	NaN	NaN	NaN	NaN	NaN	NaN	GF00000012	Rhodotorula_mucilaginosa_TFCN_17-291Y-1.cds.fa_02655	Rhodotorula_mucilaginosa_TFCN_17-291Y-1.cds.fa_02777	NaN	NaN	NaN	NaN	NaN	NaN	NaN	NaN	TFCN17291Y1_002674-T1	TFCN17291Y1_002804-T1
TFCN17291Y1_005920-T1__TFCN17291Y1_012422-T1	NaN	NaN	NaN	NaN	NaN	NaN	NaN	NaN	GF00000012	Rhodotorula_mucilaginosa_TFCN_17-291Y-1.cds.fa_12233	Rhodotorula_mucilaginosa_TFCN_17-291Y-1.cds.fa_05853	NaN	NaN	NaN	NaN	NaN	NaN	NaN	NaN	TFCN17291Y1_012422-T1	TFCN17291Y1_005920-T1
TFCN17291Y1_011872-T1__TFCN17291Y1_012422-T1	NaN	NaN	NaN	NaN	NaN	NaN	NaN	NaN	GF00000012	Rhodotorula_mucilaginosa_TFCN_17-291Y-1.cds.fa_12233	Rhodotorula_mucilaginosa_TFCN_17-291Y-1.cds.fa_11705	NaN	NaN	NaN	NaN	NaN	NaN	NaN	NaN	TFCN17291Y1_012422-T1	TFCN17291Y1_011872-T1
TFCN17291Y1_007911-T1__TFCN17291Y1_012422-T1	NaN	NaN	NaN	NaN	NaN	NaN	NaN	NaN	GF00000012	Rhodotorula_mucilaginosa_TFCN_17-291Y-1.cds.fa_12233	Rhodotorula_mucilaginosa_TFCN_17-291Y-1.cds.fa_07815	NaN	NaN	NaN	NaN	NaN	NaN	NaN	NaN	TFCN17291Y1_012422-T1	TFCN17291Y1_007911-T1
TFCN17291Y1_001276-T1__TFCN17291Y1_012422-T1	NaN	NaN	NaN	NaN	NaN	NaN	NaN	NaN	GF00000012	Rhodotorula_mucilaginosa_TFCN_17-291Y-1.cds.fa_12233	Rhodotorula_mucilaginosa_TFCN_17-291Y-1.cds.fa_01266	NaN	NaN	NaN	NaN	NaN	NaN	NaN	NaN	TFCN17291Y1_012422-T1	TFCN17291Y1_001276-T1
TFCN17291Y1_005316-T1__TFCN17291Y1_012422-T1	NaN	NaN	NaN	NaN	NaN	NaN	NaN	NaN	GF00000012	Rhodotorula_mucilaginosa_TFCN_17-291Y-1.cds.fa_12233	Rhodotorula_mucilaginosa_TFCN_17-291Y-1.cds.fa_05256	NaN	NaN	NaN	NaN	NaN	NaN	NaN	NaN	TFCN17291Y1_012422-T1	TFCN17291Y1_005316-T1
TFCN17291Y1_000591-T1__TFCN17291Y1_012422-T1	NaN	NaN	NaN	NaN	NaN	NaN	NaN	NaN	GF00000012	Rhodotorula_mucilaginosa_TFCN_17-291Y-1.cds.fa_12233	Rhodotorula_mucilaginosa_TFCN_17-291Y-1.cds.fa_00584	NaN	NaN	NaN	NaN	NaN	NaN	NaN	NaN	TFCN17291Y1_012422-T1	TFCN17291Y1_000591-T1
TFCN17291Y1_002737-T1__TFCN17291Y1_012422-T1	NaN	NaN	NaN	NaN	NaN	NaN	NaN	NaN	GF00000012	Rhodotorula_mucilaginosa_TFCN_17-291Y-1.cds.fa_12233	Rhodotorula_mucilaginosa_TFCN_17-291Y-1.cds.fa_02714	NaN	NaN	NaN	NaN	NaN	NaN	NaN	NaN	TFCN17291Y1_012422-T1	TFCN17291Y1_002737-T1
TFCN17291Y1_005486-T1__TFCN17291Y1_012422-T1	NaN	NaN	NaN	NaN	NaN	NaN	NaN	NaN	GF00000012	Rhodotorula_mucilaginosa_TFCN_17-291Y-1.cds.fa_12233	Rhodotorula_mucilaginosa_TFCN_17-291Y-1.cds.fa_05425	NaN	NaN	NaN	NaN	NaN	NaN	NaN	NaN	TFCN17291Y1_012422-T1	TFCN17291Y1_005486-T1
TFCN17291Y1_002805-T1__TFCN17291Y1_012422-T1	NaN	NaN	NaN	NaN	NaN	NaN	NaN	NaN	GF00000012	Rhodotorula_mucilaginosa_TFCN_17-291Y-1.cds.fa_12233	Rhodotorula_mucilaginosa_TFCN_17-291Y-1.cds.fa_02778	NaN	NaN	NaN	NaN	NaN	NaN	NaN	NaN	TFCN17291Y1_012422-T1	TFCN17291Y1_002805-T1
TFCN17291Y1_001277-T1__TFCN17291Y1_012422-T1	NaN	NaN	NaN	NaN	NaN	NaN	NaN	NaN	GF00000012	Rhodotorula_mucilaginosa_TFCN_17-291Y-1.cds.fa_12233	Rhodotorula_mucilaginosa_TFCN_17-291Y-1.cds.fa_01267	NaN	NaN	NaN	NaN	NaN	NaN	NaN	NaN	TFCN17291Y1_012422-T1	TFCN17291Y1_001277-T1
TFCN17291Y1_002804-T1__TFCN17291Y1_012422-T1	NaN	NaN	NaN	NaN	NaN	NaN	NaN	NaN	GF00000012	Rhodotorula_mucilaginosa_TFCN_17-291Y-1.cds.fa_12233	Rhodotorula_mucilaginosa_TFCN_17-291Y-1.cds.fa_02777	NaN	NaN	NaN	NaN	NaN	NaN	NaN	NaN	TFCN17291Y1_012422-T1	TFCN17291Y1_002804-T1
TFCN17291Y1_005920-T1__TFCN17291Y1_011872-T1	NaN	NaN	NaN	NaN	NaN	NaN	NaN	NaN	GF00000012	Rhodotorula_mucilaginosa_TFCN_17-291Y-1.cds.fa_05853	Rhodotorula_mucilaginosa_TFCN_17-291Y-1.cds.fa_11705	NaN	NaN	NaN	NaN	NaN	NaN	NaN	NaN	TFCN17291Y1_005920-T1	TFCN17291Y1_011872-T1
TFCN17291Y1_005920-T1__TFCN17291Y1_007911-T1	NaN	NaN	NaN	NaN	NaN	NaN	NaN	NaN	GF00000012	Rhodotorula_mucilaginosa_TFCN_17-291Y-1.cds.fa_05853	Rhodotorula_mucilaginosa_TFCN_17-291Y-1.cds.fa_07815	NaN	NaN	NaN	NaN	NaN	NaN	NaN	NaN	TFCN17291Y1_005920-T1	TFCN17291Y1_007911-T1
TFCN17291Y1_001276-T1__TFCN17291Y1_005920-T1	NaN	NaN	NaN	NaN	NaN	NaN	NaN	NaN	GF00000012	Rhodotorula_mucilaginosa_TFCN_17-291Y-1.cds.fa_05853	Rhodotorula_mucilaginosa_TFCN_17-291Y-1.cds.fa_01266	NaN	NaN	NaN	NaN	NaN	NaN	NaN	NaN	TFCN17291Y1_005920-T1	TFCN17291Y1_001276-T1
TFCN17291Y1_005316-T1__TFCN17291Y1_005920-T1	NaN	NaN	NaN	NaN	NaN	NaN	NaN	NaN	GF00000012	Rhodotorula_mucilaginosa_TFCN_17-291Y-1.cds.fa_05853	Rhodotorula_mucilaginosa_TFCN_17-291Y-1.cds.fa_05256	NaN	NaN	NaN	NaN	NaN	NaN	NaN	NaN	TFCN17291Y1_005920-T1	TFCN17291Y1_005316-T1
TFCN17291Y1_000591-T1__TFCN17291Y1_005920-T1	NaN	NaN	NaN	NaN	NaN	NaN	NaN	NaN	GF00000012	Rhodotorula_mucilaginosa_TFCN_17-291Y-1.cds.fa_05853	Rhodotorula_mucilaginosa_TFCN_17-291Y-1.cds.fa_00584	NaN	NaN	NaN	NaN	NaN	NaN	NaN	NaN	TFCN17291Y1_005920-T1	TFCN17291Y1_000591-T1
TFCN17291Y1_002737-T1__TFCN17291Y1_005920-T1	NaN	NaN	NaN	NaN	NaN	NaN	NaN	NaN	GF00000012	Rhodotorula_mucilaginosa_TFCN_17-291Y-1.cds.fa_05853	Rhodotorula_mucilaginosa_TFCN_17-291Y-1.cds.fa_02714	NaN	NaN	NaN	NaN	NaN	NaN	NaN	NaN	TFCN17291Y1_005920-T1	TFCN17291Y1_002737-T1
TFCN17291Y1_005486-T1__TFCN17291Y1_005920-T1	NaN	NaN	NaN	NaN	NaN	NaN	NaN	NaN	GF00000012	Rhodotorula_mucilaginosa_TFCN_17-291Y-1.cds.fa_05853	Rhodotorula_mucilaginosa_TFCN_17-291Y-1.cds.fa_05425	NaN	NaN	NaN	NaN	NaN	NaN	NaN	NaN	TFCN17291Y1_005920-T1	TFCN17291Y1_005486-T1
TFCN17291Y1_002805-T1__TFCN17291Y1_005920-T1	NaN	NaN	NaN	NaN	NaN	NaN	NaN	NaN	GF00000012	Rhodotorula_mucilaginosa_TFCN_17-291Y-1.cds.fa_05853	Rhodotorula_mucilaginosa_TFCN_17-291Y-1.cds.fa_02778	NaN	NaN	NaN	NaN	NaN	NaN	NaN	NaN	TFCN17291Y1_005920-T1	TFCN17291Y1_002805-T1
TFCN17291Y1_001277-T1__TFCN17291Y1_005920-T1	NaN	NaN	NaN	NaN	NaN	NaN	NaN	NaN	GF00000012	Rhodotorula_mucilaginosa_TFCN_17-291Y-1.cds.fa_05853	Rhodotorula_mucilaginosa_TFCN_17-291Y-1.cds.fa_01267	NaN	NaN	NaN	NaN	NaN	NaN	NaN	NaN	TFCN17291Y1_005920-T1	TFCN17291Y1_001277-T1
TFCN17291Y1_002804-T1__TFCN17291Y1_005920-T1	NaN	NaN	NaN	NaN	NaN	NaN	NaN	NaN	GF00000012	Rhodotorula_mucilaginosa_TFCN_17-291Y-1.cds.fa_05853	Rhodotorula_mucilaginosa_TFCN_17-291Y-1.cds.fa_02777	NaN	NaN	NaN	NaN	NaN	NaN	NaN	NaN	TFCN17291Y1_005920-T1	TFCN17291Y1_002804-T1
TFCN17291Y1_007911-T1__TFCN17291Y1_011872-T1	NaN	NaN	NaN	NaN	NaN	NaN	NaN	NaN	GF00000012	Rhodotorula_mucilaginosa_TFCN_17-291Y-1.cds.fa_11705	Rhodotorula_mucilaginosa_TFCN_17-291Y-1.cds.fa_07815	NaN	NaN	NaN	NaN	NaN	NaN	NaN	NaN	TFCN17291Y1_011872-T1	TFCN17291Y1_007911-T1
TFCN17291Y1_001276-T1__TFCN17291Y1_011872-T1	NaN	NaN	NaN	NaN	NaN	NaN	NaN	NaN	GF00000012	Rhodotorula_mucilaginosa_TFCN_17-291Y-1.cds.fa_11705	Rhodotorula_mucilaginosa_TFCN_17-291Y-1.cds.fa_01266	NaN	NaN	NaN	NaN	NaN	NaN	NaN	NaN	TFCN17291Y1_011872-T1	TFCN17291Y1_001276-T1
TFCN17291Y1_005316-T1__TFCN17291Y1_011872-T1	NaN	NaN	NaN	NaN	NaN	NaN	NaN	NaN	GF00000012	Rhodotorula_mucilaginosa_TFCN_17-291Y-1.cds.fa_11705	Rhodotorula_mucilaginosa_TFCN_17-291Y-1.cds.fa_05256	NaN	NaN	NaN	NaN	NaN	NaN	NaN	NaN	TFCN17291Y1_011872-T1	TFCN17291Y1_005316-T1
TFCN17291Y1_000591-T1__TFCN17291Y1_011872-T1	NaN	NaN	NaN	NaN	NaN	NaN	NaN	NaN	GF00000012	Rhodotorula_mucilaginosa_TFCN_17-291Y-1.cds.fa_11705	Rhodotorula_mucilaginosa_TFCN_17-291Y-1.cds.fa_00584	NaN	NaN	NaN	NaN	NaN	NaN	NaN	NaN	TFCN17291Y1_011872-T1	TFCN17291Y1_000591-T1
TFCN17291Y1_002737-T1__TFCN17291Y1_011872-T1	NaN	NaN	NaN	NaN	NaN	NaN	NaN	NaN	GF00000012	Rhodotorula_mucilaginosa_TFCN_17-291Y-1.cds.fa_11705	Rhodotorula_mucilaginosa_TFCN_17-291Y-1.cds.fa_02714	NaN	NaN	NaN	NaN	NaN	NaN	NaN	NaN	TFCN17291Y1_011872-T1	TFCN17291Y1_002737-T1
TFCN17291Y1_005486-T1__TFCN17291Y1_011872-T1	NaN	NaN	NaN	NaN	NaN	NaN	NaN	NaN	GF00000012	Rhodotorula_mucilaginosa_TFCN_17-291Y-1.cds.fa_11705	Rhodotorula_mucilaginosa_TFCN_17-291Y-1.cds.fa_05425	NaN	NaN	NaN	NaN	NaN	NaN	NaN	NaN	TFCN17291Y1_011872-T1	TFCN17291Y1_005486-T1
TFCN17291Y1_002805-T1__TFCN17291Y1_011872-T1	NaN	NaN	NaN	NaN	NaN	NaN	NaN	NaN	GF00000012	Rhodotorula_mucilaginosa_TFCN_17-291Y-1.cds.fa_11705	Rhodotorula_mucilaginosa_TFCN_17-291Y-1.cds.fa_02778	NaN	NaN	NaN	NaN	NaN	NaN	NaN	NaN	TFCN17291Y1_011872-T1	TFCN17291Y1_002805-T1
TFCN17291Y1_001277-T1__TFCN17291Y1_011872-T1	NaN	NaN	NaN	NaN	NaN	NaN	NaN	NaN	GF00000012	Rhodotorula_mucilaginosa_TFCN_17-291Y-1.cds.fa_11705	Rhodotorula_mucilaginosa_TFCN_17-291Y-1.cds.fa_01267	NaN	NaN	NaN	NaN	NaN	NaN	NaN	NaN	TFCN17291Y1_011872-T1	TFCN17291Y1_001277-T1
TFCN17291Y1_002804-T1__TFCN17291Y1_011872-T1	NaN	NaN	NaN	NaN	NaN	NaN	NaN	NaN	GF00000012	Rhodotorula_mucilaginosa_TFCN_17-291Y-1.cds.fa_11705	Rhodotorula_mucilaginosa_TFCN_17-291Y-1.cds.fa_02777	NaN	NaN	NaN	NaN	NaN	NaN	NaN	NaN	TFCN17291Y1_011872-T1	TFCN17291Y1_002804-T1
TFCN17291Y1_001276-T1__TFCN17291Y1_007911-T1	NaN	NaN	NaN	NaN	NaN	NaN	NaN	NaN	GF00000012	Rhodotorula_mucilaginosa_TFCN_17-291Y-1.cds.fa_07815	Rhodotorula_mucilaginosa_TFCN_17-291Y-1.cds.fa_01266	NaN	NaN	NaN	NaN	NaN	NaN	NaN	NaN	TFCN17291Y1_007911-T1	TFCN17291Y1_001276-T1
TFCN17291Y1_005316-T1__TFCN17291Y1_007911-T1	NaN	NaN	NaN	NaN	NaN	NaN	NaN	NaN	GF00000012	Rhodotorula_mucilaginosa_TFCN_17-291Y-1.cds.fa_07815	Rhodotorula_mucilaginosa_TFCN_17-291Y-1.cds.fa_05256	NaN	NaN	NaN	NaN	NaN	NaN	NaN	NaN	TFCN17291Y1_007911-T1	TFCN17291Y1_005316-T1
TFCN17291Y1_000591-T1__TFCN17291Y1_007911-T1	NaN	NaN	NaN	NaN	NaN	NaN	NaN	NaN	GF00000012	Rhodotorula_mucilaginosa_TFCN_17-291Y-1.cds.fa_07815	Rhodotorula_mucilaginosa_TFCN_17-291Y-1.cds.fa_00584	NaN	NaN	NaN	NaN	NaN	NaN	NaN	NaN	TFCN17291Y1_007911-T1	TFCN17291Y1_000591-T1
TFCN17291Y1_002737-T1__TFCN17291Y1_007911-T1	NaN	NaN	NaN	NaN	NaN	NaN	NaN	NaN	GF00000012	Rhodotorula_mucilaginosa_TFCN_17-291Y-1.cds.fa_07815	Rhodotorula_mucilaginosa_TFCN_17-291Y-1.cds.fa_02714	NaN	NaN	NaN	NaN	NaN	NaN	NaN	NaN	TFCN17291Y1_007911-T1	TFCN17291Y1_002737-T1
TFCN17291Y1_005486-T1__TFCN17291Y1_007911-T1	NaN	NaN	NaN	NaN	NaN	NaN	NaN	NaN	GF00000012	Rhodotorula_mucilaginosa_TFCN_17-291Y-1.cds.fa_07815	Rhodotorula_mucilaginosa_TFCN_17-291Y-1.cds.fa_05425	NaN	NaN	NaN	NaN	NaN	NaN	NaN	NaN	TFCN17291Y1_007911-T1	TFCN17291Y1_005486-T1
TFCN17291Y1_002805-T1__TFCN17291Y1_007911-T1	NaN	NaN	NaN	NaN	NaN	NaN	NaN	NaN	GF00000012	Rhodotorula_mucilaginosa_TFCN_17-291Y-1.cds.fa_07815	Rhodotorula_mucilaginosa_TFCN_17-291Y-1.cds.fa_02778	NaN	NaN	NaN	NaN	NaN	NaN	NaN	NaN	TFCN17291Y1_007911-T1	TFCN17291Y1_002805-T1
TFCN17291Y1_001277-T1__TFCN17291Y1_007911-T1	NaN	NaN	NaN	NaN	NaN	NaN	NaN	NaN	GF00000012	Rhodotorula_mucilaginosa_TFCN_17-291Y-1.cds.fa_07815	Rhodotorula_mucilaginosa_TFCN_17-291Y-1.cds.fa_01267	NaN	NaN	NaN	NaN	NaN	NaN	NaN	NaN	TFCN17291Y1_007911-T1	TFCN17291Y1_001277-T1
TFCN17291Y1_002804-T1__TFCN17291Y1_007911-T1	NaN	NaN	NaN	NaN	NaN	NaN	NaN	NaN	GF00000012	Rhodotorula_mucilaginosa_TFCN_17-291Y-1.cds.fa_07815	Rhodotorula_mucilaginosa_TFCN_17-291Y-1.cds.fa_02777	NaN	NaN	NaN	NaN	NaN	NaN	NaN	NaN	TFCN17291Y1_007911-T1	TFCN17291Y1_002804-T1
TFCN17291Y1_001276-T1__TFCN17291Y1_005316-T1	NaN	NaN	NaN	NaN	NaN	NaN	NaN	NaN	GF00000012	Rhodotorula_mucilaginosa_TFCN_17-291Y-1.cds.fa_01266	Rhodotorula_mucilaginosa_TFCN_17-291Y-1.cds.fa_05256	NaN	NaN	NaN	NaN	NaN	NaN	NaN	NaN	TFCN17291Y1_001276-T1	TFCN17291Y1_005316-T1
TFCN17291Y1_000591-T1__TFCN17291Y1_001276-T1	NaN	NaN	NaN	NaN	NaN	NaN	NaN	NaN	GF00000012	Rhodotorula_mucilaginosa_TFCN_17-291Y-1.cds.fa_01266	Rhodotorula_mucilaginosa_TFCN_17-291Y-1.cds.fa_00584	NaN	NaN	NaN	NaN	NaN	NaN	NaN	NaN	TFCN17291Y1_001276-T1	TFCN17291Y1_000591-T1
TFCN17291Y1_001276-T1__TFCN17291Y1_002737-T1	NaN	NaN	NaN	NaN	NaN	NaN	NaN	NaN	GF00000012	Rhodotorula_mucilaginosa_TFCN_17-291Y-1.cds.fa_01266	Rhodotorula_mucilaginosa_TFCN_17-291Y-1.cds.fa_02714	NaN	NaN	NaN	NaN	NaN	NaN	NaN	NaN	TFCN17291Y1_001276-T1	TFCN17291Y1_002737-T1
TFCN17291Y1_001276-T1__TFCN17291Y1_005486-T1	NaN	NaN	NaN	NaN	NaN	NaN	NaN	NaN	GF00000012	Rhodotorula_mucilaginosa_TFCN_17-291Y-1.cds.fa_01266	Rhodotorula_mucilaginosa_TFCN_17-291Y-1.cds.fa_05425	NaN	NaN	NaN	NaN	NaN	NaN	NaN	NaN	TFCN17291Y1_001276-T1	TFCN17291Y1_005486-T1
TFCN17291Y1_001276-T1__TFCN17291Y1_002805-T1	NaN	NaN	NaN	NaN	NaN	NaN	NaN	NaN	GF00000012	Rhodotorula_mucilaginosa_TFCN_17-291Y-1.cds.fa_01266	Rhodotorula_mucilaginosa_TFCN_17-291Y-1.cds.fa_02778	NaN	NaN	NaN	NaN	NaN	NaN	NaN	NaN	TFCN17291Y1_001276-T1	TFCN17291Y1_002805-T1
TFCN17291Y1_001276-T1__TFCN17291Y1_001277-T1	NaN	NaN	NaN	NaN	NaN	NaN	NaN	NaN	GF00000012	Rhodotorula_mucilaginosa_TFCN_17-291Y-1.cds.fa_01266	Rhodotorula_mucilaginosa_TFCN_17-291Y-1.cds.fa_01267	NaN	NaN	NaN	NaN	NaN	NaN	NaN	NaN	TFCN17291Y1_001276-T1	TFCN17291Y1_001277-T1
TFCN17291Y1_001276-T1__TFCN17291Y1_002804-T1	NaN	NaN	NaN	NaN	NaN	NaN	NaN	NaN	GF00000012	Rhodotorula_mucilaginosa_TFCN_17-291Y-1.cds.fa_01266	Rhodotorula_mucilaginosa_TFCN_17-291Y-1.cds.fa_02777	NaN	NaN	NaN	NaN	NaN	NaN	NaN	NaN	TFCN17291Y1_001276-T1	TFCN17291Y1_002804-T1
TFCN17291Y1_000591-T1__TFCN17291Y1_005316-T1	NaN	NaN	NaN	NaN	NaN	NaN	NaN	NaN	GF00000012	Rhodotorula_mucilaginosa_TFCN_17-291Y-1.cds.fa_05256	Rhodotorula_mucilaginosa_TFCN_17-291Y-1.cds.fa_00584	NaN	NaN	NaN	NaN	NaN	NaN	NaN	NaN	TFCN17291Y1_005316-T1	TFCN17291Y1_000591-T1
TFCN17291Y1_002737-T1__TFCN17291Y1_005316-T1	NaN	NaN	NaN	NaN	NaN	NaN	NaN	NaN	GF00000012	Rhodotorula_mucilaginosa_TFCN_17-291Y-1.cds.fa_05256	Rhodotorula_mucilaginosa_TFCN_17-291Y-1.cds.fa_02714	NaN	NaN	NaN	NaN	NaN	NaN	NaN	NaN	TFCN17291Y1_005316-T1	TFCN17291Y1_002737-T1
TFCN17291Y1_005316-T1__TFCN17291Y1_005486-T1	NaN	NaN	NaN	NaN	NaN	NaN	NaN	NaN	GF00000012	Rhodotorula_mucilaginosa_TFCN_17-291Y-1.cds.fa_05256	Rhodotorula_mucilaginosa_TFCN_17-291Y-1.cds.fa_05425	NaN	NaN	NaN	NaN	NaN	NaN	NaN	NaN	TFCN17291Y1_005316-T1	TFCN17291Y1_005486-T1
TFCN17291Y1_002805-T1__TFCN17291Y1_005316-T1	NaN	NaN	NaN	NaN	NaN	NaN	NaN	NaN	GF00000012	Rhodotorula_mucilaginosa_TFCN_17-291Y-1.cds.fa_05256	Rhodotorula_mucilaginosa_TFCN_17-291Y-1.cds.fa_02778	NaN	NaN	NaN	NaN	NaN	NaN	NaN	NaN	TFCN17291Y1_005316-T1	TFCN17291Y1_002805-T1
TFCN17291Y1_001277-T1__TFCN17291Y1_005316-T1	NaN	NaN	NaN	NaN	NaN	NaN	NaN	NaN	GF00000012	Rhodotorula_mucilaginosa_TFCN_17-291Y-1.cds.fa_05256	Rhodotorula_mucilaginosa_TFCN_17-291Y-1.cds.fa_01267	NaN	NaN	NaN	NaN	NaN	NaN	NaN	NaN	TFCN17291Y1_005316-T1	TFCN17291Y1_001277-T1
TFCN17291Y1_002804-T1__TFCN17291Y1_005316-T1	NaN	NaN	NaN	NaN	NaN	NaN	NaN	NaN	GF00000012	Rhodotorula_mucilaginosa_TFCN_17-291Y-1.cds.fa_05256	Rhodotorula_mucilaginosa_TFCN_17-291Y-1.cds.fa_02777	NaN	NaN	NaN	NaN	NaN	NaN	NaN	NaN	TFCN17291Y1_005316-T1	TFCN17291Y1_002804-T1
TFCN17291Y1_000591-T1__TFCN17291Y1_002737-T1	NaN	NaN	NaN	NaN	NaN	NaN	NaN	NaN	GF00000012	Rhodotorula_mucilaginosa_TFCN_17-291Y-1.cds.fa_00584	Rhodotorula_mucilaginosa_TFCN_17-291Y-1.cds.fa_02714	NaN	NaN	NaN	NaN	NaN	NaN	NaN	NaN	TFCN17291Y1_000591-T1	TFCN17291Y1_002737-T1
TFCN17291Y1_000591-T1__TFCN17291Y1_005486-T1	NaN	NaN	NaN	NaN	NaN	NaN	NaN	NaN	GF00000012	Rhodotorula_mucilaginosa_TFCN_17-291Y-1.cds.fa_00584	Rhodotorula_mucilaginosa_TFCN_17-291Y-1.cds.fa_05425	NaN	NaN	NaN	NaN	NaN	NaN	NaN	NaN	TFCN17291Y1_000591-T1	TFCN17291Y1_005486-T1
TFCN17291Y1_000591-T1__TFCN17291Y1_002805-T1	NaN	NaN	NaN	NaN	NaN	NaN	NaN	NaN	GF00000012	Rhodotorula_mucilaginosa_TFCN_17-291Y-1.cds.fa_00584	Rhodotorula_mucilaginosa_TFCN_17-291Y-1.cds.fa_02778	NaN	NaN	NaN	NaN	NaN	NaN	NaN	NaN	TFCN17291Y1_000591-T1	TFCN17291Y1_002805-T1
TFCN17291Y1_000591-T1__TFCN17291Y1_001277-T1	NaN	NaN	NaN	NaN	NaN	NaN	NaN	NaN	GF00000012	Rhodotorula_mucilaginosa_TFCN_17-291Y-1.cds.fa_00584	Rhodotorula_mucilaginosa_TFCN_17-291Y-1.cds.fa_01267	NaN	NaN	NaN	NaN	NaN	NaN	NaN	NaN	TFCN17291Y1_000591-T1	TFCN17291Y1_001277-T1
TFCN17291Y1_000591-T1__TFCN17291Y1_002804-T1	NaN	NaN	NaN	NaN	NaN	NaN	NaN	NaN	GF00000012	Rhodotorula_mucilaginosa_TFCN_17-291Y-1.cds.fa_00584	Rhodotorula_mucilaginosa_TFCN_17-291Y-1.cds.fa_02777	NaN	NaN	NaN	NaN	NaN	NaN	NaN	NaN	TFCN17291Y1_000591-T1	TFCN17291Y1_002804-T1
TFCN17291Y1_002737-T1__TFCN17291Y1_005486-T1	NaN	NaN	NaN	NaN	NaN	NaN	NaN	NaN	GF00000012	Rhodotorula_mucilaginosa_TFCN_17-291Y-1.cds.fa_02714	Rhodotorula_mucilaginosa_TFCN_17-291Y-1.cds.fa_05425	NaN	NaN	NaN	NaN	NaN	NaN	NaN	NaN	TFCN17291Y1_002737-T1	TFCN17291Y1_005486-T1
TFCN17291Y1_002737-T1__TFCN17291Y1_002805-T1	NaN	NaN	NaN	NaN	NaN	NaN	NaN	NaN	GF00000012	Rhodotorula_mucilaginosa_TFCN_17-291Y-1.cds.fa_02714	Rhodotorula_mucilaginosa_TFCN_17-291Y-1.cds.fa_02778	NaN	NaN	NaN	NaN	NaN	NaN	NaN	NaN	TFCN17291Y1_002737-T1	TFCN17291Y1_002805-T1
TFCN17291Y1_001277-T1__TFCN17291Y1_002737-T1	NaN	NaN	NaN	NaN	NaN	NaN	NaN	NaN	GF00000012	Rhodotorula_mucilaginosa_TFCN_17-291Y-1.cds.fa_02714	Rhodotorula_mucilaginosa_TFCN_17-291Y-1.cds.fa_01267	NaN	NaN	NaN	NaN	NaN	NaN	NaN	NaN	TFCN17291Y1_002737-T1	TFCN17291Y1_001277-T1
TFCN17291Y1_002737-T1__TFCN17291Y1_002804-T1	NaN	NaN	NaN	NaN	NaN	NaN	NaN	NaN	GF00000012	Rhodotorula_mucilaginosa_TFCN_17-291Y-1.cds.fa_02714	Rhodotorula_mucilaginosa_TFCN_17-291Y-1.cds.fa_02777	NaN	NaN	NaN	NaN	NaN	NaN	NaN	NaN	TFCN17291Y1_002737-T1	TFCN17291Y1_002804-T1
TFCN17291Y1_002805-T1__TFCN17291Y1_005486-T1	NaN	NaN	NaN	NaN	NaN	NaN	NaN	NaN	GF00000012	Rhodotorula_mucilaginosa_TFCN_17-291Y-1.cds.fa_05425	Rhodotorula_mucilaginosa_TFCN_17-291Y-1.cds.fa_02778	NaN	NaN	NaN	NaN	NaN	NaN	NaN	NaN	TFCN17291Y1_005486-T1	TFCN17291Y1_002805-T1
TFCN17291Y1_001277-T1__TFCN17291Y1_005486-T1	NaN	NaN	NaN	NaN	NaN	NaN	NaN	NaN	GF00000012	Rhodotorula_mucilaginosa_TFCN_17-291Y-1.cds.fa_05425	Rhodotorula_mucilaginosa_TFCN_17-291Y-1.cds.fa_01267	NaN	NaN	NaN	NaN	NaN	NaN	NaN	NaN	TFCN17291Y1_005486-T1	TFCN17291Y1_001277-T1
TFCN17291Y1_002804-T1__TFCN17291Y1_005486-T1	NaN	NaN	NaN	NaN	NaN	NaN	NaN	NaN	GF00000012	Rhodotorula_mucilaginosa_TFCN_17-291Y-1.cds.fa_05425	Rhodotorula_mucilaginosa_TFCN_17-291Y-1.cds.fa_02777	NaN	NaN	NaN	NaN	NaN	NaN	NaN	NaN	TFCN17291Y1_005486-T1	TFCN17291Y1_002804-T1
TFCN17291Y1_001277-T1__TFCN17291Y1_002805-T1	NaN	NaN	NaN	NaN	NaN	NaN	NaN	NaN	GF00000012	Rhodotorula_mucilaginosa_TFCN_17-291Y-1.cds.fa_02778	Rhodotorula_mucilaginosa_TFCN_17-291Y-1.cds.fa_01267	NaN	NaN	NaN	NaN	NaN	NaN	NaN	NaN	TFCN17291Y1_002805-T1	TFCN17291Y1_001277-T1
TFCN17291Y1_002804-T1__TFCN17291Y1_002805-T1	NaN	NaN	NaN	NaN	NaN	NaN	NaN	NaN	GF00000012	Rhodotorula_mucilaginosa_TFCN_17-291Y-1.cds.fa_02778	Rhodotorula_mucilaginosa_TFCN_17-291Y-1.cds.fa_02777	NaN	NaN	NaN	NaN	NaN	NaN	NaN	NaN	TFCN17291Y1_002805-T1	TFCN17291Y1_002804-T1
TFCN17291Y1_001277-T1__TFCN17291Y1_002804-T1	NaN	NaN	NaN	NaN	NaN	NaN	NaN	NaN	GF00000012	Rhodotorula_mucilaginosa_TFCN_17-291Y-1.cds.fa_01267	Rhodotorula_mucilaginosa_TFCN_17-291Y-1.cds.fa_02777	NaN	NaN	NaN	NaN	NaN	NaN	NaN	NaN	TFCN17291Y1_001277-T1	TFCN17291Y1_002804-T1
TFCN17291Y1_009748-T1__TFCN17291Y1_010494-T1	NaN	NaN	NaN	NaN	NaN	NaN	NaN	NaN	GF00000025	Rhodotorula_mucilaginosa_TFCN_17-291Y-1.cds.fa_10360	Rhodotorula_mucilaginosa_TFCN_17-291Y-1.cds.fa_09625	NaN	NaN	NaN	NaN	NaN	NaN	NaN	NaN	TFCN17291Y1_010494-T1	TFCN17291Y1_009748-T1
TFCN17291Y1_010494-T1__TFCN17291Y1_011903-T1	NaN	NaN	NaN	NaN	NaN	NaN	NaN	NaN	GF00000025	Rhodotorula_mucilaginosa_TFCN_17-291Y-1.cds.fa_10360	Rhodotorula_mucilaginosa_TFCN_17-291Y-1.cds.fa_11735	NaN	NaN	NaN	NaN	NaN	NaN	NaN	NaN	TFCN17291Y1_010494-T1	TFCN17291Y1_011903-T1
TFCN17291Y1_009749-T1__TFCN17291Y1_010494-T1	NaN	NaN	NaN	NaN	NaN	NaN	NaN	NaN	GF00000025	Rhodotorula_mucilaginosa_TFCN_17-291Y-1.cds.fa_10360	Rhodotorula_mucilaginosa_TFCN_17-291Y-1.cds.fa_09626	NaN	NaN	NaN	NaN	NaN	NaN	NaN	NaN	TFCN17291Y1_010494-T1	TFCN17291Y1_009749-T1
TFCN17291Y1_010484-T1__TFCN17291Y1_010494-T1	NaN	NaN	NaN	NaN	NaN	NaN	NaN	NaN	GF00000025	Rhodotorula_mucilaginosa_TFCN_17-291Y-1.cds.fa_10360	Rhodotorula_mucilaginosa_TFCN_17-291Y-1.cds.fa_10350	NaN	NaN	NaN	NaN	NaN	NaN	NaN	NaN	TFCN17291Y1_010494-T1	TFCN17291Y1_010484-T1
TFCN17291Y1_010493-T1__TFCN17291Y1_010494-T1	NaN	NaN	NaN	NaN	NaN	NaN	NaN	NaN	GF00000025	Rhodotorula_mucilaginosa_TFCN_17-291Y-1.cds.fa_10360	Rhodotorula_mucilaginosa_TFCN_17-291Y-1.cds.fa_10359	NaN	NaN	NaN	NaN	NaN	NaN	NaN	NaN	TFCN17291Y1_010494-T1	TFCN17291Y1_010493-T1
TFCN17291Y1_010492-T1__TFCN17291Y1_010494-T1	NaN	NaN	NaN	NaN	NaN	NaN	NaN	NaN	GF00000025	Rhodotorula_mucilaginosa_TFCN_17-291Y-1.cds.fa_10360	Rhodotorula_mucilaginosa_TFCN_17-291Y-1.cds.fa_10358	NaN	NaN	NaN	NaN	NaN	NaN	NaN	NaN	TFCN17291Y1_010494-T1	TFCN17291Y1_010492-T1
TFCN17291Y1_010485-T1__TFCN17291Y1_010494-T1	NaN	NaN	NaN	NaN	NaN	NaN	NaN	NaN	GF00000025	Rhodotorula_mucilaginosa_TFCN_17-291Y-1.cds.fa_10360	Rhodotorula_mucilaginosa_TFCN_17-291Y-1.cds.fa_10351	NaN	NaN	NaN	NaN	NaN	NaN	NaN	NaN	TFCN17291Y1_010494-T1	TFCN17291Y1_010485-T1
TFCN17291Y1_010494-T1__TFCN17291Y1_010497-T1	NaN	NaN	NaN	NaN	NaN	NaN	NaN	NaN	GF00000025	Rhodotorula_mucilaginosa_TFCN_17-291Y-1.cds.fa_10360	Rhodotorula_mucilaginosa_TFCN_17-291Y-1.cds.fa_10363	NaN	NaN	NaN	NaN	NaN	NaN	NaN	NaN	TFCN17291Y1_010494-T1	TFCN17291Y1_010497-T1
TFCN17291Y1_010494-T1__TFCN17291Y1_010496-T1	NaN	NaN	NaN	NaN	NaN	NaN	NaN	NaN	GF00000025	Rhodotorula_mucilaginosa_TFCN_17-291Y-1.cds.fa_10360	Rhodotorula_mucilaginosa_TFCN_17-291Y-1.cds.fa_10362	NaN	NaN	NaN	NaN	NaN	NaN	NaN	NaN	TFCN17291Y1_010494-T1	TFCN17291Y1_010496-T1
TFCN17291Y1_009748-T1__TFCN17291Y1_011903-T1	NaN	NaN	NaN	NaN	NaN	NaN	NaN	NaN	GF00000025	Rhodotorula_mucilaginosa_TFCN_17-291Y-1.cds.fa_09625	Rhodotorula_mucilaginosa_TFCN_17-291Y-1.cds.fa_11735	NaN	NaN	NaN	NaN	NaN	NaN	NaN	NaN	TFCN17291Y1_009748-T1	TFCN17291Y1_011903-T1
TFCN17291Y1_009748-T1__TFCN17291Y1_009749-T1	NaN	NaN	NaN	NaN	NaN	NaN	NaN	NaN	GF00000025	Rhodotorula_mucilaginosa_TFCN_17-291Y-1.cds.fa_09625	Rhodotorula_mucilaginosa_TFCN_17-291Y-1.cds.fa_09626	NaN	NaN	NaN	NaN	NaN	NaN	NaN	NaN	TFCN17291Y1_009748-T1	TFCN17291Y1_009749-T1
TFCN17291Y1_009748-T1__TFCN17291Y1_010484-T1	NaN	NaN	NaN	NaN	NaN	NaN	NaN	NaN	GF00000025	Rhodotorula_mucilaginosa_TFCN_17-291Y-1.cds.fa_09625	Rhodotorula_mucilaginosa_TFCN_17-291Y-1.cds.fa_10350	NaN	NaN	NaN	NaN	NaN	NaN	NaN	NaN	TFCN17291Y1_009748-T1	TFCN17291Y1_010484-T1
TFCN17291Y1_009748-T1__TFCN17291Y1_010493-T1	NaN	NaN	NaN	NaN	NaN	NaN	NaN	NaN	GF00000025	Rhodotorula_mucilaginosa_TFCN_17-291Y-1.cds.fa_09625	Rhodotorula_mucilaginosa_TFCN_17-291Y-1.cds.fa_10359	NaN	NaN	NaN	NaN	NaN	NaN	NaN	NaN	TFCN17291Y1_009748-T1	TFCN17291Y1_010493-T1
TFCN17291Y1_009748-T1__TFCN17291Y1_010492-T1	NaN	NaN	NaN	NaN	NaN	NaN	NaN	NaN	GF00000025	Rhodotorula_mucilaginosa_TFCN_17-291Y-1.cds.fa_09625	Rhodotorula_mucilaginosa_TFCN_17-291Y-1.cds.fa_10358	NaN	NaN	NaN	NaN	NaN	NaN	NaN	NaN	TFCN17291Y1_009748-T1	TFCN17291Y1_010492-T1
TFCN17291Y1_009748-T1__TFCN17291Y1_010485-T1	NaN	NaN	NaN	NaN	NaN	NaN	NaN	NaN	GF00000025	Rhodotorula_mucilaginosa_TFCN_17-291Y-1.cds.fa_09625	Rhodotorula_mucilaginosa_TFCN_17-291Y-1.cds.fa_10351	NaN	NaN	NaN	NaN	NaN	NaN	NaN	NaN	TFCN17291Y1_009748-T1	TFCN17291Y1_010485-T1
TFCN17291Y1_009748-T1__TFCN17291Y1_010497-T1	NaN	NaN	NaN	NaN	NaN	NaN	NaN	NaN	GF00000025	Rhodotorula_mucilaginosa_TFCN_17-291Y-1.cds.fa_09625	Rhodotorula_mucilaginosa_TFCN_17-291Y-1.cds.fa_10363	NaN	NaN	NaN	NaN	NaN	NaN	NaN	NaN	TFCN17291Y1_009748-T1	TFCN17291Y1_010497-T1
TFCN17291Y1_009748-T1__TFCN17291Y1_010496-T1	NaN	NaN	NaN	NaN	NaN	NaN	NaN	NaN	GF00000025	Rhodotorula_mucilaginosa_TFCN_17-291Y-1.cds.fa_09625	Rhodotorula_mucilaginosa_TFCN_17-291Y-1.cds.fa_10362	NaN	NaN	NaN	NaN	NaN	NaN	NaN	NaN	TFCN17291Y1_009748-T1	TFCN17291Y1_010496-T1
TFCN17291Y1_009749-T1__TFCN17291Y1_011903-T1	NaN	NaN	NaN	NaN	NaN	NaN	NaN	NaN	GF00000025	Rhodotorula_mucilaginosa_TFCN_17-291Y-1.cds.fa_11735	Rhodotorula_mucilaginosa_TFCN_17-291Y-1.cds.fa_09626	NaN	NaN	NaN	NaN	NaN	NaN	NaN	NaN	TFCN17291Y1_011903-T1	TFCN17291Y1_009749-T1
TFCN17291Y1_010484-T1__TFCN17291Y1_011903-T1	NaN	NaN	NaN	NaN	NaN	NaN	NaN	NaN	GF00000025	Rhodotorula_mucilaginosa_TFCN_17-291Y-1.cds.fa_11735	Rhodotorula_mucilaginosa_TFCN_17-291Y-1.cds.fa_10350	NaN	NaN	NaN	NaN	NaN	NaN	NaN	NaN	TFCN17291Y1_011903-T1	TFCN17291Y1_010484-T1
TFCN17291Y1_010493-T1__TFCN17291Y1_011903-T1	NaN	NaN	NaN	NaN	NaN	NaN	NaN	NaN	GF00000025	Rhodotorula_mucilaginosa_TFCN_17-291Y-1.cds.fa_11735	Rhodotorula_mucilaginosa_TFCN_17-291Y-1.cds.fa_10359	NaN	NaN	NaN	NaN	NaN	NaN	NaN	NaN	TFCN17291Y1_011903-T1	TFCN17291Y1_010493-T1
TFCN17291Y1_010492-T1__TFCN17291Y1_011903-T1	NaN	NaN	NaN	NaN	NaN	NaN	NaN	NaN	GF00000025	Rhodotorula_mucilaginosa_TFCN_17-291Y-1.cds.fa_11735	Rhodotorula_mucilaginosa_TFCN_17-291Y-1.cds.fa_10358	NaN	NaN	NaN	NaN	NaN	NaN	NaN	NaN	TFCN17291Y1_011903-T1	TFCN17291Y1_010492-T1
TFCN17291Y1_010485-T1__TFCN17291Y1_011903-T1	NaN	NaN	NaN	NaN	NaN	NaN	NaN	NaN	GF00000025	Rhodotorula_mucilaginosa_TFCN_17-291Y-1.cds.fa_11735	Rhodotorula_mucilaginosa_TFCN_17-291Y-1.cds.fa_10351	NaN	NaN	NaN	NaN	NaN	NaN	NaN	NaN	TFCN17291Y1_011903-T1	TFCN17291Y1_010485-T1
TFCN17291Y1_010497-T1__TFCN17291Y1_011903-T1	NaN	NaN	NaN	NaN	NaN	NaN	NaN	NaN	GF00000025	Rhodotorula_mucilaginosa_TFCN_17-291Y-1.cds.fa_11735	Rhodotorula_mucilaginosa_TFCN_17-291Y-1.cds.fa_10363	NaN	NaN	NaN	NaN	NaN	NaN	NaN	NaN	TFCN17291Y1_011903-T1	TFCN17291Y1_010497-T1
TFCN17291Y1_010496-T1__TFCN17291Y1_011903-T1	NaN	NaN	NaN	NaN	NaN	NaN	NaN	NaN	GF00000025	Rhodotorula_mucilaginosa_TFCN_17-291Y-1.cds.fa_11735	Rhodotorula_mucilaginosa_TFCN_17-291Y-1.cds.fa_10362	NaN	NaN	NaN	NaN	NaN	NaN	NaN	NaN	TFCN17291Y1_011903-T1	TFCN17291Y1_010496-T1
TFCN17291Y1_009749-T1__TFCN17291Y1_010484-T1	NaN	NaN	NaN	NaN	NaN	NaN	NaN	NaN	GF00000025	Rhodotorula_mucilaginosa_TFCN_17-291Y-1.cds.fa_09626	Rhodotorula_mucilaginosa_TFCN_17-291Y-1.cds.fa_10350	NaN	NaN	NaN	NaN	NaN	NaN	NaN	NaN	TFCN17291Y1_009749-T1	TFCN17291Y1_010484-T1
TFCN17291Y1_009749-T1__TFCN17291Y1_010493-T1	NaN	NaN	NaN	NaN	NaN	NaN	NaN	NaN	GF00000025	Rhodotorula_mucilaginosa_TFCN_17-291Y-1.cds.fa_09626	Rhodotorula_mucilaginosa_TFCN_17-291Y-1.cds.fa_10359	NaN	NaN	NaN	NaN	NaN	NaN	NaN	NaN	TFCN17291Y1_009749-T1	TFCN17291Y1_010493-T1
TFCN17291Y1_009749-T1__TFCN17291Y1_010492-T1	NaN	NaN	NaN	NaN	NaN	NaN	NaN	NaN	GF00000025	Rhodotorula_mucilaginosa_TFCN_17-291Y-1.cds.fa_09626	Rhodotorula_mucilaginosa_TFCN_17-291Y-1.cds.fa_10358	NaN	NaN	NaN	NaN	NaN	NaN	NaN	NaN	TFCN17291Y1_009749-T1	TFCN17291Y1_010492-T1
TFCN17291Y1_009749-T1__TFCN17291Y1_010485-T1	NaN	NaN	NaN	NaN	NaN	NaN	NaN	NaN	GF00000025	Rhodotorula_mucilaginosa_TFCN_17-291Y-1.cds.fa_09626	Rhodotorula_mucilaginosa_TFCN_17-291Y-1.cds.fa_10351	NaN	NaN	NaN	NaN	NaN	NaN	NaN	NaN	TFCN17291Y1_009749-T1	TFCN17291Y1_010485-T1
TFCN17291Y1_009749-T1__TFCN17291Y1_010497-T1	NaN	NaN	NaN	NaN	NaN	NaN	NaN	NaN	GF00000025	Rhodotorula_mucilaginosa_TFCN_17-291Y-1.cds.fa_09626	Rhodotorula_mucilaginosa_TFCN_17-291Y-1.cds.fa_10363	NaN	NaN	NaN	NaN	NaN	NaN	NaN	NaN	TFCN17291Y1_009749-T1	TFCN17291Y1_010497-T1
TFCN17291Y1_009749-T1__TFCN17291Y1_010496-T1	NaN	NaN	NaN	NaN	NaN	NaN	NaN	NaN	GF00000025	Rhodotorula_mucilaginosa_TFCN_17-291Y-1.cds.fa_09626	Rhodotorula_mucilaginosa_TFCN_17-291Y-1.cds.fa_10362	NaN	NaN	NaN	NaN	NaN	NaN	NaN	NaN	TFCN17291Y1_009749-T1	TFCN17291Y1_010496-T1
TFCN17291Y1_010484-T1__TFCN17291Y1_010493-T1	NaN	NaN	NaN	NaN	NaN	NaN	NaN	NaN	GF00000025	Rhodotorula_mucilaginosa_TFCN_17-291Y-1.cds.fa_10350	Rhodotorula_mucilaginosa_TFCN_17-291Y-1.cds.fa_10359	NaN	NaN	NaN	NaN	NaN	NaN	NaN	NaN	TFCN17291Y1_010484-T1	TFCN17291Y1_010493-T1
TFCN17291Y1_010484-T1__TFCN17291Y1_010492-T1	NaN	NaN	NaN	NaN	NaN	NaN	NaN	NaN	GF00000025	Rhodotorula_mucilaginosa_TFCN_17-291Y-1.cds.fa_10350	Rhodotorula_mucilaginosa_TFCN_17-291Y-1.cds.fa_10358	NaN	NaN	NaN	NaN	NaN	NaN	NaN	NaN	TFCN17291Y1_010484-T1	TFCN17291Y1_010492-T1
TFCN17291Y1_010484-T1__TFCN17291Y1_010485-T1	NaN	NaN	NaN	NaN	NaN	NaN	NaN	NaN	GF00000025	Rhodotorula_mucilaginosa_TFCN_17-291Y-1.cds.fa_10350	Rhodotorula_mucilaginosa_TFCN_17-291Y-1.cds.fa_10351	NaN	NaN	NaN	NaN	NaN	NaN	NaN	NaN	TFCN17291Y1_010484-T1	TFCN17291Y1_010485-T1
TFCN17291Y1_010484-T1__TFCN17291Y1_010497-T1	NaN	NaN	NaN	NaN	NaN	NaN	NaN	NaN	GF00000025	Rhodotorula_mucilaginosa_TFCN_17-291Y-1.cds.fa_10350	Rhodotorula_mucilaginosa_TFCN_17-291Y-1.cds.fa_10363	NaN	NaN	NaN	NaN	NaN	NaN	NaN	NaN	TFCN17291Y1_010484-T1	TFCN17291Y1_010497-T1
TFCN17291Y1_010484-T1__TFCN17291Y1_010496-T1	NaN	NaN	NaN	NaN	NaN	NaN	NaN	NaN	GF00000025	Rhodotorula_mucilaginosa_TFCN_17-291Y-1.cds.fa_10350	Rhodotorula_mucilaginosa_TFCN_17-291Y-1.cds.fa_10362	NaN	NaN	NaN	NaN	NaN	NaN	NaN	NaN	TFCN17291Y1_010484-T1	TFCN17291Y1_010496-T1
TFCN17291Y1_010492-T1__TFCN17291Y1_010493-T1	NaN	NaN	NaN	NaN	NaN	NaN	NaN	NaN	GF00000025	Rhodotorula_mucilaginosa_TFCN_17-291Y-1.cds.fa_10359	Rhodotorula_mucilaginosa_TFCN_17-291Y-1.cds.fa_10358	NaN	NaN	NaN	NaN	NaN	NaN	NaN	NaN	TFCN17291Y1_010493-T1	TFCN17291Y1_010492-T1
TFCN17291Y1_010485-T1__TFCN17291Y1_010493-T1	NaN	NaN	NaN	NaN	NaN	NaN	NaN	NaN	GF00000025	Rhodotorula_mucilaginosa_TFCN_17-291Y-1.cds.fa_10359	Rhodotorula_mucilaginosa_TFCN_17-291Y-1.cds.fa_10351	NaN	NaN	NaN	NaN	NaN	NaN	NaN	NaN	TFCN17291Y1_010493-T1	TFCN17291Y1_010485-T1
TFCN17291Y1_010493-T1__TFCN17291Y1_010497-T1	NaN	NaN	NaN	NaN	NaN	NaN	NaN	NaN	GF00000025	Rhodotorula_mucilaginosa_TFCN_17-291Y-1.cds.fa_10359	Rhodotorula_mucilaginosa_TFCN_17-291Y-1.cds.fa_10363	NaN	NaN	NaN	NaN	NaN	NaN	NaN	NaN	TFCN17291Y1_010493-T1	TFCN17291Y1_010497-T1
TFCN17291Y1_010493-T1__TFCN17291Y1_010496-T1	NaN	NaN	NaN	NaN	NaN	NaN	NaN	NaN	GF00000025	Rhodotorula_mucilaginosa_TFCN_17-291Y-1.cds.fa_10359	Rhodotorula_mucilaginosa_TFCN_17-291Y-1.cds.fa_10362	NaN	NaN	NaN	NaN	NaN	NaN	NaN	NaN	TFCN17291Y1_010493-T1	TFCN17291Y1_010496-T1
TFCN17291Y1_010485-T1__TFCN17291Y1_010492-T1	NaN	NaN	NaN	NaN	NaN	NaN	NaN	NaN	GF00000025	Rhodotorula_mucilaginosa_TFCN_17-291Y-1.cds.fa_10358	Rhodotorula_mucilaginosa_TFCN_17-291Y-1.cds.fa_10351	NaN	NaN	NaN	NaN	NaN	NaN	NaN	NaN	TFCN17291Y1_010492-T1	TFCN17291Y1_010485-T1
TFCN17291Y1_010492-T1__TFCN17291Y1_010497-T1	NaN	NaN	NaN	NaN	NaN	NaN	NaN	NaN	GF00000025	Rhodotorula_mucilaginosa_TFCN_17-291Y-1.cds.fa_10358	Rhodotorula_mucilaginosa_TFCN_17-291Y-1.cds.fa_10363	NaN	NaN	NaN	NaN	NaN	NaN	NaN	NaN	TFCN17291Y1_010492-T1	TFCN17291Y1_010497-T1
TFCN17291Y1_010492-T1__TFCN17291Y1_010496-T1	NaN	NaN	NaN	NaN	NaN	NaN	NaN	NaN	GF00000025	Rhodotorula_mucilaginosa_TFCN_17-291Y-1.cds.fa_10358	Rhodotorula_mucilaginosa_TFCN_17-291Y-1.cds.fa_10362	NaN	NaN	NaN	NaN	NaN	NaN	NaN	NaN	TFCN17291Y1_010492-T1	TFCN17291Y1_010496-T1
TFCN17291Y1_010485-T1__TFCN17291Y1_010497-T1	NaN	NaN	NaN	NaN	NaN	NaN	NaN	NaN	GF00000025	Rhodotorula_mucilaginosa_TFCN_17-291Y-1.cds.fa_10351	Rhodotorula_mucilaginosa_TFCN_17-291Y-1.cds.fa_10363	NaN	NaN	NaN	NaN	NaN	NaN	NaN	NaN	TFCN17291Y1_010485-T1	TFCN17291Y1_010497-T1
TFCN17291Y1_010485-T1__TFCN17291Y1_010496-T1	NaN	NaN	NaN	NaN	NaN	NaN	NaN	NaN	GF00000025	Rhodotorula_mucilaginosa_TFCN_17-291Y-1.cds.fa_10351	Rhodotorula_mucilaginosa_TFCN_17-291Y-1.cds.fa_10362	NaN	NaN	NaN	NaN	NaN	NaN	NaN	NaN	TFCN17291Y1_010485-T1	TFCN17291Y1_010496-T1
TFCN17291Y1_010496-T1__TFCN17291Y1_010497-T1	NaN	NaN	NaN	NaN	NaN	NaN	NaN	NaN	GF00000025	Rhodotorula_mucilaginosa_TFCN_17-291Y-1.cds.fa_10363	Rhodotorula_mucilaginosa_TFCN_17-291Y-1.cds.fa_10362	NaN	NaN	NaN	NaN	NaN	NaN	NaN	NaN	TFCN17291Y1_010497-T1	TFCN17291Y1_010496-T1
TFCN17291Y1_003173-T1__TFCN17291Y1_003565-T1	NaN	NaN	NaN	NaN	NaN	NaN	NaN	NaN	GF00000030	Rhodotorula_mucilaginosa_TFCN_17-291Y-1.cds.fa_03140	Rhodotorula_mucilaginosa_TFCN_17-291Y-1.cds.fa_03527	NaN	NaN	NaN	NaN	NaN	NaN	NaN	NaN	TFCN17291Y1_003173-T1	TFCN17291Y1_003565-T1
TFCN17291Y1_003173-T1__TFCN17291Y1_011171-T1	NaN	NaN	NaN	NaN	NaN	NaN	NaN	NaN	GF00000030	Rhodotorula_mucilaginosa_TFCN_17-291Y-1.cds.fa_03140	Rhodotorula_mucilaginosa_TFCN_17-291Y-1.cds.fa_11023	NaN	NaN	NaN	NaN	NaN	NaN	NaN	NaN	TFCN17291Y1_003173-T1	TFCN17291Y1_011171-T1
TFCN17291Y1_003173-T1__TFCN17291Y1_009466-T1	NaN	NaN	NaN	NaN	NaN	NaN	NaN	NaN	GF00000030	Rhodotorula_mucilaginosa_TFCN_17-291Y-1.cds.fa_03140	Rhodotorula_mucilaginosa_TFCN_17-291Y-1.cds.fa_09346	NaN	NaN	NaN	NaN	NaN	NaN	NaN	NaN	TFCN17291Y1_003173-T1	TFCN17291Y1_009466-T1
TFCN17291Y1_003173-T1__TFCN17291Y1_012884-T1	NaN	NaN	NaN	NaN	NaN	NaN	NaN	NaN	GF00000030	Rhodotorula_mucilaginosa_TFCN_17-291Y-1.cds.fa_03140	Rhodotorula_mucilaginosa_TFCN_17-291Y-1.cds.fa_12679	NaN	NaN	NaN	NaN	NaN	NaN	NaN	NaN	TFCN17291Y1_003173-T1	TFCN17291Y1_012884-T1
TFCN17291Y1_003173-T1__TFCN17291Y1_012918-T1	NaN	NaN	NaN	NaN	NaN	NaN	NaN	NaN	GF00000030	Rhodotorula_mucilaginosa_TFCN_17-291Y-1.cds.fa_03140	Rhodotorula_mucilaginosa_TFCN_17-291Y-1.cds.fa_12711	NaN	NaN	NaN	NaN	NaN	NaN	NaN	NaN	TFCN17291Y1_003173-T1	TFCN17291Y1_012918-T1
TFCN17291Y1_003173-T1__TFCN17291Y1_009462-T1	NaN	NaN	NaN	NaN	NaN	NaN	NaN	NaN	GF00000030	Rhodotorula_mucilaginosa_TFCN_17-291Y-1.cds.fa_03140	Rhodotorula_mucilaginosa_TFCN_17-291Y-1.cds.fa_09342	NaN	NaN	NaN	NaN	NaN	NaN	NaN	NaN	TFCN17291Y1_003173-T1	TFCN17291Y1_009462-T1
TFCN17291Y1_003173-T1__TFCN17291Y1_012882-T1	NaN	NaN	NaN	NaN	NaN	NaN	NaN	NaN	GF00000030	Rhodotorula_mucilaginosa_TFCN_17-291Y-1.cds.fa_03140	Rhodotorula_mucilaginosa_TFCN_17-291Y-1.cds.fa_12677	NaN	NaN	NaN	NaN	NaN	NaN	NaN	NaN	TFCN17291Y1_003173-T1	TFCN17291Y1_012882-T1
TFCN17291Y1_003173-T1__TFCN17291Y1_012965-T1	NaN	NaN	NaN	NaN	NaN	NaN	NaN	NaN	GF00000030	Rhodotorula_mucilaginosa_TFCN_17-291Y-1.cds.fa_03140	Rhodotorula_mucilaginosa_TFCN_17-291Y-1.cds.fa_12753	NaN	NaN	NaN	NaN	NaN	NaN	NaN	NaN	TFCN17291Y1_003173-T1	TFCN17291Y1_012965-T1
TFCN17291Y1_003565-T1__TFCN17291Y1_011171-T1	NaN	NaN	NaN	NaN	NaN	NaN	NaN	NaN	GF00000030	Rhodotorula_mucilaginosa_TFCN_17-291Y-1.cds.fa_03527	Rhodotorula_mucilaginosa_TFCN_17-291Y-1.cds.fa_11023	NaN	NaN	NaN	NaN	NaN	NaN	NaN	NaN	TFCN17291Y1_003565-T1	TFCN17291Y1_011171-T1
TFCN17291Y1_003565-T1__TFCN17291Y1_009466-T1	NaN	NaN	NaN	NaN	NaN	NaN	NaN	NaN	GF00000030	Rhodotorula_mucilaginosa_TFCN_17-291Y-1.cds.fa_03527	Rhodotorula_mucilaginosa_TFCN_17-291Y-1.cds.fa_09346	NaN	NaN	NaN	NaN	NaN	NaN	NaN	NaN	TFCN17291Y1_003565-T1	TFCN17291Y1_009466-T1
TFCN17291Y1_003565-T1__TFCN17291Y1_012884-T1	NaN	NaN	NaN	NaN	NaN	NaN	NaN	NaN	GF00000030	Rhodotorula_mucilaginosa_TFCN_17-291Y-1.cds.fa_03527	Rhodotorula_mucilaginosa_TFCN_17-291Y-1.cds.fa_12679	NaN	NaN	NaN	NaN	NaN	NaN	NaN	NaN	TFCN17291Y1_003565-T1	TFCN17291Y1_012884-T1
TFCN17291Y1_003565-T1__TFCN17291Y1_012918-T1	NaN	NaN	NaN	NaN	NaN	NaN	NaN	NaN	GF00000030	Rhodotorula_mucilaginosa_TFCN_17-291Y-1.cds.fa_03527	Rhodotorula_mucilaginosa_TFCN_17-291Y-1.cds.fa_12711	NaN	NaN	NaN	NaN	NaN	NaN	NaN	NaN	TFCN17291Y1_003565-T1	TFCN17291Y1_012918-T1
TFCN17291Y1_003565-T1__TFCN17291Y1_009462-T1	NaN	NaN	NaN	NaN	NaN	NaN	NaN	NaN	GF00000030	Rhodotorula_mucilaginosa_TFCN_17-291Y-1.cds.fa_03527	Rhodotorula_mucilaginosa_TFCN_17-291Y-1.cds.fa_09342	NaN	NaN	NaN	NaN	NaN	NaN	NaN	NaN	TFCN17291Y1_003565-T1	TFCN17291Y1_009462-T1
TFCN17291Y1_003565-T1__TFCN17291Y1_012882-T1	NaN	NaN	NaN	NaN	NaN	NaN	NaN	NaN	GF00000030	Rhodotorula_mucilaginosa_TFCN_17-291Y-1.cds.fa_03527	Rhodotorula_mucilaginosa_TFCN_17-291Y-1.cds.fa_12677	NaN	NaN	NaN	NaN	NaN	NaN	NaN	NaN	TFCN17291Y1_003565-T1	TFCN17291Y1_012882-T1
TFCN17291Y1_003565-T1__TFCN17291Y1_012965-T1	NaN	NaN	NaN	NaN	NaN	NaN	NaN	NaN	GF00000030	Rhodotorula_mucilaginosa_TFCN_17-291Y-1.cds.fa_03527	Rhodotorula_mucilaginosa_TFCN_17-291Y-1.cds.fa_12753	NaN	NaN	NaN	NaN	NaN	NaN	NaN	NaN	TFCN17291Y1_003565-T1	TFCN17291Y1_012965-T1
TFCN17291Y1_009466-T1__TFCN17291Y1_011171-T1	NaN	NaN	NaN	NaN	NaN	NaN	NaN	NaN	GF00000030	Rhodotorula_mucilaginosa_TFCN_17-291Y-1.cds.fa_11023	Rhodotorula_mucilaginosa_TFCN_17-291Y-1.cds.fa_09346	NaN	NaN	NaN	NaN	NaN	NaN	NaN	NaN	TFCN17291Y1_011171-T1	TFCN17291Y1_009466-T1
TFCN17291Y1_011171-T1__TFCN17291Y1_012884-T1	NaN	NaN	NaN	NaN	NaN	NaN	NaN	NaN	GF00000030	Rhodotorula_mucilaginosa_TFCN_17-291Y-1.cds.fa_11023	Rhodotorula_mucilaginosa_TFCN_17-291Y-1.cds.fa_12679	NaN	NaN	NaN	NaN	NaN	NaN	NaN	NaN	TFCN17291Y1_011171-T1	TFCN17291Y1_012884-T1
TFCN17291Y1_011171-T1__TFCN17291Y1_012918-T1	NaN	NaN	NaN	NaN	NaN	NaN	NaN	NaN	GF00000030	Rhodotorula_mucilaginosa_TFCN_17-291Y-1.cds.fa_11023	Rhodotorula_mucilaginosa_TFCN_17-291Y-1.cds.fa_12711	NaN	NaN	NaN	NaN	NaN	NaN	NaN	NaN	TFCN17291Y1_011171-T1	TFCN17291Y1_012918-T1
TFCN17291Y1_009462-T1__TFCN17291Y1_011171-T1	NaN	NaN	NaN	NaN	NaN	NaN	NaN	NaN	GF00000030	Rhodotorula_mucilaginosa_TFCN_17-291Y-1.cds.fa_11023	Rhodotorula_mucilaginosa_TFCN_17-291Y-1.cds.fa_09342	NaN	NaN	NaN	NaN	NaN	NaN	NaN	NaN	TFCN17291Y1_011171-T1	TFCN17291Y1_009462-T1
TFCN17291Y1_011171-T1__TFCN17291Y1_012882-T1	NaN	NaN	NaN	NaN	NaN	NaN	NaN	NaN	GF00000030	Rhodotorula_mucilaginosa_TFCN_17-291Y-1.cds.fa_11023	Rhodotorula_mucilaginosa_TFCN_17-291Y-1.cds.fa_12677	NaN	NaN	NaN	NaN	NaN	NaN	NaN	NaN	TFCN17291Y1_011171-T1	TFCN17291Y1_012882-T1
TFCN17291Y1_011171-T1__TFCN17291Y1_012965-T1	NaN	NaN	NaN	NaN	NaN	NaN	NaN	NaN	GF00000030	Rhodotorula_mucilaginosa_TFCN_17-291Y-1.cds.fa_11023	Rhodotorula_mucilaginosa_TFCN_17-291Y-1.cds.fa_12753	NaN	NaN	NaN	NaN	NaN	NaN	NaN	NaN	TFCN17291Y1_011171-T1	TFCN17291Y1_012965-T1
TFCN17291Y1_009466-T1__TFCN17291Y1_012884-T1	NaN	NaN	NaN	NaN	NaN	NaN	NaN	NaN	GF00000030	Rhodotorula_mucilaginosa_TFCN_17-291Y-1.cds.fa_09346	Rhodotorula_mucilaginosa_TFCN_17-291Y-1.cds.fa_12679	NaN	NaN	NaN	NaN	NaN	NaN	NaN	NaN	TFCN17291Y1_009466-T1	TFCN17291Y1_012884-T1
TFCN17291Y1_009466-T1__TFCN17291Y1_012918-T1	NaN	NaN	NaN	NaN	NaN	NaN	NaN	NaN	GF00000030	Rhodotorula_mucilaginosa_TFCN_17-291Y-1.cds.fa_09346	Rhodotorula_mucilaginosa_TFCN_17-291Y-1.cds.fa_12711	NaN	NaN	NaN	NaN	NaN	NaN	NaN	NaN	TFCN17291Y1_009466-T1	TFCN17291Y1_012918-T1
TFCN17291Y1_009462-T1__TFCN17291Y1_009466-T1	NaN	NaN	NaN	NaN	NaN	NaN	NaN	NaN	GF00000030	Rhodotorula_mucilaginosa_TFCN_17-291Y-1.cds.fa_09346	Rhodotorula_mucilaginosa_TFCN_17-291Y-1.cds.fa_09342	NaN	NaN	NaN	NaN	NaN	NaN	NaN	NaN	TFCN17291Y1_009466-T1	TFCN17291Y1_009462-T1
TFCN17291Y1_009466-T1__TFCN17291Y1_012882-T1	NaN	NaN	NaN	NaN	NaN	NaN	NaN	NaN	GF00000030	Rhodotorula_mucilaginosa_TFCN_17-291Y-1.cds.fa_09346	Rhodotorula_mucilaginosa_TFCN_17-291Y-1.cds.fa_12677	NaN	NaN	NaN	NaN	NaN	NaN	NaN	NaN	TFCN17291Y1_009466-T1	TFCN17291Y1_012882-T1
TFCN17291Y1_009466-T1__TFCN17291Y1_012965-T1	NaN	NaN	NaN	NaN	NaN	NaN	NaN	NaN	GF00000030	Rhodotorula_mucilaginosa_TFCN_17-291Y-1.cds.fa_09346	Rhodotorula_mucilaginosa_TFCN_17-291Y-1.cds.fa_12753	NaN	NaN	NaN	NaN	NaN	NaN	NaN	NaN	TFCN17291Y1_009466-T1	TFCN17291Y1_012965-T1
TFCN17291Y1_012884-T1__TFCN17291Y1_012918-T1	NaN	NaN	NaN	NaN	NaN	NaN	NaN	NaN	GF00000030	Rhodotorula_mucilaginosa_TFCN_17-291Y-1.cds.fa_12679	Rhodotorula_mucilaginosa_TFCN_17-291Y-1.cds.fa_12711	NaN	NaN	NaN	NaN	NaN	NaN	NaN	NaN	TFCN17291Y1_012884-T1	TFCN17291Y1_012918-T1
TFCN17291Y1_009462-T1__TFCN17291Y1_012884-T1	NaN	NaN	NaN	NaN	NaN	NaN	NaN	NaN	GF00000030	Rhodotorula_mucilaginosa_TFCN_17-291Y-1.cds.fa_12679	Rhodotorula_mucilaginosa_TFCN_17-291Y-1.cds.fa_09342	NaN	NaN	NaN	NaN	NaN	NaN	NaN	NaN	TFCN17291Y1_012884-T1	TFCN17291Y1_009462-T1
TFCN17291Y1_012882-T1__TFCN17291Y1_012884-T1	NaN	NaN	NaN	NaN	NaN	NaN	NaN	NaN	GF00000030	Rhodotorula_mucilaginosa_TFCN_17-291Y-1.cds.fa_12679	Rhodotorula_mucilaginosa_TFCN_17-291Y-1.cds.fa_12677	NaN	NaN	NaN	NaN	NaN	NaN	NaN	NaN	TFCN17291Y1_012884-T1	TFCN17291Y1_012882-T1
TFCN17291Y1_012884-T1__TFCN17291Y1_012965-T1	NaN	NaN	NaN	NaN	NaN	NaN	NaN	NaN	GF00000030	Rhodotorula_mucilaginosa_TFCN_17-291Y-1.cds.fa_12679	Rhodotorula_mucilaginosa_TFCN_17-291Y-1.cds.fa_12753	NaN	NaN	NaN	NaN	NaN	NaN	NaN	NaN	TFCN17291Y1_012884-T1	TFCN17291Y1_012965-T1
TFCN17291Y1_009462-T1__TFCN17291Y1_012918-T1	NaN	NaN	NaN	NaN	NaN	NaN	NaN	NaN	GF00000030	Rhodotorula_mucilaginosa_TFCN_17-291Y-1.cds.fa_12711	Rhodotorula_mucilaginosa_TFCN_17-291Y-1.cds.fa_09342	NaN	NaN	NaN	NaN	NaN	NaN	NaN	NaN	TFCN17291Y1_012918-T1	TFCN17291Y1_009462-T1
TFCN17291Y1_012882-T1__TFCN17291Y1_012918-T1	NaN	NaN	NaN	NaN	NaN	NaN	NaN	NaN	GF00000030	Rhodotorula_mucilaginosa_TFCN_17-291Y-1.cds.fa_12711	Rhodotorula_mucilaginosa_TFCN_17-291Y-1.cds.fa_12677	NaN	NaN	NaN	NaN	NaN	NaN	NaN	NaN	TFCN17291Y1_012918-T1	TFCN17291Y1_012882-T1
TFCN17291Y1_012918-T1__TFCN17291Y1_012965-T1	NaN	NaN	NaN	NaN	NaN	NaN	NaN	NaN	GF00000030	Rhodotorula_mucilaginosa_TFCN_17-291Y-1.cds.fa_12711	Rhodotorula_mucilaginosa_TFCN_17-291Y-1.cds.fa_12753	NaN	NaN	NaN	NaN	NaN	NaN	NaN	NaN	TFCN17291Y1_012918-T1	TFCN17291Y1_012965-T1
TFCN17291Y1_009462-T1__TFCN17291Y1_012882-T1	NaN	NaN	NaN	NaN	NaN	NaN	NaN	NaN	GF00000030	Rhodotorula_mucilaginosa_TFCN_17-291Y-1.cds.fa_09342	Rhodotorula_mucilaginosa_TFCN_17-291Y-1.cds.fa_12677	NaN	NaN	NaN	NaN	NaN	NaN	NaN	NaN	TFCN17291Y1_009462-T1	TFCN17291Y1_012882-T1
TFCN17291Y1_009462-T1__TFCN17291Y1_012965-T1	NaN	NaN	NaN	NaN	NaN	NaN	NaN	NaN	GF00000030	Rhodotorula_mucilaginosa_TFCN_17-291Y-1.cds.fa_09342	Rhodotorula_mucilaginosa_TFCN_17-291Y-1.cds.fa_12753	NaN	NaN	NaN	NaN	NaN	NaN	NaN	NaN	TFCN17291Y1_009462-T1	TFCN17291Y1_012965-T1
TFCN17291Y1_012882-T1__TFCN17291Y1_012965-T1	NaN	NaN	NaN	NaN	NaN	NaN	NaN	NaN	GF00000030	Rhodotorula_mucilaginosa_TFCN_17-291Y-1.cds.fa_12677	Rhodotorula_mucilaginosa_TFCN_17-291Y-1.cds.fa_12753	NaN	NaN	NaN	NaN	NaN	NaN	NaN	NaN	TFCN17291Y1_012882-T1	TFCN17291Y1_012965-T1
TFCN17291Y1_003025-T1__TFCN17291Y1_003277-T1	NaN	NaN	NaN	NaN	NaN	NaN	NaN	NaN	GF00000031	Rhodotorula_mucilaginosa_TFCN_17-291Y-1.cds.fa_02994	Rhodotorula_mucilaginosa_TFCN_17-291Y-1.cds.fa_03244	NaN	NaN	NaN	NaN	NaN	NaN	NaN	NaN	TFCN17291Y1_003025-T1	TFCN17291Y1_003277-T1
TFCN17291Y1_001963-T1__TFCN17291Y1_003025-T1	NaN	NaN	NaN	NaN	NaN	NaN	NaN	NaN	GF00000031	Rhodotorula_mucilaginosa_TFCN_17-291Y-1.cds.fa_02994	Rhodotorula_mucilaginosa_TFCN_17-291Y-1.cds.fa_01953	NaN	NaN	NaN	NaN	NaN	NaN	NaN	NaN	TFCN17291Y1_003025-T1	TFCN17291Y1_001963-T1
TFCN17291Y1_003025-T1__TFCN17291Y1_009229-T1	NaN	NaN	NaN	NaN	NaN	NaN	NaN	NaN	GF00000031	Rhodotorula_mucilaginosa_TFCN_17-291Y-1.cds.fa_02994	Rhodotorula_mucilaginosa_TFCN_17-291Y-1.cds.fa_09110	NaN	NaN	NaN	NaN	NaN	NaN	NaN	NaN	TFCN17291Y1_003025-T1	TFCN17291Y1_009229-T1
TFCN17291Y1_003025-T1__TFCN17291Y1_008895-T1	NaN	NaN	NaN	NaN	NaN	NaN	NaN	NaN	GF00000031	Rhodotorula_mucilaginosa_TFCN_17-291Y-1.cds.fa_02994	Rhodotorula_mucilaginosa_TFCN_17-291Y-1.cds.fa_08783	NaN	NaN	NaN	NaN	NaN	NaN	NaN	NaN	TFCN17291Y1_003025-T1	TFCN17291Y1_008895-T1
TFCN17291Y1_003025-T1__TFCN17291Y1_009358-T1	NaN	NaN	NaN	NaN	NaN	NaN	NaN	NaN	GF00000031	Rhodotorula_mucilaginosa_TFCN_17-291Y-1.cds.fa_02994	Rhodotorula_mucilaginosa_TFCN_17-291Y-1.cds.fa_09239	NaN	NaN	NaN	NaN	NaN	NaN	NaN	NaN	TFCN17291Y1_003025-T1	TFCN17291Y1_009358-T1
TFCN17291Y1_003025-T1__TFCN17291Y1_003026-T1	NaN	NaN	NaN	NaN	NaN	NaN	NaN	NaN	GF00000031	Rhodotorula_mucilaginosa_TFCN_17-291Y-1.cds.fa_02994	Rhodotorula_mucilaginosa_TFCN_17-291Y-1.cds.fa_02995	NaN	NaN	NaN	NaN	NaN	NaN	NaN	NaN	TFCN17291Y1_003025-T1	TFCN17291Y1_003026-T1
TFCN17291Y1_003025-T1__TFCN17291Y1_009357-T1	NaN	NaN	NaN	NaN	NaN	NaN	NaN	NaN	GF00000031	Rhodotorula_mucilaginosa_TFCN_17-291Y-1.cds.fa_02994	Rhodotorula_mucilaginosa_TFCN_17-291Y-1.cds.fa_09238	NaN	NaN	NaN	NaN	NaN	NaN	NaN	NaN	TFCN17291Y1_003025-T1	TFCN17291Y1_009357-T1
TFCN17291Y1_003025-T1__TFCN17291Y1_003278-T1	NaN	NaN	NaN	NaN	NaN	NaN	NaN	NaN	GF00000031	Rhodotorula_mucilaginosa_TFCN_17-291Y-1.cds.fa_02994	Rhodotorula_mucilaginosa_TFCN_17-291Y-1.cds.fa_03245	NaN	NaN	NaN	NaN	NaN	NaN	NaN	NaN	TFCN17291Y1_003025-T1	TFCN17291Y1_003278-T1
TFCN17291Y1_001963-T1__TFCN17291Y1_003277-T1	NaN	NaN	NaN	NaN	NaN	NaN	NaN	NaN	GF00000031	Rhodotorula_mucilaginosa_TFCN_17-291Y-1.cds.fa_03244	Rhodotorula_mucilaginosa_TFCN_17-291Y-1.cds.fa_01953	NaN	NaN	NaN	NaN	NaN	NaN	NaN	NaN	TFCN17291Y1_003277-T1	TFCN17291Y1_001963-T1
TFCN17291Y1_003277-T1__TFCN17291Y1_009229-T1	NaN	NaN	NaN	NaN	NaN	NaN	NaN	NaN	GF00000031	Rhodotorula_mucilaginosa_TFCN_17-291Y-1.cds.fa_03244	Rhodotorula_mucilaginosa_TFCN_17-291Y-1.cds.fa_09110	NaN	NaN	NaN	NaN	NaN	NaN	NaN	NaN	TFCN17291Y1_003277-T1	TFCN17291Y1_009229-T1
TFCN17291Y1_003277-T1__TFCN17291Y1_008895-T1	NaN	NaN	NaN	NaN	NaN	NaN	NaN	NaN	GF00000031	Rhodotorula_mucilaginosa_TFCN_17-291Y-1.cds.fa_03244	Rhodotorula_mucilaginosa_TFCN_17-291Y-1.cds.fa_08783	NaN	NaN	NaN	NaN	NaN	NaN	NaN	NaN	TFCN17291Y1_003277-T1	TFCN17291Y1_008895-T1
TFCN17291Y1_003277-T1__TFCN17291Y1_009358-T1	NaN	NaN	NaN	NaN	NaN	NaN	NaN	NaN	GF00000031	Rhodotorula_mucilaginosa_TFCN_17-291Y-1.cds.fa_03244	Rhodotorula_mucilaginosa_TFCN_17-291Y-1.cds.fa_09239	NaN	NaN	NaN	NaN	NaN	NaN	NaN	NaN	TFCN17291Y1_003277-T1	TFCN17291Y1_009358-T1
TFCN17291Y1_003026-T1__TFCN17291Y1_003277-T1	NaN	NaN	NaN	NaN	NaN	NaN	NaN	NaN	GF00000031	Rhodotorula_mucilaginosa_TFCN_17-291Y-1.cds.fa_03244	Rhodotorula_mucilaginosa_TFCN_17-291Y-1.cds.fa_02995	NaN	NaN	NaN	NaN	NaN	NaN	NaN	NaN	TFCN17291Y1_003277-T1	TFCN17291Y1_003026-T1
TFCN17291Y1_003277-T1__TFCN17291Y1_009357-T1	NaN	NaN	NaN	NaN	NaN	NaN	NaN	NaN	GF00000031	Rhodotorula_mucilaginosa_TFCN_17-291Y-1.cds.fa_03244	Rhodotorula_mucilaginosa_TFCN_17-291Y-1.cds.fa_09238	NaN	NaN	NaN	NaN	NaN	NaN	NaN	NaN	TFCN17291Y1_003277-T1	TFCN17291Y1_009357-T1
TFCN17291Y1_003277-T1__TFCN17291Y1_003278-T1	NaN	NaN	NaN	NaN	NaN	NaN	NaN	NaN	GF00000031	Rhodotorula_mucilaginosa_TFCN_17-291Y-1.cds.fa_03244	Rhodotorula_mucilaginosa_TFCN_17-291Y-1.cds.fa_03245	NaN	NaN	NaN	NaN	NaN	NaN	NaN	NaN	TFCN17291Y1_003277-T1	TFCN17291Y1_003278-T1
TFCN17291Y1_001963-T1__TFCN17291Y1_009229-T1	NaN	NaN	NaN	NaN	NaN	NaN	NaN	NaN	GF00000031	Rhodotorula_mucilaginosa_TFCN_17-291Y-1.cds.fa_01953	Rhodotorula_mucilaginosa_TFCN_17-291Y-1.cds.fa_09110	NaN	NaN	NaN	NaN	NaN	NaN	NaN	NaN	TFCN17291Y1_001963-T1	TFCN17291Y1_009229-T1
TFCN17291Y1_001963-T1__TFCN17291Y1_008895-T1	NaN	NaN	NaN	NaN	NaN	NaN	NaN	NaN	GF00000031	Rhodotorula_mucilaginosa_TFCN_17-291Y-1.cds.fa_01953	Rhodotorula_mucilaginosa_TFCN_17-291Y-1.cds.fa_08783	NaN	NaN	NaN	NaN	NaN	NaN	NaN	NaN	TFCN17291Y1_001963-T1	TFCN17291Y1_008895-T1
TFCN17291Y1_001963-T1__TFCN17291Y1_009358-T1	NaN	NaN	NaN	NaN	NaN	NaN	NaN	NaN	GF00000031	Rhodotorula_mucilaginosa_TFCN_17-291Y-1.cds.fa_01953	Rhodotorula_mucilaginosa_TFCN_17-291Y-1.cds.fa_09239	NaN	NaN	NaN	NaN	NaN	NaN	NaN	NaN	TFCN17291Y1_001963-T1	TFCN17291Y1_009358-T1
TFCN17291Y1_001963-T1__TFCN17291Y1_003026-T1	NaN	NaN	NaN	NaN	NaN	NaN	NaN	NaN	GF00000031	Rhodotorula_mucilaginosa_TFCN_17-291Y-1.cds.fa_01953	Rhodotorula_mucilaginosa_TFCN_17-291Y-1.cds.fa_02995	NaN	NaN	NaN	NaN	NaN	NaN	NaN	NaN	TFCN17291Y1_001963-T1	TFCN17291Y1_003026-T1
TFCN17291Y1_001963-T1__TFCN17291Y1_009357-T1	NaN	NaN	NaN	NaN	NaN	NaN	NaN	NaN	GF00000031	Rhodotorula_mucilaginosa_TFCN_17-291Y-1.cds.fa_01953	Rhodotorula_mucilaginosa_TFCN_17-291Y-1.cds.fa_09238	NaN	NaN	NaN	NaN	NaN	NaN	NaN	NaN	TFCN17291Y1_001963-T1	TFCN17291Y1_009357-T1
TFCN17291Y1_001963-T1__TFCN17291Y1_003278-T1	NaN	NaN	NaN	NaN	NaN	NaN	NaN	NaN	GF00000031	Rhodotorula_mucilaginosa_TFCN_17-291Y-1.cds.fa_01953	Rhodotorula_mucilaginosa_TFCN_17-291Y-1.cds.fa_03245	NaN	NaN	NaN	NaN	NaN	NaN	NaN	NaN	TFCN17291Y1_001963-T1	TFCN17291Y1_003278-T1
TFCN17291Y1_008895-T1__TFCN17291Y1_009229-T1	NaN	NaN	NaN	NaN	NaN	NaN	NaN	NaN	GF00000031	Rhodotorula_mucilaginosa_TFCN_17-291Y-1.cds.fa_09110	Rhodotorula_mucilaginosa_TFCN_17-291Y-1.cds.fa_08783	NaN	NaN	NaN	NaN	NaN	NaN	NaN	NaN	TFCN17291Y1_009229-T1	TFCN17291Y1_008895-T1
TFCN17291Y1_009229-T1__TFCN17291Y1_009358-T1	NaN	NaN	NaN	NaN	NaN	NaN	NaN	NaN	GF00000031	Rhodotorula_mucilaginosa_TFCN_17-291Y-1.cds.fa_09110	Rhodotorula_mucilaginosa_TFCN_17-291Y-1.cds.fa_09239	NaN	NaN	NaN	NaN	NaN	NaN	NaN	NaN	TFCN17291Y1_009229-T1	TFCN17291Y1_009358-T1
TFCN17291Y1_003026-T1__TFCN17291Y1_009229-T1	NaN	NaN	NaN	NaN	NaN	NaN	NaN	NaN	GF00000031	Rhodotorula_mucilaginosa_TFCN_17-291Y-1.cds.fa_09110	Rhodotorula_mucilaginosa_TFCN_17-291Y-1.cds.fa_02995	NaN	NaN	NaN	NaN	NaN	NaN	NaN	NaN	TFCN17291Y1_009229-T1	TFCN17291Y1_003026-T1
TFCN17291Y1_009229-T1__TFCN17291Y1_009357-T1	NaN	NaN	NaN	NaN	NaN	NaN	NaN	NaN	GF00000031	Rhodotorula_mucilaginosa_TFCN_17-291Y-1.cds.fa_09110	Rhodotorula_mucilaginosa_TFCN_17-291Y-1.cds.fa_09238	NaN	NaN	NaN	NaN	NaN	NaN	NaN	NaN	TFCN17291Y1_009229-T1	TFCN17291Y1_009357-T1
TFCN17291Y1_003278-T1__TFCN17291Y1_009229-T1	NaN	NaN	NaN	NaN	NaN	NaN	NaN	NaN	GF00000031	Rhodotorula_mucilaginosa_TFCN_17-291Y-1.cds.fa_09110	Rhodotorula_mucilaginosa_TFCN_17-291Y-1.cds.fa_03245	NaN	NaN	NaN	NaN	NaN	NaN	NaN	NaN	TFCN17291Y1_009229-T1	TFCN17291Y1_003278-T1
TFCN17291Y1_008895-T1__TFCN17291Y1_009358-T1	NaN	NaN	NaN	NaN	NaN	NaN	NaN	NaN	GF00000031	Rhodotorula_mucilaginosa_TFCN_17-291Y-1.cds.fa_08783	Rhodotorula_mucilaginosa_TFCN_17-291Y-1.cds.fa_09239	NaN	NaN	NaN	NaN	NaN	NaN	NaN	NaN	TFCN17291Y1_008895-T1	TFCN17291Y1_009358-T1
TFCN17291Y1_003026-T1__TFCN17291Y1_008895-T1	NaN	NaN	NaN	NaN	NaN	NaN	NaN	NaN	GF00000031	Rhodotorula_mucilaginosa_TFCN_17-291Y-1.cds.fa_08783	Rhodotorula_mucilaginosa_TFCN_17-291Y-1.cds.fa_02995	NaN	NaN	NaN	NaN	NaN	NaN	NaN	NaN	TFCN17291Y1_008895-T1	TFCN17291Y1_003026-T1
TFCN17291Y1_008895-T1__TFCN17291Y1_009357-T1	NaN	NaN	NaN	NaN	NaN	NaN	NaN	NaN	GF00000031	Rhodotorula_mucilaginosa_TFCN_17-291Y-1.cds.fa_08783	Rhodotorula_mucilaginosa_TFCN_17-291Y-1.cds.fa_09238	NaN	NaN	NaN	NaN	NaN	NaN	NaN	NaN	TFCN17291Y1_008895-T1	TFCN17291Y1_009357-T1
TFCN17291Y1_003278-T1__TFCN17291Y1_008895-T1	NaN	NaN	NaN	NaN	NaN	NaN	NaN	NaN	GF00000031	Rhodotorula_mucilaginosa_TFCN_17-291Y-1.cds.fa_08783	Rhodotorula_mucilaginosa_TFCN_17-291Y-1.cds.fa_03245	NaN	NaN	NaN	NaN	NaN	NaN	NaN	NaN	TFCN17291Y1_008895-T1	TFCN17291Y1_003278-T1
TFCN17291Y1_003026-T1__TFCN17291Y1_009358-T1	NaN	NaN	NaN	NaN	NaN	NaN	NaN	NaN	GF00000031	Rhodotorula_mucilaginosa_TFCN_17-291Y-1.cds.fa_09239	Rhodotorula_mucilaginosa_TFCN_17-291Y-1.cds.fa_02995	NaN	NaN	NaN	NaN	NaN	NaN	NaN	NaN	TFCN17291Y1_009358-T1	TFCN17291Y1_003026-T1
TFCN17291Y1_009357-T1__TFCN17291Y1_009358-T1	NaN	NaN	NaN	NaN	NaN	NaN	NaN	NaN	GF00000031	Rhodotorula_mucilaginosa_TFCN_17-291Y-1.cds.fa_09239	Rhodotorula_mucilaginosa_TFCN_17-291Y-1.cds.fa_09238	NaN	NaN	NaN	NaN	NaN	NaN	NaN	NaN	TFCN17291Y1_009358-T1	TFCN17291Y1_009357-T1
TFCN17291Y1_003278-T1__TFCN17291Y1_009358-T1	NaN	NaN	NaN	NaN	NaN	NaN	NaN	NaN	GF00000031	Rhodotorula_mucilaginosa_TFCN_17-291Y-1.cds.fa_09239	Rhodotorula_mucilaginosa_TFCN_17-291Y-1.cds.fa_03245	NaN	NaN	NaN	NaN	NaN	NaN	NaN	NaN	TFCN17291Y1_009358-T1	TFCN17291Y1_003278-T1
TFCN17291Y1_003026-T1__TFCN17291Y1_009357-T1	NaN	NaN	NaN	NaN	NaN	NaN	NaN	NaN	GF00000031	Rhodotorula_mucilaginosa_TFCN_17-291Y-1.cds.fa_02995	Rhodotorula_mucilaginosa_TFCN_17-291Y-1.cds.fa_09238	NaN	NaN	NaN	NaN	NaN	NaN	NaN	NaN	TFCN17291Y1_003026-T1	TFCN17291Y1_009357-T1
TFCN17291Y1_003026-T1__TFCN17291Y1_003278-T1	NaN	NaN	NaN	NaN	NaN	NaN	NaN	NaN	GF00000031	Rhodotorula_mucilaginosa_TFCN_17-291Y-1.cds.fa_02995	Rhodotorula_mucilaginosa_TFCN_17-291Y-1.cds.fa_03245	NaN	NaN	NaN	NaN	NaN	NaN	NaN	NaN	TFCN17291Y1_003026-T1	TFCN17291Y1_003278-T1
TFCN17291Y1_003278-T1__TFCN17291Y1_009357-T1	NaN	NaN	NaN	NaN	NaN	NaN	NaN	NaN	GF00000031	Rhodotorula_mucilaginosa_TFCN_17-291Y-1.cds.fa_09238	Rhodotorula_mucilaginosa_TFCN_17-291Y-1.cds.fa_03245	NaN	NaN	NaN	NaN	NaN	NaN	NaN	NaN	TFCN17291Y1_009357-T1	TFCN17291Y1_003278-T1
TFCN17291Y1_009306-T1__TFCN17291Y1_011920-T1	NaN	NaN	NaN	NaN	NaN	NaN	NaN	NaN	GF00000036	Rhodotorula_mucilaginosa_TFCN_17-291Y-1.cds.fa_09187	Rhodotorula_mucilaginosa_TFCN_17-291Y-1.cds.fa_11750	NaN	NaN	NaN	NaN	NaN	NaN	NaN	NaN	TFCN17291Y1_009306-T1	TFCN17291Y1_011920-T1
TFCN17291Y1_008583-T1__TFCN17291Y1_009306-T1	NaN	NaN	NaN	NaN	NaN	NaN	NaN	NaN	GF00000036	Rhodotorula_mucilaginosa_TFCN_17-291Y-1.cds.fa_09187	Rhodotorula_mucilaginosa_TFCN_17-291Y-1.cds.fa_08476	NaN	NaN	NaN	NaN	NaN	NaN	NaN	NaN	TFCN17291Y1_009306-T1	TFCN17291Y1_008583-T1
TFCN17291Y1_009275-T1__TFCN17291Y1_009306-T1	NaN	NaN	NaN	NaN	NaN	NaN	NaN	NaN	GF00000036	Rhodotorula_mucilaginosa_TFCN_17-291Y-1.cds.fa_09187	Rhodotorula_mucilaginosa_TFCN_17-291Y-1.cds.fa_09156	NaN	NaN	NaN	NaN	NaN	NaN	NaN	NaN	TFCN17291Y1_009306-T1	TFCN17291Y1_009275-T1
TFCN17291Y1_005003-T1__TFCN17291Y1_009306-T1	NaN	NaN	NaN	NaN	NaN	NaN	NaN	NaN	GF00000036	Rhodotorula_mucilaginosa_TFCN_17-291Y-1.cds.fa_09187	Rhodotorula_mucilaginosa_TFCN_17-291Y-1.cds.fa_04950	NaN	NaN	NaN	NaN	NaN	NaN	NaN	NaN	TFCN17291Y1_009306-T1	TFCN17291Y1_005003-T1
TFCN17291Y1_009306-T1__TFCN17291Y1_012798-T1	NaN	NaN	NaN	NaN	NaN	NaN	NaN	NaN	GF00000036	Rhodotorula_mucilaginosa_TFCN_17-291Y-1.cds.fa_09187	Rhodotorula_mucilaginosa_TFCN_17-291Y-1.cds.fa_12598	NaN	NaN	NaN	NaN	NaN	NaN	NaN	NaN	TFCN17291Y1_009306-T1	TFCN17291Y1_012798-T1
TFCN17291Y1_008096-T1__TFCN17291Y1_009306-T1	NaN	NaN	NaN	NaN	NaN	NaN	NaN	NaN	GF00000036	Rhodotorula_mucilaginosa_TFCN_17-291Y-1.cds.fa_09187	Rhodotorula_mucilaginosa_TFCN_17-291Y-1.cds.fa_07994	NaN	NaN	NaN	NaN	NaN	NaN	NaN	NaN	TFCN17291Y1_009306-T1	TFCN17291Y1_008096-T1
TFCN17291Y1_007977-T1__TFCN17291Y1_009306-T1	NaN	NaN	NaN	NaN	NaN	NaN	NaN	NaN	GF00000036	Rhodotorula_mucilaginosa_TFCN_17-291Y-1.cds.fa_09187	Rhodotorula_mucilaginosa_TFCN_17-291Y-1.cds.fa_07878	NaN	NaN	NaN	NaN	NaN	NaN	NaN	NaN	TFCN17291Y1_009306-T1	TFCN17291Y1_007977-T1
TFCN17291Y1_007976-T1__TFCN17291Y1_009306-T1	NaN	NaN	NaN	NaN	NaN	NaN	NaN	NaN	GF00000036	Rhodotorula_mucilaginosa_TFCN_17-291Y-1.cds.fa_09187	Rhodotorula_mucilaginosa_TFCN_17-291Y-1.cds.fa_07877	NaN	NaN	NaN	NaN	NaN	NaN	NaN	NaN	TFCN17291Y1_009306-T1	TFCN17291Y1_007976-T1
TFCN17291Y1_008583-T1__TFCN17291Y1_011920-T1	NaN	NaN	NaN	NaN	NaN	NaN	NaN	NaN	GF00000036	Rhodotorula_mucilaginosa_TFCN_17-291Y-1.cds.fa_11750	Rhodotorula_mucilaginosa_TFCN_17-291Y-1.cds.fa_08476	NaN	NaN	NaN	NaN	NaN	NaN	NaN	NaN	TFCN17291Y1_011920-T1	TFCN17291Y1_008583-T1
TFCN17291Y1_009275-T1__TFCN17291Y1_011920-T1	NaN	NaN	NaN	NaN	NaN	NaN	NaN	NaN	GF00000036	Rhodotorula_mucilaginosa_TFCN_17-291Y-1.cds.fa_11750	Rhodotorula_mucilaginosa_TFCN_17-291Y-1.cds.fa_09156	NaN	NaN	NaN	NaN	NaN	NaN	NaN	NaN	TFCN17291Y1_011920-T1	TFCN17291Y1_009275-T1
TFCN17291Y1_005003-T1__TFCN17291Y1_011920-T1	NaN	NaN	NaN	NaN	NaN	NaN	NaN	NaN	GF00000036	Rhodotorula_mucilaginosa_TFCN_17-291Y-1.cds.fa_11750	Rhodotorula_mucilaginosa_TFCN_17-291Y-1.cds.fa_04950	NaN	NaN	NaN	NaN	NaN	NaN	NaN	NaN	TFCN17291Y1_011920-T1	TFCN17291Y1_005003-T1
TFCN17291Y1_011920-T1__TFCN17291Y1_012798-T1	NaN	NaN	NaN	NaN	NaN	NaN	NaN	NaN	GF00000036	Rhodotorula_mucilaginosa_TFCN_17-291Y-1.cds.fa_11750	Rhodotorula_mucilaginosa_TFCN_17-291Y-1.cds.fa_12598	NaN	NaN	NaN	NaN	NaN	NaN	NaN	NaN	TFCN17291Y1_011920-T1	TFCN17291Y1_012798-T1
TFCN17291Y1_008096-T1__TFCN17291Y1_011920-T1	NaN	NaN	NaN	NaN	NaN	NaN	NaN	NaN	GF00000036	Rhodotorula_mucilaginosa_TFCN_17-291Y-1.cds.fa_11750	Rhodotorula_mucilaginosa_TFCN_17-291Y-1.cds.fa_07994	NaN	NaN	NaN	NaN	NaN	NaN	NaN	NaN	TFCN17291Y1_011920-T1	TFCN17291Y1_008096-T1
TFCN17291Y1_007977-T1__TFCN17291Y1_011920-T1	NaN	NaN	NaN	NaN	NaN	NaN	NaN	NaN	GF00000036	Rhodotorula_mucilaginosa_TFCN_17-291Y-1.cds.fa_11750	Rhodotorula_mucilaginosa_TFCN_17-291Y-1.cds.fa_07878	NaN	NaN	NaN	NaN	NaN	NaN	NaN	NaN	TFCN17291Y1_011920-T1	TFCN17291Y1_007977-T1
TFCN17291Y1_007976-T1__TFCN17291Y1_011920-T1	NaN	NaN	NaN	NaN	NaN	NaN	NaN	NaN	GF00000036	Rhodotorula_mucilaginosa_TFCN_17-291Y-1.cds.fa_11750	Rhodotorula_mucilaginosa_TFCN_17-291Y-1.cds.fa_07877	NaN	NaN	NaN	NaN	NaN	NaN	NaN	NaN	TFCN17291Y1_011920-T1	TFCN17291Y1_007976-T1
TFCN17291Y1_008583-T1__TFCN17291Y1_009275-T1	NaN	NaN	NaN	NaN	NaN	NaN	NaN	NaN	GF00000036	Rhodotorula_mucilaginosa_TFCN_17-291Y-1.cds.fa_08476	Rhodotorula_mucilaginosa_TFCN_17-291Y-1.cds.fa_09156	NaN	NaN	NaN	NaN	NaN	NaN	NaN	NaN	TFCN17291Y1_008583-T1	TFCN17291Y1_009275-T1
TFCN17291Y1_005003-T1__TFCN17291Y1_008583-T1	NaN	NaN	NaN	NaN	NaN	NaN	NaN	NaN	GF00000036	Rhodotorula_mucilaginosa_TFCN_17-291Y-1.cds.fa_08476	Rhodotorula_mucilaginosa_TFCN_17-291Y-1.cds.fa_04950	NaN	NaN	NaN	NaN	NaN	NaN	NaN	NaN	TFCN17291Y1_008583-T1	TFCN17291Y1_005003-T1
TFCN17291Y1_008583-T1__TFCN17291Y1_012798-T1	NaN	NaN	NaN	NaN	NaN	NaN	NaN	NaN	GF00000036	Rhodotorula_mucilaginosa_TFCN_17-291Y-1.cds.fa_08476	Rhodotorula_mucilaginosa_TFCN_17-291Y-1.cds.fa_12598	NaN	NaN	NaN	NaN	NaN	NaN	NaN	NaN	TFCN17291Y1_008583-T1	TFCN17291Y1_012798-T1
TFCN17291Y1_008096-T1__TFCN17291Y1_008583-T1	NaN	NaN	NaN	NaN	NaN	NaN	NaN	NaN	GF00000036	Rhodotorula_mucilaginosa_TFCN_17-291Y-1.cds.fa_08476	Rhodotorula_mucilaginosa_TFCN_17-291Y-1.cds.fa_07994	NaN	NaN	NaN	NaN	NaN	NaN	NaN	NaN	TFCN17291Y1_008583-T1	TFCN17291Y1_008096-T1
TFCN17291Y1_007977-T1__TFCN17291Y1_008583-T1	NaN	NaN	NaN	NaN	NaN	NaN	NaN	NaN	GF00000036	Rhodotorula_mucilaginosa_TFCN_17-291Y-1.cds.fa_08476	Rhodotorula_mucilaginosa_TFCN_17-291Y-1.cds.fa_07878	NaN	NaN	NaN	NaN	NaN	NaN	NaN	NaN	TFCN17291Y1_008583-T1	TFCN17291Y1_007977-T1
TFCN17291Y1_007976-T1__TFCN17291Y1_008583-T1	NaN	NaN	NaN	NaN	NaN	NaN	NaN	NaN	GF00000036	Rhodotorula_mucilaginosa_TFCN_17-291Y-1.cds.fa_08476	Rhodotorula_mucilaginosa_TFCN_17-291Y-1.cds.fa_07877	NaN	NaN	NaN	NaN	NaN	NaN	NaN	NaN	TFCN17291Y1_008583-T1	TFCN17291Y1_007976-T1
TFCN17291Y1_005003-T1__TFCN17291Y1_009275-T1	NaN	NaN	NaN	NaN	NaN	NaN	NaN	NaN	GF00000036	Rhodotorula_mucilaginosa_TFCN_17-291Y-1.cds.fa_09156	Rhodotorula_mucilaginosa_TFCN_17-291Y-1.cds.fa_04950	NaN	NaN	NaN	NaN	NaN	NaN	NaN	NaN	TFCN17291Y1_009275-T1	TFCN17291Y1_005003-T1
TFCN17291Y1_009275-T1__TFCN17291Y1_012798-T1	NaN	NaN	NaN	NaN	NaN	NaN	NaN	NaN	GF00000036	Rhodotorula_mucilaginosa_TFCN_17-291Y-1.cds.fa_09156	Rhodotorula_mucilaginosa_TFCN_17-291Y-1.cds.fa_12598	NaN	NaN	NaN	NaN	NaN	NaN	NaN	NaN	TFCN17291Y1_009275-T1	TFCN17291Y1_012798-T1
TFCN17291Y1_008096-T1__TFCN17291Y1_009275-T1	NaN	NaN	NaN	NaN	NaN	NaN	NaN	NaN	GF00000036	Rhodotorula_mucilaginosa_TFCN_17-291Y-1.cds.fa_09156	Rhodotorula_mucilaginosa_TFCN_17-291Y-1.cds.fa_07994	NaN	NaN	NaN	NaN	NaN	NaN	NaN	NaN	TFCN17291Y1_009275-T1	TFCN17291Y1_008096-T1
TFCN17291Y1_007977-T1__TFCN17291Y1_009275-T1	NaN	NaN	NaN	NaN	NaN	NaN	NaN	NaN	GF00000036	Rhodotorula_mucilaginosa_TFCN_17-291Y-1.cds.fa_09156	Rhodotorula_mucilaginosa_TFCN_17-291Y-1.cds.fa_07878	NaN	NaN	NaN	NaN	NaN	NaN	NaN	NaN	TFCN17291Y1_009275-T1	TFCN17291Y1_007977-T1
TFCN17291Y1_007976-T1__TFCN17291Y1_009275-T1	NaN	NaN	NaN	NaN	NaN	NaN	NaN	NaN	GF00000036	Rhodotorula_mucilaginosa_TFCN_17-291Y-1.cds.fa_09156	Rhodotorula_mucilaginosa_TFCN_17-291Y-1.cds.fa_07877	NaN	NaN	NaN	NaN	NaN	NaN	NaN	NaN	TFCN17291Y1_009275-T1	TFCN17291Y1_007976-T1
TFCN17291Y1_005003-T1__TFCN17291Y1_012798-T1	NaN	NaN	NaN	NaN	NaN	NaN	NaN	NaN	GF00000036	Rhodotorula_mucilaginosa_TFCN_17-291Y-1.cds.fa_04950	Rhodotorula_mucilaginosa_TFCN_17-291Y-1.cds.fa_12598	NaN	NaN	NaN	NaN	NaN	NaN	NaN	NaN	TFCN17291Y1_005003-T1	TFCN17291Y1_012798-T1
TFCN17291Y1_005003-T1__TFCN17291Y1_008096-T1	NaN	NaN	NaN	NaN	NaN	NaN	NaN	NaN	GF00000036	Rhodotorula_mucilaginosa_TFCN_17-291Y-1.cds.fa_04950	Rhodotorula_mucilaginosa_TFCN_17-291Y-1.cds.fa_07994	NaN	NaN	NaN	NaN	NaN	NaN	NaN	NaN	TFCN17291Y1_005003-T1	TFCN17291Y1_008096-T1
TFCN17291Y1_005003-T1__TFCN17291Y1_007977-T1	NaN	NaN	NaN	NaN	NaN	NaN	NaN	NaN	GF00000036	Rhodotorula_mucilaginosa_TFCN_17-291Y-1.cds.fa_04950	Rhodotorula_mucilaginosa_TFCN_17-291Y-1.cds.fa_07878	NaN	NaN	NaN	NaN	NaN	NaN	NaN	NaN	TFCN17291Y1_005003-T1	TFCN17291Y1_007977-T1
TFCN17291Y1_005003-T1__TFCN17291Y1_007976-T1	NaN	NaN	NaN	NaN	NaN	NaN	NaN	NaN	GF00000036	Rhodotorula_mucilaginosa_TFCN_17-291Y-1.cds.fa_04950	Rhodotorula_mucilaginosa_TFCN_17-291Y-1.cds.fa_07877	NaN	NaN	NaN	NaN	NaN	NaN	NaN	NaN	TFCN17291Y1_005003-T1	TFCN17291Y1_007976-T1
TFCN17291Y1_008096-T1__TFCN17291Y1_012798-T1	NaN	NaN	NaN	NaN	NaN	NaN	NaN	NaN	GF00000036	Rhodotorula_mucilaginosa_TFCN_17-291Y-1.cds.fa_12598	Rhodotorula_mucilaginosa_TFCN_17-291Y-1.cds.fa_07994	NaN	NaN	NaN	NaN	NaN	NaN	NaN	NaN	TFCN17291Y1_012798-T1	TFCN17291Y1_008096-T1
TFCN17291Y1_007977-T1__TFCN17291Y1_012798-T1	NaN	NaN	NaN	NaN	NaN	NaN	NaN	NaN	GF00000036	Rhodotorula_mucilaginosa_TFCN_17-291Y-1.cds.fa_12598	Rhodotorula_mucilaginosa_TFCN_17-291Y-1.cds.fa_07878	NaN	NaN	NaN	NaN	NaN	NaN	NaN	NaN	TFCN17291Y1_012798-T1	TFCN17291Y1_007977-T1
TFCN17291Y1_007976-T1__TFCN17291Y1_012798-T1	NaN	NaN	NaN	NaN	NaN	NaN	NaN	NaN	GF00000036	Rhodotorula_mucilaginosa_TFCN_17-291Y-1.cds.fa_12598	Rhodotorula_mucilaginosa_TFCN_17-291Y-1.cds.fa_07877	NaN	NaN	NaN	NaN	NaN	NaN	NaN	NaN	TFCN17291Y1_012798-T1	TFCN17291Y1_007976-T1
TFCN17291Y1_007977-T1__TFCN17291Y1_008096-T1	NaN	NaN	NaN	NaN	NaN	NaN	NaN	NaN	GF00000036	Rhodotorula_mucilaginosa_TFCN_17-291Y-1.cds.fa_07994	Rhodotorula_mucilaginosa_TFCN_17-291Y-1.cds.fa_07878	NaN	NaN	NaN	NaN	NaN	NaN	NaN	NaN	TFCN17291Y1_008096-T1	TFCN17291Y1_007977-T1
TFCN17291Y1_007976-T1__TFCN17291Y1_008096-T1	NaN	NaN	NaN	NaN	NaN	NaN	NaN	NaN	GF00000036	Rhodotorula_mucilaginosa_TFCN_17-291Y-1.cds.fa_07994	Rhodotorula_mucilaginosa_TFCN_17-291Y-1.cds.fa_07877	NaN	NaN	NaN	NaN	NaN	NaN	NaN	NaN	TFCN17291Y1_008096-T1	TFCN17291Y1_007976-T1
TFCN17291Y1_007976-T1__TFCN17291Y1_007977-T1	NaN	NaN	NaN	NaN	NaN	NaN	NaN	NaN	GF00000036	Rhodotorula_mucilaginosa_TFCN_17-291Y-1.cds.fa_07878	Rhodotorula_mucilaginosa_TFCN_17-291Y-1.cds.fa_07877	NaN	NaN	NaN	NaN	NaN	NaN	NaN	NaN	TFCN17291Y1_007977-T1	TFCN17291Y1_007976-T1
TFCN17291Y1_008307-T1__TFCN17291Y1_008322-T1	NaN	NaN	NaN	NaN	NaN	NaN	NaN	NaN	GF00000053	Rhodotorula_mucilaginosa_TFCN_17-291Y-1.cds.fa_08217	Rhodotorula_mucilaginosa_TFCN_17-291Y-1.cds.fa_08204	NaN	NaN	NaN	NaN	NaN	NaN	NaN	NaN	TFCN17291Y1_008322-T1	TFCN17291Y1_008307-T1
TFCN17291Y1_008322-T1__TFCN17291Y1_011884-T1	NaN	NaN	NaN	NaN	NaN	NaN	NaN	NaN	GF00000053	Rhodotorula_mucilaginosa_TFCN_17-291Y-1.cds.fa_08217	Rhodotorula_mucilaginosa_TFCN_17-291Y-1.cds.fa_11717	NaN	NaN	NaN	NaN	NaN	NaN	NaN	NaN	TFCN17291Y1_008322-T1	TFCN17291Y1_011884-T1
TFCN17291Y1_008322-T1__TFCN17291Y1_012139-T1	NaN	NaN	NaN	NaN	NaN	NaN	NaN	NaN	GF00000053	Rhodotorula_mucilaginosa_TFCN_17-291Y-1.cds.fa_08217	Rhodotorula_mucilaginosa_TFCN_17-291Y-1.cds.fa_11961	NaN	NaN	NaN	NaN	NaN	NaN	NaN	NaN	TFCN17291Y1_008322-T1	TFCN17291Y1_012139-T1
TFCN17291Y1_008311-T1__TFCN17291Y1_008322-T1	NaN	NaN	NaN	NaN	NaN	NaN	NaN	NaN	GF00000053	Rhodotorula_mucilaginosa_TFCN_17-291Y-1.cds.fa_08217	Rhodotorula_mucilaginosa_TFCN_17-291Y-1.cds.fa_08208	NaN	NaN	NaN	NaN	NaN	NaN	NaN	NaN	TFCN17291Y1_008322-T1	TFCN17291Y1_008311-T1
TFCN17291Y1_008322-T1__TFCN17291Y1_008329-T1	NaN	NaN	NaN	NaN	NaN	NaN	NaN	NaN	GF00000053	Rhodotorula_mucilaginosa_TFCN_17-291Y-1.cds.fa_08217	Rhodotorula_mucilaginosa_TFCN_17-291Y-1.cds.fa_08223	NaN	NaN	NaN	NaN	NaN	NaN	NaN	NaN	TFCN17291Y1_008322-T1	TFCN17291Y1_008329-T1
TFCN17291Y1_008322-T1__TFCN17291Y1_011880-T1	NaN	NaN	NaN	NaN	NaN	NaN	NaN	NaN	GF00000053	Rhodotorula_mucilaginosa_TFCN_17-291Y-1.cds.fa_08217	Rhodotorula_mucilaginosa_TFCN_17-291Y-1.cds.fa_11713	NaN	NaN	NaN	NaN	NaN	NaN	NaN	NaN	TFCN17291Y1_008322-T1	TFCN17291Y1_011880-T1
TFCN17291Y1_008307-T1__TFCN17291Y1_011884-T1	NaN	NaN	NaN	NaN	NaN	NaN	NaN	NaN	GF00000053	Rhodotorula_mucilaginosa_TFCN_17-291Y-1.cds.fa_08204	Rhodotorula_mucilaginosa_TFCN_17-291Y-1.cds.fa_11717	NaN	NaN	NaN	NaN	NaN	NaN	NaN	NaN	TFCN17291Y1_008307-T1	TFCN17291Y1_011884-T1
TFCN17291Y1_008307-T1__TFCN17291Y1_012139-T1	NaN	NaN	NaN	NaN	NaN	NaN	NaN	NaN	GF00000053	Rhodotorula_mucilaginosa_TFCN_17-291Y-1.cds.fa_08204	Rhodotorula_mucilaginosa_TFCN_17-291Y-1.cds.fa_11961	NaN	NaN	NaN	NaN	NaN	NaN	NaN	NaN	TFCN17291Y1_008307-T1	TFCN17291Y1_012139-T1
TFCN17291Y1_008307-T1__TFCN17291Y1_008311-T1	NaN	NaN	NaN	NaN	NaN	NaN	NaN	NaN	GF00000053	Rhodotorula_mucilaginosa_TFCN_17-291Y-1.cds.fa_08204	Rhodotorula_mucilaginosa_TFCN_17-291Y-1.cds.fa_08208	NaN	NaN	NaN	NaN	NaN	NaN	NaN	NaN	TFCN17291Y1_008307-T1	TFCN17291Y1_008311-T1
TFCN17291Y1_008307-T1__TFCN17291Y1_008329-T1	NaN	NaN	NaN	NaN	NaN	NaN	NaN	NaN	GF00000053	Rhodotorula_mucilaginosa_TFCN_17-291Y-1.cds.fa_08204	Rhodotorula_mucilaginosa_TFCN_17-291Y-1.cds.fa_08223	NaN	NaN	NaN	NaN	NaN	NaN	NaN	NaN	TFCN17291Y1_008307-T1	TFCN17291Y1_008329-T1
TFCN17291Y1_008307-T1__TFCN17291Y1_011880-T1	NaN	NaN	NaN	NaN	NaN	NaN	NaN	NaN	GF00000053	Rhodotorula_mucilaginosa_TFCN_17-291Y-1.cds.fa_08204	Rhodotorula_mucilaginosa_TFCN_17-291Y-1.cds.fa_11713	NaN	NaN	NaN	NaN	NaN	NaN	NaN	NaN	TFCN17291Y1_008307-T1	TFCN17291Y1_011880-T1
TFCN17291Y1_011884-T1__TFCN17291Y1_012139-T1	NaN	NaN	NaN	NaN	NaN	NaN	NaN	NaN	GF00000053	Rhodotorula_mucilaginosa_TFCN_17-291Y-1.cds.fa_11717	Rhodotorula_mucilaginosa_TFCN_17-291Y-1.cds.fa_11961	NaN	NaN	NaN	NaN	NaN	NaN	NaN	NaN	TFCN17291Y1_011884-T1	TFCN17291Y1_012139-T1
TFCN17291Y1_008311-T1__TFCN17291Y1_011884-T1	NaN	NaN	NaN	NaN	NaN	NaN	NaN	NaN	GF00000053	Rhodotorula_mucilaginosa_TFCN_17-291Y-1.cds.fa_11717	Rhodotorula_mucilaginosa_TFCN_17-291Y-1.cds.fa_08208	NaN	NaN	NaN	NaN	NaN	NaN	NaN	NaN	TFCN17291Y1_011884-T1	TFCN17291Y1_008311-T1
TFCN17291Y1_008329-T1__TFCN17291Y1_011884-T1	NaN	NaN	NaN	NaN	NaN	NaN	NaN	NaN	GF00000053	Rhodotorula_mucilaginosa_TFCN_17-291Y-1.cds.fa_11717	Rhodotorula_mucilaginosa_TFCN_17-291Y-1.cds.fa_08223	NaN	NaN	NaN	NaN	NaN	NaN	NaN	NaN	TFCN17291Y1_011884-T1	TFCN17291Y1_008329-T1
TFCN17291Y1_011880-T1__TFCN17291Y1_011884-T1	NaN	NaN	NaN	NaN	NaN	NaN	NaN	NaN	GF00000053	Rhodotorula_mucilaginosa_TFCN_17-291Y-1.cds.fa_11717	Rhodotorula_mucilaginosa_TFCN_17-291Y-1.cds.fa_11713	NaN	NaN	NaN	NaN	NaN	NaN	NaN	NaN	TFCN17291Y1_011884-T1	TFCN17291Y1_011880-T1
TFCN17291Y1_008311-T1__TFCN17291Y1_012139-T1	NaN	NaN	NaN	NaN	NaN	NaN	NaN	NaN	GF00000053	Rhodotorula_mucilaginosa_TFCN_17-291Y-1.cds.fa_11961	Rhodotorula_mucilaginosa_TFCN_17-291Y-1.cds.fa_08208	NaN	NaN	NaN	NaN	NaN	NaN	NaN	NaN	TFCN17291Y1_012139-T1	TFCN17291Y1_008311-T1
TFCN17291Y1_008329-T1__TFCN17291Y1_012139-T1	NaN	NaN	NaN	NaN	NaN	NaN	NaN	NaN	GF00000053	Rhodotorula_mucilaginosa_TFCN_17-291Y-1.cds.fa_11961	Rhodotorula_mucilaginosa_TFCN_17-291Y-1.cds.fa_08223	NaN	NaN	NaN	NaN	NaN	NaN	NaN	NaN	TFCN17291Y1_012139-T1	TFCN17291Y1_008329-T1
TFCN17291Y1_011880-T1__TFCN17291Y1_012139-T1	NaN	NaN	NaN	NaN	NaN	NaN	NaN	NaN	GF00000053	Rhodotorula_mucilaginosa_TFCN_17-291Y-1.cds.fa_11961	Rhodotorula_mucilaginosa_TFCN_17-291Y-1.cds.fa_11713	NaN	NaN	NaN	NaN	NaN	NaN	NaN	NaN	TFCN17291Y1_012139-T1	TFCN17291Y1_011880-T1
TFCN17291Y1_008311-T1__TFCN17291Y1_008329-T1	NaN	NaN	NaN	NaN	NaN	NaN	NaN	NaN	GF00000053	Rhodotorula_mucilaginosa_TFCN_17-291Y-1.cds.fa_08208	Rhodotorula_mucilaginosa_TFCN_17-291Y-1.cds.fa_08223	NaN	NaN	NaN	NaN	NaN	NaN	NaN	NaN	TFCN17291Y1_008311-T1	TFCN17291Y1_008329-T1
TFCN17291Y1_008311-T1__TFCN17291Y1_011880-T1	NaN	NaN	NaN	NaN	NaN	NaN	NaN	NaN	GF00000053	Rhodotorula_mucilaginosa_TFCN_17-291Y-1.cds.fa_08208	Rhodotorula_mucilaginosa_TFCN_17-291Y-1.cds.fa_11713	NaN	NaN	NaN	NaN	NaN	NaN	NaN	NaN	TFCN17291Y1_008311-T1	TFCN17291Y1_011880-T1
TFCN17291Y1_008329-T1__TFCN17291Y1_011880-T1	NaN	NaN	NaN	NaN	NaN	NaN	NaN	NaN	GF00000053	Rhodotorula_mucilaginosa_TFCN_17-291Y-1.cds.fa_08223	Rhodotorula_mucilaginosa_TFCN_17-291Y-1.cds.fa_11713	NaN	NaN	NaN	NaN	NaN	NaN	NaN	NaN	TFCN17291Y1_008329-T1	TFCN17291Y1_011880-T1
TFCN17291Y1_009064-T1__TFCN17291Y1_009065-T1	NaN	NaN	NaN	NaN	NaN	NaN	NaN	NaN	GF00000055	Rhodotorula_mucilaginosa_TFCN_17-291Y-1.cds.fa_08948	Rhodotorula_mucilaginosa_TFCN_17-291Y-1.cds.fa_08947	NaN	NaN	NaN	NaN	NaN	NaN	NaN	NaN	TFCN17291Y1_009065-T1	TFCN17291Y1_009064-T1
TFCN17291Y1_005390-T1__TFCN17291Y1_009065-T1	NaN	NaN	NaN	NaN	NaN	NaN	NaN	NaN	GF00000055	Rhodotorula_mucilaginosa_TFCN_17-291Y-1.cds.fa_08948	Rhodotorula_mucilaginosa_TFCN_17-291Y-1.cds.fa_05329	NaN	NaN	NaN	NaN	NaN	NaN	NaN	NaN	TFCN17291Y1_009065-T1	TFCN17291Y1_005390-T1
TFCN17291Y1_002693-T1__TFCN17291Y1_009065-T1	NaN	NaN	NaN	NaN	NaN	NaN	NaN	NaN	GF00000055	Rhodotorula_mucilaginosa_TFCN_17-291Y-1.cds.fa_08948	Rhodotorula_mucilaginosa_TFCN_17-291Y-1.cds.fa_02674	NaN	NaN	NaN	NaN	NaN	NaN	NaN	NaN	TFCN17291Y1_009065-T1	TFCN17291Y1_002693-T1
TFCN17291Y1_005389-T1__TFCN17291Y1_009065-T1	NaN	NaN	NaN	NaN	NaN	NaN	NaN	NaN	GF00000055	Rhodotorula_mucilaginosa_TFCN_17-291Y-1.cds.fa_08948	Rhodotorula_mucilaginosa_TFCN_17-291Y-1.cds.fa_05328	NaN	NaN	NaN	NaN	NaN	NaN	NaN	NaN	TFCN17291Y1_009065-T1	TFCN17291Y1_005389-T1
TFCN17291Y1_002823-T1__TFCN17291Y1_009065-T1	NaN	NaN	NaN	NaN	NaN	NaN	NaN	NaN	GF00000055	Rhodotorula_mucilaginosa_TFCN_17-291Y-1.cds.fa_08948	Rhodotorula_mucilaginosa_TFCN_17-291Y-1.cds.fa_02796	NaN	NaN	NaN	NaN	NaN	NaN	NaN	NaN	TFCN17291Y1_009065-T1	TFCN17291Y1_002823-T1
TFCN17291Y1_002822-T1__TFCN17291Y1_009065-T1	NaN	NaN	NaN	NaN	NaN	NaN	NaN	NaN	GF00000055	Rhodotorula_mucilaginosa_TFCN_17-291Y-1.cds.fa_08948	Rhodotorula_mucilaginosa_TFCN_17-291Y-1.cds.fa_02795	NaN	NaN	NaN	NaN	NaN	NaN	NaN	NaN	TFCN17291Y1_009065-T1	TFCN17291Y1_002822-T1
TFCN17291Y1_005390-T1__TFCN17291Y1_009064-T1	NaN	NaN	NaN	NaN	NaN	NaN	NaN	NaN	GF00000055	Rhodotorula_mucilaginosa_TFCN_17-291Y-1.cds.fa_08947	Rhodotorula_mucilaginosa_TFCN_17-291Y-1.cds.fa_05329	NaN	NaN	NaN	NaN	NaN	NaN	NaN	NaN	TFCN17291Y1_009064-T1	TFCN17291Y1_005390-T1
TFCN17291Y1_002693-T1__TFCN17291Y1_009064-T1	NaN	NaN	NaN	NaN	NaN	NaN	NaN	NaN	GF00000055	Rhodotorula_mucilaginosa_TFCN_17-291Y-1.cds.fa_08947	Rhodotorula_mucilaginosa_TFCN_17-291Y-1.cds.fa_02674	NaN	NaN	NaN	NaN	NaN	NaN	NaN	NaN	TFCN17291Y1_009064-T1	TFCN17291Y1_002693-T1
TFCN17291Y1_005389-T1__TFCN17291Y1_009064-T1	NaN	NaN	NaN	NaN	NaN	NaN	NaN	NaN	GF00000055	Rhodotorula_mucilaginosa_TFCN_17-291Y-1.cds.fa_08947	Rhodotorula_mucilaginosa_TFCN_17-291Y-1.cds.fa_05328	NaN	NaN	NaN	NaN	NaN	NaN	NaN	NaN	TFCN17291Y1_009064-T1	TFCN17291Y1_005389-T1
TFCN17291Y1_002823-T1__TFCN17291Y1_009064-T1	NaN	NaN	NaN	NaN	NaN	NaN	NaN	NaN	GF00000055	Rhodotorula_mucilaginosa_TFCN_17-291Y-1.cds.fa_08947	Rhodotorula_mucilaginosa_TFCN_17-291Y-1.cds.fa_02796	NaN	NaN	NaN	NaN	NaN	NaN	NaN	NaN	TFCN17291Y1_009064-T1	TFCN17291Y1_002823-T1
TFCN17291Y1_002822-T1__TFCN17291Y1_009064-T1	NaN	NaN	NaN	NaN	NaN	NaN	NaN	NaN	GF00000055	Rhodotorula_mucilaginosa_TFCN_17-291Y-1.cds.fa_08947	Rhodotorula_mucilaginosa_TFCN_17-291Y-1.cds.fa_02795	NaN	NaN	NaN	NaN	NaN	NaN	NaN	NaN	TFCN17291Y1_009064-T1	TFCN17291Y1_002822-T1
TFCN17291Y1_002693-T1__TFCN17291Y1_005390-T1	NaN	NaN	NaN	NaN	NaN	NaN	NaN	NaN	GF00000055	Rhodotorula_mucilaginosa_TFCN_17-291Y-1.cds.fa_05329	Rhodotorula_mucilaginosa_TFCN_17-291Y-1.cds.fa_02674	NaN	NaN	NaN	NaN	NaN	NaN	NaN	NaN	TFCN17291Y1_005390-T1	TFCN17291Y1_002693-T1
TFCN17291Y1_005389-T1__TFCN17291Y1_005390-T1	NaN	NaN	NaN	NaN	NaN	NaN	NaN	NaN	GF00000055	Rhodotorula_mucilaginosa_TFCN_17-291Y-1.cds.fa_05329	Rhodotorula_mucilaginosa_TFCN_17-291Y-1.cds.fa_05328	NaN	NaN	NaN	NaN	NaN	NaN	NaN	NaN	TFCN17291Y1_005390-T1	TFCN17291Y1_005389-T1
TFCN17291Y1_002823-T1__TFCN17291Y1_005390-T1	NaN	NaN	NaN	NaN	NaN	NaN	NaN	NaN	GF00000055	Rhodotorula_mucilaginosa_TFCN_17-291Y-1.cds.fa_05329	Rhodotorula_mucilaginosa_TFCN_17-291Y-1.cds.fa_02796	NaN	NaN	NaN	NaN	NaN	NaN	NaN	NaN	TFCN17291Y1_005390-T1	TFCN17291Y1_002823-T1
TFCN17291Y1_002822-T1__TFCN17291Y1_005390-T1	NaN	NaN	NaN	NaN	NaN	NaN	NaN	NaN	GF00000055	Rhodotorula_mucilaginosa_TFCN_17-291Y-1.cds.fa_05329	Rhodotorula_mucilaginosa_TFCN_17-291Y-1.cds.fa_02795	NaN	NaN	NaN	NaN	NaN	NaN	NaN	NaN	TFCN17291Y1_005390-T1	TFCN17291Y1_002822-T1
TFCN17291Y1_002693-T1__TFCN17291Y1_005389-T1	NaN	NaN	NaN	NaN	NaN	NaN	NaN	NaN	GF00000055	Rhodotorula_mucilaginosa_TFCN_17-291Y-1.cds.fa_02674	Rhodotorula_mucilaginosa_TFCN_17-291Y-1.cds.fa_05328	NaN	NaN	NaN	NaN	NaN	NaN	NaN	NaN	TFCN17291Y1_002693-T1	TFCN17291Y1_005389-T1
TFCN17291Y1_002693-T1__TFCN17291Y1_002823-T1	NaN	NaN	NaN	NaN	NaN	NaN	NaN	NaN	GF00000055	Rhodotorula_mucilaginosa_TFCN_17-291Y-1.cds.fa_02674	Rhodotorula_mucilaginosa_TFCN_17-291Y-1.cds.fa_02796	NaN	NaN	NaN	NaN	NaN	NaN	NaN	NaN	TFCN17291Y1_002693-T1	TFCN17291Y1_002823-T1
TFCN17291Y1_002693-T1__TFCN17291Y1_002822-T1	NaN	NaN	NaN	NaN	NaN	NaN	NaN	NaN	GF00000055	Rhodotorula_mucilaginosa_TFCN_17-291Y-1.cds.fa_02674	Rhodotorula_mucilaginosa_TFCN_17-291Y-1.cds.fa_02795	NaN	NaN	NaN	NaN	NaN	NaN	NaN	NaN	TFCN17291Y1_002693-T1	TFCN17291Y1_002822-T1
TFCN17291Y1_002823-T1__TFCN17291Y1_005389-T1	NaN	NaN	NaN	NaN	NaN	NaN	NaN	NaN	GF00000055	Rhodotorula_mucilaginosa_TFCN_17-291Y-1.cds.fa_05328	Rhodotorula_mucilaginosa_TFCN_17-291Y-1.cds.fa_02796	NaN	NaN	NaN	NaN	NaN	NaN	NaN	NaN	TFCN17291Y1_005389-T1	TFCN17291Y1_002823-T1
TFCN17291Y1_002822-T1__TFCN17291Y1_005389-T1	NaN	NaN	NaN	NaN	NaN	NaN	NaN	NaN	GF00000055	Rhodotorula_mucilaginosa_TFCN_17-291Y-1.cds.fa_05328	Rhodotorula_mucilaginosa_TFCN_17-291Y-1.cds.fa_02795	NaN	NaN	NaN	NaN	NaN	NaN	NaN	NaN	TFCN17291Y1_005389-T1	TFCN17291Y1_002822-T1
TFCN17291Y1_002822-T1__TFCN17291Y1_002823-T1	NaN	NaN	NaN	NaN	NaN	NaN	NaN	NaN	GF00000055	Rhodotorula_mucilaginosa_TFCN_17-291Y-1.cds.fa_02796	Rhodotorula_mucilaginosa_TFCN_17-291Y-1.cds.fa_02795	NaN	NaN	NaN	NaN	NaN	NaN	NaN	NaN	TFCN17291Y1_002823-T1	TFCN17291Y1_002822-T1
TFCN17291Y1_002585-T1__TFCN17291Y1_010853-T1	NaN	NaN	NaN	NaN	NaN	NaN	NaN	NaN	GF00000059	Rhodotorula_mucilaginosa_TFCN_17-291Y-1.cds.fa_10714	Rhodotorula_mucilaginosa_TFCN_17-291Y-1.cds.fa_02573	NaN	NaN	NaN	NaN	NaN	NaN	NaN	NaN	TFCN17291Y1_010853-T1	TFCN17291Y1_002585-T1
TFCN17291Y1_010852-T1__TFCN17291Y1_010853-T1	NaN	NaN	NaN	NaN	NaN	NaN	NaN	NaN	GF00000059	Rhodotorula_mucilaginosa_TFCN_17-291Y-1.cds.fa_10714	Rhodotorula_mucilaginosa_TFCN_17-291Y-1.cds.fa_10713	NaN	NaN	NaN	NaN	NaN	NaN	NaN	NaN	TFCN17291Y1_010853-T1	TFCN17291Y1_010852-T1
TFCN17291Y1_002721-T1__TFCN17291Y1_010853-T1	NaN	NaN	NaN	NaN	NaN	NaN	NaN	NaN	GF00000059	Rhodotorula_mucilaginosa_TFCN_17-291Y-1.cds.fa_10714	Rhodotorula_mucilaginosa_TFCN_17-291Y-1.cds.fa_02701	NaN	NaN	NaN	NaN	NaN	NaN	NaN	NaN	TFCN17291Y1_010853-T1	TFCN17291Y1_002721-T1
TFCN17291Y1_010808-T1__TFCN17291Y1_010853-T1	NaN	NaN	NaN	NaN	NaN	NaN	NaN	NaN	GF00000059	Rhodotorula_mucilaginosa_TFCN_17-291Y-1.cds.fa_10714	Rhodotorula_mucilaginosa_TFCN_17-291Y-1.cds.fa_10671	NaN	NaN	NaN	NaN	NaN	NaN	NaN	NaN	TFCN17291Y1_010853-T1	TFCN17291Y1_010808-T1
TFCN17291Y1_010809-T1__TFCN17291Y1_010853-T1	NaN	NaN	NaN	NaN	NaN	NaN	NaN	NaN	GF00000059	Rhodotorula_mucilaginosa_TFCN_17-291Y-1.cds.fa_10714	Rhodotorula_mucilaginosa_TFCN_17-291Y-1.cds.fa_10672	NaN	NaN	NaN	NaN	NaN	NaN	NaN	NaN	TFCN17291Y1_010853-T1	TFCN17291Y1_010809-T1
TFCN17291Y1_010810-T1__TFCN17291Y1_010853-T1	NaN	NaN	NaN	NaN	NaN	NaN	NaN	NaN	GF00000059	Rhodotorula_mucilaginosa_TFCN_17-291Y-1.cds.fa_10714	Rhodotorula_mucilaginosa_TFCN_17-291Y-1.cds.fa_10673	NaN	NaN	NaN	NaN	NaN	NaN	NaN	NaN	TFCN17291Y1_010853-T1	TFCN17291Y1_010810-T1
TFCN17291Y1_002585-T1__TFCN17291Y1_010852-T1	NaN	NaN	NaN	NaN	NaN	NaN	NaN	NaN	GF00000059	Rhodotorula_mucilaginosa_TFCN_17-291Y-1.cds.fa_02573	Rhodotorula_mucilaginosa_TFCN_17-291Y-1.cds.fa_10713	NaN	NaN	NaN	NaN	NaN	NaN	NaN	NaN	TFCN17291Y1_002585-T1	TFCN17291Y1_010852-T1
TFCN17291Y1_002585-T1__TFCN17291Y1_002721-T1	NaN	NaN	NaN	NaN	NaN	NaN	NaN	NaN	GF00000059	Rhodotorula_mucilaginosa_TFCN_17-291Y-1.cds.fa_02573	Rhodotorula_mucilaginosa_TFCN_17-291Y-1.cds.fa_02701	NaN	NaN	NaN	NaN	NaN	NaN	NaN	NaN	TFCN17291Y1_002585-T1	TFCN17291Y1_002721-T1
TFCN17291Y1_002585-T1__TFCN17291Y1_010808-T1	NaN	NaN	NaN	NaN	NaN	NaN	NaN	NaN	GF00000059	Rhodotorula_mucilaginosa_TFCN_17-291Y-1.cds.fa_02573	Rhodotorula_mucilaginosa_TFCN_17-291Y-1.cds.fa_10671	NaN	NaN	NaN	NaN	NaN	NaN	NaN	NaN	TFCN17291Y1_002585-T1	TFCN17291Y1_010808-T1
TFCN17291Y1_002585-T1__TFCN17291Y1_010809-T1	NaN	NaN	NaN	NaN	NaN	NaN	NaN	NaN	GF00000059	Rhodotorula_mucilaginosa_TFCN_17-291Y-1.cds.fa_02573	Rhodotorula_mucilaginosa_TFCN_17-291Y-1.cds.fa_10672	NaN	NaN	NaN	NaN	NaN	NaN	NaN	NaN	TFCN17291Y1_002585-T1	TFCN17291Y1_010809-T1
TFCN17291Y1_002585-T1__TFCN17291Y1_010810-T1	NaN	NaN	NaN	NaN	NaN	NaN	NaN	NaN	GF00000059	Rhodotorula_mucilaginosa_TFCN_17-291Y-1.cds.fa_02573	Rhodotorula_mucilaginosa_TFCN_17-291Y-1.cds.fa_10673	NaN	NaN	NaN	NaN	NaN	NaN	NaN	NaN	TFCN17291Y1_002585-T1	TFCN17291Y1_010810-T1
TFCN17291Y1_002721-T1__TFCN17291Y1_010852-T1	NaN	NaN	NaN	NaN	NaN	NaN	NaN	NaN	GF00000059	Rhodotorula_mucilaginosa_TFCN_17-291Y-1.cds.fa_10713	Rhodotorula_mucilaginosa_TFCN_17-291Y-1.cds.fa_02701	NaN	NaN	NaN	NaN	NaN	NaN	NaN	NaN	TFCN17291Y1_010852-T1	TFCN17291Y1_002721-T1
TFCN17291Y1_010808-T1__TFCN17291Y1_010852-T1	NaN	NaN	NaN	NaN	NaN	NaN	NaN	NaN	GF00000059	Rhodotorula_mucilaginosa_TFCN_17-291Y-1.cds.fa_10713	Rhodotorula_mucilaginosa_TFCN_17-291Y-1.cds.fa_10671	NaN	NaN	NaN	NaN	NaN	NaN	NaN	NaN	TFCN17291Y1_010852-T1	TFCN17291Y1_010808-T1
TFCN17291Y1_010809-T1__TFCN17291Y1_010852-T1	NaN	NaN	NaN	NaN	NaN	NaN	NaN	NaN	GF00000059	Rhodotorula_mucilaginosa_TFCN_17-291Y-1.cds.fa_10713	Rhodotorula_mucilaginosa_TFCN_17-291Y-1.cds.fa_10672	NaN	NaN	NaN	NaN	NaN	NaN	NaN	NaN	TFCN17291Y1_010852-T1	TFCN17291Y1_010809-T1
TFCN17291Y1_010810-T1__TFCN17291Y1_010852-T1	NaN	NaN	NaN	NaN	NaN	NaN	NaN	NaN	GF00000059	Rhodotorula_mucilaginosa_TFCN_17-291Y-1.cds.fa_10713	Rhodotorula_mucilaginosa_TFCN_17-291Y-1.cds.fa_10673	NaN	NaN	NaN	NaN	NaN	NaN	NaN	NaN	TFCN17291Y1_010852-T1	TFCN17291Y1_010810-T1
TFCN17291Y1_002721-T1__TFCN17291Y1_010808-T1	NaN	NaN	NaN	NaN	NaN	NaN	NaN	NaN	GF00000059	Rhodotorula_mucilaginosa_TFCN_17-291Y-1.cds.fa_02701	Rhodotorula_mucilaginosa_TFCN_17-291Y-1.cds.fa_10671	NaN	NaN	NaN	NaN	NaN	NaN	NaN	NaN	TFCN17291Y1_002721-T1	TFCN17291Y1_010808-T1
TFCN17291Y1_002721-T1__TFCN17291Y1_010809-T1	NaN	NaN	NaN	NaN	NaN	NaN	NaN	NaN	GF00000059	Rhodotorula_mucilaginosa_TFCN_17-291Y-1.cds.fa_02701	Rhodotorula_mucilaginosa_TFCN_17-291Y-1.cds.fa_10672	NaN	NaN	NaN	NaN	NaN	NaN	NaN	NaN	TFCN17291Y1_002721-T1	TFCN17291Y1_010809-T1
TFCN17291Y1_002721-T1__TFCN17291Y1_010810-T1	NaN	NaN	NaN	NaN	NaN	NaN	NaN	NaN	GF00000059	Rhodotorula_mucilaginosa_TFCN_17-291Y-1.cds.fa_02701	Rhodotorula_mucilaginosa_TFCN_17-291Y-1.cds.fa_10673	NaN	NaN	NaN	NaN	NaN	NaN	NaN	NaN	TFCN17291Y1_002721-T1	TFCN17291Y1_010810-T1
TFCN17291Y1_010808-T1__TFCN17291Y1_010809-T1	NaN	NaN	NaN	NaN	NaN	NaN	NaN	NaN	GF00000059	Rhodotorula_mucilaginosa_TFCN_17-291Y-1.cds.fa_10671	Rhodotorula_mucilaginosa_TFCN_17-291Y-1.cds.fa_10672	NaN	NaN	NaN	NaN	NaN	NaN	NaN	NaN	TFCN17291Y1_010808-T1	TFCN17291Y1_010809-T1
TFCN17291Y1_010808-T1__TFCN17291Y1_010810-T1	NaN	NaN	NaN	NaN	NaN	NaN	NaN	NaN	GF00000059	Rhodotorula_mucilaginosa_TFCN_17-291Y-1.cds.fa_10671	Rhodotorula_mucilaginosa_TFCN_17-291Y-1.cds.fa_10673	NaN	NaN	NaN	NaN	NaN	NaN	NaN	NaN	TFCN17291Y1_010808-T1	TFCN17291Y1_010810-T1
TFCN17291Y1_010809-T1__TFCN17291Y1_010810-T1	NaN	NaN	NaN	NaN	NaN	NaN	NaN	NaN	GF00000059	Rhodotorula_mucilaginosa_TFCN_17-291Y-1.cds.fa_10672	Rhodotorula_mucilaginosa_TFCN_17-291Y-1.cds.fa_10673	NaN	NaN	NaN	NaN	NaN	NaN	NaN	NaN	TFCN17291Y1_010809-T1	TFCN17291Y1_010810-T1
TFCN17291Y1_005022-T1__TFCN17291Y1_008509-T1	NaN	NaN	NaN	NaN	NaN	NaN	NaN	NaN	GF00000068	Rhodotorula_mucilaginosa_TFCN_17-291Y-1.cds.fa_08402	Rhodotorula_mucilaginosa_TFCN_17-291Y-1.cds.fa_04967	NaN	NaN	NaN	NaN	NaN	NaN	NaN	NaN	TFCN17291Y1_008509-T1	TFCN17291Y1_005022-T1
TFCN17291Y1_008508-T1__TFCN17291Y1_008509-T1	NaN	NaN	NaN	NaN	NaN	NaN	NaN	NaN	GF00000068	Rhodotorula_mucilaginosa_TFCN_17-291Y-1.cds.fa_08402	Rhodotorula_mucilaginosa_TFCN_17-291Y-1.cds.fa_08401	NaN	NaN	NaN	NaN	NaN	NaN	NaN	NaN	TFCN17291Y1_008509-T1	TFCN17291Y1_008508-T1
TFCN17291Y1_005024-T1__TFCN17291Y1_008509-T1	NaN	NaN	NaN	NaN	NaN	NaN	NaN	NaN	GF00000068	Rhodotorula_mucilaginosa_TFCN_17-291Y-1.cds.fa_08402	Rhodotorula_mucilaginosa_TFCN_17-291Y-1.cds.fa_04969	NaN	NaN	NaN	NaN	NaN	NaN	NaN	NaN	TFCN17291Y1_008509-T1	TFCN17291Y1_005024-T1
TFCN17291Y1_005023-T1__TFCN17291Y1_008509-T1	NaN	NaN	NaN	NaN	NaN	NaN	NaN	NaN	GF00000068	Rhodotorula_mucilaginosa_TFCN_17-291Y-1.cds.fa_08402	Rhodotorula_mucilaginosa_TFCN_17-291Y-1.cds.fa_04968	NaN	NaN	NaN	NaN	NaN	NaN	NaN	NaN	TFCN17291Y1_008509-T1	TFCN17291Y1_005023-T1
TFCN17291Y1_008509-T1__TFCN17291Y1_008510-T1	NaN	NaN	NaN	NaN	NaN	NaN	NaN	NaN	GF00000068	Rhodotorula_mucilaginosa_TFCN_17-291Y-1.cds.fa_08402	Rhodotorula_mucilaginosa_TFCN_17-291Y-1.cds.fa_08403	NaN	NaN	NaN	NaN	NaN	NaN	NaN	NaN	TFCN17291Y1_008509-T1	TFCN17291Y1_008510-T1
TFCN17291Y1_005022-T1__TFCN17291Y1_008508-T1	NaN	NaN	NaN	NaN	NaN	NaN	NaN	NaN	GF00000068	Rhodotorula_mucilaginosa_TFCN_17-291Y-1.cds.fa_04967	Rhodotorula_mucilaginosa_TFCN_17-291Y-1.cds.fa_08401	NaN	NaN	NaN	NaN	NaN	NaN	NaN	NaN	TFCN17291Y1_005022-T1	TFCN17291Y1_008508-T1
TFCN17291Y1_005022-T1__TFCN17291Y1_005024-T1	NaN	NaN	NaN	NaN	NaN	NaN	NaN	NaN	GF00000068	Rhodotorula_mucilaginosa_TFCN_17-291Y-1.cds.fa_04967	Rhodotorula_mucilaginosa_TFCN_17-291Y-1.cds.fa_04969	NaN	NaN	NaN	NaN	NaN	NaN	NaN	NaN	TFCN17291Y1_005022-T1	TFCN17291Y1_005024-T1
TFCN17291Y1_005022-T1__TFCN17291Y1_005023-T1	NaN	NaN	NaN	NaN	NaN	NaN	NaN	NaN	GF00000068	Rhodotorula_mucilaginosa_TFCN_17-291Y-1.cds.fa_04967	Rhodotorula_mucilaginosa_TFCN_17-291Y-1.cds.fa_04968	NaN	NaN	NaN	NaN	NaN	NaN	NaN	NaN	TFCN17291Y1_005022-T1	TFCN17291Y1_005023-T1
TFCN17291Y1_005022-T1__TFCN17291Y1_008510-T1	NaN	NaN	NaN	NaN	NaN	NaN	NaN	NaN	GF00000068	Rhodotorula_mucilaginosa_TFCN_17-291Y-1.cds.fa_04967	Rhodotorula_mucilaginosa_TFCN_17-291Y-1.cds.fa_08403	NaN	NaN	NaN	NaN	NaN	NaN	NaN	NaN	TFCN17291Y1_005022-T1	TFCN17291Y1_008510-T1
TFCN17291Y1_005024-T1__TFCN17291Y1_008508-T1	NaN	NaN	NaN	NaN	NaN	NaN	NaN	NaN	GF00000068	Rhodotorula_mucilaginosa_TFCN_17-291Y-1.cds.fa_08401	Rhodotorula_mucilaginosa_TFCN_17-291Y-1.cds.fa_04969	NaN	NaN	NaN	NaN	NaN	NaN	NaN	NaN	TFCN17291Y1_008508-T1	TFCN17291Y1_005024-T1
TFCN17291Y1_005023-T1__TFCN17291Y1_008508-T1	NaN	NaN	NaN	NaN	NaN	NaN	NaN	NaN	GF00000068	Rhodotorula_mucilaginosa_TFCN_17-291Y-1.cds.fa_08401	Rhodotorula_mucilaginosa_TFCN_17-291Y-1.cds.fa_04968	NaN	NaN	NaN	NaN	NaN	NaN	NaN	NaN	TFCN17291Y1_008508-T1	TFCN17291Y1_005023-T1
TFCN17291Y1_008508-T1__TFCN17291Y1_008510-T1	NaN	NaN	NaN	NaN	NaN	NaN	NaN	NaN	GF00000068	Rhodotorula_mucilaginosa_TFCN_17-291Y-1.cds.fa_08401	Rhodotorula_mucilaginosa_TFCN_17-291Y-1.cds.fa_08403	NaN	NaN	NaN	NaN	NaN	NaN	NaN	NaN	TFCN17291Y1_008508-T1	TFCN17291Y1_008510-T1
TFCN17291Y1_005023-T1__TFCN17291Y1_005024-T1	NaN	NaN	NaN	NaN	NaN	NaN	NaN	NaN	GF00000068	Rhodotorula_mucilaginosa_TFCN_17-291Y-1.cds.fa_04969	Rhodotorula_mucilaginosa_TFCN_17-291Y-1.cds.fa_04968	NaN	NaN	NaN	NaN	NaN	NaN	NaN	NaN	TFCN17291Y1_005024-T1	TFCN17291Y1_005023-T1
TFCN17291Y1_005024-T1__TFCN17291Y1_008510-T1	NaN	NaN	NaN	NaN	NaN	NaN	NaN	NaN	GF00000068	Rhodotorula_mucilaginosa_TFCN_17-291Y-1.cds.fa_04969	Rhodotorula_mucilaginosa_TFCN_17-291Y-1.cds.fa_08403	NaN	NaN	NaN	NaN	NaN	NaN	NaN	NaN	TFCN17291Y1_005024-T1	TFCN17291Y1_008510-T1
TFCN17291Y1_005023-T1__TFCN17291Y1_008510-T1	NaN	NaN	NaN	NaN	NaN	NaN	NaN	NaN	GF00000068	Rhodotorula_mucilaginosa_TFCN_17-291Y-1.cds.fa_04968	Rhodotorula_mucilaginosa_TFCN_17-291Y-1.cds.fa_08403	NaN	NaN	NaN	NaN	NaN	NaN	NaN	NaN	TFCN17291Y1_005023-T1	TFCN17291Y1_008510-T1
TFCN17291Y1_006481-T1__TFCN17291Y1_011211-T1	NaN	NaN	NaN	NaN	NaN	NaN	NaN	NaN	GF00000069	Rhodotorula_mucilaginosa_TFCN_17-291Y-1.cds.fa_11063	Rhodotorula_mucilaginosa_TFCN_17-291Y-1.cds.fa_06405	NaN	NaN	NaN	NaN	NaN	NaN	NaN	NaN	TFCN17291Y1_011211-T1	TFCN17291Y1_006481-T1
TFCN17291Y1_006470-T1__TFCN17291Y1_011211-T1	NaN	NaN	NaN	NaN	NaN	NaN	NaN	NaN	GF00000069	Rhodotorula_mucilaginosa_TFCN_17-291Y-1.cds.fa_11063	Rhodotorula_mucilaginosa_TFCN_17-291Y-1.cds.fa_06394	NaN	NaN	NaN	NaN	NaN	NaN	NaN	NaN	TFCN17291Y1_011211-T1	TFCN17291Y1_006470-T1
TFCN17291Y1_011211-T1__TFCN17291Y1_011225-T1	NaN	NaN	NaN	NaN	NaN	NaN	NaN	NaN	GF00000069	Rhodotorula_mucilaginosa_TFCN_17-291Y-1.cds.fa_11063	Rhodotorula_mucilaginosa_TFCN_17-291Y-1.cds.fa_11077	NaN	NaN	NaN	NaN	NaN	NaN	NaN	NaN	TFCN17291Y1_011211-T1	TFCN17291Y1_011225-T1
TFCN17291Y1_011211-T1__TFCN17291Y1_011212-T1	NaN	NaN	NaN	NaN	NaN	NaN	NaN	NaN	GF00000069	Rhodotorula_mucilaginosa_TFCN_17-291Y-1.cds.fa_11063	Rhodotorula_mucilaginosa_TFCN_17-291Y-1.cds.fa_11064	NaN	NaN	NaN	NaN	NaN	NaN	NaN	NaN	TFCN17291Y1_011211-T1	TFCN17291Y1_011212-T1
TFCN17291Y1_011211-T1__TFCN17291Y1_011213-T1	NaN	NaN	NaN	NaN	NaN	NaN	NaN	NaN	GF00000069	Rhodotorula_mucilaginosa_TFCN_17-291Y-1.cds.fa_11063	Rhodotorula_mucilaginosa_TFCN_17-291Y-1.cds.fa_11065	NaN	NaN	NaN	NaN	NaN	NaN	NaN	NaN	TFCN17291Y1_011211-T1	TFCN17291Y1_011213-T1
TFCN17291Y1_006470-T1__TFCN17291Y1_006481-T1	NaN	NaN	NaN	NaN	NaN	NaN	NaN	NaN	GF00000069	Rhodotorula_mucilaginosa_TFCN_17-291Y-1.cds.fa_06405	Rhodotorula_mucilaginosa_TFCN_17-291Y-1.cds.fa_06394	NaN	NaN	NaN	NaN	NaN	NaN	NaN	NaN	TFCN17291Y1_006481-T1	TFCN17291Y1_006470-T1
TFCN17291Y1_006481-T1__TFCN17291Y1_011225-T1	NaN	NaN	NaN	NaN	NaN	NaN	NaN	NaN	GF00000069	Rhodotorula_mucilaginosa_TFCN_17-291Y-1.cds.fa_06405	Rhodotorula_mucilaginosa_TFCN_17-291Y-1.cds.fa_11077	NaN	NaN	NaN	NaN	NaN	NaN	NaN	NaN	TFCN17291Y1_006481-T1	TFCN17291Y1_011225-T1
TFCN17291Y1_006481-T1__TFCN17291Y1_011212-T1	NaN	NaN	NaN	NaN	NaN	NaN	NaN	NaN	GF00000069	Rhodotorula_mucilaginosa_TFCN_17-291Y-1.cds.fa_06405	Rhodotorula_mucilaginosa_TFCN_17-291Y-1.cds.fa_11064	NaN	NaN	NaN	NaN	NaN	NaN	NaN	NaN	TFCN17291Y1_006481-T1	TFCN17291Y1_011212-T1
TFCN17291Y1_006481-T1__TFCN17291Y1_011213-T1	NaN	NaN	NaN	NaN	NaN	NaN	NaN	NaN	GF00000069	Rhodotorula_mucilaginosa_TFCN_17-291Y-1.cds.fa_06405	Rhodotorula_mucilaginosa_TFCN_17-291Y-1.cds.fa_11065	NaN	NaN	NaN	NaN	NaN	NaN	NaN	NaN	TFCN17291Y1_006481-T1	TFCN17291Y1_011213-T1
TFCN17291Y1_006470-T1__TFCN17291Y1_011225-T1	NaN	NaN	NaN	NaN	NaN	NaN	NaN	NaN	GF00000069	Rhodotorula_mucilaginosa_TFCN_17-291Y-1.cds.fa_06394	Rhodotorula_mucilaginosa_TFCN_17-291Y-1.cds.fa_11077	NaN	NaN	NaN	NaN	NaN	NaN	NaN	NaN	TFCN17291Y1_006470-T1	TFCN17291Y1_011225-T1
TFCN17291Y1_006470-T1__TFCN17291Y1_011212-T1	NaN	NaN	NaN	NaN	NaN	NaN	NaN	NaN	GF00000069	Rhodotorula_mucilaginosa_TFCN_17-291Y-1.cds.fa_06394	Rhodotorula_mucilaginosa_TFCN_17-291Y-1.cds.fa_11064	NaN	NaN	NaN	NaN	NaN	NaN	NaN	NaN	TFCN17291Y1_006470-T1	TFCN17291Y1_011212-T1
TFCN17291Y1_006470-T1__TFCN17291Y1_011213-T1	NaN	NaN	NaN	NaN	NaN	NaN	NaN	NaN	GF00000069	Rhodotorula_mucilaginosa_TFCN_17-291Y-1.cds.fa_06394	Rhodotorula_mucilaginosa_TFCN_17-291Y-1.cds.fa_11065	NaN	NaN	NaN	NaN	NaN	NaN	NaN	NaN	TFCN17291Y1_006470-T1	TFCN17291Y1_011213-T1
TFCN17291Y1_011212-T1__TFCN17291Y1_011225-T1	NaN	NaN	NaN	NaN	NaN	NaN	NaN	NaN	GF00000069	Rhodotorula_mucilaginosa_TFCN_17-291Y-1.cds.fa_11077	Rhodotorula_mucilaginosa_TFCN_17-291Y-1.cds.fa_11064	NaN	NaN	NaN	NaN	NaN	NaN	NaN	NaN	TFCN17291Y1_011225-T1	TFCN17291Y1_011212-T1
TFCN17291Y1_011213-T1__TFCN17291Y1_011225-T1	NaN	NaN	NaN	NaN	NaN	NaN	NaN	NaN	GF00000069	Rhodotorula_mucilaginosa_TFCN_17-291Y-1.cds.fa_11077	Rhodotorula_mucilaginosa_TFCN_17-291Y-1.cds.fa_11065	NaN	NaN	NaN	NaN	NaN	NaN	NaN	NaN	TFCN17291Y1_011225-T1	TFCN17291Y1_011213-T1
TFCN17291Y1_011212-T1__TFCN17291Y1_011213-T1	NaN	NaN	NaN	NaN	NaN	NaN	NaN	NaN	GF00000069	Rhodotorula_mucilaginosa_TFCN_17-291Y-1.cds.fa_11064	Rhodotorula_mucilaginosa_TFCN_17-291Y-1.cds.fa_11065	NaN	NaN	NaN	NaN	NaN	NaN	NaN	NaN	TFCN17291Y1_011212-T1	TFCN17291Y1_011213-T1
TFCN17291Y1_007135-T1__TFCN17291Y1_009160-T1	NaN	NaN	NaN	NaN	NaN	NaN	NaN	NaN	GF00000074	Rhodotorula_mucilaginosa_TFCN_17-291Y-1.cds.fa_09041	Rhodotorula_mucilaginosa_TFCN_17-291Y-1.cds.fa_07050	NaN	NaN	NaN	NaN	NaN	NaN	NaN	NaN	TFCN17291Y1_009160-T1	TFCN17291Y1_007135-T1
TFCN17291Y1_007128-T1__TFCN17291Y1_009160-T1	NaN	NaN	NaN	NaN	NaN	NaN	NaN	NaN	GF00000074	Rhodotorula_mucilaginosa_TFCN_17-291Y-1.cds.fa_09041	Rhodotorula_mucilaginosa_TFCN_17-291Y-1.cds.fa_07043	NaN	NaN	NaN	NaN	NaN	NaN	NaN	NaN	TFCN17291Y1_009160-T1	TFCN17291Y1_007128-T1
TFCN17291Y1_007134-T1__TFCN17291Y1_009160-T1	NaN	NaN	NaN	NaN	NaN	NaN	NaN	NaN	GF00000074	Rhodotorula_mucilaginosa_TFCN_17-291Y-1.cds.fa_09041	Rhodotorula_mucilaginosa_TFCN_17-291Y-1.cds.fa_07049	NaN	NaN	NaN	NaN	NaN	NaN	NaN	NaN	TFCN17291Y1_009160-T1	TFCN17291Y1_007134-T1
TFCN17291Y1_007138-T1__TFCN17291Y1_009160-T1	NaN	NaN	NaN	NaN	NaN	NaN	NaN	NaN	GF00000074	Rhodotorula_mucilaginosa_TFCN_17-291Y-1.cds.fa_09041	Rhodotorula_mucilaginosa_TFCN_17-291Y-1.cds.fa_07053	NaN	NaN	NaN	NaN	NaN	NaN	NaN	NaN	TFCN17291Y1_009160-T1	TFCN17291Y1_007138-T1
TFCN17291Y1_007137-T1__TFCN17291Y1_009160-T1	NaN	NaN	NaN	NaN	NaN	NaN	NaN	NaN	GF00000074	Rhodotorula_mucilaginosa_TFCN_17-291Y-1.cds.fa_09041	Rhodotorula_mucilaginosa_TFCN_17-291Y-1.cds.fa_07052	NaN	NaN	NaN	NaN	NaN	NaN	NaN	NaN	TFCN17291Y1_009160-T1	TFCN17291Y1_007137-T1
TFCN17291Y1_007128-T1__TFCN17291Y1_007135-T1	NaN	NaN	NaN	NaN	NaN	NaN	NaN	NaN	GF00000074	Rhodotorula_mucilaginosa_TFCN_17-291Y-1.cds.fa_07050	Rhodotorula_mucilaginosa_TFCN_17-291Y-1.cds.fa_07043	NaN	NaN	NaN	NaN	NaN	NaN	NaN	NaN	TFCN17291Y1_007135-T1	TFCN17291Y1_007128-T1
TFCN17291Y1_007134-T1__TFCN17291Y1_007135-T1	NaN	NaN	NaN	NaN	NaN	NaN	NaN	NaN	GF00000074	Rhodotorula_mucilaginosa_TFCN_17-291Y-1.cds.fa_07050	Rhodotorula_mucilaginosa_TFCN_17-291Y-1.cds.fa_07049	NaN	NaN	NaN	NaN	NaN	NaN	NaN	NaN	TFCN17291Y1_007135-T1	TFCN17291Y1_007134-T1
TFCN17291Y1_007135-T1__TFCN17291Y1_007138-T1	NaN	NaN	NaN	NaN	NaN	NaN	NaN	NaN	GF00000074	Rhodotorula_mucilaginosa_TFCN_17-291Y-1.cds.fa_07050	Rhodotorula_mucilaginosa_TFCN_17-291Y-1.cds.fa_07053	NaN	NaN	NaN	NaN	NaN	NaN	NaN	NaN	TFCN17291Y1_007135-T1	TFCN17291Y1_007138-T1
TFCN17291Y1_007135-T1__TFCN17291Y1_007137-T1	NaN	NaN	NaN	NaN	NaN	NaN	NaN	NaN	GF00000074	Rhodotorula_mucilaginosa_TFCN_17-291Y-1.cds.fa_07050	Rhodotorula_mucilaginosa_TFCN_17-291Y-1.cds.fa_07052	NaN	NaN	NaN	NaN	NaN	NaN	NaN	NaN	TFCN17291Y1_007135-T1	TFCN17291Y1_007137-T1
TFCN17291Y1_007128-T1__TFCN17291Y1_007134-T1	NaN	NaN	NaN	NaN	NaN	NaN	NaN	NaN	GF00000074	Rhodotorula_mucilaginosa_TFCN_17-291Y-1.cds.fa_07043	Rhodotorula_mucilaginosa_TFCN_17-291Y-1.cds.fa_07049	NaN	NaN	NaN	NaN	NaN	NaN	NaN	NaN	TFCN17291Y1_007128-T1	TFCN17291Y1_007134-T1
TFCN17291Y1_007128-T1__TFCN17291Y1_007138-T1	NaN	NaN	NaN	NaN	NaN	NaN	NaN	NaN	GF00000074	Rhodotorula_mucilaginosa_TFCN_17-291Y-1.cds.fa_07043	Rhodotorula_mucilaginosa_TFCN_17-291Y-1.cds.fa_07053	NaN	NaN	NaN	NaN	NaN	NaN	NaN	NaN	TFCN17291Y1_007128-T1	TFCN17291Y1_007138-T1
TFCN17291Y1_007128-T1__TFCN17291Y1_007137-T1	NaN	NaN	NaN	NaN	NaN	NaN	NaN	NaN	GF00000074	Rhodotorula_mucilaginosa_TFCN_17-291Y-1.cds.fa_07043	Rhodotorula_mucilaginosa_TFCN_17-291Y-1.cds.fa_07052	NaN	NaN	NaN	NaN	NaN	NaN	NaN	NaN	TFCN17291Y1_007128-T1	TFCN17291Y1_007137-T1
TFCN17291Y1_007134-T1__TFCN17291Y1_007138-T1	NaN	NaN	NaN	NaN	NaN	NaN	NaN	NaN	GF00000074	Rhodotorula_mucilaginosa_TFCN_17-291Y-1.cds.fa_07049	Rhodotorula_mucilaginosa_TFCN_17-291Y-1.cds.fa_07053	NaN	NaN	NaN	NaN	NaN	NaN	NaN	NaN	TFCN17291Y1_007134-T1	TFCN17291Y1_007138-T1
TFCN17291Y1_007134-T1__TFCN17291Y1_007137-T1	NaN	NaN	NaN	NaN	NaN	NaN	NaN	NaN	GF00000074	Rhodotorula_mucilaginosa_TFCN_17-291Y-1.cds.fa_07049	Rhodotorula_mucilaginosa_TFCN_17-291Y-1.cds.fa_07052	NaN	NaN	NaN	NaN	NaN	NaN	NaN	NaN	TFCN17291Y1_007134-T1	TFCN17291Y1_007137-T1
TFCN17291Y1_007137-T1__TFCN17291Y1_007138-T1	NaN	NaN	NaN	NaN	NaN	NaN	NaN	NaN	GF00000074	Rhodotorula_mucilaginosa_TFCN_17-291Y-1.cds.fa_07053	Rhodotorula_mucilaginosa_TFCN_17-291Y-1.cds.fa_07052	NaN	NaN	NaN	NaN	NaN	NaN	NaN	NaN	TFCN17291Y1_007138-T1	TFCN17291Y1_007137-T1
TFCN17291Y1_008416-T1__TFCN17291Y1_010836-T1	NaN	NaN	NaN	NaN	NaN	NaN	NaN	NaN	GF00000099	Rhodotorula_mucilaginosa_TFCN_17-291Y-1.cds.fa_10697	Rhodotorula_mucilaginosa_TFCN_17-291Y-1.cds.fa_08310	NaN	NaN	NaN	NaN	NaN	NaN	NaN	NaN	TFCN17291Y1_010836-T1	TFCN17291Y1_008416-T1
TFCN17291Y1_010836-T1__TFCN17291Y1_012634-T1	NaN	NaN	NaN	NaN	NaN	NaN	NaN	NaN	GF00000099	Rhodotorula_mucilaginosa_TFCN_17-291Y-1.cds.fa_10697	Rhodotorula_mucilaginosa_TFCN_17-291Y-1.cds.fa_12437	NaN	NaN	NaN	NaN	NaN	NaN	NaN	NaN	TFCN17291Y1_010836-T1	TFCN17291Y1_012634-T1
TFCN17291Y1_010836-T1__TFCN17291Y1_012755-T1	NaN	NaN	NaN	NaN	NaN	NaN	NaN	NaN	GF00000099	Rhodotorula_mucilaginosa_TFCN_17-291Y-1.cds.fa_10697	Rhodotorula_mucilaginosa_TFCN_17-291Y-1.cds.fa_12555	NaN	NaN	NaN	NaN	NaN	NaN	NaN	NaN	TFCN17291Y1_010836-T1	TFCN17291Y1_012755-T1
TFCN17291Y1_010836-T1__TFCN17291Y1_012824-T1	NaN	NaN	NaN	NaN	NaN	NaN	NaN	NaN	GF00000099	Rhodotorula_mucilaginosa_TFCN_17-291Y-1.cds.fa_10697	Rhodotorula_mucilaginosa_TFCN_17-291Y-1.cds.fa_12624	NaN	NaN	NaN	NaN	NaN	NaN	NaN	NaN	TFCN17291Y1_010836-T1	TFCN17291Y1_012824-T1
TFCN17291Y1_008416-T1__TFCN17291Y1_012634-T1	NaN	NaN	NaN	NaN	NaN	NaN	NaN	NaN	GF00000099	Rhodotorula_mucilaginosa_TFCN_17-291Y-1.cds.fa_08310	Rhodotorula_mucilaginosa_TFCN_17-291Y-1.cds.fa_12437	NaN	NaN	NaN	NaN	NaN	NaN	NaN	NaN	TFCN17291Y1_008416-T1	TFCN17291Y1_012634-T1
TFCN17291Y1_008416-T1__TFCN17291Y1_012755-T1	NaN	NaN	NaN	NaN	NaN	NaN	NaN	NaN	GF00000099	Rhodotorula_mucilaginosa_TFCN_17-291Y-1.cds.fa_08310	Rhodotorula_mucilaginosa_TFCN_17-291Y-1.cds.fa_12555	NaN	NaN	NaN	NaN	NaN	NaN	NaN	NaN	TFCN17291Y1_008416-T1	TFCN17291Y1_012755-T1
TFCN17291Y1_008416-T1__TFCN17291Y1_012824-T1	NaN	NaN	NaN	NaN	NaN	NaN	NaN	NaN	GF00000099	Rhodotorula_mucilaginosa_TFCN_17-291Y-1.cds.fa_08310	Rhodotorula_mucilaginosa_TFCN_17-291Y-1.cds.fa_12624	NaN	NaN	NaN	NaN	NaN	NaN	NaN	NaN	TFCN17291Y1_008416-T1	TFCN17291Y1_012824-T1
TFCN17291Y1_012634-T1__TFCN17291Y1_012755-T1	NaN	NaN	NaN	NaN	NaN	NaN	NaN	NaN	GF00000099	Rhodotorula_mucilaginosa_TFCN_17-291Y-1.cds.fa_12437	Rhodotorula_mucilaginosa_TFCN_17-291Y-1.cds.fa_12555	NaN	NaN	NaN	NaN	NaN	NaN	NaN	NaN	TFCN17291Y1_012634-T1	TFCN17291Y1_012755-T1
TFCN17291Y1_012634-T1__TFCN17291Y1_012824-T1	NaN	NaN	NaN	NaN	NaN	NaN	NaN	NaN	GF00000099	Rhodotorula_mucilaginosa_TFCN_17-291Y-1.cds.fa_12437	Rhodotorula_mucilaginosa_TFCN_17-291Y-1.cds.fa_12624	NaN	NaN	NaN	NaN	NaN	NaN	NaN	NaN	TFCN17291Y1_012634-T1	TFCN17291Y1_012824-T1
TFCN17291Y1_012755-T1__TFCN17291Y1_012824-T1	NaN	NaN	NaN	NaN	NaN	NaN	NaN	NaN	GF00000099	Rhodotorula_mucilaginosa_TFCN_17-291Y-1.cds.fa_12555	Rhodotorula_mucilaginosa_TFCN_17-291Y-1.cds.fa_12624	NaN	NaN	NaN	NaN	NaN	NaN	NaN	NaN	TFCN17291Y1_012755-T1	TFCN17291Y1_012824-T1
TFCN17291Y1_002548-T1__TFCN17291Y1_005249-T1	NaN	NaN	NaN	NaN	NaN	NaN	NaN	NaN	GF00000104	Rhodotorula_mucilaginosa_TFCN_17-291Y-1.cds.fa_02536	Rhodotorula_mucilaginosa_TFCN_17-291Y-1.cds.fa_05193	NaN	NaN	NaN	NaN	NaN	NaN	NaN	NaN	TFCN17291Y1_002548-T1	TFCN17291Y1_005249-T1
TFCN17291Y1_002548-T1__TFCN17291Y1_002549-T1	NaN	NaN	NaN	NaN	NaN	NaN	NaN	NaN	GF00000104	Rhodotorula_mucilaginosa_TFCN_17-291Y-1.cds.fa_02536	Rhodotorula_mucilaginosa_TFCN_17-291Y-1.cds.fa_02537	NaN	NaN	NaN	NaN	NaN	NaN	NaN	NaN	TFCN17291Y1_002548-T1	TFCN17291Y1_002549-T1
TFCN17291Y1_002548-T1__TFCN17291Y1_005247-T1	NaN	NaN	NaN	NaN	NaN	NaN	NaN	NaN	GF00000104	Rhodotorula_mucilaginosa_TFCN_17-291Y-1.cds.fa_02536	Rhodotorula_mucilaginosa_TFCN_17-291Y-1.cds.fa_05191	NaN	NaN	NaN	NaN	NaN	NaN	NaN	NaN	TFCN17291Y1_002548-T1	TFCN17291Y1_005247-T1
TFCN17291Y1_002548-T1__TFCN17291Y1_002551-T1	NaN	NaN	NaN	NaN	NaN	NaN	NaN	NaN	GF00000104	Rhodotorula_mucilaginosa_TFCN_17-291Y-1.cds.fa_02536	Rhodotorula_mucilaginosa_TFCN_17-291Y-1.cds.fa_02539	NaN	NaN	NaN	NaN	NaN	NaN	NaN	NaN	TFCN17291Y1_002548-T1	TFCN17291Y1_002551-T1
TFCN17291Y1_002549-T1__TFCN17291Y1_005249-T1	NaN	NaN	NaN	NaN	NaN	NaN	NaN	NaN	GF00000104	Rhodotorula_mucilaginosa_TFCN_17-291Y-1.cds.fa_05193	Rhodotorula_mucilaginosa_TFCN_17-291Y-1.cds.fa_02537	NaN	NaN	NaN	NaN	NaN	NaN	NaN	NaN	TFCN17291Y1_005249-T1	TFCN17291Y1_002549-T1
TFCN17291Y1_005247-T1__TFCN17291Y1_005249-T1	NaN	NaN	NaN	NaN	NaN	NaN	NaN	NaN	GF00000104	Rhodotorula_mucilaginosa_TFCN_17-291Y-1.cds.fa_05193	Rhodotorula_mucilaginosa_TFCN_17-291Y-1.cds.fa_05191	NaN	NaN	NaN	NaN	NaN	NaN	NaN	NaN	TFCN17291Y1_005249-T1	TFCN17291Y1_005247-T1
TFCN17291Y1_002551-T1__TFCN17291Y1_005249-T1	NaN	NaN	NaN	NaN	NaN	NaN	NaN	NaN	GF00000104	Rhodotorula_mucilaginosa_TFCN_17-291Y-1.cds.fa_05193	Rhodotorula_mucilaginosa_TFCN_17-291Y-1.cds.fa_02539	NaN	NaN	NaN	NaN	NaN	NaN	NaN	NaN	TFCN17291Y1_005249-T1	TFCN17291Y1_002551-T1
TFCN17291Y1_002549-T1__TFCN17291Y1_005247-T1	NaN	NaN	NaN	NaN	NaN	NaN	NaN	NaN	GF00000104	Rhodotorula_mucilaginosa_TFCN_17-291Y-1.cds.fa_02537	Rhodotorula_mucilaginosa_TFCN_17-291Y-1.cds.fa_05191	NaN	NaN	NaN	NaN	NaN	NaN	NaN	NaN	TFCN17291Y1_002549-T1	TFCN17291Y1_005247-T1
TFCN17291Y1_002549-T1__TFCN17291Y1_002551-T1	NaN	NaN	NaN	NaN	NaN	NaN	NaN	NaN	GF00000104	Rhodotorula_mucilaginosa_TFCN_17-291Y-1.cds.fa_02537	Rhodotorula_mucilaginosa_TFCN_17-291Y-1.cds.fa_02539	NaN	NaN	NaN	NaN	NaN	NaN	NaN	NaN	TFCN17291Y1_002549-T1	TFCN17291Y1_002551-T1
TFCN17291Y1_002551-T1__TFCN17291Y1_005247-T1	NaN	NaN	NaN	NaN	NaN	NaN	NaN	NaN	GF00000104	Rhodotorula_mucilaginosa_TFCN_17-291Y-1.cds.fa_05191	Rhodotorula_mucilaginosa_TFCN_17-291Y-1.cds.fa_02539	NaN	NaN	NaN	NaN	NaN	NaN	NaN	NaN	TFCN17291Y1_005247-T1	TFCN17291Y1_002551-T1
TFCN17291Y1_012904-T1__TFCN17291Y1_012954-T1	NaN	NaN	NaN	NaN	NaN	NaN	NaN	NaN	GF00000108	Rhodotorula_mucilaginosa_TFCN_17-291Y-1.cds.fa_12742	Rhodotorula_mucilaginosa_TFCN_17-291Y-1.cds.fa_12699	NaN	NaN	NaN	NaN	NaN	NaN	NaN	NaN	TFCN17291Y1_012954-T1	TFCN17291Y1_012904-T1
TFCN17291Y1_012954-T1__TFCN17291Y1_012989-T1	NaN	NaN	NaN	NaN	NaN	NaN	NaN	NaN	GF00000108	Rhodotorula_mucilaginosa_TFCN_17-291Y-1.cds.fa_12742	Rhodotorula_mucilaginosa_TFCN_17-291Y-1.cds.fa_12773	NaN	NaN	NaN	NaN	NaN	NaN	NaN	NaN	TFCN17291Y1_012954-T1	TFCN17291Y1_012989-T1
TFCN17291Y1_012946-T1__TFCN17291Y1_012954-T1	NaN	NaN	NaN	NaN	NaN	NaN	NaN	NaN	GF00000108	Rhodotorula_mucilaginosa_TFCN_17-291Y-1.cds.fa_12742	Rhodotorula_mucilaginosa_TFCN_17-291Y-1.cds.fa_12734	NaN	NaN	NaN	NaN	NaN	NaN	NaN	NaN	TFCN17291Y1_012954-T1	TFCN17291Y1_012946-T1
TFCN17291Y1_012954-T1__TFCN17291Y1_012996-T1	NaN	NaN	NaN	NaN	NaN	NaN	NaN	NaN	GF00000108	Rhodotorula_mucilaginosa_TFCN_17-291Y-1.cds.fa_12742	Rhodotorula_mucilaginosa_TFCN_17-291Y-1.cds.fa_12778	NaN	NaN	NaN	NaN	NaN	NaN	NaN	NaN	TFCN17291Y1_012954-T1	TFCN17291Y1_012996-T1
TFCN17291Y1_012904-T1__TFCN17291Y1_012989-T1	NaN	NaN	NaN	NaN	NaN	NaN	NaN	NaN	GF00000108	Rhodotorula_mucilaginosa_TFCN_17-291Y-1.cds.fa_12699	Rhodotorula_mucilaginosa_TFCN_17-291Y-1.cds.fa_12773	NaN	NaN	NaN	NaN	NaN	NaN	NaN	NaN	TFCN17291Y1_012904-T1	TFCN17291Y1_012989-T1
TFCN17291Y1_012904-T1__TFCN17291Y1_012946-T1	NaN	NaN	NaN	NaN	NaN	NaN	NaN	NaN	GF00000108	Rhodotorula_mucilaginosa_TFCN_17-291Y-1.cds.fa_12699	Rhodotorula_mucilaginosa_TFCN_17-291Y-1.cds.fa_12734	NaN	NaN	NaN	NaN	NaN	NaN	NaN	NaN	TFCN17291Y1_012904-T1	TFCN17291Y1_012946-T1
TFCN17291Y1_012904-T1__TFCN17291Y1_012996-T1	NaN	NaN	NaN	NaN	NaN	NaN	NaN	NaN	GF00000108	Rhodotorula_mucilaginosa_TFCN_17-291Y-1.cds.fa_12699	Rhodotorula_mucilaginosa_TFCN_17-291Y-1.cds.fa_12778	NaN	NaN	NaN	NaN	NaN	NaN	NaN	NaN	TFCN17291Y1_012904-T1	TFCN17291Y1_012996-T1
TFCN17291Y1_012946-T1__TFCN17291Y1_012989-T1	NaN	NaN	NaN	NaN	NaN	NaN	NaN	NaN	GF00000108	Rhodotorula_mucilaginosa_TFCN_17-291Y-1.cds.fa_12773	Rhodotorula_mucilaginosa_TFCN_17-291Y-1.cds.fa_12734	NaN	NaN	NaN	NaN	NaN	NaN	NaN	NaN	TFCN17291Y1_012989-T1	TFCN17291Y1_012946-T1
TFCN17291Y1_012989-T1__TFCN17291Y1_012996-T1	NaN	NaN	NaN	NaN	NaN	NaN	NaN	NaN	GF00000108	Rhodotorula_mucilaginosa_TFCN_17-291Y-1.cds.fa_12773	Rhodotorula_mucilaginosa_TFCN_17-291Y-1.cds.fa_12778	NaN	NaN	NaN	NaN	NaN	NaN	NaN	NaN	TFCN17291Y1_012989-T1	TFCN17291Y1_012996-T1
TFCN17291Y1_012946-T1__TFCN17291Y1_012996-T1	NaN	NaN	NaN	NaN	NaN	NaN	NaN	NaN	GF00000108	Rhodotorula_mucilaginosa_TFCN_17-291Y-1.cds.fa_12734	Rhodotorula_mucilaginosa_TFCN_17-291Y-1.cds.fa_12778	NaN	NaN	NaN	NaN	NaN	NaN	NaN	NaN	TFCN17291Y1_012946-T1	TFCN17291Y1_012996-T1
TFCN17291Y1_001795-T1__TFCN17291Y1_006737-T1	NaN	NaN	NaN	NaN	NaN	NaN	NaN	NaN	GF00000114	Rhodotorula_mucilaginosa_TFCN_17-291Y-1.cds.fa_01785	Rhodotorula_mucilaginosa_TFCN_17-291Y-1.cds.fa_06656	NaN	NaN	NaN	NaN	NaN	NaN	NaN	NaN	TFCN17291Y1_001795-T1	TFCN17291Y1_006737-T1
TFCN17291Y1_001795-T1__TFCN17291Y1_001802-T1	NaN	NaN	NaN	NaN	NaN	NaN	NaN	NaN	GF00000114	Rhodotorula_mucilaginosa_TFCN_17-291Y-1.cds.fa_01785	Rhodotorula_mucilaginosa_TFCN_17-291Y-1.cds.fa_01792	NaN	NaN	NaN	NaN	NaN	NaN	NaN	NaN	TFCN17291Y1_001795-T1	TFCN17291Y1_001802-T1
TFCN17291Y1_001795-T1__TFCN17291Y1_006746-T1	NaN	NaN	NaN	NaN	NaN	NaN	NaN	NaN	GF00000114	Rhodotorula_mucilaginosa_TFCN_17-291Y-1.cds.fa_01785	Rhodotorula_mucilaginosa_TFCN_17-291Y-1.cds.fa_06665	NaN	NaN	NaN	NaN	NaN	NaN	NaN	NaN	TFCN17291Y1_001795-T1	TFCN17291Y1_006746-T1
TFCN17291Y1_001794-T1__TFCN17291Y1_001795-T1	NaN	NaN	NaN	NaN	NaN	NaN	NaN	NaN	GF00000114	Rhodotorula_mucilaginosa_TFCN_17-291Y-1.cds.fa_01785	Rhodotorula_mucilaginosa_TFCN_17-291Y-1.cds.fa_01784	NaN	NaN	NaN	NaN	NaN	NaN	NaN	NaN	TFCN17291Y1_001795-T1	TFCN17291Y1_001794-T1
TFCN17291Y1_001802-T1__TFCN17291Y1_006737-T1	NaN	NaN	NaN	NaN	NaN	NaN	NaN	NaN	GF00000114	Rhodotorula_mucilaginosa_TFCN_17-291Y-1.cds.fa_06656	Rhodotorula_mucilaginosa_TFCN_17-291Y-1.cds.fa_01792	NaN	NaN	NaN	NaN	NaN	NaN	NaN	NaN	TFCN17291Y1_006737-T1	TFCN17291Y1_001802-T1
TFCN17291Y1_006737-T1__TFCN17291Y1_006746-T1	NaN	NaN	NaN	NaN	NaN	NaN	NaN	NaN	GF00000114	Rhodotorula_mucilaginosa_TFCN_17-291Y-1.cds.fa_06656	Rhodotorula_mucilaginosa_TFCN_17-291Y-1.cds.fa_06665	NaN	NaN	NaN	NaN	NaN	NaN	NaN	NaN	TFCN17291Y1_006737-T1	TFCN17291Y1_006746-T1
TFCN17291Y1_001794-T1__TFCN17291Y1_006737-T1	NaN	NaN	NaN	NaN	NaN	NaN	NaN	NaN	GF00000114	Rhodotorula_mucilaginosa_TFCN_17-291Y-1.cds.fa_06656	Rhodotorula_mucilaginosa_TFCN_17-291Y-1.cds.fa_01784	NaN	NaN	NaN	NaN	NaN	NaN	NaN	NaN	TFCN17291Y1_006737-T1	TFCN17291Y1_001794-T1
TFCN17291Y1_001802-T1__TFCN17291Y1_006746-T1	NaN	NaN	NaN	NaN	NaN	NaN	NaN	NaN	GF00000114	Rhodotorula_mucilaginosa_TFCN_17-291Y-1.cds.fa_01792	Rhodotorula_mucilaginosa_TFCN_17-291Y-1.cds.fa_06665	NaN	NaN	NaN	NaN	NaN	NaN	NaN	NaN	TFCN17291Y1_001802-T1	TFCN17291Y1_006746-T1
TFCN17291Y1_001794-T1__TFCN17291Y1_001802-T1	NaN	NaN	NaN	NaN	NaN	NaN	NaN	NaN	GF00000114	Rhodotorula_mucilaginosa_TFCN_17-291Y-1.cds.fa_01792	Rhodotorula_mucilaginosa_TFCN_17-291Y-1.cds.fa_01784	NaN	NaN	NaN	NaN	NaN	NaN	NaN	NaN	TFCN17291Y1_001802-T1	TFCN17291Y1_001794-T1
TFCN17291Y1_001794-T1__TFCN17291Y1_006746-T1	NaN	NaN	NaN	NaN	NaN	NaN	NaN	NaN	GF00000114	Rhodotorula_mucilaginosa_TFCN_17-291Y-1.cds.fa_06665	Rhodotorula_mucilaginosa_TFCN_17-291Y-1.cds.fa_01784	NaN	NaN	NaN	NaN	NaN	NaN	NaN	NaN	TFCN17291Y1_006746-T1	TFCN17291Y1_001794-T1
TFCN17291Y1_003481-T1__TFCN17291Y1_012450-T1	NaN	NaN	NaN	NaN	NaN	NaN	NaN	NaN	GF00000134	Rhodotorula_mucilaginosa_TFCN_17-291Y-1.cds.fa_03445	Rhodotorula_mucilaginosa_TFCN_17-291Y-1.cds.fa_12258	NaN	NaN	NaN	NaN	NaN	NaN	NaN	NaN	TFCN17291Y1_003481-T1	TFCN17291Y1_012450-T1
TFCN17291Y1_003481-T1__TFCN17291Y1_012449-T1	NaN	NaN	NaN	NaN	NaN	NaN	NaN	NaN	GF00000134	Rhodotorula_mucilaginosa_TFCN_17-291Y-1.cds.fa_03445	Rhodotorula_mucilaginosa_TFCN_17-291Y-1.cds.fa_12257	NaN	NaN	NaN	NaN	NaN	NaN	NaN	NaN	TFCN17291Y1_003481-T1	TFCN17291Y1_012449-T1
TFCN17291Y1_003481-T1__TFCN17291Y1_012448-T1	NaN	NaN	NaN	NaN	NaN	NaN	NaN	NaN	GF00000134	Rhodotorula_mucilaginosa_TFCN_17-291Y-1.cds.fa_03445	Rhodotorula_mucilaginosa_TFCN_17-291Y-1.cds.fa_12256	NaN	NaN	NaN	NaN	NaN	NaN	NaN	NaN	TFCN17291Y1_003481-T1	TFCN17291Y1_012448-T1
TFCN17291Y1_003481-T1__TFCN17291Y1_012447-T1	NaN	NaN	NaN	NaN	NaN	NaN	NaN	NaN	GF00000134	Rhodotorula_mucilaginosa_TFCN_17-291Y-1.cds.fa_03445	Rhodotorula_mucilaginosa_TFCN_17-291Y-1.cds.fa_12255	NaN	NaN	NaN	NaN	NaN	NaN	NaN	NaN	TFCN17291Y1_003481-T1	TFCN17291Y1_012447-T1
TFCN17291Y1_012449-T1__TFCN17291Y1_012450-T1	NaN	NaN	NaN	NaN	NaN	NaN	NaN	NaN	GF00000134	Rhodotorula_mucilaginosa_TFCN_17-291Y-1.cds.fa_12258	Rhodotorula_mucilaginosa_TFCN_17-291Y-1.cds.fa_12257	NaN	NaN	NaN	NaN	NaN	NaN	NaN	NaN	TFCN17291Y1_012450-T1	TFCN17291Y1_012449-T1
TFCN17291Y1_012448-T1__TFCN17291Y1_012450-T1	NaN	NaN	NaN	NaN	NaN	NaN	NaN	NaN	GF00000134	Rhodotorula_mucilaginosa_TFCN_17-291Y-1.cds.fa_12258	Rhodotorula_mucilaginosa_TFCN_17-291Y-1.cds.fa_12256	NaN	NaN	NaN	NaN	NaN	NaN	NaN	NaN	TFCN17291Y1_012450-T1	TFCN17291Y1_012448-T1
TFCN17291Y1_012447-T1__TFCN17291Y1_012450-T1	NaN	NaN	NaN	NaN	NaN	NaN	NaN	NaN	GF00000134	Rhodotorula_mucilaginosa_TFCN_17-291Y-1.cds.fa_12258	Rhodotorula_mucilaginosa_TFCN_17-291Y-1.cds.fa_12255	NaN	NaN	NaN	NaN	NaN	NaN	NaN	NaN	TFCN17291Y1_012450-T1	TFCN17291Y1_012447-T1
TFCN17291Y1_012448-T1__TFCN17291Y1_012449-T1	NaN	NaN	NaN	NaN	NaN	NaN	NaN	NaN	GF00000134	Rhodotorula_mucilaginosa_TFCN_17-291Y-1.cds.fa_12257	Rhodotorula_mucilaginosa_TFCN_17-291Y-1.cds.fa_12256	NaN	NaN	NaN	NaN	NaN	NaN	NaN	NaN	TFCN17291Y1_012449-T1	TFCN17291Y1_012448-T1
TFCN17291Y1_012447-T1__TFCN17291Y1_012449-T1	NaN	NaN	NaN	NaN	NaN	NaN	NaN	NaN	GF00000134	Rhodotorula_mucilaginosa_TFCN_17-291Y-1.cds.fa_12257	Rhodotorula_mucilaginosa_TFCN_17-291Y-1.cds.fa_12255	NaN	NaN	NaN	NaN	NaN	NaN	NaN	NaN	TFCN17291Y1_012449-T1	TFCN17291Y1_012447-T1
TFCN17291Y1_012447-T1__TFCN17291Y1_012448-T1	NaN	NaN	NaN	NaN	NaN	NaN	NaN	NaN	GF00000134	Rhodotorula_mucilaginosa_TFCN_17-291Y-1.cds.fa_12256	Rhodotorula_mucilaginosa_TFCN_17-291Y-1.cds.fa_12255	NaN	NaN	NaN	NaN	NaN	NaN	NaN	NaN	TFCN17291Y1_012448-T1	TFCN17291Y1_012447-T1
TFCN17291Y1_006799-T1__TFCN17291Y1_006800-T1	NaN	NaN	NaN	NaN	NaN	NaN	NaN	NaN	GF00000143	Rhodotorula_mucilaginosa_TFCN_17-291Y-1.cds.fa_06718	Rhodotorula_mucilaginosa_TFCN_17-291Y-1.cds.fa_06719	NaN	NaN	NaN	NaN	NaN	NaN	NaN	NaN	TFCN17291Y1_006799-T1	TFCN17291Y1_006800-T1
TFCN17291Y1_006799-T1__TFCN17291Y1_008786-T1	NaN	NaN	NaN	NaN	NaN	NaN	NaN	NaN	GF00000143	Rhodotorula_mucilaginosa_TFCN_17-291Y-1.cds.fa_06718	Rhodotorula_mucilaginosa_TFCN_17-291Y-1.cds.fa_08676	NaN	NaN	NaN	NaN	NaN	NaN	NaN	NaN	TFCN17291Y1_006799-T1	TFCN17291Y1_008786-T1
TFCN17291Y1_006799-T1__TFCN17291Y1_008787-T1	NaN	NaN	NaN	NaN	NaN	NaN	NaN	NaN	GF00000143	Rhodotorula_mucilaginosa_TFCN_17-291Y-1.cds.fa_06718	Rhodotorula_mucilaginosa_TFCN_17-291Y-1.cds.fa_08677	NaN	NaN	NaN	NaN	NaN	NaN	NaN	NaN	TFCN17291Y1_006799-T1	TFCN17291Y1_008787-T1
TFCN17291Y1_000604-T1__TFCN17291Y1_006799-T1	NaN	NaN	NaN	NaN	NaN	NaN	NaN	NaN	GF00000143	Rhodotorula_mucilaginosa_TFCN_17-291Y-1.cds.fa_06718	Rhodotorula_mucilaginosa_TFCN_17-291Y-1.cds.fa_00597	NaN	NaN	NaN	NaN	NaN	NaN	NaN	NaN	TFCN17291Y1_006799-T1	TFCN17291Y1_000604-T1
TFCN17291Y1_006800-T1__TFCN17291Y1_008786-T1	NaN	NaN	NaN	NaN	NaN	NaN	NaN	NaN	GF00000143	Rhodotorula_mucilaginosa_TFCN_17-291Y-1.cds.fa_06719	Rhodotorula_mucilaginosa_TFCN_17-291Y-1.cds.fa_08676	NaN	NaN	NaN	NaN	NaN	NaN	NaN	NaN	TFCN17291Y1_006800-T1	TFCN17291Y1_008786-T1
TFCN17291Y1_006800-T1__TFCN17291Y1_008787-T1	NaN	NaN	NaN	NaN	NaN	NaN	NaN	NaN	GF00000143	Rhodotorula_mucilaginosa_TFCN_17-291Y-1.cds.fa_06719	Rhodotorula_mucilaginosa_TFCN_17-291Y-1.cds.fa_08677	NaN	NaN	NaN	NaN	NaN	NaN	NaN	NaN	TFCN17291Y1_006800-T1	TFCN17291Y1_008787-T1
TFCN17291Y1_000604-T1__TFCN17291Y1_006800-T1	NaN	NaN	NaN	NaN	NaN	NaN	NaN	NaN	GF00000143	Rhodotorula_mucilaginosa_TFCN_17-291Y-1.cds.fa_06719	Rhodotorula_mucilaginosa_TFCN_17-291Y-1.cds.fa_00597	NaN	NaN	NaN	NaN	NaN	NaN	NaN	NaN	TFCN17291Y1_006800-T1	TFCN17291Y1_000604-T1
TFCN17291Y1_008786-T1__TFCN17291Y1_008787-T1	NaN	NaN	NaN	NaN	NaN	NaN	NaN	NaN	GF00000143	Rhodotorula_mucilaginosa_TFCN_17-291Y-1.cds.fa_08676	Rhodotorula_mucilaginosa_TFCN_17-291Y-1.cds.fa_08677	NaN	NaN	NaN	NaN	NaN	NaN	NaN	NaN	TFCN17291Y1_008786-T1	TFCN17291Y1_008787-T1
TFCN17291Y1_000604-T1__TFCN17291Y1_008786-T1	NaN	NaN	NaN	NaN	NaN	NaN	NaN	NaN	GF00000143	Rhodotorula_mucilaginosa_TFCN_17-291Y-1.cds.fa_08676	Rhodotorula_mucilaginosa_TFCN_17-291Y-1.cds.fa_00597	NaN	NaN	NaN	NaN	NaN	NaN	NaN	NaN	TFCN17291Y1_008786-T1	TFCN17291Y1_000604-T1
TFCN17291Y1_000604-T1__TFCN17291Y1_008787-T1	NaN	NaN	NaN	NaN	NaN	NaN	NaN	NaN	GF00000143	Rhodotorula_mucilaginosa_TFCN_17-291Y-1.cds.fa_08677	Rhodotorula_mucilaginosa_TFCN_17-291Y-1.cds.fa_00597	NaN	NaN	NaN	NaN	NaN	NaN	NaN	NaN	TFCN17291Y1_008787-T1	TFCN17291Y1_000604-T1
TFCN17291Y1_000611-T1__TFCN17291Y1_006792-T1	NaN	NaN	NaN	NaN	NaN	NaN	NaN	NaN	GF00000148	Rhodotorula_mucilaginosa_TFCN_17-291Y-1.cds.fa_06711	Rhodotorula_mucilaginosa_TFCN_17-291Y-1.cds.fa_00604	NaN	NaN	NaN	NaN	NaN	NaN	NaN	NaN	TFCN17291Y1_006792-T1	TFCN17291Y1_000611-T1
TFCN17291Y1_006792-T1__TFCN17291Y1_006807-T1	NaN	NaN	NaN	NaN	NaN	NaN	NaN	NaN	GF00000148	Rhodotorula_mucilaginosa_TFCN_17-291Y-1.cds.fa_06711	Rhodotorula_mucilaginosa_TFCN_17-291Y-1.cds.fa_06726	NaN	NaN	NaN	NaN	NaN	NaN	NaN	NaN	TFCN17291Y1_006792-T1	TFCN17291Y1_006807-T1
TFCN17291Y1_006791-T1__TFCN17291Y1_006792-T1	NaN	NaN	NaN	NaN	NaN	NaN	NaN	NaN	GF00000148	Rhodotorula_mucilaginosa_TFCN_17-291Y-1.cds.fa_06711	Rhodotorula_mucilaginosa_TFCN_17-291Y-1.cds.fa_06710	NaN	NaN	NaN	NaN	NaN	NaN	NaN	NaN	TFCN17291Y1_006792-T1	TFCN17291Y1_006791-T1
TFCN17291Y1_006790-T1__TFCN17291Y1_006792-T1	NaN	NaN	NaN	NaN	NaN	NaN	NaN	NaN	GF00000148	Rhodotorula_mucilaginosa_TFCN_17-291Y-1.cds.fa_06711	Rhodotorula_mucilaginosa_TFCN_17-291Y-1.cds.fa_06709	NaN	NaN	NaN	NaN	NaN	NaN	NaN	NaN	TFCN17291Y1_006792-T1	TFCN17291Y1_006790-T1
TFCN17291Y1_000611-T1__TFCN17291Y1_006807-T1	NaN	NaN	NaN	NaN	NaN	NaN	NaN	NaN	GF00000148	Rhodotorula_mucilaginosa_TFCN_17-291Y-1.cds.fa_00604	Rhodotorula_mucilaginosa_TFCN_17-291Y-1.cds.fa_06726	NaN	NaN	NaN	NaN	NaN	NaN	NaN	NaN	TFCN17291Y1_000611-T1	TFCN17291Y1_006807-T1
TFCN17291Y1_000611-T1__TFCN17291Y1_006791-T1	NaN	NaN	NaN	NaN	NaN	NaN	NaN	NaN	GF00000148	Rhodotorula_mucilaginosa_TFCN_17-291Y-1.cds.fa_00604	Rhodotorula_mucilaginosa_TFCN_17-291Y-1.cds.fa_06710	NaN	NaN	NaN	NaN	NaN	NaN	NaN	NaN	TFCN17291Y1_000611-T1	TFCN17291Y1_006791-T1
TFCN17291Y1_000611-T1__TFCN17291Y1_006790-T1	NaN	NaN	NaN	NaN	NaN	NaN	NaN	NaN	GF00000148	Rhodotorula_mucilaginosa_TFCN_17-291Y-1.cds.fa_00604	Rhodotorula_mucilaginosa_TFCN_17-291Y-1.cds.fa_06709	NaN	NaN	NaN	NaN	NaN	NaN	NaN	NaN	TFCN17291Y1_000611-T1	TFCN17291Y1_006790-T1
TFCN17291Y1_006791-T1__TFCN17291Y1_006807-T1	NaN	NaN	NaN	NaN	NaN	NaN	NaN	NaN	GF00000148	Rhodotorula_mucilaginosa_TFCN_17-291Y-1.cds.fa_06726	Rhodotorula_mucilaginosa_TFCN_17-291Y-1.cds.fa_06710	NaN	NaN	NaN	NaN	NaN	NaN	NaN	NaN	TFCN17291Y1_006807-T1	TFCN17291Y1_006791-T1
TFCN17291Y1_006790-T1__TFCN17291Y1_006807-T1	NaN	NaN	NaN	NaN	NaN	NaN	NaN	NaN	GF00000148	Rhodotorula_mucilaginosa_TFCN_17-291Y-1.cds.fa_06726	Rhodotorula_mucilaginosa_TFCN_17-291Y-1.cds.fa_06709	NaN	NaN	NaN	NaN	NaN	NaN	NaN	NaN	TFCN17291Y1_006807-T1	TFCN17291Y1_006790-T1
TFCN17291Y1_006790-T1__TFCN17291Y1_006791-T1	NaN	NaN	NaN	NaN	NaN	NaN	NaN	NaN	GF00000148	Rhodotorula_mucilaginosa_TFCN_17-291Y-1.cds.fa_06710	Rhodotorula_mucilaginosa_TFCN_17-291Y-1.cds.fa_06709	NaN	NaN	NaN	NaN	NaN	NaN	NaN	NaN	TFCN17291Y1_006791-T1	TFCN17291Y1_006790-T1
TFCN17291Y1_004518-T1__TFCN17291Y1_012480-T1	NaN	NaN	NaN	NaN	NaN	NaN	NaN	NaN	GF00000158	Rhodotorula_mucilaginosa_TFCN_17-291Y-1.cds.fa_04471	Rhodotorula_mucilaginosa_TFCN_17-291Y-1.cds.fa_12288	NaN	NaN	NaN	NaN	NaN	NaN	NaN	NaN	TFCN17291Y1_004518-T1	TFCN17291Y1_012480-T1
TFCN17291Y1_004518-T1__TFCN17291Y1_012481-T1	NaN	NaN	NaN	NaN	NaN	NaN	NaN	NaN	GF00000158	Rhodotorula_mucilaginosa_TFCN_17-291Y-1.cds.fa_04471	Rhodotorula_mucilaginosa_TFCN_17-291Y-1.cds.fa_12289	NaN	NaN	NaN	NaN	NaN	NaN	NaN	NaN	TFCN17291Y1_004518-T1	TFCN17291Y1_012481-T1
TFCN17291Y1_004518-T1__TFCN17291Y1_010606-T1	NaN	NaN	NaN	NaN	NaN	NaN	NaN	NaN	GF00000158	Rhodotorula_mucilaginosa_TFCN_17-291Y-1.cds.fa_04471	Rhodotorula_mucilaginosa_TFCN_17-291Y-1.cds.fa_10471	NaN	NaN	NaN	NaN	NaN	NaN	NaN	NaN	TFCN17291Y1_004518-T1	TFCN17291Y1_010606-T1
TFCN17291Y1_012480-T1__TFCN17291Y1_012481-T1	NaN	NaN	NaN	NaN	NaN	NaN	NaN	NaN	GF00000158	Rhodotorula_mucilaginosa_TFCN_17-291Y-1.cds.fa_12288	Rhodotorula_mucilaginosa_TFCN_17-291Y-1.cds.fa_12289	NaN	NaN	NaN	NaN	NaN	NaN	NaN	NaN	TFCN17291Y1_012480-T1	TFCN17291Y1_012481-T1
TFCN17291Y1_010606-T1__TFCN17291Y1_012480-T1	NaN	NaN	NaN	NaN	NaN	NaN	NaN	NaN	GF00000158	Rhodotorula_mucilaginosa_TFCN_17-291Y-1.cds.fa_12288	Rhodotorula_mucilaginosa_TFCN_17-291Y-1.cds.fa_10471	NaN	NaN	NaN	NaN	NaN	NaN	NaN	NaN	TFCN17291Y1_012480-T1	TFCN17291Y1_010606-T1
TFCN17291Y1_010606-T1__TFCN17291Y1_012481-T1	NaN	NaN	NaN	NaN	NaN	NaN	NaN	NaN	GF00000158	Rhodotorula_mucilaginosa_TFCN_17-291Y-1.cds.fa_12289	Rhodotorula_mucilaginosa_TFCN_17-291Y-1.cds.fa_10471	NaN	NaN	NaN	NaN	NaN	NaN	NaN	NaN	TFCN17291Y1_012481-T1	TFCN17291Y1_010606-T1
TFCN17291Y1_007873-T1__TFCN17291Y1_011577-T1	NaN	NaN	NaN	NaN	NaN	NaN	NaN	NaN	GF00000169	Rhodotorula_mucilaginosa_TFCN_17-291Y-1.cds.fa_07777	Rhodotorula_mucilaginosa_TFCN_17-291Y-1.cds.fa_11416	NaN	NaN	NaN	NaN	NaN	NaN	NaN	NaN	TFCN17291Y1_007873-T1	TFCN17291Y1_011577-T1
TFCN17291Y1_007873-T1__TFCN17291Y1_011576-T1	NaN	NaN	NaN	NaN	NaN	NaN	NaN	NaN	GF00000169	Rhodotorula_mucilaginosa_TFCN_17-291Y-1.cds.fa_07777	Rhodotorula_mucilaginosa_TFCN_17-291Y-1.cds.fa_11415	NaN	NaN	NaN	NaN	NaN	NaN	NaN	NaN	TFCN17291Y1_007873-T1	TFCN17291Y1_011576-T1
TFCN17291Y1_007873-T1__TFCN17291Y1_011575-T1	NaN	NaN	NaN	NaN	NaN	NaN	NaN	NaN	GF00000169	Rhodotorula_mucilaginosa_TFCN_17-291Y-1.cds.fa_07777	Rhodotorula_mucilaginosa_TFCN_17-291Y-1.cds.fa_11414	NaN	NaN	NaN	NaN	NaN	NaN	NaN	NaN	TFCN17291Y1_007873-T1	TFCN17291Y1_011575-T1
TFCN17291Y1_011576-T1__TFCN17291Y1_011577-T1	NaN	NaN	NaN	NaN	NaN	NaN	NaN	NaN	GF00000169	Rhodotorula_mucilaginosa_TFCN_17-291Y-1.cds.fa_11416	Rhodotorula_mucilaginosa_TFCN_17-291Y-1.cds.fa_11415	NaN	NaN	NaN	NaN	NaN	NaN	NaN	NaN	TFCN17291Y1_011577-T1	TFCN17291Y1_011576-T1
TFCN17291Y1_011575-T1__TFCN17291Y1_011577-T1	NaN	NaN	NaN	NaN	NaN	NaN	NaN	NaN	GF00000169	Rhodotorula_mucilaginosa_TFCN_17-291Y-1.cds.fa_11416	Rhodotorula_mucilaginosa_TFCN_17-291Y-1.cds.fa_11414	NaN	NaN	NaN	NaN	NaN	NaN	NaN	NaN	TFCN17291Y1_011577-T1	TFCN17291Y1_011575-T1
TFCN17291Y1_011575-T1__TFCN17291Y1_011576-T1	NaN	NaN	NaN	NaN	NaN	NaN	NaN	NaN	GF00000169	Rhodotorula_mucilaginosa_TFCN_17-291Y-1.cds.fa_11415	Rhodotorula_mucilaginosa_TFCN_17-291Y-1.cds.fa_11414	NaN	NaN	NaN	NaN	NaN	NaN	NaN	NaN	TFCN17291Y1_011576-T1	TFCN17291Y1_011575-T1
TFCN17291Y1_006150-T1__TFCN17291Y1_009986-T1	NaN	NaN	NaN	NaN	NaN	NaN	NaN	NaN	GF00000180	Rhodotorula_mucilaginosa_TFCN_17-291Y-1.cds.fa_06078	Rhodotorula_mucilaginosa_TFCN_17-291Y-1.cds.fa_09857	NaN	NaN	NaN	NaN	NaN	NaN	NaN	NaN	TFCN17291Y1_006150-T1	TFCN17291Y1_009986-T1
TFCN17291Y1_006150-T1__TFCN17291Y1_006151-T1	NaN	NaN	NaN	NaN	NaN	NaN	NaN	NaN	GF00000180	Rhodotorula_mucilaginosa_TFCN_17-291Y-1.cds.fa_06078	Rhodotorula_mucilaginosa_TFCN_17-291Y-1.cds.fa_06079	NaN	NaN	NaN	NaN	NaN	NaN	NaN	NaN	TFCN17291Y1_006150-T1	TFCN17291Y1_006151-T1
TFCN17291Y1_006150-T1__TFCN17291Y1_006257-T1	NaN	NaN	NaN	NaN	NaN	NaN	NaN	NaN	GF00000180	Rhodotorula_mucilaginosa_TFCN_17-291Y-1.cds.fa_06078	Rhodotorula_mucilaginosa_TFCN_17-291Y-1.cds.fa_06184	NaN	NaN	NaN	NaN	NaN	NaN	NaN	NaN	TFCN17291Y1_006150-T1	TFCN17291Y1_006257-T1
TFCN17291Y1_006151-T1__TFCN17291Y1_009986-T1	NaN	NaN	NaN	NaN	NaN	NaN	NaN	NaN	GF00000180	Rhodotorula_mucilaginosa_TFCN_17-291Y-1.cds.fa_09857	Rhodotorula_mucilaginosa_TFCN_17-291Y-1.cds.fa_06079	NaN	NaN	NaN	NaN	NaN	NaN	NaN	NaN	TFCN17291Y1_009986-T1	TFCN17291Y1_006151-T1
TFCN17291Y1_006257-T1__TFCN17291Y1_009986-T1	NaN	NaN	NaN	NaN	NaN	NaN	NaN	NaN	GF00000180	Rhodotorula_mucilaginosa_TFCN_17-291Y-1.cds.fa_09857	Rhodotorula_mucilaginosa_TFCN_17-291Y-1.cds.fa_06184	NaN	NaN	NaN	NaN	NaN	NaN	NaN	NaN	TFCN17291Y1_009986-T1	TFCN17291Y1_006257-T1
TFCN17291Y1_006151-T1__TFCN17291Y1_006257-T1	NaN	NaN	NaN	NaN	NaN	NaN	NaN	NaN	GF00000180	Rhodotorula_mucilaginosa_TFCN_17-291Y-1.cds.fa_06079	Rhodotorula_mucilaginosa_TFCN_17-291Y-1.cds.fa_06184	NaN	NaN	NaN	NaN	NaN	NaN	NaN	NaN	TFCN17291Y1_006151-T1	TFCN17291Y1_006257-T1
TFCN17291Y1_011874-T1__TFCN17291Y1_012424-T1	NaN	NaN	NaN	NaN	NaN	NaN	NaN	NaN	GF00000186	Rhodotorula_mucilaginosa_TFCN_17-291Y-1.cds.fa_11707	Rhodotorula_mucilaginosa_TFCN_17-291Y-1.cds.fa_12235	NaN	NaN	NaN	NaN	NaN	NaN	NaN	NaN	TFCN17291Y1_011874-T1	TFCN17291Y1_012424-T1
TFCN17291Y1_011874-T1__TFCN17291Y1_011875-T1	NaN	NaN	NaN	NaN	NaN	NaN	NaN	NaN	GF00000186	Rhodotorula_mucilaginosa_TFCN_17-291Y-1.cds.fa_11707	Rhodotorula_mucilaginosa_TFCN_17-291Y-1.cds.fa_11708	NaN	NaN	NaN	NaN	NaN	NaN	NaN	NaN	TFCN17291Y1_011874-T1	TFCN17291Y1_011875-T1
TFCN17291Y1_011874-T1__TFCN17291Y1_011876-T1	NaN	NaN	NaN	NaN	NaN	NaN	NaN	NaN	GF00000186	Rhodotorula_mucilaginosa_TFCN_17-291Y-1.cds.fa_11707	Rhodotorula_mucilaginosa_TFCN_17-291Y-1.cds.fa_11709	NaN	NaN	NaN	NaN	NaN	NaN	NaN	NaN	TFCN17291Y1_011874-T1	TFCN17291Y1_011876-T1
TFCN17291Y1_011875-T1__TFCN17291Y1_012424-T1	NaN	NaN	NaN	NaN	NaN	NaN	NaN	NaN	GF00000186	Rhodotorula_mucilaginosa_TFCN_17-291Y-1.cds.fa_12235	Rhodotorula_mucilaginosa_TFCN_17-291Y-1.cds.fa_11708	NaN	NaN	NaN	NaN	NaN	NaN	NaN	NaN	TFCN17291Y1_012424-T1	TFCN17291Y1_011875-T1
TFCN17291Y1_011876-T1__TFCN17291Y1_012424-T1	NaN	NaN	NaN	NaN	NaN	NaN	NaN	NaN	GF00000186	Rhodotorula_mucilaginosa_TFCN_17-291Y-1.cds.fa_12235	Rhodotorula_mucilaginosa_TFCN_17-291Y-1.cds.fa_11709	NaN	NaN	NaN	NaN	NaN	NaN	NaN	NaN	TFCN17291Y1_012424-T1	TFCN17291Y1_011876-T1
TFCN17291Y1_011875-T1__TFCN17291Y1_011876-T1	NaN	NaN	NaN	NaN	NaN	NaN	NaN	NaN	GF00000186	Rhodotorula_mucilaginosa_TFCN_17-291Y-1.cds.fa_11708	Rhodotorula_mucilaginosa_TFCN_17-291Y-1.cds.fa_11709	NaN	NaN	NaN	NaN	NaN	NaN	NaN	NaN	TFCN17291Y1_011875-T1	TFCN17291Y1_011876-T1
TFCN17291Y1_008708-T1__TFCN17291Y1_012363-T1	NaN	NaN	NaN	NaN	NaN	NaN	NaN	NaN	GF00000189	Rhodotorula_mucilaginosa_TFCN_17-291Y-1.cds.fa_08599	Rhodotorula_mucilaginosa_TFCN_17-291Y-1.cds.fa_12176	NaN	NaN	NaN	NaN	NaN	NaN	NaN	NaN	TFCN17291Y1_008708-T1	TFCN17291Y1_012363-T1
TFCN17291Y1_004342-T1__TFCN17291Y1_008708-T1	NaN	NaN	NaN	NaN	NaN	NaN	NaN	NaN	GF00000189	Rhodotorula_mucilaginosa_TFCN_17-291Y-1.cds.fa_08599	Rhodotorula_mucilaginosa_TFCN_17-291Y-1.cds.fa_04300	NaN	NaN	NaN	NaN	NaN	NaN	NaN	NaN	TFCN17291Y1_008708-T1	TFCN17291Y1_004342-T1
TFCN17291Y1_008707-T1__TFCN17291Y1_008708-T1	NaN	NaN	NaN	NaN	NaN	NaN	NaN	NaN	GF00000189	Rhodotorula_mucilaginosa_TFCN_17-291Y-1.cds.fa_08599	Rhodotorula_mucilaginosa_TFCN_17-291Y-1.cds.fa_08598	NaN	NaN	NaN	NaN	NaN	NaN	NaN	NaN	TFCN17291Y1_008708-T1	TFCN17291Y1_008707-T1
TFCN17291Y1_004342-T1__TFCN17291Y1_012363-T1	NaN	NaN	NaN	NaN	NaN	NaN	NaN	NaN	GF00000189	Rhodotorula_mucilaginosa_TFCN_17-291Y-1.cds.fa_12176	Rhodotorula_mucilaginosa_TFCN_17-291Y-1.cds.fa_04300	NaN	NaN	NaN	NaN	NaN	NaN	NaN	NaN	TFCN17291Y1_012363-T1	TFCN17291Y1_004342-T1
TFCN17291Y1_008707-T1__TFCN17291Y1_012363-T1	NaN	NaN	NaN	NaN	NaN	NaN	NaN	NaN	GF00000189	Rhodotorula_mucilaginosa_TFCN_17-291Y-1.cds.fa_12176	Rhodotorula_mucilaginosa_TFCN_17-291Y-1.cds.fa_08598	NaN	NaN	NaN	NaN	NaN	NaN	NaN	NaN	TFCN17291Y1_012363-T1	TFCN17291Y1_008707-T1
TFCN17291Y1_004342-T1__TFCN17291Y1_008707-T1	NaN	NaN	NaN	NaN	NaN	NaN	NaN	NaN	GF00000189	Rhodotorula_mucilaginosa_TFCN_17-291Y-1.cds.fa_04300	Rhodotorula_mucilaginosa_TFCN_17-291Y-1.cds.fa_08598	NaN	NaN	NaN	NaN	NaN	NaN	NaN	NaN	TFCN17291Y1_004342-T1	TFCN17291Y1_008707-T1
TFCN17291Y1_001869-T1__TFCN17291Y1_005809-T1	NaN	NaN	NaN	NaN	NaN	NaN	NaN	NaN	GF00000193	Rhodotorula_mucilaginosa_TFCN_17-291Y-1.cds.fa_01859	Rhodotorula_mucilaginosa_TFCN_17-291Y-1.cds.fa_05744	NaN	NaN	NaN	NaN	NaN	NaN	NaN	NaN	TFCN17291Y1_001869-T1	TFCN17291Y1_005809-T1
TFCN17291Y1_001869-T1__TFCN17291Y1_005808-T1	NaN	NaN	NaN	NaN	NaN	NaN	NaN	NaN	GF00000193	Rhodotorula_mucilaginosa_TFCN_17-291Y-1.cds.fa_01859	Rhodotorula_mucilaginosa_TFCN_17-291Y-1.cds.fa_05743	NaN	NaN	NaN	NaN	NaN	NaN	NaN	NaN	TFCN17291Y1_001869-T1	TFCN17291Y1_005808-T1
TFCN17291Y1_001869-T1__TFCN17291Y1_001870-T1	NaN	NaN	NaN	NaN	NaN	NaN	NaN	NaN	GF00000193	Rhodotorula_mucilaginosa_TFCN_17-291Y-1.cds.fa_01859	Rhodotorula_mucilaginosa_TFCN_17-291Y-1.cds.fa_01860	NaN	NaN	NaN	NaN	NaN	NaN	NaN	NaN	TFCN17291Y1_001869-T1	TFCN17291Y1_001870-T1
TFCN17291Y1_005808-T1__TFCN17291Y1_005809-T1	NaN	NaN	NaN	NaN	NaN	NaN	NaN	NaN	GF00000193	Rhodotorula_mucilaginosa_TFCN_17-291Y-1.cds.fa_05744	Rhodotorula_mucilaginosa_TFCN_17-291Y-1.cds.fa_05743	NaN	NaN	NaN	NaN	NaN	NaN	NaN	NaN	TFCN17291Y1_005809-T1	TFCN17291Y1_005808-T1
TFCN17291Y1_001870-T1__TFCN17291Y1_005809-T1	NaN	NaN	NaN	NaN	NaN	NaN	NaN	NaN	GF00000193	Rhodotorula_mucilaginosa_TFCN_17-291Y-1.cds.fa_05744	Rhodotorula_mucilaginosa_TFCN_17-291Y-1.cds.fa_01860	NaN	NaN	NaN	NaN	NaN	NaN	NaN	NaN	TFCN17291Y1_005809-T1	TFCN17291Y1_001870-T1
TFCN17291Y1_001870-T1__TFCN17291Y1_005808-T1	NaN	NaN	NaN	NaN	NaN	NaN	NaN	NaN	GF00000193	Rhodotorula_mucilaginosa_TFCN_17-291Y-1.cds.fa_05743	Rhodotorula_mucilaginosa_TFCN_17-291Y-1.cds.fa_01860	NaN	NaN	NaN	NaN	NaN	NaN	NaN	NaN	TFCN17291Y1_005808-T1	TFCN17291Y1_001870-T1
TFCN17291Y1_009635-T1__TFCN17291Y1_012974-T1	NaN	NaN	NaN	NaN	NaN	NaN	NaN	NaN	GF00000218	Rhodotorula_mucilaginosa_TFCN_17-291Y-1.cds.fa_09512	Rhodotorula_mucilaginosa_TFCN_17-291Y-1.cds.fa_12760	NaN	NaN	NaN	NaN	NaN	NaN	NaN	NaN	TFCN17291Y1_009635-T1	TFCN17291Y1_012974-T1
TFCN17291Y1_009635-T1__TFCN17291Y1_012855-T1	NaN	NaN	NaN	NaN	NaN	NaN	NaN	NaN	GF00000218	Rhodotorula_mucilaginosa_TFCN_17-291Y-1.cds.fa_09512	Rhodotorula_mucilaginosa_TFCN_17-291Y-1.cds.fa_12651	NaN	NaN	NaN	NaN	NaN	NaN	NaN	NaN	TFCN17291Y1_009635-T1	TFCN17291Y1_012855-T1
TFCN17291Y1_009635-T1__TFCN17291Y1_012957-T1	NaN	NaN	NaN	NaN	NaN	NaN	NaN	NaN	GF00000218	Rhodotorula_mucilaginosa_TFCN_17-291Y-1.cds.fa_09512	Rhodotorula_mucilaginosa_TFCN_17-291Y-1.cds.fa_12745	NaN	NaN	NaN	NaN	NaN	NaN	NaN	NaN	TFCN17291Y1_009635-T1	TFCN17291Y1_012957-T1
TFCN17291Y1_012855-T1__TFCN17291Y1_012974-T1	NaN	NaN	NaN	NaN	NaN	NaN	NaN	NaN	GF00000218	Rhodotorula_mucilaginosa_TFCN_17-291Y-1.cds.fa_12760	Rhodotorula_mucilaginosa_TFCN_17-291Y-1.cds.fa_12651	NaN	NaN	NaN	NaN	NaN	NaN	NaN	NaN	TFCN17291Y1_012974-T1	TFCN17291Y1_012855-T1
TFCN17291Y1_012957-T1__TFCN17291Y1_012974-T1	NaN	NaN	NaN	NaN	NaN	NaN	NaN	NaN	GF00000218	Rhodotorula_mucilaginosa_TFCN_17-291Y-1.cds.fa_12760	Rhodotorula_mucilaginosa_TFCN_17-291Y-1.cds.fa_12745	NaN	NaN	NaN	NaN	NaN	NaN	NaN	NaN	TFCN17291Y1_012974-T1	TFCN17291Y1_012957-T1
TFCN17291Y1_012855-T1__TFCN17291Y1_012957-T1	NaN	NaN	NaN	NaN	NaN	NaN	NaN	NaN	GF00000218	Rhodotorula_mucilaginosa_TFCN_17-291Y-1.cds.fa_12651	Rhodotorula_mucilaginosa_TFCN_17-291Y-1.cds.fa_12745	NaN	NaN	NaN	NaN	NaN	NaN	NaN	NaN	TFCN17291Y1_012855-T1	TFCN17291Y1_012957-T1
TFCN17291Y1_007726-T1__TFCN17291Y1_007727-T1	NaN	NaN	NaN	NaN	NaN	NaN	NaN	NaN	GF00000224	Rhodotorula_mucilaginosa_TFCN_17-291Y-1.cds.fa_07634	Rhodotorula_mucilaginosa_TFCN_17-291Y-1.cds.fa_07635	NaN	NaN	NaN	NaN	NaN	NaN	NaN	NaN	TFCN17291Y1_007726-T1	TFCN17291Y1_007727-T1
TFCN17291Y1_005232-T1__TFCN17291Y1_007726-T1	NaN	NaN	NaN	NaN	NaN	NaN	NaN	NaN	GF00000224	Rhodotorula_mucilaginosa_TFCN_17-291Y-1.cds.fa_07634	Rhodotorula_mucilaginosa_TFCN_17-291Y-1.cds.fa_05176	NaN	NaN	NaN	NaN	NaN	NaN	NaN	NaN	TFCN17291Y1_007726-T1	TFCN17291Y1_005232-T1
TFCN17291Y1_005231-T1__TFCN17291Y1_007726-T1	NaN	NaN	NaN	NaN	NaN	NaN	NaN	NaN	GF00000224	Rhodotorula_mucilaginosa_TFCN_17-291Y-1.cds.fa_07634	Rhodotorula_mucilaginosa_TFCN_17-291Y-1.cds.fa_05175	NaN	NaN	NaN	NaN	NaN	NaN	NaN	NaN	TFCN17291Y1_007726-T1	TFCN17291Y1_005231-T1
TFCN17291Y1_005232-T1__TFCN17291Y1_007727-T1	NaN	NaN	NaN	NaN	NaN	NaN	NaN	NaN	GF00000224	Rhodotorula_mucilaginosa_TFCN_17-291Y-1.cds.fa_07635	Rhodotorula_mucilaginosa_TFCN_17-291Y-1.cds.fa_05176	NaN	NaN	NaN	NaN	NaN	NaN	NaN	NaN	TFCN17291Y1_007727-T1	TFCN17291Y1_005232-T1
TFCN17291Y1_005231-T1__TFCN17291Y1_007727-T1	NaN	NaN	NaN	NaN	NaN	NaN	NaN	NaN	GF00000224	Rhodotorula_mucilaginosa_TFCN_17-291Y-1.cds.fa_07635	Rhodotorula_mucilaginosa_TFCN_17-291Y-1.cds.fa_05175	NaN	NaN	NaN	NaN	NaN	NaN	NaN	NaN	TFCN17291Y1_007727-T1	TFCN17291Y1_005231-T1
TFCN17291Y1_005231-T1__TFCN17291Y1_005232-T1	NaN	NaN	NaN	NaN	NaN	NaN	NaN	NaN	GF00000224	Rhodotorula_mucilaginosa_TFCN_17-291Y-1.cds.fa_05176	Rhodotorula_mucilaginosa_TFCN_17-291Y-1.cds.fa_05175	NaN	NaN	NaN	NaN	NaN	NaN	NaN	NaN	TFCN17291Y1_005232-T1	TFCN17291Y1_005231-T1
TFCN17291Y1_012977-T1__TFCN17291Y1_012987-T1	NaN	NaN	NaN	NaN	NaN	NaN	NaN	NaN	GF00000278	Rhodotorula_mucilaginosa_TFCN_17-291Y-1.cds.fa_12763	Rhodotorula_mucilaginosa_TFCN_17-291Y-1.cds.fa_12771	NaN	NaN	NaN	NaN	NaN	NaN	NaN	NaN	TFCN17291Y1_012977-T1	TFCN17291Y1_012987-T1
TFCN17291Y1_011699-T1__TFCN17291Y1_012977-T1	NaN	NaN	NaN	NaN	NaN	NaN	NaN	NaN	GF00000278	Rhodotorula_mucilaginosa_TFCN_17-291Y-1.cds.fa_12763	Rhodotorula_mucilaginosa_TFCN_17-291Y-1.cds.fa_11533	NaN	NaN	NaN	NaN	NaN	NaN	NaN	NaN	TFCN17291Y1_012977-T1	TFCN17291Y1_011699-T1
TFCN17291Y1_012971-T1__TFCN17291Y1_012977-T1	NaN	NaN	NaN	NaN	NaN	NaN	NaN	NaN	GF00000278	Rhodotorula_mucilaginosa_TFCN_17-291Y-1.cds.fa_12763	Rhodotorula_mucilaginosa_TFCN_17-291Y-1.cds.fa_12758	NaN	NaN	NaN	NaN	NaN	NaN	NaN	NaN	TFCN17291Y1_012977-T1	TFCN17291Y1_012971-T1
TFCN17291Y1_011699-T1__TFCN17291Y1_012987-T1	NaN	NaN	NaN	NaN	NaN	NaN	NaN	NaN	GF00000278	Rhodotorula_mucilaginosa_TFCN_17-291Y-1.cds.fa_12771	Rhodotorula_mucilaginosa_TFCN_17-291Y-1.cds.fa_11533	NaN	NaN	NaN	NaN	NaN	NaN	NaN	NaN	TFCN17291Y1_012987-T1	TFCN17291Y1_011699-T1
TFCN17291Y1_012971-T1__TFCN17291Y1_012987-T1	NaN	NaN	NaN	NaN	NaN	NaN	NaN	NaN	GF00000278	Rhodotorula_mucilaginosa_TFCN_17-291Y-1.cds.fa_12771	Rhodotorula_mucilaginosa_TFCN_17-291Y-1.cds.fa_12758	NaN	NaN	NaN	NaN	NaN	NaN	NaN	NaN	TFCN17291Y1_012987-T1	TFCN17291Y1_012971-T1
TFCN17291Y1_011699-T1__TFCN17291Y1_012971-T1	NaN	NaN	NaN	NaN	NaN	NaN	NaN	NaN	GF00000278	Rhodotorula_mucilaginosa_TFCN_17-291Y-1.cds.fa_11533	Rhodotorula_mucilaginosa_TFCN_17-291Y-1.cds.fa_12758	NaN	NaN	NaN	NaN	NaN	NaN	NaN	NaN	TFCN17291Y1_011699-T1	TFCN17291Y1_012971-T1
TFCN17291Y1_007884-T1__TFCN17291Y1_012886-T1	NaN	NaN	NaN	NaN	NaN	NaN	NaN	NaN	GF00000281	Rhodotorula_mucilaginosa_TFCN_17-291Y-1.cds.fa_07788	Rhodotorula_mucilaginosa_TFCN_17-291Y-1.cds.fa_12681	NaN	NaN	NaN	NaN	NaN	NaN	NaN	NaN	TFCN17291Y1_007884-T1	TFCN17291Y1_012886-T1
TFCN17291Y1_007884-T1__TFCN17291Y1_011564-T1	NaN	NaN	NaN	NaN	NaN	NaN	NaN	NaN	GF00000281	Rhodotorula_mucilaginosa_TFCN_17-291Y-1.cds.fa_07788	Rhodotorula_mucilaginosa_TFCN_17-291Y-1.cds.fa_11403	NaN	NaN	NaN	NaN	NaN	NaN	NaN	NaN	TFCN17291Y1_007884-T1	TFCN17291Y1_011564-T1
TFCN17291Y1_007884-T1__TFCN17291Y1_012885-T1	NaN	NaN	NaN	NaN	NaN	NaN	NaN	NaN	GF00000281	Rhodotorula_mucilaginosa_TFCN_17-291Y-1.cds.fa_07788	Rhodotorula_mucilaginosa_TFCN_17-291Y-1.cds.fa_12680	NaN	NaN	NaN	NaN	NaN	NaN	NaN	NaN	TFCN17291Y1_007884-T1	TFCN17291Y1_012885-T1
TFCN17291Y1_011564-T1__TFCN17291Y1_012886-T1	NaN	NaN	NaN	NaN	NaN	NaN	NaN	NaN	GF00000281	Rhodotorula_mucilaginosa_TFCN_17-291Y-1.cds.fa_12681	Rhodotorula_mucilaginosa_TFCN_17-291Y-1.cds.fa_11403	NaN	NaN	NaN	NaN	NaN	NaN	NaN	NaN	TFCN17291Y1_012886-T1	TFCN17291Y1_011564-T1
TFCN17291Y1_012885-T1__TFCN17291Y1_012886-T1	NaN	NaN	NaN	NaN	NaN	NaN	NaN	NaN	GF00000281	Rhodotorula_mucilaginosa_TFCN_17-291Y-1.cds.fa_12681	Rhodotorula_mucilaginosa_TFCN_17-291Y-1.cds.fa_12680	NaN	NaN	NaN	NaN	NaN	NaN	NaN	NaN	TFCN17291Y1_012886-T1	TFCN17291Y1_012885-T1
TFCN17291Y1_011564-T1__TFCN17291Y1_012885-T1	NaN	NaN	NaN	NaN	NaN	NaN	NaN	NaN	GF00000281	Rhodotorula_mucilaginosa_TFCN_17-291Y-1.cds.fa_11403	Rhodotorula_mucilaginosa_TFCN_17-291Y-1.cds.fa_12680	NaN	NaN	NaN	NaN	NaN	NaN	NaN	NaN	TFCN17291Y1_011564-T1	TFCN17291Y1_012885-T1
TFCN17291Y1_002138-T1__TFCN17291Y1_012530-T1	NaN	NaN	NaN	NaN	NaN	NaN	NaN	NaN	GF00000291	Rhodotorula_mucilaginosa_TFCN_17-291Y-1.cds.fa_12336	Rhodotorula_mucilaginosa_TFCN_17-291Y-1.cds.fa_02128	NaN	NaN	NaN	NaN	NaN	NaN	NaN	NaN	TFCN17291Y1_012530-T1	TFCN17291Y1_002138-T1
TFCN17291Y1_009854-T1__TFCN17291Y1_012530-T1	NaN	NaN	NaN	NaN	NaN	NaN	NaN	NaN	GF00000291	Rhodotorula_mucilaginosa_TFCN_17-291Y-1.cds.fa_12336	Rhodotorula_mucilaginosa_TFCN_17-291Y-1.cds.fa_09731	NaN	NaN	NaN	NaN	NaN	NaN	NaN	NaN	TFCN17291Y1_012530-T1	TFCN17291Y1_009854-T1
TFCN17291Y1_012530-T1__TFCN17291Y1_013042-T1	NaN	NaN	NaN	NaN	NaN	NaN	NaN	NaN	GF00000291	Rhodotorula_mucilaginosa_TFCN_17-291Y-1.cds.fa_12336	Rhodotorula_mucilaginosa_TFCN_17-291Y-1.cds.fa_12820	NaN	NaN	NaN	NaN	NaN	NaN	NaN	NaN	TFCN17291Y1_012530-T1	TFCN17291Y1_013042-T1
TFCN17291Y1_002138-T1__TFCN17291Y1_009854-T1	NaN	NaN	NaN	NaN	NaN	NaN	NaN	NaN	GF00000291	Rhodotorula_mucilaginosa_TFCN_17-291Y-1.cds.fa_02128	Rhodotorula_mucilaginosa_TFCN_17-291Y-1.cds.fa_09731	NaN	NaN	NaN	NaN	NaN	NaN	NaN	NaN	TFCN17291Y1_002138-T1	TFCN17291Y1_009854-T1
TFCN17291Y1_002138-T1__TFCN17291Y1_013042-T1	NaN	NaN	NaN	NaN	NaN	NaN	NaN	NaN	GF00000291	Rhodotorula_mucilaginosa_TFCN_17-291Y-1.cds.fa_02128	Rhodotorula_mucilaginosa_TFCN_17-291Y-1.cds.fa_12820	NaN	NaN	NaN	NaN	NaN	NaN	NaN	NaN	TFCN17291Y1_002138-T1	TFCN17291Y1_013042-T1
TFCN17291Y1_009854-T1__TFCN17291Y1_013042-T1	NaN	NaN	NaN	NaN	NaN	NaN	NaN	NaN	GF00000291	Rhodotorula_mucilaginosa_TFCN_17-291Y-1.cds.fa_09731	Rhodotorula_mucilaginosa_TFCN_17-291Y-1.cds.fa_12820	NaN	NaN	NaN	NaN	NaN	NaN	NaN	NaN	TFCN17291Y1_009854-T1	TFCN17291Y1_013042-T1
TFCN17291Y1_005536-T1__TFCN17291Y1_011988-T1	NaN	NaN	NaN	NaN	NaN	NaN	NaN	NaN	GF00000296	Rhodotorula_mucilaginosa_TFCN_17-291Y-1.cds.fa_05473	Rhodotorula_mucilaginosa_TFCN_17-291Y-1.cds.fa_11818	NaN	NaN	NaN	NaN	NaN	NaN	NaN	NaN	TFCN17291Y1_005536-T1	TFCN17291Y1_011988-T1
TFCN17291Y1_005536-T1__TFCN17291Y1_012268-T1	NaN	NaN	NaN	NaN	NaN	NaN	NaN	NaN	GF00000296	Rhodotorula_mucilaginosa_TFCN_17-291Y-1.cds.fa_05473	Rhodotorula_mucilaginosa_TFCN_17-291Y-1.cds.fa_12082	NaN	NaN	NaN	NaN	NaN	NaN	NaN	NaN	TFCN17291Y1_005536-T1	TFCN17291Y1_012268-T1
TFCN17291Y1_005535-T1__TFCN17291Y1_005536-T1	NaN	NaN	NaN	NaN	NaN	NaN	NaN	NaN	GF00000296	Rhodotorula_mucilaginosa_TFCN_17-291Y-1.cds.fa_05473	Rhodotorula_mucilaginosa_TFCN_17-291Y-1.cds.fa_05472	NaN	NaN	NaN	NaN	NaN	NaN	NaN	NaN	TFCN17291Y1_005536-T1	TFCN17291Y1_005535-T1
TFCN17291Y1_011988-T1__TFCN17291Y1_012268-T1	NaN	NaN	NaN	NaN	NaN	NaN	NaN	NaN	GF00000296	Rhodotorula_mucilaginosa_TFCN_17-291Y-1.cds.fa_11818	Rhodotorula_mucilaginosa_TFCN_17-291Y-1.cds.fa_12082	NaN	NaN	NaN	NaN	NaN	NaN	NaN	NaN	TFCN17291Y1_011988-T1	TFCN17291Y1_012268-T1
TFCN17291Y1_005535-T1__TFCN17291Y1_011988-T1	NaN	NaN	NaN	NaN	NaN	NaN	NaN	NaN	GF00000296	Rhodotorula_mucilaginosa_TFCN_17-291Y-1.cds.fa_11818	Rhodotorula_mucilaginosa_TFCN_17-291Y-1.cds.fa_05472	NaN	NaN	NaN	NaN	NaN	NaN	NaN	NaN	TFCN17291Y1_011988-T1	TFCN17291Y1_005535-T1
TFCN17291Y1_005535-T1__TFCN17291Y1_012268-T1	NaN	NaN	NaN	NaN	NaN	NaN	NaN	NaN	GF00000296	Rhodotorula_mucilaginosa_TFCN_17-291Y-1.cds.fa_12082	Rhodotorula_mucilaginosa_TFCN_17-291Y-1.cds.fa_05472	NaN	NaN	NaN	NaN	NaN	NaN	NaN	NaN	TFCN17291Y1_012268-T1	TFCN17291Y1_005535-T1
TFCN17291Y1_002066-T1__TFCN17291Y1_010515-T1	NaN	NaN	NaN	NaN	NaN	NaN	NaN	NaN	GF00000298	Rhodotorula_mucilaginosa_TFCN_17-291Y-1.cds.fa_10381	Rhodotorula_mucilaginosa_TFCN_17-291Y-1.cds.fa_02056	NaN	NaN	NaN	NaN	NaN	NaN	NaN	NaN	TFCN17291Y1_010515-T1	TFCN17291Y1_002066-T1
TFCN17291Y1_010515-T1__TFCN17291Y1_010517-T1	NaN	NaN	NaN	NaN	NaN	NaN	NaN	NaN	GF00000298	Rhodotorula_mucilaginosa_TFCN_17-291Y-1.cds.fa_10381	Rhodotorula_mucilaginosa_TFCN_17-291Y-1.cds.fa_10383	NaN	NaN	NaN	NaN	NaN	NaN	NaN	NaN	TFCN17291Y1_010515-T1	TFCN17291Y1_010517-T1
TFCN17291Y1_010515-T1__TFCN17291Y1_010516-T1	NaN	NaN	NaN	NaN	NaN	NaN	NaN	NaN	GF00000298	Rhodotorula_mucilaginosa_TFCN_17-291Y-1.cds.fa_10381	Rhodotorula_mucilaginosa_TFCN_17-291Y-1.cds.fa_10382	NaN	NaN	NaN	NaN	NaN	NaN	NaN	NaN	TFCN17291Y1_010515-T1	TFCN17291Y1_010516-T1
TFCN17291Y1_002066-T1__TFCN17291Y1_010517-T1	NaN	NaN	NaN	NaN	NaN	NaN	NaN	NaN	GF00000298	Rhodotorula_mucilaginosa_TFCN_17-291Y-1.cds.fa_02056	Rhodotorula_mucilaginosa_TFCN_17-291Y-1.cds.fa_10383	NaN	NaN	NaN	NaN	NaN	NaN	NaN	NaN	TFCN17291Y1_002066-T1	TFCN17291Y1_010517-T1
TFCN17291Y1_002066-T1__TFCN17291Y1_010516-T1	NaN	NaN	NaN	NaN	NaN	NaN	NaN	NaN	GF00000298	Rhodotorula_mucilaginosa_TFCN_17-291Y-1.cds.fa_02056	Rhodotorula_mucilaginosa_TFCN_17-291Y-1.cds.fa_10382	NaN	NaN	NaN	NaN	NaN	NaN	NaN	NaN	TFCN17291Y1_002066-T1	TFCN17291Y1_010516-T1
TFCN17291Y1_010516-T1__TFCN17291Y1_010517-T1	NaN	NaN	NaN	NaN	NaN	NaN	NaN	NaN	GF00000298	Rhodotorula_mucilaginosa_TFCN_17-291Y-1.cds.fa_10383	Rhodotorula_mucilaginosa_TFCN_17-291Y-1.cds.fa_10382	NaN	NaN	NaN	NaN	NaN	NaN	NaN	NaN	TFCN17291Y1_010517-T1	TFCN17291Y1_010516-T1
TFCN17291Y1_006984-T1__TFCN17291Y1_007241-T1	NaN	NaN	NaN	NaN	NaN	NaN	NaN	NaN	GF00000380	Rhodotorula_mucilaginosa_TFCN_17-291Y-1.cds.fa_07156	Rhodotorula_mucilaginosa_TFCN_17-291Y-1.cds.fa_06901	NaN	NaN	NaN	NaN	NaN	NaN	NaN	NaN	TFCN17291Y1_007241-T1	TFCN17291Y1_006984-T1
TFCN17291Y1_006983-T1__TFCN17291Y1_007241-T1	NaN	NaN	NaN	NaN	NaN	NaN	NaN	NaN	GF00000380	Rhodotorula_mucilaginosa_TFCN_17-291Y-1.cds.fa_07156	Rhodotorula_mucilaginosa_TFCN_17-291Y-1.cds.fa_06900	NaN	NaN	NaN	NaN	NaN	NaN	NaN	NaN	TFCN17291Y1_007241-T1	TFCN17291Y1_006983-T1
TFCN17291Y1_006983-T1__TFCN17291Y1_006984-T1	NaN	NaN	NaN	NaN	NaN	NaN	NaN	NaN	GF00000380	Rhodotorula_mucilaginosa_TFCN_17-291Y-1.cds.fa_06901	Rhodotorula_mucilaginosa_TFCN_17-291Y-1.cds.fa_06900	NaN	NaN	NaN	NaN	NaN	NaN	NaN	NaN	TFCN17291Y1_006984-T1	TFCN17291Y1_006983-T1
TFCN17291Y1_001174-T1__TFCN17291Y1_002315-T1	NaN	NaN	NaN	NaN	NaN	NaN	NaN	NaN	GF00000388	Rhodotorula_mucilaginosa_TFCN_17-291Y-1.cds.fa_01164	Rhodotorula_mucilaginosa_TFCN_17-291Y-1.cds.fa_02304	NaN	NaN	NaN	NaN	NaN	NaN	NaN	NaN	TFCN17291Y1_001174-T1	TFCN17291Y1_002315-T1
TFCN17291Y1_001174-T1__TFCN17291Y1_002316-T1	NaN	NaN	NaN	NaN	NaN	NaN	NaN	NaN	GF00000388	Rhodotorula_mucilaginosa_TFCN_17-291Y-1.cds.fa_01164	Rhodotorula_mucilaginosa_TFCN_17-291Y-1.cds.fa_02305	NaN	NaN	NaN	NaN	NaN	NaN	NaN	NaN	TFCN17291Y1_001174-T1	TFCN17291Y1_002316-T1
TFCN17291Y1_002315-T1__TFCN17291Y1_002316-T1	NaN	NaN	NaN	NaN	NaN	NaN	NaN	NaN	GF00000388	Rhodotorula_mucilaginosa_TFCN_17-291Y-1.cds.fa_02304	Rhodotorula_mucilaginosa_TFCN_17-291Y-1.cds.fa_02305	NaN	NaN	NaN	NaN	NaN	NaN	NaN	NaN	TFCN17291Y1_002315-T1	TFCN17291Y1_002316-T1
TFCN17291Y1_006195-T1__TFCN17291Y1_009107-T1	NaN	NaN	NaN	NaN	NaN	NaN	NaN	NaN	GF00000404	Rhodotorula_mucilaginosa_TFCN_17-291Y-1.cds.fa_08990	Rhodotorula_mucilaginosa_TFCN_17-291Y-1.cds.fa_06123	NaN	NaN	NaN	NaN	NaN	NaN	NaN	NaN	TFCN17291Y1_009107-T1	TFCN17291Y1_006195-T1
TFCN17291Y1_009106-T1__TFCN17291Y1_009107-T1	NaN	NaN	NaN	NaN	NaN	NaN	NaN	NaN	GF00000404	Rhodotorula_mucilaginosa_TFCN_17-291Y-1.cds.fa_08990	Rhodotorula_mucilaginosa_TFCN_17-291Y-1.cds.fa_08989	NaN	NaN	NaN	NaN	NaN	NaN	NaN	NaN	TFCN17291Y1_009107-T1	TFCN17291Y1_009106-T1
TFCN17291Y1_006195-T1__TFCN17291Y1_009106-T1	NaN	NaN	NaN	NaN	NaN	NaN	NaN	NaN	GF00000404	Rhodotorula_mucilaginosa_TFCN_17-291Y-1.cds.fa_06123	Rhodotorula_mucilaginosa_TFCN_17-291Y-1.cds.fa_08989	NaN	NaN	NaN	NaN	NaN	NaN	NaN	NaN	TFCN17291Y1_006195-T1	TFCN17291Y1_009106-T1
TFCN17291Y1_002535-T1__TFCN17291Y1_005263-T1	NaN	NaN	NaN	NaN	NaN	NaN	NaN	NaN	GF00000423	Rhodotorula_mucilaginosa_TFCN_17-291Y-1.cds.fa_02523	Rhodotorula_mucilaginosa_TFCN_17-291Y-1.cds.fa_05207	NaN	NaN	NaN	NaN	NaN	NaN	NaN	NaN	TFCN17291Y1_002535-T1	TFCN17291Y1_005263-T1
TFCN17291Y1_002535-T1__TFCN17291Y1_005262-T1	NaN	NaN	NaN	NaN	NaN	NaN	NaN	NaN	GF00000423	Rhodotorula_mucilaginosa_TFCN_17-291Y-1.cds.fa_02523	Rhodotorula_mucilaginosa_TFCN_17-291Y-1.cds.fa_05206	NaN	NaN	NaN	NaN	NaN	NaN	NaN	NaN	TFCN17291Y1_002535-T1	TFCN17291Y1_005262-T1
TFCN17291Y1_005262-T1__TFCN17291Y1_005263-T1	NaN	NaN	NaN	NaN	NaN	NaN	NaN	NaN	GF00000423	Rhodotorula_mucilaginosa_TFCN_17-291Y-1.cds.fa_05207	Rhodotorula_mucilaginosa_TFCN_17-291Y-1.cds.fa_05206	NaN	NaN	NaN	NaN	NaN	NaN	NaN	NaN	TFCN17291Y1_005263-T1	TFCN17291Y1_005262-T1
TFCN17291Y1_008348-T1__TFCN17291Y1_010979-T1	NaN	NaN	NaN	NaN	NaN	NaN	NaN	NaN	GF00000435	Rhodotorula_mucilaginosa_TFCN_17-291Y-1.cds.fa_08242	Rhodotorula_mucilaginosa_TFCN_17-291Y-1.cds.fa_10834	NaN	NaN	NaN	NaN	NaN	NaN	NaN	NaN	TFCN17291Y1_008348-T1	TFCN17291Y1_010979-T1
TFCN17291Y1_008280-T1__TFCN17291Y1_008348-T1	NaN	NaN	NaN	NaN	NaN	NaN	NaN	NaN	GF00000435	Rhodotorula_mucilaginosa_TFCN_17-291Y-1.cds.fa_08242	Rhodotorula_mucilaginosa_TFCN_17-291Y-1.cds.fa_08178	NaN	NaN	NaN	NaN	NaN	NaN	NaN	NaN	TFCN17291Y1_008348-T1	TFCN17291Y1_008280-T1
TFCN17291Y1_008280-T1__TFCN17291Y1_010979-T1	NaN	NaN	NaN	NaN	NaN	NaN	NaN	NaN	GF00000435	Rhodotorula_mucilaginosa_TFCN_17-291Y-1.cds.fa_10834	Rhodotorula_mucilaginosa_TFCN_17-291Y-1.cds.fa_08178	NaN	NaN	NaN	NaN	NaN	NaN	NaN	NaN	TFCN17291Y1_010979-T1	TFCN17291Y1_008280-T1
TFCN17291Y1_008171-T1__TFCN17291Y1_012763-T1	NaN	NaN	NaN	NaN	NaN	NaN	NaN	NaN	GF00000442	Rhodotorula_mucilaginosa_TFCN_17-291Y-1.cds.fa_08069	Rhodotorula_mucilaginosa_TFCN_17-291Y-1.cds.fa_12563	NaN	NaN	NaN	NaN	NaN	NaN	NaN	NaN	TFCN17291Y1_008171-T1	TFCN17291Y1_012763-T1
TFCN17291Y1_008171-T1__TFCN17291Y1_010087-T1	NaN	NaN	NaN	NaN	NaN	NaN	NaN	NaN	GF00000442	Rhodotorula_mucilaginosa_TFCN_17-291Y-1.cds.fa_08069	Rhodotorula_mucilaginosa_TFCN_17-291Y-1.cds.fa_09956	NaN	NaN	NaN	NaN	NaN	NaN	NaN	NaN	TFCN17291Y1_008171-T1	TFCN17291Y1_010087-T1
TFCN17291Y1_010087-T1__TFCN17291Y1_012763-T1	NaN	NaN	NaN	NaN	NaN	NaN	NaN	NaN	GF00000442	Rhodotorula_mucilaginosa_TFCN_17-291Y-1.cds.fa_12563	Rhodotorula_mucilaginosa_TFCN_17-291Y-1.cds.fa_09956	NaN	NaN	NaN	NaN	NaN	NaN	NaN	NaN	TFCN17291Y1_012763-T1	TFCN17291Y1_010087-T1
TFCN17291Y1_002556-T1__TFCN17291Y1_005242-T1	NaN	NaN	NaN	NaN	NaN	NaN	NaN	NaN	GF00000446	Rhodotorula_mucilaginosa_TFCN_17-291Y-1.cds.fa_05186	Rhodotorula_mucilaginosa_TFCN_17-291Y-1.cds.fa_02544	NaN	NaN	NaN	NaN	NaN	NaN	NaN	NaN	TFCN17291Y1_005242-T1	TFCN17291Y1_002556-T1
TFCN17291Y1_005241-T1__TFCN17291Y1_005242-T1	NaN	NaN	NaN	NaN	NaN	NaN	NaN	NaN	GF00000446	Rhodotorula_mucilaginosa_TFCN_17-291Y-1.cds.fa_05186	Rhodotorula_mucilaginosa_TFCN_17-291Y-1.cds.fa_05185	NaN	NaN	NaN	NaN	NaN	NaN	NaN	NaN	TFCN17291Y1_005242-T1	TFCN17291Y1_005241-T1
TFCN17291Y1_002556-T1__TFCN17291Y1_005241-T1	NaN	NaN	NaN	NaN	NaN	NaN	NaN	NaN	GF00000446	Rhodotorula_mucilaginosa_TFCN_17-291Y-1.cds.fa_02544	Rhodotorula_mucilaginosa_TFCN_17-291Y-1.cds.fa_05185	NaN	NaN	NaN	NaN	NaN	NaN	NaN	NaN	TFCN17291Y1_002556-T1	TFCN17291Y1_005241-T1
TFCN17291Y1_005402-T1__TFCN17291Y1_012585-T1	NaN	NaN	NaN	NaN	NaN	NaN	NaN	NaN	GF00000478	Rhodotorula_mucilaginosa_TFCN_17-291Y-1.cds.fa_05341	Rhodotorula_mucilaginosa_TFCN_17-291Y-1.cds.fa_12388	NaN	NaN	NaN	NaN	NaN	NaN	NaN	NaN	TFCN17291Y1_005402-T1	TFCN17291Y1_012585-T1
TFCN17291Y1_005402-T1__TFCN17291Y1_012840-T1	NaN	NaN	NaN	NaN	NaN	NaN	NaN	NaN	GF00000478	Rhodotorula_mucilaginosa_TFCN_17-291Y-1.cds.fa_05341	Rhodotorula_mucilaginosa_TFCN_17-291Y-1.cds.fa_12640	NaN	NaN	NaN	NaN	NaN	NaN	NaN	NaN	TFCN17291Y1_005402-T1	TFCN17291Y1_012840-T1
TFCN17291Y1_012585-T1__TFCN17291Y1_012840-T1	NaN	NaN	NaN	NaN	NaN	NaN	NaN	NaN	GF00000478	Rhodotorula_mucilaginosa_TFCN_17-291Y-1.cds.fa_12388	Rhodotorula_mucilaginosa_TFCN_17-291Y-1.cds.fa_12640	NaN	NaN	NaN	NaN	NaN	NaN	NaN	NaN	TFCN17291Y1_012585-T1	TFCN17291Y1_012840-T1
TFCN17291Y1_006616-T1__TFCN17291Y1_010538-T1	NaN	NaN	NaN	NaN	NaN	NaN	NaN	NaN	GF00000500	Rhodotorula_mucilaginosa_TFCN_17-291Y-1.cds.fa_06539	Rhodotorula_mucilaginosa_TFCN_17-291Y-1.cds.fa_10404	NaN	NaN	NaN	NaN	NaN	NaN	NaN	NaN	TFCN17291Y1_006616-T1	TFCN17291Y1_010538-T1
TFCN17291Y1_006616-T1__TFCN17291Y1_012703-T1	NaN	NaN	NaN	NaN	NaN	NaN	NaN	NaN	GF00000500	Rhodotorula_mucilaginosa_TFCN_17-291Y-1.cds.fa_06539	Rhodotorula_mucilaginosa_TFCN_17-291Y-1.cds.fa_12503	NaN	NaN	NaN	NaN	NaN	NaN	NaN	NaN	TFCN17291Y1_006616-T1	TFCN17291Y1_012703-T1
TFCN17291Y1_010538-T1__TFCN17291Y1_012703-T1	NaN	NaN	NaN	NaN	NaN	NaN	NaN	NaN	GF00000500	Rhodotorula_mucilaginosa_TFCN_17-291Y-1.cds.fa_10404	Rhodotorula_mucilaginosa_TFCN_17-291Y-1.cds.fa_12503	NaN	NaN	NaN	NaN	NaN	NaN	NaN	NaN	TFCN17291Y1_010538-T1	TFCN17291Y1_012703-T1
TFCN17291Y1_000555-T1__TFCN17291Y1_012780-T1	NaN	NaN	NaN	NaN	NaN	NaN	NaN	NaN	GF00000509	Rhodotorula_mucilaginosa_TFCN_17-291Y-1.cds.fa_00548	Rhodotorula_mucilaginosa_TFCN_17-291Y-1.cds.fa_12580	NaN	NaN	NaN	NaN	NaN	NaN	NaN	NaN	TFCN17291Y1_000555-T1	TFCN17291Y1_012780-T1
TFCN17291Y1_000555-T1__TFCN17291Y1_009547-T1	NaN	NaN	NaN	NaN	NaN	NaN	NaN	NaN	GF00000509	Rhodotorula_mucilaginosa_TFCN_17-291Y-1.cds.fa_00548	Rhodotorula_mucilaginosa_TFCN_17-291Y-1.cds.fa_09425	NaN	NaN	NaN	NaN	NaN	NaN	NaN	NaN	TFCN17291Y1_000555-T1	TFCN17291Y1_009547-T1
TFCN17291Y1_009547-T1__TFCN17291Y1_012780-T1	NaN	NaN	NaN	NaN	NaN	NaN	NaN	NaN	GF00000509	Rhodotorula_mucilaginosa_TFCN_17-291Y-1.cds.fa_12580	Rhodotorula_mucilaginosa_TFCN_17-291Y-1.cds.fa_09425	NaN	NaN	NaN	NaN	NaN	NaN	NaN	NaN	TFCN17291Y1_012780-T1	TFCN17291Y1_009547-T1
TFCN17291Y1_012067-T1__TFCN17291Y1_012384-T1	NaN	NaN	NaN	NaN	NaN	NaN	NaN	NaN	GF00000514	Rhodotorula_mucilaginosa_TFCN_17-291Y-1.cds.fa_11890	Rhodotorula_mucilaginosa_TFCN_17-291Y-1.cds.fa_12197	NaN	NaN	NaN	NaN	NaN	NaN	NaN	NaN	TFCN17291Y1_012067-T1	TFCN17291Y1_012384-T1
TFCN17291Y1_009059-T1__TFCN17291Y1_012067-T1	NaN	NaN	NaN	NaN	NaN	NaN	NaN	NaN	GF00000514	Rhodotorula_mucilaginosa_TFCN_17-291Y-1.cds.fa_11890	Rhodotorula_mucilaginosa_TFCN_17-291Y-1.cds.fa_08942	NaN	NaN	NaN	NaN	NaN	NaN	NaN	NaN	TFCN17291Y1_012067-T1	TFCN17291Y1_009059-T1
TFCN17291Y1_009059-T1__TFCN17291Y1_012384-T1	NaN	NaN	NaN	NaN	NaN	NaN	NaN	NaN	GF00000514	Rhodotorula_mucilaginosa_TFCN_17-291Y-1.cds.fa_12197	Rhodotorula_mucilaginosa_TFCN_17-291Y-1.cds.fa_08942	NaN	NaN	NaN	NaN	NaN	NaN	NaN	NaN	TFCN17291Y1_012384-T1	TFCN17291Y1_009059-T1
TFCN17291Y1_004159-T1__TFCN17291Y1_005057-T1	NaN	NaN	NaN	NaN	NaN	NaN	NaN	NaN	GF00000520	Rhodotorula_mucilaginosa_TFCN_17-291Y-1.cds.fa_05002	Rhodotorula_mucilaginosa_TFCN_17-291Y-1.cds.fa_04118	NaN	NaN	NaN	NaN	NaN	NaN	NaN	NaN	TFCN17291Y1_005057-T1	TFCN17291Y1_004159-T1
TFCN17291Y1_005057-T1__TFCN17291Y1_005058-T1	NaN	NaN	NaN	NaN	NaN	NaN	NaN	NaN	GF00000520	Rhodotorula_mucilaginosa_TFCN_17-291Y-1.cds.fa_05002	Rhodotorula_mucilaginosa_TFCN_17-291Y-1.cds.fa_05003	NaN	NaN	NaN	NaN	NaN	NaN	NaN	NaN	TFCN17291Y1_005057-T1	TFCN17291Y1_005058-T1
TFCN17291Y1_004159-T1__TFCN17291Y1_005058-T1	NaN	NaN	NaN	NaN	NaN	NaN	NaN	NaN	GF00000520	Rhodotorula_mucilaginosa_TFCN_17-291Y-1.cds.fa_04118	Rhodotorula_mucilaginosa_TFCN_17-291Y-1.cds.fa_05003	NaN	NaN	NaN	NaN	NaN	NaN	NaN	NaN	TFCN17291Y1_004159-T1	TFCN17291Y1_005058-T1
TFCN17291Y1_007118-T1__TFCN17291Y1_009170-T1	NaN	NaN	NaN	NaN	NaN	NaN	NaN	NaN	GF00000525	Rhodotorula_mucilaginosa_TFCN_17-291Y-1.cds.fa_07033	Rhodotorula_mucilaginosa_TFCN_17-291Y-1.cds.fa_09051	NaN	NaN	NaN	NaN	NaN	NaN	NaN	NaN	TFCN17291Y1_007118-T1	TFCN17291Y1_009170-T1
TFCN17291Y1_007118-T1__TFCN17291Y1_011664-T1	NaN	NaN	NaN	NaN	NaN	NaN	NaN	NaN	GF00000525	Rhodotorula_mucilaginosa_TFCN_17-291Y-1.cds.fa_07033	Rhodotorula_mucilaginosa_TFCN_17-291Y-1.cds.fa_11499	NaN	NaN	NaN	NaN	NaN	NaN	NaN	NaN	TFCN17291Y1_007118-T1	TFCN17291Y1_011664-T1
TFCN17291Y1_009170-T1__TFCN17291Y1_011664-T1	NaN	NaN	NaN	NaN	NaN	NaN	NaN	NaN	GF00000525	Rhodotorula_mucilaginosa_TFCN_17-291Y-1.cds.fa_09051	Rhodotorula_mucilaginosa_TFCN_17-291Y-1.cds.fa_11499	NaN	NaN	NaN	NaN	NaN	NaN	NaN	NaN	TFCN17291Y1_009170-T1	TFCN17291Y1_011664-T1
TFCN17291Y1_005178-T1__TFCN17291Y1_010763-T1	NaN	NaN	NaN	NaN	NaN	NaN	NaN	NaN	GF00000554	Rhodotorula_mucilaginosa_TFCN_17-291Y-1.cds.fa_05122	Rhodotorula_mucilaginosa_TFCN_17-291Y-1.cds.fa_10626	NaN	NaN	NaN	NaN	NaN	NaN	NaN	NaN	TFCN17291Y1_005178-T1	TFCN17291Y1_010763-T1
TFCN17291Y1_005178-T1__TFCN17291Y1_012030-T1	NaN	NaN	NaN	NaN	NaN	NaN	NaN	NaN	GF00000554	Rhodotorula_mucilaginosa_TFCN_17-291Y-1.cds.fa_05122	Rhodotorula_mucilaginosa_TFCN_17-291Y-1.cds.fa_11857	NaN	NaN	NaN	NaN	NaN	NaN	NaN	NaN	TFCN17291Y1_005178-T1	TFCN17291Y1_012030-T1
TFCN17291Y1_010763-T1__TFCN17291Y1_012030-T1	NaN	NaN	NaN	NaN	NaN	NaN	NaN	NaN	GF00000554	Rhodotorula_mucilaginosa_TFCN_17-291Y-1.cds.fa_10626	Rhodotorula_mucilaginosa_TFCN_17-291Y-1.cds.fa_11857	NaN	NaN	NaN	NaN	NaN	NaN	NaN	NaN	TFCN17291Y1_010763-T1	TFCN17291Y1_012030-T1
TFCN17291Y1_006373-T1__TFCN17291Y1_010079-T1	NaN	NaN	NaN	NaN	NaN	NaN	NaN	NaN	GF00000557	Rhodotorula_mucilaginosa_TFCN_17-291Y-1.cds.fa_06299	Rhodotorula_mucilaginosa_TFCN_17-291Y-1.cds.fa_09948	NaN	NaN	NaN	NaN	NaN	NaN	NaN	NaN	TFCN17291Y1_006373-T1	TFCN17291Y1_010079-T1
TFCN17291Y1_006373-T1__TFCN17291Y1_006374-T1	NaN	NaN	NaN	NaN	NaN	NaN	NaN	NaN	GF00000557	Rhodotorula_mucilaginosa_TFCN_17-291Y-1.cds.fa_06299	Rhodotorula_mucilaginosa_TFCN_17-291Y-1.cds.fa_06300	NaN	NaN	NaN	NaN	NaN	NaN	NaN	NaN	TFCN17291Y1_006373-T1	TFCN17291Y1_006374-T1
TFCN17291Y1_006374-T1__TFCN17291Y1_010079-T1	NaN	NaN	NaN	NaN	NaN	NaN	NaN	NaN	GF00000557	Rhodotorula_mucilaginosa_TFCN_17-291Y-1.cds.fa_09948	Rhodotorula_mucilaginosa_TFCN_17-291Y-1.cds.fa_06300	NaN	NaN	NaN	NaN	NaN	NaN	NaN	NaN	TFCN17291Y1_010079-T1	TFCN17291Y1_006374-T1
TFCN17291Y1_002605-T1__TFCN17291Y1_002744-T1	NaN	NaN	NaN	NaN	NaN	NaN	NaN	NaN	GF00000590	Rhodotorula_mucilaginosa_TFCN_17-291Y-1.cds.fa_02590	Rhodotorula_mucilaginosa_TFCN_17-291Y-1.cds.fa_02721	NaN	NaN	NaN	NaN	NaN	NaN	NaN	NaN	TFCN17291Y1_002605-T1	TFCN17291Y1_002744-T1
TFCN17291Y1_002605-T1__TFCN17291Y1_002606-T1	NaN	NaN	NaN	NaN	NaN	NaN	NaN	NaN	GF00000590	Rhodotorula_mucilaginosa_TFCN_17-291Y-1.cds.fa_02590	Rhodotorula_mucilaginosa_TFCN_17-291Y-1.cds.fa_02591	NaN	NaN	NaN	NaN	NaN	NaN	NaN	NaN	TFCN17291Y1_002605-T1	TFCN17291Y1_002606-T1
TFCN17291Y1_002606-T1__TFCN17291Y1_002744-T1	NaN	NaN	NaN	NaN	NaN	NaN	NaN	NaN	GF00000590	Rhodotorula_mucilaginosa_TFCN_17-291Y-1.cds.fa_02721	Rhodotorula_mucilaginosa_TFCN_17-291Y-1.cds.fa_02591	NaN	NaN	NaN	NaN	NaN	NaN	NaN	NaN	TFCN17291Y1_002744-T1	TFCN17291Y1_002606-T1
TFCN17291Y1_007418-T1__TFCN17291Y1_008910-T1	NaN	NaN	NaN	NaN	NaN	NaN	NaN	NaN	GF00000593	Rhodotorula_mucilaginosa_TFCN_17-291Y-1.cds.fa_07333	Rhodotorula_mucilaginosa_TFCN_17-291Y-1.cds.fa_08798	NaN	NaN	NaN	NaN	NaN	NaN	NaN	NaN	TFCN17291Y1_007418-T1	TFCN17291Y1_008910-T1
TFCN17291Y1_007418-T1__TFCN17291Y1_012594-T1	NaN	NaN	NaN	NaN	NaN	NaN	NaN	NaN	GF00000593	Rhodotorula_mucilaginosa_TFCN_17-291Y-1.cds.fa_07333	Rhodotorula_mucilaginosa_TFCN_17-291Y-1.cds.fa_12397	NaN	NaN	NaN	NaN	NaN	NaN	NaN	NaN	TFCN17291Y1_007418-T1	TFCN17291Y1_012594-T1
TFCN17291Y1_008910-T1__TFCN17291Y1_012594-T1	NaN	NaN	NaN	NaN	NaN	NaN	NaN	NaN	GF00000593	Rhodotorula_mucilaginosa_TFCN_17-291Y-1.cds.fa_08798	Rhodotorula_mucilaginosa_TFCN_17-291Y-1.cds.fa_12397	NaN	NaN	NaN	NaN	NaN	NaN	NaN	NaN	TFCN17291Y1_008910-T1	TFCN17291Y1_012594-T1
TFCN17291Y1_005353-T1__TFCN17291Y1_012098-T1	NaN	NaN	NaN	NaN	NaN	NaN	NaN	NaN	GF00000602	Rhodotorula_mucilaginosa_TFCN_17-291Y-1.cds.fa_05292	Rhodotorula_mucilaginosa_TFCN_17-291Y-1.cds.fa_11921	NaN	NaN	NaN	NaN	NaN	NaN	NaN	NaN	TFCN17291Y1_005353-T1	TFCN17291Y1_012098-T1
TFCN17291Y1_005353-T1__TFCN17291Y1_012097-T1	NaN	NaN	NaN	NaN	NaN	NaN	NaN	NaN	GF00000602	Rhodotorula_mucilaginosa_TFCN_17-291Y-1.cds.fa_05292	Rhodotorula_mucilaginosa_TFCN_17-291Y-1.cds.fa_11920	NaN	NaN	NaN	NaN	NaN	NaN	NaN	NaN	TFCN17291Y1_005353-T1	TFCN17291Y1_012097-T1
TFCN17291Y1_012097-T1__TFCN17291Y1_012098-T1	NaN	NaN	NaN	NaN	NaN	NaN	NaN	NaN	GF00000602	Rhodotorula_mucilaginosa_TFCN_17-291Y-1.cds.fa_11921	Rhodotorula_mucilaginosa_TFCN_17-291Y-1.cds.fa_11920	NaN	NaN	NaN	NaN	NaN	NaN	NaN	NaN	TFCN17291Y1_012098-T1	TFCN17291Y1_012097-T1
TFCN17291Y1_008250-T1__TFCN17291Y1_012628-T1	NaN	NaN	NaN	NaN	NaN	NaN	NaN	NaN	GF00000604	Rhodotorula_mucilaginosa_TFCN_17-291Y-1.cds.fa_12431	Rhodotorula_mucilaginosa_TFCN_17-291Y-1.cds.fa_08148	NaN	NaN	NaN	NaN	NaN	NaN	NaN	NaN	TFCN17291Y1_012628-T1	TFCN17291Y1_008250-T1
TFCN17291Y1_008249-T1__TFCN17291Y1_012628-T1	NaN	NaN	NaN	NaN	NaN	NaN	NaN	NaN	GF00000604	Rhodotorula_mucilaginosa_TFCN_17-291Y-1.cds.fa_12431	Rhodotorula_mucilaginosa_TFCN_17-291Y-1.cds.fa_08147	NaN	NaN	NaN	NaN	NaN	NaN	NaN	NaN	TFCN17291Y1_012628-T1	TFCN17291Y1_008249-T1
TFCN17291Y1_008249-T1__TFCN17291Y1_008250-T1	NaN	NaN	NaN	NaN	NaN	NaN	NaN	NaN	GF00000604	Rhodotorula_mucilaginosa_TFCN_17-291Y-1.cds.fa_08148	Rhodotorula_mucilaginosa_TFCN_17-291Y-1.cds.fa_08147	NaN	NaN	NaN	NaN	NaN	NaN	NaN	NaN	TFCN17291Y1_008250-T1	TFCN17291Y1_008249-T1
TFCN17291Y1_010639-T1__TFCN17291Y1_012013-T1	NaN	NaN	NaN	NaN	NaN	NaN	NaN	NaN	GF00000611	Rhodotorula_mucilaginosa_TFCN_17-291Y-1.cds.fa_11840	Rhodotorula_mucilaginosa_TFCN_17-291Y-1.cds.fa_10502	NaN	NaN	NaN	NaN	NaN	NaN	NaN	NaN	TFCN17291Y1_012013-T1	TFCN17291Y1_010639-T1
TFCN17291Y1_005207-T1__TFCN17291Y1_012013-T1	NaN	NaN	NaN	NaN	NaN	NaN	NaN	NaN	GF00000611	Rhodotorula_mucilaginosa_TFCN_17-291Y-1.cds.fa_11840	Rhodotorula_mucilaginosa_TFCN_17-291Y-1.cds.fa_05151	NaN	NaN	NaN	NaN	NaN	NaN	NaN	NaN	TFCN17291Y1_012013-T1	TFCN17291Y1_005207-T1
TFCN17291Y1_005207-T1__TFCN17291Y1_010639-T1	NaN	NaN	NaN	NaN	NaN	NaN	NaN	NaN	GF00000611	Rhodotorula_mucilaginosa_TFCN_17-291Y-1.cds.fa_10502	Rhodotorula_mucilaginosa_TFCN_17-291Y-1.cds.fa_05151	NaN	NaN	NaN	NaN	NaN	NaN	NaN	NaN	TFCN17291Y1_010639-T1	TFCN17291Y1_005207-T1
TFCN17291Y1_003176-T1__TFCN17291Y1_003569-T1	NaN	NaN	NaN	NaN	NaN	NaN	NaN	NaN	GF00000624	Rhodotorula_mucilaginosa_TFCN_17-291Y-1.cds.fa_03143	Rhodotorula_mucilaginosa_TFCN_17-291Y-1.cds.fa_03531	NaN	NaN	NaN	NaN	NaN	NaN	NaN	NaN	TFCN17291Y1_003176-T1	TFCN17291Y1_003569-T1
TFCN17291Y1_003176-T1__TFCN17291Y1_003568-T1	NaN	NaN	NaN	NaN	NaN	NaN	NaN	NaN	GF00000624	Rhodotorula_mucilaginosa_TFCN_17-291Y-1.cds.fa_03143	Rhodotorula_mucilaginosa_TFCN_17-291Y-1.cds.fa_03530	NaN	NaN	NaN	NaN	NaN	NaN	NaN	NaN	TFCN17291Y1_003176-T1	TFCN17291Y1_003568-T1
TFCN17291Y1_003568-T1__TFCN17291Y1_003569-T1	NaN	NaN	NaN	NaN	NaN	NaN	NaN	NaN	GF00000624	Rhodotorula_mucilaginosa_TFCN_17-291Y-1.cds.fa_03531	Rhodotorula_mucilaginosa_TFCN_17-291Y-1.cds.fa_03530	NaN	NaN	NaN	NaN	NaN	NaN	NaN	NaN	TFCN17291Y1_003569-T1	TFCN17291Y1_003568-T1
TFCN17291Y1_008409-T1__TFCN17291Y1_012762-T1	NaN	NaN	NaN	NaN	NaN	NaN	NaN	NaN	GF00000627	Rhodotorula_mucilaginosa_TFCN_17-291Y-1.cds.fa_08303	Rhodotorula_mucilaginosa_TFCN_17-291Y-1.cds.fa_12562	NaN	NaN	NaN	NaN	NaN	NaN	NaN	NaN	TFCN17291Y1_008409-T1	TFCN17291Y1_012762-T1
TFCN17291Y1_005664-T1__TFCN17291Y1_008409-T1	NaN	NaN	NaN	NaN	NaN	NaN	NaN	NaN	GF00000627	Rhodotorula_mucilaginosa_TFCN_17-291Y-1.cds.fa_08303	Rhodotorula_mucilaginosa_TFCN_17-291Y-1.cds.fa_05599	NaN	NaN	NaN	NaN	NaN	NaN	NaN	NaN	TFCN17291Y1_008409-T1	TFCN17291Y1_005664-T1
TFCN17291Y1_005664-T1__TFCN17291Y1_012762-T1	NaN	NaN	NaN	NaN	NaN	NaN	NaN	NaN	GF00000627	Rhodotorula_mucilaginosa_TFCN_17-291Y-1.cds.fa_12562	Rhodotorula_mucilaginosa_TFCN_17-291Y-1.cds.fa_05599	NaN	NaN	NaN	NaN	NaN	NaN	NaN	NaN	TFCN17291Y1_012762-T1	TFCN17291Y1_005664-T1
TFCN17291Y1_011420-T1__TFCN17291Y1_011745-T1	NaN	NaN	NaN	NaN	NaN	NaN	NaN	NaN	GF00000634	Rhodotorula_mucilaginosa_TFCN_17-291Y-1.cds.fa_11264	Rhodotorula_mucilaginosa_TFCN_17-291Y-1.cds.fa_11579	NaN	NaN	NaN	NaN	NaN	NaN	NaN	NaN	TFCN17291Y1_011420-T1	TFCN17291Y1_011745-T1
TFCN17291Y1_011420-T1__TFCN17291Y1_012344-T1	NaN	NaN	NaN	NaN	NaN	NaN	NaN	NaN	GF00000634	Rhodotorula_mucilaginosa_TFCN_17-291Y-1.cds.fa_11264	Rhodotorula_mucilaginosa_TFCN_17-291Y-1.cds.fa_12158	NaN	NaN	NaN	NaN	NaN	NaN	NaN	NaN	TFCN17291Y1_011420-T1	TFCN17291Y1_012344-T1
TFCN17291Y1_011745-T1__TFCN17291Y1_012344-T1	NaN	NaN	NaN	NaN	NaN	NaN	NaN	NaN	GF00000634	Rhodotorula_mucilaginosa_TFCN_17-291Y-1.cds.fa_11579	Rhodotorula_mucilaginosa_TFCN_17-291Y-1.cds.fa_12158	NaN	NaN	NaN	NaN	NaN	NaN	NaN	NaN	TFCN17291Y1_011745-T1	TFCN17291Y1_012344-T1
TFCN17291Y1_000131-T1__TFCN17291Y1_000785-T1	NaN	NaN	NaN	NaN	NaN	NaN	NaN	NaN	GF00000655	Rhodotorula_mucilaginosa_TFCN_17-291Y-1.cds.fa_00130	Rhodotorula_mucilaginosa_TFCN_17-291Y-1.cds.fa_00777	NaN	NaN	NaN	NaN	NaN	NaN	NaN	NaN	TFCN17291Y1_000131-T1	TFCN17291Y1_000785-T1
TFCN17291Y1_000130-T1__TFCN17291Y1_000131-T1	NaN	NaN	NaN	NaN	NaN	NaN	NaN	NaN	GF00000655	Rhodotorula_mucilaginosa_TFCN_17-291Y-1.cds.fa_00130	Rhodotorula_mucilaginosa_TFCN_17-291Y-1.cds.fa_00129	NaN	NaN	NaN	NaN	NaN	NaN	NaN	NaN	TFCN17291Y1_000131-T1	TFCN17291Y1_000130-T1
TFCN17291Y1_000130-T1__TFCN17291Y1_000785-T1	NaN	NaN	NaN	NaN	NaN	NaN	NaN	NaN	GF00000655	Rhodotorula_mucilaginosa_TFCN_17-291Y-1.cds.fa_00777	Rhodotorula_mucilaginosa_TFCN_17-291Y-1.cds.fa_00129	NaN	NaN	NaN	NaN	NaN	NaN	NaN	NaN	TFCN17291Y1_000785-T1	TFCN17291Y1_000130-T1
TFCN17291Y1_006190-T1__TFCN17291Y1_009102-T1	NaN	NaN	NaN	NaN	NaN	NaN	NaN	NaN	GF00000660	Rhodotorula_mucilaginosa_TFCN_17-291Y-1.cds.fa_08985	Rhodotorula_mucilaginosa_TFCN_17-291Y-1.cds.fa_06118	NaN	NaN	NaN	NaN	NaN	NaN	NaN	NaN	TFCN17291Y1_009102-T1	TFCN17291Y1_006190-T1
TFCN17291Y1_009102-T1__TFCN17291Y1_010927-T1	NaN	NaN	NaN	NaN	NaN	NaN	NaN	NaN	GF00000660	Rhodotorula_mucilaginosa_TFCN_17-291Y-1.cds.fa_08985	Rhodotorula_mucilaginosa_TFCN_17-291Y-1.cds.fa_10785	NaN	NaN	NaN	NaN	NaN	NaN	NaN	NaN	TFCN17291Y1_009102-T1	TFCN17291Y1_010927-T1
TFCN17291Y1_006190-T1__TFCN17291Y1_010927-T1	NaN	NaN	NaN	NaN	NaN	NaN	NaN	NaN	GF00000660	Rhodotorula_mucilaginosa_TFCN_17-291Y-1.cds.fa_06118	Rhodotorula_mucilaginosa_TFCN_17-291Y-1.cds.fa_10785	NaN	NaN	NaN	NaN	NaN	NaN	NaN	NaN	TFCN17291Y1_006190-T1	TFCN17291Y1_010927-T1
TFCN17291Y1_004448-T1__TFCN17291Y1_005020-T1	NaN	NaN	NaN	NaN	NaN	NaN	NaN	NaN	GF00000664	Rhodotorula_mucilaginosa_TFCN_17-291Y-1.cds.fa_04965	Rhodotorula_mucilaginosa_TFCN_17-291Y-1.cds.fa_04401	NaN	NaN	NaN	NaN	NaN	NaN	NaN	NaN	TFCN17291Y1_005020-T1	TFCN17291Y1_004448-T1
TFCN17291Y1_005020-T1__TFCN17291Y1_012307-T1	NaN	NaN	NaN	NaN	NaN	NaN	NaN	NaN	GF00000664	Rhodotorula_mucilaginosa_TFCN_17-291Y-1.cds.fa_04965	Rhodotorula_mucilaginosa_TFCN_17-291Y-1.cds.fa_12121	NaN	NaN	NaN	NaN	NaN	NaN	NaN	NaN	TFCN17291Y1_005020-T1	TFCN17291Y1_012307-T1
TFCN17291Y1_004448-T1__TFCN17291Y1_012307-T1	NaN	NaN	NaN	NaN	NaN	NaN	NaN	NaN	GF00000664	Rhodotorula_mucilaginosa_TFCN_17-291Y-1.cds.fa_04401	Rhodotorula_mucilaginosa_TFCN_17-291Y-1.cds.fa_12121	NaN	NaN	NaN	NaN	NaN	NaN	NaN	NaN	TFCN17291Y1_004448-T1	TFCN17291Y1_012307-T1
TFCN17291Y1_008890-T1__TFCN17291Y1_009224-T1	NaN	NaN	NaN	NaN	NaN	NaN	NaN	NaN	GF00000674	Rhodotorula_mucilaginosa_TFCN_17-291Y-1.cds.fa_08778	Rhodotorula_mucilaginosa_TFCN_17-291Y-1.cds.fa_09105	NaN	NaN	NaN	NaN	NaN	NaN	NaN	NaN	TFCN17291Y1_008890-T1	TFCN17291Y1_009224-T1
TFCN17291Y1_008890-T1__TFCN17291Y1_009223-T1	NaN	NaN	NaN	NaN	NaN	NaN	NaN	NaN	GF00000674	Rhodotorula_mucilaginosa_TFCN_17-291Y-1.cds.fa_08778	Rhodotorula_mucilaginosa_TFCN_17-291Y-1.cds.fa_09104	NaN	NaN	NaN	NaN	NaN	NaN	NaN	NaN	TFCN17291Y1_008890-T1	TFCN17291Y1_009223-T1
TFCN17291Y1_009223-T1__TFCN17291Y1_009224-T1	NaN	NaN	NaN	NaN	NaN	NaN	NaN	NaN	GF00000674	Rhodotorula_mucilaginosa_TFCN_17-291Y-1.cds.fa_09105	Rhodotorula_mucilaginosa_TFCN_17-291Y-1.cds.fa_09104	NaN	NaN	NaN	NaN	NaN	NaN	NaN	NaN	TFCN17291Y1_009224-T1	TFCN17291Y1_009223-T1
TFCN17291Y1_009151-T1__TFCN17291Y1_012011-T1	NaN	NaN	NaN	NaN	NaN	NaN	NaN	NaN	GF00000684	Rhodotorula_mucilaginosa_TFCN_17-291Y-1.cds.fa_09032	Rhodotorula_mucilaginosa_TFCN_17-291Y-1.cds.fa_11838	NaN	NaN	NaN	NaN	NaN	NaN	NaN	NaN	TFCN17291Y1_009151-T1	TFCN17291Y1_012011-T1
TFCN17291Y1_007149-T1__TFCN17291Y1_009151-T1	NaN	NaN	NaN	NaN	NaN	NaN	NaN	NaN	GF00000684	Rhodotorula_mucilaginosa_TFCN_17-291Y-1.cds.fa_09032	Rhodotorula_mucilaginosa_TFCN_17-291Y-1.cds.fa_07064	NaN	NaN	NaN	NaN	NaN	NaN	NaN	NaN	TFCN17291Y1_009151-T1	TFCN17291Y1_007149-T1
TFCN17291Y1_007149-T1__TFCN17291Y1_012011-T1	NaN	NaN	NaN	NaN	NaN	NaN	NaN	NaN	GF00000684	Rhodotorula_mucilaginosa_TFCN_17-291Y-1.cds.fa_11838	Rhodotorula_mucilaginosa_TFCN_17-291Y-1.cds.fa_07064	NaN	NaN	NaN	NaN	NaN	NaN	NaN	NaN	TFCN17291Y1_012011-T1	TFCN17291Y1_007149-T1
TFCN17291Y1_001955-T1__TFCN17291Y1_003852-T1	NaN	NaN	NaN	NaN	NaN	NaN	NaN	NaN	GF00000693	Rhodotorula_mucilaginosa_TFCN_17-291Y-1.cds.fa_01945	Rhodotorula_mucilaginosa_TFCN_17-291Y-1.cds.fa_03814	NaN	NaN	NaN	NaN	NaN	NaN	NaN	NaN	TFCN17291Y1_001955-T1	TFCN17291Y1_003852-T1
TFCN17291Y1_001954-T1__TFCN17291Y1_001955-T1	NaN	NaN	NaN	NaN	NaN	NaN	NaN	NaN	GF00000693	Rhodotorula_mucilaginosa_TFCN_17-291Y-1.cds.fa_01945	Rhodotorula_mucilaginosa_TFCN_17-291Y-1.cds.fa_01944	NaN	NaN	NaN	NaN	NaN	NaN	NaN	NaN	TFCN17291Y1_001955-T1	TFCN17291Y1_001954-T1
TFCN17291Y1_001954-T1__TFCN17291Y1_003852-T1	NaN	NaN	NaN	NaN	NaN	NaN	NaN	NaN	GF00000693	Rhodotorula_mucilaginosa_TFCN_17-291Y-1.cds.fa_03814	Rhodotorula_mucilaginosa_TFCN_17-291Y-1.cds.fa_01944	NaN	NaN	NaN	NaN	NaN	NaN	NaN	NaN	TFCN17291Y1_003852-T1	TFCN17291Y1_001954-T1
TFCN17291Y1_009538-T1__TFCN17291Y1_012626-T1	NaN	NaN	NaN	NaN	NaN	NaN	NaN	NaN	GF00000696	Rhodotorula_mucilaginosa_TFCN_17-291Y-1.cds.fa_12429	Rhodotorula_mucilaginosa_TFCN_17-291Y-1.cds.fa_09416	NaN	NaN	NaN	NaN	NaN	NaN	NaN	NaN	TFCN17291Y1_012626-T1	TFCN17291Y1_009538-T1
TFCN17291Y1_009623-T1__TFCN17291Y1_012626-T1	NaN	NaN	NaN	NaN	NaN	NaN	NaN	NaN	GF00000696	Rhodotorula_mucilaginosa_TFCN_17-291Y-1.cds.fa_12429	Rhodotorula_mucilaginosa_TFCN_17-291Y-1.cds.fa_09501	NaN	NaN	NaN	NaN	NaN	NaN	NaN	NaN	TFCN17291Y1_012626-T1	TFCN17291Y1_009623-T1
TFCN17291Y1_009538-T1__TFCN17291Y1_009623-T1	NaN	NaN	NaN	NaN	NaN	NaN	NaN	NaN	GF00000696	Rhodotorula_mucilaginosa_TFCN_17-291Y-1.cds.fa_09416	Rhodotorula_mucilaginosa_TFCN_17-291Y-1.cds.fa_09501	NaN	NaN	NaN	NaN	NaN	NaN	NaN	NaN	TFCN17291Y1_009538-T1	TFCN17291Y1_009623-T1
TFCN17291Y1_008178-T1__TFCN17291Y1_012770-T1	NaN	NaN	NaN	NaN	NaN	NaN	NaN	NaN	GF00000699	Rhodotorula_mucilaginosa_TFCN_17-291Y-1.cds.fa_12570	Rhodotorula_mucilaginosa_TFCN_17-291Y-1.cds.fa_08076	NaN	NaN	NaN	NaN	NaN	NaN	NaN	NaN	TFCN17291Y1_012770-T1	TFCN17291Y1_008178-T1
TFCN17291Y1_012236-T1__TFCN17291Y1_012770-T1	NaN	NaN	NaN	NaN	NaN	NaN	NaN	NaN	GF00000699	Rhodotorula_mucilaginosa_TFCN_17-291Y-1.cds.fa_12570	Rhodotorula_mucilaginosa_TFCN_17-291Y-1.cds.fa_12052	NaN	NaN	NaN	NaN	NaN	NaN	NaN	NaN	TFCN17291Y1_012770-T1	TFCN17291Y1_012236-T1
TFCN17291Y1_008178-T1__TFCN17291Y1_012236-T1	NaN	NaN	NaN	NaN	NaN	NaN	NaN	NaN	GF00000699	Rhodotorula_mucilaginosa_TFCN_17-291Y-1.cds.fa_08076	Rhodotorula_mucilaginosa_TFCN_17-291Y-1.cds.fa_12052	NaN	NaN	NaN	NaN	NaN	NaN	NaN	NaN	TFCN17291Y1_008178-T1	TFCN17291Y1_012236-T1
TFCN17291Y1_005504-T1__TFCN17291Y1_007055-T1	NaN	NaN	NaN	NaN	NaN	NaN	NaN	NaN	GF00000735	Rhodotorula_mucilaginosa_TFCN_17-291Y-1.cds.fa_06970	Rhodotorula_mucilaginosa_TFCN_17-291Y-1.cds.fa_05443	NaN	NaN	NaN	NaN	NaN	NaN	NaN	NaN	TFCN17291Y1_007055-T1	TFCN17291Y1_005504-T1
TFCN17291Y1_005503-T1__TFCN17291Y1_007055-T1	NaN	NaN	NaN	NaN	NaN	NaN	NaN	NaN	GF00000735	Rhodotorula_mucilaginosa_TFCN_17-291Y-1.cds.fa_06970	Rhodotorula_mucilaginosa_TFCN_17-291Y-1.cds.fa_05442	NaN	NaN	NaN	NaN	NaN	NaN	NaN	NaN	TFCN17291Y1_007055-T1	TFCN17291Y1_005503-T1
TFCN17291Y1_005503-T1__TFCN17291Y1_005504-T1	NaN	NaN	NaN	NaN	NaN	NaN	NaN	NaN	GF00000735	Rhodotorula_mucilaginosa_TFCN_17-291Y-1.cds.fa_05443	Rhodotorula_mucilaginosa_TFCN_17-291Y-1.cds.fa_05442	NaN	NaN	NaN	NaN	NaN	NaN	NaN	NaN	TFCN17291Y1_005504-T1	TFCN17291Y1_005503-T1
TFCN17291Y1_000999-T1__TFCN17291Y1_001580-T1	NaN	NaN	NaN	NaN	NaN	NaN	NaN	NaN	GF00000740	Rhodotorula_mucilaginosa_TFCN_17-291Y-1.cds.fa_01570	Rhodotorula_mucilaginosa_TFCN_17-291Y-1.cds.fa_00991	NaN	NaN	NaN	NaN	NaN	NaN	NaN	NaN	TFCN17291Y1_001580-T1	TFCN17291Y1_000999-T1
TFCN17291Y1_001000-T1__TFCN17291Y1_001580-T1	NaN	NaN	NaN	NaN	NaN	NaN	NaN	NaN	GF00000740	Rhodotorula_mucilaginosa_TFCN_17-291Y-1.cds.fa_01570	Rhodotorula_mucilaginosa_TFCN_17-291Y-1.cds.fa_00992	NaN	NaN	NaN	NaN	NaN	NaN	NaN	NaN	TFCN17291Y1_001580-T1	TFCN17291Y1_001000-T1
TFCN17291Y1_000999-T1__TFCN17291Y1_001000-T1	NaN	NaN	NaN	NaN	NaN	NaN	NaN	NaN	GF00000740	Rhodotorula_mucilaginosa_TFCN_17-291Y-1.cds.fa_00991	Rhodotorula_mucilaginosa_TFCN_17-291Y-1.cds.fa_00992	NaN	NaN	NaN	NaN	NaN	NaN	NaN	NaN	TFCN17291Y1_000999-T1	TFCN17291Y1_001000-T1
TFCN17291Y1_003549-T1__TFCN17291Y1_011028-T1	NaN	NaN	NaN	NaN	NaN	NaN	NaN	NaN	GF00000757	Rhodotorula_mucilaginosa_TFCN_17-291Y-1.cds.fa_03511	Rhodotorula_mucilaginosa_TFCN_17-291Y-1.cds.fa_10881	NaN	NaN	NaN	NaN	NaN	NaN	NaN	NaN	TFCN17291Y1_003549-T1	TFCN17291Y1_011028-T1
TFCN17291Y1_003548-T1__TFCN17291Y1_003549-T1	NaN	NaN	NaN	NaN	NaN	NaN	NaN	NaN	GF00000757	Rhodotorula_mucilaginosa_TFCN_17-291Y-1.cds.fa_03511	Rhodotorula_mucilaginosa_TFCN_17-291Y-1.cds.fa_03510	NaN	NaN	NaN	NaN	NaN	NaN	NaN	NaN	TFCN17291Y1_003549-T1	TFCN17291Y1_003548-T1
TFCN17291Y1_003548-T1__TFCN17291Y1_011028-T1	NaN	NaN	NaN	NaN	NaN	NaN	NaN	NaN	GF00000757	Rhodotorula_mucilaginosa_TFCN_17-291Y-1.cds.fa_10881	Rhodotorula_mucilaginosa_TFCN_17-291Y-1.cds.fa_03510	NaN	NaN	NaN	NaN	NaN	NaN	NaN	NaN	TFCN17291Y1_011028-T1	TFCN17291Y1_003548-T1
TFCN17291Y1_008052-T1__TFCN17291Y1_010240-T1	NaN	NaN	NaN	NaN	NaN	NaN	NaN	NaN	GF00000761	Rhodotorula_mucilaginosa_TFCN_17-291Y-1.cds.fa_10107	Rhodotorula_mucilaginosa_TFCN_17-291Y-1.cds.fa_07951	NaN	NaN	NaN	NaN	NaN	NaN	NaN	NaN	TFCN17291Y1_010240-T1	TFCN17291Y1_008052-T1
TFCN17291Y1_008053-T1__TFCN17291Y1_010240-T1	NaN	NaN	NaN	NaN	NaN	NaN	NaN	NaN	GF00000761	Rhodotorula_mucilaginosa_TFCN_17-291Y-1.cds.fa_10107	Rhodotorula_mucilaginosa_TFCN_17-291Y-1.cds.fa_07952	NaN	NaN	NaN	NaN	NaN	NaN	NaN	NaN	TFCN17291Y1_010240-T1	TFCN17291Y1_008053-T1
TFCN17291Y1_008052-T1__TFCN17291Y1_008053-T1	NaN	NaN	NaN	NaN	NaN	NaN	NaN	NaN	GF00000761	Rhodotorula_mucilaginosa_TFCN_17-291Y-1.cds.fa_07951	Rhodotorula_mucilaginosa_TFCN_17-291Y-1.cds.fa_07952	NaN	NaN	NaN	NaN	NaN	NaN	NaN	NaN	TFCN17291Y1_008052-T1	TFCN17291Y1_008053-T1
TFCN17291Y1_008244-T1__TFCN17291Y1_012519-T1	NaN	NaN	NaN	NaN	NaN	NaN	NaN	NaN	GF00000764	Rhodotorula_mucilaginosa_TFCN_17-291Y-1.cds.fa_08142	Rhodotorula_mucilaginosa_TFCN_17-291Y-1.cds.fa_12325	NaN	NaN	NaN	NaN	NaN	NaN	NaN	NaN	TFCN17291Y1_008244-T1	TFCN17291Y1_012519-T1
TFCN17291Y1_008243-T1__TFCN17291Y1_008244-T1	NaN	NaN	NaN	NaN	NaN	NaN	NaN	NaN	GF00000764	Rhodotorula_mucilaginosa_TFCN_17-291Y-1.cds.fa_08142	Rhodotorula_mucilaginosa_TFCN_17-291Y-1.cds.fa_08141	NaN	NaN	NaN	NaN	NaN	NaN	NaN	NaN	TFCN17291Y1_008244-T1	TFCN17291Y1_008243-T1
TFCN17291Y1_008243-T1__TFCN17291Y1_012519-T1	NaN	NaN	NaN	NaN	NaN	NaN	NaN	NaN	GF00000764	Rhodotorula_mucilaginosa_TFCN_17-291Y-1.cds.fa_12325	Rhodotorula_mucilaginosa_TFCN_17-291Y-1.cds.fa_08141	NaN	NaN	NaN	NaN	NaN	NaN	NaN	NaN	TFCN17291Y1_012519-T1	TFCN17291Y1_008243-T1
TFCN17291Y1_011915-T1__TFCN17291Y1_012671-T1	NaN	NaN	NaN	NaN	NaN	NaN	NaN	NaN	GF00000765	Rhodotorula_mucilaginosa_TFCN_17-291Y-1.cds.fa_11747	Rhodotorula_mucilaginosa_TFCN_17-291Y-1.cds.fa_12473	NaN	NaN	NaN	NaN	NaN	NaN	NaN	NaN	TFCN17291Y1_011915-T1	TFCN17291Y1_012671-T1
TFCN17291Y1_011914-T1__TFCN17291Y1_011915-T1	NaN	NaN	NaN	NaN	NaN	NaN	NaN	NaN	GF00000765	Rhodotorula_mucilaginosa_TFCN_17-291Y-1.cds.fa_11747	Rhodotorula_mucilaginosa_TFCN_17-291Y-1.cds.fa_11746	NaN	NaN	NaN	NaN	NaN	NaN	NaN	NaN	TFCN17291Y1_011915-T1	TFCN17291Y1_011914-T1
TFCN17291Y1_011914-T1__TFCN17291Y1_012671-T1	NaN	NaN	NaN	NaN	NaN	NaN	NaN	NaN	GF00000765	Rhodotorula_mucilaginosa_TFCN_17-291Y-1.cds.fa_12473	Rhodotorula_mucilaginosa_TFCN_17-291Y-1.cds.fa_11746	NaN	NaN	NaN	NaN	NaN	NaN	NaN	NaN	TFCN17291Y1_012671-T1	TFCN17291Y1_011914-T1
TFCN17291Y1_004112-T1__TFCN17291Y1_005875-T1	NaN	NaN	NaN	NaN	NaN	NaN	NaN	NaN	GF00000770	Rhodotorula_mucilaginosa_TFCN_17-291Y-1.cds.fa_05809	Rhodotorula_mucilaginosa_TFCN_17-291Y-1.cds.fa_04073	NaN	NaN	NaN	NaN	NaN	NaN	NaN	NaN	TFCN17291Y1_005875-T1	TFCN17291Y1_004112-T1
TFCN17291Y1_004113-T1__TFCN17291Y1_005875-T1	NaN	NaN	NaN	NaN	NaN	NaN	NaN	NaN	GF00000770	Rhodotorula_mucilaginosa_TFCN_17-291Y-1.cds.fa_05809	Rhodotorula_mucilaginosa_TFCN_17-291Y-1.cds.fa_04074	NaN	NaN	NaN	NaN	NaN	NaN	NaN	NaN	TFCN17291Y1_005875-T1	TFCN17291Y1_004113-T1
TFCN17291Y1_004112-T1__TFCN17291Y1_004113-T1	NaN	NaN	NaN	NaN	NaN	NaN	NaN	NaN	GF00000770	Rhodotorula_mucilaginosa_TFCN_17-291Y-1.cds.fa_04073	Rhodotorula_mucilaginosa_TFCN_17-291Y-1.cds.fa_04074	NaN	NaN	NaN	NaN	NaN	NaN	NaN	NaN	TFCN17291Y1_004112-T1	TFCN17291Y1_004113-T1
TFCN17291Y1_004509-T1__TFCN17291Y1_012941-T1	NaN	NaN	NaN	NaN	NaN	NaN	NaN	NaN	GF00000779	Rhodotorula_mucilaginosa_TFCN_17-291Y-1.cds.fa_04462	Rhodotorula_mucilaginosa_TFCN_17-291Y-1.cds.fa_12729	NaN	NaN	NaN	NaN	NaN	NaN	NaN	NaN	TFCN17291Y1_004509-T1	TFCN17291Y1_012941-T1
TFCN17291Y1_004509-T1__TFCN17291Y1_010326-T1	NaN	NaN	NaN	NaN	NaN	NaN	NaN	NaN	GF00000779	Rhodotorula_mucilaginosa_TFCN_17-291Y-1.cds.fa_04462	Rhodotorula_mucilaginosa_TFCN_17-291Y-1.cds.fa_10192	NaN	NaN	NaN	NaN	NaN	NaN	NaN	NaN	TFCN17291Y1_004509-T1	TFCN17291Y1_010326-T1
TFCN17291Y1_010326-T1__TFCN17291Y1_012941-T1	NaN	NaN	NaN	NaN	NaN	NaN	NaN	NaN	GF00000779	Rhodotorula_mucilaginosa_TFCN_17-291Y-1.cds.fa_12729	Rhodotorula_mucilaginosa_TFCN_17-291Y-1.cds.fa_10192	NaN	NaN	NaN	NaN	NaN	NaN	NaN	NaN	TFCN17291Y1_012941-T1	TFCN17291Y1_010326-T1
TFCN17291Y1_004343-T1__TFCN17291Y1_010196-T1	NaN	NaN	NaN	NaN	NaN	NaN	NaN	NaN	GF00000798	Rhodotorula_mucilaginosa_TFCN_17-291Y-1.cds.fa_10065	Rhodotorula_mucilaginosa_TFCN_17-291Y-1.cds.fa_04301	NaN	NaN	NaN	NaN	NaN	NaN	NaN	NaN	TFCN17291Y1_010196-T1	TFCN17291Y1_004343-T1
TFCN17291Y1_010196-T1__TFCN17291Y1_012981-T1	NaN	NaN	NaN	NaN	NaN	NaN	NaN	NaN	GF00000798	Rhodotorula_mucilaginosa_TFCN_17-291Y-1.cds.fa_10065	Rhodotorula_mucilaginosa_TFCN_17-291Y-1.cds.fa_12766	NaN	NaN	NaN	NaN	NaN	NaN	NaN	NaN	TFCN17291Y1_010196-T1	TFCN17291Y1_012981-T1
TFCN17291Y1_004343-T1__TFCN17291Y1_012981-T1	NaN	NaN	NaN	NaN	NaN	NaN	NaN	NaN	GF00000798	Rhodotorula_mucilaginosa_TFCN_17-291Y-1.cds.fa_04301	Rhodotorula_mucilaginosa_TFCN_17-291Y-1.cds.fa_12766	NaN	NaN	NaN	NaN	NaN	NaN	NaN	NaN	TFCN17291Y1_004343-T1	TFCN17291Y1_012981-T1
TFCN17291Y1_002113-T1__TFCN17291Y1_008567-T1	NaN	NaN	NaN	NaN	NaN	NaN	NaN	NaN	GF00000800	Rhodotorula_mucilaginosa_TFCN_17-291Y-1.cds.fa_02103	Rhodotorula_mucilaginosa_TFCN_17-291Y-1.cds.fa_08460	NaN	NaN	NaN	NaN	NaN	NaN	NaN	NaN	TFCN17291Y1_002113-T1	TFCN17291Y1_008567-T1
TFCN17291Y1_002113-T1__TFCN17291Y1_012567-T1	NaN	NaN	NaN	NaN	NaN	NaN	NaN	NaN	GF00000800	Rhodotorula_mucilaginosa_TFCN_17-291Y-1.cds.fa_02103	Rhodotorula_mucilaginosa_TFCN_17-291Y-1.cds.fa_12370	NaN	NaN	NaN	NaN	NaN	NaN	NaN	NaN	TFCN17291Y1_002113-T1	TFCN17291Y1_012567-T1
TFCN17291Y1_008567-T1__TFCN17291Y1_012567-T1	NaN	NaN	NaN	NaN	NaN	NaN	NaN	NaN	GF00000800	Rhodotorula_mucilaginosa_TFCN_17-291Y-1.cds.fa_08460	Rhodotorula_mucilaginosa_TFCN_17-291Y-1.cds.fa_12370	NaN	NaN	NaN	NaN	NaN	NaN	NaN	NaN	TFCN17291Y1_008567-T1	TFCN17291Y1_012567-T1
TFCN17291Y1_000532-T1__TFCN17291Y1_009571-T1	NaN	NaN	NaN	NaN	NaN	NaN	NaN	NaN	GF00000807	Rhodotorula_mucilaginosa_TFCN_17-291Y-1.cds.fa_09449	Rhodotorula_mucilaginosa_TFCN_17-291Y-1.cds.fa_00525	NaN	NaN	NaN	NaN	NaN	NaN	NaN	NaN	TFCN17291Y1_009571-T1	TFCN17291Y1_000532-T1
TFCN17291Y1_000531-T1__TFCN17291Y1_009571-T1	NaN	NaN	NaN	NaN	NaN	NaN	NaN	NaN	GF00000807	Rhodotorula_mucilaginosa_TFCN_17-291Y-1.cds.fa_09449	Rhodotorula_mucilaginosa_TFCN_17-291Y-1.cds.fa_00524	NaN	NaN	NaN	NaN	NaN	NaN	NaN	NaN	TFCN17291Y1_009571-T1	TFCN17291Y1_000531-T1
TFCN17291Y1_000531-T1__TFCN17291Y1_000532-T1	NaN	NaN	NaN	NaN	NaN	NaN	NaN	NaN	GF00000807	Rhodotorula_mucilaginosa_TFCN_17-291Y-1.cds.fa_00525	Rhodotorula_mucilaginosa_TFCN_17-291Y-1.cds.fa_00524	NaN	NaN	NaN	NaN	NaN	NaN	NaN	NaN	TFCN17291Y1_000532-T1	TFCN17291Y1_000531-T1
TFCN17291Y1_009177-T1__TFCN17291Y1_012393-T1	NaN	NaN	NaN	NaN	NaN	NaN	NaN	NaN	GF00000813	Rhodotorula_mucilaginosa_TFCN_17-291Y-1.cds.fa_12206	Rhodotorula_mucilaginosa_TFCN_17-291Y-1.cds.fa_09058	NaN	NaN	NaN	NaN	NaN	NaN	NaN	NaN	TFCN17291Y1_012393-T1	TFCN17291Y1_009177-T1
TFCN17291Y1_009437-T1__TFCN17291Y1_012393-T1	NaN	NaN	NaN	NaN	NaN	NaN	NaN	NaN	GF00000813	Rhodotorula_mucilaginosa_TFCN_17-291Y-1.cds.fa_12206	Rhodotorula_mucilaginosa_TFCN_17-291Y-1.cds.fa_09317	NaN	NaN	NaN	NaN	NaN	NaN	NaN	NaN	TFCN17291Y1_012393-T1	TFCN17291Y1_009437-T1
TFCN17291Y1_009177-T1__TFCN17291Y1_009437-T1	NaN	NaN	NaN	NaN	NaN	NaN	NaN	NaN	GF00000813	Rhodotorula_mucilaginosa_TFCN_17-291Y-1.cds.fa_09058	Rhodotorula_mucilaginosa_TFCN_17-291Y-1.cds.fa_09317	NaN	NaN	NaN	NaN	NaN	NaN	NaN	NaN	TFCN17291Y1_009177-T1	TFCN17291Y1_009437-T1
TFCN17291Y1_002163-T1__TFCN17291Y1_011777-T1	NaN	NaN	NaN	NaN	NaN	NaN	NaN	NaN	GF00000823	Rhodotorula_mucilaginosa_TFCN_17-291Y-1.cds.fa_02153	Rhodotorula_mucilaginosa_TFCN_17-291Y-1.cds.fa_11611	NaN	NaN	NaN	NaN	NaN	NaN	NaN	NaN	TFCN17291Y1_002163-T1	TFCN17291Y1_011777-T1
TFCN17291Y1_002163-T1__TFCN17291Y1_002164-T1	NaN	NaN	NaN	NaN	NaN	NaN	NaN	NaN	GF00000823	Rhodotorula_mucilaginosa_TFCN_17-291Y-1.cds.fa_02153	Rhodotorula_mucilaginosa_TFCN_17-291Y-1.cds.fa_02154	NaN	NaN	NaN	NaN	NaN	NaN	NaN	NaN	TFCN17291Y1_002163-T1	TFCN17291Y1_002164-T1
TFCN17291Y1_002164-T1__TFCN17291Y1_011777-T1	NaN	NaN	NaN	NaN	NaN	NaN	NaN	NaN	GF00000823	Rhodotorula_mucilaginosa_TFCN_17-291Y-1.cds.fa_11611	Rhodotorula_mucilaginosa_TFCN_17-291Y-1.cds.fa_02154	NaN	NaN	NaN	NaN	NaN	NaN	NaN	NaN	TFCN17291Y1_011777-T1	TFCN17291Y1_002164-T1
TFCN17291Y1_000376-T1__TFCN17291Y1_005139-T1	NaN	NaN	NaN	NaN	NaN	NaN	NaN	NaN	GF00000836	Rhodotorula_mucilaginosa_TFCN_17-291Y-1.cds.fa_05083	Rhodotorula_mucilaginosa_TFCN_17-291Y-1.cds.fa_00370	NaN	NaN	NaN	NaN	NaN	NaN	NaN	NaN	TFCN17291Y1_005139-T1	TFCN17291Y1_000376-T1
TFCN17291Y1_005139-T1__TFCN17291Y1_010803-T1	NaN	NaN	NaN	NaN	NaN	NaN	NaN	NaN	GF00000836	Rhodotorula_mucilaginosa_TFCN_17-291Y-1.cds.fa_05083	Rhodotorula_mucilaginosa_TFCN_17-291Y-1.cds.fa_10666	NaN	NaN	NaN	NaN	NaN	NaN	NaN	NaN	TFCN17291Y1_005139-T1	TFCN17291Y1_010803-T1
TFCN17291Y1_000376-T1__TFCN17291Y1_010803-T1	NaN	NaN	NaN	NaN	NaN	NaN	NaN	NaN	GF00000836	Rhodotorula_mucilaginosa_TFCN_17-291Y-1.cds.fa_00370	Rhodotorula_mucilaginosa_TFCN_17-291Y-1.cds.fa_10666	NaN	NaN	NaN	NaN	NaN	NaN	NaN	NaN	TFCN17291Y1_000376-T1	TFCN17291Y1_010803-T1
TFCN17291Y1_005358-T1__TFCN17291Y1_012721-T1	NaN	NaN	NaN	NaN	NaN	NaN	NaN	NaN	GF00000838	Rhodotorula_mucilaginosa_TFCN_17-291Y-1.cds.fa_05297	Rhodotorula_mucilaginosa_TFCN_17-291Y-1.cds.fa_12521	NaN	NaN	NaN	NaN	NaN	NaN	NaN	NaN	TFCN17291Y1_005358-T1	TFCN17291Y1_012721-T1
TFCN17291Y1_005358-T1__TFCN17291Y1_012105-T1	NaN	NaN	NaN	NaN	NaN	NaN	NaN	NaN	GF00000838	Rhodotorula_mucilaginosa_TFCN_17-291Y-1.cds.fa_05297	Rhodotorula_mucilaginosa_TFCN_17-291Y-1.cds.fa_11928	NaN	NaN	NaN	NaN	NaN	NaN	NaN	NaN	TFCN17291Y1_005358-T1	TFCN17291Y1_012105-T1
TFCN17291Y1_012105-T1__TFCN17291Y1_012721-T1	NaN	NaN	NaN	NaN	NaN	NaN	NaN	NaN	GF00000838	Rhodotorula_mucilaginosa_TFCN_17-291Y-1.cds.fa_12521	Rhodotorula_mucilaginosa_TFCN_17-291Y-1.cds.fa_11928	NaN	NaN	NaN	NaN	NaN	NaN	NaN	NaN	TFCN17291Y1_012721-T1	TFCN17291Y1_012105-T1
TFCN17291Y1_004719-T1__TFCN17291Y1_009726-T1	NaN	NaN	NaN	NaN	NaN	NaN	NaN	NaN	GF00000841	Rhodotorula_mucilaginosa_TFCN_17-291Y-1.cds.fa_09603	Rhodotorula_mucilaginosa_TFCN_17-291Y-1.cds.fa_04671	NaN	NaN	NaN	NaN	NaN	NaN	NaN	NaN	TFCN17291Y1_009726-T1	TFCN17291Y1_004719-T1
TFCN17291Y1_003279-T1__TFCN17291Y1_009726-T1	NaN	NaN	NaN	NaN	NaN	NaN	NaN	NaN	GF00000841	Rhodotorula_mucilaginosa_TFCN_17-291Y-1.cds.fa_09603	Rhodotorula_mucilaginosa_TFCN_17-291Y-1.cds.fa_03246	NaN	NaN	NaN	NaN	NaN	NaN	NaN	NaN	TFCN17291Y1_009726-T1	TFCN17291Y1_003279-T1
TFCN17291Y1_003279-T1__TFCN17291Y1_004719-T1	NaN	NaN	NaN	NaN	NaN	NaN	NaN	NaN	GF00000841	Rhodotorula_mucilaginosa_TFCN_17-291Y-1.cds.fa_04671	Rhodotorula_mucilaginosa_TFCN_17-291Y-1.cds.fa_03246	NaN	NaN	NaN	NaN	NaN	NaN	NaN	NaN	TFCN17291Y1_004719-T1	TFCN17291Y1_003279-T1
TFCN17291Y1_011869-T1__TFCN17291Y1_012419-T1	NaN	NaN	NaN	NaN	NaN	NaN	NaN	NaN	GF00000846	Rhodotorula_mucilaginosa_TFCN_17-291Y-1.cds.fa_12230	Rhodotorula_mucilaginosa_TFCN_17-291Y-1.cds.fa_11702	NaN	NaN	NaN	NaN	NaN	NaN	NaN	NaN	TFCN17291Y1_012419-T1	TFCN17291Y1_011869-T1
TFCN17291Y1_012419-T1__TFCN17291Y1_012779-T1	NaN	NaN	NaN	NaN	NaN	NaN	NaN	NaN	GF00000846	Rhodotorula_mucilaginosa_TFCN_17-291Y-1.cds.fa_12230	Rhodotorula_mucilaginosa_TFCN_17-291Y-1.cds.fa_12579	NaN	NaN	NaN	NaN	NaN	NaN	NaN	NaN	TFCN17291Y1_012419-T1	TFCN17291Y1_012779-T1
TFCN17291Y1_011869-T1__TFCN17291Y1_012779-T1	NaN	NaN	NaN	NaN	NaN	NaN	NaN	NaN	GF00000846	Rhodotorula_mucilaginosa_TFCN_17-291Y-1.cds.fa_11702	Rhodotorula_mucilaginosa_TFCN_17-291Y-1.cds.fa_12579	NaN	NaN	NaN	NaN	NaN	NaN	NaN	NaN	TFCN17291Y1_011869-T1	TFCN17291Y1_012779-T1
TFCN17291Y1_001911-T1__TFCN17291Y1_010290-T1	NaN	NaN	NaN	NaN	NaN	NaN	NaN	NaN	GF00000850	Rhodotorula_mucilaginosa_TFCN_17-291Y-1.cds.fa_10156	Rhodotorula_mucilaginosa_TFCN_17-291Y-1.cds.fa_01901	NaN	NaN	NaN	NaN	NaN	NaN	NaN	NaN	TFCN17291Y1_010290-T1	TFCN17291Y1_001911-T1
TFCN17291Y1_001912-T1__TFCN17291Y1_010290-T1	NaN	NaN	NaN	NaN	NaN	NaN	NaN	NaN	GF00000850	Rhodotorula_mucilaginosa_TFCN_17-291Y-1.cds.fa_10156	Rhodotorula_mucilaginosa_TFCN_17-291Y-1.cds.fa_01902	NaN	NaN	NaN	NaN	NaN	NaN	NaN	NaN	TFCN17291Y1_010290-T1	TFCN17291Y1_001912-T1
TFCN17291Y1_001911-T1__TFCN17291Y1_001912-T1	NaN	NaN	NaN	NaN	NaN	NaN	NaN	NaN	GF00000850	Rhodotorula_mucilaginosa_TFCN_17-291Y-1.cds.fa_01901	Rhodotorula_mucilaginosa_TFCN_17-291Y-1.cds.fa_01902	NaN	NaN	NaN	NaN	NaN	NaN	NaN	NaN	TFCN17291Y1_001911-T1	TFCN17291Y1_001912-T1
TFCN17291Y1_011660-T1__TFCN17291Y1_011731-T1	NaN	NaN	NaN	NaN	NaN	NaN	NaN	NaN	GF00000853	Rhodotorula_mucilaginosa_TFCN_17-291Y-1.cds.fa_11565	Rhodotorula_mucilaginosa_TFCN_17-291Y-1.cds.fa_11495	NaN	NaN	NaN	NaN	NaN	NaN	NaN	NaN	TFCN17291Y1_011731-T1	TFCN17291Y1_011660-T1
TFCN17291Y1_011731-T1__TFCN17291Y1_011732-T1	NaN	NaN	NaN	NaN	NaN	NaN	NaN	NaN	GF00000853	Rhodotorula_mucilaginosa_TFCN_17-291Y-1.cds.fa_11565	Rhodotorula_mucilaginosa_TFCN_17-291Y-1.cds.fa_11566	NaN	NaN	NaN	NaN	NaN	NaN	NaN	NaN	TFCN17291Y1_011731-T1	TFCN17291Y1_011732-T1
TFCN17291Y1_011660-T1__TFCN17291Y1_011732-T1	NaN	NaN	NaN	NaN	NaN	NaN	NaN	NaN	GF00000853	Rhodotorula_mucilaginosa_TFCN_17-291Y-1.cds.fa_11495	Rhodotorula_mucilaginosa_TFCN_17-291Y-1.cds.fa_11566	NaN	NaN	NaN	NaN	NaN	NaN	NaN	NaN	TFCN17291Y1_011660-T1	TFCN17291Y1_011732-T1
TFCN17291Y1_011946-T1__TFCN17291Y1_012825-T1	NaN	NaN	NaN	NaN	NaN	NaN	NaN	NaN	GF00000861	Rhodotorula_mucilaginosa_TFCN_17-291Y-1.cds.fa_11776	Rhodotorula_mucilaginosa_TFCN_17-291Y-1.cds.fa_12625	NaN	NaN	NaN	NaN	NaN	NaN	NaN	NaN	TFCN17291Y1_011946-T1	TFCN17291Y1_012825-T1
TFCN17291Y1_011946-T1__TFCN17291Y1_012568-T1	NaN	NaN	NaN	NaN	NaN	NaN	NaN	NaN	GF00000861	Rhodotorula_mucilaginosa_TFCN_17-291Y-1.cds.fa_11776	Rhodotorula_mucilaginosa_TFCN_17-291Y-1.cds.fa_12371	NaN	NaN	NaN	NaN	NaN	NaN	NaN	NaN	TFCN17291Y1_011946-T1	TFCN17291Y1_012568-T1
TFCN17291Y1_012568-T1__TFCN17291Y1_012825-T1	NaN	NaN	NaN	NaN	NaN	NaN	NaN	NaN	GF00000861	Rhodotorula_mucilaginosa_TFCN_17-291Y-1.cds.fa_12625	Rhodotorula_mucilaginosa_TFCN_17-291Y-1.cds.fa_12371	NaN	NaN	NaN	NaN	NaN	NaN	NaN	NaN	TFCN17291Y1_012825-T1	TFCN17291Y1_012568-T1
TFCN17291Y1_002894-T1__TFCN17291Y1_006358-T1	NaN	NaN	NaN	NaN	NaN	NaN	NaN	NaN	GF00000863	Rhodotorula_mucilaginosa_TFCN_17-291Y-1.cds.fa_06285	Rhodotorula_mucilaginosa_TFCN_17-291Y-1.cds.fa_02863	NaN	NaN	NaN	NaN	NaN	NaN	NaN	NaN	TFCN17291Y1_006358-T1	TFCN17291Y1_002894-T1
TFCN17291Y1_002895-T1__TFCN17291Y1_006358-T1	NaN	NaN	NaN	NaN	NaN	NaN	NaN	NaN	GF00000863	Rhodotorula_mucilaginosa_TFCN_17-291Y-1.cds.fa_06285	Rhodotorula_mucilaginosa_TFCN_17-291Y-1.cds.fa_02864	NaN	NaN	NaN	NaN	NaN	NaN	NaN	NaN	TFCN17291Y1_006358-T1	TFCN17291Y1_002895-T1
TFCN17291Y1_002894-T1__TFCN17291Y1_002895-T1	NaN	NaN	NaN	NaN	NaN	NaN	NaN	NaN	GF00000863	Rhodotorula_mucilaginosa_TFCN_17-291Y-1.cds.fa_02863	Rhodotorula_mucilaginosa_TFCN_17-291Y-1.cds.fa_02864	NaN	NaN	NaN	NaN	NaN	NaN	NaN	NaN	TFCN17291Y1_002894-T1	TFCN17291Y1_002895-T1
TFCN17291Y1_010848-T1__TFCN17291Y1_012674-T1	NaN	NaN	NaN	NaN	NaN	NaN	NaN	NaN	GF00000881	Rhodotorula_mucilaginosa_TFCN_17-291Y-1.cds.fa_10709	Rhodotorula_mucilaginosa_TFCN_17-291Y-1.cds.fa_12475	NaN	NaN	NaN	NaN	NaN	NaN	NaN	NaN	TFCN17291Y1_010848-T1	TFCN17291Y1_012674-T1
TFCN17291Y1_010804-T1__TFCN17291Y1_010848-T1	NaN	NaN	NaN	NaN	NaN	NaN	NaN	NaN	GF00000881	Rhodotorula_mucilaginosa_TFCN_17-291Y-1.cds.fa_10709	Rhodotorula_mucilaginosa_TFCN_17-291Y-1.cds.fa_10667	NaN	NaN	NaN	NaN	NaN	NaN	NaN	NaN	TFCN17291Y1_010848-T1	TFCN17291Y1_010804-T1
TFCN17291Y1_010804-T1__TFCN17291Y1_012674-T1	NaN	NaN	NaN	NaN	NaN	NaN	NaN	NaN	GF00000881	Rhodotorula_mucilaginosa_TFCN_17-291Y-1.cds.fa_12475	Rhodotorula_mucilaginosa_TFCN_17-291Y-1.cds.fa_10667	NaN	NaN	NaN	NaN	NaN	NaN	NaN	NaN	TFCN17291Y1_012674-T1	TFCN17291Y1_010804-T1
TFCN17291Y1_003367-T1__TFCN17291Y1_011626-T1	NaN	NaN	NaN	NaN	NaN	NaN	NaN	NaN	GF00000890	Rhodotorula_mucilaginosa_TFCN_17-291Y-1.cds.fa_03334	Rhodotorula_mucilaginosa_TFCN_17-291Y-1.cds.fa_11461	NaN	NaN	NaN	NaN	NaN	NaN	NaN	NaN	TFCN17291Y1_003367-T1	TFCN17291Y1_011626-T1
TFCN17291Y1_003367-T1__TFCN17291Y1_010640-T1	NaN	NaN	NaN	NaN	NaN	NaN	NaN	NaN	GF00000890	Rhodotorula_mucilaginosa_TFCN_17-291Y-1.cds.fa_03334	Rhodotorula_mucilaginosa_TFCN_17-291Y-1.cds.fa_10503	NaN	NaN	NaN	NaN	NaN	NaN	NaN	NaN	TFCN17291Y1_003367-T1	TFCN17291Y1_010640-T1
TFCN17291Y1_010640-T1__TFCN17291Y1_011626-T1	NaN	NaN	NaN	NaN	NaN	NaN	NaN	NaN	GF00000890	Rhodotorula_mucilaginosa_TFCN_17-291Y-1.cds.fa_11461	Rhodotorula_mucilaginosa_TFCN_17-291Y-1.cds.fa_10503	NaN	NaN	NaN	NaN	NaN	NaN	NaN	NaN	TFCN17291Y1_011626-T1	TFCN17291Y1_010640-T1
TFCN17291Y1_012367-T1__TFCN17291Y1_012610-T1	NaN	NaN	NaN	NaN	NaN	NaN	NaN	NaN	GF00000893	Rhodotorula_mucilaginosa_TFCN_17-291Y-1.cds.fa_12180	Rhodotorula_mucilaginosa_TFCN_17-291Y-1.cds.fa_12413	NaN	NaN	NaN	NaN	NaN	NaN	NaN	NaN	TFCN17291Y1_012367-T1	TFCN17291Y1_012610-T1
TFCN17291Y1_012367-T1__TFCN17291Y1_012526-T1	NaN	NaN	NaN	NaN	NaN	NaN	NaN	NaN	GF00000893	Rhodotorula_mucilaginosa_TFCN_17-291Y-1.cds.fa_12180	Rhodotorula_mucilaginosa_TFCN_17-291Y-1.cds.fa_12332	NaN	NaN	NaN	NaN	NaN	NaN	NaN	NaN	TFCN17291Y1_012367-T1	TFCN17291Y1_012526-T1
TFCN17291Y1_012526-T1__TFCN17291Y1_012610-T1	NaN	NaN	NaN	NaN	NaN	NaN	NaN	NaN	GF00000893	Rhodotorula_mucilaginosa_TFCN_17-291Y-1.cds.fa_12413	Rhodotorula_mucilaginosa_TFCN_17-291Y-1.cds.fa_12332	NaN	NaN	NaN	NaN	NaN	NaN	NaN	NaN	TFCN17291Y1_012610-T1	TFCN17291Y1_012526-T1
TFCN17291Y1_006175-T1__TFCN17291Y1_010913-T1	NaN	NaN	NaN	NaN	NaN	NaN	NaN	NaN	GF00000897	Rhodotorula_mucilaginosa_TFCN_17-291Y-1.cds.fa_10771	Rhodotorula_mucilaginosa_TFCN_17-291Y-1.cds.fa_06103	NaN	NaN	NaN	NaN	NaN	NaN	NaN	NaN	TFCN17291Y1_010913-T1	TFCN17291Y1_006175-T1
TFCN17291Y1_006174-T1__TFCN17291Y1_010913-T1	NaN	NaN	NaN	NaN	NaN	NaN	NaN	NaN	GF00000897	Rhodotorula_mucilaginosa_TFCN_17-291Y-1.cds.fa_10771	Rhodotorula_mucilaginosa_TFCN_17-291Y-1.cds.fa_06102	NaN	NaN	NaN	NaN	NaN	NaN	NaN	NaN	TFCN17291Y1_010913-T1	TFCN17291Y1_006174-T1
TFCN17291Y1_006174-T1__TFCN17291Y1_006175-T1	NaN	NaN	NaN	NaN	NaN	NaN	NaN	NaN	GF00000897	Rhodotorula_mucilaginosa_TFCN_17-291Y-1.cds.fa_06103	Rhodotorula_mucilaginosa_TFCN_17-291Y-1.cds.fa_06102	NaN	NaN	NaN	NaN	NaN	NaN	NaN	NaN	TFCN17291Y1_006175-T1	TFCN17291Y1_006174-T1
TFCN17291Y1_000648-T1__TFCN17291Y1_011145-T1	NaN	NaN	NaN	NaN	NaN	NaN	NaN	NaN	GF00000900	Rhodotorula_mucilaginosa_TFCN_17-291Y-1.cds.fa_00640	Rhodotorula_mucilaginosa_TFCN_17-291Y-1.cds.fa_10998	NaN	NaN	NaN	NaN	NaN	NaN	NaN	NaN	TFCN17291Y1_000648-T1	TFCN17291Y1_011145-T1
TFCN17291Y1_000648-T1__TFCN17291Y1_012186-T1	NaN	NaN	NaN	NaN	NaN	NaN	NaN	NaN	GF00000900	Rhodotorula_mucilaginosa_TFCN_17-291Y-1.cds.fa_00640	Rhodotorula_mucilaginosa_TFCN_17-291Y-1.cds.fa_12004	NaN	NaN	NaN	NaN	NaN	NaN	NaN	NaN	TFCN17291Y1_000648-T1	TFCN17291Y1_012186-T1
TFCN17291Y1_011145-T1__TFCN17291Y1_012186-T1	NaN	NaN	NaN	NaN	NaN	NaN	NaN	NaN	GF00000900	Rhodotorula_mucilaginosa_TFCN_17-291Y-1.cds.fa_10998	Rhodotorula_mucilaginosa_TFCN_17-291Y-1.cds.fa_12004	NaN	NaN	NaN	NaN	NaN	NaN	NaN	NaN	TFCN17291Y1_011145-T1	TFCN17291Y1_012186-T1
TFCN17291Y1_008189-T1__TFCN17291Y1_012968-T1	NaN	NaN	NaN	NaN	NaN	NaN	NaN	NaN	GF00000901	Rhodotorula_mucilaginosa_TFCN_17-291Y-1.cds.fa_08087	Rhodotorula_mucilaginosa_TFCN_17-291Y-1.cds.fa_12755	NaN	NaN	NaN	NaN	NaN	NaN	NaN	NaN	TFCN17291Y1_008189-T1	TFCN17291Y1_012968-T1
TFCN17291Y1_008189-T1__TFCN17291Y1_013036-T1	NaN	NaN	NaN	NaN	NaN	NaN	NaN	NaN	GF00000901	Rhodotorula_mucilaginosa_TFCN_17-291Y-1.cds.fa_08087	Rhodotorula_mucilaginosa_TFCN_17-291Y-1.cds.fa_12814	NaN	NaN	NaN	NaN	NaN	NaN	NaN	NaN	TFCN17291Y1_008189-T1	TFCN17291Y1_013036-T1
TFCN17291Y1_012968-T1__TFCN17291Y1_013036-T1	NaN	NaN	NaN	NaN	NaN	NaN	NaN	NaN	GF00000901	Rhodotorula_mucilaginosa_TFCN_17-291Y-1.cds.fa_12755	Rhodotorula_mucilaginosa_TFCN_17-291Y-1.cds.fa_12814	NaN	NaN	NaN	NaN	NaN	NaN	NaN	NaN	TFCN17291Y1_012968-T1	TFCN17291Y1_013036-T1
