GF00000001	DBVPG3444_000336-T1, DBVPG3444_004071-T1, DBVPG3444_005958-T1, DBVPG3444_001963-T1, DBVPG3444_010421-T1, DBVPG3444_007572-T1, DBVPG3444_009636-T1, DBVPG3444_007208-T1, DBVPG3444_009441-T1, DBVPG3444_003438-T1, DBVPG3444_006069-T1, DBVPG3444_003494-T1, DBVPG3444_003895-T1, DBVPG3444_012098-T1, DBVPG3444_002777-T1, DBVPG3444_012315-T1, DBVPG3444_009953-T1, DBVPG3444_004966-T1, DBVPG3444_014453-T1, DBVPG3444_009458-T1, DBVPG3444_012015-T1, DBVPG3444_010666-T1, DBVPG3444_000374-T1, DBVPG3444_001628-T1, DBVPG3444_003325-T1, DBVPG3444_001972-T1, DBVPG3444_006679-T1, DBVPG3444_001262-T1, DBVPG3444_002748-T1, DBVPG3444_013581-T1, DBVPG3444_004466-T1, DBVPG3444_001829-T1, DBVPG3444_006935-T1, DBVPG3444_002243-T1, DBVPG3444_001874-T1, DBVPG3444_013225-T1, DBVPG3444_002303-T1, DBVPG3444_003129-T1, DBVPG3444_005459-T1, DBVPG3444_002776-T1, DBVPG3444_011045-T1, DBVPG3444_013385-T1, DBVPG3444_002778-T1, DBVPG3444_013342-T1, DBVPG3444_006321-T1, DBVPG3444_003258-T1, DBVPG3444_012805-T1, DBVPG3444_014615-T1, DBVPG3444_013092-T1, DBVPG3775_001381-T1, DBVPG3775_001425-T1, DBVPG3775_001810-T1, DBVPG3775_001966-T1, DBVPG3775_002135-T1, DBVPG3775_002229-T1, DBVPG3775_002302-T1, DBVPG3775_002446-T1, DBVPG3775_002948-T1, DBVPG3775_003090-T1, DBVPG3775_003289-T1, DBVPG3775_003641-T1, DBVPG3775_004107-T1, DBVPG3775_004108-T1, DBVPG3775_004113-T1, DBVPG3775_004163-T1, DBVPG3775_004535-T1, DBVPG3775_004694-T1, DBVPG3775_005192-T1, DBVPG3775_005505-T1, DBVPG3775_005743-T1, DBVPG3775_006170-T1, DBVPG3775_006852-T1, DBVPG3775_007352-T1
GF00000002	DBVPG3444_000352-T1, DBVPG3444_001992-T1, DBVPG3444_010612-T1, DBVPG3444_005149-T1, DBVPG3444_004418-T1, DBVPG3444_009716-T1, DBVPG3444_000448-T1, DBVPG3444_012771-T1, DBVPG3444_010003-T1, DBVPG3444_014075-T1, DBVPG3444_008264-T1, DBVPG3444_013118-T1, DBVPG3444_001582-T1, DBVPG3444_013899-T1, DBVPG3444_012038-T1, DBVPG3444_014360-T1, DBVPG3444_013727-T1, DBVPG3444_001142-T1, DBVPG3444_007033-T1, DBVPG3444_003569-T1, DBVPG3444_008006-T1, DBVPG3444_010338-T1, DBVPG3444_013591-T1, DBVPG3444_005143-T1, DBVPG3444_008773-T1, DBVPG3444_007188-T1, DBVPG3444_009654-T1, DBVPG3444_004414-T1, DBVPG3444_014451-T1, DBVPG3444_004969-T1, DBVPG3444_010120-T1, DBVPG3444_013732-T1, DBVPG3444_011283-T1, DBVPG3444_014727-T1, DBVPG3444_013527-T1, DBVPG3444_008919-T1, DBVPG3444_014608-T1, DBVPG3444_012571-T1, DBVPG3775_000664-T1, DBVPG3775_000970-T1, DBVPG3775_001585-T1, DBVPG3775_001734-T1, DBVPG3775_002304-T1, DBVPG3775_002352-T1, DBVPG3775_003112-T1, DBVPG3775_003791-T1, DBVPG3775_003935-T1, DBVPG3775_004025-T1, DBVPG3775_004132-T1, DBVPG3775_005071-T1, DBVPG3775_005929-T1, DBVPG3775_005934-T1, DBVPG3775_006694-T1, DBVPG3775_006745-T1, DBVPG3775_007074-T1
GF00000003	DBVPG3444_000037-T1, DBVPG3444_003373-T1, DBVPG3444_000628-T1, DBVPG3444_003077-T1, DBVPG3444_003078-T1, DBVPG3444_003103-T1, DBVPG3444_003080-T1, DBVPG3444_005420-T1, DBVPG3444_006890-T1, DBVPG3444_006892-T1, DBVPG3444_003102-T1, DBVPG3444_003079-T1, DBVPG3444_000737-T1, DBVPG3444_003081-T1, DBVPG3444_000938-T1, DBVPG3444_006891-T1, DBVPG3444_001093-T1, DBVPG3444_003059-T1, DBVPG3444_003107-T1, DBVPG3444_014247-T1, DBVPG3444_014515-T1, DBVPG3444_003104-T1, DBVPG3444_005439-T1, DBVPG3444_006834-T1, DBVPG3444_003106-T1, DBVPG3444_006889-T1, DBVPG3444_002292-T1, DBVPG3444_003105-T1, DBVPG3775_001472-T1, DBVPG3775_003651-T1, DBVPG3775_003768-T1, DBVPG3775_004916-T1, DBVPG3775_006423-T1, DBVPG3775_006424-T1, DBVPG3775_006425-T1, DBVPG3775_006426-T1, DBVPG3775_006578-T1, DBVPG3775_006825-T1, DBVPG3775_006826-T1, DBVPG3775_006827-T1, DBVPG3775_006828-T1, DBVPG3775_006829-T1, DBVPG3775_006830-T1, DBVPG3775_006864-T1, DBVPG3775_006865-T1, DBVPG3775_006866-T1, DBVPG3775_006886-T1, DBVPG3775_006887-T1, DBVPG3775_006888-T1, DBVPG3775_006889-T1, DBVPG3775_006890-T1
GF00000004	DBVPG3444_000049-T1, DBVPG3444_003361-T1, DBVPG3444_009882-T1, DBVPG3444_009649-T1, DBVPG3444_007195-T1, DBVPG3444_007524-T1, DBVPG3444_009348-T1, DBVPG3444_006143-T1, DBVPG3444_000639-T1, DBVPG3444_001154-T1, DBVPG3444_014119-T1, DBVPG3444_008680-T1, DBVPG3444_005678-T1, DBVPG3444_002950-T1, DBVPG3444_007676-T1, DBVPG3444_005496-T1, DBVPG3444_004853-T1, DBVPG3444_015026-T1, DBVPG3444_009195-T1, DBVPG3444_003513-T1, DBVPG3444_005986-T1, DBVPG3444_003911-T1, DBVPG3444_004987-T1, DBVPG3444_004068-T1, DBVPG3444_012802-T1, DBVPG3444_005498-T1, DBVPG3444_004855-T1, DBVPG3444_003099-T1, DBVPG3444_005436-T1, DBVPG3444_014776-T1, DBVPG3444_012595-T1, DBVPG3444_003912-T1, DBVPG3444_006379-T1, DBVPG3444_013511-T1, DBVPG3444_007523-T1, DBVPG3775_000601-T1, DBVPG3775_000606-T1, DBVPG3775_000792-T1, DBVPG3775_001963-T1, DBVPG3775_002321-T1, DBVPG3775_003371-T1, DBVPG3775_003779-T1, DBVPG3775_004127-T1, DBVPG3775_004636-T1, DBVPG3775_004989-T1, DBVPG3775_005602-T1, DBVPG3775_006265-T1, DBVPG3775_006438-T1, DBVPG3775_006626-T1, DBVPG3775_006758-T1, DBVPG3775_006822-T1
GF00000005	DBVPG3444_005793-T1, DBVPG3444_013177-T1, DBVPG3444_011817-T1, DBVPG3444_002732-T1, DBVPG3444_006291-T1, DBVPG3444_008071-T1, DBVPG3444_000330-T1, DBVPG3444_004077-T1, DBVPG3444_003768-T1, DBVPG3444_010352-T1, DBVPG3444_004887-T1, DBVPG3444_009912-T1, DBVPG3444_008992-T1, DBVPG3444_004881-T1, DBVPG3444_009906-T1, DBVPG3444_004689-T1, DBVPG3444_013530-T1, DBVPG3444_010123-T1, DBVPG3444_005381-T1, DBVPG3444_002106-T1, DBVPG3444_008937-T1, DBVPG3444_010780-T1, DBVPG3444_003638-T1, DBVPG3444_010449-T1, DBVPG3444_002942-T1, DBVPG3444_009202-T1, DBVPG3444_011932-T1, DBVPG3444_004503-T1, DBVPG3444_004271-T1, DBVPG3444_010717-T1, DBVPG3444_014050-T1, DBVPG3444_013531-T1, DBVPG3775_000661-T1, DBVPG3775_000981-T1, DBVPG3775_000995-T1, DBVPG3775_001148-T1, DBVPG3775_001513-T1, DBVPG3775_001597-T1, DBVPG3775_001603-T1, DBVPG3775_001720-T1, DBVPG3775_001973-T1, DBVPG3775_002174-T1, DBVPG3775_002215-T1, DBVPG3775_002507-T1, DBVPG3775_003948-T1, DBVPG3775_004799-T1, DBVPG3775_005374-T1, DBVPG3775_006140-T1, DBVPG3775_006618-T1
GF00000006	DBVPG3444_009361-T1, DBVPG3444_001541-T1, DBVPG3444_007508-T1, DBVPG3444_013880-T1, DBVPG3444_013373-T1, DBVPG3444_000297-T1, DBVPG3444_007715-T1, DBVPG3444_010068-T1, DBVPG3444_012035-T1, DBVPG3444_013828-T1, DBVPG3444_011211-T1, DBVPG3444_007911-T1, DBVPG3444_014475-T1, DBVPG3444_013212-T1, DBVPG3444_001948-T1, DBVPG3444_009661-T1, DBVPG3444_007798-T1, DBVPG3444_014398-T1, DBVPG3444_014399-T1, DBVPG3444_002652-T1, DBVPG3444_008025-T1, DBVPG3444_012331-T1, DBVPG3444_003135-T1, DBVPG3444_006192-T1, DBVPG3444_013559-T1, DBVPG3444_009826-T1, DBVPG3444_007970-T1, DBVPG3444_009311-T1, DBVPG3444_003590-T1, DBVPG3444_002577-T1, DBVPG3444_011741-T1, DBVPG3444_013969-T1, DBVPG3775_000122-T1, DBVPG3775_000709-T1, DBVPG3775_000760-T1, DBVPG3775_000898-T1, DBVPG3775_000949-T1, DBVPG3775_001085-T1, DBVPG3775_002004-T1, DBVPG3775_002963-T1, DBVPG3775_003862-T1, DBVPG3775_004172-T1, DBVPG3775_005307-T1, DBVPG3775_005618-T1, DBVPG3775_006739-T1, DBVPG3775_006748-T1, DBVPG3775_006799-T1, DBVPG3775_007532-T1
GF00000007	DBVPG3444_000298-T1, DBVPG3444_007716-T1, DBVPG3444_002825-T1, DBVPG3444_002396-T1, DBVPG3444_008802-T1, DBVPG3444_011615-T1, DBVPG3444_010302-T1, DBVPG3444_002765-T1, DBVPG3444_001805-T1, DBVPG3444_004443-T1, DBVPG3444_003270-T1, DBVPG3444_009884-T1, DBVPG3444_002949-T1, DBVPG3444_009196-T1, DBVPG3444_005580-T1, DBVPG3444_007285-T1, DBVPG3444_011813-T1, DBVPG3444_006946-T1, DBVPG3444_002728-T1, DBVPG3444_010214-T1, DBVPG3444_010164-T1, DBVPG3444_012009-T1, DBVPG3444_009451-T1, DBVPG3444_014658-T1, DBVPG3444_014564-T1, DBVPG3444_003770-T1, DBVPG3444_003771-T1, DBVPG3444_010354-T1, DBVPG3775_000052-T1, DBVPG3775_000354-T1, DBVPG3775_001448-T1, DBVPG3775_001717-T1, DBVPG3775_001718-T1, DBVPG3775_001799-T1, DBVPG3775_002003-T1, DBVPG3775_002128-T1, DBVPG3775_002787-T1, DBVPG3775_004678-T1, DBVPG3775_005370-T1, DBVPG3775_006267-T1, DBVPG3775_006624-T1, DBVPG3775_007119-T1
GF00000008	DBVPG3444_001876-T1, DBVPG3444_011551-T1, DBVPG3444_008124-T1, DBVPG3444_012725-T1, DBVPG3444_007495-T1, DBVPG3444_009345-T1, DBVPG3444_012730-T1, DBVPG3444_008114-T1, DBVPG3444_007529-T1, DBVPG3444_007530-T1, DBVPG3444_008123-T1, DBVPG3444_012582-T1, DBVPG3444_008762-T1, DBVPG3444_007496-T1, DBVPG3444_010144-T1, DBVPG3444_008110-T1, DBVPG3444_012729-T1, DBVPG3444_008122-T1, DBVPG3444_008111-T1, DBVPG3444_012821-T1, DBVPG3444_012731-T1, DBVPG3444_008117-T1, DBVPG3444_012822-T1, DBVPG3444_012670-T1, DBVPG3444_010145-T1, DBVPG3775_001378-T1, DBVPG3775_003924-T1, DBVPG3775_005565-T1, DBVPG3775_005573-T1, DBVPG3775_005574-T1, DBVPG3775_005575-T1, DBVPG3775_005579-T1, DBVPG3775_005582-T1, DBVPG3775_005584-T1, DBVPG3775_005585-T1, DBVPG3775_005586-T1, DBVPG3775_005596-T1, DBVPG3775_005597-T1, DBVPG3775_005628-T1, DBVPG3775_005629-T1, DBVPG3775_007341-T1, DBVPG3775_007342-T1
GF00000009	DBVPG3444_002492-T1, DBVPG3444_004629-T1, DBVPG3444_005836-T1, DBVPG3444_006423-T1, DBVPG3444_005837-T1, DBVPG3444_006417-T1, DBVPG3444_006426-T1, DBVPG3444_011483-T1, DBVPG3444_011472-T1, DBVPG3444_006445-T1, DBVPG3444_010662-T1, DBVPG3444_005848-T1, DBVPG3444_006425-T1, DBVPG3444_005849-T1, DBVPG3444_004630-T1, DBVPG3444_009384-T1, DBVPG3444_009386-T1, DBVPG3444_011482-T1, DBVPG3444_009385-T1, DBVPG3444_005850-T1, DBVPG3444_008421-T1, DBVPG3775_001053-T1, DBVPG3775_004364-T1, DBVPG3775_004365-T1, DBVPG3775_004366-T1, DBVPG3775_004367-T1, DBVPG3775_004368-T1, DBVPG3775_004388-T1, DBVPG3775_004389-T1, DBVPG3775_004391-T1, DBVPG3775_004397-T1, DBVPG3775_004440-T1, DBVPG3775_004441-T1, DBVPG3775_004452-T1, DBVPG3775_004453-T1, DBVPG3775_005712-T1, DBVPG3775_005713-T1, DBVPG3775_005714-T1, DBVPG3775_005715-T1
GF00000010	DBVPG3444_000284-T1, DBVPG3444_007703-T1, DBVPG3444_010411-T1, DBVPG3444_006049-T1, DBVPG3444_005834-T1, DBVPG3444_011486-T1, DBVPG3444_004247-T1, DBVPG3444_014923-T1, DBVPG3444_014073-T1, DBVPG3444_001683-T1, DBVPG3444_011218-T1, DBVPG3444_009618-T1, DBVPG3444_009936-T1, DBVPG3444_001152-T1, DBVPG3444_000641-T1, DBVPG3444_011197-T1, DBVPG3444_001778-T1, DBVPG3444_006582-T1, DBVPG3444_002623-T1, DBVPG3444_000696-T1, DBVPG3444_006875-T1, DBVPG3444_014941-T1, DBVPG3444_013462-T1, DBVPG3444_008967-T1, DBVPG3444_014940-T1, DBVPG3775_000746-T1, DBVPG3775_000867-T1, DBVPG3775_001752-T1, DBVPG3775_002017-T1, DBVPG3775_002532-T1, DBVPG3775_003035-T1, DBVPG3775_003309-T1, DBVPG3775_003781-T1, DBVPG3775_004455-T1, DBVPG3775_004768-T1, DBVPG3775_005244-T1, DBVPG3775_005784-T1
GF00000011	DBVPG3444_009482-T1, DBVPG3444_005177-T1, DBVPG3444_003736-T1, DBVPG3444_003737-T1, DBVPG3444_013994-T1, DBVPG3444_001331-T1, DBVPG3444_003172-T1, DBVPG3444_000744-T1, DBVPG3444_011542-T1, DBVPG3444_011992-T1, DBVPG3444_006161-T1, DBVPG3444_008566-T1, DBVPG3444_001296-T1, DBVPG3444_001332-T1, DBVPG3444_008565-T1, DBVPG3444_001297-T1, DBVPG3444_011529-T1, DBVPG3444_010811-T1, DBVPG3444_004369-T1, DBVPG3444_006634-T1, DBVPG3444_001298-T1, DBVPG3444_007262-T1, DBVPG3444_007242-T1, DBVPG3775_000020-T1, DBVPG3775_001365-T1, DBVPG3775_003582-T1, DBVPG3775_003583-T1, DBVPG3775_005271-T1, DBVPG3775_005521-T1, DBVPG3775_005883-T1, DBVPG3775_006206-T1, DBVPG3775_006207-T1, DBVPG3775_006585-T1, DBVPG3775_007174-T1
GF00000012	DBVPG3444_010805-T1, DBVPG3444_011521-T1, DBVPG3444_001747-T1, DBVPG3444_002457-T1, DBVPG3444_007122-T1, DBVPG3444_013565-T1, DBVPG3444_009466-T1, DBVPG3444_003520-T1, DBVPG3444_003918-T1, DBVPG3444_012991-T1, DBVPG3444_004747-T1, DBVPG3444_009997-T1, DBVPG3444_014705-T1, DBVPG3444_003246-T1, DBVPG3444_013405-T1, DBVPG3444_007175-T1, DBVPG3444_010682-T1, DBVPG3444_009739-T1, DBVPG3444_005261-T1, DBVPG3444_007688-T1, DBVPG3444_006391-T1, DBVPG3444_011020-T1, DBVPG3444_015009-T1, DBVPG3775_000780-T1, DBVPG3775_001312-T1, DBVPG3775_001822-T1, DBVPG3775_002144-T1, DBVPG3775_002394-T1, DBVPG3775_003365-T1, DBVPG3775_004031-T1, DBVPG3775_004148-T1, DBVPG3775_004951-T1, DBVPG3775_005480-T1, DBVPG3775_005529-T1
GF00000013	DBVPG3444_000041-T1, DBVPG3444_003369-T1, DBVPG3444_005563-T1, DBVPG3444_006902-T1, DBVPG3444_005452-T1, DBVPG3444_003122-T1, DBVPG3444_005976-T1, DBVPG3444_014869-T1, DBVPG3444_003955-T1, DBVPG3444_013705-T1, DBVPG3444_012182-T1, DBVPG3444_002016-T1, DBVPG3444_001188-T1, DBVPG3444_000604-T1, DBVPG3444_012704-T1, DBVPG3444_003754-T1, DBVPG3444_002976-T1, DBVPG3444_010703-T1, DBVPG3444_014715-T1, DBVPG3444_012959-T1, DBVPG3444_008269-T1, DBVPG3444_005975-T1, DBVPG3775_000220-T1, DBVPG3775_002880-T1, DBVPG3775_003138-T1, DBVPG3775_003600-T1, DBVPG3775_003743-T1, DBVPG3775_004518-T1, DBVPG3775_006430-T1, DBVPG3775_006795-T1, DBVPG3775_006844-T1, DBVPG3775_006854-T1, DBVPG3775_007229-T1
GF00000014	DBVPG3444_000334-T1, DBVPG3444_004073-T1, DBVPG3444_013182-T1, DBVPG3444_003830-T1, DBVPG3444_013254-T1, DBVPG3444_003888-T1, DBVPG3444_012651-T1, DBVPG3444_008376-T1, DBVPG3444_002191-T1, DBVPG3444_012425-T1, DBVPG3444_013754-T1, DBVPG3444_013756-T1, DBVPG3444_012695-T1, DBVPG3444_013757-T1, DBVPG3444_012697-T1, DBVPG3444_012696-T1, DBVPG3444_013973-T1, DBVPG3444_002656-T1, DBVPG3444_013255-T1, DBVPG3444_013755-T1, DBVPG3775_000902-T1, DBVPG3775_001968-T1, DBVPG3775_001969-T1, DBVPG3775_002547-T1, DBVPG3775_002548-T1, DBVPG3775_002549-T1, DBVPG3775_002633-T1, DBVPG3775_003491-T1, DBVPG3775_003530-T1, DBVPG3775_007393-T1
GF00000015	DBVPG3444_012178-T1, DBVPG3444_002012-T1, DBVPG3444_000648-T1, DBVPG3444_001925-T1, DBVPG3444_012294-T1, DBVPG3444_004949-T1, DBVPG3444_007561-T1, DBVPG3444_010869-T1, DBVPG3444_007233-T1, DBVPG3444_007271-T1, DBVPG3444_010873-T1, DBVPG3444_007565-T1, DBVPG3444_008435-T1, DBVPG3444_001569-T1, DBVPG3444_014812-T1, DBVPG3444_012744-T1, DBVPG3444_002894-T1, DBVPG3444_005865-T1, DBVPG3444_009429-T1, DBVPG3444_002790-T1, DBVPG3775_000011-T1, DBVPG3775_002242-T1, DBVPG3775_002284-T1, DBVPG3775_002987-T1, DBVPG3775_003133-T1, DBVPG3775_004425-T1, DBVPG3775_006042-T1, DBVPG3775_006046-T1, DBVPG3775_006709-T1, DBVPG3775_007551-T1
GF00000016	DBVPG3444_003312-T1, DBVPG3444_006914-T1, DBVPG3444_005550-T1, DBVPG3444_001642-T1, DBVPG3444_006444-T1, DBVPG3444_009622-T1, DBVPG3444_009931-T1, DBVPG3444_012942-T1, DBVPG3444_009387-T1, DBVPG3444_009930-T1, DBVPG3444_002928-T1, DBVPG3444_002667-T1, DBVPG3444_006137-T1, DBVPG3444_013645-T1, DBVPG3444_002668-T1, DBVPG3444_010595-T1, DBVPG3444_002929-T1, DBVPG3444_010593-T1, DBVPG3444_010594-T1, DBVPG3775_004369-T1, DBVPG3775_005206-T1, DBVPG3775_005788-T1, DBVPG3775_006461-T1, DBVPG3775_006604-T1, DBVPG3775_006605-T1, DBVPG3775_007217-T1, DBVPG3775_007366-T1, DBVPG3775_007367-T1, DBVPG3775_007368-T1
GF00000017	DBVPG3444_000256-T1, DBVPG3444_008184-T1, DBVPG3444_005660-T1, DBVPG3444_008693-T1, DBVPG3444_000951-T1, DBVPG3444_001080-T1, DBVPG3444_010710-T1, DBVPG3444_002969-T1, DBVPG3444_007739-T1, DBVPG3444_010841-T1, DBVPG3444_000993-T1, DBVPG3444_010283-T1, DBVPG3444_007116-T1, DBVPG3444_013470-T1, DBVPG3444_006010-T1, DBVPG3444_001032-T1, DBVPG3444_008564-T1, DBVPG3444_001299-T1, DBVPG3444_001330-T1, DBVPG3775_000227-T1, DBVPG3775_000339-T1, DBVPG3775_002045-T1, DBVPG3775_004659-T1, DBVPG3775_004856-T1, DBVPG3775_004903-T1, DBVPG3775_004957-T1, DBVPG3775_005006-T1, DBVPG3775_006208-T1
GF00000018	DBVPG3444_011155-T1, DBVPG3444_014763-T1, DBVPG3444_000700-T1, DBVPG3444_006872-T1, DBVPG3444_010433-T1, DBVPG3444_004010-T1, DBVPG3444_004009-T1, DBVPG3444_010434-T1, DBVPG3444_008016-T1, DBVPG3444_003580-T1, DBVPG3444_001709-T1, DBVPG3444_011193-T1, DBVPG3444_001774-T1, DBVPG3444_002414-T1, DBVPG3444_014470-T1, DBVPG3444_011159-T1, DBVPG3444_011156-T1, DBVPG3775_000922-T1, DBVPG3775_000923-T1, DBVPG3775_000926-T1, DBVPG3775_000959-T1, DBVPG3775_000979-T1, DBVPG3775_002364-T1, DBVPG3775_002438-T1, DBVPG3775_002935-T1, DBVPG3775_002936-T1, DBVPG3775_003039-T1
GF00000019	DBVPG3444_000291-T1, DBVPG3444_007710-T1, DBVPG3444_010171-T1, DBVPG3444_010222-T1, DBVPG3444_007599-T1, DBVPG3444_005930-T1, DBVPG3444_003848-T1, DBVPG3444_011587-T1, DBVPG3444_004784-T1, DBVPG3444_010952-T1, DBVPG3444_004812-T1, DBVPG3444_014495-T1, DBVPG3444_005602-T1, DBVPG3444_007304-T1, DBVPG3444_008133-T1, DBVPG3444_005598-T1, DBVPG3444_007301-T1, DBVPG3775_000070-T1, DBVPG3775_000073-T1, DBVPG3775_000646-T1, DBVPG3775_002010-T1, DBVPG3775_003512-T1, DBVPG3775_004564-T1, DBVPG3775_005564-T1, DBVPG3775_006246-T1, DBVPG3775_007111-T1
GF00000020	DBVPG3444_000845-T1, DBVPG3444_012609-T1, DBVPG3444_010106-T1, DBVPG3444_008291-T1, DBVPG3444_014324-T1, DBVPG3444_012852-T1, DBVPG3444_011963-T1, DBVPG3444_010272-T1, DBVPG3444_014348-T1, DBVPG3444_003634-T1, DBVPG3444_010453-T1, DBVPG3444_014347-T1, DBVPG3444_015084-T1, DBVPG3444_004766-T1, DBVPG3444_003769-T1, DBVPG3444_010353-T1, DBVPG3444_010969-T1, DBVPG3444_014931-T1, DBVPG3444_014066-T1, DBVPG3775_000677-T1, DBVPG3775_001251-T1, DBVPG3775_001509-T1, DBVPG3775_001719-T1, DBVPG3775_004497-T1, DBVPG3775_005432-T1, DBVPG3775_006228-T1
GF00000021	DBVPG3444_000084-T1, DBVPG3444_006692-T1, DBVPG3444_005596-T1, DBVPG3444_012054-T1, DBVPG3444_004351-T1, DBVPG3444_008309-T1, DBVPG3444_007299-T1, DBVPG3444_007211-T1, DBVPG3444_000710-T1, DBVPG3444_009989-T1, DBVPG3444_013000-T1, DBVPG3444_004088-T1, DBVPG3444_006862-T1, DBVPG3444_002536-T1, DBVPG3444_011222-T1, DBVPG3444_001687-T1, DBVPG3444_014432-T1, DBVPG3775_000068-T1, DBVPG3775_003889-T1, DBVPG3775_004041-T1, DBVPG3775_004212-T1, DBVPG3775_005248-T1, DBVPG3775_006550-T1, DBVPG3775_007311-T1, DBVPG3775_007478-T1
GF00000022	DBVPG3444_000183-T1, DBVPG3444_011243-T1, DBVPG3444_001789-T1, DBVPG3444_014413-T1, DBVPG3444_005553-T1, DBVPG3444_006910-T1, DBVPG3444_001533-T1, DBVPG3444_014536-T1, DBVPG3444_003479-T1, DBVPG3444_010857-T1, DBVPG3444_010715-T1, DBVPG3444_004273-T1, DBVPG3444_004649-T1, DBVPG3444_006797-T1, DBVPG3444_009832-T1, DBVPG3444_012213-T1, DBVPG3775_001464-T1, DBVPG3775_001893-T1, DBVPG3775_002118-T1, DBVPG3775_002468-T1, DBVPG3775_003247-T1, DBVPG3775_004801-T1, DBVPG3775_006805-T1, DBVPG3775_007221-T1
GF00000023	DBVPG3444_000368-T1, DBVPG3444_001978-T1, DBVPG3444_008538-T1, DBVPG3444_011890-T1, DBVPG3444_002374-T1, DBVPG3444_002846-T1, DBVPG3444_001266-T1, DBVPG3444_006683-T1, DBVPG3444_003872-T1, DBVPG3444_001315-T1, DBVPG3444_001960-T1, DBVPG3444_013222-T1, DBVPG3444_012601-T1, DBVPG3444_013782-T1, DBVPG3444_007133-T1, DBVPG3444_015087-T1, DBVPG3444_014048-T1, DBVPG3775_002812-T1, DBVPG3775_002951-T1, DBVPG3775_003096-T1, DBVPG3775_004329-T1, DBVPG3775_004630-T1, DBVPG3775_006174-T1, DBVPG3775_007584-T1
GF00000024	DBVPG3444_000086-T1, DBVPG3444_006695-T1, DBVPG3444_008126-T1, DBVPG3444_012824-T1, DBVPG3444_005680-T1, DBVPG3444_003243-T1, DBVPG3444_003989-T1, DBVPG3444_013838-T1, DBVPG3444_000384-T1, DBVPG3444_002089-T1, DBVPG3444_005363-T1, DBVPG3444_000877-T1, DBVPG3444_005282-T1, DBVPG3444_006191-T1, DBVPG3444_003136-T1, DBVPG3775_001167-T1, DBVPG3775_001288-T1, DBVPG3775_001825-T1, DBVPG3775_002916-T1, DBVPG3775_003081-T1, DBVPG3775_005306-T1, DBVPG3775_005571-T1, DBVPG3775_006977-T1
GF00000025	DBVPG3444_005064-T1, DBVPG3444_003190-T1, DBVPG3444_003563-T1, DBVPG3444_006295-T1, DBVPG3444_005212-T1, DBVPG3444_006947-T1, DBVPG3444_005328-T1, DBVPG3444_003272-T1, DBVPG3444_009150-T1, DBVPG3444_010328-T1, DBVPG3444_005327-T1, DBVPG3444_005213-T1, DBVPG3444_006296-T1, DBVPG3444_003271-T1, DBVPG3444_008926-T1, DBVPG3775_000990-T1, DBVPG3775_000991-T1, DBVPG3775_001797-T1, DBVPG3775_001798-T1, DBVPG3775_005455-T1, DBVPG3775_005995-T1, DBVPG3775_005996-T1, DBVPG3775_006335-T1
GF00000026	DBVPG3444_000252-T1, DBVPG3444_008180-T1, DBVPG3444_007580-T1, DBVPG3444_005949-T1, DBVPG3444_005075-T1, DBVPG3444_009141-T1, DBVPG3444_001519-T1, DBVPG3444_014487-T1, DBVPG3444_000262-T1, DBVPG3444_013792-T1, DBVPG3444_007640-T1, DBVPG3444_008057-T1, DBVPG3444_001139-T1, DBVPG3444_007036-T1, DBVPG3444_014929-T1, DBVPG3775_001907-T1, DBVPG3775_002039-T1, DBVPG3775_002049-T1, DBVPG3775_002738-T1, DBVPG3775_003794-T1, DBVPG3775_004544-T1, DBVPG3775_006324-T1
GF00000027	DBVPG3444_000522-T1, DBVPG3444_005646-T1, DBVPG3444_005582-T1, DBVPG3444_007287-T1, DBVPG3444_010896-T1, DBVPG3444_006470-T1, DBVPG3444_011126-T1, DBVPG3444_006330-T1, DBVPG3444_012135-T1, DBVPG3444_002354-T1, DBVPG3444_001657-T1, DBVPG3444_008359-T1, DBVPG3444_013620-T1, DBVPG3444_003299-T1, DBVPG3444_003298-T1, DBVPG3775_000054-T1, DBVPG3775_002869-T1, DBVPG3775_005020-T1, DBVPG3775_005220-T1, DBVPG3775_005649-T1, DBVPG3775_005752-T1, DBVPG3775_007131-T1
GF00000028	DBVPG3444_000027-T1, DBVPG3444_003388-T1, DBVPG3444_000033-T1, DBVPG3444_003377-T1, DBVPG3444_008875-T1, DBVPG3444_002459-T1, DBVPG3444_001749-T1, DBVPG3444_013058-T1, DBVPG3444_009784-T1, DBVPG3444_009590-T1, DBVPG3444_002040-T1, DBVPG3444_007923-T1, DBVPG3444_011662-T1, DBVPG3444_014152-T1, DBVPG3775_000374-T1, DBVPG3775_000721-T1, DBVPG3775_002392-T1, DBVPG3775_003162-T1, DBVPG3775_005346-T1, DBVPG3775_006413-T1, DBVPG3775_006419-T1
GF00000029	DBVPG3444_000091-T1, DBVPG3444_006698-T1, DBVPG3444_006364-T1, DBVPG3444_007663-T1, DBVPG3444_014097-T1, DBVPG3444_003661-T1, DBVPG3444_003660-T1, DBVPG3444_014096-T1, DBVPG3444_014098-T1, DBVPG3444_003663-T1, DBVPG3444_014762-T1, DBVPG3444_011157-T1, DBVPG3444_010622-T1, DBVPG3444_005158-T1, DBVPG3775_000805-T1, DBVPG3775_000924-T1, DBVPG3775_001536-T1, DBVPG3775_001537-T1, DBVPG3775_001539-T1, DBVPG3775_006982-T1, DBVPG3775_007083-T1
GF00000030	DBVPG3444_000219-T1, DBVPG3444_008154-T1, DBVPG3444_013681-T1, DBVPG3444_005577-T1, DBVPG3444_001311-T1, DBVPG3444_001319-T1, DBVPG3444_008552-T1, DBVPG3444_013682-T1, DBVPG3444_014584-T1, DBVPG3444_014588-T1, DBVPG3444_003113-T1, DBVPG3444_005444-T1, DBVPG3444_014466-T1, DBVPG3444_006285-T1, DBVPG3444_008076-T1, DBVPG3775_000049-T1, DBVPG3775_000502-T1, DBVPG3775_001000-T1, DBVPG3775_002083-T1, DBVPG3775_006221-T1, DBVPG3775_006836-T1
GF00000031	DBVPG3444_000299-T1, DBVPG3444_007717-T1, DBVPG3444_001577-T1, DBVPG3444_007719-T1, DBVPG3444_008427-T1, DBVPG3444_001578-T1, DBVPG3444_011612-T1, DBVPG3444_008426-T1, DBVPG3444_000302-T1, DBVPG3444_002469-T1, DBVPG3444_001756-T1, DBVPG3444_008805-T1, DBVPG3444_000301-T1, DBVPG3775_000357-T1, DBVPG3775_002000-T1, DBVPG3775_002002-T1, DBVPG3775_002382-T1, DBVPG3775_006698-T1, DBVPG3775_006699-T1, DBVPG3775_006700-T1, DBVPG3775_006701-T1
GF00000032	DBVPG3444_004385-T1, DBVPG3444_008837-T1, DBVPG3444_005181-T1, DBVPG3444_009486-T1, DBVPG3444_012486-T1, DBVPG3444_011298-T1, DBVPG3444_006514-T1, DBVPG3444_014390-T1, DBVPG3444_010374-T1, DBVPG3444_011179-T1, DBVPG3444_003556-T1, DBVPG3444_010393-T1, DBVPG3444_013428-T1, DBVPG3444_015042-T1, DBVPG3775_000527-T1, DBVPG3775_003328-T1, DBVPG3775_003330-T1, DBVPG3775_004277-T1, DBVPG3775_005887-T1, DBVPG3775_005902-T1, DBVPG3775_006341-T1
GF00000033	DBVPG3444_001449-T1, DBVPG3444_007867-T1, DBVPG3444_011547-T1, DBVPG3444_011987-T1, DBVPG3444_003886-T1, DBVPG3444_012653-T1, DBVPG3444_012145-T1, DBVPG3444_002343-T1, DBVPG3444_010050-T1, DBVPG3444_006395-T1, DBVPG3444_007918-T1, DBVPG3444_011657-T1, DBVPG3444_006394-T1, DBVPG3444_011658-T1, DBVPG3775_000716-T1, DBVPG3775_000776-T1, DBVPG3775_000777-T1, DBVPG3775_001370-T1, DBVPG3775_002859-T1, DBVPG3775_003489-T1, DBVPG3775_004002-T1
GF00000034	DBVPG3444_002943-T1, DBVPG3444_009201-T1, DBVPG3444_005082-T1, DBVPG3444_013295-T1, DBVPG3444_014104-T1, DBVPG3444_014548-T1, DBVPG3444_005226-T1, DBVPG3444_005313-T1, DBVPG3444_011783-T1, DBVPG3444_009107-T1, DBVPG3444_015047-T1, DBVPG3444_008268-T1, DBVPG3444_013114-T1, DBVPG3444_014852-T1, DBVPG3444_009898-T1, DBVPG3775_001589-T1, DBVPG3775_003674-T1, DBVPG3775_004622-T1, DBVPG3775_005981-T1, DBVPG3775_006317-T1, DBVPG3775_006619-T1
GF00000035	DBVPG3444_004781-T1, DBVPG3444_004772-T1, DBVPG3444_008193-T1, DBVPG3444_014656-T1, DBVPG3444_008194-T1, DBVPG3444_014644-T1, DBVPG3444_004782-T1, DBVPG3444_010954-T1, DBVPG3444_010955-T1, DBVPG3444_004773-T1, DBVPG3444_004780-T1, DBVPG3444_004774-T1, DBVPG3444_008195-T1, DBVPG3444_009540-T1, DBVPG3775_003416-T1, DBVPG3775_003417-T1, DBVPG3775_003418-T1, DBVPG3775_004141-T1, DBVPG3775_006243-T1, DBVPG3775_006244-T1, DBVPG3775_006249-T1
GF00000036	DBVPG3444_000113-T1, DBVPG3444_006721-T1, DBVPG3444_009708-T1, DBVPG3444_000456-T1, DBVPG3444_001994-T1, DBVPG3444_000369-T1, DBVPG3444_000350-T1, DBVPG3444_000349-T1, DBVPG3444_011913-T1, DBVPG3444_010032-T1, DBVPG3444_003940-T1, DBVPG3444_003540-T1, DBVPG3444_001977-T1, DBVPG3775_003095-T1, DBVPG3775_003114-T1, DBVPG3775_003115-T1, DBVPG3775_003344-T1, DBVPG3775_004061-T1, DBVPG3775_005080-T1, DBVPG3775_007004-T1
GF00000037	DBVPG3444_000357-T1, DBVPG3444_001988-T1, DBVPG3444_010186-T1, DBVPG3444_010238-T1, DBVPG3444_004823-T1, DBVPG3444_005468-T1, DBVPG3444_010395-T1, DBVPG3444_013426-T1, DBVPG3444_011680-T1, DBVPG3444_004163-T1, DBVPG3444_014516-T1, DBVPG3444_014248-T1, DBVPG3444_001783-T1, DBVPG3444_014419-T1, DBVPG3775_000636-T1, DBVPG3775_001471-T1, DBVPG3775_003107-T1, DBVPG3775_003326-T1, DBVPG3775_005872-T1, DBVPG3775_007096-T1
GF00000038	DBVPG3444_000137-T1, DBVPG3444_007389-T1, DBVPG3444_014065-T1, DBVPG3444_011962-T1, DBVPG3444_005931-T1, DBVPG3444_007598-T1, DBVPG3444_011919-T1, DBVPG3444_004512-T1, DBVPG3444_000283-T1, DBVPG3444_007702-T1, DBVPG3444_014756-T1, DBVPG3444_011427-T1, DBVPG3444_014404-T1, DBVPG3775_002018-T1, DBVPG3775_004563-T1, DBVPG3775_005431-T1, DBVPG3775_005960-T1, DBVPG3775_006128-T1, DBVPG3775_006647-T1
GF00000039	DBVPG3444_000200-T1, DBVPG3444_011258-T1, DBVPG3444_007485-T1, DBVPG3444_014766-T1, DBVPG3444_007223-T1, DBVPG3444_010038-T1, DBVPG3444_010033-T1, DBVPG3444_011914-T1, DBVPG3444_014191-T1, DBVPG3444_011619-T1, DBVPG3444_008858-T1, DBVPG3444_004557-T1, DBVPG3444_010209-T1, DBVPG3775_000350-T1, DBVPG3775_002101-T1, DBVPG3775_004055-T1, DBVPG3775_004060-T1, DBVPG3775_006531-T1, DBVPG3775_007326-T1
GF00000040	DBVPG3444_013812-T1, DBVPG3444_001393-T1, DBVPG3444_003024-T1, DBVPG3444_010836-T1, DBVPG3444_007744-T1, DBVPG3444_007186-T1, DBVPG3444_009657-T1, DBVPG3444_002981-T1, DBVPG3444_010698-T1, DBVPG3444_006577-T1, DBVPG3444_002628-T1, DBVPG3444_006482-T1, DBVPG3444_013811-T1, DBVPG3775_000170-T1, DBVPG3775_000215-T1, DBVPG3775_000333-T1, DBVPG3775_000872-T1, DBVPG3775_004136-T1, DBVPG3775_007143-T1
GF00000041	DBVPG3444_000723-T1, DBVPG3444_006849-T1, DBVPG3444_012947-T1, DBVPG3444_008712-T1, DBVPG3444_008711-T1, DBVPG3444_012948-T1, DBVPG3444_006848-T1, DBVPG3444_006203-T1, DBVPG3444_000829-T1, DBVPG3444_013356-T1, DBVPG3444_014181-T1, DBVPG3444_007531-T1, DBVPG3444_009344-T1, DBVPG3775_001234-T1, DBVPG3775_005321-T1, DBVPG3775_005595-T1, DBVPG3775_006563-T1, DBVPG3775_007033-T1, DBVPG3775_007034-T1
GF00000042	DBVPG3444_003194-T1, DBVPG3444_014585-T1, DBVPG3444_015013-T1, DBVPG3444_014973-T1, DBVPG3444_015044-T1, DBVPG3444_006519-T1, DBVPG3444_003195-T1, DBVPG3444_003196-T1, DBVPG3444_014134-T1, DBVPG3444_014870-T1, DBVPG3444_003509-T1, DBVPG3444_015016-T1, DBVPG3444_003508-T1, DBVPG3444_015017-T1, DBVPG3444_007832-T1, DBVPG3444_003197-T1, DBVPG3444_006508-T1, DBVPG3775_000475-T1, DBVPG3775_007556-T1
GF00000043	DBVPG3444_004983-T1, DBVPG3444_013514-T1, DBVPG3444_004984-T1, DBVPG3444_012351-T1, DBVPG3444_005000-T1, DBVPG3444_004995-T1, DBVPG3444_004996-T1, DBVPG3444_013858-T1, DBVPG3444_008995-T1, DBVPG3444_005118-T1, DBVPG3444_009167-T1, DBVPG3775_002317-T1, DBVPG3775_002318-T1, DBVPG3775_002327-T1, DBVPG3775_002328-T1, DBVPG3775_002333-T1, DBVPG3775_007125-T1, DBVPG3775_007571-T1, DBVPG3775_007573-T1
GF00000044	DBVPG3444_000265-T1, DBVPG3444_013796-T1, DBVPG3444_001524-T1, DBVPG3444_005539-T1, DBVPG3444_004209-T1, DBVPG3444_014486-T1, DBVPG3444_010232-T1, DBVPG3444_010179-T1, DBVPG3444_010180-T1, DBVPG3444_014491-T1, DBVPG3444_010230-T1, DBVPG3444_010231-T1, DBVPG3775_001902-T1, DBVPG3775_002036-T1, DBVPG3775_005827-T1, DBVPG3775_007101-T1, DBVPG3775_007102-T1, DBVPG3775_007103-T1
GF00000045	DBVPG3444_000281-T1, DBVPG3444_007700-T1, DBVPG3444_002538-T1, DBVPG3444_004086-T1, DBVPG3444_014357-T1, DBVPG3444_006024-T1, DBVPG3444_005749-T1, DBVPG3444_005486-T1, DBVPG3444_004846-T1, DBVPG3444_005001-T1, DBVPG3444_015039-T1, DBVPG3444_015089-T1, DBVPG3444_007783-T1, DBVPG3775_000293-T1, DBVPG3775_000613-T1, DBVPG3775_002020-T1, DBVPG3775_002218-T1, DBVPG3775_004210-T1
GF00000046	DBVPG3444_000446-T1, DBVPG3444_009717-T1, DBVPG3444_009061-T1, DBVPG3444_009613-T1, DBVPG3444_006534-T1, DBVPG3444_009060-T1, DBVPG3444_009612-T1, DBVPG3444_006533-T1, DBVPG3444_008867-T1, DBVPG3444_000447-T1, DBVPG3444_008866-T1, DBVPG3775_000387-T1, DBVPG3775_000388-T1, DBVPG3775_000460-T1, DBVPG3775_000461-T1, DBVPG3775_005070-T1, DBVPG3775_005779-T1, DBVPG3775_005780-T1
GF00000047	DBVPG3444_000461-T1, DBVPG3444_009704-T1, DBVPG3444_007779-T1, DBVPG3444_007850-T1, DBVPG3444_011374-T1, DBVPG3444_014352-T1, DBVPG3444_014627-T1, DBVPG3444_013750-T1, DBVPG3444_014654-T1, DBVPG3444_007183-T1, DBVPG3444_008649-T1, DBVPG3444_003973-T1, DBVPG3775_000298-T1, DBVPG3775_000564-T1, DBVPG3775_002898-T1, DBVPG3775_004139-T1, DBVPG3775_004293-T1, DBVPG3775_005085-T1
GF00000048	DBVPG3444_000908-T1, DBVPG3444_001123-T1, DBVPG3444_004867-T1, DBVPG3444_005509-T1, DBVPG3444_008005-T1, DBVPG3444_003568-T1, DBVPG3444_012456-T1, DBVPG3444_007256-T1, DBVPG3444_006495-T1, DBVPG3444_001702-T1, DBVPG3444_002408-T1, DBVPG3444_013201-T1, DBVPG3775_000026-T1, DBVPG3775_000589-T1, DBVPG3775_000971-T1, DBVPG3775_002444-T1, DBVPG3775_007156-T1, DBVPG3775_007415-T1
GF00000049	DBVPG3444_000311-T1, DBVPG3444_014042-T1, DBVPG3444_010042-T1, DBVPG3444_014195-T1, DBVPG3444_011361-T1, DBVPG3444_007837-T1, DBVPG3444_009100-T1, DBVPG3444_011958-T1, DBVPG3444_001969-T1, DBVPG3444_010428-T1, DBVPG3444_010427-T1, DBVPG3444_004016-T1, DBVPG3775_000578-T1, DBVPG3775_001989-T1, DBVPG3775_002558-T1, DBVPG3775_002941-T1, DBVPG3775_004051-T1
GF00000050	DBVPG3444_000759-T1, DBVPG3444_010985-T1, DBVPG3444_014639-T1, DBVPG3444_013692-T1, DBVPG3444_002490-T1, DBVPG3444_004131-T1, DBVPG3444_004974-T1, DBVPG3444_006034-T1, DBVPG3444_013521-T1, DBVPG3444_014638-T1, DBVPG3444_014238-T1, DBVPG3444_014511-T1, DBVPG3775_001055-T1, DBVPG3775_001479-T1, DBVPG3775_001480-T1, DBVPG3775_002309-T1, DBVPG3775_007424-T1
GF00000051	DBVPG3444_001367-T1, DBVPG3444_001370-T1, DBVPG3444_003001-T1, DBVPG3444_001371-T1, DBVPG3444_001369-T1, DBVPG3444_003003-T1, DBVPG3444_003002-T1, DBVPG3444_001368-T1, DBVPG3444_001373-T1, DBVPG3444_001372-T1, DBVPG3775_000190-T1, DBVPG3775_000191-T1, DBVPG3775_000192-T1, DBVPG3775_000193-T1, DBVPG3775_000194-T1, DBVPG3775_000195-T1, DBVPG3775_000196-T1
GF00000052	DBVPG3444_010895-T1, DBVPG3444_010471-T1, DBVPG3444_004972-T1, DBVPG3444_014505-T1, DBVPG3444_006471-T1, DBVPG3444_014836-T1, DBVPG3444_010155-T1, DBVPG3444_012660-T1, DBVPG3444_002757-T1, DBVPG3444_013853-T1, DBVPG3444_013523-T1, DBVPG3775_001489-T1, DBVPG3775_002307-T1, DBVPG3775_004685-T1, DBVPG3775_007132-T1, DBVPG3775_007331-T1
GF00000053	DBVPG3444_001600-T1, DBVPG3444_003350-T1, DBVPG3444_010149-T1, DBVPG3444_012666-T1, DBVPG3444_001838-T1, DBVPG3444_004475-T1, DBVPG3444_011972-T1, DBVPG3444_010261-T1, DBVPG3444_003630-T1, DBVPG3444_010458-T1, DBVPG3444_010459-T1, DBVPG3775_001416-T1, DBVPG3775_001505-T1, DBVPG3775_005166-T1, DBVPG3775_005441-T1, DBVPG3775_007337-T1
GF00000054	DBVPG3444_001802-T1, DBVPG3444_004440-T1, DBVPG3444_006505-T1, DBVPG3444_006510-T1, DBVPG3444_006998-T1, DBVPG3444_011456-T1, DBVPG3444_013211-T1, DBVPG3444_006932-T1, DBVPG3444_011501-T1, DBVPG3444_011626-T1, DBVPG3444_011125-T1, DBVPG3775_001451-T1, DBVPG3775_004734-T1, DBVPG3775_006928-T1, DBVPG3775_007199-T1, DBVPG3775_007594-T1
GF00000055	DBVPG3444_002169-T1, DBVPG3444_009228-T1, DBVPG3444_005527-T1, DBVPG3444_014571-T1, DBVPG3444_003254-T1, DBVPG3444_013413-T1, DBVPG3444_010014-T1, DBVPG3444_011895-T1, DBVPG3444_009981-T1, DBVPG3444_004223-T1, DBVPG3444_013440-T1, DBVPG3444_005528-T1, DBVPG3775_001814-T1, DBVPG3775_002655-T1, DBVPG3775_004080-T1, DBVPG3775_005815-T1
GF00000056	DBVPG3444_007527-T1, DBVPG3444_012728-T1, DBVPG3444_012732-T1, DBVPG3444_008109-T1, DBVPG3444_007528-T1, DBVPG3444_008119-T1, DBVPG3444_008120-T1, DBVPG3444_008121-T1, DBVPG3444_008113-T1, DBVPG3444_008112-T1, DBVPG3775_005576-T1, DBVPG3775_005577-T1, DBVPG3775_005583-T1, DBVPG3775_005587-T1, DBVPG3775_005598-T1, DBVPG3775_005599-T1
GF00000057	DBVPG3444_000255-T1, DBVPG3444_008183-T1, DBVPG3444_007347-T1, DBVPG3444_006550-T1, DBVPG3444_010505-T1, DBVPG3444_009355-T1, DBVPG3444_007516-T1, DBVPG3444_006626-T1, DBVPG3444_009792-T1, DBVPG3775_000444-T1, DBVPG3775_002046-T1, DBVPG3775_002710-T1, DBVPG3775_005609-T1, DBVPG3775_007165-T1, DBVPG3775_007598-T1
GF00000058	DBVPG3444_000025-T1, DBVPG3444_003386-T1, DBVPG3444_002605-T1, DBVPG3444_006601-T1, DBVPG3444_008639-T1, DBVPG3444_003981-T1, DBVPG3444_003840-T1, DBVPG3444_011595-T1, DBVPG3444_010297-T1, DBVPG3444_002769-T1, DBVPG3775_000849-T1, DBVPG3775_002908-T1, DBVPG3775_003520-T1, DBVPG3775_004673-T1, DBVPG3775_006411-T1
GF00000059	DBVPG3444_000258-T1, DBVPG3444_008186-T1, DBVPG3444_000292-T1, DBVPG3444_007711-T1, DBVPG3444_000259-T1, DBVPG3444_007712-T1, DBVPG3444_000293-T1, DBVPG3444_013789-T1, DBVPG3444_011715-T1, DBVPG3444_008722-T1, DBVPG3775_002008-T1, DBVPG3775_002009-T1, DBVPG3775_002042-T1, DBVPG3775_002043-T1, DBVPG3775_007023-T1
GF00000060	DBVPG3444_000318-T1, DBVPG3444_014036-T1, DBVPG3444_001993-T1, DBVPG3444_000351-T1, DBVPG3444_011846-T1, DBVPG3444_005972-T1, DBVPG3444_013887-T1, DBVPG3444_004759-T1, DBVPG3444_010935-T1, DBVPG3444_007060-T1, DBVPG3775_001982-T1, DBVPG3775_003113-T1, DBVPG3775_003819-T1, DBVPG3775_004521-T1, DBVPG3775_006937-T1
GF00000061	DBVPG3444_000605-T1, DBVPG3444_001187-T1, DBVPG3444_000608-T1, DBVPG3444_001184-T1, DBVPG3444_003147-T1, DBVPG3444_006181-T1, DBVPG3444_010289-T1, DBVPG3444_006166-T1, DBVPG3444_003177-T1, DBVPG3444_006015-T1, DBVPG3775_003744-T1, DBVPG3775_003747-T1, DBVPG3775_004665-T1, DBVPG3775_005266-T1, DBVPG3775_005295-T1
GF00000062	DBVPG3444_003627-T1, DBVPG3444_010462-T1, DBVPG3444_013117-T1, DBVPG3444_003418-T1, DBVPG3444_011831-T1, DBVPG3444_004899-T1, DBVPG3444_009925-T1, DBVPG3444_006293-T1, DBVPG3444_008069-T1, DBVPG3444_008265-T1, DBVPG3775_000993-T1, DBVPG3775_001502-T1, DBVPG3775_001586-T1, DBVPG3775_001616-T1, DBVPG3775_006953-T1
GF00000063	DBVPG3444_001227-T1, DBVPG3444_005762-T1, DBVPG3444_005761-T1, DBVPG3444_006023-T1, DBVPG3444_005747-T1, DBVPG3444_006022-T1, DBVPG3444_005760-T1, DBVPG3444_006038-T1, DBVPG3444_005748-T1, DBVPG3775_002205-T1, DBVPG3775_002206-T1, DBVPG3775_002207-T1, DBVPG3775_002219-T1, DBVPG3775_002220-T1, DBVPG3775_003704-T1
GF00000064	DBVPG3444_001530-T1, DBVPG3444_014480-T1, DBVPG3444_013203-T1, DBVPG3444_006497-T1, DBVPG3444_009992-T1, DBVPG3444_012996-T1, DBVPG3444_010197-T1, DBVPG3444_007472-T1, DBVPG3444_007090-T1, DBVPG3444_008674-T1, DBVPG3775_001896-T1, DBVPG3775_004037-T1, DBVPG3775_004982-T1, DBVPG3775_006518-T1, DBVPG3775_007158-T1
GF00000065	DBVPG3444_001605-T1, DBVPG3444_003345-T1, DBVPG3444_011148-T1, DBVPG3444_011093-T1, DBVPG3444_005007-T1, DBVPG3444_008094-T1, DBVPG3444_006267-T1, DBVPG3444_003482-T1, DBVPG3444_010853-T1, DBVPG3444_003612-T1, DBVPG3775_000287-T1, DBVPG3775_000915-T1, DBVPG3775_001018-T1, DBVPG3775_003244-T1, DBVPG3775_005171-T1
GF00000066	DBVPG3444_003465-T1, DBVPG3444_006087-T1, DBVPG3444_003469-T1, DBVPG3444_003468-T1, DBVPG3444_003476-T1, DBVPG3444_010860-T1, DBVPG3444_010867-T1, DBVPG3444_006090-T1, DBVPG3444_003467-T1, DBVPG3775_003251-T1, DBVPG3775_003258-T1, DBVPG3775_003259-T1, DBVPG3775_003260-T1, DBVPG3775_003261-T1, DBVPG3775_003263-T1
GF00000067	DBVPG3444_003643-T1, DBVPG3444_010266-T1, DBVPG3444_011967-T1, DBVPG3444_013392-T1, DBVPG3444_010470-T1, DBVPG3444_014506-T1, DBVPG3444_014504-T1, DBVPG3444_010472-T1, DBVPG3444_006526-T1, DBVPG3444_013655-T1, DBVPG3775_000467-T1, DBVPG3775_001488-T1, DBVPG3775_001490-T1, DBVPG3775_001518-T1, DBVPG3775_005436-T1
GF00000068	DBVPG3444_004314-T1, DBVPG3444_014265-T1, DBVPG3444_007174-T1, DBVPG3444_010681-T1, DBVPG3444_009080-T1, DBVPG3444_011939-T1, DBVPG3444_006532-T1, DBVPG3444_013660-T1, DBVPG3444_007366-T1, DBVPG3444_006535-T1, DBVPG3775_000459-T1, DBVPG3775_000462-T1, DBVPG3775_002577-T1, DBVPG3775_003851-T1, DBVPG3775_004149-T1
GF00000069	DBVPG3444_014230-T1, DBVPG3444_001018-T1, DBVPG3444_004302-T1, DBVPG3444_004289-T1, DBVPG3444_004301-T1, DBVPG3444_002427-T1, DBVPG3444_008227-T1, DBVPG3444_003669-T1, DBVPG3444_004303-T1, DBVPG3444_004304-T1, DBVPG3775_001546-T1, DBVPG3775_002425-T1, DBVPG3775_003841-T1, DBVPG3775_004842-T1
GF00000070	DBVPG3444_014820-T1, DBVPG3444_004359-T1, DBVPG3444_002611-T1, DBVPG3444_006594-T1, DBVPG3444_005558-T1, DBVPG3444_006905-T1, DBVPG3444_013737-T1, DBVPG3444_011496-T1, DBVPG3444_015082-T1, DBVPG3775_000855-T1, DBVPG3775_006027-T1, DBVPG3775_007226-T1, DBVPG3775_007562-T1, DBVPG3775_007595-T1
GF00000071	DBVPG3444_000314-T1, DBVPG3444_014039-T1, DBVPG3444_014894-T1, DBVPG3444_003731-T1, DBVPG3444_010586-T1, DBVPG3444_007577-T1, DBVPG3444_005953-T1, DBVPG3444_007967-T1, DBVPG3444_009315-T1, DBVPG3775_001088-T1, DBVPG3775_001986-T1, DBVPG3775_003576-T1, DBVPG3775_004540-T1, DBVPG3775_007455-T1
GF00000072	DBVPG3444_000546-T1, DBVPG3444_014681-T1, DBVPG3444_006144-T1, DBVPG3444_006255-T1, DBVPG3444_012891-T1, DBVPG3444_004960-T1, DBVPG3444_004959-T1, DBVPG3444_012890-T1, DBVPG3444_014661-T1, DBVPG3444_008104-T1, DBVPG3775_001027-T1, DBVPG3775_002294-T1, DBVPG3775_002295-T1, DBVPG3775_003686-T1
GF00000073	DBVPG3444_001596-T1, DBVPG3444_003354-T1, DBVPG3444_008737-T1, DBVPG3444_012841-T1, DBVPG3444_012229-T1, DBVPG3444_012290-T1, DBVPG3444_003475-T1, DBVPG3444_010861-T1, DBVPG3444_001597-T1, DBVPG3444_003353-T1, DBVPG3775_003252-T1, DBVPG3775_003900-T1, DBVPG3775_005163-T1, DBVPG3775_006910-T1
GF00000074	DBVPG3444_001826-T1, DBVPG3444_004464-T1, DBVPG3444_006491-T1, DBVPG3444_004465-T1, DBVPG3444_001827-T1, DBVPG3444_013197-T1, DBVPG3444_013196-T1, DBVPG3444_002205-T1, DBVPG3444_011749-T1, DBVPG3444_001828-T1, DBVPG3775_001426-T1, DBVPG3775_001427-T1, DBVPG3775_002618-T1, DBVPG3775_007152-T1
GF00000075	DBVPG3444_002118-T1, DBVPG3444_005394-T1, DBVPG3444_009340-T1, DBVPG3444_002142-T1, DBVPG3444_002143-T1, DBVPG3444_009339-T1, DBVPG3444_009414-T1, DBVPG3444_002806-T1, DBVPG3444_002119-T1, DBVPG3444_005395-T1, DBVPG3775_001112-T1, DBVPG3775_001113-T1, DBVPG3775_001136-T1, DBVPG3775_002257-T1
GF00000076	DBVPG3444_000004-T1, DBVPG3444_003411-T1, DBVPG3444_010971-T1, DBVPG3444_004764-T1, DBVPG3444_014844-T1, DBVPG3444_014842-T1, DBVPG3444_014843-T1, DBVPG3444_011851-T1, DBVPG3775_006224-T1, DBVPG3775_006225-T1, DBVPG3775_006226-T1, DBVPG3775_006932-T1, DBVPG3775_006959-T1
GF00000077	DBVPG3444_000064-T1, DBVPG3444_011392-T1, DBVPG3444_003765-T1, DBVPG3444_010349-T1, DBVPG3444_003766-T1, DBVPG3444_010350-T1, DBVPG3444_003813-T1, DBVPG3444_012371-T1, DBVPG3444_014649-T1, DBVPG3775_001677-T1, DBVPG3775_001722-T1, DBVPG3775_001723-T1, DBVPG3775_006452-T1
GF00000078	DBVPG3444_000212-T1, DBVPG3444_013312-T1, DBVPG3444_008510-T1, DBVPG3444_008518-T1, DBVPG3444_014113-T1, DBVPG3444_013742-T1, DBVPG3444_013741-T1, DBVPG3444_006382-T1, DBVPG3444_007679-T1, DBVPG3775_000789-T1, DBVPG3775_002090-T1, DBVPG3775_004300-T1, DBVPG3775_004308-T1
GF00000079	DBVPG3444_000528-T1, DBVPG3444_005640-T1, DBVPG3444_008317-T1, DBVPG3444_004343-T1, DBVPG3444_000649-T1, DBVPG3444_001914-T1, DBVPG3444_000658-T1, DBVPG3444_001924-T1, DBVPG3444_001923-T1, DBVPG3775_002988-T1, DBVPG3775_002997-T1, DBVPG3775_003881-T1, DBVPG3775_005026-T1
GF00000080	DBVPG3444_000602-T1, DBVPG3444_005954-T1, DBVPG3444_007576-T1, DBVPG3444_012324-T1, DBVPG3444_009964-T1, DBVPG3444_007575-T1, DBVPG3444_005955-T1, DBVPG3444_009681-T1, DBVPG3444_007817-T1, DBVPG3775_000103-T1, DBVPG3775_004097-T1, DBVPG3775_004538-T1, DBVPG3775_004539-T1
GF00000081	DBVPG3444_001308-T1, DBVPG3444_001322-T1, DBVPG3444_008556-T1, DBVPG3444_012514-T1, DBVPG3444_009764-T1, DBVPG3444_008307-T1, DBVPG3444_004353-T1, DBVPG3444_010628-T1, DBVPG3444_005164-T1, DBVPG3775_003891-T1, DBVPG3775_005324-T1, DBVPG3775_006216-T1, DBVPG3775_007089-T1
GF00000082	DBVPG3444_002050-T1, DBVPG3444_009580-T1, DBVPG3444_002051-T1, DBVPG3444_013951-T1, DBVPG3444_012965-T1, DBVPG3444_006565-T1, DBVPG3444_007332-T1, DBVPG3444_011646-T1, DBVPG3444_010481-T1, DBVPG3775_000429-T1, DBVPG3775_003172-T1, DBVPG3775_006788-T1, DBVPG3775_007233-T1
GF00000083	DBVPG3444_002320-T1, DBVPG3444_002870-T1, DBVPG3444_002869-T1, DBVPG3444_012869-T1, DBVPG3444_012056-T1, DBVPG3444_007209-T1, DBVPG3444_012710-T1, DBVPG3444_013157-T1, DBVPG3444_015025-T1, DBVPG3444_014996-T1, DBVPG3775_002835-T1, DBVPG3775_003607-T1, DBVPG3775_007309-T1
GF00000084	DBVPG3444_003204-T1, DBVPG3444_006345-T1, DBVPG3444_006344-T1, DBVPG3444_006311-T1, DBVPG3444_006310-T1, DBVPG3444_012617-T1, DBVPG3444_009944-T1, DBVPG3775_000685-T1, DBVPG3775_001866-T1, DBVPG3775_005735-T1, DBVPG3775_005736-T1, DBVPG3775_005769-T1, DBVPG3775_005770-T1
GF00000085	DBVPG3444_003216-T1, DBVPG3444_003222-T1, DBVPG3444_003233-T1, DBVPG3444_003234-T1, DBVPG3444_005681-T1, DBVPG3444_005682-T1, DBVPG3444_003242-T1, DBVPG3444_005701-T1, DBVPG3775_001826-T1, DBVPG3775_001835-T1, DBVPG3775_001836-T1, DBVPG3775_001847-T1, DBVPG3775_001853-T1
GF00000086	DBVPG3444_014402-T1, DBVPG3444_015041-T1, DBVPG3444_003594-T1, DBVPG3444_013140-T1, DBVPG3444_008028-T1, DBVPG3444_009842-T1, DBVPG3444_015064-T1, DBVPG3444_005163-T1, DBVPG3444_010627-T1, DBVPG3444_013826-T1, DBVPG3775_000946-T1, DBVPG3775_004260-T1, DBVPG3775_007088-T1
GF00000087	DBVPG3444_004790-T1, DBVPG3444_009871-T1, DBVPG3444_009870-T1, DBVPG3444_012462-T1, DBVPG3444_007249-T1, DBVPG3444_008545-T1, DBVPG3444_011892-T1, DBVPG3444_012463-T1, DBVPG3775_000032-T1, DBVPG3775_000033-T1, DBVPG3775_004335-T1, DBVPG3775_006254-T1, DBVPG3775_006255-T1
GF00000088	DBVPG3444_006993-T1, DBVPG3444_011452-T1, DBVPG3444_012357-T1, DBVPG3444_013100-T1, DBVPG3444_008501-T1, DBVPG3444_008500-T1, DBVPG3444_013101-T1, DBVPG3444_011268-T1, DBVPG3444_011269-T1, DBVPG3775_002338-T1, DBVPG3775_004729-T1, DBVPG3775_005391-T1, DBVPG3775_005392-T1
GF00000089	DBVPG3444_011005-T1, DBVPG3444_012809-T1, DBVPG3444_011006-T1, DBVPG3444_012811-T1, DBVPG3444_011010-T1, DBVPG3444_011007-T1, DBVPG3444_012812-T1, DBVPG3444_012810-T1, DBVPG3775_007270-T1, DBVPG3775_007271-T1, DBVPG3775_007272-T1, DBVPG3775_007273-T1, DBVPG3775_007276-T1
GF00000090	DBVPG3444_000003-T1, DBVPG3444_003410-T1, DBVPG3444_000740-T1, DBVPG3444_013998-T1, DBVPG3444_012068-T1, DBVPG3444_010563-T1, DBVPG3444_000739-T1, DBVPG3444_006832-T1, DBVPG3775_003439-T1, DBVPG3775_006580-T1, DBVPG3775_006581-T1, DBVPG3775_006958-T1
GF00000091	DBVPG3444_000233-T1, DBVPG3444_008165-T1, DBVPG3444_000257-T1, DBVPG3444_008185-T1, DBVPG3444_011600-T1, DBVPG3444_008880-T1, DBVPG3444_009252-T1, DBVPG3444_000491-T1, DBVPG3775_000368-T1, DBVPG3775_002044-T1, DBVPG3775_002067-T1, DBVPG3775_005115-T1
GF00000092	DBVPG3444_000307-T1, DBVPG3444_007728-T1, DBVPG3444_007727-T1, DBVPG3444_004962-T1, DBVPG3444_012893-T1, DBVPG3444_012895-T1, DBVPG3444_000591-T1, DBVPG3444_001199-T1, DBVPG3775_001993-T1, DBVPG3775_002297-T1, DBVPG3775_002299-T1, DBVPG3775_003732-T1
GF00000093	DBVPG3444_000391-T1, DBVPG3444_004563-T1, DBVPG3444_001274-T1, DBVPG3444_001354-T1, DBVPG3444_002773-T1, DBVPG3444_005740-T1, DBVPG3444_001157-T1, DBVPG3444_000636-T1, DBVPG3775_002226-T1, DBVPG3775_003075-T1, DBVPG3775_003776-T1, DBVPG3775_006182-T1
GF00000094	DBVPG3444_000425-T1, DBVPG3444_004599-T1, DBVPG3444_013490-T1, DBVPG3444_013359-T1, DBVPG3444_014184-T1, DBVPG3444_008486-T1, DBVPG3444_004140-T1, DBVPG3444_007990-T1, DBVPG3775_001065-T1, DBVPG3775_005050-T1, DBVPG3775_005318-T1, DBVPG3775_005407-T1
GF00000095	DBVPG3444_000597-T1, DBVPG3444_001193-T1, DBVPG3444_004761-T1, DBVPG3444_011848-T1, DBVPG3444_003903-T1, DBVPG3444_003502-T1, DBVPG3444_001189-T1, DBVPG3444_000601-T1, DBVPG3775_003379-T1, DBVPG3775_003738-T1, DBVPG3775_003742-T1, DBVPG3775_006935-T1
GF00000096	DBVPG3444_000476-T1, DBVPG3444_009238-T1, DBVPG3444_001148-T1, DBVPG3444_005262-T1, DBVPG3444_009738-T1, DBVPG3444_014771-T1, DBVPG3444_011510-T1, DBVPG3444_010794-T1, DBVPG3775_001311-T1, DBVPG3775_003785-T1, DBVPG3775_005101-T1, DBVPG3775_005540-T1
GF00000097	DBVPG3444_000488-T1, DBVPG3444_009249-T1, DBVPG3444_006389-T1, DBVPG3444_007686-T1, DBVPG3444_006812-T1, DBVPG3444_004664-T1, DBVPG3444_001141-T1, DBVPG3444_007034-T1, DBVPG3775_000782-T1, DBVPG3775_002483-T1, DBVPG3775_003792-T1, DBVPG3775_005112-T1
GF00000098	DBVPG3444_000570-T1, DBVPG3444_001220-T1, DBVPG3444_008975-T1, DBVPG3444_011857-T1, DBVPG3444_008973-T1, DBVPG3444_011855-T1, DBVPG3444_011866-T1, DBVPG3444_008982-T1, DBVPG3775_002517-T1, DBVPG3775_002524-T1, DBVPG3775_002526-T1, DBVPG3775_003711-T1
GF00000099	DBVPG3444_000583-T1, DBVPG3444_001207-T1, DBVPG3444_012480-T1, DBVPG3444_012390-T1, DBVPG3444_008852-T1, DBVPG3444_007734-T1, DBVPG3444_007218-T1, DBVPG3444_012046-T1, DBVPG3775_000344-T1, DBVPG3775_003724-T1, DBVPG3775_004339-T1, DBVPG3775_007319-T1
GF00000100	DBVPG3444_000588-T1, DBVPG3444_001202-T1, DBVPG3444_010177-T1, DBVPG3444_010228-T1, DBVPG3444_009861-T1, DBVPG3444_011779-T1, DBVPG3444_006819-T1, DBVPG3444_004671-T1, DBVPG3775_002490-T1, DBVPG3775_003729-T1, DBVPG3775_004242-T1, DBVPG3775_007105-T1
GF00000101	DBVPG3444_000600-T1, DBVPG3444_001190-T1, DBVPG3444_006223-T1, DBVPG3444_000807-T1, DBVPG3444_006222-T1, DBVPG3444_006224-T1, DBVPG3444_000809-T1, DBVPG3444_000808-T1, DBVPG3775_001214-T1, DBVPG3775_001215-T1, DBVPG3775_001216-T1, DBVPG3775_003741-T1
GF00000102	DBVPG3444_008285-T1, DBVPG3444_012640-T1, DBVPG3444_001522-T1, DBVPG3444_014489-T1, DBVPG3444_014490-T1, DBVPG3444_001523-T1, DBVPG3444_010599-T1, DBVPG3444_013641-T1, DBVPG3775_001903-T1, DBVPG3775_001904-T1, DBVPG3775_004502-T1, DBVPG3775_007362-T1
GF00000103	DBVPG3444_001143-T1, DBVPG3444_007032-T1, DBVPG3444_005611-T1, DBVPG3444_007313-T1, DBVPG3444_009037-T1, DBVPG3444_008782-T1, DBVPG3444_005023-T1, DBVPG3444_011076-T1, DBVPG3775_000082-T1, DBVPG3775_000269-T1, DBVPG3775_000411-T1, DBVPG3775_003790-T1
GF00000104	DBVPG3444_001588-T1, DBVPG3444_006486-T1, DBVPG3444_013817-T1, DBVPG3444_013193-T1, DBVPG3444_001589-T1, DBVPG3444_006488-T1, DBVPG3444_010913-T1, DBVPG3444_006487-T1, DBVPG3775_005156-T1, DBVPG3775_005157-T1, DBVPG3775_007148-T1, DBVPG3775_007149-T1
GF00000105	DBVPG3444_001712-T1, DBVPG3444_002417-T1, DBVPG3444_004840-T1, DBVPG3444_005481-T1, DBVPG3444_005485-T1, DBVPG3444_004844-T1, DBVPG3444_001713-T1, DBVPG3444_004845-T1, DBVPG3775_000614-T1, DBVPG3775_000615-T1, DBVPG3775_000619-T1, DBVPG3775_002435-T1
GF00000106	DBVPG3444_002061-T1, DBVPG3444_003699-T1, DBVPG3444_009510-T1, DBVPG3444_005790-T1, DBVPG3444_013174-T1, DBVPG3444_013863-T1, DBVPG3444_013810-T1, DBVPG3444_006481-T1, DBVPG3775_002177-T1, DBVPG3775_003182-T1, DBVPG3775_003544-T1, DBVPG3775_007142-T1
GF00000107	DBVPG3444_002379-T1, DBVPG3444_002841-T1, DBVPG3444_003575-T1, DBVPG3444_008011-T1, DBVPG3444_003095-T1, DBVPG3444_005432-T1, DBVPG3444_005658-T1, DBVPG3444_008691-T1, DBVPG3775_000964-T1, DBVPG3775_002807-T1, DBVPG3775_005008-T1, DBVPG3775_006818-T1
GF00000108	DBVPG3444_002564-T1, DBVPG3444_002567-T1, DBVPG3444_002568-T1, DBVPG3444_011733-T1, DBVPG3444_002566-T1, DBVPG3444_011732-T1, DBVPG3444_002565-T1, DBVPG3775_004181-T1, DBVPG3775_004182-T1, DBVPG3775_004183-T1, DBVPG3775_004184-T1, DBVPG3775_004185-T1
GF00000109	DBVPG3444_002598-T1, DBVPG3444_006608-T1, DBVPG3444_006278-T1, DBVPG3444_008083-T1, DBVPG3444_003996-T1, DBVPG3444_009655-T1, DBVPG3444_012905-T1, DBVPG3444_007187-T1, DBVPG3775_000842-T1, DBVPG3775_001007-T1, DBVPG3775_002923-T1, DBVPG3775_004133-T1
GF00000110	DBVPG3444_004977-T1, DBVPG3444_013518-T1, DBVPG3444_004979-T1, DBVPG3444_013859-T1, DBVPG3444_004993-T1, DBVPG3444_004994-T1, DBVPG3444_004978-T1, DBVPG3444_004992-T1, DBVPG3444_013860-T1, DBVPG3775_002312-T1, DBVPG3775_002313-T1, DBVPG3775_002326-T1
GF00000111	DBVPG3444_008796-T1, DBVPG3444_009049-T1, DBVPG3444_011607-T1, DBVPG3444_008810-T1, DBVPG3444_009050-T1, DBVPG3444_008797-T1, DBVPG3444_008809-T1, DBVPG3444_011608-T1, DBVPG3775_000360-T1, DBVPG3775_000361-T1, DBVPG3775_000398-T1, DBVPG3775_000399-T1
GF00000112	DBVPG3444_010486-T1, DBVPG3444_010488-T1, DBVPG3444_011643-T1, DBVPG3444_011642-T1, DBVPG3444_010489-T1, DBVPG3444_010487-T1, DBVPG3775_007238-T1, DBVPG3775_007239-T1, DBVPG3775_007240-T1, DBVPG3775_007241-T1, DBVPG3775_007242-T1, DBVPG3775_007243-T1
GF00000113	DBVPG3444_012171-T1, DBVPG3444_014804-T1, DBVPG3444_012172-T1, DBVPG3444_014805-T1, DBVPG3444_015012-T1, DBVPG3775_001336-T1, DBVPG3775_001337-T1, DBVPG3775_001338-T1, DBVPG3775_001339-T1, DBVPG3444_014806-T1, DBVPG3775_005668-T1, DBVPG3775_005669-T1
GF00000114	DBVPG3444_000007-T1, DBVPG3444_003405-T1, DBVPG3444_011830-T1, DBVPG3444_003407-T1, DBVPG3444_003404-T1, DBVPG3444_000008-T1, DBVPG3444_003406-T1, DBVPG3775_006954-T1, DBVPG3775_006962-T1, DBVPG3775_006963-T1, DBVPG3775_006964-T1
GF00000115	DBVPG3444_000455-T1, DBVPG3444_009709-T1, DBVPG3444_001887-T1, DBVPG3444_011266-T1, DBVPG3444_012355-T1, DBVPG3444_000685-T1, DBVPG3444_012354-T1, DBVPG3775_002336-T1, DBVPG3775_003024-T1, DBVPG3775_005078-T1, DBVPG3775_005079-T1
GF00000116	DBVPG3444_000968-T1, DBVPG3444_001060-T1, DBVPG3444_004710-T1, DBVPG3444_013479-T1, DBVPG3444_013478-T1, DBVPG3444_004281-T1, DBVPG3444_004282-T1, DBVPG3444_004283-T1, DBVPG3775_004809-T1, DBVPG3775_004810-T1, DBVPG3775_004882-T1
GF00000117	DBVPG3444_001309-T1, DBVPG3444_001321-T1, DBVPG3444_008555-T1, DBVPG3444_001310-T1, DBVPG3444_001320-T1, DBVPG3444_008553-T1, DBVPG3444_008554-T1, DBVPG3775_006217-T1, DBVPG3775_006218-T1, DBVPG3775_006219-T1, DBVPG3775_006220-T1
GF00000118	DBVPG3444_001410-T1, DBVPG3444_003042-T1, DBVPG3444_013647-T1, DBVPG3444_010601-T1, DBVPG3444_013639-T1, DBVPG3444_010590-T1, DBVPG3444_010591-T1, DBVPG3775_000153-T1, DBVPG3775_007360-T1, DBVPG3775_007451-T1, DBVPG3775_007452-T1
GF00000119	DBVPG3444_001487-T1, DBVPG3444_004045-T1, DBVPG3444_002279-T1, DBVPG3444_002265-T1, DBVPG3444_002505-T1, DBVPG3444_004118-T1, DBVPG3444_009078-T1, DBVPG3775_001041-T1, DBVPG3775_001939-T1, DBVPG3775_002579-T1, DBVPG3775_003664-T1
GF00000120	DBVPG3444_001725-T1, DBVPG3444_002432-T1, DBVPG3444_004339-T1, DBVPG3444_008321-T1, DBVPG3444_006996-T1, DBVPG3444_011455-T1, DBVPG3444_006997-T1, DBVPG3775_002420-T1, DBVPG3775_003877-T1, DBVPG3775_004732-T1, DBVPG3775_004733-T1
GF00000121	DBVPG3444_003274-T1, DBVPG3444_006949-T1, DBVPG3444_014521-T1, DBVPG3444_009629-T1, DBVPG3444_010625-T1, DBVPG3444_005161-T1, DBVPG3444_011074-T1, DBVPG3444_014538-T1, DBVPG3775_001795-T1, DBVPG3775_005795-T1, DBVPG3775_007086-T1
GF00000122	DBVPG3444_003672-T1, DBVPG3444_008230-T1, DBVPG3444_009286-T1, DBVPG3444_003676-T1, DBVPG3444_008234-T1, DBVPG3444_009287-T1, DBVPG3444_007443-T1, DBVPG3775_001549-T1, DBVPG3775_001553-T1, DBVPG3775_003209-T1, DBVPG3775_003210-T1
GF00000123	DBVPG3444_003987-T1, DBVPG3444_006427-T1, DBVPG3444_009403-T1, DBVPG3444_008633-T1, DBVPG3444_009402-T1, DBVPG3444_006422-T1, DBVPG3444_010661-T1, DBVPG3444_009401-T1, DBVPG3775_002914-T1, DBVPG3775_004387-T1, DBVPG3775_004392-T1
GF00000124	DBVPG3444_004234-T1, DBVPG3444_007017-T1, DBVPG3444_007016-T1, DBVPG3444_007015-T1, DBVPG3444_004246-T1, DBVPG3444_007029-T1, DBVPG3775_004751-T1, DBVPG3775_004752-T1, DBVPG3775_004753-T1, DBVPG3775_004754-T1, DBVPG3775_004766-T1
GF00000125	DBVPG3444_006331-T1, DBVPG3444_006335-T1, DBVPG3444_006334-T1, DBVPG3444_006332-T1, DBVPG3444_006333-T1, DBVPG3775_005753-T1, DBVPG3775_005754-T1, DBVPG3775_005755-T1, DBVPG3775_005756-T1, DBVPG3775_005757-T1, DBVPG3775_005758-T1
GF00000126	DBVPG3444_011311-T1, DBVPG3444_012501-T1, DBVPG3444_015049-T1, DBVPG3444_014420-T1, DBVPG3444_014816-T1, DBVPG3444_014814-T1, DBVPG3444_014421-T1, DBVPG3444_014815-T1, DBVPG3444_015085-T1, DBVPG3775_000513-T1, DBVPG3775_000514-T1
GF00000127	DBVPG3444_000151-T1, DBVPG3444_007397-T1, DBVPG3444_001842-T1, DBVPG3444_004479-T1, DBVPG3444_011934-T1, DBVPG3444_004501-T1, DBVPG3775_001412-T1, DBVPG3775_006142-T1, DBVPG3775_006143-T1, DBVPG3775_006662-T1
GF00000128	DBVPG3444_007809-T1, DBVPG3444_012372-T1, DBVPG3444_003814-T1, DBVPG3444_009672-T1, DBVPG3444_003821-T1, DBVPG3444_012378-T1, DBVPG3444_009673-T1, DBVPG3775_000111-T1, DBVPG3775_001671-T1, DBVPG3775_001676-T1
GF00000129	DBVPG3444_000162-T1, DBVPG3444_007408-T1, DBVPG3444_009553-T1, DBVPG3444_008208-T1, DBVPG3444_011686-T1, DBVPG3444_011685-T1, DBVPG3444_009554-T1, DBVPG3775_003403-T1, DBVPG3775_005867-T1, DBVPG3775_006673-T1
GF00000130	DBVPG3444_012801-T1, DBVPG3444_004066-T1, DBVPG3444_002582-T1, DBVPG3444_006625-T1, DBVPG3444_007968-T1, DBVPG3444_009314-T1, DBVPG3444_009313-T1, DBVPG3775_000826-T1, DBVPG3775_001087-T1, DBVPG3775_001962-T1
GF00000131	DBVPG3444_008019-T1, DBVPG3444_003583-T1, DBVPG3444_012632-T1, DBVPG3444_008277-T1, DBVPG3444_013069-T1, DBVPG3444_002915-T1, DBVPG3444_003584-T1, DBVPG3775_000956-T1, DBVPG3775_004510-T1, DBVPG3775_007483-T1
GF00000132	DBVPG3444_000568-T1, DBVPG3444_001222-T1, DBVPG3444_004786-T1, DBVPG3444_010950-T1, DBVPG3444_015055-T1, DBVPG3444_009866-T1, DBVPG3444_014643-T1, DBVPG3775_003709-T1, DBVPG3775_006248-T1, DBVPG3775_006250-T1
GF00000133	DBVPG3444_005973-T1, DBVPG3444_013886-T1, DBVPG3444_013285-T1, DBVPG3444_013902-T1, DBVPG3444_002925-T1, DBVPG3444_009104-T1, DBVPG3775_003684-T1, DBVPG3775_004520-T1, DBVPG3775_006600-T1, DBVPG3775_006601-T1
GF00000134	DBVPG3444_000895-T1, DBVPG3444_013246-T1, DBVPG3444_008333-T1, DBVPG3444_004328-T1, DBVPG3444_003083-T1, DBVPG3444_005422-T1, DBVPG3444_004329-T1, DBVPG3775_003865-T1, DBVPG3775_006892-T1, DBVPG3775_007402-T1
GF00000135	DBVPG3444_000970-T1, DBVPG3444_001058-T1, DBVPG3444_013914-T1, DBVPG3444_009137-T1, DBVPG3444_003876-T1, DBVPG3444_011567-T1, DBVPG3775_003479-T1, DBVPG3775_004880-T1, DBVPG3775_007539-T1, DBVPG3775_007588-T1
GF00000136	DBVPG3444_001300-T1, DBVPG3444_001329-T1, DBVPG3444_008563-T1, DBVPG3444_013299-T1, DBVPG3444_010137-T1, DBVPG3444_003127-T1, DBVPG3444_005457-T1, DBVPG3775_006209-T1, DBVPG3775_006850-T1, DBVPG3775_007347-T1
GF00000137	DBVPG3444_005898-T1, DBVPG3444_006762-T1, DBVPG3444_002048-T1, DBVPG3444_009582-T1, DBVPG3444_011439-T1, DBVPG3444_006983-T1, DBVPG3775_003170-T1, DBVPG3775_004717-T1, DBVPG3775_006376-T1, DBVPG3775_006377-T1
GF00000138	DBVPG3444_002025-T1, DBVPG3444_002027-T1, DBVPG3444_009603-T1, DBVPG3444_012191-T1, DBVPG3444_015054-T1, DBVPG3444_002026-T1, DBVPG3444_015022-T1, DBVPG3775_003147-T1, DBVPG3775_003148-T1, DBVPG3775_003149-T1
GF00000139	DBVPG3444_014189-T1, DBVPG3444_010036-T1, DBVPG3444_010138-T1, DBVPG3444_004778-T1, DBVPG3444_010957-T1, DBVPG3444_013298-T1, DBVPG3444_014877-T1, DBVPG3775_004057-T1, DBVPG3775_006241-T1, DBVPG3775_007346-T1
GF00000140	DBVPG3444_014890-T1, DBVPG3444_004361-T1, DBVPG3444_007806-T1, DBVPG3444_009669-T1, DBVPG3444_004358-T1, DBVPG3444_015066-T1, DBVPG3775_000114-T1, DBVPG3775_007575-T1, DBVPG3775_007581-T1, DBVPG3775_007602-T1
GF00000141	DBVPG3444_011925-T1, DBVPG3444_004508-T1, DBVPG3444_004976-T1, DBVPG3444_013519-T1, DBVPG3444_012505-T1, DBVPG3444_009773-T1, DBVPG3775_002311-T1, DBVPG3775_005334-T1, DBVPG3775_005335-T1, DBVPG3775_006133-T1
GF00000142	DBVPG3444_002934-T1, DBVPG3444_012937-T1, DBVPG3444_002935-T1, DBVPG3444_010275-T1, DBVPG3444_006003-T1, DBVPG3444_012935-T1, DBVPG3444_012936-T1, DBVPG3775_004651-T1, DBVPG3775_006610-T1, DBVPG3775_006611-T1
GF00000143	DBVPG3444_003447-T1, DBVPG3444_006076-T1, DBVPG3444_009450-T1, DBVPG3444_003658-T1, DBVPG3444_014095-T1, DBVPG3444_014450-T1, DBVPG3444_010188-T1, DBVPG3775_001534-T1, DBVPG3775_002127-T1, DBVPG3775_003280-T1
GF00000144	DBVPG3444_009767-T1, DBVPG3444_009779-T1, DBVPG3444_012511-T1, DBVPG3444_013061-T1, DBVPG3444_009768-T1, DBVPG3444_012510-T1, DBVPG3775_005327-T1, DBVPG3775_005328-T1, DBVPG3775_005329-T1, DBVPG3775_005341-T1
GF00000145	DBVPG3444_004617-T1, DBVPG3444_008409-T1, DBVPG3444_012126-T1, DBVPG3444_004938-T1, DBVPG3444_006265-T1, DBVPG3444_008097-T1, DBVPG3444_008096-T1, DBVPG3775_001020-T1, DBVPG3775_005701-T1, DBVPG3775_007369-T1
GF00000146	DBVPG3444_004627-T1, DBVPG3444_008418-T1, DBVPG3444_004628-T1, DBVPG3444_008420-T1, DBVPG3444_008594-T1, DBVPG3444_005034-T1, DBVPG3444_008419-T1, DBVPG3775_000258-T1, DBVPG3775_005710-T1, DBVPG3775_005711-T1
GF00000147	DBVPG3444_005521-T1, DBVPG3444_014160-T1, DBVPG3444_012564-T1, DBVPG3444_009525-T1, DBVPG3444_009796-T1, DBVPG3444_010509-T1, DBVPG3444_012563-T1, DBVPG3775_002706-T1, DBVPG3775_004582-T1, DBVPG3775_005809-T1
GF00000148	DBVPG3444_006385-T1, DBVPG3444_007682-T1, DBVPG3444_009351-T1, DBVPG3444_007521-T1, DBVPG3444_007522-T1, DBVPG3444_009350-T1, DBVPG3444_009349-T1, DBVPG3775_000786-T1, DBVPG3775_005603-T1, DBVPG3775_005604-T1
GF00000149	DBVPG3444_008399-T1, DBVPG3444_012148-T1, DBVPG3444_012149-T1, DBVPG3444_006977-T1, DBVPG3444_011432-T1, DBVPG3444_008398-T1, DBVPG3444_008397-T1, DBVPG3775_004711-T1, DBVPG3775_005691-T1, DBVPG3775_005692-T1
GF00000150	DBVPG3444_007857-T1, DBVPG3444_008896-T1, DBVPG3444_008897-T1, DBVPG3444_010377-T1, DBVPG3444_011181-T1, DBVPG3444_008900-T1, DBVPG3775_000550-T1, DBVPG3775_000553-T1, DBVPG3775_000554-T1, DBVPG3775_004275-T1
GF00000151	DBVPG3444_009853-T1, DBVPG3444_011774-T1, DBVPG3444_011516-T1, DBVPG3444_010800-T1, DBVPG3444_009854-T1, DBVPG3444_009855-T1, DBVPG3775_004248-T1, DBVPG3775_004249-T1, DBVPG3775_004250-T1, DBVPG3775_005534-T1
GF00000152	DBVPG3444_000016-T1, DBVPG3444_003397-T1, DBVPG3444_000536-T1, DBVPG3444_005631-T1, DBVPG3444_000627-T1, DBVPG3444_001165-T1, DBVPG3775_003767-T1, DBVPG3775_005034-T1, DBVPG3775_006972-T1
GF00000153	DBVPG3444_000030-T1, DBVPG3444_003391-T1, DBVPG3444_014259-T1, DBVPG3444_012384-T1, DBVPG3444_006835-T1, DBVPG3444_000736-T1, DBVPG3775_001662-T1, DBVPG3775_006416-T1, DBVPG3775_006577-T1
GF00000154	DBVPG3444_000050-T1, DBVPG3444_003360-T1, DBVPG3444_001671-T1, DBVPG3444_003283-T1, DBVPG3444_006378-T1, DBVPG3444_007675-T1, DBVPG3775_000793-T1, DBVPG3775_005233-T1, DBVPG3775_006439-T1
GF00000155	DBVPG3444_003480-T1, DBVPG3444_010856-T1, DBVPG3444_014254-T1, DBVPG3444_012645-T1, DBVPG3444_014371-T1, DBVPG3444_005993-T1, DBVPG3775_003246-T1, DBVPG3775_003497-T1, DBVPG3775_004642-T1
GF00000156	DBVPG3444_000133-T1, DBVPG3444_000148-T1, DBVPG3444_007392-T1, DBVPG3444_007393-T1, DBVPG3444_007394-T1, DBVPG3444_007377-T1, DBVPG3775_006643-T1, DBVPG3775_006658-T1, DBVPG3775_006659-T1
GF00000157	DBVPG3444_000138-T1, DBVPG3444_007388-T1, DBVPG3444_005346-T1, DBVPG3444_005191-T1, DBVPG3444_005345-T1, DBVPG3444_005192-T1, DBVPG3775_006013-T1, DBVPG3775_006014-T1, DBVPG3775_006648-T1
GF00000158	DBVPG3444_000139-T1, DBVPG3444_007387-T1, DBVPG3444_002302-T1, DBVPG3444_002244-T1, DBVPG3444_002301-T1, DBVPG3444_002245-T1, DBVPG3775_003642-T1, DBVPG3775_003643-T1, DBVPG3775_006649-T1
GF00000159	DBVPG3444_000144-T1, DBVPG3444_007381-T1, DBVPG3444_010075-T1, DBVPG3444_011204-T1, DBVPG3444_003423-T1, DBVPG3444_011836-T1, DBVPG3775_000753-T1, DBVPG3775_006654-T1, DBVPG3775_006948-T1
GF00000160	DBVPG3444_000159-T1, DBVPG3444_007405-T1, DBVPG3444_002679-T1, DBVPG3444_007342-T1, DBVPG3444_006126-T1, DBVPG3444_006555-T1, DBVPG3775_000439-T1, DBVPG3775_006472-T1, DBVPG3775_006670-T1
GF00000161	DBVPG3444_007852-T1, DBVPG3444_011376-T1, DBVPG3444_006818-T1, DBVPG3444_004670-T1, DBVPG3444_007339-T1, DBVPG3444_006558-T1, DBVPG3775_000436-T1, DBVPG3775_000562-T1, DBVPG3775_002489-T1
GF00000162	DBVPG3444_008789-T1, DBVPG3444_009042-T1, DBVPG3444_013473-T1, DBVPG3444_004275-T1, DBVPG3444_005948-T1, DBVPG3444_007581-T1, DBVPG3775_000406-T1, DBVPG3775_004545-T1, DBVPG3775_004803-T1
GF00000163	DBVPG3444_000484-T1, DBVPG3444_009246-T1, DBVPG3444_000964-T1, DBVPG3444_001064-T1, DBVPG3444_012248-T1, DBVPG3444_008346-T1, DBVPG3775_004886-T1, DBVPG3775_005109-T1, DBVPG3775_005661-T1
GF00000164	DBVPG3444_000496-T1, DBVPG3444_009257-T1, DBVPG3444_006545-T1, DBVPG3444_007352-T1, DBVPG3444_003148-T1, DBVPG3444_006180-T1, DBVPG3775_000449-T1, DBVPG3775_005120-T1, DBVPG3775_005294-T1
GF00000165	DBVPG3444_000507-T1, DBVPG3444_005665-T1, DBVPG3444_006501-T1, DBVPG3444_013207-T1, DBVPG3444_003836-T1, DBVPG3444_013188-T1, DBVPG3775_003524-T1, DBVPG3775_005001-T1, DBVPG3775_007162-T1
GF00000166	DBVPG3444_007593-T1, DBVPG3444_005937-T1, DBVPG3444_008530-T1, DBVPG3444_008529-T1, DBVPG3444_011879-T1, DBVPG3444_011878-T1, DBVPG3775_004318-T1, DBVPG3775_004319-T1, DBVPG3775_004556-T1
GF00000167	DBVPG3444_000540-T1, DBVPG3444_005627-T1, DBVPG3444_006553-T1, DBVPG3444_007344-T1, DBVPG3444_006554-T1, DBVPG3444_007343-T1, DBVPG3775_000440-T1, DBVPG3775_000441-T1, DBVPG3775_005038-T1
GF00000168	DBVPG3444_000564-T1, DBVPG3444_001225-T1, DBVPG3444_005811-T1, DBVPG3444_013079-T1, DBVPG3444_005132-T1, DBVPG3444_010757-T1, DBVPG3775_003706-T1, DBVPG3775_004479-T1, DBVPG3775_007063-T1
GF00000169	DBVPG3444_000676-T1, DBVPG3444_001897-T1, DBVPG3444_011492-T1, DBVPG3444_010885-T1, DBVPG3444_001468-T1, DBVPG3444_007887-T1, DBVPG3775_003015-T1, DBVPG3775_003980-T1, DBVPG3775_006031-T1
GF00000170	DBVPG3444_000758-T1, DBVPG3444_010984-T1, DBVPG3444_003953-T1, DBVPG3444_013707-T1, DBVPG3444_002445-T1, DBVPG3444_001737-T1, DBVPG3775_002406-T1, DBVPG3775_002878-T1, DBVPG3775_007423-T1
GF00000171	DBVPG3444_000825-T1, DBVPG3444_006208-T1, DBVPG3444_006207-T1, DBVPG3444_002556-T1, DBVPG3444_011723-T1, DBVPG3444_013770-T1, DBVPG3444_002554-T1, DBVPG3775_001230-T1, DBVPG3775_004193-T1
GF00000172	DBVPG3444_000858-T1, DBVPG3444_012865-T1, DBVPG3444_003340-T1, DBVPG3444_001611-T1, DBVPG3444_010318-T1, DBVPG3444_004733-T1, DBVPG3775_001266-T1, DBVPG3775_005177-T1, DBVPG3775_005466-T1
GF00000173	DBVPG3444_000885-T1, DBVPG3444_005273-T1, DBVPG3444_000887-T1, DBVPG3444_005271-T1, DBVPG3444_009727-T1, DBVPG3444_009728-T1, DBVPG3775_001296-T1, DBVPG3775_001298-T1, DBVPG3775_001299-T1
GF00000174	DBVPG3444_000915-T1, DBVPG3444_001117-T1, DBVPG3444_007023-T1, DBVPG3444_004240-T1, DBVPG3444_011458-T1, DBVPG3444_007000-T1, DBVPG3775_004736-T1, DBVPG3775_004760-T1, DBVPG3775_004940-T1
GF00000175	DBVPG3444_002818-T1, DBVPG3444_012308-T1, DBVPG3444_012307-T1, DBVPG3444_002819-T1, DBVPG3444_010702-T1, DBVPG3444_002977-T1, DBVPG3775_000219-T1, DBVPG3775_002270-T1, DBVPG3775_002271-T1
GF00000176	DBVPG3444_001423-T1, DBVPG3444_003054-T1, DBVPG3444_002867-T1, DBVPG3444_012872-T1, DBVPG3444_010788-T1, DBVPG3444_002363-T1, DBVPG3775_000140-T1, DBVPG3775_002833-T1, DBVPG3775_005546-T1
GF00000177	DBVPG3444_001492-T1, DBVPG3444_004040-T1, DBVPG3444_012302-T1, DBVPG3444_004943-T1, DBVPG3444_006356-T1, DBVPG3444_007655-T1, DBVPG3775_000814-T1, DBVPG3775_001934-T1, DBVPG3775_002276-T1
GF00000178	DBVPG3444_001508-T1, DBVPG3444_004024-T1, DBVPG3444_006096-T1, DBVPG3444_002707-T1, DBVPG3444_012887-T1, DBVPG3444_004956-T1, DBVPG3775_001918-T1, DBVPG3775_002291-T1, DBVPG3775_006500-T1
GF00000179	DBVPG3444_001662-T1, DBVPG3444_003293-T1, DBVPG3444_003292-T1, DBVPG3444_003921-T1, DBVPG3444_003523-T1, DBVPG3444_001692-T1, DBVPG3444_011228-T1, DBVPG3775_003362-T1, DBVPG3775_005254-T1
GF00000180	DBVPG3444_001738-T1, DBVPG3444_002446-T1, DBVPG3444_002447-T1, DBVPG3444_001739-T1, DBVPG3444_002448-T1, DBVPG3775_002402-T1, DBVPG3775_002403-T1, DBVPG3775_002404-T1, DBVPG3775_002405-T1
GF00000181	DBVPG3444_007635-T1, DBVPG3444_008044-T1, DBVPG3444_007634-T1, DBVPG3444_008043-T1, DBVPG3444_008041-T1, DBVPG3775_002751-T1, DBVPG3775_002752-T1, DBVPG3775_002753-T1, DBVPG3775_002755-T1
GF00000182	DBVPG3444_001777-T1, DBVPG3444_011196-T1, DBVPG3444_013292-T1, DBVPG3444_014101-T1, DBVPG3444_006286-T1, DBVPG3444_008075-T1, DBVPG3775_000999-T1, DBVPG3775_002361-T1, DBVPG3775_003677-T1
GF00000183	DBVPG3444_001801-T1, DBVPG3444_004439-T1, DBVPG3444_002247-T1, DBVPG3444_002298-T1, DBVPG3444_004744-T1, DBVPG3444_010305-T1, DBVPG3775_001452-T1, DBVPG3775_003645-T1, DBVPG3775_005477-T1
GF00000184	DBVPG3444_001851-T1, DBVPG3444_004488-T1, DBVPG3444_003642-T1, DBVPG3444_010267-T1, DBVPG3444_010445-T1, DBVPG3444_011966-T1, DBVPG3775_001403-T1, DBVPG3775_001517-T1, DBVPG3775_005435-T1
GF00000185	DBVPG3444_001865-T1, DBVPG3444_013234-T1, DBVPG3444_011239-T1, DBVPG3444_013667-T1, DBVPG3444_011078-T1, DBVPG3444_005021-T1, DBVPG3775_000271-T1, DBVPG3775_001390-T1, DBVPG3775_004822-T1
GF00000186	DBVPG3444_001946-T1, DBVPG3444_014209-T1, DBVPG3444_009324-T1, DBVPG3444_007958-T1, DBVPG3444_005094-T1, DBVPG3444_009019-T1, DBVPG3775_001097-T1, DBVPG3775_002965-T1, DBVPG3775_006304-T1
GF00000187	DBVPG3444_001965-T1, DBVPG3444_010423-T1, DBVPG3444_004826-T1, DBVPG3444_005470-T1, DBVPG3444_008723-T1, DBVPG3444_011714-T1, DBVPG3775_000633-T1, DBVPG3775_002946-T1, DBVPG3775_007022-T1
GF00000188	DBVPG3444_002222-T1, DBVPG3444_013028-T1, DBVPG3444_014313-T1, DBVPG3444_013034-T1, DBVPG3444_011765-T1, DBVPG3444_014318-T1, DBVPG3775_002591-T1, DBVPG3775_002596-T1, DBVPG3775_002601-T1
GF00000189	DBVPG3444_002238-T1, DBVPG3444_002309-T1, DBVPG3444_014595-T1, DBVPG3444_008188-T1, DBVPG3444_006109-T1, DBVPG3444_002695-T1, DBVPG3775_003422-T1, DBVPG3775_003635-T1, DBVPG3775_006488-T1
GF00000190	DBVPG3444_011135-T1, DBVPG3444_006320-T1, DBVPG3444_013026-T1, DBVPG3444_012274-T1, DBVPG3444_006411-T1, DBVPG3444_010651-T1, DBVPG3775_001657-T1, DBVPG3775_004403-T1, DBVPG3775_005742-T1
GF00000191	DBVPG3444_002487-T1, DBVPG3444_004134-T1, DBVPG3444_008337-T1, DBVPG3444_004324-T1, DBVPG3444_012596-T1, DBVPG3444_005985-T1, DBVPG3775_001058-T1, DBVPG3775_003861-T1, DBVPG3775_004635-T1
GF00000192	DBVPG3444_002546-T1, DBVPG3444_013762-T1, DBVPG3444_011480-T1, DBVPG3444_005839-T1, DBVPG3444_014702-T1, DBVPG3444_012527-T1, DBVPG3775_004202-T1, DBVPG3775_004450-T1, DBVPG3775_007442-T1
GF00000193	DBVPG3444_002909-T1, DBVPG3444_013075-T1, DBVPG3444_006817-T1, DBVPG3444_004669-T1, DBVPG3444_014094-T1, DBVPG3444_003657-T1, DBVPG3775_001533-T1, DBVPG3775_002488-T1, DBVPG3775_007489-T1
GF00000194	DBVPG3444_003235-T1, DBVPG3444_003217-T1, DBVPG3444_005705-T1, DBVPG3444_003218-T1, DBVPG3444_005689-T1, DBVPG3444_005690-T1, DBVPG3775_001834-T1, DBVPG3775_001851-T1, DBVPG3775_001852-T1
GF00000195	DBVPG3444_003237-T1, DBVPG3444_005687-T1, DBVPG3444_006451-T1, DBVPG3444_009297-T1, DBVPG3444_009378-T1, DBVPG3444_007429-T1, DBVPG3775_001832-T1, DBVPG3775_003198-T1, DBVPG3775_004358-T1
GF00000196	DBVPG3444_003804-T1, DBVPG3444_003824-T1, DBVPG3444_003805-T1, DBVPG3444_003823-T1, DBVPG3444_012380-T1, DBVPG3775_001667-T1, DBVPG3775_001668-T1, DBVPG3775_001685-T1, DBVPG3775_001686-T1
GF00000197	DBVPG3444_003965-T1, DBVPG3444_008657-T1, DBVPG3444_004237-T1, DBVPG3444_007020-T1, DBVPG3444_012214-T1, DBVPG3444_009833-T1, DBVPG3775_002890-T1, DBVPG3775_004757-T1, DBVPG3775_006806-T1
GF00000198	DBVPG3444_003977-T1, DBVPG3444_008645-T1, DBVPG3444_012646-T1, DBVPG3444_014253-T1, DBVPG3444_005920-T1, DBVPG3444_014125-T1, DBVPG3775_002904-T1, DBVPG3775_003496-T1, DBVPG3775_006354-T1
GF00000199	DBVPG3444_004065-T1, DBVPG3444_012800-T1, DBVPG3444_012662-T1, DBVPG3444_010153-T1, DBVPG3444_004316-T1, DBVPG3444_014268-T1, DBVPG3775_001961-T1, DBVPG3775_003853-T1, DBVPG3775_007333-T1
GF00000200	DBVPG3444_004245-T1, DBVPG3444_007028-T1, DBVPG3444_014499-T1, DBVPG3444_013671-T1, DBVPG3444_011443-T1, DBVPG3444_006987-T1, DBVPG3775_004721-T1, DBVPG3775_004765-T1, DBVPG3775_004818-T1
GF00000201	DBVPG3444_004424-T1, DBVPG3444_012764-T1, DBVPG3444_012913-T1, DBVPG3444_013622-T1, DBVPG3444_012454-T1, DBVPG3444_007258-T1, DBVPG3775_000024-T1, DBVPG3775_001340-T1, DBVPG3775_005942-T1
GF00000202	DBVPG3444_004832-T1, DBVPG3444_005476-T1, DBVPG3444_005347-T1, DBVPG3444_005190-T1, DBVPG3444_009328-T1, DBVPG3444_007954-T1, DBVPG3775_000627-T1, DBVPG3775_001101-T1, DBVPG3775_006015-T1
GF00000203	DBVPG3444_005621-T1, DBVPG3444_009691-T1, DBVPG3444_013162-T1, DBVPG3444_013260-T1, DBVPG3444_007324-T1, DBVPG3444_013163-T1, DBVPG3775_000092-T1, DBVPG3775_003612-T1, DBVPG3775_003613-T1
GF00000204	DBVPG3444_005886-T1, DBVPG3444_006751-T1, DBVPG3444_013497-T1, DBVPG3444_013495-T1, DBVPG3444_013498-T1, DBVPG3775_003460-T1, DBVPG3775_003461-T1, DBVPG3775_003463-T1, DBVPG3775_006388-T1
GF00000205	DBVPG3444_006260-T1, DBVPG3444_008102-T1, DBVPG3444_010054-T1, DBVPG3444_013771-T1, DBVPG3444_010064-T1, DBVPG3444_011215-T1, DBVPG3775_000764-T1, DBVPG3775_000773-T1, DBVPG3775_001025-T1
GF00000206	DBVPG3444_006328-T1, DBVPG3444_011128-T1, DBVPG3444_007766-T1, DBVPG3444_010816-T1, DBVPG3444_014407-T1, DBVPG3444_011424-T1, DBVPG3775_000312-T1, DBVPG3775_005750-T1, DBVPG3775_005957-T1
GF00000207	DBVPG3444_006438-T1, DBVPG3444_006439-T1, DBVPG3444_006440-T1, DBVPG3444_009391-T1, DBVPG3444_009390-T1, DBVPG3775_004373-T1, DBVPG3775_004374-T1, DBVPG3775_004375-T1, DBVPG3775_004376-T1
GF00000208	DBVPG3444_007636-T1, DBVPG3444_008046-T1, DBVPG3444_008045-T1, DBVPG3444_008047-T1, DBVPG3444_008048-T1, DBVPG3775_002747-T1, DBVPG3775_002748-T1, DBVPG3775_002749-T1, DBVPG3775_002750-T1
GF00000209	DBVPG3444_009514-T1, DBVPG3444_011509-T1, DBVPG3444_010793-T1, DBVPG3444_012552-T1, DBVPG3444_015052-T1, DBVPG3444_015053-T1, DBVPG3444_015078-T1, DBVPG3775_003540-T1, DBVPG3775_005541-T1
GF00000210	DBVPG3444_011533-T1, DBVPG3444_012001-T1, DBVPG3444_012444-T1, DBVPG3444_015056-T1, DBVPG3444_013601-T1, DBVPG3444_013602-T1, DBVPG3775_001356-T1, DBVPG3775_001743-T1, DBVPG3775_001744-T1
GF00000211	DBVPG3444_000294-T1, DBVPG3444_007713-T1, DBVPG3444_000295-T1, DBVPG3444_000794-T1, DBVPG3444_006237-T1, DBVPG3775_001201-T1, DBVPG3775_002006-T1, DBVPG3775_002007-T1
GF00000212	DBVPG3444_000331-T1, DBVPG3444_004076-T1, DBVPG3444_003956-T1, DBVPG3444_013704-T1, DBVPG3444_003957-T1, DBVPG3775_001972-T1, DBVPG3775_002881-T1, DBVPG3775_002882-T1
GF00000213	DBVPG3444_000400-T1, DBVPG3444_004572-T1, DBVPG3444_000419-T1, DBVPG3444_004593-T1, DBVPG3775_003066-T1, DBVPG3775_005044-T1, DBVPG3775_007589-T1, DBVPG3775_007590-T1
GF00000214	DBVPG3444_000458-T1, DBVPG3444_002866-T1, DBVPG3444_003226-T1, DBVPG3444_012873-T1, DBVPG3444_005694-T1, DBVPG3775_001843-T1, DBVPG3775_002832-T1, DBVPG3775_005082-T1
GF00000215	DBVPG3444_014851-T1, DBVPG3444_009106-T1, DBVPG3444_005981-T1, DBVPG3444_012600-T1, DBVPG3444_012599-T1, DBVPG3775_004623-T1, DBVPG3775_004631-T1, DBVPG3775_004632-T1
GF00000216	DBVPG3444_000704-T1, DBVPG3444_006868-T1, DBVPG3444_007939-T1, DBVPG3444_005390-T1, DBVPG3444_002114-T1, DBVPG3775_000738-T1, DBVPG3775_001140-T1, DBVPG3775_003043-T1
GF00000217	DBVPG3444_000749-T1, DBVPG3444_010975-T1, DBVPG3444_009415-T1, DBVPG3444_002804-T1, DBVPG3444_002805-T1, DBVPG3775_002256-T1, DBVPG3775_006590-T1, DBVPG3775_006591-T1
GF00000218	DBVPG3444_000974-T1, DBVPG3444_001054-T1, DBVPG3444_007063-T1, DBVPG3444_010933-T1, DBVPG3444_007062-T1, DBVPG3775_003821-T1, DBVPG3775_003822-T1, DBVPG3775_004876-T1
GF00000219	DBVPG3444_000989-T1, DBVPG3444_001036-T1, DBVPG3444_011771-T1, DBVPG3444_009850-T1, DBVPG3444_001037-T1, DBVPG3775_004253-T1, DBVPG3775_004860-T1, DBVPG3775_004861-T1
GF00000220	DBVPG3444_001081-T1, DBVPG3444_010956-T1, DBVPG3444_004779-T1, DBVPG3444_004827-T1, DBVPG3444_005471-T1, DBVPG3775_000632-T1, DBVPG3775_004904-T1, DBVPG3775_006242-T1
GF00000221	DBVPG3444_001587-T1, DBVPG3444_010912-T1, DBVPG3444_008732-T1, DBVPG3444_012836-T1, DBVPG3444_004357-T1, DBVPG3444_008303-T1, DBVPG3775_003895-T1, DBVPG3775_005155-T1
GF00000222	DBVPG3444_003857-T1, DBVPG3444_003858-T1, DBVPG3444_011554-T1, DBVPG3444_011553-T1, DBVPG3444_014974-T1, DBVPG3444_012061-T1, DBVPG3775_003464-T1, DBVPG3775_003466-T1
GF00000223	DBVPG3444_001673-T1, DBVPG3444_003281-T1, DBVPG3444_005917-T1, DBVPG3444_006780-T1, DBVPG3444_005918-T1, DBVPG3775_005235-T1, DBVPG3775_006356-T1, DBVPG3775_006357-T1
GF00000224	DBVPG3444_009599-T1, DBVPG3444_002031-T1, DBVPG3444_009894-T1, DBVPG3444_004808-T1, DBVPG3444_009895-T1, DBVPG3775_003153-T1, DBVPG3775_006277-T1, DBVPG3775_006278-T1
GF00000225	DBVPG3444_005757-T1, DBVPG3444_006032-T1, DBVPG3444_006033-T1, DBVPG3444_008000-T1, DBVPG3775_000976-T1, DBVPG3775_000978-T1, DBVPG3775_002210-T1, DBVPG3775_000977-T1
GF00000226	DBVPG3444_001877-T1, DBVPG3444_011550-T1, DBVPG3444_011986-T1, DBVPG3444_008132-T1, DBVPG3444_011984-T1, DBVPG3775_001371-T1, DBVPG3775_001374-T1, DBVPG3775_001377-T1
GF00000227	DBVPG3444_010425-T1, DBVPG3444_002013-T1, DBVPG3444_012179-T1, DBVPG3444_014613-T1, DBVPG3444_008930-T1, DBVPG3775_002944-T1, DBVPG3775_003134-T1, DBVPG3775_003941-T1
GF00000228	DBVPG3444_002325-T1, DBVPG3444_002875-T1, DBVPG3444_008493-T1, DBVPG3444_013111-T1, DBVPG3444_013110-T1, DBVPG3775_002840-T1, DBVPG3775_005399-T1, DBVPG3775_005400-T1
GF00000229	DBVPG3444_003472-T1, DBVPG3444_010864-T1, DBVPG3444_003071-T1, DBVPG3444_013506-T1, DBVPG3444_014911-T1, DBVPG3775_003255-T1, DBVPG3775_003451-T1, DBVPG3775_006879-T1
GF00000230	DBVPG3444_002497-T1, DBVPG3444_004127-T1, DBVPG3444_004125-T1, DBVPG3444_002498-T1, DBVPG3444_004124-T1, DBVPG3444_004126-T1, DBVPG3775_001048-T1, DBVPG3775_001049-T1
GF00000231	DBVPG3444_002517-T1, DBVPG3444_004108-T1, DBVPG3444_004106-T1, DBVPG3444_002519-T1, DBVPG3444_004105-T1, DBVPG3775_004229-T1, DBVPG3775_004230-T1, DBVPG3775_004232-T1
GF00000232	DBVPG3444_002761-T1, DBVPG3444_014560-T1, DBVPG3444_008364-T1, DBVPG3444_013617-T1, DBVPG3444_009169-T1, DBVPG3444_008363-T1, DBVPG3775_004682-T1, DBVPG3775_005645-T1
GF00000233	DBVPG3444_003087-T1, DBVPG3444_005426-T1, DBVPG3444_003089-T1, DBVPG3444_003088-T1, DBVPG3444_005427-T1, DBVPG3775_006896-T1, DBVPG3775_006897-T1, DBVPG3775_006898-T1
GF00000234	DBVPG3444_003252-T1, DBVPG3444_013411-T1, DBVPG3444_009881-T1, DBVPG3444_004797-T1, DBVPG3444_009880-T1, DBVPG3775_001816-T1, DBVPG3775_006263-T1, DBVPG3775_006264-T1
GF00000235	DBVPG3444_003505-T1, DBVPG3444_010587-T1, DBVPG3444_013649-T1, DBVPG3444_003506-T1, DBVPG3444_014893-T1, DBVPG3444_003507-T1, DBVPG3444_010588-T1, DBVPG3775_007454-T1
GF00000236	DBVPG3444_003604-T1, DBVPG3444_013152-T1, DBVPG3444_013978-T1, DBVPG3444_004935-T1, DBVPG3444_012123-T1, DBVPG3775_000907-T1, DBVPG3775_000934-T1, DBVPG3775_007372-T1
GF00000237	DBVPG3444_004632-T1, DBVPG3444_008423-T1, DBVPG3444_005928-T1, DBVPG3444_007601-T1, DBVPG3444_013612-T1, DBVPG3444_013936-T1, DBVPG3775_004566-T1, DBVPG3775_005717-T1
GF00000238	DBVPG3444_006052-T1, DBVPG3444_010414-T1, DBVPG3444_006053-T1, DBVPG3444_010415-T1, DBVPG3444_010877-T1, DBVPG3444_007568-T1, DBVPG3775_003306-T1, DBVPG3775_006038-T1
GF00000239	DBVPG3444_006995-T1, DBVPG3444_011454-T1, DBVPG3444_010727-T1, DBVPG3444_010685-T1, DBVPG3444_007178-T1, DBVPG3775_004145-T1, DBVPG3775_004731-T1, DBVPG3775_004788-T1
GF00000240	DBVPG3444_007417-T1, DBVPG3444_007419-T1, DBVPG3444_014982-T1, DBVPG3444_009307-T1, DBVPG3444_015083-T1, DBVPG3444_015075-T1, DBVPG3775_003185-T1, DBVPG3775_003187-T1
GF00000241	DBVPG3444_007930-T1, DBVPG3444_011669-T1, DBVPG3444_007931-T1, DBVPG3444_011670-T1, DBVPG3444_011671-T1, DBVPG3775_000728-T1, DBVPG3775_000729-T1, DBVPG3775_000730-T1
GF00000242	DBVPG3444_008053-T1, DBVPG3444_008050-T1, DBVPG3444_008049-T1, DBVPG3444_008052-T1, DBVPG3775_002742-T1, DBVPG3775_002743-T1, DBVPG3775_002745-T1, DBVPG3775_002746-T1
GF00000243	DBVPG3444_008727-T1, DBVPG3444_011709-T1, DBVPG3444_011710-T1, DBVPG3444_011650-T1, DBVPG3444_014954-T1, DBVPG3444_014809-T1, DBVPG3775_003236-T1, DBVPG3775_007018-T1
GF00000244	DBVPG3444_000019-T1, DBVPG3444_000032-T1, DBVPG3444_003393-T1, DBVPG3444_003378-T1, DBVPG3444_003379-T1, DBVPG3775_006404-T1, DBVPG3775_006418-T1
GF00000245	DBVPG3444_000031-T1, DBVPG3444_003392-T1, DBVPG3444_000142-T1, DBVPG3444_007384-T1, DBVPG3444_007383-T1, DBVPG3775_006417-T1, DBVPG3775_006652-T1
GF00000246	DBVPG3444_000067-T1, DBVPG3444_011395-T1, DBVPG3444_000129-T1, DBVPG3444_007373-T1, DBVPG3775_006455-T1, DBVPG3775_007517-T1, DBVPG3775_007545-T1
GF00000247	DBVPG3444_000123-T1, DBVPG3444_006731-T1, DBVPG3444_002587-T1, DBVPG3444_006620-T1, DBVPG3775_000831-T1, DBVPG3775_007510-T1, DBVPG3775_007511-T1
GF00000248	DBVPG3444_000156-T1, DBVPG3444_007402-T1, DBVPG3444_014464-T1, DBVPG3444_014875-T1, DBVPG3444_012672-T1, DBVPG3775_000500-T1, DBVPG3775_006667-T1
GF00000249	DBVPG3444_000158-T1, DBVPG3444_007404-T1, DBVPG3444_013794-T1, DBVPG3444_000264-T1, DBVPG3444_013795-T1, DBVPG3775_002037-T1, DBVPG3775_006669-T1
GF00000250	DBVPG3444_000166-T1, DBVPG3444_014271-T1, DBVPG3444_004319-T1, DBVPG3444_007412-T1, DBVPG3444_007413-T1, DBVPG3775_003856-T1, DBVPG3775_006677-T1
GF00000251	DBVPG3444_000173-T1, DBVPG3444_011411-T1, DBVPG3444_005255-T1, DBVPG3444_009747-T1, DBVPG3444_009748-T1, DBVPG3775_001322-T1, DBVPG3775_006684-T1
GF00000252	DBVPG3444_000320-T1, DBVPG3444_014034-T1, DBVPG3444_000321-T1, DBVPG3444_004862-T1, DBVPG3444_005504-T1, DBVPG3775_000594-T1, DBVPG3775_001980-T1
GF00000253	DBVPG3444_000381-T1, DBVPG3444_013841-T1, DBVPG3444_004054-T1, DBVPG3444_001478-T1, DBVPG3444_012788-T1, DBVPG3775_001949-T1, DBVPG3775_003084-T1
GF00000254	DBVPG3444_000415-T1, DBVPG3444_004587-T1, DBVPG3444_005060-T1, DBVPG3444_010713-T1, DBVPG3444_014828-T1, DBVPG3775_000230-T1, DBVPG3775_003051-T1
GF00000255	DBVPG3444_000472-T1, DBVPG3444_009234-T1, DBVPG3444_008508-T1, DBVPG3444_009692-T1, DBVPG3444_013744-T1, DBVPG3775_004298-T1, DBVPG3775_005097-T1
GF00000256	DBVPG3444_002897-T1, DBVPG3444_002898-T1, DBVPG3444_013716-T1, DBVPG3444_014938-T1, DBVPG3444_014937-T1, DBVPG3775_007518-T1, DBVPG3775_007554-T1
GF00000257	DBVPG3444_000543-T1, DBVPG3444_005624-T1, DBVPG3444_010438-T1, DBVPG3444_004004-T1, DBVPG3444_004003-T1, DBVPG3775_002930-T1, DBVPG3775_005041-T1
GF00000258	DBVPG3444_000565-T1, DBVPG3444_001224-T1, DBVPG3444_009625-T1, DBVPG3444_014517-T1, DBVPG3444_000566-T1, DBVPG3775_003707-T1, DBVPG3775_005791-T1
GF00000259	DBVPG3444_000647-T1, DBVPG3444_001926-T1, DBVPG3444_000732-T1, DBVPG3444_006839-T1, DBVPG3775_002985-T1, DBVPG3775_002986-T1, DBVPG3775_006573-T1
GF00000260	DBVPG3444_012147-T1, DBVPG3444_006057-T1, DBVPG3444_010419-T1, DBVPG3444_003428-T1, DBVPG3444_006060-T1, DBVPG3775_003299-T1, DBVPG3775_003302-T1
GF00000261	DBVPG3444_000681-T1, DBVPG3444_001892-T1, DBVPG3444_004345-T1, DBVPG3444_008315-T1, DBVPG3775_003020-T1, DBVPG3775_003229-T1, DBVPG3775_003883-T1
GF00000262	DBVPG3444_000684-T1, DBVPG3444_008954-T1, DBVPG3444_010764-T1, DBVPG3444_001888-T1, DBVPG3444_001889-T1, DBVPG3775_003023-T1, DBVPG3775_003964-T1
GF00000263	DBVPG3444_000752-T1, DBVPG3444_010978-T1, DBVPG3444_000932-T1, DBVPG3444_001100-T1, DBVPG3775_004922-T1, DBVPG3775_006594-T1, DBVPG3775_007417-T1
GF00000264	DBVPG3444_000767-T1, DBVPG3444_002082-T1, DBVPG3444_010344-T1, DBVPG3444_003760-T1, DBVPG3444_005356-T1, DBVPG3775_001173-T1, DBVPG3775_001728-T1
GF00000265	DBVPG3444_000786-T1, DBVPG3444_002065-T1, DBVPG3444_012742-T1, DBVPG3444_005863-T1, DBVPG3444_005862-T1, DBVPG3775_001192-T1, DBVPG3775_004427-T1
GF00000266	DBVPG3444_010394-T1, DBVPG3444_013427-T1, DBVPG3444_008542-T1, DBVPG3444_012386-T1, DBVPG3444_008543-T1, DBVPG3444_011894-T1, DBVPG3775_004333-T1
GF00000267	DBVPG3444_000856-T1, DBVPG3444_012863-T1, DBVPG3444_003313-T1, DBVPG3444_001641-T1, DBVPG3444_001640-T1, DBVPG3775_001264-T1, DBVPG3775_005205-T1
GF00000268	DBVPG3444_001268-T1, DBVPG3444_006685-T1, DBVPG3444_014737-T1, DBVPG3444_014736-T1, DBVPG3444_001269-T1, DBVPG3775_006176-T1, DBVPG3775_006177-T1
GF00000269	DBVPG3444_001304-T1, DBVPG3444_001326-T1, DBVPG3444_008560-T1, DBVPG3444_004638-T1, DBVPG3444_006787-T1, DBVPG3775_002458-T1, DBVPG3775_006212-T1
GF00000270	DBVPG3444_001356-T1, DBVPG3444_002990-T1, DBVPG3444_007733-T1, DBVPG3444_008854-T1, DBVPG3444_010689-T1, DBVPG3775_000207-T1, DBVPG3775_000346-T1
GF00000271	DBVPG3444_001384-T1, DBVPG3444_003015-T1, DBVPG3444_005524-T1, DBVPG3444_014574-T1, DBVPG3444_014163-T1, DBVPG3775_000179-T1, DBVPG3775_005812-T1
GF00000272	DBVPG3444_001389-T1, DBVPG3444_003020-T1, DBVPG3444_008200-T1, DBVPG3444_009545-T1, DBVPG3775_000174-T1, DBVPG3775_003230-T1, DBVPG3775_003411-T1
GF00000273	DBVPG3444_001490-T1, DBVPG3444_004042-T1, DBVPG3444_010821-T1, DBVPG3444_007761-T1, DBVPG3444_007760-T1, DBVPG3775_000317-T1, DBVPG3775_001936-T1
GF00000274	DBVPG3444_001542-T1, DBVPG3444_008462-T1, DBVPG3444_014400-T1, DBVPG3444_012440-T1, DBVPG3444_014285-T1, DBVPG3775_001748-T1, DBVPG3775_006738-T1
GF00000275	DBVPG3444_008475-T1, DBVPG3444_001699-T1, DBVPG3444_002406-T1, DBVPG3444_001700-T1, DBVPG3444_014460-T1, DBVPG3444_013093-T1, DBVPG3775_005417-T1
GF00000276	DBVPG3444_006095-T1, DBVPG3444_002708-T1, DBVPG3444_002161-T1, DBVPG3444_009220-T1, DBVPG3444_009219-T1, DBVPG3775_002663-T1, DBVPG3775_006501-T1
GF00000277	DBVPG3444_001878-T1, DBVPG3444_011549-T1, DBVPG3444_007768-T1, DBVPG3444_010814-T1, DBVPG3444_014779-T1, DBVPG3775_000310-T1, DBVPG3775_001376-T1
GF00000278	DBVPG3444_002041-T1, DBVPG3444_009589-T1, DBVPG3444_002893-T1, DBVPG3444_002342-T1, DBVPG3444_012146-T1, DBVPG3775_002858-T1, DBVPG3775_003163-T1
GF00000279	DBVPG3444_003265-T1, DBVPG3444_006941-T1, DBVPG3444_010602-T1, DBVPG3444_013638-T1, DBVPG3444_014900-T1, DBVPG3775_001804-T1, DBVPG3775_007359-T1
GF00000280	DBVPG3444_002127-T1, DBVPG3444_005404-T1, DBVPG3444_005868-T1, DBVPG3444_006733-T1, DBVPG3444_004691-T1, DBVPG3775_001128-T1, DBVPG3775_006076-T1
GF00000281	DBVPG3444_013696-T1, DBVPG3444_010477-T1, DBVPG3444_013695-T1, DBVPG3444_014642-T1, DBVPG3444_015038-T1, DBVPG3444_014934-T1, DBVPG3775_001483-T1
GF00000282	DBVPG3444_002138-T1, DBVPG3444_005416-T1, DBVPG3444_010540-T1, DBVPG3444_003792-T1, DBVPG3444_005415-T1, DBVPG3775_001117-T1, DBVPG3775_001698-T1
GF00000283	DBVPG3444_002249-T1, DBVPG3444_009656-T1, DBVPG3444_003855-T1, DBVPG3444_003854-T1, DBVPG3775_000421-T1, DBVPG3775_004134-T1, DBVPG3775_004135-T1
GF00000284	DBVPG3444_002258-T1, DBVPG3444_002286-T1, DBVPG3444_009999-T1, DBVPG3444_012988-T1, DBVPG3444_012989-T1, DBVPG3775_003657-T1, DBVPG3775_004029-T1
GF00000285	DBVPG3444_002486-T1, DBVPG3444_004135-T1, DBVPG3444_010237-T1, DBVPG3444_010185-T1, DBVPG3444_007996-T1, DBVPG3775_001059-T1, DBVPG3775_007097-T1
GF00000286	DBVPG3444_002495-T1, DBVPG3444_004128-T1, DBVPG3444_006323-T1, DBVPG3444_011133-T1, DBVPG3444_002496-T1, DBVPG3775_001050-T1, DBVPG3775_005745-T1
GF00000287	DBVPG3444_012238-T1, DBVPG3444_002740-T1, DBVPG3444_014325-T1, DBVPG3444_008356-T1, DBVPG3444_013589-T1, DBVPG3775_004702-T1, DBVPG3775_005652-T1
GF00000288	DBVPG3444_002634-T1, DBVPG3444_006571-T1, DBVPG3444_008624-T1, DBVPG3444_012256-T1, DBVPG3444_006570-T1, DBVPG3775_000878-T1, DBVPG3775_001640-T1
GF00000289	DBVPG3444_002712-T1, DBVPG3444_013332-T1, DBVPG3444_013331-T1, DBVPG3444_006091-T1, DBVPG3775_005354-T1, DBVPG3775_005355-T1, DBVPG3775_006506-T1
GF00000290	DBVPG3444_002730-T1, DBVPG3444_011815-T1, DBVPG3444_010443-T1, DBVPG3444_003998-T1, DBVPG3444_007724-T1, DBVPG3775_002925-T1, DBVPG3775_005372-T1
GF00000291	DBVPG3444_002989-T1, DBVPG3444_010690-T1, DBVPG3444_007965-T1, DBVPG3444_009316-T1, DBVPG3444_007966-T1, DBVPG3775_000208-T1, DBVPG3775_001089-T1
GF00000292	DBVPG3444_003119-T1, DBVPG3444_005450-T1, DBVPG3444_005451-T1, DBVPG3444_003121-T1, DBVPG3444_003120-T1, DBVPG3775_006842-T1, DBVPG3775_006843-T1
GF00000293	DBVPG3444_003132-T1, DBVPG3444_013366-T1, DBVPG3444_006195-T1, DBVPG3444_014405-T1, DBVPG3444_011426-T1, DBVPG3775_005310-T1, DBVPG3775_005959-T1
GF00000294	DBVPG3444_003139-T1, DBVPG3444_006188-T1, DBVPG3444_005738-T1, DBVPG3444_006187-T1, DBVPG3444_013999-T1, DBVPG3775_001887-T1, DBVPG3775_005303-T1
GF00000295	DBVPG3444_003199-T1, DBVPG3444_004721-T1, DBVPG3444_007560-T1, DBVPG3444_003200-T1, DBVPG3444_004722-T1, DBVPG3444_010868-T1, DBVPG3775_006047-T1
GF00000296	DBVPG3444_003238-T1, DBVPG3444_005686-T1, DBVPG3444_012267-T1, DBVPG3444_013018-T1, DBVPG3444_013017-T1, DBVPG3775_001650-T1, DBVPG3775_001830-T1
GF00000297	DBVPG3444_003458-T1, DBVPG3444_003459-T1, DBVPG3444_006081-T1, DBVPG3444_006086-T1, DBVPG3444_003460-T1, DBVPG3775_003268-T1, DBVPG3775_003269-T1
GF00000298	DBVPG3444_004894-T1, DBVPG3444_009919-T1, DBVPG3444_011505-T1, DBVPG3444_011630-T1, DBVPG3444_012276-T1, DBVPG3775_001610-T1, DBVPG3775_006924-T1
GF00000299	DBVPG3444_003574-T1, DBVPG3444_008010-T1, DBVPG3444_007005-T1, DBVPG3444_004224-T1, DBVPG3444_014984-T1, DBVPG3775_000965-T1, DBVPG3775_004741-T1
GF00000300	DBVPG3444_004184-T1, DBVPG3444_014524-T1, DBVPG3444_014783-T1, DBVPG3444_013441-T1, DBVPG3444_004185-T1, DBVPG3775_002159-T1, DBVPG3775_005850-T1
GF00000301	DBVPG3444_004217-T1, DBVPG3444_005533-T1, DBVPG3444_004218-T1, DBVPG3444_006959-T1, DBVPG3444_011061-T1, DBVPG3775_001783-T1, DBVPG3775_005820-T1
GF00000302	DBVPG3444_004672-T1, DBVPG3444_006820-T1, DBVPG3444_006821-T1, DBVPG3444_013328-T1, DBVPG3444_008904-T1, DBVPG3775_000546-T1, DBVPG3775_002491-T1
GF00000303	DBVPG3444_005041-T1, DBVPG3444_008603-T1, DBVPG3444_008602-T1, DBVPG3444_008604-T1, DBVPG3775_000248-T1, DBVPG3775_000249-T1, DBVPG3775_000250-T1
GF00000304	DBVPG3444_005109-T1, DBVPG3444_009004-T1, DBVPG3444_007069-T1, DBVPG3444_005112-T1, DBVPG3444_009001-T1, DBVPG3775_006286-T1, DBVPG3775_006289-T1
GF00000305	DBVPG3444_005115-T1, DBVPG3444_008998-T1, DBVPG3444_007066-T1, DBVPG3444_005777-T1, DBVPG3444_013165-T1, DBVPG3775_002190-T1, DBVPG3775_006283-T1
GF00000306	DBVPG3444_005128-T1, DBVPG3444_013083-T1, DBVPG3444_013262-T1, DBVPG3444_014172-T1, DBVPG3775_003615-T1, DBVPG3775_003616-T1, DBVPG3775_007059-T1
GF00000307	DBVPG3444_005741-T1, DBVPG3444_005743-T1, DBVPG3444_005742-T1, DBVPG3444_006018-T1, DBVPG3775_002224-T1, DBVPG3775_002225-T1, DBVPG3444_006017-T1
GF00000308	DBVPG3444_006504-T1, DBVPG3444_006511-T1, DBVPG3444_006999-T1, DBVPG3444_013210-T1, DBVPG3444_011457-T1, DBVPG3775_004735-T1, DBVPG3775_007597-T1
GF00000309	DBVPG3444_006512-T1, DBVPG3444_014388-T1, DBVPG3444_007001-T1, DBVPG3444_014746-T1, DBVPG3444_011459-T1, DBVPG3775_004737-T1, DBVPG3775_006339-T1
GF00000310	DBVPG3444_006994-T1, DBVPG3444_011453-T1, DBVPG3444_013004-T1, DBVPG3444_013130-T1, DBVPG3444_013956-T1, DBVPG3775_000695-T1, DBVPG3775_004730-T1
GF00000311	DBVPG3444_007167-T1, DBVPG3444_010673-T1, DBVPG3444_007838-T1, DBVPG3444_011362-T1, DBVPG3444_014847-T1, DBVPG3775_000577-T1, DBVPG3775_004156-T1
GF00000312	DBVPG3444_007204-T1, DBVPG3444_009640-T1, DBVPG3444_007207-T1, DBVPG3444_009637-T1, DBVPG3775_004114-T1, DBVPG3775_004117-T1, DBVPG3775_004118-T1
GF00000313	DBVPG3444_007244-T1, DBVPG3444_014441-T1, DBVPG3444_007245-T1, DBVPG3444_014440-T1, DBVPG3444_014935-T1, DBVPG3775_000038-T1, DBVPG3775_000039-T1
GF00000314	DBVPG3444_008275-T1, DBVPG3444_012630-T1, DBVPG3444_012687-T1, DBVPG3444_011959-T1, DBVPG3444_009101-T1, DBVPG3775_002557-T1, DBVPG3775_004512-T1
GF00000315	DBVPG3444_010055-T1, DBVPG3444_013772-T1, DBVPG3444_014689-T1, DBVPG3444_011419-T1, DBVPG3444_010056-T1, DBVPG3775_000772-T1, DBVPG3775_005952-T1
GF00000316	DBVPG3444_010552-T1, DBVPG3444_010553-T1, DBVPG3444_011577-T1, DBVPG3444_011578-T1, DBVPG3775_003501-T1, DBVPG3775_003502-T1, DBVPG3775_003503-T1
GF00000317	DBVPG3444_013607-T1, DBVPG3444_013939-T1, DBVPG3444_013608-T1, DBVPG3444_013609-T1, DBVPG3775_005720-T1, DBVPG3775_005721-T1, DBVPG3775_005722-T1
GF00000318	DBVPG3444_000009-T1, DBVPG3444_003403-T1, DBVPG3444_000126-T1, DBVPG3444_007369-T1, DBVPG3775_006965-T1, DBVPG3775_007514-T1
GF00000319	DBVPG3444_000012-T1, DBVPG3444_003401-T1, DBVPG3444_002479-T1, DBVPG3444_001765-T1, DBVPG3775_002373-T1, DBVPG3775_006968-T1
GF00000320	DBVPG3444_004929-T1, DBVPG3444_012117-T1, DBVPG3444_014158-T1, DBVPG3444_005519-T1, DBVPG3775_005807-T1, DBVPG3775_007378-T1
GF00000321	DBVPG3444_005237-T1, DBVPG3444_005302-T1, DBVPG3444_002980-T1, DBVPG3444_010699-T1, DBVPG3775_000216-T1, DBVPG3775_005969-T1
GF00000322	DBVPG3444_000035-T1, DBVPG3444_003375-T1, DBVPG3444_009643-T1, DBVPG3444_007201-T1, DBVPG3775_004121-T1, DBVPG3775_006421-T1
GF00000323	DBVPG3444_005409-T1, DBVPG3444_002132-T1, DBVPG3444_007200-T1, DBVPG3444_009644-T1, DBVPG3775_001123-T1, DBVPG3775_004122-T1
GF00000324	DBVPG3444_000038-T1, DBVPG3444_003372-T1, DBVPG3444_006405-T1, DBVPG3444_010644-T1, DBVPG3775_004409-T1, DBVPG3775_006427-T1
GF00000325	DBVPG3444_000040-T1, DBVPG3444_003370-T1, DBVPG3444_012768-T1, DBVPG3444_004419-T1, DBVPG3775_005938-T1, DBVPG3775_006429-T1
GF00000326	DBVPG3444_005940-T1, DBVPG3444_007590-T1, DBVPG3444_005684-T1, DBVPG3444_003240-T1, DBVPG3775_001828-T1, DBVPG3775_004553-T1
GF00000327	DBVPG3444_000065-T1, DBVPG3444_011393-T1, DBVPG3444_013753-T1, DBVPG3444_012694-T1, DBVPG3775_002550-T1, DBVPG3775_006453-T1
GF00000328	DBVPG3444_000076-T1, DBVPG3444_011402-T1, DBVPG3444_000097-T1, DBVPG3444_006704-T1, DBVPG3775_006988-T1, DBVPG3775_007470-T1
GF00000329	DBVPG3444_000079-T1, DBVPG3444_006687-T1, DBVPG3444_009089-T1, DBVPG3444_011947-T1, DBVPG3775_002569-T1, DBVPG3775_007473-T1
GF00000330	DBVPG3444_000085-T1, DBVPG3444_006694-T1, DBVPG3444_004745-T1, DBVPG3444_010304-T1, DBVPG3775_005478-T1, DBVPG3775_006976-T1
GF00000331	DBVPG3444_000105-T1, DBVPG3444_006712-T1, DBVPG3444_003904-T1, DBVPG3444_003503-T1, DBVPG3775_003378-T1, DBVPG3775_006996-T1
GF00000332	DBVPG3444_000107-T1, DBVPG3444_006714-T1, DBVPG3444_013010-T1, DBVPG3444_013136-T1, DBVPG3775_000701-T1, DBVPG3775_006998-T1
GF00000333	DBVPG3444_000117-T1, DBVPG3444_006725-T1, DBVPG3444_001980-T1, DBVPG3444_000366-T1, DBVPG3775_003098-T1, DBVPG3775_007008-T1
GF00000334	DBVPG3444_000119-T1, DBVPG3444_006727-T1, DBVPG3444_014431-T1, DBVPG3444_009988-T1, DBVPG3775_004042-T1, DBVPG3775_007010-T1
GF00000335	DBVPG3444_000130-T1, DBVPG3444_007374-T1, DBVPG3444_004236-T1, DBVPG3444_007019-T1, DBVPG3775_004756-T1, DBVPG3775_007546-T1
GF00000336	DBVPG3444_000145-T1, DBVPG3444_007380-T1, DBVPG3444_000270-T1, DBVPG3444_014964-T1, DBVPG3775_002031-T1, DBVPG3775_006655-T1
GF00000337	DBVPG3444_000146-T1, DBVPG3444_007379-T1, DBVPG3444_003461-T1, DBVPG3444_006082-T1, DBVPG3775_003267-T1, DBVPG3775_006656-T1
GF00000338	DBVPG3444_009626-T1, DBVPG3444_014518-T1, DBVPG3444_004667-T1, DBVPG3444_006815-T1, DBVPG3775_002486-T1, DBVPG3775_005792-T1
GF00000339	DBVPG3444_013575-T1, DBVPG3444_001863-T1, DBVPG3444_001933-T1, DBVPG3444_013236-T1, DBVPG3775_001392-T1, DBVPG3775_002978-T1
GF00000340	DBVPG3444_000190-T1, DBVPG3444_011250-T1, DBVPG3444_004069-T1, DBVPG3444_012803-T1, DBVPG3775_001964-T1, DBVPG3775_002111-T1
GF00000341	DBVPG3444_000963-T1, DBVPG3444_001065-T1, DBVPG3444_010779-T1, DBVPG3444_008938-T1, DBVPG3775_003949-T1, DBVPG3775_004887-T1
GF00000342	DBVPG3444_000201-T1, DBVPG3444_011259-T1, DBVPG3444_002297-T1, DBVPG3444_002251-T1, DBVPG3775_002100-T1, DBVPG3775_003646-T1
GF00000343	DBVPG3444_000229-T1, DBVPG3444_008162-T1, DBVPG3444_005587-T1, DBVPG3444_007292-T1, DBVPG3775_000059-T1, DBVPG3775_002071-T1
GF00000344	DBVPG3444_000236-T1, DBVPG3444_008168-T1, DBVPG3444_010738-T1, DBVPG3444_005830-T1, DBVPG3775_002064-T1, DBVPG3775_004459-T1
GF00000345	DBVPG3444_000245-T1, DBVPG3444_008173-T1, DBVPG3444_009034-T1, DBVPG3444_008779-T1, DBVPG3775_000414-T1, DBVPG3775_002056-T1
GF00000346	DBVPG3444_000247-T1, DBVPG3444_008175-T1, DBVPG3444_006929-T1, DBVPG3444_011122-T1, DBVPG3775_002054-T1, DBVPG3775_007202-T1
GF00000347	DBVPG3444_000263-T1, DBVPG3444_013793-T1, DBVPG3444_000273-T1, DBVPG3444_007692-T1, DBVPG3775_002028-T1, DBVPG3775_002038-T1
GF00000348	DBVPG3444_000266-T1, DBVPG3444_013797-T1, DBVPG3444_005875-T1, DBVPG3444_006740-T1, DBVPG3775_002035-T1, DBVPG3775_006399-T1
GF00000349	DBVPG3444_012455-T1, DBVPG3444_007257-T1, DBVPG3444_012457-T1, DBVPG3444_007255-T1, DBVPG3775_000025-T1, DBVPG3775_000027-T1
GF00000350	DBVPG3444_000277-T1, DBVPG3444_007696-T1, DBVPG3444_007312-T1, DBVPG3444_005610-T1, DBVPG3775_000081-T1, DBVPG3775_002024-T1
GF00000351	DBVPG3444_012577-T1, DBVPG3444_008767-T1, DBVPG3444_003262-T1, DBVPG3444_006939-T1, DBVPG3775_001806-T1, DBVPG3775_003929-T1
GF00000352	DBVPG3444_000285-T1, DBVPG3444_007704-T1, DBVPG3444_003053-T1, DBVPG3444_001422-T1, DBVPG3775_000141-T1, DBVPG3775_002016-T1
GF00000353	DBVPG3444_000306-T1, DBVPG3444_007725-T1, DBVPG3444_007003-T1, DBVPG3444_014744-T1, DBVPG3775_001995-T1, DBVPG3775_004739-T1
GF00000354	DBVPG3444_000309-T1, DBVPG3444_007730-T1, DBVPG3444_002206-T1, DBVPG3444_011750-T1, DBVPG3775_001991-T1, DBVPG3775_002617-T1
GF00000355	DBVPG3444_011623-T1, DBVPG3444_011499-T1, DBVPG3444_000874-T1, DBVPG3444_005284-T1, DBVPG3775_001283-T1, DBVPG3775_006931-T1
GF00000356	DBVPG3444_000364-T1, DBVPG3444_001982-T1, DBVPG3444_001905-T1, DBVPG3444_000669-T1, DBVPG3775_003007-T1, DBVPG3775_003100-T1
GF00000357	DBVPG3444_012823-T1, DBVPG3444_008125-T1, DBVPG3444_011654-T1, DBVPG3444_007915-T1, DBVPG3775_000713-T1, DBVPG3775_005572-T1
GF00000358	DBVPG3444_000385-T1, DBVPG3444_013837-T1, DBVPG3444_013836-T1, DBVPG3444_000386-T1, DBVPG3444_004558-T1, DBVPG3775_003080-T1
GF00000359	DBVPG3444_000395-T1, DBVPG3444_004567-T1, DBVPG3444_011103-T1, DBVPG3444_004192-T1, DBVPG3775_003071-T1, DBVPG3775_005843-T1
GF00000360	DBVPG3444_000401-T1, DBVPG3444_004573-T1, DBVPG3444_000402-T1, DBVPG3444_004574-T1, DBVPG3775_003064-T1, DBVPG3775_003065-T1
GF00000361	DBVPG3444_010790-T1, DBVPG3444_010789-T1, DBVPG3444_012882-T1, DBVPG3444_011506-T1, DBVPG3775_005544-T1, DBVPG3775_005545-T1
GF00000362	DBVPG3444_000426-T1, DBVPG3444_004600-T1, DBVPG3444_001192-T1, DBVPG3444_000598-T1, DBVPG3775_003739-T1, DBVPG3775_005051-T1
GF00000363	DBVPG3444_000430-T1, DBVPG3444_004603-T1, DBVPG3444_004604-T1, DBVPG3444_000431-T1, DBVPG3775_005054-T1, DBVPG3775_005055-T1
GF00000364	DBVPG3444_000441-T1, DBVPG3444_009722-T1, DBVPG3444_000958-T1, DBVPG3444_001070-T1, DBVPG3775_004893-T1, DBVPG3775_005065-T1
GF00000365	DBVPG3444_000460-T1, DBVPG3444_009705-T1, DBVPG3444_007018-T1, DBVPG3444_004235-T1, DBVPG3775_004755-T1, DBVPG3775_005084-T1
GF00000366	DBVPG3444_000492-T1, DBVPG3444_009253-T1, DBVPG3444_008589-T1, DBVPG3444_005029-T1, DBVPG3775_000263-T1, DBVPG3775_005116-T1
GF00000367	DBVPG3444_000498-T1, DBVPG3444_009259-T1, DBVPG3444_009260-T1, DBVPG3444_000499-T1, DBVPG3775_005122-T1, DBVPG3775_005123-T1
GF00000368	DBVPG3444_000505-T1, DBVPG3444_009266-T1, DBVPG3444_005652-T1, DBVPG3444_008685-T1, DBVPG3775_005014-T1, DBVPG3775_005129-T1
GF00000369	DBVPG3444_011720-T1, DBVPG3444_000743-T1, DBVPG3444_013995-T1, DBVPG3444_008718-T1, DBVPG3775_006584-T1, DBVPG3775_007027-T1
GF00000370	DBVPG3444_000510-T1, DBVPG3444_005668-T1, DBVPG3444_002159-T1, DBVPG3444_009217-T1, DBVPG3775_002665-T1, DBVPG3775_004998-T1
GF00000371	DBVPG3444_000524-T1, DBVPG3444_005644-T1, DBVPG3444_011822-T1, DBVPG3444_014204-T1, DBVPG3775_005022-T1, DBVPG3775_005379-T1
GF00000372	DBVPG3444_000541-T1, DBVPG3444_005626-T1, DBVPG3444_007951-T1, DBVPG3444_009331-T1, DBVPG3775_001104-T1, DBVPG3775_005039-T1
GF00000373	DBVPG3444_000548-T1, DBVPG3444_014679-T1, DBVPG3444_003608-T1, DBVPG3444_011144-T1, DBVPG3775_000912-T1, DBVPG3775_003688-T1
GF00000374	DBVPG3444_000556-T1, DBVPG3444_001235-T1, DBVPG3444_014317-T1, DBVPG3444_013033-T1, DBVPG3775_002595-T1, DBVPG3775_003696-T1
GF00000375	DBVPG3444_000576-T1, DBVPG3444_001214-T1, DBVPG3444_005236-T1, DBVPG3444_005303-T1, DBVPG3775_003717-T1, DBVPG3775_005970-T1
GF00000376	DBVPG3444_000584-T1, DBVPG3444_001206-T1, DBVPG3444_004932-T1, DBVPG3444_012120-T1, DBVPG3775_003725-T1, DBVPG3775_007375-T1
GF00000377	DBVPG3444_000616-T1, DBVPG3444_001176-T1, DBVPG3444_000982-T1, DBVPG3444_001044-T1, DBVPG3775_003755-T1, DBVPG3775_004868-T1
GF00000378	DBVPG3444_000630-T1, DBVPG3444_001163-T1, DBVPG3444_004497-T1, DBVPG3444_011938-T1, DBVPG3775_003770-T1, DBVPG3775_006147-T1
GF00000379	DBVPG3444_006352-T1, DBVPG3444_007651-T1, DBVPG3444_006362-T1, DBVPG3444_007661-T1, DBVPG3775_000807-T1, DBVPG3775_000818-T1
GF00000380	DBVPG3444_000642-T1, DBVPG3444_001151-T1, DBVPG3444_010069-T1, DBVPG3444_011210-T1, DBVPG3775_000759-T1, DBVPG3775_003782-T1
GF00000381	DBVPG3444_000652-T1, DBVPG3444_001920-T1, DBVPG3444_000653-T1, DBVPG3444_001919-T1, DBVPG3775_002991-T1, DBVPG3775_002992-T1
GF00000382	DBVPG3444_000655-T1, DBVPG3444_001917-T1, DBVPG3444_009392-T1, DBVPG3444_006437-T1, DBVPG3775_002994-T1, DBVPG3775_004377-T1
GF00000383	DBVPG3444_000670-T1, DBVPG3444_001904-T1, DBVPG3444_009178-T1, DBVPG3444_014961-T1, DBVPG3775_003008-T1, DBVPG3775_007577-T1
GF00000384	DBVPG3444_000679-T1, DBVPG3444_001894-T1, DBVPG3444_001583-T1, DBVPG3444_013900-T1, DBVPG3775_003018-T1, DBVPG3775_006693-T1
GF00000385	DBVPG3444_000680-T1, DBVPG3444_001893-T1, DBVPG3444_009534-T1, DBVPG3444_007611-T1, DBVPG3775_003019-T1, DBVPG3775_004575-T1
GF00000386	DBVPG3444_000688-T1, DBVPG3444_001883-T1, DBVPG3444_014226-T1, DBVPG3444_004307-T1, DBVPG3775_003027-T1, DBVPG3775_003845-T1
GF00000387	DBVPG3444_002632-T1, DBVPG3444_006573-T1, DBVPG3444_013133-T1, DBVPG3444_013007-T1, DBVPG3775_000698-T1, DBVPG3775_000876-T1
GF00000388	DBVPG3444_000715-T1, DBVPG3444_006856-T1, DBVPG3444_005957-T1, DBVPG3444_007573-T1, DBVPG3775_004536-T1, DBVPG3775_006555-T1
GF00000389	DBVPG3444_000716-T1, DBVPG3444_006855-T1, DBVPG3444_008274-T1, DBVPG3444_012628-T1, DBVPG3775_004513-T1, DBVPG3775_006556-T1
GF00000390	DBVPG3444_000735-T1, DBVPG3444_006836-T1, DBVPG3444_003288-T1, DBVPG3444_001666-T1, DBVPG3775_005228-T1, DBVPG3775_006576-T1
GF00000391	DBVPG3444_000753-T1, DBVPG3444_010979-T1, DBVPG3444_007335-T1, DBVPG3444_006562-T1, DBVPG3775_000432-T1, DBVPG3775_007418-T1
GF00000392	DBVPG3444_000760-T1, DBVPG3444_010986-T1, DBVPG3444_002484-T1, DBVPG3444_001770-T1, DBVPG3775_002368-T1, DBVPG3775_007425-T1
GF00000393	DBVPG3444_000762-T1, DBVPG3444_010988-T1, DBVPG3444_003884-T1, DBVPG3444_012655-T1, DBVPG3775_003487-T1, DBVPG3775_007427-T1
GF00000394	DBVPG3444_000796-T1, DBVPG3444_006235-T1, DBVPG3444_009639-T1, DBVPG3444_007206-T1, DBVPG3775_001203-T1, DBVPG3775_004116-T1
GF00000395	DBVPG3444_000849-T1, DBVPG3444_012856-T1, DBVPG3444_004280-T1, DBVPG3444_013477-T1, DBVPG3775_001255-T1, DBVPG3775_004808-T1
GF00000396	DBVPG3444_013339-T1, DBVPG3444_002719-T1, DBVPG3444_009663-T1, DBVPG3444_007800-T1, DBVPG3775_000120-T1, DBVPG3775_005362-T1
GF00000397	DBVPG3444_000886-T1, DBVPG3444_005272-T1, DBVPG3444_011569-T1, DBVPG3444_003878-T1, DBVPG3775_001297-T1, DBVPG3775_003481-T1
GF00000398	DBVPG3444_000888-T1, DBVPG3444_013253-T1, DBVPG3444_002653-T1, DBVPG3444_013970-T1, DBVPG3775_000899-T1, DBVPG3775_007395-T1
GF00000399	DBVPG3444_000891-T1, DBVPG3444_013250-T1, DBVPG3444_005874-T1, DBVPG3444_006739-T1, DBVPG3775_006400-T1, DBVPG3775_007398-T1
GF00000400	DBVPG3444_000893-T1, DBVPG3444_013248-T1, DBVPG3444_004811-T1, DBVPG3444_014494-T1, DBVPG3775_000647-T1, DBVPG3775_007400-T1
GF00000401	DBVPG3444_000903-T1, DBVPG3444_001128-T1, DBVPG3444_014270-T1, DBVPG3444_004318-T1, DBVPG3775_003855-T1, DBVPG3775_007410-T1
GF00000402	DBVPG3444_000920-T1, DBVPG3444_001113-T1, DBVPG3444_012312-T1, DBVPG3444_002814-T1, DBVPG3775_002266-T1, DBVPG3775_004935-T1
GF00000403	DBVPG3444_000922-T1, DBVPG3444_001110-T1, DBVPG3444_000923-T1, DBVPG3444_001109-T1, DBVPG3775_004931-T1, DBVPG3775_004932-T1
GF00000404	DBVPG3444_000941-T1, DBVPG3444_001090-T1, DBVPG3444_005011-T1, DBVPG3444_011089-T1, DBVPG3775_000282-T1, DBVPG3775_004913-T1
GF00000405	DBVPG3444_000959-T1, DBVPG3444_001069-T1, DBVPG3444_009501-T1, DBVPG3444_006646-T1, DBVPG3775_004892-T1, DBVPG3775_007188-T1
GF00000406	DBVPG3444_000962-T1, DBVPG3444_001066-T1, DBVPG3444_002637-T1, DBVPG3444_012348-T1, DBVPG3775_000881-T1, DBVPG3775_004888-T1
GF00000407	DBVPG3444_000978-T1, DBVPG3444_001049-T1, DBVPG3444_004936-T1, DBVPG3444_012124-T1, DBVPG3775_004872-T1, DBVPG3775_007371-T1
GF00000408	DBVPG3444_000985-T1, DBVPG3444_001041-T1, DBVPG3444_003072-T1, DBVPG3775_004865-T1, DBVPG3775_006880-T1, DBVPG3775_006881-T1
GF00000409	DBVPG3444_001001-T1, DBVPG3444_001023-T1, DBVPG3444_001019-T1, DBVPG3444_004288-T1, DBVPG3775_004843-T1, DBVPG3775_004847-T1
GF00000410	DBVPG3444_001008-T1, DBVPG3444_004300-T1, DBVPG3444_013642-T1, DBVPG3444_010598-T1, DBVPG3775_004832-T1, DBVPG3775_007363-T1
GF00000411	DBVPG3444_001009-T1, DBVPG3444_004299-T1, DBVPG3444_010597-T1, DBVPG3444_013643-T1, DBVPG3775_004833-T1, DBVPG3775_007364-T1
GF00000412	DBVPG3444_001072-T1, DBVPG3444_001862-T1, DBVPG3444_014694-T1, DBVPG3444_013237-T1, DBVPG3775_001393-T1, DBVPG3775_004894-T1
GF00000413	DBVPG3444_001133-T1, DBVPG3444_007042-T1, DBVPG3444_005755-T1, DBVPG3444_006030-T1, DBVPG3775_002212-T1, DBVPG3775_003800-T1
GF00000414	DBVPG3444_001361-T1, DBVPG3444_002995-T1, DBVPG3444_011519-T1, DBVPG3444_010803-T1, DBVPG3775_000202-T1, DBVPG3775_005531-T1
GF00000415	DBVPG3444_001395-T1, DBVPG3444_001396-T1, DBVPG3444_003027-T1, DBVPG3444_003026-T1, DBVPG3775_000167-T1, DBVPG3775_000168-T1
GF00000416	DBVPG3444_001408-T1, DBVPG3444_003040-T1, DBVPG3444_007274-T1, DBVPG3444_007231-T1, DBVPG3775_000008-T1, DBVPG3775_000155-T1
GF00000417	DBVPG3444_001420-T1, DBVPG3444_003051-T1, DBVPG3444_003750-T1, DBVPG3444_012700-T1, DBVPG3775_000143-T1, DBVPG3775_003596-T1
GF00000418	DBVPG3444_001435-T1, DBVPG3444_012679-T1, DBVPG3444_006619-T1, DBVPG3444_002588-T1, DBVPG3775_000487-T1, DBVPG3775_000832-T1
GF00000419	DBVPG3444_001446-T1, DBVPG3444_007864-T1, DBVPG3444_013748-T1, DBVPG3444_014628-T1, DBVPG3775_004005-T1, DBVPG3775_004294-T1
GF00000420	DBVPG3444_001476-T1, DBVPG3444_007895-T1, DBVPG3444_010596-T1, DBVPG3444_013644-T1, DBVPG3775_005145-T1, DBVPG3775_007365-T1
GF00000421	DBVPG3444_001482-T1, DBVPG3444_004050-T1, DBVPG3444_012703-T1, DBVPG3444_003753-T1, DBVPG3775_001945-T1, DBVPG3775_003599-T1
GF00000422	DBVPG3444_001543-T1, DBVPG3444_008461-T1, DBVPG3444_001544-T1, DBVPG3775_006735-T1, DBVPG3775_006736-T1, DBVPG3775_006737-T1
GF00000423	DBVPG3444_001590-T1, DBVPG3444_006489-T1, DBVPG3444_013194-T1, DBVPG3444_010914-T1, DBVPG3775_005158-T1, DBVPG3775_007150-T1
GF00000424	DBVPG3444_001591-T1, DBVPG3444_010915-T1, DBVPG3444_006490-T1, DBVPG3444_013195-T1, DBVPG3775_005159-T1, DBVPG3775_007151-T1
GF00000425	DBVPG3444_001652-T1, DBVPG3444_003304-T1, DBVPG3444_011493-T1, DBVPG3444_010886-T1, DBVPG3775_005215-T1, DBVPG3775_006030-T1
GF00000426	DBVPG3444_001719-T1, DBVPG3444_002425-T1, DBVPG3444_005987-T1, DBVPG3444_012594-T1, DBVPG3775_002427-T1, DBVPG3775_004637-T1
GF00000427	DBVPG3444_001733-T1, DBVPG3444_002442-T1, DBVPG3444_010052-T1, DBVPG3444_006398-T1, DBVPG3775_002409-T1, DBVPG3775_002410-T1
GF00000428	DBVPG3444_001753-T1, DBVPG3444_002463-T1, DBVPG3444_007279-T1, DBVPG3444_007226-T1, DBVPG3775_000003-T1, DBVPG3775_002388-T1
GF00000429	DBVPG3444_001759-T1, DBVPG3444_002472-T1, DBVPG3444_003564-T1, DBVPG3444_008001-T1, DBVPG3775_000975-T1, DBVPG3775_002379-T1
GF00000430	DBVPG3444_001769-T1, DBVPG3444_002483-T1, DBVPG3444_009487-T1, DBVPG3444_005182-T1, DBVPG3775_002369-T1, DBVPG3775_005888-T1
GF00000431	DBVPG3444_001784-T1, DBVPG3444_014418-T1, DBVPG3444_010525-T1, DBVPG3444_009812-T1, DBVPG3775_001470-T1, DBVPG3775_002690-T1
GF00000432	DBVPG3444_008595-T1, DBVPG3444_005035-T1, DBVPG3444_003430-T1, DBVPG3444_006061-T1, DBVPG3775_000257-T1, DBVPG3775_003297-T1
GF00000433	DBVPG3444_001834-T1, DBVPG3444_004471-T1, DBVPG3444_014216-T1, DBVPG3444_012517-T1, DBVPG3775_001420-T1, DBVPG3775_007433-T1
GF00000434	DBVPG3444_001835-T1, DBVPG3444_004472-T1, DBVPG3444_002323-T1, DBVPG3444_002873-T1, DBVPG3775_001419-T1, DBVPG3775_002838-T1
GF00000435	DBVPG3444_001840-T1, DBVPG3444_004477-T1, DBVPG3444_012093-T1, DBVPG3444_013347-T1, DBVPG3775_001414-T1, DBVPG3775_005510-T1
GF00000436	DBVPG3444_007095-T1, DBVPG3444_008670-T1, DBVPG3444_012286-T1, DBVPG3444_012226-T1, DBVPG3775_004977-T1, DBVPG3775_006913-T1
GF00000437	DBVPG3444_001870-T1, DBVPG3444_013229-T1, DBVPG3444_003445-T1, DBVPG3444_006074-T1, DBVPG3775_001385-T1, DBVPG3775_003282-T1
GF00000438	DBVPG3444_001934-T1, DBVPG3444_013574-T1, DBVPG3444_005178-T1, DBVPG3444_009483-T1, DBVPG3775_002977-T1, DBVPG3775_005884-T1
GF00000439	DBVPG3444_001964-T1, DBVPG3444_010422-T1, DBVPG3444_013522-T1, DBVPG3444_004973-T1, DBVPG3775_002308-T1, DBVPG3775_002947-T1
GF00000440	DBVPG3444_001966-T1, DBVPG3444_010426-T1, DBVPG3444_001967-T1, DBVPG3444_001968-T1, DBVPG3775_002942-T1, DBVPG3775_002943-T1
GF00000441	DBVPG3444_002021-T1, DBVPG3444_012187-T1, DBVPG3444_002056-T1, DBVPG3444_009572-T1, DBVPG3775_003143-T1, DBVPG3775_003180-T1
GF00000442	DBVPG3444_002034-T1, DBVPG3444_009596-T1, DBVPG3444_013300-T1, DBVPG3444_010136-T1, DBVPG3775_003156-T1, DBVPG3775_007349-T1
GF00000443	DBVPG3444_002045-T1, DBVPG3444_009585-T1, DBVPG3444_004355-T1, DBVPG3444_008305-T1, DBVPG3775_003167-T1, DBVPG3775_003893-T1
GF00000444	DBVPG3444_002125-T1, DBVPG3444_005402-T1, DBVPG3444_003586-T1, DBVPG3444_008021-T1, DBVPG3775_000953-T1, DBVPG3775_001130-T1
GF00000445	DBVPG3444_002133-T1, DBVPG3444_005410-T1, DBVPG3444_014060-T1, DBVPG3444_008467-T1, DBVPG3775_001122-T1, DBVPG3775_005426-T1
GF00000446	DBVPG3444_002136-T1, DBVPG3444_005413-T1, DBVPG3444_004188-T1, DBVPG3444_011099-T1, DBVPG3775_001119-T1, DBVPG3775_005847-T1
GF00000447	DBVPG3444_002139-T1, DBVPG3444_005417-T1, DBVPG3444_013279-T1, DBVPG3444_011031-T1, DBVPG3775_001116-T1, DBVPG3775_005491-T1
GF00000448	DBVPG3444_002151-T1, DBVPG3444_009210-T1, DBVPG3444_013983-T1, DBVPG3444_005723-T1, DBVPG3775_001873-T1, DBVPG3775_002672-T1
GF00000449	DBVPG3444_002157-T1, DBVPG3444_009215-T1, DBVPG3444_009976-T1, DBVPG3444_013435-T1, DBVPG3775_002667-T1, DBVPG3775_004085-T1
GF00000450	DBVPG3444_002164-T1, DBVPG3444_009223-T1, DBVPG3444_011718-T1, DBVPG3444_008720-T1, DBVPG3775_002660-T1, DBVPG3775_007025-T1
GF00000451	DBVPG3444_002197-T1, DBVPG3444_014236-T1, DBVPG3444_013016-T1, DBVPG3444_012266-T1, DBVPG3775_001649-T1, DBVPG3775_002626-T1
GF00000452	DBVPG3444_002198-T1, DBVPG3444_014235-T1, DBVPG3444_008849-T1, DBVPG3444_009489-T1, DBVPG3775_002625-T1, DBVPG3775_005890-T1
GF00000453	DBVPG3444_002201-T1, DBVPG3444_014233-T1, DBVPG3444_002202-T1, DBVPG3444_014232-T1, DBVPG3775_002621-T1, DBVPG3775_002623-T1
GF00000454	DBVPG3444_002213-T1, DBVPG3444_011757-T1, DBVPG3444_010116-T1, DBVPG3444_012193-T1, DBVPG3775_000668-T1, DBVPG3775_002610-T1
GF00000455	DBVPG3444_002336-T1, DBVPG3444_002886-T1, DBVPG3444_006813-T1, DBVPG3444_004665-T1, DBVPG3775_002484-T1, DBVPG3775_002851-T1
GF00000456	DBVPG3444_002364-T1, DBVPG3444_002855-T1, DBVPG3444_013444-T1, DBVPG3444_009477-T1, DBVPG3775_002156-T1, DBVPG3775_002821-T1
GF00000457	DBVPG3444_002375-T1, DBVPG3444_002845-T1, DBVPG3444_014691-T1, DBVPG3444_012006-T1, DBVPG3775_002811-T1, DBVPG3775_007093-T1
GF00000458	DBVPG3444_002440-T1, DBVPG3444_010051-T1, DBVPG3444_006396-T1, DBVPG3444_006397-T1, DBVPG3775_000775-T1, DBVPG3775_002412-T1
GF00000459	DBVPG3444_002501-T1, DBVPG3444_004121-T1, DBVPG3444_012556-T1, DBVPG3444_009518-T1, DBVPG3775_001045-T1, DBVPG3775_004590-T1
GF00000460	DBVPG3444_002509-T1, DBVPG3444_004114-T1, DBVPG3444_002510-T1, DBVPG3444_002511-T1, DBVPG3775_001036-T1, DBVPG3775_001037-T1
GF00000461	DBVPG3444_006122-T1, DBVPG3444_002683-T1, DBVPG3444_006647-T1, DBVPG3444_009502-T1, DBVPG3775_006476-T1, DBVPG3775_007189-T1
GF00000462	DBVPG3444_002537-T1, DBVPG3444_004087-T1, DBVPG3444_009829-T1, DBVPG3444_012210-T1, DBVPG3775_004211-T1, DBVPG3775_006802-T1
GF00000463	DBVPG3444_008969-T1, DBVPG3444_013464-T1, DBVPG3444_004011-T1, DBVPG3444_010432-T1, DBVPG3775_002530-T1, DBVPG3775_002937-T1
GF00000464	DBVPG3444_002614-T1, DBVPG3444_006591-T1, DBVPG3444_005555-T1, DBVPG3444_006908-T1, DBVPG3775_000858-T1, DBVPG3775_007223-T1
GF00000465	DBVPG3444_002645-T1, DBVPG3444_012338-T1, DBVPG3444_010108-T1, DBVPG3444_012200-T1, DBVPG3775_000675-T1, DBVPG3775_000891-T1
GF00000466	DBVPG3444_002654-T1, DBVPG3444_013971-T1, DBVPG3444_012808-T1, DBVPG3444_011004-T1, DBVPG3775_000900-T1, DBVPG3775_007269-T1
GF00000467	DBVPG3444_002665-T1, DBVPG3444_006139-T1, DBVPG3444_012981-T1, DBVPG3444_008147-T1, DBVPG3775_005550-T1, DBVPG3775_006459-T1
GF00000468	DBVPG3444_002692-T1, DBVPG3444_006112-T1, DBVPG3444_007117-T1, DBVPG3444_013471-T1, DBVPG3775_004956-T1, DBVPG3775_006485-T1
GF00000469	DBVPG3444_002700-T1, DBVPG3444_006104-T1, DBVPG3444_003671-T1, DBVPG3444_008229-T1, DBVPG3775_001548-T1, DBVPG3775_006493-T1
GF00000470	DBVPG3444_002706-T1, DBVPG3444_006097-T1, DBVPG3444_002709-T1, DBVPG3444_006094-T1, DBVPG3775_006499-T1, DBVPG3775_006503-T1
GF00000471	DBVPG3444_002715-T1, DBVPG3444_013335-T1, DBVPG3444_008482-T1, DBVPG3444_013487-T1, DBVPG3775_005358-T1, DBVPG3775_005411-T1
GF00000472	DBVPG3444_002770-T1, DBVPG3444_010296-T1, DBVPG3444_008070-T1, DBVPG3444_006292-T1, DBVPG3775_000994-T1, DBVPG3775_004672-T1
GF00000473	DBVPG3444_002785-T1, DBVPG3444_009434-T1, DBVPG3444_006543-T1, DBVPG3444_007354-T1, DBVPG3775_000451-T1, DBVPG3775_002236-T1
GF00000474	DBVPG3444_002788-T1, DBVPG3444_009431-T1, DBVPG3444_004178-T1, DBVPG3444_011697-T1, DBVPG3775_002240-T1, DBVPG3775_005856-T1
GF00000475	DBVPG3444_002856-T1, DBVPG3444_012881-T1, DBVPG3444_006369-T1, DBVPG3444_007667-T1, DBVPG3775_000801-T1, DBVPG3775_002822-T1
GF00000476	DBVPG3444_002903-T1, DBVPG3444_013720-T1, DBVPG3444_008065-T1, DBVPG3444_011313-T1, DBVPG3775_002730-T1, DBVPG3775_007522-T1
GF00000477	DBVPG3444_007296-T1, DBVPG3444_005593-T1, DBVPG3444_014367-T1, DBVPG3444_005997-T1, DBVPG3775_000065-T1, DBVPG3775_004646-T1
GF00000478	DBVPG3444_009630-T1, DBVPG3444_014539-T1, DBVPG3444_013670-T1, DBVPG3444_014498-T1, DBVPG3775_004819-T1, DBVPG3775_005796-T1
GF00000479	DBVPG3444_002967-T1, DBVPG3444_009179-T1, DBVPG3444_011679-T1, DBVPG3444_004162-T1, DBVPG3775_005873-T1, DBVPG3775_006642-T1
GF00000480	DBVPG3444_003064-T1, DBVPG3444_006883-T1, DBVPG3444_014115-T1, DBVPG3444_008516-T1, DBVPG3775_004306-T1, DBVPG3775_006872-T1
GF00000481	DBVPG3444_003153-T1, DBVPG3444_006176-T1, DBVPG3444_013957-T1, DBVPG3444_012624-T1, DBVPG3775_000692-T1, DBVPG3775_005289-T1
GF00000482	DBVPG3444_003185-T1, DBVPG3444_010332-T1, DBVPG3444_013325-T1, DBVPG3444_008907-T1, DBVPG3775_000543-T1, DBVPG3775_005258-T1
GF00000483	DBVPG3444_003214-T1, DBVPG3444_005707-T1, DBVPG3444_011952-T1, DBVPG3444_009094-T1, DBVPG3775_001855-T1, DBVPG3775_002564-T1
GF00000484	DBVPG3444_003224-T1, DBVPG3444_005692-T1, DBVPG3444_011803-T1, DBVPG3444_009126-T1, DBVPG3775_001845-T1, DBVPG3775_004602-T1
GF00000485	DBVPG3444_003250-T1, DBVPG3444_013409-T1, DBVPG3444_003251-T1, DBVPG3444_013410-T1, DBVPG3775_001817-T1, DBVPG3775_001818-T1
GF00000486	DBVPG3444_003255-T1, DBVPG3444_013414-T1, DBVPG3444_008747-T1, DBVPG3444_012851-T1, DBVPG3775_001813-T1, DBVPG3775_003910-T1
GF00000487	DBVPG3444_011683-T1, DBVPG3444_004166-T1, DBVPG3444_004875-T1, DBVPG3444_009900-T1, DBVPG3775_001591-T1, DBVPG3775_005869-T1
GF00000488	DBVPG3444_003273-T1, DBVPG3444_006948-T1, DBVPG3444_011479-T1, DBVPG3444_005840-T1, DBVPG3775_001796-T1, DBVPG3775_004449-T1
GF00000489	DBVPG3444_003424-T1, DBVPG3444_011837-T1, DBVPG3444_009547-T1, DBVPG3444_008202-T1, DBVPG3775_003409-T1, DBVPG3775_006947-T1
GF00000490	DBVPG3444_011075-T1, DBVPG3444_005024-T1, DBVPG3444_003544-T1, DBVPG3444_003945-T1, DBVPG3775_000268-T1, DBVPG3775_003340-T1
GF00000491	DBVPG3444_003453-T1, DBVPG3444_003450-T1, DBVPG3444_003454-T1, DBVPG3775_003273-T1, DBVPG3775_003274-T1, DBVPG3775_003277-T1
GF00000492	DBVPG3444_003470-T1, DBVPG3444_010866-T1, DBVPG3444_010416-T1, DBVPG3444_006054-T1, DBVPG3775_003257-T1, DBVPG3775_003305-T1
GF00000493	DBVPG3444_003484-T1, DBVPG3444_010851-T1, DBVPG3444_003573-T1, DBVPG3444_008009-T1, DBVPG3775_000966-T1, DBVPG3775_003242-T1
GF00000494	DBVPG3444_003493-T1, DBVPG3444_003894-T1, DBVPG3444_009567-T1, DBVPG3444_008221-T1, DBVPG3775_003390-T1, DBVPG3775_007354-T1
GF00000495	DBVPG3444_003498-T1, DBVPG3444_003899-T1, DBVPG3444_003907-T1, DBVPG3444_003511-T1, DBVPG3775_003375-T1, DBVPG3775_003383-T1
GF00000496	DBVPG3444_003528-T1, DBVPG3444_003926-T1, DBVPG3444_008845-T1, DBVPG3444_009493-T1, DBVPG3775_003358-T1, DBVPG3775_005894-T1
GF00000497	DBVPG3444_003531-T1, DBVPG3444_003929-T1, DBVPG3444_011517-T1, DBVPG3444_010801-T1, DBVPG3775_003355-T1, DBVPG3775_005533-T1
GF00000498	DBVPG3444_003541-T1, DBVPG3444_003942-T1, DBVPG3444_003939-T1, DBVPG3444_003941-T1, DBVPG3775_003343-T1, DBVPG3775_003345-T1
GF00000499	DBVPG3444_003554-T1, DBVPG3444_010390-T1, DBVPG3444_010392-T1, DBVPG3444_003555-T1, DBVPG3775_003329-T1, DBVPG3775_003331-T1
GF00000500	DBVPG3444_003557-T1, DBVPG3444_006302-T1, DBVPG3444_014921-T1, DBVPG3444_007997-T1, DBVPG3444_007998-T1, DBVPG3775_000985-T1
GF00000501	DBVPG3444_003579-T1, DBVPG3444_008015-T1, DBVPG3444_009679-T1, DBVPG3444_007815-T1, DBVPG3775_000105-T1, DBVPG3775_000960-T1
GF00000502	DBVPG3444_003582-T1, DBVPG3444_008018-T1, DBVPG3444_009549-T1, DBVPG3444_008204-T1, DBVPG3775_000957-T1, DBVPG3775_003407-T1
GF00000503	DBVPG3444_003609-T1, DBVPG3444_011145-T1, DBVPG3444_005751-T1, DBVPG3444_006026-T1, DBVPG3775_000913-T1, DBVPG3775_002216-T1
GF00000504	DBVPG3444_003653-T1, DBVPG3444_013401-T1, DBVPG3444_010398-T1, DBVPG3444_013423-T1, DBVPG3775_001529-T1, DBVPG3775_003322-T1
GF00000505	DBVPG3444_007265-T1, DBVPG3444_004839-T1, DBVPG3444_005480-T1, DBVPG3444_007239-T1, DBVPG3775_000017-T1, DBVPG3775_000620-T1
GF00000506	DBVPG3444_003677-T1, DBVPG3444_008235-T1, DBVPG3444_005722-T1, DBVPG3444_013982-T1, DBVPG3775_001554-T1, DBVPG3775_001872-T1
GF00000507	DBVPG3444_003679-T1, DBVPG3444_008237-T1, DBVPG3444_014426-T1, DBVPG3444_014566-T1, DBVPG3775_000508-T1, DBVPG3775_001556-T1
GF00000508	DBVPG3444_003697-T1, DBVPG3444_008255-T1, DBVPG3444_015081-T1, DBVPG3444_015050-T1, DBVPG3444_013126-T1, DBVPG3775_001575-T1
GF00000509	DBVPG3444_013684-T1, DBVPG3444_013546-T1, DBVPG3444_003837-T1, DBVPG3444_013189-T1, DBVPG3775_003523-T1, DBVPG3775_006548-T1
GF00000510	DBVPG3444_003757-T1, DBVPG3444_010341-T1, DBVPG3444_012100-T1, DBVPG3444_011043-T1, DBVPG3775_001731-T1, DBVPG3775_005503-T1
GF00000511	DBVPG3444_003803-T1, DBVPG3444_003822-T1, DBVPG3444_012379-T1, DBVPG3775_001669-T1, DBVPG3775_001670-T1, DBVPG3775_001687-T1
GF00000512	DBVPG3444_006775-T1, DBVPG3444_005912-T1, DBVPG3444_004742-T1, DBVPG3444_010307-T1, DBVPG3775_005475-T1, DBVPG3775_006362-T1
GF00000513	DBVPG3444_005184-T1, DBVPG3444_005353-T1, DBVPG3444_008207-T1, DBVPG3444_009552-T1, DBVPG3775_003404-T1, DBVPG3775_006021-T1
GF00000514	DBVPG3444_003865-T1, DBVPG3444_011559-T1, DBVPG3444_005052-T1, DBVPG3444_008615-T1, DBVPG3775_000238-T1, DBVPG3775_003471-T1
GF00000515	DBVPG3444_003871-T1, DBVPG3444_010897-T1, DBVPG3444_014946-T1, DBVPG3444_007132-T1, DBVPG3444_014960-T1, DBVPG3444_015071-T1
GF00000516	DBVPG3444_009370-T1, DBVPG3444_007499-T1, DBVPG3444_008128-T1, DBVPG3444_012826-T1, DBVPG3775_005569-T1, DBVPG3775_005626-T1
GF00000517	DBVPG3444_004008-T1, DBVPG3444_010435-T1, DBVPG3444_013540-T1, DBVPG3444_005802-T1, DBVPG3775_002165-T1, DBVPG3775_002934-T1
GF00000518	DBVPG3444_004061-T1, DBVPG3444_012796-T1, DBVPG3444_004752-T1, DBVPG3444_011025-T1, DBVPG3775_001957-T1, DBVPG3775_005485-T1
GF00000519	DBVPG3444_005772-T1, DBVPG3444_014337-T1, DBVPG3444_005776-T1, DBVPG3775_002191-T1, DBVPG3775_002195-T1, DBVPG3775_002196-T1
GF00000520	DBVPG3444_004141-T1, DBVPG3444_007989-T1, DBVPG3444_010892-T1, DBVPG3444_006474-T1, DBVPG3775_001066-T1, DBVPG3775_007135-T1
GF00000521	DBVPG3444_004159-T1, DBVPG3444_014599-T1, DBVPG3444_011323-T1, DBVPG3444_012717-T1, DBVPG3775_002720-T1, DBVPG3775_003537-T1
GF00000522	DBVPG3444_004179-T1, DBVPG3444_011698-T1, DBVPG3444_008383-T1, DBVPG3444_012166-T1, DBVPG3775_005674-T1, DBVPG3775_005855-T1
GF00000523	DBVPG3444_004193-T1, DBVPG3444_011104-T1, DBVPG3444_009958-T1, DBVPG3444_012319-T1, DBVPG3775_004103-T1, DBVPG3775_005842-T1
GF00000524	DBVPG3444_004229-T1, DBVPG3444_007010-T1, DBVPG3444_007137-T1, DBVPG3444_004523-T1, DBVPG3775_004746-T1, DBVPG3775_006116-T1
GF00000525	DBVPG3444_004243-T1, DBVPG3444_007026-T1, DBVPG3444_005300-T1, DBVPG3444_005239-T1, DBVPG3775_004763-T1, DBVPG3775_005967-T1
GF00000526	DBVPG3444_004257-T1, DBVPG3444_014956-T1, DBVPG3444_004258-T1, DBVPG3444_015067-T1, DBVPG3444_010735-T1, DBVPG3775_004778-T1
GF00000527	DBVPG3444_004261-T1, DBVPG3444_010731-T1, DBVPG3444_004982-T1, DBVPG3444_013515-T1, DBVPG3775_002316-T1, DBVPG3775_004784-T1
GF00000528	DBVPG3444_004326-T1, DBVPG3444_008335-T1, DBVPG3444_009048-T1, DBVPG3444_008795-T1, DBVPG3775_000400-T1, DBVPG3775_003863-T1
GF00000529	DBVPG3444_004340-T1, DBVPG3444_008320-T1, DBVPG3444_007477-T1, DBVPG3444_010202-T1, DBVPG3775_003878-T1, DBVPG3775_006523-T1
GF00000530	DBVPG3444_004362-T1, DBVPG3444_014891-T1, DBVPG3444_015003-T1, DBVPG3444_015037-T1, DBVPG3775_007574-T1, DBVPG3775_007580-T1
GF00000531	DBVPG3444_004427-T1, DBVPG3444_012761-T1, DBVPG3444_004724-T1, DBVPG3444_010327-T1, DBVPG3775_005457-T1, DBVPG3775_005945-T1
GF00000532	DBVPG3444_004524-T1, DBVPG3444_007138-T1, DBVPG3444_006742-T1, DBVPG3444_005877-T1, DBVPG3775_006115-T1, DBVPG3775_006397-T1
GF00000533	DBVPG3444_004526-T1, DBVPG3444_007142-T1, DBVPG3444_005517-T1, DBVPG3444_014156-T1, DBVPG3444_004527-T1, DBVPG3775_006111-T1
GF00000534	DBVPG3444_008956-T1, DBVPG3444_010762-T1, DBVPG3444_008955-T1, DBVPG3444_010763-T1, DBVPG3775_003965-T1, DBVPG3775_006105-T1
GF00000535	DBVPG3444_004532-T1, DBVPG3444_007149-T1, DBVPG3444_009911-T1, DBVPG3444_004886-T1, DBVPG3775_001602-T1, DBVPG3775_006103-T1
GF00000536	DBVPG3444_004545-T1, DBVPG3444_007162-T1, DBVPG3444_005125-T1, DBVPG3444_013086-T1, DBVPG3775_006089-T1, DBVPG3775_007056-T1
GF00000537	DBVPG3444_004610-T1, DBVPG3444_008403-T1, DBVPG3444_014081-T1, DBVPG3444_010009-T1, DBVPG3775_004019-T1, DBVPG3775_005695-T1
GF00000538	DBVPG3444_005341-T1, DBVPG3444_005196-T1, DBVPG3444_005340-T1, DBVPG3444_005197-T1, DBVPG3775_006008-T1, DBVPG3775_006009-T1
GF00000539	DBVPG3444_004705-T1, DBVPG3444_007545-T1, DBVPG3444_014278-T1, DBVPG3444_012432-T1, DBVPG3775_001759-T1, DBVPG3775_006062-T1
GF00000540	DBVPG3444_004785-T1, DBVPG3444_010951-T1, DBVPG3444_010774-T1, DBVPG3444_008943-T1, DBVPG3775_003954-T1, DBVPG3775_006247-T1
GF00000541	DBVPG3444_004788-T1, DBVPG3444_009868-T1, DBVPG3444_009879-T1, DBVPG3444_004796-T1, DBVPG3775_006252-T1, DBVPG3775_006262-T1
GF00000542	DBVPG3444_004800-T1, DBVPG3444_009886-T1, DBVPG3444_009893-T1, DBVPG3444_004807-T1, DBVPG3775_006269-T1, DBVPG3775_006276-T1
GF00000543	DBVPG3444_004801-T1, DBVPG3444_009887-T1, DBVPG3444_013202-T1, DBVPG3444_006496-T1, DBVPG3775_006270-T1, DBVPG3775_007157-T1
GF00000544	DBVPG3444_004850-T1, DBVPG3444_004851-T1, DBVPG3444_005494-T1, DBVPG3444_005491-T1, DBVPG3775_000608-T1, DBVPG3775_000609-T1
GF00000545	DBVPG3444_004857-T1, DBVPG3444_005500-T1, DBVPG3444_009084-T1, DBVPG3444_011943-T1, DBVPG3775_000599-T1, DBVPG3775_002573-T1
GF00000546	DBVPG3444_004864-T1, DBVPG3444_005506-T1, DBVPG3444_004865-T1, DBVPG3444_005507-T1, DBVPG3775_000591-T1, DBVPG3775_000592-T1
GF00000547	DBVPG3444_004931-T1, DBVPG3444_012119-T1, DBVPG3444_014027-T1, DBVPG3444_012204-T1, DBVPG3775_000653-T1, DBVPG3775_007376-T1
GF00000548	DBVPG3444_004961-T1, DBVPG3444_012892-T1, DBVPG3444_013363-T1, DBVPG3444_014186-T1, DBVPG3775_002296-T1, DBVPG3775_005313-T1
GF00000549	DBVPG3444_005056-T1, DBVPG3444_008619-T1, DBVPG3444_008620-T1, DBVPG3444_005057-T1, DBVPG3775_000233-T1, DBVPG3775_000234-T1
GF00000550	DBVPG3444_005110-T1, DBVPG3444_009003-T1, DBVPG3444_011444-T1, DBVPG3444_006988-T1, DBVPG3775_004722-T1, DBVPG3775_006288-T1
GF00000551	DBVPG3444_005137-T1, DBVPG3444_010605-T1, DBVPG3444_010521-T1, DBVPG3444_009808-T1, DBVPG3775_002694-T1, DBVPG3775_007068-T1
GF00000552	DBVPG3444_005146-T1, DBVPG3444_009499-T1, DBVPG3444_006644-T1, DBVPG3444_012004-T1, DBVPG3444_012005-T1, DBVPG3775_007186-T1
GF00000553	DBVPG3444_005153-T1, DBVPG3444_010616-T1, DBVPG3444_010617-T1, DBVPG3444_005154-T1, DBVPG3775_007078-T1, DBVPG3775_007079-T1
GF00000554	DBVPG3444_005218-T1, DBVPG3444_005322-T1, DBVPG3444_006046-T1, DBVPG3444_010408-T1, DBVPG3775_003312-T1, DBVPG3775_005990-T1
GF00000555	DBVPG3444_005220-T1, DBVPG3444_005320-T1, DBVPG3444_012477-T1, DBVPG3444_012392-T1, DBVPG3775_004342-T1, DBVPG3775_005988-T1
GF00000556	DBVPG3444_005222-T1, DBVPG3444_005318-T1, DBVPG3444_005223-T1, DBVPG3444_005317-T1, DBVPG3775_005985-T1, DBVPG3775_005986-T1
GF00000557	DBVPG3444_007505-T1, DBVPG3444_008116-T1, DBVPG3444_009364-T1, DBVPG3444_012726-T1, DBVPG3775_005580-T1, DBVPG3775_005621-T1
GF00000558	DBVPG3444_005238-T1, DBVPG3444_005301-T1, DBVPG3444_008941-T1, DBVPG3444_010776-T1, DBVPG3775_003952-T1, DBVPG3775_005968-T1
GF00000559	DBVPG3444_005256-T1, DBVPG3444_009746-T1, DBVPG3444_009745-T1, DBVPG3775_001319-T1, DBVPG3775_001320-T1, DBVPG3775_001321-T1
GF00000560	DBVPG3444_005556-T1, DBVPG3444_006907-T1, DBVPG3444_011327-T1, DBVPG3444_012713-T1, DBVPG3775_002716-T1, DBVPG3775_007224-T1
GF00000561	DBVPG3444_005566-T1, DBVPG3444_006899-T1, DBVPG3444_006898-T1, DBVPG3444_005567-T1, DBVPG3775_006857-T1, DBVPG3775_006858-T1
GF00000562	DBVPG3444_005573-T1, DBVPG3444_013677-T1, DBVPG3444_007254-T1, DBVPG3444_012458-T1, DBVPG3775_000028-T1, DBVPG3775_000045-T1
GF00000563	DBVPG3444_005608-T1, DBVPG3444_007310-T1, DBVPG3444_005827-T1, DBVPG3444_010741-T1, DBVPG3775_000079-T1, DBVPG3775_004462-T1
GF00000564	DBVPG3444_005613-T1, DBVPG3444_007315-T1, DBVPG3444_009789-T1, DBVPG3444_013053-T1, DBVPG3775_000084-T1, DBVPG3775_005351-T1
GF00000565	DBVPG3444_005731-T1, DBVPG3444_014006-T1, DBVPG3444_014020-T1, DBVPG3444_009841-T1, DBVPG3775_001880-T1, DBVPG3775_006814-T1
GF00000566	DBVPG3444_005821-T1, DBVPG3444_010747-T1, DBVPG3444_014286-T1, DBVPG3444_012441-T1, DBVPG3775_001747-T1, DBVPG3775_004469-T1
GF00000567	DBVPG3444_005903-T1, DBVPG3444_006767-T1, DBVPG3444_006768-T1, DBVPG3444_005904-T1, DBVPG3775_006370-T1, DBVPG3775_006371-T1
GF00000568	DBVPG3444_010819-T1, DBVPG3444_007763-T1, DBVPG3444_013134-T1, DBVPG3444_013008-T1, DBVPG3775_000315-T1, DBVPG3775_000699-T1
GF00000569	DBVPG3444_005935-T1, DBVPG3444_007594-T1, DBVPG3444_008913-T1, DBVPG3444_013319-T1, DBVPG3775_000535-T1, DBVPG3775_004558-T1
GF00000570	DBVPG3444_005979-T1, DBVPG3444_008272-T1, DBVPG3444_012627-T1, DBVPG3444_008273-T1, DBVPG3775_004514-T1, DBVPG3775_004515-T1
GF00000571	DBVPG3444_006359-T1, DBVPG3444_007660-T1, DBVPG3444_006361-T1, DBVPG3444_007658-T1, DBVPG3775_000808-T1, DBVPG3775_000811-T1
GF00000572	DBVPG3444_006381-T1, DBVPG3444_007678-T1, DBVPG3444_012097-T1, DBVPG3444_013343-T1, DBVPG3775_000790-T1, DBVPG3775_005506-T1
GF00000573	DBVPG3444_006393-T1, DBVPG3444_010049-T1, DBVPG3444_008983-T1, DBVPG3444_011867-T1, DBVPG3775_000778-T1, DBVPG3775_002516-T1
GF00000574	DBVPG3444_006951-T1, DBVPG3444_011070-T1, DBVPG3444_011072-T1, DBVPG3444_011071-T1, DBVPG3775_001792-T1, DBVPG3775_001793-T1
GF00000575	DBVPG3444_007105-T1, DBVPG3444_013465-T1, DBVPG3444_011205-T1, DBVPG3444_010074-T1, DBVPG3775_000754-T1, DBVPG3775_004968-T1
GF00000576	DBVPG3444_007110-T1, DBVPG3444_007111-T1, DBVPG3444_007112-T1, DBVPG3775_004961-T1, DBVPG3775_004962-T1, DBVPG3775_004963-T1
GF00000577	DBVPG3444_007170-T1, DBVPG3444_010677-T1, DBVPG3444_013389-T1, DBVPG3444_011746-T1, DBVPG3775_004153-T1, DBVPG3775_004167-T1
GF00000578	DBVPG3444_007428-T1, DBVPG3444_009298-T1, DBVPG3444_013925-T1, DBVPG3444_008302-T1, DBVPG3775_003197-T1, DBVPG3775_004482-T1
GF00000579	DBVPG3444_007473-T1, DBVPG3444_010198-T1, DBVPG3444_010199-T1, DBVPG3444_007474-T1, DBVPG3775_006519-T1, DBVPG3775_006520-T1
GF00000580	DBVPG3444_007478-T1, DBVPG3444_010203-T1, DBVPG3444_010204-T1, DBVPG3444_007479-T1, DBVPG3775_006524-T1, DBVPG3775_006525-T1
GF00000581	DBVPG3444_007482-T1, DBVPG3444_010206-T1, DBVPG3444_007484-T1, DBVPG3444_010208-T1, DBVPG3775_006528-T1, DBVPG3775_006530-T1
GF00000582	DBVPG3444_007483-T1, DBVPG3444_010207-T1, DBVPG3444_010496-T1, DBVPG3444_011636-T1, DBVPG3775_006529-T1, DBVPG3775_007250-T1
GF00000583	DBVPG3444_007825-T1, DBVPG3444_009689-T1, DBVPG3444_013947-T1, DBVPG3444_012969-T1, DBVPG3775_000094-T1, DBVPG3775_006784-T1
GF00000584	DBVPG3444_007903-T1, DBVPG3444_012919-T1, DBVPG3444_012843-T1, DBVPG3444_008739-T1, DBVPG3775_003902-T1, DBVPG3775_005135-T1
GF00000585	DBVPG3444_007934-T1, DBVPG3444_011674-T1, DBVPG3444_007936-T1, DBVPG3444_011675-T1, DBVPG3775_000733-T1, DBVPG3775_000735-T1
GF00000586	DBVPG3444_008039-T1, DBVPG3444_008042-T1, DBVPG3444_008040-T1, DBVPG3775_002754-T1, DBVPG3775_002756-T1, DBVPG3775_002757-T1
GF00000587	DBVPG3444_008118-T1, DBVPG3444_012724-T1, DBVPG3444_013280-T1, DBVPG3444_011030-T1, DBVPG3775_005490-T1, DBVPG3775_005578-T1
GF00000588	DBVPG3444_008141-T1, DBVPG3444_012975-T1, DBVPG3444_014641-T1, DBVPG3444_013694-T1, DBVPG3775_001482-T1, DBVPG3775_005556-T1
GF00000589	DBVPG3444_008215-T1, DBVPG3444_009561-T1, DBVPG3444_010399-T1, DBVPG3444_013422-T1, DBVPG3775_003321-T1, DBVPG3775_003396-T1
GF00000590	DBVPG3444_008263-T1, DBVPG3444_013119-T1, DBVPG3444_008531-T1, DBVPG3444_011880-T1, DBVPG3775_001584-T1, DBVPG3775_004320-T1
GF00000591	DBVPG3444_008519-T1, DBVPG3444_014112-T1, DBVPG3444_008522-T1, DBVPG3444_008521-T1, DBVPG3775_004309-T1, DBVPG3775_004311-T1
GF00000592	DBVPG3444_008535-T1, DBVPG3444_011886-T1, DBVPG3444_011887-T1, DBVPG3444_011885-T1, DBVPG3775_004324-T1, DBVPG3775_004325-T1
GF00000593	DBVPG3444_008766-T1, DBVPG3444_012578-T1, DBVPG3444_009763-T1, DBVPG3444_012515-T1, DBVPG3775_003928-T1, DBVPG3775_005323-T1
GF00000594	DBVPG3444_008799-T1, DBVPG3444_008859-T1, DBVPG3444_011618-T1, DBVPG3444_009053-T1, DBVPG3775_000351-T1, DBVPG3775_000395-T1
GF00000595	DBVPG3444_008966-T1, DBVPG3444_013461-T1, DBVPG3444_011859-T1, DBVPG3444_008977-T1, DBVPG3775_002522-T1, DBVPG3775_002533-T1
GF00000596	DBVPG3444_008978-T1, DBVPG3444_011860-T1, DBVPG3444_011629-T1, DBVPG3444_011504-T1, DBVPG3775_002521-T1, DBVPG3775_006925-T1
GF00000597	DBVPG3444_009138-T1, DBVPG3444_013915-T1, DBVPG3444_014889-T1, DBVPG3444_014918-T1, DBVPG3775_007540-T1, DBVPG3444_015077-T1
GF00000598	DBVPG3444_009155-T1, DBVPG3444_010923-T1, DBVPG3444_009467-T1, DBVPG3444_014706-T1, DBVPG3775_002145-T1, DBVPG3775_003832-T1
GF00000599	DBVPG3444_009837-T1, DBVPG3444_012217-T1, DBVPG3444_014704-T1, DBVPG3444_012529-T1, DBVPG3775_006810-T1, DBVPG3775_007444-T1
GF00000600	DBVPG3444_009838-T1, DBVPG3444_012218-T1, DBVPG3444_012219-T1, DBVPG3444_009839-T1, DBVPG3775_006811-T1, DBVPG3775_006812-T1
GF00000601	DBVPG3444_010020-T1, DBVPG3444_011901-T1, DBVPG3444_010021-T1, DBVPG3444_011902-T1, DBVPG3775_004072-T1, DBVPG3775_004074-T1
GF00000602	DBVPG3444_010095-T1, DBVPG3444_011347-T1, DBVPG3444_011348-T1, DBVPG3444_010096-T1, DBVPG3775_007293-T1, DBVPG3775_007294-T1
GF00000603	DBVPG3444_010131-T1, DBVPG3444_013305-T1, DBVPG3444_010132-T1, DBVPG3444_013304-T1, DBVPG3775_005632-T1, DBVPG3775_005633-T1
GF00000604	DBVPG3444_010157-T1, DBVPG3444_012658-T1, DBVPG3444_012625-T1, DBVPG3444_013003-T1, DBVPG3775_000693-T1, DBVPG3775_007329-T1
GF00000605	DBVPG3444_010549-T1, DBVPG3444_011574-T1, DBVPG3444_012644-T1, DBVPG3444_014255-T1, DBVPG3775_003498-T1, DBVPG3444_015063-T1
GF00000606	DBVPG3444_011008-T1, DBVPG3444_011011-T1, DBVPG3444_011012-T1, DBVPG3444_012813-T1, DBVPG3775_007274-T1, DBVPG3775_007277-T1
GF00000607	DBVPG3444_011230-T1, DBVPG3444_011233-T1, DBVPG3444_015033-T1, DBVPG3444_013661-T1, DBVPG3775_004829-T1, DBVPG3775_005256-T1
GF00000608	DBVPG3444_012275-T1, DBVPG3444_013027-T1, DBVPG3444_015088-T1, DBVPG3444_014263-T1, DBVPG3444_014825-T1, DBVPG3775_001658-T1
GF00000609	DBVPG3444_012437-T1, DBVPG3444_014914-T1, DBVPG3444_014915-T1, DBVPG3775_001751-T1, DBVPG3775_001764-T1, DBVPG3775_001765-T1
GF00000610	DBVPG3444_012446-T1, DBVPG3444_013598-T1, DBVPG3444_012447-T1, DBVPG3444_013597-T1, DBVPG3775_001740-T1, DBVPG3775_001741-T1
GF00000611	DBVPG3444_012967-T1, DBVPG3444_013949-T1, DBVPG3444_013360-T1, DBVPG3444_014185-T1, DBVPG3775_005317-T1, DBVPG3775_006786-T1
GF00000612	DBVPG3444_014719-T1, DBVPG3444_014998-T1, DBVPG3775_007559-T1, DBVPG3775_007561-T1, DBVPG3775_007592-T1, DBVPG3775_007596-T1
GF00000613	DBVPG3444_014970-T1, DBVPG3444_015002-T1, DBVPG3444_015001-T1, DBVPG3444_015023-T1, DBVPG3444_014997-T1, DBVPG3775_006084-T1
GF00000614	DBVPG3444_014558-T1, DBVPG3444_006518-T1, DBVPG3444_003415-T1, DBVPG3444_014394-T1, DBVPG3775_006345-T1
GF00000615	DBVPG3444_000010-T1, DBVPG3444_003402-T1, DBVPG3444_000011-T1, DBVPG3775_006966-T1, DBVPG3775_006967-T1
GF00000616	DBVPG3444_000018-T1, DBVPG3444_003394-T1, DBVPG3444_003395-T1, DBVPG3775_006403-T1, DBVPG3775_006974-T1
GF00000617	DBVPG3444_000055-T1, DBVPG3444_011382-T1, DBVPG3444_000056-T1, DBVPG3444_011383-T1, DBVPG3775_006444-T1
GF00000618	DBVPG3444_005752-T1, DBVPG3444_006027-T1, DBVPG3444_004743-T1, DBVPG3444_010306-T1, DBVPG3775_005476-T1
GF00000619	DBVPG3444_004325-T1, DBVPG3444_008336-T1, DBVPG3444_009849-T1, DBVPG3444_011770-T1, DBVPG3775_004254-T1
GF00000620	DBVPG3444_000132-T1, DBVPG3444_007376-T1, DBVPG3444_000134-T1, DBVPG3775_006644-T1, DBVPG3775_007548-T1
GF00000621	DBVPG3444_000184-T1, DBVPG3444_011244-T1, DBVPG3444_000185-T1, DBVPG3444_011245-T1, DBVPG3775_002117-T1
GF00000622	DBVPG3444_000227-T1, DBVPG3444_002227-T1, DBVPG3444_013036-T1, DBVPG3775_002074-T1, DBVPG3775_002598-T1
GF00000623	DBVPG3444_001580-T1, DBVPG3444_008425-T1, DBVPG3444_013897-T1, DBVPG3444_008424-T1, DBVPG3775_006696-T1
GF00000624	DBVPG3444_000303-T1, DBVPG3444_007721-T1, DBVPG3444_007720-T1, DBVPG3775_001998-T1, DBVPG3775_001999-T1
GF00000625	DBVPG3444_012894-T1, DBVPG3444_002594-T1, DBVPG3444_006612-T1, DBVPG3775_000838-T1, DBVPG3775_002298-T1
GF00000626	DBVPG3444_011231-T1, DBVPG3444_014945-T1, DBVPG3444_015015-T1, DBVPG3444_011232-T1, DBVPG3775_007566-T1
GF00000627	DBVPG3444_000356-T1, DBVPG3444_014088-T1, DBVPG3444_009204-T1, DBVPG3775_002677-T1, DBVPG3775_003108-T1
GF00000628	DBVPG3444_000359-T1, DBVPG3444_000360-T1, DBVPG3444_001986-T1, DBVPG3775_003104-T1, DBVPG3775_003105-T1
GF00000629	DBVPG3444_004504-T1, DBVPG3444_003659-T1, DBVPG3444_011931-T1, DBVPG3775_001535-T1, DBVPG3775_006139-T1
GF00000630	DBVPG3444_000506-T1, DBVPG3444_009267-T1, DBVPG3444_012914-T1, DBVPG3444_014790-T1, DBVPG3775_005130-T1
GF00000631	DBVPG3444_000545-T1, DBVPG3444_005622-T1, DBVPG3444_014682-T1, DBVPG3775_003685-T1, DBVPG3775_005043-T1
GF00000632	DBVPG3444_000557-T1, DBVPG3444_001234-T1, DBVPG3444_001233-T1, DBVPG3775_003697-T1, DBVPG3775_003698-T1
GF00000633	DBVPG3444_000626-T1, DBVPG3444_001166-T1, DBVPG3444_011320-T1, DBVPG3775_002723-T1, DBVPG3775_003766-T1
GF00000634	DBVPG3444_004375-T1, DBVPG3444_006638-T1, DBVPG3444_004376-T1, DBVPG3775_007179-T1, DBVPG3775_007180-T1
GF00000635	DBVPG3444_000656-T1, DBVPG3444_001916-T1, DBVPG3444_003714-T1, DBVPG3775_002995-T1, DBVPG3775_003559-T1
GF00000636	DBVPG3444_000664-T1, DBVPG3444_001909-T1, DBVPG3444_001910-T1, DBVPG3775_003002-T1, DBVPG3775_003003-T1
GF00000637	DBVPG3444_000706-T1, DBVPG3444_006866-T1, DBVPG3444_000707-T1, DBVPG3444_006865-T1, DBVPG3775_003045-T1
GF00000638	DBVPG3444_000719-T1, DBVPG3444_006852-T1, DBVPG3444_000720-T1, DBVPG3775_006559-T1, DBVPG3775_006560-T1
GF00000639	DBVPG3444_000727-T1, DBVPG3444_006844-T1, DBVPG3444_004723-T1, DBVPG3775_006567-T1, DBVPG3775_006568-T1
GF00000640	DBVPG3444_000870-T1, DBVPG3444_005287-T1, DBVPG3444_000871-T1, DBVPG3775_001279-T1, DBVPG3775_001280-T1
GF00000641	DBVPG3444_000917-T1, DBVPG3444_001115-T1, DBVPG3444_000918-T1, DBVPG3775_004937-T1, DBVPG3775_004938-T1
GF00000642	DBVPG3444_001132-T1, DBVPG3444_007044-T1, DBVPG3444_007043-T1, DBVPG3775_003801-T1, DBVPG3775_003802-T1
GF00000643	DBVPG3444_001144-T1, DBVPG3444_007031-T1, DBVPG3444_012026-T1, DBVPG3775_003789-T1, DBVPG3775_006762-T1
GF00000644	DBVPG3444_001294-T1, DBVPG3444_001333-T1, DBVPG3444_008567-T1, DBVPG3444_001295-T1, DBVPG3775_006205-T1
GF00000645	DBVPG3444_010125-T1, DBVPG3444_013532-T1, DBVPG3444_010124-T1, DBVPG3775_000659-T1, DBVPG3775_000660-T1
GF00000646	DBVPG3444_001301-T1, DBVPG3444_001328-T1, DBVPG3444_008562-T1, DBVPG3444_001302-T1, DBVPG3775_006210-T1
GF00000647	DBVPG3444_001312-T1, DBVPG3444_001318-T1, DBVPG3444_008551-T1, DBVPG3444_001313-T1, DBVPG3775_006222-T1
GF00000648	DBVPG3444_001316-T1, DBVPG3444_004399-T1, DBVPG3444_008824-T1, DBVPG3775_005915-T1, DBVPG3775_007591-T1
GF00000649	DBVPG3444_013730-T1, DBVPG3444_004416-T1, DBVPG3444_013729-T1, DBVPG3775_005931-T1, DBVPG3775_005932-T1
GF00000650	DBVPG3444_001413-T1, DBVPG3444_001414-T1, DBVPG3444_003045-T1, DBVPG3775_000149-T1, DBVPG3775_000150-T1
GF00000651	DBVPG3444_012705-T1, DBVPG3444_003755-T1, DBVPG3444_013153-T1, DBVPG3775_003601-T1, DBVPG3775_003602-T1
GF00000652	DBVPG3444_001594-T1, DBVPG3444_003356-T1, DBVPG3444_001595-T1, DBVPG3444_003355-T1, DBVPG3775_005162-T1
GF00000653	DBVPG3444_001637-T1, DBVPG3444_003316-T1, DBVPG3444_003315-T1, DBVPG3444_001638-T1, DBVPG3775_005203-T1
GF00000654	DBVPG3444_001690-T1, DBVPG3444_011226-T1, DBVPG3444_011225-T1, DBVPG3775_005251-T1, DBVPG3775_005252-T1
GF00000655	DBVPG3444_001771-T1, DBVPG3444_002485-T1, DBVPG3444_011190-T1, DBVPG3444_011189-T1, DBVPG3775_002367-T1
GF00000656	DBVPG3444_001791-T1, DBVPG3444_004430-T1, DBVPG3444_004429-T1, DBVPG3444_014410-T1, DBVPG3775_001462-T1
GF00000657	DBVPG3444_001820-T1, DBVPG3444_004458-T1, DBVPG3444_004457-T1, DBVPG3775_001433-T1, DBVPG3775_001434-T1
GF00000658	DBVPG3444_001875-T1, DBVPG3444_013224-T1, DBVPG3444_011552-T1, DBVPG3775_001379-T1, DBVPG3775_001380-T1
GF00000659	DBVPG3444_013722-T1, DBVPG3444_002906-T1, DBVPG3444_002907-T1, DBVPG3444_013723-T1, DBVPG3775_007524-T1
GF00000660	DBVPG3444_002086-T1, DBVPG3444_005360-T1, DBVPG3444_002087-T1, DBVPG3444_005361-T1, DBVPG3775_001169-T1
GF00000661	DBVPG3444_002147-T1, DBVPG3444_009335-T1, DBVPG3444_007947-T1, DBVPG3444_015076-T1, DBVPG3775_001108-T1
GF00000662	DBVPG3444_011990-T1, DBVPG3444_011544-T1, DBVPG3444_003723-T1, DBVPG3775_001367-T1, DBVPG3775_003568-T1
GF00000663	DBVPG3444_010183-T1, DBVPG3444_010182-T1, DBVPG3444_010234-T1, DBVPG3444_010235-T1, DBVPG3775_007099-T1
GF00000664	DBVPG3444_002192-T1, DBVPG3444_012426-T1, DBVPG3444_012427-T1, DBVPG3775_002631-T1, DBVPG3775_002632-T1
GF00000665	DBVPG3444_002214-T1, DBVPG3444_011758-T1, DBVPG3444_002215-T1, DBVPG3775_002608-T1, DBVPG3775_002609-T1
GF00000666	DBVPG3444_002225-T1, DBVPG3444_013035-T1, DBVPG3444_002226-T1, DBVPG3775_002599-T1, DBVPG3775_002600-T1
GF00000667	DBVPG3444_002229-T1, DBVPG3444_002319-T1, DBVPG3444_014180-T1, DBVPG3444_013270-T1, DBVPG3775_003624-T1
GF00000668	DBVPG3444_002272-T1, DBVPG3444_013297-T1, DBVPG3444_014108-T1, DBVPG3775_003671-T1, DBVPG3775_003672-T1
GF00000669	DBVPG3444_002569-T1, DBVPG3444_011734-T1, DBVPG3444_002570-T1, DBVPG3775_004179-T1, DBVPG3775_004180-T1
GF00000670	DBVPG3444_014565-T1, DBVPG3444_014427-T1, DBVPG3444_014580-T1, DBVPG3444_014593-T1, DBVPG3775_000507-T1
GF00000671	DBVPG3444_002617-T1, DBVPG3444_006587-T1, DBVPG3444_002618-T1, DBVPG3775_000861-T1, DBVPG3775_000862-T1
GF00000672	DBVPG3444_002759-T1, DBVPG3444_013855-T1, DBVPG3444_002760-T1, DBVPG3444_014559-T1, DBVPG3775_004683-T1
GF00000673	DBVPG3444_003118-T1, DBVPG3444_005449-T1, DBVPG3444_008853-T1, DBVPG3775_000345-T1, DBVPG3775_006841-T1
GF00000674	DBVPG3444_003164-T1, DBVPG3444_006155-T1, DBVPG3444_003165-T1, DBVPG3444_006156-T1, DBVPG3775_005278-T1
GF00000675	DBVPG3444_003495-T1, DBVPG3444_003896-T1, DBVPG3444_012397-T1, DBVPG3775_003386-T1, DBVPG3775_004348-T1
GF00000676	DBVPG3444_003514-T1, DBVPG3444_003913-T1, DBVPG3444_003914-T1, DBVPG3444_003515-T1, DBVPG3775_003370-T1
GF00000677	DBVPG3444_003532-T1, DBVPG3444_003931-T1, DBVPG3444_003930-T1, DBVPG3775_003353-T1, DBVPG3775_003354-T1
GF00000678	DBVPG3444_003597-T1, DBVPG3444_013143-T1, DBVPG3444_013144-T1, DBVPG3775_000942-T1, DBVPG3775_000943-T1
GF00000679	DBVPG3444_003605-T1, DBVPG3444_011140-T1, DBVPG3444_011167-T1, DBVPG3775_000908-T1, DBVPG3775_000933-T1
GF00000680	DBVPG3444_003724-T1, DBVPG3444_004843-T1, DBVPG3444_005484-T1, DBVPG3775_000616-T1, DBVPG3775_003569-T1
GF00000681	DBVPG3444_003738-T1, DBVPG3444_007263-T1, DBVPG3444_007241-T1, DBVPG3775_000019-T1, DBVPG3775_003584-T1
GF00000682	DBVPG3444_003781-T1, DBVPG3444_010548-T1, DBVPG3444_003782-T1, DBVPG3444_010547-T1, DBVPG3775_001706-T1
GF00000683	DBVPG3444_003786-T1, DBVPG3444_010543-T1, DBVPG3444_003787-T1, DBVPG3444_003788-T1, DBVPG3775_001702-T1
GF00000684	DBVPG3444_003798-T1, DBVPG3444_003799-T1, DBVPG3444_010535-T1, DBVPG3775_001691-T1, DBVPG3775_001692-T1
GF00000685	DBVPG3444_003800-T1, DBVPG3444_010534-T1, DBVPG3444_003802-T1, DBVPG3775_001688-T1, DBVPG3775_001690-T1
GF00000686	DBVPG3444_003815-T1, DBVPG3444_012373-T1, DBVPG3775_000071-T1, DBVPG3444_007302-T1, DBVPG3775_001675-T1
GF00000687	DBVPG3444_003862-T1, DBVPG3444_011558-T1, DBVPG3444_003864-T1, DBVPG3444_003863-T1, DBVPG3775_003470-T1
GF00000688	DBVPG3444_003980-T1, DBVPG3444_008641-T1, DBVPG3444_008642-T1, DBVPG3444_008640-T1, DBVPG3775_002907-T1
GF00000689	DBVPG3444_004059-T1, DBVPG3444_012794-T1, DBVPG3444_012793-T1, DBVPG3775_001954-T1, DBVPG3775_001955-T1
GF00000690	DBVPG3444_004177-T1, DBVPG3444_011696-T1, DBVPG3444_004683-T1, DBVPG3775_002502-T1, DBVPG3775_005857-T1
GF00000691	DBVPG3444_010876-T1, DBVPG3444_007567-T1, DBVPG3444_010875-T1, DBVPG3775_006039-T1, DBVPG3775_006040-T1
GF00000692	DBVPG3444_004194-T1, DBVPG3444_011105-T1, DBVPG3444_004195-T1, DBVPG3775_005840-T1, DBVPG3775_005841-T1
GF00000693	DBVPG3444_004202-T1, DBVPG3444_011111-T1, DBVPG3444_004203-T1, DBVPG3775_005833-T1, DBVPG3775_005834-T1
GF00000694	DBVPG3444_004254-T1, DBVPG3444_014067-T1, DBVPG3444_014957-T1, DBVPG3775_004774-T1, DBVPG3775_004777-T1
GF00000695	DBVPG3444_004278-T1, DBVPG3444_013476-T1, DBVPG3444_004279-T1, DBVPG3775_004806-T1, DBVPG3775_004807-T1
GF00000696	DBVPG3444_004305-T1, DBVPG3444_014229-T1, DBVPG3444_014228-T1, DBVPG3775_003842-T1, DBVPG3775_003843-T1
GF00000697	DBVPG3444_004310-T1, DBVPG3444_014223-T1, DBVPG3444_004311-T1, DBVPG3444_014853-T1, DBVPG3775_003848-T1
GF00000698	DBVPG3444_004331-T1, DBVPG3444_008330-T1, DBVPG3444_008331-T1, DBVPG3775_003867-T1, DBVPG3775_003868-T1
GF00000699	DBVPG3444_009072-T1, DBVPG3444_009071-T1, DBVPG3775_002585-T1, DBVPG3775_002586-T1, DBVPG3775_002587-T1
GF00000700	DBVPG3444_004409-T1, DBVPG3444_008814-T1, DBVPG3444_004410-T1, DBVPG3444_008813-T1, DBVPG3775_005925-T1
GF00000701	DBVPG3444_004529-T1, DBVPG3444_007145-T1, DBVPG3444_007146-T1, DBVPG3775_006107-T1, DBVPG3775_006108-T1
GF00000702	DBVPG3444_004685-T1, DBVPG3444_014054-T1, DBVPG3444_004686-T1, DBVPG3444_014053-T1, DBVPG3775_002504-T1
GF00000703	DBVPG3444_004746-T1, DBVPG3444_015059-T1, DBVPG3444_015010-T1, DBVPG3444_010303-T1, DBVPG3775_005479-T1
GF00000704	DBVPG3444_004792-T1, DBVPG3444_009873-T1, DBVPG3444_009875-T1, DBVPG3444_009874-T1, DBVPG3775_006257-T1
GF00000705	DBVPG3444_004814-T1, DBVPG3444_014031-T1, DBVPG3444_014492-T1, DBVPG3775_000644-T1, DBVPG3775_000649-T1
GF00000706	DBVPG3444_004819-T1, DBVPG3444_005466-T1, DBVPG3444_004820-T1, DBVPG3775_000638-T1, DBVPG3775_000639-T1
GF00000707	DBVPG3444_004824-T1, DBVPG3444_005469-T1, DBVPG3444_004825-T1, DBVPG3775_000634-T1, DBVPG3775_000635-T1
GF00000708	DBVPG3444_004833-T1, DBVPG3444_005477-T1, DBVPG3444_004834-T1, DBVPG3775_000625-T1, DBVPG3775_000626-T1
GF00000709	DBVPG3444_004854-T1, DBVPG3444_005497-T1, DBVPG3444_014657-T1, DBVPG3444_014660-T1, DBVPG3775_000605-T1
GF00000710	DBVPG3444_004859-T1, DBVPG3444_005502-T1, DBVPG3444_004860-T1, DBVPG3775_000596-T1, DBVPG3775_000597-T1
GF00000711	DBVPG3444_004890-T1, DBVPG3444_009915-T1, DBVPG3444_008256-T1, DBVPG3775_001576-T1, DBVPG3775_001606-T1
GF00000712	DBVPG3444_004901-T1, DBVPG3444_014824-T1, DBVPG3444_004902-T1, DBVPG3444_014823-T1, DBVPG3775_001618-T1
GF00000713	DBVPG3444_004906-T1, DBVPG3444_014143-T1, DBVPG3444_004907-T1, DBVPG3775_001622-T1, DBVPG3775_001623-T1
GF00000714	DBVPG3444_004914-T1, DBVPG3444_010243-T1, DBVPG3444_004915-T1, DBVPG3775_001629-T1, DBVPG3775_001630-T1
GF00000715	DBVPG3444_004945-T1, DBVPG3444_012300-T1, DBVPG3444_012299-T1, DBVPG3775_002278-T1, DBVPG3775_002279-T1
GF00000716	DBVPG3444_004947-T1, DBVPG3444_012297-T1, DBVPG3444_012296-T1, DBVPG3775_002281-T1, DBVPG3775_002282-T1
GF00000717	DBVPG3444_005038-T1, DBVPG3444_008598-T1, DBVPG3444_008599-T1, DBVPG3775_000253-T1, DBVPG3775_000254-T1
GF00000718	DBVPG3444_005073-T1, DBVPG3444_009142-T1, DBVPG3444_005074-T1, DBVPG3775_006325-T1, DBVPG3775_006326-T1
GF00000719	DBVPG3444_005175-T1, DBVPG3444_009481-T1, DBVPG3444_005176-T1, DBVPG3775_005881-T1, DBVPG3775_005882-T1
GF00000720	DBVPG3444_005242-T1, DBVPG3444_009761-T1, DBVPG3444_014992-T1, DBVPG3444_015060-T1, DBVPG3775_001335-T1
GF00000721	DBVPG3444_005569-T1, DBVPG3444_014438-T1, DBVPG3444_013673-T1, DBVPG3444_015068-T1, DBVPG3775_000041-T1
GF00000722	DBVPG3444_005653-T1, DBVPG3444_008686-T1, DBVPG3444_008371-T1, DBVPG3775_005013-T1, DBVPG3775_005638-T1
GF00000723	DBVPG3444_005765-T1, DBVPG3444_006041-T1, DBVPG3444_005766-T1, DBVPG3444_006042-T1, DBVPG3775_002202-T1
GF00000724	DBVPG3444_005778-T1, DBVPG3444_013166-T1, DBVPG3444_005779-T1, DBVPG3775_002188-T1, DBVPG3775_002189-T1
GF00000725	DBVPG3444_005786-T1, DBVPG3444_013172-T1, DBVPG3444_005788-T1, DBVPG3775_002179-T1, DBVPG3775_002181-T1
GF00000726	DBVPG3444_005787-T1, DBVPG3444_013173-T1, DBVPG3444_005789-T1, DBVPG3775_002178-T1, DBVPG3775_002180-T1
GF00000727	DBVPG3444_005808-T1, DBVPG3444_013443-T1, DBVPG3444_015006-T1, DBVPG3775_002157-T1, DBVPG3775_002160-T1
GF00000728	DBVPG3444_005859-T1, DBVPG3444_011461-T1, DBVPG3444_011462-T1, DBVPG3444_011463-T1, DBVPG3775_004430-T1
GF00000729	DBVPG3444_005867-T1, DBVPG3444_012746-T1, DBVPG3444_010631-T1, DBVPG3775_004422-T1, DBVPG3775_004423-T1
GF00000730	DBVPG3444_005909-T1, DBVPG3444_006773-T1, DBVPG3444_005910-T1, DBVPG3775_006364-T1, DBVPG3775_006365-T1
GF00000731	DBVPG3444_005992-T1, DBVPG3444_012590-T1, DBVPG3444_014373-T1, DBVPG3775_004641-T1, DBVPG3444_014372-T1
GF00000732	DBVPG3444_006432-T1, DBVPG3444_009396-T1, DBVPG3444_006433-T1, DBVPG3775_004381-T1, DBVPG3775_004382-T1
GF00000733	DBVPG3444_006737-T1, DBVPG3444_005872-T1, DBVPG3775_006080-T1, DBVPG3775_006082-T1, DBVPG3775_006402-T1
GF00000734	DBVPG3444_006974-T1, DBVPG3444_014802-T1, DBVPG3444_011046-T1, DBVPG3444_014801-T1, DBVPG3775_001768-T1
GF00000735	DBVPG3444_007052-T1, DBVPG3444_010943-T1, DBVPG3444_010944-T1, DBVPG3775_003810-T1, DBVPG3775_003811-T1
GF00000736	DBVPG3444_007102-T1, DBVPG3444_008663-T1, DBVPG3444_007103-T1, DBVPG3775_004970-T1, DBVPG3775_004971-T1
GF00000737	DBVPG3444_007192-T1, DBVPG3444_009650-T1, DBVPG3444_007193-T1, DBVPG3444_007194-T1, DBVPG3775_004128-T1
GF00000738	DBVPG3444_007224-T1, DBVPG3444_007282-T1, DBVPG3444_014767-T1, DBVPG3775_000001-T1, DBVPG3775_007327-T1
GF00000739	DBVPG3444_007432-T1, DBVPG3444_009294-T1, DBVPG3444_007449-T1, DBVPG3775_003201-T1, DBVPG3775_003202-T1
GF00000740	DBVPG3444_007436-T1, DBVPG3444_009279-T1, DBVPG3444_009280-T1, DBVPG3775_003217-T1, DBVPG3775_003218-T1
GF00000741	DBVPG3444_007438-T1, DBVPG3444_009282-T1, DBVPG3444_007439-T1, DBVPG3775_003214-T1, DBVPG3775_003215-T1
GF00000742	DBVPG3444_007452-T1, DBVPG3444_009273-T1, DBVPG3444_007454-T1, DBVPG3775_000982-T1, DBVPG3775_003224-T1
GF00000743	DBVPG3444_007503-T1, DBVPG3444_009365-T1, DBVPG3444_009366-T1, DBVPG3444_007504-T1, DBVPG3775_005622-T1
GF00000744	DBVPG3444_007905-T1, DBVPG3444_014793-T1, DBVPG3444_013012-T1, DBVPG3444_013139-T1, DBVPG3775_000703-T1
GF00000745	DBVPG3444_007938-T1, DBVPG3444_014295-T1, DBVPG3444_011677-T1, DBVPG3444_015086-T1, DBVPG3775_000737-T1
GF00000746	DBVPG3444_008134-T1, DBVPG3444_012830-T1, DBVPG3444_008135-T1, DBVPG3775_005562-T1, DBVPG3775_005563-T1
GF00000747	DBVPG3444_008258-T1, DBVPG3444_013125-T1, DBVPG3444_013124-T1, DBVPG3775_001578-T1, DBVPG3775_001579-T1
GF00000748	DBVPG3444_008297-T1, DBVPG3444_013919-T1, DBVPG3444_014320-T1, DBVPG3775_004488-T1, DBVPG3775_004492-T1
GF00000749	DBVPG3444_008301-T1, DBVPG3444_013923-T1, DBVPG3444_013924-T1, DBVPG3775_004483-T1, DBVPG3775_004484-T1
GF00000750	DBVPG3444_008351-T1, DBVPG3444_012243-T1, DBVPG3444_008352-T1, DBVPG3444_012242-T1, DBVPG3775_005656-T1
GF00000751	DBVPG3444_008375-T1, DBVPG3444_015019-T1, DBVPG3444_011019-T1, DBVPG3775_007284-T1, DBVPG3775_007285-T1
GF00000752	DBVPG3444_008483-T1, DBVPG3444_013488-T1, DBVPG3444_008484-T1, DBVPG3775_005409-T1, DBVPG3775_005410-T1
GF00000753	DBVPG3444_008540-T1, DBVPG3444_012387-T1, DBVPG3444_008541-T1, DBVPG3775_004331-T1, DBVPG3775_004332-T1
GF00000754	DBVPG3444_008993-T1, DBVPG3444_009171-T1, DBVPG3444_010160-T1, DBVPG3444_010210-T1, DBVPG3775_007123-T1
GF00000755	DBVPG3444_009156-T1, DBVPG3444_010924-T1, DBVPG3444_009157-T1, DBVPG3444_009158-T1, DBVPG3775_003831-T1
GF00000756	DBVPG3444_009632-T1, DBVPG3444_014542-T1, DBVPG3444_014541-T1, DBVPG3775_005798-T1, DBVPG3775_005799-T1
GF00000757	DBVPG3444_009822-T1, DBVPG3444_013552-T1, DBVPG3444_012958-T1, DBVPG3444_014714-T1, DBVPG3775_006796-T1
GF00000758	DBVPG3444_009990-T1, DBVPG3444_012998-T1, DBVPG3444_012999-T1, DBVPG3775_004039-T1, DBVPG3775_004040-T1
GF00000759	DBVPG3444_010053-T1, DBVPG3444_011214-T1, DBVPG3444_010065-T1, DBVPG3775_000763-T1, DBVPG3775_000774-T1
GF00000760	DBVPG3444_010060-T1, DBVPG3444_013775-T1, DBVPG3444_010061-T1, DBVPG3775_000767-T1, DBVPG3775_000768-T1
GF00000761	DBVPG3444_010165-T1, DBVPG3444_010216-T1, DBVPG3444_010215-T1, DBVPG3775_007117-T1, DBVPG3775_007118-T1
GF00000762	DBVPG3444_010484-T1, DBVPG3444_011644-T1, DBVPG3444_010485-T1, DBVPG3775_007236-T1, DBVPG3775_007237-T1
GF00000763	DBVPG3444_010490-T1, DBVPG3444_010491-T1, DBVPG3444_011641-T1, DBVPG3775_007244-T1, DBVPG3775_007245-T1
GF00000764	DBVPG3444_010502-T1, DBVPG3444_014725-T1, DBVPG3444_012709-T1, DBVPG3775_003606-T1, DBVPG3775_007256-T1
GF00000765	DBVPG3444_010567-T1, DBVPG3444_012073-T1, DBVPG3444_012074-T1, DBVPG3775_003434-T1, DBVPG3775_003435-T1
GF00000766	DBVPG3444_011276-T1, DBVPG3444_012365-T1, DBVPG3444_011277-T1, DBVPG3775_002345-T1, DBVPG3775_002346-T1
GF00000767	DBVPG3444_012030-T1, DBVPG3444_013832-T1, DBVPG3444_014123-T1, DBVPG3775_006753-T1, DBVPG3775_006766-T1
GF00000768	DBVPG3444_012032-T1, DBVPG3444_013831-T1, DBVPG3444_012403-T1, DBVPG3775_006752-T1, DBVPG3775_006767-T1
GF00000769	DBVPG3444_012108-T1, DBVPG3444_013931-T1, DBVPG3444_013930-T1, DBVPG3775_007388-T1, DBVPG3775_007389-T1
GF00000770	DBVPG3444_012391-T1, DBVPG3444_012478-T1, DBVPG3444_012479-T1, DBVPG3775_004340-T1, DBVPG3775_004341-T1
GF00000771	DBVPG3444_012604-T1, DBVPG3444_014850-T1, DBVPG3775_004624-T1, DBVPG3775_004626-T1, DBVPG3775_004627-T1
GF00000772	DBVPG3444_012909-T1, DBVPG3444_013626-T1, DBVPG3444_012910-T1, DBVPG3444_013625-T1, DBVPG3775_001343-T1
GF00000773	DBVPG3444_013752-T1, DBVPG3444_014625-T1, DBVPG3444_014747-T1, DBVPG3444_014863-T1, DBVPG3775_004291-T1
GF00000774	DBVPG3444_014243-T1, DBVPG3444_014512-T1, DBVPG3444_014244-T1, DBVPG3775_001475-T1, DBVPG3775_001476-T1
GF00000775	DBVPG3444_014690-T1, DBVPG3444_014949-T1, DBVPG3775_002120-T1, DBVPG3775_007092-T1, DBVPG3444_012003-T1
GF00000776	DBVPG3444_000052-T1, DBVPG3444_003358-T1, DBVPG3444_011379-T1, DBVPG3775_006441-T1
GF00000777	DBVPG3444_000068-T1, DBVPG3444_006693-T1, DBVPG3775_006456-T1, DBVPG3775_006975-T1
GF00000778	DBVPG3444_013014-T1, DBVPG3444_008631-T1, DBVPG3444_012264-T1, DBVPG3775_001647-T1
GF00000779	DBVPG3444_000088-T1, DBVPG3444_000089-T1, DBVPG3775_006979-T1, DBVPG3775_006980-T1
GF00000780	DBVPG3444_000120-T1, DBVPG3444_006728-T1, DBVPG3775_007011-T1, DBVPG3775_007506-T1
GF00000781	DBVPG3444_007585-T1, DBVPG3444_005944-T1, DBVPG3444_007586-T1, DBVPG3775_004549-T1
GF00000782	DBVPG3444_000128-T1, DBVPG3444_007372-T1, DBVPG3444_007371-T1, DBVPG3775_007516-T1
GF00000783	DBVPG3444_002149-T1, DBVPG3444_009207-T1, DBVPG3444_009208-T1, DBVPG3775_002674-T1
GF00000784	DBVPG3444_004398-T1, DBVPG3444_008825-T1, DBVPG3444_004397-T1, DBVPG3775_005914-T1
GF00000785	DBVPG3444_000167-T1, DBVPG3444_007414-T1, DBVPG3444_011403-T1, DBVPG3775_006678-T1
GF00000786	DBVPG3444_000189-T1, DBVPG3444_011249-T1, DBVPG3775_002112-T1, DBVPG3775_002113-T1
GF00000787	DBVPG3444_000213-T1, DBVPG3444_013313-T1, DBVPG3444_013314-T1, DBVPG3775_002089-T1
GF00000788	DBVPG3444_000217-T1, DBVPG3444_013318-T1, DBVPG3444_008152-T1, DBVPG3775_002085-T1
GF00000789	DBVPG3444_000224-T1, DBVPG3444_008158-T1, DBVPG3775_002077-T1, DBVPG3775_002078-T1
GF00000790	DBVPG3444_003990-T1, DBVPG3444_012898-T1, DBVPG3444_013013-T1, DBVPG3775_002917-T1
GF00000791	DBVPG3444_000269-T1, DBVPG3444_013800-T1, DBVPG3775_002032-T1, DBVPG3444_014965-T1
GF00000792	DBVPG3444_013378-T1, DBVPG3444_013884-T1, DBVPG3444_007325-T1, DBVPG3775_000423-T1
GF00000793	DBVPG3444_000271-T1, DBVPG3444_007690-T1, DBVPG3444_014963-T1, DBVPG3775_002030-T1
GF00000794	DBVPG3444_007960-T1, DBVPG3444_009321-T1, DBVPG3444_009322-T1, DBVPG3775_001094-T1
GF00000795	DBVPG3444_000316-T1, DBVPG3444_014037-T1, DBVPG3444_011406-T1, DBVPG3775_001984-T1
GF00000796	DBVPG3444_000327-T1, DBVPG3444_004080-T1, DBVPG3775_001976-T1, DBVPG3444_000325-T1
GF00000797	DBVPG3444_009173-T1, DBVPG3444_008959-T1, DBVPG3444_014306-T1, DBVPG3775_003968-T1
GF00000798	DBVPG3444_000337-T1, DBVPG3444_002007-T1, DBVPG3444_012173-T1, DBVPG3775_003128-T1
GF00000799	DBVPG3444_000341-T1, DBVPG3444_002002-T1, DBVPG3444_002003-T1, DBVPG3775_003124-T1
GF00000800	DBVPG3444_000376-T1, DBVPG3444_013845-T1, DBVPG3444_001970-T1, DBVPG3775_003088-T1
GF00000801	DBVPG3444_000379-T1, DBVPG3444_013842-T1, DBVPG3444_000380-T1, DBVPG3775_003085-T1
GF00000802	DBVPG3444_001813-T1, DBVPG3444_004451-T1, DBVPG3444_001814-T1, DBVPG3775_001440-T1
GF00000803	DBVPG3444_000408-T1, DBVPG3444_004581-T1, DBVPG3444_000409-T1, DBVPG3775_003057-T1
GF00000804	DBVPG3444_000416-T1, DBVPG3444_004589-T1, DBVPG3444_004588-T1, DBVPG3775_003050-T1
GF00000805	DBVPG3444_000418-T1, DBVPG3444_004591-T1, DBVPG3775_003048-T1, DBVPG3775_007570-T1
GF00000806	DBVPG3444_000427-T1, DBVPG3444_004601-T1, DBVPG3444_000428-T1, DBVPG3775_005052-T1
GF00000807	DBVPG3444_003481-T1, DBVPG3444_010854-T1, DBVPG3444_010855-T1, DBVPG3775_003245-T1
GF00000808	DBVPG3444_000511-T1, DBVPG3444_005669-T1, DBVPG3444_005670-T1, DBVPG3775_004997-T1
GF00000809	DBVPG3444_000514-T1, DBVPG3444_005673-T1, DBVPG3444_000515-T1, DBVPG3775_004994-T1
GF00000810	DBVPG3444_000553-T1, DBVPG3444_015004-T1, DBVPG3444_001238-T1, DBVPG3775_003693-T1
GF00000811	DBVPG3444_000561-T1, DBVPG3444_001228-T1, DBVPG3444_000562-T1, DBVPG3775_003703-T1
GF00000812	DBVPG3444_000622-T1, DBVPG3444_001170-T1, DBVPG3444_004505-T1, DBVPG3775_003762-T1
GF00000813	DBVPG3444_000659-T1, DBVPG3444_001913-T1, DBVPG3775_002998-T1, DBVPG3775_002999-T1
GF00000814	DBVPG3444_000660-T1, DBVPG3444_001912-T1, DBVPG3444_000662-T1, DBVPG3775_003000-T1
GF00000815	DBVPG3444_000666-T1, DBVPG3444_002172-T1, DBVPG3444_009231-T1, DBVPG3775_002652-T1
GF00000816	DBVPG3444_008400-T1, DBVPG3444_014994-T1, DBVPG3444_014993-T1, DBVPG3775_005693-T1
GF00000817	DBVPG3444_009824-T1, DBVPG3444_013554-T1, DBVPG3775_006798-T1, DBVPG3444_009825-T1
GF00000818	DBVPG3444_000687-T1, DBVPG3444_001885-T1, DBVPG3444_001884-T1, DBVPG3775_003026-T1
GF00000819	DBVPG3444_000713-T1, DBVPG3444_006859-T1, DBVPG3444_006858-T1, DBVPG3775_006553-T1
GF00000820	DBVPG3444_000787-T1, DBVPG3444_006246-T1, DBVPG3444_002064-T1, DBVPG3775_001193-T1
GF00000821	DBVPG3444_000820-T1, DBVPG3444_006211-T1, DBVPG3444_000821-T1, DBVPG3775_001227-T1
GF00000822	DBVPG3444_000822-T1, DBVPG3444_006210-T1, DBVPG3444_000823-T1, DBVPG3775_001228-T1
GF00000823	DBVPG3444_000839-T1, DBVPG3444_014342-T1, DBVPG3444_000840-T1, DBVPG3775_001246-T1
GF00000824	DBVPG3444_000850-T1, DBVPG3444_012857-T1, DBVPG3775_001256-T1, DBVPG3775_003327-T1
GF00000825	DBVPG3444_000854-T1, DBVPG3444_012861-T1, DBVPG3775_001260-T1, DBVPG3775_001261-T1
GF00000826	DBVPG3444_000855-T1, DBVPG3444_012862-T1, DBVPG3775_001262-T1, DBVPG3775_001263-T1
GF00000827	DBVPG3444_000859-T1, DBVPG3444_012867-T1, DBVPG3444_012866-T1, DBVPG3775_001267-T1
GF00000828	DBVPG3444_000860-T1, DBVPG3444_005297-T1, DBVPG3444_012868-T1, DBVPG3775_001268-T1
GF00000829	DBVPG3444_000875-T1, DBVPG3444_005283-T1, DBVPG3444_000876-T1, DBVPG3775_001284-T1
GF00000830	DBVPG3444_000884-T1, DBVPG3444_005275-T1, DBVPG3444_005274-T1, DBVPG3775_001295-T1
GF00000831	DBVPG3444_000901-T1, DBVPG3444_013240-T1, DBVPG3444_013239-T1, DBVPG3775_007408-T1
GF00000832	DBVPG3444_000902-T1, DBVPG3444_013238-T1, DBVPG3444_001129-T1, DBVPG3775_007409-T1
GF00000833	DBVPG3444_000912-T1, DBVPG3444_001119-T1, DBVPG3444_000913-T1, DBVPG3775_004942-T1
GF00000834	DBVPG3444_000921-T1, DBVPG3444_001111-T1, DBVPG3444_013558-T1, DBVPG3775_004933-T1
GF00000835	DBVPG3444_000948-T1, DBVPG3444_001083-T1, DBVPG3444_000949-T1, DBVPG3775_004906-T1
GF00000836	DBVPG3444_000957-T1, DBVPG3444_001073-T1, DBVPG3775_004895-T1, DBVPG3775_004896-T1
GF00000837	DBVPG3444_000961-T1, DBVPG3444_001067-T1, DBVPG3775_004889-T1, DBVPG3775_004890-T1
GF00000838	DBVPG3444_000977-T1, DBVPG3444_001050-T1, DBVPG3444_001051-T1, DBVPG3775_004873-T1
GF00000839	DBVPG3444_001245-T1, DBVPG3444_006661-T1, DBVPG3444_006662-T1, DBVPG3775_006153-T1
GF00000840	DBVPG3444_001277-T1, DBVPG3444_001351-T1, DBVPG3444_008583-T1, DBVPG3775_006185-T1
GF00000841	DBVPG3444_001278-T1, DBVPG3444_001350-T1, DBVPG3444_008582-T1, DBVPG3775_006186-T1
GF00000842	DBVPG3444_001279-T1, DBVPG3444_001349-T1, DBVPG3444_008581-T1, DBVPG3775_006187-T1
GF00000843	DBVPG3444_001280-T1, DBVPG3444_001348-T1, DBVPG3444_008580-T1, DBVPG3775_006188-T1
GF00000844	DBVPG3444_001282-T1, DBVPG3444_001345-T1, DBVPG3444_008579-T1, DBVPG3775_006191-T1
GF00000845	DBVPG3444_001283-T1, DBVPG3444_001344-T1, DBVPG3444_008578-T1, DBVPG3775_006192-T1
GF00000846	DBVPG3444_001284-T1, DBVPG3444_001343-T1, DBVPG3444_008577-T1, DBVPG3775_006193-T1
GF00000847	DBVPG3444_001285-T1, DBVPG3444_001342-T1, DBVPG3444_008576-T1, DBVPG3775_006194-T1
GF00000848	DBVPG3444_001286-T1, DBVPG3444_001341-T1, DBVPG3444_008575-T1, DBVPG3775_006195-T1
GF00000849	DBVPG3444_001287-T1, DBVPG3444_001340-T1, DBVPG3444_008574-T1, DBVPG3775_006196-T1
GF00000850	DBVPG3444_001288-T1, DBVPG3444_001339-T1, DBVPG3444_008573-T1, DBVPG3775_006197-T1
GF00000851	DBVPG3444_001289-T1, DBVPG3444_001338-T1, DBVPG3444_008572-T1, DBVPG3775_006198-T1
GF00000852	DBVPG3444_001290-T1, DBVPG3444_001337-T1, DBVPG3444_008571-T1, DBVPG3775_006199-T1
GF00000853	DBVPG3444_001291-T1, DBVPG3444_001336-T1, DBVPG3444_008570-T1, DBVPG3775_006202-T1
GF00000854	DBVPG3444_001292-T1, DBVPG3444_001335-T1, DBVPG3444_008569-T1, DBVPG3775_006203-T1
GF00000855	DBVPG3444_001293-T1, DBVPG3444_001334-T1, DBVPG3444_008568-T1, DBVPG3775_006204-T1
GF00000856	DBVPG3444_001303-T1, DBVPG3444_001327-T1, DBVPG3444_008561-T1, DBVPG3775_006211-T1
GF00000857	DBVPG3444_001305-T1, DBVPG3444_001325-T1, DBVPG3444_008559-T1, DBVPG3775_006213-T1
GF00000858	DBVPG3444_001306-T1, DBVPG3444_001324-T1, DBVPG3444_008558-T1, DBVPG3775_006214-T1
GF00000859	DBVPG3444_014800-T1, DBVPG3444_006975-T1, DBVPG3444_014917-T1, DBVPG3775_001767-T1
GF00000860	DBVPG3444_001307-T1, DBVPG3444_001323-T1, DBVPG3444_008557-T1, DBVPG3775_006215-T1
GF00000861	DBVPG3444_001314-T1, DBVPG3444_001317-T1, DBVPG3444_008550-T1, DBVPG3775_006223-T1
GF00000862	DBVPG3444_001375-T1, DBVPG3444_003005-T1, DBVPG3444_003006-T1, DBVPG3775_000188-T1
GF00000863	DBVPG3444_001403-T1, DBVPG3444_003034-T1, DBVPG3444_003035-T1, DBVPG3775_000160-T1
GF00000864	DBVPG3444_013718-T1, DBVPG3444_002901-T1, DBVPG3444_002900-T1, DBVPG3775_007520-T1
GF00000865	DBVPG3444_001456-T1, DBVPG3444_007874-T1, DBVPG3775_003994-T1, DBVPG3775_003995-T1
GF00000866	DBVPG3444_001457-T1, DBVPG3444_007875-T1, DBVPG3775_003992-T1, DBVPG3775_003993-T1
GF00000867	DBVPG3444_001465-T1, DBVPG3444_007884-T1, DBVPG3444_007883-T1, DBVPG3775_003984-T1
GF00000868	DBVPG3444_001467-T1, DBVPG3444_007886-T1, DBVPG3775_003981-T1, DBVPG3775_003982-T1
GF00000869	DBVPG3444_001516-T1, DBVPG3444_015011-T1, DBVPG3444_015040-T1, DBVPG3775_001910-T1
GF00000870	DBVPG3444_001531-T1, DBVPG3444_014478-T1, DBVPG3444_014479-T1, DBVPG3775_001895-T1
GF00000871	DBVPG3444_001539-T1, DBVPG3444_014396-T1, DBVPG3775_005805-T1, DBVPG3775_006741-T1
GF00000872	DBVPG3444_001585-T1, DBVPG3444_010910-T1, DBVPG3444_006457-T1, DBVPG3775_005153-T1
GF00000873	DBVPG3444_001593-T1, DBVPG3444_010917-T1, DBVPG3444_003357-T1, DBVPG3775_005161-T1
GF00000874	DBVPG3444_001623-T1, DBVPG3444_009877-T1, DBVPG3444_004794-T1, DBVPG3775_006259-T1
GF00000875	DBVPG3444_001632-T1, DBVPG3444_003321-T1, DBVPG3444_003320-T1, DBVPG3775_005197-T1
GF00000876	DBVPG3444_001647-T1, DBVPG3444_003307-T1, DBVPG3444_001648-T1, DBVPG3775_005211-T1
GF00000877	DBVPG3444_001680-T1, DBVPG3444_011216-T1, DBVPG3444_015069-T1, DBVPG3775_005242-T1
GF00000878	DBVPG3444_001681-T1, DBVPG3444_011217-T1, DBVPG3444_001682-T1, DBVPG3775_005243-T1
GF00000879	DBVPG3444_001694-T1, DBVPG3444_002401-T1, DBVPG3444_014624-T1, DBVPG3775_002451-T1
GF00000880	DBVPG3444_001704-T1, DBVPG3444_002410-T1, DBVPG3444_001705-T1, DBVPG3775_002442-T1
GF00000881	DBVPG3444_001735-T1, DBVPG3444_002444-T1, DBVPG3444_001736-T1, DBVPG3775_002407-T1
GF00000882	DBVPG3444_001740-T1, DBVPG3444_002449-T1, DBVPG3444_002450-T1, DBVPG3775_002401-T1
GF00000883	DBVPG3444_001761-T1, DBVPG3444_002475-T1, DBVPG3444_002474-T1, DBVPG3775_002377-T1
GF00000884	DBVPG3444_001788-T1, DBVPG3444_014414-T1, DBVPG3775_001465-T1, DBVPG3775_001466-T1
GF00000885	DBVPG3444_001790-T1, DBVPG3444_014412-T1, DBVPG3444_014411-T1, DBVPG3775_001463-T1
GF00000886	DBVPG3444_001879-T1, DBVPG3444_011548-T1, DBVPG3444_011983-T1, DBVPG3775_001375-T1
GF00000887	DBVPG3444_007735-T1, DBVPG3444_010845-T1, DBVPG3444_008851-T1, DBVPG3775_000343-T1
GF00000888	DBVPG3444_001939-T1, DBVPG3444_014215-T1, DBVPG3444_013569-T1, DBVPG3775_002972-T1
GF00000889	DBVPG3444_002015-T1, DBVPG3444_012181-T1, DBVPG3775_003136-T1, DBVPG3775_003137-T1
GF00000890	DBVPG3444_002062-T1, DBVPG3444_007415-T1, DBVPG3444_009571-T1, DBVPG3775_003183-T1
GF00000891	DBVPG3444_010405-T1, DBVPG3444_006044-T1, DBVPG3444_014979-T1, DBVPG3775_003315-T1
GF00000892	DBVPG3444_002111-T1, DBVPG3444_005386-T1, DBVPG3444_005387-T1, DBVPG3775_001143-T1
GF00000893	DBVPG3444_002120-T1, DBVPG3444_005397-T1, DBVPG3444_005396-T1, DBVPG3775_001135-T1
GF00000894	DBVPG3444_002148-T1, DBVPG3444_009206-T1, DBVPG3444_014090-T1, DBVPG3775_002675-T1
GF00000895	DBVPG3444_002155-T1, DBVPG3444_009214-T1, DBVPG3444_002156-T1, DBVPG3775_002668-T1
GF00000896	DBVPG3444_002182-T1, DBVPG3444_012416-T1, DBVPG3444_012415-T1, DBVPG3775_002642-T1
GF00000897	DBVPG3444_002203-T1, DBVPG3444_014231-T1, DBVPG3444_011747-T1, DBVPG3775_002620-T1
GF00000898	DBVPG3444_002224-T1, DBVPG3444_002228-T1, DBVPG3444_009067-T1, DBVPG3775_002597-T1
GF00000899	DBVPG3444_002246-T1, DBVPG3444_002300-T1, DBVPG3444_002299-T1, DBVPG3775_003644-T1
GF00000900	DBVPG3444_002268-T1, DBVPG3444_002276-T1, DBVPG3444_002269-T1, DBVPG3775_003667-T1
GF00000901	DBVPG3444_002344-T1, DBVPG3444_012144-T1, DBVPG3444_002345-T1, DBVPG3775_002860-T1
GF00000902	DBVPG3444_002386-T1, DBVPG3444_002834-T1, DBVPG3444_002387-T1, DBVPG3775_002798-T1
GF00000903	DBVPG3444_002561-T1, DBVPG3444_011729-T1, DBVPG3444_011728-T1, DBVPG3775_004188-T1
GF00000904	DBVPG3444_002592-T1, DBVPG3444_006614-T1, DBVPG3444_006615-T1, DBVPG3775_000836-T1
GF00000905	DBVPG3444_002610-T1, DBVPG3444_006595-T1, DBVPG3444_006596-T1, DBVPG3775_000854-T1
GF00000906	DBVPG3444_006924-T1, DBVPG3444_011117-T1, DBVPG3444_011116-T1, DBVPG3775_007207-T1
GF00000907	DBVPG3444_002635-T1, DBVPG3444_006569-T1, DBVPG3444_012350-T1, DBVPG3775_000879-T1
GF00000908	DBVPG3444_002662-T1, DBVPG3444_011164-T1, DBVPG3444_015036-T1, DBVPG3775_000930-T1
GF00000909	DBVPG3444_013786-T1, DBVPG3444_008373-T1, DBVPG3444_013780-T1, DBVPG3775_005636-T1
GF00000910	DBVPG3444_005266-T1, DBVPG3444_009734-T1, DBVPG3775_001305-T1, DBVPG3775_001306-T1
GF00000911	DBVPG3444_002787-T1, DBVPG3444_009432-T1, DBVPG3775_002238-T1, DBVPG3775_002239-T1
GF00000912	DBVPG3444_002808-T1, DBVPG3444_009412-T1, DBVPG3775_002259-T1, DBVPG3775_002260-T1
GF00000913	DBVPG3444_002811-T1, DBVPG3444_009409-T1, DBVPG3444_009408-T1, DBVPG3775_002263-T1
GF00000914	DBVPG3444_002813-T1, DBVPG3444_012313-T1, DBVPG3444_009406-T1, DBVPG3775_002265-T1
GF00000915	DBVPG3444_002820-T1, DBVPG3444_011649-T1, DBVPG3444_010478-T1, DBVPG3775_007230-T1
GF00000916	DBVPG3444_002868-T1, DBVPG3444_012870-T1, DBVPG3444_012871-T1, DBVPG3775_002834-T1
GF00000917	DBVPG3444_002904-T1, DBVPG3444_013721-T1, DBVPG3444_002905-T1, DBVPG3775_007523-T1
GF00000918	DBVPG3444_002918-T1, DBVPG3444_013065-T1, DBVPG3444_015030-T1, DBVPG3775_007479-T1
GF00000919	DBVPG3444_002923-T1, DBVPG3444_005980-T1, DBVPG3444_014648-T1, DBVPG3775_006598-T1
GF00000920	DBVPG3444_002947-T1, DBVPG3444_009197-T1, DBVPG3775_006623-T1, DBVPG3444_002948-T1
GF00000921	DBVPG3444_009836-T1, DBVPG3444_012376-T1, DBVPG3444_012216-T1, DBVPG3775_006809-T1
GF00000922	DBVPG3444_003058-T1, DBVPG3444_006894-T1, DBVPG3444_006893-T1, DBVPG3775_006862-T1
GF00000923	DBVPG3444_012598-T1, DBVPG3444_005982-T1, DBVPG3444_005983-T1, DBVPG3775_004633-T1
GF00000924	DBVPG3444_003068-T1, DBVPG3444_014049-T1, DBVPG3444_006879-T1, DBVPG3775_006876-T1
GF00000925	DBVPG3444_003075-T1, DBVPG3444_014043-T1, DBVPG3444_005418-T1, DBVPG3775_006883-T1
GF00000926	DBVPG3444_003131-T1, DBVPG3444_013365-T1, DBVPG3444_014188-T1, DBVPG3775_005311-T1
GF00000927	DBVPG3444_005960-T1, DBVPG3444_014618-T1, DBVPG3444_014617-T1, DBVPG3775_004533-T1
GF00000928	DBVPG3444_003182-T1, DBVPG3444_006149-T1, DBVPG3444_006148-T1, DBVPG3775_005261-T1
GF00000929	DBVPG3444_011854-T1, DBVPG3444_008972-T1, DBVPG3444_013785-T1, DBVPG3775_002527-T1
GF00000930	DBVPG3444_003201-T1, DBVPG3444_005719-T1, DBVPG3444_013979-T1, DBVPG3775_001869-T1
GF00000931	DBVPG3444_009605-T1, DBVPG3444_009604-T1, DBVPG3775_005771-T1, DBVPG3775_005772-T1
GF00000932	DBVPG3444_003230-T1, DBVPG3444_005697-T1, DBVPG3444_005698-T1, DBVPG3775_001839-T1
GF00000933	DBVPG3444_003408-T1, DBVPG3444_015005-T1, DBVPG3444_011829-T1, DBVPG3775_006955-T1
GF00000934	DBVPG3444_003427-T1, DBVPG3444_011840-T1, DBVPG3444_004753-T1, DBVPG3775_006944-T1
GF00000935	DBVPG3444_003449-T1, DBVPG3444_003452-T1, DBVPG3775_003275-T1, DBVPG3775_003278-T1
GF00000936	DBVPG3444_003466-T1, DBVPG3444_006089-T1, DBVPG3444_006088-T1, DBVPG3775_003262-T1
GF00000937	DBVPG3444_003478-T1, DBVPG3444_010858-T1, DBVPG3775_003248-T1, DBVPG3775_003249-T1
GF00000938	DBVPG3444_003517-T1, DBVPG3444_003916-T1, DBVPG3775_003367-T1, DBVPG3775_003368-T1
GF00000939	DBVPG3444_003518-T1, DBVPG3444_003917-T1, DBVPG3444_003519-T1, DBVPG3775_003366-T1
GF00000940	DBVPG3444_003550-T1, DBVPG3444_003951-T1, DBVPG3444_003551-T1, DBVPG3775_003334-T1
GF00000941	DBVPG3444_003552-T1, DBVPG3444_003952-T1, DBVPG3444_010388-T1, DBVPG3775_003333-T1
GF00000942	DBVPG3444_003561-T1, DBVPG3444_006299-T1, DBVPG3444_006298-T1, DBVPG3775_000988-T1
GF00000943	DBVPG3444_003619-T1, DBVPG3444_011158-T1, DBVPG3444_014471-T1, DBVPG3775_000925-T1
GF00000944	DBVPG3444_003624-T1, DBVPG3444_010465-T1, DBVPG3775_001499-T1, DBVPG3444_003623-T1
GF00000945	DBVPG3444_003632-T1, DBVPG3444_010456-T1, DBVPG3444_010455-T1, DBVPG3775_001507-T1
GF00000946	DBVPG3444_003654-T1, DBVPG3444_014091-T1, DBVPG3444_013402-T1, DBVPG3775_001530-T1
GF00000947	DBVPG3444_003685-T1, DBVPG3444_008242-T1, DBVPG3444_008241-T1, DBVPG3775_001561-T1
GF00000948	DBVPG3444_003688-T1, DBVPG3444_008245-T1, DBVPG3775_001564-T1, DBVPG3775_001565-T1
GF00000949	DBVPG3444_003689-T1, DBVPG3444_008247-T1, DBVPG3444_008246-T1, DBVPG3775_001566-T1
GF00000950	DBVPG3444_003810-T1, DBVPG3444_014652-T1, DBVPG3444_015014-T1, DBVPG3775_001680-T1
GF00000951	DBVPG3444_003819-T1, DBVPG3444_012377-T1, DBVPG3444_003820-T1, DBVPG3775_001672-T1
GF00000952	DBVPG3444_003826-T1, DBVPG3444_012382-T1, DBVPG3444_014256-T1, DBVPG3775_001665-T1
GF00000953	DBVPG3444_003838-T1, DBVPG3444_013191-T1, DBVPG3444_013190-T1, DBVPG3775_003522-T1
GF00000954	DBVPG3444_003839-T1, DBVPG3444_013192-T1, DBVPG3444_011596-T1, DBVPG3775_003521-T1
GF00000955	DBVPG3444_003849-T1, DBVPG3444_011586-T1, DBVPG3775_003510-T1, DBVPG3775_003511-T1
GF00000956	DBVPG3444_003850-T1, DBVPG3444_011585-T1, DBVPG3444_012064-T1, DBVPG3775_003443-T1
GF00000957	DBVPG3444_003866-T1, DBVPG3444_011560-T1, DBVPG3444_003867-T1, DBVPG3775_003472-T1
GF00000958	DBVPG3444_003889-T1, DBVPG3444_012650-T1, DBVPG3444_014249-T1, DBVPG3775_003492-T1
GF00000959	DBVPG3444_011652-T1, DBVPG3444_014807-T1, DBVPG3444_007459-T1, DBVPG3775_003234-T1
GF00000960	DBVPG3444_003961-T1, DBVPG3444_008660-T1, DBVPG3444_013700-T1, DBVPG3775_002886-T1
GF00000961	DBVPG3444_003966-T1, DBVPG3444_008656-T1, DBVPG3444_008655-T1, DBVPG3775_002891-T1
GF00000962	DBVPG3444_003975-T1, DBVPG3444_008647-T1, DBVPG3775_002900-T1, DBVPG3775_002901-T1
GF00000963	DBVPG3444_009994-T1, DBVPG3444_012994-T1, DBVPG3775_004034-T1, DBVPG3775_004035-T1
GF00000964	DBVPG3444_003993-T1, DBVPG3444_012901-T1, DBVPG3444_012902-T1, DBVPG3775_002920-T1
GF00000965	DBVPG3444_004156-T1, DBVPG3444_007973-T1, DBVPG3444_009308-T1, DBVPG3775_001082-T1
GF00000966	DBVPG3444_005893-T1, DBVPG3444_006758-T1, DBVPG3775_006381-T1, DBVPG3444_005894-T1
GF00000967	DBVPG3444_004182-T1, DBVPG3444_014522-T1, DBVPG3444_011701-T1, DBVPG3775_005852-T1
GF00000968	DBVPG3444_004252-T1, DBVPG3444_014068-T1, DBVPG3444_004253-T1, DBVPG3775_004773-T1
GF00000969	DBVPG3444_004259-T1, DBVPG3444_010733-T1, DBVPG3775_004780-T1, DBVPG3775_004781-T1
GF00000970	DBVPG3444_004260-T1, DBVPG3444_010732-T1, DBVPG3775_004782-T1, DBVPG3775_004783-T1
GF00000971	DBVPG3444_004265-T1, DBVPG3444_010724-T1, DBVPG3775_004791-T1, DBVPG3775_004792-T1
GF00000972	DBVPG3444_004313-T1, DBVPG3444_014855-T1, DBVPG3444_014264-T1, DBVPG3775_003850-T1
GF00000973	DBVPG3444_004315-T1, DBVPG3444_014267-T1, DBVPG3444_014266-T1, DBVPG3775_003852-T1
GF00000974	DBVPG3444_004373-T1, DBVPG3444_006637-T1, DBVPG3444_004374-T1, DBVPG3775_007178-T1
GF00000975	DBVPG3444_004411-T1, DBVPG3444_013724-T1, DBVPG3444_008812-T1, DBVPG3775_005926-T1
GF00000976	DBVPG3444_004422-T1, DBVPG3444_012765-T1, DBVPG3444_004423-T1, DBVPG3775_005941-T1
GF00000977	DBVPG3444_004511-T1, DBVPG3444_011921-T1, DBVPG3444_011920-T1, DBVPG3775_006129-T1
GF00000978	DBVPG3444_004528-T1, DBVPG3444_007143-T1, DBVPG3775_006109-T1, DBVPG3775_006110-T1
GF00000979	DBVPG3444_004533-T1, DBVPG3444_007150-T1, DBVPG3775_006101-T1, DBVPG3775_006102-T1
GF00000980	DBVPG3444_009484-T1, DBVPG3444_005179-T1, DBVPG3444_010362-T1, DBVPG3775_005885-T1
GF00000981	DBVPG3444_004609-T1, DBVPG3444_008402-T1, DBVPG3444_008401-T1, DBVPG3775_005694-T1
GF00000982	DBVPG3444_004615-T1, DBVPG3444_008408-T1, DBVPG3444_004616-T1, DBVPG3775_005700-T1
GF00000983	DBVPG3444_004618-T1, DBVPG3444_008410-T1, DBVPG3444_004619-T1, DBVPG3775_005702-T1
GF00000984	DBVPG3444_004633-T1, DBVPG3444_006782-T1, DBVPG3775_002453-T1, DBVPG3444_014622-T1
GF00000985	DBVPG3444_004642-T1, DBVPG3444_006791-T1, DBVPG3444_004643-T1, DBVPG3775_002462-T1
GF00000986	DBVPG3444_004673-T1, DBVPG3444_006823-T1, DBVPG3444_006822-T1, DBVPG3775_002492-T1
GF00000987	DBVPG3444_004692-T1, DBVPG3444_006732-T1, DBVPG3444_014794-T1, DBVPG3775_006075-T1
GF00000988	DBVPG3444_004695-T1, DBVPG3444_007536-T1, DBVPG3444_014797-T1, DBVPG3775_006072-T1
GF00000989	DBVPG3444_004739-T1, DBVPG3444_010312-T1, DBVPG3444_010311-T1, DBVPG3775_005472-T1
GF00000990	DBVPG3444_004756-T1, DBVPG3444_011843-T1, DBVPG3775_006940-T1, DBVPG3775_006941-T1
GF00000991	DBVPG3444_004795-T1, DBVPG3444_009878-T1, DBVPG3775_006260-T1, DBVPG3775_006261-T1
GF00000992	DBVPG3444_013881-T1, DBVPG3444_013374-T1, DBVPG3775_000418-T1, DBVPG3775_007531-T1
GF00000993	DBVPG3444_004810-T1, DBVPG3444_014493-T1, DBVPG3444_014032-T1, DBVPG3775_000648-T1
GF00000994	DBVPG3444_004848-T1, DBVPG3444_005488-T1, DBVPG3444_005489-T1, DBVPG3775_000611-T1
GF00000995	DBVPG3444_004871-T1, DBVPG3444_005513-T1, DBVPG3444_004872-T1, DBVPG3775_000585-T1
GF00000996	DBVPG3444_004873-T1, DBVPG3444_005514-T1, DBVPG3444_011355-T1, DBVPG3775_000584-T1
GF00000997	DBVPG3444_004889-T1, DBVPG3444_008257-T1, DBVPG3775_001577-T1, DBVPG3775_001605-T1
GF00000998	DBVPG3444_004903-T1, DBVPG3444_014822-T1, DBVPG3444_014140-T1, DBVPG3775_001619-T1
GF00000999	DBVPG3444_004909-T1, DBVPG3444_014145-T1, DBVPG3444_004910-T1, DBVPG3775_001625-T1
GF00001000	DBVPG3444_004911-T1, DBVPG3444_010240-T1, DBVPG3444_014146-T1, DBVPG3775_001626-T1
GF00001001	DBVPG3444_004964-T1, DBVPG3444_012897-T1, DBVPG3444_015043-T1, DBVPG3775_007593-T1
GF00001002	DBVPG3444_015057-T1, DBVPG3444_004965-T1, DBVPG3444_014454-T1, DBVPG3775_002301-T1
GF00001003	DBVPG3444_004967-T1, DBVPG3444_014452-T1, DBVPG3444_004968-T1, DBVPG3775_002303-T1
GF00001004	DBVPG3444_004989-T1, DBVPG3444_013862-T1, DBVPG3444_013857-T1, DBVPG3775_002323-T1
GF00001005	DBVPG3444_005025-T1, DBVPG3444_008585-T1, DBVPG3775_000267-T1, DBVPG3444_008584-T1
GF00001006	DBVPG3444_005046-T1, DBVPG3444_008609-T1, DBVPG3444_005047-T1, DBVPG3775_000243-T1
GF00001007	DBVPG3444_005077-T1, DBVPG3444_014553-T1, DBVPG3444_009139-T1, DBVPG3775_006322-T1
GF00001008	DBVPG3444_005083-T1, DBVPG3444_009029-T1, DBVPG3444_014547-T1, DBVPG3775_006316-T1
GF00001009	DBVPG3444_005095-T1, DBVPG3444_009018-T1, DBVPG3444_007083-T1, DBVPG3775_006303-T1
GF00001010	DBVPG3444_005096-T1, DBVPG3444_009017-T1, DBVPG3444_007082-T1, DBVPG3775_006302-T1
GF00001011	DBVPG3444_005097-T1, DBVPG3444_009016-T1, DBVPG3444_007081-T1, DBVPG3775_006301-T1
GF00001012	DBVPG3444_005098-T1, DBVPG3444_009015-T1, DBVPG3444_007080-T1, DBVPG3775_006300-T1
GF00001013	DBVPG3444_005099-T1, DBVPG3444_009014-T1, DBVPG3444_007079-T1, DBVPG3775_006299-T1
GF00001014	DBVPG3444_005100-T1, DBVPG3444_009013-T1, DBVPG3444_007078-T1, DBVPG3775_006298-T1
GF00001015	DBVPG3444_005101-T1, DBVPG3444_009012-T1, DBVPG3444_007077-T1, DBVPG3775_006297-T1
GF00001016	DBVPG3444_005102-T1, DBVPG3444_009011-T1, DBVPG3444_007076-T1, DBVPG3775_006296-T1
GF00001017	DBVPG3444_005103-T1, DBVPG3444_009010-T1, DBVPG3444_007075-T1, DBVPG3775_006295-T1
GF00001018	DBVPG3444_005104-T1, DBVPG3444_009009-T1, DBVPG3444_007074-T1, DBVPG3775_006294-T1
GF00001019	DBVPG3444_005105-T1, DBVPG3444_007073-T1, DBVPG3444_009008-T1, DBVPG3775_006293-T1
GF00001020	DBVPG3444_005106-T1, DBVPG3444_009007-T1, DBVPG3444_007072-T1, DBVPG3775_006292-T1
GF00001021	DBVPG3444_005107-T1, DBVPG3444_009006-T1, DBVPG3444_007071-T1, DBVPG3775_006291-T1
GF00001022	DBVPG3444_005108-T1, DBVPG3444_009005-T1, DBVPG3444_007070-T1, DBVPG3775_006290-T1
GF00001023	DBVPG3444_005113-T1, DBVPG3444_009000-T1, DBVPG3444_007068-T1, DBVPG3775_006285-T1
GF00001024	DBVPG3444_005114-T1, DBVPG3444_008999-T1, DBVPG3444_007067-T1, DBVPG3775_006284-T1
GF00001025	DBVPG3444_005116-T1, DBVPG3444_008997-T1, DBVPG3444_007065-T1, DBVPG3775_006282-T1
GF00001026	DBVPG3444_005117-T1, DBVPG3444_008996-T1, DBVPG3444_007064-T1, DBVPG3775_006281-T1
GF00001027	DBVPG3444_011468-T1, DBVPG3444_005854-T1, DBVPG3775_004435-T1, DBVPG3775_004436-T1
GF00001028	DBVPG3444_005134-T1, DBVPG3444_013077-T1, DBVPG3444_014950-T1, DBVPG3775_007065-T1
GF00001029	DBVPG3444_005136-T1, DBVPG3444_010604-T1, DBVPG3444_014952-T1, DBVPG3775_007067-T1
GF00001030	DBVPG3444_005142-T1, DBVPG3444_010610-T1, DBVPG3775_007073-T1, DBVPG3444_010611-T1
GF00001031	DBVPG3444_005145-T1, DBVPG3444_006645-T1, DBVPG3444_009500-T1, DBVPG3775_007187-T1
GF00001032	DBVPG3444_005171-T1, DBVPG3444_014871-T1, DBVPG3444_009478-T1, DBVPG3775_005877-T1
GF00001033	DBVPG3444_005198-T1, DBVPG3444_005339-T1, DBVPG3444_005199-T1, DBVPG3775_006007-T1
GF00001034	DBVPG3444_005241-T1, DBVPG3444_005298-T1, DBVPG3775_005964-T1, DBVPG3775_005965-T1
GF00001035	DBVPG3444_005243-T1, DBVPG3444_009760-T1, DBVPG3444_005244-T1, DBVPG3775_001334-T1
GF00001036	DBVPG3444_005260-T1, DBVPG3444_009740-T1, DBVPG3775_001313-T1, DBVPG3775_001314-T1
GF00001037	DBVPG3444_005516-T1, DBVPG3444_014155-T1, DBVPG3444_012127-T1, DBVPG3775_005804-T1
GF00001038	DBVPG3444_005544-T1, DBVPG3444_006918-T1, DBVPG3444_005545-T1, DBVPG3775_007213-T1
GF00001039	DBVPG3444_005547-T1, DBVPG3444_006916-T1, DBVPG3444_005548-T1, DBVPG3775_007215-T1
GF00001040	DBVPG3444_005600-T1, DBVPG3444_007303-T1, DBVPG3444_005601-T1, DBVPG3775_000072-T1
GF00001041	DBVPG3444_005619-T1, DBVPG3444_007321-T1, DBVPG3444_007322-T1, DBVPG3775_000090-T1
GF00001042	DBVPG3444_005759-T1, DBVPG3444_006036-T1, DBVPG3444_006037-T1, DBVPG3775_002208-T1
GF00001043	DBVPG3444_005767-T1, DBVPG3444_014332-T1, DBVPG3444_006043-T1, DBVPG3775_002201-T1
GF00001044	DBVPG3444_005803-T1, DBVPG3444_013541-T1, DBVPG3444_005804-T1, DBVPG3775_002164-T1
GF00001045	DBVPG3444_005835-T1, DBVPG3444_011484-T1, DBVPG3444_011485-T1, DBVPG3775_004454-T1
GF00001046	DBVPG3444_005860-T1, DBVPG3444_012740-T1, DBVPG3444_011460-T1, DBVPG3775_004429-T1
GF00001047	DBVPG3444_005919-T1, DBVPG3444_014124-T1, DBVPG3444_006781-T1, DBVPG3775_006355-T1
GF00001048	DBVPG3444_005963-T1, DBVPG3444_013896-T1, DBVPG3444_014621-T1, DBVPG3775_004530-T1
GF00001049	DBVPG3444_005974-T1, DBVPG3444_013885-T1, DBVPG3444_014868-T1, DBVPG3775_004519-T1
GF00001050	DBVPG3444_005989-T1, DBVPG3444_012592-T1, DBVPG3444_005990-T1, DBVPG3775_004639-T1
GF00001051	DBVPG3444_005998-T1, DBVPG3444_014366-T1, DBVPG3444_005999-T1, DBVPG3775_004647-T1
GF00001052	DBVPG3444_006287-T1, DBVPG3444_008074-T1, DBVPG3444_006288-T1, DBVPG3775_000998-T1
GF00001053	DBVPG3444_006319-T1, DBVPG3444_011447-T1, DBVPG3775_004725-T1, DBVPG3775_005741-T1
GF00001054	DBVPG3444_006366-T1, DBVPG3444_007665-T1, DBVPG3444_006367-T1, DBVPG3775_000803-T1
GF00001055	DBVPG3444_006376-T1, DBVPG3444_007674-T1, DBVPG3444_006377-T1, DBVPG3775_000794-T1
GF00001056	DBVPG3444_006392-T1, DBVPG3444_007689-T1, DBVPG3444_010048-T1, DBVPG3775_000779-T1
GF00001057	DBVPG3444_006399-T1, DBVPG3444_010639-T1, DBVPG3444_012754-T1, DBVPG3775_004414-T1
GF00001058	DBVPG3444_006403-T1, DBVPG3444_010643-T1, DBVPG3444_006404-T1, DBVPG3775_004410-T1
GF00001059	DBVPG3444_006406-T1, DBVPG3444_010645-T1, DBVPG3444_010646-T1, DBVPG3775_004408-T1
GF00001060	DBVPG3444_006459-T1, DBVPG3444_010907-T1, DBVPG3444_010908-T1, DBVPG3775_005151-T1
GF00001061	DBVPG3444_006479-T1, DBVPG3444_013808-T1, DBVPG3444_010887-T1, DBVPG3775_007140-T1
GF00001062	DBVPG3444_006521-T1, DBVPG3444_013650-T1, DBVPG3444_014587-T1, DBVPG3775_000472-T1
GF00001063	DBVPG3444_006527-T1, DBVPG3444_013656-T1, DBVPG3775_000466-T1, DBVPG3444_006528-T1
GF00001064	DBVPG3444_006542-T1, DBVPG3444_007356-T1, DBVPG3444_007355-T1, DBVPG3775_000452-T1
GF00001065	DBVPG3444_006567-T1, DBVPG3444_007330-T1, DBVPG3444_007329-T1, DBVPG3775_000427-T1
GF00001066	DBVPG3444_006568-T1, DBVPG3444_007328-T1, DBVPG3444_014878-T1, DBVPG3775_000426-T1
GF00001067	DBVPG3444_006643-T1, DBVPG3444_009498-T1, DBVPG3444_009497-T1, DBVPG3775_007185-T1
GF00001068	DBVPG3444_006921-T1, DBVPG3444_006922-T1, DBVPG3775_007209-T1, DBVPG3775_007210-T1
GF00001069	DBVPG3444_006923-T1, DBVPG3444_011115-T1, DBVPG3444_011114-T1, DBVPG3775_007208-T1
GF00001070	DBVPG3444_006981-T1, DBVPG3444_011436-T1, DBVPG3444_011437-T1, DBVPG3775_004715-T1
GF00001071	DBVPG3444_007004-T1, DBVPG3444_014985-T1, DBVPG3444_014743-T1, DBVPG3775_004740-T1
GF00001072	DBVPG3444_007086-T1, DBVPG3444_008677-T1, DBVPG3775_004985-T1, DBVPG3444_007087-T1
GF00001073	DBVPG3444_007099-T1, DBVPG3444_008664-T1, DBVPG3444_008661-T1, DBVPG3775_004974-T1
GF00001074	DBVPG3444_007108-T1, DBVPG3775_004965-T1, DBVPG3775_004966-T1, DBVPG3444_007107-T1
GF00001075	DBVPG3444_007144-T1, DBVPG3444_015000-T1, DBVPG3444_015024-T1, DBVPG3444_014885-T1
GF00001076	DBVPG3444_007168-T1, DBVPG3444_010674-T1, DBVPG3775_000983-T1, DBVPG3775_004155-T1
GF00001077	DBVPG3444_007169-T1, DBVPG3444_010675-T1, DBVPG3444_010676-T1, DBVPG3775_004154-T1
GF00001078	DBVPG3444_007184-T1, DBVPG3444_014653-T1, DBVPG3444_009659-T1, DBVPG3775_004138-T1
GF00001079	DBVPG3444_007243-T1, DBVPG3444_007261-T1, DBVPG3444_012451-T1, DBVPG3775_000021-T1
GF00001080	DBVPG3444_007250-T1, DBVPG3444_012461-T1, DBVPG3444_007251-T1, DBVPG3775_000031-T1
GF00001081	DBVPG3444_010767-T1, DBVPG3444_008950-T1, DBVPG3444_008951-T1, DBVPG3775_003961-T1
GF00001082	DBVPG3444_007326-T1, DBVPG3444_013379-T1, DBVPG3444_014880-T1, DBVPG3775_000424-T1
GF00001083	DBVPG3444_007418-T1, DBVPG3444_014981-T1, DBVPG3444_014983-T1, DBVPG3775_003186-T1
GF00001084	DBVPG3444_007455-T1, DBVPG3444_009270-T1, DBVPG3444_009271-T1, DBVPG3775_003225-T1
GF00001085	DBVPG3444_007532-T1, DBVPG3444_009343-T1, DBVPG3444_012739-T1, DBVPG3775_005594-T1
GF00001086	DBVPG3444_007625-T1, DBVPG3444_012535-T1, DBVPG3444_008029-T1, DBVPG3775_002766-T1
GF00001087	DBVPG3444_007633-T1, DBVPG3444_008037-T1, DBVPG3444_008038-T1, DBVPG3775_002758-T1
GF00001088	DBVPG3444_007732-T1, DBVPG3444_008855-T1, DBVPG3444_011622-T1, DBVPG3775_000347-T1
GF00001089	DBVPG3444_007743-T1, DBVPG3444_010837-T1, DBVPG3775_000334-T1, DBVPG3775_000335-T1
GF00001090	DBVPG3444_007771-T1, DBVPG3444_014713-T1, DBVPG3444_014782-T1, DBVPG3775_000307-T1
GF00001091	DBVPG3444_007776-T1, DBVPG3444_014349-T1, DBVPG3444_014708-T1, DBVPG3775_000302-T1
GF00001092	DBVPG3444_007777-T1, DBVPG3444_014350-T1, DBVPG3775_000300-T1, DBVPG3775_000301-T1
GF00001093	DBVPG3444_007780-T1, DBVPG3444_014353-T1, DBVPG3775_000297-T1, DBVPG3444_014354-T1
GF00001094	DBVPG3444_007781-T1, DBVPG3444_014355-T1, DBVPG3775_000295-T1, DBVPG3775_000296-T1
GF00001095	DBVPG3444_007861-T1, DBVPG3444_008902-T1, DBVPG3444_013330-T1, DBVPG3775_000548-T1
GF00001096	DBVPG3444_007900-T1, DBVPG3444_012923-T1, DBVPG3444_012922-T1, DBVPG3775_005138-T1
GF00001097	DBVPG3444_008468-T1, DBVPG3444_014059-T1, DBVPG3775_005424-T1, DBVPG3775_005425-T1
GF00001098	DBVPG3444_007999-T1, DBVPG3444_014922-T1, DBVPG3775_000984-T1, DBVPG3444_008067-T1
GF00001099	DBVPG3444_008140-T1, DBVPG3444_012835-T1, DBVPG3444_012974-T1, DBVPG3775_005557-T1
GF00001100	DBVPG3444_008151-T1, DBVPG3444_012170-T1, DBVPG3444_014939-T1, DBVPG3775_005670-T1
GF00001101	DBVPG3444_008294-T1, DBVPG3444_014319-T1, DBVPG3444_013916-T1, DBVPG3775_004491-T1
GF00001102	DBVPG3444_008358-T1, DBVPG3444_013621-T1, DBVPG3444_012236-T1, DBVPG3775_005650-T1
GF00001103	DBVPG3444_008368-T1, DBVPG3444_013613-T1, DBVPG3444_014897-T1, DBVPG3775_005641-T1
GF00001104	DBVPG3444_008370-T1, DBVPG3444_014895-T1, DBVPG3444_013778-T1, DBVPG3775_005639-T1
GF00001105	DBVPG3444_008463-T1, DBVPG3444_014064-T1, DBVPG3444_011961-T1, DBVPG3775_005430-T1
GF00001106	DBVPG3444_008470-T1, DBVPG3444_014057-T1, DBVPG3444_014455-T1, DBVPG3775_005422-T1
GF00001107	DBVPG3444_008479-T1, DBVPG3444_013485-T1, DBVPG3444_008480-T1, DBVPG3775_005413-T1
GF00001108	DBVPG3444_008490-T1, DBVPG3444_013494-T1, DBVPG3444_015007-T1, DBVPG3775_005403-T1
GF00001109	DBVPG3444_008491-T1, DBVPG3444_015008-T1, DBVPG3444_013113-T1, DBVPG3775_005402-T1
GF00001110	DBVPG3444_008497-T1, DBVPG3444_013105-T1, DBVPG3444_013106-T1, DBVPG3775_005395-T1
GF00001111	DBVPG3444_008499-T1, DBVPG3444_013103-T1, DBVPG3444_013102-T1, DBVPG3775_005393-T1
GF00001112	DBVPG3444_008506-T1, DBVPG3444_013746-T1, DBVPG3444_014630-T1, DBVPG3775_004296-T1
GF00001113	DBVPG3444_008533-T1, DBVPG3444_011883-T1, DBVPG3444_011882-T1, DBVPG3775_004322-T1
GF00001114	DBVPG3444_008536-T1, DBVPG3444_011888-T1, DBVPG3775_004326-T1, DBVPG3775_004327-T1
GF00001115	DBVPG3444_008628-T1, DBVPG3444_012261-T1, DBVPG3444_012260-T1, DBVPG3775_001644-T1
GF00001116	DBVPG3444_008703-T1, DBVPG3444_015048-T1, DBVPG3444_014294-T1, DBVPG3775_007044-T1
GF00001117	DBVPG3444_008713-T1, DBVPG3444_012946-T1, DBVPG3775_007032-T1, DBVPG3444_012945-T1
GF00001118	DBVPG3444_008731-T1, DBVPG3444_011705-T1, DBVPG3444_014752-T1, DBVPG3775_007014-T1
GF00001119	DBVPG3444_008783-T1, DBVPG3444_009038-T1, DBVPG3444_008784-T1, DBVPG3775_000410-T1
GF00001120	DBVPG3444_008787-T1, DBVPG3444_009041-T1, DBVPG3444_008788-T1, DBVPG3775_000407-T1
GF00001121	DBVPG3444_008811-T1, DBVPG3444_011606-T1, DBVPG3444_008886-T1, DBVPG3775_000362-T1
GF00001122	DBVPG3444_008872-T1, DBVPG3444_009066-T1, DBVPG3444_014147-T1, DBVPG3775_000382-T1
GF00001123	DBVPG3444_008877-T1, DBVPG3444_014154-T1, DBVPG3444_011597-T1, DBVPG3775_000372-T1
GF00001124	DBVPG3444_008925-T1, DBVPG3444_009993-T1, DBVPG3444_012995-T1, DBVPG3775_004036-T1
GF00001125	DBVPG3444_008927-T1, DBVPG3444_013269-T1, DBVPG3444_014179-T1, DBVPG3775_003623-T1
GF00001126	DBVPG3444_008931-T1, DBVPG3444_010787-T1, DBVPG3775_003942-T1, DBVPG3444_014614-T1
GF00001127	DBVPG3444_008958-T1, DBVPG3444_010760-T1, DBVPG3444_009172-T1, DBVPG3775_003967-T1
GF00001128	DBVPG3444_009024-T1, DBVPG3444_010672-T1, DBVPG3444_014846-T1, DBVPG3775_004157-T1
GF00001129	DBVPG3444_009130-T1, DBVPG3444_013908-T1, DBVPG3444_011807-T1, DBVPG3775_004598-T1
GF00001130	DBVPG3444_009133-T1, DBVPG3444_013911-T1, DBVPG3444_009134-T1, DBVPG3775_004595-T1
GF00001131	DBVPG3444_009136-T1, DBVPG3444_013913-T1, DBVPG3775_007599-T1, DBVPG3775_007600-T1
GF00001132	DBVPG3444_009459-T1, DBVPG3444_012016-T1, DBVPG3775_002136-T1, DBVPG3775_002137-T1
GF00001133	DBVPG3444_009468-T1, DBVPG3444_013454-T1, DBVPG3444_013453-T1, DBVPG3775_002147-T1
GF00001134	DBVPG3444_009522-T1, DBVPG3444_012560-T1, DBVPG3775_004585-T1, DBVPG3775_004586-T1
GF00001135	DBVPG3444_009526-T1, DBVPG3444_012565-T1, DBVPG3444_012566-T1, DBVPG3775_004581-T1
GF00001136	DBVPG3444_009623-T1, DBVPG3444_009928-T1, DBVPG3444_009929-T1, DBVPG3775_005789-T1
GF00001137	DBVPG3444_009762-T1, DBVPG3444_012516-T1, DBVPG3444_013355-T1, DBVPG3775_005322-T1
GF00001138	DBVPG3444_009776-T1, DBVPG3444_012502-T1, DBVPG3444_013064-T1, DBVPG3775_005338-T1
GF00001139	DBVPG3444_009804-T1, DBVPG3444_010518-T1, DBVPG3444_010517-T1, DBVPG3775_002698-T1
GF00001140	DBVPG3444_009818-T1, DBVPG3444_014016-T1, DBVPG3444_014015-T1, DBVPG3775_002684-T1
GF00001141	DBVPG3444_009821-T1, DBVPG3444_014012-T1, DBVPG3444_014084-T1, DBVPG3775_002681-T1
GF00001142	DBVPG3444_009970-T1, DBVPG3444_013429-T1, DBVPG3444_012330-T1, DBVPG3775_004091-T1
GF00001143	DBVPG3444_010002-T1, DBVPG3444_014074-T1, DBVPG3444_012985-T1, DBVPG3775_004026-T1
GF00001144	DBVPG3444_010076-T1, DBVPG3444_011203-T1, DBVPG3444_014958-T1, DBVPG3775_000752-T1
GF00001145	DBVPG3444_010082-T1, DBVPG3444_010993-T1, DBVPG3444_011333-T1, DBVPG3775_007259-T1
GF00001146	DBVPG3444_010104-T1, DBVPG3444_012611-T1, DBVPG3444_015046-T1, DBVPG3775_000679-T1
GF00001147	DBVPG3444_010118-T1, DBVPG3444_013524-T1, DBVPG3444_013525-T1, DBVPG3775_000666-T1
GF00001148	DBVPG3444_010140-T1, DBVPG3444_012671-T1, DBVPG3775_007343-T1, DBVPG3775_007344-T1
GF00001149	DBVPG3444_010335-T1, DBVPG3444_013593-T1, DBVPG3444_010336-T1, DBVPG3775_001736-T1
GF00001150	DBVPG3444_010375-T1, DBVPG3444_011180-T1, DBVPG3444_010376-T1, DBVPG3775_004276-T1
GF00001151	DBVPG3444_010384-T1, DBVPG3444_013818-T1, DBVPG3444_011188-T1, DBVPG3775_004268-T1
GF00001152	DBVPG3444_010396-T1, DBVPG3444_013425-T1, DBVPG3775_003324-T1, DBVPG3775_003325-T1
GF00001153	DBVPG3444_010403-T1, DBVPG3444_013418-T1, DBVPG3444_013417-T1, DBVPG3775_003317-T1
GF00001154	DBVPG3444_010404-T1, DBVPG3444_013416-T1, DBVPG3444_014980-T1, DBVPG3775_003316-T1
GF00001155	DBVPG3444_010497-T1, DBVPG3444_014720-T1, DBVPG3444_011635-T1, DBVPG3775_007251-T1
GF00001156	DBVPG3444_010564-T1, DBVPG3444_012070-T1, DBVPG3444_012069-T1, DBVPG3775_003438-T1
GF00001157	DBVPG3444_010671-T1, DBVPG3444_014845-T1, DBVPG3444_013380-T1, DBVPG3775_004158-T1
GF00001158	DBVPG3444_010712-T1, DBVPG3444_014830-T1, DBVPG3444_014829-T1, DBVPG3775_000229-T1
GF00001159	DBVPG3444_010999-T1, DBVPG3444_011000-T1, DBVPG3775_007265-T1, DBVPG3775_007266-T1
GF00001160	DBVPG3444_011015-T1, DBVPG3444_012817-T1, DBVPG3444_012816-T1, DBVPG3775_007280-T1
GF00001161	DBVPG3444_011039-T1, DBVPG3444_012104-T1, DBVPG3444_013271-T1, DBVPG3775_005499-T1
GF00001162	DBVPG3444_011141-T1, DBVPG3444_011166-T1, DBVPG3775_000909-T1, DBVPG3775_000932-T1
GF00001163	DBVPG3444_011160-T1, DBVPG3444_014469-T1, DBVPG3444_011161-T1, DBVPG3775_000927-T1
GF00001164	DBVPG3444_011241-T1, DBVPG3444_013669-T1, DBVPG3444_014497-T1, DBVPG3775_004820-T1
GF00001165	DBVPG3444_011275-T1, DBVPG3444_012363-T1, DBVPG3444_012364-T1, DBVPG3775_002344-T1
GF00001166	DBVPG3444_011282-T1, DBVPG3444_012370-T1, DBVPG3444_014726-T1, DBVPG3775_002351-T1
GF00001167	DBVPG3444_011295-T1, DBVPG3444_014944-T1, DBVPG3444_015029-T1, DBVPG3775_000530-T1
GF00001168	DBVPG3444_011296-T1, DBVPG3444_012484-T1, DBVPG3444_015035-T1, DBVPG3775_000529-T1
GF00001169	DBVPG3444_011300-T1, DBVPG3444_012489-T1, DBVPG3444_012488-T1, DBVPG3775_000525-T1
GF00001170	DBVPG3444_011315-T1, DBVPG3444_015065-T1, DBVPG3444_012723-T1, DBVPG3775_002728-T1
GF00001171	DBVPG3444_011317-T1, DBVPG3444_012721-T1, DBVPG3444_012720-T1, DBVPG3775_002726-T1
GF00001172	DBVPG3444_011331-T1, DBVPG3444_014772-T1, DBVPG3444_014785-T1, DBVPG3775_002712-T1
GF00001173	DBVPG3444_011422-T1, DBVPG3444_014686-T1, DBVPG3444_014409-T1, DBVPG3775_005955-T1
GF00001174	DBVPG3444_011825-T1, DBVPG3444_014202-T1, DBVPG3775_005381-T1, DBVPG3775_005383-T1
GF00001175	DBVPG3444_012024-T1, DBVPG3444_014774-T1, DBVPG3444_014975-T1, DBVPG3775_006760-T1
GF00001176	DBVPG3444_012034-T1, DBVPG3444_013829-T1, DBVPG3444_012404-T1, DBVPG3775_006749-T1
GF00001177	DBVPG3444_012036-T1, DBVPG3444_013827-T1, DBVPG3444_014365-T1, DBVPG3775_006747-T1
GF00001178	DBVPG3444_012227-T1, DBVPG3444_012287-T1, DBVPG3444_012288-T1, DBVPG3775_006912-T1
GF00001179	DBVPG3444_012230-T1, DBVPG3444_014631-T1, DBVPG3444_012291-T1, DBVPG3775_006909-T1
GF00001180	DBVPG3444_012272-T1, DBVPG3444_013023-T1, DBVPG3444_013024-T1, DBVPG3775_001655-T1
GF00001181	DBVPG3444_012445-T1, DBVPG3444_013599-T1, DBVPG3444_013600-T1, DBVPG3775_001742-T1
GF00001182	DBVPG3444_012520-T1, DBVPG3444_014219-T1, DBVPG3444_012521-T1, DBVPG3775_007436-T1
GF00001183	DBVPG3444_012699-T1, DBVPG3444_013759-T1, DBVPG3775_002545-T1, DBVPG3444_014526-T1
GF00001184	DBVPG3444_012711-T1, DBVPG3444_013158-T1, DBVPG3444_013257-T1, DBVPG3775_003608-T1
GF00001185	DBVPG3444_012961-T1, DBVPG3444_013955-T1, DBVPG3444_014717-T1, DBVPG3775_006793-T1
GF00001186	DBVPG3444_013029-T1, DBVPG3444_014314-T1, DBVPG3444_013030-T1, DBVPG3775_002592-T1
GF00001187	DBVPG3444_013164-T1, DBVPG3444_013261-T1, DBVPG3444_014171-T1, DBVPG3775_003614-T1
GF00001188	DBVPG3444_013290-T1, DBVPG3444_013907-T1, DBVPG3444_014099-T1, DBVPG3775_003679-T1
GF00001189	DBVPG3444_013361-T1, DBVPG3444_013362-T1, DBVPG3775_005314-T1, DBVPG3775_005315-T1
GF00001190	DBVPG3444_013376-T1, DBVPG3444_013883-T1, DBVPG3444_013377-T1, DBVPG3775_000422-T1
GF00001191	DBVPG3444_013484-T1, DBVPG3444_014502-T1, DBVPG3444_014856-T1, DBVPG3775_004815-T1
GF00001192	DBVPG3444_013500-T1, DBVPG3444_013505-T1, DBVPG3775_003452-T1, DBVPG3775_003458-T1
GF00001193	DBVPG3444_013548-T1, DBVPG3444_013687-T1, DBVPG3775_006544-T1, DBVPG3775_006545-T1
GF00001194	DBVPG3444_013672-T1, DBVPG3444_014500-T1, DBVPG3444_014858-T1, DBVPG3775_004817-T1
GF00001195	DBVPG3444_013823-T1, DBVPG3444_014401-T1, DBVPG3444_014898-T1, DBVPG3775_004263-T1
GF00001196	DBVPG3444_013835-T1, DBVPG3444_014121-T1, DBVPG3444_014777-T1, DBVPG3775_006755-T1
GF00001197	DBVPG3444_014010-T1, DBVPG3444_014085-T1, DBVPG3444_014011-T1, DBVPG3775_002680-T1
GF00001198	DBVPG3444_014556-T1, DBVPG3444_014554-T1, DBVPG3775_006347-T1, DBVPG3775_006349-T1
GF00001199	DBVPG3444_014531-T1, DBVPG3444_014760-T1, DBVPG3775_002540-T1, DBVPG3444_014942-T1
GF00001200	DBVPG3775_000375-T1, DBVPG3444_014151-T1, DBVPG3775_000376-T1, DBVPG3775_000379-T1
GF00001201	DBVPG3775_001478-T1, DBVPG3444_014239-T1, DBVPG3444_014241-T1, DBVPG3444_014240-T1
GF00001202	DBVPG3444_000002-T1, DBVPG3444_003409-T1, DBVPG3775_006957-T1
GF00001203	DBVPG3444_003416-T1, DBVPG3444_000005-T1, DBVPG3775_006960-T1
GF00001204	DBVPG3444_000006-T1, DBVPG3444_003417-T1, DBVPG3775_006961-T1
GF00001205	DBVPG3444_002716-T1, DBVPG3444_013336-T1, DBVPG3775_005359-T1
GF00001206	DBVPG3444_000013-T1, DBVPG3444_003400-T1, DBVPG3775_006969-T1
GF00001207	DBVPG3444_000014-T1, DBVPG3444_003399-T1, DBVPG3775_006970-T1
GF00001208	DBVPG3444_000015-T1, DBVPG3444_003398-T1, DBVPG3775_006971-T1
GF00001209	DBVPG3444_000017-T1, DBVPG3444_003396-T1, DBVPG3775_006973-T1
GF00001210	DBVPG3444_000020-T1, DBVPG3444_003381-T1, DBVPG3775_006406-T1
GF00001211	DBVPG3444_000021-T1, DBVPG3444_003382-T1, DBVPG3775_006407-T1
GF00001212	DBVPG3444_000022-T1, DBVPG3444_003383-T1, DBVPG3775_006408-T1
GF00001213	DBVPG3444_000023-T1, DBVPG3444_003384-T1, DBVPG3775_006409-T1
GF00001214	DBVPG3444_000024-T1, DBVPG3444_003385-T1, DBVPG3775_006410-T1
GF00001215	DBVPG3444_000026-T1, DBVPG3444_003387-T1, DBVPG3775_006412-T1
GF00001216	DBVPG3444_000028-T1, DBVPG3444_003389-T1, DBVPG3775_006414-T1
GF00001217	DBVPG3444_000029-T1, DBVPG3444_003390-T1, DBVPG3775_006415-T1
GF00001218	DBVPG3444_000034-T1, DBVPG3444_003376-T1, DBVPG3775_006420-T1
GF00001219	DBVPG3444_000036-T1, DBVPG3444_003374-T1, DBVPG3775_006422-T1
GF00001220	DBVPG3444_000039-T1, DBVPG3444_003371-T1, DBVPG3775_006428-T1
GF00001221	DBVPG3444_000042-T1, DBVPG3444_003368-T1, DBVPG3775_006431-T1
GF00001222	DBVPG3444_000043-T1, DBVPG3444_003367-T1, DBVPG3775_006432-T1
GF00001223	DBVPG3444_000044-T1, DBVPG3444_003366-T1, DBVPG3775_006433-T1
GF00001224	DBVPG3444_000045-T1, DBVPG3444_003365-T1, DBVPG3775_006434-T1
GF00001225	DBVPG3444_000046-T1, DBVPG3444_003364-T1, DBVPG3775_006435-T1
GF00001226	DBVPG3444_000047-T1, DBVPG3444_003363-T1, DBVPG3775_006436-T1
GF00001227	DBVPG3444_000048-T1, DBVPG3444_003362-T1, DBVPG3775_006437-T1
GF00001228	DBVPG3444_000051-T1, DBVPG3444_003359-T1, DBVPG3775_006440-T1
GF00001229	DBVPG3444_000053-T1, DBVPG3444_011380-T1, DBVPG3775_006442-T1
GF00001230	DBVPG3444_000054-T1, DBVPG3444_011381-T1, DBVPG3775_006443-T1
GF00001231	DBVPG3444_000057-T1, DBVPG3444_011384-T1, DBVPG3775_006445-T1
GF00001232	DBVPG3444_000058-T1, DBVPG3444_011386-T1, DBVPG3775_006446-T1
GF00001233	DBVPG3444_000059-T1, DBVPG3444_011387-T1, DBVPG3775_006447-T1
GF00001234	DBVPG3444_000060-T1, DBVPG3444_011388-T1, DBVPG3775_006448-T1
GF00001235	DBVPG3444_000061-T1, DBVPG3444_011389-T1, DBVPG3775_006449-T1
GF00001236	DBVPG3444_000062-T1, DBVPG3444_011390-T1, DBVPG3775_006450-T1
GF00001237	DBVPG3444_000063-T1, DBVPG3444_011391-T1, DBVPG3775_006451-T1
GF00001238	DBVPG3444_000066-T1, DBVPG3444_011394-T1, DBVPG3775_006454-T1
GF00001239	DBVPG3444_000070-T1, DBVPG3444_011396-T1, DBVPG3775_007464-T1
GF00001240	DBVPG3444_000071-T1, DBVPG3444_011397-T1, DBVPG3775_007465-T1
GF00001241	DBVPG3444_000072-T1, DBVPG3444_011398-T1, DBVPG3775_007466-T1
GF00001242	DBVPG3444_000073-T1, DBVPG3444_011399-T1, DBVPG3775_007467-T1
GF00001243	DBVPG3444_000074-T1, DBVPG3444_011400-T1, DBVPG3775_007468-T1
GF00001244	DBVPG3444_000075-T1, DBVPG3444_011401-T1, DBVPG3775_007469-T1
GF00001245	DBVPG3444_000078-T1, DBVPG3444_006686-T1, DBVPG3775_007472-T1
GF00001246	DBVPG3444_000080-T1, DBVPG3444_006688-T1, DBVPG3775_007474-T1
GF00001247	DBVPG3444_000081-T1, DBVPG3444_006689-T1, DBVPG3775_007475-T1
GF00001248	DBVPG3444_000082-T1, DBVPG3444_006690-T1, DBVPG3775_007476-T1
GF00001249	DBVPG3444_000083-T1, DBVPG3444_006691-T1, DBVPG3775_007477-T1
GF00001250	DBVPG3444_000087-T1, DBVPG3444_006696-T1, DBVPG3775_006978-T1
GF00001251	DBVPG3444_000090-T1, DBVPG3444_006697-T1, DBVPG3775_006981-T1
GF00001252	DBVPG3444_000092-T1, DBVPG3444_006699-T1, DBVPG3775_006983-T1
GF00001253	DBVPG3444_000093-T1, DBVPG3444_006700-T1, DBVPG3775_006984-T1
GF00001254	DBVPG3444_000094-T1, DBVPG3444_006701-T1, DBVPG3775_006985-T1
GF00001255	DBVPG3444_000095-T1, DBVPG3444_006702-T1, DBVPG3775_006986-T1
GF00001256	DBVPG3444_000096-T1, DBVPG3444_006703-T1, DBVPG3775_006987-T1
GF00001257	DBVPG3444_000098-T1, DBVPG3444_006705-T1, DBVPG3775_006989-T1
GF00001258	DBVPG3444_000099-T1, DBVPG3444_006706-T1, DBVPG3775_006990-T1
GF00001259	DBVPG3444_000101-T1, DBVPG3444_006708-T1, DBVPG3775_006992-T1
GF00001260	DBVPG3444_000102-T1, DBVPG3444_006709-T1, DBVPG3775_006993-T1
GF00001261	DBVPG3444_000103-T1, DBVPG3444_006710-T1, DBVPG3775_006994-T1
GF00001262	DBVPG3444_000104-T1, DBVPG3444_006711-T1, DBVPG3775_006995-T1
GF00001263	DBVPG3444_000106-T1, DBVPG3444_006713-T1, DBVPG3775_006997-T1
GF00001264	DBVPG3444_000108-T1, DBVPG3444_006715-T1, DBVPG3775_006999-T1
GF00001265	DBVPG3444_000109-T1, DBVPG3444_006716-T1, DBVPG3775_007000-T1
GF00001266	DBVPG3444_000110-T1, DBVPG3444_006717-T1, DBVPG3775_007001-T1
GF00001267	DBVPG3444_000111-T1, DBVPG3444_006718-T1, DBVPG3775_007002-T1
GF00001268	DBVPG3444_000112-T1, DBVPG3444_006719-T1, DBVPG3775_007003-T1
GF00001269	DBVPG3444_007974-T1, DBVPG3444_004155-T1, DBVPG3775_001081-T1
GF00001270	DBVPG3444_000114-T1, DBVPG3444_006722-T1, DBVPG3775_007005-T1
GF00001271	DBVPG3444_000115-T1, DBVPG3444_006723-T1, DBVPG3775_007006-T1
GF00001272	DBVPG3444_000116-T1, DBVPG3444_006724-T1, DBVPG3775_007007-T1
GF00001273	DBVPG3444_009146-T1, DBVPG3444_005068-T1, DBVPG3775_006331-T1
GF00001274	DBVPG3444_000118-T1, DBVPG3444_006726-T1, DBVPG3775_007009-T1
GF00001275	DBVPG3444_000121-T1, DBVPG3444_006729-T1, DBVPG3775_007508-T1
GF00001276	DBVPG3444_000122-T1, DBVPG3444_006730-T1, DBVPG3775_007509-T1
GF00001277	DBVPG3444_000124-T1, DBVPG3444_007367-T1, DBVPG3775_007512-T1
GF00001278	DBVPG3444_000125-T1, DBVPG3444_007368-T1, DBVPG3775_007513-T1
GF00001279	DBVPG3444_000127-T1, DBVPG3444_007370-T1, DBVPG3775_007515-T1
GF00001280	DBVPG3444_000131-T1, DBVPG3444_007375-T1, DBVPG3775_007547-T1
GF00001281	DBVPG3444_000135-T1, DBVPG3444_007391-T1, DBVPG3775_006645-T1
GF00001282	DBVPG3444_000136-T1, DBVPG3444_007390-T1, DBVPG3775_006646-T1
GF00001283	DBVPG3444_000140-T1, DBVPG3444_007386-T1, DBVPG3775_006650-T1
GF00001284	DBVPG3444_000141-T1, DBVPG3444_007385-T1, DBVPG3775_006651-T1
GF00001285	DBVPG3444_000143-T1, DBVPG3444_007382-T1, DBVPG3775_006653-T1
GF00001286	DBVPG3444_000147-T1, DBVPG3444_007378-T1, DBVPG3775_006657-T1
GF00001287	DBVPG3444_000149-T1, DBVPG3444_007395-T1, DBVPG3775_006660-T1
GF00001288	DBVPG3444_000150-T1, DBVPG3444_007396-T1, DBVPG3775_006661-T1
GF00001289	DBVPG3444_000152-T1, DBVPG3444_007398-T1, DBVPG3775_006663-T1
GF00001290	DBVPG3444_000153-T1, DBVPG3444_007399-T1, DBVPG3775_006664-T1
GF00001291	DBVPG3444_000154-T1, DBVPG3444_007400-T1, DBVPG3775_006665-T1
GF00001292	DBVPG3444_000155-T1, DBVPG3444_007401-T1, DBVPG3775_006666-T1
GF00001293	DBVPG3444_014177-T1, DBVPG3444_013267-T1, DBVPG3775_003621-T1
GF00001294	DBVPG3444_000157-T1, DBVPG3444_007403-T1, DBVPG3775_006668-T1
GF00001295	DBVPG3444_000160-T1, DBVPG3444_007406-T1, DBVPG3775_006671-T1
GF00001296	DBVPG3444_000161-T1, DBVPG3444_007407-T1, DBVPG3775_006672-T1
GF00001297	DBVPG3444_000163-T1, DBVPG3444_007409-T1, DBVPG3775_006674-T1
GF00001298	DBVPG3444_000164-T1, DBVPG3444_007410-T1, DBVPG3775_006675-T1
GF00001299	DBVPG3444_000165-T1, DBVPG3444_007411-T1, DBVPG3775_006676-T1
GF00001300	DBVPG3444_000168-T1, DBVPG3444_011404-T1, DBVPG3775_006679-T1
GF00001301	DBVPG3444_000169-T1, DBVPG3444_011407-T1, DBVPG3775_006680-T1
GF00001302	DBVPG3444_000170-T1, DBVPG3444_011408-T1, DBVPG3775_006681-T1
GF00001303	DBVPG3444_000171-T1, DBVPG3444_011409-T1, DBVPG3775_006682-T1
GF00001304	DBVPG3444_000172-T1, DBVPG3444_011410-T1, DBVPG3775_006683-T1
GF00001305	DBVPG3444_000175-T1, DBVPG3444_011412-T1, DBVPG3775_006686-T1
GF00001306	DBVPG3444_000176-T1, DBVPG3444_011413-T1, DBVPG3775_006687-T1
GF00001307	DBVPG3444_000177-T1, DBVPG3444_011415-T1, DBVPG3775_006688-T1
GF00001308	DBVPG3444_000178-T1, DBVPG3444_011416-T1, DBVPG3775_006689-T1
GF00001309	DBVPG3444_000179-T1, DBVPG3444_011417-T1, DBVPG3775_006690-T1
GF00001310	DBVPG3444_000181-T1, DBVPG3444_010143-T1, DBVPG3775_006901-T1
GF00001311	DBVPG3444_000182-T1, DBVPG3444_011242-T1, DBVPG3775_002119-T1
GF00001312	DBVPG3444_000186-T1, DBVPG3444_011246-T1, DBVPG3775_002116-T1
GF00001313	DBVPG3444_000187-T1, DBVPG3444_011247-T1, DBVPG3775_002115-T1
GF00001314	DBVPG3444_000188-T1, DBVPG3444_011248-T1, DBVPG3775_002114-T1
GF00001315	DBVPG3444_000192-T1, DBVPG3444_011251-T1, DBVPG3775_002109-T1
GF00001316	DBVPG3444_000193-T1, DBVPG3444_011252-T1, DBVPG3775_002108-T1
GF00001317	DBVPG3444_000194-T1, DBVPG3444_011253-T1, DBVPG3775_002107-T1
GF00001318	DBVPG3444_000195-T1, DBVPG3444_011254-T1, DBVPG3775_002106-T1
GF00001319	DBVPG3444_000196-T1, DBVPG3444_011255-T1, DBVPG3775_002105-T1
GF00001320	DBVPG3444_000197-T1, DBVPG3444_011256-T1, DBVPG3775_002104-T1
GF00001321	DBVPG3444_000198-T1, DBVPG3444_011257-T1, DBVPG3775_002103-T1
GF00001322	DBVPG3444_007908-T1, DBVPG3444_014472-T1, DBVPG3775_000706-T1
GF00001323	DBVPG3444_000202-T1, DBVPG3444_011260-T1, DBVPG3775_002099-T1
GF00001324	DBVPG3444_000203-T1, DBVPG3444_011261-T1, DBVPG3775_002098-T1
GF00001325	DBVPG3444_000204-T1, DBVPG3444_011262-T1, DBVPG3775_002097-T1
GF00001326	DBVPG3444_000206-T1, DBVPG3444_011263-T1, DBVPG3775_002096-T1
GF00001327	DBVPG3444_000207-T1, DBVPG3444_013308-T1, DBVPG3775_002095-T1
GF00001328	DBVPG3444_000209-T1, DBVPG3444_013309-T1, DBVPG3775_002093-T1
GF00001329	DBVPG3444_000210-T1, DBVPG3444_013310-T1, DBVPG3775_002092-T1
GF00001330	DBVPG3444_000211-T1, DBVPG3444_013311-T1, DBVPG3775_002091-T1
GF00001331	DBVPG3444_000214-T1, DBVPG3444_013315-T1, DBVPG3775_002088-T1
GF00001332	DBVPG3444_000215-T1, DBVPG3444_013316-T1, DBVPG3775_002087-T1
GF00001333	DBVPG3444_000216-T1, DBVPG3444_013317-T1, DBVPG3775_002086-T1
GF00001334	DBVPG3444_000218-T1, DBVPG3444_008153-T1, DBVPG3775_002084-T1
GF00001335	DBVPG3444_000221-T1, DBVPG3444_008155-T1, DBVPG3775_002081-T1
GF00001336	DBVPG3444_000222-T1, DBVPG3444_008156-T1, DBVPG3775_002080-T1
GF00001337	DBVPG3444_000223-T1, DBVPG3444_008157-T1, DBVPG3775_002079-T1
GF00001338	DBVPG3444_000225-T1, DBVPG3444_008159-T1, DBVPG3775_002076-T1
GF00001339	DBVPG3444_000226-T1, DBVPG3444_008160-T1, DBVPG3775_002075-T1
GF00001340	DBVPG3444_000228-T1, DBVPG3444_008161-T1, DBVPG3775_002072-T1
GF00001341	DBVPG3444_000231-T1, DBVPG3444_008163-T1, DBVPG3775_002069-T1
GF00001342	DBVPG3444_000232-T1, DBVPG3444_008164-T1, DBVPG3775_002068-T1
GF00001343	DBVPG3444_000234-T1, DBVPG3444_008166-T1, DBVPG3775_002066-T1
GF00001344	DBVPG3444_000235-T1, DBVPG3444_008167-T1, DBVPG3775_002065-T1
GF00001345	DBVPG3444_009807-T1, DBVPG3444_010520-T1, DBVPG3775_002695-T1
GF00001346	DBVPG3444_000238-T1, DBVPG3444_008170-T1, DBVPG3775_002062-T1
GF00001347	DBVPG3444_000243-T1, DBVPG3444_008171-T1, DBVPG3775_002058-T1
GF00001348	DBVPG3444_000244-T1, DBVPG3444_008172-T1, DBVPG3775_002057-T1
GF00001349	DBVPG3444_000246-T1, DBVPG3444_008174-T1, DBVPG3775_002055-T1
GF00001350	DBVPG3444_000248-T1, DBVPG3444_008176-T1, DBVPG3775_002053-T1
GF00001351	DBVPG3444_000249-T1, DBVPG3444_008177-T1, DBVPG3775_002052-T1
GF00001352	DBVPG3444_000250-T1, DBVPG3444_008178-T1, DBVPG3775_002051-T1
GF00001353	DBVPG3444_000251-T1, DBVPG3444_008179-T1, DBVPG3775_002050-T1
GF00001354	DBVPG3444_000253-T1, DBVPG3444_008181-T1, DBVPG3775_002048-T1
GF00001355	DBVPG3444_000254-T1, DBVPG3444_008182-T1, DBVPG3775_002047-T1
GF00001356	DBVPG3444_000260-T1, DBVPG3444_013790-T1, DBVPG3775_002041-T1
GF00001357	DBVPG3444_000261-T1, DBVPG3444_013791-T1, DBVPG3775_002040-T1
GF00001358	DBVPG3444_000756-T1, DBVPG3444_010982-T1, DBVPG3775_007421-T1
GF00001359	DBVPG3444_000267-T1, DBVPG3444_013798-T1, DBVPG3775_002034-T1
GF00001360	DBVPG3444_000268-T1, DBVPG3444_013799-T1, DBVPG3775_002033-T1
GF00001361	DBVPG3444_000272-T1, DBVPG3444_007691-T1, DBVPG3775_002029-T1
GF00001362	DBVPG3444_000274-T1, DBVPG3444_007693-T1, DBVPG3775_002027-T1
GF00001363	DBVPG3444_000275-T1, DBVPG3444_007694-T1, DBVPG3775_002026-T1
GF00001364	DBVPG3444_000276-T1, DBVPG3444_007695-T1, DBVPG3775_002025-T1
GF00001365	DBVPG3444_000279-T1, DBVPG3444_007698-T1, DBVPG3775_002022-T1
GF00001366	DBVPG3444_000280-T1, DBVPG3444_007699-T1, DBVPG3775_002021-T1
GF00001367	DBVPG3444_000282-T1, DBVPG3444_007701-T1, DBVPG3775_002019-T1
GF00001368	DBVPG3444_000286-T1, DBVPG3444_007705-T1, DBVPG3775_002015-T1
GF00001369	DBVPG3444_000287-T1, DBVPG3444_007706-T1, DBVPG3775_002014-T1
GF00001370	DBVPG3444_000288-T1, DBVPG3444_007707-T1, DBVPG3775_002013-T1
GF00001371	DBVPG3444_000289-T1, DBVPG3444_007708-T1, DBVPG3775_002012-T1
GF00001372	DBVPG3444_000290-T1, DBVPG3444_007709-T1, DBVPG3775_002011-T1
GF00001373	DBVPG3444_000296-T1, DBVPG3444_007714-T1, DBVPG3775_002005-T1
GF00001374	DBVPG3444_004798-T1, DBVPG3444_009883-T1, DBVPG3775_006266-T1
GF00001375	DBVPG3444_000300-T1, DBVPG3444_007718-T1, DBVPG3775_002001-T1
GF00001376	DBVPG3444_004074-T1, DBVPG3444_000333-T1, DBVPG3775_001970-T1
GF00001377	DBVPG3444_008936-T1, DBVPG3444_010781-T1, DBVPG3775_003947-T1
GF00001378	DBVPG3444_000304-T1, DBVPG3444_007722-T1, DBVPG3775_001997-T1
GF00001379	DBVPG3444_000305-T1, DBVPG3444_007723-T1, DBVPG3775_001996-T1
GF00001380	DBVPG3444_005794-T1, DBVPG3444_013178-T1, DBVPG3775_002173-T1
GF00001381	DBVPG3444_000308-T1, DBVPG3444_007729-T1, DBVPG3775_001992-T1
GF00001382	DBVPG3444_000310-T1, DBVPG3444_007731-T1, DBVPG3775_001990-T1
GF00001383	DBVPG3444_000312-T1, DBVPG3444_014041-T1, DBVPG3775_001988-T1
GF00001384	DBVPG3444_000313-T1, DBVPG3444_014040-T1, DBVPG3775_001987-T1
GF00001385	DBVPG3444_000315-T1, DBVPG3444_014038-T1, DBVPG3775_001985-T1
GF00001386	DBVPG3444_000319-T1, DBVPG3444_014035-T1, DBVPG3775_001981-T1
GF00001387	DBVPG3444_000322-T1, DBVPG3444_014033-T1, DBVPG3775_001979-T1
GF00001388	DBVPG3444_000323-T1, DBVPG3444_014699-T1, DBVPG3775_001978-T1
GF00001389	DBVPG3444_000324-T1, DBVPG3444_014698-T1, DBVPG3775_001977-T1
GF00001390	DBVPG3444_000328-T1, DBVPG3444_004079-T1, DBVPG3775_001975-T1
GF00001391	DBVPG3444_000329-T1, DBVPG3444_004078-T1, DBVPG3775_001974-T1
GF00001392	DBVPG3444_000332-T1, DBVPG3444_004075-T1, DBVPG3775_001971-T1
GF00001393	DBVPG3444_000335-T1, DBVPG3444_004072-T1, DBVPG3775_001967-T1
GF00001394	DBVPG3444_000338-T1, DBVPG3444_002006-T1, DBVPG3775_003127-T1
GF00001395	DBVPG3444_000339-T1, DBVPG3444_002005-T1, DBVPG3775_003126-T1
GF00001396	DBVPG3444_000340-T1, DBVPG3444_002004-T1, DBVPG3775_003125-T1
GF00001397	DBVPG3444_000342-T1, DBVPG3444_002001-T1, DBVPG3775_003123-T1
GF00001398	DBVPG3444_000343-T1, DBVPG3444_002000-T1, DBVPG3775_003122-T1
GF00001399	DBVPG3444_000344-T1, DBVPG3444_001999-T1, DBVPG3775_003121-T1
GF00001400	DBVPG3444_000345-T1, DBVPG3444_001998-T1, DBVPG3775_003120-T1
GF00001401	DBVPG3444_000346-T1, DBVPG3444_001997-T1, DBVPG3775_003118-T1
GF00001402	DBVPG3444_000347-T1, DBVPG3444_001996-T1, DBVPG3775_003117-T1
GF00001403	DBVPG3444_000348-T1, DBVPG3444_001995-T1, DBVPG3775_003116-T1
GF00001404	DBVPG3444_000353-T1, DBVPG3444_001991-T1, DBVPG3775_003111-T1
GF00001405	DBVPG3444_000354-T1, DBVPG3444_001990-T1, DBVPG3775_003110-T1
GF00001406	DBVPG3444_000355-T1, DBVPG3444_001989-T1, DBVPG3775_003109-T1
GF00001407	DBVPG3444_000358-T1, DBVPG3444_001987-T1, DBVPG3775_003106-T1
GF00001408	DBVPG3444_000361-T1, DBVPG3444_001985-T1, DBVPG3775_003103-T1
GF00001409	DBVPG3444_000362-T1, DBVPG3444_001984-T1, DBVPG3775_003102-T1
GF00001410	DBVPG3444_000363-T1, DBVPG3444_001983-T1, DBVPG3775_003101-T1
GF00001411	DBVPG3444_000365-T1, DBVPG3444_001981-T1, DBVPG3775_003099-T1
GF00001412	DBVPG3444_000367-T1, DBVPG3444_001979-T1, DBVPG3775_003097-T1
GF00001413	DBVPG3444_000370-T1, DBVPG3444_001976-T1, DBVPG3775_003094-T1
GF00001414	DBVPG3444_000371-T1, DBVPG3444_001975-T1, DBVPG3775_003093-T1
GF00001415	DBVPG3444_000372-T1, DBVPG3444_001974-T1, DBVPG3775_003092-T1
GF00001416	DBVPG3444_000373-T1, DBVPG3444_001973-T1, DBVPG3775_003091-T1
GF00001417	DBVPG3444_000375-T1, DBVPG3444_001971-T1, DBVPG3775_003089-T1
GF00001418	DBVPG3444_000377-T1, DBVPG3444_013844-T1, DBVPG3775_003087-T1
GF00001419	DBVPG3444_000741-T1, DBVPG3444_013997-T1, DBVPG3775_006582-T1
GF00001420	DBVPG3444_000378-T1, DBVPG3444_013843-T1, DBVPG3775_003086-T1
GF00001421	DBVPG3444_000382-T1, DBVPG3444_013840-T1, DBVPG3775_003083-T1
GF00001422	DBVPG3444_000383-T1, DBVPG3444_013839-T1, DBVPG3775_003082-T1
GF00001423	DBVPG3444_014529-T1, DBVPG3444_014758-T1, DBVPG3775_002542-T1
GF00001424	DBVPG3444_002271-T1, DBVPG3444_002275-T1, DBVPG3775_003668-T1
GF00001425	DBVPG3444_000387-T1, DBVPG3444_004559-T1, DBVPG3775_003079-T1
GF00001426	DBVPG3444_000388-T1, DBVPG3444_004560-T1, DBVPG3775_003078-T1
GF00001427	DBVPG3444_000389-T1, DBVPG3444_004561-T1, DBVPG3775_003077-T1
GF00001428	DBVPG3444_000390-T1, DBVPG3444_004562-T1, DBVPG3775_003076-T1
GF00001429	DBVPG3444_000392-T1, DBVPG3444_004564-T1, DBVPG3775_003074-T1
GF00001430	DBVPG3444_000393-T1, DBVPG3444_004565-T1, DBVPG3775_003073-T1
GF00001431	DBVPG3444_000394-T1, DBVPG3444_004566-T1, DBVPG3775_003072-T1
GF00001432	DBVPG3444_000396-T1, DBVPG3444_004568-T1, DBVPG3775_003070-T1
GF00001433	DBVPG3444_000397-T1, DBVPG3444_004569-T1, DBVPG3775_003069-T1
GF00001434	DBVPG3444_000398-T1, DBVPG3444_004570-T1, DBVPG3775_003068-T1
GF00001435	DBVPG3444_000399-T1, DBVPG3444_004571-T1, DBVPG3775_003067-T1
GF00001436	DBVPG3444_000403-T1, DBVPG3444_004575-T1, DBVPG3775_003063-T1
GF00001437	DBVPG3444_000404-T1, DBVPG3444_004577-T1, DBVPG3775_003061-T1
GF00001438	DBVPG3444_000405-T1, DBVPG3444_004578-T1, DBVPG3775_003060-T1
GF00001439	DBVPG3444_000406-T1, DBVPG3444_004579-T1, DBVPG3775_003059-T1
GF00001440	DBVPG3444_000407-T1, DBVPG3444_004580-T1, DBVPG3775_003058-T1
GF00001441	DBVPG3444_000410-T1, DBVPG3444_004582-T1, DBVPG3775_003056-T1
GF00001442	DBVPG3444_000411-T1, DBVPG3444_004583-T1, DBVPG3775_003055-T1
GF00001443	DBVPG3444_000412-T1, DBVPG3444_004584-T1, DBVPG3775_003054-T1
GF00001444	DBVPG3444_000413-T1, DBVPG3444_004585-T1, DBVPG3775_003053-T1
GF00001445	DBVPG3444_000414-T1, DBVPG3444_004586-T1, DBVPG3775_003052-T1
GF00001446	DBVPG3444_000417-T1, DBVPG3444_004590-T1, DBVPG3775_003049-T1
GF00001447	DBVPG3444_000420-T1, DBVPG3444_004594-T1, DBVPG3775_005045-T1
GF00001448	DBVPG3444_000421-T1, DBVPG3444_004595-T1, DBVPG3775_005046-T1
GF00001449	DBVPG3444_000422-T1, DBVPG3444_004596-T1, DBVPG3775_005047-T1
GF00001450	DBVPG3444_000423-T1, DBVPG3444_004597-T1, DBVPG3775_005048-T1
GF00001451	DBVPG3444_000424-T1, DBVPG3444_004598-T1, DBVPG3775_005049-T1
GF00001452	DBVPG3444_004030-T1, DBVPG3444_001502-T1, DBVPG3775_001924-T1
GF00001453	DBVPG3444_013445-T1, DBVPG3444_009476-T1, DBVPG3775_002155-T1
GF00001454	DBVPG3444_000429-T1, DBVPG3444_004602-T1, DBVPG3775_005053-T1
GF00001455	DBVPG3444_010964-T1, DBVPG3444_004770-T1, DBVPG3775_006235-T1
GF00001456	DBVPG3444_002756-T1, DBVPG3444_013852-T1, DBVPG3775_004686-T1
GF00001457	DBVPG3444_000432-T1, DBVPG3444_004605-T1, DBVPG3775_005056-T1
GF00001458	DBVPG3444_000433-T1, DBVPG3444_004606-T1, DBVPG3775_005057-T1
GF00001459	DBVPG3444_000434-T1, DBVPG3444_004607-T1, DBVPG3775_005058-T1
GF00001460	DBVPG3444_000435-T1, DBVPG3444_004608-T1, DBVPG3775_005059-T1
GF00001461	DBVPG3444_000437-T1, DBVPG3444_009726-T1, DBVPG3775_005061-T1
GF00001462	DBVPG3444_000438-T1, DBVPG3444_009725-T1, DBVPG3775_005062-T1
GF00001463	DBVPG3444_000439-T1, DBVPG3444_009724-T1, DBVPG3775_005063-T1
GF00001464	DBVPG3444_000440-T1, DBVPG3444_009723-T1, DBVPG3775_005064-T1
GF00001465	DBVPG3444_000442-T1, DBVPG3444_009721-T1, DBVPG3775_005066-T1
GF00001466	DBVPG3444_000443-T1, DBVPG3444_009720-T1, DBVPG3775_005067-T1
GF00001467	DBVPG3444_000444-T1, DBVPG3444_009719-T1, DBVPG3775_005068-T1
GF00001468	DBVPG3444_000445-T1, DBVPG3444_009718-T1, DBVPG3775_005069-T1
GF00001469	DBVPG3444_000449-T1, DBVPG3444_009715-T1, DBVPG3775_005072-T1
GF00001470	DBVPG3444_000450-T1, DBVPG3444_009714-T1, DBVPG3775_005073-T1
GF00001471	DBVPG3444_000451-T1, DBVPG3444_009713-T1, DBVPG3775_005074-T1
GF00001472	DBVPG3444_000452-T1, DBVPG3444_009712-T1, DBVPG3775_005075-T1
GF00001473	DBVPG3444_000453-T1, DBVPG3444_009711-T1, DBVPG3775_005076-T1
GF00001474	DBVPG3444_000454-T1, DBVPG3444_009710-T1, DBVPG3775_005077-T1
GF00001475	DBVPG3444_000457-T1, DBVPG3444_009707-T1, DBVPG3775_005081-T1
GF00001476	DBVPG3444_000459-T1, DBVPG3444_009706-T1, DBVPG3775_005083-T1
GF00001477	DBVPG3444_000462-T1, DBVPG3444_009703-T1, DBVPG3775_005086-T1
GF00001478	DBVPG3444_000463-T1, DBVPG3444_009702-T1, DBVPG3775_005087-T1
GF00001479	DBVPG3444_000464-T1, DBVPG3444_009701-T1, DBVPG3775_005088-T1
GF00001480	DBVPG3444_000465-T1, DBVPG3444_009700-T1, DBVPG3775_005089-T1
GF00001481	DBVPG3444_000466-T1, DBVPG3444_009698-T1, DBVPG3775_005091-T1
GF00001482	DBVPG3444_000467-T1, DBVPG3444_009697-T1, DBVPG3775_005092-T1
GF00001483	DBVPG3444_000468-T1, DBVPG3444_009696-T1, DBVPG3775_005093-T1
GF00001484	DBVPG3444_000469-T1, DBVPG3444_009695-T1, DBVPG3775_005094-T1
GF00001485	DBVPG3444_000470-T1, DBVPG3444_009694-T1, DBVPG3775_005095-T1
GF00001486	DBVPG3444_000471-T1, DBVPG3444_009693-T1, DBVPG3775_005096-T1
GF00001487	DBVPG3444_000473-T1, DBVPG3444_009235-T1, DBVPG3775_005098-T1
GF00001488	DBVPG3444_000474-T1, DBVPG3444_009236-T1, DBVPG3775_005099-T1
GF00001489	DBVPG3444_000475-T1, DBVPG3444_009237-T1, DBVPG3775_005100-T1
GF00001490	DBVPG3444_000477-T1, DBVPG3444_009239-T1, DBVPG3775_005102-T1
GF00001491	DBVPG3444_000478-T1, DBVPG3444_009240-T1, DBVPG3775_005103-T1
GF00001492	DBVPG3444_000479-T1, DBVPG3444_009241-T1, DBVPG3775_005104-T1
GF00001493	DBVPG3444_000480-T1, DBVPG3444_009242-T1, DBVPG3775_005105-T1
GF00001494	DBVPG3444_000481-T1, DBVPG3444_009243-T1, DBVPG3775_005106-T1
GF00001495	DBVPG3444_000482-T1, DBVPG3444_009244-T1, DBVPG3775_005107-T1
GF00001496	DBVPG3444_000483-T1, DBVPG3444_009245-T1, DBVPG3775_005108-T1
GF00001497	DBVPG3444_000486-T1, DBVPG3444_009247-T1, DBVPG3775_005110-T1
GF00001498	DBVPG3444_000487-T1, DBVPG3444_009248-T1, DBVPG3775_005111-T1
GF00001499	DBVPG3444_000489-T1, DBVPG3444_009250-T1, DBVPG3775_005113-T1
GF00001500	DBVPG3444_000490-T1, DBVPG3444_009251-T1, DBVPG3775_005114-T1
GF00001501	DBVPG3444_000493-T1, DBVPG3444_009254-T1, DBVPG3775_005117-T1
GF00001502	DBVPG3444_000494-T1, DBVPG3444_009255-T1, DBVPG3775_005118-T1
GF00001503	DBVPG3444_000495-T1, DBVPG3444_009256-T1, DBVPG3775_005119-T1
GF00001504	DBVPG3444_000497-T1, DBVPG3444_009258-T1, DBVPG3775_005121-T1
GF00001505	DBVPG3444_000500-T1, DBVPG3444_009261-T1, DBVPG3775_005124-T1
GF00001506	DBVPG3444_000501-T1, DBVPG3444_009262-T1, DBVPG3775_005125-T1
GF00001507	DBVPG3444_000502-T1, DBVPG3444_009263-T1, DBVPG3775_005126-T1
GF00001508	DBVPG3444_000503-T1, DBVPG3444_009264-T1, DBVPG3775_005127-T1
GF00001509	DBVPG3444_000504-T1, DBVPG3444_009265-T1, DBVPG3775_005128-T1
GF00001510	DBVPG3444_000508-T1, DBVPG3444_005666-T1, DBVPG3775_005000-T1
GF00001511	DBVPG3444_000509-T1, DBVPG3444_005667-T1, DBVPG3775_004999-T1
GF00001512	DBVPG3444_000512-T1, DBVPG3444_005671-T1, DBVPG3775_004996-T1
GF00001513	DBVPG3444_000513-T1, DBVPG3444_005672-T1, DBVPG3775_004995-T1
GF00001514	DBVPG3444_000516-T1, DBVPG3444_005674-T1, DBVPG3775_004993-T1
GF00001515	DBVPG3444_000517-T1, DBVPG3444_005675-T1, DBVPG3775_004992-T1
GF00001516	DBVPG3444_000518-T1, DBVPG3444_005676-T1, DBVPG3775_004991-T1
GF00001517	DBVPG3444_000519-T1, DBVPG3444_005649-T1, DBVPG3775_005017-T1
GF00001518	DBVPG3444_000520-T1, DBVPG3444_005648-T1, DBVPG3775_005018-T1
GF00001519	DBVPG3444_000521-T1, DBVPG3444_005647-T1, DBVPG3775_005019-T1
GF00001520	DBVPG3444_000523-T1, DBVPG3444_005645-T1, DBVPG3775_005021-T1
GF00001521	DBVPG3444_000525-T1, DBVPG3444_005643-T1, DBVPG3775_005023-T1
GF00001522	DBVPG3444_000526-T1, DBVPG3444_005642-T1, DBVPG3775_005024-T1
GF00001523	DBVPG3444_000527-T1, DBVPG3444_005641-T1, DBVPG3775_005025-T1
GF00001524	DBVPG3444_000529-T1, DBVPG3444_005639-T1, DBVPG3775_005027-T1
GF00001525	DBVPG3444_000531-T1, DBVPG3444_005636-T1, DBVPG3775_005029-T1
GF00001526	DBVPG3444_000532-T1, DBVPG3444_005635-T1, DBVPG3775_005030-T1
GF00001527	DBVPG3444_000533-T1, DBVPG3444_005634-T1, DBVPG3775_005031-T1
GF00001528	DBVPG3444_000534-T1, DBVPG3444_005633-T1, DBVPG3775_005032-T1
GF00001529	DBVPG3444_000535-T1, DBVPG3444_005632-T1, DBVPG3775_005033-T1
GF00001530	DBVPG3444_008013-T1, DBVPG3444_003577-T1, DBVPG3775_000962-T1
GF00001531	DBVPG3444_000537-T1, DBVPG3444_005630-T1, DBVPG3775_005035-T1
GF00001532	DBVPG3444_000538-T1, DBVPG3444_005629-T1, DBVPG3775_005036-T1
GF00001533	DBVPG3444_000539-T1, DBVPG3444_005628-T1, DBVPG3775_005037-T1
GF00001534	DBVPG3444_000542-T1, DBVPG3444_005625-T1, DBVPG3775_005040-T1
GF00001535	DBVPG3444_000544-T1, DBVPG3444_005623-T1, DBVPG3775_005042-T1
GF00001536	DBVPG3444_000547-T1, DBVPG3444_014680-T1, DBVPG3775_003687-T1
GF00001537	DBVPG3444_000549-T1, DBVPG3444_014678-T1, DBVPG3775_003689-T1
GF00001538	DBVPG3444_000552-T1, DBVPG3444_015061-T1, DBVPG3775_003692-T1
GF00001539	DBVPG3444_000554-T1, DBVPG3444_001237-T1, DBVPG3775_003694-T1
GF00001540	DBVPG3444_000555-T1, DBVPG3444_001236-T1, DBVPG3775_003695-T1
GF00001541	DBVPG3444_000558-T1, DBVPG3444_001231-T1, DBVPG3775_003700-T1
GF00001542	DBVPG3444_000559-T1, DBVPG3444_001230-T1, DBVPG3775_003701-T1
GF00001543	DBVPG3444_000560-T1, DBVPG3444_001229-T1, DBVPG3775_003702-T1
GF00001544	DBVPG3444_000563-T1, DBVPG3444_001226-T1, DBVPG3775_003705-T1
GF00001545	DBVPG3444_000567-T1, DBVPG3444_001223-T1, DBVPG3775_003708-T1
GF00001546	DBVPG3444_013543-T1, DBVPG3444_005806-T1, DBVPG3775_002162-T1
GF00001547	DBVPG3444_000569-T1, DBVPG3444_001221-T1, DBVPG3775_003710-T1
GF00001548	DBVPG3444_000571-T1, DBVPG3444_001219-T1, DBVPG3775_003712-T1
GF00001549	DBVPG3444_000572-T1, DBVPG3444_001218-T1, DBVPG3775_003713-T1
GF00001550	DBVPG3444_000573-T1, DBVPG3444_001217-T1, DBVPG3775_003714-T1
GF00001551	DBVPG3444_000574-T1, DBVPG3444_001216-T1, DBVPG3775_003715-T1
GF00001552	DBVPG3444_000575-T1, DBVPG3444_001215-T1, DBVPG3775_003716-T1
GF00001553	DBVPG3444_000577-T1, DBVPG3444_001213-T1, DBVPG3775_003718-T1
GF00001554	DBVPG3444_000578-T1, DBVPG3444_001212-T1, DBVPG3775_003719-T1
GF00001555	DBVPG3444_000579-T1, DBVPG3444_001211-T1, DBVPG3775_003720-T1
GF00001556	DBVPG3444_000580-T1, DBVPG3444_001210-T1, DBVPG3775_003721-T1
GF00001557	DBVPG3444_000581-T1, DBVPG3444_001209-T1, DBVPG3775_003722-T1
GF00001558	DBVPG3444_000582-T1, DBVPG3444_001208-T1, DBVPG3775_003723-T1
GF00001559	DBVPG3444_000585-T1, DBVPG3444_001205-T1, DBVPG3775_003726-T1
GF00001560	DBVPG3444_000586-T1, DBVPG3444_001204-T1, DBVPG3775_003727-T1
GF00001561	DBVPG3444_000587-T1, DBVPG3444_001203-T1, DBVPG3775_003728-T1
GF00001562	DBVPG3444_000589-T1, DBVPG3444_001201-T1, DBVPG3775_003730-T1
GF00001563	DBVPG3444_000590-T1, DBVPG3444_001200-T1, DBVPG3775_003731-T1
GF00001564	DBVPG3444_000592-T1, DBVPG3444_001198-T1, DBVPG3775_003733-T1
GF00001565	DBVPG3444_000593-T1, DBVPG3444_001197-T1, DBVPG3775_003734-T1
GF00001566	DBVPG3444_000594-T1, DBVPG3444_001196-T1, DBVPG3775_003735-T1
GF00001567	DBVPG3444_000595-T1, DBVPG3444_001195-T1, DBVPG3775_003736-T1
GF00001568	DBVPG3444_000596-T1, DBVPG3444_001194-T1, DBVPG3775_003737-T1
GF00001569	DBVPG3444_000599-T1, DBVPG3444_001191-T1, DBVPG3775_003740-T1
GF00001570	DBVPG3444_000606-T1, DBVPG3444_001186-T1, DBVPG3775_003745-T1
GF00001571	DBVPG3444_000607-T1, DBVPG3444_001185-T1, DBVPG3775_003746-T1
GF00001572	DBVPG3444_000609-T1, DBVPG3444_001183-T1, DBVPG3775_003748-T1
GF00001573	DBVPG3444_000610-T1, DBVPG3444_001182-T1, DBVPG3775_003749-T1
GF00001574	DBVPG3444_000611-T1, DBVPG3444_001181-T1, DBVPG3775_003750-T1
GF00001575	DBVPG3444_000612-T1, DBVPG3444_001180-T1, DBVPG3775_003751-T1
GF00001576	DBVPG3444_000613-T1, DBVPG3444_001179-T1, DBVPG3775_003752-T1
GF00001577	DBVPG3444_000614-T1, DBVPG3444_001178-T1, DBVPG3775_003753-T1
GF00001578	DBVPG3444_000615-T1, DBVPG3444_001177-T1, DBVPG3775_003754-T1
GF00001579	DBVPG3444_000617-T1, DBVPG3444_001175-T1, DBVPG3775_003756-T1
GF00001580	DBVPG3444_000618-T1, DBVPG3444_001174-T1, DBVPG3775_003757-T1
GF00001581	DBVPG3444_000619-T1, DBVPG3444_001173-T1, DBVPG3775_003758-T1
GF00001582	DBVPG3444_000620-T1, DBVPG3444_001172-T1, DBVPG3775_003760-T1
GF00001583	DBVPG3444_000621-T1, DBVPG3444_001171-T1, DBVPG3775_003761-T1
GF00001584	DBVPG3444_000623-T1, DBVPG3444_001169-T1, DBVPG3775_003763-T1
GF00001585	DBVPG3444_000624-T1, DBVPG3444_001168-T1, DBVPG3775_003764-T1
GF00001586	DBVPG3444_000625-T1, DBVPG3444_001167-T1, DBVPG3775_003765-T1
GF00001587	DBVPG3444_000629-T1, DBVPG3444_001164-T1, DBVPG3775_003769-T1
GF00001588	DBVPG3444_000631-T1, DBVPG3444_001162-T1, DBVPG3775_003771-T1
GF00001589	DBVPG3444_000632-T1, DBVPG3444_001161-T1, DBVPG3775_003772-T1
GF00001590	DBVPG3444_000633-T1, DBVPG3444_001160-T1, DBVPG3775_003773-T1
GF00001591	DBVPG3444_000634-T1, DBVPG3444_001159-T1, DBVPG3775_003774-T1
GF00001592	DBVPG3444_000635-T1, DBVPG3444_001158-T1, DBVPG3775_003775-T1
GF00001593	DBVPG3444_000637-T1, DBVPG3444_001156-T1, DBVPG3775_003777-T1
GF00001594	DBVPG3444_000638-T1, DBVPG3444_001155-T1, DBVPG3775_003778-T1
GF00001595	DBVPG3444_000640-T1, DBVPG3444_001153-T1, DBVPG3775_003780-T1
GF00001596	DBVPG3444_000643-T1, DBVPG3444_001150-T1, DBVPG3775_003783-T1
GF00001597	DBVPG3444_000644-T1, DBVPG3444_001149-T1, DBVPG3775_003784-T1
GF00001598	DBVPG3444_000645-T1, DBVPG3444_001928-T1, DBVPG3775_002983-T1
GF00001599	DBVPG3444_000646-T1, DBVPG3444_001927-T1, DBVPG3775_002984-T1
GF00001600	DBVPG3444_000650-T1, DBVPG3444_001922-T1, DBVPG3775_002989-T1
GF00001601	DBVPG3444_000651-T1, DBVPG3444_001921-T1, DBVPG3775_002990-T1
GF00001602	DBVPG3444_000654-T1, DBVPG3444_001918-T1, DBVPG3775_002993-T1
GF00001603	DBVPG3444_000657-T1, DBVPG3444_001915-T1, DBVPG3775_002996-T1
GF00001604	DBVPG3444_000663-T1, DBVPG3444_001911-T1, DBVPG3775_003001-T1
GF00001605	DBVPG3444_000665-T1, DBVPG3444_001908-T1, DBVPG3775_003004-T1
GF00001606	DBVPG3444_000667-T1, DBVPG3444_001907-T1, DBVPG3775_003005-T1
GF00001607	DBVPG3444_000668-T1, DBVPG3444_001906-T1, DBVPG3775_003006-T1
GF00001608	DBVPG3444_000671-T1, DBVPG3444_001903-T1, DBVPG3775_003009-T1
GF00001609	DBVPG3444_000672-T1, DBVPG3444_001902-T1, DBVPG3775_003010-T1
GF00001610	DBVPG3444_000673-T1, DBVPG3444_001900-T1, DBVPG3775_003012-T1
GF00001611	DBVPG3444_000674-T1, DBVPG3444_001899-T1, DBVPG3775_003013-T1
GF00001612	DBVPG3444_000675-T1, DBVPG3444_001898-T1, DBVPG3775_003014-T1
GF00001613	DBVPG3444_000677-T1, DBVPG3444_001896-T1, DBVPG3775_003016-T1
GF00001614	DBVPG3444_000678-T1, DBVPG3444_001895-T1, DBVPG3775_003017-T1
GF00001615	DBVPG3444_010241-T1, DBVPG3444_004912-T1, DBVPG3775_001627-T1
GF00001616	DBVPG3444_000682-T1, DBVPG3444_001891-T1, DBVPG3775_003021-T1
GF00001617	DBVPG3444_000683-T1, DBVPG3444_001890-T1, DBVPG3775_003022-T1
GF00001618	DBVPG3444_000686-T1, DBVPG3444_001886-T1, DBVPG3775_003025-T1
GF00001619	DBVPG3444_000689-T1, DBVPG3444_001882-T1, DBVPG3775_003028-T1
GF00001620	DBVPG3444_009205-T1, DBVPG3444_014089-T1, DBVPG3775_002676-T1
GF00001621	DBVPG3444_000690-T1, DBVPG3444_001881-T1, DBVPG3775_003029-T1
GF00001622	DBVPG3444_000691-T1, DBVPG3444_001880-T1, DBVPG3775_003030-T1
GF00001623	DBVPG3444_000692-T1, DBVPG3444_014947-T1, DBVPG3775_003031-T1
GF00001624	DBVPG3444_000693-T1, DBVPG3444_006878-T1, DBVPG3775_003032-T1
GF00001625	DBVPG3444_000694-T1, DBVPG3444_006877-T1, DBVPG3775_003033-T1
GF00001626	DBVPG3444_000695-T1, DBVPG3444_006876-T1, DBVPG3775_003034-T1
GF00001627	DBVPG3444_006484-T1, DBVPG3444_013815-T1, DBVPG3775_007146-T1
GF00001628	DBVPG3444_000697-T1, DBVPG3444_006874-T1, DBVPG3775_003036-T1
GF00001629	DBVPG3444_000698-T1, DBVPG3444_006873-T1, DBVPG3775_003037-T1
GF00001630	DBVPG3444_000701-T1, DBVPG3444_006871-T1, DBVPG3775_003040-T1
GF00001631	DBVPG3444_000702-T1, DBVPG3444_006870-T1, DBVPG3775_003041-T1
GF00001632	DBVPG3444_000703-T1, DBVPG3444_006869-T1, DBVPG3775_003042-T1
GF00001633	DBVPG3444_000705-T1, DBVPG3444_006867-T1, DBVPG3775_003044-T1
GF00001634	DBVPG3444_013968-T1, DBVPG3444_012612-T1, DBVPG3775_000680-T1
GF00001635	DBVPG3444_007151-T1, DBVPG3444_004534-T1, DBVPG3775_006100-T1
GF00001636	DBVPG3444_000708-T1, DBVPG3444_006864-T1, DBVPG3775_003046-T1
GF00001637	DBVPG3444_000709-T1, DBVPG3444_006863-T1, DBVPG3775_003047-T1
GF00001638	DBVPG3444_000711-T1, DBVPG3444_006861-T1, DBVPG3775_006551-T1
GF00001639	DBVPG3444_000712-T1, DBVPG3444_006860-T1, DBVPG3775_006552-T1
GF00001640	DBVPG3444_000714-T1, DBVPG3444_006857-T1, DBVPG3775_006554-T1
GF00001641	DBVPG3444_000717-T1, DBVPG3444_006854-T1, DBVPG3775_006557-T1
GF00001642	DBVPG3444_000718-T1, DBVPG3444_006853-T1, DBVPG3775_006558-T1
GF00001643	DBVPG3444_000721-T1, DBVPG3444_006851-T1, DBVPG3775_006561-T1
GF00001644	DBVPG3444_000722-T1, DBVPG3444_006850-T1, DBVPG3775_006562-T1
GF00001645	DBVPG3444_000724-T1, DBVPG3444_006847-T1, DBVPG3775_006564-T1
GF00001646	DBVPG3444_011094-T1, DBVPG3444_005006-T1, DBVPG3775_000288-T1
GF00001647	DBVPG3444_000725-T1, DBVPG3444_006846-T1, DBVPG3775_006565-T1
GF00001648	DBVPG3444_000726-T1, DBVPG3444_006845-T1, DBVPG3775_006566-T1
GF00001649	DBVPG3444_000728-T1, DBVPG3444_006843-T1, DBVPG3775_006569-T1
GF00001650	DBVPG3444_000729-T1, DBVPG3444_006842-T1, DBVPG3775_006570-T1
GF00001651	DBVPG3444_000730-T1, DBVPG3444_006841-T1, DBVPG3775_006571-T1
GF00001652	DBVPG3444_000731-T1, DBVPG3444_006840-T1, DBVPG3775_006572-T1
GF00001653	DBVPG3444_000733-T1, DBVPG3444_006838-T1, DBVPG3775_006574-T1
GF00001654	DBVPG3444_000734-T1, DBVPG3444_006837-T1, DBVPG3775_006575-T1
GF00001655	DBVPG3444_000738-T1, DBVPG3444_006833-T1, DBVPG3775_006579-T1
GF00001656	DBVPG3444_000742-T1, DBVPG3444_013996-T1, DBVPG3775_006583-T1
GF00001657	DBVPG3444_000745-T1, DBVPG3444_013993-T1, DBVPG3775_006586-T1
GF00001658	DBVPG3444_000747-T1, DBVPG3444_010973-T1, DBVPG3775_006588-T1
GF00001659	DBVPG3444_000748-T1, DBVPG3444_010974-T1, DBVPG3775_006589-T1
GF00001660	DBVPG3444_000750-T1, DBVPG3444_010976-T1, DBVPG3775_006592-T1
GF00001661	DBVPG3444_000751-T1, DBVPG3444_010977-T1, DBVPG3775_006593-T1
GF00001662	DBVPG3444_000754-T1, DBVPG3444_010980-T1, DBVPG3775_007419-T1
GF00001663	DBVPG3444_000755-T1, DBVPG3444_010981-T1, DBVPG3775_007420-T1
GF00001664	DBVPG3444_000757-T1, DBVPG3444_010983-T1, DBVPG3775_007422-T1
GF00001665	DBVPG3444_000761-T1, DBVPG3444_010987-T1, DBVPG3775_007426-T1
GF00001666	DBVPG3444_000763-T1, DBVPG3444_010989-T1, DBVPG3775_007428-T1
GF00001667	DBVPG3444_000765-T1, DBVPG3444_010990-T1, DBVPG3775_007430-T1
GF00001668	DBVPG3444_000766-T1, DBVPG3444_010991-T1, DBVPG3775_007431-T1
GF00001669	DBVPG3444_000768-T1, DBVPG3444_002081-T1, DBVPG3775_001174-T1
GF00001670	DBVPG3444_000769-T1, DBVPG3444_002080-T1, DBVPG3775_001175-T1
GF00001671	DBVPG3444_000770-T1, DBVPG3444_002079-T1, DBVPG3775_001176-T1
GF00001672	DBVPG3444_000773-T1, DBVPG3444_002078-T1, DBVPG3775_001178-T1
GF00001673	DBVPG3444_000774-T1, DBVPG3444_002077-T1, DBVPG3775_001179-T1
GF00001674	DBVPG3444_000775-T1, DBVPG3444_002076-T1, DBVPG3775_001180-T1
GF00001675	DBVPG3444_000776-T1, DBVPG3444_002075-T1, DBVPG3775_001181-T1
GF00001676	DBVPG3444_000777-T1, DBVPG3444_002074-T1, DBVPG3775_001182-T1
GF00001677	DBVPG3444_000778-T1, DBVPG3444_002073-T1, DBVPG3775_001183-T1
GF00001678	DBVPG3444_000779-T1, DBVPG3444_002072-T1, DBVPG3775_001184-T1
GF00001679	DBVPG3444_000780-T1, DBVPG3444_002071-T1, DBVPG3775_001185-T1
GF00001680	DBVPG3444_000781-T1, DBVPG3444_002070-T1, DBVPG3775_001186-T1
GF00001681	DBVPG3444_000782-T1, DBVPG3444_002069-T1, DBVPG3775_001187-T1
GF00001682	DBVPG3444_000783-T1, DBVPG3444_002068-T1, DBVPG3775_001188-T1
GF00001683	DBVPG3444_000784-T1, DBVPG3444_002067-T1, DBVPG3775_001190-T1
GF00001684	DBVPG3444_000785-T1, DBVPG3444_002066-T1, DBVPG3775_001191-T1
GF00001685	DBVPG3444_000788-T1, DBVPG3444_006245-T1, DBVPG3775_001194-T1
GF00001686	DBVPG3444_000789-T1, DBVPG3444_006243-T1, DBVPG3775_001196-T1
GF00001687	DBVPG3444_000790-T1, DBVPG3444_006242-T1, DBVPG3775_001197-T1
GF00001688	DBVPG3444_000791-T1, DBVPG3444_006240-T1, DBVPG3775_001198-T1
GF00001689	DBVPG3444_000792-T1, DBVPG3444_006239-T1, DBVPG3775_001199-T1
GF00001690	DBVPG3444_000793-T1, DBVPG3444_006238-T1, DBVPG3775_001200-T1
GF00001691	DBVPG3444_000795-T1, DBVPG3444_006236-T1, DBVPG3775_001202-T1
GF00001692	DBVPG3444_000797-T1, DBVPG3444_006234-T1, DBVPG3775_001204-T1
GF00001693	DBVPG3444_000798-T1, DBVPG3444_006233-T1, DBVPG3775_001205-T1
GF00001694	DBVPG3444_000799-T1, DBVPG3444_006232-T1, DBVPG3775_001206-T1
GF00001695	DBVPG3444_000800-T1, DBVPG3444_006231-T1, DBVPG3775_001207-T1
GF00001696	DBVPG3444_000801-T1, DBVPG3444_006230-T1, DBVPG3775_001208-T1
GF00001697	DBVPG3444_000802-T1, DBVPG3444_006229-T1, DBVPG3775_001209-T1
GF00001698	DBVPG3444_000803-T1, DBVPG3444_006228-T1, DBVPG3775_001210-T1
GF00001699	DBVPG3444_000804-T1, DBVPG3444_006227-T1, DBVPG3775_001211-T1
GF00001700	DBVPG3444_000805-T1, DBVPG3444_006226-T1, DBVPG3775_001212-T1
GF00001701	DBVPG3444_000806-T1, DBVPG3444_006225-T1, DBVPG3775_001213-T1
GF00001702	DBVPG3444_000810-T1, DBVPG3444_006221-T1, DBVPG3775_001217-T1
GF00001703	DBVPG3444_000811-T1, DBVPG3444_006220-T1, DBVPG3775_001218-T1
GF00001704	DBVPG3444_000812-T1, DBVPG3444_006219-T1, DBVPG3775_001219-T1
GF00001705	DBVPG3444_000813-T1, DBVPG3444_006218-T1, DBVPG3775_001220-T1
GF00001706	DBVPG3444_000814-T1, DBVPG3444_006217-T1, DBVPG3775_001221-T1
GF00001707	DBVPG3444_000815-T1, DBVPG3444_006216-T1, DBVPG3775_001222-T1
GF00001708	DBVPG3444_000816-T1, DBVPG3444_006215-T1, DBVPG3775_001223-T1
GF00001709	DBVPG3444_000817-T1, DBVPG3444_006214-T1, DBVPG3775_001224-T1
GF00001710	DBVPG3444_000818-T1, DBVPG3444_006213-T1, DBVPG3775_001225-T1
GF00001711	DBVPG3444_000819-T1, DBVPG3444_006212-T1, DBVPG3775_001226-T1
GF00001712	DBVPG3444_000824-T1, DBVPG3444_006209-T1, DBVPG3775_001229-T1
GF00001713	DBVPG3444_009120-T1, DBVPG3444_011796-T1, DBVPG3775_004609-T1
GF00001714	DBVPG3444_000826-T1, DBVPG3444_006206-T1, DBVPG3775_001231-T1
GF00001715	DBVPG3444_000827-T1, DBVPG3444_006205-T1, DBVPG3775_001232-T1
GF00001716	DBVPG3444_000828-T1, DBVPG3444_006204-T1, DBVPG3775_001233-T1
GF00001717	DBVPG3444_000830-T1, DBVPG3444_006202-T1, DBVPG3775_001235-T1
GF00001718	DBVPG3444_000831-T1, DBVPG3444_006201-T1, DBVPG3775_001236-T1
GF00001719	DBVPG3444_000832-T1, DBVPG3444_006199-T1, DBVPG3775_001238-T1
GF00001720	DBVPG3444_000833-T1, DBVPG3444_006198-T1, DBVPG3775_001239-T1
GF00001721	DBVPG3444_000834-T1, DBVPG3444_006197-T1, DBVPG3775_001240-T1
GF00001722	DBVPG3444_000835-T1, DBVPG3444_006196-T1, DBVPG3775_001241-T1
GF00001723	DBVPG3444_014305-T1, DBVPG3444_009174-T1, DBVPG3775_003969-T1
GF00001724	DBVPG3444_000837-T1, DBVPG3444_014340-T1, DBVPG3775_001244-T1
GF00001725	DBVPG3444_000838-T1, DBVPG3444_014341-T1, DBVPG3775_001245-T1
GF00001726	DBVPG3444_000841-T1, DBVPG3444_014343-T1, DBVPG3775_001247-T1
GF00001727	DBVPG3444_000842-T1, DBVPG3444_014344-T1, DBVPG3775_001248-T1
GF00001728	DBVPG3444_000843-T1, DBVPG3444_014345-T1, DBVPG3775_001249-T1
GF00001729	DBVPG3444_000844-T1, DBVPG3444_014346-T1, DBVPG3775_001250-T1
GF00001730	DBVPG3444_000846-T1, DBVPG3444_012853-T1, DBVPG3775_001252-T1
GF00001731	DBVPG3444_000847-T1, DBVPG3444_012854-T1, DBVPG3775_001253-T1
GF00001732	DBVPG3444_000848-T1, DBVPG3444_012855-T1, DBVPG3775_001254-T1
GF00001733	DBVPG3444_000851-T1, DBVPG3444_012858-T1, DBVPG3775_001257-T1
GF00001734	DBVPG3444_000852-T1, DBVPG3444_012859-T1, DBVPG3775_001258-T1
GF00001735	DBVPG3444_000853-T1, DBVPG3444_012860-T1, DBVPG3775_001259-T1
GF00001736	DBVPG3444_000857-T1, DBVPG3444_012864-T1, DBVPG3775_001265-T1
GF00001737	DBVPG3444_000861-T1, DBVPG3444_005296-T1, DBVPG3775_001269-T1
GF00001738	DBVPG3444_000862-T1, DBVPG3444_005295-T1, DBVPG3775_001271-T1
GF00001739	DBVPG3444_000863-T1, DBVPG3444_005294-T1, DBVPG3775_001272-T1
GF00001740	DBVPG3444_000864-T1, DBVPG3444_005293-T1, DBVPG3775_001273-T1
GF00001741	DBVPG3444_000865-T1, DBVPG3444_005292-T1, DBVPG3775_001274-T1
GF00001742	DBVPG3444_000866-T1, DBVPG3444_005291-T1, DBVPG3775_001275-T1
GF00001743	DBVPG3444_000867-T1, DBVPG3444_005290-T1, DBVPG3775_001276-T1
GF00001744	DBVPG3444_000868-T1, DBVPG3444_005289-T1, DBVPG3775_001277-T1
GF00001745	DBVPG3444_005798-T1, DBVPG3444_013536-T1, DBVPG3775_002169-T1
GF00001746	DBVPG3444_000869-T1, DBVPG3444_005288-T1, DBVPG3775_001278-T1
GF00001747	DBVPG3444_000872-T1, DBVPG3444_005286-T1, DBVPG3775_001281-T1
GF00001748	DBVPG3444_000873-T1, DBVPG3444_005285-T1, DBVPG3775_001282-T1
GF00001749	DBVPG3444_012745-T1, DBVPG3444_005866-T1, DBVPG3775_004424-T1
GF00001750	DBVPG3444_000878-T1, DBVPG3444_005281-T1, DBVPG3775_001289-T1
GF00001751	DBVPG3444_000879-T1, DBVPG3444_005280-T1, DBVPG3775_001290-T1
GF00001752	DBVPG3444_000880-T1, DBVPG3444_005279-T1, DBVPG3775_001291-T1
GF00001753	DBVPG3444_000881-T1, DBVPG3444_005278-T1, DBVPG3775_001292-T1
GF00001754	DBVPG3444_000882-T1, DBVPG3444_005277-T1, DBVPG3775_001293-T1
GF00001755	DBVPG3444_000883-T1, DBVPG3444_005276-T1, DBVPG3775_001294-T1
GF00001756	DBVPG3444_000889-T1, DBVPG3444_013252-T1, DBVPG3775_007396-T1
GF00001757	DBVPG3444_000890-T1, DBVPG3444_013251-T1, DBVPG3775_007397-T1
GF00001758	DBVPG3444_000892-T1, DBVPG3444_013249-T1, DBVPG3775_007399-T1
GF00001759	DBVPG3444_000894-T1, DBVPG3444_013247-T1, DBVPG3775_007401-T1
GF00001760	DBVPG3444_002083-T1, DBVPG3444_005357-T1, DBVPG3775_001172-T1
GF00001761	DBVPG3444_000896-T1, DBVPG3444_013245-T1, DBVPG3775_007403-T1
GF00001762	DBVPG3444_000897-T1, DBVPG3444_013244-T1, DBVPG3775_007404-T1
GF00001763	DBVPG3444_000898-T1, DBVPG3444_013243-T1, DBVPG3775_007405-T1
GF00001764	DBVPG3444_000899-T1, DBVPG3444_013242-T1, DBVPG3775_007406-T1
GF00001765	DBVPG3444_000900-T1, DBVPG3444_013241-T1, DBVPG3775_007407-T1
GF00001766	DBVPG3444_006629-T1, DBVPG3444_004364-T1, DBVPG3775_007168-T1
GF00001767	DBVPG3444_012470-T1, DBVPG3444_012399-T1, DBVPG3775_004350-T1
GF00001768	DBVPG3444_000904-T1, DBVPG3444_001127-T1, DBVPG3775_007411-T1
GF00001769	DBVPG3444_000905-T1, DBVPG3444_001126-T1, DBVPG3775_007412-T1
GF00001770	DBVPG3444_000906-T1, DBVPG3444_001125-T1, DBVPG3775_007413-T1
GF00001771	DBVPG3444_000907-T1, DBVPG3444_001124-T1, DBVPG3775_007414-T1
GF00001772	DBVPG3444_000909-T1, DBVPG3444_001122-T1, DBVPG3775_007416-T1
GF00001773	DBVPG3444_000910-T1, DBVPG3444_001121-T1, DBVPG3775_004944-T1
GF00001774	DBVPG3444_000911-T1, DBVPG3444_001120-T1, DBVPG3775_004943-T1
GF00001775	DBVPG3444_000914-T1, DBVPG3444_001118-T1, DBVPG3775_004941-T1
GF00001776	DBVPG3444_000916-T1, DBVPG3444_001116-T1, DBVPG3775_004939-T1
GF00001777	DBVPG3444_000919-T1, DBVPG3444_001114-T1, DBVPG3775_004936-T1
GF00001778	DBVPG3444_000924-T1, DBVPG3444_001108-T1, DBVPG3775_004930-T1
GF00001779	DBVPG3444_000925-T1, DBVPG3444_001107-T1, DBVPG3775_004929-T1
GF00001780	DBVPG3444_000926-T1, DBVPG3444_001106-T1, DBVPG3775_004928-T1
GF00001781	DBVPG3444_000927-T1, DBVPG3444_001105-T1, DBVPG3775_004927-T1
GF00001782	DBVPG3444_000928-T1, DBVPG3444_001104-T1, DBVPG3775_004926-T1
GF00001783	DBVPG3444_000929-T1, DBVPG3444_001103-T1, DBVPG3775_004925-T1
GF00001784	DBVPG3444_000930-T1, DBVPG3444_001102-T1, DBVPG3775_004924-T1
GF00001785	DBVPG3444_000931-T1, DBVPG3444_001101-T1, DBVPG3775_004923-T1
GF00001786	DBVPG3444_000933-T1, DBVPG3444_001099-T1, DBVPG3775_004921-T1
GF00001787	DBVPG3444_000934-T1, DBVPG3444_001098-T1, DBVPG3775_004920-T1
GF00001788	DBVPG3444_000935-T1, DBVPG3444_001097-T1, DBVPG3775_004919-T1
GF00001789	DBVPG3444_000936-T1, DBVPG3444_001096-T1, DBVPG3775_004918-T1
GF00001790	DBVPG3444_000937-T1, DBVPG3444_001095-T1, DBVPG3775_004917-T1
GF00001791	DBVPG3444_000939-T1, DBVPG3444_001092-T1, DBVPG3775_004915-T1
GF00001792	DBVPG3444_000940-T1, DBVPG3444_001091-T1, DBVPG3775_004914-T1
GF00001793	DBVPG3444_000942-T1, DBVPG3444_001089-T1, DBVPG3775_004912-T1
GF00001794	DBVPG3444_000943-T1, DBVPG3444_001088-T1, DBVPG3775_004911-T1
GF00001795	DBVPG3444_000944-T1, DBVPG3444_001087-T1, DBVPG3775_004910-T1
GF00001796	DBVPG3444_000945-T1, DBVPG3444_001086-T1, DBVPG3775_004909-T1
GF00001797	DBVPG3444_000946-T1, DBVPG3444_001085-T1, DBVPG3775_004908-T1
GF00001798	DBVPG3444_000947-T1, DBVPG3444_001084-T1, DBVPG3775_004907-T1
GF00001799	DBVPG3444_000950-T1, DBVPG3444_001082-T1, DBVPG3775_004905-T1
GF00001800	DBVPG3444_000952-T1, DBVPG3444_001078-T1, DBVPG3775_004901-T1
GF00001801	DBVPG3444_000953-T1, DBVPG3444_001077-T1, DBVPG3775_004900-T1
GF00001802	DBVPG3444_000954-T1, DBVPG3444_001076-T1, DBVPG3775_004899-T1
GF00001803	DBVPG3444_000955-T1, DBVPG3444_001075-T1, DBVPG3775_004898-T1
GF00001804	DBVPG3444_000956-T1, DBVPG3444_001074-T1, DBVPG3775_004897-T1
GF00001805	DBVPG3444_000965-T1, DBVPG3444_001063-T1, DBVPG3775_004885-T1
GF00001806	DBVPG3444_014570-T1, DBVPG3444_014422-T1, DBVPG3775_000512-T1
GF00001807	DBVPG3444_000967-T1, DBVPG3444_001061-T1, DBVPG3775_004883-T1
GF00001808	DBVPG3444_000969-T1, DBVPG3444_001059-T1, DBVPG3775_004881-T1
GF00001809	DBVPG3444_000971-T1, DBVPG3444_001057-T1, DBVPG3775_004879-T1
GF00001810	DBVPG3444_000972-T1, DBVPG3444_001056-T1, DBVPG3775_004878-T1
GF00001811	DBVPG3444_005758-T1, DBVPG3444_006035-T1, DBVPG3775_002209-T1
GF00001812	DBVPG3444_000973-T1, DBVPG3444_001055-T1, DBVPG3775_004877-T1
GF00001813	DBVPG3444_000975-T1, DBVPG3444_001053-T1, DBVPG3775_004875-T1
GF00001814	DBVPG3444_000976-T1, DBVPG3444_001052-T1, DBVPG3775_004874-T1
GF00001815	DBVPG3444_000979-T1, DBVPG3444_001048-T1, DBVPG3775_004871-T1
GF00001816	DBVPG3444_000980-T1, DBVPG3444_001046-T1, DBVPG3775_004870-T1
GF00001817	DBVPG3444_000981-T1, DBVPG3444_001045-T1, DBVPG3775_004869-T1
GF00001818	DBVPG3444_000983-T1, DBVPG3444_001043-T1, DBVPG3775_004867-T1
GF00001819	DBVPG3444_000984-T1, DBVPG3444_001042-T1, DBVPG3775_004866-T1
GF00001820	DBVPG3444_000986-T1, DBVPG3444_001040-T1, DBVPG3775_004864-T1
GF00001821	DBVPG3444_000987-T1, DBVPG3444_001039-T1, DBVPG3775_004863-T1
GF00001822	DBVPG3444_000988-T1, DBVPG3444_001038-T1, DBVPG3775_004862-T1
GF00001823	DBVPG3444_000990-T1, DBVPG3444_001035-T1, DBVPG3775_004859-T1
GF00001824	DBVPG3444_000991-T1, DBVPG3444_001034-T1, DBVPG3775_004858-T1
GF00001825	DBVPG3444_000992-T1, DBVPG3444_001033-T1, DBVPG3775_004857-T1
GF00001826	DBVPG3444_000994-T1, DBVPG3444_001031-T1, DBVPG3775_004855-T1
GF00001827	DBVPG3444_000995-T1, DBVPG3444_001029-T1, DBVPG3775_004853-T1
GF00001828	DBVPG3444_000996-T1, DBVPG3444_001028-T1, DBVPG3775_004852-T1
GF00001829	DBVPG3444_000997-T1, DBVPG3444_001027-T1, DBVPG3775_004851-T1
GF00001830	DBVPG3444_000998-T1, DBVPG3444_001026-T1, DBVPG3775_004850-T1
GF00001831	DBVPG3444_000999-T1, DBVPG3444_001025-T1, DBVPG3775_004849-T1
GF00001832	DBVPG3444_001000-T1, DBVPG3444_001024-T1, DBVPG3775_004848-T1
GF00001833	DBVPG3444_001002-T1, DBVPG3444_001022-T1, DBVPG3775_004846-T1
GF00001834	DBVPG3444_001003-T1, DBVPG3444_001021-T1, DBVPG3775_004845-T1
GF00001835	DBVPG3444_009218-T1, DBVPG3444_002160-T1, DBVPG3775_002664-T1
GF00001836	DBVPG3444_001010-T1, DBVPG3444_004298-T1, DBVPG3775_004834-T1
GF00001837	DBVPG3444_001011-T1, DBVPG3444_004297-T1, DBVPG3775_004835-T1
GF00001838	DBVPG3444_001012-T1, DBVPG3444_004296-T1, DBVPG3775_004836-T1
GF00001839	DBVPG3444_001013-T1, DBVPG3444_004295-T1, DBVPG3775_004837-T1
GF00001840	DBVPG3444_001014-T1, DBVPG3444_004294-T1, DBVPG3775_004838-T1
GF00001841	DBVPG3444_001015-T1, DBVPG3444_004293-T1, DBVPG3775_004839-T1
GF00001842	DBVPG3444_001016-T1, DBVPG3444_004292-T1, DBVPG3775_004840-T1
GF00001843	DBVPG3444_001017-T1, DBVPG3444_004291-T1, DBVPG3775_004841-T1
GF00001844	DBVPG3444_001721-T1, DBVPG3444_002428-T1, DBVPG3775_002424-T1
GF00001845	DBVPG3444_001130-T1, DBVPG3444_007046-T1, DBVPG3775_003804-T1
GF00001846	DBVPG3444_001131-T1, DBVPG3444_007045-T1, DBVPG3775_003803-T1
GF00001847	DBVPG3444_001134-T1, DBVPG3444_007041-T1, DBVPG3775_003799-T1
GF00001848	DBVPG3444_001135-T1, DBVPG3444_007040-T1, DBVPG3775_003798-T1
GF00001849	DBVPG3444_001136-T1, DBVPG3444_007039-T1, DBVPG3775_003797-T1
GF00001850	DBVPG3444_001137-T1, DBVPG3444_007038-T1, DBVPG3775_003796-T1
GF00001851	DBVPG3444_001138-T1, DBVPG3444_007037-T1, DBVPG3775_003795-T1
GF00001852	DBVPG3444_001140-T1, DBVPG3444_007035-T1, DBVPG3775_003793-T1
GF00001853	DBVPG3444_001145-T1, DBVPG3444_014768-T1, DBVPG3775_003788-T1
GF00001854	DBVPG3444_001146-T1, DBVPG3444_014769-T1, DBVPG3775_003787-T1
GF00001855	DBVPG3444_001147-T1, DBVPG3444_014770-T1, DBVPG3775_003786-T1
GF00001856	DBVPG3444_001239-T1, DBVPG3444_006655-T1, DBVPG3775_007198-T1
GF00001857	DBVPG3444_001240-T1, DBVPG3444_006656-T1, DBVPG3775_006148-T1
GF00001858	DBVPG3444_001241-T1, DBVPG3444_006657-T1, DBVPG3775_006149-T1
GF00001859	DBVPG3444_001242-T1, DBVPG3444_006658-T1, DBVPG3775_006150-T1
GF00001860	DBVPG3444_001243-T1, DBVPG3444_006659-T1, DBVPG3775_006151-T1
GF00001861	DBVPG3444_001244-T1, DBVPG3444_006660-T1, DBVPG3775_006152-T1
GF00001862	DBVPG3444_001246-T1, DBVPG3444_006663-T1, DBVPG3775_006154-T1
GF00001863	DBVPG3444_001247-T1, DBVPG3444_006664-T1, DBVPG3775_006155-T1
GF00001864	DBVPG3444_001248-T1, DBVPG3444_006665-T1, DBVPG3775_006156-T1
GF00001865	DBVPG3444_001249-T1, DBVPG3444_006666-T1, DBVPG3775_006157-T1
GF00001866	DBVPG3444_001250-T1, DBVPG3444_006667-T1, DBVPG3775_006158-T1
GF00001867	DBVPG3444_001251-T1, DBVPG3444_006668-T1, DBVPG3775_006159-T1
GF00001868	DBVPG3444_001252-T1, DBVPG3444_006669-T1, DBVPG3775_006160-T1
GF00001869	DBVPG3444_001253-T1, DBVPG3444_006670-T1, DBVPG3775_006161-T1
GF00001870	DBVPG3444_007828-T1, DBVPG3444_011357-T1, DBVPG3775_000582-T1
GF00001871	DBVPG3444_001254-T1, DBVPG3444_006671-T1, DBVPG3775_006162-T1
GF00001872	DBVPG3444_001255-T1, DBVPG3444_006672-T1, DBVPG3775_006163-T1
GF00001873	DBVPG3444_001256-T1, DBVPG3444_006673-T1, DBVPG3775_006164-T1
GF00001874	DBVPG3444_001257-T1, DBVPG3444_006674-T1, DBVPG3775_006165-T1
GF00001875	DBVPG3444_001259-T1, DBVPG3444_006676-T1, DBVPG3775_006167-T1
GF00001876	DBVPG3444_001260-T1, DBVPG3444_006677-T1, DBVPG3775_006168-T1
GF00001877	DBVPG3444_001261-T1, DBVPG3444_006678-T1, DBVPG3775_006169-T1
GF00001878	DBVPG3444_001263-T1, DBVPG3444_006680-T1, DBVPG3775_006171-T1
GF00001879	DBVPG3444_001264-T1, DBVPG3444_006681-T1, DBVPG3775_006172-T1
GF00001880	DBVPG3444_001265-T1, DBVPG3444_006682-T1, DBVPG3775_006173-T1
GF00001881	DBVPG3444_001267-T1, DBVPG3444_006684-T1, DBVPG3775_006175-T1
GF00001882	DBVPG3444_001270-T1, DBVPG3444_014735-T1, DBVPG3775_006178-T1
GF00001883	DBVPG3444_001271-T1, DBVPG3444_014734-T1, DBVPG3775_006179-T1
GF00001884	DBVPG3444_001272-T1, DBVPG3444_014733-T1, DBVPG3775_006180-T1
GF00001885	DBVPG3444_001273-T1, DBVPG3444_001355-T1, DBVPG3775_006181-T1
GF00001886	DBVPG3444_001275-T1, DBVPG3444_001353-T1, DBVPG3775_006183-T1
GF00001887	DBVPG3444_006349-T1, DBVPG3444_007647-T1, DBVPG3775_000822-T1
GF00001888	DBVPG3444_001276-T1, DBVPG3444_001352-T1, DBVPG3775_006184-T1
GF00001889	DBVPG3444_001281-T1, DBVPG3444_001346-T1, DBVPG3775_006190-T1
GF00001890	DBVPG3444_004168-T1, DBVPG3444_011687-T1, DBVPG3775_005866-T1
GF00001891	DBVPG3444_001357-T1, DBVPG3444_002991-T1, DBVPG3775_000206-T1
GF00001892	DBVPG3444_001358-T1, DBVPG3444_002992-T1, DBVPG3775_000205-T1
GF00001893	DBVPG3444_001359-T1, DBVPG3444_002993-T1, DBVPG3775_000204-T1
GF00001894	DBVPG3444_001360-T1, DBVPG3444_002994-T1, DBVPG3775_000203-T1
GF00001895	DBVPG3444_001362-T1, DBVPG3444_002996-T1, DBVPG3775_000201-T1
GF00001896	DBVPG3444_001363-T1, DBVPG3444_002997-T1, DBVPG3775_000200-T1
GF00001897	DBVPG3444_001364-T1, DBVPG3444_002998-T1, DBVPG3775_000199-T1
GF00001898	DBVPG3444_001365-T1, DBVPG3444_002999-T1, DBVPG3775_000198-T1
GF00001899	DBVPG3444_001366-T1, DBVPG3444_003000-T1, DBVPG3775_000197-T1
GF00001900	DBVPG3444_001374-T1, DBVPG3444_003004-T1, DBVPG3775_000189-T1
GF00001901	DBVPG3444_001376-T1, DBVPG3444_003007-T1, DBVPG3775_000187-T1
GF00001902	DBVPG3444_001377-T1, DBVPG3444_003008-T1, DBVPG3775_000186-T1
GF00001903	DBVPG3444_001378-T1, DBVPG3444_003009-T1, DBVPG3775_000185-T1
GF00001904	DBVPG3444_001379-T1, DBVPG3444_003010-T1, DBVPG3775_000184-T1
GF00001905	DBVPG3444_001380-T1, DBVPG3444_003011-T1, DBVPG3775_000183-T1
GF00001906	DBVPG3444_001381-T1, DBVPG3444_003012-T1, DBVPG3775_000182-T1
GF00001907	DBVPG3444_001382-T1, DBVPG3444_003013-T1, DBVPG3775_000181-T1
GF00001908	DBVPG3444_001383-T1, DBVPG3444_003014-T1, DBVPG3775_000180-T1
GF00001909	DBVPG3444_001385-T1, DBVPG3444_003016-T1, DBVPG3775_000178-T1
GF00001910	DBVPG3444_001386-T1, DBVPG3444_003017-T1, DBVPG3775_000177-T1
GF00001911	DBVPG3444_001387-T1, DBVPG3444_003018-T1, DBVPG3775_000176-T1
GF00001912	DBVPG3444_001388-T1, DBVPG3444_003019-T1, DBVPG3775_000175-T1
GF00001913	DBVPG3444_001390-T1, DBVPG3444_003021-T1, DBVPG3775_000173-T1
GF00001914	DBVPG3444_001391-T1, DBVPG3444_003022-T1, DBVPG3775_000172-T1
GF00001915	DBVPG3444_001392-T1, DBVPG3444_003023-T1, DBVPG3775_000171-T1
GF00001916	DBVPG3444_001394-T1, DBVPG3444_003025-T1, DBVPG3775_000169-T1
GF00001917	DBVPG3444_001397-T1, DBVPG3444_003028-T1, DBVPG3775_000166-T1
GF00001918	DBVPG3444_001398-T1, DBVPG3444_003029-T1, DBVPG3775_000165-T1
GF00001919	DBVPG3444_001399-T1, DBVPG3444_003030-T1, DBVPG3775_000164-T1
GF00001920	DBVPG3444_001400-T1, DBVPG3444_003031-T1, DBVPG3775_000163-T1
GF00001921	DBVPG3444_001401-T1, DBVPG3444_003032-T1, DBVPG3775_000162-T1
GF00001922	DBVPG3444_001402-T1, DBVPG3444_003033-T1, DBVPG3775_000161-T1
GF00001923	DBVPG3444_001404-T1, DBVPG3444_003036-T1, DBVPG3775_000159-T1
GF00001924	DBVPG3444_001405-T1, DBVPG3444_003037-T1, DBVPG3775_000158-T1
GF00001925	DBVPG3444_001406-T1, DBVPG3444_003038-T1, DBVPG3775_000157-T1
GF00001926	DBVPG3444_001407-T1, DBVPG3444_003039-T1, DBVPG3775_000156-T1
GF00001927	DBVPG3444_001409-T1, DBVPG3444_003041-T1, DBVPG3775_000154-T1
GF00001928	DBVPG3444_001411-T1, DBVPG3444_003043-T1, DBVPG3775_000152-T1
GF00001929	DBVPG3444_001412-T1, DBVPG3444_003044-T1, DBVPG3775_000151-T1
GF00001930	DBVPG3444_001415-T1, DBVPG3444_003046-T1, DBVPG3775_000148-T1
GF00001931	DBVPG3444_001416-T1, DBVPG3444_003047-T1, DBVPG3775_000147-T1
GF00001932	DBVPG3444_001417-T1, DBVPG3444_003048-T1, DBVPG3775_000146-T1
GF00001933	DBVPG3444_001418-T1, DBVPG3444_003049-T1, DBVPG3775_000145-T1
GF00001934	DBVPG3444_001419-T1, DBVPG3444_003050-T1, DBVPG3775_000144-T1
GF00001935	DBVPG3444_001421-T1, DBVPG3444_003052-T1, DBVPG3775_000142-T1
GF00001936	DBVPG3444_001424-T1, DBVPG3444_012787-T1, DBVPG3775_000139-T1
GF00001937	DBVPG3444_001425-T1, DBVPG3444_012786-T1, DBVPG3775_000138-T1
GF00001938	DBVPG3444_001426-T1, DBVPG3444_012785-T1, DBVPG3775_000137-T1
GF00001939	DBVPG3444_001431-T1, DBVPG3444_012682-T1, DBVPG3775_000484-T1
GF00001940	DBVPG3444_001433-T1, DBVPG3444_012681-T1, DBVPG3775_000485-T1
GF00001941	DBVPG3444_001434-T1, DBVPG3444_012680-T1, DBVPG3775_000486-T1
GF00001942	DBVPG3444_001437-T1, DBVPG3444_012678-T1, DBVPG3775_000489-T1
GF00001943	DBVPG3444_001438-T1, DBVPG3444_012677-T1, DBVPG3775_000490-T1
GF00001944	DBVPG3444_001439-T1, DBVPG3444_012676-T1, DBVPG3775_000491-T1
GF00001945	DBVPG3444_001444-T1, DBVPG3444_007862-T1, DBVPG3775_004007-T1
GF00001946	DBVPG3444_001445-T1, DBVPG3444_007863-T1, DBVPG3775_004006-T1
GF00001947	DBVPG3444_001447-T1, DBVPG3444_007865-T1, DBVPG3775_004004-T1
GF00001948	DBVPG3444_001448-T1, DBVPG3444_007866-T1, DBVPG3775_004003-T1
GF00001949	DBVPG3444_001450-T1, DBVPG3444_007868-T1, DBVPG3775_004001-T1
GF00001950	DBVPG3444_001451-T1, DBVPG3444_007869-T1, DBVPG3775_004000-T1
GF00001951	DBVPG3444_001452-T1, DBVPG3444_007870-T1, DBVPG3775_003999-T1
GF00001952	DBVPG3444_001453-T1, DBVPG3444_007871-T1, DBVPG3775_003998-T1
GF00001953	DBVPG3444_001454-T1, DBVPG3444_007872-T1, DBVPG3775_003997-T1
GF00001954	DBVPG3444_001455-T1, DBVPG3444_007873-T1, DBVPG3775_003996-T1
GF00001955	DBVPG3444_001458-T1, DBVPG3444_007876-T1, DBVPG3775_003991-T1
GF00001956	DBVPG3444_001459-T1, DBVPG3444_007877-T1, DBVPG3775_003990-T1
GF00001957	DBVPG3444_001460-T1, DBVPG3444_007878-T1, DBVPG3775_003989-T1
GF00001958	DBVPG3444_001461-T1, DBVPG3444_007879-T1, DBVPG3775_003988-T1
GF00001959	DBVPG3444_001462-T1, DBVPG3444_007880-T1, DBVPG3775_003987-T1
GF00001960	DBVPG3444_001463-T1, DBVPG3444_007881-T1, DBVPG3775_003986-T1
GF00001961	DBVPG3444_001464-T1, DBVPG3444_007882-T1, DBVPG3775_003985-T1
GF00001962	DBVPG3444_001466-T1, DBVPG3444_007885-T1, DBVPG3775_003983-T1
GF00001963	DBVPG3444_001469-T1, DBVPG3444_007888-T1, DBVPG3775_003979-T1
GF00001964	DBVPG3444_001470-T1, DBVPG3444_007889-T1, DBVPG3775_003978-T1
GF00001965	DBVPG3444_001471-T1, DBVPG3444_007890-T1, DBVPG3775_003977-T1
GF00001966	DBVPG3444_001472-T1, DBVPG3444_007891-T1, DBVPG3775_003976-T1
GF00001967	DBVPG3444_001473-T1, DBVPG3444_007892-T1, DBVPG3775_003975-T1
GF00001968	DBVPG3444_001474-T1, DBVPG3444_007893-T1, DBVPG3775_003974-T1
GF00001969	DBVPG3444_001475-T1, DBVPG3444_007894-T1, DBVPG3775_003973-T1
GF00001970	DBVPG3444_012639-T1, DBVPG3444_008284-T1, DBVPG3775_004503-T1
GF00001971	DBVPG3444_001479-T1, DBVPG3444_004053-T1, DBVPG3775_001948-T1
GF00001972	DBVPG3444_001480-T1, DBVPG3444_004052-T1, DBVPG3775_001947-T1
GF00001973	DBVPG3444_001481-T1, DBVPG3444_004051-T1, DBVPG3775_001946-T1
GF00001974	DBVPG3444_001483-T1, DBVPG3444_004049-T1, DBVPG3775_001944-T1
GF00001975	DBVPG3444_001484-T1, DBVPG3444_004048-T1, DBVPG3775_001942-T1
GF00001976	DBVPG3444_001485-T1, DBVPG3444_004047-T1, DBVPG3775_001941-T1
GF00001977	DBVPG3444_001486-T1, DBVPG3444_004046-T1, DBVPG3775_001940-T1
GF00001978	DBVPG3444_001488-T1, DBVPG3444_004044-T1, DBVPG3775_001938-T1
GF00001979	DBVPG3444_001489-T1, DBVPG3444_004043-T1, DBVPG3775_001937-T1
GF00001980	DBVPG3444_001491-T1, DBVPG3444_004041-T1, DBVPG3775_001935-T1
GF00001981	DBVPG3444_001493-T1, DBVPG3444_004039-T1, DBVPG3775_001933-T1
GF00001982	DBVPG3444_001494-T1, DBVPG3444_004038-T1, DBVPG3775_001932-T1
GF00001983	DBVPG3444_001495-T1, DBVPG3444_004037-T1, DBVPG3775_001931-T1
GF00001984	DBVPG3444_001496-T1, DBVPG3444_004036-T1, DBVPG3775_001930-T1
GF00001985	DBVPG3444_001497-T1, DBVPG3444_004035-T1, DBVPG3775_001929-T1
GF00001986	DBVPG3444_001498-T1, DBVPG3444_004034-T1, DBVPG3775_001928-T1
GF00001987	DBVPG3444_001499-T1, DBVPG3444_004033-T1, DBVPG3775_001927-T1
GF00001988	DBVPG3444_001500-T1, DBVPG3444_004032-T1, DBVPG3775_001926-T1
GF00001989	DBVPG3444_001501-T1, DBVPG3444_004031-T1, DBVPG3775_001925-T1
GF00001990	DBVPG3444_001503-T1, DBVPG3444_004029-T1, DBVPG3775_001923-T1
GF00001991	DBVPG3444_001504-T1, DBVPG3444_004028-T1, DBVPG3775_001922-T1
GF00001992	DBVPG3444_001505-T1, DBVPG3444_004027-T1, DBVPG3775_001921-T1
GF00001993	DBVPG3444_001506-T1, DBVPG3444_004026-T1, DBVPG3775_001920-T1
GF00001994	DBVPG3444_001507-T1, DBVPG3444_004025-T1, DBVPG3775_001919-T1
GF00001995	DBVPG3444_001509-T1, DBVPG3444_004023-T1, DBVPG3775_001917-T1
GF00001996	DBVPG3444_001510-T1, DBVPG3444_004022-T1, DBVPG3775_001916-T1
GF00001997	DBVPG3444_001511-T1, DBVPG3444_004021-T1, DBVPG3775_001915-T1
GF00001998	DBVPG3444_001512-T1, DBVPG3444_004020-T1, DBVPG3775_001914-T1
GF00001999	DBVPG3444_001513-T1, DBVPG3444_004019-T1, DBVPG3775_001913-T1
GF00002000	DBVPG3444_001514-T1, DBVPG3444_004018-T1, DBVPG3775_001912-T1
GF00002001	DBVPG3444_001515-T1, DBVPG3444_004017-T1, DBVPG3775_001911-T1
GF00002002	DBVPG3444_001517-T1, DBVPG3444_014927-T1, DBVPG3775_001909-T1
GF00002003	DBVPG3444_001518-T1, DBVPG3444_014928-T1, DBVPG3775_001908-T1
GF00002004	DBVPG3444_001520-T1, DBVPG3444_014488-T1, DBVPG3775_001906-T1
GF00002005	DBVPG3444_009755-T1, DBVPG3444_005249-T1, DBVPG3775_001329-T1
GF00002006	DBVPG3444_001525-T1, DBVPG3444_014485-T1, DBVPG3775_001901-T1
GF00002007	DBVPG3444_001526-T1, DBVPG3444_014484-T1, DBVPG3775_001900-T1
GF00002008	DBVPG3444_001527-T1, DBVPG3444_014483-T1, DBVPG3775_001899-T1
GF00002009	DBVPG3444_001528-T1, DBVPG3444_014482-T1, DBVPG3775_001898-T1
GF00002010	DBVPG3444_001529-T1, DBVPG3444_014481-T1, DBVPG3775_001897-T1
GF00002011	DBVPG3444_001532-T1, DBVPG3444_014537-T1, DBVPG3775_001894-T1
GF00002012	DBVPG3444_001534-T1, DBVPG3444_014535-T1, DBVPG3775_001892-T1
GF00002013	DBVPG3444_001535-T1, DBVPG3444_014534-T1, DBVPG3775_001891-T1
GF00002014	DBVPG3444_001536-T1, DBVPG3444_014533-T1, DBVPG3775_001890-T1
GF00002015	DBVPG3444_001537-T1, DBVPG3444_014532-T1, DBVPG3775_001889-T1
GF00002016	DBVPG3444_001538-T1, DBVPG3444_014395-T1, DBVPG3775_006742-T1
GF00002017	DBVPG3444_001540-T1, DBVPG3444_014397-T1, DBVPG3775_006740-T1
GF00002018	DBVPG3444_001545-T1, DBVPG3444_008460-T1, DBVPG3775_006734-T1
GF00002019	DBVPG3444_001546-T1, DBVPG3444_008459-T1, DBVPG3775_006733-T1
GF00002020	DBVPG3444_001547-T1, DBVPG3444_008458-T1, DBVPG3775_006732-T1
GF00002021	DBVPG3444_001548-T1, DBVPG3444_008457-T1, DBVPG3775_006731-T1
GF00002022	DBVPG3444_001549-T1, DBVPG3444_008456-T1, DBVPG3775_006730-T1
GF00002023	DBVPG3444_001550-T1, DBVPG3444_008455-T1, DBVPG3775_006729-T1
GF00002024	DBVPG3444_001551-T1, DBVPG3444_008454-T1, DBVPG3775_006728-T1
GF00002025	DBVPG3444_001552-T1, DBVPG3444_008453-T1, DBVPG3775_006727-T1
GF00002026	DBVPG3444_001555-T1, DBVPG3444_008449-T1, DBVPG3775_006723-T1
GF00002027	DBVPG3444_001556-T1, DBVPG3444_008448-T1, DBVPG3775_006722-T1
GF00002028	DBVPG3444_001557-T1, DBVPG3444_008447-T1, DBVPG3775_006721-T1
GF00002029	DBVPG3444_001558-T1, DBVPG3444_008446-T1, DBVPG3775_006720-T1
GF00002030	DBVPG3444_001559-T1, DBVPG3444_008445-T1, DBVPG3775_006719-T1
GF00002031	DBVPG3444_001560-T1, DBVPG3444_008444-T1, DBVPG3775_006718-T1
GF00002032	DBVPG3444_001561-T1, DBVPG3444_008443-T1, DBVPG3775_006717-T1
GF00002033	DBVPG3444_001562-T1, DBVPG3444_008442-T1, DBVPG3775_006716-T1
GF00002034	DBVPG3444_001563-T1, DBVPG3444_008441-T1, DBVPG3775_006715-T1
GF00002035	DBVPG3444_001564-T1, DBVPG3444_008440-T1, DBVPG3775_006714-T1
GF00002036	DBVPG3444_001565-T1, DBVPG3444_008439-T1, DBVPG3775_006713-T1
GF00002037	DBVPG3444_001566-T1, DBVPG3444_008438-T1, DBVPG3775_006712-T1
GF00002038	DBVPG3444_001567-T1, DBVPG3444_008437-T1, DBVPG3775_006711-T1
GF00002039	DBVPG3444_001568-T1, DBVPG3444_008436-T1, DBVPG3775_006710-T1
GF00002040	DBVPG3444_001570-T1, DBVPG3444_008434-T1, DBVPG3775_006708-T1
GF00002041	DBVPG3444_001571-T1, DBVPG3444_008433-T1, DBVPG3775_006707-T1
GF00002042	DBVPG3444_001572-T1, DBVPG3444_008432-T1, DBVPG3775_006706-T1
GF00002043	DBVPG3444_001573-T1, DBVPG3444_008431-T1, DBVPG3775_006705-T1
GF00002044	DBVPG3444_001574-T1, DBVPG3444_008430-T1, DBVPG3775_006704-T1
GF00002045	DBVPG3444_001575-T1, DBVPG3444_008429-T1, DBVPG3775_006703-T1
GF00002046	DBVPG3444_001576-T1, DBVPG3444_008428-T1, DBVPG3775_006702-T1
GF00002047	DBVPG3444_001581-T1, DBVPG3444_013898-T1, DBVPG3775_006695-T1
GF00002048	DBVPG3444_001586-T1, DBVPG3444_010911-T1, DBVPG3775_005154-T1
GF00002049	DBVPG3444_001592-T1, DBVPG3444_010916-T1, DBVPG3775_005160-T1
GF00002050	DBVPG3444_001598-T1, DBVPG3444_003352-T1, DBVPG3775_005164-T1
GF00002051	DBVPG3444_001599-T1, DBVPG3444_003351-T1, DBVPG3775_005165-T1
GF00002052	DBVPG3444_001601-T1, DBVPG3444_003349-T1, DBVPG3775_005167-T1
GF00002053	DBVPG3444_001602-T1, DBVPG3444_003348-T1, DBVPG3775_005168-T1
GF00002054	DBVPG3444_001603-T1, DBVPG3444_003347-T1, DBVPG3775_005169-T1
GF00002055	DBVPG3444_001604-T1, DBVPG3444_003346-T1, DBVPG3775_005170-T1
GF00002056	DBVPG3444_007796-T1, DBVPG3444_012772-T1, DBVPG3775_000124-T1
GF00002057	DBVPG3444_001606-T1, DBVPG3444_003344-T1, DBVPG3775_005172-T1
GF00002058	DBVPG3444_001607-T1, DBVPG3444_003343-T1, DBVPG3775_005173-T1
GF00002059	DBVPG3444_001612-T1, DBVPG3444_003339-T1, DBVPG3775_005178-T1
GF00002060	DBVPG3444_001613-T1, DBVPG3444_003338-T1, DBVPG3775_005179-T1
GF00002061	DBVPG3444_001614-T1, DBVPG3444_003337-T1, DBVPG3775_005180-T1
GF00002062	DBVPG3444_001615-T1, DBVPG3444_003336-T1, DBVPG3775_005181-T1
GF00002063	DBVPG3444_001616-T1, DBVPG3444_003335-T1, DBVPG3775_005182-T1
GF00002064	DBVPG3444_001617-T1, DBVPG3444_003334-T1, DBVPG3775_005183-T1
GF00002065	DBVPG3444_001618-T1, DBVPG3444_003333-T1, DBVPG3775_005184-T1
GF00002066	DBVPG3444_001619-T1, DBVPG3444_003332-T1, DBVPG3775_005185-T1
GF00002067	DBVPG3444_001620-T1, DBVPG3444_003331-T1, DBVPG3775_005186-T1
GF00002068	DBVPG3444_001621-T1, DBVPG3444_003330-T1, DBVPG3775_005187-T1
GF00002069	DBVPG3444_001622-T1, DBVPG3444_003329-T1, DBVPG3775_005188-T1
GF00002070	DBVPG3444_001625-T1, DBVPG3444_003328-T1, DBVPG3775_005189-T1
GF00002071	DBVPG3444_001626-T1, DBVPG3444_003327-T1, DBVPG3775_005190-T1
GF00002072	DBVPG3444_001627-T1, DBVPG3444_003326-T1, DBVPG3775_005191-T1
GF00002073	DBVPG3444_001629-T1, DBVPG3444_003324-T1, DBVPG3775_005193-T1
GF00002074	DBVPG3444_001633-T1, DBVPG3444_003319-T1, DBVPG3775_005199-T1
GF00002075	DBVPG3444_001634-T1, DBVPG3444_003318-T1, DBVPG3775_005200-T1
GF00002076	DBVPG3444_001636-T1, DBVPG3444_003317-T1, DBVPG3775_005202-T1
GF00002077	DBVPG3444_001639-T1, DBVPG3444_003314-T1, DBVPG3775_005204-T1
GF00002078	DBVPG3444_001643-T1, DBVPG3444_003311-T1, DBVPG3775_005207-T1
GF00002079	DBVPG3444_001644-T1, DBVPG3444_003310-T1, DBVPG3775_005208-T1
GF00002080	DBVPG3444_001645-T1, DBVPG3444_003309-T1, DBVPG3775_005209-T1
GF00002081	DBVPG3444_001646-T1, DBVPG3444_003308-T1, DBVPG3775_005210-T1
GF00002082	DBVPG3444_001649-T1, DBVPG3444_003306-T1, DBVPG3775_005212-T1
GF00002083	DBVPG3444_001650-T1, DBVPG3444_003305-T1, DBVPG3775_005213-T1
GF00002084	DBVPG3444_001653-T1, DBVPG3444_003303-T1, DBVPG3775_005216-T1
GF00002085	DBVPG3444_001654-T1, DBVPG3444_003302-T1, DBVPG3775_005217-T1
GF00002086	DBVPG3444_001655-T1, DBVPG3444_003301-T1, DBVPG3775_005218-T1
GF00002087	DBVPG3444_001656-T1, DBVPG3444_003300-T1, DBVPG3775_005219-T1
GF00002088	DBVPG3444_001658-T1, DBVPG3444_003297-T1, DBVPG3775_005221-T1
GF00002089	DBVPG3444_001659-T1, DBVPG3444_003296-T1, DBVPG3775_005222-T1
GF00002090	DBVPG3444_001660-T1, DBVPG3444_003295-T1, DBVPG3775_005223-T1
GF00002091	DBVPG3444_001661-T1, DBVPG3444_003294-T1, DBVPG3775_005224-T1
GF00002092	DBVPG3444_001663-T1, DBVPG3444_003291-T1, DBVPG3775_005225-T1
GF00002093	DBVPG3444_001664-T1, DBVPG3444_003290-T1, DBVPG3775_005226-T1
GF00002094	DBVPG3444_001665-T1, DBVPG3444_003289-T1, DBVPG3775_005227-T1
GF00002095	DBVPG3444_001669-T1, DBVPG3444_003285-T1, DBVPG3775_005231-T1
GF00002096	DBVPG3444_001670-T1, DBVPG3444_003284-T1, DBVPG3775_005232-T1
GF00002097	DBVPG3444_001674-T1, DBVPG3444_003280-T1, DBVPG3775_005236-T1
GF00002098	DBVPG3444_001675-T1, DBVPG3444_003279-T1, DBVPG3775_005237-T1
GF00002099	DBVPG3444_001676-T1, DBVPG3444_003278-T1, DBVPG3775_005238-T1
GF00002100	DBVPG3444_001677-T1, DBVPG3444_003277-T1, DBVPG3775_005239-T1
GF00002101	DBVPG3444_001678-T1, DBVPG3444_003276-T1, DBVPG3775_005240-T1
GF00002102	DBVPG3444_001679-T1, DBVPG3444_003275-T1, DBVPG3775_005241-T1
GF00002103	DBVPG3444_001684-T1, DBVPG3444_011219-T1, DBVPG3775_005245-T1
GF00002104	DBVPG3444_001685-T1, DBVPG3444_011220-T1, DBVPG3775_005246-T1
GF00002105	DBVPG3444_001686-T1, DBVPG3444_011221-T1, DBVPG3775_005247-T1
GF00002106	DBVPG3444_001688-T1, DBVPG3444_011223-T1, DBVPG3775_005249-T1
GF00002107	DBVPG3444_001689-T1, DBVPG3444_011224-T1, DBVPG3775_005250-T1
GF00002108	DBVPG3444_001691-T1, DBVPG3444_011227-T1, DBVPG3775_005253-T1
GF00002109	DBVPG3444_001693-T1, DBVPG3444_011229-T1, DBVPG3775_005255-T1
GF00002110	DBVPG3444_001695-T1, DBVPG3444_002402-T1, DBVPG3775_002450-T1
GF00002111	DBVPG3444_001696-T1, DBVPG3444_002403-T1, DBVPG3775_002449-T1
GF00002112	DBVPG3444_001697-T1, DBVPG3444_002404-T1, DBVPG3775_002448-T1
GF00002113	DBVPG3444_001698-T1, DBVPG3444_002405-T1, DBVPG3775_002447-T1
GF00002114	DBVPG3444_006408-T1, DBVPG3444_010648-T1, DBVPG3775_004406-T1
GF00002115	DBVPG3444_001701-T1, DBVPG3444_002407-T1, DBVPG3775_002445-T1
GF00002116	DBVPG3444_001703-T1, DBVPG3444_002409-T1, DBVPG3775_002443-T1
GF00002117	DBVPG3444_001706-T1, DBVPG3444_002411-T1, DBVPG3775_002441-T1
GF00002118	DBVPG3444_001707-T1, DBVPG3444_002412-T1, DBVPG3775_002440-T1
GF00002119	DBVPG3444_001708-T1, DBVPG3444_002413-T1, DBVPG3775_002439-T1
GF00002120	DBVPG3444_001710-T1, DBVPG3444_002415-T1, DBVPG3775_002437-T1
GF00002121	DBVPG3444_001711-T1, DBVPG3444_002416-T1, DBVPG3775_002436-T1
GF00002122	DBVPG3444_001714-T1, DBVPG3444_002418-T1, DBVPG3775_002434-T1
GF00002123	DBVPG3444_001715-T1, DBVPG3444_002419-T1, DBVPG3775_002433-T1
GF00002124	DBVPG3444_001716-T1, DBVPG3444_002421-T1, DBVPG3775_002431-T1
GF00002125	DBVPG3444_001717-T1, DBVPG3444_002422-T1, DBVPG3775_002430-T1
GF00002126	DBVPG3444_001718-T1, DBVPG3444_002423-T1, DBVPG3775_002429-T1
GF00002127	DBVPG3444_001720-T1, DBVPG3444_002426-T1, DBVPG3775_002426-T1
GF00002128	DBVPG3444_001722-T1, DBVPG3444_002429-T1, DBVPG3775_002423-T1
GF00002129	DBVPG3444_001723-T1, DBVPG3444_002430-T1, DBVPG3775_002422-T1
GF00002130	DBVPG3444_001724-T1, DBVPG3444_002431-T1, DBVPG3775_002421-T1
GF00002131	DBVPG3444_001726-T1, DBVPG3444_002433-T1, DBVPG3775_002419-T1
GF00002132	DBVPG3444_001727-T1, DBVPG3444_002434-T1, DBVPG3775_002418-T1
GF00002133	DBVPG3444_001728-T1, DBVPG3444_002435-T1, DBVPG3775_002417-T1
GF00002134	DBVPG3444_001729-T1, DBVPG3444_002436-T1, DBVPG3775_002416-T1
GF00002135	DBVPG3444_001730-T1, DBVPG3444_002437-T1, DBVPG3775_002415-T1
GF00002136	DBVPG3444_001731-T1, DBVPG3444_002438-T1, DBVPG3775_002414-T1
GF00002137	DBVPG3444_001732-T1, DBVPG3444_002439-T1, DBVPG3775_002413-T1
GF00002138	DBVPG3444_001734-T1, DBVPG3444_002443-T1, DBVPG3775_002408-T1
GF00002139	DBVPG3444_001741-T1, DBVPG3444_002451-T1, DBVPG3775_002400-T1
GF00002140	DBVPG3444_001742-T1, DBVPG3444_002452-T1, DBVPG3775_002399-T1
GF00002141	DBVPG3444_001743-T1, DBVPG3444_002453-T1, DBVPG3775_002398-T1
GF00002142	DBVPG3444_001744-T1, DBVPG3444_002454-T1, DBVPG3775_002397-T1
GF00002143	DBVPG3444_001745-T1, DBVPG3444_002455-T1, DBVPG3775_002396-T1
GF00002144	DBVPG3444_001746-T1, DBVPG3444_002456-T1, DBVPG3775_002395-T1
GF00002145	DBVPG3444_001748-T1, DBVPG3444_002458-T1, DBVPG3775_002393-T1
GF00002146	DBVPG3444_001750-T1, DBVPG3444_002460-T1, DBVPG3775_002391-T1
GF00002147	DBVPG3444_001751-T1, DBVPG3444_002461-T1, DBVPG3775_002390-T1
GF00002148	DBVPG3444_001752-T1, DBVPG3444_002462-T1, DBVPG3775_002389-T1
GF00002149	DBVPG3444_001754-T1, DBVPG3444_002464-T1, DBVPG3775_002387-T1
GF00002150	DBVPG3444_001755-T1, DBVPG3444_002468-T1, DBVPG3775_002383-T1
GF00002151	DBVPG3444_001757-T1, DBVPG3444_002470-T1, DBVPG3775_002381-T1
GF00002152	DBVPG3444_001758-T1, DBVPG3444_002471-T1, DBVPG3775_002380-T1
GF00002153	DBVPG3444_001760-T1, DBVPG3444_002473-T1, DBVPG3775_002378-T1
GF00002154	DBVPG3444_001762-T1, DBVPG3444_002476-T1, DBVPG3775_002376-T1
GF00002155	DBVPG3444_001763-T1, DBVPG3444_002477-T1, DBVPG3775_002375-T1
GF00002156	DBVPG3444_001764-T1, DBVPG3444_002478-T1, DBVPG3775_002374-T1
GF00002157	DBVPG3444_001766-T1, DBVPG3444_002480-T1, DBVPG3775_002372-T1
GF00002158	DBVPG3444_001767-T1, DBVPG3444_002481-T1, DBVPG3775_002371-T1
GF00002159	DBVPG3444_001768-T1, DBVPG3444_002482-T1, DBVPG3775_002370-T1
GF00002160	DBVPG3444_001772-T1, DBVPG3444_011191-T1, DBVPG3775_002366-T1
GF00002161	DBVPG3444_001773-T1, DBVPG3444_011192-T1, DBVPG3775_002365-T1
GF00002162	DBVPG3444_001775-T1, DBVPG3444_011194-T1, DBVPG3775_002363-T1
GF00002163	DBVPG3444_001776-T1, DBVPG3444_011195-T1, DBVPG3775_002362-T1
GF00002164	DBVPG3444_001779-T1, DBVPG3444_011198-T1, DBVPG3775_000747-T1
GF00002165	DBVPG3444_001780-T1, DBVPG3444_011199-T1, DBVPG3775_000748-T1
GF00002166	DBVPG3444_001781-T1, DBVPG3444_011200-T1, DBVPG3775_000749-T1
GF00002167	DBVPG3444_001782-T1, DBVPG3444_011201-T1, DBVPG3775_000750-T1
GF00002168	DBVPG3444_001785-T1, DBVPG3444_014417-T1, DBVPG3775_001469-T1
GF00002169	DBVPG3444_001786-T1, DBVPG3444_014416-T1, DBVPG3775_001468-T1
GF00002170	DBVPG3444_001787-T1, DBVPG3444_014415-T1, DBVPG3775_001467-T1
GF00002171	DBVPG3444_001792-T1, DBVPG3444_004431-T1, DBVPG3775_001461-T1
GF00002172	DBVPG3444_001793-T1, DBVPG3444_004432-T1, DBVPG3775_001460-T1
GF00002173	DBVPG3444_001794-T1, DBVPG3444_004433-T1, DBVPG3775_001459-T1
GF00002174	DBVPG3444_001795-T1, DBVPG3444_004434-T1, DBVPG3775_001458-T1
GF00002175	DBVPG3444_001796-T1, DBVPG3444_004435-T1, DBVPG3775_001457-T1
GF00002176	DBVPG3444_001797-T1, DBVPG3444_004436-T1, DBVPG3775_001456-T1
GF00002177	DBVPG3444_001798-T1, DBVPG3444_004437-T1, DBVPG3775_001455-T1
GF00002178	DBVPG3444_001799-T1, DBVPG3444_004438-T1, DBVPG3775_001454-T1
GF00002179	DBVPG3444_002941-T1, DBVPG3444_012929-T1, DBVPG3775_006617-T1
GF00002180	DBVPG3444_001803-T1, DBVPG3444_004441-T1, DBVPG3775_001450-T1
GF00002181	DBVPG3444_001804-T1, DBVPG3444_004442-T1, DBVPG3775_001449-T1
GF00002182	DBVPG3444_001806-T1, DBVPG3444_004444-T1, DBVPG3775_001447-T1
GF00002183	DBVPG3444_001807-T1, DBVPG3444_004445-T1, DBVPG3775_001446-T1
GF00002184	DBVPG3444_001808-T1, DBVPG3444_004446-T1, DBVPG3775_001445-T1
GF00002185	DBVPG3444_001809-T1, DBVPG3444_004447-T1, DBVPG3775_001444-T1
GF00002186	DBVPG3444_001810-T1, DBVPG3444_004448-T1, DBVPG3775_001443-T1
GF00002187	DBVPG3444_001811-T1, DBVPG3444_004449-T1, DBVPG3775_001442-T1
GF00002188	DBVPG3444_001812-T1, DBVPG3444_004450-T1, DBVPG3775_001441-T1
GF00002189	DBVPG3444_001815-T1, DBVPG3444_004452-T1, DBVPG3775_001439-T1
GF00002190	DBVPG3444_001816-T1, DBVPG3444_004453-T1, DBVPG3775_001438-T1
GF00002191	DBVPG3444_001817-T1, DBVPG3444_004454-T1, DBVPG3775_001437-T1
GF00002192	DBVPG3444_001818-T1, DBVPG3444_004455-T1, DBVPG3775_001436-T1
GF00002193	DBVPG3444_001819-T1, DBVPG3444_004456-T1, DBVPG3775_001435-T1
GF00002194	DBVPG3444_001821-T1, DBVPG3444_004459-T1, DBVPG3775_001432-T1
GF00002195	DBVPG3444_001822-T1, DBVPG3444_004460-T1, DBVPG3775_001431-T1
GF00002196	DBVPG3444_001823-T1, DBVPG3444_004461-T1, DBVPG3775_001430-T1
GF00002197	DBVPG3444_001824-T1, DBVPG3444_004462-T1, DBVPG3775_001429-T1
GF00002198	DBVPG3444_001825-T1, DBVPG3444_004463-T1, DBVPG3775_001428-T1
GF00002199	DBVPG3444_001830-T1, DBVPG3444_004467-T1, DBVPG3775_001424-T1
GF00002200	DBVPG3444_001831-T1, DBVPG3444_004468-T1, DBVPG3775_001423-T1
GF00002201	DBVPG3444_001832-T1, DBVPG3444_004469-T1, DBVPG3775_001422-T1
GF00002202	DBVPG3444_001833-T1, DBVPG3444_004470-T1, DBVPG3775_001421-T1
GF00002203	DBVPG3444_001836-T1, DBVPG3444_004473-T1, DBVPG3775_001418-T1
GF00002204	DBVPG3444_001837-T1, DBVPG3444_004474-T1, DBVPG3775_001417-T1
GF00002205	DBVPG3444_001839-T1, DBVPG3444_004476-T1, DBVPG3775_001415-T1
GF00002206	DBVPG3444_001841-T1, DBVPG3444_004478-T1, DBVPG3775_001413-T1
GF00002207	DBVPG3444_001843-T1, DBVPG3444_004480-T1, DBVPG3775_001411-T1
GF00002208	DBVPG3444_001844-T1, DBVPG3444_004481-T1, DBVPG3775_001410-T1
GF00002209	DBVPG3444_001845-T1, DBVPG3444_004482-T1, DBVPG3775_001409-T1
GF00002210	DBVPG3444_011589-T1, DBVPG3444_003846-T1, DBVPG3775_003514-T1
GF00002211	DBVPG3444_001846-T1, DBVPG3444_004483-T1, DBVPG3775_001408-T1
GF00002212	DBVPG3444_001847-T1, DBVPG3444_004484-T1, DBVPG3775_001407-T1
GF00002213	DBVPG3444_001848-T1, DBVPG3444_004485-T1, DBVPG3775_001406-T1
GF00002214	DBVPG3444_001849-T1, DBVPG3444_004486-T1, DBVPG3775_001405-T1
GF00002215	DBVPG3444_001850-T1, DBVPG3444_004487-T1, DBVPG3775_001404-T1
GF00002216	DBVPG3444_001853-T1, DBVPG3444_004490-T1, DBVPG3775_001402-T1
GF00002217	DBVPG3444_001854-T1, DBVPG3444_004491-T1, DBVPG3775_001401-T1
GF00002218	DBVPG3444_001855-T1, DBVPG3444_004492-T1, DBVPG3775_001400-T1
GF00002219	DBVPG3444_001856-T1, DBVPG3444_004493-T1, DBVPG3775_001399-T1
GF00002220	DBVPG3444_001857-T1, DBVPG3444_004494-T1, DBVPG3775_001398-T1
GF00002221	DBVPG3444_001858-T1, DBVPG3444_004495-T1, DBVPG3775_001397-T1
GF00002222	DBVPG3444_001859-T1, DBVPG3444_004496-T1, DBVPG3775_001396-T1
GF00002223	DBVPG3444_001860-T1, DBVPG3444_014696-T1, DBVPG3775_001395-T1
GF00002224	DBVPG3444_001861-T1, DBVPG3444_014695-T1, DBVPG3775_001394-T1
GF00002225	DBVPG3444_001864-T1, DBVPG3444_013235-T1, DBVPG3775_001391-T1
GF00002226	DBVPG3444_001866-T1, DBVPG3444_013233-T1, DBVPG3775_001389-T1
GF00002227	DBVPG3444_001867-T1, DBVPG3444_013232-T1, DBVPG3775_001388-T1
GF00002228	DBVPG3444_001868-T1, DBVPG3444_013231-T1, DBVPG3775_001387-T1
GF00002229	DBVPG3444_001869-T1, DBVPG3444_013230-T1, DBVPG3775_001386-T1
GF00002230	DBVPG3444_001871-T1, DBVPG3444_013228-T1, DBVPG3775_001384-T1
GF00002231	DBVPG3444_001872-T1, DBVPG3444_013227-T1, DBVPG3775_001383-T1
GF00002232	DBVPG3444_001873-T1, DBVPG3444_013226-T1, DBVPG3775_001382-T1
GF00002233	DBVPG3444_009393-T1, DBVPG3444_006436-T1, DBVPG3775_004378-T1
GF00002234	DBVPG3444_014437-T1, DBVPG3444_004519-T1, DBVPG3775_006121-T1
GF00002235	DBVPG3444_001929-T1, DBVPG3444_013579-T1, DBVPG3775_002982-T1
GF00002236	DBVPG3444_001930-T1, DBVPG3444_013578-T1, DBVPG3775_002981-T1
GF00002237	DBVPG3444_001931-T1, DBVPG3444_013577-T1, DBVPG3775_002980-T1
GF00002238	DBVPG3444_001932-T1, DBVPG3444_013576-T1, DBVPG3775_002979-T1
GF00002239	DBVPG3444_005358-T1, DBVPG3444_002084-T1, DBVPG3775_001171-T1
GF00002240	DBVPG3444_014384-T1, DBVPG3444_010582-T1, DBVPG3775_007459-T1
GF00002241	DBVPG3444_001935-T1, DBVPG3444_013573-T1, DBVPG3775_002976-T1
GF00002242	DBVPG3444_001936-T1, DBVPG3444_013572-T1, DBVPG3775_002975-T1
GF00002243	DBVPG3444_001937-T1, DBVPG3444_013571-T1, DBVPG3775_002974-T1
GF00002244	DBVPG3444_001938-T1, DBVPG3444_013570-T1, DBVPG3775_002973-T1
GF00002245	DBVPG3444_001940-T1, DBVPG3444_014214-T1, DBVPG3775_002971-T1
GF00002246	DBVPG3444_001941-T1, DBVPG3444_014213-T1, DBVPG3775_002970-T1
GF00002247	DBVPG3444_001942-T1, DBVPG3444_014212-T1, DBVPG3775_002969-T1
GF00002248	DBVPG3444_001944-T1, DBVPG3444_014211-T1, DBVPG3775_002967-T1
GF00002249	DBVPG3444_001945-T1, DBVPG3444_014210-T1, DBVPG3775_002966-T1
GF00002250	DBVPG3444_001947-T1, DBVPG3444_014208-T1, DBVPG3775_002964-T1
GF00002251	DBVPG3444_001949-T1, DBVPG3444_013213-T1, DBVPG3775_002962-T1
GF00002252	DBVPG3444_001950-T1, DBVPG3444_013214-T1, DBVPG3775_002961-T1
GF00002253	DBVPG3444_001951-T1, DBVPG3444_013215-T1, DBVPG3775_002960-T1
GF00002254	DBVPG3444_001952-T1, DBVPG3444_013216-T1, DBVPG3775_002959-T1
GF00002255	DBVPG3444_001955-T1, DBVPG3444_013217-T1, DBVPG3775_002956-T1
GF00002256	DBVPG3444_001956-T1, DBVPG3444_013218-T1, DBVPG3775_002955-T1
GF00002257	DBVPG3444_001957-T1, DBVPG3444_013219-T1, DBVPG3775_002954-T1
GF00002258	DBVPG3444_001958-T1, DBVPG3444_013220-T1, DBVPG3775_002953-T1
GF00002259	DBVPG3444_001959-T1, DBVPG3444_013221-T1, DBVPG3775_002952-T1
GF00002260	DBVPG3444_014069-T1, DBVPG3444_004251-T1, DBVPG3775_004772-T1
GF00002261	DBVPG3444_001961-T1, DBVPG3444_013223-T1, DBVPG3775_002950-T1
GF00002262	DBVPG3444_001962-T1, DBVPG3444_010420-T1, DBVPG3775_002949-T1
GF00002263	DBVPG3444_002008-T1, DBVPG3444_012174-T1, DBVPG3775_003129-T1
GF00002264	DBVPG3444_002009-T1, DBVPG3444_012175-T1, DBVPG3775_003130-T1
GF00002265	DBVPG3444_002010-T1, DBVPG3444_012176-T1, DBVPG3775_003131-T1
GF00002266	DBVPG3444_002011-T1, DBVPG3444_012177-T1, DBVPG3775_003132-T1
GF00002267	DBVPG3444_002014-T1, DBVPG3444_012180-T1, DBVPG3775_003135-T1
GF00002268	DBVPG3444_002017-T1, DBVPG3444_012183-T1, DBVPG3775_003139-T1
GF00002269	DBVPG3444_002018-T1, DBVPG3444_012184-T1, DBVPG3775_003140-T1
GF00002270	DBVPG3444_002019-T1, DBVPG3444_012185-T1, DBVPG3775_003141-T1
GF00002271	DBVPG3444_002020-T1, DBVPG3444_012186-T1, DBVPG3775_003142-T1
GF00002272	DBVPG3444_002022-T1, DBVPG3444_012188-T1, DBVPG3775_003144-T1
GF00002273	DBVPG3444_002023-T1, DBVPG3444_012189-T1, DBVPG3775_003145-T1
GF00002274	DBVPG3444_002024-T1, DBVPG3444_012190-T1, DBVPG3775_003146-T1
GF00002275	DBVPG3444_002028-T1, DBVPG3444_009602-T1, DBVPG3775_003150-T1
GF00002276	DBVPG3444_002029-T1, DBVPG3444_009601-T1, DBVPG3775_003151-T1
GF00002277	DBVPG3444_002030-T1, DBVPG3444_009600-T1, DBVPG3775_003152-T1
GF00002278	DBVPG3444_002032-T1, DBVPG3444_009598-T1, DBVPG3775_003154-T1
GF00002279	DBVPG3444_002033-T1, DBVPG3444_009597-T1, DBVPG3775_003155-T1
GF00002280	DBVPG3444_002035-T1, DBVPG3444_009595-T1, DBVPG3775_003157-T1
GF00002281	DBVPG3444_002036-T1, DBVPG3444_009594-T1, DBVPG3775_003158-T1
GF00002282	DBVPG3444_002037-T1, DBVPG3444_009593-T1, DBVPG3775_003159-T1
GF00002283	DBVPG3444_002038-T1, DBVPG3444_009592-T1, DBVPG3775_003160-T1
GF00002284	DBVPG3444_002039-T1, DBVPG3444_009591-T1, DBVPG3775_003161-T1
GF00002285	DBVPG3444_002042-T1, DBVPG3444_009588-T1, DBVPG3775_003164-T1
GF00002286	DBVPG3444_002043-T1, DBVPG3444_009587-T1, DBVPG3775_003165-T1
GF00002287	DBVPG3444_002044-T1, DBVPG3444_009586-T1, DBVPG3775_003166-T1
GF00002288	DBVPG3444_004116-T1, DBVPG3444_002507-T1, DBVPG3775_001039-T1
GF00002289	DBVPG3444_002046-T1, DBVPG3444_009584-T1, DBVPG3775_003168-T1
GF00002290	DBVPG3444_002047-T1, DBVPG3444_009583-T1, DBVPG3775_003169-T1
GF00002291	DBVPG3444_002049-T1, DBVPG3444_009581-T1, DBVPG3775_003171-T1
GF00002292	DBVPG3444_002052-T1, DBVPG3444_009579-T1, DBVPG3775_003173-T1
GF00002293	DBVPG3444_002053-T1, DBVPG3444_009578-T1, DBVPG3775_003174-T1
GF00002294	DBVPG3444_002054-T1, DBVPG3444_009577-T1, DBVPG3775_003175-T1
GF00002295	DBVPG3444_002057-T1, DBVPG3444_009573-T1, DBVPG3775_003179-T1
GF00002296	DBVPG3444_002058-T1, DBVPG3444_009574-T1, DBVPG3775_003178-T1
GF00002297	DBVPG3444_002059-T1, DBVPG3444_009575-T1, DBVPG3775_003177-T1
GF00002298	DBVPG3444_002063-T1, DBVPG3444_007416-T1, DBVPG3775_003184-T1
GF00002299	DBVPG3444_002085-T1, DBVPG3444_005359-T1, DBVPG3775_001170-T1
GF00002300	DBVPG3444_002088-T1, DBVPG3444_005362-T1, DBVPG3775_001168-T1
GF00002301	DBVPG3444_002090-T1, DBVPG3444_005364-T1, DBVPG3775_001166-T1
GF00002302	DBVPG3444_002091-T1, DBVPG3444_005365-T1, DBVPG3775_001165-T1
GF00002303	DBVPG3444_002092-T1, DBVPG3444_005366-T1, DBVPG3775_001164-T1
GF00002304	DBVPG3444_002093-T1, DBVPG3444_005367-T1, DBVPG3775_001163-T1
GF00002305	DBVPG3444_002094-T1, DBVPG3444_005368-T1, DBVPG3775_001162-T1
GF00002306	DBVPG3444_002095-T1, DBVPG3444_005370-T1, DBVPG3775_001160-T1
GF00002307	DBVPG3444_002096-T1, DBVPG3444_005371-T1, DBVPG3775_001159-T1
GF00002308	DBVPG3444_002097-T1, DBVPG3444_005372-T1, DBVPG3775_001158-T1
GF00002309	DBVPG3444_002098-T1, DBVPG3444_005373-T1, DBVPG3775_001157-T1
GF00002310	DBVPG3444_002099-T1, DBVPG3444_005374-T1, DBVPG3775_001156-T1
GF00002311	DBVPG3444_002100-T1, DBVPG3444_005375-T1, DBVPG3775_001155-T1
GF00002312	DBVPG3444_002101-T1, DBVPG3444_005376-T1, DBVPG3775_001154-T1
GF00002313	DBVPG3444_002102-T1, DBVPG3444_005377-T1, DBVPG3775_001153-T1
GF00002314	DBVPG3444_002103-T1, DBVPG3444_005378-T1, DBVPG3775_001152-T1
GF00002315	DBVPG3444_002104-T1, DBVPG3444_005379-T1, DBVPG3775_001151-T1
GF00002316	DBVPG3444_002105-T1, DBVPG3444_005380-T1, DBVPG3775_001149-T1
GF00002317	DBVPG3444_002107-T1, DBVPG3444_005382-T1, DBVPG3775_001147-T1
GF00002318	DBVPG3444_002108-T1, DBVPG3444_005383-T1, DBVPG3775_001146-T1
GF00002319	DBVPG3444_002109-T1, DBVPG3444_005384-T1, DBVPG3775_001145-T1
GF00002320	DBVPG3444_002110-T1, DBVPG3444_005385-T1, DBVPG3775_001144-T1
GF00002321	DBVPG3444_002112-T1, DBVPG3444_005388-T1, DBVPG3775_001142-T1
GF00002322	DBVPG3444_002113-T1, DBVPG3444_005389-T1, DBVPG3775_001141-T1
GF00002323	DBVPG3444_002115-T1, DBVPG3444_005391-T1, DBVPG3775_001139-T1
GF00002324	DBVPG3444_002116-T1, DBVPG3444_005392-T1, DBVPG3775_001138-T1
GF00002325	DBVPG3444_002117-T1, DBVPG3444_005393-T1, DBVPG3775_001137-T1
GF00002326	DBVPG3444_002121-T1, DBVPG3444_005398-T1, DBVPG3775_001134-T1
GF00002327	DBVPG3444_002122-T1, DBVPG3444_005399-T1, DBVPG3775_001133-T1
GF00002328	DBVPG3444_002123-T1, DBVPG3444_005400-T1, DBVPG3775_001132-T1
GF00002329	DBVPG3444_002124-T1, DBVPG3444_005401-T1, DBVPG3775_001131-T1
GF00002330	DBVPG3444_002126-T1, DBVPG3444_005403-T1, DBVPG3775_001129-T1
GF00002331	DBVPG3444_002128-T1, DBVPG3444_005405-T1, DBVPG3775_001127-T1
GF00002332	DBVPG3444_002129-T1, DBVPG3444_005406-T1, DBVPG3775_001126-T1
GF00002333	DBVPG3444_002130-T1, DBVPG3444_005407-T1, DBVPG3775_001125-T1
GF00002334	DBVPG3444_002131-T1, DBVPG3444_005408-T1, DBVPG3775_001124-T1
GF00002335	DBVPG3444_002134-T1, DBVPG3444_005411-T1, DBVPG3775_001121-T1
GF00002336	DBVPG3444_002135-T1, DBVPG3444_005412-T1, DBVPG3775_001120-T1
GF00002337	DBVPG3444_002137-T1, DBVPG3444_005414-T1, DBVPG3775_001118-T1
GF00002338	DBVPG3444_002140-T1, DBVPG3444_009342-T1, DBVPG3775_001115-T1
GF00002339	DBVPG3444_002141-T1, DBVPG3444_009341-T1, DBVPG3775_001114-T1
GF00002340	DBVPG3444_002144-T1, DBVPG3444_009338-T1, DBVPG3775_001111-T1
GF00002341	DBVPG3444_002145-T1, DBVPG3444_009337-T1, DBVPG3775_001110-T1
GF00002342	DBVPG3444_002146-T1, DBVPG3444_009336-T1, DBVPG3775_001109-T1
GF00002343	DBVPG3444_002150-T1, DBVPG3444_009209-T1, DBVPG3775_002673-T1
GF00002344	DBVPG3444_002152-T1, DBVPG3444_009211-T1, DBVPG3775_002671-T1
GF00002345	DBVPG3444_002153-T1, DBVPG3444_009212-T1, DBVPG3775_002670-T1
GF00002346	DBVPG3444_002154-T1, DBVPG3444_009213-T1, DBVPG3775_002669-T1
GF00002347	DBVPG3444_002158-T1, DBVPG3444_009216-T1, DBVPG3775_002666-T1
GF00002348	DBVPG3444_002162-T1, DBVPG3444_009221-T1, DBVPG3775_002662-T1
GF00002349	DBVPG3444_002163-T1, DBVPG3444_009222-T1, DBVPG3775_002661-T1
GF00002350	DBVPG3444_002165-T1, DBVPG3444_009224-T1, DBVPG3775_002659-T1
GF00002351	DBVPG3444_002166-T1, DBVPG3444_009225-T1, DBVPG3775_002658-T1
GF00002352	DBVPG3444_002167-T1, DBVPG3444_009226-T1, DBVPG3775_002657-T1
GF00002353	DBVPG3444_002168-T1, DBVPG3444_009227-T1, DBVPG3775_002656-T1
GF00002354	DBVPG3444_002170-T1, DBVPG3444_009229-T1, DBVPG3775_002654-T1
GF00002355	DBVPG3444_002171-T1, DBVPG3444_009230-T1, DBVPG3775_002653-T1
GF00002356	DBVPG3444_002173-T1, DBVPG3444_009232-T1, DBVPG3775_002651-T1
GF00002357	DBVPG3444_002174-T1, DBVPG3444_009233-T1, DBVPG3775_002650-T1
GF00002358	DBVPG3444_002175-T1, DBVPG3444_014164-T1, DBVPG3775_002649-T1
GF00002359	DBVPG3444_002176-T1, DBVPG3444_014165-T1, DBVPG3775_002648-T1
GF00002360	DBVPG3444_002177-T1, DBVPG3444_014166-T1, DBVPG3775_002647-T1
GF00002361	DBVPG3444_002178-T1, DBVPG3444_014167-T1, DBVPG3775_002646-T1
GF00002362	DBVPG3444_002179-T1, DBVPG3444_014168-T1, DBVPG3775_002645-T1
GF00002363	DBVPG3444_002180-T1, DBVPG3444_014169-T1, DBVPG3775_002644-T1
GF00002364	DBVPG3444_002183-T1, DBVPG3444_012417-T1, DBVPG3775_002641-T1
GF00002365	DBVPG3444_002184-T1, DBVPG3444_012418-T1, DBVPG3775_002640-T1
GF00002366	DBVPG3444_002185-T1, DBVPG3444_012419-T1, DBVPG3775_002639-T1
GF00002367	DBVPG3444_002186-T1, DBVPG3444_012420-T1, DBVPG3775_002638-T1
GF00002368	DBVPG3444_002187-T1, DBVPG3444_012421-T1, DBVPG3775_002637-T1
GF00002369	DBVPG3444_002188-T1, DBVPG3444_012422-T1, DBVPG3775_002636-T1
GF00002370	DBVPG3444_002189-T1, DBVPG3444_012423-T1, DBVPG3775_002635-T1
GF00002371	DBVPG3444_002190-T1, DBVPG3444_012424-T1, DBVPG3775_002634-T1
GF00002372	DBVPG3444_002193-T1, DBVPG3444_012428-T1, DBVPG3775_002630-T1
GF00002373	DBVPG3444_002194-T1, DBVPG3444_012429-T1, DBVPG3775_002629-T1
GF00002374	DBVPG3444_002196-T1, DBVPG3444_014237-T1, DBVPG3775_002627-T1
GF00002375	DBVPG3444_002199-T1, DBVPG3444_014234-T1, DBVPG3775_002624-T1
GF00002376	DBVPG3444_002204-T1, DBVPG3444_011748-T1, DBVPG3775_002619-T1
GF00002377	DBVPG3444_002207-T1, DBVPG3444_011751-T1, DBVPG3775_002616-T1
GF00002378	DBVPG3444_002208-T1, DBVPG3444_011752-T1, DBVPG3775_002615-T1
GF00002379	DBVPG3444_002209-T1, DBVPG3444_011753-T1, DBVPG3775_002614-T1
GF00002380	DBVPG3444_002210-T1, DBVPG3444_011754-T1, DBVPG3775_002613-T1
GF00002381	DBVPG3444_002211-T1, DBVPG3444_011755-T1, DBVPG3775_002612-T1
GF00002382	DBVPG3444_002212-T1, DBVPG3444_011756-T1, DBVPG3775_002611-T1
GF00002383	DBVPG3444_002216-T1, DBVPG3444_011759-T1, DBVPG3775_002607-T1
GF00002384	DBVPG3444_002217-T1, DBVPG3444_011760-T1, DBVPG3775_002606-T1
GF00002385	DBVPG3444_002218-T1, DBVPG3444_011761-T1, DBVPG3775_002605-T1
GF00002386	DBVPG3444_002219-T1, DBVPG3444_011762-T1, DBVPG3775_002604-T1
GF00002387	DBVPG3444_002220-T1, DBVPG3444_011763-T1, DBVPG3775_002603-T1
GF00002388	DBVPG3444_002221-T1, DBVPG3444_011764-T1, DBVPG3775_002602-T1
GF00002389	DBVPG3444_002230-T1, DBVPG3444_002318-T1, DBVPG3775_003625-T1
GF00002390	DBVPG3444_002231-T1, DBVPG3444_002317-T1, DBVPG3775_003626-T1
GF00002391	DBVPG3444_002232-T1, DBVPG3444_002315-T1, DBVPG3775_003628-T1
GF00002392	DBVPG3444_002233-T1, DBVPG3444_002314-T1, DBVPG3775_003629-T1
GF00002393	DBVPG3444_002234-T1, DBVPG3444_002313-T1, DBVPG3775_003630-T1
GF00002394	DBVPG3444_002235-T1, DBVPG3444_002312-T1, DBVPG3775_003631-T1
GF00002395	DBVPG3444_002236-T1, DBVPG3444_002311-T1, DBVPG3775_003633-T1
GF00002396	DBVPG3444_002237-T1, DBVPG3444_002310-T1, DBVPG3775_003634-T1
GF00002397	DBVPG3444_002239-T1, DBVPG3444_002308-T1, DBVPG3775_003636-T1
GF00002398	DBVPG3444_002240-T1, DBVPG3444_002307-T1, DBVPG3775_003637-T1
GF00002399	DBVPG3444_002242-T1, DBVPG3444_002304-T1, DBVPG3775_003640-T1
GF00002400	DBVPG3444_002248-T1, DBVPG3444_003853-T1, DBVPG3775_000420-T1
GF00002401	DBVPG3444_002252-T1, DBVPG3444_002296-T1, DBVPG3775_003647-T1
GF00002402	DBVPG3444_002253-T1, DBVPG3444_002295-T1, DBVPG3775_003648-T1
GF00002403	DBVPG3444_002255-T1, DBVPG3444_002289-T1, DBVPG3775_003654-T1
GF00002404	DBVPG3444_002257-T1, DBVPG3444_002287-T1, DBVPG3775_003656-T1
GF00002405	DBVPG3444_002259-T1, DBVPG3444_002285-T1, DBVPG3775_003658-T1
GF00002406	DBVPG3444_002260-T1, DBVPG3444_002284-T1, DBVPG3775_003659-T1
GF00002407	DBVPG3444_002261-T1, DBVPG3444_002283-T1, DBVPG3775_003660-T1
GF00002408	DBVPG3444_002262-T1, DBVPG3444_002282-T1, DBVPG3775_003661-T1
GF00002409	DBVPG3444_002263-T1, DBVPG3444_002281-T1, DBVPG3775_003662-T1
GF00002410	DBVPG3444_002264-T1, DBVPG3444_002280-T1, DBVPG3775_003663-T1
GF00002411	DBVPG3444_002266-T1, DBVPG3444_002278-T1, DBVPG3775_003665-T1
GF00002412	DBVPG3444_002267-T1, DBVPG3444_002277-T1, DBVPG3775_003666-T1
GF00002413	DBVPG3444_002273-T1, DBVPG3444_014107-T1, DBVPG3775_003670-T1
GF00002414	DBVPG3444_002274-T1, DBVPG3444_014106-T1, DBVPG3775_003669-T1
GF00002415	DBVPG3444_014046-T1, DBVPG3444_010291-T1, DBVPG3775_004667-T1
GF00002416	DBVPG3444_002321-T1, DBVPG3444_002871-T1, DBVPG3775_002836-T1
GF00002417	DBVPG3444_002322-T1, DBVPG3444_002872-T1, DBVPG3775_002837-T1
GF00002418	DBVPG3444_002324-T1, DBVPG3444_002874-T1, DBVPG3775_002839-T1
GF00002419	DBVPG3444_002326-T1, DBVPG3444_002876-T1, DBVPG3775_002841-T1
GF00002420	DBVPG3444_002327-T1, DBVPG3444_002877-T1, DBVPG3775_002842-T1
GF00002421	DBVPG3444_002328-T1, DBVPG3444_002878-T1, DBVPG3775_002843-T1
GF00002422	DBVPG3444_002329-T1, DBVPG3444_002879-T1, DBVPG3775_002844-T1
GF00002423	DBVPG3444_002330-T1, DBVPG3444_002880-T1, DBVPG3775_002845-T1
GF00002424	DBVPG3444_002331-T1, DBVPG3444_002881-T1, DBVPG3775_002846-T1
GF00002425	DBVPG3444_002332-T1, DBVPG3444_002882-T1, DBVPG3775_002847-T1
GF00002426	DBVPG3444_002333-T1, DBVPG3444_002883-T1, DBVPG3775_002848-T1
GF00002427	DBVPG3444_002334-T1, DBVPG3444_002884-T1, DBVPG3775_002849-T1
GF00002428	DBVPG3444_002335-T1, DBVPG3444_002885-T1, DBVPG3775_002850-T1
GF00002429	DBVPG3444_006342-T1, DBVPG3444_009946-T1, DBVPG3775_005767-T1
GF00002430	DBVPG3444_002337-T1, DBVPG3444_002888-T1, DBVPG3775_002853-T1
GF00002431	DBVPG3444_002338-T1, DBVPG3444_002889-T1, DBVPG3775_002854-T1
GF00002432	DBVPG3444_002339-T1, DBVPG3444_002890-T1, DBVPG3775_002855-T1
GF00002433	DBVPG3444_002340-T1, DBVPG3444_002891-T1, DBVPG3775_002856-T1
GF00002434	DBVPG3444_002341-T1, DBVPG3444_002892-T1, DBVPG3775_002857-T1
GF00002435	DBVPG3444_002346-T1, DBVPG3444_012143-T1, DBVPG3775_002861-T1
GF00002436	DBVPG3444_002347-T1, DBVPG3444_012142-T1, DBVPG3775_002862-T1
GF00002437	DBVPG3444_002348-T1, DBVPG3444_012141-T1, DBVPG3775_002863-T1
GF00002438	DBVPG3444_002349-T1, DBVPG3444_012140-T1, DBVPG3775_002864-T1
GF00002439	DBVPG3444_002350-T1, DBVPG3444_012139-T1, DBVPG3775_002865-T1
GF00002440	DBVPG3444_002351-T1, DBVPG3444_012138-T1, DBVPG3775_002866-T1
GF00002441	DBVPG3444_002352-T1, DBVPG3444_012137-T1, DBVPG3775_002867-T1
GF00002442	DBVPG3444_002353-T1, DBVPG3444_012136-T1, DBVPG3775_002868-T1
GF00002443	DBVPG3444_002355-T1, DBVPG3444_012134-T1, DBVPG3775_002870-T1
GF00002444	DBVPG3444_002356-T1, DBVPG3444_012133-T1, DBVPG3775_002871-T1
GF00002445	DBVPG3444_002357-T1, DBVPG3444_012132-T1, DBVPG3775_002872-T1
GF00002446	DBVPG3444_002358-T1, DBVPG3444_012131-T1, DBVPG3775_002873-T1
GF00002447	DBVPG3444_002359-T1, DBVPG3444_012130-T1, DBVPG3775_002874-T1
GF00002448	DBVPG3444_002360-T1, DBVPG3444_012129-T1, DBVPG3775_002875-T1
GF00002449	DBVPG3444_002361-T1, DBVPG3444_012128-T1, DBVPG3775_002876-T1
GF00002450	DBVPG3444_002365-T1, DBVPG3444_002854-T1, DBVPG3775_002820-T1
GF00002451	DBVPG3444_002366-T1, DBVPG3444_002853-T1, DBVPG3775_002819-T1
GF00002452	DBVPG3444_002367-T1, DBVPG3444_002852-T1, DBVPG3775_002818-T1
GF00002453	DBVPG3444_002368-T1, DBVPG3444_002851-T1, DBVPG3775_002817-T1
GF00002454	DBVPG3444_002370-T1, DBVPG3444_002850-T1, DBVPG3775_002816-T1
GF00002455	DBVPG3444_002371-T1, DBVPG3444_002849-T1, DBVPG3775_002815-T1
GF00002456	DBVPG3444_002372-T1, DBVPG3444_002848-T1, DBVPG3775_002814-T1
GF00002457	DBVPG3444_002373-T1, DBVPG3444_002847-T1, DBVPG3775_002813-T1
GF00002458	DBVPG3444_002376-T1, DBVPG3444_002844-T1, DBVPG3775_002810-T1
GF00002459	DBVPG3444_002377-T1, DBVPG3444_002843-T1, DBVPG3775_002809-T1
GF00002460	DBVPG3444_002378-T1, DBVPG3444_002842-T1, DBVPG3775_002808-T1
GF00002461	DBVPG3444_011639-T1, DBVPG3444_010493-T1, DBVPG3775_007247-T1
GF00002462	DBVPG3444_002380-T1, DBVPG3444_002840-T1, DBVPG3775_002806-T1
GF00002463	DBVPG3444_002381-T1, DBVPG3444_002839-T1, DBVPG3775_002805-T1
GF00002464	DBVPG3444_002382-T1, DBVPG3444_002838-T1, DBVPG3775_002804-T1
GF00002465	DBVPG3444_002383-T1, DBVPG3444_002837-T1, DBVPG3775_002803-T1
GF00002466	DBVPG3444_002384-T1, DBVPG3444_002836-T1, DBVPG3775_002800-T1
GF00002467	DBVPG3444_002385-T1, DBVPG3444_002835-T1, DBVPG3775_002799-T1
GF00002468	DBVPG3444_002388-T1, DBVPG3444_002833-T1, DBVPG3775_002797-T1
GF00002469	DBVPG3444_002389-T1, DBVPG3444_002832-T1, DBVPG3775_002796-T1
GF00002470	DBVPG3444_002390-T1, DBVPG3444_002831-T1, DBVPG3775_002795-T1
GF00002471	DBVPG3444_002392-T1, DBVPG3444_002830-T1, DBVPG3775_002793-T1
GF00002472	DBVPG3444_002393-T1, DBVPG3444_002829-T1, DBVPG3775_002792-T1
GF00002473	DBVPG3444_002394-T1, DBVPG3444_002828-T1, DBVPG3775_002791-T1
GF00002474	DBVPG3444_002395-T1, DBVPG3444_002826-T1, DBVPG3775_002788-T1
GF00002475	DBVPG3444_002397-T1, DBVPG3444_002824-T1, DBVPG3775_002786-T1
GF00002476	DBVPG3444_002398-T1, DBVPG3444_002823-T1, DBVPG3775_002785-T1
GF00002477	DBVPG3444_002399-T1, DBVPG3444_002822-T1, DBVPG3775_002784-T1
GF00002478	DBVPG3444_006881-T1, DBVPG3444_003066-T1, DBVPG3775_006874-T1
GF00002479	DBVPG3444_002488-T1, DBVPG3444_004133-T1, DBVPG3775_001057-T1
GF00002480	DBVPG3444_002489-T1, DBVPG3444_004132-T1, DBVPG3775_001056-T1
GF00002481	DBVPG3444_002493-T1, DBVPG3444_004130-T1, DBVPG3775_001052-T1
GF00002482	DBVPG3444_002494-T1, DBVPG3444_004129-T1, DBVPG3775_001051-T1
GF00002483	DBVPG3444_002499-T1, DBVPG3444_004123-T1, DBVPG3775_001047-T1
GF00002484	DBVPG3444_002500-T1, DBVPG3444_004122-T1, DBVPG3775_001046-T1
GF00002485	DBVPG3444_002502-T1, DBVPG3444_004120-T1, DBVPG3775_001044-T1
GF00002486	DBVPG3444_002504-T1, DBVPG3444_004119-T1, DBVPG3775_001042-T1
GF00002487	DBVPG3444_002506-T1, DBVPG3444_004117-T1, DBVPG3775_001040-T1
GF00002488	DBVPG3444_002508-T1, DBVPG3444_004115-T1, DBVPG3775_001038-T1
GF00002489	DBVPG3444_002512-T1, DBVPG3444_004113-T1, DBVPG3775_004237-T1
GF00002490	DBVPG3444_002513-T1, DBVPG3444_004112-T1, DBVPG3775_004236-T1
GF00002491	DBVPG3444_002514-T1, DBVPG3444_004111-T1, DBVPG3775_004235-T1
GF00002492	DBVPG3444_002515-T1, DBVPG3444_004110-T1, DBVPG3775_004234-T1
GF00002493	DBVPG3444_002516-T1, DBVPG3444_004109-T1, DBVPG3775_004233-T1
GF00002494	DBVPG3444_002518-T1, DBVPG3444_004107-T1, DBVPG3775_004231-T1
GF00002495	DBVPG3444_002520-T1, DBVPG3444_004104-T1, DBVPG3775_004228-T1
GF00002496	DBVPG3444_002521-T1, DBVPG3444_004103-T1, DBVPG3775_004227-T1
GF00002497	DBVPG3444_002522-T1, DBVPG3444_004102-T1, DBVPG3775_004226-T1
GF00002498	DBVPG3444_002523-T1, DBVPG3444_004101-T1, DBVPG3775_004225-T1
GF00002499	DBVPG3444_002524-T1, DBVPG3444_004100-T1, DBVPG3775_004224-T1
GF00002500	DBVPG3444_002525-T1, DBVPG3444_004099-T1, DBVPG3775_004223-T1
GF00002501	DBVPG3444_002526-T1, DBVPG3444_004098-T1, DBVPG3775_004222-T1
GF00002502	DBVPG3444_002527-T1, DBVPG3444_004097-T1, DBVPG3775_004221-T1
GF00002503	DBVPG3444_002528-T1, DBVPG3444_004096-T1, DBVPG3775_004220-T1
GF00002504	DBVPG3444_002529-T1, DBVPG3444_004095-T1, DBVPG3775_004219-T1
GF00002505	DBVPG3444_002530-T1, DBVPG3444_004094-T1, DBVPG3775_004218-T1
GF00002506	DBVPG3444_002531-T1, DBVPG3444_004093-T1, DBVPG3775_004217-T1
GF00002507	DBVPG3444_002532-T1, DBVPG3444_004092-T1, DBVPG3775_004216-T1
GF00002508	DBVPG3444_002533-T1, DBVPG3444_004091-T1, DBVPG3775_004215-T1
GF00002509	DBVPG3444_002534-T1, DBVPG3444_004090-T1, DBVPG3775_004214-T1
GF00002510	DBVPG3444_002535-T1, DBVPG3444_004089-T1, DBVPG3775_004213-T1
GF00002511	DBVPG3444_002539-T1, DBVPG3444_004085-T1, DBVPG3775_004209-T1
GF00002512	DBVPG3444_002540-T1, DBVPG3444_004084-T1, DBVPG3775_004208-T1
GF00002513	DBVPG3444_002541-T1, DBVPG3444_004083-T1, DBVPG3775_004207-T1
GF00002514	DBVPG3444_002542-T1, DBVPG3444_004082-T1, DBVPG3775_004206-T1
GF00002515	DBVPG3444_002543-T1, DBVPG3444_004081-T1, DBVPG3775_004205-T1
GF00002516	DBVPG3444_002544-T1, DBVPG3444_013760-T1, DBVPG3775_004204-T1
GF00002517	DBVPG3444_002545-T1, DBVPG3444_013761-T1, DBVPG3775_004203-T1
GF00002518	DBVPG3444_002547-T1, DBVPG3444_013763-T1, DBVPG3775_004201-T1
GF00002519	DBVPG3444_002548-T1, DBVPG3444_013764-T1, DBVPG3775_004200-T1
GF00002520	DBVPG3444_002549-T1, DBVPG3444_013765-T1, DBVPG3775_004199-T1
GF00002521	DBVPG3444_002550-T1, DBVPG3444_013766-T1, DBVPG3775_004198-T1
GF00002522	DBVPG3444_002551-T1, DBVPG3444_013767-T1, DBVPG3775_004197-T1
GF00002523	DBVPG3444_002552-T1, DBVPG3444_013768-T1, DBVPG3775_004196-T1
GF00002524	DBVPG3444_002553-T1, DBVPG3444_013769-T1, DBVPG3775_004195-T1
GF00002525	DBVPG3444_002557-T1, DBVPG3444_011724-T1, DBVPG3775_004192-T1
GF00002526	DBVPG3444_002558-T1, DBVPG3444_011725-T1, DBVPG3775_004191-T1
GF00002527	DBVPG3444_002559-T1, DBVPG3444_011726-T1, DBVPG3775_004190-T1
GF00002528	DBVPG3444_002560-T1, DBVPG3444_011727-T1, DBVPG3775_004189-T1
GF00002529	DBVPG3444_002562-T1, DBVPG3444_011730-T1, DBVPG3775_004187-T1
GF00002530	DBVPG3444_002563-T1, DBVPG3444_011731-T1, DBVPG3775_004186-T1
GF00002531	DBVPG3444_002571-T1, DBVPG3444_011735-T1, DBVPG3775_004178-T1
GF00002532	DBVPG3444_002572-T1, DBVPG3444_011736-T1, DBVPG3775_004177-T1
GF00002533	DBVPG3444_002573-T1, DBVPG3444_011737-T1, DBVPG3775_004176-T1
GF00002534	DBVPG3444_002574-T1, DBVPG3444_011738-T1, DBVPG3775_004175-T1
GF00002535	DBVPG3444_002575-T1, DBVPG3444_011739-T1, DBVPG3775_004174-T1
GF00002536	DBVPG3444_002576-T1, DBVPG3444_011740-T1, DBVPG3775_004173-T1
GF00002537	DBVPG3444_002578-T1, DBVPG3444_011742-T1, DBVPG3775_004171-T1
GF00002538	DBVPG3444_002579-T1, DBVPG3444_011743-T1, DBVPG3775_004170-T1
GF00002539	DBVPG3444_002580-T1, DBVPG3444_006347-T1, DBVPG3775_000824-T1
GF00002540	DBVPG3444_002581-T1, DBVPG3444_006346-T1, DBVPG3775_000825-T1
GF00002541	DBVPG3444_002583-T1, DBVPG3444_006624-T1, DBVPG3775_000827-T1
GF00002542	DBVPG3444_002584-T1, DBVPG3444_006623-T1, DBVPG3775_000828-T1
GF00002543	DBVPG3444_002585-T1, DBVPG3444_006622-T1, DBVPG3775_000829-T1
GF00002544	DBVPG3444_002586-T1, DBVPG3444_006621-T1, DBVPG3775_000830-T1
GF00002545	DBVPG3444_002589-T1, DBVPG3444_006618-T1, DBVPG3775_000833-T1
GF00002546	DBVPG3444_002590-T1, DBVPG3444_006617-T1, DBVPG3775_000834-T1
GF00002547	DBVPG3444_002591-T1, DBVPG3444_006616-T1, DBVPG3775_000835-T1
GF00002548	DBVPG3444_002593-T1, DBVPG3444_006613-T1, DBVPG3775_000837-T1
GF00002549	DBVPG3444_002595-T1, DBVPG3444_006611-T1, DBVPG3775_000839-T1
GF00002550	DBVPG3444_002596-T1, DBVPG3444_006610-T1, DBVPG3775_000840-T1
GF00002551	DBVPG3444_002597-T1, DBVPG3444_006609-T1, DBVPG3775_000841-T1
GF00002552	DBVPG3444_002599-T1, DBVPG3444_006607-T1, DBVPG3775_000843-T1
GF00002553	DBVPG3444_002600-T1, DBVPG3444_006606-T1, DBVPG3775_000844-T1
GF00002554	DBVPG3444_002601-T1, DBVPG3444_006605-T1, DBVPG3775_000845-T1
GF00002555	DBVPG3444_002602-T1, DBVPG3444_006604-T1, DBVPG3775_000846-T1
GF00002556	DBVPG3444_002603-T1, DBVPG3444_006603-T1, DBVPG3775_000847-T1
GF00002557	DBVPG3444_002604-T1, DBVPG3444_006602-T1, DBVPG3775_000848-T1
GF00002558	DBVPG3444_002606-T1, DBVPG3444_006600-T1, DBVPG3775_000850-T1
GF00002559	DBVPG3444_002607-T1, DBVPG3444_006599-T1, DBVPG3775_000851-T1
GF00002560	DBVPG3444_002608-T1, DBVPG3444_006598-T1, DBVPG3775_000852-T1
GF00002561	DBVPG3444_002609-T1, DBVPG3444_006597-T1, DBVPG3775_000853-T1
GF00002562	DBVPG3444_002612-T1, DBVPG3444_006593-T1, DBVPG3775_000856-T1
GF00002563	DBVPG3444_002613-T1, DBVPG3444_006592-T1, DBVPG3775_000857-T1
GF00002564	DBVPG3444_002615-T1, DBVPG3444_006589-T1, DBVPG3775_000859-T1
GF00002565	DBVPG3444_002616-T1, DBVPG3444_006588-T1, DBVPG3775_000860-T1
GF00002566	DBVPG3444_002619-T1, DBVPG3444_006586-T1, DBVPG3775_000863-T1
GF00002567	DBVPG3444_002620-T1, DBVPG3444_006585-T1, DBVPG3775_000864-T1
GF00002568	DBVPG3444_002621-T1, DBVPG3444_006584-T1, DBVPG3775_000865-T1
GF00002569	DBVPG3444_002622-T1, DBVPG3444_006583-T1, DBVPG3775_000866-T1
GF00002570	DBVPG3444_002624-T1, DBVPG3444_006581-T1, DBVPG3775_000868-T1
GF00002571	DBVPG3444_002625-T1, DBVPG3444_006580-T1, DBVPG3775_000869-T1
GF00002572	DBVPG3444_002626-T1, DBVPG3444_006579-T1, DBVPG3775_000870-T1
GF00002573	DBVPG3444_002627-T1, DBVPG3444_006578-T1, DBVPG3775_000871-T1
GF00002574	DBVPG3444_003629-T1, DBVPG3444_010460-T1, DBVPG3775_001504-T1
GF00002575	DBVPG3444_002629-T1, DBVPG3444_006576-T1, DBVPG3775_000873-T1
GF00002576	DBVPG3444_002630-T1, DBVPG3444_006575-T1, DBVPG3775_000874-T1
GF00002577	DBVPG3444_002631-T1, DBVPG3444_006574-T1, DBVPG3775_000875-T1
GF00002578	DBVPG3444_002633-T1, DBVPG3444_006572-T1, DBVPG3775_000877-T1
GF00002579	DBVPG3444_002636-T1, DBVPG3444_012349-T1, DBVPG3775_000880-T1
GF00002580	DBVPG3444_002638-T1, DBVPG3444_012347-T1, DBVPG3775_000882-T1
GF00002581	DBVPG3444_002639-T1, DBVPG3444_012346-T1, DBVPG3775_000883-T1
GF00002582	DBVPG3444_002640-T1, DBVPG3444_012345-T1, DBVPG3775_000884-T1
GF00002583	DBVPG3444_002641-T1, DBVPG3444_012344-T1, DBVPG3775_000885-T1
GF00002584	DBVPG3444_002642-T1, DBVPG3444_012342-T1, DBVPG3775_000887-T1
GF00002585	DBVPG3444_002643-T1, DBVPG3444_012341-T1, DBVPG3775_000888-T1
GF00002586	DBVPG3444_002644-T1, DBVPG3444_012340-T1, DBVPG3775_000889-T1
GF00002587	DBVPG3444_002646-T1, DBVPG3444_012337-T1, DBVPG3775_000892-T1
GF00002588	DBVPG3444_002647-T1, DBVPG3444_012336-T1, DBVPG3775_000893-T1
GF00002589	DBVPG3444_002648-T1, DBVPG3444_012335-T1, DBVPG3775_000894-T1
GF00002590	DBVPG3444_002649-T1, DBVPG3444_012334-T1, DBVPG3775_000895-T1
GF00002591	DBVPG3444_002650-T1, DBVPG3444_012333-T1, DBVPG3775_000896-T1
GF00002592	DBVPG3444_002651-T1, DBVPG3444_012332-T1, DBVPG3775_000897-T1
GF00002593	DBVPG3444_002655-T1, DBVPG3444_013972-T1, DBVPG3775_000901-T1
GF00002594	DBVPG3444_002657-T1, DBVPG3444_013974-T1, DBVPG3775_000903-T1
GF00002595	DBVPG3444_002658-T1, DBVPG3444_013975-T1, DBVPG3775_000904-T1
GF00002596	DBVPG3444_002659-T1, DBVPG3444_013976-T1, DBVPG3775_000905-T1
GF00002597	DBVPG3444_002660-T1, DBVPG3444_013977-T1, DBVPG3775_000906-T1
GF00002598	DBVPG3444_002661-T1, DBVPG3444_011165-T1, DBVPG3775_000931-T1
GF00002599	DBVPG3444_002663-T1, DBVPG3444_006141-T1, DBVPG3775_006457-T1
GF00002600	DBVPG3444_002664-T1, DBVPG3444_006140-T1, DBVPG3775_006458-T1
GF00002601	DBVPG3444_002666-T1, DBVPG3444_006138-T1, DBVPG3775_006460-T1
GF00002602	DBVPG3444_002669-T1, DBVPG3444_006136-T1, DBVPG3775_006462-T1
GF00002603	DBVPG3444_002670-T1, DBVPG3444_006135-T1, DBVPG3775_006463-T1
GF00002604	DBVPG3444_002671-T1, DBVPG3444_006134-T1, DBVPG3775_006464-T1
GF00002605	DBVPG3444_002672-T1, DBVPG3444_006133-T1, DBVPG3775_006465-T1
GF00002606	DBVPG3444_002673-T1, DBVPG3444_006132-T1, DBVPG3775_006466-T1
GF00002607	DBVPG3444_002674-T1, DBVPG3444_006131-T1, DBVPG3775_006467-T1
GF00002608	DBVPG3444_002675-T1, DBVPG3444_006130-T1, DBVPG3775_006468-T1
GF00002609	DBVPG3444_002676-T1, DBVPG3444_006129-T1, DBVPG3775_006469-T1
GF00002610	DBVPG3444_002677-T1, DBVPG3444_006128-T1, DBVPG3775_006470-T1
GF00002611	DBVPG3444_002678-T1, DBVPG3444_006127-T1, DBVPG3775_006471-T1
GF00002612	DBVPG3444_002680-T1, DBVPG3444_006125-T1, DBVPG3775_006473-T1
GF00002613	DBVPG3444_002681-T1, DBVPG3444_006124-T1, DBVPG3775_006474-T1
GF00002614	DBVPG3444_002682-T1, DBVPG3444_006123-T1, DBVPG3775_006475-T1
GF00002615	DBVPG3444_002684-T1, DBVPG3444_006121-T1, DBVPG3775_006477-T1
GF00002616	DBVPG3444_002685-T1, DBVPG3444_006120-T1, DBVPG3775_006478-T1
GF00002617	DBVPG3444_002686-T1, DBVPG3444_006118-T1, DBVPG3775_006479-T1
GF00002618	DBVPG3444_002687-T1, DBVPG3444_006117-T1, DBVPG3775_006480-T1
GF00002619	DBVPG3444_002688-T1, DBVPG3444_006116-T1, DBVPG3775_006481-T1
GF00002620	DBVPG3444_002689-T1, DBVPG3444_006115-T1, DBVPG3775_006482-T1
GF00002621	DBVPG3444_002690-T1, DBVPG3444_006114-T1, DBVPG3775_006483-T1
GF00002622	DBVPG3444_002691-T1, DBVPG3444_006113-T1, DBVPG3775_006484-T1
GF00002623	DBVPG3444_006978-T1, DBVPG3444_011433-T1, DBVPG3775_004712-T1
GF00002624	DBVPG3444_002693-T1, DBVPG3444_006111-T1, DBVPG3775_006486-T1
GF00002625	DBVPG3444_002694-T1, DBVPG3444_006110-T1, DBVPG3775_006487-T1
GF00002626	DBVPG3444_002696-T1, DBVPG3444_006108-T1, DBVPG3775_006489-T1
GF00002627	DBVPG3444_002697-T1, DBVPG3444_006107-T1, DBVPG3775_006490-T1
GF00002628	DBVPG3444_002698-T1, DBVPG3444_006106-T1, DBVPG3775_006491-T1
GF00002629	DBVPG3444_002699-T1, DBVPG3444_006105-T1, DBVPG3775_006492-T1
GF00002630	DBVPG3444_002701-T1, DBVPG3444_006103-T1, DBVPG3775_006494-T1
GF00002631	DBVPG3444_002702-T1, DBVPG3444_006102-T1, DBVPG3775_006495-T1
GF00002632	DBVPG3444_002703-T1, DBVPG3444_006101-T1, DBVPG3775_006496-T1
GF00002633	DBVPG3444_002704-T1, DBVPG3444_006099-T1, DBVPG3775_006497-T1
GF00002634	DBVPG3444_002705-T1, DBVPG3444_006098-T1, DBVPG3775_006498-T1
GF00002635	DBVPG3444_002710-T1, DBVPG3444_006093-T1, DBVPG3775_006504-T1
GF00002636	DBVPG3444_002711-T1, DBVPG3444_006092-T1, DBVPG3775_006505-T1
GF00002637	DBVPG3444_002713-T1, DBVPG3444_013333-T1, DBVPG3775_005356-T1
GF00002638	DBVPG3444_002714-T1, DBVPG3444_013334-T1, DBVPG3775_005357-T1
GF00002639	DBVPG3444_012688-T1, DBVPG3444_011960-T1, DBVPG3775_002556-T1
GF00002640	DBVPG3444_002717-T1, DBVPG3444_013337-T1, DBVPG3775_005360-T1
GF00002641	DBVPG3444_002718-T1, DBVPG3444_013338-T1, DBVPG3775_005361-T1
GF00002642	DBVPG3444_002720-T1, DBVPG3444_013340-T1, DBVPG3775_005363-T1
GF00002643	DBVPG3444_002721-T1, DBVPG3444_013341-T1, DBVPG3775_005364-T1
GF00002644	DBVPG3444_002722-T1, DBVPG3444_011808-T1, DBVPG3775_005365-T1
GF00002645	DBVPG3444_002723-T1, DBVPG3444_011809-T1, DBVPG3775_005366-T1
GF00002646	DBVPG3444_002724-T1, DBVPG3444_003967-T1, DBVPG3775_002892-T1
GF00002647	DBVPG3444_013586-T1, DBVPG3444_002743-T1, DBVPG3775_004699-T1
GF00002648	DBVPG3444_002725-T1, DBVPG3444_011810-T1, DBVPG3775_005367-T1
GF00002649	DBVPG3444_002726-T1, DBVPG3444_011811-T1, DBVPG3775_005368-T1
GF00002650	DBVPG3444_002727-T1, DBVPG3444_011812-T1, DBVPG3775_005369-T1
GF00002651	DBVPG3444_002729-T1, DBVPG3444_011814-T1, DBVPG3775_005371-T1
GF00002652	DBVPG3444_002731-T1, DBVPG3444_011816-T1, DBVPG3775_005373-T1
GF00002653	DBVPG3444_002733-T1, DBVPG3444_011818-T1, DBVPG3775_005375-T1
GF00002654	DBVPG3444_002734-T1, DBVPG3444_014331-T1, DBVPG3775_004708-T1
GF00002655	DBVPG3444_002735-T1, DBVPG3444_014330-T1, DBVPG3775_004707-T1
GF00002656	DBVPG3444_002736-T1, DBVPG3444_014329-T1, DBVPG3775_004706-T1
GF00002657	DBVPG3444_002737-T1, DBVPG3444_014328-T1, DBVPG3775_004705-T1
GF00002658	DBVPG3444_002738-T1, DBVPG3444_014327-T1, DBVPG3775_004704-T1
GF00002659	DBVPG3444_002739-T1, DBVPG3444_014326-T1, DBVPG3775_004703-T1
GF00002660	DBVPG3444_002741-T1, DBVPG3444_013588-T1, DBVPG3775_004701-T1
GF00002661	DBVPG3444_002742-T1, DBVPG3444_013587-T1, DBVPG3775_004700-T1
GF00002662	DBVPG3444_002744-T1, DBVPG3444_013585-T1, DBVPG3775_004698-T1
GF00002663	DBVPG3444_002745-T1, DBVPG3444_013584-T1, DBVPG3775_004697-T1
GF00002664	DBVPG3444_002746-T1, DBVPG3444_013583-T1, DBVPG3775_004696-T1
GF00002665	DBVPG3444_002747-T1, DBVPG3444_013582-T1, DBVPG3775_004695-T1
GF00002666	DBVPG3444_006738-T1, DBVPG3444_005873-T1, DBVPG3775_006401-T1
GF00002667	DBVPG3444_002749-T1, DBVPG3444_013580-T1, DBVPG3775_004693-T1
GF00002668	DBVPG3444_002750-T1, DBVPG3444_013846-T1, DBVPG3775_004692-T1
GF00002669	DBVPG3444_002751-T1, DBVPG3444_013847-T1, DBVPG3775_004691-T1
GF00002670	DBVPG3444_002752-T1, DBVPG3444_013848-T1, DBVPG3775_004690-T1
GF00002671	DBVPG3444_002754-T1, DBVPG3444_013850-T1, DBVPG3775_004688-T1
GF00002672	DBVPG3444_002755-T1, DBVPG3444_013851-T1, DBVPG3775_004687-T1
GF00002673	DBVPG3444_002758-T1, DBVPG3444_013854-T1, DBVPG3775_004684-T1
GF00002674	DBVPG3444_007764-T1, DBVPG3444_010818-T1, DBVPG3775_000314-T1
GF00002675	DBVPG3444_002762-T1, DBVPG3444_014561-T1, DBVPG3775_004681-T1
GF00002676	DBVPG3444_002763-T1, DBVPG3444_014562-T1, DBVPG3775_004680-T1
GF00002677	DBVPG3444_002764-T1, DBVPG3444_014563-T1, DBVPG3775_004679-T1
GF00002678	DBVPG3444_002766-T1, DBVPG3444_010301-T1, DBVPG3775_004677-T1
GF00002679	DBVPG3444_002767-T1, DBVPG3444_010300-T1, DBVPG3775_004676-T1
GF00002680	DBVPG3444_002768-T1, DBVPG3444_010299-T1, DBVPG3775_004675-T1
GF00002681	DBVPG3444_002771-T1, DBVPG3444_010295-T1, DBVPG3775_004671-T1
GF00002682	DBVPG3444_002772-T1, DBVPG3444_010294-T1, DBVPG3775_004670-T1
GF00002683	DBVPG3444_002774-T1, DBVPG3444_005739-T1, DBVPG3775_002227-T1
GF00002684	DBVPG3444_002775-T1, DBVPG3444_009442-T1, DBVPG3775_002228-T1
GF00002685	DBVPG3444_002779-T1, DBVPG3444_009440-T1, DBVPG3775_002230-T1
GF00002686	DBVPG3444_008360-T1, DBVPG3444_013619-T1, DBVPG3775_005648-T1
GF00002687	DBVPG3444_002780-T1, DBVPG3444_009439-T1, DBVPG3775_002231-T1
GF00002688	DBVPG3444_002781-T1, DBVPG3444_009438-T1, DBVPG3775_002232-T1
GF00002689	DBVPG3444_002782-T1, DBVPG3444_009437-T1, DBVPG3775_002233-T1
GF00002690	DBVPG3444_002783-T1, DBVPG3444_009436-T1, DBVPG3775_002234-T1
GF00002691	DBVPG3444_002784-T1, DBVPG3444_009435-T1, DBVPG3775_002235-T1
GF00002692	DBVPG3444_002786-T1, DBVPG3444_009433-T1, DBVPG3775_002237-T1
GF00002693	DBVPG3444_002789-T1, DBVPG3444_009430-T1, DBVPG3775_002241-T1
GF00002694	DBVPG3444_002791-T1, DBVPG3444_009428-T1, DBVPG3775_002243-T1
GF00002695	DBVPG3444_002792-T1, DBVPG3444_009427-T1, DBVPG3775_002244-T1
GF00002696	DBVPG3444_002793-T1, DBVPG3444_009426-T1, DBVPG3775_002245-T1
GF00002697	DBVPG3444_002794-T1, DBVPG3444_009425-T1, DBVPG3775_002246-T1
GF00002698	DBVPG3444_002795-T1, DBVPG3444_009424-T1, DBVPG3775_002247-T1
GF00002699	DBVPG3444_002796-T1, DBVPG3444_009423-T1, DBVPG3775_002248-T1
GF00002700	DBVPG3444_002797-T1, DBVPG3444_009422-T1, DBVPG3775_002249-T1
GF00002701	DBVPG3444_002798-T1, DBVPG3444_009421-T1, DBVPG3775_002250-T1
GF00002702	DBVPG3444_002799-T1, DBVPG3444_009420-T1, DBVPG3775_002251-T1
GF00002703	DBVPG3444_002800-T1, DBVPG3444_009419-T1, DBVPG3775_002252-T1
GF00002704	DBVPG3444_002801-T1, DBVPG3444_009418-T1, DBVPG3775_002253-T1
GF00002705	DBVPG3444_002802-T1, DBVPG3444_009417-T1, DBVPG3775_002254-T1
GF00002706	DBVPG3444_002803-T1, DBVPG3444_009416-T1, DBVPG3775_002255-T1
GF00002707	DBVPG3444_002807-T1, DBVPG3444_009413-T1, DBVPG3775_002258-T1
GF00002708	DBVPG3444_002809-T1, DBVPG3444_009411-T1, DBVPG3775_002261-T1
GF00002709	DBVPG3444_002810-T1, DBVPG3444_009410-T1, DBVPG3775_002262-T1
GF00002710	DBVPG3444_002812-T1, DBVPG3444_009407-T1, DBVPG3775_002264-T1
GF00002711	DBVPG3444_002815-T1, DBVPG3444_012311-T1, DBVPG3775_002267-T1
GF00002712	DBVPG3444_002816-T1, DBVPG3444_012310-T1, DBVPG3775_002268-T1
GF00002713	DBVPG3444_002817-T1, DBVPG3444_012309-T1, DBVPG3775_002269-T1
GF00002714	DBVPG3444_012306-T1, DBVPG3444_004939-T1, DBVPG3775_002272-T1
GF00002715	DBVPG3444_002857-T1, DBVPG3444_012880-T1, DBVPG3775_002823-T1
GF00002716	DBVPG3444_002859-T1, DBVPG3444_012879-T1, DBVPG3775_002825-T1
GF00002717	DBVPG3444_002861-T1, DBVPG3444_012878-T1, DBVPG3775_002827-T1
GF00002718	DBVPG3444_002862-T1, DBVPG3444_012877-T1, DBVPG3775_002828-T1
GF00002719	DBVPG3444_002863-T1, DBVPG3444_012876-T1, DBVPG3775_002829-T1
GF00002720	DBVPG3444_002864-T1, DBVPG3444_012875-T1, DBVPG3775_002830-T1
GF00002721	DBVPG3444_002865-T1, DBVPG3444_012874-T1, DBVPG3775_002831-T1
GF00002722	DBVPG3444_002895-T1, DBVPG3444_014811-T1, DBVPG3775_007552-T1
GF00002723	DBVPG3444_002896-T1, DBVPG3444_014936-T1, DBVPG3775_007553-T1
GF00002724	DBVPG3444_002899-T1, DBVPG3444_013717-T1, DBVPG3775_007519-T1
GF00002725	DBVPG3444_002902-T1, DBVPG3444_013719-T1, DBVPG3775_007521-T1
GF00002726	DBVPG3444_002908-T1, DBVPG3444_013076-T1, DBVPG3775_007490-T1
GF00002727	DBVPG3444_002910-T1, DBVPG3444_013074-T1, DBVPG3775_007488-T1
GF00002728	DBVPG3444_002911-T1, DBVPG3444_013073-T1, DBVPG3775_007487-T1
GF00002729	DBVPG3444_002912-T1, DBVPG3444_013072-T1, DBVPG3775_007486-T1
GF00002730	DBVPG3444_002913-T1, DBVPG3444_013071-T1, DBVPG3775_007485-T1
GF00002731	DBVPG3444_002914-T1, DBVPG3444_013070-T1, DBVPG3775_007484-T1
GF00002732	DBVPG3444_002916-T1, DBVPG3444_013068-T1, DBVPG3775_007482-T1
GF00002733	DBVPG3444_002917-T1, DBVPG3444_013066-T1, DBVPG3775_007480-T1
GF00002734	DBVPG3444_002920-T1, DBVPG3444_014645-T1, DBVPG3775_006595-T1
GF00002735	DBVPG3444_002921-T1, DBVPG3444_014646-T1, DBVPG3775_006596-T1
GF00002736	DBVPG3444_002922-T1, DBVPG3444_014647-T1, DBVPG3775_006597-T1
GF00002737	DBVPG3444_002924-T1, DBVPG3444_009105-T1, DBVPG3775_006599-T1
GF00002738	DBVPG3444_002926-T1, DBVPG3444_009103-T1, DBVPG3775_006602-T1
GF00002739	DBVPG3444_002927-T1, DBVPG3444_009102-T1, DBVPG3775_006603-T1
GF00002740	DBVPG3444_004530-T1, DBVPG3444_007147-T1, DBVPG3775_006106-T1
GF00002741	DBVPG3444_002930-T1, DBVPG3444_012941-T1, DBVPG3775_006606-T1
GF00002742	DBVPG3444_002931-T1, DBVPG3444_012940-T1, DBVPG3775_006607-T1
GF00002743	DBVPG3444_002932-T1, DBVPG3444_012939-T1, DBVPG3775_006608-T1
GF00002744	DBVPG3444_002933-T1, DBVPG3444_012938-T1, DBVPG3775_006609-T1
GF00002745	DBVPG3444_002936-T1, DBVPG3444_012934-T1, DBVPG3775_006612-T1
GF00002746	DBVPG3444_002937-T1, DBVPG3444_012933-T1, DBVPG3775_006613-T1
GF00002747	DBVPG3444_002938-T1, DBVPG3444_012932-T1, DBVPG3775_006614-T1
GF00002748	DBVPG3444_002939-T1, DBVPG3444_012931-T1, DBVPG3775_006615-T1
GF00002749	DBVPG3444_002940-T1, DBVPG3444_012930-T1, DBVPG3775_006616-T1
GF00002750	DBVPG3444_002944-T1, DBVPG3444_009200-T1, DBVPG3775_006620-T1
GF00002751	DBVPG3444_002945-T1, DBVPG3444_009199-T1, DBVPG3775_006621-T1
GF00002752	DBVPG3444_002946-T1, DBVPG3444_009198-T1, DBVPG3775_006622-T1
GF00002753	DBVPG3444_002951-T1, DBVPG3444_009194-T1, DBVPG3775_006627-T1
GF00002754	DBVPG3444_002952-T1, DBVPG3444_009193-T1, DBVPG3775_006628-T1
GF00002755	DBVPG3444_002953-T1, DBVPG3444_009192-T1, DBVPG3775_006629-T1
GF00002756	DBVPG3444_002954-T1, DBVPG3444_009191-T1, DBVPG3775_006630-T1
GF00002757	DBVPG3444_002955-T1, DBVPG3444_009190-T1, DBVPG3775_006631-T1
GF00002758	DBVPG3444_002956-T1, DBVPG3444_009189-T1, DBVPG3775_006632-T1
GF00002759	DBVPG3444_002957-T1, DBVPG3444_009188-T1, DBVPG3775_006633-T1
GF00002760	DBVPG3444_002958-T1, DBVPG3444_009187-T1, DBVPG3775_006634-T1
GF00002761	DBVPG3444_002960-T1, DBVPG3444_009186-T1, DBVPG3775_006635-T1
GF00002762	DBVPG3444_002961-T1, DBVPG3444_009185-T1, DBVPG3775_006636-T1
GF00002763	DBVPG3444_002962-T1, DBVPG3444_009184-T1, DBVPG3775_006637-T1
GF00002764	DBVPG3444_002963-T1, DBVPG3444_009183-T1, DBVPG3775_006638-T1
GF00002765	DBVPG3444_002964-T1, DBVPG3444_009182-T1, DBVPG3775_006639-T1
GF00002766	DBVPG3444_002965-T1, DBVPG3444_009181-T1, DBVPG3775_006640-T1
GF00002767	DBVPG3444_002966-T1, DBVPG3444_009180-T1, DBVPG3775_006641-T1
GF00002768	DBVPG3444_002970-T1, DBVPG3444_010709-T1, DBVPG3775_000226-T1
GF00002769	DBVPG3444_002971-T1, DBVPG3444_010708-T1, DBVPG3775_000225-T1
GF00002770	DBVPG3444_002972-T1, DBVPG3444_010707-T1, DBVPG3775_000224-T1
GF00002771	DBVPG3444_002973-T1, DBVPG3444_010706-T1, DBVPG3775_000223-T1
GF00002772	DBVPG3444_002974-T1, DBVPG3444_010705-T1, DBVPG3775_000222-T1
GF00002773	DBVPG3444_002975-T1, DBVPG3444_010704-T1, DBVPG3775_000221-T1
GF00002774	DBVPG3444_002978-T1, DBVPG3444_010701-T1, DBVPG3775_000218-T1
GF00002775	DBVPG3444_002979-T1, DBVPG3444_010700-T1, DBVPG3775_000217-T1
GF00002776	DBVPG3444_002982-T1, DBVPG3444_010697-T1, DBVPG3775_000214-T1
GF00002777	DBVPG3444_002984-T1, DBVPG3444_010695-T1, DBVPG3775_000213-T1
GF00002778	DBVPG3444_002985-T1, DBVPG3444_010694-T1, DBVPG3775_000212-T1
GF00002779	DBVPG3444_002986-T1, DBVPG3444_010693-T1, DBVPG3775_000211-T1
GF00002780	DBVPG3444_002987-T1, DBVPG3444_010692-T1, DBVPG3775_000210-T1
GF00002781	DBVPG3444_002988-T1, DBVPG3444_010691-T1, DBVPG3775_000209-T1
GF00002782	DBVPG3444_003055-T1, DBVPG3444_006897-T1, DBVPG3775_006859-T1
GF00002783	DBVPG3444_003056-T1, DBVPG3444_006896-T1, DBVPG3775_006860-T1
GF00002784	DBVPG3444_003057-T1, DBVPG3444_006895-T1, DBVPG3775_006861-T1
GF00002785	DBVPG3444_003060-T1, DBVPG3444_006888-T1, DBVPG3775_006867-T1
GF00002786	DBVPG3444_003061-T1, DBVPG3444_006887-T1, DBVPG3775_006868-T1
GF00002787	DBVPG3444_003062-T1, DBVPG3444_006885-T1, DBVPG3775_006870-T1
GF00002788	DBVPG3444_003063-T1, DBVPG3444_006884-T1, DBVPG3775_006871-T1
GF00002789	DBVPG3444_003065-T1, DBVPG3444_006882-T1, DBVPG3775_006873-T1
GF00002790	DBVPG3444_003067-T1, DBVPG3444_006880-T1, DBVPG3775_006875-T1
GF00002791	DBVPG3444_003074-T1, DBVPG3444_014044-T1, DBVPG3775_006882-T1
GF00002792	DBVPG3444_003076-T1, DBVPG3444_005419-T1, DBVPG3775_006884-T1
GF00002793	DBVPG3444_003082-T1, DBVPG3444_005421-T1, DBVPG3775_006891-T1
GF00002794	DBVPG3444_003084-T1, DBVPG3444_005423-T1, DBVPG3775_006893-T1
GF00002795	DBVPG3444_003085-T1, DBVPG3444_005424-T1, DBVPG3775_006894-T1
GF00002796	DBVPG3444_003086-T1, DBVPG3444_005425-T1, DBVPG3775_006895-T1
GF00002797	DBVPG3444_003090-T1, DBVPG3444_005428-T1, DBVPG3775_006899-T1
GF00002798	DBVPG3444_003091-T1, DBVPG3444_005429-T1, DBVPG3775_006900-T1
GF00002799	DBVPG3444_003093-T1, DBVPG3444_005430-T1, DBVPG3775_006816-T1
GF00002800	DBVPG3444_003094-T1, DBVPG3444_005431-T1, DBVPG3775_006817-T1
GF00002801	DBVPG3444_003096-T1, DBVPG3444_005433-T1, DBVPG3775_006819-T1
GF00002802	DBVPG3444_003097-T1, DBVPG3444_005434-T1, DBVPG3775_006820-T1
GF00002803	DBVPG3444_003098-T1, DBVPG3444_005435-T1, DBVPG3775_006821-T1
GF00002804	DBVPG3444_004620-T1, DBVPG3444_008411-T1, DBVPG3775_005703-T1
GF00002805	DBVPG3444_003100-T1, DBVPG3444_005437-T1, DBVPG3775_006823-T1
GF00002806	DBVPG3444_003101-T1, DBVPG3444_005438-T1, DBVPG3775_006824-T1
GF00002807	DBVPG3444_003108-T1, DBVPG3444_005440-T1, DBVPG3775_006831-T1
GF00002808	DBVPG3444_003109-T1, DBVPG3444_005441-T1, DBVPG3775_006832-T1
GF00002809	DBVPG3444_003111-T1, DBVPG3444_005442-T1, DBVPG3775_006834-T1
GF00002810	DBVPG3444_003112-T1, DBVPG3444_005443-T1, DBVPG3775_006835-T1
GF00002811	DBVPG3444_003115-T1, DBVPG3444_005445-T1, DBVPG3775_006838-T1
GF00002812	DBVPG3444_003116-T1, DBVPG3444_005446-T1, DBVPG3775_006839-T1
GF00002813	DBVPG3444_003117-T1, DBVPG3444_005448-T1, DBVPG3775_006840-T1
GF00002814	DBVPG3444_003123-T1, DBVPG3444_005453-T1, DBVPG3775_006845-T1
GF00002815	DBVPG3444_003124-T1, DBVPG3444_005454-T1, DBVPG3775_006846-T1
GF00002816	DBVPG3444_003125-T1, DBVPG3444_005455-T1, DBVPG3775_006847-T1
GF00002817	DBVPG3444_003126-T1, DBVPG3444_005456-T1, DBVPG3775_006849-T1
GF00002818	DBVPG3444_003128-T1, DBVPG3444_005458-T1, DBVPG3775_006851-T1
GF00002819	DBVPG3444_003133-T1, DBVPG3444_006194-T1, DBVPG3775_005309-T1
GF00002820	DBVPG3444_003134-T1, DBVPG3444_006193-T1, DBVPG3775_005308-T1
GF00002821	DBVPG3444_003137-T1, DBVPG3444_006190-T1, DBVPG3775_005305-T1
GF00002822	DBVPG3444_003138-T1, DBVPG3444_006189-T1, DBVPG3775_005304-T1
GF00002823	DBVPG3444_003140-T1, DBVPG3444_006186-T1, DBVPG3775_005302-T1
GF00002824	DBVPG3444_003141-T1, DBVPG3444_006185-T1, DBVPG3775_005301-T1
GF00002825	DBVPG3444_003143-T1, DBVPG3444_006184-T1, DBVPG3775_005299-T1
GF00002826	DBVPG3444_003144-T1, DBVPG3444_006183-T1, DBVPG3775_005298-T1
GF00002827	DBVPG3444_003145-T1, DBVPG3444_006182-T1, DBVPG3775_005297-T1
GF00002828	DBVPG3444_003150-T1, DBVPG3444_006179-T1, DBVPG3775_005292-T1
GF00002829	DBVPG3444_003151-T1, DBVPG3444_006178-T1, DBVPG3775_005291-T1
GF00002830	DBVPG3444_003152-T1, DBVPG3444_006177-T1, DBVPG3775_005290-T1
GF00002831	DBVPG3444_003154-T1, DBVPG3444_006175-T1, DBVPG3775_005288-T1
GF00002832	DBVPG3444_003155-T1, DBVPG3444_006174-T1, DBVPG3775_005287-T1
GF00002833	DBVPG3444_003156-T1, DBVPG3444_006173-T1, DBVPG3775_005286-T1
GF00002834	DBVPG3444_003157-T1, DBVPG3444_006172-T1, DBVPG3775_005285-T1
GF00002835	DBVPG3444_003158-T1, DBVPG3444_006171-T1, DBVPG3775_005284-T1
GF00002836	DBVPG3444_003159-T1, DBVPG3444_006170-T1, DBVPG3775_005283-T1
GF00002837	DBVPG3444_003160-T1, DBVPG3444_006169-T1, DBVPG3775_005282-T1
GF00002838	DBVPG3444_003161-T1, DBVPG3444_006168-T1, DBVPG3775_005281-T1
GF00002839	DBVPG3444_003162-T1, DBVPG3444_006167-T1, DBVPG3775_005280-T1
GF00002840	DBVPG3444_003163-T1, DBVPG3444_006154-T1, DBVPG3775_005279-T1
GF00002841	DBVPG3444_003166-T1, DBVPG3444_006157-T1, DBVPG3775_005277-T1
GF00002842	DBVPG3444_003167-T1, DBVPG3444_006158-T1, DBVPG3775_005276-T1
GF00002843	DBVPG3444_003168-T1, DBVPG3444_006159-T1, DBVPG3775_005275-T1
GF00002844	DBVPG3444_003171-T1, DBVPG3444_006160-T1, DBVPG3775_005272-T1
GF00002845	DBVPG3444_003173-T1, DBVPG3444_006162-T1, DBVPG3775_005270-T1
GF00002846	DBVPG3444_003174-T1, DBVPG3444_006163-T1, DBVPG3775_005269-T1
GF00002847	DBVPG3444_003175-T1, DBVPG3444_006164-T1, DBVPG3775_005268-T1
GF00002848	DBVPG3444_003176-T1, DBVPG3444_006165-T1, DBVPG3775_005267-T1
GF00002849	DBVPG3444_003178-T1, DBVPG3444_006153-T1, DBVPG3775_005265-T1
GF00002850	DBVPG3444_003179-T1, DBVPG3444_006152-T1, DBVPG3775_005264-T1
GF00002851	DBVPG3444_003180-T1, DBVPG3444_006151-T1, DBVPG3775_005263-T1
GF00002852	DBVPG3444_003181-T1, DBVPG3444_006150-T1, DBVPG3775_005262-T1
GF00002853	DBVPG3444_003183-T1, DBVPG3444_006147-T1, DBVPG3775_005260-T1
GF00002854	DBVPG3444_003184-T1, DBVPG3444_006146-T1, DBVPG3775_005259-T1
GF00002855	DBVPG3444_003186-T1, DBVPG3444_010331-T1, DBVPG3775_005257-T1
GF00002856	DBVPG3444_003187-T1, DBVPG3444_010330-T1, DBVPG3775_005452-T1
GF00002857	DBVPG3444_003188-T1, DBVPG3444_010329-T1, DBVPG3775_005453-T1
GF00002858	DBVPG3444_003191-T1, DBVPG3444_003412-T1, DBVPG3444_003413-T1
GF00002859	DBVPG3444_003202-T1, DBVPG3444_005718-T1, DBVPG3775_001868-T1
GF00002860	DBVPG3444_003203-T1, DBVPG3444_005717-T1, DBVPG3775_001867-T1
GF00002861	DBVPG3444_003205-T1, DBVPG3444_005716-T1, DBVPG3775_001865-T1
GF00002862	DBVPG3444_003206-T1, DBVPG3444_005715-T1, DBVPG3775_001864-T1
GF00002863	DBVPG3444_003207-T1, DBVPG3444_005714-T1, DBVPG3775_001863-T1
GF00002864	DBVPG3444_003208-T1, DBVPG3444_005713-T1, DBVPG3775_001862-T1
GF00002865	DBVPG3444_003209-T1, DBVPG3444_005712-T1, DBVPG3775_001861-T1
GF00002866	DBVPG3444_003210-T1, DBVPG3444_005711-T1, DBVPG3775_001859-T1
GF00002867	DBVPG3444_003211-T1, DBVPG3444_005710-T1, DBVPG3775_001858-T1
GF00002868	DBVPG3444_003212-T1, DBVPG3444_005709-T1, DBVPG3775_001857-T1
GF00002869	DBVPG3444_003213-T1, DBVPG3444_005708-T1, DBVPG3775_001856-T1
GF00002870	DBVPG3444_003219-T1, DBVPG3444_005704-T1, DBVPG3775_001850-T1
GF00002871	DBVPG3444_003220-T1, DBVPG3444_005703-T1, DBVPG3775_001849-T1
GF00002872	DBVPG3444_003221-T1, DBVPG3444_005702-T1, DBVPG3775_001848-T1
GF00002873	DBVPG3444_003225-T1, DBVPG3444_005693-T1, DBVPG3775_001844-T1
GF00002874	DBVPG3444_008007-T1, DBVPG3775_000968-T1, DBVPG3775_000969-T1
GF00002875	DBVPG3444_003227-T1, DBVPG3444_005695-T1, DBVPG3775_001842-T1
GF00002876	DBVPG3444_003229-T1, DBVPG3444_005696-T1, DBVPG3775_001840-T1
GF00002877	DBVPG3444_003231-T1, DBVPG3444_005699-T1, DBVPG3775_001838-T1
GF00002878	DBVPG3444_003236-T1, DBVPG3444_005688-T1, DBVPG3775_001833-T1
GF00002879	DBVPG3444_003239-T1, DBVPG3444_005685-T1, DBVPG3775_001829-T1
GF00002880	DBVPG3444_003244-T1, DBVPG3444_013403-T1, DBVPG3775_001824-T1
GF00002881	DBVPG3444_003245-T1, DBVPG3444_013404-T1, DBVPG3775_001823-T1
GF00002882	DBVPG3444_003247-T1, DBVPG3444_013406-T1, DBVPG3775_001821-T1
GF00002883	DBVPG3444_003248-T1, DBVPG3444_013407-T1, DBVPG3775_001820-T1
GF00002884	DBVPG3444_003249-T1, DBVPG3444_013408-T1, DBVPG3775_001819-T1
GF00002885	DBVPG3444_003253-T1, DBVPG3444_013412-T1, DBVPG3775_001815-T1
GF00002886	DBVPG3444_003256-T1, DBVPG3444_013415-T1, DBVPG3775_001812-T1
GF00002887	DBVPG3444_003257-T1, DBVPG3444_006934-T1, DBVPG3775_001811-T1
GF00002888	DBVPG3444_003259-T1, DBVPG3444_006936-T1, DBVPG3775_001809-T1
GF00002889	DBVPG3444_003260-T1, DBVPG3444_006937-T1, DBVPG3775_001808-T1
GF00002890	DBVPG3444_003261-T1, DBVPG3444_006938-T1, DBVPG3775_001807-T1
GF00002891	DBVPG3444_003264-T1, DBVPG3444_006940-T1, DBVPG3775_001805-T1
GF00002892	DBVPG3444_003266-T1, DBVPG3444_006942-T1, DBVPG3775_001803-T1
GF00002893	DBVPG3444_003267-T1, DBVPG3444_006943-T1, DBVPG3775_001802-T1
GF00002894	DBVPG3444_003268-T1, DBVPG3444_006944-T1, DBVPG3775_001801-T1
GF00002895	DBVPG3444_009175-T1, DBVPG3444_014304-T1, DBVPG3775_003970-T1
GF00002896	DBVPG3444_003269-T1, DBVPG3444_006945-T1, DBVPG3775_001800-T1
GF00002897	DBVPG3444_010541-T1, DBVPG3444_003790-T1, DBVPG3775_001700-T1
GF00002898	DBVPG3444_003419-T1, DBVPG3444_011832-T1, DBVPG3775_006952-T1
GF00002899	DBVPG3444_003420-T1, DBVPG3444_011833-T1, DBVPG3775_006951-T1
GF00002900	DBVPG3444_003421-T1, DBVPG3444_011834-T1, DBVPG3775_006950-T1
GF00002901	DBVPG3444_003422-T1, DBVPG3444_011835-T1, DBVPG3775_006949-T1
GF00002902	DBVPG3444_003425-T1, DBVPG3444_011838-T1, DBVPG3775_006946-T1
GF00002903	DBVPG3444_003426-T1, DBVPG3444_011839-T1, DBVPG3775_006945-T1
GF00002904	DBVPG3444_003431-T1, DBVPG3444_006062-T1, DBVPG3775_003296-T1
GF00002905	DBVPG3444_003432-T1, DBVPG3444_006063-T1, DBVPG3775_003295-T1
GF00002906	DBVPG3444_003433-T1, DBVPG3444_006064-T1, DBVPG3775_003294-T1
GF00002907	DBVPG3444_003434-T1, DBVPG3444_006065-T1, DBVPG3775_003293-T1
GF00002908	DBVPG3444_003435-T1, DBVPG3444_006066-T1, DBVPG3775_003292-T1
GF00002909	DBVPG3444_003436-T1, DBVPG3444_006067-T1, DBVPG3775_003291-T1
GF00002910	DBVPG3444_003437-T1, DBVPG3444_006068-T1, DBVPG3775_003290-T1
GF00002911	DBVPG3444_003439-T1, DBVPG3444_006070-T1, DBVPG3775_003288-T1
GF00002912	DBVPG3444_003440-T1, DBVPG3444_006071-T1, DBVPG3775_003287-T1
GF00002913	DBVPG3444_003443-T1, DBVPG3444_006072-T1, DBVPG3775_003284-T1
GF00002914	DBVPG3444_003444-T1, DBVPG3444_006073-T1, DBVPG3775_003283-T1
GF00002915	DBVPG3444_003446-T1, DBVPG3444_006075-T1, DBVPG3775_003281-T1
GF00002916	DBVPG3444_003448-T1, DBVPG3444_006077-T1, DBVPG3775_003279-T1
GF00002917	DBVPG3444_003456-T1, DBVPG3444_006078-T1, DBVPG3775_003271-T1
GF00002918	DBVPG3444_003457-T1, DBVPG3444_006080-T1, DBVPG3775_003270-T1
GF00002919	DBVPG3444_004380-T1, DBVPG3444_008842-T1, DBVPG3775_005897-T1
GF00002920	DBVPG3444_003462-T1, DBVPG3444_006083-T1, DBVPG3775_003266-T1
GF00002921	DBVPG3444_003463-T1, DBVPG3444_006084-T1, DBVPG3775_003265-T1
GF00002922	DBVPG3444_003464-T1, DBVPG3444_006085-T1, DBVPG3775_003264-T1
GF00002923	DBVPG3444_003471-T1, DBVPG3444_010865-T1, DBVPG3775_003256-T1
GF00002924	DBVPG3444_003473-T1, DBVPG3444_010863-T1, DBVPG3775_003254-T1
GF00002925	DBVPG3444_003474-T1, DBVPG3444_010862-T1, DBVPG3775_003253-T1
GF00002926	DBVPG3444_003477-T1, DBVPG3444_010859-T1, DBVPG3775_003250-T1
GF00002927	DBVPG3444_003483-T1, DBVPG3444_010852-T1, DBVPG3775_003243-T1
GF00002928	DBVPG3444_003485-T1, DBVPG3444_010850-T1, DBVPG3775_003241-T1
GF00002929	DBVPG3444_003486-T1, DBVPG3444_010849-T1, DBVPG3775_003240-T1
GF00002930	DBVPG3444_003487-T1, DBVPG3444_010848-T1, DBVPG3775_003239-T1
GF00002931	DBVPG3444_003488-T1, DBVPG3444_010847-T1, DBVPG3775_003238-T1
GF00002932	DBVPG3444_003490-T1, DBVPG3444_003891-T1, DBVPG3775_007357-T1
GF00002933	DBVPG3444_003491-T1, DBVPG3444_003892-T1, DBVPG3775_007356-T1
GF00002934	DBVPG3444_003492-T1, DBVPG3444_003893-T1, DBVPG3775_007355-T1
GF00002935	DBVPG3444_003496-T1, DBVPG3444_003897-T1, DBVPG3775_003385-T1
GF00002936	DBVPG3444_003497-T1, DBVPG3444_003898-T1, DBVPG3775_003384-T1
GF00002937	DBVPG3444_003499-T1, DBVPG3444_003900-T1, DBVPG3775_003382-T1
GF00002938	DBVPG3444_003500-T1, DBVPG3444_003901-T1, DBVPG3775_003381-T1
GF00002939	DBVPG3444_003501-T1, DBVPG3444_003902-T1, DBVPG3775_003380-T1
GF00002940	DBVPG3444_003510-T1, DBVPG3444_003906-T1, DBVPG3775_003376-T1
GF00002941	DBVPG3444_003512-T1, DBVPG3444_003908-T1, DBVPG3775_003374-T1
GF00002942	DBVPG3444_003516-T1, DBVPG3444_003915-T1, DBVPG3775_003369-T1
GF00002943	DBVPG3444_003521-T1, DBVPG3444_003919-T1, DBVPG3775_003364-T1
GF00002944	DBVPG3444_003522-T1, DBVPG3444_003920-T1, DBVPG3775_003363-T1
GF00002945	DBVPG3444_003524-T1, DBVPG3444_003922-T1, DBVPG3775_003361-T1
GF00002946	DBVPG3444_003525-T1, DBVPG3444_003923-T1, DBVPG3775_003360-T1
GF00002947	DBVPG3444_003527-T1, DBVPG3444_003925-T1, DBVPG3775_003359-T1
GF00002948	DBVPG3444_003529-T1, DBVPG3444_003927-T1, DBVPG3775_003357-T1
GF00002949	DBVPG3444_003530-T1, DBVPG3444_003928-T1, DBVPG3775_003356-T1
GF00002950	DBVPG3444_003533-T1, DBVPG3444_003932-T1, DBVPG3775_003352-T1
GF00002951	DBVPG3444_003534-T1, DBVPG3444_003933-T1, DBVPG3775_003351-T1
GF00002952	DBVPG3444_003535-T1, DBVPG3444_003934-T1, DBVPG3775_003350-T1
GF00002953	DBVPG3444_003536-T1, DBVPG3444_003935-T1, DBVPG3775_003349-T1
GF00002954	DBVPG3444_003537-T1, DBVPG3444_003936-T1, DBVPG3775_003348-T1
GF00002955	DBVPG3444_003538-T1, DBVPG3444_003937-T1, DBVPG3775_003347-T1
GF00002956	DBVPG3444_003539-T1, DBVPG3444_003938-T1, DBVPG3775_003346-T1
GF00002957	DBVPG3444_003542-T1, DBVPG3444_003943-T1, DBVPG3775_003342-T1
GF00002958	DBVPG3444_003543-T1, DBVPG3444_003944-T1, DBVPG3775_003341-T1
GF00002959	DBVPG3444_003545-T1, DBVPG3444_003946-T1, DBVPG3775_003339-T1
GF00002960	DBVPG3444_003546-T1, DBVPG3444_003947-T1, DBVPG3775_003338-T1
GF00002961	DBVPG3444_003547-T1, DBVPG3444_003948-T1, DBVPG3775_003337-T1
GF00002962	DBVPG3444_003548-T1, DBVPG3444_003949-T1, DBVPG3775_003336-T1
GF00002963	DBVPG3444_003549-T1, DBVPG3444_003950-T1, DBVPG3775_003335-T1
GF00002964	DBVPG3444_003553-T1, DBVPG3444_010389-T1, DBVPG3775_003332-T1
GF00002965	DBVPG3444_003558-T1, DBVPG3444_006301-T1, DBVPG3775_000986-T1
GF00002966	DBVPG3444_003560-T1, DBVPG3444_006300-T1, DBVPG3775_000987-T1
GF00002967	DBVPG3444_003562-T1, DBVPG3444_006297-T1, DBVPG3775_000989-T1
GF00002968	DBVPG3444_003565-T1, DBVPG3444_008002-T1, DBVPG3775_000974-T1
GF00002969	DBVPG3444_003566-T1, DBVPG3444_008003-T1, DBVPG3775_000973-T1
GF00002970	DBVPG3444_003567-T1, DBVPG3444_008004-T1, DBVPG3775_000972-T1
GF00002971	DBVPG3444_003572-T1, DBVPG3444_008008-T1, DBVPG3775_000967-T1
GF00002972	DBVPG3444_004268-T1, DBVPG3444_010721-T1, DBVPG3775_004795-T1
GF00002973	DBVPG3444_003576-T1, DBVPG3444_008012-T1, DBVPG3775_000963-T1
GF00002974	DBVPG3444_003578-T1, DBVPG3444_008014-T1, DBVPG3775_000961-T1
GF00002975	DBVPG3444_003581-T1, DBVPG3444_008017-T1, DBVPG3775_000958-T1
GF00002976	DBVPG3444_003585-T1, DBVPG3444_008020-T1, DBVPG3775_000955-T1
GF00002977	DBVPG3444_003587-T1, DBVPG3444_008022-T1, DBVPG3775_000952-T1
GF00002978	DBVPG3444_003588-T1, DBVPG3444_008023-T1, DBVPG3775_000951-T1
GF00002979	DBVPG3444_003589-T1, DBVPG3444_008024-T1, DBVPG3775_000950-T1
GF00002980	DBVPG3444_003591-T1, DBVPG3444_008026-T1, DBVPG3775_000948-T1
GF00002981	DBVPG3444_003592-T1, DBVPG3444_008027-T1, DBVPG3775_000947-T1
GF00002982	DBVPG3444_003595-T1, DBVPG3444_013141-T1, DBVPG3775_000945-T1
GF00002983	DBVPG3444_003596-T1, DBVPG3444_013142-T1, DBVPG3775_000944-T1
GF00002984	DBVPG3444_003598-T1, DBVPG3444_013146-T1, DBVPG3775_000940-T1
GF00002985	DBVPG3444_003599-T1, DBVPG3444_013147-T1, DBVPG3775_000939-T1
GF00002986	DBVPG3444_003600-T1, DBVPG3444_013148-T1, DBVPG3775_000938-T1
GF00002987	DBVPG3444_003601-T1, DBVPG3444_013149-T1, DBVPG3775_000937-T1
GF00002988	DBVPG3444_003602-T1, DBVPG3444_013150-T1, DBVPG3775_000936-T1
GF00002989	DBVPG3444_003603-T1, DBVPG3444_013151-T1, DBVPG3775_000935-T1
GF00002990	DBVPG3444_003606-T1, DBVPG3444_011142-T1, DBVPG3775_000910-T1
GF00002991	DBVPG3444_003607-T1, DBVPG3444_011143-T1, DBVPG3775_000911-T1
GF00002992	DBVPG3444_003610-T1, DBVPG3444_011146-T1, DBVPG3775_000914-T1
GF00002993	DBVPG3444_003613-T1, DBVPG3444_011149-T1, DBVPG3775_000916-T1
GF00002994	DBVPG3444_003614-T1, DBVPG3444_011150-T1, DBVPG3775_000917-T1
GF00002995	DBVPG3444_003615-T1, DBVPG3444_011151-T1, DBVPG3775_000918-T1
GF00002996	DBVPG3444_003616-T1, DBVPG3444_011152-T1, DBVPG3775_000919-T1
GF00002997	DBVPG3444_003617-T1, DBVPG3444_011153-T1, DBVPG3775_000920-T1
GF00002998	DBVPG3444_003618-T1, DBVPG3444_011154-T1, DBVPG3775_000921-T1
GF00002999	DBVPG3444_003620-T1, DBVPG3444_010468-T1, DBVPG3775_001496-T1
GF00003000	DBVPG3444_003621-T1, DBVPG3444_010467-T1, DBVPG3775_001497-T1
GF00003001	DBVPG3444_003622-T1, DBVPG3444_010466-T1, DBVPG3775_001498-T1
GF00003002	DBVPG3444_003625-T1, DBVPG3444_010464-T1, DBVPG3775_001500-T1
GF00003003	DBVPG3444_003626-T1, DBVPG3444_010463-T1, DBVPG3775_001501-T1
GF00003004	DBVPG3444_003628-T1, DBVPG3444_010461-T1, DBVPG3775_001503-T1
GF00003005	DBVPG3444_003631-T1, DBVPG3444_010457-T1, DBVPG3775_001506-T1
GF00003006	DBVPG3444_003633-T1, DBVPG3444_010454-T1, DBVPG3775_001508-T1
GF00003007	DBVPG3444_003635-T1, DBVPG3444_010452-T1, DBVPG3775_001510-T1
GF00003008	DBVPG3444_003636-T1, DBVPG3444_010451-T1, DBVPG3775_001511-T1
GF00003009	DBVPG3444_003637-T1, DBVPG3444_010450-T1, DBVPG3775_001512-T1
GF00003010	DBVPG3444_003639-T1, DBVPG3444_010448-T1, DBVPG3775_001514-T1
GF00003011	DBVPG3444_003640-T1, DBVPG3444_010447-T1, DBVPG3775_001515-T1
GF00003012	DBVPG3444_003641-T1, DBVPG3444_010446-T1, DBVPG3775_001516-T1
GF00003013	DBVPG3444_003644-T1, DBVPG3444_013393-T1, DBVPG3775_001519-T1
GF00003014	DBVPG3444_003645-T1, DBVPG3444_013394-T1, DBVPG3775_001521-T1
GF00003015	DBVPG3444_010326-T1, DBVPG3444_004725-T1, DBVPG3775_005458-T1
GF00003016	DBVPG3444_003647-T1, DBVPG3444_013395-T1, DBVPG3775_001522-T1
GF00003017	DBVPG3444_003648-T1, DBVPG3444_013396-T1, DBVPG3775_001523-T1
GF00003018	DBVPG3444_003649-T1, DBVPG3444_013397-T1, DBVPG3775_001524-T1
GF00003019	DBVPG3444_003650-T1, DBVPG3444_013398-T1, DBVPG3775_001526-T1
GF00003020	DBVPG3444_003651-T1, DBVPG3444_013399-T1, DBVPG3775_001527-T1
GF00003021	DBVPG3444_003652-T1, DBVPG3444_013400-T1, DBVPG3775_001528-T1
GF00003022	DBVPG3444_003655-T1, DBVPG3444_014092-T1, DBVPG3775_001531-T1
GF00003023	DBVPG3444_003656-T1, DBVPG3444_014093-T1, DBVPG3775_001532-T1
GF00003024	DBVPG3444_003665-T1, DBVPG3444_014909-T1, DBVPG3775_001542-T1
GF00003025	DBVPG3444_003666-T1, DBVPG3444_014908-T1, DBVPG3775_001543-T1
GF00003026	DBVPG3444_003667-T1, DBVPG3444_008225-T1, DBVPG3775_001544-T1
GF00003027	DBVPG3444_003668-T1, DBVPG3444_008226-T1, DBVPG3775_001545-T1
GF00003028	DBVPG3444_003670-T1, DBVPG3444_008228-T1, DBVPG3775_001547-T1
GF00003029	DBVPG3444_003674-T1, DBVPG3444_008232-T1, DBVPG3775_001551-T1
GF00003030	DBVPG3444_003675-T1, DBVPG3444_008233-T1, DBVPG3775_001552-T1
GF00003031	DBVPG3444_003678-T1, DBVPG3444_008236-T1, DBVPG3775_001555-T1
GF00003032	DBVPG3444_003680-T1, DBVPG3444_008238-T1, DBVPG3775_001557-T1
GF00003033	DBVPG3444_003683-T1, DBVPG3444_008239-T1, DBVPG3775_001559-T1
GF00003034	DBVPG3444_003684-T1, DBVPG3444_008240-T1, DBVPG3775_001560-T1
GF00003035	DBVPG3444_003686-T1, DBVPG3444_008243-T1, DBVPG3775_001562-T1
GF00003036	DBVPG3444_003687-T1, DBVPG3444_008244-T1, DBVPG3775_001563-T1
GF00003037	DBVPG3444_003690-T1, DBVPG3444_008248-T1, DBVPG3775_001567-T1
GF00003038	DBVPG3444_003691-T1, DBVPG3444_008249-T1, DBVPG3775_001568-T1
GF00003039	DBVPG3444_003692-T1, DBVPG3444_008250-T1, DBVPG3775_001569-T1
GF00003040	DBVPG3444_003693-T1, DBVPG3444_008251-T1, DBVPG3775_001570-T1
GF00003041	DBVPG3444_003694-T1, DBVPG3444_008252-T1, DBVPG3775_001571-T1
GF00003042	DBVPG3444_003695-T1, DBVPG3444_008253-T1, DBVPG3775_001573-T1
GF00003043	DBVPG3444_003696-T1, DBVPG3444_008254-T1, DBVPG3775_001574-T1
GF00003044	DBVPG3444_003698-T1, DBVPG3444_009511-T1, DBVPG3775_003543-T1
GF00003045	DBVPG3444_003700-T1, DBVPG3444_013864-T1, DBVPG3775_003545-T1
GF00003046	DBVPG3444_003701-T1, DBVPG3444_013865-T1, DBVPG3775_003546-T1
GF00003047	DBVPG3444_003702-T1, DBVPG3444_013866-T1, DBVPG3775_003547-T1
GF00003048	DBVPG3444_003703-T1, DBVPG3444_013867-T1, DBVPG3775_003548-T1
GF00003049	DBVPG3444_003704-T1, DBVPG3444_013868-T1, DBVPG3775_003549-T1
GF00003050	DBVPG3444_003705-T1, DBVPG3444_013870-T1, DBVPG3775_003550-T1
GF00003051	DBVPG3444_003706-T1, DBVPG3444_013871-T1, DBVPG3775_003551-T1
GF00003052	DBVPG3444_003707-T1, DBVPG3444_013872-T1, DBVPG3775_003552-T1
GF00003053	DBVPG3444_003708-T1, DBVPG3444_013873-T1, DBVPG3775_003553-T1
GF00003054	DBVPG3444_003709-T1, DBVPG3444_013874-T1, DBVPG3775_003554-T1
GF00003055	DBVPG3444_003743-T1, DBVPG3444_014380-T1, DBVPG3775_003589-T1
GF00003056	DBVPG3444_003744-T1, DBVPG3444_014379-T1, DBVPG3775_003590-T1
GF00003057	DBVPG3444_003745-T1, DBVPG3444_014378-T1, DBVPG3775_003591-T1
GF00003058	DBVPG3444_003746-T1, DBVPG3444_014377-T1, DBVPG3775_003592-T1
GF00003059	DBVPG3444_003747-T1, DBVPG3444_014376-T1, DBVPG3775_003593-T1
GF00003060	DBVPG3444_003748-T1, DBVPG3444_014375-T1, DBVPG3775_003594-T1
GF00003061	DBVPG3444_003749-T1, DBVPG3444_014374-T1, DBVPG3775_003595-T1
GF00003062	DBVPG3444_003751-T1, DBVPG3444_012701-T1, DBVPG3775_003597-T1
GF00003063	DBVPG3444_003752-T1, DBVPG3444_012702-T1, DBVPG3775_003598-T1
GF00003064	DBVPG3444_003756-T1, DBVPG3444_010340-T1, DBVPG3775_001732-T1
GF00003065	DBVPG3444_003758-T1, DBVPG3444_010342-T1, DBVPG3775_001730-T1
GF00003066	DBVPG3444_003759-T1, DBVPG3444_010343-T1, DBVPG3775_001729-T1
GF00003067	DBVPG3444_003761-T1, DBVPG3444_010345-T1, DBVPG3775_001727-T1
GF00003068	DBVPG3444_003762-T1, DBVPG3444_010346-T1, DBVPG3775_001726-T1
GF00003069	DBVPG3444_003763-T1, DBVPG3444_010347-T1, DBVPG3775_001725-T1
GF00003070	DBVPG3444_003764-T1, DBVPG3444_010348-T1, DBVPG3775_001724-T1
GF00003071	DBVPG3444_003767-T1, DBVPG3444_010351-T1, DBVPG3775_001721-T1
GF00003072	DBVPG3444_003774-T1, DBVPG3444_010355-T1, DBVPG3775_001713-T1
GF00003073	DBVPG3444_003775-T1, DBVPG3444_010356-T1, DBVPG3775_001712-T1
GF00003074	DBVPG3444_003776-T1, DBVPG3444_010357-T1, DBVPG3775_001711-T1
GF00003075	DBVPG3444_003777-T1, DBVPG3444_010358-T1, DBVPG3775_001710-T1
GF00003076	DBVPG3444_003778-T1, DBVPG3444_010359-T1, DBVPG3775_001709-T1
GF00003077	DBVPG3444_003779-T1, DBVPG3444_010360-T1, DBVPG3775_001708-T1
GF00003078	DBVPG3444_003780-T1, DBVPG3444_010361-T1, DBVPG3775_001707-T1
GF00003079	DBVPG3444_003783-T1, DBVPG3444_010546-T1, DBVPG3775_001705-T1
GF00003080	DBVPG3444_003784-T1, DBVPG3444_010545-T1, DBVPG3775_001704-T1
GF00003081	DBVPG3444_003785-T1, DBVPG3444_010544-T1, DBVPG3775_001703-T1
GF00003082	DBVPG3444_003789-T1, DBVPG3444_010542-T1, DBVPG3775_001701-T1
GF00003083	DBVPG3444_003793-T1, DBVPG3444_010539-T1, DBVPG3775_001697-T1
GF00003084	DBVPG3444_003794-T1, DBVPG3444_010538-T1, DBVPG3775_001696-T1
GF00003085	DBVPG3444_003795-T1, DBVPG3444_010537-T1, DBVPG3775_001695-T1
GF00003086	DBVPG3444_003796-T1, DBVPG3444_010536-T1, DBVPG3775_001694-T1
GF00003087	DBVPG3444_003801-T1, DBVPG3444_010533-T1, DBVPG3775_001689-T1
GF00003088	DBVPG3444_012381-T1, DBVPG3444_003825-T1, DBVPG3775_001666-T1
GF00003089	DBVPG3444_003806-T1, DBVPG3444_010532-T1, DBVPG3775_001684-T1
GF00003090	DBVPG3444_003807-T1, DBVPG3444_010531-T1, DBVPG3775_001683-T1
GF00003091	DBVPG3444_003808-T1, DBVPG3444_010530-T1, DBVPG3775_001682-T1
GF00003092	DBVPG3444_003809-T1, DBVPG3444_010529-T1, DBVPG3775_001681-T1
GF00003093	DBVPG3444_003811-T1, DBVPG3444_014651-T1, DBVPG3775_001679-T1
GF00003094	DBVPG3444_003812-T1, DBVPG3444_014650-T1, DBVPG3775_001678-T1
GF00003095	DBVPG3444_003816-T1, DBVPG3444_012374-T1, DBVPG3775_001674-T1
GF00003096	DBVPG3444_003817-T1, DBVPG3444_012375-T1, DBVPG3775_001673-T1
GF00003097	DBVPG3444_003827-T1, DBVPG3444_013179-T1, DBVPG3775_003533-T1
GF00003098	DBVPG3444_003828-T1, DBVPG3444_013180-T1, DBVPG3775_003532-T1
GF00003099	DBVPG3444_003829-T1, DBVPG3444_013181-T1, DBVPG3775_003531-T1
GF00003100	DBVPG3444_003831-T1, DBVPG3444_013183-T1, DBVPG3775_003529-T1
GF00003101	DBVPG3444_003832-T1, DBVPG3444_013184-T1, DBVPG3775_003528-T1
GF00003102	DBVPG3444_003833-T1, DBVPG3444_013185-T1, DBVPG3775_003527-T1
GF00003103	DBVPG3444_003834-T1, DBVPG3444_013186-T1, DBVPG3775_003526-T1
GF00003104	DBVPG3444_003835-T1, DBVPG3444_013187-T1, DBVPG3775_003525-T1
GF00003105	DBVPG3444_003841-T1, DBVPG3444_011594-T1, DBVPG3775_003519-T1
GF00003106	DBVPG3444_003842-T1, DBVPG3444_011593-T1, DBVPG3775_003518-T1
GF00003107	DBVPG3444_003843-T1, DBVPG3444_011592-T1, DBVPG3775_003517-T1
GF00003108	DBVPG3444_003844-T1, DBVPG3444_011591-T1, DBVPG3775_003516-T1
GF00003109	DBVPG3444_003845-T1, DBVPG3444_011590-T1, DBVPG3775_003515-T1
GF00003110	DBVPG3444_003847-T1, DBVPG3444_011588-T1, DBVPG3775_003513-T1
GF00003111	DBVPG3444_003851-T1, DBVPG3444_012063-T1, DBVPG3775_003444-T1
GF00003112	DBVPG3444_003852-T1, DBVPG3444_012062-T1, DBVPG3775_003445-T1
GF00003113	DBVPG3444_003859-T1, DBVPG3444_011555-T1, DBVPG3775_003467-T1
GF00003114	DBVPG3444_003860-T1, DBVPG3444_011556-T1, DBVPG3775_003468-T1
GF00003115	DBVPG3444_003861-T1, DBVPG3444_011557-T1, DBVPG3775_003469-T1
GF00003116	DBVPG3444_003868-T1, DBVPG3444_011561-T1, DBVPG3775_003473-T1
GF00003117	DBVPG3444_003869-T1, DBVPG3444_011562-T1, DBVPG3775_003474-T1
GF00003118	DBVPG3444_003870-T1, DBVPG3444_011563-T1, DBVPG3775_003475-T1
GF00003119	DBVPG3444_003873-T1, DBVPG3444_011564-T1, DBVPG3775_003476-T1
GF00003120	DBVPG3444_003874-T1, DBVPG3444_011565-T1, DBVPG3775_003477-T1
GF00003121	DBVPG3444_003875-T1, DBVPG3444_011566-T1, DBVPG3775_003478-T1
GF00003122	DBVPG3444_012652-T1, DBVPG3444_003887-T1, DBVPG3775_003490-T1
GF00003123	DBVPG3444_003877-T1, DBVPG3444_011568-T1, DBVPG3775_003480-T1
GF00003124	DBVPG3444_003879-T1, DBVPG3444_011570-T1, DBVPG3775_003482-T1
GF00003125	DBVPG3444_003880-T1, DBVPG3444_011571-T1, DBVPG3775_003483-T1
GF00003126	DBVPG3444_003881-T1, DBVPG3444_011572-T1, DBVPG3775_003484-T1
GF00003127	DBVPG3444_003882-T1, DBVPG3444_011573-T1, DBVPG3775_003485-T1
GF00003128	DBVPG3444_003883-T1, DBVPG3444_012656-T1, DBVPG3775_003486-T1
GF00003129	DBVPG3444_003885-T1, DBVPG3444_012654-T1, DBVPG3775_003488-T1
GF00003130	DBVPG3444_003890-T1, DBVPG3444_010603-T1, DBVPG3775_007358-T1
GF00003131	DBVPG3444_003954-T1, DBVPG3444_013706-T1, DBVPG3775_002879-T1
GF00003132	DBVPG3444_003958-T1, DBVPG3444_013703-T1, DBVPG3775_002883-T1
GF00003133	DBVPG3444_003959-T1, DBVPG3444_013702-T1, DBVPG3775_002884-T1
GF00003134	DBVPG3444_003960-T1, DBVPG3444_013701-T1, DBVPG3775_002885-T1
GF00003135	DBVPG3444_003962-T1, DBVPG3444_008659-T1, DBVPG3775_002887-T1
GF00003136	DBVPG3444_003963-T1, DBVPG3444_008658-T1, DBVPG3775_002888-T1
GF00003137	DBVPG3444_008653-T1, DBVPG3444_003969-T1, DBVPG3775_002894-T1
GF00003138	DBVPG3444_003968-T1, DBVPG3444_008654-T1, DBVPG3775_002893-T1
GF00003139	DBVPG3444_003970-T1, DBVPG3444_008652-T1, DBVPG3775_002895-T1
GF00003140	DBVPG3444_003971-T1, DBVPG3444_008651-T1, DBVPG3775_002896-T1
GF00003141	DBVPG3444_003972-T1, DBVPG3444_008650-T1, DBVPG3775_002897-T1
GF00003142	DBVPG3444_003974-T1, DBVPG3444_008648-T1, DBVPG3775_002899-T1
GF00003143	DBVPG3444_003976-T1, DBVPG3444_008646-T1, DBVPG3775_002902-T1
GF00003144	DBVPG3444_003978-T1, DBVPG3444_008644-T1, DBVPG3775_002905-T1
GF00003145	DBVPG3444_003979-T1, DBVPG3444_008643-T1, DBVPG3775_002906-T1
GF00003146	DBVPG3444_003982-T1, DBVPG3444_008638-T1, DBVPG3775_002909-T1
GF00003147	DBVPG3444_003983-T1, DBVPG3444_008637-T1, DBVPG3775_002910-T1
GF00003148	DBVPG3444_003984-T1, DBVPG3444_008636-T1, DBVPG3775_002911-T1
GF00003149	DBVPG3444_003985-T1, DBVPG3444_008635-T1, DBVPG3775_002912-T1
GF00003150	DBVPG3444_003986-T1, DBVPG3444_008634-T1, DBVPG3775_002913-T1
GF00003151	DBVPG3444_003988-T1, DBVPG3444_008632-T1, DBVPG3775_002915-T1
GF00003152	DBVPG3444_003991-T1, DBVPG3444_012899-T1, DBVPG3775_002918-T1
GF00003153	DBVPG3444_003992-T1, DBVPG3444_012900-T1, DBVPG3775_002919-T1
GF00003154	DBVPG3444_008353-T1, DBVPG3444_012241-T1, DBVPG3775_005655-T1
GF00003155	DBVPG3444_003994-T1, DBVPG3444_012903-T1, DBVPG3775_002921-T1
GF00003156	DBVPG3444_003995-T1, DBVPG3444_012904-T1, DBVPG3775_002922-T1
GF00003157	DBVPG3444_003997-T1, DBVPG3444_010444-T1, DBVPG3775_002924-T1
GF00003158	DBVPG3444_003999-T1, DBVPG3444_010442-T1, DBVPG3775_002926-T1
GF00003159	DBVPG3444_004000-T1, DBVPG3444_010441-T1, DBVPG3775_002927-T1
GF00003160	DBVPG3444_004001-T1, DBVPG3444_010440-T1, DBVPG3775_002928-T1
GF00003161	DBVPG3444_004002-T1, DBVPG3444_010439-T1, DBVPG3775_002929-T1
GF00003162	DBVPG3444_004005-T1, DBVPG3444_010437-T1, DBVPG3775_002931-T1
GF00003163	DBVPG3444_004007-T1, DBVPG3444_010436-T1, DBVPG3775_002933-T1
GF00003164	DBVPG3444_004012-T1, DBVPG3444_010431-T1, DBVPG3775_002938-T1
GF00003165	DBVPG3444_004013-T1, DBVPG3444_010430-T1, DBVPG3775_002939-T1
GF00003166	DBVPG3444_004015-T1, DBVPG3444_010429-T1, DBVPG3775_002940-T1
GF00003167	DBVPG3444_004055-T1, DBVPG3444_012789-T1, DBVPG3775_001950-T1
GF00003168	DBVPG3444_004056-T1, DBVPG3444_012790-T1, DBVPG3775_001951-T1
GF00003169	DBVPG3444_004057-T1, DBVPG3444_012791-T1, DBVPG3775_001952-T1
GF00003170	DBVPG3444_004058-T1, DBVPG3444_012792-T1, DBVPG3775_001953-T1
GF00003171	DBVPG3444_004060-T1, DBVPG3444_012795-T1, DBVPG3775_001956-T1
GF00003172	DBVPG3444_004062-T1, DBVPG3444_012797-T1, DBVPG3775_001958-T1
GF00003173	DBVPG3444_004063-T1, DBVPG3444_012798-T1, DBVPG3775_001959-T1
GF00003174	DBVPG3444_004064-T1, DBVPG3444_012799-T1, DBVPG3775_001960-T1
GF00003175	DBVPG3444_004070-T1, DBVPG3444_012804-T1, DBVPG3775_001965-T1
GF00003176	DBVPG3444_004136-T1, DBVPG3444_007995-T1, DBVPG3775_001060-T1
GF00003177	DBVPG3444_004137-T1, DBVPG3444_007994-T1, DBVPG3775_001061-T1
GF00003178	DBVPG3444_004138-T1, DBVPG3444_007993-T1, DBVPG3775_001062-T1
GF00003179	DBVPG3444_004139-T1, DBVPG3444_007991-T1, DBVPG3775_001064-T1
GF00003180	DBVPG3444_004142-T1, DBVPG3444_007988-T1, DBVPG3775_001067-T1
GF00003181	DBVPG3444_004143-T1, DBVPG3444_007987-T1, DBVPG3775_001068-T1
GF00003182	DBVPG3444_004144-T1, DBVPG3444_007986-T1, DBVPG3775_001069-T1
GF00003183	DBVPG3444_004145-T1, DBVPG3444_007985-T1, DBVPG3775_001070-T1
GF00003184	DBVPG3444_004146-T1, DBVPG3444_007984-T1, DBVPG3775_001071-T1
GF00003185	DBVPG3444_004147-T1, DBVPG3444_007983-T1, DBVPG3775_001072-T1
GF00003186	DBVPG3444_004148-T1, DBVPG3444_007981-T1, DBVPG3775_001074-T1
GF00003187	DBVPG3444_004149-T1, DBVPG3444_007980-T1, DBVPG3775_001075-T1
GF00003188	DBVPG3444_004150-T1, DBVPG3444_007979-T1, DBVPG3775_001076-T1
GF00003189	DBVPG3444_004151-T1, DBVPG3444_007978-T1, DBVPG3775_001077-T1
GF00003190	DBVPG3444_004152-T1, DBVPG3444_007977-T1, DBVPG3775_001078-T1
GF00003191	DBVPG3444_004153-T1, DBVPG3444_007976-T1, DBVPG3775_001079-T1
GF00003192	DBVPG3444_004154-T1, DBVPG3444_007975-T1, DBVPG3775_001080-T1
GF00003193	DBVPG3444_004157-T1, DBVPG3444_014597-T1, DBVPG3775_003535-T1
GF00003194	DBVPG3444_004158-T1, DBVPG3444_014598-T1, DBVPG3775_003536-T1
GF00003195	DBVPG3444_004160-T1, DBVPG3444_014600-T1, DBVPG3775_003538-T1
GF00003196	DBVPG3444_004161-T1, DBVPG3444_011678-T1, DBVPG3775_005874-T1
GF00003197	DBVPG3444_004164-T1, DBVPG3444_011681-T1, DBVPG3775_005871-T1
GF00003198	DBVPG3444_004165-T1, DBVPG3444_011682-T1, DBVPG3775_005870-T1
GF00003199	DBVPG3444_004167-T1, DBVPG3444_011684-T1, DBVPG3775_005868-T1
GF00003200	DBVPG3444_009274-T1, DBVPG3444_007451-T1, DBVPG3775_003223-T1
GF00003201	DBVPG3444_004169-T1, DBVPG3444_011688-T1, DBVPG3775_005865-T1
GF00003202	DBVPG3444_004170-T1, DBVPG3444_011689-T1, DBVPG3775_005864-T1
GF00003203	DBVPG3444_004171-T1, DBVPG3444_011690-T1, DBVPG3775_005863-T1
GF00003204	DBVPG3444_004172-T1, DBVPG3444_011691-T1, DBVPG3775_005862-T1
GF00003205	DBVPG3444_004173-T1, DBVPG3444_011692-T1, DBVPG3775_005861-T1
GF00003206	DBVPG3444_004174-T1, DBVPG3444_011693-T1, DBVPG3775_005860-T1
GF00003207	DBVPG3444_004175-T1, DBVPG3444_011694-T1, DBVPG3775_005859-T1
GF00003208	DBVPG3444_004176-T1, DBVPG3444_011695-T1, DBVPG3775_005858-T1
GF00003209	DBVPG3444_004180-T1, DBVPG3444_011699-T1, DBVPG3775_005854-T1
GF00003210	DBVPG3444_004181-T1, DBVPG3444_011700-T1, DBVPG3775_005853-T1
GF00003211	DBVPG3444_004183-T1, DBVPG3444_014523-T1, DBVPG3775_005851-T1
GF00003212	DBVPG3444_004186-T1, DBVPG3444_014525-T1, DBVPG3775_005849-T1
GF00003213	DBVPG3444_004189-T1, DBVPG3444_011100-T1, DBVPG3775_005846-T1
GF00003214	DBVPG3444_004190-T1, DBVPG3444_011101-T1, DBVPG3775_005845-T1
GF00003215	DBVPG3444_004191-T1, DBVPG3444_011102-T1, DBVPG3775_005844-T1
GF00003216	DBVPG3444_004197-T1, DBVPG3444_011106-T1, DBVPG3775_005839-T1
GF00003217	DBVPG3444_004198-T1, DBVPG3444_011107-T1, DBVPG3775_005838-T1
GF00003218	DBVPG3444_004199-T1, DBVPG3444_011108-T1, DBVPG3775_005837-T1
GF00003219	DBVPG3444_004200-T1, DBVPG3444_011109-T1, DBVPG3775_005836-T1
GF00003220	DBVPG3444_004201-T1, DBVPG3444_011110-T1, DBVPG3775_005835-T1
GF00003221	DBVPG3444_004204-T1, DBVPG3444_011112-T1, DBVPG3775_005832-T1
GF00003222	DBVPG3444_004205-T1, DBVPG3444_011113-T1, DBVPG3775_005831-T1
GF00003223	DBVPG3444_004206-T1, DBVPG3444_005542-T1, DBVPG3775_005830-T1
GF00003224	DBVPG3444_004207-T1, DBVPG3444_005541-T1, DBVPG3775_005829-T1
GF00003225	DBVPG3444_004208-T1, DBVPG3444_005540-T1, DBVPG3775_005828-T1
GF00003226	DBVPG3444_004213-T1, DBVPG3444_005537-T1, DBVPG3775_005824-T1
GF00003227	DBVPG3444_004214-T1, DBVPG3444_005536-T1, DBVPG3775_005823-T1
GF00003228	DBVPG3444_004215-T1, DBVPG3444_005535-T1, DBVPG3775_005822-T1
GF00003229	DBVPG3444_004216-T1, DBVPG3444_005534-T1, DBVPG3775_005821-T1
GF00003230	DBVPG3444_004219-T1, DBVPG3444_005532-T1, DBVPG3775_005819-T1
GF00003231	DBVPG3444_004220-T1, DBVPG3444_005531-T1, DBVPG3775_005818-T1
GF00003232	DBVPG3444_004221-T1, DBVPG3444_005530-T1, DBVPG3775_005817-T1
GF00003233	DBVPG3444_004222-T1, DBVPG3444_005529-T1, DBVPG3775_005816-T1
GF00003234	DBVPG3444_004225-T1, DBVPG3444_007006-T1, DBVPG3775_004742-T1
GF00003235	DBVPG3444_004226-T1, DBVPG3444_007007-T1, DBVPG3775_004743-T1
GF00003236	DBVPG3444_004227-T1, DBVPG3444_007008-T1, DBVPG3775_004744-T1
GF00003237	DBVPG3444_004228-T1, DBVPG3444_007009-T1, DBVPG3775_004745-T1
GF00003238	DBVPG3444_004230-T1, DBVPG3444_007011-T1, DBVPG3775_004747-T1
GF00003239	DBVPG3444_004231-T1, DBVPG3444_007012-T1, DBVPG3775_004748-T1
GF00003240	DBVPG3444_004232-T1, DBVPG3444_007013-T1, DBVPG3775_004749-T1
GF00003241	DBVPG3444_004233-T1, DBVPG3444_007014-T1, DBVPG3775_004750-T1
GF00003242	DBVPG3444_004238-T1, DBVPG3444_007021-T1, DBVPG3775_004758-T1
GF00003243	DBVPG3444_004239-T1, DBVPG3444_007022-T1, DBVPG3775_004759-T1
GF00003244	DBVPG3444_004241-T1, DBVPG3444_007024-T1, DBVPG3775_004761-T1
GF00003245	DBVPG3444_004242-T1, DBVPG3444_007025-T1, DBVPG3775_004762-T1
GF00003246	DBVPG3444_004244-T1, DBVPG3444_007027-T1, DBVPG3775_004764-T1
GF00003247	DBVPG3444_004248-T1, DBVPG3444_014072-T1, DBVPG3775_004769-T1
GF00003248	DBVPG3444_004249-T1, DBVPG3444_014071-T1, DBVPG3775_004770-T1
GF00003249	DBVPG3444_004250-T1, DBVPG3444_014070-T1, DBVPG3775_004771-T1
GF00003250	DBVPG3444_004255-T1, DBVPG3444_014738-T1, DBVPG3775_004775-T1
GF00003251	DBVPG3444_004256-T1, DBVPG3444_014739-T1, DBVPG3775_004776-T1
GF00003252	DBVPG3444_004262-T1, DBVPG3444_010728-T1, DBVPG3775_004787-T1
GF00003253	DBVPG3444_004263-T1, DBVPG3444_010726-T1, DBVPG3775_004789-T1
GF00003254	DBVPG3444_004264-T1, DBVPG3444_010725-T1, DBVPG3775_004790-T1
GF00003255	DBVPG3444_004266-T1, DBVPG3444_010723-T1, DBVPG3775_004793-T1
GF00003256	DBVPG3444_004267-T1, DBVPG3444_010722-T1, DBVPG3775_004794-T1
GF00003257	DBVPG3444_004269-T1, DBVPG3444_010720-T1, DBVPG3775_004796-T1
GF00003258	DBVPG3444_004270-T1, DBVPG3444_010719-T1, DBVPG3775_004797-T1
GF00003259	DBVPG3444_004272-T1, DBVPG3444_010716-T1, DBVPG3775_004800-T1
GF00003260	DBVPG3444_004274-T1, DBVPG3444_010714-T1, DBVPG3775_004802-T1
GF00003261	DBVPG3444_004277-T1, DBVPG3444_013475-T1, DBVPG3775_004805-T1
GF00003262	DBVPG3444_004284-T1, DBVPG3444_013480-T1, DBVPG3775_004811-T1
GF00003263	DBVPG3444_004285-T1, DBVPG3444_013481-T1, DBVPG3775_004812-T1
GF00003264	DBVPG3444_004286-T1, DBVPG3444_013482-T1, DBVPG3775_004813-T1
GF00003265	DBVPG3444_004287-T1, DBVPG3444_013483-T1, DBVPG3775_004814-T1
GF00003266	DBVPG3444_004306-T1, DBVPG3444_014227-T1, DBVPG3775_003844-T1
GF00003267	DBVPG3444_004308-T1, DBVPG3444_014225-T1, DBVPG3775_003846-T1
GF00003268	DBVPG3444_004309-T1, DBVPG3444_014224-T1, DBVPG3775_003847-T1
GF00003269	DBVPG3444_004312-T1, DBVPG3444_014854-T1, DBVPG3775_003849-T1
GF00003270	DBVPG3444_004317-T1, DBVPG3444_014269-T1, DBVPG3775_003854-T1
GF00003271	DBVPG3444_004320-T1, DBVPG3444_014272-T1, DBVPG3775_003857-T1
GF00003272	DBVPG3444_004321-T1, DBVPG3444_014273-T1, DBVPG3775_003858-T1
GF00003273	DBVPG3444_004322-T1, DBVPG3444_008339-T1, DBVPG3775_003859-T1
GF00003274	DBVPG3444_004323-T1, DBVPG3444_008338-T1, DBVPG3775_003860-T1
GF00003275	DBVPG3444_004327-T1, DBVPG3444_008334-T1, DBVPG3775_003864-T1
GF00003276	DBVPG3444_004330-T1, DBVPG3444_008332-T1, DBVPG3775_003866-T1
GF00003277	DBVPG3444_004332-T1, DBVPG3444_008329-T1, DBVPG3775_003869-T1
GF00003278	DBVPG3444_004333-T1, DBVPG3444_008328-T1, DBVPG3775_003870-T1
GF00003279	DBVPG3444_004334-T1, DBVPG3444_008326-T1, DBVPG3775_003872-T1
GF00003280	DBVPG3444_004335-T1, DBVPG3444_008325-T1, DBVPG3775_003873-T1
GF00003281	DBVPG3444_004336-T1, DBVPG3444_008324-T1, DBVPG3775_003874-T1
GF00003282	DBVPG3444_004337-T1, DBVPG3444_008323-T1, DBVPG3775_003875-T1
GF00003283	DBVPG3444_004338-T1, DBVPG3444_008322-T1, DBVPG3775_003876-T1
GF00003284	DBVPG3444_004341-T1, DBVPG3444_008319-T1, DBVPG3775_003879-T1
GF00003285	DBVPG3444_004342-T1, DBVPG3444_008318-T1, DBVPG3775_003880-T1
GF00003286	DBVPG3444_004344-T1, DBVPG3444_008316-T1, DBVPG3775_003882-T1
GF00003287	DBVPG3444_004346-T1, DBVPG3444_008314-T1, DBVPG3775_003884-T1
GF00003288	DBVPG3444_004347-T1, DBVPG3444_008313-T1, DBVPG3775_003885-T1
GF00003289	DBVPG3444_004348-T1, DBVPG3444_008312-T1, DBVPG3775_003886-T1
GF00003290	DBVPG3444_004349-T1, DBVPG3444_008311-T1, DBVPG3775_003887-T1
GF00003291	DBVPG3444_004350-T1, DBVPG3444_008310-T1, DBVPG3775_003888-T1
GF00003292	DBVPG3444_004352-T1, DBVPG3444_008308-T1, DBVPG3775_003890-T1
GF00003293	DBVPG3444_011363-T1, DBVPG3444_007839-T1, DBVPG3775_000576-T1
GF00003294	DBVPG3444_004354-T1, DBVPG3444_008306-T1, DBVPG3775_003892-T1
GF00003295	DBVPG3444_004356-T1, DBVPG3444_008304-T1, DBVPG3775_003894-T1
GF00003296	DBVPG3444_004360-T1, DBVPG3444_014821-T1, DBVPG3775_007563-T1
GF00003297	DBVPG3444_004363-T1, DBVPG3444_006628-T1, DBVPG3775_007167-T1
GF00003298	DBVPG3444_004366-T1, DBVPG3444_006631-T1, DBVPG3775_007171-T1
GF00003299	DBVPG3444_004367-T1, DBVPG3444_006632-T1, DBVPG3775_007172-T1
GF00003300	DBVPG3444_004368-T1, DBVPG3444_006633-T1, DBVPG3775_007173-T1
GF00003301	DBVPG3444_004370-T1, DBVPG3444_006635-T1, DBVPG3775_007175-T1
GF00003302	DBVPG3444_004371-T1, DBVPG3444_006636-T1, DBVPG3775_007176-T1
GF00003303	DBVPG3444_004377-T1, DBVPG3444_006639-T1, DBVPG3775_007181-T1
GF00003304	DBVPG3444_004378-T1, DBVPG3444_006640-T1, DBVPG3775_007182-T1
GF00003305	DBVPG3444_004379-T1, DBVPG3444_006641-T1, DBVPG3775_007183-T1
GF00003306	DBVPG3444_004381-T1, DBVPG3444_008841-T1, DBVPG3775_005898-T1
GF00003307	DBVPG3444_004382-T1, DBVPG3444_008840-T1, DBVPG3775_005899-T1
GF00003308	DBVPG3444_004383-T1, DBVPG3444_008839-T1, DBVPG3775_005900-T1
GF00003309	DBVPG3444_004384-T1, DBVPG3444_008838-T1, DBVPG3775_005901-T1
GF00003310	DBVPG3444_004386-T1, DBVPG3444_008836-T1, DBVPG3775_005903-T1
GF00003311	DBVPG3444_004387-T1, DBVPG3444_008835-T1, DBVPG3775_005904-T1
GF00003312	DBVPG3444_004388-T1, DBVPG3444_008834-T1, DBVPG3775_005905-T1
GF00003313	DBVPG3444_004389-T1, DBVPG3444_008833-T1, DBVPG3775_005906-T1
GF00003314	DBVPG3444_004390-T1, DBVPG3444_008832-T1, DBVPG3775_005907-T1
GF00003315	DBVPG3444_004391-T1, DBVPG3444_008831-T1, DBVPG3775_005908-T1
GF00003316	DBVPG3444_004392-T1, DBVPG3444_008830-T1, DBVPG3775_005909-T1
GF00003317	DBVPG3444_004393-T1, DBVPG3444_008829-T1, DBVPG3775_005910-T1
GF00003318	DBVPG3444_004394-T1, DBVPG3444_008828-T1, DBVPG3775_005911-T1
GF00003319	DBVPG3444_004395-T1, DBVPG3444_008827-T1, DBVPG3775_005912-T1
GF00003320	DBVPG3444_004396-T1, DBVPG3444_008826-T1, DBVPG3775_005913-T1
GF00003321	DBVPG3444_004400-T1, DBVPG3444_008823-T1, DBVPG3775_005916-T1
GF00003322	DBVPG3444_004401-T1, DBVPG3444_008822-T1, DBVPG3775_005917-T1
GF00003323	DBVPG3444_004402-T1, DBVPG3444_008821-T1, DBVPG3775_005918-T1
GF00003324	DBVPG3444_004403-T1, DBVPG3444_008820-T1, DBVPG3775_005919-T1
GF00003325	DBVPG3444_004404-T1, DBVPG3444_008819-T1, DBVPG3775_005920-T1
GF00003326	DBVPG3444_004405-T1, DBVPG3444_008818-T1, DBVPG3775_005921-T1
GF00003327	DBVPG3444_004406-T1, DBVPG3444_008817-T1, DBVPG3775_005922-T1
GF00003328	DBVPG3444_004407-T1, DBVPG3444_008816-T1, DBVPG3775_005923-T1
GF00003329	DBVPG3444_004408-T1, DBVPG3444_008815-T1, DBVPG3775_005924-T1
GF00003330	DBVPG3444_004412-T1, DBVPG3444_013725-T1, DBVPG3775_005927-T1
GF00003331	DBVPG3444_004413-T1, DBVPG3444_013726-T1, DBVPG3775_005928-T1
GF00003332	DBVPG3444_004415-T1, DBVPG3444_013728-T1, DBVPG3775_005930-T1
GF00003333	DBVPG3444_013875-T1, DBVPG3444_013368-T1, DBVPG3775_007537-T1
GF00003334	DBVPG3444_010561-T1, DBVPG3444_012066-T1, DBVPG3775_003441-T1
GF00003335	DBVPG3444_004417-T1, DBVPG3444_013731-T1, DBVPG3775_005933-T1
GF00003336	DBVPG3444_004420-T1, DBVPG3444_012767-T1, DBVPG3775_005939-T1
GF00003337	DBVPG3444_004421-T1, DBVPG3444_012766-T1, DBVPG3775_005940-T1
GF00003338	DBVPG3444_004425-T1, DBVPG3444_012763-T1, DBVPG3775_005943-T1
GF00003339	DBVPG3444_004426-T1, DBVPG3444_012762-T1, DBVPG3775_005944-T1
GF00003340	DBVPG3444_004428-T1, DBVPG3444_012760-T1, DBVPG3775_005946-T1
GF00003341	DBVPG3444_004498-T1, DBVPG3444_011937-T1, DBVPG3775_006146-T1
GF00003342	DBVPG3444_004499-T1, DBVPG3444_011936-T1, DBVPG3775_006145-T1
GF00003343	DBVPG3444_004500-T1, DBVPG3444_011935-T1, DBVPG3775_006144-T1
GF00003344	DBVPG3444_004502-T1, DBVPG3444_011933-T1, DBVPG3775_006141-T1
GF00003345	DBVPG3444_004506-T1, DBVPG3444_011930-T1, DBVPG3775_006138-T1
GF00003346	DBVPG3444_004507-T1, DBVPG3444_011929-T1, DBVPG3775_006137-T1
GF00003347	DBVPG3444_004509-T1, DBVPG3444_011924-T1, DBVPG3775_006132-T1
GF00003348	DBVPG3444_004510-T1, DBVPG3444_011923-T1, DBVPG3775_006131-T1
GF00003349	DBVPG3444_004513-T1, DBVPG3444_011918-T1, DBVPG3775_006127-T1
GF00003350	DBVPG3444_004514-T1, DBVPG3444_011917-T1, DBVPG3775_006126-T1
GF00003351	DBVPG3444_004515-T1, DBVPG3444_014433-T1, DBVPG3775_006125-T1
GF00003352	DBVPG3444_004516-T1, DBVPG3444_014434-T1, DBVPG3775_006124-T1
GF00003353	DBVPG3444_004517-T1, DBVPG3444_014435-T1, DBVPG3775_006123-T1
GF00003354	DBVPG3444_004518-T1, DBVPG3444_014436-T1, DBVPG3775_006122-T1
GF00003355	DBVPG3444_004520-T1, DBVPG3444_007131-T1, DBVPG3775_006120-T1
GF00003356	DBVPG3444_004521-T1, DBVPG3444_007135-T1, DBVPG3775_006118-T1
GF00003357	DBVPG3444_004522-T1, DBVPG3444_007136-T1, DBVPG3775_006117-T1
GF00003358	DBVPG3444_004525-T1, DBVPG3444_007140-T1, DBVPG3775_006113-T1
GF00003359	DBVPG3444_004531-T1, DBVPG3444_007148-T1, DBVPG3775_006104-T1
GF00003360	DBVPG3444_004535-T1, DBVPG3444_007152-T1, DBVPG3775_006099-T1
GF00003361	DBVPG3444_004536-T1, DBVPG3444_007153-T1, DBVPG3775_006098-T1
GF00003362	DBVPG3444_004537-T1, DBVPG3444_007154-T1, DBVPG3775_006097-T1
GF00003363	DBVPG3444_004538-T1, DBVPG3444_007155-T1, DBVPG3775_006096-T1
GF00003364	DBVPG3444_004539-T1, DBVPG3444_007156-T1, DBVPG3775_006095-T1
GF00003365	DBVPG3444_004540-T1, DBVPG3444_007157-T1, DBVPG3775_006094-T1
GF00003366	DBVPG3444_004541-T1, DBVPG3444_007158-T1, DBVPG3775_006093-T1
GF00003367	DBVPG3444_004542-T1, DBVPG3444_007159-T1, DBVPG3775_006092-T1
GF00003368	DBVPG3444_004543-T1, DBVPG3444_007160-T1, DBVPG3775_006091-T1
GF00003369	DBVPG3444_004544-T1, DBVPG3444_007161-T1, DBVPG3775_006090-T1
GF00003370	DBVPG3444_004546-T1, DBVPG3444_007163-T1, DBVPG3775_006088-T1
GF00003371	DBVPG3444_004547-T1, DBVPG3444_007164-T1, DBVPG3775_006087-T1
GF00003372	DBVPG3444_004551-T1, DBVPG3444_007491-T1, DBVPG3775_006537-T1
GF00003373	DBVPG3444_004552-T1, DBVPG3444_007490-T1, DBVPG3775_006536-T1
GF00003374	DBVPG3444_004553-T1, DBVPG3444_007489-T1, DBVPG3775_006535-T1
GF00003375	DBVPG3444_004554-T1, DBVPG3444_007488-T1, DBVPG3775_006534-T1
GF00003376	DBVPG3444_004555-T1, DBVPG3444_007487-T1, DBVPG3775_006533-T1
GF00003377	DBVPG3444_004556-T1, DBVPG3444_007486-T1, DBVPG3775_006532-T1
GF00003378	DBVPG3444_005088-T1, DBVPG3444_009025-T1, DBVPG3775_006311-T1
GF00003379	DBVPG3444_004611-T1, DBVPG3444_008404-T1, DBVPG3775_005696-T1
GF00003380	DBVPG3444_004612-T1, DBVPG3444_008405-T1, DBVPG3775_005697-T1
GF00003381	DBVPG3444_004613-T1, DBVPG3444_008406-T1, DBVPG3775_005698-T1
GF00003382	DBVPG3444_004614-T1, DBVPG3444_008407-T1, DBVPG3775_005699-T1
GF00003383	DBVPG3444_004621-T1, DBVPG3444_008412-T1, DBVPG3775_005704-T1
GF00003384	DBVPG3444_004622-T1, DBVPG3444_008413-T1, DBVPG3775_005705-T1
GF00003385	DBVPG3444_004623-T1, DBVPG3444_008414-T1, DBVPG3775_005706-T1
GF00003386	DBVPG3444_004624-T1, DBVPG3444_008415-T1, DBVPG3775_005707-T1
GF00003387	DBVPG3444_004625-T1, DBVPG3444_008416-T1, DBVPG3775_005708-T1
GF00003388	DBVPG3444_004626-T1, DBVPG3444_008417-T1, DBVPG3775_005709-T1
GF00003389	DBVPG3444_004631-T1, DBVPG3444_008422-T1, DBVPG3775_005716-T1
GF00003390	DBVPG3444_004634-T1, DBVPG3444_006783-T1, DBVPG3775_002454-T1
GF00003391	DBVPG3444_004635-T1, DBVPG3444_006784-T1, DBVPG3775_002455-T1
GF00003392	DBVPG3444_004636-T1, DBVPG3444_006785-T1, DBVPG3775_002456-T1
GF00003393	DBVPG3444_004637-T1, DBVPG3444_006786-T1, DBVPG3775_002457-T1
GF00003394	DBVPG3444_004639-T1, DBVPG3444_006788-T1, DBVPG3775_002459-T1
GF00003395	DBVPG3444_004640-T1, DBVPG3444_006789-T1, DBVPG3775_002460-T1
GF00003396	DBVPG3444_004641-T1, DBVPG3444_006790-T1, DBVPG3775_002461-T1
GF00003397	DBVPG3444_004644-T1, DBVPG3444_006792-T1, DBVPG3775_002463-T1
GF00003398	DBVPG3444_004645-T1, DBVPG3444_006793-T1, DBVPG3775_002464-T1
GF00003399	DBVPG3444_004646-T1, DBVPG3444_006794-T1, DBVPG3775_002465-T1
GF00003400	DBVPG3444_004647-T1, DBVPG3444_006795-T1, DBVPG3775_002466-T1
GF00003401	DBVPG3444_004648-T1, DBVPG3444_006796-T1, DBVPG3775_002467-T1
GF00003402	DBVPG3444_004650-T1, DBVPG3444_006798-T1, DBVPG3775_002469-T1
GF00003403	DBVPG3444_004651-T1, DBVPG3444_006799-T1, DBVPG3775_002470-T1
GF00003404	DBVPG3444_004652-T1, DBVPG3444_006800-T1, DBVPG3775_002471-T1
GF00003405	DBVPG3444_004653-T1, DBVPG3444_006801-T1, DBVPG3775_002472-T1
GF00003406	DBVPG3444_004654-T1, DBVPG3444_006802-T1, DBVPG3775_002473-T1
GF00003407	DBVPG3444_004655-T1, DBVPG3444_006803-T1, DBVPG3775_002474-T1
GF00003408	DBVPG3444_004656-T1, DBVPG3444_006804-T1, DBVPG3775_002475-T1
GF00003409	DBVPG3444_004657-T1, DBVPG3444_006805-T1, DBVPG3775_002476-T1
GF00003410	DBVPG3444_004658-T1, DBVPG3444_006806-T1, DBVPG3775_002477-T1
GF00003411	DBVPG3444_004659-T1, DBVPG3444_006807-T1, DBVPG3775_002478-T1
GF00003412	DBVPG3444_004660-T1, DBVPG3444_006808-T1, DBVPG3775_002479-T1
GF00003413	DBVPG3444_004661-T1, DBVPG3444_006809-T1, DBVPG3775_002480-T1
GF00003414	DBVPG3444_004662-T1, DBVPG3444_006810-T1, DBVPG3775_002481-T1
GF00003415	DBVPG3444_004663-T1, DBVPG3444_006811-T1, DBVPG3775_002482-T1
GF00003416	DBVPG3444_004666-T1, DBVPG3444_006814-T1, DBVPG3775_002485-T1
GF00003417	DBVPG3444_004668-T1, DBVPG3444_006816-T1, DBVPG3775_002487-T1
GF00003418	DBVPG3444_004674-T1, DBVPG3444_006824-T1, DBVPG3775_002493-T1
GF00003419	DBVPG3444_004675-T1, DBVPG3444_006825-T1, DBVPG3775_002494-T1
GF00003420	DBVPG3444_004676-T1, DBVPG3444_006826-T1, DBVPG3775_002495-T1
GF00003421	DBVPG3444_004677-T1, DBVPG3444_006827-T1, DBVPG3775_002496-T1
GF00003422	DBVPG3444_004678-T1, DBVPG3444_006828-T1, DBVPG3775_002497-T1
GF00003423	DBVPG3444_004679-T1, DBVPG3444_006829-T1, DBVPG3775_002498-T1
GF00003424	DBVPG3444_004680-T1, DBVPG3444_006830-T1, DBVPG3775_002499-T1
GF00003425	DBVPG3444_004681-T1, DBVPG3444_006831-T1, DBVPG3775_002500-T1
GF00003426	DBVPG3444_004682-T1, DBVPG3444_014056-T1, DBVPG3775_002501-T1
GF00003427	DBVPG3444_014055-T1, DBVPG3444_004684-T1, DBVPG3775_002503-T1
GF00003428	DBVPG3444_004687-T1, DBVPG3444_014052-T1, DBVPG3775_002505-T1
GF00003429	DBVPG3444_004688-T1, DBVPG3444_014051-T1, DBVPG3775_002506-T1
GF00003430	DBVPG3444_004690-T1, DBVPG3444_008991-T1, DBVPG3775_002508-T1
GF00003431	DBVPG3444_004693-T1, DBVPG3444_014795-T1, DBVPG3775_006074-T1
GF00003432	DBVPG3444_004694-T1, DBVPG3444_014796-T1, DBVPG3775_006073-T1
GF00003433	DBVPG3444_004696-T1, DBVPG3444_007537-T1, DBVPG3775_006071-T1
GF00003434	DBVPG3444_004697-T1, DBVPG3444_007538-T1, DBVPG3775_006070-T1
GF00003435	DBVPG3444_004698-T1, DBVPG3444_007539-T1, DBVPG3775_006069-T1
GF00003436	DBVPG3444_004699-T1, DBVPG3444_007540-T1, DBVPG3775_006068-T1
GF00003437	DBVPG3444_004700-T1, DBVPG3444_007541-T1, DBVPG3775_006067-T1
GF00003438	DBVPG3444_004701-T1, DBVPG3444_007542-T1, DBVPG3775_006066-T1
GF00003439	DBVPG3444_004702-T1, DBVPG3444_007543-T1, DBVPG3775_006065-T1
GF00003440	DBVPG3444_004703-T1, DBVPG3444_007544-T1, DBVPG3775_006064-T1
GF00003441	DBVPG3444_004706-T1, DBVPG3444_007546-T1, DBVPG3775_006061-T1
GF00003442	DBVPG3444_004707-T1, DBVPG3444_007547-T1, DBVPG3775_006060-T1
GF00003443	DBVPG3444_004708-T1, DBVPG3444_007548-T1, DBVPG3775_006059-T1
GF00003444	DBVPG3444_004709-T1, DBVPG3444_007549-T1, DBVPG3775_006058-T1
GF00003445	DBVPG3444_004711-T1, DBVPG3444_007550-T1, DBVPG3775_006057-T1
GF00003446	DBVPG3444_004712-T1, DBVPG3444_007551-T1, DBVPG3775_006056-T1
GF00003447	DBVPG3444_004713-T1, DBVPG3444_007552-T1, DBVPG3775_006055-T1
GF00003448	DBVPG3444_004714-T1, DBVPG3444_007553-T1, DBVPG3775_006054-T1
GF00003449	DBVPG3444_004715-T1, DBVPG3444_007554-T1, DBVPG3775_006053-T1
GF00003450	DBVPG3444_004716-T1, DBVPG3444_007555-T1, DBVPG3775_006052-T1
GF00003451	DBVPG3444_004717-T1, DBVPG3444_007556-T1, DBVPG3775_006051-T1
GF00003452	DBVPG3444_004718-T1, DBVPG3444_007557-T1, DBVPG3775_006050-T1
GF00003453	DBVPG3444_004719-T1, DBVPG3444_007558-T1, DBVPG3775_006049-T1
GF00003454	DBVPG3444_004720-T1, DBVPG3444_007559-T1, DBVPG3775_006048-T1
GF00003455	DBVPG3444_004726-T1, DBVPG3444_010325-T1, DBVPG3775_005459-T1
GF00003456	DBVPG3444_004727-T1, DBVPG3444_010324-T1, DBVPG3775_005460-T1
GF00003457	DBVPG3444_004728-T1, DBVPG3444_010323-T1, DBVPG3775_005461-T1
GF00003458	DBVPG3444_004729-T1, DBVPG3444_010322-T1, DBVPG3775_005462-T1
GF00003459	DBVPG3444_004730-T1, DBVPG3444_010321-T1, DBVPG3775_005463-T1
GF00003460	DBVPG3444_004731-T1, DBVPG3444_010320-T1, DBVPG3775_005464-T1
GF00003461	DBVPG3444_004732-T1, DBVPG3444_010319-T1, DBVPG3775_005465-T1
GF00003462	DBVPG3444_004734-T1, DBVPG3444_010317-T1, DBVPG3775_005467-T1
GF00003463	DBVPG3444_004735-T1, DBVPG3444_010316-T1, DBVPG3775_005468-T1
GF00003464	DBVPG3444_004736-T1, DBVPG3444_010315-T1, DBVPG3775_005469-T1
GF00003465	DBVPG3444_004737-T1, DBVPG3444_010314-T1, DBVPG3775_005470-T1
GF00003466	DBVPG3444_004738-T1, DBVPG3444_010313-T1, DBVPG3775_005471-T1
GF00003467	DBVPG3444_010309-T1, DBVPG3444_004740-T1, DBVPG3775_005473-T1
GF00003468	DBVPG3444_004741-T1, DBVPG3444_010308-T1, DBVPG3775_005474-T1
GF00003469	DBVPG3444_004748-T1, DBVPG3444_011021-T1, DBVPG3775_005481-T1
GF00003470	DBVPG3444_004749-T1, DBVPG3444_011022-T1, DBVPG3775_005482-T1
GF00003471	DBVPG3444_004750-T1, DBVPG3444_011023-T1, DBVPG3775_005483-T1
GF00003472	DBVPG3444_004751-T1, DBVPG3444_011024-T1, DBVPG3775_005484-T1
GF00003473	DBVPG3444_004754-T1, DBVPG3444_011841-T1, DBVPG3775_006943-T1
GF00003474	DBVPG3444_004755-T1, DBVPG3444_011842-T1, DBVPG3775_006942-T1
GF00003475	DBVPG3444_004757-T1, DBVPG3444_011844-T1, DBVPG3775_006939-T1
GF00003476	DBVPG3444_004758-T1, DBVPG3444_011845-T1, DBVPG3775_006938-T1
GF00003477	DBVPG3444_004760-T1, DBVPG3444_011847-T1, DBVPG3775_006936-T1
GF00003478	DBVPG3444_004762-T1, DBVPG3444_011849-T1, DBVPG3775_006934-T1
GF00003479	DBVPG3444_004763-T1, DBVPG3444_011850-T1, DBVPG3775_006933-T1
GF00003480	DBVPG3444_004765-T1, DBVPG3444_010970-T1, DBVPG3775_006227-T1
GF00003481	DBVPG3444_004767-T1, DBVPG3444_010968-T1, DBVPG3775_006229-T1
GF00003482	DBVPG3444_004768-T1, DBVPG3444_010967-T1, DBVPG3775_006232-T1
GF00003483	DBVPG3444_004769-T1, DBVPG3444_010966-T1, DBVPG3775_006233-T1
GF00003484	DBVPG3444_004771-T1, DBVPG3444_010963-T1, DBVPG3775_006236-T1
GF00003485	DBVPG3444_004775-T1, DBVPG3444_010961-T1, DBVPG3775_006238-T1
GF00003486	DBVPG3444_004776-T1, DBVPG3444_010960-T1, DBVPG3775_006239-T1
GF00003487	DBVPG3444_004777-T1, DBVPG3444_010958-T1, DBVPG3775_006240-T1
GF00003488	DBVPG3444_004783-T1, DBVPG3444_010953-T1, DBVPG3775_006245-T1
GF00003489	DBVPG3444_004787-T1, DBVPG3444_009867-T1, DBVPG3775_006251-T1
GF00003490	DBVPG3444_004789-T1, DBVPG3444_009869-T1, DBVPG3775_006253-T1
GF00003491	DBVPG3444_004791-T1, DBVPG3444_009872-T1, DBVPG3775_006256-T1
GF00003492	DBVPG3444_004793-T1, DBVPG3444_009876-T1, DBVPG3775_006258-T1
GF00003493	DBVPG3444_004799-T1, DBVPG3444_009885-T1, DBVPG3775_006268-T1
GF00003494	DBVPG3444_004802-T1, DBVPG3444_009888-T1, DBVPG3775_006271-T1
GF00003495	DBVPG3444_004803-T1, DBVPG3444_009889-T1, DBVPG3775_006272-T1
GF00003496	DBVPG3444_004804-T1, DBVPG3444_009890-T1, DBVPG3775_006273-T1
GF00003497	DBVPG3444_004805-T1, DBVPG3444_009891-T1, DBVPG3775_006274-T1
GF00003498	DBVPG3444_004806-T1, DBVPG3444_009892-T1, DBVPG3775_006275-T1
GF00003499	DBVPG3444_004809-T1, DBVPG3444_009896-T1, DBVPG3775_006279-T1
GF00003500	DBVPG3444_004813-T1, DBVPG3444_014496-T1, DBVPG3775_000645-T1
GF00003501	DBVPG3444_004815-T1, DBVPG3444_005462-T1, DBVPG3775_000643-T1
GF00003502	DBVPG3444_004816-T1, DBVPG3444_005463-T1, DBVPG3775_000642-T1
GF00003503	DBVPG3444_004817-T1, DBVPG3444_005464-T1, DBVPG3775_000641-T1
GF00003504	DBVPG3444_004818-T1, DBVPG3444_005465-T1, DBVPG3775_000640-T1
GF00003505	DBVPG3444_004821-T1, DBVPG3444_005467-T1, DBVPG3775_000637-T1
GF00003506	DBVPG3444_004828-T1, DBVPG3444_005472-T1, DBVPG3775_000631-T1
GF00003507	DBVPG3444_004829-T1, DBVPG3444_005473-T1, DBVPG3775_000630-T1
GF00003508	DBVPG3444_004830-T1, DBVPG3444_005474-T1, DBVPG3775_000629-T1
GF00003509	DBVPG3444_004831-T1, DBVPG3444_005475-T1, DBVPG3775_000628-T1
GF00003510	DBVPG3444_004835-T1, DBVPG3444_005478-T1, DBVPG3775_000624-T1
GF00003511	DBVPG3444_004836-T1, DBVPG3444_005479-T1, DBVPG3775_000623-T1
GF00003512	DBVPG3444_004838-T1, DBVPG3444_005210-T1, DBVPG3775_000621-T1
GF00003513	DBVPG3444_004841-T1, DBVPG3444_005482-T1, DBVPG3775_000618-T1
GF00003514	DBVPG3444_004842-T1, DBVPG3444_005483-T1, DBVPG3775_000617-T1
GF00003515	DBVPG3444_004847-T1, DBVPG3444_005487-T1, DBVPG3775_000612-T1
GF00003516	DBVPG3444_004849-T1, DBVPG3444_005490-T1, DBVPG3775_000610-T1
GF00003517	DBVPG3444_004852-T1, DBVPG3444_005495-T1, DBVPG3775_000607-T1
GF00003518	DBVPG3444_004856-T1, DBVPG3444_005499-T1, DBVPG3775_000600-T1
GF00003519	DBVPG3444_006502-T1, DBVPG3444_013208-T1, DBVPG3775_007163-T1
GF00003520	DBVPG3444_004858-T1, DBVPG3444_005501-T1, DBVPG3775_000598-T1
GF00003521	DBVPG3444_004861-T1, DBVPG3444_005503-T1, DBVPG3775_000595-T1
GF00003522	DBVPG3444_004863-T1, DBVPG3444_005505-T1, DBVPG3775_000593-T1
GF00003523	DBVPG3444_004866-T1, DBVPG3444_005508-T1, DBVPG3775_000590-T1
GF00003524	DBVPG3444_004868-T1, DBVPG3444_005510-T1, DBVPG3775_000588-T1
GF00003525	DBVPG3444_004869-T1, DBVPG3444_005511-T1, DBVPG3775_000587-T1
GF00003526	DBVPG3444_004870-T1, DBVPG3444_005512-T1, DBVPG3775_000586-T1
GF00003527	DBVPG3444_004874-T1, DBVPG3444_009899-T1, DBVPG3775_001590-T1
GF00003528	DBVPG3444_004876-T1, DBVPG3444_009901-T1, DBVPG3775_001592-T1
GF00003529	DBVPG3444_004877-T1, DBVPG3444_009902-T1, DBVPG3775_001593-T1
GF00003530	DBVPG3444_004878-T1, DBVPG3444_009903-T1, DBVPG3775_001594-T1
GF00003531	DBVPG3444_004880-T1, DBVPG3444_009905-T1, DBVPG3775_001596-T1
GF00003532	DBVPG3444_004882-T1, DBVPG3444_009907-T1, DBVPG3775_001598-T1
GF00003533	DBVPG3444_004883-T1, DBVPG3444_009908-T1, DBVPG3775_001599-T1
GF00003534	DBVPG3444_004884-T1, DBVPG3444_009909-T1, DBVPG3775_001600-T1
GF00003535	DBVPG3444_004885-T1, DBVPG3444_009910-T1, DBVPG3775_001601-T1
GF00003536	DBVPG3444_004888-T1, DBVPG3444_009913-T1, DBVPG3775_001604-T1
GF00003537	DBVPG3444_014817-T1, DBVPG3444_006058-T1, DBVPG3775_003301-T1
GF00003538	DBVPG3444_004891-T1, DBVPG3444_009916-T1, DBVPG3775_001607-T1
GF00003539	DBVPG3444_004892-T1, DBVPG3444_009917-T1, DBVPG3775_001608-T1
GF00003540	DBVPG3444_004893-T1, DBVPG3444_009918-T1, DBVPG3775_001609-T1
GF00003541	DBVPG3444_004896-T1, DBVPG3444_009921-T1, DBVPG3775_001612-T1
GF00003542	DBVPG3444_004897-T1, DBVPG3444_009922-T1, DBVPG3775_001613-T1
GF00003543	DBVPG3444_004898-T1, DBVPG3444_009924-T1, DBVPG3775_001615-T1
GF00003544	DBVPG3444_004900-T1, DBVPG3444_009926-T1, DBVPG3775_001617-T1
GF00003545	DBVPG3444_009082-T1, DBVPG3444_011941-T1, DBVPG3775_002575-T1
GF00003546	DBVPG3444_004904-T1, DBVPG3444_014141-T1, DBVPG3775_001620-T1
GF00003547	DBVPG3444_004905-T1, DBVPG3444_014142-T1, DBVPG3775_001621-T1
GF00003548	DBVPG3444_004908-T1, DBVPG3444_014144-T1, DBVPG3775_001624-T1
GF00003549	DBVPG3444_004913-T1, DBVPG3444_010242-T1, DBVPG3775_001628-T1
GF00003550	DBVPG3444_004916-T1, DBVPG3444_010244-T1, DBVPG3775_001631-T1
GF00003551	DBVPG3444_004917-T1, DBVPG3444_010245-T1, DBVPG3775_001632-T1
GF00003552	DBVPG3444_004918-T1, DBVPG3444_010246-T1, DBVPG3775_001633-T1
GF00003553	DBVPG3444_004919-T1, DBVPG3444_010247-T1, DBVPG3775_001634-T1
GF00003554	DBVPG3444_004920-T1, DBVPG3444_010248-T1, DBVPG3775_001635-T1
GF00003555	DBVPG3444_004921-T1, DBVPG3444_010249-T1, DBVPG3775_001636-T1
GF00003556	DBVPG3444_004922-T1, DBVPG3444_010250-T1, DBVPG3775_001637-T1
GF00003557	DBVPG3444_004923-T1, DBVPG3444_010251-T1, DBVPG3775_001638-T1
GF00003558	DBVPG3444_004924-T1, DBVPG3444_012112-T1, DBVPG3775_007383-T1
GF00003559	DBVPG3444_004925-T1, DBVPG3444_012113-T1, DBVPG3775_007382-T1
GF00003560	DBVPG3444_004926-T1, DBVPG3444_012114-T1, DBVPG3775_007381-T1
GF00003561	DBVPG3444_004927-T1, DBVPG3444_012115-T1, DBVPG3775_007380-T1
GF00003562	DBVPG3444_004928-T1, DBVPG3444_012116-T1, DBVPG3775_007379-T1
GF00003563	DBVPG3444_004930-T1, DBVPG3444_012118-T1, DBVPG3775_007377-T1
GF00003564	DBVPG3444_004933-T1, DBVPG3444_012121-T1, DBVPG3775_007374-T1
GF00003565	DBVPG3444_004934-T1, DBVPG3444_012122-T1, DBVPG3775_007373-T1
GF00003566	DBVPG3444_004937-T1, DBVPG3444_012125-T1, DBVPG3775_007370-T1
GF00003567	DBVPG3444_004940-T1, DBVPG3444_012305-T1, DBVPG3775_002273-T1
GF00003568	DBVPG3444_004941-T1, DBVPG3444_012304-T1, DBVPG3775_002274-T1
GF00003569	DBVPG3444_004942-T1, DBVPG3444_012303-T1, DBVPG3775_002275-T1
GF00003570	DBVPG3444_010172-T1, DBVPG3444_010223-T1, DBVPG3775_007110-T1
GF00003571	DBVPG3444_004944-T1, DBVPG3444_012301-T1, DBVPG3775_002277-T1
GF00003572	DBVPG3444_004946-T1, DBVPG3444_012298-T1, DBVPG3775_002280-T1
GF00003573	DBVPG3444_004948-T1, DBVPG3444_012295-T1, DBVPG3775_002283-T1
GF00003574	DBVPG3444_004950-T1, DBVPG3444_012293-T1, DBVPG3775_002285-T1
GF00003575	DBVPG3444_004951-T1, DBVPG3444_012292-T1, DBVPG3775_002286-T1
GF00003576	DBVPG3444_004952-T1, DBVPG3444_012883-T1, DBVPG3775_002287-T1
GF00003577	DBVPG3444_004953-T1, DBVPG3444_012884-T1, DBVPG3775_002288-T1
GF00003578	DBVPG3444_004954-T1, DBVPG3444_012885-T1, DBVPG3775_002289-T1
GF00003579	DBVPG3444_004955-T1, DBVPG3444_012886-T1, DBVPG3775_002290-T1
GF00003580	DBVPG3444_004957-T1, DBVPG3444_012888-T1, DBVPG3775_002292-T1
GF00003581	DBVPG3444_004958-T1, DBVPG3444_012889-T1, DBVPG3775_002293-T1
GF00003582	DBVPG3444_004963-T1, DBVPG3444_012896-T1, DBVPG3775_002300-T1
GF00003583	DBVPG3444_004970-T1, DBVPG3444_014834-T1, DBVPG3775_002305-T1
GF00003584	DBVPG3444_004971-T1, DBVPG3444_014835-T1, DBVPG3775_002306-T1
GF00003585	DBVPG3444_005063-T1, DBVPG3444_009151-T1, DBVPG3775_006336-T1
GF00003586	DBVPG3444_004975-T1, DBVPG3444_013520-T1, DBVPG3775_002310-T1
GF00003587	DBVPG3444_004980-T1, DBVPG3444_013517-T1, DBVPG3775_002314-T1
GF00003588	DBVPG3444_004981-T1, DBVPG3444_013516-T1, DBVPG3775_002315-T1
GF00003589	DBVPG3444_004985-T1, DBVPG3444_013513-T1, DBVPG3775_002319-T1
GF00003590	DBVPG3444_004986-T1, DBVPG3444_013512-T1, DBVPG3775_002320-T1
GF00003591	DBVPG3444_004988-T1, DBVPG3444_013510-T1, DBVPG3775_002322-T1
GF00003592	DBVPG3444_004990-T1, DBVPG3444_013861-T1, DBVPG3775_002324-T1
GF00003593	DBVPG3444_004997-T1, DBVPG3444_014867-T1, DBVPG3775_002329-T1
GF00003594	DBVPG3444_004998-T1, DBVPG3444_014866-T1, DBVPG3775_002330-T1
GF00003595	DBVPG3444_005002-T1, DBVPG3444_011098-T1, DBVPG3775_000292-T1
GF00003596	DBVPG3444_005003-T1, DBVPG3444_011097-T1, DBVPG3775_000291-T1
GF00003597	DBVPG3444_005004-T1, DBVPG3444_011096-T1, DBVPG3775_000290-T1
GF00003598	DBVPG3444_005005-T1, DBVPG3444_011095-T1, DBVPG3775_000289-T1
GF00003599	DBVPG3444_005008-T1, DBVPG3444_011092-T1, DBVPG3775_000286-T1
GF00003600	DBVPG3444_005009-T1, DBVPG3444_011091-T1, DBVPG3775_000285-T1
GF00003601	DBVPG3444_005010-T1, DBVPG3444_011090-T1, DBVPG3775_000284-T1
GF00003602	DBVPG3444_005012-T1, DBVPG3444_011088-T1, DBVPG3775_000281-T1
GF00003603	DBVPG3444_005013-T1, DBVPG3444_011087-T1, DBVPG3775_000280-T1
GF00003604	DBVPG3444_005014-T1, DBVPG3444_011086-T1, DBVPG3775_000279-T1
GF00003605	DBVPG3444_005016-T1, DBVPG3444_011084-T1, DBVPG3775_000277-T1
GF00003606	DBVPG3444_005017-T1, DBVPG3444_011083-T1, DBVPG3775_000276-T1
GF00003607	DBVPG3444_005018-T1, DBVPG3444_011082-T1, DBVPG3775_000275-T1
GF00003608	DBVPG3444_005019-T1, DBVPG3444_011081-T1, DBVPG3775_000274-T1
GF00003609	DBVPG3444_005020-T1, DBVPG3444_011079-T1, DBVPG3775_000272-T1
GF00003610	DBVPG3444_006013-T1, DBVPG3444_010286-T1, DBVPG3775_004662-T1
GF00003611	DBVPG3444_005022-T1, DBVPG3444_011077-T1, DBVPG3775_000270-T1
GF00003612	DBVPG3444_005026-T1, DBVPG3444_008586-T1, DBVPG3775_000266-T1
GF00003613	DBVPG3444_005027-T1, DBVPG3444_008587-T1, DBVPG3775_000265-T1
GF00003614	DBVPG3444_005028-T1, DBVPG3444_008588-T1, DBVPG3775_000264-T1
GF00003615	DBVPG3444_005030-T1, DBVPG3444_008590-T1, DBVPG3775_000262-T1
GF00003616	DBVPG3444_005031-T1, DBVPG3444_008591-T1, DBVPG3775_000261-T1
GF00003617	DBVPG3444_005032-T1, DBVPG3444_008592-T1, DBVPG3775_000260-T1
GF00003618	DBVPG3444_005033-T1, DBVPG3444_008593-T1, DBVPG3775_000259-T1
GF00003619	DBVPG3444_010750-T1, DBVPG3444_005818-T1, DBVPG3775_004472-T1
GF00003620	DBVPG3444_005036-T1, DBVPG3444_008596-T1, DBVPG3775_000256-T1
GF00003621	DBVPG3444_005037-T1, DBVPG3444_008597-T1, DBVPG3775_000255-T1
GF00003622	DBVPG3444_005039-T1, DBVPG3444_008600-T1, DBVPG3775_000252-T1
GF00003623	DBVPG3444_005040-T1, DBVPG3444_008601-T1, DBVPG3775_000251-T1
GF00003624	DBVPG3444_005042-T1, DBVPG3444_008605-T1, DBVPG3775_000247-T1
GF00003625	DBVPG3444_005043-T1, DBVPG3444_008606-T1, DBVPG3775_000246-T1
GF00003626	DBVPG3444_005044-T1, DBVPG3444_008607-T1, DBVPG3775_000245-T1
GF00003627	DBVPG3444_005045-T1, DBVPG3444_008608-T1, DBVPG3775_000244-T1
GF00003628	DBVPG3444_005048-T1, DBVPG3444_008610-T1, DBVPG3775_000242-T1
GF00003629	DBVPG3444_005049-T1, DBVPG3444_008611-T1, DBVPG3775_000241-T1
GF00003630	DBVPG3444_005050-T1, DBVPG3444_008613-T1, DBVPG3775_000240-T1
GF00003631	DBVPG3444_005051-T1, DBVPG3444_008614-T1, DBVPG3775_000239-T1
GF00003632	DBVPG3444_005053-T1, DBVPG3444_008616-T1, DBVPG3775_000237-T1
GF00003633	DBVPG3444_005054-T1, DBVPG3444_008617-T1, DBVPG3775_000236-T1
GF00003634	DBVPG3444_005055-T1, DBVPG3444_008618-T1, DBVPG3775_000235-T1
GF00003635	DBVPG3444_005058-T1, DBVPG3444_008621-T1, DBVPG3775_000232-T1
GF00003636	DBVPG3444_005059-T1, DBVPG3444_008622-T1, DBVPG3775_000231-T1
GF00003637	DBVPG3444_005062-T1, DBVPG3444_014978-T1, DBVPG3775_006337-T1
GF00003638	DBVPG3444_005065-T1, DBVPG3444_009149-T1, DBVPG3775_006334-T1
GF00003639	DBVPG3444_005066-T1, DBVPG3444_009148-T1, DBVPG3775_006333-T1
GF00003640	DBVPG3444_005067-T1, DBVPG3444_009147-T1, DBVPG3775_006332-T1
GF00003641	DBVPG3444_005069-T1, DBVPG3444_009145-T1, DBVPG3775_006330-T1
GF00003642	DBVPG3444_005071-T1, DBVPG3444_009144-T1, DBVPG3775_006328-T1
GF00003643	DBVPG3444_005072-T1, DBVPG3444_009143-T1, DBVPG3775_006327-T1
GF00003644	DBVPG3444_005076-T1, DBVPG3444_009140-T1, DBVPG3775_006323-T1
GF00003645	DBVPG3444_005078-T1, DBVPG3444_014552-T1, DBVPG3775_006321-T1
GF00003646	DBVPG3444_005079-T1, DBVPG3444_014551-T1, DBVPG3775_006320-T1
GF00003647	DBVPG3444_005080-T1, DBVPG3444_014550-T1, DBVPG3775_006319-T1
GF00003648	DBVPG3444_005081-T1, DBVPG3444_014549-T1, DBVPG3775_006318-T1
GF00003649	DBVPG3444_012289-T1, DBVPG3444_012228-T1, DBVPG3775_006911-T1
GF00003650	DBVPG3444_005084-T1, DBVPG3444_009030-T1, DBVPG3775_006315-T1
GF00003651	DBVPG3444_005085-T1, DBVPG3444_009028-T1, DBVPG3775_006314-T1
GF00003652	DBVPG3444_005086-T1, DBVPG3444_009027-T1, DBVPG3775_006313-T1
GF00003653	DBVPG3444_005087-T1, DBVPG3444_009026-T1, DBVPG3775_006312-T1
GF00003654	DBVPG3444_005089-T1, DBVPG3444_009023-T1, DBVPG3775_006310-T1
GF00003655	DBVPG3444_005091-T1, DBVPG3444_009022-T1, DBVPG3775_006308-T1
GF00003656	DBVPG3444_005092-T1, DBVPG3444_009021-T1, DBVPG3775_006306-T1
GF00003657	DBVPG3444_005093-T1, DBVPG3444_009020-T1, DBVPG3775_006305-T1
GF00003658	DBVPG3444_005111-T1, DBVPG3444_009002-T1, DBVPG3775_006287-T1
GF00003659	DBVPG3444_005120-T1, DBVPG3444_013091-T1, DBVPG3775_007051-T1
GF00003660	DBVPG3444_005121-T1, DBVPG3444_013090-T1, DBVPG3775_007052-T1
GF00003661	DBVPG3444_005122-T1, DBVPG3444_013089-T1, DBVPG3775_007053-T1
GF00003662	DBVPG3444_005123-T1, DBVPG3444_013088-T1, DBVPG3775_007054-T1
GF00003663	DBVPG3444_005124-T1, DBVPG3444_013087-T1, DBVPG3775_007055-T1
GF00003664	DBVPG3444_005126-T1, DBVPG3444_013085-T1, DBVPG3775_007057-T1
GF00003665	DBVPG3444_005127-T1, DBVPG3444_013084-T1, DBVPG3775_007058-T1
GF00003666	DBVPG3444_005129-T1, DBVPG3444_013082-T1, DBVPG3775_007060-T1
GF00003667	DBVPG3444_005130-T1, DBVPG3444_013081-T1, DBVPG3775_007061-T1
GF00003668	DBVPG3444_005131-T1, DBVPG3444_013080-T1, DBVPG3775_007062-T1
GF00003669	DBVPG3444_005133-T1, DBVPG3444_013078-T1, DBVPG3775_007064-T1
GF00003670	DBVPG3444_005135-T1, DBVPG3444_014951-T1, DBVPG3775_007066-T1
GF00003671	DBVPG3444_005138-T1, DBVPG3444_010606-T1, DBVPG3775_007069-T1
GF00003672	DBVPG3444_005139-T1, DBVPG3444_010607-T1, DBVPG3775_007070-T1
GF00003673	DBVPG3444_005140-T1, DBVPG3444_010608-T1, DBVPG3775_007071-T1
GF00003674	DBVPG3444_005141-T1, DBVPG3444_010609-T1, DBVPG3775_007072-T1
GF00003675	DBVPG3444_005150-T1, DBVPG3444_010613-T1, DBVPG3775_007075-T1
GF00003676	DBVPG3444_005151-T1, DBVPG3444_010614-T1, DBVPG3775_007076-T1
GF00003677	DBVPG3444_005152-T1, DBVPG3444_010615-T1, DBVPG3775_007077-T1
GF00003678	DBVPG3444_005155-T1, DBVPG3444_010618-T1, DBVPG3775_007080-T1
GF00003679	DBVPG3444_005156-T1, DBVPG3444_010619-T1, DBVPG3775_007081-T1
GF00003680	DBVPG3444_005157-T1, DBVPG3444_010621-T1, DBVPG3775_007082-T1
GF00003681	DBVPG3444_005159-T1, DBVPG3444_010623-T1, DBVPG3775_007084-T1
GF00003682	DBVPG3444_005160-T1, DBVPG3444_010624-T1, DBVPG3775_007085-T1
GF00003683	DBVPG3444_005162-T1, DBVPG3444_010626-T1, DBVPG3775_007087-T1
GF00003684	DBVPG3444_005165-T1, DBVPG3444_010629-T1, DBVPG3775_007090-T1
GF00003685	DBVPG3444_005166-T1, DBVPG3444_010630-T1, DBVPG3775_007091-T1
GF00003686	DBVPG3444_005170-T1, DBVPG3444_014872-T1, DBVPG3775_005876-T1
GF00003687	DBVPG3444_005173-T1, DBVPG3444_009479-T1, DBVPG3775_005879-T1
GF00003688	DBVPG3444_005174-T1, DBVPG3444_009480-T1, DBVPG3775_005880-T1
GF00003689	DBVPG3444_005180-T1, DBVPG3444_009485-T1, DBVPG3775_005886-T1
GF00003690	DBVPG3444_005183-T1, DBVPG3444_005354-T1, DBVPG3775_006022-T1
GF00003691	DBVPG3444_005185-T1, DBVPG3444_005352-T1, DBVPG3775_006020-T1
GF00003692	DBVPG3444_005186-T1, DBVPG3444_005351-T1, DBVPG3775_006019-T1
GF00003693	DBVPG3444_005187-T1, DBVPG3444_005350-T1, DBVPG3775_006018-T1
GF00003694	DBVPG3444_005188-T1, DBVPG3444_005349-T1, DBVPG3775_006017-T1
GF00003695	DBVPG3444_005189-T1, DBVPG3444_005348-T1, DBVPG3775_006016-T1
GF00003696	DBVPG3444_005193-T1, DBVPG3444_005344-T1, DBVPG3775_006012-T1
GF00003697	DBVPG3444_005194-T1, DBVPG3444_005343-T1, DBVPG3775_006011-T1
GF00003698	DBVPG3444_005195-T1, DBVPG3444_005342-T1, DBVPG3775_006010-T1
GF00003699	DBVPG3444_005200-T1, DBVPG3444_005338-T1, DBVPG3775_006006-T1
GF00003700	DBVPG3444_005201-T1, DBVPG3444_005337-T1, DBVPG3775_006005-T1
GF00003701	DBVPG3444_005202-T1, DBVPG3444_005336-T1, DBVPG3775_006004-T1
GF00003702	DBVPG3444_005203-T1, DBVPG3444_005335-T1, DBVPG3775_006003-T1
GF00003703	DBVPG3444_005204-T1, DBVPG3444_005334-T1, DBVPG3775_006002-T1
GF00003704	DBVPG3444_005205-T1, DBVPG3444_005333-T1, DBVPG3775_006001-T1
GF00003705	DBVPG3444_005206-T1, DBVPG3444_005332-T1, DBVPG3775_006000-T1
GF00003706	DBVPG3444_005207-T1, DBVPG3444_005331-T1, DBVPG3775_005999-T1
GF00003707	DBVPG3444_005208-T1, DBVPG3444_005330-T1, DBVPG3775_005998-T1
GF00003708	DBVPG3444_005209-T1, DBVPG3444_005329-T1, DBVPG3775_005997-T1
GF00003709	DBVPG3444_005214-T1, DBVPG3444_005326-T1, DBVPG3775_005994-T1
GF00003710	DBVPG3444_005215-T1, DBVPG3444_005325-T1, DBVPG3775_005993-T1
GF00003711	DBVPG3444_005216-T1, DBVPG3444_005324-T1, DBVPG3775_005992-T1
GF00003712	DBVPG3444_005217-T1, DBVPG3444_005323-T1, DBVPG3775_005991-T1
GF00003713	DBVPG3444_005219-T1, DBVPG3444_005321-T1, DBVPG3775_005989-T1
GF00003714	DBVPG3444_005221-T1, DBVPG3444_005319-T1, DBVPG3775_005987-T1
GF00003715	DBVPG3444_005224-T1, DBVPG3444_005315-T1, DBVPG3775_005983-T1
GF00003716	DBVPG3444_005225-T1, DBVPG3444_005314-T1, DBVPG3775_005982-T1
GF00003717	DBVPG3444_005227-T1, DBVPG3444_005312-T1, DBVPG3775_005980-T1
GF00003718	DBVPG3444_005228-T1, DBVPG3444_005311-T1, DBVPG3775_005979-T1
GF00003719	DBVPG3444_005229-T1, DBVPG3444_005310-T1, DBVPG3775_005978-T1
GF00003720	DBVPG3444_005230-T1, DBVPG3444_005309-T1, DBVPG3775_005976-T1
GF00003721	DBVPG3444_005231-T1, DBVPG3444_005308-T1, DBVPG3775_005975-T1
GF00003722	DBVPG3444_005232-T1, DBVPG3444_005307-T1, DBVPG3775_005974-T1
GF00003723	DBVPG3444_005233-T1, DBVPG3444_005306-T1, DBVPG3775_005973-T1
GF00003724	DBVPG3444_005234-T1, DBVPG3444_005305-T1, DBVPG3775_005972-T1
GF00003725	DBVPG3444_005235-T1, DBVPG3444_005304-T1, DBVPG3775_005971-T1
GF00003726	DBVPG3444_005240-T1, DBVPG3444_005299-T1, DBVPG3775_005966-T1
GF00003727	DBVPG3444_005245-T1, DBVPG3444_009759-T1, DBVPG3775_001333-T1
GF00003728	DBVPG3444_005246-T1, DBVPG3444_009758-T1, DBVPG3775_001332-T1
GF00003729	DBVPG3444_005247-T1, DBVPG3444_009757-T1, DBVPG3775_001331-T1
GF00003730	DBVPG3444_005248-T1, DBVPG3444_009756-T1, DBVPG3775_001330-T1
GF00003731	DBVPG3444_005250-T1, DBVPG3444_009753-T1, DBVPG3775_001327-T1
GF00003732	DBVPG3444_005251-T1, DBVPG3444_009752-T1, DBVPG3775_001326-T1
GF00003733	DBVPG3444_005252-T1, DBVPG3444_009751-T1, DBVPG3775_001325-T1
GF00003734	DBVPG3444_005253-T1, DBVPG3444_009750-T1, DBVPG3775_001324-T1
GF00003735	DBVPG3444_005254-T1, DBVPG3444_009749-T1, DBVPG3775_001323-T1
GF00003736	DBVPG3444_005257-T1, DBVPG3444_009744-T1, DBVPG3775_001318-T1
GF00003737	DBVPG3444_005258-T1, DBVPG3444_009743-T1, DBVPG3775_001317-T1
GF00003738	DBVPG3444_005259-T1, DBVPG3444_009742-T1, DBVPG3775_001316-T1
GF00003739	DBVPG3444_005263-T1, DBVPG3444_009737-T1, DBVPG3775_001309-T1
GF00003740	DBVPG3444_005264-T1, DBVPG3444_009736-T1, DBVPG3775_001308-T1
GF00003741	DBVPG3444_005265-T1, DBVPG3444_009735-T1, DBVPG3775_001307-T1
GF00003742	DBVPG3444_005267-T1, DBVPG3444_009733-T1, DBVPG3775_001304-T1
GF00003743	DBVPG3444_005268-T1, DBVPG3444_009732-T1, DBVPG3775_001303-T1
GF00003744	DBVPG3444_005269-T1, DBVPG3444_009731-T1, DBVPG3775_001302-T1
GF00003745	DBVPG3444_005270-T1, DBVPG3444_009729-T1, DBVPG3775_001300-T1
GF00003746	DBVPG3444_005518-T1, DBVPG3444_014157-T1, DBVPG3775_005806-T1
GF00003747	DBVPG3444_005520-T1, DBVPG3444_014159-T1, DBVPG3775_005808-T1
GF00003748	DBVPG3444_005522-T1, DBVPG3444_014161-T1, DBVPG3775_005810-T1
GF00003749	DBVPG3444_005523-T1, DBVPG3444_014162-T1, DBVPG3775_005811-T1
GF00003750	DBVPG3444_005525-T1, DBVPG3444_014573-T1, DBVPG3775_005813-T1
GF00003751	DBVPG3444_005526-T1, DBVPG3444_014572-T1, DBVPG3775_005814-T1
GF00003752	DBVPG3444_005543-T1, DBVPG3444_006919-T1, DBVPG3775_007212-T1
GF00003753	DBVPG3444_005546-T1, DBVPG3444_006917-T1, DBVPG3775_007214-T1
GF00003754	DBVPG3444_005549-T1, DBVPG3444_006915-T1, DBVPG3775_007216-T1
GF00003755	DBVPG3444_005551-T1, DBVPG3444_006912-T1, DBVPG3775_007219-T1
GF00003756	DBVPG3444_005552-T1, DBVPG3444_006911-T1, DBVPG3775_007220-T1
GF00003757	DBVPG3444_007840-T1, DBVPG3444_011364-T1, DBVPG3775_000575-T1
GF00003758	DBVPG3444_005554-T1, DBVPG3444_006909-T1, DBVPG3775_007222-T1
GF00003759	DBVPG3444_005557-T1, DBVPG3444_006906-T1, DBVPG3775_007225-T1
GF00003760	DBVPG3444_005559-T1, DBVPG3444_006904-T1, DBVPG3775_007227-T1
GF00003761	DBVPG3444_005560-T1, DBVPG3444_006903-T1, DBVPG3775_007228-T1
GF00003762	DBVPG3444_005564-T1, DBVPG3444_006901-T1, DBVPG3775_006855-T1
GF00003763	DBVPG3444_005565-T1, DBVPG3444_006900-T1, DBVPG3775_006856-T1
GF00003764	DBVPG3444_005568-T1, DBVPG3444_014439-T1, DBVPG3775_000040-T1
GF00003765	DBVPG3444_014712-T1, DBVPG3444_007772-T1, DBVPG3775_000306-T1
GF00003766	DBVPG3444_005570-T1, DBVPG3444_013674-T1, DBVPG3775_000042-T1
GF00003767	DBVPG3444_005571-T1, DBVPG3444_013675-T1, DBVPG3775_000043-T1
GF00003768	DBVPG3444_005572-T1, DBVPG3444_013676-T1, DBVPG3775_000044-T1
GF00003769	DBVPG3444_005574-T1, DBVPG3444_013678-T1, DBVPG3775_000046-T1
GF00003770	DBVPG3444_005575-T1, DBVPG3444_013679-T1, DBVPG3775_000047-T1
GF00003771	DBVPG3444_005576-T1, DBVPG3444_013680-T1, DBVPG3775_000048-T1
GF00003772	DBVPG3444_005578-T1, DBVPG3444_007283-T1, DBVPG3775_000050-T1
GF00003773	DBVPG3444_005579-T1, DBVPG3444_007284-T1, DBVPG3775_000051-T1
GF00003774	DBVPG3444_005581-T1, DBVPG3444_007286-T1, DBVPG3775_000053-T1
GF00003775	DBVPG3444_005583-T1, DBVPG3444_007288-T1, DBVPG3775_000055-T1
GF00003776	DBVPG3444_005584-T1, DBVPG3444_007289-T1, DBVPG3775_000056-T1
GF00003777	DBVPG3444_005585-T1, DBVPG3444_007290-T1, DBVPG3775_000057-T1
GF00003778	DBVPG3444_005586-T1, DBVPG3444_007291-T1, DBVPG3775_000058-T1
GF00003779	DBVPG3444_005588-T1, DBVPG3444_007293-T1, DBVPG3775_000060-T1
GF00003780	DBVPG3444_005589-T1, DBVPG3444_007294-T1, DBVPG3775_000061-T1
GF00003781	DBVPG3444_005592-T1, DBVPG3444_007295-T1, DBVPG3775_000064-T1
GF00003782	DBVPG3444_012971-T1, DBVPG3444_013945-T1, DBVPG3775_006782-T1
GF00003783	DBVPG3444_005594-T1, DBVPG3444_007297-T1, DBVPG3775_000066-T1
GF00003784	DBVPG3444_005595-T1, DBVPG3444_007298-T1, DBVPG3775_000067-T1
GF00003785	DBVPG3444_005597-T1, DBVPG3444_007300-T1, DBVPG3775_000069-T1
GF00003786	DBVPG3444_005603-T1, DBVPG3444_007305-T1, DBVPG3775_000074-T1
GF00003787	DBVPG3444_005604-T1, DBVPG3444_007306-T1, DBVPG3775_000075-T1
GF00003788	DBVPG3444_005605-T1, DBVPG3444_007307-T1, DBVPG3775_000076-T1
GF00003789	DBVPG3444_005606-T1, DBVPG3444_007308-T1, DBVPG3775_000077-T1
GF00003790	DBVPG3444_005607-T1, DBVPG3444_007309-T1, DBVPG3775_000078-T1
GF00003791	DBVPG3444_005609-T1, DBVPG3444_007311-T1, DBVPG3775_000080-T1
GF00003792	DBVPG3444_005612-T1, DBVPG3444_007314-T1, DBVPG3775_000083-T1
GF00003793	DBVPG3444_005614-T1, DBVPG3444_007316-T1, DBVPG3775_000085-T1
GF00003794	DBVPG3444_005615-T1, DBVPG3444_007317-T1, DBVPG3775_000086-T1
GF00003795	DBVPG3444_005616-T1, DBVPG3444_007318-T1, DBVPG3775_000087-T1
GF00003796	DBVPG3444_005617-T1, DBVPG3444_007319-T1, DBVPG3775_000088-T1
GF00003797	DBVPG3444_005618-T1, DBVPG3444_007320-T1, DBVPG3775_000089-T1
GF00003798	DBVPG3444_005620-T1, DBVPG3444_007323-T1, DBVPG3775_000091-T1
GF00003799	DBVPG3444_005650-T1, DBVPG3444_008682-T1, DBVPG3775_005016-T1
GF00003800	DBVPG3444_005651-T1, DBVPG3444_008683-T1, DBVPG3775_005015-T1
GF00003801	DBVPG3444_005654-T1, DBVPG3444_008687-T1, DBVPG3775_005012-T1
GF00003802	DBVPG3444_005655-T1, DBVPG3444_008688-T1, DBVPG3775_005011-T1
GF00003803	DBVPG3444_005656-T1, DBVPG3444_008689-T1, DBVPG3775_005010-T1
GF00003804	DBVPG3444_005657-T1, DBVPG3444_008690-T1, DBVPG3775_005009-T1
GF00003805	DBVPG3444_005659-T1, DBVPG3444_008692-T1, DBVPG3775_005007-T1
GF00003806	DBVPG3444_005661-T1, DBVPG3444_008694-T1, DBVPG3775_005005-T1
GF00003807	DBVPG3444_005662-T1, DBVPG3444_008695-T1, DBVPG3775_005004-T1
GF00003808	DBVPG3444_005663-T1, DBVPG3444_008696-T1, DBVPG3775_005003-T1
GF00003809	DBVPG3444_005677-T1, DBVPG3444_008681-T1, DBVPG3775_004990-T1
GF00003810	DBVPG3444_005679-T1, DBVPG3444_008679-T1, DBVPG3775_004988-T1
GF00003811	DBVPG3444_005720-T1, DBVPG3444_013980-T1, DBVPG3775_001870-T1
GF00003812	DBVPG3444_005721-T1, DBVPG3444_013981-T1, DBVPG3775_001871-T1
GF00003813	DBVPG3444_005724-T1, DBVPG3444_013984-T1, DBVPG3775_001874-T1
GF00003814	DBVPG3444_005725-T1, DBVPG3444_013985-T1, DBVPG3775_001875-T1
GF00003815	DBVPG3444_005726-T1, DBVPG3444_013986-T1, DBVPG3775_001876-T1
GF00003816	DBVPG3444_005728-T1, DBVPG3444_014008-T1, DBVPG3775_001878-T1
GF00003817	DBVPG3444_005729-T1, DBVPG3444_014007-T1, DBVPG3775_001879-T1
GF00003818	DBVPG3444_005733-T1, DBVPG3444_014004-T1, DBVPG3775_001882-T1
GF00003819	DBVPG3444_005734-T1, DBVPG3444_014003-T1, DBVPG3775_001883-T1
GF00003820	DBVPG3444_005735-T1, DBVPG3444_014002-T1, DBVPG3775_001884-T1
GF00003821	DBVPG3444_005736-T1, DBVPG3444_014001-T1, DBVPG3775_001885-T1
GF00003822	DBVPG3444_005737-T1, DBVPG3444_014000-T1, DBVPG3775_001886-T1
GF00003823	DBVPG3444_005744-T1, DBVPG3444_006019-T1, DBVPG3775_002223-T1
GF00003824	DBVPG3444_005745-T1, DBVPG3444_006020-T1, DBVPG3775_002222-T1
GF00003825	DBVPG3444_005746-T1, DBVPG3444_006021-T1, DBVPG3775_002221-T1
GF00003826	DBVPG3444_005750-T1, DBVPG3444_006025-T1, DBVPG3775_002217-T1
GF00003827	DBVPG3444_005753-T1, DBVPG3444_006028-T1, DBVPG3775_002214-T1
GF00003828	DBVPG3444_005754-T1, DBVPG3444_006029-T1, DBVPG3775_002213-T1
GF00003829	DBVPG3444_005756-T1, DBVPG3444_006031-T1, DBVPG3775_002211-T1
GF00003830	DBVPG3444_005763-T1, DBVPG3444_006039-T1, DBVPG3775_002204-T1
GF00003831	DBVPG3444_005764-T1, DBVPG3444_006040-T1, DBVPG3775_002203-T1
GF00003832	DBVPG3444_005768-T1, DBVPG3444_014333-T1, DBVPG3775_002200-T1
GF00003833	DBVPG3444_005769-T1, DBVPG3444_014334-T1, DBVPG3775_002199-T1
GF00003834	DBVPG3444_005770-T1, DBVPG3444_014335-T1, DBVPG3775_002198-T1
GF00003835	DBVPG3444_005771-T1, DBVPG3444_014336-T1, DBVPG3775_002197-T1
GF00003836	DBVPG3444_005780-T1, DBVPG3444_013167-T1, DBVPG3775_002187-T1
GF00003837	DBVPG3444_005781-T1, DBVPG3444_013168-T1, DBVPG3775_002186-T1
GF00003838	DBVPG3444_005783-T1, DBVPG3444_013169-T1, DBVPG3775_002184-T1
GF00003839	DBVPG3444_005784-T1, DBVPG3444_013170-T1, DBVPG3775_002183-T1
GF00003840	DBVPG3444_005785-T1, DBVPG3444_013171-T1, DBVPG3775_002182-T1
GF00003841	DBVPG3444_005791-T1, DBVPG3444_013175-T1, DBVPG3775_002176-T1
GF00003842	DBVPG3444_005792-T1, DBVPG3444_013176-T1, DBVPG3775_002175-T1
GF00003843	DBVPG3444_005795-T1, DBVPG3444_013533-T1, DBVPG3775_002172-T1
GF00003844	DBVPG3444_005796-T1, DBVPG3444_013534-T1, DBVPG3775_002171-T1
GF00003845	DBVPG3444_005797-T1, DBVPG3444_013535-T1, DBVPG3775_002170-T1
GF00003846	DBVPG3444_005799-T1, DBVPG3444_013537-T1, DBVPG3775_002168-T1
GF00003847	DBVPG3444_005800-T1, DBVPG3444_013538-T1, DBVPG3775_002167-T1
GF00003848	DBVPG3444_005801-T1, DBVPG3444_013539-T1, DBVPG3775_002166-T1
GF00003849	DBVPG3444_005805-T1, DBVPG3444_013542-T1, DBVPG3775_002163-T1
GF00003850	DBVPG3444_005807-T1, DBVPG3444_013544-T1, DBVPG3775_002161-T1
GF00003851	DBVPG3444_005809-T1, DBVPG3444_010759-T1, DBVPG3775_004481-T1
GF00003852	DBVPG3444_005810-T1, DBVPG3444_010758-T1, DBVPG3775_004480-T1
GF00003853	DBVPG3444_005812-T1, DBVPG3444_010756-T1, DBVPG3775_004478-T1
GF00003854	DBVPG3444_005813-T1, DBVPG3444_010755-T1, DBVPG3775_004477-T1
GF00003855	DBVPG3444_005814-T1, DBVPG3444_010754-T1, DBVPG3775_004476-T1
GF00003856	DBVPG3444_005815-T1, DBVPG3444_010753-T1, DBVPG3775_004475-T1
GF00003857	DBVPG3444_005816-T1, DBVPG3444_010752-T1, DBVPG3775_004474-T1
GF00003858	DBVPG3444_005817-T1, DBVPG3444_010751-T1, DBVPG3775_004473-T1
GF00003859	DBVPG3444_005819-T1, DBVPG3444_010749-T1, DBVPG3775_004471-T1
GF00003860	DBVPG3444_005820-T1, DBVPG3444_010748-T1, DBVPG3775_004470-T1
GF00003861	DBVPG3444_005822-T1, DBVPG3444_010746-T1, DBVPG3775_004468-T1
GF00003862	DBVPG3444_005823-T1, DBVPG3444_010745-T1, DBVPG3775_004467-T1
GF00003863	DBVPG3444_005824-T1, DBVPG3444_010744-T1, DBVPG3775_004465-T1
GF00003864	DBVPG3444_005825-T1, DBVPG3444_010743-T1, DBVPG3775_004464-T1
GF00003865	DBVPG3444_005826-T1, DBVPG3444_010742-T1, DBVPG3775_004463-T1
GF00003866	DBVPG3444_005828-T1, DBVPG3444_010740-T1, DBVPG3775_004461-T1
GF00003867	DBVPG3444_005829-T1, DBVPG3444_010739-T1, DBVPG3775_004460-T1
GF00003868	DBVPG3444_005831-T1, DBVPG3444_010737-T1, DBVPG3775_004458-T1
GF00003869	DBVPG3444_005832-T1, DBVPG3444_011488-T1, DBVPG3775_004457-T1
GF00003870	DBVPG3444_005833-T1, DBVPG3444_011487-T1, DBVPG3775_004456-T1
GF00003871	DBVPG3444_005838-T1, DBVPG3444_011481-T1, DBVPG3775_004451-T1
GF00003872	DBVPG3444_005841-T1, DBVPG3444_011478-T1, DBVPG3775_004448-T1
GF00003873	DBVPG3444_005842-T1, DBVPG3444_011477-T1, DBVPG3775_004447-T1
GF00003874	DBVPG3444_005843-T1, DBVPG3444_011476-T1, DBVPG3775_004446-T1
GF00003875	DBVPG3444_005844-T1, DBVPG3444_011475-T1, DBVPG3775_004445-T1
GF00003876	DBVPG3444_005846-T1, DBVPG3444_011474-T1, DBVPG3775_004443-T1
GF00003877	DBVPG3444_005847-T1, DBVPG3444_011473-T1, DBVPG3775_004442-T1
GF00003878	DBVPG3444_005851-T1, DBVPG3444_011471-T1, DBVPG3775_004439-T1
GF00003879	DBVPG3444_005852-T1, DBVPG3444_011470-T1, DBVPG3775_004438-T1
GF00003880	DBVPG3444_005853-T1, DBVPG3444_011469-T1, DBVPG3775_004437-T1
GF00003881	DBVPG3444_005855-T1, DBVPG3444_011467-T1, DBVPG3775_004434-T1
GF00003882	DBVPG3444_005856-T1, DBVPG3444_011466-T1, DBVPG3775_004433-T1
GF00003883	DBVPG3444_005857-T1, DBVPG3444_011465-T1, DBVPG3775_004432-T1
GF00003884	DBVPG3444_005858-T1, DBVPG3444_011464-T1, DBVPG3775_004431-T1
GF00003885	DBVPG3444_005861-T1, DBVPG3444_012741-T1, DBVPG3775_004428-T1
GF00003886	DBVPG3444_005864-T1, DBVPG3444_012743-T1, DBVPG3775_004426-T1
GF00003887	DBVPG3444_005869-T1, DBVPG3444_006734-T1, DBVPG3775_006077-T1
GF00003888	DBVPG3444_005870-T1, DBVPG3444_006735-T1, DBVPG3775_006078-T1
GF00003889	DBVPG3444_005871-T1, DBVPG3444_006736-T1, DBVPG3775_006081-T1
GF00003890	DBVPG3444_005876-T1, DBVPG3444_006741-T1, DBVPG3775_006398-T1
GF00003891	DBVPG3444_005878-T1, DBVPG3444_006743-T1, DBVPG3775_006396-T1
GF00003892	DBVPG3444_005879-T1, DBVPG3444_006744-T1, DBVPG3775_006395-T1
GF00003893	DBVPG3444_005880-T1, DBVPG3444_006745-T1, DBVPG3775_006394-T1
GF00003894	DBVPG3444_005881-T1, DBVPG3444_006746-T1, DBVPG3775_006393-T1
GF00003895	DBVPG3444_005882-T1, DBVPG3444_006747-T1, DBVPG3775_006392-T1
GF00003896	DBVPG3444_005883-T1, DBVPG3444_006748-T1, DBVPG3775_006391-T1
GF00003897	DBVPG3444_005884-T1, DBVPG3444_006749-T1, DBVPG3775_006390-T1
GF00003898	DBVPG3444_005885-T1, DBVPG3444_006750-T1, DBVPG3775_006389-T1
GF00003899	DBVPG3444_005887-T1, DBVPG3444_006752-T1, DBVPG3775_006387-T1
GF00003900	DBVPG3444_005888-T1, DBVPG3444_006753-T1, DBVPG3775_006386-T1
GF00003901	DBVPG3444_005889-T1, DBVPG3444_006754-T1, DBVPG3775_006385-T1
GF00003902	DBVPG3444_005890-T1, DBVPG3444_006755-T1, DBVPG3775_006384-T1
GF00003903	DBVPG3444_005891-T1, DBVPG3444_006756-T1, DBVPG3775_006383-T1
GF00003904	DBVPG3444_005892-T1, DBVPG3444_006757-T1, DBVPG3775_006382-T1
GF00003905	DBVPG3444_005895-T1, DBVPG3444_006759-T1, DBVPG3775_006380-T1
GF00003906	DBVPG3444_005896-T1, DBVPG3444_006760-T1, DBVPG3775_006379-T1
GF00003907	DBVPG3444_005897-T1, DBVPG3444_006761-T1, DBVPG3775_006378-T1
GF00003908	DBVPG3444_005901-T1, DBVPG3444_006765-T1, DBVPG3775_006373-T1
GF00003909	DBVPG3444_005902-T1, DBVPG3444_006766-T1, DBVPG3775_006372-T1
GF00003910	DBVPG3444_005905-T1, DBVPG3444_006769-T1, DBVPG3775_006369-T1
GF00003911	DBVPG3444_005906-T1, DBVPG3444_006770-T1, DBVPG3775_006368-T1
GF00003912	DBVPG3444_005907-T1, DBVPG3444_006771-T1, DBVPG3775_006367-T1
GF00003913	DBVPG3444_005908-T1, DBVPG3444_006772-T1, DBVPG3775_006366-T1
GF00003914	DBVPG3444_005911-T1, DBVPG3444_006774-T1, DBVPG3775_006363-T1
GF00003915	DBVPG3444_005913-T1, DBVPG3444_006776-T1, DBVPG3775_006361-T1
GF00003916	DBVPG3444_005914-T1, DBVPG3444_006777-T1, DBVPG3775_006360-T1
GF00003917	DBVPG3444_005915-T1, DBVPG3444_006778-T1, DBVPG3775_006359-T1
GF00003918	DBVPG3444_005916-T1, DBVPG3444_006779-T1, DBVPG3775_006358-T1
GF00003919	DBVPG3444_005921-T1, DBVPG3444_014126-T1, DBVPG3775_006353-T1
GF00003920	DBVPG3444_005922-T1, DBVPG3444_014127-T1, DBVPG3775_006352-T1
GF00003921	DBVPG3444_005923-T1, DBVPG3444_014128-T1, DBVPG3775_006351-T1
GF00003922	DBVPG3444_005924-T1, DBVPG3444_007605-T1, DBVPG3775_004570-T1
GF00003923	DBVPG3444_005925-T1, DBVPG3444_007604-T1, DBVPG3775_004569-T1
GF00003924	DBVPG3444_005926-T1, DBVPG3444_007603-T1, DBVPG3775_004568-T1
GF00003925	DBVPG3444_005927-T1, DBVPG3444_007602-T1, DBVPG3775_004567-T1
GF00003926	DBVPG3444_005929-T1, DBVPG3444_007600-T1, DBVPG3775_004565-T1
GF00003927	DBVPG3444_005932-T1, DBVPG3444_007597-T1, DBVPG3775_004562-T1
GF00003928	DBVPG3444_005933-T1, DBVPG3444_007596-T1, DBVPG3775_004561-T1
GF00003929	DBVPG3444_005934-T1, DBVPG3444_007595-T1, DBVPG3775_004560-T1
GF00003930	DBVPG3444_005938-T1, DBVPG3444_007592-T1, DBVPG3775_004555-T1
GF00003931	DBVPG3444_005939-T1, DBVPG3444_007591-T1, DBVPG3775_004554-T1
GF00003932	DBVPG3444_005941-T1, DBVPG3444_007589-T1, DBVPG3775_004552-T1
GF00003933	DBVPG3444_005942-T1, DBVPG3444_007588-T1, DBVPG3775_004551-T1
GF00003934	DBVPG3444_005943-T1, DBVPG3444_007587-T1, DBVPG3775_004550-T1
GF00003935	DBVPG3444_005945-T1, DBVPG3444_007584-T1, DBVPG3775_004548-T1
GF00003936	DBVPG3444_005946-T1, DBVPG3444_007583-T1, DBVPG3775_004547-T1
GF00003937	DBVPG3444_005947-T1, DBVPG3444_007582-T1, DBVPG3775_004546-T1
GF00003938	DBVPG3444_005950-T1, DBVPG3444_007579-T1, DBVPG3775_004543-T1
GF00003939	DBVPG3444_005951-T1, DBVPG3444_007578-T1, DBVPG3775_004542-T1
GF00003940	DBVPG3444_005956-T1, DBVPG3444_007574-T1, DBVPG3775_004537-T1
GF00003941	DBVPG3444_005959-T1, DBVPG3444_014616-T1, DBVPG3775_004534-T1
GF00003942	DBVPG3444_005961-T1, DBVPG3444_014619-T1, DBVPG3775_004532-T1
GF00003943	DBVPG3444_005962-T1, DBVPG3444_014620-T1, DBVPG3775_004531-T1
GF00003944	DBVPG3444_005964-T1, DBVPG3444_013895-T1, DBVPG3775_004529-T1
GF00003945	DBVPG3444_005965-T1, DBVPG3444_013894-T1, DBVPG3775_004528-T1
GF00003946	DBVPG3444_005966-T1, DBVPG3444_013893-T1, DBVPG3775_004527-T1
GF00003947	DBVPG3444_005967-T1, DBVPG3444_013892-T1, DBVPG3775_004526-T1
GF00003948	DBVPG3444_005968-T1, DBVPG3444_013891-T1, DBVPG3775_004525-T1
GF00003949	DBVPG3444_005969-T1, DBVPG3444_013890-T1, DBVPG3775_004524-T1
GF00003950	DBVPG3444_005970-T1, DBVPG3444_013889-T1, DBVPG3775_004523-T1
GF00003951	DBVPG3444_005971-T1, DBVPG3444_013888-T1, DBVPG3775_004522-T1
GF00003952	DBVPG3444_005977-T1, DBVPG3444_008270-T1, DBVPG3775_004517-T1
GF00003953	DBVPG3444_005978-T1, DBVPG3444_008271-T1, DBVPG3775_004516-T1
GF00003954	DBVPG3444_005984-T1, DBVPG3444_012597-T1, DBVPG3775_004634-T1
GF00003955	DBVPG3444_005988-T1, DBVPG3444_012593-T1, DBVPG3775_004638-T1
GF00003956	DBVPG3444_005991-T1, DBVPG3444_012591-T1, DBVPG3775_004640-T1
GF00003957	DBVPG3444_005994-T1, DBVPG3444_014370-T1, DBVPG3775_004643-T1
GF00003958	DBVPG3444_005995-T1, DBVPG3444_014369-T1, DBVPG3775_004644-T1
GF00003959	DBVPG3444_005996-T1, DBVPG3444_014368-T1, DBVPG3775_004645-T1
GF00003960	DBVPG3444_006001-T1, DBVPG3444_010273-T1, DBVPG3775_004649-T1
GF00003961	DBVPG3444_006002-T1, DBVPG3444_010274-T1, DBVPG3775_004650-T1
GF00003962	DBVPG3444_006004-T1, DBVPG3444_010277-T1, DBVPG3775_004653-T1
GF00003963	DBVPG3444_006005-T1, DBVPG3444_010278-T1, DBVPG3775_004654-T1
GF00003964	DBVPG3444_006006-T1, DBVPG3444_010279-T1, DBVPG3775_004655-T1
GF00003965	DBVPG3444_006007-T1, DBVPG3444_010280-T1, DBVPG3775_004656-T1
GF00003966	DBVPG3444_006008-T1, DBVPG3444_010281-T1, DBVPG3775_004657-T1
GF00003967	DBVPG3444_006009-T1, DBVPG3444_010282-T1, DBVPG3775_004658-T1
GF00003968	DBVPG3444_006011-T1, DBVPG3444_010284-T1, DBVPG3775_004660-T1
GF00003969	DBVPG3444_006012-T1, DBVPG3444_010285-T1, DBVPG3775_004661-T1
GF00003970	DBVPG3444_006014-T1, DBVPG3444_010287-T1, DBVPG3775_004663-T1
GF00003971	DBVPG3444_006045-T1, DBVPG3444_010407-T1, DBVPG3775_003313-T1
GF00003972	DBVPG3444_006047-T1, DBVPG3444_010409-T1, DBVPG3775_003311-T1
GF00003973	DBVPG3444_006048-T1, DBVPG3444_010410-T1, DBVPG3775_003310-T1
GF00003974	DBVPG3444_006050-T1, DBVPG3444_010412-T1, DBVPG3775_003308-T1
GF00003975	DBVPG3444_006051-T1, DBVPG3444_010413-T1, DBVPG3775_003307-T1
GF00003976	DBVPG3444_006055-T1, DBVPG3444_010417-T1, DBVPG3775_003304-T1
GF00003977	DBVPG3444_006056-T1, DBVPG3444_010418-T1, DBVPG3775_003303-T1
GF00003978	DBVPG3444_006059-T1, DBVPG3444_014818-T1, DBVPG3775_003300-T1
GF00003979	DBVPG3444_006247-T1, DBVPG3444_010333-T1, DBVPG3775_001034-T1
GF00003980	DBVPG3444_006250-T1, DBVPG3444_014666-T1, DBVPG3775_001032-T1
GF00003981	DBVPG3444_006251-T1, DBVPG3444_014665-T1, DBVPG3775_001031-T1
GF00003982	DBVPG3444_006252-T1, DBVPG3444_014664-T1, DBVPG3775_001030-T1
GF00003983	DBVPG3444_006253-T1, DBVPG3444_014663-T1, DBVPG3775_001029-T1
GF00003984	DBVPG3444_006254-T1, DBVPG3444_014662-T1, DBVPG3775_001028-T1
GF00003985	DBVPG3444_006259-T1, DBVPG3444_008103-T1, DBVPG3775_001026-T1
GF00003986	DBVPG3444_006261-T1, DBVPG3444_008101-T1, DBVPG3775_001024-T1
GF00003987	DBVPG3444_006262-T1, DBVPG3444_008100-T1, DBVPG3775_001023-T1
GF00003988	DBVPG3444_006263-T1, DBVPG3444_008099-T1, DBVPG3775_001022-T1
GF00003989	DBVPG3444_006264-T1, DBVPG3444_008098-T1, DBVPG3775_001021-T1
GF00003990	DBVPG3444_006266-T1, DBVPG3444_008095-T1, DBVPG3775_001019-T1
GF00003991	DBVPG3444_006268-T1, DBVPG3444_008093-T1, DBVPG3775_001017-T1
GF00003992	DBVPG3444_006269-T1, DBVPG3444_008092-T1, DBVPG3775_001016-T1
GF00003993	DBVPG3444_006270-T1, DBVPG3444_008091-T1, DBVPG3775_001015-T1
GF00003994	DBVPG3444_006271-T1, DBVPG3444_008090-T1, DBVPG3775_001014-T1
GF00003995	DBVPG3444_006272-T1, DBVPG3444_008089-T1, DBVPG3775_001013-T1
GF00003996	DBVPG3444_006273-T1, DBVPG3444_008088-T1, DBVPG3775_001012-T1
GF00003997	DBVPG3444_006274-T1, DBVPG3444_008087-T1, DBVPG3775_001011-T1
GF00003998	DBVPG3444_006275-T1, DBVPG3444_008086-T1, DBVPG3775_001010-T1
GF00003999	DBVPG3444_006276-T1, DBVPG3444_008085-T1, DBVPG3775_001009-T1
GF00004000	DBVPG3444_006277-T1, DBVPG3444_008084-T1, DBVPG3775_001008-T1
GF00004001	DBVPG3444_006280-T1, DBVPG3444_008081-T1, DBVPG3775_001005-T1
GF00004002	DBVPG3444_006281-T1, DBVPG3444_008080-T1, DBVPG3775_001004-T1
GF00004003	DBVPG3444_006282-T1, DBVPG3444_008079-T1, DBVPG3775_001003-T1
GF00004004	DBVPG3444_006931-T1, DBVPG3444_011124-T1, DBVPG3775_007200-T1
GF00004005	DBVPG3444_006283-T1, DBVPG3444_008078-T1, DBVPG3775_001002-T1
GF00004006	DBVPG3444_006284-T1, DBVPG3444_008077-T1, DBVPG3775_001001-T1
GF00004007	DBVPG3444_006289-T1, DBVPG3444_008073-T1, DBVPG3775_000997-T1
GF00004008	DBVPG3444_006290-T1, DBVPG3444_008072-T1, DBVPG3775_000996-T1
GF00004009	DBVPG3444_006294-T1, DBVPG3444_008068-T1, DBVPG3775_000992-T1
GF00004010	DBVPG3444_006303-T1, DBVPG3444_013807-T1, DBVPG3775_005728-T1
GF00004011	DBVPG3444_006304-T1, DBVPG3444_013806-T1, DBVPG3775_005729-T1
GF00004012	DBVPG3444_006305-T1, DBVPG3444_013805-T1, DBVPG3775_005730-T1
GF00004013	DBVPG3444_006306-T1, DBVPG3444_013804-T1, DBVPG3775_005731-T1
GF00004014	DBVPG3444_006307-T1, DBVPG3444_013803-T1, DBVPG3775_005732-T1
GF00004015	DBVPG3444_006308-T1, DBVPG3444_013802-T1, DBVPG3775_005733-T1
GF00004016	DBVPG3444_006309-T1, DBVPG3444_013801-T1, DBVPG3775_005734-T1
GF00004017	DBVPG3444_006314-T1, DBVPG3444_011139-T1, DBVPG3775_005737-T1
GF00004018	DBVPG3444_006315-T1, DBVPG3444_011138-T1, DBVPG3775_005738-T1
GF00004019	DBVPG3444_006317-T1, DBVPG3444_011137-T1, DBVPG3775_005739-T1
GF00004020	DBVPG3444_006318-T1, DBVPG3444_011136-T1, DBVPG3775_005740-T1
GF00004021	DBVPG3444_006322-T1, DBVPG3444_011134-T1, DBVPG3775_005744-T1
GF00004022	DBVPG3444_006324-T1, DBVPG3444_011132-T1, DBVPG3775_005746-T1
GF00004023	DBVPG3444_006325-T1, DBVPG3444_011131-T1, DBVPG3775_005747-T1
GF00004024	DBVPG3444_006326-T1, DBVPG3444_011130-T1, DBVPG3775_005748-T1
GF00004025	DBVPG3444_006327-T1, DBVPG3444_011129-T1, DBVPG3775_005749-T1
GF00004026	DBVPG3444_006329-T1, DBVPG3444_011127-T1, DBVPG3775_005751-T1
GF00004027	DBVPG3444_006336-T1, DBVPG3444_009951-T1, DBVPG3775_005759-T1
GF00004028	DBVPG3444_006337-T1, DBVPG3444_009950-T1, DBVPG3775_005760-T1
GF00004029	DBVPG3444_006338-T1, DBVPG3444_009949-T1, DBVPG3775_005761-T1
GF00004030	DBVPG3444_006339-T1, DBVPG3444_009948-T1, DBVPG3775_005762-T1
GF00004031	DBVPG3444_006341-T1, DBVPG3444_009947-T1, DBVPG3775_005766-T1
GF00004032	DBVPG3444_006343-T1, DBVPG3444_009945-T1, DBVPG3775_005768-T1
GF00004033	DBVPG3444_006348-T1, DBVPG3444_007646-T1, DBVPG3775_000823-T1
GF00004034	DBVPG3444_006350-T1, DBVPG3444_007648-T1, DBVPG3775_000821-T1
GF00004035	DBVPG3444_006353-T1, DBVPG3444_007652-T1, DBVPG3775_000817-T1
GF00004036	DBVPG3444_006355-T1, DBVPG3444_007654-T1, DBVPG3775_000815-T1
GF00004037	DBVPG3444_006357-T1, DBVPG3444_007656-T1, DBVPG3775_000813-T1
GF00004038	DBVPG3444_006358-T1, DBVPG3444_007657-T1, DBVPG3775_000812-T1
GF00004039	DBVPG3444_006360-T1, DBVPG3444_007659-T1, DBVPG3775_000810-T1
GF00004040	DBVPG3444_006363-T1, DBVPG3444_007662-T1, DBVPG3775_000806-T1
GF00004041	DBVPG3444_006365-T1, DBVPG3444_007664-T1, DBVPG3775_000804-T1
GF00004042	DBVPG3444_006368-T1, DBVPG3444_007666-T1, DBVPG3775_000802-T1
GF00004043	DBVPG3444_006370-T1, DBVPG3444_007668-T1, DBVPG3775_000800-T1
GF00004044	DBVPG3444_006371-T1, DBVPG3444_007669-T1, DBVPG3775_000799-T1
GF00004045	DBVPG3444_006372-T1, DBVPG3444_007670-T1, DBVPG3775_000798-T1
GF00004046	DBVPG3444_006373-T1, DBVPG3444_007671-T1, DBVPG3775_000797-T1
GF00004047	DBVPG3444_006374-T1, DBVPG3444_007672-T1, DBVPG3775_000796-T1
GF00004048	DBVPG3444_006375-T1, DBVPG3444_007673-T1, DBVPG3775_000795-T1
GF00004049	DBVPG3444_006380-T1, DBVPG3444_007677-T1, DBVPG3775_000791-T1
GF00004050	DBVPG3444_006383-T1, DBVPG3444_007680-T1, DBVPG3775_000788-T1
GF00004051	DBVPG3444_006384-T1, DBVPG3444_007681-T1, DBVPG3775_000787-T1
GF00004052	DBVPG3444_006386-T1, DBVPG3444_007683-T1, DBVPG3775_000785-T1
GF00004053	DBVPG3444_006387-T1, DBVPG3444_007684-T1, DBVPG3775_000784-T1
GF00004054	DBVPG3444_006388-T1, DBVPG3444_007685-T1, DBVPG3775_000783-T1
GF00004055	DBVPG3444_006390-T1, DBVPG3444_007687-T1, DBVPG3775_000781-T1
GF00004056	DBVPG3444_006400-T1, DBVPG3444_010640-T1, DBVPG3775_004413-T1
GF00004057	DBVPG3444_006401-T1, DBVPG3444_010641-T1, DBVPG3775_004412-T1
GF00004058	DBVPG3444_006402-T1, DBVPG3444_010642-T1, DBVPG3775_004411-T1
GF00004059	DBVPG3444_006407-T1, DBVPG3444_010647-T1, DBVPG3775_004407-T1
GF00004060	DBVPG3444_006409-T1, DBVPG3444_010649-T1, DBVPG3775_004405-T1
GF00004061	DBVPG3444_006410-T1, DBVPG3444_010650-T1, DBVPG3775_004404-T1
GF00004062	DBVPG3444_006412-T1, DBVPG3444_010652-T1, DBVPG3775_004402-T1
GF00004063	DBVPG3444_006413-T1, DBVPG3444_010653-T1, DBVPG3775_004401-T1
GF00004064	DBVPG3444_006414-T1, DBVPG3444_010654-T1, DBVPG3775_004400-T1
GF00004065	DBVPG3444_006415-T1, DBVPG3444_010655-T1, DBVPG3775_004399-T1
GF00004066	DBVPG3444_006416-T1, DBVPG3444_010656-T1, DBVPG3775_004398-T1
GF00004067	DBVPG3444_006418-T1, DBVPG3444_010657-T1, DBVPG3775_004396-T1
GF00004068	DBVPG3444_006419-T1, DBVPG3444_010658-T1, DBVPG3775_004395-T1
GF00004069	DBVPG3444_006420-T1, DBVPG3444_010659-T1, DBVPG3775_004394-T1
GF00004070	DBVPG3444_006421-T1, DBVPG3444_010660-T1, DBVPG3775_004393-T1
GF00004071	DBVPG3444_006424-T1, DBVPG3444_009404-T1, DBVPG3775_004390-T1
GF00004072	DBVPG3444_006428-T1, DBVPG3444_009400-T1, DBVPG3775_004386-T1
GF00004073	DBVPG3444_006429-T1, DBVPG3444_009399-T1, DBVPG3775_004385-T1
GF00004074	DBVPG3444_006430-T1, DBVPG3444_009398-T1, DBVPG3775_004384-T1
GF00004075	DBVPG3444_006431-T1, DBVPG3444_009397-T1, DBVPG3775_004383-T1
GF00004076	DBVPG3444_006434-T1, DBVPG3444_009395-T1, DBVPG3775_004380-T1
GF00004077	DBVPG3444_006435-T1, DBVPG3444_009394-T1, DBVPG3775_004379-T1
GF00004078	DBVPG3444_006441-T1, DBVPG3444_009389-T1, DBVPG3775_004372-T1
GF00004079	DBVPG3444_006442-T1, DBVPG3444_009388-T1, DBVPG3775_004371-T1
GF00004080	DBVPG3444_006446-T1, DBVPG3444_009383-T1, DBVPG3775_004363-T1
GF00004081	DBVPG3444_006447-T1, DBVPG3444_009382-T1, DBVPG3775_004362-T1
GF00004082	DBVPG3444_006448-T1, DBVPG3444_009381-T1, DBVPG3775_004361-T1
GF00004083	DBVPG3444_006449-T1, DBVPG3444_009380-T1, DBVPG3775_004360-T1
GF00004084	DBVPG3444_006450-T1, DBVPG3444_009379-T1, DBVPG3775_004359-T1
GF00004085	DBVPG3444_006452-T1, DBVPG3444_009377-T1, DBVPG3775_004357-T1
GF00004086	DBVPG3444_006453-T1, DBVPG3444_009376-T1, DBVPG3775_004356-T1
GF00004087	DBVPG3444_006454-T1, DBVPG3444_009375-T1, DBVPG3775_004355-T1
GF00004088	DBVPG3444_006455-T1, DBVPG3444_009374-T1, DBVPG3775_004354-T1
GF00004089	DBVPG3444_006456-T1, DBVPG3444_009373-T1, DBVPG3775_004353-T1
GF00004090	DBVPG3444_006458-T1, DBVPG3444_010909-T1, DBVPG3775_005152-T1
GF00004091	DBVPG3444_006460-T1, DBVPG3444_010906-T1, DBVPG3775_005150-T1
GF00004092	DBVPG3444_006461-T1, DBVPG3444_010905-T1, DBVPG3775_005149-T1
GF00004093	DBVPG3444_006462-T1, DBVPG3444_010904-T1, DBVPG3775_005148-T1
GF00004094	DBVPG3444_006463-T1, DBVPG3444_010903-T1, DBVPG3775_005147-T1
GF00004095	DBVPG3444_006464-T1, DBVPG3444_010902-T1, DBVPG3775_005146-T1
GF00004096	DBVPG3444_006465-T1, DBVPG3444_010901-T1, DBVPG3775_007126-T1
GF00004097	DBVPG3444_006466-T1, DBVPG3444_010900-T1, DBVPG3775_007127-T1
GF00004098	DBVPG3444_006467-T1, DBVPG3444_010899-T1, DBVPG3775_007128-T1
GF00004099	DBVPG3444_006469-T1, DBVPG3444_010898-T1, DBVPG3775_007130-T1
GF00004100	DBVPG3444_006472-T1, DBVPG3444_010894-T1, DBVPG3775_007133-T1
GF00004101	DBVPG3444_006473-T1, DBVPG3444_010893-T1, DBVPG3775_007134-T1
GF00004102	DBVPG3444_006475-T1, DBVPG3444_010891-T1, DBVPG3775_007136-T1
GF00004103	DBVPG3444_006476-T1, DBVPG3444_010890-T1, DBVPG3775_007137-T1
GF00004104	DBVPG3444_006477-T1, DBVPG3444_010889-T1, DBVPG3775_007138-T1
GF00004105	DBVPG3444_006478-T1, DBVPG3444_010888-T1, DBVPG3775_007139-T1
GF00004106	DBVPG3444_006480-T1, DBVPG3444_013809-T1, DBVPG3775_007141-T1
GF00004107	DBVPG3444_006483-T1, DBVPG3444_013814-T1, DBVPG3775_007145-T1
GF00004108	DBVPG3444_006485-T1, DBVPG3444_013816-T1, DBVPG3775_007147-T1
GF00004109	DBVPG3444_006492-T1, DBVPG3444_013198-T1, DBVPG3775_007153-T1
GF00004110	DBVPG3444_006493-T1, DBVPG3444_013199-T1, DBVPG3775_007154-T1
GF00004111	DBVPG3444_006494-T1, DBVPG3444_013200-T1, DBVPG3775_007155-T1
GF00004112	DBVPG3444_006499-T1, DBVPG3444_013205-T1, DBVPG3775_007160-T1
GF00004113	DBVPG3444_006500-T1, DBVPG3444_013206-T1, DBVPG3775_007161-T1
GF00004114	DBVPG3444_006503-T1, DBVPG3444_013209-T1, DBVPG3775_007164-T1
GF00004115	DBVPG3444_006506-T1, DBVPG3444_014881-T1, DBVPG3775_007558-T1
GF00004116	DBVPG3444_006509-T1, DBVPG3444_014882-T1, DBVPG3775_007555-T1
GF00004117	DBVPG3444_006513-T1, DBVPG3444_014389-T1, DBVPG3775_006340-T1
GF00004118	DBVPG3444_006515-T1, DBVPG3444_014391-T1, DBVPG3775_006342-T1
GF00004119	DBVPG3444_006516-T1, DBVPG3444_014392-T1, DBVPG3775_006343-T1
GF00004120	DBVPG3444_006517-T1, DBVPG3444_014393-T1, DBVPG3775_006344-T1
GF00004121	DBVPG3444_006520-T1, DBVPG3444_014586-T1, DBVPG3775_000474-T1
GF00004122	DBVPG3444_006522-T1, DBVPG3444_013651-T1, DBVPG3775_000471-T1
GF00004123	DBVPG3444_006523-T1, DBVPG3444_013652-T1, DBVPG3775_000470-T1
GF00004124	DBVPG3444_006524-T1, DBVPG3444_013653-T1, DBVPG3775_000469-T1
GF00004125	DBVPG3444_006525-T1, DBVPG3444_013654-T1, DBVPG3775_000468-T1
GF00004126	DBVPG3444_006529-T1, DBVPG3444_013657-T1, DBVPG3775_000465-T1
GF00004127	DBVPG3444_006530-T1, DBVPG3444_013658-T1, DBVPG3775_000464-T1
GF00004128	DBVPG3444_006531-T1, DBVPG3444_013659-T1, DBVPG3775_000463-T1
GF00004129	DBVPG3444_006536-T1, DBVPG3444_007363-T1, DBVPG3775_000458-T1
GF00004130	DBVPG3444_006537-T1, DBVPG3444_007362-T1, DBVPG3775_000457-T1
GF00004131	DBVPG3444_006538-T1, DBVPG3444_007361-T1, DBVPG3775_000456-T1
GF00004132	DBVPG3444_006539-T1, DBVPG3444_007359-T1, DBVPG3775_000455-T1
GF00004133	DBVPG3444_006540-T1, DBVPG3444_007358-T1, DBVPG3775_000454-T1
GF00004134	DBVPG3444_006541-T1, DBVPG3444_007357-T1, DBVPG3775_000453-T1
GF00004135	DBVPG3444_006544-T1, DBVPG3444_007353-T1, DBVPG3775_000450-T1
GF00004136	DBVPG3444_006546-T1, DBVPG3444_007351-T1, DBVPG3775_000448-T1
GF00004137	DBVPG3444_006547-T1, DBVPG3444_007350-T1, DBVPG3775_000447-T1
GF00004138	DBVPG3444_006548-T1, DBVPG3444_007349-T1, DBVPG3775_000446-T1
GF00004139	DBVPG3444_006549-T1, DBVPG3444_007348-T1, DBVPG3775_000445-T1
GF00004140	DBVPG3444_006551-T1, DBVPG3444_007346-T1, DBVPG3775_000443-T1
GF00004141	DBVPG3444_006552-T1, DBVPG3444_007345-T1, DBVPG3775_000442-T1
GF00004142	DBVPG3444_013011-T1, DBVPG3444_013137-T1, DBVPG3775_000702-T1
GF00004143	DBVPG3444_006556-T1, DBVPG3444_007341-T1, DBVPG3775_000438-T1
GF00004144	DBVPG3444_006557-T1, DBVPG3444_007340-T1, DBVPG3775_000437-T1
GF00004145	DBVPG3444_006559-T1, DBVPG3444_007338-T1, DBVPG3775_000435-T1
GF00004146	DBVPG3444_006560-T1, DBVPG3444_007337-T1, DBVPG3775_000434-T1
GF00004147	DBVPG3444_006561-T1, DBVPG3444_007336-T1, DBVPG3775_000433-T1
GF00004148	DBVPG3444_006563-T1, DBVPG3444_007334-T1, DBVPG3775_000431-T1
GF00004149	DBVPG3444_006564-T1, DBVPG3444_007333-T1, DBVPG3775_000430-T1
GF00004150	DBVPG3444_006566-T1, DBVPG3444_007331-T1, DBVPG3775_000428-T1
GF00004151	DBVPG3444_006642-T1, DBVPG3444_009496-T1, DBVPG3775_007184-T1
GF00004152	DBVPG3444_014190-T1, DBVPG3444_010037-T1, DBVPG3775_004056-T1
GF00004153	DBVPG3444_006648-T1, DBVPG3444_009503-T1, DBVPG3775_007190-T1
GF00004154	DBVPG3444_006649-T1, DBVPG3444_009504-T1, DBVPG3775_007191-T1
GF00004155	DBVPG3444_006650-T1, DBVPG3444_009505-T1, DBVPG3775_007193-T1
GF00004156	DBVPG3444_006651-T1, DBVPG3444_009506-T1, DBVPG3775_007194-T1
GF00004157	DBVPG3444_006652-T1, DBVPG3444_009507-T1, DBVPG3775_007195-T1
GF00004158	DBVPG3444_006653-T1, DBVPG3444_009508-T1, DBVPG3775_007196-T1
GF00004159	DBVPG3444_006654-T1, DBVPG3444_009509-T1, DBVPG3775_007197-T1
GF00004160	DBVPG3444_006925-T1, DBVPG3444_011118-T1, DBVPG3775_007206-T1
GF00004161	DBVPG3444_006926-T1, DBVPG3444_011119-T1, DBVPG3775_007205-T1
GF00004162	DBVPG3444_006927-T1, DBVPG3444_011120-T1, DBVPG3775_007204-T1
GF00004163	DBVPG3444_006928-T1, DBVPG3444_011121-T1, DBVPG3775_007203-T1
GF00004164	DBVPG3444_006930-T1, DBVPG3444_011123-T1, DBVPG3775_007201-T1
GF00004165	DBVPG3444_010035-T1, DBVPG3444_011916-T1, DBVPG3775_004058-T1
GF00004166	DBVPG3444_006950-T1, DBVPG3444_011073-T1, DBVPG3775_001794-T1
GF00004167	DBVPG3444_006952-T1, DBVPG3444_011069-T1, DBVPG3775_001791-T1
GF00004168	DBVPG3444_006953-T1, DBVPG3444_011067-T1, DBVPG3775_001790-T1
GF00004169	DBVPG3444_006954-T1, DBVPG3444_011066-T1, DBVPG3775_001789-T1
GF00004170	DBVPG3444_006955-T1, DBVPG3444_011065-T1, DBVPG3775_001788-T1
GF00004171	DBVPG3444_006956-T1, DBVPG3444_011064-T1, DBVPG3775_001787-T1
GF00004172	DBVPG3444_006957-T1, DBVPG3444_011063-T1, DBVPG3775_001786-T1
GF00004173	DBVPG3444_006958-T1, DBVPG3444_011062-T1, DBVPG3775_001784-T1
GF00004174	DBVPG3444_006960-T1, DBVPG3444_011060-T1, DBVPG3775_001782-T1
GF00004175	DBVPG3444_006961-T1, DBVPG3444_011059-T1, DBVPG3775_001781-T1
GF00004176	DBVPG3444_006962-T1, DBVPG3444_011058-T1, DBVPG3775_001780-T1
GF00004177	DBVPG3444_006963-T1, DBVPG3444_011057-T1, DBVPG3775_001779-T1
GF00004178	DBVPG3444_006964-T1, DBVPG3444_011056-T1, DBVPG3775_001778-T1
GF00004179	DBVPG3444_006965-T1, DBVPG3444_011055-T1, DBVPG3775_001777-T1
GF00004180	DBVPG3444_006966-T1, DBVPG3444_011054-T1, DBVPG3775_001776-T1
GF00004181	DBVPG3444_006967-T1, DBVPG3444_011053-T1, DBVPG3775_001775-T1
GF00004182	DBVPG3444_006968-T1, DBVPG3444_011052-T1, DBVPG3775_001774-T1
GF00004183	DBVPG3444_006969-T1, DBVPG3444_011051-T1, DBVPG3775_001773-T1
GF00004184	DBVPG3444_006970-T1, DBVPG3444_011050-T1, DBVPG3775_001772-T1
GF00004185	DBVPG3444_006971-T1, DBVPG3444_011049-T1, DBVPG3775_001771-T1
GF00004186	DBVPG3444_006972-T1, DBVPG3444_011048-T1, DBVPG3775_001770-T1
GF00004187	DBVPG3444_006973-T1, DBVPG3444_011047-T1, DBVPG3775_001769-T1
GF00004188	DBVPG3444_006976-T1, DBVPG3444_011431-T1, DBVPG3775_004710-T1
GF00004189	DBVPG3444_006979-T1, DBVPG3444_011434-T1, DBVPG3775_004713-T1
GF00004190	DBVPG3444_006980-T1, DBVPG3444_011435-T1, DBVPG3775_004714-T1
GF00004191	DBVPG3444_006982-T1, DBVPG3444_011438-T1, DBVPG3775_004716-T1
GF00004192	DBVPG3444_006984-T1, DBVPG3444_011440-T1, DBVPG3775_004718-T1
GF00004193	DBVPG3444_006985-T1, DBVPG3444_011441-T1, DBVPG3775_004719-T1
GF00004194	DBVPG3444_006986-T1, DBVPG3444_011442-T1, DBVPG3775_004720-T1
GF00004195	DBVPG3444_006989-T1, DBVPG3444_011445-T1, DBVPG3775_004723-T1
GF00004196	DBVPG3444_006990-T1, DBVPG3444_011446-T1, DBVPG3775_004724-T1
GF00004197	DBVPG3444_006991-T1, DBVPG3444_011449-T1, DBVPG3775_004727-T1
GF00004198	DBVPG3444_006992-T1, DBVPG3444_011450-T1, DBVPG3775_004728-T1
GF00004199	DBVPG3444_007002-T1, DBVPG3444_014745-T1, DBVPG3775_004738-T1
GF00004200	DBVPG3444_007047-T1, DBVPG3444_010949-T1, DBVPG3775_003805-T1
GF00004201	DBVPG3444_007048-T1, DBVPG3444_010948-T1, DBVPG3775_003806-T1
GF00004202	DBVPG3444_007049-T1, DBVPG3444_010947-T1, DBVPG3775_003807-T1
GF00004203	DBVPG3444_007050-T1, DBVPG3444_010946-T1, DBVPG3775_003808-T1
GF00004204	DBVPG3444_007051-T1, DBVPG3444_010945-T1, DBVPG3775_003809-T1
GF00004205	DBVPG3444_007053-T1, DBVPG3444_010942-T1, DBVPG3775_003812-T1
GF00004206	DBVPG3444_007054-T1, DBVPG3444_010941-T1, DBVPG3775_003813-T1
GF00004207	DBVPG3444_007055-T1, DBVPG3444_010940-T1, DBVPG3775_003814-T1
GF00004208	DBVPG3444_007056-T1, DBVPG3444_010939-T1, DBVPG3775_003815-T1
GF00004209	DBVPG3444_007057-T1, DBVPG3444_010938-T1, DBVPG3775_003816-T1
GF00004210	DBVPG3444_007058-T1, DBVPG3444_010937-T1, DBVPG3775_003817-T1
GF00004211	DBVPG3444_007059-T1, DBVPG3444_010936-T1, DBVPG3775_003818-T1
GF00004212	DBVPG3444_007061-T1, DBVPG3444_010934-T1, DBVPG3775_003820-T1
GF00004213	DBVPG3444_007085-T1, DBVPG3444_008678-T1, DBVPG3775_004986-T1
GF00004214	DBVPG3444_007088-T1, DBVPG3444_008676-T1, DBVPG3775_004984-T1
GF00004215	DBVPG3444_007089-T1, DBVPG3444_008675-T1, DBVPG3775_004983-T1
GF00004216	DBVPG3444_007092-T1, DBVPG3444_008673-T1, DBVPG3775_004980-T1
GF00004217	DBVPG3444_007093-T1, DBVPG3444_008672-T1, DBVPG3775_004979-T1
GF00004218	DBVPG3444_007094-T1, DBVPG3444_008671-T1, DBVPG3775_004978-T1
GF00004219	DBVPG3444_007096-T1, DBVPG3444_008669-T1, DBVPG3775_004976-T1
GF00004220	DBVPG3444_007097-T1, DBVPG3444_008668-T1, DBVPG3775_004975-T1
GF00004221	DBVPG3444_008662-T1, DBVPG3444_007101-T1, DBVPG3775_004972-T1
GF00004222	DBVPG3444_007106-T1, DBVPG3444_013466-T1, DBVPG3775_004967-T1
GF00004223	DBVPG3444_007113-T1, DBVPG3444_013467-T1, DBVPG3775_004960-T1
GF00004224	DBVPG3444_007114-T1, DBVPG3444_013468-T1, DBVPG3775_004959-T1
GF00004225	DBVPG3444_007115-T1, DBVPG3444_013469-T1, DBVPG3775_004958-T1
GF00004226	DBVPG3444_007118-T1, DBVPG3444_013472-T1, DBVPG3775_004955-T1
GF00004227	DBVPG3444_007120-T1, DBVPG3444_013567-T1, DBVPG3775_004953-T1
GF00004228	DBVPG3444_007121-T1, DBVPG3444_013566-T1, DBVPG3775_004952-T1
GF00004229	DBVPG3444_007123-T1, DBVPG3444_013564-T1, DBVPG3775_004950-T1
GF00004230	DBVPG3444_007124-T1, DBVPG3444_013563-T1, DBVPG3775_004949-T1
GF00004231	DBVPG3444_007127-T1, DBVPG3444_013562-T1, DBVPG3775_004948-T1
GF00004232	DBVPG3444_007129-T1, DBVPG3444_013561-T1, DBVPG3775_004946-T1
GF00004233	DBVPG3444_007130-T1, DBVPG3444_013560-T1, DBVPG3775_004945-T1
GF00004234	DBVPG3444_007171-T1, DBVPG3444_010678-T1, DBVPG3775_004152-T1
GF00004235	DBVPG3444_007172-T1, DBVPG3444_010679-T1, DBVPG3775_004151-T1
GF00004236	DBVPG3444_007173-T1, DBVPG3444_010680-T1, DBVPG3775_004150-T1
GF00004237	DBVPG3444_007176-T1, DBVPG3444_010683-T1, DBVPG3775_004147-T1
GF00004238	DBVPG3444_007177-T1, DBVPG3444_010684-T1, DBVPG3775_004146-T1
GF00004239	DBVPG3444_007179-T1, DBVPG3444_010686-T1, DBVPG3775_004144-T1
GF00004240	DBVPG3444_007180-T1, DBVPG3444_010687-T1, DBVPG3775_004143-T1
GF00004241	DBVPG3444_007181-T1, DBVPG3444_010688-T1, DBVPG3775_004142-T1
GF00004242	DBVPG3444_007182-T1, DBVPG3444_014655-T1, DBVPG3775_004140-T1
GF00004243	DBVPG3444_007185-T1, DBVPG3444_009658-T1, DBVPG3775_004137-T1
GF00004244	DBVPG3444_007189-T1, DBVPG3444_009653-T1, DBVPG3775_004131-T1
GF00004245	DBVPG3444_007190-T1, DBVPG3444_009652-T1, DBVPG3775_004130-T1
GF00004246	DBVPG3444_007191-T1, DBVPG3444_009651-T1, DBVPG3775_004129-T1
GF00004247	DBVPG3444_007196-T1, DBVPG3444_009648-T1, DBVPG3775_004126-T1
GF00004248	DBVPG3444_007197-T1, DBVPG3444_009647-T1, DBVPG3775_004125-T1
GF00004249	DBVPG3444_007198-T1, DBVPG3444_009646-T1, DBVPG3775_004124-T1
GF00004250	DBVPG3444_007199-T1, DBVPG3444_009645-T1, DBVPG3775_004123-T1
GF00004251	DBVPG3444_007202-T1, DBVPG3444_009642-T1, DBVPG3775_004120-T1
GF00004252	DBVPG3444_007203-T1, DBVPG3444_009641-T1, DBVPG3775_004119-T1
GF00004253	DBVPG3444_007205-T1, DBVPG3444_009638-T1, DBVPG3775_004115-T1
GF00004254	DBVPG3444_007210-T1, DBVPG3444_012055-T1, DBVPG3775_007310-T1
GF00004255	DBVPG3444_007212-T1, DBVPG3444_012053-T1, DBVPG3775_007312-T1
GF00004256	DBVPG3444_007213-T1, DBVPG3444_012052-T1, DBVPG3775_007313-T1
GF00004257	DBVPG3444_007214-T1, DBVPG3444_012050-T1, DBVPG3775_007315-T1
GF00004258	DBVPG3444_007215-T1, DBVPG3444_012049-T1, DBVPG3775_007316-T1
GF00004259	DBVPG3444_007216-T1, DBVPG3444_012048-T1, DBVPG3775_007317-T1
GF00004260	DBVPG3444_007217-T1, DBVPG3444_012047-T1, DBVPG3775_007318-T1
GF00004261	DBVPG3444_007219-T1, DBVPG3444_012045-T1, DBVPG3775_007320-T1
GF00004262	DBVPG3444_007220-T1, DBVPG3444_012044-T1, DBVPG3775_007321-T1
GF00004263	DBVPG3444_007221-T1, DBVPG3444_012043-T1, DBVPG3775_007322-T1
GF00004264	DBVPG3444_007225-T1, DBVPG3444_007281-T1, DBVPG3775_000002-T1
GF00004265	DBVPG3444_007227-T1, DBVPG3444_007278-T1, DBVPG3775_000004-T1
GF00004266	DBVPG3444_007228-T1, DBVPG3444_007277-T1, DBVPG3775_000005-T1
GF00004267	DBVPG3444_007229-T1, DBVPG3444_007276-T1, DBVPG3775_000006-T1
GF00004268	DBVPG3444_007230-T1, DBVPG3444_007275-T1, DBVPG3775_000007-T1
GF00004269	DBVPG3444_007232-T1, DBVPG3444_007273-T1, DBVPG3775_000009-T1
GF00004270	DBVPG3444_007234-T1, DBVPG3444_007270-T1, DBVPG3775_000012-T1
GF00004271	DBVPG3444_007235-T1, DBVPG3444_007269-T1, DBVPG3775_000013-T1
GF00004272	DBVPG3444_007236-T1, DBVPG3444_007268-T1, DBVPG3775_000014-T1
GF00004273	DBVPG3444_007237-T1, DBVPG3444_007267-T1, DBVPG3775_000015-T1
GF00004274	DBVPG3444_007238-T1, DBVPG3444_007266-T1, DBVPG3775_000016-T1
GF00004275	DBVPG3444_007240-T1, DBVPG3444_007264-T1, DBVPG3775_000018-T1
GF00004276	DBVPG3444_007246-T1, DBVPG3444_012466-T1, DBVPG3775_000036-T1
GF00004277	DBVPG3444_007247-T1, DBVPG3444_012465-T1, DBVPG3775_000035-T1
GF00004278	DBVPG3444_007248-T1, DBVPG3444_012464-T1, DBVPG3775_000034-T1
GF00004279	DBVPG3444_007252-T1, DBVPG3444_012460-T1, DBVPG3775_000030-T1
GF00004280	DBVPG3444_007253-T1, DBVPG3444_012459-T1, DBVPG3775_000029-T1
GF00004281	DBVPG3444_007259-T1, DBVPG3444_012453-T1, DBVPG3775_000023-T1
GF00004282	DBVPG3444_007260-T1, DBVPG3444_012452-T1, DBVPG3775_000022-T1
GF00004283	DBVPG3444_007327-T1, DBVPG3444_014879-T1, DBVPG3775_000425-T1
GF00004284	DBVPG3444_007420-T1, DBVPG3444_009306-T1, DBVPG3775_003189-T1
GF00004285	DBVPG3444_007421-T1, DBVPG3444_009305-T1, DBVPG3775_003190-T1
GF00004286	DBVPG3444_007422-T1, DBVPG3444_009304-T1, DBVPG3775_003191-T1
GF00004287	DBVPG3444_007423-T1, DBVPG3444_009303-T1, DBVPG3775_003192-T1
GF00004288	DBVPG3444_007424-T1, DBVPG3444_009302-T1, DBVPG3775_003193-T1
GF00004289	DBVPG3444_007425-T1, DBVPG3444_009301-T1, DBVPG3775_003194-T1
GF00004290	DBVPG3444_007426-T1, DBVPG3444_009300-T1, DBVPG3775_003195-T1
GF00004291	DBVPG3444_007427-T1, DBVPG3444_009299-T1, DBVPG3775_003196-T1
GF00004292	DBVPG3444_007430-T1, DBVPG3444_009296-T1, DBVPG3775_003199-T1
GF00004293	DBVPG3444_007431-T1, DBVPG3444_009295-T1, DBVPG3775_003200-T1
GF00004294	DBVPG3444_007433-T1, DBVPG3444_009276-T1, DBVPG3775_003221-T1
GF00004295	DBVPG3444_007434-T1, DBVPG3444_009277-T1, DBVPG3775_003220-T1
GF00004296	DBVPG3444_007435-T1, DBVPG3444_009278-T1, DBVPG3775_003219-T1
GF00004297	DBVPG3444_007437-T1, DBVPG3444_009281-T1, DBVPG3775_003216-T1
GF00004298	DBVPG3444_007440-T1, DBVPG3444_009283-T1, DBVPG3775_003213-T1
GF00004299	DBVPG3444_007441-T1, DBVPG3444_009284-T1, DBVPG3775_003212-T1
GF00004300	DBVPG3444_007442-T1, DBVPG3444_009285-T1, DBVPG3775_003211-T1
GF00004301	DBVPG3444_007444-T1, DBVPG3444_009288-T1, DBVPG3775_003208-T1
GF00004302	DBVPG3444_007445-T1, DBVPG3444_009289-T1, DBVPG3775_003207-T1
GF00004303	DBVPG3444_007446-T1, DBVPG3444_009290-T1, DBVPG3775_003206-T1
GF00004304	DBVPG3444_007447-T1, DBVPG3444_009291-T1, DBVPG3775_003205-T1
GF00004305	DBVPG3444_007448-T1, DBVPG3444_009293-T1, DBVPG3775_003203-T1
GF00004306	DBVPG3444_007450-T1, DBVPG3444_009275-T1, DBVPG3775_003222-T1
GF00004307	DBVPG3444_007456-T1, DBVPG3444_009269-T1, DBVPG3775_003226-T1
GF00004308	DBVPG3444_007457-T1, DBVPG3444_009268-T1, DBVPG3775_003227-T1
GF00004309	DBVPG3444_007458-T1, DBVPG3444_014274-T1, DBVPG3775_003228-T1
GF00004310	DBVPG3444_007460-T1, DBVPG3444_010189-T1, DBVPG3775_006507-T1
GF00004311	DBVPG3444_007462-T1, DBVPG3444_010190-T1, DBVPG3775_006509-T1
GF00004312	DBVPG3444_009462-T1, DBVPG3444_012019-T1, DBVPG3775_002140-T1
GF00004313	DBVPG3444_007463-T1, DBVPG3444_010191-T1, DBVPG3775_006510-T1
GF00004314	DBVPG3444_007464-T1, DBVPG3444_010192-T1, DBVPG3775_006511-T1
GF00004315	DBVPG3444_007465-T1, DBVPG3444_010193-T1, DBVPG3775_006512-T1
GF00004316	DBVPG3444_007466-T1, DBVPG3444_010194-T1, DBVPG3775_006513-T1
GF00004317	DBVPG3444_007469-T1, DBVPG3444_010195-T1, DBVPG3775_006516-T1
GF00004318	DBVPG3444_007471-T1, DBVPG3444_010196-T1, DBVPG3775_006517-T1
GF00004319	DBVPG3444_007475-T1, DBVPG3444_010200-T1, DBVPG3775_006521-T1
GF00004320	DBVPG3444_007476-T1, DBVPG3444_010201-T1, DBVPG3775_006522-T1
GF00004321	DBVPG3444_007481-T1, DBVPG3444_010205-T1, DBVPG3775_006527-T1
GF00004322	DBVPG3444_007494-T1, DBVPG3444_013307-T1, DBVPG3775_005630-T1
GF00004323	DBVPG3444_008115-T1, DBVPG3444_012727-T1, DBVPG3775_005581-T1
GF00004324	DBVPG3444_007497-T1, DBVPG3444_009371-T1, DBVPG3775_005627-T1
GF00004325	DBVPG3444_007500-T1, DBVPG3444_009369-T1, DBVPG3775_005625-T1
GF00004326	DBVPG3444_007501-T1, DBVPG3444_009368-T1, DBVPG3775_005624-T1
GF00004327	DBVPG3444_007502-T1, DBVPG3444_009367-T1, DBVPG3775_005623-T1
GF00004328	DBVPG3444_007506-T1, DBVPG3444_009363-T1, DBVPG3775_005620-T1
GF00004329	DBVPG3444_007507-T1, DBVPG3444_009362-T1, DBVPG3775_005619-T1
GF00004330	DBVPG3444_007509-T1, DBVPG3444_009360-T1, DBVPG3775_005617-T1
GF00004331	DBVPG3444_007510-T1, DBVPG3444_009359-T1, DBVPG3775_005615-T1
GF00004332	DBVPG3444_007511-T1, DBVPG3444_009358-T1, DBVPG3775_005614-T1
GF00004333	DBVPG3444_007514-T1, DBVPG3444_009357-T1, DBVPG3775_005611-T1
GF00004334	DBVPG3444_007515-T1, DBVPG3444_009356-T1, DBVPG3775_005610-T1
GF00004335	DBVPG3444_007517-T1, DBVPG3444_009354-T1, DBVPG3775_005608-T1
GF00004336	DBVPG3444_007518-T1, DBVPG3444_009353-T1, DBVPG3775_005607-T1
GF00004337	DBVPG3444_007519-T1, DBVPG3444_009352-T1, DBVPG3775_005606-T1
GF00004338	DBVPG3444_007525-T1, DBVPG3444_009347-T1, DBVPG3775_005601-T1
GF00004339	DBVPG3444_007526-T1, DBVPG3444_009346-T1, DBVPG3775_005600-T1
GF00004340	DBVPG3444_007533-T1, DBVPG3444_012738-T1, DBVPG3775_005593-T1
GF00004341	DBVPG3444_007534-T1, DBVPG3444_012737-T1, DBVPG3775_005592-T1
GF00004342	DBVPG3444_007535-T1, DBVPG3444_012736-T1, DBVPG3775_005591-T1
GF00004343	DBVPG3444_007562-T1, DBVPG3444_010870-T1, DBVPG3775_006045-T1
GF00004344	DBVPG3444_007822-T1, DBVPG3444_009686-T1, DBVPG3775_000098-T1
GF00004345	DBVPG3444_007563-T1, DBVPG3444_010871-T1, DBVPG3775_006044-T1
GF00004346	DBVPG3444_007564-T1, DBVPG3444_010872-T1, DBVPG3775_006043-T1
GF00004347	DBVPG3444_007566-T1, DBVPG3444_010874-T1, DBVPG3775_006041-T1
GF00004348	DBVPG3444_007569-T1, DBVPG3444_010878-T1, DBVPG3775_006037-T1
GF00004349	DBVPG3444_007570-T1, DBVPG3444_010880-T1, DBVPG3775_006036-T1
GF00004350	DBVPG3444_007571-T1, DBVPG3444_010881-T1, DBVPG3775_006035-T1
GF00004351	DBVPG3444_007609-T1, DBVPG3444_009536-T1, DBVPG3775_004573-T1
GF00004352	DBVPG3444_007610-T1, DBVPG3444_009535-T1, DBVPG3775_004574-T1
GF00004353	DBVPG3444_007613-T1, DBVPG3444_012550-T1, DBVPG3775_002781-T1
GF00004354	DBVPG3444_007614-T1, DBVPG3444_012549-T1, DBVPG3775_002780-T1
GF00004355	DBVPG3444_007615-T1, DBVPG3444_012548-T1, DBVPG3775_002779-T1
GF00004356	DBVPG3444_007616-T1, DBVPG3444_012547-T1, DBVPG3775_002778-T1
GF00004357	DBVPG3444_007617-T1, DBVPG3444_012546-T1, DBVPG3775_002777-T1
GF00004358	DBVPG3444_007618-T1, DBVPG3444_012545-T1, DBVPG3775_002776-T1
GF00004359	DBVPG3444_007619-T1, DBVPG3444_012543-T1, DBVPG3775_002774-T1
GF00004360	DBVPG3444_007620-T1, DBVPG3444_012542-T1, DBVPG3775_002773-T1
GF00004361	DBVPG3444_007621-T1, DBVPG3444_012541-T1, DBVPG3775_002772-T1
GF00004362	DBVPG3444_007622-T1, DBVPG3444_012540-T1, DBVPG3775_002771-T1
GF00004363	DBVPG3444_007623-T1, DBVPG3444_012539-T1, DBVPG3775_002770-T1
GF00004364	DBVPG3444_007624-T1, DBVPG3444_012537-T1, DBVPG3775_002768-T1
GF00004365	DBVPG3444_007626-T1, DBVPG3444_008030-T1, DBVPG3775_002765-T1
GF00004366	DBVPG3444_007627-T1, DBVPG3444_008031-T1, DBVPG3775_002764-T1
GF00004367	DBVPG3444_007628-T1, DBVPG3444_008032-T1, DBVPG3775_002763-T1
GF00004368	DBVPG3444_007629-T1, DBVPG3444_008033-T1, DBVPG3775_002762-T1
GF00004369	DBVPG3444_007630-T1, DBVPG3444_008034-T1, DBVPG3775_002761-T1
GF00004370	DBVPG3444_007631-T1, DBVPG3444_008035-T1, DBVPG3775_002760-T1
GF00004371	DBVPG3444_007632-T1, DBVPG3444_008036-T1, DBVPG3775_002759-T1
GF00004372	DBVPG3444_007637-T1, DBVPG3444_008054-T1, DBVPG3775_002741-T1
GF00004373	DBVPG3444_007638-T1, DBVPG3444_008055-T1, DBVPG3775_002740-T1
GF00004374	DBVPG3444_007639-T1, DBVPG3444_008056-T1, DBVPG3775_002739-T1
GF00004375	DBVPG3444_007641-T1, DBVPG3444_008058-T1, DBVPG3775_002737-T1
GF00004376	DBVPG3444_007642-T1, DBVPG3444_008059-T1, DBVPG3775_002736-T1
GF00004377	DBVPG3444_014103-T1, DBVPG3444_013294-T1, DBVPG3775_003675-T1
GF00004378	DBVPG3444_007643-T1, DBVPG3444_008060-T1, DBVPG3775_002735-T1
GF00004379	DBVPG3444_007644-T1, DBVPG3444_008061-T1, DBVPG3775_002734-T1
GF00004380	DBVPG3444_007645-T1, DBVPG3444_008062-T1, DBVPG3775_002733-T1
GF00004381	DBVPG3444_007736-T1, DBVPG3444_010844-T1, DBVPG3775_000342-T1
GF00004382	DBVPG3444_007737-T1, DBVPG3444_010843-T1, DBVPG3775_000341-T1
GF00004383	DBVPG3444_007738-T1, DBVPG3444_010842-T1, DBVPG3775_000340-T1
GF00004384	DBVPG3444_007740-T1, DBVPG3444_010840-T1, DBVPG3775_000338-T1
GF00004385	DBVPG3444_007741-T1, DBVPG3444_010839-T1, DBVPG3775_000337-T1
GF00004386	DBVPG3444_007742-T1, DBVPG3444_010838-T1, DBVPG3775_000336-T1
GF00004387	DBVPG3444_007745-T1, DBVPG3444_010835-T1, DBVPG3775_000332-T1
GF00004388	DBVPG3444_007746-T1, DBVPG3444_010834-T1, DBVPG3775_000331-T1
GF00004389	DBVPG3444_007747-T1, DBVPG3444_010833-T1, DBVPG3775_000330-T1
GF00004390	DBVPG3444_007748-T1, DBVPG3444_010832-T1, DBVPG3775_000329-T1
GF00004391	DBVPG3444_007749-T1, DBVPG3444_010831-T1, DBVPG3775_000328-T1
GF00004392	DBVPG3444_007750-T1, DBVPG3444_010830-T1, DBVPG3775_000327-T1
GF00004393	DBVPG3444_007751-T1, DBVPG3444_010829-T1, DBVPG3775_000326-T1
GF00004394	DBVPG3444_007752-T1, DBVPG3444_010828-T1, DBVPG3775_000325-T1
GF00004395	DBVPG3444_007753-T1, DBVPG3444_010827-T1, DBVPG3775_000324-T1
GF00004396	DBVPG3444_007754-T1, DBVPG3444_010826-T1, DBVPG3775_000323-T1
GF00004397	DBVPG3444_007755-T1, DBVPG3444_010825-T1, DBVPG3775_000322-T1
GF00004398	DBVPG3444_007756-T1, DBVPG3444_010824-T1, DBVPG3775_000321-T1
GF00004399	DBVPG3444_007757-T1, DBVPG3444_010823-T1, DBVPG3775_000320-T1
GF00004400	DBVPG3444_007758-T1, DBVPG3444_010822-T1, DBVPG3775_000319-T1
GF00004401	DBVPG3444_007762-T1, DBVPG3444_010820-T1, DBVPG3775_000316-T1
GF00004402	DBVPG3444_007765-T1, DBVPG3444_010817-T1, DBVPG3775_000313-T1
GF00004403	DBVPG3444_007767-T1, DBVPG3444_010815-T1, DBVPG3775_000311-T1
GF00004404	DBVPG3444_007769-T1, DBVPG3444_014780-T1, DBVPG3775_000309-T1
GF00004405	DBVPG3444_007770-T1, DBVPG3444_014781-T1, DBVPG3775_000308-T1
GF00004406	DBVPG3444_008794-T1, DBVPG3444_009047-T1, DBVPG3775_000401-T1
GF00004407	DBVPG3444_007773-T1, DBVPG3444_014711-T1, DBVPG3775_000305-T1
GF00004408	DBVPG3444_007774-T1, DBVPG3444_014710-T1, DBVPG3775_000304-T1
GF00004409	DBVPG3444_007775-T1, DBVPG3444_014709-T1, DBVPG3775_000303-T1
GF00004410	DBVPG3444_007778-T1, DBVPG3444_014351-T1, DBVPG3775_000299-T1
GF00004411	DBVPG3444_007782-T1, DBVPG3444_014356-T1, DBVPG3775_000294-T1
GF00004412	DBVPG3444_007784-T1, DBVPG3444_012784-T1, DBVPG3775_000136-T1
GF00004413	DBVPG3444_007785-T1, DBVPG3444_012783-T1, DBVPG3775_000135-T1
GF00004414	DBVPG3444_007786-T1, DBVPG3444_012782-T1, DBVPG3775_000134-T1
GF00004415	DBVPG3444_007787-T1, DBVPG3444_012781-T1, DBVPG3775_000133-T1
GF00004416	DBVPG3444_007788-T1, DBVPG3444_012780-T1, DBVPG3775_000132-T1
GF00004417	DBVPG3444_007789-T1, DBVPG3444_012779-T1, DBVPG3775_000131-T1
GF00004418	DBVPG3444_007790-T1, DBVPG3444_012778-T1, DBVPG3775_000130-T1
GF00004419	DBVPG3444_007791-T1, DBVPG3444_012777-T1, DBVPG3775_000129-T1
GF00004420	DBVPG3444_007792-T1, DBVPG3444_012776-T1, DBVPG3775_000128-T1
GF00004421	DBVPG3444_007793-T1, DBVPG3444_012775-T1, DBVPG3775_000127-T1
GF00004422	DBVPG3444_007794-T1, DBVPG3444_012774-T1, DBVPG3775_000126-T1
GF00004423	DBVPG3444_007795-T1, DBVPG3444_012773-T1, DBVPG3775_000125-T1
GF00004424	DBVPG3444_007797-T1, DBVPG3444_009660-T1, DBVPG3775_000123-T1
GF00004425	DBVPG3444_007799-T1, DBVPG3444_009662-T1, DBVPG3775_000121-T1
GF00004426	DBVPG3444_007801-T1, DBVPG3444_009664-T1, DBVPG3775_000119-T1
GF00004427	DBVPG3444_007802-T1, DBVPG3444_009665-T1, DBVPG3775_000118-T1
GF00004428	DBVPG3444_007803-T1, DBVPG3444_009666-T1, DBVPG3775_000117-T1
GF00004429	DBVPG3444_007804-T1, DBVPG3444_009667-T1, DBVPG3775_000116-T1
GF00004430	DBVPG3444_007805-T1, DBVPG3444_009668-T1, DBVPG3775_000115-T1
GF00004431	DBVPG3444_007807-T1, DBVPG3444_009670-T1, DBVPG3775_000113-T1
GF00004432	DBVPG3444_007808-T1, DBVPG3444_009671-T1, DBVPG3775_000112-T1
GF00004433	DBVPG3444_007810-T1, DBVPG3444_009674-T1, DBVPG3775_000110-T1
GF00004434	DBVPG3444_007811-T1, DBVPG3444_009675-T1, DBVPG3775_000109-T1
GF00004435	DBVPG3444_007812-T1, DBVPG3444_009676-T1, DBVPG3775_000108-T1
GF00004436	DBVPG3444_007813-T1, DBVPG3444_009677-T1, DBVPG3775_000107-T1
GF00004437	DBVPG3444_007814-T1, DBVPG3444_009678-T1, DBVPG3775_000106-T1
GF00004438	DBVPG3444_007816-T1, DBVPG3444_009680-T1, DBVPG3775_000104-T1
GF00004439	DBVPG3444_007818-T1, DBVPG3444_009682-T1, DBVPG3775_000102-T1
GF00004440	DBVPG3444_007819-T1, DBVPG3444_009683-T1, DBVPG3775_000101-T1
GF00004441	DBVPG3444_007820-T1, DBVPG3444_009684-T1, DBVPG3775_000100-T1
GF00004442	DBVPG3444_007821-T1, DBVPG3444_009685-T1, DBVPG3775_000099-T1
GF00004443	DBVPG3444_007823-T1, DBVPG3444_009687-T1, DBVPG3775_000097-T1
GF00004444	DBVPG3444_007824-T1, DBVPG3444_009688-T1, DBVPG3775_000095-T1
GF00004445	DBVPG3444_007826-T1, DBVPG3444_009690-T1, DBVPG3775_000093-T1
GF00004446	DBVPG3444_007827-T1, DBVPG3444_011356-T1, DBVPG3775_000583-T1
GF00004447	DBVPG3444_007829-T1, DBVPG3444_011358-T1, DBVPG3775_000581-T1
GF00004448	DBVPG3444_007835-T1, DBVPG3444_011359-T1, DBVPG3775_000580-T1
GF00004449	DBVPG3444_007836-T1, DBVPG3444_011360-T1, DBVPG3775_000579-T1
GF00004450	DBVPG3444_007841-T1, DBVPG3444_011365-T1, DBVPG3775_000574-T1
GF00004451	DBVPG3444_007842-T1, DBVPG3444_011366-T1, DBVPG3775_000572-T1
GF00004452	DBVPG3444_007843-T1, DBVPG3444_011367-T1, DBVPG3775_000571-T1
GF00004453	DBVPG3444_007844-T1, DBVPG3444_011368-T1, DBVPG3775_000570-T1
GF00004454	DBVPG3444_007845-T1, DBVPG3444_011369-T1, DBVPG3775_000569-T1
GF00004455	DBVPG3444_007846-T1, DBVPG3444_011370-T1, DBVPG3775_000568-T1
GF00004456	DBVPG3444_007847-T1, DBVPG3444_011371-T1, DBVPG3775_000567-T1
GF00004457	DBVPG3444_007848-T1, DBVPG3444_011372-T1, DBVPG3775_000566-T1
GF00004458	DBVPG3444_007849-T1, DBVPG3444_011373-T1, DBVPG3775_000565-T1
GF00004459	DBVPG3444_007851-T1, DBVPG3444_011375-T1, DBVPG3775_000563-T1
GF00004460	DBVPG3444_007854-T1, DBVPG3444_008893-T1, DBVPG3775_000557-T1
GF00004461	DBVPG3444_007855-T1, DBVPG3444_008894-T1, DBVPG3775_000556-T1
GF00004462	DBVPG3444_007856-T1, DBVPG3444_008895-T1, DBVPG3775_000555-T1
GF00004463	DBVPG3444_007858-T1, DBVPG3444_008898-T1, DBVPG3775_000552-T1
GF00004464	DBVPG3444_007859-T1, DBVPG3444_008899-T1, DBVPG3775_000551-T1
GF00004465	DBVPG3444_007860-T1, DBVPG3444_008901-T1, DBVPG3775_000549-T1
GF00004466	DBVPG3444_007896-T1, DBVPG3444_012927-T1, DBVPG3775_005142-T1
GF00004467	DBVPG3444_007897-T1, DBVPG3444_012926-T1, DBVPG3775_005141-T1
GF00004468	DBVPG3444_007898-T1, DBVPG3444_012925-T1, DBVPG3775_005140-T1
GF00004469	DBVPG3444_007899-T1, DBVPG3444_012924-T1, DBVPG3775_005139-T1
GF00004470	DBVPG3444_007901-T1, DBVPG3444_012921-T1, DBVPG3775_005137-T1
GF00004471	DBVPG3444_007902-T1, DBVPG3444_012920-T1, DBVPG3775_005136-T1
GF00004472	DBVPG3444_007904-T1, DBVPG3444_012918-T1, DBVPG3775_005134-T1
GF00004473	DBVPG3444_007906-T1, DBVPG3444_014792-T1, DBVPG3775_000704-T1
GF00004474	DBVPG3444_007907-T1, DBVPG3444_014791-T1, DBVPG3775_000705-T1
GF00004475	DBVPG3444_007909-T1, DBVPG3444_014473-T1, DBVPG3775_000707-T1
GF00004476	DBVPG3444_007910-T1, DBVPG3444_014474-T1, DBVPG3775_000708-T1
GF00004477	DBVPG3444_007912-T1, DBVPG3444_014476-T1, DBVPG3775_000710-T1
GF00004478	DBVPG3444_007913-T1, DBVPG3444_014477-T1, DBVPG3775_000711-T1
GF00004479	DBVPG3444_007914-T1, DBVPG3444_011653-T1, DBVPG3775_000712-T1
GF00004480	DBVPG3444_007916-T1, DBVPG3444_011655-T1, DBVPG3775_000714-T1
GF00004481	DBVPG3444_007917-T1, DBVPG3444_011656-T1, DBVPG3775_000715-T1
GF00004482	DBVPG3444_007919-T1, DBVPG3444_011659-T1, DBVPG3775_000717-T1
GF00004483	DBVPG3444_007920-T1, DBVPG3444_011660-T1, DBVPG3775_000718-T1
GF00004484	DBVPG3444_007922-T1, DBVPG3444_011661-T1, DBVPG3775_000720-T1
GF00004485	DBVPG3444_007924-T1, DBVPG3444_011663-T1, DBVPG3775_000722-T1
GF00004486	DBVPG3444_007925-T1, DBVPG3444_011664-T1, DBVPG3775_000723-T1
GF00004487	DBVPG3444_007926-T1, DBVPG3444_011665-T1, DBVPG3775_000724-T1
GF00004488	DBVPG3444_007927-T1, DBVPG3444_011666-T1, DBVPG3775_000725-T1
GF00004489	DBVPG3444_007928-T1, DBVPG3444_011667-T1, DBVPG3775_000726-T1
GF00004490	DBVPG3444_007929-T1, DBVPG3444_011668-T1, DBVPG3775_000727-T1
GF00004491	DBVPG3444_007932-T1, DBVPG3444_011672-T1, DBVPG3775_000731-T1
GF00004492	DBVPG3444_007933-T1, DBVPG3444_011673-T1, DBVPG3775_000732-T1
GF00004493	DBVPG3444_007937-T1, DBVPG3444_011676-T1, DBVPG3775_000736-T1
GF00004494	DBVPG3444_007940-T1, DBVPG3444_014297-T1, DBVPG3775_000739-T1
GF00004495	DBVPG3444_007942-T1, DBVPG3444_014298-T1, DBVPG3775_000741-T1
GF00004496	DBVPG3444_007943-T1, DBVPG3444_014299-T1, DBVPG3775_000742-T1
GF00004497	DBVPG3444_007944-T1, DBVPG3444_014300-T1, DBVPG3775_000743-T1
GF00004498	DBVPG3444_007945-T1, DBVPG3444_014301-T1, DBVPG3775_000744-T1
GF00004499	DBVPG3444_007946-T1, DBVPG3444_014930-T1, DBVPG3775_000745-T1
GF00004500	DBVPG3444_007948-T1, DBVPG3444_009334-T1, DBVPG3775_001107-T1
GF00004501	DBVPG3444_007949-T1, DBVPG3444_009333-T1, DBVPG3775_001106-T1
GF00004502	DBVPG3444_007950-T1, DBVPG3444_009332-T1, DBVPG3775_001105-T1
GF00004503	DBVPG3444_007952-T1, DBVPG3444_009330-T1, DBVPG3775_001103-T1
GF00004504	DBVPG3444_007953-T1, DBVPG3444_009329-T1, DBVPG3775_001102-T1
GF00004505	DBVPG3444_007955-T1, DBVPG3444_009327-T1, DBVPG3775_001100-T1
GF00004506	DBVPG3444_007956-T1, DBVPG3444_009326-T1, DBVPG3775_001099-T1
GF00004507	DBVPG3444_007957-T1, DBVPG3444_009325-T1, DBVPG3775_001098-T1
GF00004508	DBVPG3444_007959-T1, DBVPG3444_009323-T1, DBVPG3775_001095-T1
GF00004509	DBVPG3444_007961-T1, DBVPG3444_009320-T1, DBVPG3775_001093-T1
GF00004510	DBVPG3444_007963-T1, DBVPG3444_009318-T1, DBVPG3775_001091-T1
GF00004511	DBVPG3444_007969-T1, DBVPG3444_009312-T1, DBVPG3775_001086-T1
GF00004512	DBVPG3444_007971-T1, DBVPG3444_009310-T1, DBVPG3775_001084-T1
GF00004513	DBVPG3444_007972-T1, DBVPG3444_009309-T1, DBVPG3775_001083-T1
GF00004514	DBVPG3444_008064-T1, DBVPG3444_011312-T1, DBVPG3775_002731-T1
GF00004515	DBVPG3444_008066-T1, DBVPG3444_011314-T1, DBVPG3775_002729-T1
GF00004516	DBVPG3444_008106-T1, DBVPG3444_012735-T1, DBVPG3775_005590-T1
GF00004517	DBVPG3444_008107-T1, DBVPG3444_012734-T1, DBVPG3775_005589-T1
GF00004518	DBVPG3444_008108-T1, DBVPG3444_012733-T1, DBVPG3775_005588-T1
GF00004519	DBVPG3444_008127-T1, DBVPG3444_012825-T1, DBVPG3775_005570-T1
GF00004520	DBVPG3444_008129-T1, DBVPG3444_012827-T1, DBVPG3775_005568-T1
GF00004521	DBVPG3444_008130-T1, DBVPG3444_012828-T1, DBVPG3775_005567-T1
GF00004522	DBVPG3444_008131-T1, DBVPG3444_012829-T1, DBVPG3775_005566-T1
GF00004523	DBVPG3444_008136-T1, DBVPG3444_012831-T1, DBVPG3775_005561-T1
GF00004524	DBVPG3444_008137-T1, DBVPG3444_012832-T1, DBVPG3775_005560-T1
GF00004525	DBVPG3444_008138-T1, DBVPG3444_012833-T1, DBVPG3775_005559-T1
GF00004526	DBVPG3444_008139-T1, DBVPG3444_012834-T1, DBVPG3775_005558-T1
GF00004527	DBVPG3444_008142-T1, DBVPG3444_012976-T1, DBVPG3775_005555-T1
GF00004528	DBVPG3444_008143-T1, DBVPG3444_012977-T1, DBVPG3775_005554-T1
GF00004529	DBVPG3444_008144-T1, DBVPG3444_012978-T1, DBVPG3775_005553-T1
GF00004530	DBVPG3444_008145-T1, DBVPG3444_012979-T1, DBVPG3775_005552-T1
GF00004531	DBVPG3444_008146-T1, DBVPG3444_012980-T1, DBVPG3775_005551-T1
GF00004532	DBVPG3444_008148-T1, DBVPG3444_012982-T1, DBVPG3775_005549-T1
GF00004533	DBVPG3444_008187-T1, DBVPG3444_014596-T1, DBVPG3775_003423-T1
GF00004534	DBVPG3444_008189-T1, DBVPG3444_014594-T1, DBVPG3775_003421-T1
GF00004535	DBVPG3444_008192-T1, DBVPG3444_009539-T1, DBVPG3775_003419-T1
GF00004536	DBVPG3444_008196-T1, DBVPG3444_009541-T1, DBVPG3775_003415-T1
GF00004537	DBVPG3444_008197-T1, DBVPG3444_009542-T1, DBVPG3775_003414-T1
GF00004538	DBVPG3444_008198-T1, DBVPG3444_009543-T1, DBVPG3775_003413-T1
GF00004539	DBVPG3444_008199-T1, DBVPG3444_009544-T1, DBVPG3775_003412-T1
GF00004540	DBVPG3444_008201-T1, DBVPG3444_009546-T1, DBVPG3775_003410-T1
GF00004541	DBVPG3444_008203-T1, DBVPG3444_009548-T1, DBVPG3775_003408-T1
GF00004542	DBVPG3444_008205-T1, DBVPG3444_009550-T1, DBVPG3775_003406-T1
GF00004543	DBVPG3444_008206-T1, DBVPG3444_009551-T1, DBVPG3775_003405-T1
GF00004544	DBVPG3444_008209-T1, DBVPG3444_009555-T1, DBVPG3775_003402-T1
GF00004545	DBVPG3444_008210-T1, DBVPG3444_009556-T1, DBVPG3775_003401-T1
GF00004546	DBVPG3444_008211-T1, DBVPG3444_009557-T1, DBVPG3775_003400-T1
GF00004547	DBVPG3444_008212-T1, DBVPG3444_009558-T1, DBVPG3775_003399-T1
GF00004548	DBVPG3444_008213-T1, DBVPG3444_009559-T1, DBVPG3775_003398-T1
GF00004549	DBVPG3444_008214-T1, DBVPG3444_009560-T1, DBVPG3775_003397-T1
GF00004550	DBVPG3444_008216-T1, DBVPG3444_009562-T1, DBVPG3775_003395-T1
GF00004551	DBVPG3444_008217-T1, DBVPG3444_009563-T1, DBVPG3775_003394-T1
GF00004552	DBVPG3444_008218-T1, DBVPG3444_009564-T1, DBVPG3775_003393-T1
GF00004553	DBVPG3444_008219-T1, DBVPG3444_009565-T1, DBVPG3775_003392-T1
GF00004554	DBVPG3444_008220-T1, DBVPG3444_009566-T1, DBVPG3775_003391-T1
GF00004555	DBVPG3444_008222-T1, DBVPG3444_009568-T1, DBVPG3775_003389-T1
GF00004556	DBVPG3444_008223-T1, DBVPG3444_009569-T1, DBVPG3775_003388-T1
GF00004557	DBVPG3444_008224-T1, DBVPG3444_009570-T1, DBVPG3775_003387-T1
GF00004558	DBVPG3444_008259-T1, DBVPG3444_013123-T1, DBVPG3775_001580-T1
GF00004559	DBVPG3444_008260-T1, DBVPG3444_013122-T1, DBVPG3775_001581-T1
GF00004560	DBVPG3444_008261-T1, DBVPG3444_013121-T1, DBVPG3775_001582-T1
GF00004561	DBVPG3444_008262-T1, DBVPG3444_013120-T1, DBVPG3775_001583-T1
GF00004562	DBVPG3444_008266-T1, DBVPG3444_013116-T1, DBVPG3775_001587-T1
GF00004563	DBVPG3444_008267-T1, DBVPG3444_013115-T1, DBVPG3775_001588-T1
GF00004564	DBVPG3444_008276-T1, DBVPG3444_012631-T1, DBVPG3775_004511-T1
GF00004565	DBVPG3444_008278-T1, DBVPG3444_012633-T1, DBVPG3775_004509-T1
GF00004566	DBVPG3444_008279-T1, DBVPG3444_012634-T1, DBVPG3775_004508-T1
GF00004567	DBVPG3444_008280-T1, DBVPG3444_012635-T1, DBVPG3775_004507-T1
GF00004568	DBVPG3444_008281-T1, DBVPG3444_012636-T1, DBVPG3775_004506-T1
GF00004569	DBVPG3444_008286-T1, DBVPG3444_012641-T1, DBVPG3775_004501-T1
GF00004570	DBVPG3444_008288-T1, DBVPG3444_012642-T1, DBVPG3775_004500-T1
GF00004571	DBVPG3444_008289-T1, DBVPG3444_012643-T1, DBVPG3775_004499-T1
GF00004572	DBVPG3444_008290-T1, DBVPG3444_014932-T1, DBVPG3775_004498-T1
GF00004573	DBVPG3444_008292-T1, DBVPG3444_014323-T1, DBVPG3775_004496-T1
GF00004574	DBVPG3444_008293-T1, DBVPG3444_014321-T1, DBVPG3775_004493-T1
GF00004575	DBVPG3444_008295-T1, DBVPG3444_013917-T1, DBVPG3775_004490-T1
GF00004576	DBVPG3444_008296-T1, DBVPG3444_013918-T1, DBVPG3775_004489-T1
GF00004577	DBVPG3444_008298-T1, DBVPG3444_013920-T1, DBVPG3775_004487-T1
GF00004578	DBVPG3444_008299-T1, DBVPG3444_013921-T1, DBVPG3775_004486-T1
GF00004579	DBVPG3444_008300-T1, DBVPG3444_013922-T1, DBVPG3775_004485-T1
GF00004580	DBVPG3444_008344-T1, DBVPG3444_012250-T1, DBVPG3775_005663-T1
GF00004581	DBVPG3444_008345-T1, DBVPG3444_012249-T1, DBVPG3775_005662-T1
GF00004582	DBVPG3444_008347-T1, DBVPG3444_012247-T1, DBVPG3775_005660-T1
GF00004583	DBVPG3444_008348-T1, DBVPG3444_012246-T1, DBVPG3775_005659-T1
GF00004584	DBVPG3444_008349-T1, DBVPG3444_012245-T1, DBVPG3775_005658-T1
GF00004585	DBVPG3444_008350-T1, DBVPG3444_012244-T1, DBVPG3775_005657-T1
GF00004586	DBVPG3444_008354-T1, DBVPG3444_012240-T1, DBVPG3775_005654-T1
GF00004587	DBVPG3444_008355-T1, DBVPG3444_012239-T1, DBVPG3775_005653-T1
GF00004588	DBVPG3444_008357-T1, DBVPG3444_012237-T1, DBVPG3775_005651-T1
GF00004589	DBVPG3444_008361-T1, DBVPG3444_013618-T1, DBVPG3775_005647-T1
GF00004590	DBVPG3444_008365-T1, DBVPG3444_013616-T1, DBVPG3775_005644-T1
GF00004591	DBVPG3444_008366-T1, DBVPG3444_013615-T1, DBVPG3775_005643-T1
GF00004592	DBVPG3444_008367-T1, DBVPG3444_013614-T1, DBVPG3775_005642-T1
GF00004593	DBVPG3444_008369-T1, DBVPG3444_014896-T1, DBVPG3775_005640-T1
GF00004594	DBVPG3444_008372-T1, DBVPG3444_013779-T1, DBVPG3775_005637-T1
GF00004595	DBVPG3444_008381-T1, DBVPG3444_012164-T1, DBVPG3775_005676-T1
GF00004596	DBVPG3444_008382-T1, DBVPG3444_012165-T1, DBVPG3775_005675-T1
GF00004597	DBVPG3444_008384-T1, DBVPG3444_012167-T1, DBVPG3775_005673-T1
GF00004598	DBVPG3444_008385-T1, DBVPG3444_012168-T1, DBVPG3775_005672-T1
GF00004599	DBVPG3444_008386-T1, DBVPG3444_012169-T1, DBVPG3775_005671-T1
GF00004600	DBVPG3444_008387-T1, DBVPG3444_012159-T1, DBVPG3775_005681-T1
GF00004601	DBVPG3444_008388-T1, DBVPG3444_012158-T1, DBVPG3775_005682-T1
GF00004602	DBVPG3444_008389-T1, DBVPG3444_012157-T1, DBVPG3775_005683-T1
GF00004603	DBVPG3444_008390-T1, DBVPG3444_012156-T1, DBVPG3775_005684-T1
GF00004604	DBVPG3444_008391-T1, DBVPG3444_012155-T1, DBVPG3775_005685-T1
GF00004605	DBVPG3444_008392-T1, DBVPG3444_012154-T1, DBVPG3775_005686-T1
GF00004606	DBVPG3444_008393-T1, DBVPG3444_012153-T1, DBVPG3775_005687-T1
GF00004607	DBVPG3444_008394-T1, DBVPG3444_012152-T1, DBVPG3775_005688-T1
GF00004608	DBVPG3444_008395-T1, DBVPG3444_012151-T1, DBVPG3775_005689-T1
GF00004609	DBVPG3444_008396-T1, DBVPG3444_012150-T1, DBVPG3775_005690-T1
GF00004610	DBVPG3444_008464-T1, DBVPG3444_014063-T1, DBVPG3775_005429-T1
GF00004611	DBVPG3444_008465-T1, DBVPG3444_014062-T1, DBVPG3775_005428-T1
GF00004612	DBVPG3444_008466-T1, DBVPG3444_014061-T1, DBVPG3775_005427-T1
GF00004613	DBVPG3444_008469-T1, DBVPG3444_014058-T1, DBVPG3775_005423-T1
GF00004614	DBVPG3444_008471-T1, DBVPG3444_014456-T1, DBVPG3775_005421-T1
GF00004615	DBVPG3444_008472-T1, DBVPG3444_014457-T1, DBVPG3775_005420-T1
GF00004616	DBVPG3444_008473-T1, DBVPG3444_014458-T1, DBVPG3775_005419-T1
GF00004617	DBVPG3444_008474-T1, DBVPG3444_014459-T1, DBVPG3775_005418-T1
GF00004618	DBVPG3444_008476-T1, DBVPG3444_013094-T1, DBVPG3775_005416-T1
GF00004619	DBVPG3444_008477-T1, DBVPG3444_013095-T1, DBVPG3775_005415-T1
GF00004620	DBVPG3444_008481-T1, DBVPG3444_013486-T1, DBVPG3775_005412-T1
GF00004621	DBVPG3444_008485-T1, DBVPG3444_013489-T1, DBVPG3775_005408-T1
GF00004622	DBVPG3444_008487-T1, DBVPG3444_013491-T1, DBVPG3775_005406-T1
GF00004623	DBVPG3444_008488-T1, DBVPG3444_013492-T1, DBVPG3775_005405-T1
GF00004624	DBVPG3444_008489-T1, DBVPG3444_013493-T1, DBVPG3775_005404-T1
GF00004625	DBVPG3444_008492-T1, DBVPG3444_013112-T1, DBVPG3775_005401-T1
GF00004626	DBVPG3444_008494-T1, DBVPG3444_013109-T1, DBVPG3775_005398-T1
GF00004627	DBVPG3444_008495-T1, DBVPG3444_013108-T1, DBVPG3775_005397-T1
GF00004628	DBVPG3444_008496-T1, DBVPG3444_013107-T1, DBVPG3775_005396-T1
GF00004629	DBVPG3444_008498-T1, DBVPG3444_013104-T1, DBVPG3775_005394-T1
GF00004630	DBVPG3444_008502-T1, DBVPG3444_013099-T1, DBVPG3775_005390-T1
GF00004631	DBVPG3444_008503-T1, DBVPG3444_013098-T1, DBVPG3775_005389-T1
GF00004632	DBVPG3444_008504-T1, DBVPG3444_013097-T1, DBVPG3775_005388-T1
GF00004633	DBVPG3444_008507-T1, DBVPG3444_013745-T1, DBVPG3775_004297-T1
GF00004634	DBVPG3444_008509-T1, DBVPG3444_013743-T1, DBVPG3775_004299-T1
GF00004635	DBVPG3444_008511-T1, DBVPG3444_013740-T1, DBVPG3775_004301-T1
GF00004636	DBVPG3444_008512-T1, DBVPG3444_013739-T1, DBVPG3775_004302-T1
GF00004637	DBVPG3444_008513-T1, DBVPG3444_014118-T1, DBVPG3775_004303-T1
GF00004638	DBVPG3444_008514-T1, DBVPG3444_014117-T1, DBVPG3775_004304-T1
GF00004639	DBVPG3444_008515-T1, DBVPG3444_014116-T1, DBVPG3775_004305-T1
GF00004640	DBVPG3444_008517-T1, DBVPG3444_014114-T1, DBVPG3775_004307-T1
GF00004641	DBVPG3444_008520-T1, DBVPG3444_014111-T1, DBVPG3775_004310-T1
GF00004642	DBVPG3444_008523-T1, DBVPG3444_014110-T1, DBVPG3775_004312-T1
GF00004643	DBVPG3444_008524-T1, DBVPG3444_014109-T1, DBVPG3775_004313-T1
GF00004644	DBVPG3444_008525-T1, DBVPG3444_011874-T1, DBVPG3775_004314-T1
GF00004645	DBVPG3444_008526-T1, DBVPG3444_011875-T1, DBVPG3775_004315-T1
GF00004646	DBVPG3444_008527-T1, DBVPG3444_011876-T1, DBVPG3775_004316-T1
GF00004647	DBVPG3444_008528-T1, DBVPG3444_011877-T1, DBVPG3775_004317-T1
GF00004648	DBVPG3444_008532-T1, DBVPG3444_011881-T1, DBVPG3775_004321-T1
GF00004649	DBVPG3444_008534-T1, DBVPG3444_011884-T1, DBVPG3775_004323-T1
GF00004650	DBVPG3444_008537-T1, DBVPG3444_011889-T1, DBVPG3775_004328-T1
GF00004651	DBVPG3444_008539-T1, DBVPG3444_011891-T1, DBVPG3775_004330-T1
GF00004652	DBVPG3444_008544-T1, DBVPG3444_011893-T1, DBVPG3775_004334-T1
GF00004653	DBVPG3444_008547-T1, DBVPG3444_012759-T1, DBVPG3775_005947-T1
GF00004654	DBVPG3444_008548-T1, DBVPG3444_012758-T1, DBVPG3775_005948-T1
GF00004655	DBVPG3444_008549-T1, DBVPG3444_012757-T1, DBVPG3775_005949-T1
GF00004656	DBVPG3444_008623-T1, DBVPG3444_012255-T1, DBVPG3775_001639-T1
GF00004657	DBVPG3444_008625-T1, DBVPG3444_012257-T1, DBVPG3775_001641-T1
GF00004658	DBVPG3444_008626-T1, DBVPG3444_012258-T1, DBVPG3775_001642-T1
GF00004659	DBVPG3444_008627-T1, DBVPG3444_012259-T1, DBVPG3775_001643-T1
GF00004660	DBVPG3444_008629-T1, DBVPG3444_012262-T1, DBVPG3775_001645-T1
GF00004661	DBVPG3444_008630-T1, DBVPG3444_012263-T1, DBVPG3775_001646-T1
GF00004662	DBVPG3444_008701-T1, DBVPG3444_014292-T1, DBVPG3775_007046-T1
GF00004663	DBVPG3444_008702-T1, DBVPG3444_014293-T1, DBVPG3775_007045-T1
GF00004664	DBVPG3444_012957-T1, DBVPG3444_008704-T1, DBVPG3775_007043-T1
GF00004665	DBVPG3444_008705-T1, DBVPG3444_012954-T1, DBVPG3775_007040-T1
GF00004666	DBVPG3444_008706-T1, DBVPG3444_012953-T1, DBVPG3775_007039-T1
GF00004667	DBVPG3444_008707-T1, DBVPG3444_012952-T1, DBVPG3775_007038-T1
GF00004668	DBVPG3444_008708-T1, DBVPG3444_012951-T1, DBVPG3775_007037-T1
GF00004669	DBVPG3444_008709-T1, DBVPG3444_012950-T1, DBVPG3775_007036-T1
GF00004670	DBVPG3444_008710-T1, DBVPG3444_012949-T1, DBVPG3775_007035-T1
GF00004671	DBVPG3444_008714-T1, DBVPG3444_012944-T1, DBVPG3775_007031-T1
GF00004672	DBVPG3444_008715-T1, DBVPG3444_012943-T1, DBVPG3775_007030-T1
GF00004673	DBVPG3444_008716-T1, DBVPG3444_011722-T1, DBVPG3775_007029-T1
GF00004674	DBVPG3444_008717-T1, DBVPG3444_011721-T1, DBVPG3775_007028-T1
GF00004675	DBVPG3444_008719-T1, DBVPG3444_011719-T1, DBVPG3775_007026-T1
GF00004676	DBVPG3444_008721-T1, DBVPG3444_011717-T1, DBVPG3775_007024-T1
GF00004677	DBVPG3444_008724-T1, DBVPG3444_011713-T1, DBVPG3775_007021-T1
GF00004678	DBVPG3444_008725-T1, DBVPG3444_011712-T1, DBVPG3775_007020-T1
GF00004679	DBVPG3444_008726-T1, DBVPG3444_011711-T1, DBVPG3775_007019-T1
GF00004680	DBVPG3444_008728-T1, DBVPG3444_011708-T1, DBVPG3775_007017-T1
GF00004681	DBVPG3444_008729-T1, DBVPG3444_011707-T1, DBVPG3775_007016-T1
GF00004682	DBVPG3444_008730-T1, DBVPG3444_011706-T1, DBVPG3775_007015-T1
GF00004683	DBVPG3444_008733-T1, DBVPG3444_012837-T1, DBVPG3775_003896-T1
GF00004684	DBVPG3444_008734-T1, DBVPG3444_012838-T1, DBVPG3775_003897-T1
GF00004685	DBVPG3444_008735-T1, DBVPG3444_012839-T1, DBVPG3775_003898-T1
GF00004686	DBVPG3444_008736-T1, DBVPG3444_012840-T1, DBVPG3775_003899-T1
GF00004687	DBVPG3444_008738-T1, DBVPG3444_012842-T1, DBVPG3775_003901-T1
GF00004688	DBVPG3444_008740-T1, DBVPG3444_012844-T1, DBVPG3775_003903-T1
GF00004689	DBVPG3444_008741-T1, DBVPG3444_012845-T1, DBVPG3775_003904-T1
GF00004690	DBVPG3444_008742-T1, DBVPG3444_012846-T1, DBVPG3775_003905-T1
GF00004691	DBVPG3444_008743-T1, DBVPG3444_012847-T1, DBVPG3775_003906-T1
GF00004692	DBVPG3444_008744-T1, DBVPG3444_012848-T1, DBVPG3775_003907-T1
GF00004693	DBVPG3444_008745-T1, DBVPG3444_012849-T1, DBVPG3775_003908-T1
GF00004694	DBVPG3444_008746-T1, DBVPG3444_012850-T1, DBVPG3775_003909-T1
GF00004695	DBVPG3444_008748-T1, DBVPG3444_014307-T1, DBVPG3775_003911-T1
GF00004696	DBVPG3444_008749-T1, DBVPG3444_014308-T1, DBVPG3775_003912-T1
GF00004697	DBVPG3444_008750-T1, DBVPG3444_014309-T1, DBVPG3775_003913-T1
GF00004698	DBVPG3444_008751-T1, DBVPG3444_014310-T1, DBVPG3775_003914-T1
GF00004699	DBVPG3444_008752-T1, DBVPG3444_014311-T1, DBVPG3775_003915-T1
GF00004700	DBVPG3444_008753-T1, DBVPG3444_014312-T1, DBVPG3775_003916-T1
GF00004701	DBVPG3444_008755-T1, DBVPG3444_012588-T1, DBVPG3775_003918-T1
GF00004702	DBVPG3444_008756-T1, DBVPG3444_012587-T1, DBVPG3775_003919-T1
GF00004703	DBVPG3444_008757-T1, DBVPG3444_012586-T1, DBVPG3775_003920-T1
GF00004704	DBVPG3444_008758-T1, DBVPG3444_012584-T1, DBVPG3775_003922-T1
GF00004705	DBVPG3444_008759-T1, DBVPG3444_012585-T1, DBVPG3775_003921-T1
GF00004706	DBVPG3444_008760-T1, DBVPG3444_012583-T1, DBVPG3775_003923-T1
GF00004707	DBVPG3444_008763-T1, DBVPG3444_012581-T1, DBVPG3775_003925-T1
GF00004708	DBVPG3444_008764-T1, DBVPG3444_012580-T1, DBVPG3775_003926-T1
GF00004709	DBVPG3444_008765-T1, DBVPG3444_012579-T1, DBVPG3775_003927-T1
GF00004710	DBVPG3444_008768-T1, DBVPG3444_012576-T1, DBVPG3775_003930-T1
GF00004711	DBVPG3444_008769-T1, DBVPG3444_012575-T1, DBVPG3775_003931-T1
GF00004712	DBVPG3444_008770-T1, DBVPG3444_012574-T1, DBVPG3775_003932-T1
GF00004713	DBVPG3444_008771-T1, DBVPG3444_012573-T1, DBVPG3775_003933-T1
GF00004714	DBVPG3444_008772-T1, DBVPG3444_012572-T1, DBVPG3775_003934-T1
GF00004715	DBVPG3444_008778-T1, DBVPG3444_009033-T1, DBVPG3775_000415-T1
GF00004716	DBVPG3444_008780-T1, DBVPG3444_009035-T1, DBVPG3775_000413-T1
GF00004717	DBVPG3444_008781-T1, DBVPG3444_009036-T1, DBVPG3775_000412-T1
GF00004718	DBVPG3444_008785-T1, DBVPG3444_009039-T1, DBVPG3775_000409-T1
GF00004719	DBVPG3444_008786-T1, DBVPG3444_009040-T1, DBVPG3775_000408-T1
GF00004720	DBVPG3444_008790-T1, DBVPG3444_009043-T1, DBVPG3775_000405-T1
GF00004721	DBVPG3444_008791-T1, DBVPG3444_009044-T1, DBVPG3775_000404-T1
GF00004722	DBVPG3444_008792-T1, DBVPG3444_009045-T1, DBVPG3775_000403-T1
GF00004723	DBVPG3444_008793-T1, DBVPG3444_009046-T1, DBVPG3775_000402-T1
GF00004724	DBVPG3444_008798-T1, DBVPG3444_009052-T1, DBVPG3775_000396-T1
GF00004725	DBVPG3444_008800-T1, DBVPG3444_011617-T1, DBVPG3775_000352-T1
GF00004726	DBVPG3444_008801-T1, DBVPG3444_011616-T1, DBVPG3775_000353-T1
GF00004727	DBVPG3444_008803-T1, DBVPG3444_011614-T1, DBVPG3775_000355-T1
GF00004728	DBVPG3444_008804-T1, DBVPG3444_011613-T1, DBVPG3775_000356-T1
GF00004729	DBVPG3444_008806-T1, DBVPG3444_011611-T1, DBVPG3775_000358-T1
GF00004730	DBVPG3444_008807-T1, DBVPG3444_011610-T1, DBVPG3775_000359-T1
GF00004731	DBVPG3444_008843-T1, DBVPG3444_009495-T1, DBVPG3775_005896-T1
GF00004732	DBVPG3444_008844-T1, DBVPG3444_009494-T1, DBVPG3775_005895-T1
GF00004733	DBVPG3444_008846-T1, DBVPG3444_009492-T1, DBVPG3775_005893-T1
GF00004734	DBVPG3444_008847-T1, DBVPG3444_009491-T1, DBVPG3775_005892-T1
GF00004735	DBVPG3444_008848-T1, DBVPG3444_009490-T1, DBVPG3775_005891-T1
GF00004736	DBVPG3444_008850-T1, DBVPG3444_009488-T1, DBVPG3775_005889-T1
GF00004737	DBVPG3444_008856-T1, DBVPG3444_011621-T1, DBVPG3775_000348-T1
GF00004738	DBVPG3444_008857-T1, DBVPG3444_011620-T1, DBVPG3775_000349-T1
GF00004739	DBVPG3444_008860-T1, DBVPG3444_009054-T1, DBVPG3775_000394-T1
GF00004740	DBVPG3444_008861-T1, DBVPG3444_009055-T1, DBVPG3775_000393-T1
GF00004741	DBVPG3444_008862-T1, DBVPG3444_009056-T1, DBVPG3775_000392-T1
GF00004742	DBVPG3444_008863-T1, DBVPG3444_009057-T1, DBVPG3775_000391-T1
GF00004743	DBVPG3444_008864-T1, DBVPG3444_009058-T1, DBVPG3775_000390-T1
GF00004744	DBVPG3444_008865-T1, DBVPG3444_009059-T1, DBVPG3775_000389-T1
GF00004745	DBVPG3444_008868-T1, DBVPG3444_009062-T1, DBVPG3775_000386-T1
GF00004746	DBVPG3444_008869-T1, DBVPG3444_009063-T1, DBVPG3775_000385-T1
GF00004747	DBVPG3444_008870-T1, DBVPG3444_009064-T1, DBVPG3775_000384-T1
GF00004748	DBVPG3444_008871-T1, DBVPG3444_009065-T1, DBVPG3775_000383-T1
GF00004749	DBVPG3444_008873-T1, DBVPG3444_014149-T1, DBVPG3775_000381-T1
GF00004750	DBVPG3444_008874-T1, DBVPG3444_014150-T1, DBVPG3775_000380-T1
GF00004751	DBVPG3444_008876-T1, DBVPG3444_014153-T1, DBVPG3775_000373-T1
GF00004752	DBVPG3444_008878-T1, DBVPG3444_011598-T1, DBVPG3775_000370-T1
GF00004753	DBVPG3444_008879-T1, DBVPG3444_011599-T1, DBVPG3775_000369-T1
GF00004754	DBVPG3444_008881-T1, DBVPG3444_011601-T1, DBVPG3775_000367-T1
GF00004755	DBVPG3444_008882-T1, DBVPG3444_011602-T1, DBVPG3775_000366-T1
GF00004756	DBVPG3444_008883-T1, DBVPG3444_011603-T1, DBVPG3775_000365-T1
GF00004757	DBVPG3444_008884-T1, DBVPG3444_011604-T1, DBVPG3775_000364-T1
GF00004758	DBVPG3444_008885-T1, DBVPG3444_011605-T1, DBVPG3775_000363-T1
GF00004759	DBVPG3444_008903-T1, DBVPG3444_013329-T1, DBVPG3775_000547-T1
GF00004760	DBVPG3444_008905-T1, DBVPG3444_013327-T1, DBVPG3775_000545-T1
GF00004761	DBVPG3444_008906-T1, DBVPG3444_013326-T1, DBVPG3775_000544-T1
GF00004762	DBVPG3444_008908-T1, DBVPG3444_013324-T1, DBVPG3775_000542-T1
GF00004763	DBVPG3444_008909-T1, DBVPG3444_013323-T1, DBVPG3775_000541-T1
GF00004764	DBVPG3444_008910-T1, DBVPG3444_013322-T1, DBVPG3775_000539-T1
GF00004765	DBVPG3444_008911-T1, DBVPG3444_013321-T1, DBVPG3775_000538-T1
GF00004766	DBVPG3444_008912-T1, DBVPG3444_013320-T1, DBVPG3775_000537-T1
GF00004767	DBVPG3444_008914-T1, DBVPG3444_011291-T1, DBVPG3775_000534-T1
GF00004768	DBVPG3444_008915-T1, DBVPG3444_011292-T1, DBVPG3775_000533-T1
GF00004769	DBVPG3444_008916-T1, DBVPG3444_011293-T1, DBVPG3775_000532-T1
GF00004770	DBVPG3444_008917-T1, DBVPG3444_011294-T1, DBVPG3775_000531-T1
GF00004771	DBVPG3444_008920-T1, DBVPG3444_014609-T1, DBVPG3775_003936-T1
GF00004772	DBVPG3444_008921-T1, DBVPG3444_014610-T1, DBVPG3775_003937-T1
GF00004773	DBVPG3444_008928-T1, DBVPG3444_014611-T1, DBVPG3775_003938-T1
GF00004774	DBVPG3444_008929-T1, DBVPG3444_014612-T1, DBVPG3775_003939-T1
GF00004775	DBVPG3444_008932-T1, DBVPG3444_010786-T1, DBVPG3775_003943-T1
GF00004776	DBVPG3444_008933-T1, DBVPG3444_010785-T1, DBVPG3775_003944-T1
GF00004777	DBVPG3444_008934-T1, DBVPG3444_010784-T1, DBVPG3775_003945-T1
GF00004778	DBVPG3444_008935-T1, DBVPG3444_010783-T1, DBVPG3775_003946-T1
GF00004779	DBVPG3444_008939-T1, DBVPG3444_010778-T1, DBVPG3775_003950-T1
GF00004780	DBVPG3444_008940-T1, DBVPG3444_010777-T1, DBVPG3775_003951-T1
GF00004781	DBVPG3444_008942-T1, DBVPG3444_010775-T1, DBVPG3775_003953-T1
GF00004782	DBVPG3444_008944-T1, DBVPG3444_010773-T1, DBVPG3775_003955-T1
GF00004783	DBVPG3444_008945-T1, DBVPG3444_010772-T1, DBVPG3775_003956-T1
GF00004784	DBVPG3444_008946-T1, DBVPG3444_010771-T1, DBVPG3775_003957-T1
GF00004785	DBVPG3444_008947-T1, DBVPG3444_010770-T1, DBVPG3775_003958-T1
GF00004786	DBVPG3444_008948-T1, DBVPG3444_010769-T1, DBVPG3775_003959-T1
GF00004787	DBVPG3444_008949-T1, DBVPG3444_010768-T1, DBVPG3775_003960-T1
GF00004788	DBVPG3444_008952-T1, DBVPG3444_010766-T1, DBVPG3775_003962-T1
GF00004789	DBVPG3444_008953-T1, DBVPG3444_010765-T1, DBVPG3775_003963-T1
GF00004790	DBVPG3444_008957-T1, DBVPG3444_010761-T1, DBVPG3775_003966-T1
GF00004791	DBVPG3444_008960-T1, DBVPG3444_013455-T1, DBVPG3775_002539-T1
GF00004792	DBVPG3444_008961-T1, DBVPG3444_013456-T1, DBVPG3775_002538-T1
GF00004793	DBVPG3444_008962-T1, DBVPG3444_013457-T1, DBVPG3775_002537-T1
GF00004794	DBVPG3444_008963-T1, DBVPG3444_013458-T1, DBVPG3775_002536-T1
GF00004795	DBVPG3444_008964-T1, DBVPG3444_013459-T1, DBVPG3775_002535-T1
GF00004796	DBVPG3444_008965-T1, DBVPG3444_013460-T1, DBVPG3775_002534-T1
GF00004797	DBVPG3444_008968-T1, DBVPG3444_013463-T1, DBVPG3775_002531-T1
GF00004798	DBVPG3444_008970-T1, DBVPG3444_011852-T1, DBVPG3775_002529-T1
GF00004799	DBVPG3444_008971-T1, DBVPG3444_011853-T1, DBVPG3775_002528-T1
GF00004800	DBVPG3444_008974-T1, DBVPG3444_011856-T1, DBVPG3775_002525-T1
GF00004801	DBVPG3444_008976-T1, DBVPG3444_011858-T1, DBVPG3775_002523-T1
GF00004802	DBVPG3444_008979-T1, DBVPG3444_011861-T1, DBVPG3775_002520-T1
GF00004803	DBVPG3444_008980-T1, DBVPG3444_011862-T1, DBVPG3775_002519-T1
GF00004804	DBVPG3444_008981-T1, DBVPG3444_011865-T1, DBVPG3775_002518-T1
GF00004805	DBVPG3444_008984-T1, DBVPG3444_011868-T1, DBVPG3775_002515-T1
GF00004806	DBVPG3444_008985-T1, DBVPG3444_011869-T1, DBVPG3775_002514-T1
GF00004807	DBVPG3444_008986-T1, DBVPG3444_011870-T1, DBVPG3775_002513-T1
GF00004808	DBVPG3444_008987-T1, DBVPG3444_011871-T1, DBVPG3775_002512-T1
GF00004809	DBVPG3444_008988-T1, DBVPG3444_011872-T1, DBVPG3775_002511-T1
GF00004810	DBVPG3444_008989-T1, DBVPG3444_011873-T1, DBVPG3775_002510-T1
GF00004811	DBVPG3444_008994-T1, DBVPG3444_009168-T1, DBVPG3775_007124-T1
GF00004812	DBVPG3444_009081-T1, DBVPG3444_011940-T1, DBVPG3775_002576-T1
GF00004813	DBVPG3444_009083-T1, DBVPG3444_011942-T1, DBVPG3775_002574-T1
GF00004814	DBVPG3444_009085-T1, DBVPG3444_011944-T1, DBVPG3775_002572-T1
GF00004815	DBVPG3444_009086-T1, DBVPG3444_011945-T1, DBVPG3775_002571-T1
GF00004816	DBVPG3444_009087-T1, DBVPG3444_011946-T1, DBVPG3775_002570-T1
GF00004817	DBVPG3444_009090-T1, DBVPG3444_011948-T1, DBVPG3775_002568-T1
GF00004818	DBVPG3444_009091-T1, DBVPG3444_011949-T1, DBVPG3775_002567-T1
GF00004819	DBVPG3444_009092-T1, DBVPG3444_011950-T1, DBVPG3775_002566-T1
GF00004820	DBVPG3444_009093-T1, DBVPG3444_011951-T1, DBVPG3775_002565-T1
GF00004821	DBVPG3444_009095-T1, DBVPG3444_011953-T1, DBVPG3775_002563-T1
GF00004822	DBVPG3444_009096-T1, DBVPG3444_011954-T1, DBVPG3775_002562-T1
GF00004823	DBVPG3444_009097-T1, DBVPG3444_011955-T1, DBVPG3775_002561-T1
GF00004824	DBVPG3444_009098-T1, DBVPG3444_011956-T1, DBVPG3775_002560-T1
GF00004825	DBVPG3444_009099-T1, DBVPG3444_011957-T1, DBVPG3775_002559-T1
GF00004826	DBVPG3444_009108-T1, DBVPG3444_011784-T1, DBVPG3775_004621-T1
GF00004827	DBVPG3444_009109-T1, DBVPG3444_011785-T1, DBVPG3775_004620-T1
GF00004828	DBVPG3444_009110-T1, DBVPG3444_011786-T1, DBVPG3775_004619-T1
GF00004829	DBVPG3444_009111-T1, DBVPG3444_011787-T1, DBVPG3775_004618-T1
GF00004830	DBVPG3444_009112-T1, DBVPG3444_011788-T1, DBVPG3775_004617-T1
GF00004831	DBVPG3444_009113-T1, DBVPG3444_011789-T1, DBVPG3775_004616-T1
GF00004832	DBVPG3444_009114-T1, DBVPG3444_011790-T1, DBVPG3775_004615-T1
GF00004833	DBVPG3444_009115-T1, DBVPG3444_011791-T1, DBVPG3775_004614-T1
GF00004834	DBVPG3444_009116-T1, DBVPG3444_011792-T1, DBVPG3775_004613-T1
GF00004835	DBVPG3444_009117-T1, DBVPG3444_011793-T1, DBVPG3775_004612-T1
GF00004836	DBVPG3444_009118-T1, DBVPG3444_011794-T1, DBVPG3775_004611-T1
GF00004837	DBVPG3444_009119-T1, DBVPG3444_011795-T1, DBVPG3775_004610-T1
GF00004838	DBVPG3444_009121-T1, DBVPG3444_011797-T1, DBVPG3775_004608-T1
GF00004839	DBVPG3444_009122-T1, DBVPG3444_011798-T1, DBVPG3775_004607-T1
GF00004840	DBVPG3444_009123-T1, DBVPG3444_011799-T1, DBVPG3775_004606-T1
GF00004841	DBVPG3444_009124-T1, DBVPG3444_011800-T1, DBVPG3775_004605-T1
GF00004842	DBVPG3444_009125-T1, DBVPG3444_011801-T1, DBVPG3775_004604-T1
GF00004843	DBVPG3444_009127-T1, DBVPG3444_011804-T1, DBVPG3775_004601-T1
GF00004844	DBVPG3444_009128-T1, DBVPG3444_011805-T1, DBVPG3775_004600-T1
GF00004845	DBVPG3444_009131-T1, DBVPG3444_013909-T1, DBVPG3775_004597-T1
GF00004846	DBVPG3444_009132-T1, DBVPG3444_013910-T1, DBVPG3775_004596-T1
GF00004847	DBVPG3444_009135-T1, DBVPG3444_013912-T1, DBVPG3775_004594-T1
GF00004848	DBVPG3444_009152-T1, DBVPG3444_010918-T1, DBVPG3775_003837-T1
GF00004849	DBVPG3444_009153-T1, DBVPG3444_010921-T1, DBVPG3775_003834-T1
GF00004850	DBVPG3444_009154-T1, DBVPG3444_010922-T1, DBVPG3775_003833-T1
GF00004851	DBVPG3444_009159-T1, DBVPG3444_010925-T1, DBVPG3775_003830-T1
GF00004852	DBVPG3444_009160-T1, DBVPG3444_010926-T1, DBVPG3775_003829-T1
GF00004853	DBVPG3444_009161-T1, DBVPG3444_010927-T1, DBVPG3775_003828-T1
GF00004854	DBVPG3444_009162-T1, DBVPG3444_010928-T1, DBVPG3775_003827-T1
GF00004855	DBVPG3444_009163-T1, DBVPG3444_010929-T1, DBVPG3775_003826-T1
GF00004856	DBVPG3444_009164-T1, DBVPG3444_010930-T1, DBVPG3775_003825-T1
GF00004857	DBVPG3444_009165-T1, DBVPG3444_010931-T1, DBVPG3775_003824-T1
GF00004858	DBVPG3444_009166-T1, DBVPG3444_010932-T1, DBVPG3775_003823-T1
GF00004859	DBVPG3444_009176-T1, DBVPG3444_014303-T1, DBVPG3775_003971-T1
GF00004860	DBVPG3444_009177-T1, DBVPG3444_014302-T1, DBVPG3775_003972-T1
GF00004861	DBVPG3444_009203-T1, DBVPG3444_014087-T1, DBVPG3775_002678-T1
GF00004862	DBVPG3444_009444-T1, DBVPG3444_014444-T1, DBVPG3775_002121-T1
GF00004863	DBVPG3444_009445-T1, DBVPG3444_014445-T1, DBVPG3775_002122-T1
GF00004864	DBVPG3444_009446-T1, DBVPG3444_014446-T1, DBVPG3775_002123-T1
GF00004865	DBVPG3444_009447-T1, DBVPG3444_014447-T1, DBVPG3775_002124-T1
GF00004866	DBVPG3444_009448-T1, DBVPG3444_014448-T1, DBVPG3775_002125-T1
GF00004867	DBVPG3444_009449-T1, DBVPG3444_014449-T1, DBVPG3775_002126-T1
GF00004868	DBVPG3444_009453-T1, DBVPG3444_012010-T1, DBVPG3775_002130-T1
GF00004869	DBVPG3444_009454-T1, DBVPG3444_012011-T1, DBVPG3775_002131-T1
GF00004870	DBVPG3444_009455-T1, DBVPG3444_012012-T1, DBVPG3775_002132-T1
GF00004871	DBVPG3444_009456-T1, DBVPG3444_012013-T1, DBVPG3775_002133-T1
GF00004872	DBVPG3444_009457-T1, DBVPG3444_012014-T1, DBVPG3775_002134-T1
GF00004873	DBVPG3444_009460-T1, DBVPG3444_012017-T1, DBVPG3775_002138-T1
GF00004874	DBVPG3444_010071-T1, DBVPG3444_011208-T1, DBVPG3775_000757-T1
GF00004875	DBVPG3444_009461-T1, DBVPG3444_012018-T1, DBVPG3775_002139-T1
GF00004876	DBVPG3444_009463-T1, DBVPG3444_012020-T1, DBVPG3775_002141-T1
GF00004877	DBVPG3444_009464-T1, DBVPG3444_012021-T1, DBVPG3775_002142-T1
GF00004878	DBVPG3444_009465-T1, DBVPG3444_012022-T1, DBVPG3775_002143-T1
GF00004879	DBVPG3444_009469-T1, DBVPG3444_013452-T1, DBVPG3775_002148-T1
GF00004880	DBVPG3444_009470-T1, DBVPG3444_013451-T1, DBVPG3775_002149-T1
GF00004881	DBVPG3444_009471-T1, DBVPG3444_013450-T1, DBVPG3775_002150-T1
GF00004882	DBVPG3444_009472-T1, DBVPG3444_013449-T1, DBVPG3775_002151-T1
GF00004883	DBVPG3444_009473-T1, DBVPG3444_013448-T1, DBVPG3775_002152-T1
GF00004884	DBVPG3444_009474-T1, DBVPG3444_013447-T1, DBVPG3775_002153-T1
GF00004885	DBVPG3444_009475-T1, DBVPG3444_013446-T1, DBVPG3775_002154-T1
GF00004886	DBVPG3444_009516-T1, DBVPG3444_012554-T1, DBVPG3775_004592-T1
GF00004887	DBVPG3444_009517-T1, DBVPG3444_012555-T1, DBVPG3775_004591-T1
GF00004888	DBVPG3444_009519-T1, DBVPG3444_012557-T1, DBVPG3775_004589-T1
GF00004889	DBVPG3444_009520-T1, DBVPG3444_012558-T1, DBVPG3775_004588-T1
GF00004890	DBVPG3444_009521-T1, DBVPG3444_012559-T1, DBVPG3775_004587-T1
GF00004891	DBVPG3444_009523-T1, DBVPG3444_012561-T1, DBVPG3775_004584-T1
GF00004892	DBVPG3444_009524-T1, DBVPG3444_012562-T1, DBVPG3775_004583-T1
GF00004893	DBVPG3444_009527-T1, DBVPG3444_012567-T1, DBVPG3775_004580-T1
GF00004894	DBVPG3444_009528-T1, DBVPG3444_012568-T1, DBVPG3775_004579-T1
GF00004895	DBVPG3444_009529-T1, DBVPG3444_012569-T1, DBVPG3775_004578-T1
GF00004896	DBVPG3444_009530-T1, DBVPG3444_012570-T1, DBVPG3775_004577-T1
GF00004897	DBVPG3444_009533-T1, DBVPG3444_012638-T1, DBVPG3775_004504-T1
GF00004898	DBVPG3444_009606-T1, DBVPG3444_009943-T1, DBVPG3775_005773-T1
GF00004899	DBVPG3444_009607-T1, DBVPG3444_009942-T1, DBVPG3775_005774-T1
GF00004900	DBVPG3444_009608-T1, DBVPG3444_009941-T1, DBVPG3775_005775-T1
GF00004901	DBVPG3444_009609-T1, DBVPG3444_009940-T1, DBVPG3775_005776-T1
GF00004902	DBVPG3444_009610-T1, DBVPG3444_009939-T1, DBVPG3775_005777-T1
GF00004903	DBVPG3444_009617-T1, DBVPG3444_009937-T1, DBVPG3775_005783-T1
GF00004904	DBVPG3444_009619-T1, DBVPG3444_009935-T1, DBVPG3775_005785-T1
GF00004905	DBVPG3444_009620-T1, DBVPG3444_009934-T1, DBVPG3775_005786-T1
GF00004906	DBVPG3444_009621-T1, DBVPG3444_009932-T1, DBVPG3775_005787-T1
GF00004907	DBVPG3444_009624-T1, DBVPG3444_009927-T1, DBVPG3775_005790-T1
GF00004908	DBVPG3444_009627-T1, DBVPG3444_014519-T1, DBVPG3775_005793-T1
GF00004909	DBVPG3444_009628-T1, DBVPG3444_014520-T1, DBVPG3775_005794-T1
GF00004910	DBVPG3444_009631-T1, DBVPG3444_014540-T1, DBVPG3775_005797-T1
GF00004911	DBVPG3444_009633-T1, DBVPG3444_014543-T1, DBVPG3775_005800-T1
GF00004912	DBVPG3444_009634-T1, DBVPG3444_014544-T1, DBVPG3775_005801-T1
GF00004913	DBVPG3444_009765-T1, DBVPG3444_012513-T1, DBVPG3775_005325-T1
GF00004914	DBVPG3444_009766-T1, DBVPG3444_012512-T1, DBVPG3775_005326-T1
GF00004915	DBVPG3444_009769-T1, DBVPG3444_012509-T1, DBVPG3775_005330-T1
GF00004916	DBVPG3444_009770-T1, DBVPG3444_012508-T1, DBVPG3775_005331-T1
GF00004917	DBVPG3444_009771-T1, DBVPG3444_012507-T1, DBVPG3775_005332-T1
GF00004918	DBVPG3444_011494-T1, DBVPG3444_014892-T1, DBVPG3775_006029-T1
GF00004919	DBVPG3444_009772-T1, DBVPG3444_012506-T1, DBVPG3775_005333-T1
GF00004920	DBVPG3444_009774-T1, DBVPG3444_012504-T1, DBVPG3775_005336-T1
GF00004921	DBVPG3444_009775-T1, DBVPG3444_012503-T1, DBVPG3775_005337-T1
GF00004922	DBVPG3444_009777-T1, DBVPG3444_013063-T1, DBVPG3775_005339-T1
GF00004923	DBVPG3444_009778-T1, DBVPG3444_013062-T1, DBVPG3775_005340-T1
GF00004924	DBVPG3444_009781-T1, DBVPG3444_013060-T1, DBVPG3775_005343-T1
GF00004925	DBVPG3444_009782-T1, DBVPG3444_013059-T1, DBVPG3775_005344-T1
GF00004926	DBVPG3444_009785-T1, DBVPG3444_013057-T1, DBVPG3775_005347-T1
GF00004927	DBVPG3444_009786-T1, DBVPG3444_013056-T1, DBVPG3775_005348-T1
GF00004928	DBVPG3444_009787-T1, DBVPG3444_013055-T1, DBVPG3775_005349-T1
GF00004929	DBVPG3444_009788-T1, DBVPG3444_013054-T1, DBVPG3775_005350-T1
GF00004930	DBVPG3444_009790-T1, DBVPG3444_013052-T1, DBVPG3775_005352-T1
GF00004931	DBVPG3444_009791-T1, DBVPG3444_013051-T1, DBVPG3775_005353-T1
GF00004932	DBVPG3444_009793-T1, DBVPG3444_010506-T1, DBVPG3775_002709-T1
GF00004933	DBVPG3444_009794-T1, DBVPG3444_010507-T1, DBVPG3775_002708-T1
GF00004934	DBVPG3444_009795-T1, DBVPG3444_010508-T1, DBVPG3775_002707-T1
GF00004935	DBVPG3444_010580-T1, DBVPG3444_014386-T1, DBVPG3775_007461-T1
GF00004936	DBVPG3444_009797-T1, DBVPG3444_010510-T1, DBVPG3775_002705-T1
GF00004937	DBVPG3444_009798-T1, DBVPG3444_010511-T1, DBVPG3775_002704-T1
GF00004938	DBVPG3444_009799-T1, DBVPG3444_010512-T1, DBVPG3775_002703-T1
GF00004939	DBVPG3444_009800-T1, DBVPG3444_010513-T1, DBVPG3775_002702-T1
GF00004940	DBVPG3444_009801-T1, DBVPG3444_010514-T1, DBVPG3775_002701-T1
GF00004941	DBVPG3444_009802-T1, DBVPG3444_010515-T1, DBVPG3775_002700-T1
GF00004942	DBVPG3444_009803-T1, DBVPG3444_010516-T1, DBVPG3775_002699-T1
GF00004943	DBVPG3444_009806-T1, DBVPG3444_010519-T1, DBVPG3775_002696-T1
GF00004944	DBVPG3444_009809-T1, DBVPG3444_010522-T1, DBVPG3775_002693-T1
GF00004945	DBVPG3444_009810-T1, DBVPG3444_010523-T1, DBVPG3775_002692-T1
GF00004946	DBVPG3444_009811-T1, DBVPG3444_010524-T1, DBVPG3775_002691-T1
GF00004947	DBVPG3444_009813-T1, DBVPG3444_010526-T1, DBVPG3775_002689-T1
GF00004948	DBVPG3444_009814-T1, DBVPG3444_010527-T1, DBVPG3775_002688-T1
GF00004949	DBVPG3444_009815-T1, DBVPG3444_010528-T1, DBVPG3775_002687-T1
GF00004950	DBVPG3444_009816-T1, DBVPG3444_014018-T1, DBVPG3775_002686-T1
GF00004951	DBVPG3444_009817-T1, DBVPG3444_014017-T1, DBVPG3775_002685-T1
GF00004952	DBVPG3444_009819-T1, DBVPG3444_014014-T1, DBVPG3775_002683-T1
GF00004953	DBVPG3444_009820-T1, DBVPG3444_014013-T1, DBVPG3775_002682-T1
GF00004954	DBVPG3444_009823-T1, DBVPG3444_013553-T1, DBVPG3775_006797-T1
GF00004955	DBVPG3444_009827-T1, DBVPG3444_012208-T1, DBVPG3775_006800-T1
GF00004956	DBVPG3444_009828-T1, DBVPG3444_012209-T1, DBVPG3775_006801-T1
GF00004957	DBVPG3444_009830-T1, DBVPG3444_012211-T1, DBVPG3775_006803-T1
GF00004958	DBVPG3444_009831-T1, DBVPG3444_012212-T1, DBVPG3775_006804-T1
GF00004959	DBVPG3444_009834-T1, DBVPG3444_012215-T1, DBVPG3775_006807-T1
GF00004960	DBVPG3444_009840-T1, DBVPG3444_014019-T1, DBVPG3775_006813-T1
GF00004961	DBVPG3444_009843-T1, DBVPG3444_014403-T1, DBVPG3775_004259-T1
GF00004962	DBVPG3444_009844-T1, DBVPG3444_011766-T1, DBVPG3775_004258-T1
GF00004963	DBVPG3444_009845-T1, DBVPG3444_011767-T1, DBVPG3775_004257-T1
GF00004964	DBVPG3444_009846-T1, DBVPG3444_011768-T1, DBVPG3775_004256-T1
GF00004965	DBVPG3444_009847-T1, DBVPG3444_011769-T1, DBVPG3775_004255-T1
GF00004966	DBVPG3444_009851-T1, DBVPG3444_011772-T1, DBVPG3775_004252-T1
GF00004967	DBVPG3444_009852-T1, DBVPG3444_011773-T1, DBVPG3775_004251-T1
GF00004968	DBVPG3444_009856-T1, DBVPG3444_011775-T1, DBVPG3775_004247-T1
GF00004969	DBVPG3444_009858-T1, DBVPG3444_011776-T1, DBVPG3775_004245-T1
GF00004970	DBVPG3444_009859-T1, DBVPG3444_011777-T1, DBVPG3775_004244-T1
GF00004971	DBVPG3444_009860-T1, DBVPG3444_011778-T1, DBVPG3775_004243-T1
GF00004972	DBVPG3444_009862-T1, DBVPG3444_011780-T1, DBVPG3775_004241-T1
GF00004973	DBVPG3444_009863-T1, DBVPG3444_011781-T1, DBVPG3775_004240-T1
GF00004974	DBVPG3444_009864-T1, DBVPG3444_011782-T1, DBVPG3775_004239-T1
GF00004975	DBVPG3444_009952-T1, DBVPG3444_012314-T1, DBVPG3775_004109-T1
GF00004976	DBVPG3444_009954-T1, DBVPG3444_012316-T1, DBVPG3775_004106-T1
GF00004977	DBVPG3444_009955-T1, DBVPG3444_012317-T1, DBVPG3775_004105-T1
GF00004978	DBVPG3444_009956-T1, DBVPG3444_012318-T1, DBVPG3775_004104-T1
GF00004979	DBVPG3444_009959-T1, DBVPG3444_012320-T1, DBVPG3775_004102-T1
GF00004980	DBVPG3444_009960-T1, DBVPG3444_012321-T1, DBVPG3775_004101-T1
GF00004981	DBVPG3444_009961-T1, DBVPG3444_012322-T1, DBVPG3775_004100-T1
GF00004982	DBVPG3444_009963-T1, DBVPG3444_012323-T1, DBVPG3775_004098-T1
GF00004983	DBVPG3444_009965-T1, DBVPG3444_012325-T1, DBVPG3775_004096-T1
GF00004984	DBVPG3444_009966-T1, DBVPG3444_012326-T1, DBVPG3775_004095-T1
GF00004985	DBVPG3444_009967-T1, DBVPG3444_012327-T1, DBVPG3775_004094-T1
GF00004986	DBVPG3444_009968-T1, DBVPG3444_012328-T1, DBVPG3775_004093-T1
GF00004987	DBVPG3444_009969-T1, DBVPG3444_012329-T1, DBVPG3775_004092-T1
GF00004988	DBVPG3444_009971-T1, DBVPG3444_013430-T1, DBVPG3775_004090-T1
GF00004989	DBVPG3444_009972-T1, DBVPG3444_013431-T1, DBVPG3775_004089-T1
GF00004990	DBVPG3444_009973-T1, DBVPG3444_013432-T1, DBVPG3775_004088-T1
GF00004991	DBVPG3444_009974-T1, DBVPG3444_013433-T1, DBVPG3775_004087-T1
GF00004992	DBVPG3444_009975-T1, DBVPG3444_013434-T1, DBVPG3775_004086-T1
GF00004993	DBVPG3444_009977-T1, DBVPG3444_013436-T1, DBVPG3775_004084-T1
GF00004994	DBVPG3444_009978-T1, DBVPG3444_013437-T1, DBVPG3775_004083-T1
GF00004995	DBVPG3444_009979-T1, DBVPG3444_013438-T1, DBVPG3775_004082-T1
GF00004996	DBVPG3444_009980-T1, DBVPG3444_013439-T1, DBVPG3775_004081-T1
GF00004997	DBVPG3444_009982-T1, DBVPG3444_010045-T1, DBVPG3775_004048-T1
GF00004998	DBVPG3444_009983-T1, DBVPG3444_010046-T1, DBVPG3775_004047-T1
GF00004999	DBVPG3444_009984-T1, DBVPG3444_010047-T1, DBVPG3775_004046-T1
GF00005000	DBVPG3444_009985-T1, DBVPG3444_014428-T1, DBVPG3775_004045-T1
GF00005001	DBVPG3444_009986-T1, DBVPG3444_014429-T1, DBVPG3775_004044-T1
GF00005002	DBVPG3444_009987-T1, DBVPG3444_014430-T1, DBVPG3775_004043-T1
GF00005003	DBVPG3444_009991-T1, DBVPG3444_012997-T1, DBVPG3775_004038-T1
GF00005004	DBVPG3444_009995-T1, DBVPG3444_012993-T1, DBVPG3775_004033-T1
GF00005005	DBVPG3444_009996-T1, DBVPG3444_012992-T1, DBVPG3775_004032-T1
GF00005006	DBVPG3444_009998-T1, DBVPG3444_012990-T1, DBVPG3775_004030-T1
GF00005007	DBVPG3444_010000-T1, DBVPG3444_012987-T1, DBVPG3775_004028-T1
GF00005008	DBVPG3444_010001-T1, DBVPG3444_012986-T1, DBVPG3775_004027-T1
GF00005009	DBVPG3444_010004-T1, DBVPG3444_014076-T1, DBVPG3775_004024-T1
GF00005010	DBVPG3444_010005-T1, DBVPG3444_014077-T1, DBVPG3775_004023-T1
GF00005011	DBVPG3444_010006-T1, DBVPG3444_014078-T1, DBVPG3775_004022-T1
GF00005012	DBVPG3444_010007-T1, DBVPG3444_014079-T1, DBVPG3775_004021-T1
GF00005013	DBVPG3444_010008-T1, DBVPG3444_014080-T1, DBVPG3775_004020-T1
GF00005014	DBVPG3444_010010-T1, DBVPG3444_014082-T1, DBVPG3775_004018-T1
GF00005015	DBVPG3444_010011-T1, DBVPG3444_014083-T1, DBVPG3775_004017-T1
GF00005016	DBVPG3444_010013-T1, DBVPG3444_013715-T1, DBVPG3775_004015-T1
GF00005017	DBVPG3444_010015-T1, DBVPG3444_011896-T1, DBVPG3775_004079-T1
GF00005018	DBVPG3444_010016-T1, DBVPG3444_011897-T1, DBVPG3775_004078-T1
GF00005019	DBVPG3444_010017-T1, DBVPG3444_011898-T1, DBVPG3775_004077-T1
GF00005020	DBVPG3444_010018-T1, DBVPG3444_011899-T1, DBVPG3775_004076-T1
GF00005021	DBVPG3444_010019-T1, DBVPG3444_011900-T1, DBVPG3775_004075-T1
GF00005022	DBVPG3444_010022-T1, DBVPG3444_011903-T1, DBVPG3775_004071-T1
GF00005023	DBVPG3444_010023-T1, DBVPG3444_011904-T1, DBVPG3775_004070-T1
GF00005024	DBVPG3444_010024-T1, DBVPG3444_011905-T1, DBVPG3775_004069-T1
GF00005025	DBVPG3444_010025-T1, DBVPG3444_011906-T1, DBVPG3775_004068-T1
GF00005026	DBVPG3444_010026-T1, DBVPG3444_011907-T1, DBVPG3775_004067-T1
GF00005027	DBVPG3444_010027-T1, DBVPG3444_011908-T1, DBVPG3775_004066-T1
GF00005028	DBVPG3444_010028-T1, DBVPG3444_011909-T1, DBVPG3775_004065-T1
GF00005029	DBVPG3444_010029-T1, DBVPG3444_011910-T1, DBVPG3775_004064-T1
GF00005030	DBVPG3444_010030-T1, DBVPG3444_011911-T1, DBVPG3775_004063-T1
GF00005031	DBVPG3444_010031-T1, DBVPG3444_011912-T1, DBVPG3775_004062-T1
GF00005032	DBVPG3444_010034-T1, DBVPG3444_011915-T1, DBVPG3775_004059-T1
GF00005033	DBVPG3444_010039-T1, DBVPG3444_014192-T1, DBVPG3775_004054-T1
GF00005034	DBVPG3444_010040-T1, DBVPG3444_014193-T1, DBVPG3775_004053-T1
GF00005035	DBVPG3444_010041-T1, DBVPG3444_014194-T1, DBVPG3775_004052-T1
GF00005036	DBVPG3444_010043-T1, DBVPG3444_014196-T1, DBVPG3775_004050-T1
GF00005037	DBVPG3444_010044-T1, DBVPG3444_014197-T1, DBVPG3775_004049-T1
GF00005038	DBVPG3444_010057-T1, DBVPG3444_013773-T1, DBVPG3775_000771-T1
GF00005039	DBVPG3444_010059-T1, DBVPG3444_013774-T1, DBVPG3775_000769-T1
GF00005040	DBVPG3444_010062-T1, DBVPG3444_013776-T1, DBVPG3775_000766-T1
GF00005041	DBVPG3444_010063-T1, DBVPG3444_013777-T1, DBVPG3775_000765-T1
GF00005042	DBVPG3444_010066-T1, DBVPG3444_011213-T1, DBVPG3775_000762-T1
GF00005043	DBVPG3444_010067-T1, DBVPG3444_011212-T1, DBVPG3775_000761-T1
GF00005044	DBVPG3444_010070-T1, DBVPG3444_011209-T1, DBVPG3775_000758-T1
GF00005045	DBVPG3444_010072-T1, DBVPG3444_011207-T1, DBVPG3775_000756-T1
GF00005046	DBVPG3444_010073-T1, DBVPG3444_011206-T1, DBVPG3775_000755-T1
GF00005047	DBVPG3444_010077-T1, DBVPG3444_010998-T1, DBVPG3775_007264-T1
GF00005048	DBVPG3444_010078-T1, DBVPG3444_010997-T1, DBVPG3775_007263-T1
GF00005049	DBVPG3444_010079-T1, DBVPG3444_010996-T1, DBVPG3775_007262-T1
GF00005050	DBVPG3444_010080-T1, DBVPG3444_010995-T1, DBVPG3775_007261-T1
GF00005051	DBVPG3444_010081-T1, DBVPG3444_010994-T1, DBVPG3775_007260-T1
GF00005052	DBVPG3444_010083-T1, DBVPG3444_011334-T1, DBVPG3775_007307-T1
GF00005053	DBVPG3444_010084-T1, DBVPG3444_011335-T1, DBVPG3775_007306-T1
GF00005054	DBVPG3444_010085-T1, DBVPG3444_011336-T1, DBVPG3775_007305-T1
GF00005055	DBVPG3444_010086-T1, DBVPG3444_011337-T1, DBVPG3775_007304-T1
GF00005056	DBVPG3444_010087-T1, DBVPG3444_011338-T1, DBVPG3775_007303-T1
GF00005057	DBVPG3444_010088-T1, DBVPG3444_011340-T1, DBVPG3775_007301-T1
GF00005058	DBVPG3444_010089-T1, DBVPG3444_011341-T1, DBVPG3775_007300-T1
GF00005059	DBVPG3444_010090-T1, DBVPG3444_011342-T1, DBVPG3775_007299-T1
GF00005060	DBVPG3444_010091-T1, DBVPG3444_011343-T1, DBVPG3775_007298-T1
GF00005061	DBVPG3444_010092-T1, DBVPG3444_011344-T1, DBVPG3775_007297-T1
GF00005062	DBVPG3444_010093-T1, DBVPG3444_011345-T1, DBVPG3775_007296-T1
GF00005063	DBVPG3444_010094-T1, DBVPG3444_011346-T1, DBVPG3775_007295-T1
GF00005064	DBVPG3444_010097-T1, DBVPG3444_011349-T1, DBVPG3775_007292-T1
GF00005065	DBVPG3444_010098-T1, DBVPG3444_011350-T1, DBVPG3775_007291-T1
GF00005066	DBVPG3444_010099-T1, DBVPG3444_011351-T1, DBVPG3775_007290-T1
GF00005067	DBVPG3444_010101-T1, DBVPG3444_011352-T1, DBVPG3775_007288-T1
GF00005068	DBVPG3444_010102-T1, DBVPG3444_011353-T1, DBVPG3775_007287-T1
GF00005069	DBVPG3444_010103-T1, DBVPG3444_011354-T1, DBVPG3775_007286-T1
GF00005070	DBVPG3444_010105-T1, DBVPG3444_012610-T1, DBVPG3775_000678-T1
GF00005071	DBVPG3444_010109-T1, DBVPG3444_012199-T1, DBVPG3775_000674-T1
GF00005072	DBVPG3444_010110-T1, DBVPG3444_012198-T1, DBVPG3775_000673-T1
GF00005073	DBVPG3444_010111-T1, DBVPG3444_012197-T1, DBVPG3775_000672-T1
GF00005074	DBVPG3444_010112-T1, DBVPG3444_012196-T1, DBVPG3775_000671-T1
GF00005075	DBVPG3444_010114-T1, DBVPG3444_012195-T1, DBVPG3775_000670-T1
GF00005076	DBVPG3444_010115-T1, DBVPG3444_012194-T1, DBVPG3775_000669-T1
GF00005077	DBVPG3444_010117-T1, DBVPG3444_012192-T1, DBVPG3775_000667-T1
GF00005078	DBVPG3444_010119-T1, DBVPG3444_013526-T1, DBVPG3775_000665-T1
GF00005079	DBVPG3444_010121-T1, DBVPG3444_013528-T1, DBVPG3775_000663-T1
GF00005080	DBVPG3444_010122-T1, DBVPG3444_013529-T1, DBVPG3775_000662-T1
GF00005081	DBVPG3444_010126-T1, DBVPG3444_012606-T1, DBVPG3775_000658-T1
GF00005082	DBVPG3444_010127-T1, DBVPG3444_012607-T1, DBVPG3775_000657-T1
GF00005083	DBVPG3444_010130-T1, DBVPG3444_013306-T1, DBVPG3775_005631-T1
GF00005084	DBVPG3444_010133-T1, DBVPG3444_013303-T1, DBVPG3775_005634-T1
GF00005085	DBVPG3444_010139-T1, DBVPG3444_014876-T1, DBVPG3775_007345-T1
GF00005086	DBVPG3444_010146-T1, DBVPG3444_012669-T1, DBVPG3775_007340-T1
GF00005087	DBVPG3444_010147-T1, DBVPG3444_012668-T1, DBVPG3775_007339-T1
GF00005088	DBVPG3444_010148-T1, DBVPG3444_012667-T1, DBVPG3775_007338-T1
GF00005089	DBVPG3444_010150-T1, DBVPG3444_012665-T1, DBVPG3775_007336-T1
GF00005090	DBVPG3444_010151-T1, DBVPG3444_012664-T1, DBVPG3775_007335-T1
GF00005091	DBVPG3444_010152-T1, DBVPG3444_012663-T1, DBVPG3775_007334-T1
GF00005092	DBVPG3444_010154-T1, DBVPG3444_012661-T1, DBVPG3775_007332-T1
GF00005093	DBVPG3444_010156-T1, DBVPG3444_012659-T1, DBVPG3775_007330-T1
GF00005094	DBVPG3444_010158-T1, DBVPG3444_012657-T1, DBVPG3775_007328-T1
GF00005095	DBVPG3444_010161-T1, DBVPG3444_010211-T1, DBVPG3775_007122-T1
GF00005096	DBVPG3444_010162-T1, DBVPG3444_010212-T1, DBVPG3775_007121-T1
GF00005097	DBVPG3444_010163-T1, DBVPG3444_010213-T1, DBVPG3775_007120-T1
GF00005098	DBVPG3444_010166-T1, DBVPG3444_010217-T1, DBVPG3775_007116-T1
GF00005099	DBVPG3444_010167-T1, DBVPG3444_010218-T1, DBVPG3775_007115-T1
GF00005100	DBVPG3444_010168-T1, DBVPG3444_010219-T1, DBVPG3775_007114-T1
GF00005101	DBVPG3444_010169-T1, DBVPG3444_010220-T1, DBVPG3775_007113-T1
GF00005102	DBVPG3444_010170-T1, DBVPG3444_010221-T1, DBVPG3775_007112-T1
GF00005103	DBVPG3444_010173-T1, DBVPG3444_010224-T1, DBVPG3775_007109-T1
GF00005104	DBVPG3444_010174-T1, DBVPG3444_010225-T1, DBVPG3775_007108-T1
GF00005105	DBVPG3444_010175-T1, DBVPG3444_010226-T1, DBVPG3775_007107-T1
GF00005106	DBVPG3444_010176-T1, DBVPG3444_010227-T1, DBVPG3775_007106-T1
GF00005107	DBVPG3444_010178-T1, DBVPG3444_010229-T1, DBVPG3775_007104-T1
GF00005108	DBVPG3444_010181-T1, DBVPG3444_010233-T1, DBVPG3775_007100-T1
GF00005109	DBVPG3444_010184-T1, DBVPG3444_010236-T1, DBVPG3775_007098-T1
GF00005110	DBVPG3444_010187-T1, DBVPG3444_010239-T1, DBVPG3775_007095-T1
GF00005111	DBVPG3444_010252-T1, DBVPG3444_011982-T1, DBVPG3775_005451-T1
GF00005112	DBVPG3444_010253-T1, DBVPG3444_011981-T1, DBVPG3775_005450-T1
GF00005113	DBVPG3444_010255-T1, DBVPG3444_011979-T1, DBVPG3775_005448-T1
GF00005114	DBVPG3444_010256-T1, DBVPG3444_011978-T1, DBVPG3775_005447-T1
GF00005115	DBVPG3444_010257-T1, DBVPG3444_011977-T1, DBVPG3775_005446-T1
GF00005116	DBVPG3444_010258-T1, DBVPG3444_011975-T1, DBVPG3775_005444-T1
GF00005117	DBVPG3444_010259-T1, DBVPG3444_011974-T1, DBVPG3775_005443-T1
GF00005118	DBVPG3444_010260-T1, DBVPG3444_011973-T1, DBVPG3775_005442-T1
GF00005119	DBVPG3444_010262-T1, DBVPG3444_011971-T1, DBVPG3775_005440-T1
GF00005120	DBVPG3444_010263-T1, DBVPG3444_011970-T1, DBVPG3775_005439-T1
GF00005121	DBVPG3444_010264-T1, DBVPG3444_011969-T1, DBVPG3775_005438-T1
GF00005122	DBVPG3444_010265-T1, DBVPG3444_011968-T1, DBVPG3775_005437-T1
GF00005123	DBVPG3444_010270-T1, DBVPG3444_011965-T1, DBVPG3775_005434-T1
GF00005124	DBVPG3444_010271-T1, DBVPG3444_011964-T1, DBVPG3775_005433-T1
GF00005125	DBVPG3444_010337-T1, DBVPG3444_013592-T1, DBVPG3775_001735-T1
GF00005126	DBVPG3444_010339-T1, DBVPG3444_013590-T1, DBVPG3775_001733-T1
GF00005127	DBVPG3444_010365-T1, DBVPG3444_011170-T1, DBVPG3775_004286-T1
GF00005128	DBVPG3444_010366-T1, DBVPG3444_011171-T1, DBVPG3775_004285-T1
GF00005129	DBVPG3444_010367-T1, DBVPG3444_011172-T1, DBVPG3775_004284-T1
GF00005130	DBVPG3444_010368-T1, DBVPG3444_011173-T1, DBVPG3775_004283-T1
GF00005131	DBVPG3444_010369-T1, DBVPG3444_011174-T1, DBVPG3775_004282-T1
GF00005132	DBVPG3444_010370-T1, DBVPG3444_011175-T1, DBVPG3775_004281-T1
GF00005133	DBVPG3444_010371-T1, DBVPG3444_011176-T1, DBVPG3775_004280-T1
GF00005134	DBVPG3444_010372-T1, DBVPG3444_011177-T1, DBVPG3775_004279-T1
GF00005135	DBVPG3444_010373-T1, DBVPG3444_011178-T1, DBVPG3775_004278-T1
GF00005136	DBVPG3444_010378-T1, DBVPG3444_011182-T1, DBVPG3775_004274-T1
GF00005137	DBVPG3444_010379-T1, DBVPG3444_011183-T1, DBVPG3775_004273-T1
GF00005138	DBVPG3444_010380-T1, DBVPG3444_011184-T1, DBVPG3775_004272-T1
GF00005139	DBVPG3444_010381-T1, DBVPG3444_011185-T1, DBVPG3775_004271-T1
GF00005140	DBVPG3444_010382-T1, DBVPG3444_011186-T1, DBVPG3775_004270-T1
GF00005141	DBVPG3444_010383-T1, DBVPG3444_011187-T1, DBVPG3775_004269-T1
GF00005142	DBVPG3444_010386-T1, DBVPG3444_013820-T1, DBVPG3775_004266-T1
GF00005143	DBVPG3444_010387-T1, DBVPG3444_013821-T1, DBVPG3775_004265-T1
GF00005144	DBVPG3444_010397-T1, DBVPG3444_013424-T1, DBVPG3775_003323-T1
GF00005145	DBVPG3444_010400-T1, DBVPG3444_013421-T1, DBVPG3775_003320-T1
GF00005146	DBVPG3444_010401-T1, DBVPG3444_013420-T1, DBVPG3775_003319-T1
GF00005147	DBVPG3444_010402-T1, DBVPG3444_013419-T1, DBVPG3775_003318-T1
GF00005148	DBVPG3444_010469-T1, DBVPG3444_014508-T1, DBVPG3775_001492-T1
GF00005149	DBVPG3444_010473-T1, DBVPG3444_014503-T1, DBVPG3775_001487-T1
GF00005150	DBVPG3444_010474-T1, DBVPG3444_013699-T1, DBVPG3775_001486-T1
GF00005151	DBVPG3444_010475-T1, DBVPG3444_013698-T1, DBVPG3775_001485-T1
GF00005152	DBVPG3444_010476-T1, DBVPG3444_013697-T1, DBVPG3775_001484-T1
GF00005153	DBVPG3444_010479-T1, DBVPG3444_011648-T1, DBVPG3775_007231-T1
GF00005154	DBVPG3444_010480-T1, DBVPG3444_011647-T1, DBVPG3775_007232-T1
GF00005155	DBVPG3444_011645-T1, DBVPG3444_010483-T1, DBVPG3775_007235-T1
GF00005156	DBVPG3444_010492-T1, DBVPG3444_011640-T1, DBVPG3775_007246-T1
GF00005157	DBVPG3444_010494-T1, DBVPG3444_011638-T1, DBVPG3775_007248-T1
GF00005158	DBVPG3444_010495-T1, DBVPG3444_011637-T1, DBVPG3775_007249-T1
GF00005159	DBVPG3444_010498-T1, DBVPG3444_014721-T1, DBVPG3775_007252-T1
GF00005160	DBVPG3444_010499-T1, DBVPG3444_014722-T1, DBVPG3775_007253-T1
GF00005161	DBVPG3444_010500-T1, DBVPG3444_014723-T1, DBVPG3775_007254-T1
GF00005162	DBVPG3444_010501-T1, DBVPG3444_014724-T1, DBVPG3775_007255-T1
GF00005163	DBVPG3444_010503-T1, DBVPG3444_015031-T1, DBVPG3775_007257-T1
GF00005164	DBVPG3444_010550-T1, DBVPG3444_011575-T1, DBVPG3775_003499-T1
GF00005165	DBVPG3444_010551-T1, DBVPG3444_011576-T1, DBVPG3775_003500-T1
GF00005166	DBVPG3444_010554-T1, DBVPG3444_011579-T1, DBVPG3775_003504-T1
GF00005167	DBVPG3444_010555-T1, DBVPG3444_011580-T1, DBVPG3775_003505-T1
GF00005168	DBVPG3444_010556-T1, DBVPG3444_011581-T1, DBVPG3775_003506-T1
GF00005169	DBVPG3444_010557-T1, DBVPG3444_011582-T1, DBVPG3775_003507-T1
GF00005170	DBVPG3444_010558-T1, DBVPG3444_011583-T1, DBVPG3775_003508-T1
GF00005171	DBVPG3444_010559-T1, DBVPG3444_011584-T1, DBVPG3775_003509-T1
GF00005172	DBVPG3444_010560-T1, DBVPG3444_012065-T1, DBVPG3775_003442-T1
GF00005173	DBVPG3444_010562-T1, DBVPG3444_012067-T1, DBVPG3775_003440-T1
GF00005174	DBVPG3444_010565-T1, DBVPG3444_012071-T1, DBVPG3775_003437-T1
GF00005175	DBVPG3444_010566-T1, DBVPG3444_012072-T1, DBVPG3775_003436-T1
GF00005176	DBVPG3444_010568-T1, DBVPG3444_012075-T1, DBVPG3775_003433-T1
GF00005177	DBVPG3444_010569-T1, DBVPG3444_012076-T1, DBVPG3775_003432-T1
GF00005178	DBVPG3444_010570-T1, DBVPG3444_012077-T1, DBVPG3775_003431-T1
GF00005179	DBVPG3444_010571-T1, DBVPG3444_012078-T1, DBVPG3775_003430-T1
GF00005180	DBVPG3444_010572-T1, DBVPG3444_012079-T1, DBVPG3775_003429-T1
GF00005181	DBVPG3444_010573-T1, DBVPG3444_012080-T1, DBVPG3775_003428-T1
GF00005182	DBVPG3444_010574-T1, DBVPG3444_012081-T1, DBVPG3775_003427-T1
GF00005183	DBVPG3444_010575-T1, DBVPG3444_012082-T1, DBVPG3775_003426-T1
GF00005184	DBVPG3444_010576-T1, DBVPG3444_012083-T1, DBVPG3775_003425-T1
GF00005185	DBVPG3444_010577-T1, DBVPG3444_012084-T1, DBVPG3775_003424-T1
GF00005186	DBVPG3444_010579-T1, DBVPG3444_014387-T1, DBVPG3775_007462-T1
GF00005187	DBVPG3444_010581-T1, DBVPG3444_014385-T1, DBVPG3775_007460-T1
GF00005188	DBVPG3444_010583-T1, DBVPG3444_014383-T1, DBVPG3775_007458-T1
GF00005189	DBVPG3444_010584-T1, DBVPG3444_014382-T1, DBVPG3775_007457-T1
GF00005190	DBVPG3444_010585-T1, DBVPG3444_014381-T1, DBVPG3775_007456-T1
GF00005191	DBVPG3444_010589-T1, DBVPG3444_013648-T1, DBVPG3775_007453-T1
GF00005192	DBVPG3444_010592-T1, DBVPG3444_013646-T1, DBVPG3775_007450-T1
GF00005193	DBVPG3444_010600-T1, DBVPG3444_013640-T1, DBVPG3775_007361-T1
GF00005194	DBVPG3444_010632-T1, DBVPG3444_012747-T1, DBVPG3775_004421-T1
GF00005195	DBVPG3444_010633-T1, DBVPG3444_012748-T1, DBVPG3775_004420-T1
GF00005196	DBVPG3444_010634-T1, DBVPG3444_012749-T1, DBVPG3775_004419-T1
GF00005197	DBVPG3444_010635-T1, DBVPG3444_012750-T1, DBVPG3775_004418-T1
GF00005198	DBVPG3444_010636-T1, DBVPG3444_012751-T1, DBVPG3775_004417-T1
GF00005199	DBVPG3444_010637-T1, DBVPG3444_012752-T1, DBVPG3775_004416-T1
GF00005200	DBVPG3444_010638-T1, DBVPG3444_012753-T1, DBVPG3775_004415-T1
GF00005201	DBVPG3444_010663-T1, DBVPG3444_013388-T1, DBVPG3775_004166-T1
GF00005202	DBVPG3444_010664-T1, DBVPG3444_013387-T1, DBVPG3775_004165-T1
GF00005203	DBVPG3444_010665-T1, DBVPG3444_013386-T1, DBVPG3775_004164-T1
GF00005204	DBVPG3444_010667-T1, DBVPG3444_013384-T1, DBVPG3775_004162-T1
GF00005205	DBVPG3444_010668-T1, DBVPG3444_013383-T1, DBVPG3775_004161-T1
GF00005206	DBVPG3444_010669-T1, DBVPG3444_013382-T1, DBVPG3775_004160-T1
GF00005207	DBVPG3444_010670-T1, DBVPG3444_013381-T1, DBVPG3775_004159-T1
GF00005208	DBVPG3444_010791-T1, DBVPG3444_011507-T1, DBVPG3775_005543-T1
GF00005209	DBVPG3444_010792-T1, DBVPG3444_011508-T1, DBVPG3775_005542-T1
GF00005210	DBVPG3444_010795-T1, DBVPG3444_011511-T1, DBVPG3775_005539-T1
GF00005211	DBVPG3444_010796-T1, DBVPG3444_011512-T1, DBVPG3775_005538-T1
GF00005212	DBVPG3444_010797-T1, DBVPG3444_011513-T1, DBVPG3775_005537-T1
GF00005213	DBVPG3444_010798-T1, DBVPG3444_011514-T1, DBVPG3775_005536-T1
GF00005214	DBVPG3444_010799-T1, DBVPG3444_011515-T1, DBVPG3775_005535-T1
GF00005215	DBVPG3444_010802-T1, DBVPG3444_011518-T1, DBVPG3775_005532-T1
GF00005216	DBVPG3444_010804-T1, DBVPG3444_011520-T1, DBVPG3775_005530-T1
GF00005217	DBVPG3444_010806-T1, DBVPG3444_011523-T1, DBVPG3775_005527-T1
GF00005218	DBVPG3444_010807-T1, DBVPG3444_011524-T1, DBVPG3775_005526-T1
GF00005219	DBVPG3444_010808-T1, DBVPG3444_011526-T1, DBVPG3775_005524-T1
GF00005220	DBVPG3444_010809-T1, DBVPG3444_011527-T1, DBVPG3775_005523-T1
GF00005221	DBVPG3444_010810-T1, DBVPG3444_011528-T1, DBVPG3775_005522-T1
GF00005222	DBVPG3444_010812-T1, DBVPG3444_011530-T1, DBVPG3775_005520-T1
GF00005223	DBVPG3444_010813-T1, DBVPG3444_011531-T1, DBVPG3775_005519-T1
GF00005224	DBVPG3444_010883-T1, DBVPG3444_011490-T1, DBVPG3775_006033-T1
GF00005225	DBVPG3444_010884-T1, DBVPG3444_011491-T1, DBVPG3775_006032-T1
GF00005226	DBVPG3444_011003-T1, DBVPG3444_012807-T1, DBVPG3775_007268-T1
GF00005227	DBVPG3444_011013-T1, DBVPG3444_012814-T1, DBVPG3775_007278-T1
GF00005228	DBVPG3444_011014-T1, DBVPG3444_012815-T1, DBVPG3775_007279-T1
GF00005229	DBVPG3444_011016-T1, DBVPG3444_012818-T1, DBVPG3775_007281-T1
GF00005230	DBVPG3444_011017-T1, DBVPG3444_012819-T1, DBVPG3775_007282-T1
GF00005231	DBVPG3444_011018-T1, DBVPG3444_012820-T1, DBVPG3775_007283-T1
GF00005232	DBVPG3444_011026-T1, DBVPG3444_013284-T1, DBVPG3775_005486-T1
GF00005233	DBVPG3444_011027-T1, DBVPG3444_013283-T1, DBVPG3775_005487-T1
GF00005234	DBVPG3444_011028-T1, DBVPG3444_013282-T1, DBVPG3775_005488-T1
GF00005235	DBVPG3444_011029-T1, DBVPG3444_013281-T1, DBVPG3775_005489-T1
GF00005236	DBVPG3444_011032-T1, DBVPG3444_013278-T1, DBVPG3775_005492-T1
GF00005237	DBVPG3444_011033-T1, DBVPG3444_013277-T1, DBVPG3775_005493-T1
GF00005238	DBVPG3444_011034-T1, DBVPG3444_013276-T1, DBVPG3775_005494-T1
GF00005239	DBVPG3444_011035-T1, DBVPG3444_013275-T1, DBVPG3775_005495-T1
GF00005240	DBVPG3444_011036-T1, DBVPG3444_013274-T1, DBVPG3775_005496-T1
GF00005241	DBVPG3444_011037-T1, DBVPG3444_013273-T1, DBVPG3775_005497-T1
GF00005242	DBVPG3444_011038-T1, DBVPG3444_013272-T1, DBVPG3775_005498-T1
GF00005243	DBVPG3444_011040-T1, DBVPG3444_012103-T1, DBVPG3775_005500-T1
GF00005244	DBVPG3444_011041-T1, DBVPG3444_012102-T1, DBVPG3775_005501-T1
GF00005245	DBVPG3444_011042-T1, DBVPG3444_012101-T1, DBVPG3775_005502-T1
GF00005246	DBVPG3444_011044-T1, DBVPG3444_012099-T1, DBVPG3775_005504-T1
GF00005247	DBVPG3444_011162-T1, DBVPG3444_014468-T1, DBVPG3775_000928-T1
GF00005248	DBVPG3444_011163-T1, DBVPG3444_014467-T1, DBVPG3775_000929-T1
GF00005249	DBVPG3444_011202-T1, DBVPG3444_014959-T1, DBVPG3775_000751-T1
GF00005250	DBVPG3444_011234-T1, DBVPG3444_013662-T1, DBVPG3775_004828-T1
GF00005251	DBVPG3444_011235-T1, DBVPG3444_013663-T1, DBVPG3775_004827-T1
GF00005252	DBVPG3444_011236-T1, DBVPG3444_013664-T1, DBVPG3775_004826-T1
GF00005253	DBVPG3444_011237-T1, DBVPG3444_013665-T1, DBVPG3775_004824-T1
GF00005254	DBVPG3444_011238-T1, DBVPG3444_013666-T1, DBVPG3775_004823-T1
GF00005255	DBVPG3444_011240-T1, DBVPG3444_013668-T1, DBVPG3775_004821-T1
GF00005256	DBVPG3444_011264-T1, DBVPG3444_012352-T1, DBVPG3775_002334-T1
GF00005257	DBVPG3444_011265-T1, DBVPG3444_012353-T1, DBVPG3775_002335-T1
GF00005258	DBVPG3444_011267-T1, DBVPG3444_012356-T1, DBVPG3775_002337-T1
GF00005259	DBVPG3444_011270-T1, DBVPG3444_012358-T1, DBVPG3775_002339-T1
GF00005260	DBVPG3444_011271-T1, DBVPG3444_012359-T1, DBVPG3775_002340-T1
GF00005261	DBVPG3444_011272-T1, DBVPG3444_012360-T1, DBVPG3775_002341-T1
GF00005262	DBVPG3444_011273-T1, DBVPG3444_012361-T1, DBVPG3775_002342-T1
GF00005263	DBVPG3444_011274-T1, DBVPG3444_012362-T1, DBVPG3775_002343-T1
GF00005264	DBVPG3444_011278-T1, DBVPG3444_012366-T1, DBVPG3775_002347-T1
GF00005265	DBVPG3444_011279-T1, DBVPG3444_012367-T1, DBVPG3775_002348-T1
GF00005266	DBVPG3444_011280-T1, DBVPG3444_012368-T1, DBVPG3775_002349-T1
GF00005267	DBVPG3444_011281-T1, DBVPG3444_012369-T1, DBVPG3775_002350-T1
GF00005268	DBVPG3444_011284-T1, DBVPG3444_014728-T1, DBVPG3775_002353-T1
GF00005269	DBVPG3444_011285-T1, DBVPG3444_014729-T1, DBVPG3775_002354-T1
GF00005270	DBVPG3444_011286-T1, DBVPG3444_014730-T1, DBVPG3775_002355-T1
GF00005271	DBVPG3444_011297-T1, DBVPG3444_012485-T1, DBVPG3775_000528-T1
GF00005272	DBVPG3444_011299-T1, DBVPG3444_012487-T1, DBVPG3775_000526-T1
GF00005273	DBVPG3444_011301-T1, DBVPG3444_012490-T1, DBVPG3775_000524-T1
GF00005274	DBVPG3444_011302-T1, DBVPG3444_012491-T1, DBVPG3775_000523-T1
GF00005275	DBVPG3444_011304-T1, DBVPG3444_012492-T1, DBVPG3775_000521-T1
GF00005276	DBVPG3444_011305-T1, DBVPG3444_012493-T1, DBVPG3775_000520-T1
GF00005277	DBVPG3444_011307-T1, DBVPG3444_012497-T1, DBVPG3775_000518-T1
GF00005278	DBVPG3444_011308-T1, DBVPG3444_012498-T1, DBVPG3775_000517-T1
GF00005279	DBVPG3444_011309-T1, DBVPG3444_012499-T1, DBVPG3775_000516-T1
GF00005280	DBVPG3444_011310-T1, DBVPG3444_012500-T1, DBVPG3775_000515-T1
GF00005281	DBVPG3444_011316-T1, DBVPG3444_012722-T1, DBVPG3775_002727-T1
GF00005282	DBVPG3444_011318-T1, DBVPG3444_012719-T1, DBVPG3775_002725-T1
GF00005283	DBVPG3444_011322-T1, DBVPG3444_012718-T1, DBVPG3775_002721-T1
GF00005284	DBVPG3444_011324-T1, DBVPG3444_012716-T1, DBVPG3775_002719-T1
GF00005285	DBVPG3444_011325-T1, DBVPG3444_012715-T1, DBVPG3775_002718-T1
GF00005286	DBVPG3444_011326-T1, DBVPG3444_012714-T1, DBVPG3775_002717-T1
GF00005287	DBVPG3444_011328-T1, DBVPG3444_012712-T1, DBVPG3775_002715-T1
GF00005288	DBVPG3444_011329-T1, DBVPG3444_014787-T1, DBVPG3775_002714-T1
GF00005289	DBVPG3444_011330-T1, DBVPG3444_014786-T1, DBVPG3775_002713-T1
GF00005290	DBVPG3444_011332-T1, DBVPG3444_014773-T1, DBVPG3775_002711-T1
GF00005291	DBVPG3444_011420-T1, DBVPG3444_014688-T1, DBVPG3775_005953-T1
GF00005292	DBVPG3444_011421-T1, DBVPG3444_014687-T1, DBVPG3775_005954-T1
GF00005293	DBVPG3444_011423-T1, DBVPG3444_014408-T1, DBVPG3775_005956-T1
GF00005294	DBVPG3444_011425-T1, DBVPG3444_014406-T1, DBVPG3775_005958-T1
GF00005295	DBVPG3444_011428-T1, DBVPG3444_014755-T1, DBVPG3775_005961-T1
GF00005296	DBVPG3444_011495-T1, DBVPG3444_013738-T1, DBVPG3775_006028-T1
GF00005297	DBVPG3444_011497-T1, DBVPG3444_013736-T1, DBVPG3775_006026-T1
GF00005298	DBVPG3444_011498-T1, DBVPG3444_013735-T1, DBVPG3775_006025-T1
GF00005299	DBVPG3444_011500-T1, DBVPG3444_011624-T1, DBVPG3775_006930-T1
GF00005300	DBVPG3444_011502-T1, DBVPG3444_011627-T1, DBVPG3775_006927-T1
GF00005301	DBVPG3444_011503-T1, DBVPG3444_011628-T1, DBVPG3775_006926-T1
GF00005302	DBVPG3444_011534-T1, DBVPG3444_012000-T1, DBVPG3775_001357-T1
GF00005303	DBVPG3444_011535-T1, DBVPG3444_011999-T1, DBVPG3775_001358-T1
GF00005304	DBVPG3444_011536-T1, DBVPG3444_011998-T1, DBVPG3775_001359-T1
GF00005305	DBVPG3444_011537-T1, DBVPG3444_011997-T1, DBVPG3775_001360-T1
GF00005306	DBVPG3444_011538-T1, DBVPG3444_011996-T1, DBVPG3775_001361-T1
GF00005307	DBVPG3444_011539-T1, DBVPG3444_011995-T1, DBVPG3775_001362-T1
GF00005308	DBVPG3444_011540-T1, DBVPG3444_011994-T1, DBVPG3775_001363-T1
GF00005309	DBVPG3444_011541-T1, DBVPG3444_011993-T1, DBVPG3775_001364-T1
GF00005310	DBVPG3444_011543-T1, DBVPG3444_011991-T1, DBVPG3775_001366-T1
GF00005311	DBVPG3444_011545-T1, DBVPG3444_011989-T1, DBVPG3775_001368-T1
GF00005312	DBVPG3444_011546-T1, DBVPG3444_011988-T1, DBVPG3775_001369-T1
GF00005313	DBVPG3444_011631-T1, DBVPG3444_012277-T1, DBVPG3775_006923-T1
GF00005314	DBVPG3444_011632-T1, DBVPG3444_012278-T1, DBVPG3775_006922-T1
GF00005315	DBVPG3444_011633-T1, DBVPG3444_012279-T1, DBVPG3775_006921-T1
GF00005316	DBVPG3444_011634-T1, DBVPG3444_012280-T1, DBVPG3775_006920-T1
GF00005317	DBVPG3444_011651-T1, DBVPG3444_014808-T1, DBVPG3775_003235-T1
GF00005318	DBVPG3444_011703-T1, DBVPG3444_014750-T1, DBVPG3775_007012-T1
GF00005319	DBVPG3444_011704-T1, DBVPG3444_014751-T1, DBVPG3775_007013-T1
GF00005320	DBVPG3444_011744-T1, DBVPG3444_013391-T1, DBVPG3775_004169-T1
GF00005321	DBVPG3444_011745-T1, DBVPG3444_013390-T1, DBVPG3775_004168-T1
GF00005322	DBVPG3444_011819-T1, DBVPG3444_014924-T1, DBVPG3775_005376-T1
GF00005323	DBVPG3444_011820-T1, DBVPG3444_014207-T1, DBVPG3775_005377-T1
GF00005324	DBVPG3444_011821-T1, DBVPG3444_014206-T1, DBVPG3775_005378-T1
GF00005325	DBVPG3444_011823-T1, DBVPG3444_014203-T1, DBVPG3775_005380-T1
GF00005326	DBVPG3444_011826-T1, DBVPG3444_014201-T1, DBVPG3775_005384-T1
GF00005327	DBVPG3444_011827-T1, DBVPG3444_014200-T1, DBVPG3775_005385-T1
GF00005328	DBVPG3444_011828-T1, DBVPG3444_014199-T1, DBVPG3775_005386-T1
GF00005329	DBVPG3444_012007-T1, DBVPG3444_014913-T1, DBVPG3775_007565-T1
GF00005330	DBVPG3444_012008-T1, DBVPG3444_015021-T1, DBVPG3775_007587-T1
GF00005331	DBVPG3444_012023-T1, DBVPG3444_014775-T1, DBVPG3775_006759-T1
GF00005332	DBVPG3444_012025-T1, DBVPG3444_014948-T1, DBVPG3775_006761-T1
GF00005333	DBVPG3444_012033-T1, DBVPG3444_013830-T1, DBVPG3775_006751-T1
GF00005334	DBVPG3444_012037-T1, DBVPG3444_014361-T1, DBVPG3775_006746-T1
GF00005335	DBVPG3444_012039-T1, DBVPG3444_014359-T1, DBVPG3775_006744-T1
GF00005336	DBVPG3444_012040-T1, DBVPG3444_014358-T1, DBVPG3775_006743-T1
GF00005337	DBVPG3444_012057-T1, DBVPG3444_014995-T1, DBVPG3775_007308-T1
GF00005338	DBVPG3444_012086-T1, DBVPG3444_013354-T1, DBVPG3775_005517-T1
GF00005339	DBVPG3444_012087-T1, DBVPG3444_013353-T1, DBVPG3775_005516-T1
GF00005340	DBVPG3444_012088-T1, DBVPG3444_013352-T1, DBVPG3775_005515-T1
GF00005341	DBVPG3444_012089-T1, DBVPG3444_013351-T1, DBVPG3775_005514-T1
GF00005342	DBVPG3444_012090-T1, DBVPG3444_013350-T1, DBVPG3775_005513-T1
GF00005343	DBVPG3444_012091-T1, DBVPG3444_013349-T1, DBVPG3775_005512-T1
GF00005344	DBVPG3444_012092-T1, DBVPG3444_013348-T1, DBVPG3775_005511-T1
GF00005345	DBVPG3444_012094-T1, DBVPG3444_013346-T1, DBVPG3775_005509-T1
GF00005346	DBVPG3444_012095-T1, DBVPG3444_013345-T1, DBVPG3775_005508-T1
GF00005347	DBVPG3444_012096-T1, DBVPG3444_013344-T1, DBVPG3775_005507-T1
GF00005348	DBVPG3444_012105-T1, DBVPG3444_013927-T1, DBVPG3775_007392-T1
GF00005349	DBVPG3444_012106-T1, DBVPG3444_013928-T1, DBVPG3775_007391-T1
GF00005350	DBVPG3444_012107-T1, DBVPG3444_013929-T1, DBVPG3775_007390-T1
GF00005351	DBVPG3444_012109-T1, DBVPG3444_013932-T1, DBVPG3775_007387-T1
GF00005352	DBVPG3444_012110-T1, DBVPG3444_013933-T1, DBVPG3775_007386-T1
GF00005353	DBVPG3444_012111-T1, DBVPG3444_013934-T1, DBVPG3775_007385-T1
GF00005354	DBVPG3444_012203-T1, DBVPG3444_014026-T1, DBVPG3775_000654-T1
GF00005355	DBVPG3444_012205-T1, DBVPG3444_014028-T1, DBVPG3775_000652-T1
GF00005356	DBVPG3444_012206-T1, DBVPG3444_014029-T1, DBVPG3775_000651-T1
GF00005357	DBVPG3444_012207-T1, DBVPG3444_014030-T1, DBVPG3775_000650-T1
GF00005358	DBVPG3444_012220-T1, DBVPG3444_012281-T1, DBVPG3775_006919-T1
GF00005359	DBVPG3444_012222-T1, DBVPG3444_012282-T1, DBVPG3775_006917-T1
GF00005360	DBVPG3444_012223-T1, DBVPG3444_012283-T1, DBVPG3775_006916-T1
GF00005361	DBVPG3444_012224-T1, DBVPG3444_012284-T1, DBVPG3775_006915-T1
GF00005362	DBVPG3444_012225-T1, DBVPG3444_012285-T1, DBVPG3775_006914-T1
GF00005363	DBVPG3444_012231-T1, DBVPG3444_014632-T1, DBVPG3775_006908-T1
GF00005364	DBVPG3444_012232-T1, DBVPG3444_014633-T1, DBVPG3775_006907-T1
GF00005365	DBVPG3444_012233-T1, DBVPG3444_014634-T1, DBVPG3775_006906-T1
GF00005366	DBVPG3444_012234-T1, DBVPG3444_014635-T1, DBVPG3775_006905-T1
GF00005367	DBVPG3444_012265-T1, DBVPG3444_013015-T1, DBVPG3775_001648-T1
GF00005368	DBVPG3444_013019-T1, DBVPG3444_012268-T1, DBVPG3775_001651-T1
GF00005369	DBVPG3444_012269-T1, DBVPG3444_013020-T1, DBVPG3775_001652-T1
GF00005370	DBVPG3444_012270-T1, DBVPG3444_013021-T1, DBVPG3775_001653-T1
GF00005371	DBVPG3444_012271-T1, DBVPG3444_013022-T1, DBVPG3775_001654-T1
GF00005372	DBVPG3444_012273-T1, DBVPG3444_013025-T1, DBVPG3775_001656-T1
GF00005373	DBVPG3444_012383-T1, DBVPG3444_014258-T1, DBVPG3775_001663-T1
GF00005374	DBVPG3444_012385-T1, DBVPG3444_014260-T1, DBVPG3775_001661-T1
GF00005375	DBVPG3444_012388-T1, DBVPG3444_012482-T1, DBVPG3775_004337-T1
GF00005376	DBVPG3444_012389-T1, DBVPG3444_012481-T1, DBVPG3775_004338-T1
GF00005377	DBVPG3444_012393-T1, DBVPG3444_012475-T1, DBVPG3775_004344-T1
GF00005378	DBVPG3444_012394-T1, DBVPG3444_012474-T1, DBVPG3775_004345-T1
GF00005379	DBVPG3444_012395-T1, DBVPG3444_012473-T1, DBVPG3775_004346-T1
GF00005380	DBVPG3444_012396-T1, DBVPG3444_012472-T1, DBVPG3775_004347-T1
GF00005381	DBVPG3444_012398-T1, DBVPG3444_012471-T1, DBVPG3775_004349-T1
GF00005382	DBVPG3444_012400-T1, DBVPG3444_012469-T1, DBVPG3775_004112-T1
GF00005383	DBVPG3444_012401-T1, DBVPG3444_012468-T1, DBVPG3775_004111-T1
GF00005384	DBVPG3444_012402-T1, DBVPG3444_012467-T1, DBVPG3775_004110-T1
GF00005385	DBVPG3444_012430-T1, DBVPG3444_014276-T1, DBVPG3775_001757-T1
GF00005386	DBVPG3444_012431-T1, DBVPG3444_014277-T1, DBVPG3775_001758-T1
GF00005387	DBVPG3444_012433-T1, DBVPG3444_014279-T1, DBVPG3775_001760-T1
GF00005388	DBVPG3444_012434-T1, DBVPG3444_014280-T1, DBVPG3775_001761-T1
GF00005389	DBVPG3444_012435-T1, DBVPG3444_014281-T1, DBVPG3775_001762-T1
GF00005390	DBVPG3444_012436-T1, DBVPG3444_014282-T1, DBVPG3775_001763-T1
GF00005391	DBVPG3444_012438-T1, DBVPG3444_014283-T1, DBVPG3775_001750-T1
GF00005392	DBVPG3444_012439-T1, DBVPG3444_014284-T1, DBVPG3775_001749-T1
GF00005393	DBVPG3444_012442-T1, DBVPG3444_014287-T1, DBVPG3775_001746-T1
GF00005394	DBVPG3444_012443-T1, DBVPG3444_014288-T1, DBVPG3775_001745-T1
GF00005395	DBVPG3444_012448-T1, DBVPG3444_013596-T1, DBVPG3775_001739-T1
GF00005396	DBVPG3444_012449-T1, DBVPG3444_013595-T1, DBVPG3775_001738-T1
GF00005397	DBVPG3444_012450-T1, DBVPG3444_013594-T1, DBVPG3775_001737-T1
GF00005398	DBVPG3444_012518-T1, DBVPG3444_014217-T1, DBVPG3775_007434-T1
GF00005399	DBVPG3444_012519-T1, DBVPG3444_014218-T1, DBVPG3775_007435-T1
GF00005400	DBVPG3444_012522-T1, DBVPG3444_014220-T1, DBVPG3775_007437-T1
GF00005401	DBVPG3444_012523-T1, DBVPG3444_014221-T1, DBVPG3775_007438-T1
GF00005402	DBVPG3444_012524-T1, DBVPG3444_014222-T1, DBVPG3775_007439-T1
GF00005403	DBVPG3444_012525-T1, DBVPG3444_014700-T1, DBVPG3775_007440-T1
GF00005404	DBVPG3444_012526-T1, DBVPG3444_014701-T1, DBVPG3775_007441-T1
GF00005405	DBVPG3444_012528-T1, DBVPG3444_014703-T1, DBVPG3775_007443-T1
GF00005406	DBVPG3444_012530-T1, DBVPG3444_014025-T1, DBVPG3775_007445-T1
GF00005407	DBVPG3444_012531-T1, DBVPG3444_014024-T1, DBVPG3775_007446-T1
GF00005408	DBVPG3444_012532-T1, DBVPG3444_014023-T1, DBVPG3775_007447-T1
GF00005409	DBVPG3444_012533-T1, DBVPG3444_014022-T1, DBVPG3775_007448-T1
GF00005410	DBVPG3444_012534-T1, DBVPG3444_014021-T1, DBVPG3775_007449-T1
GF00005411	DBVPG3444_012613-T1, DBVPG3444_013967-T1, DBVPG3775_000681-T1
GF00005412	DBVPG3444_012614-T1, DBVPG3444_013966-T1, DBVPG3775_000682-T1
GF00005413	DBVPG3444_012615-T1, DBVPG3444_013965-T1, DBVPG3775_000683-T1
GF00005414	DBVPG3444_012616-T1, DBVPG3444_013964-T1, DBVPG3775_000684-T1
GF00005415	DBVPG3444_012618-T1, DBVPG3444_013963-T1, DBVPG3775_000686-T1
GF00005416	DBVPG3444_012619-T1, DBVPG3444_013962-T1, DBVPG3775_000687-T1
GF00005417	DBVPG3444_012620-T1, DBVPG3444_013961-T1, DBVPG3775_000688-T1
GF00005418	DBVPG3444_012621-T1, DBVPG3444_013960-T1, DBVPG3775_000689-T1
GF00005419	DBVPG3444_012622-T1, DBVPG3444_013959-T1, DBVPG3775_000690-T1
GF00005420	DBVPG3444_012623-T1, DBVPG3444_013958-T1, DBVPG3775_000691-T1
GF00005421	DBVPG3444_012626-T1, DBVPG3444_013002-T1, DBVPG3775_000694-T1
GF00005422	DBVPG3444_012647-T1, DBVPG3444_014252-T1, DBVPG3775_003495-T1
GF00005423	DBVPG3444_012648-T1, DBVPG3444_014251-T1, DBVPG3775_003494-T1
GF00005424	DBVPG3444_012649-T1, DBVPG3444_014250-T1, DBVPG3775_003493-T1
GF00005425	DBVPG3444_012673-T1, DBVPG3444_014463-T1, DBVPG3775_000499-T1
GF00005426	DBVPG3444_012674-T1, DBVPG3444_014462-T1, DBVPG3775_000498-T1
GF00005427	DBVPG3444_012675-T1, DBVPG3444_014461-T1, DBVPG3775_000497-T1
GF00005428	DBVPG3444_012685-T1, DBVPG3444_014136-T1, DBVPG3775_000477-T1
GF00005429	DBVPG3444_012686-T1, DBVPG3444_014135-T1, DBVPG3775_000476-T1
GF00005430	DBVPG3444_012689-T1, DBVPG3444_014575-T1, DBVPG3775_002555-T1
GF00005431	DBVPG3444_012690-T1, DBVPG3444_014576-T1, DBVPG3775_002554-T1
GF00005432	DBVPG3444_012691-T1, DBVPG3444_014577-T1, DBVPG3775_002553-T1
GF00005433	DBVPG3444_012692-T1, DBVPG3444_014578-T1, DBVPG3775_002552-T1
GF00005434	DBVPG3444_012693-T1, DBVPG3444_014579-T1, DBVPG3775_002551-T1
GF00005435	DBVPG3444_012698-T1, DBVPG3444_013758-T1, DBVPG3775_002546-T1
GF00005436	DBVPG3444_012706-T1, DBVPG3444_013154-T1, DBVPG3775_003603-T1
GF00005437	DBVPG3444_012707-T1, DBVPG3444_013155-T1, DBVPG3775_003604-T1
GF00005438	DBVPG3444_012708-T1, DBVPG3444_013156-T1, DBVPG3775_003605-T1
GF00005439	DBVPG3444_012906-T1, DBVPG3444_013631-T1, DBVPG3775_001347-T1
GF00005440	DBVPG3444_012907-T1, DBVPG3444_013628-T1, DBVPG3775_001345-T1
GF00005441	DBVPG3444_012908-T1, DBVPG3444_013627-T1, DBVPG3775_001344-T1
GF00005442	DBVPG3444_012911-T1, DBVPG3444_013624-T1, DBVPG3775_001342-T1
GF00005443	DBVPG3444_012912-T1, DBVPG3444_013623-T1, DBVPG3775_001341-T1
GF00005444	DBVPG3444_012915-T1, DBVPG3444_014789-T1, DBVPG3775_005131-T1
GF00005445	DBVPG3444_012916-T1, DBVPG3444_014788-T1, DBVPG3775_005132-T1
GF00005446	DBVPG3444_012960-T1, DBVPG3444_014716-T1, DBVPG3775_006794-T1
GF00005447	DBVPG3444_012962-T1, DBVPG3444_013954-T1, DBVPG3775_006792-T1
GF00005448	DBVPG3444_012963-T1, DBVPG3444_013953-T1, DBVPG3775_006791-T1
GF00005449	DBVPG3444_012964-T1, DBVPG3444_013952-T1, DBVPG3775_006789-T1
GF00005450	DBVPG3444_012966-T1, DBVPG3444_013950-T1, DBVPG3775_006787-T1
GF00005451	DBVPG3444_012968-T1, DBVPG3444_013948-T1, DBVPG3775_006785-T1
GF00005452	DBVPG3444_012970-T1, DBVPG3444_013946-T1, DBVPG3775_006783-T1
GF00005453	DBVPG3444_013005-T1, DBVPG3444_013131-T1, DBVPG3775_000696-T1
GF00005454	DBVPG3444_013006-T1, DBVPG3444_013132-T1, DBVPG3775_000697-T1
GF00005455	DBVPG3444_013009-T1, DBVPG3444_013135-T1, DBVPG3775_000700-T1
GF00005456	DBVPG3444_013031-T1, DBVPG3444_014315-T1, DBVPG3775_002593-T1
GF00005457	DBVPG3444_013032-T1, DBVPG3444_014316-T1, DBVPG3775_002594-T1
GF00005458	DBVPG3444_013160-T1, DBVPG3444_013258-T1, DBVPG3775_003610-T1
GF00005459	DBVPG3444_013161-T1, DBVPG3444_013259-T1, DBVPG3775_003611-T1
GF00005460	DBVPG3444_013263-T1, DBVPG3444_014173-T1, DBVPG3775_003617-T1
GF00005461	DBVPG3444_013264-T1, DBVPG3444_014174-T1, DBVPG3775_003618-T1
GF00005462	DBVPG3444_013265-T1, DBVPG3444_014175-T1, DBVPG3775_003619-T1
GF00005463	DBVPG3444_013266-T1, DBVPG3444_014176-T1, DBVPG3775_003620-T1
GF00005464	DBVPG3444_013268-T1, DBVPG3444_014178-T1, DBVPG3775_003622-T1
GF00005465	DBVPG3444_013286-T1, DBVPG3444_013903-T1, DBVPG3775_003683-T1
GF00005466	DBVPG3444_013287-T1, DBVPG3444_013904-T1, DBVPG3775_003682-T1
GF00005467	DBVPG3444_013289-T1, DBVPG3444_013906-T1, DBVPG3775_003680-T1
GF00005468	DBVPG3444_013291-T1, DBVPG3444_014100-T1, DBVPG3775_003678-T1
GF00005469	DBVPG3444_013293-T1, DBVPG3444_014102-T1, DBVPG3775_003676-T1
GF00005470	DBVPG3444_013296-T1, DBVPG3444_014105-T1, DBVPG3775_003673-T1
GF00005471	DBVPG3444_013357-T1, DBVPG3444_014182-T1, DBVPG3775_005320-T1
GF00005472	DBVPG3444_013358-T1, DBVPG3444_014183-T1, DBVPG3775_005319-T1
GF00005473	DBVPG3444_013364-T1, DBVPG3444_014187-T1, DBVPG3775_005312-T1
GF00005474	DBVPG3444_013367-T1, DBVPG3444_014955-T1, DBVPG3775_007538-T1
GF00005475	DBVPG3444_013369-T1, DBVPG3444_013876-T1, DBVPG3775_007536-T1
GF00005476	DBVPG3444_013370-T1, DBVPG3444_013877-T1, DBVPG3775_007535-T1
GF00005477	DBVPG3444_013371-T1, DBVPG3444_013878-T1, DBVPG3775_007534-T1
GF00005478	DBVPG3444_013372-T1, DBVPG3444_013879-T1, DBVPG3775_007533-T1
GF00005479	DBVPG3444_013375-T1, DBVPG3444_013882-T1, DBVPG3775_000419-T1
GF00005480	DBVPG3444_013442-T1, DBVPG3444_014784-T1, DBVPG3775_002158-T1
GF00005481	DBVPG3444_013545-T1, DBVPG3444_013683-T1, DBVPG3775_006549-T1
GF00005482	DBVPG3444_013547-T1, DBVPG3444_013685-T1, DBVPG3775_006547-T1
GF00005483	DBVPG3444_013549-T1, DBVPG3444_013688-T1, DBVPG3775_006543-T1
GF00005484	DBVPG3444_013550-T1, DBVPG3444_013689-T1, DBVPG3775_006542-T1
GF00005485	DBVPG3444_013603-T1, DBVPG3444_013943-T1, DBVPG3775_005727-T1
GF00005486	DBVPG3444_013604-T1, DBVPG3444_013942-T1, DBVPG3775_005726-T1
GF00005487	DBVPG3444_013605-T1, DBVPG3444_013941-T1, DBVPG3775_005724-T1
GF00005488	DBVPG3444_013606-T1, DBVPG3444_013940-T1, DBVPG3775_005723-T1
GF00005489	DBVPG3444_013610-T1, DBVPG3444_013938-T1, DBVPG3775_005719-T1
GF00005490	DBVPG3444_013611-T1, DBVPG3444_013937-T1, DBVPG3775_005718-T1
GF00005491	DBVPG3444_013632-T1, DBVPG3444_014602-T1, DBVPG3775_001348-T1
GF00005492	DBVPG3444_013633-T1, DBVPG3444_014603-T1, DBVPG3775_001349-T1
GF00005493	DBVPG3444_013634-T1, DBVPG3444_014604-T1, DBVPG3775_001350-T1
GF00005494	DBVPG3444_013635-T1, DBVPG3444_014605-T1, DBVPG3775_001351-T1
GF00005495	DBVPG3444_013636-T1, DBVPG3444_014606-T1, DBVPG3775_001352-T1
GF00005496	DBVPG3444_013637-T1, DBVPG3444_014607-T1, DBVPG3775_001353-T1
GF00005497	DBVPG3444_013693-T1, DBVPG3444_014640-T1, DBVPG3775_001481-T1
GF00005498	DBVPG3444_013709-T1, DBVPG3444_013987-T1, DBVPG3775_004009-T1
GF00005499	DBVPG3444_013710-T1, DBVPG3444_013988-T1, DBVPG3775_004010-T1
GF00005500	DBVPG3444_013711-T1, DBVPG3444_013989-T1, DBVPG3775_004011-T1
GF00005501	DBVPG3444_013712-T1, DBVPG3444_013990-T1, DBVPG3775_004012-T1
GF00005502	DBVPG3444_013713-T1, DBVPG3444_013991-T1, DBVPG3775_004013-T1
GF00005503	DBVPG3444_013714-T1, DBVPG3444_013992-T1, DBVPG3775_004014-T1
GF00005504	DBVPG3444_013747-T1, DBVPG3444_014629-T1, DBVPG3775_004295-T1
GF00005505	DBVPG3444_013751-T1, DBVPG3444_014626-T1, DBVPG3775_004292-T1
GF00005506	DBVPG3444_013822-T1, DBVPG3444_014899-T1, DBVPG3775_004264-T1
GF00005507	DBVPG3444_013834-T1, DBVPG3444_014122-T1, DBVPG3775_006754-T1
GF00005508	DBVPG3444_014009-T1, DBVPG3444_014086-T1, DBVPG3775_002679-T1
GF00005509	DBVPG3444_014120-T1, DBVPG3444_014778-T1, DBVPG3775_006756-T1
GF00005510	DBVPG3444_014131-T1, DBVPG3444_014555-T1, DBVPG3775_006348-T1
GF00005511	DBVPG3444_014132-T1, DBVPG3444_014557-T1, DBVPG3775_006346-T1
GF00005512	DBVPG3444_014245-T1, DBVPG3444_014513-T1, DBVPG3775_001474-T1
GF00005513	DBVPG3444_014246-T1, DBVPG3444_014514-T1, DBVPG3775_001473-T1
GF00005514	DBVPG3444_014261-T1, DBVPG3444_014827-T1, DBVPG3775_001660-T1
GF00005515	DBVPG3444_014262-T1, DBVPG3444_014826-T1, DBVPG3775_001659-T1
GF00005516	DBVPG3444_014275-T1, DBVPG3444_014883-T1, DBVPG3775_001754-T1
GF00005517	DBVPG3444_014423-T1, DBVPG3444_014569-T1, DBVPG3775_000511-T1
GF00005518	DBVPG3444_014424-T1, DBVPG3444_014568-T1, DBVPG3775_000510-T1
GF00005519	DBVPG3444_014425-T1, DBVPG3444_014567-T1, DBVPG3775_000509-T1
GF00005520	DBVPG3444_014465-T1, DBVPG3444_014874-T1, DBVPG3775_000501-T1
GF00005521	DBVPG3444_014501-T1, DBVPG3444_014857-T1, DBVPG3775_004816-T1
GF00005522	DBVPG3444_014527-T1, DBVPG3444_014903-T1, DBVPG3775_002544-T1
GF00005523	DBVPG3444_014528-T1, DBVPG3444_014757-T1, DBVPG3775_002543-T1
GF00005524	DBVPG3444_014530-T1, DBVPG3444_014759-T1, DBVPG3775_002541-T1
GF00005525	DBVPG3444_014581-T1, DBVPG3444_014592-T1, DBVPG3775_000506-T1
GF00005526	DBVPG3444_014582-T1, DBVPG3444_014591-T1, DBVPG3775_000505-T1
GF00005527	DBVPG3444_014583-T1, DBVPG3444_014590-T1, DBVPG3775_000504-T1
GF00005528	DBVPG3444_014623-T1, DBVPG3444_014989-T1, DBVPG3775_002452-T1
GF00005529	DBVPG3444_014748-T1, DBVPG3444_014862-T1, DBVPG3775_004290-T1
GF00005530	DBVPG3444_014799-T1, DBVPG3444_014916-T1, DBVPG3775_001766-T1
GF00005531	DBVPG3444_014886-T1, DBVPG3444_015072-T1, DBVPG3775_007543-T1
GF00005532	DBVPG3444_014887-T1, DBVPG3444_014920-T1, DBVPG3775_007542-T1
GF00005533	DBVPG3444_014888-T1, DBVPG3444_014919-T1, DBVPG3775_007541-T1
GF00005534	DBVPG3775_000603-T1, DBVPG3444_014659-T1, DBVPG3775_000604-T1
GF00005535	DBVPG3775_001035-T1, DBVPG3444_010334-T1, DBVPG3444_006142-T1
GF00005536	DBVPG3775_001495-T1, DBVPG3444_014840-T1, DBVPG3444_014841-T1
GF00005537	DBVPG3775_001541-T1, DBVPG3444_014910-T1, DBVPG3444_003664-T1
GF00005538	DBVPG3775_002061-T1, DBVPG3444_000239-T1, DBVPG3444_000240-T1
GF00005539	DBVPG3775_003449-T1, DBVPG3444_014901-T1, DBVPG3444_014902-T1
GF00005540	DBVPG3775_003839-T1, DBVPG3444_014907-T1, DBVPG3775_003840-T1
GF00005541	DBVPG3775_004830-T1, DBVPG3444_001007-T1, DBVPG3775_004831-T1
GF00005542	DBVPG3775_005935-T1, DBVPG3444_012770-T1, DBVPG3775_005936-T1
GF00005543	DBVPG3775_006587-T1, DBVPG3444_000746-T1, DBVPG3444_015028-T1
GF00005544	DBVPG3775_006725-T1, DBVPG3444_001554-T1, DBVPG3444_008450-T1
GF00005545	DBVPG3775_006779-T1, DBVPG3444_012973-T1, DBVPG3775_006780-T1
GF00005546	DBVPG3775_007500-T1, DBVPG3444_013046-T1, DBVPG3775_007501-T1
GF00005547	DBVPG3444_002887-T1, DBVPG3775_002852-T1
GF00005548	DBVPG3444_000530-T1, DBVPG3444_005638-T1
GF00005549	DBVPG3444_001004-T1, DBVPG3444_001005-T1
GF00005550	DBVPG3444_001852-T1, DBVPG3444_004489-T1
GF00005551	DBVPG3444_010424-T1, DBVPG3775_002945-T1
GF00005552	DBVPG3444_002291-T1, DBVPG3775_003652-T1
GF00005553	DBVPG3444_002983-T1, DBVPG3444_010696-T1
GF00005554	DBVPG3444_003092-T1, DBVPG3775_006815-T1
GF00005555	DBVPG3444_003189-T1, DBVPG3775_005454-T1
GF00005556	DBVPG3444_014912-T1, DBVPG3775_007564-T1
GF00005557	DBVPG3444_003526-T1, DBVPG3444_003924-T1
GF00005558	DBVPG3444_003611-T1, DBVPG3444_011147-T1
GF00005559	DBVPG3444_003662-T1, DBVPG3775_001538-T1
GF00005560	DBVPG3444_003740-T1, DBVPG3775_003586-T1
GF00005561	DBVPG3444_003856-T1, DBVPG3444_007833-T1
GF00005562	DBVPG3444_004067-T1, DBVPG3444_005211-T1
GF00005563	DBVPG3444_008327-T1, DBVPG3775_003871-T1
GF00005564	DBVPG3444_005015-T1, DBVPG3444_011085-T1
GF00005565	DBVPG3444_006257-T1, DBVPG3444_009532-T1
GF00005566	DBVPG3444_007030-T1, DBVPG3775_004767-T1
GF00005567	DBVPG3444_007100-T1, DBVPG3775_004973-T1
GF00005568	DBVPG3444_007222-T1, DBVPG3444_014765-T1
GF00005569	DBVPG3444_007360-T1, DBVPG3444_007831-T1
GF00005570	DBVPG3444_008666-T1, DBVPG3444_008667-T1
GF00005571	DBVPG3444_008808-T1, DBVPG3444_011609-T1
GF00005572	DBVPG3444_009615-T1, DBVPG3775_005781-T1
GF00005573	DBVPG3444_010292-T1, DBVPG3775_004668-T1
GF00005574	DBVPG3444_010482-T1, DBVPG3775_007234-T1
GF00005575	DBVPG3444_011001-T1, DBVPG3444_012806-T1
GF00005576	DBVPG3444_014257-T1, DBVPG3775_001664-T1
GF00005577	DBVPG3775_000010-T1, DBVPG3444_007272-T1
GF00005578	DBVPG3775_000037-T1, DBVPG3444_014442-T1
GF00005579	DBVPG3775_000062-T1, DBVPG3444_005590-T1
GF00005580	DBVPG3775_000063-T1, DBVPG3444_005591-T1
GF00005581	DBVPG3775_000273-T1, DBVPG3444_011080-T1
GF00005582	DBVPG3775_000318-T1, DBVPG3444_007759-T1
GF00005583	DBVPG3775_000397-T1, DBVPG3444_009051-T1
GF00005584	DBVPG3775_000479-T1, DBVPG3444_014138-T1
GF00005585	DBVPG3775_000480-T1, DBVPG3444_014139-T1
GF00005586	DBVPG3775_000481-T1, DBVPG3444_001428-T1
GF00005587	DBVPG3775_000482-T1, DBVPG3444_001429-T1
GF00005588	DBVPG3775_000488-T1, DBVPG3444_001436-T1
GF00005589	DBVPG3775_000493-T1, DBVPG3444_001440-T1
GF00005590	DBVPG3775_000494-T1, DBVPG3444_001441-T1
GF00005591	DBVPG3775_000495-T1, DBVPG3444_001442-T1
GF00005592	DBVPG3775_000496-T1, DBVPG3444_001443-T1
GF00005593	DBVPG3775_000503-T1, DBVPG3444_014589-T1
GF00005594	DBVPG3775_000519-T1, DBVPG3444_011306-T1
GF00005595	DBVPG3775_000522-T1, DBVPG3444_011303-T1
GF00005596	DBVPG3775_000560-T1, DBVPG3444_011378-T1
GF00005597	DBVPG3775_000561-T1, DBVPG3444_011377-T1
GF00005598	DBVPG3775_000622-T1, DBVPG3444_004837-T1
GF00005599	DBVPG3775_000719-T1, DBVPG3444_007921-T1
GF00005600	DBVPG3775_000740-T1, DBVPG3444_007941-T1
GF00005601	DBVPG3775_000770-T1, DBVPG3444_010058-T1
GF00005602	DBVPG3775_000819-T1, DBVPG3444_007650-T1
GF00005603	DBVPG3775_000886-T1, DBVPG3444_012343-T1
GF00005604	DBVPG3775_000890-T1, DBVPG3444_012339-T1
GF00005605	DBVPG3775_000941-T1, DBVPG3444_013145-T1
GF00005606	DBVPG3775_001043-T1, DBVPG3444_002503-T1
GF00005607	DBVPG3775_001054-T1, DBVPG3444_002491-T1
GF00005608	DBVPG3775_001063-T1, DBVPG3444_007992-T1
GF00005609	DBVPG3775_001073-T1, DBVPG3444_007982-T1
GF00005610	DBVPG3775_001161-T1, DBVPG3444_005369-T1
GF00005611	DBVPG3775_001177-T1, DBVPG3444_000772-T1
GF00005612	DBVPG3775_001195-T1, DBVPG3444_006244-T1
GF00005613	DBVPG3775_001237-T1, DBVPG3444_006200-T1
GF00005614	DBVPG3775_001242-T1, DBVPG3444_000836-T1
GF00005615	DBVPG3775_001301-T1, DBVPG3444_009730-T1
GF00005616	DBVPG3775_001315-T1, DBVPG3444_009741-T1
GF00005617	DBVPG3775_001346-T1, DBVPG3444_013629-T1
GF00005618	DBVPG3775_001355-T1, DBVPG3444_011532-T1
GF00005619	DBVPG3775_001373-T1, DBVPG3444_011985-T1
GF00005620	DBVPG3775_001453-T1, DBVPG3444_001800-T1
GF00005621	DBVPG3775_001477-T1, DBVPG3444_014242-T1
GF00005622	DBVPG3775_001491-T1, DBVPG3444_014507-T1
GF00005623	DBVPG3775_001493-T1, DBVPG3444_014510-T1
GF00005624	DBVPG3775_001494-T1, DBVPG3444_014839-T1
GF00005625	DBVPG3775_001558-T1, DBVPG3444_003682-T1
GF00005626	DBVPG3775_001614-T1, DBVPG3444_009923-T1
GF00005627	DBVPG3775_001693-T1, DBVPG3444_003797-T1
GF00005628	DBVPG3775_001699-T1, DBVPG3444_003791-T1
GF00005629	DBVPG3775_001714-T1, DBVPG3444_003773-T1
GF00005630	DBVPG3775_001715-T1, DBVPG3444_003772-T1
GF00005631	DBVPG3775_001755-T1, DBVPG3444_014884-T1
GF00005632	DBVPG3775_001841-T1, DBVPG3444_003228-T1
GF00005633	DBVPG3775_001877-T1, DBVPG3444_005727-T1
GF00005634	DBVPG3775_001881-T1, DBVPG3444_014005-T1
GF00005635	DBVPG3775_001905-T1, DBVPG3444_001521-T1
GF00005636	DBVPG3775_001983-T1, DBVPG3444_000317-T1
GF00005637	DBVPG3775_001994-T1, DBVPG3444_007726-T1
GF00005638	DBVPG3775_002059-T1, DBVPG3444_000242-T1
GF00005639	DBVPG3775_002070-T1, DBVPG3444_000230-T1
GF00005640	DBVPG3775_002082-T1, DBVPG3444_000220-T1
GF00005641	DBVPG3775_002094-T1, DBVPG3444_000208-T1
GF00005642	DBVPG3775_002102-T1, DBVPG3444_000199-T1
GF00005643	DBVPG3775_002110-T1, DBVPG3444_000191-T1
GF00005644	DBVPG3775_002129-T1, DBVPG3444_009452-T1
GF00005645	DBVPG3775_002146-T1, DBVPG3444_014707-T1
GF00005646	DBVPG3775_002185-T1, DBVPG3444_005782-T1
GF00005647	DBVPG3775_002192-T1, DBVPG3444_005775-T1
GF00005648	DBVPG3775_002193-T1, DBVPG3444_005774-T1
GF00005649	DBVPG3775_002194-T1, DBVPG3444_005773-T1
GF00005650	DBVPG3775_002325-T1, DBVPG3444_004991-T1
GF00005651	DBVPG3775_002332-T1, DBVPG3444_004999-T1
GF00005652	DBVPG3775_002384-T1, DBVPG3444_002467-T1
GF00005653	DBVPG3775_002385-T1, DBVPG3444_002466-T1
GF00005654	DBVPG3775_002386-T1, DBVPG3444_002465-T1
GF00005655	DBVPG3775_002411-T1, DBVPG3444_002441-T1
GF00005656	DBVPG3775_002428-T1, DBVPG3444_002424-T1
GF00005657	DBVPG3775_002509-T1, DBVPG3444_008990-T1
GF00005658	DBVPG3775_002578-T1, DBVPG3444_009079-T1
GF00005659	DBVPG3775_002580-T1, DBVPG3444_009077-T1
GF00005660	DBVPG3775_002581-T1, DBVPG3444_009076-T1
GF00005661	DBVPG3775_002582-T1, DBVPG3444_009075-T1
GF00005662	DBVPG3775_002583-T1, DBVPG3444_009074-T1
GF00005663	DBVPG3775_002584-T1, DBVPG3444_009073-T1
GF00005664	DBVPG3775_002588-T1, DBVPG3444_009070-T1
GF00005665	DBVPG3775_002589-T1, DBVPG3444_009069-T1
GF00005666	DBVPG3775_002590-T1, DBVPG3444_009068-T1
GF00005667	DBVPG3775_002628-T1, DBVPG3444_002195-T1
GF00005668	DBVPG3775_002697-T1, DBVPG3444_009805-T1
GF00005669	DBVPG3775_002722-T1, DBVPG3444_011321-T1
GF00005670	DBVPG3775_002724-T1, DBVPG3444_011319-T1
GF00005671	DBVPG3775_002732-T1, DBVPG3444_008063-T1
GF00005672	DBVPG3775_002744-T1, DBVPG3444_008051-T1
GF00005673	DBVPG3775_002767-T1, DBVPG3444_012536-T1
GF00005674	DBVPG3775_002769-T1, DBVPG3444_012538-T1
GF00005675	DBVPG3775_002775-T1, DBVPG3444_012544-T1
GF00005676	DBVPG3775_002790-T1, DBVPG3444_002827-T1
GF00005677	DBVPG3775_002794-T1, DBVPG3444_002391-T1
GF00005678	DBVPG3775_002824-T1, DBVPG3444_002858-T1
GF00005679	DBVPG3775_002826-T1, DBVPG3444_002860-T1
GF00005680	DBVPG3775_002889-T1, DBVPG3444_003964-T1
GF00005681	DBVPG3775_002932-T1, DBVPG3444_004006-T1
GF00005682	DBVPG3775_002957-T1, DBVPG3444_001954-T1
GF00005683	DBVPG3775_002958-T1, DBVPG3444_001953-T1
GF00005684	DBVPG3775_002968-T1, DBVPG3444_001943-T1
GF00005685	DBVPG3775_003011-T1, DBVPG3444_001901-T1
GF00005686	DBVPG3775_003038-T1, DBVPG3444_000699-T1
GF00005687	DBVPG3775_003062-T1, DBVPG3444_004576-T1
GF00005688	DBVPG3775_003204-T1, DBVPG3444_009292-T1
GF00005689	DBVPG3775_003272-T1, DBVPG3444_003455-T1
GF00005690	DBVPG3775_003276-T1, DBVPG3444_003451-T1
GF00005691	DBVPG3775_003285-T1, DBVPG3444_003442-T1
GF00005692	DBVPG3775_003286-T1, DBVPG3444_003441-T1
GF00005693	DBVPG3775_003298-T1, DBVPG3444_003429-T1
GF00005694	DBVPG3775_003314-T1, DBVPG3444_010406-T1
GF00005695	DBVPG3775_003372-T1, DBVPG3444_003910-T1
GF00005696	DBVPG3775_003373-T1, DBVPG3444_003909-T1
GF00005697	DBVPG3775_003377-T1, DBVPG3444_003905-T1
GF00005698	DBVPG3775_003420-T1, DBVPG3444_008190-T1
GF00005699	DBVPG3775_003446-T1, DBVPG3444_012060-T1
GF00005700	DBVPG3775_003447-T1, DBVPG3444_012059-T1
GF00005701	DBVPG3775_003448-T1, DBVPG3444_012058-T1
GF00005702	DBVPG3775_003450-T1, DBVPG3444_013507-T1
GF00005703	DBVPG3775_003453-T1, DBVPG3444_013504-T1
GF00005704	DBVPG3775_003454-T1, DBVPG3444_013503-T1
GF00005705	DBVPG3775_003456-T1, DBVPG3444_013502-T1
GF00005706	DBVPG3775_003457-T1, DBVPG3444_013501-T1
GF00005707	DBVPG3775_003459-T1, DBVPG3444_013499-T1
GF00005708	DBVPG3775_003539-T1, DBVPG3444_014601-T1
GF00005709	DBVPG3775_003541-T1, DBVPG3444_009513-T1
GF00005710	DBVPG3775_003542-T1, DBVPG3444_009512-T1
GF00005711	DBVPG3775_003555-T1, DBVPG3444_003710-T1
GF00005712	DBVPG3775_003556-T1, DBVPG3444_003711-T1
GF00005713	DBVPG3775_003557-T1, DBVPG3444_003712-T1
GF00005714	DBVPG3775_003558-T1, DBVPG3444_003713-T1
GF00005715	DBVPG3775_003560-T1, DBVPG3444_003715-T1
GF00005716	DBVPG3775_003561-T1, DBVPG3444_003716-T1
GF00005717	DBVPG3775_003562-T1, DBVPG3444_003717-T1
GF00005718	DBVPG3775_003563-T1, DBVPG3444_003718-T1
GF00005719	DBVPG3775_003564-T1, DBVPG3444_003719-T1
GF00005720	DBVPG3775_003565-T1, DBVPG3444_003720-T1
GF00005721	DBVPG3775_003566-T1, DBVPG3444_003721-T1
GF00005722	DBVPG3775_003567-T1, DBVPG3444_003722-T1
GF00005723	DBVPG3775_003570-T1, DBVPG3444_003725-T1
GF00005724	DBVPG3775_003571-T1, DBVPG3444_003726-T1
GF00005725	DBVPG3775_003572-T1, DBVPG3444_003727-T1
GF00005726	DBVPG3775_003573-T1, DBVPG3444_003728-T1
GF00005727	DBVPG3775_003574-T1, DBVPG3444_003729-T1
GF00005728	DBVPG3775_003575-T1, DBVPG3444_003730-T1
GF00005729	DBVPG3775_003577-T1, DBVPG3444_003732-T1
GF00005730	DBVPG3775_003579-T1, DBVPG3444_003733-T1
GF00005731	DBVPG3775_003580-T1, DBVPG3444_003734-T1
GF00005732	DBVPG3775_003581-T1, DBVPG3444_003735-T1
GF00005733	DBVPG3775_003585-T1, DBVPG3444_003739-T1
GF00005734	DBVPG3775_003587-T1, DBVPG3444_003741-T1
GF00005735	DBVPG3775_003588-T1, DBVPG3444_003742-T1
GF00005736	DBVPG3775_003609-T1, DBVPG3444_013159-T1
GF00005737	DBVPG3775_003627-T1, DBVPG3444_002316-T1
GF00005738	DBVPG3775_003649-T1, DBVPG3444_002294-T1
GF00005739	DBVPG3775_003650-T1, DBVPG3444_002293-T1
GF00005740	DBVPG3775_003690-T1, DBVPG3444_014677-T1
GF00005741	DBVPG3775_003691-T1, DBVPG3444_014972-T1
GF00005742	DBVPG3775_003699-T1, DBVPG3444_001232-T1
GF00005743	DBVPG3775_003835-T1, DBVPG3444_010920-T1
GF00005744	DBVPG3775_003836-T1, DBVPG3444_010919-T1
GF00005745	DBVPG3775_003838-T1, DBVPG3444_014906-T1
GF00005746	DBVPG3775_004099-T1, DBVPG3444_009962-T1
GF00005747	DBVPG3775_004194-T1, DBVPG3444_002555-T1
GF00005748	DBVPG3775_004238-T1, DBVPG3444_009865-T1
GF00005749	DBVPG3775_004246-T1, DBVPG3444_009857-T1
GF00005750	DBVPG3775_004261-T1, DBVPG3444_013825-T1
GF00005751	DBVPG3775_004262-T1, DBVPG3444_013824-T1
GF00005752	DBVPG3775_004336-T1, DBVPG3444_008546-T1
GF00005753	DBVPG3775_004343-T1, DBVPG3444_012476-T1
GF00005754	DBVPG3775_004351-T1, DBVPG3444_013256-T1
GF00005755	DBVPG3775_004370-T1, DBVPG3444_006443-T1
GF00005756	DBVPG3775_004444-T1, DBVPG3444_005845-T1
GF00005757	DBVPG3775_004495-T1, DBVPG3444_014322-T1
GF00005758	DBVPG3775_004557-T1, DBVPG3444_005936-T1
GF00005759	DBVPG3775_004593-T1, DBVPG3444_009515-T1
GF00005760	DBVPG3775_004603-T1, DBVPG3444_011802-T1
GF00005761	DBVPG3775_004625-T1, DBVPG3444_012605-T1
GF00005762	DBVPG3775_004628-T1, DBVPG3444_012603-T1
GF00005763	DBVPG3775_004629-T1, DBVPG3444_012602-T1
GF00005764	DBVPG3775_004648-T1, DBVPG3444_006000-T1
GF00005765	DBVPG3775_004652-T1, DBVPG3444_010276-T1
GF00005766	DBVPG3775_004669-T1, DBVPG3444_010293-T1
GF00005767	DBVPG3775_004674-T1, DBVPG3444_010298-T1
GF00005768	DBVPG3775_004689-T1, DBVPG3444_013849-T1
GF00005769	DBVPG3775_004726-T1, DBVPG3444_011448-T1
GF00005770	DBVPG3775_004779-T1, DBVPG3444_010734-T1
GF00005771	DBVPG3775_004785-T1, DBVPG3444_010730-T1
GF00005772	DBVPG3775_004786-T1, DBVPG3444_010729-T1
GF00005773	DBVPG3775_004798-T1, DBVPG3444_010718-T1
GF00005774	DBVPG3444_012409-T1, DBVPG3775_006771-T1
GF00005775	DBVPG3775_004902-T1, DBVPG3444_001079-T1
GF00005776	DBVPG3775_004934-T1, DBVPG3444_001112-T1
GF00005777	DBVPG3775_004964-T1, DBVPG3444_007109-T1
GF00005778	DBVPG3775_004969-T1, DBVPG3444_007104-T1
GF00005779	DBVPG3775_004981-T1, DBVPG3444_007091-T1
GF00005780	DBVPG3775_004987-T1, DBVPG3444_007084-T1
GF00005781	DBVPG3775_005002-T1, DBVPG3444_005664-T1
GF00005782	DBVPG3775_005028-T1, DBVPG3444_005637-T1
GF00005783	DBVPG3775_005060-T1, DBVPG3444_000436-T1
GF00005784	DBVPG3775_005090-T1, DBVPG3444_009699-T1
GF00005785	DBVPG3775_005133-T1, DBVPG3444_012917-T1
GF00005786	DBVPG3775_005143-T1, DBVPG3444_012928-T1
GF00005787	DBVPG3775_005144-T1, DBVPG3444_001477-T1
GF00005788	DBVPG3775_005175-T1, DBVPG3444_001609-T1
GF00005789	DBVPG3775_005201-T1, DBVPG3444_001635-T1
GF00005790	DBVPG3775_005214-T1, DBVPG3444_001651-T1
GF00005791	DBVPG3775_005273-T1, DBVPG3444_003170-T1
GF00005792	DBVPG3775_005274-T1, DBVPG3444_003169-T1
GF00005793	DBVPG3775_005293-T1, DBVPG3444_003149-T1
GF00005794	DBVPG3775_005296-T1, DBVPG3444_003146-T1
GF00005795	DBVPG3775_005300-T1, DBVPG3444_003142-T1
GF00005796	DBVPG3775_005342-T1, DBVPG3444_009780-T1
GF00005797	DBVPG3775_005345-T1, DBVPG3444_009783-T1
GF00005798	DBVPG3775_005382-T1, DBVPG3444_011824-T1
GF00005799	DBVPG3775_005445-T1, DBVPG3444_011976-T1
GF00005800	DBVPG3775_005518-T1, DBVPG3444_012085-T1
GF00005801	DBVPG3775_005525-T1, DBVPG3444_011525-T1
GF00005802	DBVPG3775_005528-T1, DBVPG3444_011522-T1
GF00005803	DBVPG3775_005605-T1, DBVPG3444_007520-T1
GF00005804	DBVPG3775_005612-T1, DBVPG3444_007513-T1
GF00005805	DBVPG3775_005613-T1, DBVPG3444_007512-T1
GF00005806	DBVPG3775_005646-T1, DBVPG3444_008362-T1
GF00005807	DBVPG3775_005764-T1, DBVPG3444_006340-T1
GF00005808	DBVPG3775_005778-T1, DBVPG3444_009611-T1
GF00005809	DBVPG3775_005803-T1, DBVPG3444_005515-T1
GF00005810	DBVPG3775_005826-T1, DBVPG3444_004210-T1
GF00005811	DBVPG3775_005848-T1, DBVPG3444_004187-T1
GF00005812	DBVPG3775_005878-T1, DBVPG3444_005172-T1
GF00005813	DBVPG3775_005937-T1, DBVPG3444_012769-T1
GF00005814	DBVPG3775_005950-T1, DBVPG3444_012756-T1
GF00005815	DBVPG3775_005951-T1, DBVPG3444_012755-T1
GF00005816	DBVPG3775_005984-T1, DBVPG3444_005316-T1
GF00005817	DBVPG3775_006023-T1, DBVPG3444_013733-T1
GF00005818	DBVPG3775_006024-T1, DBVPG3444_013734-T1
GF00005819	DBVPG3775_006034-T1, DBVPG3444_010882-T1
GF00005820	DBVPG3775_006063-T1, DBVPG3444_004704-T1
GF00005821	DBVPG3775_006083-T1, DBVPG3444_014926-T1
GF00005822	DBVPG3775_006112-T1, DBVPG3444_007141-T1
GF00005823	DBVPG3775_006114-T1, DBVPG3444_007139-T1
GF00005824	DBVPG3775_006130-T1, DBVPG3444_011922-T1
GF00005825	DBVPG3775_006134-T1, DBVPG3444_011926-T1
GF00005826	DBVPG3775_006135-T1, DBVPG3444_011927-T1
GF00005827	DBVPG3775_006136-T1, DBVPG3444_011928-T1
GF00005828	DBVPG3775_006166-T1, DBVPG3444_001258-T1
GF00005829	DBVPG3775_006189-T1, DBVPG3444_001347-T1
GF00005830	DBVPG3775_006237-T1, DBVPG3444_010962-T1
GF00005831	DBVPG3775_006309-T1, DBVPG3444_005090-T1
GF00005832	DBVPG3775_006329-T1, DBVPG3444_005070-T1
GF00005833	DBVPG3775_006338-T1, DBVPG3444_005061-T1
GF00005834	DBVPG3775_006350-T1, DBVPG3444_014129-T1
GF00005835	DBVPG3775_006405-T1, DBVPG3444_003380-T1
GF00005836	DBVPG3775_006508-T1, DBVPG3444_007461-T1
GF00005837	DBVPG3775_006514-T1, DBVPG3444_007467-T1
GF00005838	DBVPG3775_006515-T1, DBVPG3444_007468-T1
GF00005839	DBVPG3775_006526-T1, DBVPG3444_007480-T1
GF00005840	DBVPG3775_006546-T1, DBVPG3444_013686-T1
GF00005841	DBVPG3775_006685-T1, DBVPG3444_000174-T1
GF00005842	DBVPG3775_006697-T1, DBVPG3444_001579-T1
GF00005843	DBVPG3775_006763-T1, DBVPG3444_012027-T1
GF00005844	DBVPG3775_006764-T1, DBVPG3444_012028-T1
GF00005845	DBVPG3775_006765-T1, DBVPG3444_012029-T1
GF00005846	DBVPG3775_006768-T1, DBVPG3444_012405-T1
GF00005847	DBVPG3775_006769-T1, DBVPG3444_012407-T1
GF00005848	DBVPG3775_006770-T1, DBVPG3444_012408-T1
GF00005849	DBVPG3775_006772-T1, DBVPG3444_012410-T1
GF00005850	DBVPG3775_006774-T1, DBVPG3444_012411-T1
GF00005851	DBVPG3775_006775-T1, DBVPG3444_012412-T1
GF00005852	DBVPG3775_006776-T1, DBVPG3444_012413-T1
GF00005853	DBVPG3775_006778-T1, DBVPG3444_012414-T1
GF00005854	DBVPG3775_006781-T1, DBVPG3444_012972-T1
GF00005855	DBVPG3775_006808-T1, DBVPG3444_009835-T1
GF00005856	DBVPG3775_006833-T1, DBVPG3444_003110-T1
GF00005857	DBVPG3775_006837-T1, DBVPG3444_003114-T1
GF00005858	DBVPG3775_006869-T1, DBVPG3444_006886-T1
GF00005859	DBVPG3775_006877-T1, DBVPG3444_003069-T1
GF00005860	DBVPG3775_006902-T1, DBVPG3444_014943-T1
GF00005861	DBVPG3775_006903-T1, DBVPG3444_014637-T1
GF00005862	DBVPG3775_006918-T1, DBVPG3444_012221-T1
GF00005863	DBVPG3775_006929-T1, DBVPG3444_011625-T1
GF00005864	DBVPG3775_006956-T1, DBVPG3444_000001-T1
GF00005865	DBVPG3775_006991-T1, DBVPG3444_000100-T1
GF00005866	DBVPG3775_007041-T1, DBVPG3444_012955-T1
GF00005867	DBVPG3775_007042-T1, DBVPG3444_012956-T1
GF00005868	DBVPG3775_007129-T1, DBVPG3444_006468-T1
GF00005869	DBVPG3775_007144-T1, DBVPG3444_013813-T1
GF00005870	DBVPG3775_007166-T1, DBVPG3444_006627-T1
GF00005871	DBVPG3775_007177-T1, DBVPG3444_004372-T1
GF00005872	DBVPG3775_007211-T1, DBVPG3444_006920-T1
GF00005873	DBVPG3775_007218-T1, DBVPG3444_006913-T1
GF00005874	DBVPG3775_007258-T1, DBVPG3444_010504-T1
GF00005875	DBVPG3775_007267-T1, DBVPG3444_011002-T1
GF00005876	DBVPG3775_007275-T1, DBVPG3444_011009-T1
GF00005877	DBVPG3775_007302-T1, DBVPG3444_011339-T1
GF00005878	DBVPG3775_007314-T1, DBVPG3444_012051-T1
GF00005879	DBVPG3775_007323-T1, DBVPG3444_012042-T1
GF00005880	DBVPG3775_007324-T1, DBVPG3444_012041-T1
GF00005881	DBVPG3775_007325-T1, DBVPG3444_014764-T1
GF00005882	DBVPG3775_007384-T1, DBVPG3444_013935-T1
GF00005883	DBVPG3775_007429-T1, DBVPG3444_000764-T1
GF00005884	DBVPG3775_007432-T1, DBVPG3444_010992-T1
GF00005885	DBVPG3775_007463-T1, DBVPG3444_010578-T1
GF00005886	DBVPG3775_007471-T1, DBVPG3444_000077-T1
GF00005887	DBVPG3775_007481-T1, DBVPG3444_013067-T1
GF00005888	DBVPG3775_007493-T1, DBVPG3444_013039-T1
GF00005889	DBVPG3775_007494-T1, DBVPG3444_013040-T1
GF00005890	DBVPG3775_007495-T1, DBVPG3444_013041-T1
GF00005891	DBVPG3775_007496-T1, DBVPG3444_013042-T1
GF00005892	DBVPG3775_007497-T1, DBVPG3444_013043-T1
GF00005893	DBVPG3775_007498-T1, DBVPG3444_013044-T1
GF00005894	DBVPG3775_007499-T1, DBVPG3444_013045-T1
GF00005895	DBVPG3775_007502-T1, DBVPG3444_013047-T1
GF00005896	DBVPG3775_007503-T1, DBVPG3444_013048-T1
GF00005897	DBVPG3775_007504-T1, DBVPG3444_013049-T1
GF00005898	DBVPG3775_007505-T1, DBVPG3444_013050-T1
GF00005899	DBVPG3775_007527-T1, DBVPG3444_014692-T1
GF00005900	DBVPG3775_007529-T1, DBVPG3444_014693-T1
GF00005901	DBVPG3775_007550-T1, DBVPG3444_014813-T1
GF00005902	DBVPG3775_007557-T1, DBVPG3444_006507-T1
GF00005903	DBVPG3775_007560-T1, DBVPG3444_014718-T1
GF00005904	DBVPG3775_007572-T1, DBVPG3444_005119-T1
GF00005905	DBVPG3775_007585-T1, DBVPG3444_004592-T1
GF00005906	DBVPG3775_007586-T1, DBVPG3444_015020-T1
GF00005907	DBVPG3775_002801-T1, DBVPG3775_002802-T1
GF00005908	DBVPG3444_010782-T1
GF00005909	DBVPG3444_006312-T1
GF00005910	DBVPG3444_005561-T1
GF00005911	DBVPG3775_000096-T1
GF00005912	DBVPG3444_013856-T1
GF00005913	DBVPG3444_006119-T1
GF00005914	DBVPG3775_002903-T1
GF00005915	DBVPG3775_006119-T1
GF00005916	DBVPG3444_009443-T1
GF00005917	DBVPG3444_006145-T1
GF00005918	DBVPG3775_007094-T1
GF00005919	DBVPG3444_014837-T1
GF00005920	DBVPG3444_010159-T1
GF00005921	DBVPG3444_008665-T1
GF00005922	DBVPG3444_010142-T1
GF00005923	DBVPG3444_015032-T1
GF00005924	DBVPG3775_001286-T1
GF00005925	DBVPG3444_014338-T1
GF00005926	DBVPG3444_012496-T1
GF00005927	DBVPG3775_000540-T1
GF00005928	DBVPG3775_001785-T1
GF00005929	DBVPG3444_000241-T1
GF00005930	DBVPG3444_014838-T1
GF00005931	DBVPG3444_008287-T1
GF00005932	DBVPG3444_006241-T1
GF00005933	DBVPG3444_005732-T1
GF00005934	DBVPG3444_013788-T1
GF00005935	DBVPG3444_014683-T1
GF00005936	DBVPG3775_005616-T1
GF00005937	DBVPG3775_007507-T1
GF00005938	DBVPG3444_006100-T1
GF00005939	DBVPG3775_005198-T1
GF00005940	DBVPG3444_000069-T1
GF00005941	DBVPG3444_006248-T1
GF00005942	DBVPG3775_006200-T1
GF00005943	DBVPG3444_002250-T1
GF00005944	DBVPG3444_008918-T1
GF00005945	DBVPG3444_013138-T1
GF00005946	DBVPG3444_009754-T1
GF00005947	DBVPG3444_010879-T1
GF00005948	DBVPG3444_008684-T1
GF00005949	DBVPG3444_010100-T1
GF00005950	DBVPG3775_001150-T1
GF00005951	DBVPG3444_003571-T1
GF00005952	DBVPG3775_007170-T1
GF00005953	DBVPG3775_006231-T1
GF00005954	DBVPG3444_013127-T1
GF00005955	DBVPG3775_007528-T1
GF00005956	DBVPG3775_004576-T1
GF00005957	DBVPG3444_005144-T1
GF00005958	DBVPG3775_002331-T1
GF00005959	DBVPG3444_006590-T1
GF00005960	DBVPG3775_007348-T1
GF00005961	DBVPG3775_007050-T1
GF00005962	DBVPG3444_011489-T1
GF00005963	DBVPG3444_013784-T1
GF00005964	DBVPG3444_014741-T1
GF00005965	DBVPG3444_002753-T1
GF00005966	DBVPG3775_003759-T1
GF00005967	DBVPG3444_008612-T1
GF00005968	DBVPG3444_005355-T1
GF00005969	DBVPG3444_015045-T1
GF00005970	DBVPG3444_015080-T1
GF00005971	DBVPG3444_004196-T1
GF00005972	DBVPG3444_007364-T1
GF00005973	DBVPG3775_001860-T1
GF00005974	DBVPG3444_005447-T1
GF00005975	DBVPG3775_005765-T1
GF00005976	DBVPG3444_002420-T1
GF00005977	DBVPG3775_006885-T1
GF00005978	DBVPG3444_006675-T1
GF00005979	DBVPG3444_014860-T1
GF00005980	DBVPG3444_013508-T1
GF00005981	DBVPG3444_000661-T1
GF00005982	DBVPG3444_005730-T1
GF00005983	DBVPG3775_007289-T1
GF00005984	DBVPG3444_013301-T1
GF00005985	DBVPG3775_000492-T1
GF00005986	DBVPG3444_005952-T1
GF00005987	DBVPG3444_014509-T1
GF00005988	DBVPG3444_003504-T1
GF00005989	DBVPG3444_014296-T1
GF00005990	DBVPG3444_004212-T1
GF00005991	DBVPG3444_014364-T1
GF00005992	DBVPG3444_013001-T1
GF00005993	DBVPG3444_008105-T1
GF00005994	DBVPG3775_005456-T1
GF00005995	DBVPG3444_014362-T1
GF00005996	DBVPG3775_005977-T1
GF00005997	DBVPG3775_003534-T1
GF00005998	DBVPG3444_006313-T1
GF00005999	DBVPG3775_006790-T1
GF00006000	DBVPG3444_008283-T1
GF00006001	DBVPG3444_014925-T1
GF00006002	DBVPG3444_015062-T1
GF00006003	DBVPG3775_000954-T1
GF00006004	DBVPG3444_007453-T1
GF00006005	DBVPG3444_013496-T1
GF00006006	DBVPG3444_008922-T1
GF00006007	DBVPG3444_006258-T1
GF00006008	DBVPG3775_003231-T1
GF00006009	DBVPG3775_004073-T1
GF00006010	DBVPG3444_005492-T1
GF00006011	DBVPG3444_009957-T1
GF00006012	DBVPG3444_004822-T1
GF00006013	DBVPG3775_002060-T1
GF00006014	DBVPG3444_014363-T1
GF00006015	DBVPG3444_011702-T1
GF00006016	DBVPG3444_007128-T1
GF00006017	DBVPG3444_011716-T1
GF00006018	DBVPG3775_000809-T1
GF00006019	DBVPG3444_010288-T1
GF00006020	DBVPG3444_009897-T1
GF00006021	DBVPG3775_001328-T1
GF00006022	DBVPG3444_013129-T1
GF00006023	DBVPG3775_001270-T1
GF00006024	DBVPG3444_014803-T1
GF00006025	DBVPG3444_013128-T1
GF00006026	DBVPG3444_015070-T1
GF00006027	DBVPG3444_004290-T1
GF00006028	DBVPG3444_014933-T1
GF00006029	DBVPG3444_014999-T1
GF00006030	DBVPG3444_014740-T1
GF00006031	DBVPG3444_007834-T1
GF00006032	DBVPG3444_007606-T1
GF00006033	DBVPG3444_012553-T1
GF00006034	DBVPG3444_003263-T1
GF00006035	DBVPG3775_005195-T1
GF00006036	DBVPG3444_010141-T1
GF00006037	DBVPG3775_006724-T1
GF00006038	DBVPG3444_001047-T1
GF00006039	DBVPG3444_007098-T1
GF00006040	DBVPG3775_006079-T1
GF00006041	DBVPG3775_003119-T1
GF00006042	DBVPG3444_005168-T1
GF00006043	DBVPG3444_007365-T1
GF00006044	DBVPG3444_007125-T1
GF00006045	DBVPG3444_010736-T1
GF00006046	DBVPG3775_007394-T1
GF00006047	DBVPG3444_009405-T1
GF00006048	DBVPG3444_002919-T1
GF00006049	DBVPG3444_014133-T1
GF00006050	DBVPG3775_006307-T1
GF00006051	DBVPG3444_001432-T1
GF00006052	DBVPG3775_001572-T1
GF00006053	DBVPG3444_013555-T1
GF00006054	DBVPG3444_014859-T1
GF00006055	DBVPG3444_013944-T1
GF00006056	DBVPG3444_011385-T1
GF00006057	DBVPG3444_015051-T1
GF00006058	DBVPG3444_014742-T1
GF00006059	DBVPG3444_010269-T1
GF00006060	DBVPG3775_001756-T1
GF00006061	DBVPG3444_001071-T1
GF00006062	DBVPG3444_012002-T1
GF00006063	DBVPG3775_007353-T1
GF00006064	DBVPG3775_006625-T1
GF00006065	DBVPG3444_003818-T1
GF00006066	DBVPG3775_001520-T1
GF00006067	DBVPG3775_006280-T1
GF00006068	DBVPG3775_001287-T1
GF00006069	DBVPG3775_006750-T1
GF00006070	DBVPG3444_002369-T1
GF00006071	DBVPG3444_011405-T1
GF00006072	DBVPG3444_011863-T1
GF00006073	DBVPG3444_012495-T1
GF00006074	DBVPG3775_005763-T1
GF00006075	DBVPG3444_005167-T1
GF00006076	DBVPG3775_001372-T1
GF00006077	DBVPG3444_006720-T1
GF00006078	DBVPG3444_007126-T1
GF00006079	DBVPG3444_014810-T1
GF00006080	DBVPG3775_003462-T1
GF00006081	DBVPG3775_000602-T1
GF00006082	DBVPG3444_001427-T1
GF00006083	DBVPG3775_007526-T1
GF00006084	DBVPG3775_000980-T1
GF00006085	DBVPG3444_007280-T1
GF00006086	DBVPG3444_010268-T1
GF00006087	DBVPG3775_001354-T1
GF00006088	DBVPG3775_003232-T1
GF00006089	DBVPG3444_000326-T1
GF00006090	DBVPG3444_013926-T1
GF00006091	DBVPG3444_014130-T1
GF00006092	DBVPG3444_009933-T1
GF00006093	DBVPG3444_003414-T1
GF00006094	DBVPG3775_006540-T1
GF00006095	DBVPG3444_009538-T1
GF00006096	DBVPG3444_008923-T1
GF00006097	DBVPG3775_004854-T1
GF00006098	DBVPG3444_010959-T1
GF00006099	DBVPG3444_000485-T1
GF00006100	DBVPG3444_003193-T1
GF00006101	DBVPG3444_012031-T1
GF00006102	DBVPG3444_001030-T1
GF00006103	DBVPG3444_014443-T1
GF00006104	DBVPG3444_002270-T1
GF00006105	DBVPG3775_003233-T1
GF00006106	DBVPG3444_011068-T1
GF00006107	DBVPG3444_013630-T1
GF00006108	DBVPG3775_007576-T1
GF00006109	DBVPG3444_008191-T1
GF00006110	DBVPG3775_004709-T1
GF00006111	DBVPG3444_014864-T1
GF00006112	DBVPG3775_000377-T1
GF00006113	DBVPG3775_002877-T1
GF00006114	DBVPG3444_002200-T1
GF00006115	DBVPG3775_001943-T1
GF00006116	DBVPG3775_006777-T1
GF00006117	DBVPG3444_014047-T1
GF00006118	DBVPG3444_009088-T1
GF00006119	DBVPG3444_009914-T1
GF00006120	DBVPG3775_004541-T1
GF00006121	DBVPG3444_003192-T1
GF00006122	DBVPG3444_006707-T1
GF00006123	DBVPG3444_008924-T1
GF00006124	DBVPG3775_001243-T1
GF00006125	DBVPG3444_012629-T1
GF00006126	DBVPG3775_000734-T1
GF00006127	DBVPG3444_007134-T1
GF00006128	DBVPG3775_007601-T1
GF00006129	DBVPG3775_001285-T1
GF00006130	DBVPG3775_001831-T1
GF00006131	DBVPG3444_005599-T1
GF00006132	DBVPG3444_000550-T1
GF00006133	DBVPG3444_000205-T1
GF00006134	DBVPG3444_011864-T1
GF00006135	DBVPG3444_013556-T1
GF00006136	DBVPG3444_009170-T1
GF00006137	DBVPG3444_000551-T1
GF00006138	DBVPG3444_014205-T1
GF00006139	DBVPG3444_000603-T1
GF00006140	DBVPG3775_003465-T1
GF00006141	DBVPG3444_010113-T1
GF00006142	DBVPG3444_003073-T1
GF00006143	DBVPG3444_015079-T1
GF00006144	DBVPG3775_004494-T1
GF00006145	DBVPG3444_010972-T1
GF00006146	DBVPG3775_001096-T1
GF00006147	DBVPG3775_000378-T1
GF00006148	DBVPG3444_003646-T1
GF00006149	DBVPG3444_009272-T1
GF00006150	DBVPG3444_014977-T1
GF00006151	DBVPG3775_003632-T1
GF00006152	DBVPG3444_012494-T1
GF00006153	DBVPG3775_001716-T1
GF00006154	DBVPG3775_000536-T1
GF00006155	DBVPG3775_004559-T1
GF00006156	DBVPG3444_004014-T1
GF00006157	DBVPG3775_006773-T1
GF00006158	DBVPG3444_010310-T1
GF00006159	DBVPG3444_005147-T1
GF00006160	DBVPG3444_007119-T1
GF00006161	DBVPG3444_001094-T1
GF00006162	DBVPG3444_007935-T1
GF00006163	DBVPG3775_004947-T1
GF00006164	DBVPG3775_006502-T1
GF00006165	DBVPG3444_007470-T1
GF00006166	DBVPG3775_004664-T1
GF00006167	DBVPG3775_004466-T1
GF00006168	DBVPG3444_007830-T1
GF00006169	DBVPG3775_002622-T1
GF00006170	DBVPG3775_002432-T1
GF00006171	DBVPG3775_006234-T1
GF00006172	DBVPG3775_004825-T1
GF00006173	DBVPG3775_002073-T1
GF00006174	DBVPG3444_009848-T1
GF00006175	DBVPG3775_000473-T1
GF00006176	DBVPG3775_007192-T1
GF00006177	DBVPG3444_005148-T1
GF00006178	DBVPG3775_001189-T1
GF00006179	DBVPG3444_014148-T1
GF00006180	DBVPG3775_007583-T1
GF00006181	DBVPG3444_008775-T1
GF00006182	DBVPG3444_013781-T1
GF00006183	DBVPG3444_006079-T1
GF00006184	DBVPG3444_011451-T1
GF00006185	DBVPG3775_006757-T1
GF00006186	DBVPG3444_006316-T1
GF00006187	DBVPG3775_003455-T1
GF00006188	DBVPG3444_009614-T1
GF00006189	DBVPG3444_014953-T1
GF00006190	DBVPG3444_007498-T1
GF00006191	DBVPG3775_000278-T1
GF00006192	DBVPG3775_005725-T1
GF00006193	DBVPG3775_006201-T1
GF00006194	DBVPG3444_000771-T1
GF00006195	DBVPG3444_006249-T1
GF00006196	DBVPG3775_002789-T1
GF00006197	DBVPG3444_014962-T1
GF00006198	DBVPG3444_003198-T1
GF00006199	DBVPG3444_010965-T1
GF00006200	DBVPG3775_000371-T1
GF00006201	DBVPG3444_005562-T1
GF00006202	DBVPG3444_013568-T1
GF00006203	DBVPG3444_008451-T1
GF00006204	DBVPG3444_012406-T1
GF00006205	DBVPG3444_008761-T1
GF00006206	DBVPG3444_013557-T1
GF00006207	DBVPG3775_005316-T1
GF00006208	DBVPG3775_004954-T1
GF00006209	DBVPG3775_001033-T1
GF00006210	DBVPG3444_006256-T1
GF00006211	DBVPG3444_010391-T1
GF00006212	DBVPG3444_003593-T1
GF00006213	DBVPG3775_006863-T1
GF00006214	DBVPG3444_013833-T1
GF00006215	DBVPG3444_012483-T1
GF00006216	DBVPG3444_013869-T1
GF00006217	DBVPG3444_013691-T1
GF00006218	DBVPG3775_000573-T1
GF00006219	DBVPG3444_010620-T1
GF00006220	DBVPG3444_003681-T1
GF00006221	DBVPG3775_001540-T1
GF00006222	DBVPG3444_003570-T1
GF00006223	DBVPG3775_001888-T1
GF00006224	DBVPG3775_006848-T1
GF00006225	DBVPG3444_011414-T1
GF00006226	DBVPG3775_003578-T1
GF00006227	DBVPG3444_013509-T1
GF00006228	DBVPG3444_013749-T1
GF00006229	DBVPG3444_001624-T1
GF00006230	DBVPG3444_005493-T1
GF00006231	DBVPG3444_002223-T1
GF00006232	DBVPG3444_013783-T1
GF00006233	DBVPG3444_009531-T1
GF00006234	DBVPG3775_003188-T1
GF00006235	DBVPG3444_003559-T1
GF00006236	DBVPG3775_000283-T1
GF00006237	DBVPG3444_014697-T1
GF00006238	DBVPG3775_004352-T1
GF00006239	DBVPG3444_014865-T1
GF00006240	DBVPG3775_001310-T1
GF00006241	DBVPG3444_002959-T1
GF00006242	DBVPG3775_001525-T1
GF00006243	DBVPG3444_015073-T1
GF00006244	DBVPG3444_009372-T1
GF00006245	DBVPG3775_006230-T1
GF00006246	DBVPG3775_003940-T1
GF00006247	DBVPG3775_001753-T1
GF00006248	DBVPG3444_006933-T1
