	Rhodotorula_mucilaginosa_CHIFNET_10NJ071.cds.fa	Rhodotorula_mucilaginosa_DBVPG_3775.cds.fa
GF00000001	CHIFNET10NJ071_008816-T1	DBVPG3775_001425-T1
GF00000002	CHIFNET10NJ071_005471-T1	DBVPG3775_002003-T1
GF00000003	CHIFNET10NJ071_010280-T1	DBVPG3775_002321-T1
GF00000004	CHIFNET10NJ071_010497-T1	DBVPG3775_001973-T1
GF00000005	CHIFNET10NJ071_011367-T1	DBVPG3775_004172-T1
GF00000006	CHIFNET10NJ071_005201-T1	DBVPG3775_004132-T1
GF00000007	CHIFNET10NJ071_010103-T1	DBVPG3775_006827-T1
GF00000008	CHIFNET10NJ071_010650-T1	DBVPG3775_005585-T1
GF00000009	CHIFNET10NJ071_011087-T1	DBVPG3775_004453-T1
GF00000010	CHIFNET10NJ071_005066-T1	DBVPG3775_000780-T1
GF00000011	CHIFNET10NJ071_001811-T1	DBVPG3775_005206-T1
GF00000012	CHIFNET10NJ071_002197-T1	DBVPG3775_003781-T1
GF00000013	CHIFNET10NJ071_008986-T1	DBVPG3775_006585-T1
GF00000014	CHIFNET10NJ071_002579-T1	DBVPG3775_000220-T1
GF00000015	CHIFNET10NJ071_000684-T1	DBVPG3775_002987-T1
GF00000016	CHIFNET10NJ071_007246-T1	DBVPG3775_000979-T1
GF00000017	CHIFNET10NJ071_013193-T1	DBVPG3775_000902-T1
GF00000018	CHIFNET10NJ071_014494-T1	DBVPG3775_000527-T1
GF00000019	CHIFNET10NJ071_008047-T1	DBVPG3775_004957-T1
GF00000020	CHIFNET10NJ071_002969-T1	DBVPG3775_006246-T1
GF00000021	CHIFNET10NJ071_013952-T1	DBVPG3775_005693-T1
GF00000022	CHIFNET10NJ071_003142-T1	DBVPG3775_002916-T1
GF00000023	CHIFNET10NJ071_005473-T1	DBVPG3775_000357-T1
GF00000024	CHIFNET10NJ071_008063-T1	DBVPG3775_001893-T1
GF00000025	CHIFNET10NJ071_003193-T1	DBVPG3775_004041-T1
GF00000026	CHIFNET10NJ071_004561-T1	DBVPG3775_003162-T1
GF00000027	CHIFNET10NJ071_004252-T1	DBVPG3775_002812-T1
GF00000028	CHIFNET10NJ071_008815-T1	DBVPG3775_001426-T1
GF00000029	CHIFNET10NJ071_014059-T1	DBVPG3775_000924-T1
GF00000030	CHIFNET10NJ071_012797-T1	DBVPG3775_002869-T1
GF00000031	CHIFNET10NJ071_007780-T1	DBVPG3775_007326-T1
GF00000032	CHIFNET10NJ071_010427-T1	DBVPG3775_001370-T1
GF00000033	CHIFNET10NJ071_007289-T1	DBVPG3775_006836-T1
GF00000034	CHIFNET10NJ071_005819-T1	DBVPG3775_003326-T1
GF00000035	CHIFNET10NJ071_014171-T1	DBVPG3775_007088-T1
GF00000036	CHIFNET10NJ071_007111-T1	DBVPG3775_003313-T1
GF00000037	CHIFNET10NJ071_012656-T1	DBVPG3775_000026-T1
GF00000038	CHIFNET10NJ071_002212-T1	DBVPG3775_003794-T1
GF00000039	CHIFNET10NJ071_005196-T1	DBVPG3775_004140-T1
GF00000040	CHIFNET10NJ071_004919-T1	DBVPG3775_004622-T1
GF00000041	CHIFNET10NJ071_010272-T1	DBVPG3775_002328-T1
GF00000042	CHIFNET10NJ071_000769-T1	DBVPG3775_001251-T1
GF00000043	CHIFNET10NJ071_004872-T1	DBVPG3775_002206-T1
GF00000044	CHIFNET10NJ071_004858-T1	DBVPG3775_002218-T1
GF00000045	CHIFNET10NJ071_009932-T1	DBVPG3775_005960-T1
GF00000046	CHIFNET10NJ071_006505-T1	DBVPG3775_003746-T1
GF00000047	CHIFNET10NJ071_003115-T1	DBVPG3775_002941-T1
GF00000048	CHIFNET10NJ071_005755-T1	DBVPG3775_002046-T1
GF00000049	CHIFNET10NJ071_002601-T1	DBVPG3775_000191-T1
GF00000050	CHIFNET10NJ071_005503-T1	DBVPG3775_000387-T1
GF00000051	CHIFNET10NJ071_011385-T1	DBVPG3775_005321-T1
GF00000052	CHIFNET10NJ071_004406-T1	DBVPG3775_006241-T1
GF00000053	CHIFNET10NJ071_009213-T1	DBVPG3775_007132-T1
GF00000054	CHIFNET10NJ071_001209-T1	DBVPG3775_005080-T1
GF00000055	CHIFNET10NJ071_008716-T1	DBVPG3775_005166-T1
GF00000056	CHIFNET10NJ071_000155-T1	DBVPG3775_001088-T1
GF00000057	CHIFNET10NJ071_005619-T1	DBVPG3775_003520-T1
GF00000058	CHIFNET10NJ071_009819-T1	DBVPG3775_004549-T1
GF00000059	CHIFNET10NJ071_000775-T1	DBVPG3775_004502-T1
GF00000060	CHIFNET10NJ071_000794-T1	DBVPG3775_004521-T1
GF00000061	CHIFNET10NJ071_009972-T1	DBVPG3775_000467-T1
GF00000062	CHIFNET10NJ071_004776-T1	DBVPG3775_000993-T1
GF00000063	CHIFNET10NJ071_004751-T1	DBVPG3775_001018-T1
GF00000064	CHIFNET10NJ071_006841-T1	DBVPG3775_004141-T1
GF00000065	CHIFNET10NJ071_001447-T1	DBVPG3775_004308-T1
GF00000066	CHIFNET10NJ071_012519-T1	DBVPG3775_001065-T1
GF00000067	CHIFNET10NJ071_012103-T1	DBVPG3775_003881-T1
GF00000068	CHIFNET10NJ071_009186-T1	DBVPG3775_007158-T1
GF00000069	CHIFNET10NJ071_001852-T1	DBVPG3775_005163-T1
GF00000070	CHIFNET10NJ071_007043-T1	DBVPG3775_006345-T1
GF00000071	CHIFNET10NJ071_012261-T1	DBVPG3775_007241-T1
GF00000072	CHIFNET10NJ071_000207-T1	DBVPG3775_000842-T1
GF00000073	CHIFNET10NJ071_011223-T1	DBVPG3775_003792-T1
GF00000074	CHIFNET10NJ071_004436-T1	DBVPG3775_006948-T1
GF00000075	CHIFNET10NJ071_007000-T1	DBVPG3775_000475-T1
GF00000076	CHIFNET10NJ071_004353-T1	DBVPG3775_001902-T1
GF00000077	CHIFNET10NJ071_005698-T1	DBVPG3775_001795-T1
GF00000078	CHIFNET10NJ071_008320-T1	DBVPG3775_005736-T1
GF00000079	CHIFNET10NJ071_013555-T1	DBVPG3775_007424-T1
GF00000080	CHIFNET10NJ071_014131-T1	DBVPG3775_005157-T1
GF00000081	CHIFNET10NJ071_014329-T1	DBVPG3775_003686-T1
GF00000082	CHIFNET10NJ071_002934-T1	DBVPG3775_005599-T1
GF00000083	CHIFNET10NJ071_004442-T1	DBVPG3775_006954-T1
GF00000084	CHIFNET10NJ071_008864-T1	DBVPG3775_003273-T1
GF00000085	CHIFNET10NJ071_012783-T1	DBVPG3775_004181-T1
GF00000086	CHIFNET10NJ071_002837-T1	DBVPG3775_002257-T1
GF00000087	CHIFNET10NJ071_000995-T1	DBVPG3775_001962-T1
GF00000088	CHIFNET10NJ071_008985-T1	DBVPG3775_006584-T1
GF00000089	CHIFNET10NJ071_009875-T1	DBVPG3775_007105-T1
GF00000090	CHIFNET10NJ071_000473-T1	DBVPG3775_002526-T1
GF00000091	CHIFNET10NJ071_000594-T1	DBVPG3775_005324-T1
GF00000092	CHIFNET10NJ071_011930-T1	DBVPG3775_007483-T1
GF00000093	CHIFNET10NJ071_004007-T1	DBVPG3775_005033-T1
GF00000094	CHIFNET10NJ071_007549-T1	DBVPG3775_002579-T1
GF00000095	CHIFNET10NJ071_008362-T1	DBVPG3775_002226-T1
GF00000096	CHIFNET10NJ071_001264-T1	DBVPG3775_003172-T1
GF00000097	CHIFNET10NJ071_005360-T1	DBVPG3775_007575-T1
GF00000098	CHIFNET10NJ071_003233-T1	DBVPG3775_004080-T1
GF00000099	CHIFNET10NJ071_001612-T1	DBVPG3775_001853-T1
GF00000100	CHIFNET10NJ071_013815-T1	DBVPG3775_001529-T1
GF00000101	CHIFNET10NJ071_002158-T1	DBVPG3775_003742-T1
GF00000102	CHIFNET10NJ071_005860-T1	DBVPG3775_000082-T1
GF00000103	CHIFNET10NJ071_002385-T1	DBVPG3775_001677-T1
GF00000104	CHIFNET10NJ071_004636-T1	DBVPG3775_002043-T1
GF00000105	CHIFNET10NJ071_004420-T1	DBVPG3775_006959-T1
GF00000106	CHIFNET10NJ071_010139-T1	DBVPG3775_005753-T1
GF00000107	CHIFNET10NJ071_008781-T1	DBVPG3775_003255-T1
GF00000108	CHIFNET10NJ071_008777-T1	DBVPG3775_003251-T1
GF00000109	CHIFNET10NJ071_001039-T1	DBVPG3775_001140-T1
GF00000110	CHIFNET10NJ071_002929-T1	DBVPG3775_005603-T1
GF00000111	CHIFNET10NJ071_011645-T1	DBVPG3775_002435-T1
GF00000112	CHIFNET10NJ071_011463-T1	DBVPG3775_006133-T1
GF00000113	CHIFNET10NJ071_003728-T1	DBVPG3775_004717-T1
GF00000114	CHIFNET10NJ071_012842-T1	DBVPG3775_003544-T1
GF00000115	CHIFNET10NJ071_001284-T1	DBVPG3775_002706-T1
GF00000116	CHIFNET10NJ071_008486-T1	DBVPG3775_002751-T1
GF00000117	CHIFNET10NJ071_002640-T1	DBVPG3775_000153-T1
GF00000118	CHIFNET10NJ071_012896-T1	DBVPG3775_002338-T1
GF00000119	CHIFNET10NJ071_003755-T1	DBVPG3775_004754-T1
GF00000120	CHIFNET10NJ071_007630-T1	DBVPG3775_000399-T1
GF00000121	CHIFNET10NJ071_007084-T1	DBVPG3775_006388-T1
GF00000122	CHIFNET10NJ071_010275-T1	DBVPG3775_002326-T1
GF00000123	CHIFNET10NJ071_010053-T1	DBVPG3775_006076-T1
GF00000124	CHIFNET10NJ071_005121-T1	DBVPG3775_007423-T1
GF00000125	CHIFNET10NJ071_013904-T1	DBVPG3775_003841-T1
GF00000126	CHIFNET10NJ071_007322-T1	DBVPG3775_004520-T1
GF00000127	CHIFNET10NJ071_007604-T1	DBVPG3775_005038-T1
GF00000128	CHIFNET10NJ071_002341-T1	DBVPG3775_001719-T1
GF00000129	CHIFNET10NJ071_000819-T1	DBVPG3775_004545-T1
GF00000130	CHIFNET10NJ071_007693-T1	DBVPG3775_005082-T1
GF00000131	CHIFNET10NJ071_013047-T1	DBVPG3775_001549-T1
GF00000132	CHIFNET10NJ071_001754-T1	DBVPG3775_001451-T1
GF00000133	CHIFNET10NJ071_012600-T1	DBVPG3775_001020-T1
GF00000134	CHIFNET10NJ071_011408-T1	DBVPG3775_007270-T1
GF00000135	CHIFNET10NJ071_004041-T1	DBVPG3775_003709-T1
GF00000136	CHIFNET10NJ071_002203-T1	DBVPG3775_003785-T1
GF00000137	CHIFNET10NJ071_006834-T1	DBVPG3775_003411-T1
GF00000138	CHIFNET10NJ071_012811-T1	DBVPG3775_006662-T1
GF00000139	CHIFNET10NJ071_006880-T1	DBVPG3775_006818-T1
GF00000140	CHIFNET10NJ071_007809-T1	DBVPG3775_000368-T1
GF00000141	CHIFNET10NJ071_004278-T1	DBVPG3775_002838-T1
GF00000142	CHIFNET10NJ071_004703-T1	DBVPG3775_004880-T1
GF00000143	CHIFNET10NJ071_004938-T1	DBVPG3775_004642-T1
GF00000144	CHIFNET10NJ071_004553-T1	DBVPG3775_006421-T1
GF00000145	CHIFNET10NJ071_000140-T1	DBVPG3775_001104-T1
GF00000146	CHIFNET10NJ071_012918-T1	DBVPG3775_006015-T1
GF00000147	CHIFNET10NJ071_003092-T1	DBVPG3775_002965-T1
GF00000148	CHIFNET10NJ071_008104-T1	DBVPG3775_000814-T1
GF00000149	CHIFNET10NJ071_004535-T1	DBVPG3775_006439-T1
GF00000150	CHIFNET10NJ071_013103-T1	DBVPG3775_001025-T1
GF00000151	CHIFNET10NJ071_012501-T1	DBVPG3775_003677-T1
GF00000152	CHIFNET10NJ071_005539-T1	DBVPG3775_002488-T1
GF00000153	CHIFNET10NJ071_012055-T1	DBVPG3775_000562-T1
GF00000154	CHIFNET10NJ071_011816-T1	DBVPG3775_000514-T1
GF00000155	CHIFNET10NJ071_005750-T1	DBVPG3775_000449-T1
GF00000156	CHIFNET10NJ071_000582-T1	DBVPG3775_005314-T1
GF00000157	CHIFNET10NJ071_010265-T1	DBVPG3775_002336-T1
GF00000158	CHIFNET10NJ071_009980-T1	DBVPG3775_003229-T1
GF00000159	CHIFNET10NJ071_008272-T1	DBVPG3775_006031-T1
GF00000160	CHIFNET10NJ071_005324-T1	DBVPG3775_005884-T1
GF00000161	CHIFNET10NJ071_003530-T1	DBVPG3775_001993-T1
GF00000162	CHIFNET10NJ071_009237-T1	DBVPG3775_007022-T1
GF00000163	CHIFNET10NJ071_001227-T1	DBVPG3775_003134-T1
GF00000164	CHIFNET10NJ071_001501-T1	DBVPG3775_004097-T1
GF00000165	CHIFNET10NJ071_007033-T1	DBVPG3775_000439-T1
GF00000166	CHIFNET10NJ071_002871-T1	DBVPG3775_002291-T1
GF00000167	CHIFNET10NJ071_014275-T1	DBVPG3775_007454-T1
GF00000168	CHIFNET10NJ071_010485-T1	DBVPG3775_001961-T1
GF00000169	CHIFNET10NJ071_001161-T1	DBVPG3775_003066-T1
GF00000170	CHIFNET10NJ071_009671-T1	DBVPG3775_002677-T1
GF00000171	CHIFNET10NJ071_004299-T1	DBVPG3775_002858-T1
GF00000172	CHIFNET10NJ071_002183-T1	DBVPG3775_003767-T1
GF00000173	CHIFNET10NJ071_001474-T1	DBVPG3775_004339-T1
GF00000174	CHIFNET10NJ071_001593-T1	DBVPG3775_001834-T1
GF00000175	CHIFNET10NJ071_013169-T1	DBVPG3775_001832-T1
GF00000176	CHIFNET10NJ071_001687-T1	DBVPG3775_001517-T1
GF00000177	CHIFNET10NJ071_001753-T1	DBVPG3775_001452-T1
GF00000178	CHIFNET10NJ071_011672-T1	DBVPG3775_006357-T1
GF00000179	CHIFNET10NJ071_011728-T1	DBVPG3775_003362-T1
GF00000180	CHIFNET10NJ071_008682-T1	DBVPG3775_005202-T1
GF00000181	CHIFNET10NJ071_010920-T1	DBVPG3775_007063-T1
GF00000182	CHIFNET10NJ071_014488-T1	DBVPG3775_000258-T1
GF00000183	CHIFNET10NJ071_011600-T1	DBVPG3775_004711-T1
GF00000184	CHIFNET10NJ071_010298-T1	DBVPG3775_005109-T1
GF00000185	CHIFNET10NJ071_009713-T1	DBVPG3775_003607-T1
GF00000186	CHIFNET10NJ071_013828-T1	DBVPG3775_005942-T1
GF00000187	CHIFNET10NJ071_002391-T1	DBVPG3775_001671-T1
GF00000188	CHIFNET10NJ071_002376-T1	DBVPG3775_001667-T1
GF00000189	CHIFNET10NJ071_006716-T1	DBVPG3775_006416-T1
GF00000190	CHIFNET10NJ071_002439-T1	DBVPG3775_003861-T1
GF00000191	CHIFNET10NJ071_002851-T1	DBVPG3775_002271-T1
GF00000192	CHIFNET10NJ071_006248-T1	DBVPG3775_007442-T1
GF00000193	CHIFNET10NJ071_014304-T1	DBVPG3775_002180-T1
GF00000194	CHIFNET10NJ071_011445-T1	DBVPG3775_006850-T1
GF00000195	CHIFNET10NJ071_003154-T1	DBVPG3775_003496-T1
GF00000196	CHIFNET10NJ071_008618-T1	DBVPG3775_006806-T1
GF00000197	CHIFNET10NJ071_008932-T1	DBVPG3775_004029-T1
GF00000198	CHIFNET10NJ071_006845-T1	DBVPG3775_003422-T1
GF00000199	CHIFNET10NJ071_003629-T1	DBVPG3775_005546-T1
GF00000200	CHIFNET10NJ071_003766-T1	DBVPG3775_004721-T1
GF00000201	CHIFNET10NJ071_003761-T1	DBVPG3775_004760-T1
GF00000202	CHIFNET10NJ071_014011-T1	DBVPG3775_000632-T1
GF00000203	CHIFNET10NJ071_013803-T1	DBVPG3775_004809-T1
GF00000204	CHIFNET10NJ071_014346-T1	DBVPG3775_000271-T1
GF00000205	CHIFNET10NJ071_009123-T1	DBVPG3775_000312-T1
GF00000206	CHIFNET10NJ071_008228-T1	DBVPG3775_003358-T1
GF00000207	CHIFNET10NJ071_005996-T1	DBVPG3775_002745-T1
GF00000208	CHIFNET10NJ071_008584-T1	DBVPG3775_000591-T1
GF00000209	CHIFNET10NJ071_012563-T1	DBVPG3775_006220-T1
GF00000210	CHIFNET10NJ071_001130-T1	DBVPG3775_001230-T1
GF00000211	CHIFNET10NJ071_001116-T1	DBVPG3775_003741-T1
GF00000212	CHIFNET10NJ071_012592-T1	DBVPG3775_001393-T1
GF00000213	CHIFNET10NJ071_002878-T1	DBVPG3775_002298-T1
GF00000214	CHIFNET10NJ071_004499-T1	DBVPG3775_005857-T1
GF00000215	CHIFNET10NJ071_000807-T1	DBVPG3775_004533-T1
GF00000216	CHIFNET10NJ071_008719-T1	DBVPG3775_006696-T1
GF00000217	CHIFNET10NJ071_014054-T1	DBVPG3775_002882-T1
GF00000218	CHIFNET10NJ071_007907-T1	DBVPG3775_003143-T1
GF00000219	CHIFNET10NJ071_014510-T1	DBVPG3775_002596-T1
GF00000220	CHIFNET10NJ071_001468-T1	DBVPG3775_004335-T1
GF00000221	CHIFNET10NJ071_013994-T1	DBVPG3775_003306-T1
GF00000222	CHIFNET10NJ071_002317-T1	DBVPG3775_001743-T1
GF00000223	CHIFNET10NJ071_003438-T1	DBVPG3775_001670-T1
GF00000224	CHIFNET10NJ071_011062-T1	DBVPG3775_003865-T1
GF00000225	CHIFNET10NJ071_002737-T1	DBVPG3775_004376-T1
GF00000226	CHIFNET10NJ071_002990-T1	DBVPG3775_001338-T1
GF00000227	CHIFNET10NJ071_003010-T1	DBVPG3775_006673-T1
GF00000228	CHIFNET10NJ071_007803-T1	DBVPG3775_002917-T1
GF00000229	CHIFNET10NJ071_003803-T1	DBVPG3775_005383-T1
GF00000230	CHIFNET10NJ071_004281-T1	DBVPG3775_002840-T1
GF00000231	CHIFNET10NJ071_013756-T1	DBVPG3775_000593-T1
GF00000232	CHIFNET10NJ071_003745-T1	DBVPG3775_004741-T1
GF00000233	CHIFNET10NJ071_003687-T1	DBVPG3775_000908-T1
GF00000234	CHIFNET10NJ071_004204-T1	DBVPG3775_005065-T1
GF00000235	CHIFNET10NJ071_004556-T1	DBVPG3775_006418-T1
GF00000236	CHIFNET10NJ071_009699-T1	DBVPG3775_004831-T1
GF00000237	CHIFNET10NJ071_007243-T1	DBVPG3775_003224-T1
GF00000238	CHIFNET10NJ071_007476-T1	DBVPG3775_006611-T1
GF00000239	CHIFNET10NJ071_005492-T1	DBVPG3775_000376-T1
GF00000240	CHIFNET10NJ071_009777-T1	DBVPG3775_003503-T1
GF00000241	CHIFNET10NJ071_009867-T1	DBVPG3775_001059-T1
GF00000242	CHIFNET10NJ071_001090-T1	DBVPG3775_001192-T1
GF00000243	CHIFNET10NJ071_000273-T1	DBVPG3775_000775-T1
GF00000244	CHIFNET10NJ071_002455-T1	DBVPG3775_003877-T1
GF00000245	CHIFNET10NJ071_010863-T1	DBVPG3775_002522-T1
GF00000246	CHIFNET10NJ071_008299-T1	DBVPG3775_005791-T1
GF00000247	CHIFNET10NJ071_011951-T1	DBVPG3775_000680-T1
GF00000248	CHIFNET10NJ071_000663-T1	DBVPG3775_003007-T1
GF00000249	CHIFNET10NJ071_009550-T1	DBVPG3775_006121-T1
GF00000250	CHIFNET10NJ071_007526-T1	DBVPG3775_002557-T1
GF00000251	CHIFNET10NJ071_013521-T1	DBVPG3775_003601-T1
GF00000252	CHIFNET10NJ071_007898-T1	DBVPG3775_003187-T1
GF00000253	CHIFNET10NJ071_001410-T1	DBVPG3775_004275-T1
GF00000254	CHIFNET10NJ071_013775-T1	DBVPG3775_001256-T1
GF00000255	CHIFNET10NJ071_004359-T1	DBVPG3775_005820-T1
GF00000256	CHIFNET10NJ071_005681-T1	DBVPG3775_001813-T1
GF00000257	CHIFNET10NJ071_013168-T1	DBVPG3775_001830-T1
GF00000258	CHIFNET10NJ071_012060-T1	DBVPG3775_001535-T1
GF00000259	CHIFNET10NJ071_013424-T1	DBVPG3775_003466-T1
GF00000260	CHIFNET10NJ071_008271-T1	DBVPG3775_005215-T1
GF00000261	CHIFNET10NJ071_003564-T1	DBVPG3775_001266-T1
GF00000262	CHIFNET10NJ071_001990-T1	DBVPG3775_005645-T1
GF00000263	CHIFNET10NJ071_009785-T1	DBVPG3775_005638-T1
GF00000264	CHIFNET10NJ071_006971-T1	DBVPG3775_003646-T1
GF00000265	CHIFNET10NJ071_002053-T1	DBVPG3775_006047-T1
GF00000266	CHIFNET10NJ071_002061-T1	DBVPG3775_006039-T1
GF00000267	CHIFNET10NJ071_002086-T1	DBVPG3775_006924-T1
GF00000268	CHIFNET10NJ071_014283-T1	DBVPG3775_002595-T1
GF00000269	CHIFNET10NJ071_009615-T1	DBVPG3775_002585-T1
GF00000270	CHIFNET10NJ071_002653-T1	DBVPG3775_004462-T1
GF00000271	CHIFNET10NJ071_002550-T1	DBVPG3775_000249-T1
GF00000272	CHIFNET10NJ071_010585-T1	DBVPG3775_003471-T1
GF00000273	CHIFNET10NJ071_014196-T1	DBVPG3775_000234-T1
GF00000274	CHIFNET10NJ071_002613-T1	DBVPG3775_000179-T1
GF00000275	CHIFNET10NJ071_010916-T1	DBVPG3775_007059-T1
GF00000276	CHIFNET10NJ071_008893-T1	DBVPG3775_002301-T1
GF00000277	CHIFNET10NJ071_004498-T1	DBVPG3775_005856-T1
GF00000278	CHIFNET10NJ071_002836-T1	DBVPG3775_002256-T1
GF00000279	CHIFNET10NJ071_010213-T1	DBVPG3775_001377-T1
GF00000280	CHIFNET10NJ071_003033-T1	DBVPG3775_007517-T1
GF00000281	CHIFNET10NJ071_014241-T1	DBVPG3775_003223-T1
GF00000282	CHIFNET10NJ071_004121-T1	DBVPG3775_004876-T1
GF00000283	CHIFNET10NJ071_004929-T1	DBVPG3775_004633-T1
GF00000284	CHIFNET10NJ071_010727-T1	DBVPG3775_006252-T1
GF00000285	CHIFNET10NJ071_012157-T1	DBVPG3775_002159-T1
GF00000286	CHIFNET10NJ071_009594-T1	DBVPG3775_004253-T1
GF00000287	CHIFNET10NJ071_007394-T1	DBVPG3775_001297-T1
GF00000288	CHIFNET10NJ071_005070-T1	DBVPG3775_001321-T1
GF00000289	CHIFNET10NJ071_010539-T1	DBVPG3775_005924-T1
GF00000290	CHIFNET10NJ071_010550-T1	DBVPG3775_005915-T1
GF00000291	CHIFNET10NJ071_008794-T1	DBVPG3775_003267-T1
GF00000292	CHIFNET10NJ071_006938-T1	DBVPG3775_003612-T1
GF00000293	CHIFNET10NJ071_012452-T1	DBVPG3775_001049-T1
GF00000294	CHIFNET10NJ071_005983-T1	DBVPG3775_002756-T1
GF00000295	CHIFNET10NJ071_005992-T1	DBVPG3775_002749-T1
GF00000296	CHIFNET10NJ071_010435-T1	DBVPG3775_001380-T1
GF00000297	CHIFNET10NJ071_006446-T1	DBVPG3775_007395-T1
GF00000298	CHIFNET10NJ071_006886-T1	DBVPG3775_006896-T1
GF00000299	CHIFNET10NJ071_008921-T1	DBVPG3775_003643-T1
GF00000300	CHIFNET10NJ071_009091-T1	DBVPG3775_000345-T1
GF00000301	CHIFNET10NJ071_007545-T1	DBVPG3775_002575-T1
GF00000302	CHIFNET10NJ071_014505-T1	DBVPG3775_005145-T1
GF00000303	CHIFNET10NJ071_014246-T1	DBVPG3775_003218-T1
GF00000304	CHIFNET10NJ071_013698-T1	DBVPG3775_003236-T1
GF00000305	CHIFNET10NJ071_013130-T1	DBVPG3775_000730-T1
GF00000306	CHIFNET10NJ071_005217-T1	DBVPG3775_004116-T1
GF00000307	CHIFNET10NJ071_003383-T1	DBVPG3775_001728-T1
GF00000308	CHIFNET10NJ071_013984-T1	DBVPG3775_003315-T1
GF00000309	CHIFNET10NJ071_007928-T1	DBVPG3775_002165-T1
GF00000310	CHIFNET10NJ071_012715-T1	DBVPG3775_007359-T1
GF00000311	CHIFNET10NJ071_004711-T1	DBVPG3775_004888-T1
GF00000312	CHIFNET10NJ071_003708-T1	DBVPG3775_000953-T1
GF00000313	CHIFNET10NJ071_014295-T1	DBVPG3775_005426-T1
GF00000314	CHIFNET10NJ071_005845-T1	DBVPG3775_005847-T1
GF00000315	CHIFNET10NJ071_001016-T1	DBVPG3775_001117-T1
GF00000316	CHIFNET10NJ071_005438-T1	DBVPG3775_005491-T1
GF00000317	CHIFNET10NJ071_007856-T1	DBVPG3775_000878-T1
GF00000318	CHIFNET10NJ071_000173-T1	DBVPG3775_000876-T1
GF00000319	CHIFNET10NJ071_012229-T1	DBVPG3775_007207-T1
GF00000320	CHIFNET10NJ071_000193-T1	DBVPG3775_000855-T1
GF00000321	CHIFNET10NJ071_002080-T1	DBVPG3775_006931-T1
GF00000322	CHIFNET10NJ071_000477-T1	DBVPG3775_002530-T1
GF00000323	CHIFNET10NJ071_000238-T1	DBVPG3775_000811-T1
GF00000324	CHIFNET10NJ071_004262-T1	DBVPG3775_002822-T1
GF00000325	CHIFNET10NJ071_000259-T1	DBVPG3775_000790-T1
GF00000326	CHIFNET10NJ071_000271-T1	DBVPG3775_000778-T1
GF00000327	CHIFNET10NJ071_000286-T1	DBVPG3775_000763-T1
GF00000328	CHIFNET10NJ071_007464-T1	DBVPG3775_005952-T1
GF00000329	CHIFNET10NJ071_002200-T1	DBVPG3775_003782-T1
GF00000330	CHIFNET10NJ071_005688-T1	DBVPG3775_001806-T1
GF00000331	CHIFNET10NJ071_013554-T1	DBVPG3775_007425-T1
GF00000332	CHIFNET10NJ071_005320-T1	DBVPG3775_005888-T1
GF00000333	CHIFNET10NJ071_006706-T1	DBVPG3775_006968-T1
GF00000334	CHIFNET10NJ071_002243-T1	DBVPG3775_000003-T1
GF00000335	CHIFNET10NJ071_007446-T1	DBVPG3775_005969-T1
GF00000336	CHIFNET10NJ071_012359-T1	DBVPG3775_002405-T1
GF00000337	CHIFNET10NJ071_000371-T1	DBVPG3775_002427-T1
GF00000338	CHIFNET10NJ071_005569-T1	DBVPG3775_002458-T1
GF00000339	CHIFNET10NJ071_001446-T1	DBVPG3775_004306-T1
GF00000340	CHIFNET10NJ071_000429-T1	DBVPG3775_002484-T1
GF00000341	CHIFNET10NJ071_000431-T1	DBVPG3775_002486-T1
GF00000342	CHIFNET10NJ071_003836-T1	DBVPG3775_006501-T1
GF00000343	CHIFNET10NJ071_009420-T1	DBVPG3775_000546-T1
GF00000344	CHIFNET10NJ071_000450-T1	DBVPG3775_002504-T1
GF00000345	CHIFNET10NJ071_000468-T1	DBVPG3775_002521-T1
GF00000346	CHIFNET10NJ071_006361-T1	DBVPG3775_000508-T1
GF00000347	CHIFNET10NJ071_000494-T1	DBVPG3775_000500-T1
GF00000348	CHIFNET10NJ071_009417-T1	DBVPG3775_000543-T1
GF00000349	CHIFNET10NJ071_011962-T1	DBVPG3775_000692-T1
GF00000350	CHIFNET10NJ071_007161-T1	DBVPG3775_001887-T1
GF00000351	CHIFNET10NJ071_000578-T1	DBVPG3775_005310-T1
GF00000352	CHIFNET10NJ071_008897-T1	DBVPG3775_002296-T1
GF00000353	CHIFNET10NJ071_008598-T1	DBVPG3775_006786-T1
GF00000354	CHIFNET10NJ071_011093-T1	DBVPG3775_004459-T1
GF00000355	CHIFNET10NJ071_000593-T1	DBVPG3775_005323-T1
GF00000356	CHIFNET10NJ071_002912-T1	DBVPG3775_005621-T1
GF00000357	CHIFNET10NJ071_013231-T1	DBVPG3775_003964-T1
GF00000358	CHIFNET10NJ071_013155-T1	DBVPG3775_004575-T1
GF00000359	CHIFNET10NJ071_014637-T1	DBVPG3775_007577-T1
GF00000360	CHIFNET10NJ071_008007-T1	DBVPG3775_004377-T1
GF00000361	CHIFNET10NJ071_012483-T1	DBVPG3775_002992-T1
GF00000362	CHIFNET10NJ071_000692-T1	DBVPG3775_002978-T1
GF00000363	CHIFNET10NJ071_000724-T1	DBVPG3775_002947-T1
GF00000364	CHIFNET10NJ071_013390-T1	DBVPG3775_004482-T1
GF00000365	CHIFNET10NJ071_007991-T1	DBVPG3775_004387-T1
GF00000366	CHIFNET10NJ071_008970-T1	DBVPG3775_006556-T1
GF00000367	CHIFNET10NJ071_008969-T1	DBVPG3775_006555-T1
GF00000368	CHIFNET10NJ071_000833-T1	DBVPG3775_004558-T1
GF00000369	CHIFNET10NJ071_009010-T1	DBVPG3775_000699-T1
GF00000370	CHIFNET10NJ071_000841-T1	DBVPG3775_004566-T1
GF00000371	CHIFNET10NJ071_010225-T1	DBVPG3775_006519-T1
GF00000372	CHIFNET10NJ071_000861-T1	DBVPG3775_006523-T1
GF00000373	CHIFNET10NJ071_010231-T1	DBVPG3775_006525-T1
GF00000374	CHIFNET10NJ071_000865-T1	DBVPG3775_006528-T1
GF00000375	CHIFNET10NJ071_010007-T1	DBVPG3775_007250-T1
GF00000376	CHIFNET10NJ071_000917-T1	DBVPG3775_006737-T1
GF00000377	CHIFNET10NJ071_008758-T1	DBVPG3775_006738-T1
GF00000378	CHIFNET10NJ071_008761-T1	DBVPG3775_006741-T1
GF00000379	CHIFNET10NJ071_001160-T1	DBVPG3775_003065-T1
GF00000380	CHIFNET10NJ071_008106-T1	DBVPG3775_001936-T1
GF00000381	CHIFNET10NJ071_013519-T1	DBVPG3775_003599-T1
GF00000382	CHIFNET10NJ071_010473-T1	DBVPG3775_001949-T1
GF00000383	CHIFNET10NJ071_011699-T1	DBVPG3775_002111-T1
GF00000384	CHIFNET10NJ071_006279-T1	DBVPG3775_003968-T1
GF00000385	CHIFNET10NJ071_005274-T1	DBVPG3775_005932-T1
GF00000386	CHIFNET10NJ071_012513-T1	DBVPG3775_007570-T1
GF00000387	CHIFNET10NJ071_001146-T1	DBVPG3775_003051-T1
GF00000388	CHIFNET10NJ071_001166-T1	DBVPG3775_003071-T1
GF00000389	CHIFNET10NJ071_002961-T1	DBVPG3775_005572-T1
GF00000390	CHIFNET10NJ071_005105-T1	DBVPG3775_006582-T1
GF00000391	CHIFNET10NJ071_001193-T1	DBVPG3775_003098-T1
GF00000392	CHIFNET10NJ071_002895-T1	DBVPG3775_003156-T1
GF00000393	CHIFNET10NJ071_008828-T1	DBVPG3775_001414-T1
GF00000394	CHIFNET10NJ071_001296-T1	DBVPG3775_002694-T1
GF00000395	CHIFNET10NJ071_010101-T1	DBVPG3775_002690-T1
GF00000396	CHIFNET10NJ071_001319-T1	DBVPG3775_002672-T1
GF00000397	CHIFNET10NJ071_001325-T1	DBVPG3775_002667-T1
GF00000398	CHIFNET10NJ071_007563-T1	DBVPG3775_004998-T1
GF00000399	CHIFNET10NJ071_011493-T1	DBVPG3775_007364-T1
GF00000400	CHIFNET10NJ071_001367-T1	DBVPG3775_002626-T1
GF00000401	CHIFNET10NJ071_012425-T1	DBVPG3775_002625-T1
GF00000402	CHIFNET10NJ071_003532-T1	DBVPG3775_001991-T1
GF00000403	CHIFNET10NJ071_001383-T1	DBVPG3775_002610-T1
GF00000404	CHIFNET10NJ071_010847-T1	DBVPG3775_002606-T1
GF00000405	CHIFNET10NJ071_011449-T1	DBVPG3775_006147-T1
GF00000406	CHIFNET10NJ071_008632-T1	DBVPG3775_004294-T1
GF00000407	CHIFNET10NJ071_004171-T1	DBVPG3775_005097-T1
GF00000408	CHIFNET10NJ071_008649-T1	DBVPG3775_004311-T1
GF00000409	CHIFNET10NJ071_006126-T1	DBVPG3775_001584-T1
GF00000410	CHIFNET10NJ071_001477-T1	DBVPG3775_004342-T1
GF00000411	CHIFNET10NJ071_011707-T1	DBVPG3775_003386-T1
GF00000412	CHIFNET10NJ071_003256-T1	DBVPG3775_005842-T1
GF00000413	CHIFNET10NJ071_010067-T1	DBVPG3775_006062-T1
GF00000414	CHIFNET10NJ071_001521-T1	DBVPG3775_001751-T1
GF00000415	CHIFNET10NJ071_005700-T1	DBVPG3775_001792-T1
GF00000416	CHIFNET10NJ071_011083-T1	DBVPG3775_004449-T1
GF00000417	CHIFNET10NJ071_004511-T1	DBVPG3775_005869-T1
GF00000418	CHIFNET10NJ071_005677-T1	DBVPG3775_001816-T1
GF00000419	CHIFNET10NJ071_001577-T1	DBVPG3775_001818-T1
GF00000420	CHIFNET10NJ071_001604-T1	DBVPG3775_004602-T1
GF00000421	CHIFNET10NJ071_012630-T1	DBVPG3775_001855-T1
GF00000422	CHIFNET10NJ071_001631-T1	DBVPG3775_001554-T1
GF00000423	CHIFNET10NJ071_012408-T1	DBVPG3775_006814-T1
GF00000424	CHIFNET10NJ071_003299-T1	DBVPG3775_006493-T1
GF00000425	CHIFNET10NJ071_002977-T1	DBVPG3775_005556-T1
GF00000426	CHIFNET10NJ071_002541-T1	DBVPG3775_000257-T1
GF00000427	CHIFNET10NJ071_007470-T1	DBVPG3775_001454-T1
GF00000428	CHIFNET10NJ071_011554-T1	DBVPG3775_005238-T1
GF00000429	CHIFNET10NJ071_014133-T1	DBVPG3775_005159-T1
GF00000430	CHIFNET10NJ071_002473-T1	DBVPG3775_003895-T1
GF00000431	CHIFNET10NJ071_009210-T1	DBVPG3775_007135-T1
GF00000432	CHIFNET10NJ071_001934-T1	DBVPG3775_005703-T1
GF00000433	CHIFNET10NJ071_001935-T1	DBVPG3775_005702-T1
GF00000434	CHIFNET10NJ071_012924-T1	DBVPG3775_006009-T1
GF00000435	CHIFNET10NJ071_009051-T1	DBVPG3775_004019-T1
GF00000436	CHIFNET10NJ071_007123-T1	DBVPG3775_003302-T1
GF00000437	CHIFNET10NJ071_004497-T1	DBVPG3775_005855-T1
GF00000438	CHIFNET10NJ071_013724-T1	DBVPG3775_004702-T1
GF00000439	CHIFNET10NJ071_008614-T1	DBVPG3775_006802-T1
GF00000440	CHIFNET10NJ071_012919-T1	DBVPG3775_006014-T1
GF00000441	CHIFNET10NJ071_013191-T1	DBVPG3775_000900-T1
GF00000442	CHIFNET10NJ071_010049-T1	DBVPG3775_006082-T1
GF00000443	CHIFNET10NJ071_002124-T1	DBVPG3775_003708-T1
GF00000444	CHIFNET10NJ071_007445-T1	DBVPG3775_005970-T1
GF00000445	CHIFNET10NJ071_011535-T1	DBVPG3775_007375-T1
GF00000446	CHIFNET10NJ071_013022-T1	DBVPG3775_005054-T1
GF00000447	CHIFNET10NJ071_013019-T1	DBVPG3775_005051-T1
GF00000448	CHIFNET10NJ071_006497-T1	DBVPG3775_003755-T1
GF00000449	CHIFNET10NJ071_002207-T1	DBVPG3775_003789-T1
GF00000450	CHIFNET10NJ071_011215-T1	DBVPG3775_003800-T1
GF00000451	CHIFNET10NJ071_002249-T1	DBVPG3775_000155-T1
GF00000452	CHIFNET10NJ071_012663-T1	DBVPG3775_000019-T1
GF00000453	CHIFNET10NJ071_012655-T1	DBVPG3775_000027-T1
GF00000454	CHIFNET10NJ071_012654-T1	DBVPG3775_000028-T1
GF00000455	CHIFNET10NJ071_002906-T1	DBVPG3775_005626-T1
GF00000456	CHIFNET10NJ071_011266-T1	DBVPG3775_002071-T1
GF00000457	CHIFNET10NJ071_004942-T1	DBVPG3775_004646-T1
GF00000458	CHIFNET10NJ071_002387-T1	DBVPG3775_001675-T1
GF00000459	CHIFNET10NJ071_002320-T1	DBVPG3775_001740-T1
GF00000460	CHIFNET10NJ071_002342-T1	DBVPG3775_001718-T1
GF00000461	CHIFNET10NJ071_003405-T1	DBVPG3775_001706-T1
GF00000462	CHIFNET10NJ071_002370-T1	DBVPG3775_001692-T1
GF00000463	CHIFNET10NJ071_002374-T1	DBVPG3775_001688-T1
GF00000464	CHIFNET10NJ071_007060-T1	DBVPG3775_006362-T1
GF00000465	CHIFNET10NJ071_003435-T1	DBVPG3775_006809-T1
GF00000466	CHIFNET10NJ071_012684-T1	DBVPG3775_006021-T1
GF00000467	CHIFNET10NJ071_002405-T1	DBVPG3775_001657-T1
GF00000468	CHIFNET10NJ071_006432-T1	DBVPG3775_007410-T1
GF00000469	CHIFNET10NJ071_002434-T1	DBVPG3775_003856-T1
GF00000470	CHIFNET10NJ071_007629-T1	DBVPG3775_000400-T1
GF00000471	CHIFNET10NJ071_005369-T1	DBVPG3775_000105-T1
GF00000472	CHIFNET10NJ071_002480-T1	DBVPG3775_003902-T1
GF00000473	CHIFNET10NJ071_010514-T1	DBVPG3775_004887-T1
GF00000474	CHIFNET10NJ071_002530-T1	DBVPG3775_003952-T1
GF00000475	CHIFNET10NJ071_012999-T1	DBVPG3775_000254-T1
GF00000476	CHIFNET10NJ071_003626-T1	DBVPG3775_005531-T1
GF00000477	CHIFNET10NJ071_005511-T1	DBVPG3775_000395-T1
GF00000478	CHIFNET10NJ071_002647-T1	DBVPG3775_004469-T1
GF00000479	CHIFNET10NJ071_002688-T1	DBVPG3775_004423-T1
GF00000480	CHIFNET10NJ071_002702-T1	DBVPG3775_004409-T1
GF00000481	CHIFNET10NJ071_008003-T1	DBVPG3775_004381-T1
GF00000482	CHIFNET10NJ071_004052-T1	DBVPG3775_006283-T1
GF00000483	CHIFNET10NJ071_002795-T1	DBVPG3775_002216-T1
GF00000484	CHIFNET10NJ071_007021-T1	DBVPG3775_000451-T1
GF00000485	CHIFNET10NJ071_002846-T1	DBVPG3775_002266-T1
GF00000486	CHIFNET10NJ071_006654-T1	DBVPG3775_004931-T1
GF00000487	CHIFNET10NJ071_002861-T1	DBVPG3775_002281-T1
GF00000488	CHIFNET10NJ071_002890-T1	DBVPG3775_007344-T1
GF00000489	CHIFNET10NJ071_002898-T1	DBVPG3775_005633-T1
GF00000490	CHIFNET10NJ071_002954-T1	DBVPG3775_005578-T1
GF00000491	CHIFNET10NJ071_003879-T1	DBVPG3775_006459-T1
GF00000492	CHIFNET10NJ071_003025-T1	DBVPG3775_006643-T1
GF00000493	CHIFNET10NJ071_003757-T1	DBVPG3775_004756-T1
GF00000494	CHIFNET10NJ071_006703-T1	DBVPG3775_006965-T1
GF00000495	CHIFNET10NJ071_011200-T1	DBVPG3775_007010-T1
GF00000496	CHIFNET10NJ071_003961-T1	DBVPG3775_000701-T1
GF00000497	CHIFNET10NJ071_003067-T1	DBVPG3775_006988-T1
GF00000498	CHIFNET10NJ071_003080-T1	DBVPG3775_006976-T1
GF00000499	CHIFNET10NJ071_003151-T1	DBVPG3775_002907-T1
GF00000500	CHIFNET10NJ071_003838-T1	DBVPG3775_006499-T1
GF00000501	CHIFNET10NJ071_003311-T1	DBVPG3775_005355-T1
GF00000502	CHIFNET10NJ071_008466-T1	DBVPG3775_005411-T1
GF00000503	CHIFNET10NJ071_003318-T1	DBVPG3775_000120-T1
GF00000504	CHIFNET10NJ071_005051-T1	DBVPG3775_001296-T1
GF00000505	CHIFNET10NJ071_003806-T1	DBVPG3775_005379-T1
GF00000506	CHIFNET10NJ071_004598-T1	DBVPG3775_002056-T1
GF00000507	CHIFNET10NJ071_004600-T1	DBVPG3775_002054-T1
GF00000508	CHIFNET10NJ071_013680-T1	DBVPG3775_006399-T1
GF00000509	CHIFNET10NJ071_005392-T1	DBVPG3775_002024-T1
GF00000510	CHIFNET10NJ071_004650-T1	DBVPG3775_001995-T1
GF00000511	CHIFNET10NJ071_014577-T1	DBVPG3775_007566-T1
GF00000512	CHIFNET10NJ071_013825-T1	DBVPG3775_005945-T1
GF00000513	CHIFNET10NJ071_008231-T1	DBVPG3775_005533-T1
GF00000514	CHIFNET10NJ071_006830-T1	DBVPG3775_003407-T1
GF00000515	CHIFNET10NJ071_004021-T1	DBVPG3775_003688-T1
GF00000516	CHIFNET10NJ071_003741-T1	DBVPG3775_004737-T1
GF00000517	CHIFNET10NJ071_011004-T1	DBVPG3775_006116-T1
GF00000518	CHIFNET10NJ071_004185-T1	DBVPG3775_005084-T1
GF00000519	CHIFNET10NJ071_011158-T1	DBVPG3775_005967-T1
GF00000520	CHIFNET10NJ071_011504-T1	DBVPG3775_004784-T1
GF00000521	CHIFNET10NJ071_004803-T1	DBVPG3775_000966-T1
GF00000522	CHIFNET10NJ071_011147-T1	DBVPG3775_007189-T1
GF00000523	CHIFNET10NJ071_003907-T1	DBVPG3775_000649-T1
GF00000524	CHIFNET10NJ071_006441-T1	DBVPG3775_007400-T1
GF00000525	CHIFNET10NJ071_003911-T1	DBVPG3775_000653-T1
GF00000526	CHIFNET10NJ071_012374-T1	DBVPG3775_000675-T1
GF00000527	CHIFNET10NJ071_014567-T1	DBVPG3775_000693-T1
GF00000528	CHIFNET10NJ071_010625-T1	DBVPG3775_000703-T1
GF00000529	CHIFNET10NJ071_004093-T1	DBVPG3775_006325-T1
GF00000530	CHIFNET10NJ071_007948-T1	DBVPG3775_002145-T1
GF00000531	CHIFNET10NJ071_009730-T1	DBVPG3775_003589-T1
GF00000532	CHIFNET10NJ071_014606-T1	DBVPG3775_005129-T1
GF00000533	CHIFNET10NJ071_004146-T1	DBVPG3775_005122-T1
GF00000534	CHIFNET10NJ071_004152-T1	DBVPG3775_000263-T1
GF00000535	CHIFNET10NJ071_007508-T1	DBVPG3775_007520-T1
GF00000536	CHIFNET10NJ071_008388-T1	DBVPG3775_002156-T1
GF00000537	CHIFNET10NJ071_006925-T1	DBVPG3775_006857-T1
GF00000538	CHIFNET10NJ071_012308-T1	DBVPG3775_002716-T1
GF00000539	CHIFNET10NJ071_013964-T1	DBVPG3775_006947-T1
GF00000540	CHIFNET10NJ071_012609-T1	DBVPG3775_007378-T1
GF00000541	CHIFNET10NJ071_005818-T1	DBVPG3775_005873-T1
GF00000542	CHIFNET10NJ071_006548-T1	DBVPG3775_006453-T1
GF00000543	CHIFNET10NJ071_006736-T1	DBVPG3775_005938-T1
GF00000544	CHIFNET10NJ071_009697-T1	DBVPG3775_004832-T1
GF00000545	CHIFNET10NJ071_009680-T1	DBVPG3775_004847-T1
GF00000546	CHIFNET10NJ071_004686-T1	DBVPG3775_004865-T1
GF00000547	CHIFNET10NJ071_011531-T1	DBVPG3775_007371-T1
GF00000548	CHIFNET10NJ071_012436-T1	DBVPG3775_007188-T1
GF00000549	CHIFNET10NJ071_013314-T1	DBVPG3775_000282-T1
GF00000550	CHIFNET10NJ071_006172-T1	DBVPG3775_004672-T1
GF00000551	CHIFNET10NJ071_009311-T1	DBVPG3775_004155-T1
GF00000552	CHIFNET10NJ071_005768-T1	DBVPG3775_007418-T1
GF00000553	CHIFNET10NJ071_005125-T1	DBVPG3775_007427-T1
GF00000554	CHIFNET10NJ071_013610-T1	DBVPG3775_004819-T1
GF00000555	CHIFNET10NJ071_010131-T1	DBVPG3775_005745-T1
GF00000556	CHIFNET10NJ071_005219-T1	DBVPG3775_004114-T1
GF00000557	CHIFNET10NJ071_010913-T1	DBVPG3775_007056-T1
GF00000558	CHIFNET10NJ071_009462-T1	DBVPG3775_007079-T1
GF00000559	CHIFNET10NJ071_009723-T1	DBVPG3775_003596-T1
GF00000560	CHIFNET10NJ071_008209-T1	DBVPG3775_000094-T1
GF00000561	CHIFNET10NJ071_014405-T1	DBVPG3775_007354-T1
GF00000562	CHIFNET10NJ071_005601-T1	DBVPG3775_003537-T1
GF00000563	CHIFNET10NJ071_005942-T1	DBVPG3775_004230-T1
GF00000564	CHIFNET10NJ071_012456-T1	DBVPG3775_001045-T1
GF00000565	CHIFNET10NJ071_007506-T1	DBVPG3775_007522-T1
GF00000566	CHIFNET10NJ071_006108-T1	DBVPG3775_001602-T1
GF00000567	CHIFNET10NJ071_006236-T1	DBVPG3775_006810-T1
GF00000568	CHIFNET10NJ071_008624-T1	DBVPG3775_006812-T1
GF00000569	CHIFNET10NJ071_014091-T1	DBVPG3775_007433-T1
GF00000570	CHIFNET10NJ071_006325-T1	DBVPG3775_000577-T1
GF00000571	CHIFNET10NJ071_007144-T1	DBVPG3775_003282-T1
GF00000572	CHIFNET10NJ071_006687-T1	DBVPG3775_007398-T1
GF00000573	CHIFNET10NJ071_006819-T1	DBVPG3775_003396-T1
GF00000574	CHIFNET10NJ071_010013-T1	DBVPG3775_007256-T1
GF00000575	CHIFNET10NJ071_012704-T1	DBVPG3775_006371-T1
GF00000576	CHIFNET10NJ071_007093-T1	DBVPG3775_006397-T1
GF00000577	CHIFNET10NJ071_007112-T1	DBVPG3775_003312-T1
GF00000578	CHIFNET10NJ071_008783-T1	DBVPG3775_003257-T1
GF00000579	CHIFNET10NJ071_013851-T1	DBVPG3775_000268-T1
GF00000580	CHIFNET10NJ071_011437-T1	DBVPG3775_006842-T1
GF00000581	CHIFNET10NJ071_007432-T1	DBVPG3775_005986-T1
GF00000582	CHIFNET10NJ071_007543-T1	DBVPG3775_002573-T1
GF00000583	CHIFNET10NJ071_007875-T1	DBVPG3775_003215-T1
GF00000584	CHIFNET10NJ071_007933-T1	DBVPG3775_002157-T1
GF00000585	CHIFNET10NJ071_008568-T1	DBVPG3775_000605-T1
GF00000586	CHIFNET10NJ071_008850-T1	DBVPG3775_003261-T1
GF00000587	CHIFNET10NJ071_008946-T1	DBVPG3775_003671-T1
GF00000588	CHIFNET10NJ071_010433-T1	DBVPG3775_001376-T1
GF00000589	CHIFNET10NJ071_014625-T1	DBVPG3775_000346-T1
GF00000590	CHIFNET10NJ071_009061-T1	DBVPG3775_004009-T1
GF00000591	CHIFNET10NJ071_009236-T1	DBVPG3775_007021-T1
GF00000592	CHIFNET10NJ071_011360-T1	DBVPG3775_004167-T1
GF00000593	CHIFNET10NJ071_009994-T1	DBVPG3775_007236-T1
GF00000594	CHIFNET10NJ071_011017-T1	DBVPG3775_006176-T1
GF00000595	CHIFNET10NJ071_011717-T1	DBVPG3775_003375-T1
GF00000596	CHIFNET10NJ071_011774-T1	DBVPG3775_005541-T1
GF00000597	CHIFNET10NJ071_011852-T1	DBVPG3775_007293-T1
GF00000598	CHIFNET10NJ071_012799-T1	DBVPG3775_002866-T1
GF00000599	CHIFNET10NJ071_013440-T1	DBVPG3775_000733-T1
GF00000600		DBVPG3775_004960-T1
GF00000601	CHIFNET10NJ071_014259-T1	DBVPG3775_001245-T1
GF00000602	CHIFNET10NJ071_004638-T1	DBVPG3775_002006-T1
GF00000603	CHIFNET10NJ071_000119-T1	DBVPG3775_001126-T1
GF00000604	CHIFNET10NJ071_000138-T1	DBVPG3775_001106-T1
GF00000605	CHIFNET10NJ071_000178-T1	DBVPG3775_000871-T1
GF00000606	CHIFNET10NJ071_014554-T1	DBVPG3775_007595-T1
GF00000607	CHIFNET10NJ071_009822-T1	DBVPG3775_000836-T1
GF00000608	CHIFNET10NJ071_000257-T1	DBVPG3775_000792-T1
GF00000609	CHIFNET10NJ071_008044-T1	DBVPG3775_004968-T1
GF00000610	CHIFNET10NJ071_004861-T1	DBVPG3775_005476-T1
GF00000611	CHIFNET10NJ071_004794-T1	DBVPG3775_002379-T1
GF00000612	CHIFNET10NJ071_013354-T1	DBVPG3775_002398-T1
GF00000613	CHIFNET10NJ071_000343-T1	DBVPG3775_002399-T1
GF00000614	CHIFNET10NJ071_012349-T1	DBVPG3775_002416-T1
GF00000615	CHIFNET10NJ071_008810-T1	DBVPG3775_001432-T1
GF00000616	CHIFNET10NJ071_000392-T1	DBVPG3775_002448-T1
GF00000617	CHIFNET10NJ071_000437-T1	DBVPG3775_002492-T1
GF00000618	CHIFNET10NJ071_007190-T1	DBVPG3775_005273-T1
GF00000619	CHIFNET10NJ071_000549-T1	DBVPG3775_005278-T1
GF00000620	CHIFNET10NJ071_010887-T1	DBVPG3775_003027-T1
GF00000621	CHIFNET10NJ071_000653-T1	DBVPG3775_006693-T1
GF00000622	CHIFNET10NJ071_000668-T1	DBVPG3775_003003-T1
GF00000623	CHIFNET10NJ071_010046-T1	DBVPG3775_003559-T1
GF00000624	CHIFNET10NJ071_012395-T1	DBVPG3775_007179-T1
GF00000625	CHIFNET10NJ071_000685-T1	DBVPG3775_006573-T1
GF00000626	CHIFNET10NJ071_004607-T1	DBVPG3775_006669-T1
GF00000627	CHIFNET10NJ071_000696-T1	DBVPG3775_002975-T1
GF00000628	CHIFNET10NJ071_000745-T1	DBVPG3775_004504-T1
GF00000629	CHIFNET10NJ071_000759-T1	DBVPG3775_004488-T1
GF00000630	CHIFNET10NJ071_000853-T1	DBVPG3775_006515-T1
GF00000631	CHIFNET10NJ071_000988-T1	DBVPG3775_001955-T1
GF00000632	CHIFNET10NJ071_001199-T1	DBVPG3775_003104-T1
GF00000633	CHIFNET10NJ071_013290-T1	DBVPG3775_003149-T1
GF00000634	CHIFNET10NJ071_004372-T1	DBVPG3775_006277-T1
GF00000635	CHIFNET10NJ071_011786-T1	DBVPG3775_002700-T1
GF00000636	CHIFNET10NJ071_010207-T1	DBVPG3775_001367-T1
GF00000637	CHIFNET10NJ071_010845-T1	DBVPG3775_002609-T1
GF00000638	CHIFNET10NJ071_011263-T1	DBVPG3775_002074-T1
GF00000639	CHIFNET10NJ071_008662-T1	DBVPG3775_004325-T1
GF00000640	CHIFNET10NJ071_001480-T1	DBVPG3775_004347-T1
GF00000641	CHIFNET10NJ071_005718-T1	DBVPG3775_001772-T1
GF00000642	CHIFNET10NJ071_013587-T1	DBVPG3775_002569-T1
GF00000643	CHIFNET10NJ071_008319-T1	DBVPG3775_005771-T1
GF00000644	CHIFNET10NJ071_012280-T1	DBVPG3775_001507-T1
GF00000645	CHIFNET10NJ071_010508-T1	DBVPG3775_004896-T1
GF00000646	CHIFNET10NJ071_008809-T1	DBVPG3775_001433-T1
GF00000647	CHIFNET10NJ071_001804-T1	DBVPG3775_005213-T1
GF00000648	CHIFNET10NJ071_001812-T1	DBVPG3775_001264-T1
GF00000649	CHIFNET10NJ071_001857-T1	DBVPG3775_005158-T1
GF00000650	CHIFNET10NJ071_009187-T1	DBVPG3775_007157-T1
GF00000651	CHIFNET10NJ071_011105-T1	DBVPG3775_004472-T1
GF00000652	CHIFNET10NJ071_007764-T1	DBVPG3775_005721-T1
GF00000653	CHIFNET10NJ071_001979-T1	DBVPG3775_005656-T1
GF00000654	CHIFNET10NJ071_002004-T1	DBVPG3775_007285-T1
GF00000655	CHIFNET10NJ071_011416-T1	DBVPG3775_007277-T1
GF00000656	CHIFNET10NJ071_011403-T1	DBVPG3775_007265-T1
GF00000657	CHIFNET10NJ071_002088-T1	DBVPG3775_006922-T1
GF00000658	CHIFNET10NJ071_011742-T1	DBVPG3775_006913-T1
GF00000659	CHIFNET10NJ071_004028-T1	DBVPG3775_003697-T1
GF00000660	CHIFNET10NJ071_002120-T1	DBVPG3775_003703-T1
GF00000661	CHIFNET10NJ071_006016-T1	DBVPG3775_002723-T1
GF00000662	CHIFNET10NJ071_002190-T1	DBVPG3775_003774-T1
GF00000663	CHIFNET10NJ071_011231-T1	DBVPG3775_003783-T1
GF00000664	CHIFNET10NJ071_002219-T1	DBVPG3775_003802-T1
GF00000665	CHIFNET10NJ071_005883-T1	DBVPG3775_000058-T1
GF00000666	CHIFNET10NJ071_002624-T1	DBVPG3775_000168-T1
GF00000667	CHIFNET10NJ071_002675-T1	DBVPG3775_004436-T1
GF00000668	CHIFNET10NJ071_002681-T1	DBVPG3775_004430-T1
GF00000669	CHIFNET10NJ071_004877-T1	DBVPG3775_002201-T1
GF00000670	CHIFNET10NJ071_002785-T1	DBVPG3775_002202-T1
GF00000671	CHIFNET10NJ071_004851-T1	DBVPG3775_002224-T1
GF00000672	CHIFNET10NJ071_004838-T1	DBVPG3775_002239-T1
GF00000673	CHIFNET10NJ071_011186-T1	DBVPG3775_007548-T1
GF00000674	CHIFNET10NJ071_003077-T1	DBVPG3775_006979-T1
GF00000675	CHIFNET10NJ071_003081-T1	DBVPG3775_006456-T1
GF00000676	CHIFNET10NJ071_003185-T1	DBVPG3775_004034-T1
GF00000677	CHIFNET10NJ071_012214-T1	DBVPG3775_002895-T1
GF00000678	CHIFNET10NJ071_003225-T1	DBVPG3775_004072-T1
GF00000679	CHIFNET10NJ071_003853-T1	DBVPG3775_006485-T1
GF00000680	CHIFNET10NJ071_003496-T1	DBVPG3775_002028-T1
GF00000681	CHIFNET10NJ071_003571-T1	DBVPG3775_005474-T1
GF00000682	CHIFNET10NJ071_005459-T1	DBVPG3775_005512-T1
GF00000683	CHIFNET10NJ071_003661-T1	DBVPG3775_000934-T1
GF00000684	CHIFNET10NJ071_003733-T1	DBVPG3775_004722-T1
GF00000685	CHIFNET10NJ071_003736-T1	DBVPG3775_004725-T1
GF00000686	CHIFNET10NJ071_003773-T1	DBVPG3775_004774-T1
GF00000687	CHIFNET10NJ071_003778-T1	DBVPG3775_004783-T1
GF00000688	CHIFNET10NJ071_003790-T1	DBVPG3775_004797-T1
GF00000689	CHIFNET10NJ071_011636-T1	DBVPG3775_000625-T1
GF00000690	CHIFNET10NJ071_003893-T1	DBVPG3775_000635-T1
GF00000691	CHIFNET10NJ071_003954-T1	DBVPG3775_000695-T1
GF00000692	CHIFNET10NJ071_003965-T1	DBVPG3775_000704-T1
GF00000693	CHIFNET10NJ071_004018-T1	DBVPG3775_005043-T1
GF00000694	CHIFNET10NJ071_004055-T1	DBVPG3775_006286-T1
GF00000695	CHIFNET10NJ071_007711-T1	DBVPG3775_005130-T1
GF00000696	CHIFNET10NJ071_006726-T1	DBVPG3775_006406-T1
GF00000697	CHIFNET10NJ071_013542-T1	DBVPG3775_006939-T1
GF00000698	CHIFNET10NJ071_004590-T1	DBVPG3775_006955-T1
GF00000699	CHIFNET10NJ071_004474-T1	DBVPG3775_005833-T1
GF00000700	CHIFNET10NJ071_005038-T1	DBVPG3775_001280-T1
GF00000701	CHIFNET10NJ071_005817-T1	DBVPG3775_005874-T1
GF00000702	CHIFNET10NJ071_010523-T1	DBVPG3775_004878-T1
GF00000703	CHIFNET10NJ071_010512-T1	DBVPG3775_004890-T1
GF00000704	CHIFNET10NJ071_007335-T1	DBVPG3775_004613-T1
GF00000705	CHIFNET10NJ071_004923-T1	DBVPG3775_004627-T1
GF00000706	CHIFNET10NJ071_005061-T1	DBVPG3775_001306-T1
GF00000707	CHIFNET10NJ071_014183-T1	DBVPG3775_006594-T1
GF00000708	CHIFNET10NJ071_005126-T1	DBVPG3775_007428-T1
GF00000709	CHIFNET10NJ071_008297-T1	DBVPG3775_005793-T1
GF00000710	CHIFNET10NJ071_011011-T1	DBVPG3775_006181-T1
GF00000711	CHIFNET10NJ071_013738-T1	DBVPG3775_007537-T1
GF00000712	CHIFNET10NJ071_008173-T1	DBVPG3775_000131-T1
GF00000713	CHIFNET10NJ071_005464-T1	DBVPG3775_000347-T1
GF00000714	CHIFNET10NJ071_013878-T1	DBVPG3775_006548-T1
GF00000715	CHIFNET10NJ071_005906-T1	DBVPG3775_004199-T1
GF00000716	CHIFNET10NJ071_008490-T1	DBVPG3775_002760-T1
GF00000717	CHIFNET10NJ071_006105-T1	DBVPG3775_001606-T1
GF00000718	CHIFNET10NJ071_006250-T1	DBVPG3775_007439-T1
GF00000719	CHIFNET10NJ071_006270-T1	DBVPG3775_006639-T1
GF00000720	CHIFNET10NJ071_011290-T1	DBVPG3775_006162-T1
GF00000721	CHIFNET10NJ071_008938-T1	DBVPG3775_003663-T1
GF00000722	CHIFNET10NJ071_011662-T1	DBVPG3775_006347-T1
GF00000723	CHIFNET10NJ071_007062-T1	DBVPG3775_006364-T1
GF00000724	CHIFNET10NJ071_007101-T1	DBVPG3775_003324-T1
GF00000725	CHIFNET10NJ071_011156-T1	DBVPG3775_005964-T1
GF00000726	CHIFNET10NJ071_007670-T1	DBVPG3775_003994-T1
GF00000727	CHIFNET10NJ071_007671-T1	DBVPG3775_003992-T1
GF00000728	CHIFNET10NJ071_007682-T1	DBVPG3775_003982-T1
GF00000729	CHIFNET10NJ071_007869-T1	DBVPG3775_003205-T1
GF00000730	CHIFNET10NJ071_013356-T1	DBVPG3775_002138-T1
GF00000731	CHIFNET10NJ071_010453-T1	DBVPG3775_003343-T1
GF00000732	CHIFNET10NJ071_010035-T1	DBVPG3775_003569-T1
GF00000733	CHIFNET10NJ071_008565-T1	DBVPG3775_000608-T1
GF00000734	CHIFNET10NJ071_013758-T1	DBVPG3775_000596-T1
GF00000735	CHIFNET10NJ071_012979-T1	DBVPG3775_003249-T1
GF00000736	CHIFNET10NJ071_008856-T1	DBVPG3775_003268-T1
GF00000737	CHIFNET10NJ071_009336-T1	DBVPG3775_004179-T1
GF00000738	CHIFNET10NJ071_009426-T1	DBVPG3775_000553-T1
GF00000739	CHIFNET10NJ071_009560-T1	DBVPG3775_006108-T1
GF00000740	CHIFNET10NJ071_009597-T1	DBVPG3775_005534-T1
GF00000741	CHIFNET10NJ071_014640-T1	DBVPG3775_001619-T1
GF00000742	CHIFNET10NJ071_010392-T1	DBVPG3775_001623-T1
GF00000743	CHIFNET10NJ071_010386-T1	DBVPG3775_001630-T1
GF00000744	CHIFNET10NJ071_010399-T1	DBVPG3775_001343-T1
GF00000745	CHIFNET10NJ071_010584-T1	DBVPG3775_003470-T1
GF00000746	CHIFNET10NJ071_010821-T1	DBVPG3775_000261-T1
GF00000747	CHIFNET10NJ071_011300-T1	DBVPG3775_006151-T1
GF00000748	CHIFNET10NJ071_011547-T1	DBVPG3775_007388-T1
GF00000749	CHIFNET10NJ071_013601-T1	DBVPG3775_004829-T1
GF00000750	CHIFNET10NJ071_013009-T1	DBVPG3775_006767-T1
GF00000751	CHIFNET10NJ071_011878-T1	DBVPG3775_006753-T1
GF00000752	CHIFNET10NJ071_013942-T1	DBVPG3775_006006-T1
GF00000753	CHIFNET10NJ071_013411-T1	DBVPG3775_007335-T1
GF00000754	CHIFNET10NJ071_013736-T1	DBVPG3775_007561-T1
GF00000755	CHIFNET10NJ071_000019-T1	DBVPG3775_001231-T1
GF00000756	CHIFNET10NJ071_000047-T1	DBVPG3775_001201-T1
GF00000757	CHIFNET10NJ071_001074-T1	DBVPG3775_001176-T1
GF00000758	CHIFNET10NJ071_006439-T1	DBVPG3775_007402-T1
GF00000759	CHIFNET10NJ071_001766-T1	DBVPG3775_001440-T1
GF00000760	CHIFNET10NJ071_001063-T1	DBVPG3775_001165-T1
GF00000761	CHIFNET10NJ071_008430-T1	DBVPG3775_005424-T1
GF00000762	CHIFNET10NJ071_004210-T1	DBVPG3775_001094-T1
GF00000763	CHIFNET10NJ071_000154-T1	DBVPG3775_000208-T1
GF00000764	CHIFNET10NJ071_000159-T1	DBVPG3775_001083-T1
GF00000765	CHIFNET10NJ071_010971-T1	DBVPG3775_007226-T1
GF00000766	CHIFNET10NJ071_000194-T1	DBVPG3775_000854-T1
GF00000767	CHIFNET10NJ071_000202-T1	DBVPG3775_000846-T1
GF00000768	CHIFNET10NJ071_000204-T1	DBVPG3775_000845-T1
GF00000769	CHIFNET10NJ071_000245-T1	DBVPG3775_000803-T1
GF00000770	CHIFNET10NJ071_000265-T1	DBVPG3775_000784-T1
GF00000771	CHIFNET10NJ071_000290-T1	DBVPG3775_000759-T1
GF00000772	CHIFNET10NJ071_000320-T1	DBVPG3775_002377-T1
GF00000773	CHIFNET10NJ071_000373-T1	DBVPG3775_002429-T1
GF00000774	CHIFNET10NJ071_000383-T1	DBVPG3775_002439-T1
GF00000775	CHIFNET10NJ071_000384-T1	DBVPG3775_002440-T1
GF00000776	CHIFNET10NJ071_014180-T1	DBVPG3775_002441-T1
GF00000777	CHIFNET10NJ071_014179-T1	DBVPG3775_002442-T1
GF00000778	CHIFNET10NJ071_014177-T1	DBVPG3775_002443-T1
GF00000779	CHIFNET10NJ071_014175-T1	DBVPG3775_002445-T1
GF00000780	CHIFNET10NJ071_006372-T1	DBVPG3775_002447-T1
GF00000781	CHIFNET10NJ071_006369-T1	DBVPG3775_002449-T1
GF00000782	CHIFNET10NJ071_000394-T1	DBVPG3775_002450-T1
GF00000783	CHIFNET10NJ071_006367-T1	DBVPG3775_002451-T1
GF00000784	CHIFNET10NJ071_006366-T1	DBVPG3775_002452-T1
GF00000785	CHIFNET10NJ071_000466-T1	DBVPG3775_002519-T1
GF00000786	CHIFNET10NJ071_000504-T1	DBVPG3775_000490-T1
GF00000787	CHIFNET10NJ071_007191-T1	DBVPG3775_005275-T1
GF00000788	CHIFNET10NJ071_000561-T1	DBVPG3775_005290-T1
GF00000789	CHIFNET10NJ071_000620-T1	DBVPG3775_005350-T1
GF00000790	CHIFNET10NJ071_013148-T1	DBVPG3775_003045-T1
GF00000791	CHIFNET10NJ071_000640-T1	DBVPG3775_003031-T1
GF00000792	CHIFNET10NJ071_013232-T1	DBVPG3775_003965-T1
GF00000793	CHIFNET10NJ071_000664-T1	DBVPG3775_003006-T1
GF00000794	CHIFNET10NJ071_000666-T1	DBVPG3775_002652-T1
GF00000795	CHIFNET10NJ071_014362-T1	DBVPG3775_003000-T1
GF00000796	CHIFNET10NJ071_000673-T1	DBVPG3775_002998-T1
GF00000797	CHIFNET10NJ071_003768-T1	DBVPG3775_004769-T1
GF00000798	CHIFNET10NJ071_000728-T1	DBVPG3775_002943-T1
GF00000799	CHIFNET10NJ071_007504-T1	DBVPG3775_007524-T1
GF00000800	CHIFNET10NJ071_003116-T1	DBVPG3775_002940-T1
GF00000801	CHIFNET10NJ071_003132-T1	DBVPG3775_002925-T1
GF00000802	CHIFNET10NJ071_003813-T1	DBVPG3775_005372-T1
GF00000803	CHIFNET10NJ071_000750-T1	DBVPG3775_002924-T1
GF00000804	CHIFNET10NJ071_003136-T1	DBVPG3775_002922-T1
GF00000805	CHIFNET10NJ071_000755-T1	DBVPG3775_004484-T1
GF00000806	CHIFNET10NJ071_013383-T1	DBVPG3775_004491-T1
GF00000807	CHIFNET10NJ071_010699-T1	DBVPG3775_004523-T1
GF00000808	CHIFNET10NJ071_000820-T1	DBVPG3775_004546-T1
GF00000809	CHIFNET10NJ071_009374-T1	DBVPG3775_004550-T1
GF00000810	CHIFNET10NJ071_013166-T1	DBVPG3775_001828-T1
GF00000811	CHIFNET10NJ071_000842-T1	DBVPG3775_004567-T1
GF00000812	CHIFNET10NJ071_000843-T1	DBVPG3775_004568-T1
GF00000813	CHIFNET10NJ071_010243-T1	DBVPG3775_006537-T1
GF00000814	CHIFNET10NJ071_000907-T1	DBVPG3775_006725-T1
GF00000815	CHIFNET10NJ071_008065-T1	DBVPG3775_001895-T1
GF00000816	CHIFNET10NJ071_004882-T1	DBVPG3775_002196-T1
GF00000817	CHIFNET10NJ071_004646-T1	DBVPG3775_001998-T1
GF00000818	CHIFNET10NJ071_003547-T1	DBVPG3775_001976-T1
GF00000819	CHIFNET10NJ071_008367-T1	DBVPG3775_003080-T1
GF00000820	CHIFNET10NJ071_001187-T1	DBVPG3775_003092-T1
GF00000821	CHIFNET10NJ071_001225-T1	DBVPG3775_003132-T1
GF00000822	CHIFNET10NJ071_001258-T1	DBVPG3775_003166-T1
GF00000823	CHIFNET10NJ071_001302-T1	DBVPG3775_002688-T1
GF00000824	CHIFNET10NJ071_001309-T1	DBVPG3775_002681-T1
GF00000825	CHIFNET10NJ071_009662-T1	DBVPG3775_002668-T1
GF00000826	CHIFNET10NJ071_001334-T1	DBVPG3775_002658-T1
GF00000827	CHIFNET10NJ071_001343-T1	DBVPG3775_002649-T1
GF00000828	CHIFNET10NJ071_014126-T1	DBVPG3775_002642-T1
GF00000829	CHIFNET10NJ071_001356-T1	DBVPG3775_002637-T1
GF00000830	CHIFNET10NJ071_009871-T1	DBVPG3775_007099-T1
GF00000831	CHIFNET10NJ071_001359-T1	DBVPG3775_002634-T1
GF00000832	CHIFNET10NJ071_001391-T1	DBVPG3775_002602-T1
GF00000833	CHIFNET10NJ071_001394-T1	DBVPG3775_002600-T1
GF00000834	CHIFNET10NJ071_001403-T1	DBVPG3775_004268-T1
GF00000835	CHIFNET10NJ071_011902-T1	DBVPG3775_004276-T1
GF00000836	CHIFNET10NJ071_008663-T1	DBVPG3775_004326-T1
GF00000837	CHIFNET10NJ071_008667-T1	DBVPG3775_004331-T1
GF00000838	CHIFNET10NJ071_001473-T1	DBVPG3775_004338-T1
GF00000839	CHIFNET10NJ071_002839-T1	DBVPG3775_002259-T1
GF00000840	CHIFNET10NJ071_001574-T1	DBVPG3775_001815-T1
GF00000841	CHIFNET10NJ071_001707-T1	DBVPG3775_001497-T1
GF00000842	CHIFNET10NJ071_001731-T1	DBVPG3775_001476-T1
GF00000843	CHIFNET10NJ071_010097-T1	DBVPG3775_001466-T1
GF00000844	CHIFNET10NJ071_001762-T1	DBVPG3775_001443-T1
GF00000845	CHIFNET10NJ071_008801-T1	DBVPG3775_001441-T1
GF00000846	CHIFNET10NJ071_001788-T1	DBVPG3775_006576-T1
GF00000847	CHIFNET10NJ071_001800-T1	DBVPG3775_005217-T1
GF00000848	CHIFNET10NJ071_008686-T1	DBVPG3775_005197-T1
GF00000849	CHIFNET10NJ071_001853-T1	DBVPG3775_005162-T1
GF00000850	CHIFNET10NJ071_001862-T1	DBVPG3775_005153-T1
GF00000851	CHIFNET10NJ071_001864-T1	DBVPG3775_005151-T1
GF00000852	CHIFNET10NJ071_013955-T1	DBVPG3775_004480-T1
GF00000853	CHIFNET10NJ071_001992-T1	DBVPG3775_005643-T1
GF00000854	CHIFNET10NJ071_010074-T1	DBVPG3775_006055-T1
GF00000855	CHIFNET10NJ071_008273-T1	DBVPG3775_006032-T1
GF00000856	CHIFNET10NJ071_004024-T1	DBVPG3775_003693-T1
GF00000857	CHIFNET10NJ071_004026-T1	DBVPG3775_003695-T1
GF00000858	CHIFNET10NJ071_002152-T1	DBVPG3775_003736-T1
GF00000859	CHIFNET10NJ071_012061-T1	DBVPG3775_003762-T1
GF00000860	CHIFNET10NJ071_009484-T1	DBVPG3775_000001-T1
GF00000861	CHIFNET10NJ071_009479-T1	DBVPG3775_000006-T1
GF00000862	CHIFNET10NJ071_004614-T1	DBVPG3775_002031-T1
GF00000863	CHIFNET10NJ071_002347-T1	DBVPG3775_001713-T1
GF00000864	CHIFNET10NJ071_002324-T1	DBVPG3775_001736-T1
GF00000865	CHIFNET10NJ071_009709-T1	DBVPG3775_003848-T1
GF00000866	CHIFNET10NJ071_002428-T1	DBVPG3775_003850-T1
GF00000867	CHIFNET10NJ071_012041-T1	DBVPG3775_000576-T1
GF00000868	CHIFNET10NJ071_002482-T1	DBVPG3775_003904-T1
GF00000869	CHIFNET10NJ071_012074-T1	DBVPG3775_003922-T1
GF00000870	CHIFNET10NJ071_011335-T1	DBVPG3775_003930-T1
GF00000871	CHIFNET10NJ071_002546-T1	DBVPG3775_000252-T1
GF00000872	CHIFNET10NJ071_005019-T1	DBVPG3775_000160-T1
GF00000873	CHIFNET10NJ071_002643-T1	DBVPG3775_000149-T1
GF00000874	CHIFNET10NJ071_011088-T1	DBVPG3775_004454-T1
GF00000875	CHIFNET10NJ071_002682-T1	DBVPG3775_004429-T1
GF00000876	CHIFNET10NJ071_002697-T1	DBVPG3775_004414-T1
GF00000877	CHIFNET10NJ071_002709-T1	DBVPG3775_004402-T1
GF00000878	CHIFNET10NJ071_002729-T1	DBVPG3775_004384-T1
GF00000879	CHIFNET10NJ071_002775-T1	DBVPG3775_002195-T1
GF00000880	CHIFNET10NJ071_004814-T1	DBVPG3775_002264-T1
GF00000881	CHIFNET10NJ071_002854-T1	DBVPG3775_002274-T1
GF00000882	CHIFNET10NJ071_009286-T1	DBVPG3775_005622-T1
GF00000883	CHIFNET10NJ071_002970-T1	DBVPG3775_005563-T1
GF00000884	CHIFNET10NJ071_002987-T1	DBVPG3775_005670-T1
GF00000885	CHIFNET10NJ071_003019-T1	DBVPG3775_006665-T1
GF00000886	CHIFNET10NJ071_003044-T1	DBVPG3775_007011-T1
GF00000887	CHIFNET10NJ071_003055-T1	DBVPG3775_007000-T1
GF00000888	CHIFNET10NJ071_006572-T1	DBVPG3775_006983-T1
GF00000889	CHIFNET10NJ071_003149-T1	DBVPG3775_002909-T1
GF00000890	CHIFNET10NJ071_003156-T1	DBVPG3775_002900-T1
GF00000891	CHIFNET10NJ071_012213-T1	DBVPG3775_002894-T1
GF00000892	CHIFNET10NJ071_003164-T1	DBVPG3775_002892-T1
GF00000893	CHIFNET10NJ071_003190-T1	DBVPG3775_004039-T1
GF00000894	CHIFNET10NJ071_003197-T1	DBVPG3775_004045-T1
GF00000895	CHIFNET10NJ071_003301-T1	DBVPG3775_006495-T1
GF00000896	CHIFNET10NJ071_006166-T1	DBVPG3775_004667-T1
GF00000897	CHIFNET10NJ071_003350-T1	DBVPG3775_005410-T1
GF00000898	CHIFNET10NJ071_003377-T1	DBVPG3775_005419-T1
GF00000899	CHIFNET10NJ071_003469-T1	DBVPG3775_002065-T1
GF00000900	CHIFNET10NJ071_003492-T1	DBVPG3775_002032-T1
GF00000901	CHIFNET10NJ071_005333-T1	DBVPG3775_000141-T1
GF00000902	CHIFNET10NJ071_003570-T1	DBVPG3775_005472-T1
GF00000903	CHIFNET10NJ071_005447-T1	DBVPG3775_005500-T1
GF00000904	CHIFNET10NJ071_003658-T1	DBVPG3775_000937-T1
GF00000905	CHIFNET10NJ071_013197-T1	DBVPG3775_000931-T1
GF00000906	CHIFNET10NJ071_003727-T1	DBVPG3775_004716-T1
GF00000907	CHIFNET10NJ071_011507-T1	DBVPG3775_004731-T1
GF00000908	CHIFNET10NJ071_011510-T1	DBVPG3775_004792-T1
GF00000909	CHIFNET10NJ071_011520-T1	DBVPG3775_004802-T1
GF00000910	CHIFNET10NJ071_011637-T1	DBVPG3775_000624-T1
GF00000911	CHIFNET10NJ071_003887-T1	DBVPG3775_000629-T1
GF00000912	CHIFNET10NJ071_003889-T1	DBVPG3775_000631-T1
GF00000913	CHIFNET10NJ071_003923-T1	DBVPG3775_000665-T1
GF00000914	CHIFNET10NJ071_010632-T1	DBVPG3775_000696-T1
GF00000915	CHIFNET10NJ071_007597-T1	DBVPG3775_005031-T1
GF00000916	CHIFNET10NJ071_004075-T1	DBVPG3775_006307-T1
GF00000917	CHIFNET10NJ071_004103-T1	DBVPG3775_006334-T1
GF00000918	CHIFNET10NJ071_004243-T1	DBVPG3775_002801-T1
GF00000919	CHIFNET10NJ071_004316-T1	DBVPG3775_006867-T1
GF00000920	CHIFNET10NJ071_006923-T1	DBVPG3775_006859-T1
GF00000921	CHIFNET10NJ071_004325-T1	DBVPG3775_006856-T1
GF00000922	CHIFNET10NJ071_004326-T1	DBVPG3775_006855-T1
GF00000923	CHIFNET10NJ071_010955-T1	DBVPG3775_007210-T1
GF00000924	CHIFNET10NJ071_004351-T1	DBVPG3775_005830-T1
GF00000925	CHIFNET10NJ071_004456-T1	DBVPG3775_005816-T1
GF00000926	CHIFNET10NJ071_004373-T1	DBVPG3775_006269-T1
GF00000927	CHIFNET10NJ071_005780-T1	DBVPG3775_000418-T1
GF00000928	CHIFNET10NJ071_004385-T1	DBVPG3775_006263-T1
GF00000929	CHIFNET10NJ071_004388-T1	DBVPG3775_006260-T1
GF00000930	CHIFNET10NJ071_004429-T1	DBVPG3775_006940-T1
GF00000931	CHIFNET10NJ071_008360-T1	DBVPG3775_005826-T1
GF00000932	CHIFNET10NJ071_004486-T1	DBVPG3775_005844-T1
GF00000933	CHIFNET10NJ071_004532-T1	DBVPG3775_006442-T1
GF00000934	CHIFNET10NJ071_004539-T1	DBVPG3775_006435-T1
GF00000935	CHIFNET10NJ071_004557-T1	DBVPG3775_006652-T1
GF00000936	CHIFNET10NJ071_006712-T1	DBVPG3775_006974-T1
GF00000937	CHIFNET10NJ071_004696-T1	DBVPG3775_004874-T1
GF00000938	CHIFNET10NJ071_010526-T1	DBVPG3775_004875-T1
GF00000939	CHIFNET10NJ071_013104-T1	DBVPG3775_001024-T1
GF00000940	CHIFNET10NJ071_004754-T1	DBVPG3775_001015-T1
GF00000941	CHIFNET10NJ071_004885-T1	DBVPG3775_007543-T1
GF00000942	CHIFNET10NJ071_004890-T1	DBVPG3775_007599-T1
GF00000943	CHIFNET10NJ071_005037-T1	DBVPG3775_001278-T1
GF00000944	CHIFNET10NJ071_014538-T1	DBVPG3775_001334-T1
GF00000945	CHIFNET10NJ071_005110-T1	DBVPG3775_006587-T1
GF00000946	CHIFNET10NJ071_005127-T1	DBVPG3775_007430-T1
GF00000947	CHIFNET10NJ071_005151-T1	DBVPG3775_005777-T1
GF00000948	CHIFNET10NJ071_005252-T1	DBVPG3775_006185-T1
GF00000949	CHIFNET10NJ071_005257-T1	DBVPG3775_005949-T1
GF00000950	CHIFNET10NJ071_005327-T1	DBVPG3775_000147-T1
GF00000951	CHIFNET10NJ071_005338-T1	DBVPG3775_000136-T1
GF00000952	CHIFNET10NJ071_005374-T1	DBVPG3775_000100-T1
GF00000953	CHIFNET10NJ071_005378-T1	DBVPG3775_000095-T1
GF00000954	CHIFNET10NJ071_005466-T1	DBVPG3775_000349-T1
GF00000955	CHIFNET10NJ071_005814-T1	DBVPG3775_003536-T1
GF00000956	CHIFNET10NJ071_005630-T1	DBVPG3775_003443-T1
GF00000957	CHIFNET10NJ071_005642-T1	DBVPG3775_003498-T1
GF00000958	CHIFNET10NJ071_005650-T1	DBVPG3775_003490-T1
GF00000959	CHIFNET10NJ071_013796-T1	DBVPG3775_000433-T1
GF00000960	CHIFNET10NJ071_005776-T1	DBVPG3775_000424-T1
GF00000961	CHIFNET10NJ071_013228-T1	DBVPG3775_003961-T1
GF00000962	CHIFNET10NJ071_005920-T1	DBVPG3775_004209-T1
GF00000963	CHIFNET10NJ071_005970-T1	DBVPG3775_001056-T1
GF00000964	CHIFNET10NJ071_005975-T1	DBVPG3775_002764-T1
GF00000965	CHIFNET10NJ071_006011-T1	DBVPG3775_002728-T1
GF00000966	CHIFNET10NJ071_006021-T1	DBVPG3775_002718-T1
GF00000967	CHIFNET10NJ071_006094-T1	DBVPG3775_001617-T1
GF00000968	CHIFNET10NJ071_006102-T1	DBVPG3775_001609-T1
GF00000969	CHIFNET10NJ071_006118-T1	DBVPG3775_001592-T1
GF00000970	CHIFNET10NJ071_006135-T1	DBVPG3775_001575-T1
GF00000971	CHIFNET10NJ071_006138-T1	DBVPG3775_001571-T1
GF00000972	CHIFNET10NJ071_013860-T1	DBVPG3775_001564-T1
GF00000973	CHIFNET10NJ071_006183-T1	DBVPG3775_004683-T1
GF00000974	CHIFNET10NJ071_006188-T1	DBVPG3775_004688-T1
GF00000975	CHIFNET10NJ071_007097-T1	DBVPG3775_006401-T1
GF00000976	CHIFNET10NJ071_009561-T1	DBVPG3775_006106-T1
GF00000977	CHIFNET10NJ071_006314-T1	DBVPG3775_000586-T1
GF00000978	CHIFNET10NJ071_006315-T1	DBVPG3775_000585-T1
GF00000979	CHIFNET10NJ071_006316-T1	DBVPG3775_000584-T1
GF00000980	CHIFNET10NJ071_008811-T1	DBVPG3775_001431-T1
GF00000981	CHIFNET10NJ071_008836-T1	DBVPG3775_001406-T1
GF00000982	CHIFNET10NJ071_012595-T1	DBVPG3775_001396-T1
GF00000983	CHIFNET10NJ071_006421-T1	DBVPG3775_001384-T1
GF00000984	CHIFNET10NJ071_011127-T1	DBVPG3775_007168-T1
GF00000985	CHIFNET10NJ071_006473-T1	DBVPG3775_004918-T1
GF00000986	CHIFNET10NJ071_006640-T1	DBVPG3775_004917-T1
GF00000987	CHIFNET10NJ071_012935-T1	DBVPG3775_005877-T1
GF00000988	CHIFNET10NJ071_006867-T1	DBVPG3775_003444-T1
GF00000989	CHIFNET10NJ071_006940-T1	DBVPG3775_003614-T1
GF00000990	CHIFNET10NJ071_008940-T1	DBVPG3775_003665-T1
GF00000991	CHIFNET10NJ071_011668-T1	DBVPG3775_006353-T1
GF00000992	CHIFNET10NJ071_007109-T1	DBVPG3775_003316-T1
GF00000993	CHIFNET10NJ071_007130-T1	DBVPG3775_003296-T1
GF00000994	CHIFNET10NJ071_007140-T1	DBVPG3775_003286-T1
GF00000995	CHIFNET10NJ071_007260-T1	DBVPG3775_007500-T1
GF00000996	CHIFNET10NJ071_007423-T1	DBVPG3775_005994-T1
GF00000997	CHIFNET10NJ071_007430-T1	DBVPG3775_005987-T1
GF00000998	CHIFNET10NJ071_009929-T1	DBVPG3775_005956-T1
GF00000999	CHIFNET10NJ071_007462-T1	DBVPG3775_005954-T1
GF00001000	CHIFNET10NJ071_007492-T1	DBVPG3775_007479-T1
GF00001001	CHIFNET10NJ071_007495-T1	DBVPG3775_007482-T1
GF00001002	CHIFNET10NJ071_007520-T1	DBVPG3775_002551-T1
GF00001003	CHIFNET10NJ071_009087-T1	DBVPG3775_003984-T1
GF00001004	CHIFNET10NJ071_007702-T1	DBVPG3775_005138-T1
GF00001005	CHIFNET10NJ071_013575-T1	DBVPG3775_005133-T1
GF00001006	CHIFNET10NJ071_007771-T1	DBVPG3775_002112-T1
GF00001007	CHIFNET10NJ071_007786-T1	DBVPG3775_002095-T1
GF00001008	CHIFNET10NJ071_012188-T1	DBVPG3775_003202-T1
GF00001009	CHIFNET10NJ071_007883-T1	DBVPG3775_003203-T1
GF00001010	CHIFNET10NJ071_007946-T1	DBVPG3775_002147-T1
GF00001011	CHIFNET10NJ071_013357-T1	DBVPG3775_002137-T1
GF00001012	CHIFNET10NJ071_007966-T1	DBVPG3775_007093-T1
GF00001013	CHIFNET10NJ071_014447-T1	DBVPG3775_002120-T1
GF00001014	CHIFNET10NJ071_011718-T1	DBVPG3775_003374-T1
GF00001015	CHIFNET10NJ071_008252-T1	DBVPG3775_003334-T1
GF00001016	CHIFNET10NJ071_008425-T1	DBVPG3775_005430-T1
GF00001017	CHIFNET10NJ071_008428-T1	DBVPG3775_005427-T1
GF00001018	CHIFNET10NJ071_008433-T1	DBVPG3775_005421-T1
GF00001019	CHIFNET10NJ071_013268-T1	DBVPG3775_002768-T1
GF00001020	CHIFNET10NJ071_008563-T1	DBVPG3775_000610-T1
GF00001021	CHIFNET10NJ071_008771-T1	DBVPG3775_003245-T1
GF00001022	CHIFNET10NJ071_013495-T1	DBVPG3775_002314-T1
GF00001023	CHIFNET10NJ071_008956-T1	DBVPG3775_003680-T1
GF00001024	CHIFNET10NJ071_009139-T1	DBVPG3775_000296-T1
GF00001025	CHIFNET10NJ071_008993-T1	DBVPG3775_000297-T1
GF00001026	CHIFNET10NJ071_008996-T1	DBVPG3775_000301-T1
GF00001027	CHIFNET10NJ071_009000-T1	DBVPG3775_000305-T1
GF00001028	CHIFNET10NJ071_009029-T1	DBVPG3775_000334-T1
GF00001029	CHIFNET10NJ071_009232-T1	DBVPG3775_007015-T1
GF00001030	CHIFNET10NJ071_012536-T1	DBVPG3775_007028-T1
GF00001031	CHIFNET10NJ071_009251-T1	DBVPG3775_007035-T1
GF00001032	CHIFNET10NJ071_011346-T1	DBVPG3775_004154-T1
GF00001033	CHIFNET10NJ071_011349-T1	DBVPG3775_004157-T1
GF00001034	CHIFNET10NJ071_009318-T1	DBVPG3775_004162-T1
GF00001035	CHIFNET10NJ071_011363-T1	DBVPG3775_004170-T1
GF00001036	CHIFNET10NJ071_009327-T1	DBVPG3775_004171-T1
GF00001037	CHIFNET10NJ071_011368-T1	DBVPG3775_004173-T1
GF00001038	CHIFNET10NJ071_012777-T1	DBVPG3775_004187-T1
GF00001039	CHIFNET10NJ071_009430-T1	DBVPG3775_006223-T1
GF00001040	CHIFNET10NJ071_013525-T1	DBVPG3775_006205-T1
GF00001041	CHIFNET10NJ071_011469-T1	DBVPG3775_006127-T1
GF00001042	CHIFNET10NJ071_009559-T1	DBVPG3775_006110-T1
GF00001043	CHIFNET10NJ071_010992-T1	DBVPG3775_006102-T1
GF00001044	CHIFNET10NJ071_014286-T1	DBVPG3775_002592-T1
GF00001045	CHIFNET10NJ071_009701-T1	DBVPG3775_003839-T1
GF00001046	CHIFNET10NJ071_013840-T1	DBVPG3775_007098-T1
GF00001047	CHIFNET10NJ071_009945-T1	DBVPG3775_001627-T1
GF00001048	CHIFNET10NJ071_009950-T1	DBVPG3775_001632-T1
GF00001049	CHIFNET10NJ071_013917-T1	DBVPG3775_003228-T1
GF00001050	CHIFNET10NJ071_010001-T1	DBVPG3775_007244-T1
GF00001051	CHIFNET10NJ071_010249-T1	DBVPG3775_002351-T1
GF00001052	CHIFNET10NJ071_012890-T1	DBVPG3775_002330-T1
GF00001053	CHIFNET10NJ071_013206-T1	DBVPG3775_002323-T1
GF00001054	CHIFNET10NJ071_012315-T1	DBVPG3775_000726-T1
GF00001055	CHIFNET10NJ071_013308-T1	DBVPG3775_000288-T1
GF00001056	CHIFNET10NJ071_010812-T1	DBVPG3775_000270-T1
GF00001057	CHIFNET10NJ071_010953-T1	DBVPG3775_007208-T1
GF00001058	CHIFNET10NJ071_011298-T1	DBVPG3775_006153-T1
GF00001059	CHIFNET10NJ071_012075-T1	DBVPG3775_006129-T1
GF00001060	CHIFNET10NJ071_011609-T1	DBVPG3775_001255-T1
GF00001061	CHIFNET10NJ071_011614-T1	DBVPG3775_004813-T1
GF00001062	CHIFNET10NJ071_011616-T1	DBVPG3775_004815-T1
GF00001063	CHIFNET10NJ071_011766-T1	DBVPG3775_004585-T1
GF00001064	CHIFNET10NJ071_012016-T1	DBVPG3775_007291-T1
GF00001065	CHIFNET10NJ071_011873-T1	DBVPG3775_006747-T1
GF00001066	CHIFNET10NJ071_013445-T1	DBVPG3775_000727-T1
GF00001067	CHIFNET10NJ071_012682-T1	DBVPG3775_006020-T1
GF00001068	CHIFNET10NJ071_013117-T1	DBVPG3775_000744-T1
GF00001069	CHIFNET10NJ071_014417-T1	DBVPG3775_002540-T1
GF00001070	CHIFNET10NJ071_014292-T1	DBVPG3775_005252-T1
GF00001071	CHIFNET10NJ071_013469-T1	DBVPG3775_005250-T1
GF00001072	CHIFNET10NJ071_013478-T1	DBVPG3775_005242-T1
GF00001073	CHIFNET10NJ071_013877-T1	DBVPG3775_006544-T1
GF00001074	CHIFNET10NJ071_014541-T1	DBVPG3775_007555-T1
GF00001075	CHIFNET10NJ071_001727-T1	DBVPG3775_001478-T1
GF00001076	CHIFNET10NJ071_010573-T1	DBVPG3775_003458-T1
GF00001077	CHIFNET10NJ071_000002-T1	DBVPG3775_001250-T1
GF00001078	CHIFNET10NJ071_000003-T1	DBVPG3775_001249-T1
GF00001079	CHIFNET10NJ071_014261-T1	DBVPG3775_001248-T1
GF00001080	CHIFNET10NJ071_000005-T1	DBVPG3775_001247-T1
GF00001081	CHIFNET10NJ071_014258-T1	DBVPG3775_001244-T1
GF00001082	CHIFNET10NJ071_001142-T1	DBVPG3775_001241-T1
GF00001083	CHIFNET10NJ071_013236-T1	DBVPG3775_003969-T1
GF00001084	CHIFNET10NJ071_001141-T1	DBVPG3775_001240-T1
GF00001085	CHIFNET10NJ071_000012-T1	DBVPG3775_001239-T1
GF00001086	CHIFNET10NJ071_001139-T1	DBVPG3775_001238-T1
GF00001087	CHIFNET10NJ071_000014-T1	DBVPG3775_001236-T1
GF00001088	CHIFNET10NJ071_001136-T1	DBVPG3775_001235-T1
GF00001089	CHIFNET10NJ071_001135-T1	DBVPG3775_001234-T1
GF00001090	CHIFNET10NJ071_001134-T1	DBVPG3775_001233-T1
GF00001091	CHIFNET10NJ071_004906-T1	DBVPG3775_004609-T1
GF00001092	CHIFNET10NJ071_000020-T1	DBVPG3775_001232-T1
GF00001093	CHIFNET10NJ071_000021-T1	DBVPG3775_001229-T1
GF00001094	CHIFNET10NJ071_001128-T1	DBVPG3775_001228-T1
GF00001095	CHIFNET10NJ071_000023-T1	DBVPG3775_001227-T1
GF00001096	CHIFNET10NJ071_001126-T1	DBVPG3775_001226-T1
GF00001097	CHIFNET10NJ071_000025-T1	DBVPG3775_001225-T1
GF00001098	CHIFNET10NJ071_000026-T1	DBVPG3775_001224-T1
GF00001099	CHIFNET10NJ071_001123-T1	DBVPG3775_001223-T1
GF00001100	CHIFNET10NJ071_000028-T1	DBVPG3775_001222-T1
GF00001101	CHIFNET10NJ071_001121-T1	DBVPG3775_001221-T1
GF00001102	CHIFNET10NJ071_001120-T1	DBVPG3775_001220-T1
GF00001103	CHIFNET10NJ071_001119-T1	DBVPG3775_001219-T1
GF00001104	CHIFNET10NJ071_001118-T1	DBVPG3775_001218-T1
GF00001105	CHIFNET10NJ071_000033-T1	DBVPG3775_001217-T1
GF00001106	CHIFNET10NJ071_000036-T1	DBVPG3775_001212-T1
GF00001107	CHIFNET10NJ071_000037-T1	DBVPG3775_001211-T1
GF00001108	CHIFNET10NJ071_000038-T1	DBVPG3775_001210-T1
GF00001109	CHIFNET10NJ071_000039-T1	DBVPG3775_001209-T1
GF00001110	CHIFNET10NJ071_000040-T1	DBVPG3775_001208-T1
GF00001111	CHIFNET10NJ071_000041-T1	DBVPG3775_001207-T1
GF00001112	CHIFNET10NJ071_000042-T1	DBVPG3775_001206-T1
GF00001113	CHIFNET10NJ071_000043-T1	DBVPG3775_001205-T1
GF00001114	CHIFNET10NJ071_000044-T1	DBVPG3775_001204-T1
GF00001115	CHIFNET10NJ071_001102-T1	DBVPG3775_001202-T1
GF00001116	CHIFNET10NJ071_001099-T1	DBVPG3775_001200-T1
GF00001117	CHIFNET10NJ071_000049-T1	DBVPG3775_001199-T1
GF00001118	CHIFNET10NJ071_001097-T1	DBVPG3775_001198-T1
GF00001119	CHIFNET10NJ071_001095-T1	DBVPG3775_001197-T1
GF00001120	CHIFNET10NJ071_000052-T1	DBVPG3775_001196-T1
GF00001121	CHIFNET10NJ071_001093-T1	DBVPG3775_001195-T1
GF00001122	CHIFNET10NJ071_000054-T1	DBVPG3775_001194-T1
GF00001123	CHIFNET10NJ071_000055-T1	DBVPG3775_001193-T1
GF00001124	CHIFNET10NJ071_000057-T1	DBVPG3775_001191-T1
GF00001125	CHIFNET10NJ071_001088-T1	DBVPG3775_001190-T1
GF00001126	CHIFNET10NJ071_000059-T1	DBVPG3775_001188-T1
GF00001127	CHIFNET10NJ071_001085-T1	DBVPG3775_001187-T1
GF00001128	CHIFNET10NJ071_000061-T1	DBVPG3775_001186-T1
GF00001129	CHIFNET10NJ071_000062-T1	DBVPG3775_001185-T1
GF00001130	CHIFNET10NJ071_000063-T1	DBVPG3775_001184-T1
GF00001131	CHIFNET10NJ071_001081-T1	DBVPG3775_001183-T1
GF00001132	CHIFNET10NJ071_001080-T1	DBVPG3775_001182-T1
GF00001133	CHIFNET10NJ071_000066-T1	DBVPG3775_001181-T1
GF00001134	CHIFNET10NJ071_001078-T1	DBVPG3775_001180-T1
GF00001135	CHIFNET10NJ071_000068-T1	DBVPG3775_001179-T1
GF00001136	CHIFNET10NJ071_000309-T1	DBVPG3775_002366-T1
GF00001137	CHIFNET10NJ071_001076-T1	DBVPG3775_001178-T1
GF00001138	CHIFNET10NJ071_000072-T1	DBVPG3775_001175-T1
GF00001139	CHIFNET10NJ071_001072-T1	DBVPG3775_001174-T1
GF00001140	CHIFNET10NJ071_001070-T1	DBVPG3775_001172-T1
GF00001141	CHIFNET10NJ071_001069-T1	DBVPG3775_001171-T1
GF00001142	CHIFNET10NJ071_000077-T1	DBVPG3775_001170-T1
GF00001143	CHIFNET10NJ071_001066-T1	DBVPG3775_001168-T1
GF00001144	CHIFNET10NJ071_000081-T1	DBVPG3775_001166-T1
GF00001145	CHIFNET10NJ071_001062-T1	DBVPG3775_001164-T1
GF00001146	CHIFNET10NJ071_001061-T1	DBVPG3775_001163-T1
GF00001147	CHIFNET10NJ071_001060-T1	DBVPG3775_001162-T1
GF00001148	CHIFNET10NJ071_001059-T1	DBVPG3775_001161-T1
GF00001149	CHIFNET10NJ071_000088-T1	DBVPG3775_001160-T1
GF00001150	CHIFNET10NJ071_000089-T1	DBVPG3775_001159-T1
GF00001151	CHIFNET10NJ071_001056-T1	DBVPG3775_001158-T1
GF00001152	CHIFNET10NJ071_001055-T1	DBVPG3775_001157-T1
GF00001153	CHIFNET10NJ071_001054-T1	DBVPG3775_001156-T1
GF00001154	CHIFNET10NJ071_001053-T1	DBVPG3775_001155-T1
GF00001155	CHIFNET10NJ071_001052-T1	DBVPG3775_001154-T1
GF00001156	CHIFNET10NJ071_001051-T1	DBVPG3775_001153-T1
GF00001157	CHIFNET10NJ071_001050-T1	DBVPG3775_001152-T1
GF00001158	CHIFNET10NJ071_001049-T1	DBVPG3775_001151-T1
GF00001159	CHIFNET10NJ071_000098-T1	DBVPG3775_001149-T1
GF00001160	CHIFNET10NJ071_000100-T1	DBVPG3775_001147-T1
GF00001161	CHIFNET10NJ071_000101-T1	DBVPG3775_001146-T1
GF00001162	CHIFNET10NJ071_001044-T1	DBVPG3775_001145-T1
GF00001163	CHIFNET10NJ071_001043-T1	DBVPG3775_001144-T1
GF00001164	CHIFNET10NJ071_001042-T1	DBVPG3775_001143-T1
GF00001165	CHIFNET10NJ071_001041-T1	DBVPG3775_001142-T1
GF00001166	CHIFNET10NJ071_001038-T1	DBVPG3775_001139-T1
GF00001167	CHIFNET10NJ071_000108-T1	DBVPG3775_001138-T1
GF00001168	CHIFNET10NJ071_000109-T1	DBVPG3775_001137-T1
GF00001169	CHIFNET10NJ071_001034-T1	DBVPG3775_001135-T1
GF00001170	CHIFNET10NJ071_000112-T1	DBVPG3775_001134-T1
GF00001171	CHIFNET10NJ071_000113-T1	DBVPG3775_001133-T1
GF00001172	CHIFNET10NJ071_001031-T1	DBVPG3775_001132-T1
GF00001173	CHIFNET10NJ071_001030-T1	DBVPG3775_001131-T1
GF00001174	CHIFNET10NJ071_001028-T1	DBVPG3775_001129-T1
GF00001175	CHIFNET10NJ071_000120-T1	DBVPG3775_001125-T1
GF00001176	CHIFNET10NJ071_000121-T1	DBVPG3775_001124-T1
GF00001177	CHIFNET10NJ071_001020-T1	DBVPG3775_001121-T1
GF00001178	CHIFNET10NJ071_001019-T1	DBVPG3775_001120-T1
GF00001179	CHIFNET10NJ071_000127-T1	DBVPG3775_001118-T1
GF00001180	CHIFNET10NJ071_000130-T1	DBVPG3775_001115-T1
GF00001181	CHIFNET10NJ071_000131-T1	DBVPG3775_001114-T1
GF00001182	CHIFNET10NJ071_012885-T1	DBVPG3775_001111-T1
GF00001183	CHIFNET10NJ071_012884-T1	DBVPG3775_001110-T1
GF00001184	CHIFNET10NJ071_012883-T1	DBVPG3775_001109-T1
GF00001185	CHIFNET10NJ071_012882-T1	DBVPG3775_001108-T1
GF00001186	CHIFNET10NJ071_000139-T1	DBVPG3775_001105-T1
GF00001187	CHIFNET10NJ071_007605-T1	DBVPG3775_005039-T1
GF00001188	CHIFNET10NJ071_000141-T1	DBVPG3775_001103-T1
GF00001189	CHIFNET10NJ071_000142-T1	DBVPG3775_001102-T1
GF00001190	CHIFNET10NJ071_012874-T1	DBVPG3775_001100-T1
GF00001191	CHIFNET10NJ071_004205-T1	DBVPG3775_001099-T1
GF00001192	CHIFNET10NJ071_004206-T1	DBVPG3775_001098-T1
GF00001193	CHIFNET10NJ071_000148-T1	DBVPG3775_001095-T1
GF00001194	CHIFNET10NJ071_000150-T1	DBVPG3775_001093-T1
GF00001195	CHIFNET10NJ071_004213-T1	DBVPG3775_001091-T1
GF00001196	CHIFNET10NJ071_000157-T1	DBVPG3775_001086-T1
GF00001197	CHIFNET10NJ071_005500-T1	DBVPG3775_000384-T1
GF00001198	CHIFNET10NJ071_004223-T1	DBVPG3775_001082-T1
GF00001199	CHIFNET10NJ071_000161-T1	DBVPG3775_000889-T1
GF00001200	CHIFNET10NJ071_000162-T1	DBVPG3775_000888-T1
GF00001201	CHIFNET10NJ071_000163-T1	DBVPG3775_000887-T1
GF00001202	CHIFNET10NJ071_007849-T1	DBVPG3775_000885-T1
GF00001203	CHIFNET10NJ071_007850-T1	DBVPG3775_000884-T1
GF00001204	CHIFNET10NJ071_000166-T1	DBVPG3775_000883-T1
GF00001205	CHIFNET10NJ071_007852-T1	DBVPG3775_000882-T1
GF00001206	CHIFNET10NJ071_000169-T1	DBVPG3775_000880-T1
GF00001207	CHIFNET10NJ071_000170-T1	DBVPG3775_000879-T1
GF00001208	CHIFNET10NJ071_007857-T1	DBVPG3775_000877-T1
GF00001209	CHIFNET10NJ071_000174-T1	DBVPG3775_000875-T1
GF00001210	CHIFNET10NJ071_000175-T1	DBVPG3775_000874-T1
GF00001211	CHIFNET10NJ071_000176-T1	DBVPG3775_000873-T1
GF00001212	CHIFNET10NJ071_000180-T1	DBVPG3775_000868-T1
GF00001213	CHIFNET10NJ071_000182-T1	DBVPG3775_000866-T1
GF00001214	CHIFNET10NJ071_000183-T1	DBVPG3775_000865-T1
GF00001215	CHIFNET10NJ071_000184-T1	DBVPG3775_000864-T1
GF00001216	CHIFNET10NJ071_009852-T1	DBVPG3775_000863-T1
GF00001217	CHIFNET10NJ071_000186-T1	DBVPG3775_000862-T1
GF00001218	CHIFNET10NJ071_000187-T1	DBVPG3775_000861-T1
GF00001219	CHIFNET10NJ071_000188-T1	DBVPG3775_000860-T1
GF00001220	CHIFNET10NJ071_000189-T1	DBVPG3775_000859-T1
GF00001221	CHIFNET10NJ071_004339-T1	DBVPG3775_007223-T1
GF00001222	CHIFNET10NJ071_009846-T1	DBVPG3775_000857-T1
GF00001223	CHIFNET10NJ071_009845-T1	DBVPG3775_000856-T1
GF00001224	CHIFNET10NJ071_000195-T1	DBVPG3775_000853-T1
GF00001225	CHIFNET10NJ071_000196-T1	DBVPG3775_000852-T1
GF00001226	CHIFNET10NJ071_000197-T1	DBVPG3775_000851-T1
GF00001227	CHIFNET10NJ071_000198-T1	DBVPG3775_000850-T1
GF00001228	CHIFNET10NJ071_001213-T1	DBVPG3775_003120-T1
GF00001229	CHIFNET10NJ071_000200-T1	DBVPG3775_000848-T1
GF00001230	CHIFNET10NJ071_000201-T1	DBVPG3775_000847-T1
GF00001231	CHIFNET10NJ071_000205-T1	DBVPG3775_000844-T1
GF00001232	CHIFNET10NJ071_000206-T1	DBVPG3775_000843-T1
GF00001233	CHIFNET10NJ071_000208-T1	DBVPG3775_000841-T1
GF00001234	CHIFNET10NJ071_000209-T1	DBVPG3775_000840-T1
GF00001235	CHIFNET10NJ071_000210-T1	DBVPG3775_000839-T1
GF00001236	CHIFNET10NJ071_000212-T1	DBVPG3775_000837-T1
GF00001237	CHIFNET10NJ071_000215-T1	DBVPG3775_000834-T1
GF00001238	CHIFNET10NJ071_000216-T1	DBVPG3775_000833-T1
GF00001239	CHIFNET10NJ071_003039-T1	DBVPG3775_007511-T1
GF00001240	CHIFNET10NJ071_009818-T1	DBVPG3775_000830-T1
GF00001241	CHIFNET10NJ071_000220-T1	DBVPG3775_000829-T1
GF00001242	CHIFNET10NJ071_000221-T1	DBVPG3775_000828-T1
GF00001243	CHIFNET10NJ071_000225-T1	DBVPG3775_000825-T1
GF00001244	CHIFNET10NJ071_000226-T1	DBVPG3775_000824-T1
GF00001245	CHIFNET10NJ071_006755-T1	DBVPG3775_000823-T1
GF00001246	CHIFNET10NJ071_000228-T1	DBVPG3775_000822-T1
GF00001247	CHIFNET10NJ071_000229-T1	DBVPG3775_000821-T1
GF00001248	CHIFNET10NJ071_000233-T1	DBVPG3775_000817-T1
GF00001249	CHIFNET10NJ071_006762-T1	DBVPG3775_000815-T1
GF00001250	CHIFNET10NJ071_000236-T1	DBVPG3775_000813-T1
GF00001251	CHIFNET10NJ071_006765-T1	DBVPG3775_000812-T1
GF00001252	CHIFNET10NJ071_006768-T1	DBVPG3775_000810-T1
GF00001253	CHIFNET10NJ071_000242-T1	DBVPG3775_000806-T1
GF00001254	CHIFNET10NJ071_000244-T1	DBVPG3775_000804-T1
GF00001255	CHIFNET10NJ071_000246-T1	DBVPG3775_000802-T1
GF00001256	CHIFNET10NJ071_006779-T1	DBVPG3775_000800-T1
GF00001257	CHIFNET10NJ071_000249-T1	DBVPG3775_000799-T1
GF00001258	CHIFNET10NJ071_000250-T1	DBVPG3775_000798-T1
GF00001259	CHIFNET10NJ071_006782-T1	DBVPG3775_000797-T1
GF00001260	CHIFNET10NJ071_000252-T1	DBVPG3775_000796-T1
GF00001261	CHIFNET10NJ071_006784-T1	DBVPG3775_000795-T1
GF00001262	CHIFNET10NJ071_000254-T1	DBVPG3775_000794-T1
GF00001263	CHIFNET10NJ071_000258-T1	DBVPG3775_000791-T1
GF00001264	CHIFNET10NJ071_000261-T1	DBVPG3775_000788-T1
GF00001265	CHIFNET10NJ071_000262-T1	DBVPG3775_000787-T1
GF00001266	CHIFNET10NJ071_000264-T1	DBVPG3775_000785-T1
GF00001267	CHIFNET10NJ071_000266-T1	DBVPG3775_000783-T1
GF00001268	CHIFNET10NJ071_000268-T1	DBVPG3775_000781-T1
GF00001269	CHIFNET10NJ071_006803-T1	DBVPG3775_000779-T1
GF00001270	CHIFNET10NJ071_013935-T1	DBVPG3775_000771-T1
GF00001271	CHIFNET10NJ071_000280-T1	DBVPG3775_000769-T1
GF00001272	CHIFNET10NJ071_013937-T1	DBVPG3775_000768-T1
GF00001273	CHIFNET10NJ071_000282-T1	DBVPG3775_000767-T1
GF00001274	CHIFNET10NJ071_000283-T1	DBVPG3775_000766-T1
GF00001275	CHIFNET10NJ071_000284-T1	DBVPG3775_000765-T1
GF00001276	CHIFNET10NJ071_000287-T1	DBVPG3775_000762-T1
GF00001277	CHIFNET10NJ071_000288-T1	DBVPG3775_000761-T1
GF00001278	CHIFNET10NJ071_000291-T1	DBVPG3775_000758-T1
GF00001279	CHIFNET10NJ071_000292-T1	DBVPG3775_000757-T1
GF00001280	CHIFNET10NJ071_009150-T1	DBVPG3775_000756-T1
GF00001281	CHIFNET10NJ071_000294-T1	DBVPG3775_000755-T1
GF00001282	CHIFNET10NJ071_000297-T1	DBVPG3775_000752-T1
GF00001283	CHIFNET10NJ071_000298-T1	DBVPG3775_000751-T1
GF00001284	CHIFNET10NJ071_000299-T1	DBVPG3775_000750-T1
GF00001285	CHIFNET10NJ071_000300-T1	DBVPG3775_000749-T1
GF00001286	CHIFNET10NJ071_000301-T1	DBVPG3775_000748-T1
GF00001287	CHIFNET10NJ071_000302-T1	DBVPG3775_000747-T1
GF00001288	CHIFNET10NJ071_000305-T1	DBVPG3775_002362-T1
GF00001289	CHIFNET10NJ071_000306-T1	DBVPG3775_002363-T1
GF00001290	CHIFNET10NJ071_000308-T1	DBVPG3775_002365-T1
GF00001291	CHIFNET10NJ071_000310-T1	DBVPG3775_002367-T1
GF00001292	CHIFNET10NJ071_000313-T1	DBVPG3775_002370-T1
GF00001293	CHIFNET10NJ071_000314-T1	DBVPG3775_002371-T1
GF00001294	CHIFNET10NJ071_009172-T1	DBVPG3775_002372-T1
GF00001295	CHIFNET10NJ071_000317-T1	DBVPG3775_002374-T1
GF00001296	CHIFNET10NJ071_000318-T1	DBVPG3775_002375-T1
GF00001297	CHIFNET10NJ071_009176-T1	DBVPG3775_002376-T1
GF00001298	CHIFNET10NJ071_000324-T1	DBVPG3775_002381-T1
GF00001299	CHIFNET10NJ071_000327-T1	DBVPG3775_002383-T1
GF00001300	CHIFNET10NJ071_005825-T1	DBVPG3775_002385-T1
GF00001301	CHIFNET10NJ071_000330-T1	DBVPG3775_002386-T1
GF00001302	CHIFNET10NJ071_000331-T1	DBVPG3775_002387-T1
GF00001303	CHIFNET10NJ071_000333-T1	DBVPG3775_002389-T1
GF00001304	CHIFNET10NJ071_000334-T1	DBVPG3775_002390-T1
GF00001305	CHIFNET10NJ071_000335-T1	DBVPG3775_002391-T1
GF00001306	CHIFNET10NJ071_000337-T1	DBVPG3775_002393-T1
GF00001307	CHIFNET10NJ071_000339-T1	DBVPG3775_002395-T1
GF00001308	CHIFNET10NJ071_000340-T1	DBVPG3775_002396-T1
GF00001309	CHIFNET10NJ071_000344-T1	DBVPG3775_002400-T1
GF00001310	CHIFNET10NJ071_012361-T1	DBVPG3775_002401-T1
GF00001311	CHIFNET10NJ071_000346-T1	DBVPG3775_002402-T1
GF00001312	CHIFNET10NJ071_012356-T1	DBVPG3775_002407-T1
GF00001313	CHIFNET10NJ071_012355-T1	DBVPG3775_002408-T1
GF00001314	CHIFNET10NJ071_012351-T1	DBVPG3775_002413-T1
GF00001315	CHIFNET10NJ071_000358-T1	DBVPG3775_002414-T1
GF00001316	CHIFNET10NJ071_012348-T1	DBVPG3775_002417-T1
GF00001317	CHIFNET10NJ071_012347-T1	DBVPG3775_002418-T1
GF00001318	CHIFNET10NJ071_000363-T1	DBVPG3775_002419-T1
GF00001319	CHIFNET10NJ071_000365-T1	DBVPG3775_002421-T1
GF00001320	CHIFNET10NJ071_000366-T1	DBVPG3775_002422-T1
GF00001321	CHIFNET10NJ071_012342-T1	DBVPG3775_002423-T1
GF00001322	CHIFNET10NJ071_000368-T1	DBVPG3775_002424-T1
GF00001323	CHIFNET10NJ071_011252-T1	DBVPG3775_002085-T1
GF00001324	CHIFNET10NJ071_000370-T1	DBVPG3775_002426-T1
GF00001325	CHIFNET10NJ071_000374-T1	DBVPG3775_002430-T1
GF00001326	CHIFNET10NJ071_000375-T1	DBVPG3775_002431-T1
GF00001327	CHIFNET10NJ071_000377-T1	DBVPG3775_002433-T1
GF00001328	CHIFNET10NJ071_000378-T1	DBVPG3775_002434-T1
GF00001329	CHIFNET10NJ071_000380-T1	DBVPG3775_002436-T1
GF00001330	CHIFNET10NJ071_005591-T1	DBVPG3775_002437-T1
GF00001331	CHIFNET10NJ071_002705-T1	DBVPG3775_004406-T1
GF00001332	CHIFNET10NJ071_006910-T1	DBVPG3775_006874-T1
GF00001333	CHIFNET10NJ071_000397-T1	DBVPG3775_002453-T1
GF00001334	CHIFNET10NJ071_005573-T1	DBVPG3775_002454-T1
GF00001335	CHIFNET10NJ071_000399-T1	DBVPG3775_002455-T1
GF00001336	CHIFNET10NJ071_005571-T1	DBVPG3775_002456-T1
GF00001337	CHIFNET10NJ071_000401-T1	DBVPG3775_002457-T1
GF00001338	CHIFNET10NJ071_000403-T1	DBVPG3775_002459-T1
GF00001339	CHIFNET10NJ071_000404-T1	DBVPG3775_002460-T1
GF00001340	CHIFNET10NJ071_000405-T1	DBVPG3775_002461-T1
GF00001341	CHIFNET10NJ071_005565-T1	DBVPG3775_002462-T1
GF00001342	CHIFNET10NJ071_000407-T1	DBVPG3775_002463-T1
GF00001343	CHIFNET10NJ071_005563-T1	DBVPG3775_002464-T1
GF00001344	CHIFNET10NJ071_000409-T1	DBVPG3775_002465-T1
GF00001345	CHIFNET10NJ071_000410-T1	DBVPG3775_002466-T1
GF00001346	CHIFNET10NJ071_000411-T1	DBVPG3775_002467-T1
GF00001347	CHIFNET10NJ071_005558-T1	DBVPG3775_002469-T1
GF00001348	CHIFNET10NJ071_000414-T1	DBVPG3775_002470-T1
GF00001349	CHIFNET10NJ071_000415-T1	DBVPG3775_002471-T1
GF00001350	CHIFNET10NJ071_000416-T1	DBVPG3775_002472-T1
GF00001351	CHIFNET10NJ071_000417-T1	DBVPG3775_002473-T1
GF00001352	CHIFNET10NJ071_000418-T1	DBVPG3775_002474-T1
GF00001353	CHIFNET10NJ071_005552-T1	DBVPG3775_002475-T1
GF00001354	CHIFNET10NJ071_005551-T1	DBVPG3775_002476-T1
GF00001355	CHIFNET10NJ071_000421-T1	DBVPG3775_002477-T1
GF00001356	CHIFNET10NJ071_000422-T1	DBVPG3775_002478-T1
GF00001357	CHIFNET10NJ071_000423-T1	DBVPG3775_002479-T1
GF00001358	CHIFNET10NJ071_005547-T1	DBVPG3775_002480-T1
GF00001359	CHIFNET10NJ071_000425-T1	DBVPG3775_002481-T1
GF00001360	CHIFNET10NJ071_005545-T1	DBVPG3775_002482-T1
GF00001361	CHIFNET10NJ071_000430-T1	DBVPG3775_002485-T1
GF00001362	CHIFNET10NJ071_000432-T1	DBVPG3775_002487-T1
GF00001363	CHIFNET10NJ071_000438-T1	DBVPG3775_002493-T1
GF00001364	CHIFNET10NJ071_000439-T1	DBVPG3775_002494-T1
GF00001365	CHIFNET10NJ071_000441-T1	DBVPG3775_002495-T1
GF00001366	CHIFNET10NJ071_011119-T1	DBVPG3775_002496-T1
GF00001367	CHIFNET10NJ071_011118-T1	DBVPG3775_002497-T1
GF00001368	CHIFNET10NJ071_011117-T1	DBVPG3775_002498-T1
GF00001369	CHIFNET10NJ071_000445-T1	DBVPG3775_002499-T1
GF00001370	CHIFNET10NJ071_000446-T1	DBVPG3775_002500-T1
GF00001371	CHIFNET10NJ071_011114-T1	DBVPG3775_002501-T1
GF00001372	CHIFNET10NJ071_011109-T1	DBVPG3775_002505-T1
GF00001373	CHIFNET10NJ071_000453-T1	DBVPG3775_002506-T1
GF00001374	CHIFNET10NJ071_000455-T1	DBVPG3775_002508-T1
GF00001375	CHIFNET10NJ071_000457-T1	DBVPG3775_002510-T1
GF00001376	CHIFNET10NJ071_010849-T1	DBVPG3775_002511-T1
GF00001377	CHIFNET10NJ071_010850-T1	DBVPG3775_002512-T1
GF00001378	CHIFNET10NJ071_000460-T1	DBVPG3775_002513-T1
GF00001379	CHIFNET10NJ071_000461-T1	DBVPG3775_002514-T1
GF00001380	CHIFNET10NJ071_000462-T1	DBVPG3775_002515-T1
GF00001381	CHIFNET10NJ071_010856-T1	DBVPG3775_002518-T1
GF00001382	CHIFNET10NJ071_000467-T1	DBVPG3775_002520-T1
GF00001383	CHIFNET10NJ071_000470-T1	DBVPG3775_002523-T1
GF00001384	CHIFNET10NJ071_000472-T1	DBVPG3775_002525-T1
GF00001385	CHIFNET10NJ071_010868-T1	DBVPG3775_002527-T1
GF00001386	CHIFNET10NJ071_010869-T1	DBVPG3775_002528-T1
GF00001387	CHIFNET10NJ071_000476-T1	DBVPG3775_002529-T1
GF00001388	CHIFNET10NJ071_000478-T1	DBVPG3775_002531-T1
GF00001389	CHIFNET10NJ071_000483-T1	DBVPG3775_000512-T1
GF00001390	CHIFNET10NJ071_010516-T1	DBVPG3775_004885-T1
GF00001391	CHIFNET10NJ071_000484-T1	DBVPG3775_000511-T1
GF00001392	CHIFNET10NJ071_000485-T1	DBVPG3775_000510-T1
GF00001393	CHIFNET10NJ071_000486-T1	DBVPG3775_000509-T1
GF00001394	CHIFNET10NJ071_000489-T1	DBVPG3775_000506-T1
GF00001395	CHIFNET10NJ071_000490-T1	DBVPG3775_000505-T1
GF00001396	CHIFNET10NJ071_000491-T1	DBVPG3775_000504-T1
GF00001397	CHIFNET10NJ071_000493-T1	DBVPG3775_000501-T1
GF00001398	CHIFNET10NJ071_000495-T1	DBVPG3775_000499-T1
GF00001399	CHIFNET10NJ071_006352-T1	DBVPG3775_000498-T1
GF00001400	CHIFNET10NJ071_006351-T1	DBVPG3775_000497-T1
GF00001401	CHIFNET10NJ071_006350-T1	DBVPG3775_000491-T1
GF00001402	CHIFNET10NJ071_000505-T1	DBVPG3775_000489-T1
GF00001403	CHIFNET10NJ071_000508-T1	DBVPG3775_000486-T1
GF00001404	CHIFNET10NJ071_000509-T1	DBVPG3775_000485-T1
GF00001405	CHIFNET10NJ071_000510-T1	DBVPG3775_000484-T1
GF00001406	CHIFNET10NJ071_006998-T1	DBVPG3775_000477-T1
GF00001407	CHIFNET10NJ071_006999-T1	DBVPG3775_000476-T1
GF00001408	CHIFNET10NJ071_000524-T1	DBVPG3775_005453-T1
GF00001409	CHIFNET10NJ071_000525-T1	DBVPG3775_005452-T1
GF00001410	CHIFNET10NJ071_000526-T1	DBVPG3775_005257-T1
GF00001411	CHIFNET10NJ071_000528-T1	DBVPG3775_005259-T1
GF00001412	CHIFNET10NJ071_007202-T1	DBVPG3775_005260-T1
GF00001413	CHIFNET10NJ071_007201-T1	DBVPG3775_005261-T1
GF00001414	CHIFNET10NJ071_000531-T1	DBVPG3775_005262-T1
GF00001415	CHIFNET10NJ071_000532-T1	DBVPG3775_005263-T1
GF00001416	CHIFNET10NJ071_000533-T1	DBVPG3775_005264-T1
GF00001417	CHIFNET10NJ071_007197-T1	DBVPG3775_005265-T1
GF00001418	CHIFNET10NJ071_007184-T1	DBVPG3775_005267-T1
GF00001419	CHIFNET10NJ071_007185-T1	DBVPG3775_005268-T1
GF00001420	CHIFNET10NJ071_000538-T1	DBVPG3775_005269-T1
GF00001421	CHIFNET10NJ071_000539-T1	DBVPG3775_005270-T1
GF00001422	CHIFNET10NJ071_000541-T1	DBVPG3775_005272-T1
GF00001423	CHIFNET10NJ071_000546-T1	DBVPG3775_005276-T1
GF00001424	CHIFNET10NJ071_000547-T1	DBVPG3775_005277-T1
GF00001425	CHIFNET10NJ071_007196-T1	DBVPG3775_005279-T1
GF00001426	CHIFNET10NJ071_000551-T1	DBVPG3775_005280-T1
GF00001427	CHIFNET10NJ071_007181-T1	DBVPG3775_005281-T1
GF00001428	CHIFNET10NJ071_000553-T1	DBVPG3775_005282-T1
GF00001429	CHIFNET10NJ071_000554-T1	DBVPG3775_005283-T1
GF00001430	CHIFNET10NJ071_000555-T1	DBVPG3775_005284-T1
GF00001431	CHIFNET10NJ071_000556-T1	DBVPG3775_005285-T1
GF00001432	CHIFNET10NJ071_000557-T1	DBVPG3775_005286-T1
GF00001433	CHIFNET10NJ071_000558-T1	DBVPG3775_005287-T1
GF00001434	CHIFNET10NJ071_000559-T1	DBVPG3775_005288-T1
GF00001435	CHIFNET10NJ071_007170-T1	DBVPG3775_005291-T1
GF00001436	CHIFNET10NJ071_000563-T1	DBVPG3775_005292-T1
GF00001437	CHIFNET10NJ071_000566-T1	DBVPG3775_005297-T1
GF00001438	CHIFNET10NJ071_000567-T1	DBVPG3775_005298-T1
GF00001439	CHIFNET10NJ071_000568-T1	DBVPG3775_005299-T1
GF00001440	CHIFNET10NJ071_007163-T1	DBVPG3775_005301-T1
GF00001441	CHIFNET10NJ071_000570-T1	DBVPG3775_005302-T1
GF00001442	CHIFNET10NJ071_000572-T1	DBVPG3775_005304-T1
GF00001443	CHIFNET10NJ071_000573-T1	DBVPG3775_005305-T1
GF00001444	CHIFNET10NJ071_000576-T1	DBVPG3775_005308-T1
GF00001445	CHIFNET10NJ071_000577-T1	DBVPG3775_005309-T1
GF00001446	CHIFNET10NJ071_000579-T1	DBVPG3775_005311-T1
GF00001447	CHIFNET10NJ071_000580-T1	DBVPG3775_005312-T1
GF00001448	CHIFNET10NJ071_000589-T1	DBVPG3775_005319-T1
GF00001449	CHIFNET10NJ071_000590-T1	DBVPG3775_005320-T1
GF00001450	CHIFNET10NJ071_011384-T1	DBVPG3775_005322-T1
GF00001451	CHIFNET10NJ071_011381-T1	DBVPG3775_005325-T1
GF00001452	CHIFNET10NJ071_000596-T1	DBVPG3775_005326-T1
GF00001453	CHIFNET10NJ071_000598-T1	DBVPG3775_005328-T1
GF00001454	CHIFNET10NJ071_000599-T1	DBVPG3775_005329-T1
GF00001455	CHIFNET10NJ071_000600-T1	DBVPG3775_005330-T1
GF00001456	CHIFNET10NJ071_000601-T1	DBVPG3775_005331-T1
GF00001457	CHIFNET10NJ071_000602-T1	DBVPG3775_005332-T1
GF00001458	CHIFNET10NJ071_002074-T1	DBVPG3775_006029-T1
GF00001459	CHIFNET10NJ071_011373-T1	DBVPG3775_005333-T1
GF00001460	CHIFNET10NJ071_000606-T1	DBVPG3775_005336-T1
GF00001461	CHIFNET10NJ071_000607-T1	DBVPG3775_005337-T1
GF00001462	CHIFNET10NJ071_000608-T1	DBVPG3775_005338-T1
GF00001463	CHIFNET10NJ071_013703-T1	DBVPG3775_005339-T1
GF00001464	CHIFNET10NJ071_000610-T1	DBVPG3775_005340-T1
GF00001465	CHIFNET10NJ071_013706-T1	DBVPG3775_005342-T1
GF00001466	CHIFNET10NJ071_000613-T1	DBVPG3775_005343-T1
GF00001467	CHIFNET10NJ071_000614-T1	DBVPG3775_005344-T1
GF00001468	CHIFNET10NJ071_000615-T1	DBVPG3775_005345-T1
GF00001469	CHIFNET10NJ071_013711-T1	DBVPG3775_005347-T1
GF00001470	CHIFNET10NJ071_013712-T1	DBVPG3775_005348-T1
GF00001471	CHIFNET10NJ071_000619-T1	DBVPG3775_005349-T1
GF00001472	CHIFNET10NJ071_000621-T1	DBVPG3775_005351-T1
GF00001473	CHIFNET10NJ071_005389-T1	DBVPG3775_000084-T1
GF00001474	CHIFNET10NJ071_000624-T1	DBVPG3775_003047-T1
GF00001475	CHIFNET10NJ071_000625-T1	DBVPG3775_003046-T1
GF00001476	CHIFNET10NJ071_010991-T1	DBVPG3775_006100-T1
GF00001477	CHIFNET10NJ071_013143-T1	DBVPG3775_003042-T1
GF00001478	CHIFNET10NJ071_013142-T1	DBVPG3775_003041-T1
GF00001479	CHIFNET10NJ071_013141-T1	DBVPG3775_003040-T1
GF00001480	CHIFNET10NJ071_013138-T1	DBVPG3775_003037-T1
GF00001481	CHIFNET10NJ071_013137-T1	DBVPG3775_003036-T1
GF00001482	CHIFNET10NJ071_000637-T1	DBVPG3775_003034-T1
GF00001483	CHIFNET10NJ071_009199-T1	DBVPG3775_007146-T1
GF00001484	CHIFNET10NJ071_013134-T1	DBVPG3775_003033-T1
GF00001485	CHIFNET10NJ071_013133-T1	DBVPG3775_003032-T1
GF00001486	CHIFNET10NJ071_000641-T1	DBVPG3775_003030-T1
GF00001487	CHIFNET10NJ071_000642-T1	DBVPG3775_003029-T1
GF00001488	CHIFNET10NJ071_010886-T1	DBVPG3775_003028-T1
GF00001489	CHIFNET10NJ071_009670-T1	DBVPG3775_002676-T1
GF00001490	CHIFNET10NJ071_010888-T1	DBVPG3775_003026-T1
GF00001491	CHIFNET10NJ071_000646-T1	DBVPG3775_003025-T1
GF00001492	CHIFNET10NJ071_010892-T1	DBVPG3775_003022-T1
GF00001493	CHIFNET10NJ071_010893-T1	DBVPG3775_003021-T1
GF00001494	CHIFNET10NJ071_010897-T1	DBVPG3775_003017-T1
GF00001495	CHIFNET10NJ071_000655-T1	DBVPG3775_003016-T1
GF00001496	CHIFNET10NJ071_000657-T1	DBVPG3775_003014-T1
GF00001497	CHIFNET10NJ071_010901-T1	DBVPG3775_003013-T1
GF00001498	CHIFNET10NJ071_010902-T1	DBVPG3775_003012-T1
GF00001499	CHIFNET10NJ071_000660-T1	DBVPG3775_003010-T1
GF00001500	CHIFNET10NJ071_000661-T1	DBVPG3775_003009-T1
GF00001501	CHIFNET10NJ071_000667-T1	DBVPG3775_003004-T1
GF00001502	CHIFNET10NJ071_000669-T1	DBVPG3775_003001-T1
GF00001503	CHIFNET10NJ071_005097-T1	DBVPG3775_006562-T1
GF00001504	CHIFNET10NJ071_000675-T1	DBVPG3775_002996-T1
GF00001505	CHIFNET10NJ071_000678-T1	DBVPG3775_002993-T1
GF00001506	CHIFNET10NJ071_012482-T1	DBVPG3775_002990-T1
GF00001507	CHIFNET10NJ071_012481-T1	DBVPG3775_002989-T1
GF00001508	CHIFNET10NJ071_012476-T1	DBVPG3775_002984-T1
GF00001509	CHIFNET10NJ071_012475-T1	DBVPG3775_002983-T1
GF00001510	CHIFNET10NJ071_000688-T1	DBVPG3775_002982-T1
GF00001511	CHIFNET10NJ071_012473-T1	DBVPG3775_002981-T1
GF00001512	CHIFNET10NJ071_012472-T1	DBVPG3775_002980-T1
GF00001513	CHIFNET10NJ071_000691-T1	DBVPG3775_002979-T1
GF00001514	CHIFNET10NJ071_003487-T1	DBVPG3775_002037-T1
GF00001515	CHIFNET10NJ071_012468-T1	DBVPG3775_002976-T1
GF00001516	CHIFNET10NJ071_003083-T1	DBVPG3775_002974-T1
GF00001517	CHIFNET10NJ071_003084-T1	DBVPG3775_002973-T1
GF00001518	CHIFNET10NJ071_003085-T1	DBVPG3775_002972-T1
GF00001519	CHIFNET10NJ071_003086-T1	DBVPG3775_002971-T1
GF00001520	CHIFNET10NJ071_000701-T1	DBVPG3775_002970-T1
GF00001521	CHIFNET10NJ071_000702-T1	DBVPG3775_002969-T1
GF00001522	CHIFNET10NJ071_003089-T1	DBVPG3775_002968-T1
GF00001523	CHIFNET10NJ071_000704-T1	DBVPG3775_002967-T1
GF00001524	CHIFNET10NJ071_003093-T1	DBVPG3775_002964-T1
GF00001525	CHIFNET10NJ071_003095-T1	DBVPG3775_002962-T1
GF00001526	CHIFNET10NJ071_000710-T1	DBVPG3775_002961-T1
GF00001527	CHIFNET10NJ071_000711-T1	DBVPG3775_002960-T1
GF00001528	CHIFNET10NJ071_003098-T1	DBVPG3775_002959-T1
GF00001529	CHIFNET10NJ071_003099-T1	DBVPG3775_002958-T1
GF00001530	CHIFNET10NJ071_000714-T1	DBVPG3775_002957-T1
GF00001531	CHIFNET10NJ071_003101-T1	DBVPG3775_002956-T1
GF00001532	CHIFNET10NJ071_000716-T1	DBVPG3775_002955-T1
GF00001533	CHIFNET10NJ071_000717-T1	DBVPG3775_002954-T1
GF00001534	CHIFNET10NJ071_003104-T1	DBVPG3775_002953-T1
GF00001535	CHIFNET10NJ071_003105-T1	DBVPG3775_002952-T1
GF00001536	CHIFNET10NJ071_003771-T1	DBVPG3775_004772-T1
GF00001537	CHIFNET10NJ071_003107-T1	DBVPG3775_002950-T1
GF00001538	CHIFNET10NJ071_003108-T1	DBVPG3775_002949-T1
GF00001539	CHIFNET10NJ071_000726-T1	DBVPG3775_002945-T1
GF00001540	CHIFNET10NJ071_000734-T1	DBVPG3775_002939-T1
GF00001541	CHIFNET10NJ071_000735-T1	DBVPG3775_002938-T1
GF00001542	CHIFNET10NJ071_000740-T1	DBVPG3775_002933-T1
GF00001543	CHIFNET10NJ071_000741-T1	DBVPG3775_002931-T1
GF00001544	CHIFNET10NJ071_000742-T1	DBVPG3775_002930-T1
GF00001545	CHIFNET10NJ071_007607-T1	DBVPG3775_005041-T1
GF00001546	CHIFNET10NJ071_003128-T1	DBVPG3775_002929-T1
GF00001547	CHIFNET10NJ071_003129-T1	DBVPG3775_002928-T1
GF00001548	CHIFNET10NJ071_000747-T1	DBVPG3775_002927-T1
GF00001549	CHIFNET10NJ071_003131-T1	DBVPG3775_002926-T1
GF00001550	CHIFNET10NJ071_013388-T1	DBVPG3775_004485-T1
GF00001551	CHIFNET10NJ071_013387-T1	DBVPG3775_004487-T1
GF00001552	CHIFNET10NJ071_000760-T1	DBVPG3775_004489-T1
GF00001553	CHIFNET10NJ071_013384-T1	DBVPG3775_004490-T1
GF00001554	CHIFNET10NJ071_000765-T1	DBVPG3775_004493-T1
GF00001555	CHIFNET10NJ071_000768-T1	DBVPG3775_004496-T1
GF00001556	CHIFNET10NJ071_010724-T1	DBVPG3775_004498-T1
GF00001557	CHIFNET10NJ071_000771-T1	DBVPG3775_004499-T1
GF00001558	CHIFNET10NJ071_000773-T1	DBVPG3775_004500-T1
GF00001559	CHIFNET10NJ071_000774-T1	DBVPG3775_004501-T1
GF00001560	CHIFNET10NJ071_010719-T1	DBVPG3775_004503-T1
GF00001561	CHIFNET10NJ071_000779-T1	DBVPG3775_004506-T1
GF00001562	CHIFNET10NJ071_000780-T1	DBVPG3775_004507-T1
GF00001563	CHIFNET10NJ071_010714-T1	DBVPG3775_004508-T1
GF00001564	CHIFNET10NJ071_000782-T1	DBVPG3775_004509-T1
GF00001565	CHIFNET10NJ071_007582-T1	DBVPG3775_005017-T1
GF00001566	CHIFNET10NJ071_000784-T1	DBVPG3775_004511-T1
GF00001567	CHIFNET10NJ071_010708-T1	DBVPG3775_004514-T1
GF00001568	CHIFNET10NJ071_000788-T1	DBVPG3775_004515-T1
GF00001569	CHIFNET10NJ071_000789-T1	DBVPG3775_004516-T1
GF00001570	CHIFNET10NJ071_000790-T1	DBVPG3775_004517-T1
GF00001571	CHIFNET10NJ071_000792-T1	DBVPG3775_004519-T1
GF00001572	CHIFNET10NJ071_006111-T1	DBVPG3775_001599-T1
GF00001573	CHIFNET10NJ071_000795-T1	DBVPG3775_004522-T1
GF00001574	CHIFNET10NJ071_000799-T1	DBVPG3775_004525-T1
GF00001575	CHIFNET10NJ071_000800-T1	DBVPG3775_004526-T1
GF00001576	CHIFNET10NJ071_009348-T1	DBVPG3775_004527-T1
GF00001577	CHIFNET10NJ071_000802-T1	DBVPG3775_004528-T1
GF00001578	CHIFNET10NJ071_000803-T1	DBVPG3775_004529-T1
GF00001579	CHIFNET10NJ071_000804-T1	DBVPG3775_004530-T1
GF00001580	CHIFNET10NJ071_000805-T1	DBVPG3775_004531-T1
GF00001581	CHIFNET10NJ071_000806-T1	DBVPG3775_004532-T1
GF00001582	CHIFNET10NJ071_009357-T1	DBVPG3775_004534-T1
GF00001583	CHIFNET10NJ071_009360-T1	DBVPG3775_004537-T1
GF00001584	CHIFNET10NJ071_000813-T1	DBVPG3775_004539-T1
GF00001585	CHIFNET10NJ071_000816-T1	DBVPG3775_004542-T1
GF00001586	CHIFNET10NJ071_009365-T1	DBVPG3775_004543-T1
GF00001587	CHIFNET10NJ071_009370-T1	DBVPG3775_004547-T1
GF00001588	CHIFNET10NJ071_009371-T1	DBVPG3775_004548-T1
GF00001589	CHIFNET10NJ071_000826-T1	DBVPG3775_004551-T1
GF00001590	CHIFNET10NJ071_000827-T1	DBVPG3775_004552-T1
GF00001591	CHIFNET10NJ071_000828-T1	DBVPG3775_004553-T1
GF00001592	CHIFNET10NJ071_006538-T1	DBVPG3775_006444-T1
GF00001593	CHIFNET10NJ071_009378-T1	DBVPG3775_004554-T1
GF00001594	CHIFNET10NJ071_000830-T1	DBVPG3775_004555-T1
GF00001595	CHIFNET10NJ071_009382-T1	DBVPG3775_004560-T1
GF00001596	CHIFNET10NJ071_009383-T1	DBVPG3775_004561-T1
GF00001597	CHIFNET10NJ071_000837-T1	DBVPG3775_004562-T1
GF00001598	CHIFNET10NJ071_000840-T1	DBVPG3775_004565-T1
GF00001599	CHIFNET10NJ071_000844-T1	DBVPG3775_004569-T1
GF00001600	CHIFNET10NJ071_000845-T1	DBVPG3775_004570-T1
GF00001601	CHIFNET10NJ071_014378-T1	DBVPG3775_006507-T1
GF00001602	CHIFNET10NJ071_000848-T1	DBVPG3775_006509-T1
GF00001603	CHIFNET10NJ071_007953-T1	DBVPG3775_002140-T1
GF00001604	CHIFNET10NJ071_010216-T1	DBVPG3775_006510-T1
GF00001605	CHIFNET10NJ071_000850-T1	DBVPG3775_006511-T1
GF00001606	CHIFNET10NJ071_000851-T1	DBVPG3775_006512-T1
GF00001607	CHIFNET10NJ071_010219-T1	DBVPG3775_006513-T1
GF00001608	CHIFNET10NJ071_000854-T1	DBVPG3775_006516-T1
GF00001609	CHIFNET10NJ071_000855-T1	DBVPG3775_006517-T1
GF00001610	CHIFNET10NJ071_010227-T1	DBVPG3775_006521-T1
GF00001611	CHIFNET10NJ071_000860-T1	DBVPG3775_006522-T1
GF00001612	CHIFNET10NJ071_010233-T1	DBVPG3775_006527-T1
GF00001613	CHIFNET10NJ071_010238-T1	DBVPG3775_006532-T1
GF00001614	CHIFNET10NJ071_010239-T1	DBVPG3775_006533-T1
GF00001615	CHIFNET10NJ071_010240-T1	DBVPG3775_006534-T1
GF00001616	CHIFNET10NJ071_010241-T1	DBVPG3775_006535-T1
GF00001617	CHIFNET10NJ071_000873-T1	DBVPG3775_006536-T1
GF00001618	CHIFNET10NJ071_000882-T1	DBVPG3775_006697-T1
GF00001619	CHIFNET10NJ071_008724-T1	DBVPG3775_006702-T1
GF00001620	CHIFNET10NJ071_000886-T1	DBVPG3775_006703-T1
GF00001621	CHIFNET10NJ071_000887-T1	DBVPG3775_006704-T1
GF00001622	CHIFNET10NJ071_008727-T1	DBVPG3775_006705-T1
GF00001623	CHIFNET10NJ071_008728-T1	DBVPG3775_006706-T1
GF00001624	CHIFNET10NJ071_008729-T1	DBVPG3775_006707-T1
GF00001625	CHIFNET10NJ071_000891-T1	DBVPG3775_006708-T1
GF00001626	CHIFNET10NJ071_000893-T1	DBVPG3775_006710-T1
GF00001627	CHIFNET10NJ071_000894-T1	DBVPG3775_006711-T1
GF00001628	CHIFNET10NJ071_000895-T1	DBVPG3775_006712-T1
GF00001629	CHIFNET10NJ071_000896-T1	DBVPG3775_006713-T1
GF00001630	CHIFNET10NJ071_008736-T1	DBVPG3775_006714-T1
GF00001631	CHIFNET10NJ071_008737-T1	DBVPG3775_006715-T1
GF00001632	CHIFNET10NJ071_000899-T1	DBVPG3775_006716-T1
GF00001633	CHIFNET10NJ071_008739-T1	DBVPG3775_006717-T1
GF00001634	CHIFNET10NJ071_000901-T1	DBVPG3775_006718-T1
GF00001635	CHIFNET10NJ071_008741-T1	DBVPG3775_006719-T1
GF00001636	CHIFNET10NJ071_008742-T1	DBVPG3775_006720-T1
GF00001637	CHIFNET10NJ071_000904-T1	DBVPG3775_006721-T1
GF00001638	CHIFNET10NJ071_008745-T1	DBVPG3775_006723-T1
GF00001639	CHIFNET10NJ071_000909-T1	DBVPG3775_006727-T1
GF00001640	CHIFNET10NJ071_000910-T1	DBVPG3775_006728-T1
GF00001641	CHIFNET10NJ071_000911-T1	DBVPG3775_006729-T1
GF00001642	CHIFNET10NJ071_000912-T1	DBVPG3775_006730-T1
GF00001643	CHIFNET10NJ071_008752-T1	DBVPG3775_006731-T1
GF00001644	CHIFNET10NJ071_000914-T1	DBVPG3775_006732-T1
GF00001645	CHIFNET10NJ071_000915-T1	DBVPG3775_006733-T1
GF00001646	CHIFNET10NJ071_008755-T1	DBVPG3775_006734-T1
GF00001647	CHIFNET10NJ071_008760-T1	DBVPG3775_006740-T1
GF00001648	CHIFNET10NJ071_000922-T1	DBVPG3775_006742-T1
GF00001649	CHIFNET10NJ071_000923-T1	DBVPG3775_001889-T1
GF00001650	CHIFNET10NJ071_000924-T1	DBVPG3775_001890-T1
GF00001651	CHIFNET10NJ071_008061-T1	DBVPG3775_001891-T1
GF00001652	CHIFNET10NJ071_008062-T1	DBVPG3775_001892-T1
GF00001653	CHIFNET10NJ071_008064-T1	DBVPG3775_001894-T1
GF00001654	CHIFNET10NJ071_008067-T1	DBVPG3775_001897-T1
GF00001655	CHIFNET10NJ071_000933-T1	DBVPG3775_001898-T1
GF00001656	CHIFNET10NJ071_000934-T1	DBVPG3775_001899-T1
GF00001657	CHIFNET10NJ071_000935-T1	DBVPG3775_001900-T1
GF00001658	CHIFNET10NJ071_000936-T1	DBVPG3775_001901-T1
GF00001659	CHIFNET10NJ071_008076-T1	DBVPG3775_001906-T1
GF00001660	CHIFNET10NJ071_000942-T1	DBVPG3775_001908-T1
GF00001661	CHIFNET10NJ071_008079-T1	DBVPG3775_001909-T1
GF00001662	CHIFNET10NJ071_008080-T1	DBVPG3775_001910-T1
GF00001663	CHIFNET10NJ071_000945-T1	DBVPG3775_001911-T1
GF00001664	CHIFNET10NJ071_008082-T1	DBVPG3775_001912-T1
GF00001665	CHIFNET10NJ071_008083-T1	DBVPG3775_001913-T1
GF00001666	CHIFNET10NJ071_000948-T1	DBVPG3775_001914-T1
GF00001667	CHIFNET10NJ071_000949-T1	DBVPG3775_001915-T1
GF00001668	CHIFNET10NJ071_000950-T1	DBVPG3775_001916-T1
GF00001669	CHIFNET10NJ071_000951-T1	DBVPG3775_001917-T1
GF00001670	CHIFNET10NJ071_008089-T1	DBVPG3775_001919-T1
GF00001671	CHIFNET10NJ071_000954-T1	DBVPG3775_001920-T1
GF00001672	CHIFNET10NJ071_008091-T1	DBVPG3775_001921-T1
GF00001673	CHIFNET10NJ071_000956-T1	DBVPG3775_001922-T1
GF00001674	CHIFNET10NJ071_000957-T1	DBVPG3775_001923-T1
GF00001675	CHIFNET10NJ071_000958-T1	DBVPG3775_001924-T1
GF00001676	CHIFNET10NJ071_000959-T1	DBVPG3775_001925-T1
GF00001677	CHIFNET10NJ071_000960-T1	DBVPG3775_001926-T1
GF00001678	CHIFNET10NJ071_000961-T1	DBVPG3775_001927-T1
GF00001679	CHIFNET10NJ071_000962-T1	DBVPG3775_001928-T1
GF00001680	CHIFNET10NJ071_000963-T1	DBVPG3775_001929-T1
GF00001681	CHIFNET10NJ071_000964-T1	DBVPG3775_001930-T1
GF00001682	CHIFNET10NJ071_008101-T1	DBVPG3775_001931-T1
GF00001683	CHIFNET10NJ071_000966-T1	DBVPG3775_001932-T1
GF00001684	CHIFNET10NJ071_000967-T1	DBVPG3775_001933-T1
GF00001685	CHIFNET10NJ071_008105-T1	DBVPG3775_001935-T1
GF00001686	CHIFNET10NJ071_000971-T1	DBVPG3775_001937-T1
GF00001687	CHIFNET10NJ071_000972-T1	DBVPG3775_001938-T1
GF00001688	CHIFNET10NJ071_000974-T1	DBVPG3775_001940-T1
GF00001689	CHIFNET10NJ071_008111-T1	DBVPG3775_001941-T1
GF00001690	CHIFNET10NJ071_000976-T1	DBVPG3775_001942-T1
GF00001691	CHIFNET10NJ071_000978-T1	DBVPG3775_001944-T1
GF00001692	CHIFNET10NJ071_000980-T1	DBVPG3775_001946-T1
GF00001693	CHIFNET10NJ071_010471-T1	DBVPG3775_001947-T1
GF00001694	CHIFNET10NJ071_000982-T1	DBVPG3775_001948-T1
GF00001695	CHIFNET10NJ071_000984-T1	DBVPG3775_001950-T1
GF00001696	CHIFNET10NJ071_000985-T1	DBVPG3775_001951-T1
GF00001697	CHIFNET10NJ071_010476-T1	DBVPG3775_001952-T1
GF00001698	CHIFNET10NJ071_010477-T1	DBVPG3775_001953-T1
GF00001699	CHIFNET10NJ071_000989-T1	DBVPG3775_001956-T1
GF00001700	CHIFNET10NJ071_010482-T1	DBVPG3775_001958-T1
GF00001701	CHIFNET10NJ071_010483-T1	DBVPG3775_001959-T1
GF00001702	CHIFNET10NJ071_010484-T1	DBVPG3775_001960-T1
GF00001703	CHIFNET10NJ071_010489-T1	DBVPG3775_001965-T1
GF00001704	CHIFNET10NJ071_010491-T1	DBVPG3775_001967-T1
GF00001705	CHIFNET10NJ071_001001-T1	DBVPG3775_001969-T1
GF00001706	CHIFNET10NJ071_001002-T1	DBVPG3775_001970-T1
GF00001707	CHIFNET10NJ071_010495-T1	DBVPG3775_001971-T1
GF00001708	CHIFNET10NJ071_010498-T1	DBVPG3775_001974-T1
GF00001709	CHIFNET10NJ071_010499-T1	DBVPG3775_001975-T1
GF00001710	CHIFNET10NJ071_001012-T1	DBVPG3775_001977-T1
GF00001711	CHIFNET10NJ071_001013-T1	DBVPG3775_001978-T1
GF00001712	CHIFNET10NJ071_003544-T1	DBVPG3775_001979-T1
GF00001713	CHIFNET10NJ071_001144-T1	DBVPG3775_003049-T1
GF00001714	CHIFNET10NJ071_008334-T1	DBVPG3775_003050-T1
GF00001715	CHIFNET10NJ071_008339-T1	DBVPG3775_003052-T1
GF00001716	CHIFNET10NJ071_001148-T1	DBVPG3775_003053-T1
GF00001717	CHIFNET10NJ071_001149-T1	DBVPG3775_003054-T1
GF00001718	CHIFNET10NJ071_008342-T1	DBVPG3775_003055-T1
GF00001719	CHIFNET10NJ071_001151-T1	DBVPG3775_003056-T1
GF00001720	CHIFNET10NJ071_001152-T1	DBVPG3775_003057-T1
GF00001721	CHIFNET10NJ071_008345-T1	DBVPG3775_003058-T1
GF00001722	CHIFNET10NJ071_001154-T1	DBVPG3775_003059-T1
GF00001723	CHIFNET10NJ071_008347-T1	DBVPG3775_003060-T1
GF00001724	CHIFNET10NJ071_001156-T1	DBVPG3775_003061-T1
GF00001725	CHIFNET10NJ071_001158-T1	DBVPG3775_003063-T1
GF00001726	CHIFNET10NJ071_001162-T1	DBVPG3775_003067-T1
GF00001727	CHIFNET10NJ071_001163-T1	DBVPG3775_003068-T1
GF00001728	CHIFNET10NJ071_001164-T1	DBVPG3775_003069-T1
GF00001729	CHIFNET10NJ071_001165-T1	DBVPG3775_003070-T1
GF00001730	CHIFNET10NJ071_001167-T1	DBVPG3775_003072-T1
GF00001731	CHIFNET10NJ071_008359-T1	DBVPG3775_003073-T1
GF00001732	CHIFNET10NJ071_001169-T1	DBVPG3775_003074-T1
GF00001733	CHIFNET10NJ071_001172-T1	DBVPG3775_003077-T1
GF00001734	CHIFNET10NJ071_008365-T1	DBVPG3775_003078-T1
GF00001735	CHIFNET10NJ071_001174-T1	DBVPG3775_003079-T1
GF00001736	CHIFNET10NJ071_014415-T1	DBVPG3775_002542-T1
GF00001737	CHIFNET10NJ071_012493-T1	DBVPG3775_003668-T1
GF00001738	CHIFNET10NJ071_001177-T1	DBVPG3775_003082-T1
GF00001739	CHIFNET10NJ071_001178-T1	DBVPG3775_003083-T1
GF00001740	CHIFNET10NJ071_001180-T1	DBVPG3775_003085-T1
GF00001741	CHIFNET10NJ071_001181-T1	DBVPG3775_003086-T1
GF00001742	CHIFNET10NJ071_008375-T1	DBVPG3775_003088-T1
GF00001743	CHIFNET10NJ071_001184-T1	DBVPG3775_003089-T1
GF00001744	CHIFNET10NJ071_001186-T1	DBVPG3775_003091-T1
GF00001745	CHIFNET10NJ071_001188-T1	DBVPG3775_003093-T1
GF00001746	CHIFNET10NJ071_008117-T1	DBVPG3775_003094-T1
GF00001747	CHIFNET10NJ071_013057-T1	DBVPG3775_001081-T1
GF00001748	CHIFNET10NJ071_008121-T1	DBVPG3775_003097-T1
GF00001749	CHIFNET10NJ071_001194-T1	DBVPG3775_003099-T1
GF00001750	CHIFNET10NJ071_001196-T1	DBVPG3775_003101-T1
GF00001751	CHIFNET10NJ071_008126-T1	DBVPG3775_003102-T1
GF00001752	CHIFNET10NJ071_001198-T1	DBVPG3775_003103-T1
GF00001753	CHIFNET10NJ071_001201-T1	DBVPG3775_003106-T1
GF00001754	CHIFNET10NJ071_007522-T1	DBVPG3775_002553-T1
GF00001755	CHIFNET10NJ071_008132-T1	DBVPG3775_003109-T1
GF00001756	CHIFNET10NJ071_001205-T1	DBVPG3775_003110-T1
GF00001757	CHIFNET10NJ071_001206-T1	DBVPG3775_003111-T1
GF00001758	CHIFNET10NJ071_003213-T1	DBVPG3775_004061-T1
GF00001759	CHIFNET10NJ071_001210-T1	DBVPG3775_003116-T1
GF00001760	CHIFNET10NJ071_008139-T1	DBVPG3775_003117-T1
GF00001761	CHIFNET10NJ071_001212-T1	DBVPG3775_003118-T1
GF00001762	CHIFNET10NJ071_001214-T1	DBVPG3775_003121-T1
GF00001763	CHIFNET10NJ071_001215-T1	DBVPG3775_003122-T1
GF00001764	CHIFNET10NJ071_008144-T1	DBVPG3775_003123-T1
GF00001765	CHIFNET10NJ071_001217-T1	DBVPG3775_003124-T1
GF00001766	CHIFNET10NJ071_001218-T1	DBVPG3775_003125-T1
GF00001767	CHIFNET10NJ071_001219-T1	DBVPG3775_003126-T1
GF00001768	CHIFNET10NJ071_008148-T1	DBVPG3775_003127-T1
GF00001769	CHIFNET10NJ071_008149-T1	DBVPG3775_003128-T1
GF00001770	CHIFNET10NJ071_001222-T1	DBVPG3775_003129-T1
GF00001771	CHIFNET10NJ071_001223-T1	DBVPG3775_003130-T1
GF00001772	CHIFNET10NJ071_008152-T1	DBVPG3775_003131-T1
GF00001773	CHIFNET10NJ071_007586-T1	DBVPG3775_005021-T1
GF00001774	CHIFNET10NJ071_001228-T1	DBVPG3775_003135-T1
GF00001775	CHIFNET10NJ071_001231-T1	DBVPG3775_003139-T1
GF00001776	CHIFNET10NJ071_001232-T1	DBVPG3775_003140-T1
GF00001777	CHIFNET10NJ071_001233-T1	DBVPG3775_003141-T1
GF00001778	CHIFNET10NJ071_001234-T1	DBVPG3775_003142-T1
GF00001779	CHIFNET10NJ071_013286-T1	DBVPG3775_003144-T1
GF00001780	CHIFNET10NJ071_013287-T1	DBVPG3775_003145-T1
GF00001781	CHIFNET10NJ071_013288-T1	DBVPG3775_003146-T1
GF00001782	CHIFNET10NJ071_001240-T1	DBVPG3775_003148-T1
GF00001783	CHIFNET10NJ071_001242-T1	DBVPG3775_003150-T1
GF00001784	CHIFNET10NJ071_001243-T1	DBVPG3775_003151-T1
GF00001785	CHIFNET10NJ071_013293-T1	DBVPG3775_003152-T1
GF00001786	CHIFNET10NJ071_001246-T1	DBVPG3775_003154-T1
GF00001787	CHIFNET10NJ071_013296-T1	DBVPG3775_003155-T1
GF00001788	CHIFNET10NJ071_001249-T1	DBVPG3775_003157-T1
GF00001789	CHIFNET10NJ071_001250-T1	DBVPG3775_003158-T1
GF00001790	CHIFNET10NJ071_001251-T1	DBVPG3775_003159-T1
GF00001791	CHIFNET10NJ071_013301-T1	DBVPG3775_003160-T1
GF00001792	CHIFNET10NJ071_001253-T1	DBVPG3775_003161-T1
GF00001793	CHIFNET10NJ071_001256-T1	DBVPG3775_003164-T1
GF00001794	CHIFNET10NJ071_001257-T1	DBVPG3775_003165-T1
GF00001795	CHIFNET10NJ071_007917-T1	DBVPG3775_003167-T1
GF00001796	CHIFNET10NJ071_002471-T1	DBVPG3775_003893-T1
GF00001797	CHIFNET10NJ071_012463-T1	DBVPG3775_001039-T1
GF00001798	CHIFNET10NJ071_001260-T1	DBVPG3775_003168-T1
GF00001799	CHIFNET10NJ071_001261-T1	DBVPG3775_003169-T1
GF00001800	CHIFNET10NJ071_001263-T1	DBVPG3775_003171-T1
GF00001801	CHIFNET10NJ071_007911-T1	DBVPG3775_003173-T1
GF00001802	CHIFNET10NJ071_001266-T1	DBVPG3775_003174-T1
GF00001803	CHIFNET10NJ071_007909-T1	DBVPG3775_003175-T1
GF00001804	CHIFNET10NJ071_001269-T1	DBVPG3775_003177-T1
GF00001805	CHIFNET10NJ071_001270-T1	DBVPG3775_003178-T1
GF00001806	CHIFNET10NJ071_001275-T1	DBVPG3775_003183-T1
GF00001807	CHIFNET10NJ071_001276-T1	DBVPG3775_003184-T1
GF00001808	CHIFNET10NJ071_001278-T1	DBVPG3775_003186-T1
GF00001809	CHIFNET10NJ071_011794-T1	DBVPG3775_002709-T1
GF00001810	CHIFNET10NJ071_001282-T1	DBVPG3775_002708-T1
GF00001811	CHIFNET10NJ071_001283-T1	DBVPG3775_002707-T1
GF00001812	CHIFNET10NJ071_001285-T1	DBVPG3775_002705-T1
GF00001813	CHIFNET10NJ071_001286-T1	DBVPG3775_002704-T1
GF00001814	CHIFNET10NJ071_001287-T1	DBVPG3775_002703-T1
GF00001815	CHIFNET10NJ071_011787-T1	DBVPG3775_002702-T1
GF00001816	CHIFNET10NJ071_001291-T1	DBVPG3775_002699-T1
GF00001817	CHIFNET10NJ071_001292-T1	DBVPG3775_002698-T1
GF00001818	CHIFNET10NJ071_001294-T1	DBVPG3775_002696-T1
GF00001819	CHIFNET10NJ071_001295-T1	DBVPG3775_002695-T1
GF00001820	CHIFNET10NJ071_001297-T1	DBVPG3775_002693-T1
GF00001821	CHIFNET10NJ071_001298-T1	DBVPG3775_002692-T1
GF00001822	CHIFNET10NJ071_001299-T1	DBVPG3775_002691-T1
GF00001823	CHIFNET10NJ071_001301-T1	DBVPG3775_002689-T1
GF00001824	CHIFNET10NJ071_014388-T1	DBVPG3775_002687-T1
GF00001825	CHIFNET10NJ071_001304-T1	DBVPG3775_002686-T1
GF00001826	CHIFNET10NJ071_001305-T1	DBVPG3775_002685-T1
GF00001827	CHIFNET10NJ071_001306-T1	DBVPG3775_002684-T1
GF00001828	CHIFNET10NJ071_014392-T1	DBVPG3775_002683-T1
GF00001829	CHIFNET10NJ071_001308-T1	DBVPG3775_002682-T1
GF00001830	CHIFNET10NJ071_009674-T1	DBVPG3775_002680-T1
GF00001831	CHIFNET10NJ071_009673-T1	DBVPG3775_002679-T1
GF00001832	CHIFNET10NJ071_001312-T1	DBVPG3775_002678-T1
GF00001833	CHIFNET10NJ071_001315-T1	DBVPG3775_002675-T1
GF00001834	CHIFNET10NJ071_001317-T1	DBVPG3775_002674-T1
GF00001835	CHIFNET10NJ071_009667-T1	DBVPG3775_002673-T1
GF00001836	CHIFNET10NJ071_001320-T1	DBVPG3775_002671-T1
GF00001837	CHIFNET10NJ071_001321-T1	DBVPG3775_002670-T1
GF00001838	CHIFNET10NJ071_001322-T1	DBVPG3775_002669-T1
GF00001839	CHIFNET10NJ071_001328-T1	DBVPG3775_002664-T1
GF00001840	CHIFNET10NJ071_001330-T1	DBVPG3775_002662-T1
GF00001841	CHIFNET10NJ071_001331-T1	DBVPG3775_002661-T1
GF00001842	CHIFNET10NJ071_001332-T1	DBVPG3775_002660-T1
GF00001843	CHIFNET10NJ071_012539-T1	DBVPG3775_007025-T1
GF00001844	CHIFNET10NJ071_001333-T1	DBVPG3775_002659-T1
GF00001845	CHIFNET10NJ071_001335-T1	DBVPG3775_002657-T1
GF00001846	CHIFNET10NJ071_001336-T1	DBVPG3775_002656-T1
GF00001847	CHIFNET10NJ071_011656-T1	DBVPG3775_006341-T1
GF00001848	CHIFNET10NJ071_001338-T1	DBVPG3775_002654-T1
GF00001849	CHIFNET10NJ071_009647-T1	DBVPG3775_002653-T1
GF00001850	CHIFNET10NJ071_009645-T1	DBVPG3775_002651-T1
GF00001851	CHIFNET10NJ071_001342-T1	DBVPG3775_002650-T1
GF00001852	CHIFNET10NJ071_001344-T1	DBVPG3775_002648-T1
GF00001853	CHIFNET10NJ071_014205-T1	DBVPG3775_002647-T1
GF00001854	CHIFNET10NJ071_001346-T1	DBVPG3775_002646-T1
GF00001855	CHIFNET10NJ071_014203-T1	DBVPG3775_002645-T1
GF00001856	CHIFNET10NJ071_001348-T1	DBVPG3775_002644-T1
GF00001857	CHIFNET10NJ071_014125-T1	DBVPG3775_002641-T1
GF00001858	CHIFNET10NJ071_001353-T1	DBVPG3775_002640-T1
GF00001859	CHIFNET10NJ071_001354-T1	DBVPG3775_002639-T1
GF00001860	CHIFNET10NJ071_001355-T1	DBVPG3775_002638-T1
GF00001861	CHIFNET10NJ071_001357-T1	DBVPG3775_002636-T1
GF00001862	CHIFNET10NJ071_001358-T1	DBVPG3775_002635-T1
GF00001863	CHIFNET10NJ071_010824-T1	DBVPG3775_002632-T1
GF00001864	CHIFNET10NJ071_001362-T1	DBVPG3775_002631-T1
GF00001865	CHIFNET10NJ071_001363-T1	DBVPG3775_002630-T1
GF00001866	CHIFNET10NJ071_010827-T1	DBVPG3775_002629-T1
GF00001867	CHIFNET10NJ071_001365-T1	DBVPG3775_002628-T1
GF00001868	CHIFNET10NJ071_001366-T1	DBVPG3775_002627-T1
GF00001869	CHIFNET10NJ071_001369-T1	DBVPG3775_002624-T1
GF00001870	CHIFNET10NJ071_010834-T1	DBVPG3775_002621-T1
GF00001871	CHIFNET10NJ071_010835-T1	DBVPG3775_002620-T1
GF00001872	CHIFNET10NJ071_001374-T1	DBVPG3775_002619-T1
GF00001873	CHIFNET10NJ071_001377-T1	DBVPG3775_002616-T1
GF00001874	CHIFNET10NJ071_001378-T1	DBVPG3775_002615-T1
GF00001875	CHIFNET10NJ071_001379-T1	DBVPG3775_002614-T1
GF00001876	CHIFNET10NJ071_010841-T1	DBVPG3775_002613-T1
GF00001877	CHIFNET10NJ071_001381-T1	DBVPG3775_002612-T1
GF00001878	CHIFNET10NJ071_001382-T1	DBVPG3775_002611-T1
GF00001879	CHIFNET10NJ071_001386-T1	DBVPG3775_002607-T1
GF00001880	CHIFNET10NJ071_014513-T1	DBVPG3775_002603-T1
GF00001881	CHIFNET10NJ071_001395-T1	DBVPG3775_002599-T1
GF00001882	CHIFNET10NJ071_001398-T1	DBVPG3775_004263-T1
GF00001883	CHIFNET10NJ071_009583-T1	DBVPG3775_004264-T1
GF00001884	CHIFNET10NJ071_009582-T1	DBVPG3775_004265-T1
GF00001885	CHIFNET10NJ071_001401-T1	DBVPG3775_004266-T1
GF00001886	CHIFNET10NJ071_011909-T1	DBVPG3775_004269-T1
GF00001887	CHIFNET10NJ071_011908-T1	DBVPG3775_004270-T1
GF00001888	CHIFNET10NJ071_001406-T1	DBVPG3775_004271-T1
GF00001889	CHIFNET10NJ071_011906-T1	DBVPG3775_004272-T1
GF00001890	CHIFNET10NJ071_011905-T1	DBVPG3775_004273-T1
GF00001891	CHIFNET10NJ071_011904-T1	DBVPG3775_004274-T1
GF00001892	CHIFNET10NJ071_001414-T1	DBVPG3775_004278-T1
GF00001893	CHIFNET10NJ071_001415-T1	DBVPG3775_004279-T1
GF00001894	CHIFNET10NJ071_011898-T1	DBVPG3775_004280-T1
GF00001895	CHIFNET10NJ071_001417-T1	DBVPG3775_004281-T1
GF00001896	CHIFNET10NJ071_011896-T1	DBVPG3775_004282-T1
GF00001897	CHIFNET10NJ071_011895-T1	DBVPG3775_004283-T1
GF00001898	CHIFNET10NJ071_001420-T1	DBVPG3775_004284-T1
GF00001899	CHIFNET10NJ071_001421-T1	DBVPG3775_004285-T1
GF00001900	CHIFNET10NJ071_001422-T1	DBVPG3775_004286-T1
GF00001901	CHIFNET10NJ071_008628-T1	DBVPG3775_004290-T1
GF00001902	CHIFNET10NJ071_008629-T1	DBVPG3775_004291-T1
GF00001903	CHIFNET10NJ071_001429-T1	DBVPG3775_004292-T1
GF00001904	CHIFNET10NJ071_008537-T1	DBVPG3775_004138-T1
GF00001905	CHIFNET10NJ071_008457-T1	
GF00001906	CHIFNET10NJ071_001435-T1	DBVPG3775_004295-T1
GF00001907	CHIFNET10NJ071_008634-T1	DBVPG3775_004296-T1
GF00001908	CHIFNET10NJ071_001437-T1	DBVPG3775_004297-T1
GF00001909	CHIFNET10NJ071_008637-T1	DBVPG3775_004299-T1
GF00001910	CHIFNET10NJ071_008639-T1	DBVPG3775_004301-T1
GF00001911	CHIFNET10NJ071_001442-T1	DBVPG3775_004302-T1
GF00001912	CHIFNET10NJ071_008641-T1	DBVPG3775_004303-T1
GF00001913	CHIFNET10NJ071_001444-T1	DBVPG3775_004304-T1
GF00001914	CHIFNET10NJ071_008643-T1	DBVPG3775_004305-T1
GF00001915	CHIFNET10NJ071_008650-T1	DBVPG3775_004312-T1
GF00001916	CHIFNET10NJ071_008651-T1	DBVPG3775_004313-T1
GF00001917	CHIFNET10NJ071_008652-T1	DBVPG3775_004314-T1
GF00001918	CHIFNET10NJ071_001453-T1	DBVPG3775_004315-T1
GF00001919	CHIFNET10NJ071_008654-T1	DBVPG3775_004316-T1
GF00001920	CHIFNET10NJ071_008655-T1	DBVPG3775_004317-T1
GF00001921	CHIFNET10NJ071_001459-T1	DBVPG3775_004321-T1
GF00001922	CHIFNET10NJ071_008660-T1	DBVPG3775_004322-T1
GF00001923	CHIFNET10NJ071_001461-T1	DBVPG3775_004323-T1
GF00001924	CHIFNET10NJ071_008664-T1	DBVPG3775_004328-T1
GF00001925	CHIFNET10NJ071_001467-T1	DBVPG3775_004330-T1
GF00001926	CHIFNET10NJ071_008669-T1	DBVPG3775_004334-T1
GF00001927	CHIFNET10NJ071_003279-T1	DBVPG3775_004337-T1
GF00001928	CHIFNET10NJ071_002233-T1	DBVPG3775_007319-T1
GF00001929	CHIFNET10NJ071_001475-T1	DBVPG3775_004340-T1
GF00001930	CHIFNET10NJ071_003275-T1	DBVPG3775_004341-T1
GF00001931	CHIFNET10NJ071_003273-T1	DBVPG3775_004344-T1
GF00001932	CHIFNET10NJ071_001479-T1	DBVPG3775_004345-T1
GF00001933	CHIFNET10NJ071_003268-T1	DBVPG3775_004349-T1
GF00001934	CHIFNET10NJ071_003267-T1	DBVPG3775_004350-T1
GF00001935	CHIFNET10NJ071_003266-T1	DBVPG3775_004112-T1
GF00001936	CHIFNET10NJ071_003265-T1	DBVPG3775_004111-T1
GF00001937	CHIFNET10NJ071_001486-T1	DBVPG3775_004110-T1
GF00001938	CHIFNET10NJ071_003263-T1	DBVPG3775_004109-T1
GF00001939	CHIFNET10NJ071_014639-T1	
GF00001940	CHIFNET10NJ071_003260-T1	DBVPG3775_004106-T1
GF00001941	CHIFNET10NJ071_001493-T1	DBVPG3775_004105-T1
GF00001942	CHIFNET10NJ071_003258-T1	DBVPG3775_004104-T1
GF00001943	CHIFNET10NJ071_001496-T1	DBVPG3775_004102-T1
GF00001944	CHIFNET10NJ071_001497-T1	DBVPG3775_004101-T1
GF00001945	CHIFNET10NJ071_003253-T1	DBVPG3775_004100-T1
GF00001946	CHIFNET10NJ071_003252-T1	DBVPG3775_004099-T1
GF00001947	CHIFNET10NJ071_001500-T1	DBVPG3775_004098-T1
GF00001948	CHIFNET10NJ071_001502-T1	DBVPG3775_004096-T1
GF00001949	CHIFNET10NJ071_003248-T1	DBVPG3775_004095-T1
GF00001950	CHIFNET10NJ071_001504-T1	DBVPG3775_004094-T1
GF00001951	CHIFNET10NJ071_003246-T1	DBVPG3775_004093-T1
GF00001952	CHIFNET10NJ071_001506-T1	DBVPG3775_004092-T1
GF00001953	CHIFNET10NJ071_003244-T1	DBVPG3775_004091-T1
GF00001954	CHIFNET10NJ071_003243-T1	DBVPG3775_004090-T1
GF00001955	CHIFNET10NJ071_001509-T1	DBVPG3775_004089-T1
GF00001956	CHIFNET10NJ071_003241-T1	DBVPG3775_004088-T1
GF00001957	CHIFNET10NJ071_003240-T1	DBVPG3775_004087-T1
GF00001958	CHIFNET10NJ071_001512-T1	DBVPG3775_004086-T1
GF00001959	CHIFNET10NJ071_008536-T1	DBVPG3775_004137-T1
GF00001960	CHIFNET10NJ071_001515-T1	DBVPG3775_001758-T1
GF00001961	CHIFNET10NJ071_014506-T1	DBVPG3775_001760-T1
GF00001962	CHIFNET10NJ071_001518-T1	DBVPG3775_001761-T1
GF00001963	CHIFNET10NJ071_001519-T1	DBVPG3775_001762-T1
GF00001964	CHIFNET10NJ071_001520-T1	DBVPG3775_001763-T1
GF00001965	CHIFNET10NJ071_001524-T1	DBVPG3775_001767-T1
GF00001966	CHIFNET10NJ071_012560-T1	DBVPG3775_006214-T1
GF00001967	CHIFNET10NJ071_001525-T1	DBVPG3775_001768-T1
GF00001968	CHIFNET10NJ071_005721-T1	DBVPG3775_001769-T1
GF00001969	CHIFNET10NJ071_001527-T1	DBVPG3775_001770-T1
GF00001970	CHIFNET10NJ071_005719-T1	DBVPG3775_001771-T1
GF00001971	CHIFNET10NJ071_001531-T1	DBVPG3775_001774-T1
GF00001972	CHIFNET10NJ071_001532-T1	DBVPG3775_001775-T1
GF00001973	CHIFNET10NJ071_005715-T1	DBVPG3775_001776-T1
GF00001974	CHIFNET10NJ071_001534-T1	DBVPG3775_001777-T1
GF00001975	CHIFNET10NJ071_001535-T1	DBVPG3775_001778-T1
GF00001976	CHIFNET10NJ071_005712-T1	DBVPG3775_001779-T1
GF00001977	CHIFNET10NJ071_001537-T1	DBVPG3775_001780-T1
GF00001978	CHIFNET10NJ071_005710-T1	DBVPG3775_001781-T1
GF00001979	CHIFNET10NJ071_001539-T1	DBVPG3775_001782-T1
GF00001980	CHIFNET10NJ071_001541-T1	DBVPG3775_001784-T1
GF00001981	CHIFNET10NJ071_005706-T1	DBVPG3775_001786-T1
GF00001982	CHIFNET10NJ071_001544-T1	DBVPG3775_001787-T1
GF00001983	CHIFNET10NJ071_001545-T1	DBVPG3775_001788-T1
GF00001984	CHIFNET10NJ071_001546-T1	DBVPG3775_001789-T1
GF00001985	CHIFNET10NJ071_001547-T1	DBVPG3775_001790-T1
GF00001986	CHIFNET10NJ071_001548-T1	DBVPG3775_001791-T1
GF00001987	CHIFNET10NJ071_001552-T1	DBVPG3775_001794-T1
GF00001988	CHIFNET10NJ071_001558-T1	DBVPG3775_001800-T1
GF00001989	CHIFNET10NJ071_001559-T1	DBVPG3775_001801-T1
GF00001990	CHIFNET10NJ071_013237-T1	DBVPG3775_003970-T1
GF00001991	CHIFNET10NJ071_001560-T1	DBVPG3775_001802-T1
GF00001992	CHIFNET10NJ071_001561-T1	DBVPG3775_001803-T1
GF00001993	CHIFNET10NJ071_005689-T1	DBVPG3775_001805-T1
GF00001994	CHIFNET10NJ071_001565-T1	DBVPG3775_001807-T1
GF00001995	CHIFNET10NJ071_001566-T1	DBVPG3775_001808-T1
GF00001996	CHIFNET10NJ071_001567-T1	DBVPG3775_001809-T1
GF00001997	CHIFNET10NJ071_001569-T1	DBVPG3775_001811-T1
GF00001998	CHIFNET10NJ071_005682-T1	DBVPG3775_001812-T1
GF00001999	CHIFNET10NJ071_001578-T1	DBVPG3775_001819-T1
GF00002000	CHIFNET10NJ071_001579-T1	DBVPG3775_001820-T1
GF00002001	CHIFNET10NJ071_001580-T1	DBVPG3775_001821-T1
GF00002002	CHIFNET10NJ071_005670-T1	DBVPG3775_001823-T1
GF00002003	CHIFNET10NJ071_001583-T1	DBVPG3775_001824-T1
GF00002004	CHIFNET10NJ071_001589-T1	DBVPG3775_001829-T1
GF00002005	CHIFNET10NJ071_001592-T1	DBVPG3775_001833-T1
GF00002006	CHIFNET10NJ071_013180-T1	DBVPG3775_001838-T1
GF00002007	CHIFNET10NJ071_001598-T1	DBVPG3775_001839-T1
GF00002008	CHIFNET10NJ071_013178-T1	DBVPG3775_001840-T1
GF00002009	CHIFNET10NJ071_001600-T1	DBVPG3775_001841-T1
GF00002010	CHIFNET10NJ071_013176-T1	DBVPG3775_001842-T1
GF00002011	CHIFNET10NJ071_013174-T1	DBVPG3775_001844-T1
GF00002012	CHIFNET10NJ071_001607-T1	DBVPG3775_001848-T1
GF00002013	CHIFNET10NJ071_001608-T1	DBVPG3775_001849-T1
GF00002014	CHIFNET10NJ071_012626-T1	DBVPG3775_001850-T1
GF00002015	CHIFNET10NJ071_001615-T1	DBVPG3775_001856-T1
GF00002016	CHIFNET10NJ071_012632-T1	DBVPG3775_001857-T1
GF00002017	CHIFNET10NJ071_001617-T1	DBVPG3775_001858-T1
GF00002018	CHIFNET10NJ071_001618-T1	DBVPG3775_001859-T1
GF00002019	CHIFNET10NJ071_001620-T1	DBVPG3775_001861-T1
GF00002020	CHIFNET10NJ071_001621-T1	DBVPG3775_001862-T1
GF00002021	CHIFNET10NJ071_001622-T1	DBVPG3775_001863-T1
GF00002022	CHIFNET10NJ071_001623-T1	DBVPG3775_001864-T1
GF00002023	CHIFNET10NJ071_001624-T1	DBVPG3775_001865-T1
GF00002024	CHIFNET10NJ071_001626-T1	DBVPG3775_001867-T1
GF00002025	CHIFNET10NJ071_001627-T1	DBVPG3775_001868-T1
GF00002026	CHIFNET10NJ071_001628-T1	DBVPG3775_001869-T1
GF00002027	CHIFNET10NJ071_001629-T1	DBVPG3775_001870-T1
GF00002028	CHIFNET10NJ071_001630-T1	DBVPG3775_001871-T1
GF00002029	CHIFNET10NJ071_001633-T1	DBVPG3775_001874-T1
GF00002030	CHIFNET10NJ071_012414-T1	DBVPG3775_001875-T1
GF00002031	CHIFNET10NJ071_001635-T1	DBVPG3775_001876-T1
GF00002032	CHIFNET10NJ071_001636-T1	DBVPG3775_001877-T1
GF00002033	CHIFNET10NJ071_001637-T1	DBVPG3775_001878-T1
GF00002034	CHIFNET10NJ071_012410-T1	DBVPG3775_001879-T1
GF00002035	CHIFNET10NJ071_001641-T1	DBVPG3775_001882-T1
GF00002036	CHIFNET10NJ071_001642-T1	DBVPG3775_001883-T1
GF00002037	CHIFNET10NJ071_001643-T1	DBVPG3775_001884-T1
GF00002038	CHIFNET10NJ071_001644-T1	DBVPG3775_001885-T1
GF00002039	CHIFNET10NJ071_001645-T1	DBVPG3775_001886-T1
GF00002040	CHIFNET10NJ071_001648-T1	DBVPG3775_001559-T1
GF00002041	CHIFNET10NJ071_001650-T1	DBVPG3775_001557-T1
GF00002042	CHIFNET10NJ071_001652-T1	DBVPG3775_001555-T1
GF00002043	CHIFNET10NJ071_001655-T1	DBVPG3775_001552-T1
GF00002044	CHIFNET10NJ071_013049-T1	DBVPG3775_001551-T1
GF00002045	CHIFNET10NJ071_001660-T1	DBVPG3775_001547-T1
GF00002046	CHIFNET10NJ071_001662-T1	DBVPG3775_001545-T1
GF00002047	CHIFNET10NJ071_001663-T1	DBVPG3775_001544-T1
GF00002048	CHIFNET10NJ071_001664-T1	DBVPG3775_001543-T1
GF00002049	CHIFNET10NJ071_013040-T1	DBVPG3775_001542-T1
GF00002050	CHIFNET10NJ071_001674-T1	DBVPG3775_001532-T1
GF00002051	CHIFNET10NJ071_001675-T1	DBVPG3775_001531-T1
GF00002052	CHIFNET10NJ071_001676-T1	DBVPG3775_001530-T1
GF00002053	CHIFNET10NJ071_001678-T1	DBVPG3775_001528-T1
GF00002054	CHIFNET10NJ071_001679-T1	DBVPG3775_001527-T1
GF00002055	CHIFNET10NJ071_001680-T1	DBVPG3775_001526-T1
GF00002056	CHIFNET10NJ071_013819-T1	DBVPG3775_001524-T1
GF00002057	CHIFNET10NJ071_001682-T1	DBVPG3775_001523-T1
GF00002058	CHIFNET10NJ071_001683-T1	DBVPG3775_001522-T1
GF00002059	CHIFNET10NJ071_001684-T1	DBVPG3775_001521-T1
GF00002060	CHIFNET10NJ071_003556-T1	DBVPG3775_005458-T1
GF00002061	CHIFNET10NJ071_012268-T1	DBVPG3775_001519-T1
GF00002062	CHIFNET10NJ071_001688-T1	DBVPG3775_001516-T1
GF00002063	CHIFNET10NJ071_001689-T1	DBVPG3775_001515-T1
GF00002064	CHIFNET10NJ071_012273-T1	DBVPG3775_001514-T1
GF00002065	CHIFNET10NJ071_001692-T1	DBVPG3775_001512-T1
GF00002066	CHIFNET10NJ071_001693-T1	DBVPG3775_001511-T1
GF00002067	CHIFNET10NJ071_001694-T1	DBVPG3775_001510-T1
GF00002068	CHIFNET10NJ071_001696-T1	DBVPG3775_001508-T1
GF00002069	CHIFNET10NJ071_001700-T1	DBVPG3775_001504-T1
GF00002070	CHIFNET10NJ071_012283-T1	DBVPG3775_001503-T1
GF00002071	CHIFNET10NJ071_001703-T1	DBVPG3775_001501-T1
GF00002072	CHIFNET10NJ071_001704-T1	DBVPG3775_001500-T1
GF00002073	CHIFNET10NJ071_012287-T1	DBVPG3775_001499-T1
GF00002074	CHIFNET10NJ071_001706-T1	DBVPG3775_001498-T1
GF00002075	CHIFNET10NJ071_014077-T1	DBVPG3775_001496-T1
GF00002076	CHIFNET10NJ071_014076-T1	DBVPG3775_001495-T1
GF00002077	CHIFNET10NJ071_014075-T1	DBVPG3775_001494-T1
GF00002078	CHIFNET10NJ071_004105-T1	DBVPG3775_006336-T1
GF00002079	CHIFNET10NJ071_001718-T1	DBVPG3775_001487-T1
GF00002080	CHIFNET10NJ071_001719-T1	DBVPG3775_001486-T1
GF00002081	CHIFNET10NJ071_010114-T1	DBVPG3775_001485-T1
GF00002082	CHIFNET10NJ071_001721-T1	DBVPG3775_001484-T1
GF00002083	CHIFNET10NJ071_010109-T1	DBVPG3775_001481-T1
GF00002084	CHIFNET10NJ071_001726-T1	DBVPG3775_001479-T1
GF00002085	CHIFNET10NJ071_001732-T1	DBVPG3775_001474-T1
GF00002086	CHIFNET10NJ071_010104-T1	DBVPG3775_001473-T1
GF00002087	CHIFNET10NJ071_010100-T1	DBVPG3775_001469-T1
GF00002088	CHIFNET10NJ071_010099-T1	DBVPG3775_001468-T1
GF00002089	CHIFNET10NJ071_001739-T1	DBVPG3775_001467-T1
GF00002090	CHIFNET10NJ071_010095-T1	DBVPG3775_001463-T1
GF00002091	CHIFNET10NJ071_001743-T1	DBVPG3775_001462-T1
GF00002092	CHIFNET10NJ071_001744-T1	DBVPG3775_001461-T1
GF00002093	CHIFNET10NJ071_010092-T1	DBVPG3775_001460-T1
GF00002094	CHIFNET10NJ071_010091-T1	DBVPG3775_001459-T1
GF00002095	CHIFNET10NJ071_001747-T1	DBVPG3775_001458-T1
GF00002096	CHIFNET10NJ071_001748-T1	DBVPG3775_001457-T1
GF00002097	CHIFNET10NJ071_001749-T1	DBVPG3775_001456-T1
GF00002098	CHIFNET10NJ071_001750-T1	DBVPG3775_001455-T1
GF00002099	CHIFNET10NJ071_001752-T1	DBVPG3775_001453-T1
GF00002100	CHIFNET10NJ071_001756-T1	DBVPG3775_001449-T1
GF00002101	CHIFNET10NJ071_003285-T1	DBVPG3775_001447-T1
GF00002102	CHIFNET10NJ071_001759-T1	DBVPG3775_001446-T1
GF00002103	CHIFNET10NJ071_003283-T1	DBVPG3775_001445-T1
GF00002104	CHIFNET10NJ071_003282-T1	DBVPG3775_001444-T1
GF00002105	CHIFNET10NJ071_008800-T1	DBVPG3775_001442-T1
GF00002106	CHIFNET10NJ071_008804-T1	DBVPG3775_001439-T1
GF00002107	CHIFNET10NJ071_008805-T1	DBVPG3775_001438-T1
GF00002108	CHIFNET10NJ071_001769-T1	DBVPG3775_001437-T1
GF00002109	CHIFNET10NJ071_001770-T1	DBVPG3775_001436-T1
GF00002110	CHIFNET10NJ071_008808-T1	DBVPG3775_001435-T1
GF00002111	CHIFNET10NJ071_001775-T1	DBVPG3775_005241-T1
GF00002112	CHIFNET10NJ071_011552-T1	DBVPG3775_005240-T1
GF00002113	CHIFNET10NJ071_001777-T1	DBVPG3775_005239-T1
GF00002114	CHIFNET10NJ071_001779-T1	DBVPG3775_005237-T1
GF00002115	CHIFNET10NJ071_001780-T1	DBVPG3775_005236-T1
GF00002116	CHIFNET10NJ071_001784-T1	DBVPG3775_005232-T1
GF00002117	CHIFNET10NJ071_011561-T1	DBVPG3775_005231-T1
GF00002118	CHIFNET10NJ071_001789-T1	DBVPG3775_005227-T1
GF00002119	CHIFNET10NJ071_011566-T1	DBVPG3775_005226-T1
GF00002120	CHIFNET10NJ071_001791-T1	DBVPG3775_005225-T1
GF00002121	CHIFNET10NJ071_001793-T1	DBVPG3775_005224-T1
GF00002122	CHIFNET10NJ071_001794-T1	DBVPG3775_005223-T1
GF00002123	CHIFNET10NJ071_001795-T1	DBVPG3775_005222-T1
GF00002124	CHIFNET10NJ071_011572-T1	DBVPG3775_005221-T1
GF00002125	CHIFNET10NJ071_001798-T1	DBVPG3775_005219-T1
GF00002126	CHIFNET10NJ071_011575-T1	DBVPG3775_005218-T1
GF00002127	CHIFNET10NJ071_001801-T1	DBVPG3775_005216-T1
GF00002128	CHIFNET10NJ071_008672-T1	DBVPG3775_005212-T1
GF00002129	CHIFNET10NJ071_008673-T1	DBVPG3775_005211-T1
GF00002130	CHIFNET10NJ071_008674-T1	DBVPG3775_005210-T1
GF00002131	CHIFNET10NJ071_008675-T1	DBVPG3775_005209-T1
GF00002132	CHIFNET10NJ071_001809-T1	DBVPG3775_005208-T1
GF00002133	CHIFNET10NJ071_008677-T1	DBVPG3775_005207-T1
GF00002134	CHIFNET10NJ071_008684-T1	DBVPG3775_005200-T1
GF00002135	CHIFNET10NJ071_008685-T1	DBVPG3775_005199-T1
GF00002136	CHIFNET10NJ071_001823-T1	DBVPG3775_005193-T1
GF00002137	CHIFNET10NJ071_008691-T1	DBVPG3775_005191-T1
GF00002138	CHIFNET10NJ071_001826-T1	DBVPG3775_005190-T1
GF00002139	CHIFNET10NJ071_001827-T1	DBVPG3775_005189-T1
GF00002140	CHIFNET10NJ071_008694-T1	DBVPG3775_005188-T1
GF00002141	CHIFNET10NJ071_008695-T1	DBVPG3775_005187-T1
GF00002142	CHIFNET10NJ071_001830-T1	DBVPG3775_005186-T1
GF00002143	CHIFNET10NJ071_008697-T1	DBVPG3775_005185-T1
GF00002144	CHIFNET10NJ071_008698-T1	DBVPG3775_005184-T1
GF00002145	CHIFNET10NJ071_008699-T1	DBVPG3775_005183-T1
GF00002146	CHIFNET10NJ071_008700-T1	DBVPG3775_005182-T1
GF00002147	CHIFNET10NJ071_001835-T1	DBVPG3775_005181-T1
GF00002148	CHIFNET10NJ071_001836-T1	DBVPG3775_005180-T1
GF00002149	CHIFNET10NJ071_008703-T1	DBVPG3775_005179-T1
GF00002150	CHIFNET10NJ071_001838-T1	DBVPG3775_005178-T1
GF00002151	CHIFNET10NJ071_001842-T1	DBVPG3775_005173-T1
GF00002152	CHIFNET10NJ071_008710-T1	DBVPG3775_005172-T1
GF00002153	CHIFNET10NJ071_005350-T1	DBVPG3775_000124-T1
GF00002154	CHIFNET10NJ071_008712-T1	DBVPG3775_005170-T1
GF00002155	CHIFNET10NJ071_008713-T1	DBVPG3775_005169-T1
GF00002156	CHIFNET10NJ071_001847-T1	DBVPG3775_005168-T1
GF00002157	CHIFNET10NJ071_001848-T1	DBVPG3775_005167-T1
GF00002158	CHIFNET10NJ071_001850-T1	DBVPG3775_005165-T1
GF00002159	CHIFNET10NJ071_001851-T1	DBVPG3775_005164-T1
GF00002160	CHIFNET10NJ071_014135-T1	DBVPG3775_005161-T1
GF00002161	CHIFNET10NJ071_014134-T1	DBVPG3775_005160-T1
GF00002162	CHIFNET10NJ071_001861-T1	DBVPG3775_005154-T1
GF00002163	CHIFNET10NJ071_009227-T1	DBVPG3775_005152-T1
GF00002164	CHIFNET10NJ071_001865-T1	DBVPG3775_005149-T1
GF00002165	CHIFNET10NJ071_009222-T1	DBVPG3775_005148-T1
GF00002166	CHIFNET10NJ071_001867-T1	DBVPG3775_005147-T1
GF00002167	CHIFNET10NJ071_009220-T1	DBVPG3775_005146-T1
GF00002168	CHIFNET10NJ071_009219-T1	DBVPG3775_007126-T1
GF00002169	CHIFNET10NJ071_009218-T1	DBVPG3775_007127-T1
GF00002170	CHIFNET10NJ071_001871-T1	DBVPG3775_007128-T1
GF00002171	CHIFNET10NJ071_009215-T1	DBVPG3775_007130-T1
GF00002172	CHIFNET10NJ071_009212-T1	DBVPG3775_007133-T1
GF00002173	CHIFNET10NJ071_009211-T1	DBVPG3775_007134-T1
GF00002174	CHIFNET10NJ071_001878-T1	DBVPG3775_007136-T1
GF00002175	CHIFNET10NJ071_009208-T1	DBVPG3775_007137-T1
GF00002176	CHIFNET10NJ071_009207-T1	DBVPG3775_007138-T1
GF00002177	CHIFNET10NJ071_009206-T1	DBVPG3775_007139-T1
GF00002178	CHIFNET10NJ071_009205-T1	DBVPG3775_007140-T1
GF00002179	CHIFNET10NJ071_009204-T1	DBVPG3775_007141-T1
GF00002180	CHIFNET10NJ071_009203-T1	DBVPG3775_007142-T1
GF00002181	CHIFNET10NJ071_009200-T1	DBVPG3775_007145-T1
GF00002182	CHIFNET10NJ071_009198-T1	DBVPG3775_007147-T1
GF00002183	CHIFNET10NJ071_001894-T1	DBVPG3775_007153-T1
GF00002184	CHIFNET10NJ071_001895-T1	DBVPG3775_007154-T1
GF00002185	CHIFNET10NJ071_001896-T1	DBVPG3775_007155-T1
GF00002186	CHIFNET10NJ071_001901-T1	DBVPG3775_007160-T1
GF00002187	CHIFNET10NJ071_001902-T1	DBVPG3775_007161-T1
GF00002188	CHIFNET10NJ071_003978-T1	DBVPG3775_005001-T1
GF00002189	CHIFNET10NJ071_009181-T1	DBVPG3775_007163-T1
GF00002190	CHIFNET10NJ071_001905-T1	DBVPG3775_007164-T1
GF00002191	CHIFNET10NJ071_001907-T1	DBVPG3775_004473-T1
GF00002192	CHIFNET10NJ071_013961-T1	DBVPG3775_004474-T1
GF00002193	CHIFNET10NJ071_001909-T1	DBVPG3775_004476-T1
GF00002194	CHIFNET10NJ071_001910-T1	DBVPG3775_004477-T1
GF00002195	CHIFNET10NJ071_001911-T1	DBVPG3775_004478-T1
GF00002196	CHIFNET10NJ071_001915-T1	DBVPG3775_004481-T1
GF00002197	CHIFNET10NJ071_007770-T1	DBVPG3775_005727-T1
GF00002198	CHIFNET10NJ071_001917-T1	DBVPG3775_005726-T1
GF00002199	CHIFNET10NJ071_001918-T1	DBVPG3775_005724-T1
GF00002200	CHIFNET10NJ071_001919-T1	DBVPG3775_005723-T1
GF00002201	CHIFNET10NJ071_001920-T1	DBVPG3775_005722-T1
GF00002202	CHIFNET10NJ071_007763-T1	DBVPG3775_005719-T1
GF00002203	CHIFNET10NJ071_007762-T1	DBVPG3775_005718-T1
GF00002204	CHIFNET10NJ071_001925-T1	DBVPG3775_005716-T1
GF00002205	CHIFNET10NJ071_001928-T1	DBVPG3775_005709-T1
GF00002206	CHIFNET10NJ071_001929-T1	DBVPG3775_005708-T1
GF00002207	CHIFNET10NJ071_001930-T1	DBVPG3775_005707-T1
GF00002208	CHIFNET10NJ071_007749-T1	DBVPG3775_005706-T1
GF00002209	CHIFNET10NJ071_001932-T1	DBVPG3775_005705-T1
GF00002210	CHIFNET10NJ071_007747-T1	DBVPG3775_005704-T1
GF00002211	CHIFNET10NJ071_007743-T1	DBVPG3775_005700-T1
GF00002212	CHIFNET10NJ071_001938-T1	DBVPG3775_005699-T1
GF00002213	CHIFNET10NJ071_001939-T1	DBVPG3775_005698-T1
GF00002214	CHIFNET10NJ071_007740-T1	DBVPG3775_005697-T1
GF00002215	CHIFNET10NJ071_007739-T1	DBVPG3775_005696-T1
GF00002216	CHIFNET10NJ071_007737-T1	DBVPG3775_005694-T1
GF00002217	CHIFNET10NJ071_004695-T1	DBVPG3775_004873-T1
GF00002218	CHIFNET10NJ071_007733-T1	DBVPG3775_005690-T1
GF00002219	CHIFNET10NJ071_001948-T1	DBVPG3775_005689-T1
GF00002220	CHIFNET10NJ071_001949-T1	DBVPG3775_005688-T1
GF00002221	CHIFNET10NJ071_007730-T1	DBVPG3775_005687-T1
GF00002222	CHIFNET10NJ071_007729-T1	DBVPG3775_005686-T1
GF00002223	CHIFNET10NJ071_001952-T1	DBVPG3775_005685-T1
GF00002224	CHIFNET10NJ071_007727-T1	DBVPG3775_005684-T1
GF00002225	CHIFNET10NJ071_001954-T1	DBVPG3775_005683-T1
GF00002226	CHIFNET10NJ071_007725-T1	DBVPG3775_005682-T1
GF00002227	CHIFNET10NJ071_001956-T1	DBVPG3775_005681-T1
GF00002228	CHIFNET10NJ071_001958-T1	DBVPG3775_005672-T1
GF00002229	CHIFNET10NJ071_001959-T1	DBVPG3775_005673-T1
GF00002230	CHIFNET10NJ071_007718-T1	DBVPG3775_005675-T1
GF00002231	CHIFNET10NJ071_001962-T1	DBVPG3775_005676-T1
GF00002232	CHIFNET10NJ071_001967-T1	
GF00002233	CHIFNET10NJ071_009811-T1	DBVPG3775_005663-T1
GF00002234	CHIFNET10NJ071_009810-T1	DBVPG3775_005662-T1
GF00002235	CHIFNET10NJ071_001975-T1	DBVPG3775_005660-T1
GF00002236	CHIFNET10NJ071_001976-T1	DBVPG3775_005659-T1
GF00002237	CHIFNET10NJ071_009806-T1	DBVPG3775_005658-T1
GF00002238	CHIFNET10NJ071_001978-T1	DBVPG3775_005657-T1
GF00002239	CHIFNET10NJ071_001981-T1	DBVPG3775_005655-T1
GF00002240	CHIFNET10NJ071_003139-T1	DBVPG3775_002919-T1
GF00002241	CHIFNET10NJ071_009801-T1	DBVPG3775_005654-T1
GF00002242	CHIFNET10NJ071_001983-T1	DBVPG3775_005653-T1
GF00002243	CHIFNET10NJ071_001985-T1	DBVPG3775_005651-T1
GF00002244	CHIFNET10NJ071_009797-T1	DBVPG3775_005650-T1
GF00002245	CHIFNET10NJ071_009795-T1	DBVPG3775_005648-T1
GF00002246	CHIFNET10NJ071_004846-T1	DBVPG3775_002230-T1
GF00002247	CHIFNET10NJ071_001989-T1	DBVPG3775_005647-T1
GF00002248	CHIFNET10NJ071_001991-T1	DBVPG3775_005644-T1
GF00002249	CHIFNET10NJ071_009789-T1	DBVPG3775_005642-T1
GF00002250	CHIFNET10NJ071_001994-T1	DBVPG3775_005641-T1
GF00002251	CHIFNET10NJ071_009787-T1	DBVPG3775_005640-T1
GF00002252	CHIFNET10NJ071_009786-T1	DBVPG3775_005639-T1
GF00002253	CHIFNET10NJ071_009784-T1	DBVPG3775_005637-T1
GF00002254	CHIFNET10NJ071_011423-T1	DBVPG3775_007283-T1
GF00002255	CHIFNET10NJ071_011422-T1	DBVPG3775_007282-T1
GF00002256	CHIFNET10NJ071_011421-T1	DBVPG3775_007281-T1
GF00002257	CHIFNET10NJ071_011420-T1	DBVPG3775_007280-T1
GF00002258	CHIFNET10NJ071_002010-T1	DBVPG3775_007279-T1
GF00002259	CHIFNET10NJ071_011418-T1	DBVPG3775_007278-T1
GF00002260	CHIFNET10NJ071_011406-T1	DBVPG3775_007268-T1
GF00002261	CHIFNET10NJ071_011405-T1	DBVPG3775_007267-T1
GF00002262	CHIFNET10NJ071_011402-T1	DBVPG3775_007264-T1
GF00002263	CHIFNET10NJ071_011401-T1	DBVPG3775_007263-T1
GF00002264	CHIFNET10NJ071_002019-T1	DBVPG3775_007262-T1
GF00002265	CHIFNET10NJ071_011399-T1	DBVPG3775_007261-T1
GF00002266	CHIFNET10NJ071_002022-T1	DBVPG3775_006081-T1
GF00002267	CHIFNET10NJ071_002023-T1	DBVPG3775_006078-T1
GF00002268	CHIFNET10NJ071_002024-T1	DBVPG3775_006077-T1
GF00002269	CHIFNET10NJ071_002026-T1	DBVPG3775_006075-T1
GF00002270	CHIFNET10NJ071_010055-T1	DBVPG3775_006074-T1
GF00002271	CHIFNET10NJ071_002028-T1	DBVPG3775_006073-T1
GF00002272	CHIFNET10NJ071_002029-T1	DBVPG3775_006072-T1
GF00002273	CHIFNET10NJ071_002030-T1	DBVPG3775_006071-T1
GF00002274	CHIFNET10NJ071_002031-T1	DBVPG3775_006070-T1
GF00002275	CHIFNET10NJ071_010060-T1	DBVPG3775_006069-T1
GF00002276	CHIFNET10NJ071_010061-T1	DBVPG3775_006068-T1
GF00002277	CHIFNET10NJ071_002034-T1	DBVPG3775_006067-T1
GF00002278	CHIFNET10NJ071_002035-T1	DBVPG3775_006066-T1
GF00002279	CHIFNET10NJ071_002036-T1	DBVPG3775_006065-T1
GF00002280	CHIFNET10NJ071_010065-T1	DBVPG3775_006064-T1
GF00002281	CHIFNET10NJ071_002039-T1	DBVPG3775_006061-T1
GF00002282	CHIFNET10NJ071_010069-T1	DBVPG3775_006060-T1
GF00002283	CHIFNET10NJ071_002041-T1	DBVPG3775_006059-T1
GF00002284	CHIFNET10NJ071_010071-T1	DBVPG3775_006058-T1
GF00002285	CHIFNET10NJ071_010072-T1	DBVPG3775_006057-T1
GF00002286	CHIFNET10NJ071_010073-T1	DBVPG3775_006056-T1
GF00002287	CHIFNET10NJ071_002046-T1	DBVPG3775_006054-T1
GF00002288	CHIFNET10NJ071_010076-T1	DBVPG3775_006053-T1
GF00002289	CHIFNET10NJ071_010077-T1	DBVPG3775_006052-T1
GF00002290	CHIFNET10NJ071_010078-T1	DBVPG3775_006051-T1
GF00002291	CHIFNET10NJ071_002050-T1	DBVPG3775_006050-T1
GF00002292	CHIFNET10NJ071_002051-T1	DBVPG3775_006049-T1
GF00002293	CHIFNET10NJ071_010081-T1	DBVPG3775_006048-T1
GF00002294	CHIFNET10NJ071_008287-T1	DBVPG3775_006045-T1
GF00002295	CHIFNET10NJ071_005376-T1	DBVPG3775_000098-T1
GF00002296	CHIFNET10NJ071_002056-T1	DBVPG3775_006044-T1
GF00002297	CHIFNET10NJ071_002057-T1	DBVPG3775_006043-T1
GF00002298	CHIFNET10NJ071_008283-T1	DBVPG3775_006041-T1
GF00002299	CHIFNET10NJ071_002060-T1	DBVPG3775_006040-T1
GF00002300	CHIFNET10NJ071_008279-T1	DBVPG3775_006037-T1
GF00002301	CHIFNET10NJ071_002065-T1	DBVPG3775_006036-T1
GF00002302	CHIFNET10NJ071_002066-T1	DBVPG3775_006035-T1
GF00002303	CHIFNET10NJ071_002068-T1	DBVPG3775_006033-T1
GF00002304	CHIFNET10NJ071_002075-T1	DBVPG3775_006028-T1
GF00002305	CHIFNET10NJ071_008268-T1	DBVPG3775_006027-T1
GF00002306	CHIFNET10NJ071_002077-T1	DBVPG3775_006026-T1
GF00002307	CHIFNET10NJ071_008266-T1	DBVPG3775_006025-T1
GF00002308	CHIFNET10NJ071_010656-T1	DBVPG3775_005569-T1
GF00002309	CHIFNET10NJ071_008263-T1	DBVPG3775_006930-T1
GF00002310	CHIFNET10NJ071_002083-T1	DBVPG3775_006927-T1
GF00002311	CHIFNET10NJ071_008260-T1	DBVPG3775_006926-T1
GF00002312	CHIFNET10NJ071_002087-T1	DBVPG3775_006923-T1
GF00002313	CHIFNET10NJ071_011734-T1	DBVPG3775_006921-T1
GF00002314	CHIFNET10NJ071_002091-T1	DBVPG3775_006920-T1
GF00002315	CHIFNET10NJ071_002092-T1	DBVPG3775_006919-T1
GF00002316	CHIFNET10NJ071_002094-T1	DBVPG3775_006917-T1
GF00002317	CHIFNET10NJ071_011739-T1	DBVPG3775_006916-T1
GF00002318	CHIFNET10NJ071_002096-T1	DBVPG3775_006915-T1
GF00002319	CHIFNET10NJ071_002097-T1	DBVPG3775_006914-T1
GF00002320	CHIFNET10NJ071_011743-T1	DBVPG3775_006912-T1
GF00002321	CHIFNET10NJ071_011745-T1	DBVPG3775_006911-T1
GF00002322	CHIFNET10NJ071_011747-T1	DBVPG3775_006909-T1
GF00002323	CHIFNET10NJ071_002103-T1	DBVPG3775_006908-T1
GF00002324	CHIFNET10NJ071_002104-T1	DBVPG3775_006907-T1
GF00002325	CHIFNET10NJ071_011750-T1	DBVPG3775_006906-T1
GF00002326	CHIFNET10NJ071_011751-T1	DBVPG3775_006905-T1
GF00002327	CHIFNET10NJ071_002110-T1	DBVPG3775_003694-T1
GF00002328	CHIFNET10NJ071_004029-T1	DBVPG3775_003700-T1
GF00002329	CHIFNET10NJ071_002118-T1	DBVPG3775_003701-T1
GF00002330	CHIFNET10NJ071_002119-T1	DBVPG3775_003702-T1
GF00002331	CHIFNET10NJ071_002121-T1	DBVPG3775_003705-T1
GF00002332	CHIFNET10NJ071_004042-T1	DBVPG3775_003710-T1
GF00002333	CHIFNET10NJ071_002128-T1	DBVPG3775_003712-T1
GF00002334	CHIFNET10NJ071_002129-T1	DBVPG3775_003713-T1
GF00002335	CHIFNET10NJ071_002130-T1	DBVPG3775_003714-T1
GF00002336	CHIFNET10NJ071_004047-T1	DBVPG3775_003715-T1
GF00002337	CHIFNET10NJ071_004048-T1	DBVPG3775_003716-T1
GF00002338	CHIFNET10NJ071_002134-T1	DBVPG3775_003718-T1
GF00002339	CHIFNET10NJ071_002135-T1	DBVPG3775_003719-T1
GF00002340	CHIFNET10NJ071_002136-T1	DBVPG3775_003720-T1
GF00002341	CHIFNET10NJ071_006531-T1	DBVPG3775_003721-T1
GF00002342	CHIFNET10NJ071_002138-T1	DBVPG3775_003722-T1
GF00002343	CHIFNET10NJ071_002139-T1	DBVPG3775_003723-T1
GF00002344	CHIFNET10NJ071_002142-T1	DBVPG3775_003726-T1
GF00002345	CHIFNET10NJ071_002143-T1	DBVPG3775_003727-T1
GF00002346	CHIFNET10NJ071_002144-T1	DBVPG3775_003728-T1
GF00002347	CHIFNET10NJ071_002146-T1	DBVPG3775_003730-T1
GF00002348	CHIFNET10NJ071_006521-T1	DBVPG3775_003731-T1
GF00002349	CHIFNET10NJ071_006519-T1	DBVPG3775_003733-T1
GF00002350	CHIFNET10NJ071_002150-T1	DBVPG3775_003734-T1
GF00002351	CHIFNET10NJ071_002151-T1	DBVPG3775_003735-T1
GF00002352	CHIFNET10NJ071_006514-T1	DBVPG3775_003737-T1
GF00002353	CHIFNET10NJ071_002156-T1	DBVPG3775_003740-T1
GF00002354	CHIFNET10NJ071_006506-T1	DBVPG3775_003745-T1
GF00002355	CHIFNET10NJ071_002164-T1	DBVPG3775_003748-T1
GF00002356	CHIFNET10NJ071_002165-T1	DBVPG3775_003749-T1
GF00002357	CHIFNET10NJ071_002166-T1	DBVPG3775_003750-T1
GF00002358	CHIFNET10NJ071_006501-T1	DBVPG3775_003751-T1
GF00002359	CHIFNET10NJ071_006500-T1	DBVPG3775_003752-T1
GF00002360	CHIFNET10NJ071_002169-T1	DBVPG3775_003753-T1
GF00002361	CHIFNET10NJ071_006498-T1	DBVPG3775_003754-T1
GF00002362	CHIFNET10NJ071_002172-T1	DBVPG3775_003756-T1
GF00002363	CHIFNET10NJ071_006495-T1	DBVPG3775_003757-T1
GF00002364	CHIFNET10NJ071_002174-T1	DBVPG3775_003758-T1
GF00002365	CHIFNET10NJ071_002176-T1	DBVPG3775_003760-T1
GF00002366	CHIFNET10NJ071_002177-T1	DBVPG3775_003761-T1
GF00002367	CHIFNET10NJ071_006490-T1	DBVPG3775_003763-T1
GF00002368	CHIFNET10NJ071_002180-T1	DBVPG3775_003764-T1
GF00002369	CHIFNET10NJ071_006488-T1	DBVPG3775_003765-T1
GF00002370	CHIFNET10NJ071_002185-T1	DBVPG3775_003769-T1
GF00002371	CHIFNET10NJ071_002187-T1	DBVPG3775_003771-T1
GF00002372	CHIFNET10NJ071_002188-T1	DBVPG3775_003772-T1
GF00002373	CHIFNET10NJ071_011239-T1	DBVPG3775_003777-T1
GF00002374	CHIFNET10NJ071_002194-T1	DBVPG3775_003778-T1
GF00002375	CHIFNET10NJ071_002196-T1	DBVPG3775_003780-T1
GF00002376	CHIFNET10NJ071_002204-T1	DBVPG3775_003786-T1
GF00002377	CHIFNET10NJ071_002205-T1	DBVPG3775_003787-T1
GF00002378	CHIFNET10NJ071_002206-T1	DBVPG3775_003788-T1
GF00002379	CHIFNET10NJ071_002211-T1	DBVPG3775_003793-T1
GF00002380	CHIFNET10NJ071_002213-T1	DBVPG3775_003795-T1
GF00002381	CHIFNET10NJ071_002214-T1	DBVPG3775_003796-T1
GF00002382	CHIFNET10NJ071_011218-T1	DBVPG3775_003797-T1
GF00002383	CHIFNET10NJ071_002216-T1	DBVPG3775_003798-T1
GF00002384	CHIFNET10NJ071_002217-T1	DBVPG3775_003799-T1
GF00002385	CHIFNET10NJ071_002220-T1	DBVPG3775_003803-T1
GF00002386	CHIFNET10NJ071_002221-T1	DBVPG3775_003804-T1
GF00002387	CHIFNET10NJ071_002222-T1	DBVPG3775_007308-T1
GF00002388	CHIFNET10NJ071_002224-T1	DBVPG3775_007310-T1
GF00002389	CHIFNET10NJ071_009495-T1	DBVPG3775_007312-T1
GF00002390	CHIFNET10NJ071_002227-T1	DBVPG3775_007313-T1
GF00002391	CHIFNET10NJ071_002229-T1	DBVPG3775_007315-T1
GF00002392	CHIFNET10NJ071_002230-T1	DBVPG3775_007316-T1
GF00002393	CHIFNET10NJ071_002231-T1	DBVPG3775_007317-T1
GF00002394	CHIFNET10NJ071_002232-T1	DBVPG3775_007318-T1
GF00002395	CHIFNET10NJ071_002234-T1	DBVPG3775_007320-T1
GF00002396	CHIFNET10NJ071_002235-T1	DBVPG3775_007321-T1
GF00002397	CHIFNET10NJ071_009486-T1	DBVPG3775_007322-T1
GF00002398	CHIFNET10NJ071_010620-T1	DBVPG3775_000706-T1
GF00002399	CHIFNET10NJ071_009483-T1	DBVPG3775_000002-T1
GF00002400	CHIFNET10NJ071_009481-T1	DBVPG3775_000004-T1
GF00002401	CHIFNET10NJ071_009480-T1	DBVPG3775_000005-T1
GF00002402	CHIFNET10NJ071_002248-T1	DBVPG3775_000007-T1
GF00002403	CHIFNET10NJ071_002250-T1	DBVPG3775_000009-T1
GF00002404	CHIFNET10NJ071_009474-T1	DBVPG3775_000012-T1
GF00002405	CHIFNET10NJ071_002254-T1	DBVPG3775_000013-T1
GF00002406	CHIFNET10NJ071_002255-T1	DBVPG3775_000014-T1
GF00002407	CHIFNET10NJ071_009471-T1	DBVPG3775_000015-T1
GF00002408	CHIFNET10NJ071_002257-T1	DBVPG3775_000016-T1
GF00002409	CHIFNET10NJ071_012664-T1	DBVPG3775_000018-T1
GF00002410	CHIFNET10NJ071_002262-T1	DBVPG3775_000021-T1
GF00002411	CHIFNET10NJ071_012660-T1	DBVPG3775_000022-T1
GF00002412	CHIFNET10NJ071_012659-T1	DBVPG3775_000023-T1
GF00002413	CHIFNET10NJ071_002271-T1	DBVPG3775_000030-T1
GF00002414	CHIFNET10NJ071_002270-T1	DBVPG3775_000029-T1
GF00002415	CHIFNET10NJ071_002272-T1	DBVPG3775_000031-T1
GF00002416	CHIFNET10NJ071_002273-T1	DBVPG3775_000033-T1
GF00002417	CHIFNET10NJ071_002274-T1	DBVPG3775_000034-T1
GF00002418	CHIFNET10NJ071_002276-T1	DBVPG3775_000036-T1
GF00002419	CHIFNET10NJ071_005900-T1	DBVPG3775_000040-T1
GF00002420	CHIFNET10NJ071_009129-T1	DBVPG3775_000306-T1
GF00002421	CHIFNET10NJ071_002278-T1	DBVPG3775_000041-T1
GF00002422	CHIFNET10NJ071_005898-T1	DBVPG3775_000042-T1
GF00002423	CHIFNET10NJ071_002280-T1	DBVPG3775_000043-T1
GF00002424	CHIFNET10NJ071_002281-T1	DBVPG3775_000044-T1
GF00002425	CHIFNET10NJ071_002283-T1	DBVPG3775_000046-T1
GF00002426	CHIFNET10NJ071_005893-T1	DBVPG3775_000047-T1
GF00002427	CHIFNET10NJ071_002285-T1	DBVPG3775_000048-T1
GF00002428	CHIFNET10NJ071_002287-T1	DBVPG3775_000050-T1
GF00002429	CHIFNET10NJ071_005889-T1	DBVPG3775_000051-T1
GF00002430	CHIFNET10NJ071_002290-T1	DBVPG3775_000053-T1
GF00002431	CHIFNET10NJ071_002292-T1	DBVPG3775_000055-T1
GF00002432	CHIFNET10NJ071_005884-T1	DBVPG3775_000056-T1
GF00002433	CHIFNET10NJ071_002297-T1	DBVPG3775_000060-T1
GF00002434	CHIFNET10NJ071_002298-T1	DBVPG3775_000061-T1
GF00002435	CHIFNET10NJ071_005878-T1	DBVPG3775_000064-T1
GF00002436	CHIFNET10NJ071_008594-T1	DBVPG3775_006782-T1
GF00002437	CHIFNET10NJ071_004780-T1	DBVPG3775_000989-T1
GF00002438	CHIFNET10NJ071_005876-T1	DBVPG3775_000066-T1
GF00002439	CHIFNET10NJ071_002304-T1	DBVPG3775_000067-T1
GF00002440	CHIFNET10NJ071_002306-T1	DBVPG3775_000069-T1
GF00002441	CHIFNET10NJ071_002309-T1	DBVPG3775_000072-T1
GF00002442	CHIFNET10NJ071_005868-T1	DBVPG3775_000074-T1
GF00002443	CHIFNET10NJ071_002312-T1	DBVPG3775_000075-T1
GF00002444	CHIFNET10NJ071_002313-T1	DBVPG3775_000076-T1
GF00002445	CHIFNET10NJ071_002314-T1	DBVPG3775_000077-T1
GF00002446	CHIFNET10NJ071_002315-T1	DBVPG3775_000078-T1
GF00002447	CHIFNET10NJ071_002318-T1	DBVPG3775_001742-T1
GF00002448	CHIFNET10NJ071_013486-T1	DBVPG3775_001739-T1
GF00002449	CHIFNET10NJ071_002322-T1	DBVPG3775_001738-T1
GF00002450	CHIFNET10NJ071_002323-T1	DBVPG3775_001737-T1
GF00002451	CHIFNET10NJ071_002325-T1	DBVPG3775_001735-T1
GF00002452	CHIFNET10NJ071_002327-T1	DBVPG3775_001733-T1
GF00002453	CHIFNET10NJ071_002328-T1	DBVPG3775_001732-T1
GF00002454	CHIFNET10NJ071_003380-T1	DBVPG3775_001731-T1
GF00002455	CHIFNET10NJ071_003600-T1	DBVPG3775_005503-T1
GF00002456	CHIFNET10NJ071_002330-T1	DBVPG3775_001730-T1
GF00002457	CHIFNET10NJ071_002331-T1	DBVPG3775_001729-T1
GF00002458	CHIFNET10NJ071_003384-T1	DBVPG3775_001727-T1
GF00002459	CHIFNET10NJ071_002334-T1	DBVPG3775_001726-T1
GF00002460	CHIFNET10NJ071_003386-T1	DBVPG3775_001725-T1
GF00002461	CHIFNET10NJ071_003387-T1	DBVPG3775_001724-T1
GF00002462	CHIFNET10NJ071_002339-T1	DBVPG3775_001721-T1
GF00002463	CHIFNET10NJ071_003394-T1	DBVPG3775_001716-T1
GF00002464	CHIFNET10NJ071_002345-T1	DBVPG3775_001715-T1
GF00002465	CHIFNET10NJ071_002348-T1	DBVPG3775_001712-T1
GF00002466	CHIFNET10NJ071_002349-T1	DBVPG3775_001711-T1
GF00002467	CHIFNET10NJ071_002350-T1	DBVPG3775_001710-T1
GF00002468	CHIFNET10NJ071_002351-T1	DBVPG3775_001709-T1
GF00002469	CHIFNET10NJ071_003402-T1	DBVPG3775_001708-T1
GF00002470	CHIFNET10NJ071_003403-T1	DBVPG3775_001707-T1
GF00002471	CHIFNET10NJ071_002357-T1	DBVPG3775_001705-T1
GF00002472	CHIFNET10NJ071_002358-T1	DBVPG3775_001704-T1
GF00002473	CHIFNET10NJ071_002359-T1	DBVPG3775_001703-T1
GF00002474	CHIFNET10NJ071_002360-T1	DBVPG3775_001702-T1
GF00002475	CHIFNET10NJ071_002361-T1	DBVPG3775_001701-T1
GF00002476	CHIFNET10NJ071_002362-T1	DBVPG3775_001700-T1
GF00002477	CHIFNET10NJ071_002363-T1	DBVPG3775_001699-T1
GF00002478	CHIFNET10NJ071_002365-T1	DBVPG3775_001697-T1
GF00002479	CHIFNET10NJ071_002366-T1	DBVPG3775_001696-T1
GF00002480	CHIFNET10NJ071_003415-T1	DBVPG3775_001695-T1
GF00002481	CHIFNET10NJ071_002368-T1	DBVPG3775_001694-T1
GF00002482	CHIFNET10NJ071_002369-T1	DBVPG3775_001693-T1
GF00002483	CHIFNET10NJ071_002373-T1	DBVPG3775_001689-T1
GF00002484	CHIFNET10NJ071_003440-T1	DBVPG3775_001666-T1
GF00002485	CHIFNET10NJ071_002378-T1	DBVPG3775_001684-T1
GF00002486	CHIFNET10NJ071_002379-T1	DBVPG3775_001683-T1
GF00002487	CHIFNET10NJ071_002380-T1	DBVPG3775_001682-T1
GF00002488	CHIFNET10NJ071_002381-T1	DBVPG3775_001681-T1
GF00002489	CHIFNET10NJ071_002382-T1	DBVPG3775_001680-T1
GF00002490	CHIFNET10NJ071_002383-T1	DBVPG3775_001679-T1
GF00002491	CHIFNET10NJ071_002384-T1	DBVPG3775_001678-T1
GF00002492	CHIFNET10NJ071_002388-T1	DBVPG3775_001674-T1
GF00002493	CHIFNET10NJ071_002390-T1	DBVPG3775_001672-T1
GF00002494	CHIFNET10NJ071_002397-T1	DBVPG3775_001665-T1
GF00002495	CHIFNET10NJ071_002398-T1	DBVPG3775_001664-T1
GF00002496	CHIFNET10NJ071_002399-T1	DBVPG3775_001663-T1
GF00002497	CHIFNET10NJ071_002401-T1	DBVPG3775_001661-T1
GF00002498	CHIFNET10NJ071_003446-T1	DBVPG3775_001660-T1
GF00002499	CHIFNET10NJ071_002403-T1	DBVPG3775_001659-T1
GF00002500	CHIFNET10NJ071_002404-T1	DBVPG3775_001658-T1
GF00002501	CHIFNET10NJ071_010128-T1	DBVPG3775_005742-T1
GF00002502	CHIFNET10NJ071_002406-T1	DBVPG3775_001656-T1
GF00002503	CHIFNET10NJ071_003451-T1	DBVPG3775_001655-T1
GF00002504	CHIFNET10NJ071_002408-T1	DBVPG3775_001654-T1
GF00002505	CHIFNET10NJ071_002409-T1	DBVPG3775_001653-T1
GF00002506	CHIFNET10NJ071_002410-T1	DBVPG3775_001652-T1
GF00002507	CHIFNET10NJ071_003455-T1	DBVPG3775_001651-T1
GF00002508	CHIFNET10NJ071_009254-T1	DBVPG3775_007038-T1
GF00002509	CHIFNET10NJ071_002415-T1	DBVPG3775_001648-T1
GF00002510	CHIFNET10NJ071_002416-T1	DBVPG3775_001647-T1
GF00002511	CHIFNET10NJ071_002417-T1	DBVPG3775_001646-T1
GF00002512	CHIFNET10NJ071_003461-T1	DBVPG3775_001645-T1
GF00002513	CHIFNET10NJ071_002419-T1	DBVPG3775_001644-T1
GF00002514	CHIFNET10NJ071_002420-T1	DBVPG3775_001643-T1
GF00002515	CHIFNET10NJ071_002421-T1	DBVPG3775_001642-T1
GF00002516	CHIFNET10NJ071_003465-T1	DBVPG3775_001641-T1
GF00002517	CHIFNET10NJ071_002424-T1	DBVPG3775_001639-T1
GF00002518	CHIFNET10NJ071_002427-T1	DBVPG3775_003849-T1
GF00002519	CHIFNET10NJ071_011049-T1	DBVPG3775_003852-T1
GF00002520	CHIFNET10NJ071_002432-T1	DBVPG3775_003854-T1
GF00002521	CHIFNET10NJ071_011054-T1	DBVPG3775_003857-T1
GF00002522	CHIFNET10NJ071_011055-T1	DBVPG3775_003858-T1
GF00002523	CHIFNET10NJ071_002437-T1	DBVPG3775_003859-T1
GF00002524	CHIFNET10NJ071_002438-T1	DBVPG3775_003860-T1
GF00002525	CHIFNET10NJ071_002442-T1	DBVPG3775_003864-T1
GF00002526	CHIFNET10NJ071_002445-T1	DBVPG3775_003866-T1
GF00002527	CHIFNET10NJ071_002446-T1	DBVPG3775_003868-T1
GF00002528	CHIFNET10NJ071_011066-T1	DBVPG3775_003869-T1
GF00002529	CHIFNET10NJ071_011067-T1	DBVPG3775_003870-T1
GF00002530	CHIFNET10NJ071_011069-T1	DBVPG3775_003872-T1
GF00002531	CHIFNET10NJ071_011070-T1	DBVPG3775_003873-T1
GF00002532	CHIFNET10NJ071_002451-T1	DBVPG3775_003874-T1
GF00002533	CHIFNET10NJ071_002453-T1	DBVPG3775_003875-T1
GF00002534	CHIFNET10NJ071_011073-T1	DBVPG3775_003876-T1
GF00002535	CHIFNET10NJ071_002457-T1	DBVPG3775_003879-T1
GF00002536	CHIFNET10NJ071_002458-T1	DBVPG3775_003880-T1
GF00002537	CHIFNET10NJ071_012102-T1	DBVPG3775_003882-T1
GF00002538	CHIFNET10NJ071_002462-T1	DBVPG3775_003884-T1
GF00002539	CHIFNET10NJ071_002463-T1	DBVPG3775_003885-T1
GF00002540	CHIFNET10NJ071_002464-T1	DBVPG3775_003886-T1
GF00002541	CHIFNET10NJ071_002465-T1	DBVPG3775_003887-T1
GF00002542	CHIFNET10NJ071_002466-T1	DBVPG3775_003888-T1
GF00002543	CHIFNET10NJ071_012094-T1	DBVPG3775_003890-T1
GF00002544	CHIFNET10NJ071_002470-T1	DBVPG3775_003892-T1
GF00002545	CHIFNET10NJ071_002472-T1	DBVPG3775_003894-T1
GF00002546	CHIFNET10NJ071_002474-T1	DBVPG3775_003896-T1
GF00002547	CHIFNET10NJ071_002475-T1	DBVPG3775_003897-T1
GF00002548	CHIFNET10NJ071_002476-T1	DBVPG3775_003898-T1
GF00002549	CHIFNET10NJ071_002477-T1	DBVPG3775_003899-T1
GF00002550	CHIFNET10NJ071_002479-T1	DBVPG3775_003901-T1
GF00002551	CHIFNET10NJ071_002481-T1	DBVPG3775_003903-T1
GF00002552	CHIFNET10NJ071_002483-T1	DBVPG3775_003905-T1
GF00002553	CHIFNET10NJ071_002484-T1	DBVPG3775_003906-T1
GF00002554	CHIFNET10NJ071_002485-T1	DBVPG3775_003907-T1
GF00002555	CHIFNET10NJ071_002486-T1	DBVPG3775_003908-T1
GF00002556	CHIFNET10NJ071_011313-T1	DBVPG3775_003909-T1
GF00002557	CHIFNET10NJ071_011315-T1	DBVPG3775_003911-T1
GF00002558	CHIFNET10NJ071_002490-T1	DBVPG3775_003912-T1
GF00002559	CHIFNET10NJ071_002491-T1	DBVPG3775_003913-T1
GF00002560	CHIFNET10NJ071_002492-T1	DBVPG3775_003914-T1
GF00002561	CHIFNET10NJ071_002493-T1	DBVPG3775_003915-T1
GF00002562	CHIFNET10NJ071_002494-T1	DBVPG3775_003916-T1
GF00002563	CHIFNET10NJ071_002496-T1	DBVPG3775_003918-T1
GF00002564	CHIFNET10NJ071_011323-T1	DBVPG3775_003919-T1
GF00002565	CHIFNET10NJ071_002498-T1	DBVPG3775_003920-T1
GF00002566	CHIFNET10NJ071_011325-T1	DBVPG3775_003921-T1
GF00002567	CHIFNET10NJ071_011327-T1	DBVPG3775_003923-T1
GF00002568	CHIFNET10NJ071_011330-T1	DBVPG3775_003925-T1
GF00002569	CHIFNET10NJ071_011331-T1	DBVPG3775_003926-T1
GF00002570	CHIFNET10NJ071_002505-T1	DBVPG3775_003927-T1
GF00002571	CHIFNET10NJ071_005193-T1	DBVPG3775_004142-T1
GF00002572	CHIFNET10NJ071_002509-T1	DBVPG3775_003931-T1
GF00002573	CHIFNET10NJ071_002510-T1	DBVPG3775_003932-T1
GF00002574	CHIFNET10NJ071_011338-T1	DBVPG3775_003933-T1
GF00002575	CHIFNET10NJ071_002512-T1	DBVPG3775_003934-T1
GF00002576	CHIFNET10NJ071_002514-T1	DBVPG3775_003936-T1
GF00002577	CHIFNET10NJ071_002515-T1	DBVPG3775_003937-T1
GF00002578	CHIFNET10NJ071_002516-T1	DBVPG3775_003938-T1
GF00002579	CHIFNET10NJ071_002517-T1	DBVPG3775_003939-T1
GF00002580	CHIFNET10NJ071_002520-T1	DBVPG3775_003943-T1
GF00002581	CHIFNET10NJ071_002521-T1	DBVPG3775_003944-T1
GF00002582	CHIFNET10NJ071_002522-T1	DBVPG3775_003945-T1
GF00002583	CHIFNET10NJ071_002523-T1	DBVPG3775_003946-T1
GF00002584	CHIFNET10NJ071_002525-T1	DBVPG3775_003947-T1
GF00002585	CHIFNET10NJ071_002528-T1	DBVPG3775_003950-T1
GF00002586	CHIFNET10NJ071_002529-T1	DBVPG3775_003951-T1
GF00002587	CHIFNET10NJ071_002531-T1	DBVPG3775_003953-T1
GF00002588	CHIFNET10NJ071_002532-T1	DBVPG3775_003954-T1
GF00002589	CHIFNET10NJ071_010739-T1	DBVPG3775_006247-T1
GF00002590	CHIFNET10NJ071_002533-T1	DBVPG3775_003955-T1
GF00002591	CHIFNET10NJ071_002534-T1	DBVPG3775_003956-T1
GF00002592	CHIFNET10NJ071_002535-T1	DBVPG3775_003957-T1
GF00002593	CHIFNET10NJ071_002536-T1	DBVPG3775_003958-T1
GF00002594	CHIFNET10NJ071_002537-T1	DBVPG3775_003959-T1
GF00002595	CHIFNET10NJ071_002538-T1	DBVPG3775_000260-T1
GF00002596	CHIFNET10NJ071_002539-T1	DBVPG3775_000259-T1
GF00002597	CHIFNET10NJ071_013000-T1	DBVPG3775_000255-T1
GF00002598	CHIFNET10NJ071_002548-T1	DBVPG3775_000251-T1
GF00002599	CHIFNET10NJ071_012994-T1	DBVPG3775_000247-T1
GF00002600	CHIFNET10NJ071_002553-T1	DBVPG3775_000246-T1
GF00002601	CHIFNET10NJ071_002554-T1	DBVPG3775_000245-T1
GF00002602	CHIFNET10NJ071_002555-T1	DBVPG3775_000244-T1
GF00002603	CHIFNET10NJ071_012990-T1	DBVPG3775_000243-T1
GF00002604	CHIFNET10NJ071_012989-T1	DBVPG3775_000242-T1
GF00002605	CHIFNET10NJ071_012988-T1	DBVPG3775_000241-T1
GF00002606	CHIFNET10NJ071_012987-T1	DBVPG3775_000240-T1
GF00002607	CHIFNET10NJ071_002560-T1	DBVPG3775_000239-T1
GF00002608	CHIFNET10NJ071_002562-T1	DBVPG3775_000237-T1
GF00002609	CHIFNET10NJ071_002563-T1	DBVPG3775_000236-T1
GF00002610	CHIFNET10NJ071_014195-T1	DBVPG3775_000235-T1
GF00002611	CHIFNET10NJ071_002567-T1	DBVPG3775_000232-T1
GF00002612	CHIFNET10NJ071_014200-T1	DBVPG3775_000231-T1
GF00002613	CHIFNET10NJ071_004963-T1	DBVPG3775_000229-T1
GF00002614	CHIFNET10NJ071_002573-T1	DBVPG3775_000226-T1
GF00002615	CHIFNET10NJ071_002574-T1	DBVPG3775_000225-T1
GF00002616	CHIFNET10NJ071_004968-T1	DBVPG3775_000224-T1
GF00002617	CHIFNET10NJ071_002576-T1	DBVPG3775_000223-T1
GF00002618	CHIFNET10NJ071_002577-T1	DBVPG3775_000222-T1
GF00002619	CHIFNET10NJ071_002578-T1	DBVPG3775_000221-T1
GF00002620	CHIFNET10NJ071_002581-T1	DBVPG3775_000218-T1
GF00002621	CHIFNET10NJ071_002582-T1	DBVPG3775_000217-T1
GF00002622	CHIFNET10NJ071_002585-T1	DBVPG3775_000214-T1
GF00002623	CHIFNET10NJ071_002587-T1	DBVPG3775_000213-T1
GF00002624	CHIFNET10NJ071_002588-T1	DBVPG3775_000212-T1
GF00002625	CHIFNET10NJ071_002591-T1	DBVPG3775_000201-T1
GF00002626	CHIFNET10NJ071_002592-T1	DBVPG3775_000200-T1
GF00002627	CHIFNET10NJ071_002593-T1	DBVPG3775_000199-T1
GF00002628	CHIFNET10NJ071_002594-T1	DBVPG3775_000198-T1
GF00002629	CHIFNET10NJ071_004987-T1	DBVPG3775_000197-T1
GF00002630	CHIFNET10NJ071_002603-T1	DBVPG3775_000189-T1
GF00002631	CHIFNET10NJ071_002604-T1	DBVPG3775_000188-T1
GF00002632	CHIFNET10NJ071_004993-T1	DBVPG3775_000187-T1
GF00002633	CHIFNET10NJ071_002606-T1	DBVPG3775_000186-T1
GF00002634	CHIFNET10NJ071_004995-T1	DBVPG3775_000185-T1
GF00002635	CHIFNET10NJ071_004996-T1	DBVPG3775_000184-T1
GF00002636	CHIFNET10NJ071_004997-T1	DBVPG3775_000183-T1
GF00002637	CHIFNET10NJ071_002610-T1	DBVPG3775_000182-T1
GF00002638	CHIFNET10NJ071_002611-T1	DBVPG3775_000181-T1
GF00002639	CHIFNET10NJ071_002612-T1	DBVPG3775_000180-T1
GF00002640	CHIFNET10NJ071_002614-T1	DBVPG3775_000178-T1
GF00002641	CHIFNET10NJ071_002615-T1	DBVPG3775_000177-T1
GF00002642	CHIFNET10NJ071_002616-T1	DBVPG3775_000176-T1
GF00002643	CHIFNET10NJ071_005005-T1	DBVPG3775_000175-T1
GF00002644	CHIFNET10NJ071_002619-T1	DBVPG3775_000173-T1
GF00002645	CHIFNET10NJ071_002620-T1	DBVPG3775_000172-T1
GF00002646	CHIFNET10NJ071_002621-T1	DBVPG3775_000171-T1
GF00002647	CHIFNET10NJ071_002623-T1	DBVPG3775_000169-T1
GF00002648	CHIFNET10NJ071_002627-T1	DBVPG3775_000165-T1
GF00002649	CHIFNET10NJ071_002628-T1	DBVPG3775_000164-T1
GF00002650	CHIFNET10NJ071_002629-T1	DBVPG3775_000163-T1
GF00002651	CHIFNET10NJ071_005017-T1	DBVPG3775_000162-T1
GF00002652	CHIFNET10NJ071_002631-T1	DBVPG3775_000161-T1
GF00002653	CHIFNET10NJ071_005020-T1	DBVPG3775_000159-T1
GF00002654	CHIFNET10NJ071_002635-T1	DBVPG3775_000158-T1
GF00002655	CHIFNET10NJ071_005022-T1	DBVPG3775_000157-T1
GF00002656	CHIFNET10NJ071_002637-T1	DBVPG3775_000156-T1
GF00002657	CHIFNET10NJ071_005025-T1	DBVPG3775_000154-T1
GF00002658	CHIFNET10NJ071_002641-T1	DBVPG3775_000152-T1
GF00002659	CHIFNET10NJ071_002642-T1	DBVPG3775_000151-T1
GF00002660	CHIFNET10NJ071_011104-T1	DBVPG3775_004471-T1
GF00002661	CHIFNET10NJ071_002646-T1	DBVPG3775_004470-T1
GF00002662	CHIFNET10NJ071_002649-T1	DBVPG3775_004467-T1
GF00002663	CHIFNET10NJ071_002650-T1	DBVPG3775_004465-T1
GF00002664	CHIFNET10NJ071_011098-T1	DBVPG3775_004464-T1
GF00002665	CHIFNET10NJ071_002652-T1	DBVPG3775_004463-T1
GF00002666	CHIFNET10NJ071_011095-T1	DBVPG3775_004461-T1
GF00002667	CHIFNET10NJ071_011094-T1	DBVPG3775_004460-T1
GF00002668	CHIFNET10NJ071_002657-T1	DBVPG3775_004458-T1
GF00002669	CHIFNET10NJ071_011091-T1	DBVPG3775_004457-T1
GF00002670	CHIFNET10NJ071_002659-T1	DBVPG3775_004456-T1
GF00002671	CHIFNET10NJ071_002663-T1	DBVPG3775_004442-T1
GF00002672	CHIFNET10NJ071_011077-T1	DBVPG3775_004443-T1
GF00002673	CHIFNET10NJ071_011079-T1	DBVPG3775_004445-T1
GF00002674	CHIFNET10NJ071_002666-T1	DBVPG3775_004446-T1
GF00002675	CHIFNET10NJ071_011081-T1	DBVPG3775_004447-T1
GF00002676	CHIFNET10NJ071_002668-T1	DBVPG3775_004448-T1
GF00002677	CHIFNET10NJ071_002671-T1	DBVPG3775_004451-T1
GF00002678	CHIFNET10NJ071_002672-T1	DBVPG3775_004439-T1
GF00002679	CHIFNET10NJ071_014005-T1	DBVPG3775_004438-T1
GF00002680	CHIFNET10NJ071_002674-T1	DBVPG3775_004437-T1
GF00002681	CHIFNET10NJ071_002676-T1	DBVPG3775_004434-T1
GF00002682	CHIFNET10NJ071_002677-T1	DBVPG3775_004433-T1
GF00002683	CHIFNET10NJ071_013999-T1	DBVPG3775_004432-T1
GF00002684	CHIFNET10NJ071_002679-T1	DBVPG3775_004431-T1
GF00002685	CHIFNET10NJ071_002683-T1	DBVPG3775_004428-T1
GF00002686	CHIFNET10NJ071_014226-T1	DBVPG3775_004426-T1
GF00002687	CHIFNET10NJ071_002687-T1	DBVPG3775_004424-T1
GF00002688	CHIFNET10NJ071_002690-T1	DBVPG3775_004421-T1
GF00002689	CHIFNET10NJ071_002691-T1	DBVPG3775_004420-T1
GF00002690	CHIFNET10NJ071_002692-T1	DBVPG3775_004419-T1
GF00002691	CHIFNET10NJ071_002693-T1	DBVPG3775_004418-T1
GF00002692	CHIFNET10NJ071_002694-T1	DBVPG3775_004417-T1
GF00002693	CHIFNET10NJ071_014116-T1	DBVPG3775_004415-T1
GF00002694	CHIFNET10NJ071_002698-T1	DBVPG3775_004413-T1
GF00002695	CHIFNET10NJ071_002699-T1	DBVPG3775_004412-T1
GF00002696	CHIFNET10NJ071_002700-T1	DBVPG3775_004411-T1
GF00002697	CHIFNET10NJ071_007974-T1	DBVPG3775_004410-T1
GF00002698	CHIFNET10NJ071_002703-T1	DBVPG3775_004408-T1
GF00002699	CHIFNET10NJ071_002704-T1	DBVPG3775_004407-T1
GF00002700	CHIFNET10NJ071_007979-T1	DBVPG3775_004405-T1
GF00002701	CHIFNET10NJ071_007980-T1	DBVPG3775_004404-T1
GF00002702	CHIFNET10NJ071_002710-T1	DBVPG3775_004401-T1
GF00002703	CHIFNET10NJ071_002711-T1	DBVPG3775_004400-T1
GF00002704	CHIFNET10NJ071_002712-T1	DBVPG3775_004399-T1
GF00002705	CHIFNET10NJ071_002716-T1	DBVPG3775_004396-T1
GF00002706	CHIFNET10NJ071_002717-T1	DBVPG3775_004395-T1
GF00002707	CHIFNET10NJ071_002718-T1	DBVPG3775_004394-T1
GF00002708	CHIFNET10NJ071_002719-T1	DBVPG3775_004393-T1
GF00002709	CHIFNET10NJ071_007993-T1	DBVPG3775_004390-T1
GF00002710	CHIFNET10NJ071_012825-T1	DBVPG3775_002914-T1
GF00002711	CHIFNET10NJ071_002727-T1	DBVPG3775_004386-T1
GF00002712	CHIFNET10NJ071_007998-T1	DBVPG3775_004385-T1
GF00002713	CHIFNET10NJ071_002730-T1	DBVPG3775_004383-T1
GF00002714	CHIFNET10NJ071_002733-T1	DBVPG3775_004380-T1
GF00002715	CHIFNET10NJ071_002734-T1	DBVPG3775_004379-T1
GF00002716	CHIFNET10NJ071_002735-T1	DBVPG3775_004378-T1
GF00002717	CHIFNET10NJ071_002741-T1	DBVPG3775_004372-T1
GF00002718	CHIFNET10NJ071_002742-T1	DBVPG3775_004371-T1
GF00002719	CHIFNET10NJ071_008015-T1	DBVPG3775_004363-T1
GF00002720	CHIFNET10NJ071_002748-T1	DBVPG3775_004362-T1
GF00002721	CHIFNET10NJ071_008017-T1	DBVPG3775_004361-T1
GF00002722	CHIFNET10NJ071_002750-T1	DBVPG3775_004360-T1
GF00002723	CHIFNET10NJ071_002751-T1	DBVPG3775_004359-T1
GF00002724	CHIFNET10NJ071_008021-T1	DBVPG3775_004357-T1
GF00002725	CHIFNET10NJ071_008022-T1	DBVPG3775_004356-T1
GF00002726	CHIFNET10NJ071_008023-T1	DBVPG3775_004355-T1
GF00002727	CHIFNET10NJ071_002756-T1	DBVPG3775_004354-T1
GF00002728	CHIFNET10NJ071_002758-T1	DBVPG3775_002175-T1
GF00002729	CHIFNET10NJ071_014302-T1	DBVPG3775_002176-T1
GF00002730	CHIFNET10NJ071_002765-T1	DBVPG3775_002182-T1
GF00002731	CHIFNET10NJ071_002766-T1	DBVPG3775_002183-T1
GF00002732	CHIFNET10NJ071_002767-T1	DBVPG3775_002184-T1
GF00002733	CHIFNET10NJ071_014395-T1	DBVPG3775_002185-T1
GF00002734	CHIFNET10NJ071_002769-T1	DBVPG3775_002186-T1
GF00002735	CHIFNET10NJ071_002770-T1	DBVPG3775_002187-T1
GF00002736	CHIFNET10NJ071_004881-T1	DBVPG3775_002197-T1
GF00002737	CHIFNET10NJ071_002778-T1	DBVPG3775_002198-T1
GF00002738	CHIFNET10NJ071_004879-T1	DBVPG3775_002199-T1
GF00002739	CHIFNET10NJ071_002780-T1	DBVPG3775_002200-T1
GF00002740	CHIFNET10NJ071_002786-T1	DBVPG3775_002203-T1
GF00002741	CHIFNET10NJ071_002787-T1	DBVPG3775_002204-T1
GF00002742	CHIFNET10NJ071_002792-T1	DBVPG3775_002213-T1
GF00002743	CHIFNET10NJ071_002793-T1	DBVPG3775_002214-T1
GF00002744	CHIFNET10NJ071_004859-T1	DBVPG3775_002217-T1
GF00002745	CHIFNET10NJ071_004854-T1	DBVPG3775_002221-T1
GF00002746	CHIFNET10NJ071_004853-T1	DBVPG3775_002222-T1
GF00002747	CHIFNET10NJ071_004852-T1	DBVPG3775_002223-T1
GF00002748	CHIFNET10NJ071_004849-T1	DBVPG3775_002227-T1
GF00002749	CHIFNET10NJ071_002807-T1	DBVPG3775_002228-T1
GF00002750	CHIFNET10NJ071_004845-T1	DBVPG3775_002231-T1
GF00002751	CHIFNET10NJ071_002811-T1	DBVPG3775_002232-T1
GF00002752	CHIFNET10NJ071_002812-T1	DBVPG3775_002233-T1
GF00002753	CHIFNET10NJ071_004842-T1	DBVPG3775_002234-T1
GF00002754	CHIFNET10NJ071_002814-T1	DBVPG3775_002235-T1
GF00002755	CHIFNET10NJ071_002816-T1	DBVPG3775_002237-T1
GF00002756	CHIFNET10NJ071_002821-T1	DBVPG3775_002241-T1
GF00002757	CHIFNET10NJ071_004834-T1	DBVPG3775_002243-T1
GF00002758	CHIFNET10NJ071_002824-T1	DBVPG3775_002244-T1
GF00002759	CHIFNET10NJ071_004832-T1	DBVPG3775_002245-T1
GF00002760	CHIFNET10NJ071_002826-T1	DBVPG3775_002246-T1
GF00002761	CHIFNET10NJ071_002827-T1	DBVPG3775_002247-T1
GF00002762	CHIFNET10NJ071_002828-T1	DBVPG3775_002248-T1
GF00002763	CHIFNET10NJ071_004828-T1	DBVPG3775_002249-T1
GF00002764	CHIFNET10NJ071_002830-T1	DBVPG3775_002250-T1
GF00002765	CHIFNET10NJ071_002831-T1	DBVPG3775_002251-T1
GF00002766	CHIFNET10NJ071_002832-T1	DBVPG3775_002252-T1
GF00002767	CHIFNET10NJ071_002833-T1	DBVPG3775_002253-T1
GF00002768	CHIFNET10NJ071_004823-T1	DBVPG3775_002254-T1
GF00002769	CHIFNET10NJ071_002835-T1	DBVPG3775_002255-T1
GF00002770	CHIFNET10NJ071_002838-T1	DBVPG3775_002258-T1
GF00002771	CHIFNET10NJ071_002840-T1	DBVPG3775_002261-T1
GF00002772	CHIFNET10NJ071_002841-T1	DBVPG3775_002262-T1
GF00002773	CHIFNET10NJ071_002842-T1	DBVPG3775_002263-T1
GF00002774	CHIFNET10NJ071_002845-T1	DBVPG3775_002265-T1
GF00002775	CHIFNET10NJ071_002847-T1	DBVPG3775_002267-T1
GF00002776	CHIFNET10NJ071_004810-T1	DBVPG3775_002268-T1
GF00002777	CHIFNET10NJ071_002849-T1	DBVPG3775_002269-T1
GF00002778	CHIFNET10NJ071_004806-T1	DBVPG3775_002272-T1
GF00002779	CHIFNET10NJ071_002853-T1	DBVPG3775_002273-T1
GF00002780	CHIFNET10NJ071_002855-T1	DBVPG3775_002275-T1
GF00002781	CHIFNET10NJ071_006088-T1	DBVPG3775_007110-T1
GF00002782	CHIFNET10NJ071_002857-T1	DBVPG3775_002277-T1
GF00002783	CHIFNET10NJ071_008914-T1	DBVPG3775_002278-T1
GF00002784	CHIFNET10NJ071_002859-T1	DBVPG3775_002279-T1
GF00002785	CHIFNET10NJ071_002860-T1	DBVPG3775_002280-T1
GF00002786	CHIFNET10NJ071_002863-T1	DBVPG3775_002283-T1
GF00002787	CHIFNET10NJ071_008907-T1	DBVPG3775_002285-T1
GF00002788	CHIFNET10NJ071_008906-T1	DBVPG3775_002287-T1
GF00002789	CHIFNET10NJ071_002868-T1	DBVPG3775_002288-T1
GF00002790	CHIFNET10NJ071_008904-T1	DBVPG3775_002289-T1
GF00002791	CHIFNET10NJ071_008903-T1	DBVPG3775_002290-T1
GF00002792	CHIFNET10NJ071_002872-T1	DBVPG3775_002292-T1
GF00002793	CHIFNET10NJ071_002873-T1	DBVPG3775_002293-T1
GF00002794	CHIFNET10NJ071_002880-T1	DBVPG3775_002300-T1
GF00002795	CHIFNET10NJ071_013410-T1	DBVPG3775_007336-T1
GF00002796	CHIFNET10NJ071_013408-T1	DBVPG3775_007338-T1
GF00002797	CHIFNET10NJ071_002885-T1	DBVPG3775_007339-T1
GF00002798	CHIFNET10NJ071_002886-T1	DBVPG3775_007340-T1
GF00002799	CHIFNET10NJ071_013405-T1	DBVPG3775_007341-T1
GF00002800	CHIFNET10NJ071_002891-T1	DBVPG3775_007345-T1
GF00002801	CHIFNET10NJ071_009273-T1	DBVPG3775_005634-T1
GF00002802	CHIFNET10NJ071_002900-T1	DBVPG3775_005631-T1
GF00002803	CHIFNET10NJ071_002901-T1	DBVPG3775_005630-T1
GF00002804	CHIFNET10NJ071_002905-T1	DBVPG3775_005627-T1
GF00002805	CHIFNET10NJ071_002907-T1	DBVPG3775_005625-T1
GF00002806	CHIFNET10NJ071_002908-T1	DBVPG3775_005624-T1
GF00002807	CHIFNET10NJ071_009285-T1	DBVPG3775_005623-T1
GF00002808	CHIFNET10NJ071_002913-T1	DBVPG3775_005620-T1
GF00002809	CHIFNET10NJ071_009289-T1	DBVPG3775_005619-T1
GF00002810	CHIFNET10NJ071_009291-T1	DBVPG3775_005617-T1
GF00002811	CHIFNET10NJ071_009292-T1	DBVPG3775_005615-T1
GF00002812	CHIFNET10NJ071_002918-T1	DBVPG3775_005614-T1
GF00002813	CHIFNET10NJ071_002919-T1	DBVPG3775_005613-T1
GF00002814	CHIFNET10NJ071_002921-T1	DBVPG3775_005611-T1
GF00002815	CHIFNET10NJ071_002922-T1	DBVPG3775_005610-T1
GF00002816	CHIFNET10NJ071_009298-T1	DBVPG3775_005608-T1
GF00002817	CHIFNET10NJ071_002925-T1	DBVPG3775_005607-T1
GF00002818	CHIFNET10NJ071_002926-T1	DBVPG3775_005606-T1
GF00002819	CHIFNET10NJ071_002927-T1	DBVPG3775_005605-T1
GF00002820	CHIFNET10NJ071_010637-T1	DBVPG3775_005601-T1
GF00002821	CHIFNET10NJ071_010638-T1	DBVPG3775_005600-T1
GF00002822	CHIFNET10NJ071_002939-T1	DBVPG3775_005594-T1
GF00002823	CHIFNET10NJ071_002940-T1	DBVPG3775_005593-T1
GF00002824	CHIFNET10NJ071_002941-T1	DBVPG3775_005592-T1
GF00002825	CHIFNET10NJ071_002942-T1	DBVPG3775_005591-T1
GF00002826	CHIFNET10NJ071_002943-T1	DBVPG3775_005590-T1
GF00002827	CHIFNET10NJ071_010646-T1	DBVPG3775_005589-T1
GF00002828	CHIFNET10NJ071_002945-T1	DBVPG3775_005588-T1
GF00002829	CHIFNET10NJ071_010655-T1	DBVPG3775_005570-T1
GF00002830	CHIFNET10NJ071_002965-T1	DBVPG3775_005568-T1
GF00002831	CHIFNET10NJ071_002966-T1	DBVPG3775_005567-T1
GF00002832	CHIFNET10NJ071_010659-T1	DBVPG3775_005566-T1
GF00002833	CHIFNET10NJ071_002971-T1	DBVPG3775_005562-T1
GF00002834	CHIFNET10NJ071_002972-T1	DBVPG3775_005561-T1
GF00002835	CHIFNET10NJ071_002973-T1	DBVPG3775_005560-T1
GF00002836	CHIFNET10NJ071_013638-T1	DBVPG3775_005559-T1
GF00002837	CHIFNET10NJ071_013637-T1	DBVPG3775_005558-T1
GF00002838	CHIFNET10NJ071_002976-T1	DBVPG3775_005557-T1
GF00002839	CHIFNET10NJ071_002978-T1	DBVPG3775_005555-T1
GF00002840	CHIFNET10NJ071_002979-T1	DBVPG3775_005554-T1
GF00002841	CHIFNET10NJ071_002980-T1	DBVPG3775_005553-T1
GF00002842	CHIFNET10NJ071_002981-T1	DBVPG3775_005552-T1
GF00002843	CHIFNET10NJ071_002982-T1	DBVPG3775_005551-T1
GF00002844	CHIFNET10NJ071_002984-T1	DBVPG3775_005549-T1
GF00002845	CHIFNET10NJ071_009922-T1	DBVPG3775_006690-T1
GF00002846	CHIFNET10NJ071_002994-T1	DBVPG3775_006689-T1
GF00002847	CHIFNET10NJ071_002995-T1	DBVPG3775_006688-T1
GF00002848	CHIFNET10NJ071_002996-T1	DBVPG3775_006687-T1
GF00002849	CHIFNET10NJ071_009918-T1	DBVPG3775_006686-T1
GF00002850	CHIFNET10NJ071_002999-T1	DBVPG3775_006684-T1
GF00002851	CHIFNET10NJ071_007369-T1	DBVPG3775_001322-T1
GF00002852	CHIFNET10NJ071_003000-T1	DBVPG3775_006683-T1
GF00002853	CHIFNET10NJ071_003001-T1	DBVPG3775_006682-T1
GF00002854	CHIFNET10NJ071_003002-T1	DBVPG3775_006681-T1
GF00002855	CHIFNET10NJ071_003003-T1	DBVPG3775_006680-T1
GF00002856	CHIFNET10NJ071_003004-T1	DBVPG3775_006679-T1
GF00002857	CHIFNET10NJ071_003005-T1	DBVPG3775_006678-T1
GF00002858	CHIFNET10NJ071_003007-T1	DBVPG3775_006676-T1
GF00002859	CHIFNET10NJ071_003008-T1	DBVPG3775_006675-T1
GF00002860	CHIFNET10NJ071_003009-T1	DBVPG3775_006674-T1
GF00002861	CHIFNET10NJ071_009905-T1	DBVPG3775_006672-T1
GF00002862	CHIFNET10NJ071_003012-T1	DBVPG3775_006671-T1
GF00002863	CHIFNET10NJ071_003016-T1	DBVPG3775_006668-T1
GF00002864	CHIFNET10NJ071_012111-T1	DBVPG3775_003621-T1
GF00002865	CHIFNET10NJ071_009899-T1	DBVPG3775_006666-T1
GF00002866	CHIFNET10NJ071_003020-T1	DBVPG3775_006664-T1
GF00002867	CHIFNET10NJ071_003021-T1	DBVPG3775_006663-T1
GF00002868	CHIFNET10NJ071_012812-T1	DBVPG3775_006661-T1
GF00002869	CHIFNET10NJ071_012813-T1	DBVPG3775_006660-T1
GF00002870	CHIFNET10NJ071_003026-T1	DBVPG3775_006646-T1
GF00002871	CHIFNET10NJ071_012816-T1	DBVPG3775_006645-T1
GF00002872	CHIFNET10NJ071_011187-T1	DBVPG3775_007547-T1
GF00002873	CHIFNET10NJ071_003034-T1	DBVPG3775_007516-T1
GF00002874	CHIFNET10NJ071_003035-T1	DBVPG3775_007515-T1
GF00002875	CHIFNET10NJ071_011193-T1	DBVPG3775_007513-T1
GF00002876	CHIFNET10NJ071_003038-T1	DBVPG3775_007512-T1
GF00002877	CHIFNET10NJ071_011197-T1	DBVPG3775_007509-T1
GF00002878	CHIFNET10NJ071_011198-T1	DBVPG3775_007508-T1
GF00002879	CHIFNET10NJ071_003046-T1	DBVPG3775_007009-T1
GF00002880	CHIFNET10NJ071_004100-T1	DBVPG3775_006331-T1
GF00002881	CHIFNET10NJ071_011203-T1	DBVPG3775_007007-T1
GF00002882	CHIFNET10NJ071_011204-T1	DBVPG3775_007006-T1
GF00002883	CHIFNET10NJ071_003050-T1	DBVPG3775_007005-T1
GF00002884	CHIFNET10NJ071_011207-T1	DBVPG3775_007003-T1
GF00002885	CHIFNET10NJ071_003053-T1	DBVPG3775_007002-T1
GF00002886	CHIFNET10NJ071_011209-T1	DBVPG3775_007001-T1
GF00002887	CHIFNET10NJ071_003056-T1	DBVPG3775_006999-T1
GF00002888	CHIFNET10NJ071_003058-T1	DBVPG3775_006997-T1
GF00002889	CHIFNET10NJ071_003059-T1	DBVPG3775_006996-T1
GF00002890	CHIFNET10NJ071_013395-T1	DBVPG3775_003378-T1
GF00002891	CHIFNET10NJ071_003060-T1	DBVPG3775_006995-T1
GF00002892	CHIFNET10NJ071_006583-T1	DBVPG3775_006994-T1
GF00002893	CHIFNET10NJ071_003062-T1	DBVPG3775_006993-T1
GF00002894	CHIFNET10NJ071_006581-T1	DBVPG3775_006992-T1
GF00002895	CHIFNET10NJ071_003064-T1	DBVPG3775_006991-T1
GF00002896	CHIFNET10NJ071_003065-T1	DBVPG3775_006990-T1
GF00002897	CHIFNET10NJ071_006578-T1	DBVPG3775_006989-T1
GF00002898	CHIFNET10NJ071_003068-T1	DBVPG3775_006987-T1
GF00002899	CHIFNET10NJ071_003069-T1	DBVPG3775_006986-T1
GF00002900	CHIFNET10NJ071_006574-T1	DBVPG3775_006985-T1
GF00002901	CHIFNET10NJ071_006573-T1	DBVPG3775_006984-T1
GF00002902	CHIFNET10NJ071_003075-T1	DBVPG3775_006981-T1
GF00002903	CHIFNET10NJ071_006568-T1	DBVPG3775_006978-T1
GF00002904	CHIFNET10NJ071_012818-T1	DBVPG3775_002921-T1
GF00002905	CHIFNET10NJ071_003138-T1	DBVPG3775_002920-T1
GF00002906	CHIFNET10NJ071_012821-T1	DBVPG3775_002918-T1
GF00002907	CHIFNET10NJ071_004253-T1	DBVPG3775_002813-T1
GF00002908	CHIFNET10NJ071_003143-T1	DBVPG3775_002915-T1
GF00002909	CHIFNET10NJ071_003145-T1	DBVPG3775_002913-T1
GF00002910	CHIFNET10NJ071_012827-T1	DBVPG3775_002912-T1
GF00002911	CHIFNET10NJ071_003147-T1	DBVPG3775_002911-T1
GF00002912	CHIFNET10NJ071_003148-T1	DBVPG3775_002910-T1
GF00002913	CHIFNET10NJ071_003152-T1	DBVPG3775_002906-T1
GF00002914	CHIFNET10NJ071_003153-T1	DBVPG3775_002905-T1
GF00002915	CHIFNET10NJ071_012219-T1	DBVPG3775_002902-T1
GF00002916	CHIFNET10NJ071_003157-T1	DBVPG3775_002899-T1
GF00002917	CHIFNET10NJ071_012215-T1	DBVPG3775_002897-T1
GF00002918	CHIFNET10NJ071_003165-T1	DBVPG3775_002891-T1
GF00002919	CHIFNET10NJ071_012212-T1	DBVPG3775_002893-T1
GF00002920	CHIFNET10NJ071_006199-T1	DBVPG3775_004699-T1
GF00002921	CHIFNET10NJ071_003168-T1	DBVPG3775_002888-T1
GF00002922	CHIFNET10NJ071_012205-T1	DBVPG3775_002887-T1
GF00002923	CHIFNET10NJ071_003170-T1	DBVPG3775_002886-T1
GF00002924	CHIFNET10NJ071_003171-T1	DBVPG3775_002885-T1
GF00002925	CHIFNET10NJ071_003172-T1	DBVPG3775_002884-T1
GF00002926	CHIFNET10NJ071_014055-T1	DBVPG3775_002883-T1
GF00002927	CHIFNET10NJ071_014052-T1	DBVPG3775_002879-T1
GF00002928	CHIFNET10NJ071_013212-T1	DBVPG3775_004030-T1
GF00002929	CHIFNET10NJ071_013214-T1	DBVPG3775_004032-T1
GF00002930	CHIFNET10NJ071_003184-T1	DBVPG3775_004033-T1
GF00002931	CHIFNET10NJ071_013217-T1	DBVPG3775_004036-T1
GF00002932	CHIFNET10NJ071_003189-T1	DBVPG3775_004038-T1
GF00002933	CHIFNET10NJ071_003192-T1	DBVPG3775_004040-T1
GF00002934	CHIFNET10NJ071_003195-T1	DBVPG3775_004043-T1
GF00002935	CHIFNET10NJ071_003196-T1	DBVPG3775_004044-T1
GF00002936	CHIFNET10NJ071_010320-T1	DBVPG3775_004046-T1
GF00002937	CHIFNET10NJ071_010321-T1	DBVPG3775_004047-T1
GF00002938	CHIFNET10NJ071_003200-T1	DBVPG3775_004048-T1
GF00002939	CHIFNET10NJ071_003201-T1	DBVPG3775_004049-T1
GF00002940	CHIFNET10NJ071_003202-T1	DBVPG3775_004050-T1
GF00002941	CHIFNET10NJ071_004362-T1	DBVPG3775_005817-T1
GF00002942	CHIFNET10NJ071_003204-T1	DBVPG3775_004052-T1
GF00002943	CHIFNET10NJ071_003206-T1	DBVPG3775_004054-T1
GF00002944	CHIFNET10NJ071_010329-T1	DBVPG3775_004056-T1
GF00002945	CHIFNET10NJ071_003210-T1	DBVPG3775_004058-T1
GF00002946	CHIFNET10NJ071_003211-T1	DBVPG3775_004059-T1
GF00002947	CHIFNET10NJ071_003214-T1	DBVPG3775_004062-T1
GF00002948	CHIFNET10NJ071_010336-T1	DBVPG3775_004063-T1
GF00002949	CHIFNET10NJ071_003216-T1	DBVPG3775_004064-T1
GF00002950	CHIFNET10NJ071_010338-T1	DBVPG3775_004065-T1
GF00002951	CHIFNET10NJ071_010339-T1	DBVPG3775_004066-T1
GF00002952	CHIFNET10NJ071_003220-T1	DBVPG3775_004067-T1
GF00002953	CHIFNET10NJ071_003221-T1	DBVPG3775_004068-T1
GF00002954	CHIFNET10NJ071_003222-T1	DBVPG3775_004069-T1
GF00002955	CHIFNET10NJ071_003223-T1	DBVPG3775_004070-T1
GF00002956	CHIFNET10NJ071_003224-T1	DBVPG3775_004071-T1
GF00002957	CHIFNET10NJ071_010346-T1	DBVPG3775_004075-T1
GF00002958	CHIFNET10NJ071_003229-T1	DBVPG3775_004076-T1
GF00002959	CHIFNET10NJ071_003230-T1	DBVPG3775_004077-T1
GF00002960	CHIFNET10NJ071_003231-T1	DBVPG3775_004078-T1
GF00002961	CHIFNET10NJ071_003232-T1	DBVPG3775_004079-T1
GF00002962	CHIFNET10NJ071_010352-T1	DBVPG3775_004081-T1
GF00002963	CHIFNET10NJ071_003235-T1	DBVPG3775_004082-T1
GF00002964	CHIFNET10NJ071_003236-T1	DBVPG3775_004083-T1
GF00002965	CHIFNET10NJ071_003237-T1	DBVPG3775_004084-T1
GF00002966	CHIFNET10NJ071_006434-T1	DBVPG3775_007408-T1
GF00002967	CHIFNET10NJ071_003854-T1	DBVPG3775_006484-T1
GF00002968	CHIFNET10NJ071_011599-T1	DBVPG3775_004712-T1
GF00002969	CHIFNET10NJ071_003852-T1	DBVPG3775_006486-T1
GF00002970	CHIFNET10NJ071_003851-T1	DBVPG3775_006487-T1
GF00002971	CHIFNET10NJ071_003849-T1	DBVPG3775_006489-T1
GF00002972	CHIFNET10NJ071_003848-T1	DBVPG3775_006490-T1
GF00002973	CHIFNET10NJ071_003847-T1	DBVPG3775_006491-T1
GF00002974	CHIFNET10NJ071_003298-T1	DBVPG3775_006492-T1
GF00002975	CHIFNET10NJ071_003844-T1	DBVPG3775_006494-T1
GF00002976	CHIFNET10NJ071_003841-T1	DBVPG3775_006496-T1
GF00002977	CHIFNET10NJ071_003840-T1	DBVPG3775_006497-T1
GF00002978	CHIFNET10NJ071_003839-T1	DBVPG3775_006498-T1
GF00002979	CHIFNET10NJ071_003833-T1	DBVPG3775_006504-T1
GF00002980	CHIFNET10NJ071_003832-T1	DBVPG3775_006505-T1
GF00002981	CHIFNET10NJ071_003829-T1	DBVPG3775_005356-T1
GF00002982	CHIFNET10NJ071_003828-T1	DBVPG3775_005357-T1
GF00002983	CHIFNET10NJ071_003826-T1	DBVPG3775_005359-T1
GF00002984	CHIFNET10NJ071_003316-T1	DBVPG3775_005360-T1
GF00002985	CHIFNET10NJ071_003824-T1	DBVPG3775_005361-T1
GF00002986	CHIFNET10NJ071_003822-T1	DBVPG3775_005363-T1
GF00002987	CHIFNET10NJ071_003320-T1	DBVPG3775_005364-T1
GF00002988	CHIFNET10NJ071_003820-T1	DBVPG3775_005365-T1
GF00002989	CHIFNET10NJ071_003819-T1	DBVPG3775_005366-T1
GF00002990	CHIFNET10NJ071_003818-T1	DBVPG3775_005367-T1
GF00002991	CHIFNET10NJ071_003325-T1	DBVPG3775_005368-T1
GF00002992	CHIFNET10NJ071_003816-T1	DBVPG3775_005369-T1
GF00002993	CHIFNET10NJ071_003814-T1	DBVPG3775_005371-T1
GF00002994	CHIFNET10NJ071_003812-T1	DBVPG3775_005373-T1
GF00002995	CHIFNET10NJ071_003810-T1	DBVPG3775_005375-T1
GF00002996	CHIFNET10NJ071_003809-T1	DBVPG3775_005376-T1
GF00002997	CHIFNET10NJ071_003335-T1	DBVPG3775_005377-T1
GF00002998	CHIFNET10NJ071_003336-T1	DBVPG3775_005378-T1
GF00002999	CHIFNET10NJ071_003338-T1	DBVPG3775_005380-T1
GF00003000	CHIFNET10NJ071_003342-T1	DBVPG3775_005384-T1
GF00003001	CHIFNET10NJ071_003343-T1	DBVPG3775_005385-T1
GF00003002	CHIFNET10NJ071_003344-T1	DBVPG3775_005386-T1
GF00003003	CHIFNET10NJ071_006906-T1	DBVPG3775_004668-T1
GF00003004	CHIFNET10NJ071_008468-T1	DBVPG3775_005413-T1
GF00003005	CHIFNET10NJ071_008467-T1	DBVPG3775_005412-T1
GF00003006	CHIFNET10NJ071_008464-T1	DBVPG3775_005408-T1
GF00003007	CHIFNET10NJ071_008462-T1	DBVPG3775_005406-T1
GF00003008	CHIFNET10NJ071_003354-T1	DBVPG3775_005405-T1
GF00003009	CHIFNET10NJ071_003355-T1	DBVPG3775_005404-T1
GF00003010	CHIFNET10NJ071_008459-T1	DBVPG3775_005403-T1
GF00003011	CHIFNET10NJ071_008456-T1	DBVPG3775_005402-T1
GF00003012	CHIFNET10NJ071_003358-T1	DBVPG3775_005401-T1
GF00003013	CHIFNET10NJ071_008452-T1	DBVPG3775_005398-T1
GF00003014	CHIFNET10NJ071_008451-T1	DBVPG3775_005397-T1
GF00003015	CHIFNET10NJ071_003362-T1	DBVPG3775_005396-T1
GF00003016	CHIFNET10NJ071_008449-T1	DBVPG3775_005395-T1
GF00003017	CHIFNET10NJ071_003364-T1	DBVPG3775_005394-T1
GF00003018	CHIFNET10NJ071_008447-T1	DBVPG3775_005393-T1
GF00003019	CHIFNET10NJ071_008444-T1	DBVPG3775_005390-T1
GF00003020	CHIFNET10NJ071_008443-T1	DBVPG3775_005389-T1
GF00003021	CHIFNET10NJ071_008442-T1	DBVPG3775_005388-T1
GF00003022	CHIFNET10NJ071_008440-T1	DBVPG3775_005415-T1
GF00003023	CHIFNET10NJ071_008439-T1	DBVPG3775_005416-T1
GF00003024	CHIFNET10NJ071_003376-T1	DBVPG3775_005418-T1
GF00003025	CHIFNET10NJ071_008434-T1	DBVPG3775_005420-T1
GF00003026	CHIFNET10NJ071_003468-T1	DBVPG3775_002066-T1
GF00003027	CHIFNET10NJ071_003472-T1	DBVPG3775_002062-T1
GF00003028	CHIFNET10NJ071_004595-T1	DBVPG3775_002059-T1
GF00003029	CHIFNET10NJ071_003476-T1	DBVPG3775_002058-T1
GF00003030	CHIFNET10NJ071_003477-T1	DBVPG3775_002057-T1
GF00003031	CHIFNET10NJ071_003479-T1	DBVPG3775_002055-T1
GF00003032	CHIFNET10NJ071_003481-T1	DBVPG3775_002053-T1
GF00003033	CHIFNET10NJ071_004602-T1	DBVPG3775_002052-T1
GF00003034	CHIFNET10NJ071_004603-T1	DBVPG3775_002051-T1
GF00003035	CHIFNET10NJ071_003484-T1	DBVPG3775_002050-T1
GF00003036	CHIFNET10NJ071_005119-T1	DBVPG3775_007421-T1
GF00003037	CHIFNET10NJ071_003490-T1	DBVPG3775_002034-T1
GF00003038	CHIFNET10NJ071_003491-T1	DBVPG3775_002033-T1
GF00003039	CHIFNET10NJ071_005777-T1	DBVPG3775_000423-T1
GF00003040	CHIFNET10NJ071_004615-T1	DBVPG3775_002030-T1
GF00003041	CHIFNET10NJ071_004616-T1	DBVPG3775_002029-T1
GF00003042	CHIFNET10NJ071_003497-T1	DBVPG3775_002027-T1
GF00003043	CHIFNET10NJ071_003498-T1	DBVPG3775_002026-T1
GF00003044	CHIFNET10NJ071_003499-T1	DBVPG3775_002025-T1
GF00003045	CHIFNET10NJ071_003502-T1	DBVPG3775_002022-T1
GF00003046	CHIFNET10NJ071_003503-T1	DBVPG3775_002021-T1
GF00003047	CHIFNET10NJ071_003505-T1	DBVPG3775_002019-T1
GF00003048	CHIFNET10NJ071_003508-T1	DBVPG3775_002016-T1
GF00003049	CHIFNET10NJ071_003509-T1	DBVPG3775_002015-T1
GF00003050	CHIFNET10NJ071_003510-T1	DBVPG3775_002014-T1
GF00003051	CHIFNET10NJ071_003511-T1	DBVPG3775_002013-T1
GF00003052	CHIFNET10NJ071_004633-T1	DBVPG3775_002012-T1
GF00003053	CHIFNET10NJ071_003513-T1	DBVPG3775_002011-T1
GF00003054	CHIFNET10NJ071_003519-T1	DBVPG3775_002005-T1
GF00003055	CHIFNET10NJ071_003523-T1	DBVPG3775_002001-T1
GF00003056	CHIFNET10NJ071_004647-T1	DBVPG3775_001997-T1
GF00003057	CHIFNET10NJ071_003527-T1	DBVPG3775_001996-T1
GF00003058	CHIFNET10NJ071_003529-T1	DBVPG3775_001994-T1
GF00003059	CHIFNET10NJ071_007920-T1	DBVPG3775_002173-T1
GF00003060	CHIFNET10NJ071_003531-T1	DBVPG3775_001992-T1
GF00003061	CHIFNET10NJ071_003533-T1	DBVPG3775_001990-T1
GF00003062	CHIFNET10NJ071_003535-T1	DBVPG3775_001988-T1
GF00003063	CHIFNET10NJ071_003536-T1	DBVPG3775_001987-T1
GF00003064	CHIFNET10NJ071_003538-T1	DBVPG3775_001985-T1
GF00003065	CHIFNET10NJ071_014156-T1	DBVPG3775_001984-T1
GF00003066	CHIFNET10NJ071_003542-T1	DBVPG3775_001981-T1
GF00003067	CHIFNET10NJ071_005405-T1	DBVPG3775_005459-T1
GF00003068	CHIFNET10NJ071_005406-T1	DBVPG3775_005460-T1
GF00003069	CHIFNET10NJ071_003559-T1	DBVPG3775_005461-T1
GF00003070	CHIFNET10NJ071_005408-T1	DBVPG3775_005462-T1
GF00003071	CHIFNET10NJ071_003561-T1	DBVPG3775_005463-T1
GF00003072	CHIFNET10NJ071_003562-T1	DBVPG3775_005464-T1
GF00003073	CHIFNET10NJ071_003563-T1	DBVPG3775_005465-T1
GF00003074	CHIFNET10NJ071_003565-T1	DBVPG3775_005467-T1
GF00003075	CHIFNET10NJ071_005414-T1	DBVPG3775_005468-T1
GF00003076	CHIFNET10NJ071_003567-T1	DBVPG3775_005469-T1
GF00003077	CHIFNET10NJ071_003568-T1	DBVPG3775_005470-T1
GF00003078	CHIFNET10NJ071_003569-T1	DBVPG3775_005471-T1
GF00003079	CHIFNET10NJ071_003576-T1	DBVPG3775_005479-T1
GF00003080	CHIFNET10NJ071_005428-T1	DBVPG3775_005481-T1
GF00003081	CHIFNET10NJ071_003579-T1	DBVPG3775_005482-T1
GF00003082	CHIFNET10NJ071_003581-T1	DBVPG3775_005484-T1
GF00003083	CHIFNET10NJ071_003583-T1	DBVPG3775_005486-T1
GF00003084	CHIFNET10NJ071_003584-T1	DBVPG3775_005487-T1
GF00003085	CHIFNET10NJ071_003585-T1	DBVPG3775_005488-T1
GF00003086	CHIFNET10NJ071_005436-T1	DBVPG3775_005489-T1
GF00003087	CHIFNET10NJ071_003589-T1	DBVPG3775_005492-T1
GF00003088	CHIFNET10NJ071_005440-T1	DBVPG3775_005493-T1
GF00003089	CHIFNET10NJ071_003591-T1	DBVPG3775_005495-T1
GF00003090	CHIFNET10NJ071_003592-T1	DBVPG3775_005496-T1
GF00003091	CHIFNET10NJ071_005444-T1	DBVPG3775_005497-T1
GF00003092	CHIFNET10NJ071_003594-T1	DBVPG3775_005498-T1
GF00003093	CHIFNET10NJ071_005446-T1	DBVPG3775_005499-T1
GF00003094	CHIFNET10NJ071_005448-T1	DBVPG3775_005501-T1
GF00003095	CHIFNET10NJ071_003599-T1	DBVPG3775_005502-T1
GF00003096	CHIFNET10NJ071_003601-T1	DBVPG3775_005504-T1
GF00003097	CHIFNET10NJ071_003604-T1	DBVPG3775_005507-T1
GF00003098	CHIFNET10NJ071_005455-T1	DBVPG3775_005508-T1
GF00003099	CHIFNET10NJ071_003606-T1	DBVPG3775_005509-T1
GF00003100	CHIFNET10NJ071_003608-T1	DBVPG3775_005511-T1
GF00003101	CHIFNET10NJ071_003611-T1	DBVPG3775_005514-T1
GF00003102	CHIFNET10NJ071_003612-T1	DBVPG3775_005515-T1
GF00003103	CHIFNET10NJ071_005462-T1	DBVPG3775_005516-T1
GF00003104	CHIFNET10NJ071_003614-T1	DBVPG3775_005517-T1
GF00003105	CHIFNET10NJ071_003616-T1	DBVPG3775_005519-T1
GF00003106	CHIFNET10NJ071_003617-T1	DBVPG3775_005520-T1
GF00003107	CHIFNET10NJ071_003619-T1	DBVPG3775_005522-T1
GF00003108	CHIFNET10NJ071_003620-T1	DBVPG3775_005523-T1
GF00003109	CHIFNET10NJ071_003621-T1	DBVPG3775_005524-T1
GF00003110	CHIFNET10NJ071_003622-T1	DBVPG3775_005526-T1
GF00003111	CHIFNET10NJ071_003623-T1	DBVPG3775_005527-T1
GF00003112	CHIFNET10NJ071_003625-T1	DBVPG3775_005530-T1
GF00003113	CHIFNET10NJ071_003627-T1	DBVPG3775_005532-T1
GF00003114	CHIFNET10NJ071_012259-T1	DBVPG3775_007247-T1
GF00003115	CHIFNET10NJ071_003632-T1	DBVPG3775_000963-T1
GF00003116	CHIFNET10NJ071_003633-T1	DBVPG3775_000962-T1
GF00003117	CHIFNET10NJ071_003716-T1	DBVPG3775_000961-T1
GF00003118	CHIFNET10NJ071_003713-T1	DBVPG3775_000958-T1
GF00003119	CHIFNET10NJ071_003710-T1	DBVPG3775_000955-T1
GF00003120	CHIFNET10NJ071_003707-T1	DBVPG3775_000952-T1
GF00003121	CHIFNET10NJ071_003643-T1	DBVPG3775_000951-T1
GF00003122	CHIFNET10NJ071_003705-T1	DBVPG3775_000950-T1
GF00003123	CHIFNET10NJ071_003646-T1	DBVPG3775_000948-T1
GF00003124	CHIFNET10NJ071_003702-T1	DBVPG3775_000947-T1
GF00003125	CHIFNET10NJ071_003650-T1	DBVPG3775_000945-T1
GF00003126	CHIFNET10NJ071_003699-T1	DBVPG3775_000944-T1
GF00003127	CHIFNET10NJ071_003698-T1	DBVPG3775_000943-T1
GF00003128	CHIFNET10NJ071_003697-T1	DBVPG3775_000942-T1
GF00003129	CHIFNET10NJ071_003696-T1	DBVPG3775_000941-T1
GF00003130	CHIFNET10NJ071_003655-T1	DBVPG3775_000940-T1
GF00003131	CHIFNET10NJ071_003694-T1	DBVPG3775_000939-T1
GF00003132	CHIFNET10NJ071_003693-T1	DBVPG3775_000938-T1
GF00003133	CHIFNET10NJ071_003659-T1	DBVPG3775_000936-T1
GF00003134	CHIFNET10NJ071_003660-T1	DBVPG3775_000935-T1
GF00003135	CHIFNET10NJ071_011532-T1	DBVPG3775_007372-T1
GF00003136	CHIFNET10NJ071_003663-T1	DBVPG3775_000910-T1
GF00003137	CHIFNET10NJ071_003664-T1	DBVPG3775_000911-T1
GF00003138	CHIFNET10NJ071_003667-T1	DBVPG3775_000914-T1
GF00003139	CHIFNET10NJ071_003670-T1	DBVPG3775_000916-T1
GF00003140	CHIFNET10NJ071_003671-T1	DBVPG3775_000917-T1
GF00003141	CHIFNET10NJ071_007815-T1	DBVPG3775_000918-T1
GF00003142	CHIFNET10NJ071_007814-T1	DBVPG3775_000919-T1
GF00003143	CHIFNET10NJ071_003674-T1	DBVPG3775_000920-T1
GF00003144	CHIFNET10NJ071_007812-T1	DBVPG3775_000921-T1
GF00003145	CHIFNET10NJ071_003677-T1	DBVPG3775_000923-T1
GF00003146	CHIFNET10NJ071_003679-T1	DBVPG3775_000925-T1
GF00003147	CHIFNET10NJ071_014062-T1	DBVPG3775_000927-T1
GF00003148	CHIFNET10NJ071_014063-T1	DBVPG3775_000928-T1
GF00003149	CHIFNET10NJ071_014064-T1	DBVPG3775_000929-T1
GF00003150	CHIFNET10NJ071_003684-T1	DBVPG3775_000930-T1
GF00003151	CHIFNET10NJ071_003972-T1	DBVPG3775_005008-T1
GF00003152	CHIFNET10NJ071_003721-T1	DBVPG3775_004710-T1
GF00003153	CHIFNET10NJ071_003724-T1	DBVPG3775_004713-T1
GF00003154	CHIFNET10NJ071_011597-T1	DBVPG3775_004714-T1
GF00003155	CHIFNET10NJ071_011596-T1	DBVPG3775_004715-T1
GF00003156	CHIFNET10NJ071_003729-T1	DBVPG3775_004718-T1
GF00003157	CHIFNET10NJ071_003730-T1	DBVPG3775_004719-T1
GF00003158	CHIFNET10NJ071_003731-T1	DBVPG3775_004720-T1
GF00003159	CHIFNET10NJ071_003734-T1	DBVPG3775_004723-T1
GF00003160	CHIFNET10NJ071_011586-T1	DBVPG3775_004724-T1
GF00003161	CHIFNET10NJ071_003738-T1	DBVPG3775_004727-T1
GF00003162	CHIFNET10NJ071_003739-T1	DBVPG3775_004728-T1
GF00003163	CHIFNET10NJ071_003742-T1	DBVPG3775_004738-T1
GF00003164	CHIFNET10NJ071_003744-T1	DBVPG3775_004740-T1
GF00003165	CHIFNET10NJ071_010788-T1	DBVPG3775_004742-T1
GF00003166	CHIFNET10NJ071_003747-T1	DBVPG3775_004743-T1
GF00003167	CHIFNET10NJ071_010786-T1	DBVPG3775_004744-T1
GF00003168	CHIFNET10NJ071_003749-T1	DBVPG3775_004745-T1
GF00003169	CHIFNET10NJ071_010783-T1	DBVPG3775_004747-T1
GF00003170	CHIFNET10NJ071_003752-T1	DBVPG3775_004748-T1
GF00003171	CHIFNET10NJ071_010781-T1	DBVPG3775_004749-T1
GF00003172	CHIFNET10NJ071_003754-T1	DBVPG3775_004750-T1
GF00003173	CHIFNET10NJ071_010773-T1	DBVPG3775_004758-T1
GF00003174	CHIFNET10NJ071_010772-T1	DBVPG3775_004759-T1
GF00003175	CHIFNET10NJ071_003762-T1	DBVPG3775_004761-T1
GF00003176	CHIFNET10NJ071_003763-T1	DBVPG3775_004762-T1
GF00003177	CHIFNET10NJ071_003765-T1	DBVPG3775_004764-T1
GF00003178	CHIFNET10NJ071_003769-T1	DBVPG3775_004770-T1
GF00003179	CHIFNET10NJ071_003770-T1	DBVPG3775_004771-T1
GF00003180	CHIFNET10NJ071_010758-T1	DBVPG3775_004773-T1
GF00003181	CHIFNET10NJ071_003774-T1	DBVPG3775_004775-T1
GF00003182	CHIFNET10NJ071_003775-T1	DBVPG3775_004776-T1
GF00003183	CHIFNET10NJ071_003776-T1	DBVPG3775_004778-T1
GF00003184	CHIFNET10NJ071_011505-T1	DBVPG3775_004785-T1
GF00003185	CHIFNET10NJ071_003782-T1	DBVPG3775_004787-T1
GF00003186	CHIFNET10NJ071_011508-T1	DBVPG3775_004789-T1
GF00003187	CHIFNET10NJ071_003785-T1	DBVPG3775_004790-T1
GF00003188	CHIFNET10NJ071_003787-T1	DBVPG3775_004793-T1
GF00003189	CHIFNET10NJ071_011512-T1	DBVPG3775_004794-T1
GF00003190	CHIFNET10NJ071_003789-T1	DBVPG3775_004795-T1
GF00003191	CHIFNET10NJ071_011516-T1	DBVPG3775_004798-T1
GF00003192	CHIFNET10NJ071_011518-T1	DBVPG3775_004800-T1
GF00003193	CHIFNET10NJ071_003796-T1	DBVPG3775_002114-T1
GF00003194	CHIFNET10NJ071_011702-T1	DBVPG3775_002115-T1
GF00003195	CHIFNET10NJ071_003798-T1	DBVPG3775_002116-T1
GF00003196	CHIFNET10NJ071_011704-T1	DBVPG3775_002117-T1
GF00003197	CHIFNET10NJ071_011706-T1	DBVPG3775_002119-T1
GF00003198	CHIFNET10NJ071_007525-T1	DBVPG3775_002556-T1
GF00003199	CHIFNET10NJ071_010083-T1	DBVPG3775_006483-T1
GF00003200	CHIFNET10NJ071_003856-T1	DBVPG3775_006482-T1
GF00003201	CHIFNET10NJ071_003857-T1	DBVPG3775_006481-T1
GF00003202	CHIFNET10NJ071_003858-T1	DBVPG3775_006480-T1
GF00003203	CHIFNET10NJ071_003859-T1	DBVPG3775_006479-T1
GF00003204	CHIFNET10NJ071_014322-T1	DBVPG3775_006478-T1
GF00003205	CHIFNET10NJ071_003861-T1	DBVPG3775_006477-T1
GF00003206	CHIFNET10NJ071_009954-T1	DBVPG3775_001636-T1
GF00003207	CHIFNET10NJ071_010146-T1	DBVPG3775_004231-T1
GF00003208	CHIFNET10NJ071_012857-T1	DBVPG3775_006475-T1
GF00003209	CHIFNET10NJ071_003864-T1	DBVPG3775_006474-T1
GF00003210	CHIFNET10NJ071_003865-T1	DBVPG3775_006473-T1
GF00003211	CHIFNET10NJ071_003867-T1	DBVPG3775_006471-T1
GF00003212	CHIFNET10NJ071_003868-T1	DBVPG3775_006470-T1
GF00003213	CHIFNET10NJ071_003869-T1	DBVPG3775_006469-T1
GF00003214	CHIFNET10NJ071_003870-T1	DBVPG3775_006468-T1
GF00003215	CHIFNET10NJ071_003871-T1	DBVPG3775_006467-T1
GF00003216	CHIFNET10NJ071_003872-T1	DBVPG3775_006466-T1
GF00003217	CHIFNET10NJ071_003873-T1	DBVPG3775_006465-T1
GF00003218	CHIFNET10NJ071_003874-T1	DBVPG3775_006464-T1
GF00003219	CHIFNET10NJ071_012869-T1	DBVPG3775_006463-T1
GF00003220	CHIFNET10NJ071_003876-T1	DBVPG3775_006462-T1
GF00003221	CHIFNET10NJ071_003878-T1	DBVPG3775_006460-T1
GF00003222	CHIFNET10NJ071_014551-T1	DBVPG3775_006458-T1
GF00003223	CHIFNET10NJ071_003881-T1	DBVPG3775_006457-T1
GF00003224	CHIFNET10NJ071_003886-T1	DBVPG3775_000628-T1
GF00003225	CHIFNET10NJ071_003888-T1	DBVPG3775_000630-T1
GF00003226	CHIFNET10NJ071_003895-T1	DBVPG3775_000637-T1
GF00003227	CHIFNET10NJ071_003896-T1	DBVPG3775_000638-T1
GF00003228	CHIFNET10NJ071_003898-T1	DBVPG3775_000640-T1
GF00003229	CHIFNET10NJ071_003899-T1	DBVPG3775_000641-T1
GF00003230	CHIFNET10NJ071_014019-T1	DBVPG3775_000642-T1
GF00003231	CHIFNET10NJ071_003901-T1	DBVPG3775_000643-T1
GF00003232	CHIFNET10NJ071_003903-T1	DBVPG3775_000645-T1
GF00003233	CHIFNET10NJ071_003906-T1	DBVPG3775_000648-T1
GF00003234	CHIFNET10NJ071_003908-T1	DBVPG3775_000650-T1
GF00003235	CHIFNET10NJ071_003909-T1	DBVPG3775_000651-T1
GF00003236	CHIFNET10NJ071_003910-T1	DBVPG3775_000652-T1
GF00003237	CHIFNET10NJ071_003912-T1	DBVPG3775_000654-T1
GF00003238	CHIFNET10NJ071_003915-T1	DBVPG3775_000657-T1
GF00003239	CHIFNET10NJ071_003916-T1	DBVPG3775_000658-T1
GF00003240	CHIFNET10NJ071_011941-T1	DBVPG3775_000660-T1
GF00003241	CHIFNET10NJ071_003920-T1	DBVPG3775_000662-T1
GF00003242	CHIFNET10NJ071_011937-T1	DBVPG3775_000663-T1
GF00003243	CHIFNET10NJ071_003924-T1	DBVPG3775_000666-T1
GF00003244	CHIFNET10NJ071_003925-T1	DBVPG3775_000667-T1
GF00003245	CHIFNET10NJ071_003927-T1	DBVPG3775_000669-T1
GF00003246	CHIFNET10NJ071_012369-T1	DBVPG3775_000670-T1
GF00003247	CHIFNET10NJ071_012370-T1	DBVPG3775_000671-T1
GF00003248	CHIFNET10NJ071_012371-T1	DBVPG3775_000672-T1
GF00003249	CHIFNET10NJ071_003931-T1	DBVPG3775_000673-T1
GF00003250	CHIFNET10NJ071_012373-T1	DBVPG3775_000674-T1
GF00003251	CHIFNET10NJ071_011949-T1	DBVPG3775_000678-T1
GF00003252	CHIFNET10NJ071_003937-T1	DBVPG3775_000679-T1
GF00003253	CHIFNET10NJ071_011952-T1	DBVPG3775_000681-T1
GF00003254	CHIFNET10NJ071_011953-T1	DBVPG3775_000682-T1
GF00003255	CHIFNET10NJ071_003942-T1	DBVPG3775_000683-T1
GF00003256	CHIFNET10NJ071_003943-T1	DBVPG3775_000684-T1
GF00003257	CHIFNET10NJ071_011956-T1	DBVPG3775_000686-T1
GF00003258	CHIFNET10NJ071_003946-T1	DBVPG3775_000687-T1
GF00003259	CHIFNET10NJ071_003947-T1	DBVPG3775_000688-T1
GF00003260	CHIFNET10NJ071_003948-T1	DBVPG3775_000689-T1
GF00003261	CHIFNET10NJ071_003949-T1	DBVPG3775_000690-T1
GF00003262	CHIFNET10NJ071_003950-T1	DBVPG3775_000691-T1
GF00003263	CHIFNET10NJ071_003953-T1	DBVPG3775_000694-T1
GF00003264	CHIFNET10NJ071_003957-T1	DBVPG3775_000697-T1
GF00003265	CHIFNET10NJ071_003960-T1	DBVPG3775_000700-T1
GF00003266	CHIFNET10NJ071_003962-T1	DBVPG3775_000702-T1
GF00003267	CHIFNET10NJ071_007577-T1	DBVPG3775_005012-T1
GF00003268	CHIFNET10NJ071_007576-T1	DBVPG3775_005011-T1
GF00003269	CHIFNET10NJ071_003970-T1	DBVPG3775_005010-T1
GF00003270	CHIFNET10NJ071_003971-T1	DBVPG3775_005009-T1
GF00003271	CHIFNET10NJ071_003973-T1	DBVPG3775_005007-T1
GF00003272	CHIFNET10NJ071_007570-T1	DBVPG3775_005005-T1
GF00003273	CHIFNET10NJ071_007569-T1	DBVPG3775_005004-T1
GF00003274	CHIFNET10NJ071_003977-T1	DBVPG3775_005003-T1
GF00003275	CHIFNET10NJ071_003979-T1	DBVPG3775_005000-T1
GF00003276	CHIFNET10NJ071_007564-T1	DBVPG3775_004999-T1
GF00003277	CHIFNET10NJ071_007562-T1	DBVPG3775_004997-T1
GF00003278	CHIFNET10NJ071_007561-T1	DBVPG3775_004996-T1
GF00003279	CHIFNET10NJ071_003984-T1	DBVPG3775_004995-T1
GF00003280	CHIFNET10NJ071_003991-T1	DBVPG3775_005018-T1
GF00003281	CHIFNET10NJ071_003992-T1	DBVPG3775_005019-T1
GF00003282	CHIFNET10NJ071_007588-T1	DBVPG3775_005023-T1
GF00003283	CHIFNET10NJ071_003997-T1	DBVPG3775_005024-T1
GF00003284	CHIFNET10NJ071_007590-T1	DBVPG3775_005025-T1
GF00003285	CHIFNET10NJ071_004000-T1	DBVPG3775_005027-T1
GF00003286	CHIFNET10NJ071_007594-T1	DBVPG3775_005028-T1
GF00003287	CHIFNET10NJ071_004002-T1	DBVPG3775_005029-T1
GF00003288	CHIFNET10NJ071_007596-T1	DBVPG3775_005030-T1
GF00003289	CHIFNET10NJ071_007598-T1	DBVPG3775_005032-T1
GF00003290	CHIFNET10NJ071_004009-T1	DBVPG3775_005035-T1
GF00003291	CHIFNET10NJ071_004010-T1	DBVPG3775_005036-T1
GF00003292	CHIFNET10NJ071_007603-T1	DBVPG3775_005037-T1
GF00003293	CHIFNET10NJ071_007606-T1	DBVPG3775_005040-T1
GF00003294	CHIFNET10NJ071_004017-T1	DBVPG3775_005042-T1
GF00003295	CHIFNET10NJ071_004020-T1	DBVPG3775_003687-T1
GF00003296	CHIFNET10NJ071_004022-T1	DBVPG3775_003689-T1
GF00003297	CHIFNET10NJ071_004023-T1	DBVPG3775_003692-T1
GF00003298	CHIFNET10NJ071_004050-T1	DBVPG3775_006281-T1
GF00003299	CHIFNET10NJ071_009518-T1	DBVPG3775_006282-T1
GF00003300	CHIFNET10NJ071_009520-T1	DBVPG3775_006284-T1
GF00003301	CHIFNET10NJ071_004054-T1	DBVPG3775_006285-T1
GF00003302	CHIFNET10NJ071_009523-T1	DBVPG3775_006290-T1
GF00003303	CHIFNET10NJ071_004060-T1	DBVPG3775_006291-T1
GF00003304	CHIFNET10NJ071_009525-T1	DBVPG3775_006292-T1
GF00003305	CHIFNET10NJ071_004062-T1	DBVPG3775_006293-T1
GF00003306	CHIFNET10NJ071_004063-T1	DBVPG3775_006294-T1
GF00003307	CHIFNET10NJ071_004064-T1	DBVPG3775_006295-T1
GF00003308	CHIFNET10NJ071_004065-T1	DBVPG3775_006296-T1
GF00003309	CHIFNET10NJ071_004066-T1	DBVPG3775_006297-T1
GF00003310	CHIFNET10NJ071_004067-T1	DBVPG3775_006298-T1
GF00003311	CHIFNET10NJ071_004068-T1	DBVPG3775_006299-T1
GF00003312	CHIFNET10NJ071_004069-T1	DBVPG3775_006300-T1
GF00003313	CHIFNET10NJ071_004070-T1	DBVPG3775_006301-T1
GF00003314	CHIFNET10NJ071_009535-T1	DBVPG3775_006302-T1
GF00003315	CHIFNET10NJ071_004072-T1	DBVPG3775_006303-T1
GF00003316	CHIFNET10NJ071_004074-T1	DBVPG3775_006305-T1
GF00003317	CHIFNET10NJ071_009540-T1	DBVPG3775_006308-T1
GF00003318	CHIFNET10NJ071_009541-T1	DBVPG3775_006309-T1
GF00003319	CHIFNET10NJ071_009542-T1	DBVPG3775_006310-T1
GF00003320	CHIFNET10NJ071_004079-T1	DBVPG3775_006311-T1
GF00003321	CHIFNET10NJ071_013015-T1	DBVPG3775_005047-T1
GF00003322	CHIFNET10NJ071_004080-T1	DBVPG3775_006312-T1
GF00003323	CHIFNET10NJ071_006032-T1	DBVPG3775_006313-T1
GF00003324	CHIFNET10NJ071_004082-T1	DBVPG3775_006314-T1
GF00003325	CHIFNET10NJ071_004083-T1	DBVPG3775_006315-T1
GF00003326	CHIFNET10NJ071_006035-T1	DBVPG3775_006316-T1
GF00003327	CHIFNET10NJ071_006037-T1	DBVPG3775_006318-T1
GF00003328	CHIFNET10NJ071_004087-T1	DBVPG3775_006319-T1
GF00003329	CHIFNET10NJ071_004088-T1	DBVPG3775_006320-T1
GF00003330	CHIFNET10NJ071_006040-T1	DBVPG3775_006321-T1
GF00003331	CHIFNET10NJ071_004090-T1	DBVPG3775_006322-T1
GF00003332	CHIFNET10NJ071_004091-T1	DBVPG3775_006323-T1
GF00003333	CHIFNET10NJ071_006045-T1	DBVPG3775_006327-T1
GF00003334	CHIFNET10NJ071_004097-T1	DBVPG3775_006328-T1
GF00003335	CHIFNET10NJ071_004098-T1	DBVPG3775_006329-T1
GF00003336	CHIFNET10NJ071_004099-T1	DBVPG3775_006330-T1
GF00003337	CHIFNET10NJ071_004101-T1	DBVPG3775_006332-T1
GF00003338	CHIFNET10NJ071_004102-T1	DBVPG3775_006333-T1
GF00003339	CHIFNET10NJ071_006056-T1	DBVPG3775_003837-T1
GF00003340	CHIFNET10NJ071_004107-T1	DBVPG3775_003836-T1
GF00003341	CHIFNET10NJ071_004108-T1	DBVPG3775_003835-T1
GF00003342	CHIFNET10NJ071_004109-T1	DBVPG3775_003834-T1
GF00003343	CHIFNET10NJ071_006060-T1	DBVPG3775_003833-T1
GF00003344	CHIFNET10NJ071_004112-T1	DBVPG3775_003831-T1
GF00003345	CHIFNET10NJ071_004113-T1	DBVPG3775_003830-T1
GF00003346	CHIFNET10NJ071_004114-T1	DBVPG3775_003829-T1
GF00003347	CHIFNET10NJ071_006065-T1	DBVPG3775_003828-T1
GF00003348	CHIFNET10NJ071_004116-T1	DBVPG3775_003827-T1
GF00003349	CHIFNET10NJ071_004118-T1	DBVPG3775_003825-T1
GF00003350	CHIFNET10NJ071_004119-T1	DBVPG3775_003824-T1
GF00003351	CHIFNET10NJ071_004120-T1	DBVPG3775_003823-T1
GF00003352	CHIFNET10NJ071_004122-T1	DBVPG3775_003820-T1
GF00003353	CHIFNET10NJ071_004124-T1	DBVPG3775_003818-T1
GF00003354	CHIFNET10NJ071_004125-T1	DBVPG3775_003817-T1
GF00003355	CHIFNET10NJ071_009511-T1	DBVPG3775_003816-T1
GF00003356	CHIFNET10NJ071_004127-T1	DBVPG3775_003815-T1
GF00003357	CHIFNET10NJ071_004128-T1	DBVPG3775_003814-T1
GF00003358	CHIFNET10NJ071_004129-T1	DBVPG3775_003813-T1
GF00003359	CHIFNET10NJ071_004130-T1	DBVPG3775_003812-T1
GF00003360	CHIFNET10NJ071_004131-T1	DBVPG3775_003811-T1
GF00003361	CHIFNET10NJ071_004132-T1	DBVPG3775_003810-T1
GF00003362	CHIFNET10NJ071_004133-T1	DBVPG3775_003809-T1
GF00003363	CHIFNET10NJ071_004134-T1	DBVPG3775_003808-T1
GF00003364	CHIFNET10NJ071_009502-T1	DBVPG3775_003807-T1
GF00003365	CHIFNET10NJ071_004136-T1	DBVPG3775_003806-T1
GF00003366	CHIFNET10NJ071_004137-T1	DBVPG3775_003805-T1
GF00003367	CHIFNET10NJ071_010318-T1	DBVPG3775_005128-T1
GF00003368	CHIFNET10NJ071_004141-T1	DBVPG3775_005127-T1
GF00003369	CHIFNET10NJ071_010316-T1	DBVPG3775_005126-T1
GF00003370	CHIFNET10NJ071_010315-T1	DBVPG3775_005125-T1
GF00003371	CHIFNET10NJ071_004144-T1	DBVPG3775_005124-T1
GF00003372	CHIFNET10NJ071_004147-T1	DBVPG3775_005121-T1
GF00003373	CHIFNET10NJ071_010309-T1	DBVPG3775_005119-T1
GF00003374	CHIFNET10NJ071_010308-T1	DBVPG3775_005118-T1
GF00003375	CHIFNET10NJ071_010307-T1	DBVPG3775_005117-T1
GF00003376	CHIFNET10NJ071_004154-T1	DBVPG3775_005114-T1
GF00003377	CHIFNET10NJ071_010303-T1	DBVPG3775_005113-T1
GF00003378	CHIFNET10NJ071_004157-T1	DBVPG3775_005111-T1
GF00003379	CHIFNET10NJ071_010299-T1	DBVPG3775_005110-T1
GF00003380	CHIFNET10NJ071_010297-T1	DBVPG3775_005108-T1
GF00003381	CHIFNET10NJ071_010296-T1	DBVPG3775_005107-T1
GF00003382	CHIFNET10NJ071_004162-T1	DBVPG3775_005106-T1
GF00003383	CHIFNET10NJ071_004163-T1	DBVPG3775_005105-T1
GF00003384	CHIFNET10NJ071_010293-T1	DBVPG3775_005104-T1
GF00003385	CHIFNET10NJ071_010292-T1	DBVPG3775_005103-T1
GF00003386	CHIFNET10NJ071_010291-T1	DBVPG3775_005102-T1
GF00003387	CHIFNET10NJ071_010289-T1	DBVPG3775_005100-T1
GF00003388	CHIFNET10NJ071_010288-T1	DBVPG3775_005099-T1
GF00003389	CHIFNET10NJ071_010287-T1	DBVPG3775_005098-T1
GF00003390	CHIFNET10NJ071_004172-T1	DBVPG3775_005096-T1
GF00003391	CHIFNET10NJ071_010284-T1	DBVPG3775_005095-T1
GF00003392	CHIFNET10NJ071_010283-T1	DBVPG3775_005094-T1
GF00003393	CHIFNET10NJ071_004175-T1	DBVPG3775_005093-T1
GF00003394	CHIFNET10NJ071_004177-T1	DBVPG3775_005092-T1
GF00003395	CHIFNET10NJ071_004178-T1	DBVPG3775_005091-T1
GF00003396	CHIFNET10NJ071_004180-T1	DBVPG3775_005089-T1
GF00003397	CHIFNET10NJ071_004181-T1	DBVPG3775_005088-T1
GF00003398	CHIFNET10NJ071_004182-T1	DBVPG3775_005087-T1
GF00003399	CHIFNET10NJ071_011983-T1	DBVPG3775_005086-T1
GF00003400	CHIFNET10NJ071_004188-T1	DBVPG3775_005081-T1
GF00003401	CHIFNET10NJ071_004192-T1	DBVPG3775_005077-T1
GF00003402	CHIFNET10NJ071_011975-T1	DBVPG3775_005076-T1
GF00003403	CHIFNET10NJ071_011974-T1	DBVPG3775_005075-T1
GF00003404	CHIFNET10NJ071_004195-T1	DBVPG3775_005074-T1
GF00003405	CHIFNET10NJ071_004196-T1	DBVPG3775_005073-T1
GF00003406	CHIFNET10NJ071_011971-T1	DBVPG3775_005072-T1
GF00003407	CHIFNET10NJ071_011968-T1	DBVPG3775_005069-T1
GF00003408	CHIFNET10NJ071_004201-T1	DBVPG3775_005068-T1
GF00003409	CHIFNET10NJ071_011966-T1	DBVPG3775_005067-T1
GF00003410	CHIFNET10NJ071_004203-T1	DBVPG3775_005066-T1
GF00003411	CHIFNET10NJ071_004226-T1	DBVPG3775_002784-T1
GF00003412	CHIFNET10NJ071_004227-T1	DBVPG3775_002785-T1
GF00003413	CHIFNET10NJ071_008417-T1	DBVPG3775_002786-T1
GF00003414	CHIFNET10NJ071_004230-T1	DBVPG3775_002788-T1
GF00003415	CHIFNET10NJ071_004233-T1	DBVPG3775_002791-T1
GF00003416	CHIFNET10NJ071_004234-T1	DBVPG3775_002792-T1
GF00003417	CHIFNET10NJ071_004235-T1	DBVPG3775_002793-T1
GF00003418	CHIFNET10NJ071_004237-T1	DBVPG3775_002795-T1
GF00003419	CHIFNET10NJ071_008410-T1	DBVPG3775_002796-T1
GF00003420	CHIFNET10NJ071_004239-T1	DBVPG3775_002797-T1
GF00003421	CHIFNET10NJ071_008407-T1	DBVPG3775_002799-T1
GF00003422	CHIFNET10NJ071_004242-T1	DBVPG3775_002800-T1
GF00003423	CHIFNET10NJ071_004245-T1	DBVPG3775_002803-T1
GF00003424	CHIFNET10NJ071_008404-T1	DBVPG3775_002804-T1
GF00003425	CHIFNET10NJ071_004247-T1	DBVPG3775_002805-T1
GF00003426	CHIFNET10NJ071_004248-T1	DBVPG3775_002806-T1
GF00003427	CHIFNET10NJ071_004250-T1	DBVPG3775_002808-T1
GF00003428	CHIFNET10NJ071_004254-T1	DBVPG3775_002814-T1
GF00003429	CHIFNET10NJ071_008395-T1	DBVPG3775_002815-T1
GF00003430	CHIFNET10NJ071_004256-T1	DBVPG3775_002816-T1
GF00003431	CHIFNET10NJ071_008392-T1	DBVPG3775_002817-T1
GF00003432	CHIFNET10NJ071_004937-T1	DBVPG3775_004641-T1
GF00003433	CHIFNET10NJ071_008391-T1	DBVPG3775_002818-T1
GF00003434	CHIFNET10NJ071_008390-T1	DBVPG3775_002819-T1
GF00003435	CHIFNET10NJ071_004260-T1	DBVPG3775_002820-T1
GF00003436	CHIFNET10NJ071_004263-T1	DBVPG3775_002823-T1
GF00003437	CHIFNET10NJ071_004264-T1	DBVPG3775_002824-T1
GF00003438	CHIFNET10NJ071_004265-T1	DBVPG3775_002825-T1
GF00003439	CHIFNET10NJ071_006620-T1	DBVPG3775_002827-T1
GF00003440	CHIFNET10NJ071_004268-T1	DBVPG3775_002828-T1
GF00003441	CHIFNET10NJ071_006618-T1	DBVPG3775_002829-T1
GF00003442	CHIFNET10NJ071_004270-T1	DBVPG3775_002830-T1
GF00003443	CHIFNET10NJ071_004271-T1	DBVPG3775_002831-T1
GF00003444	CHIFNET10NJ071_004274-T1	DBVPG3775_002834-T1
GF00003445	CHIFNET10NJ071_006611-T1	DBVPG3775_002836-T1
GF00003446	CHIFNET10NJ071_004277-T1	DBVPG3775_002837-T1
GF00003447	CHIFNET10NJ071_004282-T1	DBVPG3775_002841-T1
GF00003448	CHIFNET10NJ071_004283-T1	DBVPG3775_002842-T1
GF00003449	CHIFNET10NJ071_004284-T1	DBVPG3775_002843-T1
GF00003450	CHIFNET10NJ071_004285-T1	DBVPG3775_002844-T1
GF00003451	CHIFNET10NJ071_006602-T1	DBVPG3775_002845-T1
GF00003452	CHIFNET10NJ071_006601-T1	DBVPG3775_002846-T1
GF00003453	CHIFNET10NJ071_004288-T1	DBVPG3775_002847-T1
GF00003454	CHIFNET10NJ071_004289-T1	DBVPG3775_002848-T1
GF00003455	CHIFNET10NJ071_004290-T1	DBVPG3775_002849-T1
GF00003456	CHIFNET10NJ071_004291-T1	DBVPG3775_002850-T1
GF00003457	CHIFNET10NJ071_008323-T1	DBVPG3775_005767-T1
GF00003458	CHIFNET10NJ071_006595-T1	DBVPG3775_002853-T1
GF00003459	CHIFNET10NJ071_004295-T1	DBVPG3775_002854-T1
GF00003460	CHIFNET10NJ071_004296-T1	DBVPG3775_002855-T1
GF00003461	CHIFNET10NJ071_004297-T1	DBVPG3775_002856-T1
GF00003462	CHIFNET10NJ071_006591-T1	DBVPG3775_002857-T1
GF00003463	CHIFNET10NJ071_006892-T1	DBVPG3775_006891-T1
GF00003464	CHIFNET10NJ071_004303-T1	DBVPG3775_006884-T1
GF00003465	CHIFNET10NJ071_006899-T1	DBVPG3775_006883-T1
GF00003466	CHIFNET10NJ071_006900-T1	DBVPG3775_006882-T1
GF00003467	CHIFNET10NJ071_006908-T1	DBVPG3775_006876-T1
GF00003468	CHIFNET10NJ071_004309-T1	DBVPG3775_006875-T1
GF00003469	CHIFNET10NJ071_004311-T1	DBVPG3775_006873-T1
GF00003470	CHIFNET10NJ071_006913-T1	DBVPG3775_006871-T1
GF00003471	CHIFNET10NJ071_006914-T1	DBVPG3775_006870-T1
GF00003472	CHIFNET10NJ071_004315-T1	DBVPG3775_006868-T1
GF00003473	CHIFNET10NJ071_006921-T1	DBVPG3775_006861-T1
GF00003474	CHIFNET10NJ071_004320-T1	DBVPG3775_006860-T1
GF00003475	CHIFNET10NJ071_004329-T1	DBVPG3775_007228-T1
GF00003476	CHIFNET10NJ071_010972-T1	DBVPG3775_007227-T1
GF00003477	CHIFNET10NJ071_010970-T1	DBVPG3775_007225-T1
GF00003478	CHIFNET10NJ071_010967-T1	DBVPG3775_007222-T1
GF00003479	CHIFNET10NJ071_006328-T1	DBVPG3775_000575-T1
GF00003480	CHIFNET10NJ071_010965-T1	DBVPG3775_007220-T1
GF00003481	CHIFNET10NJ071_004343-T1	DBVPG3775_007219-T1
GF00003482	CHIFNET10NJ071_004345-T1	DBVPG3775_007216-T1
GF00003483	CHIFNET10NJ071_004346-T1	DBVPG3775_007215-T1
GF00003484	CHIFNET10NJ071_010959-T1	DBVPG3775_007214-T1
GF00003485	CHIFNET10NJ071_010958-T1	DBVPG3775_007213-T1
GF00003486	CHIFNET10NJ071_004349-T1	DBVPG3775_007212-T1
GF00003487	CHIFNET10NJ071_010956-T1	DBVPG3775_007211-T1
GF00003488	CHIFNET10NJ071_004352-T1	DBVPG3775_005829-T1
GF00003489	CHIFNET10NJ071_009873-T1	DBVPG3775_007102-T1
GF00003490	CHIFNET10NJ071_004355-T1	DBVPG3775_005824-T1
GF00003491	CHIFNET10NJ071_004464-T1	DBVPG3775_005823-T1
GF00003492	CHIFNET10NJ071_004357-T1	DBVPG3775_005822-T1
GF00003493	CHIFNET10NJ071_004462-T1	DBVPG3775_005821-T1
GF00003494	CHIFNET10NJ071_004459-T1	DBVPG3775_005819-T1
GF00003495	CHIFNET10NJ071_004458-T1	DBVPG3775_005818-T1
GF00003496	CHIFNET10NJ071_004366-T1	DBVPG3775_005814-T1
GF00003497	CHIFNET10NJ071_004367-T1	DBVPG3775_005813-T1
GF00003498	CHIFNET10NJ071_004381-T1	DBVPG3775_006268-T1
GF00003499	CHIFNET10NJ071_010729-T1	DBVPG3775_006259-T1
GF00003500	CHIFNET10NJ071_010730-T1	DBVPG3775_006258-T1
GF00003501	CHIFNET10NJ071_010731-T1	DBVPG3775_006257-T1
GF00003502	CHIFNET10NJ071_010732-T1	DBVPG3775_006256-T1
GF00003503	CHIFNET10NJ071_010734-T1	DBVPG3775_006254-T1
GF00003504	CHIFNET10NJ071_004395-T1	DBVPG3775_006253-T1
GF00003505	CHIFNET10NJ071_004397-T1	DBVPG3775_006251-T1
GF00003506	CHIFNET10NJ071_004402-T1	DBVPG3775_006245-T1
GF00003507	CHIFNET10NJ071_004407-T1	DBVPG3775_006240-T1
GF00003508	CHIFNET10NJ071_004408-T1	DBVPG3775_006239-T1
GF00003509	CHIFNET10NJ071_004409-T1	DBVPG3775_006238-T1
GF00003510	CHIFNET10NJ071_010748-T1	DBVPG3775_006236-T1
GF00003511	CHIFNET10NJ071_004411-T1	DBVPG3775_006235-T1
GF00003512	CHIFNET10NJ071_010750-T1	DBVPG3775_006233-T1
GF00003513	CHIFNET10NJ071_010751-T1	DBVPG3775_006232-T1
GF00003514	CHIFNET10NJ071_004415-T1	DBVPG3775_006229-T1
GF00003515	CHIFNET10NJ071_004417-T1	DBVPG3775_006227-T1
GF00003516	CHIFNET10NJ071_004422-T1	DBVPG3775_006933-T1
GF00003517	CHIFNET10NJ071_004423-T1	DBVPG3775_006934-T1
GF00003518	CHIFNET10NJ071_004425-T1	DBVPG3775_006936-T1
GF00003519	CHIFNET10NJ071_004430-T1	DBVPG3775_006942-T1
GF00003520	CHIFNET10NJ071_004431-T1	DBVPG3775_006943-T1
GF00003521	CHIFNET10NJ071_004432-T1	DBVPG3775_006944-T1
GF00003522	CHIFNET10NJ071_013547-T1	DBVPG3775_006945-T1
GF00003523	CHIFNET10NJ071_004434-T1	DBVPG3775_006946-T1
GF00003524	CHIFNET10NJ071_013966-T1	DBVPG3775_006949-T1
GF00003525	CHIFNET10NJ071_013967-T1	DBVPG3775_006950-T1
GF00003526	CHIFNET10NJ071_013968-T1	DBVPG3775_006951-T1
GF00003527	CHIFNET10NJ071_013969-T1	DBVPG3775_006952-T1
GF00003528	CHIFNET10NJ071_011528-T1	DBVPG3775_005804-T1
GF00003529	CHIFNET10NJ071_009558-T1	DBVPG3775_006111-T1
GF00003530	CHIFNET10NJ071_004446-T1	DBVPG3775_005806-T1
GF00003531	CHIFNET10NJ071_011523-T1	DBVPG3775_005810-T1
GF00003532	CHIFNET10NJ071_004451-T1	DBVPG3775_005811-T1
GF00003533	CHIFNET10NJ071_012232-T1	DBVPG3775_005831-T1
GF00003534	CHIFNET10NJ071_004473-T1	DBVPG3775_005832-T1
GF00003535	CHIFNET10NJ071_004476-T1	DBVPG3775_005835-T1
GF00003536	CHIFNET10NJ071_012236-T1	DBVPG3775_005836-T1
GF00003537	CHIFNET10NJ071_004478-T1	DBVPG3775_005837-T1
GF00003538	CHIFNET10NJ071_012238-T1	DBVPG3775_005838-T1
GF00003539	CHIFNET10NJ071_012239-T1	DBVPG3775_005839-T1
GF00003540	CHIFNET10NJ071_004482-T1	DBVPG3775_005840-T1
GF00003541	CHIFNET10NJ071_004483-T1	DBVPG3775_005841-T1
GF00003542	CHIFNET10NJ071_004488-T1	DBVPG3775_005846-T1
GF00003543	CHIFNET10NJ071_004491-T1	DBVPG3775_005849-T1
GF00003544	CHIFNET10NJ071_004493-T1	DBVPG3775_005851-T1
GF00003545	CHIFNET10NJ071_005840-T1	DBVPG3775_005852-T1
GF00003546	CHIFNET10NJ071_005839-T1	DBVPG3775_005853-T1
GF00003547	CHIFNET10NJ071_004496-T1	DBVPG3775_005854-T1
GF00003548	CHIFNET10NJ071_004500-T1	DBVPG3775_005858-T1
GF00003549	CHIFNET10NJ071_004501-T1	DBVPG3775_005859-T1
GF00003550	CHIFNET10NJ071_005832-T1	DBVPG3775_005860-T1
GF00003551	CHIFNET10NJ071_004503-T1	DBVPG3775_005861-T1
GF00003552	CHIFNET10NJ071_004504-T1	DBVPG3775_005862-T1
GF00003553	CHIFNET10NJ071_004505-T1	DBVPG3775_005863-T1
GF00003554	CHIFNET10NJ071_004506-T1	DBVPG3775_005864-T1
GF00003555	CHIFNET10NJ071_004507-T1	DBVPG3775_005865-T1
GF00003556	CHIFNET10NJ071_004510-T1	DBVPG3775_005868-T1
GF00003557	CHIFNET10NJ071_004512-T1	DBVPG3775_005870-T1
GF00003558	CHIFNET10NJ071_004519-T1	DBVPG3775_006454-T1
GF00003559	CHIFNET10NJ071_004522-T1	DBVPG3775_006451-T1
GF00003560	CHIFNET10NJ071_004523-T1	DBVPG3775_006450-T1
GF00003561	CHIFNET10NJ071_004524-T1	DBVPG3775_006449-T1
GF00003562	CHIFNET10NJ071_006543-T1	DBVPG3775_006448-T1
GF00003563	CHIFNET10NJ071_004526-T1	DBVPG3775_006447-T1
GF00003564	CHIFNET10NJ071_004527-T1	DBVPG3775_006446-T1
GF00003565	CHIFNET10NJ071_004528-T1	DBVPG3775_006445-T1
GF00003566	CHIFNET10NJ071_004531-T1	DBVPG3775_006443-T1
GF00003567	CHIFNET10NJ071_004533-T1	DBVPG3775_006441-T1
GF00003568	CHIFNET10NJ071_004534-T1	DBVPG3775_006440-T1
GF00003569	CHIFNET10NJ071_006745-T1	DBVPG3775_006437-T1
GF00003570	CHIFNET10NJ071_006744-T1	DBVPG3775_006436-T1
GF00003571	CHIFNET10NJ071_004540-T1	DBVPG3775_006434-T1
GF00003572	CHIFNET10NJ071_006740-T1	DBVPG3775_006433-T1
GF00003573	CHIFNET10NJ071_004542-T1	DBVPG3775_006432-T1
GF00003574	CHIFNET10NJ071_006738-T1	DBVPG3775_006431-T1
GF00003575	CHIFNET10NJ071_004546-T1	DBVPG3775_006428-T1
GF00003576	CHIFNET10NJ071_006732-T1	DBVPG3775_006422-T1
GF00003577	CHIFNET10NJ071_005212-T1	DBVPG3775_004121-T1
GF00003578	CHIFNET10NJ071_004554-T1	DBVPG3775_006420-T1
GF00003579	CHIFNET10NJ071_004559-T1	DBVPG3775_006415-T1
GF00003580	CHIFNET10NJ071_004560-T1	DBVPG3775_006414-T1
GF00003581	CHIFNET10NJ071_004562-T1	DBVPG3775_006412-T1
GF00003582	CHIFNET10NJ071_004564-T1	DBVPG3775_006410-T1
GF00003583	CHIFNET10NJ071_004565-T1	DBVPG3775_006409-T1
GF00003584	CHIFNET10NJ071_004566-T1	DBVPG3775_006408-T1
GF00003585	CHIFNET10NJ071_006725-T1	DBVPG3775_006407-T1
GF00003586	CHIFNET10NJ071_004572-T1	DBVPG3775_006973-T1
GF00003587	CHIFNET10NJ071_006709-T1	DBVPG3775_006971-T1
GF00003588	CHIFNET10NJ071_004575-T1	DBVPG3775_006970-T1
GF00003589	CHIFNET10NJ071_004576-T1	DBVPG3775_006969-T1
GF00003590	CHIFNET10NJ071_006705-T1	DBVPG3775_006967-T1
GF00003591	CHIFNET10NJ071_004579-T1	DBVPG3775_006966-T1
GF00003592	CHIFNET10NJ071_006699-T1	DBVPG3775_006961-T1
GF00003593	CHIFNET10NJ071_006698-T1	DBVPG3775_006960-T1
GF00003594	CHIFNET10NJ071_004588-T1	DBVPG3775_006957-T1
GF00003595	CHIFNET10NJ071_004589-T1	DBVPG3775_006956-T1
GF00003596	CHIFNET10NJ071_004656-T1	DBVPG3775_004834-T1
GF00003597	CHIFNET10NJ071_004657-T1	DBVPG3775_004835-T1
GF00003598	CHIFNET10NJ071_009693-T1	DBVPG3775_004836-T1
GF00003599	CHIFNET10NJ071_009692-T1	DBVPG3775_004837-T1
GF00003600	CHIFNET10NJ071_009691-T1	DBVPG3775_004838-T1
GF00003601	CHIFNET10NJ071_004661-T1	DBVPG3775_004839-T1
GF00003602	CHIFNET10NJ071_004662-T1	DBVPG3775_004840-T1
GF00003603	CHIFNET10NJ071_004663-T1	DBVPG3775_004841-T1
GF00003604	CHIFNET10NJ071_004667-T1	DBVPG3775_004845-T1
GF00003605	CHIFNET10NJ071_004668-T1	DBVPG3775_004846-T1
GF00003606	CHIFNET10NJ071_004670-T1	DBVPG3775_004848-T1
GF00003607	CHIFNET10NJ071_004671-T1	DBVPG3775_004849-T1
GF00003608	CHIFNET10NJ071_004672-T1	DBVPG3775_004850-T1
GF00003609	CHIFNET10NJ071_009676-T1	DBVPG3775_004852-T1
GF00003610	CHIFNET10NJ071_004675-T1	DBVPG3775_004853-T1
GF00003611	CHIFNET10NJ071_012745-T1	DBVPG3775_004855-T1
GF00003612	CHIFNET10NJ071_004679-T1	DBVPG3775_004857-T1
GF00003613	CHIFNET10NJ071_004680-T1	DBVPG3775_004858-T1
GF00003614	CHIFNET10NJ071_004681-T1	DBVPG3775_004859-T1
GF00003615	CHIFNET10NJ071_004683-T1	DBVPG3775_004862-T1
GF00003616	CHIFNET10NJ071_004684-T1	DBVPG3775_004863-T1
GF00003617	CHIFNET10NJ071_004685-T1	DBVPG3775_004864-T1
GF00003618	CHIFNET10NJ071_004687-T1	DBVPG3775_004866-T1
GF00003619	CHIFNET10NJ071_004688-T1	DBVPG3775_004867-T1
GF00003620	CHIFNET10NJ071_012758-T1	DBVPG3775_004869-T1
GF00003621	CHIFNET10NJ071_004691-T1	DBVPG3775_004870-T1
GF00003622	CHIFNET10NJ071_004693-T1	DBVPG3775_004871-T1
GF00003623	CHIFNET10NJ071_004700-T1	DBVPG3775_004877-T1
GF00003624	CHIFNET10NJ071_004702-T1	DBVPG3775_004879-T1
GF00003625	CHIFNET10NJ071_004704-T1	DBVPG3775_004881-T1
GF00003626	CHIFNET10NJ071_010518-T1	DBVPG3775_004883-T1
GF00003627	CHIFNET10NJ071_007778-T1	DBVPG3775_002104-T1
GF00003628	CHIFNET10NJ071_004720-T1	DBVPG3775_004897-T1
GF00003629	CHIFNET10NJ071_004721-T1	DBVPG3775_004898-T1
GF00003630	CHIFNET10NJ071_010505-T1	DBVPG3775_004899-T1
GF00003631	CHIFNET10NJ071_004723-T1	DBVPG3775_004900-T1
GF00003632	CHIFNET10NJ071_004724-T1	DBVPG3775_004901-T1
GF00003633	CHIFNET10NJ071_004728-T1	DBVPG3775_004905-T1
GF00003634	CHIFNET10NJ071_004731-T1	DBVPG3775_004914-T1
GF00003635	CHIFNET10NJ071_005396-T1	DBVPG3775_001035-T1
GF00003636	CHIFNET10NJ071_004733-T1	DBVPG3775_001034-T1
GF00003637	CHIFNET10NJ071_004742-T1	DBVPG3775_001026-T1
GF00003638	CHIFNET10NJ071_004746-T1	DBVPG3775_001023-T1
GF00003639	CHIFNET10NJ071_004747-T1	DBVPG3775_001022-T1
GF00003640	CHIFNET10NJ071_004748-T1	DBVPG3775_001021-T1
GF00003641	CHIFNET10NJ071_013110-T1	DBVPG3775_001019-T1
GF00003642	CHIFNET10NJ071_004752-T1	DBVPG3775_001017-T1
GF00003643	CHIFNET10NJ071_004753-T1	DBVPG3775_001016-T1
GF00003644	CHIFNET10NJ071_004755-T1	DBVPG3775_001014-T1
GF00003645	CHIFNET10NJ071_007209-T1	DBVPG3775_001013-T1
GF00003646	CHIFNET10NJ071_004757-T1	DBVPG3775_001012-T1
GF00003647	CHIFNET10NJ071_007211-T1	DBVPG3775_001011-T1
GF00003648	CHIFNET10NJ071_004759-T1	DBVPG3775_001010-T1
GF00003649	CHIFNET10NJ071_007213-T1	DBVPG3775_001009-T1
GF00003650	CHIFNET10NJ071_004761-T1	DBVPG3775_001008-T1
GF00003651	CHIFNET10NJ071_004764-T1	DBVPG3775_001005-T1
GF00003652	CHIFNET10NJ071_004765-T1	DBVPG3775_001004-T1
GF00003653	CHIFNET10NJ071_004766-T1	DBVPG3775_001003-T1
GF00003654	CHIFNET10NJ071_004767-T1	DBVPG3775_001002-T1
GF00003655	CHIFNET10NJ071_007221-T1	DBVPG3775_001001-T1
GF00003656	CHIFNET10NJ071_007224-T1	DBVPG3775_000998-T1
GF00003657	CHIFNET10NJ071_004772-T1	DBVPG3775_000997-T1
GF00003658	CHIFNET10NJ071_004773-T1	DBVPG3775_000996-T1
GF00003659	CHIFNET10NJ071_004777-T1	DBVPG3775_000992-T1
GF00003660	CHIFNET10NJ071_007237-T1	DBVPG3775_000988-T1
GF00003661	CHIFNET10NJ071_007236-T1	DBVPG3775_000987-T1
GF00003662	CHIFNET10NJ071_004783-T1	DBVPG3775_000986-T1
GF00003663	CHIFNET10NJ071_004784-T1	DBVPG3775_000985-T1
GF00003664	CHIFNET10NJ071_004785-T1	DBVPG3775_000984-T1
GF00003665	CHIFNET10NJ071_004789-T1	DBVPG3775_000980-T1
GF00003666	CHIFNET10NJ071_004795-T1	DBVPG3775_000974-T1
GF00003667	CHIFNET10NJ071_007252-T1	DBVPG3775_000973-T1
GF00003668	CHIFNET10NJ071_004797-T1	DBVPG3775_000972-T1
GF00003669	CHIFNET10NJ071_004802-T1	DBVPG3775_000967-T1
GF00003670	CHIFNET10NJ071_004883-T1	DBVPG3775_007552-T1
GF00003671	CHIFNET10NJ071_004886-T1	DBVPG3775_007542-T1
GF00003672	CHIFNET10NJ071_007356-T1	DBVPG3775_007541-T1
GF00003673	CHIFNET10NJ071_004888-T1	DBVPG3775_007540-T1
GF00003674	CHIFNET10NJ071_004891-T1	DBVPG3775_004594-T1
GF00003675	CHIFNET10NJ071_004892-T1	DBVPG3775_004595-T1
GF00003676	CHIFNET10NJ071_007350-T1	DBVPG3775_004596-T1
GF00003677	CHIFNET10NJ071_004894-T1	DBVPG3775_004597-T1
GF00003678	CHIFNET10NJ071_004895-T1	DBVPG3775_004598-T1
GF00003679	CHIFNET10NJ071_004897-T1	DBVPG3775_004600-T1
GF00003680	CHIFNET10NJ071_004898-T1	DBVPG3775_004601-T1
GF00003681	CHIFNET10NJ071_004900-T1	DBVPG3775_004603-T1
GF00003682	CHIFNET10NJ071_004901-T1	DBVPG3775_004604-T1
GF00003683	CHIFNET10NJ071_004902-T1	DBVPG3775_004605-T1
GF00003684	CHIFNET10NJ071_004903-T1	DBVPG3775_004606-T1
GF00003685	CHIFNET10NJ071_004904-T1	DBVPG3775_004607-T1
GF00003686	CHIFNET10NJ071_004905-T1	DBVPG3775_004608-T1
GF00003687	CHIFNET10NJ071_007337-T1	DBVPG3775_004610-T1
GF00003688	CHIFNET10NJ071_004908-T1	DBVPG3775_004611-T1
GF00003689	CHIFNET10NJ071_004911-T1	DBVPG3775_004614-T1
GF00003690	CHIFNET10NJ071_004912-T1	DBVPG3775_004615-T1
GF00003691	CHIFNET10NJ071_007332-T1	DBVPG3775_004616-T1
GF00003692	CHIFNET10NJ071_004914-T1	DBVPG3775_004617-T1
GF00003693	CHIFNET10NJ071_004915-T1	DBVPG3775_004618-T1
GF00003694	CHIFNET10NJ071_004916-T1	DBVPG3775_004619-T1
GF00003695	CHIFNET10NJ071_004917-T1	DBVPG3775_004620-T1
GF00003696	CHIFNET10NJ071_007327-T1	DBVPG3775_004621-T1
GF00003697	CHIFNET10NJ071_004928-T1	DBVPG3775_004632-T1
GF00003698	CHIFNET10NJ071_004930-T1	DBVPG3775_004634-T1
GF00003699	CHIFNET10NJ071_004934-T1	DBVPG3775_004638-T1
GF00003700	CHIFNET10NJ071_011998-T1	DBVPG3775_004639-T1
GF00003701	CHIFNET10NJ071_004936-T1	DBVPG3775_004640-T1
GF00003702	CHIFNET10NJ071_004939-T1	DBVPG3775_004643-T1
GF00003703	CHIFNET10NJ071_004940-T1	DBVPG3775_004644-T1
GF00003704	CHIFNET10NJ071_011992-T1	DBVPG3775_004645-T1
GF00003705	CHIFNET10NJ071_004943-T1	DBVPG3775_004647-T1
GF00003706	CHIFNET10NJ071_004945-T1	DBVPG3775_004649-T1
GF00003707	CHIFNET10NJ071_004946-T1	DBVPG3775_004650-T1
GF00003708	CHIFNET10NJ071_006152-T1	DBVPG3775_004652-T1
GF00003709	CHIFNET10NJ071_006153-T1	DBVPG3775_004653-T1
GF00003710	CHIFNET10NJ071_004950-T1	DBVPG3775_004654-T1
GF00003711	CHIFNET10NJ071_006155-T1	DBVPG3775_004655-T1
GF00003712	CHIFNET10NJ071_004952-T1	DBVPG3775_004656-T1
GF00003713	CHIFNET10NJ071_006157-T1	DBVPG3775_004657-T1
GF00003714	CHIFNET10NJ071_006158-T1	DBVPG3775_004658-T1
GF00003715	CHIFNET10NJ071_004956-T1	DBVPG3775_004660-T1
GF00003716	CHIFNET10NJ071_006161-T1	DBVPG3775_004661-T1
GF00003717	CHIFNET10NJ071_004958-T1	DBVPG3775_004662-T1
GF00003718	CHIFNET10NJ071_006163-T1	DBVPG3775_004663-T1
GF00003719	CHIFNET10NJ071_012291-T1	DBVPG3775_001271-T1
GF00003720	CHIFNET10NJ071_005031-T1	DBVPG3775_001272-T1
GF00003721	CHIFNET10NJ071_005032-T1	DBVPG3775_001273-T1
GF00003722	CHIFNET10NJ071_012294-T1	DBVPG3775_001274-T1
GF00003723	CHIFNET10NJ071_012295-T1	DBVPG3775_001275-T1
GF00003724	CHIFNET10NJ071_012296-T1	DBVPG3775_001276-T1
GF00003725	CHIFNET10NJ071_012297-T1	DBVPG3775_001277-T1
GF00003726	CHIFNET10NJ071_012168-T1	DBVPG3775_002169-T1
GF00003727	CHIFNET10NJ071_005039-T1	DBVPG3775_001281-T1
GF00003728	CHIFNET10NJ071_007409-T1	DBVPG3775_001282-T1
GF00003729	CHIFNET10NJ071_007407-T1	DBVPG3775_001284-T1
GF00003730	CHIFNET10NJ071_005044-T1	DBVPG3775_001289-T1
GF00003731	CHIFNET10NJ071_007401-T1	DBVPG3775_001290-T1
GF00003732	CHIFNET10NJ071_007400-T1	DBVPG3775_001291-T1
GF00003733	CHIFNET10NJ071_005047-T1	DBVPG3775_001292-T1
GF00003734	CHIFNET10NJ071_005048-T1	DBVPG3775_001293-T1
GF00003735	CHIFNET10NJ071_007397-T1	DBVPG3775_001294-T1
GF00003736	CHIFNET10NJ071_005050-T1	DBVPG3775_001295-T1
GF00003737	CHIFNET10NJ071_007392-T1	DBVPG3775_001299-T1
GF00003738	CHIFNET10NJ071_007391-T1	DBVPG3775_001300-T1
GF00003739	CHIFNET10NJ071_005057-T1	DBVPG3775_001301-T1
GF00003740	CHIFNET10NJ071_007389-T1	DBVPG3775_001302-T1
GF00003741	CHIFNET10NJ071_005059-T1	DBVPG3775_001303-T1
GF00003742	CHIFNET10NJ071_007387-T1	DBVPG3775_001304-T1
GF00003743	CHIFNET10NJ071_005062-T1	DBVPG3775_001307-T1
GF00003744	CHIFNET10NJ071_007383-T1	DBVPG3775_001308-T1
GF00003745	CHIFNET10NJ071_007381-T1	DBVPG3775_001309-T1
GF00003746	CHIFNET10NJ071_005067-T1	DBVPG3775_001316-T1
GF00003747	CHIFNET10NJ071_007374-T1	DBVPG3775_001317-T1
GF00003748	CHIFNET10NJ071_005069-T1	DBVPG3775_001318-T1
GF00003749	CHIFNET10NJ071_007368-T1	DBVPG3775_001323-T1
GF00003750	CHIFNET10NJ071_007367-T1	DBVPG3775_001324-T1
GF00003751	CHIFNET10NJ071_005074-T1	DBVPG3775_001325-T1
GF00003752	CHIFNET10NJ071_007365-T1	DBVPG3775_001326-T1
GF00003753	CHIFNET10NJ071_007364-T1	DBVPG3775_001327-T1
GF00003754	CHIFNET10NJ071_005078-T1	DBVPG3775_001330-T1
GF00003755	CHIFNET10NJ071_005079-T1	DBVPG3775_001331-T1
GF00003756	CHIFNET10NJ071_005080-T1	DBVPG3775_001332-T1
GF00003757	CHIFNET10NJ071_007358-T1	DBVPG3775_001333-T1
GF00003758	CHIFNET10NJ071_005084-T1	DBVPG3775_001335-T1
GF00003759	CHIFNET10NJ071_005086-T1	DBVPG3775_006551-T1
GF00003760	CHIFNET10NJ071_008966-T1	DBVPG3775_006552-T1
GF00003761	CHIFNET10NJ071_008967-T1	DBVPG3775_006553-T1
GF00003762	CHIFNET10NJ071_005089-T1	DBVPG3775_006554-T1
GF00003763	CHIFNET10NJ071_008971-T1	DBVPG3775_006557-T1
GF00003764	CHIFNET10NJ071_005093-T1	DBVPG3775_006558-T1
GF00003765	CHIFNET10NJ071_005094-T1	DBVPG3775_006559-T1
GF00003766	CHIFNET10NJ071_008974-T1	DBVPG3775_006560-T1
GF00003767	CHIFNET10NJ071_005096-T1	DBVPG3775_006561-T1
GF00003768	CHIFNET10NJ071_008979-T1	DBVPG3775_006579-T1
GF00003769	CHIFNET10NJ071_005106-T1	DBVPG3775_006583-T1
GF00003770	CHIFNET10NJ071_005109-T1	DBVPG3775_006586-T1
GF00003771	CHIFNET10NJ071_005111-T1	DBVPG3775_006588-T1
GF00003772	CHIFNET10NJ071_014187-T1	DBVPG3775_006589-T1
GF00003773	CHIFNET10NJ071_005114-T1	DBVPG3775_006592-T1
GF00003774	CHIFNET10NJ071_005115-T1	DBVPG3775_006593-T1
GF00003775	CHIFNET10NJ071_005116-T1	DBVPG3775_007417-T1
GF00003776	CHIFNET10NJ071_005120-T1	DBVPG3775_007422-T1
GF00003777	CHIFNET10NJ071_013553-T1	DBVPG3775_007426-T1
GF00003778	CHIFNET10NJ071_014427-T1	DBVPG3775_007431-T1
GF00003779	CHIFNET10NJ071_014426-T1	DBVPG3775_007432-T1
GF00003780	CHIFNET10NJ071_005132-T1	DBVPG3775_005801-T1
GF00003781	CHIFNET10NJ071_005133-T1	DBVPG3775_005800-T1
GF00003782	CHIFNET10NJ071_008294-T1	DBVPG3775_005797-T1
GF00003783	CHIFNET10NJ071_005141-T1	DBVPG3775_005790-T1
GF00003784	CHIFNET10NJ071_008301-T1	DBVPG3775_005789-T1
GF00003785	CHIFNET10NJ071_008303-T1	DBVPG3775_005787-T1
GF00003786	CHIFNET10NJ071_005146-T1	DBVPG3775_005786-T1
GF00003787	CHIFNET10NJ071_005147-T1	DBVPG3775_005785-T1
GF00003788	CHIFNET10NJ071_008307-T1	DBVPG3775_005783-T1
GF00003789	CHIFNET10NJ071_008314-T1	DBVPG3775_005776-T1
GF00003790	CHIFNET10NJ071_008315-T1	DBVPG3775_005775-T1
GF00003791	CHIFNET10NJ071_005154-T1	DBVPG3775_005774-T1
GF00003792	CHIFNET10NJ071_005155-T1	DBVPG3775_005773-T1
GF00003793	CHIFNET10NJ071_008322-T1	DBVPG3775_005768-T1
GF00003794	CHIFNET10NJ071_008324-T1	DBVPG3775_005766-T1
GF00003795	CHIFNET10NJ071_008325-T1	DBVPG3775_005762-T1
GF00003796	CHIFNET10NJ071_008326-T1	DBVPG3775_005761-T1
GF00003797	CHIFNET10NJ071_005163-T1	DBVPG3775_005760-T1
GF00003798	CHIFNET10NJ071_008328-T1	DBVPG3775_005759-T1
GF00003799	CHIFNET10NJ071_005167-T1	DBVPG3775_005751-T1
GF00003800	CHIFNET10NJ071_005169-T1	DBVPG3775_005749-T1
GF00003801	CHIFNET10NJ071_010134-T1	DBVPG3775_005748-T1
GF00003802	CHIFNET10NJ071_010133-T1	DBVPG3775_005747-T1
GF00003803	CHIFNET10NJ071_010132-T1	DBVPG3775_005746-T1
GF00003804	CHIFNET10NJ071_005174-T1	DBVPG3775_005744-T1
GF00003805	CHIFNET10NJ071_010126-T1	DBVPG3775_005740-T1
GF00003806	CHIFNET10NJ071_010125-T1	DBVPG3775_005739-T1
GF00003807	CHIFNET10NJ071_010124-T1	DBVPG3775_005738-T1
GF00003808	CHIFNET10NJ071_010123-T1	DBVPG3775_005737-T1
GF00003809	CHIFNET10NJ071_005182-T1	DBVPG3775_005734-T1
GF00003810	CHIFNET10NJ071_010120-T1	DBVPG3775_005733-T1
GF00003811	CHIFNET10NJ071_010119-T1	DBVPG3775_005732-T1
GF00003812	CHIFNET10NJ071_005185-T1	DBVPG3775_005731-T1
GF00003813	CHIFNET10NJ071_008545-T1	DBVPG3775_004147-T1
GF00003814	CHIFNET10NJ071_005190-T1	DBVPG3775_004146-T1
GF00003815	CHIFNET10NJ071_005191-T1	DBVPG3775_004145-T1
GF00003816	CHIFNET10NJ071_005192-T1	DBVPG3775_004143-T1
GF00003817	CHIFNET10NJ071_008530-T1	DBVPG3775_004131-T1
GF00003818	CHIFNET10NJ071_008529-T1	DBVPG3775_004130-T1
GF00003819	CHIFNET10NJ071_008528-T1	DBVPG3775_004129-T1
GF00003820	CHIFNET10NJ071_008527-T1	DBVPG3775_004128-T1
GF00003821	CHIFNET10NJ071_005207-T1	DBVPG3775_004126-T1
GF00003822	CHIFNET10NJ071_008524-T1	DBVPG3775_004125-T1
GF00003823	CHIFNET10NJ071_008885-T1	DBVPG3775_002306-T1
GF00003824	CHIFNET10NJ071_008523-T1	DBVPG3775_004124-T1
GF00003825	CHIFNET10NJ071_005210-T1	DBVPG3775_004123-T1
GF00003826	CHIFNET10NJ071_008519-T1	DBVPG3775_004120-T1
GF00003827	CHIFNET10NJ071_005214-T1	DBVPG3775_004119-T1
GF00003828	CHIFNET10NJ071_008517-T1	DBVPG3775_004118-T1
GF00003829	CHIFNET10NJ071_005218-T1	DBVPG3775_004115-T1
GF00003830	CHIFNET10NJ071_010908-T1	DBVPG3775_007051-T1
GF00003831	CHIFNET10NJ071_005222-T1	DBVPG3775_007052-T1
GF00003832	CHIFNET10NJ071_005223-T1	DBVPG3775_007053-T1
GF00003833	CHIFNET10NJ071_010911-T1	DBVPG3775_007054-T1
GF00003834	CHIFNET10NJ071_005225-T1	DBVPG3775_007055-T1
GF00003835	CHIFNET10NJ071_010914-T1	DBVPG3775_007057-T1
GF00003836	CHIFNET10NJ071_005228-T1	DBVPG3775_007058-T1
GF00003837	CHIFNET10NJ071_005230-T1	DBVPG3775_007060-T1
GF00003838	CHIFNET10NJ071_010918-T1	DBVPG3775_007061-T1
GF00003839	CHIFNET10NJ071_005232-T1	DBVPG3775_007062-T1
GF00003840	CHIFNET10NJ071_005234-T1	DBVPG3775_007064-T1
GF00003841	CHIFNET10NJ071_005235-T1	DBVPG3775_007065-T1
GF00003842	CHIFNET10NJ071_005236-T1	DBVPG3775_007066-T1
GF00003843	CHIFNET10NJ071_005237-T1	DBVPG3775_007067-T1
GF00003844	CHIFNET10NJ071_005239-T1	DBVPG3775_007069-T1
GF00003845	CHIFNET10NJ071_005240-T1	DBVPG3775_007070-T1
GF00003846	CHIFNET10NJ071_005241-T1	DBVPG3775_007071-T1
GF00003847	CHIFNET10NJ071_010929-T1	DBVPG3775_007072-T1
GF00003848	CHIFNET10NJ071_010930-T1	DBVPG3775_007073-T1
GF00003849	CHIFNET10NJ071_005245-T1	DBVPG3775_007075-T1
GF00003850	CHIFNET10NJ071_010933-T1	DBVPG3775_007076-T1
GF00003851	CHIFNET10NJ071_010934-T1	DBVPG3775_007077-T1
GF00003852	CHIFNET10NJ071_014356-T1	DBVPG3775_006188-T1
GF00003853	CHIFNET10NJ071_014357-T1	DBVPG3775_006187-T1
GF00003854	CHIFNET10NJ071_014358-T1	DBVPG3775_006186-T1
GF00003855	CHIFNET10NJ071_011008-T1	DBVPG3775_006184-T1
GF00003856	CHIFNET10NJ071_005254-T1	DBVPG3775_006183-T1
GF00003857	CHIFNET10NJ071_013822-T1	DBVPG3775_005948-T1
GF00003858	CHIFNET10NJ071_005259-T1	DBVPG3775_005947-T1
GF00003859	CHIFNET10NJ071_005260-T1	DBVPG3775_005946-T1
GF00003860	CHIFNET10NJ071_013826-T1	DBVPG3775_005944-T1
GF00003861	CHIFNET10NJ071_013827-T1	DBVPG3775_005943-T1
GF00003862	CHIFNET10NJ071_013829-T1	DBVPG3775_005941-T1
GF00003863	CHIFNET10NJ071_013830-T1	DBVPG3775_005940-T1
GF00003864	CHIFNET10NJ071_005267-T1	DBVPG3775_005939-T1
GF00003865	CHIFNET10NJ071_005273-T1	DBVPG3775_005933-T1
GF00003866	CHIFNET10NJ071_005275-T1	DBVPG3775_005931-T1
GF00003867	CHIFNET10NJ071_005276-T1	DBVPG3775_005930-T1
GF00003868	CHIFNET10NJ071_005278-T1	DBVPG3775_005928-T1
GF00003869	CHIFNET10NJ071_005279-T1	DBVPG3775_005927-T1
GF00003870	CHIFNET10NJ071_005280-T1	DBVPG3775_005926-T1
GF00003871	CHIFNET10NJ071_005284-T1	DBVPG3775_005923-T1
GF00003872	CHIFNET10NJ071_005285-T1	DBVPG3775_005922-T1
GF00003873	CHIFNET10NJ071_005286-T1	DBVPG3775_005921-T1
GF00003874	CHIFNET10NJ071_005287-T1	DBVPG3775_005920-T1
GF00003875	CHIFNET10NJ071_010544-T1	DBVPG3775_005919-T1
GF00003876	CHIFNET10NJ071_005289-T1	DBVPG3775_005918-T1
GF00003877	CHIFNET10NJ071_010546-T1	DBVPG3775_005917-T1
GF00003878	CHIFNET10NJ071_005291-T1	DBVPG3775_005916-T1
GF00003879	CHIFNET10NJ071_005294-T1	DBVPG3775_005913-T1
GF00003880	CHIFNET10NJ071_010553-T1	DBVPG3775_005912-T1
GF00003881	CHIFNET10NJ071_005296-T1	DBVPG3775_005911-T1
GF00003882	CHIFNET10NJ071_005297-T1	DBVPG3775_005910-T1
GF00003883	CHIFNET10NJ071_005298-T1	DBVPG3775_005909-T1
GF00003884	CHIFNET10NJ071_005299-T1	DBVPG3775_005908-T1
GF00003885	CHIFNET10NJ071_005300-T1	DBVPG3775_005907-T1
GF00003886	CHIFNET10NJ071_005301-T1	DBVPG3775_005906-T1
GF00003887	CHIFNET10NJ071_005302-T1	DBVPG3775_005905-T1
GF00003888	CHIFNET10NJ071_005303-T1	DBVPG3775_005904-T1
GF00003889	CHIFNET10NJ071_005305-T1	DBVPG3775_005903-T1
GF00003890	CHIFNET10NJ071_005307-T1	DBVPG3775_005901-T1
GF00003891	CHIFNET10NJ071_012402-T1	DBVPG3775_005900-T1
GF00003892	CHIFNET10NJ071_005309-T1	DBVPG3775_005899-T1
GF00003893	CHIFNET10NJ071_012400-T1	DBVPG3775_005898-T1
GF00003894	CHIFNET10NJ071_012431-T1	DBVPG3775_005896-T1
GF00003895	CHIFNET10NJ071_012430-T1	DBVPG3775_005895-T1
GF00003896	CHIFNET10NJ071_005315-T1	DBVPG3775_005893-T1
GF00003897	CHIFNET10NJ071_012427-T1	DBVPG3775_005892-T1
GF00003898	CHIFNET10NJ071_012426-T1	DBVPG3775_005891-T1
GF00003899	CHIFNET10NJ071_005319-T1	DBVPG3775_005889-T1
GF00003900	CHIFNET10NJ071_005322-T1	DBVPG3775_005886-T1
GF00003901	CHIFNET10NJ071_005326-T1	DBVPG3775_005882-T1
GF00003902	CHIFNET10NJ071_005328-T1	DBVPG3775_000146-T1
GF00003903	CHIFNET10NJ071_014368-T1	DBVPG3775_000145-T1
GF00003904	CHIFNET10NJ071_005330-T1	DBVPG3775_000144-T1
GF00003905	CHIFNET10NJ071_005332-T1	DBVPG3775_000142-T1
GF00003906	CHIFNET10NJ071_005335-T1	DBVPG3775_000139-T1
GF00003907	CHIFNET10NJ071_005336-T1	DBVPG3775_000138-T1
GF00003908	CHIFNET10NJ071_005337-T1	DBVPG3775_000137-T1
GF00003909	CHIFNET10NJ071_005339-T1	DBVPG3775_000135-T1
GF00003910	CHIFNET10NJ071_005340-T1	DBVPG3775_000134-T1
GF00003911	CHIFNET10NJ071_005341-T1	DBVPG3775_000133-T1
GF00003912	CHIFNET10NJ071_005342-T1	DBVPG3775_000132-T1
GF00003913	CHIFNET10NJ071_008174-T1	DBVPG3775_000129-T1
GF00003914	CHIFNET10NJ071_005346-T1	DBVPG3775_000128-T1
GF00003915	CHIFNET10NJ071_008176-T1	DBVPG3775_000127-T1
GF00003916	CHIFNET10NJ071_008177-T1	DBVPG3775_000126-T1
GF00003917	CHIFNET10NJ071_005349-T1	DBVPG3775_000125-T1
GF00003918	CHIFNET10NJ071_008180-T1	DBVPG3775_000123-T1
GF00003919	CHIFNET10NJ071_008182-T1	DBVPG3775_000121-T1
GF00003920	CHIFNET10NJ071_008184-T1	DBVPG3775_000119-T1
GF00003921	CHIFNET10NJ071_005356-T1	DBVPG3775_000118-T1
GF00003922	CHIFNET10NJ071_008186-T1	DBVPG3775_000117-T1
GF00003923	CHIFNET10NJ071_005358-T1	DBVPG3775_000116-T1
GF00003924	CHIFNET10NJ071_005359-T1	DBVPG3775_000115-T1
GF00003925	CHIFNET10NJ071_005361-T1	DBVPG3775_000113-T1
GF00003926	CHIFNET10NJ071_008191-T1	DBVPG3775_000112-T1
GF00003927	CHIFNET10NJ071_005364-T1	DBVPG3775_000110-T1
GF00003928	CHIFNET10NJ071_008194-T1	DBVPG3775_000109-T1
GF00003929	CHIFNET10NJ071_005366-T1	DBVPG3775_000108-T1
GF00003930	CHIFNET10NJ071_005367-T1	DBVPG3775_000107-T1
GF00003931	CHIFNET10NJ071_005368-T1	DBVPG3775_000106-T1
GF00003932	CHIFNET10NJ071_005370-T1	DBVPG3775_000104-T1
GF00003933	CHIFNET10NJ071_008201-T1	DBVPG3775_000102-T1
GF00003934	CHIFNET10NJ071_008202-T1	DBVPG3775_000101-T1
GF00003935	CHIFNET10NJ071_005375-T1	DBVPG3775_000099-T1
GF00003936	CHIFNET10NJ071_005380-T1	DBVPG3775_000093-T1
GF00003937	CHIFNET10NJ071_005851-T1	DBVPG3775_000091-T1
GF00003938	CHIFNET10NJ071_005852-T1	DBVPG3775_000090-T1
GF00003939	CHIFNET10NJ071_005384-T1	DBVPG3775_000089-T1
GF00003940	CHIFNET10NJ071_005385-T1	DBVPG3775_000088-T1
GF00003941	CHIFNET10NJ071_005386-T1	DBVPG3775_000087-T1
GF00003942	CHIFNET10NJ071_005856-T1	DBVPG3775_000086-T1
GF00003943	CHIFNET10NJ071_005857-T1	DBVPG3775_000085-T1
GF00003944	CHIFNET10NJ071_005390-T1	DBVPG3775_000083-T1
GF00003945	CHIFNET10NJ071_005393-T1	DBVPG3775_000080-T1
GF00003946	CHIFNET10NJ071_014591-T1	DBVPG3775_000348-T1
GF00003947	CHIFNET10NJ071_005469-T1	DBVPG3775_000352-T1
GF00003948	CHIFNET10NJ071_005470-T1	DBVPG3775_000353-T1
GF00003949	CHIFNET10NJ071_007637-T1	DBVPG3775_000356-T1
GF00003950	CHIFNET10NJ071_005474-T1	DBVPG3775_000358-T1
GF00003951	CHIFNET10NJ071_007640-T1	DBVPG3775_000359-T1
GF00003952	CHIFNET10NJ071_005479-T1	DBVPG3775_000362-T1
GF00003953	CHIFNET10NJ071_005480-T1	DBVPG3775_000363-T1
GF00003954	CHIFNET10NJ071_005481-T1	DBVPG3775_000364-T1
GF00003955	CHIFNET10NJ071_005482-T1	DBVPG3775_000365-T1
GF00003956	CHIFNET10NJ071_007648-T1	DBVPG3775_000366-T1
GF00003957	CHIFNET10NJ071_005484-T1	DBVPG3775_000367-T1
GF00003958	CHIFNET10NJ071_005488-T1	DBVPG3775_000372-T1
GF00003959	CHIFNET10NJ071_005489-T1	DBVPG3775_000373-T1
GF00003960	CHIFNET10NJ071_005496-T1	DBVPG3775_000380-T1
GF00003961	CHIFNET10NJ071_005497-T1	DBVPG3775_000381-T1
GF00003962	CHIFNET10NJ071_005498-T1	DBVPG3775_000382-T1
GF00003963	CHIFNET10NJ071_005499-T1	DBVPG3775_000383-T1
GF00003964	CHIFNET10NJ071_005501-T1	DBVPG3775_000385-T1
GF00003965	CHIFNET10NJ071_005502-T1	DBVPG3775_000386-T1
GF00003966	CHIFNET10NJ071_005505-T1	DBVPG3775_000389-T1
GF00003967	CHIFNET10NJ071_005506-T1	DBVPG3775_000390-T1
GF00003968	CHIFNET10NJ071_005507-T1	DBVPG3775_000391-T1
GF00003969	CHIFNET10NJ071_005508-T1	DBVPG3775_000392-T1
GF00003970	CHIFNET10NJ071_013459-T1	DBVPG3775_000393-T1
GF00003971	CHIFNET10NJ071_005510-T1	DBVPG3775_000394-T1
GF00003972	CHIFNET10NJ071_005512-T1	DBVPG3775_000396-T1
GF00003973	CHIFNET10NJ071_005517-T1	DBVPG3775_000401-T1
GF00003974	CHIFNET10NJ071_007627-T1	DBVPG3775_000402-T1
GF00003975	CHIFNET10NJ071_007626-T1	DBVPG3775_000403-T1
GF00003976	CHIFNET10NJ071_007625-T1	DBVPG3775_000404-T1
GF00003977	CHIFNET10NJ071_005521-T1	DBVPG3775_000405-T1
GF00003978	CHIFNET10NJ071_007622-T1	DBVPG3775_000407-T1
GF00003979	CHIFNET10NJ071_005524-T1	DBVPG3775_000408-T1
GF00003980	CHIFNET10NJ071_005525-T1	DBVPG3775_000409-T1
GF00003981	CHIFNET10NJ071_007619-T1	DBVPG3775_000410-T1
GF00003982	CHIFNET10NJ071_005528-T1	DBVPG3775_000412-T1
GF00003983	CHIFNET10NJ071_007616-T1	DBVPG3775_000413-T1
GF00003984	CHIFNET10NJ071_007614-T1	DBVPG3775_000415-T1
GF00003985	CHIFNET10NJ071_005600-T1	DBVPG3775_003538-T1
GF00003986	CHIFNET10NJ071_005813-T1	DBVPG3775_003535-T1
GF00003987	CHIFNET10NJ071_005812-T1	DBVPG3775_003534-T1
GF00003988	CHIFNET10NJ071_005811-T1	DBVPG3775_003533-T1
GF00003989	CHIFNET10NJ071_005607-T1	DBVPG3775_003532-T1
GF00003990	CHIFNET10NJ071_005608-T1	DBVPG3775_003531-T1
GF00003991	CHIFNET10NJ071_005610-T1	DBVPG3775_003529-T1
GF00003992	CHIFNET10NJ071_005611-T1	DBVPG3775_003528-T1
GF00003993	CHIFNET10NJ071_005612-T1	DBVPG3775_003527-T1
GF00003994	CHIFNET10NJ071_005804-T1	DBVPG3775_003526-T1
GF00003995	CHIFNET10NJ071_005614-T1	DBVPG3775_003525-T1
GF00003996	CHIFNET10NJ071_005616-T1	DBVPG3775_003523-T1
GF00003997	CHIFNET10NJ071_005617-T1	DBVPG3775_003522-T1
GF00003998	CHIFNET10NJ071_005618-T1	DBVPG3775_003521-T1
GF00003999	CHIFNET10NJ071_005620-T1	DBVPG3775_003519-T1
GF00004000	CHIFNET10NJ071_005621-T1	DBVPG3775_003518-T1
GF00004001	CHIFNET10NJ071_005622-T1	DBVPG3775_003517-T1
GF00004002	CHIFNET10NJ071_005623-T1	DBVPG3775_003516-T1
GF00004003	CHIFNET10NJ071_005793-T1	DBVPG3775_003515-T1
GF00004004	CHIFNET10NJ071_005625-T1	DBVPG3775_003514-T1
GF00004005	CHIFNET10NJ071_006395-T1	DBVPG3775_001409-T1
GF00004006	CHIFNET10NJ071_005626-T1	DBVPG3775_003513-T1
GF00004007	CHIFNET10NJ071_005628-T1	DBVPG3775_003511-T1
GF00004008	CHIFNET10NJ071_005629-T1	DBVPG3775_003510-T1
GF00004009	CHIFNET10NJ071_005631-T1	DBVPG3775_003509-T1
GF00004010	CHIFNET10NJ071_009772-T1	DBVPG3775_003508-T1
GF00004011	CHIFNET10NJ071_009773-T1	DBVPG3775_003507-T1
GF00004012	CHIFNET10NJ071_005634-T1	DBVPG3775_003506-T1
GF00004013	CHIFNET10NJ071_005635-T1	DBVPG3775_003505-T1
GF00004014	CHIFNET10NJ071_005636-T1	DBVPG3775_003504-T1
GF00004015	CHIFNET10NJ071_009779-T1	DBVPG3775_003500-T1
GF00004016	CHIFNET10NJ071_005641-T1	DBVPG3775_003499-T1
GF00004017	CHIFNET10NJ071_005645-T1	DBVPG3775_003495-T1
GF00004018	CHIFNET10NJ071_005646-T1	DBVPG3775_003494-T1
GF00004019	CHIFNET10NJ071_013979-T1	DBVPG3775_003493-T1
GF00004020	CHIFNET10NJ071_005648-T1	DBVPG3775_003492-T1
GF00004021	CHIFNET10NJ071_014316-T1	DBVPG3775_003488-T1
GF00004022	CHIFNET10NJ071_014314-T1	DBVPG3775_003486-T1
GF00004023	CHIFNET10NJ071_010599-T1	DBVPG3775_003485-T1
GF00004024	CHIFNET10NJ071_010598-T1	DBVPG3775_003484-T1
GF00004025	CHIFNET10NJ071_005657-T1	DBVPG3775_003483-T1
GF00004026	CHIFNET10NJ071_005658-T1	DBVPG3775_003482-T1
GF00004027	CHIFNET10NJ071_005660-T1	DBVPG3775_003480-T1
GF00004028	CHIFNET10NJ071_010592-T1	DBVPG3775_003478-T1
GF00004029	CHIFNET10NJ071_005663-T1	DBVPG3775_003477-T1
GF00004030	CHIFNET10NJ071_010590-T1	DBVPG3775_003476-T1
GF00004031	CHIFNET10NJ071_010589-T1	DBVPG3775_003475-T1
GF00004032	CHIFNET10NJ071_010588-T1	DBVPG3775_003474-T1
GF00004033	CHIFNET10NJ071_007001-T1	DBVPG3775_000474-T1
GF00004034	CHIFNET10NJ071_005727-T1	DBVPG3775_000472-T1
GF00004035	CHIFNET10NJ071_005728-T1	DBVPG3775_000471-T1
GF00004036	CHIFNET10NJ071_005729-T1	DBVPG3775_000470-T1
GF00004037	CHIFNET10NJ071_005730-T1	DBVPG3775_000469-T1
GF00004038	CHIFNET10NJ071_007006-T1	DBVPG3775_000468-T1
GF00004039	CHIFNET10NJ071_005733-T1	DBVPG3775_000466-T1
GF00004040	CHIFNET10NJ071_005734-T1	DBVPG3775_000465-T1
GF00004041	CHIFNET10NJ071_005735-T1	DBVPG3775_000464-T1
GF00004042	CHIFNET10NJ071_005736-T1	DBVPG3775_000463-T1
GF00004043	CHIFNET10NJ071_005741-T1	DBVPG3775_000458-T1
GF00004044	CHIFNET10NJ071_005742-T1	DBVPG3775_000457-T1
GF00004045	CHIFNET10NJ071_005743-T1	DBVPG3775_000456-T1
GF00004046	CHIFNET10NJ071_005744-T1	DBVPG3775_000455-T1
GF00004047	CHIFNET10NJ071_007018-T1	DBVPG3775_000454-T1
GF00004048	CHIFNET10NJ071_005746-T1	DBVPG3775_000453-T1
GF00004049	CHIFNET10NJ071_005747-T1	DBVPG3775_000452-T1
GF00004050	CHIFNET10NJ071_005749-T1	DBVPG3775_000450-T1
GF00004051	CHIFNET10NJ071_005751-T1	DBVPG3775_000448-T1
GF00004052	CHIFNET10NJ071_005752-T1	DBVPG3775_000447-T1
GF00004053	CHIFNET10NJ071_005753-T1	DBVPG3775_000446-T1
GF00004054	CHIFNET10NJ071_007027-T1	DBVPG3775_000445-T1
GF00004055	CHIFNET10NJ071_005756-T1	DBVPG3775_000443-T1
GF00004056	CHIFNET10NJ071_005757-T1	DBVPG3775_000442-T1
GF00004057	CHIFNET10NJ071_005761-T1	DBVPG3775_000438-T1
GF00004058	CHIFNET10NJ071_005762-T1	DBVPG3775_000437-T1
GF00004059	CHIFNET10NJ071_005764-T1	DBVPG3775_000435-T1
GF00004060	CHIFNET10NJ071_007038-T1	DBVPG3775_000434-T1
GF00004061	CHIFNET10NJ071_005769-T1	DBVPG3775_000431-T1
GF00004062	CHIFNET10NJ071_013793-T1	DBVPG3775_000430-T1
GF00004063	CHIFNET10NJ071_005772-T1	DBVPG3775_000428-T1
GF00004064	CHIFNET10NJ071_013790-T1	DBVPG3775_000427-T1
GF00004065	CHIFNET10NJ071_005774-T1	DBVPG3775_000426-T1
GF00004066	CHIFNET10NJ071_005775-T1	DBVPG3775_000425-T1
GF00004067	CHIFNET10NJ071_005778-T1	DBVPG3775_000422-T1
GF00004068	CHIFNET10NJ071_005779-T1	DBVPG3775_000419-T1
GF00004069	CHIFNET10NJ071_013742-T1	DBVPG3775_007533-T1
GF00004070	CHIFNET10NJ071_013741-T1	DBVPG3775_007534-T1
GF00004071	CHIFNET10NJ071_005784-T1	DBVPG3775_007535-T1
GF00004072	CHIFNET10NJ071_005785-T1	DBVPG3775_007536-T1
GF00004073	CHIFNET10NJ071_011925-T1	DBVPG3775_007488-T1
GF00004074	CHIFNET10NJ071_010178-T1	DBVPG3775_004200-T1
GF00004075	CHIFNET10NJ071_005908-T1	DBVPG3775_004201-T1
GF00004076	CHIFNET10NJ071_010175-T1	DBVPG3775_004203-T1
GF00004077	CHIFNET10NJ071_010174-T1	DBVPG3775_004204-T1
GF00004078	CHIFNET10NJ071_005912-T1	DBVPG3775_004205-T1
GF00004079	CHIFNET10NJ071_005913-T1	DBVPG3775_004206-T1
GF00004080	CHIFNET10NJ071_010171-T1	DBVPG3775_004207-T1
GF00004081	CHIFNET10NJ071_005915-T1	DBVPG3775_004208-T1
GF00004082	CHIFNET10NJ071_005925-T1	DBVPG3775_004213-T1
GF00004083	CHIFNET10NJ071_005926-T1	DBVPG3775_004214-T1
GF00004084	CHIFNET10NJ071_005927-T1	DBVPG3775_004215-T1
GF00004085	CHIFNET10NJ071_005928-T1	DBVPG3775_004216-T1
GF00004086	CHIFNET10NJ071_005929-T1	DBVPG3775_004217-T1
GF00004087	CHIFNET10NJ071_005930-T1	DBVPG3775_004218-T1
GF00004088	CHIFNET10NJ071_005931-T1	DBVPG3775_004219-T1
GF00004089	CHIFNET10NJ071_005932-T1	DBVPG3775_004220-T1
GF00004090	CHIFNET10NJ071_010156-T1	DBVPG3775_004221-T1
GF00004091	CHIFNET10NJ071_010155-T1	DBVPG3775_004222-T1
GF00004092	CHIFNET10NJ071_005935-T1	DBVPG3775_004223-T1
GF00004093	CHIFNET10NJ071_005936-T1	DBVPG3775_004224-T1
GF00004094	CHIFNET10NJ071_005937-T1	DBVPG3775_004225-T1
GF00004095	CHIFNET10NJ071_005938-T1	DBVPG3775_004226-T1
GF00004096	CHIFNET10NJ071_010150-T1	DBVPG3775_004227-T1
GF00004097	CHIFNET10NJ071_010149-T1	DBVPG3775_004228-T1
GF00004098	CHIFNET10NJ071_010148-T1	DBVPG3775_004229-T1
GF00004099	CHIFNET10NJ071_005945-T1	DBVPG3775_004233-T1
GF00004100	CHIFNET10NJ071_010143-T1	DBVPG3775_004234-T1
GF00004101	CHIFNET10NJ071_005947-T1	DBVPG3775_004235-T1
GF00004102	CHIFNET10NJ071_005948-T1	DBVPG3775_004236-T1
GF00004103	CHIFNET10NJ071_005949-T1	DBVPG3775_004237-T1
GF00004104	CHIFNET10NJ071_012466-T1	DBVPG3775_001036-T1
GF00004105	CHIFNET10NJ071_005951-T1	DBVPG3775_001037-T1
GF00004106	CHIFNET10NJ071_012464-T1	DBVPG3775_001038-T1
GF00004107	CHIFNET10NJ071_012460-T1	DBVPG3775_001042-T1
GF00004108	CHIFNET10NJ071_005956-T1	DBVPG3775_001044-T1
GF00004109	CHIFNET10NJ071_012455-T1	DBVPG3775_001046-T1
GF00004110	CHIFNET10NJ071_012454-T1	DBVPG3775_001047-T1
GF00004111	CHIFNET10NJ071_005964-T1	DBVPG3775_001051-T1
GF00004112	CHIFNET10NJ071_012449-T1	DBVPG3775_001052-T1
GF00004113	CHIFNET10NJ071_005968-T1	DBVPG3775_001054-T1
GF00004114	CHIFNET10NJ071_012443-T1	DBVPG3775_001057-T1
GF00004115	CHIFNET10NJ071_005974-T1	DBVPG3775_002765-T1
GF00004116	CHIFNET10NJ071_008492-T1	DBVPG3775_002763-T1
GF00004117	CHIFNET10NJ071_005977-T1	DBVPG3775_002762-T1
GF00004118	CHIFNET10NJ071_005980-T1	DBVPG3775_002759-T1
GF00004119	CHIFNET10NJ071_005981-T1	DBVPG3775_002758-T1
GF00004120	CHIFNET10NJ071_013262-T1	DBVPG3775_002773-T1
GF00004121	CHIFNET10NJ071_008501-T1	DBVPG3775_002771-T1
GF00004122	CHIFNET10NJ071_008485-T1	DBVPG3775_002741-T1
GF00004123	CHIFNET10NJ071_005999-T1	DBVPG3775_002740-T1
GF00004124	CHIFNET10NJ071_006000-T1	DBVPG3775_002739-T1
GF00004125	CHIFNET10NJ071_006002-T1	DBVPG3775_002737-T1
GF00004126	CHIFNET10NJ071_006003-T1	DBVPG3775_002736-T1
GF00004127	CHIFNET10NJ071_012499-T1	DBVPG3775_003675-T1
GF00004128	CHIFNET10NJ071_008479-T1	DBVPG3775_002735-T1
GF00004129	CHIFNET10NJ071_008478-T1	DBVPG3775_002734-T1
GF00004130	CHIFNET10NJ071_006006-T1	DBVPG3775_002733-T1
GF00004131	CHIFNET10NJ071_008476-T1	DBVPG3775_002732-T1
GF00004132	CHIFNET10NJ071_008475-T1	DBVPG3775_002731-T1
GF00004133	CHIFNET10NJ071_006010-T1	DBVPG3775_002729-T1
GF00004134	CHIFNET10NJ071_006012-T1	DBVPG3775_002727-T1
GF00004135	CHIFNET10NJ071_012301-T1	DBVPG3775_002726-T1
GF00004136	CHIFNET10NJ071_012302-T1	DBVPG3775_002725-T1
GF00004137	CHIFNET10NJ071_006018-T1	DBVPG3775_002721-T1
GF00004138	CHIFNET10NJ071_012305-T1	DBVPG3775_002719-T1
GF00004139	CHIFNET10NJ071_006023-T1	DBVPG3775_002717-T1
GF00004140	CHIFNET10NJ071_006025-T1	DBVPG3775_002715-T1
GF00004141	CHIFNET10NJ071_012310-T1	DBVPG3775_002714-T1
GF00004142	CHIFNET10NJ071_006027-T1	DBVPG3775_002713-T1
GF00004143	CHIFNET10NJ071_006028-T1	DBVPG3775_002712-T1
GF00004144	CHIFNET10NJ071_006029-T1	DBVPG3775_002711-T1
GF00004145	CHIFNET10NJ071_009894-T1	DBVPG3775_007124-T1
GF00004146	CHIFNET10NJ071_009893-T1	DBVPG3775_007123-T1
GF00004147	CHIFNET10NJ071_006076-T1	DBVPG3775_007122-T1
GF00004148	CHIFNET10NJ071_009891-T1	DBVPG3775_007121-T1
GF00004149	CHIFNET10NJ071_006078-T1	DBVPG3775_007120-T1
GF00004150	CHIFNET10NJ071_009888-T1	DBVPG3775_007118-T1
GF00004151	CHIFNET10NJ071_009887-T1	DBVPG3775_007117-T1
GF00004152	CHIFNET10NJ071_006082-T1	DBVPG3775_007116-T1
GF00004153	CHIFNET10NJ071_009885-T1	DBVPG3775_007115-T1
GF00004154	CHIFNET10NJ071_009884-T1	DBVPG3775_007114-T1
GF00004155	CHIFNET10NJ071_009883-T1	DBVPG3775_007113-T1
GF00004156	CHIFNET10NJ071_009882-T1	DBVPG3775_007112-T1
GF00004157	CHIFNET10NJ071_009879-T1	DBVPG3775_007109-T1
GF00004158	CHIFNET10NJ071_009878-T1	DBVPG3775_007108-T1
GF00004159	CHIFNET10NJ071_006091-T1	DBVPG3775_007107-T1
GF00004160	CHIFNET10NJ071_006092-T1	DBVPG3775_007106-T1
GF00004161	CHIFNET10NJ071_010668-T1	DBVPG3775_001615-T1
GF00004162	CHIFNET10NJ071_010669-T1	DBVPG3775_001614-T1
GF00004163	CHIFNET10NJ071_006098-T1	DBVPG3775_001613-T1
GF00004164	CHIFNET10NJ071_006099-T1	DBVPG3775_001612-T1
GF00004165	CHIFNET10NJ071_006103-T1	DBVPG3775_001608-T1
GF00004166	CHIFNET10NJ071_010677-T1	DBVPG3775_001607-T1
GF00004167	CHIFNET10NJ071_010680-T1	DBVPG3775_001604-T1
GF00004168	CHIFNET10NJ071_010683-T1	DBVPG3775_001601-T1
GF00004169	CHIFNET10NJ071_006110-T1	DBVPG3775_001600-T1
GF00004170	CHIFNET10NJ071_010686-T1	DBVPG3775_001598-T1
GF00004171	CHIFNET10NJ071_006114-T1	DBVPG3775_001596-T1
GF00004172	CHIFNET10NJ071_006116-T1	DBVPG3775_001594-T1
GF00004173	CHIFNET10NJ071_006117-T1	DBVPG3775_001593-T1
GF00004174	CHIFNET10NJ071_010695-T1	DBVPG3775_001590-T1
GF00004175	CHIFNET10NJ071_006122-T1	DBVPG3775_001588-T1
GF00004176	CHIFNET10NJ071_006123-T1	DBVPG3775_001587-T1
GF00004177	CHIFNET10NJ071_006127-T1	DBVPG3775_001583-T1
GF00004178	CHIFNET10NJ071_013645-T1	DBVPG3775_001582-T1
GF00004179	CHIFNET10NJ071_006129-T1	DBVPG3775_001581-T1
GF00004180	CHIFNET10NJ071_006130-T1	DBVPG3775_001580-T1
GF00004181	CHIFNET10NJ071_006131-T1	DBVPG3775_001579-T1
GF00004182	CHIFNET10NJ071_006132-T1	DBVPG3775_001578-T1
GF00004183	CHIFNET10NJ071_006133-T1	DBVPG3775_001577-T1
GF00004184	CHIFNET10NJ071_014462-T1	DBVPG3775_001574-T1
GF00004185	CHIFNET10NJ071_006137-T1	DBVPG3775_001573-T1
GF00004186	CHIFNET10NJ071_006139-T1	DBVPG3775_001570-T1
GF00004187	CHIFNET10NJ071_006140-T1	DBVPG3775_001569-T1
GF00004188	CHIFNET10NJ071_006141-T1	DBVPG3775_001568-T1
GF00004189	CHIFNET10NJ071_013858-T1	DBVPG3775_001567-T1
GF00004190	CHIFNET10NJ071_013859-T1	DBVPG3775_001566-T1
GF00004191	CHIFNET10NJ071_006145-T1	DBVPG3775_001563-T1
GF00004192	CHIFNET10NJ071_006146-T1	DBVPG3775_001562-T1
GF00004193	CHIFNET10NJ071_006147-T1	DBVPG3775_001561-T1
GF00004194	CHIFNET10NJ071_013864-T1	DBVPG3775_001560-T1
GF00004195	CHIFNET10NJ071_006170-T1	DBVPG3775_004670-T1
GF00004196	CHIFNET10NJ071_006171-T1	DBVPG3775_004671-T1
GF00004197	CHIFNET10NJ071_013244-T1	DBVPG3775_004675-T1
GF00004198	CHIFNET10NJ071_006176-T1	DBVPG3775_004676-T1
GF00004199	CHIFNET10NJ071_006177-T1	DBVPG3775_004677-T1
GF00004200	CHIFNET10NJ071_013248-T1	DBVPG3775_004679-T1
GF00004201	CHIFNET10NJ071_006180-T1	DBVPG3775_004680-T1
GF00004202	CHIFNET10NJ071_013250-T1	DBVPG3775_004681-T1
GF00004203	CHIFNET10NJ071_009009-T1	DBVPG3775_000314-T1
GF00004204	CHIFNET10NJ071_006184-T1	DBVPG3775_004684-T1
GF00004205	CHIFNET10NJ071_006186-T1	DBVPG3775_004686-T1
GF00004206	CHIFNET10NJ071_006187-T1	DBVPG3775_004687-T1
GF00004207	CHIFNET10NJ071_014095-T1	DBVPG3775_004690-T1
GF00004208	CHIFNET10NJ071_006191-T1	DBVPG3775_004691-T1
GF00004209	CHIFNET10NJ071_006192-T1	DBVPG3775_004692-T1
GF00004210	CHIFNET10NJ071_006193-T1	DBVPG3775_004693-T1
GF00004211	CHIFNET10NJ071_013717-T1	DBVPG3775_004695-T1
GF00004212	CHIFNET10NJ071_006196-T1	DBVPG3775_004696-T1
GF00004213	CHIFNET10NJ071_006197-T1	DBVPG3775_004697-T1
GF00004214	CHIFNET10NJ071_013720-T1	DBVPG3775_004698-T1
GF00004215	CHIFNET10NJ071_006200-T1	DBVPG3775_004700-T1
GF00004216	CHIFNET10NJ071_013723-T1	DBVPG3775_004701-T1
GF00004217	CHIFNET10NJ071_006203-T1	DBVPG3775_004703-T1
GF00004218	CHIFNET10NJ071_006204-T1	DBVPG3775_004704-T1
GF00004219	CHIFNET10NJ071_014410-T1	DBVPG3775_004705-T1
GF00004220	CHIFNET10NJ071_014409-T1	DBVPG3775_004706-T1
GF00004221	CHIFNET10NJ071_014408-T1	DBVPG3775_004707-T1
GF00004222	CHIFNET10NJ071_006208-T1	DBVPG3775_004708-T1
GF00004223	CHIFNET10NJ071_006210-T1	DBVPG3775_006783-T1
GF00004224	CHIFNET10NJ071_008597-T1	DBVPG3775_006785-T1
GF00004225	CHIFNET10NJ071_008599-T1	DBVPG3775_006787-T1
GF00004226	CHIFNET10NJ071_006216-T1	DBVPG3775_006789-T1
GF00004227	CHIFNET10NJ071_008603-T1	DBVPG3775_006791-T1
GF00004228	CHIFNET10NJ071_006218-T1	DBVPG3775_006792-T1
GF00004229	CHIFNET10NJ071_008605-T1	DBVPG3775_006793-T1
GF00004230	CHIFNET10NJ071_006220-T1	DBVPG3775_006794-T1
GF00004231	CHIFNET10NJ071_008608-T1	DBVPG3775_006796-T1
GF00004232	CHIFNET10NJ071_008609-T1	DBVPG3775_006797-T1
GF00004233	CHIFNET10NJ071_006226-T1	DBVPG3775_006800-T1
GF00004234	CHIFNET10NJ071_006227-T1	DBVPG3775_006801-T1
GF00004235	CHIFNET10NJ071_006229-T1	DBVPG3775_006803-T1
GF00004236	CHIFNET10NJ071_006230-T1	DBVPG3775_006804-T1
GF00004237	CHIFNET10NJ071_008619-T1	DBVPG3775_006807-T1
GF00004238	CHIFNET10NJ071_006239-T1	DBVPG3775_006813-T1
GF00004239	CHIFNET10NJ071_006241-T1	DBVPG3775_007449-T1
GF00004240	CHIFNET10NJ071_006242-T1	DBVPG3775_007448-T1
GF00004241	CHIFNET10NJ071_006243-T1	DBVPG3775_007447-T1
GF00004242	CHIFNET10NJ071_014069-T1	DBVPG3775_007446-T1
GF00004243	CHIFNET10NJ071_006245-T1	DBVPG3775_007445-T1
GF00004244	CHIFNET10NJ071_014066-T1	DBVPG3775_007443-T1
GF00004245	CHIFNET10NJ071_006249-T1	DBVPG3775_007441-T1
GF00004246	CHIFNET10NJ071_006251-T1	DBVPG3775_007438-T1
GF00004247	CHIFNET10NJ071_006252-T1	DBVPG3775_007437-T1
GF00004248	CHIFNET10NJ071_014088-T1	DBVPG3775_007436-T1
GF00004249	CHIFNET10NJ071_014089-T1	DBVPG3775_007435-T1
GF00004250	CHIFNET10NJ071_014090-T1	DBVPG3775_007434-T1
GF00004251	CHIFNET10NJ071_012727-T1	DBVPG3775_006627-T1
GF00004252	CHIFNET10NJ071_012728-T1	DBVPG3775_006628-T1
GF00004253	CHIFNET10NJ071_012729-T1	DBVPG3775_006629-T1
GF00004254	CHIFNET10NJ071_006262-T1	DBVPG3775_006630-T1
GF00004255	CHIFNET10NJ071_006263-T1	DBVPG3775_006631-T1
GF00004256	CHIFNET10NJ071_012732-T1	DBVPG3775_006632-T1
GF00004257	CHIFNET10NJ071_006265-T1	DBVPG3775_006633-T1
GF00004258	CHIFNET10NJ071_012734-T1	DBVPG3775_006634-T1
GF00004259	CHIFNET10NJ071_006267-T1	DBVPG3775_006635-T1
GF00004260	CHIFNET10NJ071_006268-T1	DBVPG3775_006636-T1
GF00004261	CHIFNET10NJ071_012737-T1	DBVPG3775_006637-T1
GF00004262	CHIFNET10NJ071_012740-T1	DBVPG3775_006640-T1
GF00004263	CHIFNET10NJ071_012741-T1	DBVPG3775_006641-T1
GF00004264	CHIFNET10NJ071_006275-T1	DBVPG3775_003972-T1
GF00004265	CHIFNET10NJ071_013238-T1	DBVPG3775_003971-T1
GF00004266	CHIFNET10NJ071_006280-T1	DBVPG3775_003967-T1
GF00004267	CHIFNET10NJ071_013233-T1	DBVPG3775_003966-T1
GF00004268	CHIFNET10NJ071_013230-T1	DBVPG3775_003963-T1
GF00004269	CHIFNET10NJ071_006286-T1	DBVPG3775_003962-T1
GF00004270	CHIFNET10NJ071_013227-T1	DBVPG3775_003960-T1
GF00004271	CHIFNET10NJ071_006312-T1	DBVPG3775_000588-T1
GF00004272	CHIFNET10NJ071_008588-T1	DBVPG3775_000587-T1
GF00004273	CHIFNET10NJ071_006319-T1	DBVPG3775_000583-T1
GF00004274	CHIFNET10NJ071_006320-T1	DBVPG3775_000582-T1
GF00004275	CHIFNET10NJ071_006321-T1	DBVPG3775_000581-T1
GF00004276	CHIFNET10NJ071_006322-T1	DBVPG3775_000580-T1
GF00004277	CHIFNET10NJ071_006323-T1	DBVPG3775_000579-T1
GF00004278	CHIFNET10NJ071_006329-T1	DBVPG3775_000574-T1
GF00004279	CHIFNET10NJ071_006330-T1	DBVPG3775_000572-T1
GF00004280	CHIFNET10NJ071_012046-T1	DBVPG3775_000571-T1
GF00004281	CHIFNET10NJ071_006332-T1	DBVPG3775_000570-T1
GF00004282	CHIFNET10NJ071_006333-T1	DBVPG3775_000569-T1
GF00004283	CHIFNET10NJ071_006334-T1	DBVPG3775_000568-T1
GF00004284	CHIFNET10NJ071_006335-T1	DBVPG3775_000567-T1
GF00004285	CHIFNET10NJ071_012051-T1	DBVPG3775_000566-T1
GF00004286	CHIFNET10NJ071_012052-T1	DBVPG3775_000565-T1
GF00004287	CHIFNET10NJ071_006339-T1	DBVPG3775_000563-T1
GF00004288	CHIFNET10NJ071_008812-T1	DBVPG3775_001429-T1
GF00004289	CHIFNET10NJ071_006376-T1	DBVPG3775_001428-T1
GF00004290	CHIFNET10NJ071_008817-T1	DBVPG3775_001424-T1
GF00004291	CHIFNET10NJ071_006381-T1	DBVPG3775_001423-T1
GF00004292	CHIFNET10NJ071_008819-T1	DBVPG3775_001422-T1
GF00004293	CHIFNET10NJ071_008820-T1	DBVPG3775_001421-T1
GF00004294	CHIFNET10NJ071_006386-T1	DBVPG3775_001418-T1
GF00004295	CHIFNET10NJ071_006387-T1	DBVPG3775_001417-T1
GF00004296	CHIFNET10NJ071_008827-T1	DBVPG3775_001415-T1
GF00004297	CHIFNET10NJ071_006391-T1	DBVPG3775_001413-T1
GF00004298	CHIFNET10NJ071_006393-T1	DBVPG3775_001411-T1
GF00004299	CHIFNET10NJ071_008832-T1	DBVPG3775_001410-T1
GF00004300	CHIFNET10NJ071_008834-T1	DBVPG3775_001408-T1
GF00004301	CHIFNET10NJ071_006397-T1	DBVPG3775_001407-T1
GF00004302	CHIFNET10NJ071_006400-T1	DBVPG3775_001405-T1
GF00004303	CHIFNET10NJ071_008838-T1	DBVPG3775_001404-T1
GF00004304	CHIFNET10NJ071_006403-T1	DBVPG3775_001402-T1
GF00004305	CHIFNET10NJ071_008842-T1	DBVPG3775_001401-T1
GF00004306	CHIFNET10NJ071_006405-T1	DBVPG3775_001400-T1
GF00004307	CHIFNET10NJ071_012598-T1	DBVPG3775_001399-T1
GF00004308	CHIFNET10NJ071_012597-T1	DBVPG3775_001398-T1
GF00004309	CHIFNET10NJ071_012596-T1	DBVPG3775_001397-T1
GF00004310	CHIFNET10NJ071_012594-T1	DBVPG3775_001395-T1
GF00004311	CHIFNET10NJ071_006412-T1	DBVPG3775_001394-T1
GF00004312	CHIFNET10NJ071_006416-T1	DBVPG3775_001389-T1
GF00004313	CHIFNET10NJ071_006417-T1	DBVPG3775_001388-T1
GF00004314	CHIFNET10NJ071_012586-T1	DBVPG3775_001387-T1
GF00004315	CHIFNET10NJ071_006419-T1	DBVPG3775_001386-T1
GF00004316	CHIFNET10NJ071_012581-T1	DBVPG3775_001383-T1
GF00004317	CHIFNET10NJ071_012580-T1	DBVPG3775_001382-T1
GF00004318	CHIFNET10NJ071_006668-T1	DBVPG3775_007416-T1
GF00004319	CHIFNET10NJ071_006670-T1	DBVPG3775_007414-T1
GF00004320	CHIFNET10NJ071_006429-T1	DBVPG3775_007413-T1
GF00004321	CHIFNET10NJ071_006430-T1	DBVPG3775_007412-T1
GF00004322	CHIFNET10NJ071_006673-T1	DBVPG3775_007411-T1
GF00004323	CHIFNET10NJ071_006433-T1	DBVPG3775_007409-T1
GF00004324	CHIFNET10NJ071_006677-T1	DBVPG3775_007407-T1
GF00004325	CHIFNET10NJ071_006678-T1	DBVPG3775_007406-T1
GF00004326	CHIFNET10NJ071_006437-T1	DBVPG3775_007405-T1
GF00004327	CHIFNET10NJ071_006680-T1	DBVPG3775_007404-T1
GF00004328	CHIFNET10NJ071_006684-T1	DBVPG3775_007401-T1
GF00004329	CHIFNET10NJ071_006686-T1	DBVPG3775_007399-T1
GF00004330	CHIFNET10NJ071_006444-T1	DBVPG3775_007397-T1
GF00004331	CHIFNET10NJ071_006445-T1	DBVPG3775_007396-T1
GF00004332	CHIFNET10NJ071_006667-T1	DBVPG3775_004944-T1
GF00004333	CHIFNET10NJ071_006666-T1	DBVPG3775_004943-T1
GF00004334	CHIFNET10NJ071_006665-T1	DBVPG3775_004942-T1
GF00004335	CHIFNET10NJ071_006451-T1	DBVPG3775_004941-T1
GF00004336	CHIFNET10NJ071_006662-T1	DBVPG3775_004939-T1
GF00004337	CHIFNET10NJ071_006661-T1	DBVPG3775_004938-T1
GF00004338	CHIFNET10NJ071_006455-T1	DBVPG3775_004937-T1
GF00004339	CHIFNET10NJ071_006659-T1	DBVPG3775_004936-T1
GF00004340	CHIFNET10NJ071_006458-T1	DBVPG3775_004933-T1
GF00004341	CHIFNET10NJ071_006461-T1	DBVPG3775_004930-T1
GF00004342	CHIFNET10NJ071_006462-T1	DBVPG3775_004929-T1
GF00004343	CHIFNET10NJ071_006651-T1	DBVPG3775_004928-T1
GF00004344	CHIFNET10NJ071_006650-T1	DBVPG3775_004927-T1
GF00004345	CHIFNET10NJ071_006649-T1	DBVPG3775_004926-T1
GF00004346	CHIFNET10NJ071_006466-T1	DBVPG3775_004925-T1
GF00004347	CHIFNET10NJ071_006467-T1	DBVPG3775_004924-T1
GF00004348	CHIFNET10NJ071_006646-T1	DBVPG3775_004923-T1
GF00004349	CHIFNET10NJ071_006470-T1	DBVPG3775_004921-T1
GF00004350	CHIFNET10NJ071_006471-T1	DBVPG3775_004920-T1
GF00004351	CHIFNET10NJ071_006472-T1	DBVPG3775_004919-T1
GF00004352	CHIFNET10NJ071_006476-T1	DBVPG3775_004915-T1
GF00004353	CHIFNET10NJ071_006551-T1	DBVPG3775_007464-T1
GF00004354	CHIFNET10NJ071_013580-T1	DBVPG3775_007465-T1
GF00004355	CHIFNET10NJ071_013581-T1	DBVPG3775_007467-T1
GF00004356	CHIFNET10NJ071_006555-T1	DBVPG3775_007468-T1
GF00004357	CHIFNET10NJ071_013583-T1	DBVPG3775_007469-T1
GF00004358	CHIFNET10NJ071_006558-T1	DBVPG3775_007471-T1
GF00004359	CHIFNET10NJ071_013586-T1	DBVPG3775_007472-T1
GF00004360	CHIFNET10NJ071_013588-T1	DBVPG3775_007474-T1
GF00004361	CHIFNET10NJ071_006561-T1	DBVPG3775_007475-T1
GF00004362	CHIFNET10NJ071_013590-T1	DBVPG3775_007476-T1
GF00004363	CHIFNET10NJ071_013591-T1	DBVPG3775_007477-T1
GF00004364	CHIFNET10NJ071_011818-T1	DBVPG3775_003387-T1
GF00004365	CHIFNET10NJ071_011819-T1	DBVPG3775_003388-T1
GF00004366	CHIFNET10NJ071_006812-T1	DBVPG3775_003389-T1
GF00004367	CHIFNET10NJ071_006814-T1	DBVPG3775_003391-T1
GF00004368	CHIFNET10NJ071_006815-T1	DBVPG3775_003392-T1
GF00004369	CHIFNET10NJ071_006816-T1	DBVPG3775_003393-T1
GF00004370	CHIFNET10NJ071_006817-T1	DBVPG3775_003394-T1
GF00004371	CHIFNET10NJ071_011827-T1	DBVPG3775_003395-T1
GF00004372	CHIFNET10NJ071_006820-T1	DBVPG3775_003397-T1
GF00004373	CHIFNET10NJ071_011830-T1	DBVPG3775_003398-T1
GF00004374	CHIFNET10NJ071_006822-T1	DBVPG3775_003399-T1
GF00004375	CHIFNET10NJ071_006823-T1	DBVPG3775_003400-T1
GF00004376	CHIFNET10NJ071_006824-T1	DBVPG3775_003401-T1
GF00004377	CHIFNET10NJ071_006825-T1	DBVPG3775_003402-T1
GF00004378	CHIFNET10NJ071_006828-T1	DBVPG3775_003405-T1
GF00004379	CHIFNET10NJ071_011838-T1	DBVPG3775_003406-T1
GF00004380	CHIFNET10NJ071_006831-T1	DBVPG3775_003408-T1
GF00004381	CHIFNET10NJ071_011842-T1	DBVPG3775_003410-T1
GF00004382	CHIFNET10NJ071_011844-T1	DBVPG3775_003412-T1
GF00004383	CHIFNET10NJ071_009744-T1	DBVPG3775_003413-T1
GF00004384	CHIFNET10NJ071_009745-T1	DBVPG3775_003414-T1
GF00004385	CHIFNET10NJ071_006838-T1	DBVPG3775_003415-T1
GF00004386	CHIFNET10NJ071_006842-T1	DBVPG3775_003419-T1
GF00004387	CHIFNET10NJ071_006844-T1	DBVPG3775_003421-T1
GF00004388	CHIFNET10NJ071_006846-T1	DBVPG3775_003423-T1
GF00004389	CHIFNET10NJ071_006847-T1	DBVPG3775_003424-T1
GF00004390	CHIFNET10NJ071_009753-T1	DBVPG3775_003425-T1
GF00004391	CHIFNET10NJ071_006849-T1	DBVPG3775_003426-T1
GF00004392	CHIFNET10NJ071_006850-T1	DBVPG3775_003427-T1
GF00004393	CHIFNET10NJ071_006851-T1	DBVPG3775_003428-T1
GF00004394	CHIFNET10NJ071_006852-T1	DBVPG3775_003429-T1
GF00004395	CHIFNET10NJ071_009758-T1	DBVPG3775_003430-T1
GF00004396	CHIFNET10NJ071_006854-T1	DBVPG3775_003431-T1
GF00004397	CHIFNET10NJ071_006855-T1	DBVPG3775_003432-T1
GF00004398	CHIFNET10NJ071_006856-T1	DBVPG3775_003433-T1
GF00004399	CHIFNET10NJ071_009762-T1	DBVPG3775_003434-T1
GF00004400	CHIFNET10NJ071_009763-T1	DBVPG3775_003435-T1
GF00004401	CHIFNET10NJ071_006859-T1	DBVPG3775_003436-T1
GF00004402	CHIFNET10NJ071_009765-T1	DBVPG3775_003437-T1
GF00004403	CHIFNET10NJ071_006861-T1	DBVPG3775_003438-T1
GF00004404	CHIFNET10NJ071_006863-T1	DBVPG3775_003440-T1
GF00004405	CHIFNET10NJ071_006865-T1	DBVPG3775_003442-T1
GF00004406	CHIFNET10NJ071_006868-T1	DBVPG3775_003445-T1
GF00004407	CHIFNET10NJ071_007295-T1	DBVPG3775_006824-T1
GF00004408	CHIFNET10NJ071_007296-T1	DBVPG3775_006823-T1
GF00004409	CHIFNET10NJ071_007299-T1	DBVPG3775_006820-T1
GF00004410	CHIFNET10NJ071_006879-T1	DBVPG3775_006819-T1
GF00004411	CHIFNET10NJ071_006881-T1	DBVPG3775_006817-T1
GF00004412	CHIFNET10NJ071_006882-T1	DBVPG3775_006816-T1
GF00004413	CHIFNET10NJ071_006884-T1	DBVPG3775_006900-T1
GF00004414	CHIFNET10NJ071_006885-T1	DBVPG3775_006899-T1
GF00004415	CHIFNET10NJ071_013656-T1	DBVPG3775_006895-T1
GF00004416	CHIFNET10NJ071_013655-T1	DBVPG3775_006894-T1
GF00004417	CHIFNET10NJ071_013654-T1	DBVPG3775_006893-T1
GF00004418	CHIFNET10NJ071_009717-T1	DBVPG3775_003603-T1
GF00004419	CHIFNET10NJ071_009716-T1	DBVPG3775_003604-T1
GF00004420	CHIFNET10NJ071_006931-T1	DBVPG3775_003605-T1
GF00004421	CHIFNET10NJ071_009712-T1	DBVPG3775_003608-T1
GF00004422	CHIFNET10NJ071_006936-T1	DBVPG3775_003610-T1
GF00004423	CHIFNET10NJ071_006937-T1	DBVPG3775_003611-T1
GF00004424	CHIFNET10NJ071_006939-T1	DBVPG3775_003613-T1
GF00004425	CHIFNET10NJ071_012107-T1	DBVPG3775_003617-T1
GF00004426	CHIFNET10NJ071_006943-T1	DBVPG3775_003618-T1
GF00004427	CHIFNET10NJ071_006944-T1	DBVPG3775_003619-T1
GF00004428	CHIFNET10NJ071_006945-T1	DBVPG3775_003620-T1
GF00004429	CHIFNET10NJ071_006947-T1	DBVPG3775_003622-T1
GF00004430	CHIFNET10NJ071_006948-T1	DBVPG3775_003623-T1
GF00004431	CHIFNET10NJ071_006949-T1	DBVPG3775_003624-T1
GF00004432	CHIFNET10NJ071_006950-T1	DBVPG3775_003625-T1
GF00004433	CHIFNET10NJ071_006951-T1	DBVPG3775_003626-T1
GF00004434	CHIFNET10NJ071_006952-T1	DBVPG3775_003627-T1
GF00004435	CHIFNET10NJ071_012118-T1	DBVPG3775_003628-T1
GF00004436	CHIFNET10NJ071_006954-T1	DBVPG3775_003629-T1
GF00004437	CHIFNET10NJ071_006955-T1	DBVPG3775_003630-T1
GF00004438	CHIFNET10NJ071_006956-T1	DBVPG3775_003631-T1
GF00004439	CHIFNET10NJ071_006958-T1	DBVPG3775_003633-T1
GF00004440	CHIFNET10NJ071_012123-T1	DBVPG3775_003634-T1
GF00004441	CHIFNET10NJ071_006961-T1	DBVPG3775_003636-T1
GF00004442	CHIFNET10NJ071_006962-T1	DBVPG3775_003637-T1
GF00004443	CHIFNET10NJ071_008919-T1	DBVPG3775_003640-T1
GF00004444	CHIFNET10NJ071_008923-T1	DBVPG3775_003644-T1
GF00004445	CHIFNET10NJ071_006972-T1	DBVPG3775_003647-T1
GF00004446	CHIFNET10NJ071_008927-T1	DBVPG3775_003648-T1
GF00004447	CHIFNET10NJ071_006979-T1	DBVPG3775_003654-T1
GF00004448	CHIFNET10NJ071_006981-T1	DBVPG3775_003656-T1
GF00004449	CHIFNET10NJ071_006983-T1	DBVPG3775_003658-T1
GF00004450	CHIFNET10NJ071_006984-T1	DBVPG3775_003659-T1
GF00004451	CHIFNET10NJ071_008935-T1	DBVPG3775_003660-T1
GF00004452	CHIFNET10NJ071_006986-T1	DBVPG3775_003661-T1
GF00004453	CHIFNET10NJ071_008937-T1	DBVPG3775_003662-T1
GF00004454	CHIFNET10NJ071_013622-T1	DBVPG3775_000555-T1
GF00004455	CHIFNET10NJ071_013623-T1	DBVPG3775_000556-T1
GF00004456	CHIFNET10NJ071_006996-T1	DBVPG3775_000557-T1
GF00004457	CHIFNET10NJ071_011657-T1	DBVPG3775_006342-T1
GF00004458	CHIFNET10NJ071_007041-T1	DBVPG3775_006343-T1
GF00004459	CHIFNET10NJ071_007042-T1	DBVPG3775_006344-T1
GF00004460	CHIFNET10NJ071_007044-T1	DBVPG3775_006346-T1
GF00004461	CHIFNET10NJ071_011663-T1	DBVPG3775_006348-T1
GF00004462	CHIFNET10NJ071_011665-T1	DBVPG3775_006350-T1
GF00004463	CHIFNET10NJ071_011666-T1	DBVPG3775_006351-T1
GF00004464	CHIFNET10NJ071_007049-T1	DBVPG3775_006352-T1
GF00004465	CHIFNET10NJ071_007053-T1	DBVPG3775_006355-T1
GF00004466	CHIFNET10NJ071_007056-T1	DBVPG3775_006358-T1
GF00004467	CHIFNET10NJ071_007057-T1	DBVPG3775_006359-T1
GF00004468	CHIFNET10NJ071_011675-T1	DBVPG3775_006360-T1
GF00004469	CHIFNET10NJ071_007059-T1	DBVPG3775_006361-T1
GF00004470	CHIFNET10NJ071_011678-T1	DBVPG3775_006363-T1
GF00004471	CHIFNET10NJ071_007063-T1	DBVPG3775_006366-T1
GF00004472	CHIFNET10NJ071_012707-T1	DBVPG3775_006367-T1
GF00004473	CHIFNET10NJ071_007065-T1	DBVPG3775_006368-T1
GF00004474	CHIFNET10NJ071_007066-T1	DBVPG3775_006369-T1
GF00004475	CHIFNET10NJ071_007069-T1	DBVPG3775_006372-T1
GF00004476	CHIFNET10NJ071_012701-T1	DBVPG3775_006373-T1
GF00004477	CHIFNET10NJ071_012696-T1	DBVPG3775_006378-T1
GF00004478	CHIFNET10NJ071_012695-T1	DBVPG3775_006379-T1
GF00004479	CHIFNET10NJ071_007076-T1	DBVPG3775_006380-T1
GF00004480	CHIFNET10NJ071_012693-T1	DBVPG3775_006381-T1
GF00004481	CHIFNET10NJ071_012692-T1	DBVPG3775_006382-T1
GF00004482	CHIFNET10NJ071_012691-T1	DBVPG3775_006383-T1
GF00004483	CHIFNET10NJ071_012690-T1	DBVPG3775_006384-T1
GF00004484	CHIFNET10NJ071_007081-T1	DBVPG3775_006385-T1
GF00004485	CHIFNET10NJ071_012688-T1	DBVPG3775_006386-T1
GF00004486	CHIFNET10NJ071_007083-T1	DBVPG3775_006387-T1
GF00004487	CHIFNET10NJ071_007085-T1	DBVPG3775_006389-T1
GF00004488	CHIFNET10NJ071_013689-T1	DBVPG3775_006390-T1
GF00004489	CHIFNET10NJ071_007087-T1	DBVPG3775_006391-T1
GF00004490	CHIFNET10NJ071_007088-T1	DBVPG3775_006392-T1
GF00004491	CHIFNET10NJ071_013686-T1	DBVPG3775_006393-T1
GF00004492	CHIFNET10NJ071_007090-T1	DBVPG3775_006394-T1
GF00004493	CHIFNET10NJ071_013684-T1	DBVPG3775_006395-T1
GF00004494	CHIFNET10NJ071_007092-T1	DBVPG3775_006396-T1
GF00004495	CHIFNET10NJ071_013681-T1	DBVPG3775_006398-T1
GF00004496	CHIFNET10NJ071_013779-T1	DBVPG3775_003323-T1
GF00004497	CHIFNET10NJ071_007105-T1	DBVPG3775_003320-T1
GF00004498	CHIFNET10NJ071_007106-T1	DBVPG3775_003319-T1
GF00004499	CHIFNET10NJ071_013784-T1	DBVPG3775_003318-T1
GF00004500	CHIFNET10NJ071_007108-T1	DBVPG3775_003317-T1
GF00004501	CHIFNET10NJ071_013988-T1	DBVPG3775_003311-T1
GF00004502	CHIFNET10NJ071_007114-T1	DBVPG3775_003310-T1
GF00004503	CHIFNET10NJ071_013991-T1	DBVPG3775_003308-T1
GF00004504	CHIFNET10NJ071_013992-T1	DBVPG3775_003307-T1
GF00004505	CHIFNET10NJ071_007121-T1	DBVPG3775_003304-T1
GF00004506	CHIFNET10NJ071_007122-T1	DBVPG3775_003303-T1
GF00004507	CHIFNET10NJ071_007125-T1	DBVPG3775_003300-T1
GF00004508	CHIFNET10NJ071_007126-T1	DBVPG3775_003301-T1
GF00004509	CHIFNET10NJ071_007128-T1	DBVPG3775_003298-T1
GF00004510	CHIFNET10NJ071_012954-T1	DBVPG3775_003295-T1
GF00004511	CHIFNET10NJ071_007132-T1	DBVPG3775_003294-T1
GF00004512	CHIFNET10NJ071_007133-T1	DBVPG3775_003293-T1
GF00004513	CHIFNET10NJ071_007134-T1	DBVPG3775_003292-T1
GF00004514	CHIFNET10NJ071_007135-T1	DBVPG3775_003291-T1
GF00004515	CHIFNET10NJ071_007136-T1	DBVPG3775_003290-T1
GF00004516	CHIFNET10NJ071_012946-T1	DBVPG3775_003288-T1
GF00004517	CHIFNET10NJ071_012945-T1	DBVPG3775_003287-T1
GF00004518	CHIFNET10NJ071_008873-T1	DBVPG3775_003285-T1
GF00004519	CHIFNET10NJ071_007142-T1	DBVPG3775_003284-T1
GF00004520	CHIFNET10NJ071_007143-T1	DBVPG3775_003283-T1
GF00004521	CHIFNET10NJ071_007145-T1	DBVPG3775_003281-T1
GF00004522	CHIFNET10NJ071_007147-T1	DBVPG3775_003279-T1
GF00004523	CHIFNET10NJ071_007154-T1	DBVPG3775_003272-T1
GF00004524	CHIFNET10NJ071_007259-T1	DBVPG3775_007502-T1
GF00004525	CHIFNET10NJ071_007261-T1	DBVPG3775_007499-T1
GF00004526	CHIFNET10NJ071_013671-T1	DBVPG3775_007498-T1
GF00004527	CHIFNET10NJ071_013670-T1	DBVPG3775_007497-T1
GF00004528	CHIFNET10NJ071_007264-T1	DBVPG3775_007496-T1
GF00004529	CHIFNET10NJ071_013668-T1	DBVPG3775_007495-T1
GF00004530	CHIFNET10NJ071_013667-T1	DBVPG3775_007494-T1
GF00004531	CHIFNET10NJ071_013666-T1	DBVPG3775_007493-T1
GF00004532	CHIFNET10NJ071_007274-T1	DBVPG3775_006851-T1
GF00004533	CHIFNET10NJ071_007276-T1	DBVPG3775_006849-T1
GF00004534	CHIFNET10NJ071_007277-T1	DBVPG3775_006847-T1
GF00004535	CHIFNET10NJ071_007278-T1	DBVPG3775_006846-T1
GF00004536	CHIFNET10NJ071_007279-T1	DBVPG3775_006845-T1
GF00004537	CHIFNET10NJ071_007285-T1	DBVPG3775_006840-T1
GF00004538	CHIFNET10NJ071_011434-T1	DBVPG3775_006839-T1
GF00004539	CHIFNET10NJ071_007287-T1	DBVPG3775_006838-T1
GF00004540	CHIFNET10NJ071_011430-T1	DBVPG3775_006835-T1
GF00004541	CHIFNET10NJ071_011429-T1	DBVPG3775_006834-T1
GF00004542	CHIFNET10NJ071_011428-T1	DBVPG3775_006832-T1
GF00004543	CHIFNET10NJ071_007293-T1	DBVPG3775_006831-T1
GF00004544	CHIFNET10NJ071_014614-T1	DBVPG3775_006623-T1
GF00004545	CHIFNET10NJ071_007465-T1	DBVPG3775_006622-T1
GF00004546	CHIFNET10NJ071_007304-T1	DBVPG3775_006621-T1
GF00004547	CHIFNET10NJ071_007305-T1	DBVPG3775_006620-T1
GF00004548	CHIFNET10NJ071_007471-T1	DBVPG3775_006616-T1
GF00004549	CHIFNET10NJ071_007472-T1	DBVPG3775_006615-T1
GF00004550	CHIFNET10NJ071_007473-T1	DBVPG3775_006614-T1
GF00004551	CHIFNET10NJ071_007312-T1	DBVPG3775_006613-T1
GF00004552	CHIFNET10NJ071_007475-T1	DBVPG3775_006612-T1
GF00004553	CHIFNET10NJ071_007315-T1	DBVPG3775_006609-T1
GF00004554	CHIFNET10NJ071_007479-T1	DBVPG3775_006608-T1
GF00004555	CHIFNET10NJ071_007480-T1	DBVPG3775_006607-T1
GF00004556	CHIFNET10NJ071_007481-T1	DBVPG3775_006606-T1
GF00004557	CHIFNET10NJ071_007320-T1	DBVPG3775_006603-T1
GF00004558	CHIFNET10NJ071_007485-T1	DBVPG3775_006602-T1
GF00004559	CHIFNET10NJ071_007487-T1	DBVPG3775_006599-T1
GF00004560	CHIFNET10NJ071_007414-T1	DBVPG3775_006004-T1
GF00004561	CHIFNET10NJ071_013945-T1	DBVPG3775_006003-T1
GF00004562	CHIFNET10NJ071_007416-T1	DBVPG3775_006002-T1
GF00004563	CHIFNET10NJ071_013947-T1	DBVPG3775_006001-T1
GF00004564	CHIFNET10NJ071_013948-T1	DBVPG3775_006000-T1
GF00004565	CHIFNET10NJ071_007419-T1	DBVPG3775_005999-T1
GF00004566	CHIFNET10NJ071_007420-T1	DBVPG3775_005998-T1
GF00004567	CHIFNET10NJ071_007421-T1	DBVPG3775_005997-T1
GF00004568	CHIFNET10NJ071_007424-T1	DBVPG3775_005993-T1
GF00004569	CHIFNET10NJ071_007425-T1	DBVPG3775_005992-T1
GF00004570	CHIFNET10NJ071_007426-T1	DBVPG3775_005991-T1
GF00004571	CHIFNET10NJ071_007428-T1	DBVPG3775_005989-T1
GF00004572	CHIFNET10NJ071_011173-T1	DBVPG3775_005983-T1
GF00004573	CHIFNET10NJ071_007434-T1	DBVPG3775_005982-T1
GF00004574	CHIFNET10NJ071_007436-T1	DBVPG3775_005980-T1
GF00004575	CHIFNET10NJ071_007437-T1	DBVPG3775_005979-T1
GF00004576	CHIFNET10NJ071_011168-T1	DBVPG3775_005978-T1
GF00004577	CHIFNET10NJ071_011167-T1	DBVPG3775_005976-T1
GF00004578	CHIFNET10NJ071_011166-T1	DBVPG3775_005975-T1
GF00004579	CHIFNET10NJ071_007441-T1	DBVPG3775_005974-T1
GF00004580	CHIFNET10NJ071_007442-T1	DBVPG3775_005973-T1
GF00004581	CHIFNET10NJ071_007443-T1	DBVPG3775_005972-T1
GF00004582	CHIFNET10NJ071_007444-T1	DBVPG3775_005971-T1
GF00004583	CHIFNET10NJ071_011145-T1	DBVPG3775_007187-T1
GF00004584	CHIFNET10NJ071_007449-T1	DBVPG3775_005966-T1
GF00004585	CHIFNET10NJ071_007454-T1	DBVPG3775_005961-T1
GF00004586	CHIFNET10NJ071_009928-T1	DBVPG3775_005955-T1
GF00004587	CHIFNET10NJ071_007463-T1	DBVPG3775_005953-T1
GF00004588	CHIFNET10NJ071_007488-T1	DBVPG3775_006598-T1
GF00004589	CHIFNET10NJ071_007489-T1	DBVPG3775_006597-T1
GF00004590	CHIFNET10NJ071_007490-T1	DBVPG3775_006596-T1
GF00004591	CHIFNET10NJ071_007491-T1	DBVPG3775_006595-T1
GF00004592	CHIFNET10NJ071_007493-T1	DBVPG3775_007480-T1
GF00004593	CHIFNET10NJ071_007497-T1	DBVPG3775_007484-T1
GF00004594	CHIFNET10NJ071_007498-T1	DBVPG3775_007485-T1
GF00004595	CHIFNET10NJ071_007499-T1	DBVPG3775_007486-T1
GF00004596	CHIFNET10NJ071_011926-T1	DBVPG3775_007487-T1
GF00004597	CHIFNET10NJ071_007503-T1	DBVPG3775_007490-T1
GF00004598	CHIFNET10NJ071_011919-T1	DBVPG3775_007521-T1
GF00004599	CHIFNET10NJ071_011914-T1	DBVPG3775_007553-T1
GF00004600	CHIFNET10NJ071_013279-T1	DBVPG3775_002544-T1
GF00004601	CHIFNET10NJ071_007514-T1	DBVPG3775_002545-T1
GF00004602	CHIFNET10NJ071_013277-T1	DBVPG3775_002546-T1
GF00004603	CHIFNET10NJ071_014420-T1	DBVPG3775_002552-T1
GF00004604	CHIFNET10NJ071_007523-T1	DBVPG3775_002554-T1
GF00004605	CHIFNET10NJ071_007524-T1	DBVPG3775_002555-T1
GF00004606	CHIFNET10NJ071_009641-T1	DBVPG3775_002559-T1
GF00004607	CHIFNET10NJ071_007529-T1	DBVPG3775_002560-T1
GF00004608	CHIFNET10NJ071_007530-T1	DBVPG3775_002561-T1
GF00004609	CHIFNET10NJ071_007531-T1	DBVPG3775_002562-T1
GF00004610	CHIFNET10NJ071_007532-T1	DBVPG3775_002563-T1
GF00004611	CHIFNET10NJ071_007534-T1	DBVPG3775_002565-T1
GF00004612	CHIFNET10NJ071_007535-T1	DBVPG3775_002566-T1
GF00004613	CHIFNET10NJ071_007536-T1	DBVPG3775_002567-T1
GF00004614	CHIFNET10NJ071_009632-T1	DBVPG3775_002568-T1
GF00004615	CHIFNET10NJ071_007540-T1	DBVPG3775_002570-T1
GF00004616	CHIFNET10NJ071_009629-T1	DBVPG3775_002572-T1
GF00004617	CHIFNET10NJ071_007544-T1	DBVPG3775_002574-T1
GF00004618	CHIFNET10NJ071_009625-T1	DBVPG3775_002576-T1
GF00004619	CHIFNET10NJ071_007548-T1	DBVPG3775_002578-T1
GF00004620	CHIFNET10NJ071_007550-T1	DBVPG3775_002580-T1
GF00004621	CHIFNET10NJ071_009620-T1	DBVPG3775_002581-T1
GF00004622	CHIFNET10NJ071_007552-T1	DBVPG3775_002582-T1
GF00004623	CHIFNET10NJ071_009618-T1	DBVPG3775_002583-T1
GF00004624	CHIFNET10NJ071_007554-T1	DBVPG3775_002584-T1
GF00004625	CHIFNET10NJ071_007557-T1	DBVPG3775_002588-T1
GF00004626	CHIFNET10NJ071_009613-T1	DBVPG3775_002589-T1
GF00004627	CHIFNET10NJ071_007581-T1	DBVPG3775_005016-T1
GF00004628	CHIFNET10NJ071_007659-T1	DBVPG3775_004007-T1
GF00004629	CHIFNET10NJ071_009065-T1	DBVPG3775_004006-T1
GF00004630	CHIFNET10NJ071_007662-T1	DBVPG3775_004004-T1
GF00004631	CHIFNET10NJ071_007663-T1	DBVPG3775_004003-T1
GF00004632	CHIFNET10NJ071_009070-T1	DBVPG3775_004001-T1
GF00004633	CHIFNET10NJ071_007666-T1	DBVPG3775_004000-T1
GF00004634	CHIFNET10NJ071_009072-T1	DBVPG3775_003999-T1
GF00004635	CHIFNET10NJ071_007668-T1	DBVPG3775_003998-T1
GF00004636	CHIFNET10NJ071_009075-T1	DBVPG3775_003996-T1
GF00004637	CHIFNET10NJ071_009080-T1	DBVPG3775_003991-T1
GF00004638	CHIFNET10NJ071_009081-T1	DBVPG3775_003990-T1
GF00004639	CHIFNET10NJ071_009082-T1	DBVPG3775_003989-T1
GF00004640	CHIFNET10NJ071_007675-T1	DBVPG3775_003988-T1
GF00004641	CHIFNET10NJ071_007676-T1	DBVPG3775_003987-T1
GF00004642	CHIFNET10NJ071_009085-T1	DBVPG3775_003986-T1
GF00004643	CHIFNET10NJ071_007678-T1	DBVPG3775_003985-T1
GF00004644	CHIFNET10NJ071_009088-T1	DBVPG3775_003983-T1
GF00004645	CHIFNET10NJ071_007684-T1	DBVPG3775_003979-T1
GF00004646	CHIFNET10NJ071_007685-T1	DBVPG3775_003978-T1
GF00004647	CHIFNET10NJ071_014035-T1	DBVPG3775_003977-T1
GF00004648	CHIFNET10NJ071_014034-T1	DBVPG3775_003976-T1
GF00004649	CHIFNET10NJ071_007688-T1	DBVPG3775_003975-T1
GF00004650	CHIFNET10NJ071_014032-T1	DBVPG3775_003974-T1
GF00004651	CHIFNET10NJ071_014031-T1	DBVPG3775_003973-T1
GF00004652	CHIFNET10NJ071_007692-T1	DBVPG3775_005144-T1
GF00004653	CHIFNET10NJ071_007698-T1	DBVPG3775_005142-T1
GF00004654	CHIFNET10NJ071_013566-T1	DBVPG3775_005141-T1
GF00004655	CHIFNET10NJ071_013567-T1	DBVPG3775_005140-T1
GF00004656	CHIFNET10NJ071_007701-T1	DBVPG3775_005139-T1
GF00004657	CHIFNET10NJ071_007703-T1	DBVPG3775_005137-T1
GF00004658	CHIFNET10NJ071_007704-T1	DBVPG3775_005136-T1
GF00004659	CHIFNET10NJ071_013574-T1	DBVPG3775_005134-T1
GF00004660	CHIFNET10NJ071_013576-T1	DBVPG3775_005132-T1
GF00004661	CHIFNET10NJ071_013577-T1	DBVPG3775_005131-T1
GF00004662	CHIFNET10NJ071_011697-T1	DBVPG3775_002109-T1
GF00004663	CHIFNET10NJ071_011696-T1	DBVPG3775_002108-T1
GF00004664	CHIFNET10NJ071_011695-T1	DBVPG3775_002107-T1
GF00004665	CHIFNET10NJ071_011694-T1	DBVPG3775_002106-T1
GF00004666	CHIFNET10NJ071_011693-T1	DBVPG3775_002105-T1
GF00004667	CHIFNET10NJ071_011691-T1	DBVPG3775_002103-T1
GF00004668	CHIFNET10NJ071_007782-T1	DBVPG3775_002099-T1
GF00004669	CHIFNET10NJ071_007783-T1	DBVPG3775_002098-T1
GF00004670	CHIFNET10NJ071_007784-T1	DBVPG3775_002097-T1
GF00004671	CHIFNET10NJ071_007785-T1	DBVPG3775_002096-T1
GF00004672	CHIFNET10NJ071_011243-T1	DBVPG3775_002094-T1
GF00004673	CHIFNET10NJ071_007788-T1	DBVPG3775_002093-T1
GF00004674	CHIFNET10NJ071_007789-T1	DBVPG3775_002092-T1
GF00004675	CHIFNET10NJ071_011246-T1	DBVPG3775_002091-T1
GF00004676	CHIFNET10NJ071_011248-T1	DBVPG3775_002089-T1
GF00004677	CHIFNET10NJ071_007793-T1	DBVPG3775_002088-T1
GF00004678	CHIFNET10NJ071_011250-T1	DBVPG3775_002087-T1
GF00004679	CHIFNET10NJ071_011251-T1	DBVPG3775_002086-T1
GF00004680	CHIFNET10NJ071_007797-T1	DBVPG3775_002084-T1
GF00004681	CHIFNET10NJ071_011255-T1	DBVPG3775_002082-T1
GF00004682	CHIFNET10NJ071_007800-T1	DBVPG3775_002081-T1
GF00004683	CHIFNET10NJ071_007801-T1	DBVPG3775_002080-T1
GF00004684	CHIFNET10NJ071_007802-T1	DBVPG3775_002079-T1
GF00004685	CHIFNET10NJ071_011262-T1	DBVPG3775_002075-T1
GF00004686	CHIFNET10NJ071_007805-T1	DBVPG3775_002072-T1
GF00004687	CHIFNET10NJ071_011268-T1	DBVPG3775_002069-T1
GF00004688	CHIFNET10NJ071_007808-T1	DBVPG3775_002068-T1
GF00004689	CHIFNET10NJ071_007827-T1	DBVPG3775_000906-T1
GF00004690	CHIFNET10NJ071_007829-T1	DBVPG3775_000904-T1
GF00004691	CHIFNET10NJ071_007830-T1	DBVPG3775_000903-T1
GF00004692	CHIFNET10NJ071_007832-T1	DBVPG3775_000901-T1
GF00004693	CHIFNET10NJ071_011274-T1	DBVPG3775_006178-T1
GF00004694	CHIFNET10NJ071_007837-T1	DBVPG3775_000897-T1
GF00004695	CHIFNET10NJ071_013187-T1	DBVPG3775_000896-T1
GF00004696	CHIFNET10NJ071_013186-T1	DBVPG3775_000895-T1
GF00004697	CHIFNET10NJ071_007840-T1	DBVPG3775_000894-T1
GF00004698	CHIFNET10NJ071_013184-T1	DBVPG3775_000893-T1
GF00004699	CHIFNET10NJ071_013183-T1	DBVPG3775_000892-T1
GF00004700	CHIFNET10NJ071_014242-T1	DBVPG3775_003222-T1
GF00004701	CHIFNET10NJ071_012183-T1	DBVPG3775_003207-T1
GF00004702	CHIFNET10NJ071_007871-T1	DBVPG3775_003208-T1
GF00004703	CHIFNET10NJ071_007872-T1	DBVPG3775_003211-T1
GF00004704	CHIFNET10NJ071_007873-T1	DBVPG3775_003212-T1
GF00004705	CHIFNET10NJ071_012177-T1	DBVPG3775_003213-T1
GF00004706	CHIFNET10NJ071_007877-T1	DBVPG3775_003216-T1
GF00004707	CHIFNET10NJ071_014245-T1	DBVPG3775_003219-T1
GF00004708	CHIFNET10NJ071_014244-T1	DBVPG3775_003220-T1
GF00004709	CHIFNET10NJ071_007882-T1	DBVPG3775_003221-T1
GF00004710	CHIFNET10NJ071_012189-T1	DBVPG3775_003201-T1
GF00004711	CHIFNET10NJ071_012190-T1	DBVPG3775_003200-T1
GF00004712	CHIFNET10NJ071_012191-T1	DBVPG3775_003199-T1
GF00004713	CHIFNET10NJ071_012194-T1	DBVPG3775_003196-T1
GF00004714	CHIFNET10NJ071_007891-T1	DBVPG3775_003195-T1
GF00004715	CHIFNET10NJ071_007892-T1	DBVPG3775_003194-T1
GF00004716	CHIFNET10NJ071_007893-T1	DBVPG3775_003193-T1
GF00004717	CHIFNET10NJ071_012198-T1	DBVPG3775_003192-T1
GF00004718	CHIFNET10NJ071_012199-T1	DBVPG3775_003191-T1
GF00004719	CHIFNET10NJ071_012200-T1	DBVPG3775_003190-T1
GF00004720	CHIFNET10NJ071_007897-T1	DBVPG3775_003189-T1
GF00004721	CHIFNET10NJ071_012171-T1	DBVPG3775_002172-T1
GF00004722	CHIFNET10NJ071_007922-T1	DBVPG3775_002171-T1
GF00004723	CHIFNET10NJ071_007923-T1	DBVPG3775_002170-T1
GF00004724	CHIFNET10NJ071_007925-T1	DBVPG3775_002168-T1
GF00004725	CHIFNET10NJ071_007926-T1	DBVPG3775_002167-T1
GF00004726	CHIFNET10NJ071_012165-T1	DBVPG3775_002166-T1
GF00004727	CHIFNET10NJ071_007929-T1	DBVPG3775_002164-T1
GF00004728	CHIFNET10NJ071_007930-T1	DBVPG3775_002163-T1
GF00004729	CHIFNET10NJ071_007932-T1	DBVPG3775_002161-T1
GF00004730	CHIFNET10NJ071_007935-T1	DBVPG3775_002158-T1
GF00004731	CHIFNET10NJ071_007938-T1	DBVPG3775_002155-T1
GF00004732	CHIFNET10NJ071_007939-T1	DBVPG3775_002154-T1
GF00004733	CHIFNET10NJ071_007940-T1	DBVPG3775_002153-T1
GF00004734	CHIFNET10NJ071_007941-T1	DBVPG3775_002152-T1
GF00004735	CHIFNET10NJ071_012150-T1	DBVPG3775_002151-T1
GF00004736	CHIFNET10NJ071_007943-T1	DBVPG3775_002150-T1
GF00004737	CHIFNET10NJ071_007944-T1	DBVPG3775_002149-T1
GF00004738	CHIFNET10NJ071_007945-T1	DBVPG3775_002148-T1
GF00004739	CHIFNET10NJ071_014219-T1	DBVPG3775_002143-T1
GF00004740	CHIFNET10NJ071_007951-T1	DBVPG3775_002142-T1
GF00004741	CHIFNET10NJ071_007952-T1	DBVPG3775_002141-T1
GF00004742	CHIFNET10NJ071_007954-T1	DBVPG3775_002139-T1
GF00004743	CHIFNET10NJ071_007959-T1	DBVPG3775_002134-T1
GF00004744	CHIFNET10NJ071_007960-T1	DBVPG3775_002133-T1
GF00004745	CHIFNET10NJ071_007961-T1	DBVPG3775_002132-T1
GF00004746	CHIFNET10NJ071_013362-T1	DBVPG3775_002131-T1
GF00004747	CHIFNET10NJ071_013363-T1	DBVPG3775_002130-T1
GF00004748	CHIFNET10NJ071_013364-T1	DBVPG3775_002129-T1
GF00004749	CHIFNET10NJ071_008214-T1	DBVPG3775_003372-T1
GF00004750	CHIFNET10NJ071_011721-T1	DBVPG3775_003370-T1
GF00004751	CHIFNET10NJ071_008217-T1	DBVPG3775_003369-T1
GF00004752	CHIFNET10NJ071_011723-T1	DBVPG3775_003368-T1
GF00004753	CHIFNET10NJ071_008220-T1	DBVPG3775_003366-T1
GF00004754	CHIFNET10NJ071_008222-T1	DBVPG3775_003364-T1
GF00004755	CHIFNET10NJ071_011727-T1	DBVPG3775_003363-T1
GF00004756	CHIFNET10NJ071_008225-T1	DBVPG3775_003361-T1
GF00004757	CHIFNET10NJ071_008226-T1	DBVPG3775_003360-T1
GF00004758	CHIFNET10NJ071_008227-T1	DBVPG3775_003359-T1
GF00004759	CHIFNET10NJ071_010440-T1	DBVPG3775_003357-T1
GF00004760	CHIFNET10NJ071_008230-T1	DBVPG3775_003356-T1
GF00004761	CHIFNET10NJ071_008232-T1	DBVPG3775_003354-T1
GF00004762	CHIFNET10NJ071_010444-T1	DBVPG3775_003353-T1
GF00004763	CHIFNET10NJ071_008234-T1	DBVPG3775_003352-T1
GF00004764	CHIFNET10NJ071_010446-T1	DBVPG3775_003351-T1
GF00004765	CHIFNET10NJ071_008236-T1	DBVPG3775_003350-T1
GF00004766	CHIFNET10NJ071_008237-T1	DBVPG3775_003349-T1
GF00004767	CHIFNET10NJ071_010449-T1	DBVPG3775_003348-T1
GF00004768	CHIFNET10NJ071_010450-T1	DBVPG3775_003347-T1
GF00004769	CHIFNET10NJ071_008240-T1	DBVPG3775_003346-T1
GF00004770	CHIFNET10NJ071_008244-T1	DBVPG3775_003342-T1
GF00004771	CHIFNET10NJ071_008245-T1	DBVPG3775_003341-T1
GF00004772	CHIFNET10NJ071_008247-T1	DBVPG3775_003339-T1
GF00004773	CHIFNET10NJ071_008248-T1	DBVPG3775_003338-T1
GF00004774	CHIFNET10NJ071_008249-T1	DBVPG3775_003337-T1
GF00004775	CHIFNET10NJ071_008250-T1	DBVPG3775_003336-T1
GF00004776	CHIFNET10NJ071_010459-T1	DBVPG3775_003335-T1
GF00004777	CHIFNET10NJ071_008253-T1	DBVPG3775_003333-T1
GF00004778	CHIFNET10NJ071_010455-T1	DBVPG3775_003332-T1
GF00004779	CHIFNET10NJ071_008293-T1	DBVPG3775_005798-T1
GF00004780	CHIFNET10NJ071_008380-T1	DBVPG3775_007596-T1
GF00004781	CHIFNET10NJ071_008426-T1	DBVPG3775_005429-T1
GF00004782	CHIFNET10NJ071_014599-T1	DBVPG3775_005428-T1
GF00004783	CHIFNET10NJ071_008431-T1	DBVPG3775_005423-T1
GF00004784	CHIFNET10NJ071_008432-T1	DBVPG3775_005422-T1
GF00004785	CHIFNET10NJ071_008496-T1	DBVPG3775_002766-T1
GF00004786	CHIFNET10NJ071_013269-T1	DBVPG3775_002767-T1
GF00004787	CHIFNET10NJ071_008498-T1	DBVPG3775_002769-T1
GF00004788	CHIFNET10NJ071_013265-T1	DBVPG3775_002770-T1
GF00004789	CHIFNET10NJ071_013263-T1	DBVPG3775_002772-T1
GF00004790	CHIFNET10NJ071_013261-T1	DBVPG3775_002774-T1
GF00004791	CHIFNET10NJ071_013259-T1	DBVPG3775_002776-T1
GF00004792	CHIFNET10NJ071_013258-T1	DBVPG3775_002777-T1
GF00004793	CHIFNET10NJ071_008507-T1	DBVPG3775_002778-T1
GF00004794	CHIFNET10NJ071_013256-T1	DBVPG3775_002779-T1
GF00004795	CHIFNET10NJ071_008509-T1	DBVPG3775_002780-T1
GF00004796	CHIFNET10NJ071_013254-T1	DBVPG3775_002781-T1
GF00004797	CHIFNET10NJ071_008549-T1	DBVPG3775_000623-T1
GF00004798	CHIFNET10NJ071_011639-T1	DBVPG3775_000622-T1
GF00004799	CHIFNET10NJ071_011642-T1	DBVPG3775_000618-T1
GF00004800	CHIFNET10NJ071_008555-T1	DBVPG3775_000617-T1
GF00004801	CHIFNET10NJ071_008561-T1	DBVPG3775_000612-T1
GF00004802	CHIFNET10NJ071_008562-T1	DBVPG3775_000611-T1
GF00004803	CHIFNET10NJ071_011652-T1	DBVPG3775_000607-T1
GF00004804	CHIFNET10NJ071_008575-T1	DBVPG3775_000600-T1
GF00004805	CHIFNET10NJ071_008577-T1	DBVPG3775_000598-T1
GF00004806	CHIFNET10NJ071_008580-T1	DBVPG3775_000595-T1
GF00004807	CHIFNET10NJ071_008585-T1	DBVPG3775_000590-T1
GF00004808	CHIFNET10NJ071_008764-T1	DBVPG3775_003238-T1
GF00004809	CHIFNET10NJ071_008765-T1	DBVPG3775_003239-T1
GF00004810	CHIFNET10NJ071_008766-T1	DBVPG3775_003240-T1
GF00004811	CHIFNET10NJ071_008767-T1	DBVPG3775_003241-T1
GF00004812	CHIFNET10NJ071_012973-T1	DBVPG3775_003243-T1
GF00004813	CHIFNET10NJ071_008776-T1	DBVPG3775_003250-T1
GF00004814	CHIFNET10NJ071_008779-T1	DBVPG3775_003253-T1
GF00004815	CHIFNET10NJ071_008780-T1	DBVPG3775_003254-T1
GF00004816	CHIFNET10NJ071_008782-T1	DBVPG3775_003256-T1
GF00004817	CHIFNET10NJ071_008789-T1	DBVPG3775_003262-T1
GF00004818	CHIFNET10NJ071_008791-T1	DBVPG3775_003264-T1
GF00004819	CHIFNET10NJ071_008853-T1	DBVPG3775_003265-T1
GF00004820	CHIFNET10NJ071_008793-T1	DBVPG3775_003266-T1
GF00004821	CHIFNET10NJ071_008797-T1	DBVPG3775_003270-T1
GF00004822	CHIFNET10NJ071_008860-T1	DBVPG3775_003271-T1
GF00004823	CHIFNET10NJ071_008876-T1	DBVPG3775_002315-T1
GF00004824	CHIFNET10NJ071_008881-T1	DBVPG3775_002310-T1
GF00004825	CHIFNET10NJ071_008886-T1	DBVPG3775_002305-T1
GF00004826	CHIFNET10NJ071_008888-T1	DBVPG3775_002303-T1
GF00004827	CHIFNET10NJ071_012491-T1	DBVPG3775_003666-T1
GF00004828	CHIFNET10NJ071_008942-T1	DBVPG3775_003667-T1
GF00004829	CHIFNET10NJ071_008944-T1	DBVPG3775_003669-T1
GF00004830	CHIFNET10NJ071_008945-T1	DBVPG3775_003670-T1
GF00004831	CHIFNET10NJ071_012497-T1	DBVPG3775_003673-T1
GF00004832	CHIFNET10NJ071_008952-T1	DBVPG3775_003676-T1
GF00004833	CHIFNET10NJ071_012502-T1	DBVPG3775_003678-T1
GF00004834	CHIFNET10NJ071_012503-T1	DBVPG3775_003679-T1
GF00004835	CHIFNET10NJ071_008958-T1	DBVPG3775_003682-T1
GF00004836	CHIFNET10NJ071_012508-T1	DBVPG3775_003683-T1
GF00004837	CHIFNET10NJ071_009140-T1	DBVPG3775_000294-T1
GF00004838	CHIFNET10NJ071_008995-T1	DBVPG3775_000299-T1
GF00004839	CHIFNET10NJ071_008997-T1	DBVPG3775_000302-T1
GF00004840	CHIFNET10NJ071_009133-T1	DBVPG3775_000303-T1
GF00004841	CHIFNET10NJ071_008999-T1	DBVPG3775_000304-T1
GF00004842	CHIFNET10NJ071_009002-T1	DBVPG3775_000307-T1
GF00004843	CHIFNET10NJ071_009003-T1	DBVPG3775_000308-T1
GF00004844	CHIFNET10NJ071_009004-T1	DBVPG3775_000309-T1
GF00004845	CHIFNET10NJ071_009124-T1	DBVPG3775_000311-T1
GF00004846	CHIFNET10NJ071_009008-T1	DBVPG3775_000313-T1
GF00004847	CHIFNET10NJ071_009011-T1	DBVPG3775_000316-T1
GF00004848	CHIFNET10NJ071_009013-T1	DBVPG3775_000318-T1
GF00004849	CHIFNET10NJ071_009014-T1	DBVPG3775_000319-T1
GF00004850	CHIFNET10NJ071_009115-T1	DBVPG3775_000320-T1
GF00004851	CHIFNET10NJ071_009016-T1	DBVPG3775_000321-T1
GF00004852	CHIFNET10NJ071_009017-T1	DBVPG3775_000322-T1
GF00004853	CHIFNET10NJ071_009112-T1	DBVPG3775_000323-T1
GF00004854	CHIFNET10NJ071_009111-T1	DBVPG3775_000324-T1
GF00004855	CHIFNET10NJ071_009020-T1	DBVPG3775_000325-T1
GF00004856	CHIFNET10NJ071_009109-T1	DBVPG3775_000326-T1
GF00004857	CHIFNET10NJ071_009108-T1	DBVPG3775_000327-T1
GF00004858	CHIFNET10NJ071_009023-T1	DBVPG3775_000328-T1
GF00004859	CHIFNET10NJ071_009024-T1	DBVPG3775_000329-T1
GF00004860	CHIFNET10NJ071_009025-T1	DBVPG3775_000330-T1
GF00004861	CHIFNET10NJ071_009026-T1	DBVPG3775_000331-T1
GF00004862	CHIFNET10NJ071_009027-T1	DBVPG3775_000332-T1
GF00004863	CHIFNET10NJ071_009030-T1	DBVPG3775_000336-T1
GF00004864	CHIFNET10NJ071_009031-T1	DBVPG3775_000337-T1
GF00004865	CHIFNET10NJ071_009032-T1	DBVPG3775_000338-T1
GF00004866	CHIFNET10NJ071_009034-T1	DBVPG3775_000340-T1
GF00004867	CHIFNET10NJ071_009035-T1	DBVPG3775_000341-T1
GF00004868	CHIFNET10NJ071_009036-T1	DBVPG3775_000342-T1
GF00004869	CHIFNET10NJ071_013890-T1	DBVPG3775_004028-T1
GF00004870	CHIFNET10NJ071_013891-T1	DBVPG3775_004027-T1
GF00004871	CHIFNET10NJ071_009044-T1	DBVPG3775_004026-T1
GF00004872	CHIFNET10NJ071_009046-T1	DBVPG3775_004024-T1
GF00004873	CHIFNET10NJ071_009047-T1	DBVPG3775_004023-T1
GF00004874	CHIFNET10NJ071_009048-T1	DBVPG3775_004022-T1
GF00004875	CHIFNET10NJ071_009049-T1	DBVPG3775_004021-T1
GF00004876	CHIFNET10NJ071_013898-T1	DBVPG3775_004020-T1
GF00004877	CHIFNET10NJ071_009052-T1	DBVPG3775_004018-T1
GF00004878	CHIFNET10NJ071_009053-T1	DBVPG3775_004017-T1
GF00004879	CHIFNET10NJ071_009055-T1	DBVPG3775_004015-T1
GF00004880	CHIFNET10NJ071_009056-T1	DBVPG3775_004014-T1
GF00004881	CHIFNET10NJ071_014024-T1	DBVPG3775_004013-T1
GF00004882	CHIFNET10NJ071_009058-T1	DBVPG3775_004012-T1
GF00004883	CHIFNET10NJ071_009059-T1	DBVPG3775_004011-T1
GF00004884	CHIFNET10NJ071_009060-T1	DBVPG3775_004010-T1
GF00004885	CHIFNET10NJ071_009229-T1	DBVPG3775_007012-T1
GF00004886	CHIFNET10NJ071_012552-T1	DBVPG3775_007013-T1
GF00004887	CHIFNET10NJ071_012551-T1	DBVPG3775_007014-T1
GF00004888	CHIFNET10NJ071_012549-T1	DBVPG3775_007017-T1
GF00004889	CHIFNET10NJ071_012546-T1	DBVPG3775_007019-T1
GF00004890	CHIFNET10NJ071_009239-T1	DBVPG3775_007024-T1
GF00004891	CHIFNET10NJ071_012538-T1	DBVPG3775_007026-T1
GF00004892	CHIFNET10NJ071_012535-T1	DBVPG3775_007029-T1
GF00004893	CHIFNET10NJ071_014344-T1	DBVPG3775_007030-T1
GF00004894	CHIFNET10NJ071_009247-T1	DBVPG3775_007031-T1
GF00004895	CHIFNET10NJ071_009248-T1	DBVPG3775_007032-T1
GF00004896	CHIFNET10NJ071_009252-T1	DBVPG3775_007036-T1
GF00004897	CHIFNET10NJ071_009253-T1	DBVPG3775_007037-T1
GF00004898	CHIFNET10NJ071_013326-T1	DBVPG3775_007039-T1
GF00004899	CHIFNET10NJ071_013327-T1	DBVPG3775_007040-T1
GF00004900	CHIFNET10NJ071_009257-T1	DBVPG3775_007043-T1
GF00004901	CHIFNET10NJ071_013332-T1	DBVPG3775_007044-T1
GF00004902	CHIFNET10NJ071_013333-T1	DBVPG3775_007045-T1
GF00004903	CHIFNET10NJ071_013334-T1	DBVPG3775_007046-T1
GF00004904	CHIFNET10NJ071_009305-T1	DBVPG3775_004150-T1
GF00004905	CHIFNET10NJ071_011343-T1	DBVPG3775_004151-T1
GF00004906	CHIFNET10NJ071_011344-T1	DBVPG3775_004152-T1
GF00004907	CHIFNET10NJ071_009314-T1	DBVPG3775_004158-T1
GF00004908	CHIFNET10NJ071_009315-T1	DBVPG3775_004159-T1
GF00004909	CHIFNET10NJ071_009316-T1	DBVPG3775_004160-T1
GF00004910	CHIFNET10NJ071_011353-T1	DBVPG3775_004161-T1
GF00004911	CHIFNET10NJ071_009320-T1	DBVPG3775_004164-T1
GF00004912	CHIFNET10NJ071_009321-T1	DBVPG3775_004165-T1
GF00004913	CHIFNET10NJ071_011359-T1	DBVPG3775_004166-T1
GF00004914	CHIFNET10NJ071_009324-T1	DBVPG3775_004168-T1
GF00004915	CHIFNET10NJ071_011362-T1	DBVPG3775_004169-T1
GF00004916	CHIFNET10NJ071_009331-T1	DBVPG3775_004174-T1
GF00004917	CHIFNET10NJ071_012789-T1	DBVPG3775_004175-T1
GF00004918	CHIFNET10NJ071_009333-T1	DBVPG3775_004176-T1
GF00004919	CHIFNET10NJ071_009334-T1	DBVPG3775_004177-T1
GF00004920	CHIFNET10NJ071_009335-T1	DBVPG3775_004178-T1
GF00004921	CHIFNET10NJ071_012776-T1	DBVPG3775_004188-T1
GF00004922	CHIFNET10NJ071_009343-T1	DBVPG3775_004189-T1
GF00004923	CHIFNET10NJ071_009344-T1	DBVPG3775_004190-T1
GF00004924	CHIFNET10NJ071_009345-T1	DBVPG3775_004191-T1
GF00004925	CHIFNET10NJ071_009346-T1	DBVPG3775_004192-T1
GF00004926	CHIFNET10NJ071_011815-T1	DBVPG3775_000515-T1
GF00004927	CHIFNET10NJ071_011814-T1	DBVPG3775_000516-T1
GF00004928	CHIFNET10NJ071_011813-T1	DBVPG3775_000517-T1
GF00004929	CHIFNET10NJ071_009395-T1	DBVPG3775_000518-T1
GF00004930	CHIFNET10NJ071_009396-T1	DBVPG3775_000519-T1
GF00004931	CHIFNET10NJ071_011810-T1	DBVPG3775_000520-T1
GF00004932	CHIFNET10NJ071_011809-T1	DBVPG3775_000521-T1
GF00004933	CHIFNET10NJ071_009399-T1	DBVPG3775_000523-T1
GF00004934	CHIFNET10NJ071_009400-T1	DBVPG3775_000524-T1
GF00004935	CHIFNET10NJ071_011805-T1	DBVPG3775_000525-T1
GF00004936	CHIFNET10NJ071_009402-T1	DBVPG3775_000526-T1
GF00004937	CHIFNET10NJ071_009404-T1	DBVPG3775_000528-T1
GF00004938	CHIFNET10NJ071_009405-T1	DBVPG3775_000529-T1
GF00004939	CHIFNET10NJ071_011800-T1	DBVPG3775_000530-T1
GF00004940	CHIFNET10NJ071_009407-T1	DBVPG3775_000531-T1
GF00004941	CHIFNET10NJ071_009408-T1	DBVPG3775_000532-T1
GF00004942	CHIFNET10NJ071_011797-T1	DBVPG3775_000533-T1
GF00004943	CHIFNET10NJ071_009410-T1	DBVPG3775_000534-T1
GF00004944	CHIFNET10NJ071_009412-T1	DBVPG3775_000537-T1
GF00004945	CHIFNET10NJ071_013765-T1	DBVPG3775_000538-T1
GF00004946	CHIFNET10NJ071_009414-T1	DBVPG3775_000539-T1
GF00004947	CHIFNET10NJ071_013767-T1	DBVPG3775_000541-T1
GF00004948	CHIFNET10NJ071_013768-T1	DBVPG3775_000542-T1
GF00004949	CHIFNET10NJ071_013770-T1	DBVPG3775_000544-T1
GF00004950	CHIFNET10NJ071_013771-T1	DBVPG3775_000545-T1
GF00004951	CHIFNET10NJ071_009421-T1	DBVPG3775_000547-T1
GF00004952	CHIFNET10NJ071_009422-T1	DBVPG3775_000548-T1
GF00004953	CHIFNET10NJ071_009423-T1	DBVPG3775_000549-T1
GF00004954	CHIFNET10NJ071_009424-T1	DBVPG3775_000551-T1
GF00004955	CHIFNET10NJ071_009425-T1	DBVPG3775_000552-T1
GF00004956	CHIFNET10NJ071_012567-T1	DBVPG3775_006222-T1
GF00004957	CHIFNET10NJ071_012561-T1	DBVPG3775_006215-T1
GF00004958	CHIFNET10NJ071_009439-T1	DBVPG3775_006213-T1
GF00004959	CHIFNET10NJ071_009441-T1	DBVPG3775_006211-T1
GF00004960	CHIFNET10NJ071_009442-T1	DBVPG3775_006210-T1
GF00004961	CHIFNET10NJ071_013526-T1	DBVPG3775_006203-T1
GF00004962	CHIFNET10NJ071_009451-T1	DBVPG3775_006202-T1
GF00004963	CHIFNET10NJ071_009453-T1	DBVPG3775_006199-T1
GF00004964	CHIFNET10NJ071_009454-T1	DBVPG3775_006198-T1
GF00004965	CHIFNET10NJ071_009455-T1	DBVPG3775_006197-T1
GF00004966	CHIFNET10NJ071_009456-T1	DBVPG3775_006196-T1
GF00004967	CHIFNET10NJ071_009457-T1	DBVPG3775_006195-T1
GF00004968	CHIFNET10NJ071_013533-T1	DBVPG3775_006194-T1
GF00004969	CHIFNET10NJ071_009459-T1	DBVPG3775_006193-T1
GF00004970	CHIFNET10NJ071_009460-T1	DBVPG3775_006192-T1
GF00004971	CHIFNET10NJ071_009461-T1	DBVPG3775_006191-T1
GF00004972	CHIFNET10NJ071_010937-T1	DBVPG3775_007080-T1
GF00004973	CHIFNET10NJ071_009464-T1	DBVPG3775_007081-T1
GF00004974	CHIFNET10NJ071_009465-T1	DBVPG3775_007082-T1
GF00004975	CHIFNET10NJ071_009467-T1	DBVPG3775_007084-T1
GF00004976	CHIFNET10NJ071_010942-T1	DBVPG3775_007085-T1
GF00004977	CHIFNET10NJ071_009545-T1	DBVPG3775_006126-T1
GF00004978	CHIFNET10NJ071_009546-T1	DBVPG3775_006125-T1
GF00004979	CHIFNET10NJ071_009547-T1	DBVPG3775_006124-T1
GF00004980	CHIFNET10NJ071_011473-T1	DBVPG3775_006123-T1
GF00004981	CHIFNET10NJ071_011474-T1	DBVPG3775_006122-T1
GF00004982	CHIFNET10NJ071_009551-T1	DBVPG3775_006120-T1
GF00004983	CHIFNET10NJ071_011006-T1	DBVPG3775_006118-T1
GF00004984	CHIFNET10NJ071_011005-T1	DBVPG3775_006117-T1
GF00004985	CHIFNET10NJ071_009556-T1	DBVPG3775_006113-T1
GF00004986	CHIFNET10NJ071_009557-T1	DBVPG3775_006112-T1
GF00004987	CHIFNET10NJ071_009562-T1	DBVPG3775_006104-T1
GF00004988	CHIFNET10NJ071_010990-T1	DBVPG3775_006099-T1
GF00004989	CHIFNET10NJ071_009567-T1	DBVPG3775_006097-T1
GF00004990	CHIFNET10NJ071_009568-T1	DBVPG3775_006096-T1
GF00004991	CHIFNET10NJ071_010986-T1	DBVPG3775_006095-T1
GF00004992	CHIFNET10NJ071_009570-T1	DBVPG3775_006094-T1
GF00004993	CHIFNET10NJ071_009571-T1	DBVPG3775_006093-T1
GF00004994	CHIFNET10NJ071_010983-T1	DBVPG3775_006092-T1
GF00004995	CHIFNET10NJ071_009573-T1	DBVPG3775_006091-T1
GF00004996	CHIFNET10NJ071_010981-T1	DBVPG3775_006090-T1
GF00004997	CHIFNET10NJ071_009576-T1	DBVPG3775_006088-T1
GF00004998	CHIFNET10NJ071_009577-T1	DBVPG3775_006087-T1
GF00004999	CHIFNET10NJ071_009588-T1	DBVPG3775_004259-T1
GF00005000	CHIFNET10NJ071_009589-T1	DBVPG3775_004258-T1
GF00005001	CHIFNET10NJ071_012132-T1	DBVPG3775_004257-T1
GF00005002	CHIFNET10NJ071_012133-T1	DBVPG3775_004256-T1
GF00005003	CHIFNET10NJ071_009592-T1	DBVPG3775_004255-T1
GF00005004	CHIFNET10NJ071_009595-T1	DBVPG3775_004252-T1
GF00005005	CHIFNET10NJ071_009596-T1	DBVPG3775_004251-T1
GF00005006	CHIFNET10NJ071_012140-T1	DBVPG3775_004248-T1
GF00005007	CHIFNET10NJ071_009599-T1	DBVPG3775_004247-T1
GF00005008	CHIFNET10NJ071_012142-T1	DBVPG3775_004245-T1
GF00005009	CHIFNET10NJ071_012143-T1	DBVPG3775_004244-T1
GF00005010	CHIFNET10NJ071_009603-T1	DBVPG3775_004241-T1
GF00005011	CHIFNET10NJ071_009604-T1	DBVPG3775_004240-T1
GF00005012	CHIFNET10NJ071_009605-T1	DBVPG3775_004239-T1
GF00005013	CHIFNET10NJ071_009609-T1	DBVPG3775_002593-T1
GF00005014	CHIFNET10NJ071_014284-T1	DBVPG3775_002594-T1
GF00005015	CHIFNET10NJ071_009704-T1	DBVPG3775_003842-T1
GF00005016	CHIFNET10NJ071_009705-T1	DBVPG3775_003843-T1
GF00005017	CHIFNET10NJ071_009706-T1	DBVPG3775_003844-T1
GF00005018	CHIFNET10NJ071_013909-T1	DBVPG3775_003846-T1
GF00005019	CHIFNET10NJ071_013910-T1	DBVPG3775_003847-T1
GF00005020	CHIFNET10NJ071_013518-T1	DBVPG3775_003598-T1
GF00005021	CHIFNET10NJ071_009722-T1	DBVPG3775_003597-T1
GF00005022	CHIFNET10NJ071_013515-T1	DBVPG3775_003595-T1
GF00005023	CHIFNET10NJ071_013514-T1	DBVPG3775_003594-T1
GF00005024	CHIFNET10NJ071_009726-T1	DBVPG3775_003593-T1
GF00005025	CHIFNET10NJ071_013512-T1	DBVPG3775_003592-T1
GF00005026	CHIFNET10NJ071_009728-T1	DBVPG3775_003591-T1
GF00005027	CHIFNET10NJ071_013510-T1	DBVPG3775_003590-T1
GF00005028	CHIFNET10NJ071_009731-T1	DBVPG3775_003588-T1
GF00005029	CHIFNET10NJ071_009732-T1	DBVPG3775_003587-T1
GF00005030	CHIFNET10NJ071_009733-T1	DBVPG3775_003586-T1
GF00005031	CHIFNET10NJ071_009734-T1	DBVPG3775_003585-T1
GF00005032	CHIFNET10NJ071_010023-T1	DBVPG3775_003581-T1
GF00005033	CHIFNET10NJ071_010024-T1	DBVPG3775_003580-T1
GF00005034	CHIFNET10NJ071_009740-T1	DBVPG3775_003579-T1
GF00005035	CHIFNET10NJ071_010029-T1	DBVPG3775_003575-T1
GF00005036	CHIFNET10NJ071_010030-T1	DBVPG3775_003574-T1
GF00005037	CHIFNET10NJ071_013372-T1	DBVPG3775_002121-T1
GF00005038	CHIFNET10NJ071_009859-T1	DBVPG3775_002122-T1
GF00005039	CHIFNET10NJ071_013370-T1	DBVPG3775_002123-T1
GF00005040	CHIFNET10NJ071_013369-T1	DBVPG3775_002124-T1
GF00005041	CHIFNET10NJ071_013368-T1	DBVPG3775_002125-T1
GF00005042	CHIFNET10NJ071_013367-T1	DBVPG3775_002126-T1
GF00005043	CHIFNET10NJ071_013843-T1	DBVPG3775_007095-T1
GF00005044	CHIFNET10NJ071_013837-T1	DBVPG3775_007100-T1
GF00005045	CHIFNET10NJ071_009874-T1	DBVPG3775_007104-T1
GF00005046	CHIFNET10NJ071_009938-T1	DBVPG3775_001620-T1
GF00005047	CHIFNET10NJ071_009939-T1	DBVPG3775_001621-T1
GF00005048	CHIFNET10NJ071_009942-T1	DBVPG3775_001624-T1
GF00005049	CHIFNET10NJ071_009943-T1	DBVPG3775_001625-T1
GF00005050	CHIFNET10NJ071_009944-T1	DBVPG3775_001626-T1
GF00005051	CHIFNET10NJ071_009946-T1	DBVPG3775_001628-T1
GF00005052	CHIFNET10NJ071_009949-T1	DBVPG3775_001631-T1
GF00005053	CHIFNET10NJ071_010382-T1	DBVPG3775_001633-T1
GF00005054	CHIFNET10NJ071_010381-T1	DBVPG3775_001634-T1
GF00005055	CHIFNET10NJ071_009953-T1	DBVPG3775_001635-T1
GF00005056	CHIFNET10NJ071_009955-T1	DBVPG3775_001637-T1
GF00005057	CHIFNET10NJ071_009956-T1	DBVPG3775_001638-T1
GF00005058	CHIFNET10NJ071_010376-T1	DBVPG3775_005451-T1
GF00005059	CHIFNET10NJ071_009958-T1	DBVPG3775_005450-T1
GF00005060	CHIFNET10NJ071_009960-T1	DBVPG3775_005448-T1
GF00005061	CHIFNET10NJ071_009961-T1	DBVPG3775_005447-T1
GF00005062	CHIFNET10NJ071_009962-T1	DBVPG3775_005446-T1
GF00005063	CHIFNET10NJ071_009964-T1	DBVPG3775_005444-T1
GF00005064	CHIFNET10NJ071_009965-T1	DBVPG3775_005443-T1
GF00005065	CHIFNET10NJ071_009966-T1	DBVPG3775_005442-T1
GF00005066	CHIFNET10NJ071_009968-T1	DBVPG3775_005440-T1
GF00005067	CHIFNET10NJ071_009969-T1	DBVPG3775_005439-T1
GF00005068	CHIFNET10NJ071_009970-T1	DBVPG3775_005438-T1
GF00005069	CHIFNET10NJ071_010363-T1	DBVPG3775_005437-T1
GF00005070	CHIFNET10NJ071_009974-T1	DBVPG3775_005434-T1
GF00005071	CHIFNET10NJ071_009975-T1	DBVPG3775_005433-T1
GF00005072	CHIFNET10NJ071_013913-T1	DBVPG3775_003231-T1
GF00005073	CHIFNET10NJ071_009983-T1	DBVPG3775_003232-T1
GF00005074	CHIFNET10NJ071_009984-T1	DBVPG3775_003233-T1
GF00005075	CHIFNET10NJ071_013699-T1	DBVPG3775_003235-T1
GF00005076	CHIFNET10NJ071_009988-T1	DBVPG3775_007230-T1
GF00005077	CHIFNET10NJ071_013696-T1	DBVPG3775_007231-T1
GF00005078	CHIFNET10NJ071_009990-T1	DBVPG3775_007232-T1
GF00005079	CHIFNET10NJ071_013693-T1	DBVPG3775_007235-T1
GF00005080	CHIFNET10NJ071_010003-T1	DBVPG3775_007246-T1
GF00005081	CHIFNET10NJ071_010005-T1	DBVPG3775_007248-T1
GF00005082	CHIFNET10NJ071_012257-T1	DBVPG3775_007249-T1
GF00005083	CHIFNET10NJ071_010008-T1	DBVPG3775_007251-T1
GF00005084	CHIFNET10NJ071_010009-T1	DBVPG3775_007252-T1
GF00005085	CHIFNET10NJ071_010010-T1	DBVPG3775_007253-T1
GF00005086	CHIFNET10NJ071_010011-T1	DBVPG3775_007254-T1
GF00005087	CHIFNET10NJ071_012246-T1	DBVPG3775_007255-T1
GF00005088	CHIFNET10NJ071_010014-T1	DBVPG3775_007257-T1
GF00005089	CHIFNET10NJ071_014596-T1	DBVPG3775_007258-T1
GF00005090	CHIFNET10NJ071_010115-T1	DBVPG3775_005728-T1
GF00005091	CHIFNET10NJ071_014312-T1	DBVPG3775_005729-T1
GF00005092	CHIFNET10NJ071_010117-T1	DBVPG3775_005730-T1
GF00005093	CHIFNET10NJ071_010397-T1	DBVPG3775_001341-T1
GF00005094	CHIFNET10NJ071_010182-T1	DBVPG3775_001342-T1
GF00005095	CHIFNET10NJ071_010185-T1	DBVPG3775_001344-T1
GF00005096	CHIFNET10NJ071_010186-T1	DBVPG3775_001345-T1
GF00005097	CHIFNET10NJ071_010187-T1	DBVPG3775_001347-T1
GF00005098	CHIFNET10NJ071_010188-T1	DBVPG3775_001348-T1
GF00005099	CHIFNET10NJ071_010189-T1	DBVPG3775_001349-T1
GF00005100	CHIFNET10NJ071_010407-T1	DBVPG3775_001350-T1
GF00005101	CHIFNET10NJ071_010191-T1	DBVPG3775_001351-T1
GF00005102	CHIFNET10NJ071_010409-T1	DBVPG3775_001352-T1
GF00005103	CHIFNET10NJ071_010193-T1	DBVPG3775_001353-T1
GF00005104	CHIFNET10NJ071_010194-T1	DBVPG3775_001354-T1
GF00005105	CHIFNET10NJ071_010195-T1	DBVPG3775_001355-T1
GF00005106	CHIFNET10NJ071_010414-T1	DBVPG3775_001357-T1
GF00005107	CHIFNET10NJ071_010198-T1	DBVPG3775_001358-T1
GF00005108	CHIFNET10NJ071_010416-T1	DBVPG3775_001359-T1
GF00005109	CHIFNET10NJ071_010417-T1	DBVPG3775_001360-T1
GF00005110	CHIFNET10NJ071_010201-T1	DBVPG3775_001361-T1
GF00005111	CHIFNET10NJ071_010419-T1	DBVPG3775_001362-T1
GF00005112	CHIFNET10NJ071_010420-T1	DBVPG3775_001363-T1
GF00005113	CHIFNET10NJ071_010204-T1	DBVPG3775_001364-T1
GF00005114	CHIFNET10NJ071_010206-T1	DBVPG3775_001366-T1
GF00005115	CHIFNET10NJ071_010425-T1	DBVPG3775_001368-T1
GF00005116	CHIFNET10NJ071_010426-T1	DBVPG3775_001369-T1
GF00005117	CHIFNET10NJ071_010432-T1	DBVPG3775_001375-T1
GF00005118	CHIFNET10NJ071_010250-T1	DBVPG3775_002350-T1
GF00005119	CHIFNET10NJ071_012907-T1	DBVPG3775_002349-T1
GF00005120	CHIFNET10NJ071_010252-T1	DBVPG3775_002348-T1
GF00005121	CHIFNET10NJ071_010253-T1	DBVPG3775_002347-T1
GF00005122	CHIFNET10NJ071_010254-T1	DBVPG3775_002346-T1
GF00005123	CHIFNET10NJ071_012903-T1	DBVPG3775_002345-T1
GF00005124	CHIFNET10NJ071_010256-T1	DBVPG3775_002344-T1
GF00005125	CHIFNET10NJ071_012901-T1	DBVPG3775_002343-T1
GF00005126	CHIFNET10NJ071_012900-T1	DBVPG3775_002342-T1
GF00005127	CHIFNET10NJ071_012899-T1	DBVPG3775_002341-T1
GF00005128	CHIFNET10NJ071_010260-T1	DBVPG3775_002340-T1
GF00005129	CHIFNET10NJ071_010261-T1	DBVPG3775_002339-T1
GF00005130	CHIFNET10NJ071_012895-T1	DBVPG3775_002337-T1
GF00005131	CHIFNET10NJ071_010266-T1	DBVPG3775_002335-T1
GF00005132	CHIFNET10NJ071_010267-T1	DBVPG3775_002334-T1
GF00005133	CHIFNET10NJ071_013200-T1	DBVPG3775_002329-T1
GF00005134	CHIFNET10NJ071_010276-T1	DBVPG3775_002324-T1
GF00005135	CHIFNET10NJ071_010279-T1	DBVPG3775_002322-T1
GF00005136	CHIFNET10NJ071_010281-T1	DBVPG3775_002320-T1
GF00005137	CHIFNET10NJ071_013210-T1	DBVPG3775_002319-T1
GF00005138	CHIFNET10NJ071_013425-T1	DBVPG3775_003467-T1
GF00005139	CHIFNET10NJ071_010582-T1	DBVPG3775_003468-T1
GF00005140	CHIFNET10NJ071_010583-T1	DBVPG3775_003469-T1
GF00005141	CHIFNET10NJ071_010586-T1	DBVPG3775_003472-T1
GF00005142	CHIFNET10NJ071_014543-T1	DBVPG3775_003473-T1
GF00005143	CHIFNET10NJ071_012316-T1	DBVPG3775_000725-T1
GF00005144	CHIFNET10NJ071_010602-T1	DBVPG3775_000724-T1
GF00005145	CHIFNET10NJ071_012318-T1	DBVPG3775_000723-T1
GF00005146	CHIFNET10NJ071_012319-T1	DBVPG3775_000722-T1
GF00005147	CHIFNET10NJ071_010606-T1	DBVPG3775_000720-T1
GF00005148	CHIFNET10NJ071_012322-T1	DBVPG3775_000719-T1
GF00005149	CHIFNET10NJ071_010608-T1	DBVPG3775_000717-T1
GF00005150	CHIFNET10NJ071_012326-T1	DBVPG3775_000715-T1
GF00005151	CHIFNET10NJ071_010611-T1	DBVPG3775_000714-T1
GF00005152	CHIFNET10NJ071_012329-T1	DBVPG3775_000712-T1
GF00005153	CHIFNET10NJ071_010614-T1	DBVPG3775_000711-T1
GF00005154	CHIFNET10NJ071_012331-T1	DBVPG3775_000710-T1
GF00005155	CHIFNET10NJ071_012333-T1	DBVPG3775_000708-T1
GF00005156	CHIFNET10NJ071_010619-T1	DBVPG3775_000707-T1
GF00005157	CHIFNET10NJ071_010621-T1	DBVPG3775_000705-T1
GF00005158	CHIFNET10NJ071_013304-T1	DBVPG3775_000292-T1
GF00005159	CHIFNET10NJ071_013305-T1	DBVPG3775_000291-T1
GF00005160	CHIFNET10NJ071_013306-T1	DBVPG3775_000290-T1
GF00005161	CHIFNET10NJ071_013307-T1	DBVPG3775_000289-T1
GF00005162	CHIFNET10NJ071_010797-T1	DBVPG3775_000286-T1
GF00005163	CHIFNET10NJ071_010798-T1	DBVPG3775_000285-T1
GF00005164	CHIFNET10NJ071_010799-T1	DBVPG3775_000284-T1
GF00005165	CHIFNET10NJ071_010801-T1	DBVPG3775_000281-T1
GF00005166	CHIFNET10NJ071_010802-T1	DBVPG3775_000280-T1
GF00005167	CHIFNET10NJ071_013317-T1	DBVPG3775_000279-T1
GF00005168	CHIFNET10NJ071_013319-T1	DBVPG3775_000277-T1
GF00005169	CHIFNET10NJ071_013320-T1	DBVPG3775_000276-T1
GF00005170	CHIFNET10NJ071_014350-T1	DBVPG3775_000275-T1
GF00005171	CHIFNET10NJ071_010808-T1	DBVPG3775_000274-T1
GF00005172	CHIFNET10NJ071_014348-T1	DBVPG3775_000273-T1
GF00005173	CHIFNET10NJ071_010810-T1	DBVPG3775_000272-T1
GF00005174	CHIFNET10NJ071_013850-T1	DBVPG3775_000267-T1
GF00005175	CHIFNET10NJ071_013849-T1	DBVPG3775_000266-T1
GF00005176	CHIFNET10NJ071_010817-T1	DBVPG3775_000265-T1
GF00005177	CHIFNET10NJ071_010818-T1	DBVPG3775_000264-T1
GF00005178	CHIFNET10NJ071_010820-T1	DBVPG3775_000262-T1
GF00005179	CHIFNET10NJ071_014472-T1	DBVPG3775_006744-T1
GF00005180	CHIFNET10NJ071_014253-T1	DBVPG3775_002534-T1
GF00005181	CHIFNET10NJ071_014252-T1	DBVPG3775_002535-T1
GF00005182	CHIFNET10NJ071_014251-T1	DBVPG3775_002536-T1
GF00005183	CHIFNET10NJ071_010879-T1	DBVPG3775_002537-T1
GF00005184	CHIFNET10NJ071_014249-T1	DBVPG3775_002538-T1
GF00005185	CHIFNET10NJ071_010881-T1	DBVPG3775_002539-T1
GF00005186	CHIFNET10NJ071_012223-T1	DBVPG3775_007201-T1
GF00005187	CHIFNET10NJ071_010948-T1	DBVPG3775_007203-T1
GF00005188	CHIFNET10NJ071_010949-T1	DBVPG3775_007204-T1
GF00005189	CHIFNET10NJ071_010950-T1	DBVPG3775_007205-T1
GF00005190	CHIFNET10NJ071_010951-T1	DBVPG3775_007206-T1
GF00005191	CHIFNET10NJ071_011013-T1	DBVPG3775_006180-T1
GF00005192	CHIFNET10NJ071_011014-T1	DBVPG3775_006179-T1
GF00005193	CHIFNET10NJ071_011018-T1	DBVPG3775_006175-T1
GF00005194	CHIFNET10NJ071_011020-T1	DBVPG3775_006173-T1
GF00005195	CHIFNET10NJ071_011021-T1	DBVPG3775_006172-T1
GF00005196	CHIFNET10NJ071_011022-T1	DBVPG3775_006171-T1
GF00005197	CHIFNET10NJ071_011283-T1	DBVPG3775_006169-T1
GF00005198	CHIFNET10NJ071_011025-T1	DBVPG3775_006168-T1
GF00005199	CHIFNET10NJ071_011026-T1	DBVPG3775_006167-T1
GF00005200	CHIFNET10NJ071_011027-T1	DBVPG3775_006166-T1
GF00005201	CHIFNET10NJ071_011028-T1	DBVPG3775_006165-T1
GF00005202	CHIFNET10NJ071_011029-T1	DBVPG3775_006164-T1
GF00005203	CHIFNET10NJ071_011030-T1	DBVPG3775_006163-T1
GF00005204	CHIFNET10NJ071_011291-T1	DBVPG3775_006160-T1
GF00005205	CHIFNET10NJ071_011292-T1	DBVPG3775_006159-T1
GF00005206	CHIFNET10NJ071_011293-T1	DBVPG3775_006158-T1
GF00005207	CHIFNET10NJ071_011036-T1	DBVPG3775_006157-T1
GF00005208	CHIFNET10NJ071_011037-T1	DBVPG3775_006156-T1
GF00005209	CHIFNET10NJ071_011038-T1	DBVPG3775_006155-T1
GF00005210	CHIFNET10NJ071_011039-T1	DBVPG3775_006154-T1
GF00005211	CHIFNET10NJ071_011042-T1	DBVPG3775_006152-T1
GF00005212	CHIFNET10NJ071_011301-T1	DBVPG3775_006149-T1
GF00005213	CHIFNET10NJ071_011046-T1	DBVPG3775_006148-T1
GF00005214	CHIFNET10NJ071_012384-T1	DBVPG3775_007167-T1
GF00005215	CHIFNET10NJ071_011130-T1	DBVPG3775_007171-T1
GF00005216	CHIFNET10NJ071_011131-T1	DBVPG3775_007172-T1
GF00005217	CHIFNET10NJ071_011132-T1	DBVPG3775_007173-T1
GF00005218	CHIFNET10NJ071_011134-T1	DBVPG3775_007175-T1
GF00005219	CHIFNET10NJ071_011135-T1	DBVPG3775_007176-T1
GF00005220	CHIFNET10NJ071_012394-T1	DBVPG3775_007178-T1
GF00005221	CHIFNET10NJ071_011139-T1	DBVPG3775_007181-T1
GF00005222	CHIFNET10NJ071_011140-T1	DBVPG3775_007182-T1
GF00005223	CHIFNET10NJ071_011141-T1	DBVPG3775_007183-T1
GF00005224	CHIFNET10NJ071_012432-T1	DBVPG3775_007184-T1
GF00005225	CHIFNET10NJ071_011143-T1	DBVPG3775_007185-T1
GF00005226	CHIFNET10NJ071_012434-T1	DBVPG3775_007186-T1
GF00005227	CHIFNET10NJ071_011148-T1	DBVPG3775_007190-T1
GF00005228	CHIFNET10NJ071_012439-T1	DBVPG3775_007191-T1
GF00005229	CHIFNET10NJ071_012440-T1	DBVPG3775_007193-T1
GF00005230	CHIFNET10NJ071_011151-T1	DBVPG3775_007194-T1
GF00005231	CHIFNET10NJ071_011306-T1	DBVPG3775_007195-T1
GF00005232	CHIFNET10NJ071_011153-T1	DBVPG3775_007196-T1
GF00005233	CHIFNET10NJ071_011154-T1	DBVPG3775_007197-T1
GF00005234	CHIFNET10NJ071_011303-T1	DBVPG3775_007198-T1
GF00005235	CHIFNET10NJ071_011867-T1	DBVPG3775_007259-T1
GF00005236	CHIFNET10NJ071_011868-T1	DBVPG3775_007260-T1
GF00005237	CHIFNET10NJ071_011450-T1	DBVPG3775_006146-T1
GF00005238	CHIFNET10NJ071_014279-T1	DBVPG3775_006145-T1
GF00005239	CHIFNET10NJ071_011452-T1	DBVPG3775_006144-T1
GF00005240	CHIFNET10NJ071_011454-T1	DBVPG3775_006141-T1
GF00005241	CHIFNET10NJ071_012062-T1	DBVPG3775_006138-T1
GF00005242	CHIFNET10NJ071_011459-T1	DBVPG3775_006137-T1
GF00005243	CHIFNET10NJ071_012065-T1	DBVPG3775_006132-T1
GF00005244	CHIFNET10NJ071_012066-T1	DBVPG3775_006131-T1
GF00005245	CHIFNET10NJ071_014274-T1	DBVPG3775_007453-T1
GF00005246	CHIFNET10NJ071_014271-T1	DBVPG3775_007450-T1
GF00005247	CHIFNET10NJ071_012714-T1	DBVPG3775_007358-T1
GF00005248	CHIFNET10NJ071_011497-T1	DBVPG3775_007357-T1
GF00005249	CHIFNET10NJ071_012712-T1	DBVPG3775_007356-T1
GF00005250	CHIFNET10NJ071_011530-T1	DBVPG3775_007370-T1
GF00005251	CHIFNET10NJ071_011533-T1	DBVPG3775_007373-T1
GF00005252	CHIFNET10NJ071_011534-T1	DBVPG3775_007374-T1
GF00005253	CHIFNET10NJ071_011537-T1	DBVPG3775_007377-T1
GF00005254	CHIFNET10NJ071_012610-T1	DBVPG3775_007379-T1
GF00005255	CHIFNET10NJ071_012611-T1	DBVPG3775_007380-T1
GF00005256	CHIFNET10NJ071_012612-T1	DBVPG3775_007381-T1
GF00005257	CHIFNET10NJ071_012613-T1	DBVPG3775_007382-T1
GF00005258	CHIFNET10NJ071_011543-T1	DBVPG3775_007383-T1
GF00005259	CHIFNET10NJ071_011544-T1	DBVPG3775_007385-T1
GF00005260	CHIFNET10NJ071_011545-T1	DBVPG3775_007386-T1
GF00005261	CHIFNET10NJ071_012618-T1	DBVPG3775_007387-T1
GF00005262	CHIFNET10NJ071_011548-T1	DBVPG3775_007390-T1
GF00005263	CHIFNET10NJ071_011549-T1	DBVPG3775_007391-T1
GF00005264	CHIFNET10NJ071_011550-T1	DBVPG3775_007392-T1
GF00005265	CHIFNET10NJ071_013799-T1	DBVPG3775_004805-T1
GF00005266	CHIFNET10NJ071_013800-T1	DBVPG3775_004806-T1
GF00005267	CHIFNET10NJ071_011608-T1	DBVPG3775_004807-T1
GF00005268	CHIFNET10NJ071_011612-T1	DBVPG3775_004811-T1
GF00005269	CHIFNET10NJ071_011613-T1	DBVPG3775_004812-T1
GF00005270	CHIFNET10NJ071_011615-T1	DBVPG3775_004814-T1
GF00005271	CHIFNET10NJ071_013613-T1	DBVPG3775_004816-T1
GF00005272	CHIFNET10NJ071_013612-T1	DBVPG3775_004817-T1
GF00005273	CHIFNET10NJ071_011621-T1	DBVPG3775_004820-T1
GF00005274	CHIFNET10NJ071_011622-T1	DBVPG3775_004821-T1
GF00005275	CHIFNET10NJ071_013606-T1	DBVPG3775_004823-T1
GF00005276	CHIFNET10NJ071_013605-T1	DBVPG3775_004824-T1
GF00005277	CHIFNET10NJ071_011626-T1	DBVPG3775_004826-T1
GF00005278	CHIFNET10NJ071_011627-T1	DBVPG3775_004827-T1
GF00005279	CHIFNET10NJ071_013602-T1	DBVPG3775_004828-T1
GF00005280	CHIFNET10NJ071_014495-T1	DBVPG3775_006340-T1
GF00005281	CHIFNET10NJ071_011708-T1	DBVPG3775_003385-T1
GF00005282	CHIFNET10NJ071_011709-T1	DBVPG3775_003384-T1
GF00005283	CHIFNET10NJ071_013399-T1	DBVPG3775_003382-T1
GF00005284	CHIFNET10NJ071_011712-T1	DBVPG3775_003381-T1
GF00005285	CHIFNET10NJ071_011713-T1	DBVPG3775_003380-T1
GF00005286	CHIFNET10NJ071_013393-T1	DBVPG3775_003376-T1
GF00005287	CHIFNET10NJ071_013153-T1	DBVPG3775_004573-T1
GF00005288	CHIFNET10NJ071_011756-T1	DBVPG3775_004574-T1
GF00005289	CHIFNET10NJ071_013158-T1	DBVPG3775_004577-T1
GF00005290	CHIFNET10NJ071_011759-T1	DBVPG3775_004578-T1
GF00005291	CHIFNET10NJ071_011760-T1	DBVPG3775_004579-T1
GF00005292	CHIFNET10NJ071_011761-T1	DBVPG3775_004580-T1
GF00005293	CHIFNET10NJ071_011762-T1	DBVPG3775_004581-T1
GF00005294	CHIFNET10NJ071_011764-T1	DBVPG3775_004583-T1
GF00005295	CHIFNET10NJ071_013923-T1	DBVPG3775_004584-T1
GF00005296	CHIFNET10NJ071_013925-T1	DBVPG3775_004587-T1
GF00005297	CHIFNET10NJ071_011768-T1	DBVPG3775_004588-T1
GF00005298	CHIFNET10NJ071_011769-T1	DBVPG3775_004589-T1
GF00005299	CHIFNET10NJ071_011771-T1	DBVPG3775_004591-T1
GF00005300	CHIFNET10NJ071_011772-T1	DBVPG3775_004592-T1
GF00005301	CHIFNET10NJ071_011845-T1	DBVPG3775_007286-T1
GF00005302	CHIFNET10NJ071_011846-T1	DBVPG3775_007287-T1
GF00005303	CHIFNET10NJ071_011847-T1	DBVPG3775_007288-T1
GF00005304	CHIFNET10NJ071_011848-T1	DBVPG3775_007290-T1
GF00005305	CHIFNET10NJ071_011851-T1	DBVPG3775_007292-T1
GF00005306	CHIFNET10NJ071_011854-T1	DBVPG3775_007295-T1
GF00005307	CHIFNET10NJ071_012021-T1	DBVPG3775_007296-T1
GF00005308	CHIFNET10NJ071_011856-T1	DBVPG3775_007297-T1
GF00005309	CHIFNET10NJ071_012023-T1	DBVPG3775_007298-T1
GF00005310	CHIFNET10NJ071_012024-T1	DBVPG3775_007299-T1
GF00005311	CHIFNET10NJ071_012025-T1	DBVPG3775_007300-T1
GF00005312	CHIFNET10NJ071_012026-T1	DBVPG3775_007301-T1
GF00005313	CHIFNET10NJ071_011861-T1	DBVPG3775_007302-T1
GF00005314	CHIFNET10NJ071_012028-T1	DBVPG3775_007303-T1
GF00005315	CHIFNET10NJ071_011863-T1	DBVPG3775_007304-T1
GF00005316	CHIFNET10NJ071_011864-T1	DBVPG3775_007305-T1
GF00005317	CHIFNET10NJ071_012031-T1	DBVPG3775_007306-T1
GF00005318	CHIFNET10NJ071_012032-T1	DBVPG3775_007307-T1
GF00005319	CHIFNET10NJ071_014473-T1	DBVPG3775_006743-T1
GF00005320	CHIFNET10NJ071_011872-T1	DBVPG3775_006746-T1
GF00005321	CHIFNET10NJ071_011875-T1	DBVPG3775_006749-T1
GF00005322	CHIFNET10NJ071_013870-T1	DBVPG3775_006751-T1
GF00005323	CHIFNET10NJ071_011879-T1	DBVPG3775_006754-T1
GF00005324	CHIFNET10NJ071_011880-T1	DBVPG3775_006755-T1
GF00005325	CHIFNET10NJ071_013865-T1	DBVPG3775_006756-T1
GF00005326	CHIFNET10NJ071_011884-T1	DBVPG3775_006759-T1
GF00005327	CHIFNET10NJ071_011885-T1	DBVPG3775_006760-T1
GF00005328	CHIFNET10NJ071_011886-T1	DBVPG3775_006761-T1
GF00005329	CHIFNET10NJ071_011889-T1	DBVPG3775_006763-T1
GF00005330	CHIFNET10NJ071_012515-T1	DBVPG3775_005045-T1
GF00005331	CHIFNET10NJ071_013014-T1	DBVPG3775_005046-T1
GF00005332	CHIFNET10NJ071_013016-T1	DBVPG3775_005048-T1
GF00005333	CHIFNET10NJ071_013020-T1	DBVPG3775_005052-T1
GF00005334	CHIFNET10NJ071_012522-T1	DBVPG3775_005053-T1
GF00005335	CHIFNET10NJ071_013024-T1	DBVPG3775_005056-T1
GF00005336	CHIFNET10NJ071_013025-T1	DBVPG3775_005057-T1
GF00005337	CHIFNET10NJ071_012527-T1	DBVPG3775_005058-T1
GF00005338	CHIFNET10NJ071_012528-T1	DBVPG3775_005059-T1
GF00005339	CHIFNET10NJ071_013028-T1	DBVPG3775_005060-T1
GF00005340	CHIFNET10NJ071_012530-T1	DBVPG3775_005061-T1
GF00005341	CHIFNET10NJ071_013031-T1	DBVPG3775_005063-T1
GF00005342	CHIFNET10NJ071_013032-T1	DBVPG3775_005064-T1
GF00005343	CHIFNET10NJ071_012666-T1	DBVPG3775_006005-T1
GF00005344	CHIFNET10NJ071_012669-T1	DBVPG3775_006007-T1
GF00005345	CHIFNET10NJ071_012672-T1	DBVPG3775_006010-T1
GF00005346	CHIFNET10NJ071_012673-T1	DBVPG3775_006011-T1
GF00005347	CHIFNET10NJ071_012920-T1	DBVPG3775_006012-T1
GF00005348	CHIFNET10NJ071_012917-T1	DBVPG3775_006016-T1
GF00005349	CHIFNET10NJ071_012679-T1	DBVPG3775_006017-T1
GF00005350	CHIFNET10NJ071_012915-T1	DBVPG3775_006018-T1
GF00005351	CHIFNET10NJ071_012681-T1	DBVPG3775_006019-T1
GF00005352	CHIFNET10NJ071_012685-T1	DBVPG3775_006022-T1
GF00005353	CHIFNET10NJ071_012711-T1	DBVPG3775_007355-T1
GF00005354	CHIFNET10NJ071_014458-T1	DBVPG3775_004198-T1
GF00005355	CHIFNET10NJ071_012766-T1	DBVPG3775_004197-T1
GF00005356	CHIFNET10NJ071_014456-T1	DBVPG3775_004196-T1
GF00005357	CHIFNET10NJ071_012768-T1	DBVPG3775_004195-T1
GF00005358	CHIFNET10NJ071_013734-T1	DBVPG3775_002876-T1
GF00005359	CHIFNET10NJ071_013733-T1	DBVPG3775_002875-T1
GF00005360	CHIFNET10NJ071_012792-T1	DBVPG3775_002874-T1
GF00005361	CHIFNET10NJ071_013731-T1	DBVPG3775_002873-T1
GF00005362	CHIFNET10NJ071_012794-T1	DBVPG3775_002872-T1
GF00005363	CHIFNET10NJ071_012795-T1	DBVPG3775_002871-T1
GF00005364	CHIFNET10NJ071_012796-T1	DBVPG3775_002870-T1
GF00005365	CHIFNET10NJ071_012798-T1	DBVPG3775_002868-T1
GF00005366	CHIFNET10NJ071_012800-T1	DBVPG3775_002865-T1
GF00005367	CHIFNET10NJ071_014144-T1	DBVPG3775_002864-T1
GF00005368	CHIFNET10NJ071_012802-T1	DBVPG3775_002863-T1
GF00005369	CHIFNET10NJ071_012803-T1	DBVPG3775_002862-T1
GF00005370	CHIFNET10NJ071_012804-T1	DBVPG3775_002861-T1
GF00005371	CHIFNET10NJ071_012839-T1	DBVPG3775_003541-T1
GF00005372	CHIFNET10NJ071_014255-T1	DBVPG3775_003543-T1
GF00005373	CHIFNET10NJ071_012843-T1	DBVPG3775_003545-T1
GF00005374	CHIFNET10NJ071_014534-T1	DBVPG3775_003546-T1
GF00005375	CHIFNET10NJ071_012845-T1	DBVPG3775_003547-T1
GF00005376	CHIFNET10NJ071_012928-T1	DBVPG3775_007087-T1
GF00005377	CHIFNET10NJ071_014173-T1	DBVPG3775_007090-T1
GF00005378	CHIFNET10NJ071_012932-T1	DBVPG3775_007091-T1
GF00005379	CHIFNET10NJ071_014548-T1	DBVPG3775_005876-T1
GF00005380	CHIFNET10NJ071_012936-T1	DBVPG3775_005879-T1
GF00005381	CHIFNET10NJ071_014043-T1	DBVPG3775_005880-T1
GF00005382	CHIFNET10NJ071_012938-T1	DBVPG3775_005881-T1
GF00005383	CHIFNET10NJ071_013595-T1	DBVPG3775_006775-T1
GF00005384	CHIFNET10NJ071_013596-T1	DBVPG3775_006772-T1
GF00005385	CHIFNET10NJ071_013005-T1	DBVPG3775_006771-T1
GF00005386	CHIFNET10NJ071_013598-T1	DBVPG3775_006770-T1
GF00005387	CHIFNET10NJ071_013007-T1	DBVPG3775_006769-T1
GF00005388	CHIFNET10NJ071_013008-T1	DBVPG3775_006768-T1
GF00005389	CHIFNET10NJ071_013373-T1	DBVPG3775_006765-T1
GF00005390	CHIFNET10NJ071_013012-T1	DBVPG3775_006764-T1
GF00005391	CHIFNET10NJ071_013038-T1	DBVPG3775_001541-T1
GF00005392	CHIFNET10NJ071_013058-T1	DBVPG3775_001080-T1
GF00005393	CHIFNET10NJ071_013059-T1	DBVPG3775_001079-T1
GF00005394	CHIFNET10NJ071_013097-T1	DBVPG3775_001078-T1
GF00005395	CHIFNET10NJ071_013096-T1	DBVPG3775_001077-T1
GF00005396	CHIFNET10NJ071_013062-T1	DBVPG3775_001076-T1
GF00005397	CHIFNET10NJ071_013094-T1	DBVPG3775_001075-T1
GF00005398	CHIFNET10NJ071_013093-T1	DBVPG3775_001074-T1
GF00005399	CHIFNET10NJ071_013091-T1	DBVPG3775_001072-T1
GF00005400	CHIFNET10NJ071_013090-T1	DBVPG3775_001071-T1
GF00005401	CHIFNET10NJ071_013067-T1	DBVPG3775_001070-T1
GF00005402	CHIFNET10NJ071_013088-T1	DBVPG3775_001069-T1
GF00005403	CHIFNET10NJ071_013069-T1	DBVPG3775_001068-T1
GF00005404	CHIFNET10NJ071_013070-T1	DBVPG3775_001067-T1
GF00005405	CHIFNET10NJ071_013073-T1	DBVPG3775_001064-T1
GF00005406	CHIFNET10NJ071_013074-T1	DBVPG3775_001062-T1
GF00005407	CHIFNET10NJ071_013075-T1	DBVPG3775_001061-T1
GF00005408	CHIFNET10NJ071_013079-T1	DBVPG3775_001060-T1
GF00005409	CHIFNET10NJ071_014539-T1	DBVPG3775_000745-T1
GF00005410	CHIFNET10NJ071_014618-T1	DBVPG3775_000743-T1
GF00005411	CHIFNET10NJ071_013119-T1	DBVPG3775_000742-T1
GF00005412	CHIFNET10NJ071_013433-T1	DBVPG3775_000741-T1
GF00005413	CHIFNET10NJ071_013121-T1	DBVPG3775_000740-T1
GF00005414	CHIFNET10NJ071_013122-T1	DBVPG3775_000739-T1
GF00005415	CHIFNET10NJ071_013437-T1	DBVPG3775_000737-T1
GF00005416	CHIFNET10NJ071_013438-T1	DBVPG3775_000736-T1
GF00005417	CHIFNET10NJ071_013441-T1	DBVPG3775_000732-T1
GF00005418	CHIFNET10NJ071_013442-T1	DBVPG3775_000731-T1
GF00005419	CHIFNET10NJ071_014416-T1	DBVPG3775_002541-T1
GF00005420	CHIFNET10NJ071_013412-T1	DBVPG3775_007334-T1
GF00005421	CHIFNET10NJ071_013414-T1	DBVPG3775_007332-T1
GF00005422	CHIFNET10NJ071_013416-T1	DBVPG3775_007330-T1
GF00005423	CHIFNET10NJ071_013418-T1	DBVPG3775_007328-T1
GF00005424	CHIFNET10NJ071_014288-T1	DBVPG3775_005255-T1
GF00005425	CHIFNET10NJ071_013467-T1	DBVPG3775_005253-T1
GF00005426	CHIFNET10NJ071_013470-T1	DBVPG3775_005249-T1
GF00005427	CHIFNET10NJ071_014163-T1	DBVPG3775_005247-T1
GF00005428	CHIFNET10NJ071_013474-T1	DBVPG3775_005246-T1
GF00005429	CHIFNET10NJ071_014165-T1	DBVPG3775_005245-T1
GF00005430	CHIFNET10NJ071_013477-T1	DBVPG3775_005243-T1
GF00005431	CHIFNET10NJ071_013492-T1	DBVPG3775_001745-T1
GF00005432	CHIFNET10NJ071_014103-T1	DBVPG3775_001746-T1
GF00005433	CHIFNET10NJ071_014499-T1	DBVPG3775_006778-T1
GF00005434	CHIFNET10NJ071_013594-T1	DBVPG3775_006776-T1
GF00005435	CHIFNET10NJ071_013676-T1	DBVPG3775_007503-T1
GF00005436	CHIFNET10NJ071_013677-T1	DBVPG3775_007504-T1
GF00005437	CHIFNET10NJ071_014587-T1	DBVPG3775_007538-T1
GF00005438	CHIFNET10NJ071_013882-T1	DBVPG3775_006542-T1
GF00005439	CHIFNET10NJ071_013876-T1	DBVPG3775_006543-T1
GF00005440	CHIFNET10NJ071_013879-T1	DBVPG3775_006549-T1
GF00005441	CHIFNET10NJ071_014373-T1	DBVPG3775_003227-T1
GF00005442	CHIFNET10NJ071_014374-T1	DBVPG3775_003226-T1
GF00005443	CHIFNET10NJ071_014375-T1	DBVPG3775_003225-T1
GF00005444	CHIFNET10NJ071_014481-T1	DBVPG3775_001749-T1
GF00005445	CHIFNET10NJ071_014480-T1	DBVPG3775_001750-T1
GF00005446	CHIFNET10NJ071_014440-T1	DBVPG3775_006084-T1
GF00005447	CHIFNET10NJ071_014381-T1	DBVPG3775_002354-T1
GF00005448	CHIFNET10NJ071_014380-T1	DBVPG3775_002353-T1
GF00005449	CHIFNET10NJ071_014476-T1	DBVPG3775_007563-T1
GF00005450	CHIFNET10NJ071_014489-T1	DBVPG3775_007558-T1
GF00005451	CHIFNET10NJ071_014588-T1	DBVPG3775_001755-T1
GF00005452	CHIFNET10NJ071_014576-T1	DBVPG3775_001754-T1
GF00005453	CHIFNET10NJ071_014608-T1	DBVPG3775_006695-T1
GF00005454	CHIFNET10NJ071_005904-T1	DBVPG3775_000038-T1
GF00005455	CHIFNET10NJ071_002300-T1	DBVPG3775_000063-T1
GF00005456	CHIFNET10NJ071_008533-T1	DBVPG3775_000421-T1
GF00005457	CHIFNET10NJ071_008571-T1	DBVPG3775_000604-T1
GF00005458	CHIFNET10NJ071_012458-T1	DBVPG3775_001043-T1
GF00005459	CHIFNET10NJ071_002991-T1	DBVPG3775_005668-T1
GF00005460	CHIFNET10NJ071_002771-T1	DBVPG3775_002188-T1
GF00005461	CHIFNET10NJ071_002774-T1	DBVPG3775_002194-T1
GF00005462	CHIFNET10NJ071_013339-T1	DBVPG3775_002380-T1
GF00005463	CHIFNET10NJ071_001229-T1	DBVPG3775_003136-T1
GF00005464	CHIFNET10NJ071_010039-T1	DBVPG3775_003565-T1
GF00005465	CHIFNET10NJ071_009179-T1	DBVPG3775_004735-T1
GF00005466	CHIFNET10NJ071_008046-T1	DBVPG3775_004958-T1
GF00005467	CHIFNET10NJ071_008042-T1	DBVPG3775_004971-T1
GF00005468	CHIFNET10NJ071_003985-T1	DBVPG3775_004994-T1
GF00005469	CHIFNET10NJ071_003554-T1	DBVPG3775_006568-T1
GF00005470	CHIFNET10NJ071_013329-T1	DBVPG3775_007042-T1
GF00005471	CHIFNET10NJ071_013561-T1	DBVPG3775_007419-T1
GF00005472	CHIFNET10NJ071_000521-T1	
GF00005473	CHIFNET10NJ071_011479-T1	DBVPG3775_007459-T1
GF00005474	CHIFNET10NJ071_013157-T1	
GF00005475	CHIFNET10NJ071_000847-T1	DBVPG3775_006508-T1
GF00005476	CHIFNET10NJ071_004224-T1	
GF00005477	CHIFNET10NJ071_001114-T1	DBVPG3775_001214-T1
GF00005478	CHIFNET10NJ071_001326-T1	DBVPG3775_002666-T1
GF00005479	CHIFNET10NJ071_006883-T1	DBVPG3775_006815-T1
GF00005480	CHIFNET10NJ071_001668-T1	DBVPG3775_001538-T1
GF00005481	CHIFNET10NJ071_001714-T1	DBVPG3775_001491-T1
GF00005482	CHIFNET10NJ071_002951-T1	DBVPG3775_005581-T1
GF00005483	CHIFNET10NJ071_002586-T1	
GF00005484	CHIFNET10NJ071_007994-T1	
GF00005485	CHIFNET10NJ071_005476-T1	
GF00005486	CHIFNET10NJ071_005903-T1	
GF00005487	CHIFNET10NJ071_010679-T1	DBVPG3775_001605-T1
GF00005488	CHIFNET10NJ071_006169-T1	
GF00005489	CHIFNET10NJ071_008399-T1	DBVPG3775_002810-T1
GF00005490	CHIFNET10NJ071_006839-T1	DBVPG3775_003416-T1
GF00005491	CHIFNET10NJ071_006977-T1	DBVPG3775_003652-T1
GF00005492	CHIFNET10NJ071_014503-T1	DBVPG3775_005143-T1
GF00005493	CHIFNET10NJ071_012067-T1	
GF00005494	CHIFNET10NJ071_008037-T1	
GF00005495	CHIFNET10NJ071_008219-T1	DBVPG3775_003367-T1
GF00005496	CHIFNET10NJ071_008309-T1	DBVPG3775_005781-T1
GF00005497	CHIFNET10NJ071_008891-T1	
GF00005498	CHIFNET10NJ071_008551-T1	DBVPG3775_000621-T1
GF00005499	CHIFNET10NJ071_009683-T1	
GF00005500	CHIFNET10NJ071_009992-T1	DBVPG3775_007234-T1
GF00005501	CHIFNET10NJ071_014668-T1	
GF00005502	CHIFNET10NJ071_010764-T1	DBVPG3775_004767-T1
GF00005503	CHIFNET10NJ071_010804-T1	
GF00005504	CHIFNET10NJ071_013960-T1	DBVPG3775_004475-T1
GF00005505	CHIFNET10NJ071_012135-T1	DBVPG3775_004254-T1
GF00005506	CHIFNET10NJ071_012255-T1	
GF00005507	CHIFNET10NJ071_012569-T1	
GF00005508	CHIFNET10NJ071_014624-T1	
GF00005509	CHIFNET10NJ071_002251-T1	DBVPG3775_000010-T1
GF00005510	CHIFNET10NJ071_002299-T1	DBVPG3775_000062-T1
GF00005511	CHIFNET10NJ071_005377-T1	DBVPG3775_000097-T1
GF00005512	CHIFNET10NJ071_002626-T1	DBVPG3775_000166-T1
GF00005513	CHIFNET10NJ071_002589-T1	DBVPG3775_000211-T1
GF00005514	CHIFNET10NJ071_002542-T1	DBVPG3775_000256-T1
GF00005515	CHIFNET10NJ071_013313-T1	DBVPG3775_000283-T1
GF00005516	CHIFNET10NJ071_005486-T1	DBVPG3775_000369-T1
GF00005517	CHIFNET10NJ071_005487-T1	DBVPG3775_000370-T1
GF00005518	CHIFNET10NJ071_005494-T1	DBVPG3775_000377-T1
GF00005519	CHIFNET10NJ071_005495-T1	DBVPG3775_000378-T1
GF00005520	CHIFNET10NJ071_005513-T1	DBVPG3775_000397-T1
GF00005521	CHIFNET10NJ071_006775-T1	DBVPG3775_000420-T1
GF00005522	CHIFNET10NJ071_000515-T1	DBVPG3775_000479-T1
GF00005523	CHIFNET10NJ071_000514-T1	DBVPG3775_000480-T1
GF00005524	CHIFNET10NJ071_000513-T1	DBVPG3775_000481-T1
GF00005525	CHIFNET10NJ071_000512-T1	DBVPG3775_000482-T1
GF00005526	CHIFNET10NJ071_000506-T1	DBVPG3775_000488-T1
GF00005527	CHIFNET10NJ071_000502-T1	DBVPG3775_000492-T1
GF00005528	CHIFNET10NJ071_000501-T1	DBVPG3775_000493-T1
GF00005529	CHIFNET10NJ071_000500-T1	DBVPG3775_000494-T1
GF00005530	CHIFNET10NJ071_000499-T1	DBVPG3775_000495-T1
GF00005531	CHIFNET10NJ071_000498-T1	DBVPG3775_000496-T1
GF00005532	CHIFNET10NJ071_011808-T1	DBVPG3775_000522-T1
GF00005533	CHIFNET10NJ071_012057-T1	DBVPG3775_000560-T1
GF00005534	CHIFNET10NJ071_012056-T1	DBVPG3775_000561-T1
GF00005535	CHIFNET10NJ071_012044-T1	DBVPG3775_000573-T1
GF00005536	CHIFNET10NJ071_008572-T1	DBVPG3775_000603-T1
GF00005537	CHIFNET10NJ071_003897-T1	DBVPG3775_000639-T1
GF00005538	CHIFNET10NJ071_012323-T1	DBVPG3775_000718-T1
GF00005539	CHIFNET10NJ071_000279-T1	DBVPG3775_000770-T1
GF00005540	CHIFNET10NJ071_000231-T1	DBVPG3775_000819-T1
GF00005541	CHIFNET10NJ071_000222-T1	DBVPG3775_000827-T1
GF00005542	CHIFNET10NJ071_000179-T1	DBVPG3775_000869-T1
GF00005543	CHIFNET10NJ071_007848-T1	DBVPG3775_000886-T1
GF00005544	CHIFNET10NJ071_007844-T1	DBVPG3775_000890-T1
GF00005545	CHIFNET10NJ071_007828-T1	DBVPG3775_000905-T1
GF00005546	CHIFNET10NJ071_003709-T1	DBVPG3775_000954-T1
GF00005547	CHIFNET10NJ071_004801-T1	DBVPG3775_000968-T1
GF00005548	CHIFNET10NJ071_004800-T1	DBVPG3775_000969-T1
GF00005549	CHIFNET10NJ071_004740-T1	DBVPG3775_001028-T1
GF00005550	CHIFNET10NJ071_004739-T1	DBVPG3775_001029-T1
GF00005551	CHIFNET10NJ071_004738-T1	DBVPG3775_001030-T1
GF00005552	CHIFNET10NJ071_004737-T1	DBVPG3775_001031-T1
GF00005553	CHIFNET10NJ071_004736-T1	DBVPG3775_001032-T1
GF00005554	CHIFNET10NJ071_004735-T1	DBVPG3775_001033-T1
GF00005555	CHIFNET10NJ071_012462-T1	DBVPG3775_001040-T1
GF00005556	CHIFNET10NJ071_013082-T1	DBVPG3775_001063-T1
GF00005557	CHIFNET10NJ071_013092-T1	DBVPG3775_001073-T1
GF00005558	CHIFNET10NJ071_004220-T1	DBVPG3775_001084-T1
GF00005559	CHIFNET10NJ071_001040-T1	DBVPG3775_001141-T1
GF00005560	CHIFNET10NJ071_001075-T1	DBVPG3775_001177-T1
GF00005561	CHIFNET10NJ071_001087-T1	DBVPG3775_001189-T1
GF00005562	CHIFNET10NJ071_001138-T1	DBVPG3775_001237-T1
GF00005563	CHIFNET10NJ071_000009-T1	DBVPG3775_001242-T1
GF00005564	CHIFNET10NJ071_012290-T1	DBVPG3775_001270-T1
GF00005565	CHIFNET10NJ071_007406-T1	DBVPG3775_001285-T1
GF00005566	CHIFNET10NJ071_007405-T1	DBVPG3775_001286-T1
GF00005567	CHIFNET10NJ071_007404-T1	DBVPG3775_001287-T1
GF00005568	CHIFNET10NJ071_007380-T1	DBVPG3775_001310-T1
GF00005569	CHIFNET10NJ071_007376-T1	DBVPG3775_001315-T1
GF00005570	CHIFNET10NJ071_010403-T1	DBVPG3775_001346-T1
GF00005571	CHIFNET10NJ071_010430-T1	DBVPG3775_001373-T1
GF00005572	CHIFNET10NJ071_012590-T1	DBVPG3775_001391-T1
GF00005573	CHIFNET10NJ071_001755-T1	DBVPG3775_001450-T1
GF00005574	CHIFNET10NJ071_001730-T1	DBVPG3775_001477-T1
GF00005575	CHIFNET10NJ071_001713-T1	DBVPG3775_001492-T1
GF00005576	CHIFNET10NJ071_001711-T1	DBVPG3775_001493-T1
GF00005577	CHIFNET10NJ071_001666-T1	DBVPG3775_001540-T1
GF00005578	CHIFNET10NJ071_001649-T1	DBVPG3775_001558-T1
GF00005579	CHIFNET10NJ071_002346-T1	DBVPG3775_001714-T1
GF00005580	CHIFNET10NJ071_001514-T1	DBVPG3775_001757-T1
GF00005581	CHIFNET10NJ071_001523-T1	DBVPG3775_001766-T1
GF00005582	CHIFNET10NJ071_001542-T1	DBVPG3775_001785-T1
GF00005583	CHIFNET10NJ071_001619-T1	DBVPG3775_001860-T1
GF00005584	CHIFNET10NJ071_001640-T1	DBVPG3775_001881-T1
GF00005585	CHIFNET10NJ071_001647-T1	DBVPG3775_001888-T1
GF00005586	CHIFNET10NJ071_008075-T1	DBVPG3775_001905-T1
GF00005587	CHIFNET10NJ071_008113-T1	DBVPG3775_001943-T1
GF00005588	CHIFNET10NJ071_003540-T1	DBVPG3775_001983-T1
GF00005589	CHIFNET10NJ071_002519-T1	DBVPG3775_003942-T1
GF00005590	CHIFNET10NJ071_003474-T1	DBVPG3775_002060-T1
GF00005591	CHIFNET10NJ071_003473-T1	DBVPG3775_002061-T1
GF00005592	CHIFNET10NJ071_011267-T1	DBVPG3775_002070-T1
GF00005593	CHIFNET10NJ071_011264-T1	DBVPG3775_002073-T1
GF00005594	CHIFNET10NJ071_011261-T1	DBVPG3775_002076-T1
GF00005595	CHIFNET10NJ071_011690-T1	DBVPG3775_002102-T1
GF00005596	CHIFNET10NJ071_011698-T1	DBVPG3775_002110-T1
GF00005597	CHIFNET10NJ071_007947-T1	DBVPG3775_002146-T1
GF00005598	CHIFNET10NJ071_004869-T1	DBVPG3775_002208-T1
GF00005599	CHIFNET10NJ071_004865-T1	DBVPG3775_002211-T1
GF00005600	CHIFNET10NJ071_002866-T1	DBVPG3775_002286-T1
GF00005601	CHIFNET10NJ071_010269-T1	DBVPG3775_002332-T1
GF00005602	CHIFNET10NJ071_014382-T1	DBVPG3775_002355-T1
GF00005603	CHIFNET10NJ071_000321-T1	DBVPG3775_002378-T1
GF00005604	CHIFNET10NJ071_000328-T1	DBVPG3775_002384-T1
GF00005605	CHIFNET10NJ071_000347-T1	DBVPG3775_002403-T1
GF00005606	CHIFNET10NJ071_000355-T1	DBVPG3775_002411-T1
GF00005607	CHIFNET10NJ071_000372-T1	DBVPG3775_002428-T1
GF00005608	CHIFNET10NJ071_000456-T1	DBVPG3775_002509-T1
GF00005609	CHIFNET10NJ071_007541-T1	DBVPG3775_002571-T1
GF00005610	CHIFNET10NJ071_007559-T1	DBVPG3775_002590-T1
GF00005611	CHIFNET10NJ071_014452-T1	DBVPG3775_002597-T1
GF00005612	CHIFNET10NJ071_001389-T1	DBVPG3775_002604-T1
GF00005613	CHIFNET10NJ071_001371-T1	DBVPG3775_002622-T1
GF00005614	CHIFNET10NJ071_001293-T1	DBVPG3775_002697-T1
GF00005615	CHIFNET10NJ071_006017-T1	DBVPG3775_002722-T1
GF00005616	CHIFNET10NJ071_006015-T1	DBVPG3775_002724-T1
GF00005617	CHIFNET10NJ071_013260-T1	DBVPG3775_002775-T1
GF00005618	CHIFNET10NJ071_004231-T1	DBVPG3775_002789-T1
GF00005619	CHIFNET10NJ071_004232-T1	DBVPG3775_002790-T1
GF00005620	CHIFNET10NJ071_004236-T1	DBVPG3775_002794-T1
GF00005621	CHIFNET10NJ071_004251-T1	DBVPG3775_002809-T1
GF00005622	CHIFNET10NJ071_004266-T1	DBVPG3775_002826-T1
GF00005623	CHIFNET10NJ071_004293-T1	DBVPG3775_002852-T1
GF00005624	CHIFNET10NJ071_012805-T1	DBVPG3775_002860-T1
GF00005625	CHIFNET10NJ071_014050-T1	DBVPG3775_002877-T1
GF00005626	CHIFNET10NJ071_003167-T1	DBVPG3775_002889-T1
GF00005627	CHIFNET10NJ071_003125-T1	DBVPG3775_002932-T1
GF00005628	CHIFNET10NJ071_003091-T1	DBVPG3775_002966-T1
GF00005629	CHIFNET10NJ071_010903-T1	DBVPG3775_003011-T1
GF00005630	CHIFNET10NJ071_013139-T1	DBVPG3775_003038-T1
GF00005631	CHIFNET10NJ071_001157-T1	DBVPG3775_003062-T1
GF00005632	CHIFNET10NJ071_012186-T1	DBVPG3775_003204-T1
GF00005633	CHIFNET10NJ071_007150-T1	DBVPG3775_003276-T1
GF00005634	CHIFNET10NJ071_013985-T1	DBVPG3775_003314-T1
GF00005635	CHIFNET10NJ071_008213-T1	DBVPG3775_003373-T1
GF00005636	CHIFNET10NJ071_013394-T1	DBVPG3775_003377-T1
GF00005637	CHIFNET10NJ071_010562-T1	DBVPG3775_003446-T1
GF00005638	CHIFNET10NJ071_010563-T1	DBVPG3775_003447-T1
GF00005639	CHIFNET10NJ071_010564-T1	DBVPG3775_003448-T1
GF00005640	CHIFNET10NJ071_010565-T1	DBVPG3775_003449-T1
GF00005641	CHIFNET10NJ071_010566-T1	DBVPG3775_003450-T1
GF00005642	CHIFNET10NJ071_010569-T1	DBVPG3775_003453-T1
GF00005643	CHIFNET10NJ071_010570-T1	DBVPG3775_003454-T1
GF00005644	CHIFNET10NJ071_010571-T1	DBVPG3775_003456-T1
GF00005645	CHIFNET10NJ071_010572-T1	DBVPG3775_003457-T1
GF00005646	CHIFNET10NJ071_010574-T1	DBVPG3775_003459-T1
GF00005647	CHIFNET10NJ071_010579-T1	DBVPG3775_003465-T1
GF00005648	CHIFNET10NJ071_012840-T1	DBVPG3775_003542-T1
GF00005649	CHIFNET10NJ071_012846-T1	DBVPG3775_003548-T1
GF00005650	CHIFNET10NJ071_012847-T1	DBVPG3775_003549-T1
GF00005651	CHIFNET10NJ071_012848-T1	DBVPG3775_003550-T1
GF00005652	CHIFNET10NJ071_012849-T1	DBVPG3775_003551-T1
GF00005653	CHIFNET10NJ071_012850-T1	DBVPG3775_003552-T1
GF00005654	CHIFNET10NJ071_012851-T1	DBVPG3775_003553-T1
GF00005655	CHIFNET10NJ071_012852-T1	DBVPG3775_003554-T1
GF00005656	CHIFNET10NJ071_012853-T1	DBVPG3775_003555-T1
GF00005657	CHIFNET10NJ071_012854-T1	DBVPG3775_003556-T1
GF00005658	CHIFNET10NJ071_010048-T1	DBVPG3775_003557-T1
GF00005659	CHIFNET10NJ071_010047-T1	DBVPG3775_003558-T1
GF00005660	CHIFNET10NJ071_010045-T1	DBVPG3775_003560-T1
GF00005661	CHIFNET10NJ071_010044-T1	DBVPG3775_003561-T1
GF00005662	CHIFNET10NJ071_010043-T1	DBVPG3775_003562-T1
GF00005663	CHIFNET10NJ071_010042-T1	DBVPG3775_003563-T1
GF00005664	CHIFNET10NJ071_010041-T1	DBVPG3775_003564-T1
GF00005665	CHIFNET10NJ071_010038-T1	DBVPG3775_003566-T1
GF00005666	CHIFNET10NJ071_010037-T1	DBVPG3775_003567-T1
GF00005667	CHIFNET10NJ071_010034-T1	DBVPG3775_003570-T1
GF00005668	CHIFNET10NJ071_010033-T1	DBVPG3775_003571-T1
GF00005669	CHIFNET10NJ071_010032-T1	DBVPG3775_003572-T1
GF00005670	CHIFNET10NJ071_010031-T1	DBVPG3775_003573-T1
GF00005671	CHIFNET10NJ071_010027-T1	DBVPG3775_003577-T1
GF00005672	CHIFNET10NJ071_010026-T1	DBVPG3775_003578-T1
GF00005673	CHIFNET10NJ071_006935-T1	DBVPG3775_003609-T1
GF00005674	CHIFNET10NJ071_006957-T1	DBVPG3775_003632-T1
GF00005675	CHIFNET10NJ071_006974-T1	DBVPG3775_003649-T1
GF00005676	CHIFNET10NJ071_006975-T1	DBVPG3775_003650-T1
GF00005677	CHIFNET10NJ071_014325-T1	DBVPG3775_003690-T1
GF00005678	CHIFNET10NJ071_014324-T1	DBVPG3775_003691-T1
GF00005679	CHIFNET10NJ071_002116-T1	DBVPG3775_003699-T1
GF00005680	CHIFNET10NJ071_002175-T1	DBVPG3775_003759-T1
GF00005681	CHIFNET10NJ071_002189-T1	DBVPG3775_003773-T1
GF00005682	CHIFNET10NJ071_002191-T1	DBVPG3775_003775-T1
GF00005683	CHIFNET10NJ071_011064-T1	DBVPG3775_003867-T1
GF00005684	CHIFNET10NJ071_011068-T1	DBVPG3775_003871-T1
GF00005685	CHIFNET10NJ071_009074-T1	DBVPG3775_003997-T1
GF00005686	CHIFNET10NJ071_003205-T1	DBVPG3775_004053-T1
GF00005687	CHIFNET10NJ071_003226-T1	DBVPG3775_004073-T1
GF00005688	CHIFNET10NJ071_008534-T1	DBVPG3775_004135-T1
GF00005689	CHIFNET10NJ071_008542-T1	DBVPG3775_004144-T1
GF00005690	CHIFNET10NJ071_012778-T1	DBVPG3775_004186-T1
GF00005691	CHIFNET10NJ071_012770-T1	DBVPG3775_004194-T1
GF00005692	CHIFNET10NJ071_009586-T1	DBVPG3775_004261-T1
GF00005693	CHIFNET10NJ071_009585-T1	DBVPG3775_004262-T1
GF00005694	CHIFNET10NJ071_008648-T1	DBVPG3775_004310-T1
GF00005695	CHIFNET10NJ071_002757-T1	DBVPG3775_004353-T1
GF00005696	CHIFNET10NJ071_002743-T1	DBVPG3775_004370-T1
GF00005697	CHIFNET10NJ071_002713-T1	DBVPG3775_004398-T1
GF00005698	CHIFNET10NJ071_002695-T1	DBVPG3775_004416-T1
GF00005699	CHIFNET10NJ071_011078-T1	DBVPG3775_004444-T1
GF00005700	CHIFNET10NJ071_011100-T1	DBVPG3775_004466-T1
GF00005701	CHIFNET10NJ071_002648-T1	DBVPG3775_004468-T1
GF00005702	CHIFNET10NJ071_000757-T1	DBVPG3775_004486-T1
GF00005703	CHIFNET10NJ071_000766-T1	DBVPG3775_004494-T1
GF00005704	CHIFNET10NJ071_000767-T1	DBVPG3775_004495-T1
GF00005705	CHIFNET10NJ071_000798-T1	DBVPG3775_004524-T1
GF00005706	CHIFNET10NJ071_000832-T1	DBVPG3775_004557-T1
GF00005707	CHIFNET10NJ071_000834-T1	DBVPG3775_004559-T1
GF00005708	CHIFNET10NJ071_013931-T1	DBVPG3775_004593-T1
GF00005709	CHIFNET10NJ071_004922-T1	DBVPG3775_004625-T1
GF00005710	CHIFNET10NJ071_004924-T1	DBVPG3775_004628-T1
GF00005711	CHIFNET10NJ071_004925-T1	DBVPG3775_004629-T1
GF00005712	CHIFNET10NJ071_004944-T1	DBVPG3775_004648-T1
GF00005713	CHIFNET10NJ071_006168-T1	DBVPG3775_004669-T1
GF00005714	CHIFNET10NJ071_006174-T1	DBVPG3775_004674-T1
GF00005715	CHIFNET10NJ071_014096-T1	DBVPG3775_004689-T1
GF00005716	CHIFNET10NJ071_003737-T1	DBVPG3775_004726-T1
GF00005717	CHIFNET10NJ071_011501-T1	DBVPG3775_004779-T1
GF00005718	CHIFNET10NJ071_003777-T1	DBVPG3775_004780-T1
GF00005719	CHIFNET10NJ071_003781-T1	DBVPG3775_004786-T1
GF00005720	CHIFNET10NJ071_004673-T1	DBVPG3775_004851-T1
GF00005721	CHIFNET10NJ071_004676-T1	DBVPG3775_004854-T1
GF00005722	CHIFNET10NJ071_004725-T1	DBVPG3775_004902-T1
GF00005723	CHIFNET10NJ071_004729-T1	DBVPG3775_004909-T1
GF00005724	CHIFNET10NJ071_006657-T1	DBVPG3775_004934-T1
GF00005725	CHIFNET10NJ071_008058-T1	DBVPG3775_004945-T1
GF00005726	CHIFNET10NJ071_008057-T1	DBVPG3775_004946-T1
GF00005727	CHIFNET10NJ071_008056-T1	DBVPG3775_004948-T1
GF00005728	CHIFNET10NJ071_008055-T1	DBVPG3775_004949-T1
GF00005729	CHIFNET10NJ071_008054-T1	DBVPG3775_004950-T1
GF00005730	CHIFNET10NJ071_008052-T1	DBVPG3775_004952-T1
GF00005731	CHIFNET10NJ071_008051-T1	DBVPG3775_004953-T1
GF00005732	CHIFNET10NJ071_008049-T1	DBVPG3775_004955-T1
GF00005733	CHIFNET10NJ071_008045-T1	DBVPG3775_004967-T1
GF00005734	CHIFNET10NJ071_008043-T1	DBVPG3775_004970-T1
GF00005735	CHIFNET10NJ071_008039-T1	DBVPG3775_004974-T1
GF00005736	CHIFNET10NJ071_008036-T1	DBVPG3775_004975-T1
GF00005737	CHIFNET10NJ071_008035-T1	DBVPG3775_004976-T1
GF00005738	CHIFNET10NJ071_008033-T1	DBVPG3775_004978-T1
GF00005739	CHIFNET10NJ071_008032-T1	DBVPG3775_004979-T1
GF00005740	CHIFNET10NJ071_008029-T1	DBVPG3775_004980-T1
GF00005741	CHIFNET10NJ071_008027-T1	DBVPG3775_004983-T1
GF00005742	CHIFNET10NJ071_008026-T1	DBVPG3775_004984-T1
GF00005743	CHIFNET10NJ071_008025-T1	DBVPG3775_004985-T1
GF00005744	CHIFNET10NJ071_014233-T1	DBVPG3775_004988-T1
GF00005745	CHIFNET10NJ071_014235-T1	DBVPG3775_004990-T1
GF00005746	CHIFNET10NJ071_003989-T1	DBVPG3775_004991-T1
GF00005747	CHIFNET10NJ071_003988-T1	DBVPG3775_004992-T1
GF00005748	CHIFNET10NJ071_003987-T1	DBVPG3775_004993-T1
GF00005749	CHIFNET10NJ071_007567-T1	DBVPG3775_005002-T1
GF00005750	CHIFNET10NJ071_007580-T1	DBVPG3775_005015-T1
GF00005751	CHIFNET10NJ071_004179-T1	DBVPG3775_005090-T1
GF00005752	CHIFNET10NJ071_009224-T1	DBVPG3775_005150-T1
GF00005753	CHIFNET10NJ071_008707-T1	DBVPG3775_005175-T1
GF00005754	CHIFNET10NJ071_008683-T1	DBVPG3775_005201-T1
GF00005755	CHIFNET10NJ071_001803-T1	DBVPG3775_005214-T1
GF00005756	CHIFNET10NJ071_000586-T1	DBVPG3775_005316-T1
GF00005757	CHIFNET10NJ071_000622-T1	DBVPG3775_005352-T1
GF00005758	CHIFNET10NJ071_000623-T1	DBVPG3775_005353-T1
GF00005759	CHIFNET10NJ071_009963-T1	DBVPG3775_005445-T1
GF00005760	CHIFNET10NJ071_000523-T1	DBVPG3775_005454-T1
GF00005761	CHIFNET10NJ071_005441-T1	DBVPG3775_005494-T1
GF00005762	CHIFNET10NJ071_003615-T1	DBVPG3775_005518-T1
GF00005763		DBVPG3775_005544-T1
GF00005764	CHIFNET10NJ071_002920-T1	DBVPG3775_005612-T1
GF00005765	CHIFNET10NJ071_001957-T1	DBVPG3775_005671-T1
GF00005766	CHIFNET10NJ071_004448-T1	DBVPG3775_005808-T1
GF00005767	CHIFNET10NJ071_004490-T1	DBVPG3775_005848-T1
GF00005768	CHIFNET10NJ071_014041-T1	DBVPG3775_005878-T1
GF00005769	CHIFNET10NJ071_005271-T1	DBVPG3775_005935-T1
GF00005770	CHIFNET10NJ071_005270-T1	DBVPG3775_005936-T1
GF00005771	CHIFNET10NJ071_005269-T1	DBVPG3775_005937-T1
GF00005772	CHIFNET10NJ071_012576-T1	DBVPG3775_005950-T1
GF00005773	CHIFNET10NJ071_012575-T1	DBVPG3775_005951-T1
GF00005774	CHIFNET10NJ071_007457-T1	DBVPG3775_005958-T1
GF00005775	CHIFNET10NJ071_008275-T1	DBVPG3775_006034-T1
GF00005776	CHIFNET10NJ071_010066-T1	DBVPG3775_006063-T1
GF00005777	CHIFNET10NJ071_014150-T1	DBVPG3775_006083-T1
GF00005778	CHIFNET10NJ071_010989-T1	DBVPG3775_006098-T1
GF00005779	CHIFNET10NJ071_011002-T1	DBVPG3775_006114-T1
GF00005780	CHIFNET10NJ071_011466-T1	DBVPG3775_006130-T1
GF00005781	CHIFNET10NJ071_011462-T1	DBVPG3775_006134-T1
GF00005782	CHIFNET10NJ071_011461-T1	DBVPG3775_006135-T1
GF00005783	CHIFNET10NJ071_011460-T1	DBVPG3775_006136-T1
GF00005784	CHIFNET10NJ071_014354-T1	DBVPG3775_006190-T1
GF00005785	CHIFNET10NJ071_009452-T1	DBVPG3775_006200-T1
GF00005786	CHIFNET10NJ071_009449-T1	DBVPG3775_006204-T1
GF00005787	CHIFNET10NJ071_004378-T1	DBVPG3775_006271-T1
GF00005788	CHIFNET10NJ071_004377-T1	DBVPG3775_006272-T1
GF00005789	CHIFNET10NJ071_004376-T1	DBVPG3775_006273-T1
GF00005790	CHIFNET10NJ071_004375-T1	DBVPG3775_006274-T1
GF00005791	CHIFNET10NJ071_004374-T1	DBVPG3775_006275-T1
GF00005792	CHIFNET10NJ071_004371-T1	DBVPG3775_006278-T1
GF00005793	CHIFNET10NJ071_004370-T1	DBVPG3775_006279-T1
GF00005794	CHIFNET10NJ071_004049-T1	DBVPG3775_006280-T1
GF00005795	CHIFNET10NJ071_004056-T1	DBVPG3775_006287-T1
GF00005796	CHIFNET10NJ071_003835-T1	DBVPG3775_006502-T1
GF00005797	CHIFNET10NJ071_010232-T1	DBVPG3775_006526-T1
GF00005798	CHIFNET10NJ071_010246-T1	DBVPG3775_006540-T1
GF00005799	CHIFNET10NJ071_013885-T1	DBVPG3775_006546-T1
GF00005800	CHIFNET10NJ071_002998-T1	DBVPG3775_006685-T1
GF00005801	CHIFNET10NJ071_011882-T1	DBVPG3775_006757-T1
GF00005802	CHIFNET10NJ071_013003-T1	DBVPG3775_006774-T1
GF00005803	CHIFNET10NJ071_014500-T1	DBVPG3775_006777-T1
GF00005804	CHIFNET10NJ071_008602-T1	DBVPG3775_006790-T1
GF00005805	CHIFNET10NJ071_008620-T1	DBVPG3775_006808-T1
GF00005806	CHIFNET10NJ071_011432-T1	DBVPG3775_006837-T1
GF00005807	CHIFNET10NJ071_011443-T1	DBVPG3775_006848-T1
GF00005808	CHIFNET10NJ071_006907-T1	DBVPG3775_006877-T1
GF00005809	CHIFNET10NJ071_002889-T1	DBVPG3775_006901-T1
GF00005810	CHIFNET10NJ071_011753-T1	DBVPG3775_006902-T1
GF00005811	CHIFNET10NJ071_011737-T1	DBVPG3775_006918-T1
GF00005812	CHIFNET10NJ071_013328-T1	DBVPG3775_007041-T1
GF00005813	CHIFNET10NJ071_013338-T1	DBVPG3775_007050-T1
GF00005814	CHIFNET10NJ071_009216-T1	DBVPG3775_007129-T1
GF00005815	CHIFNET10NJ071_009201-T1	DBVPG3775_007144-T1
GF00005816	CHIFNET10NJ071_011125-T1	DBVPG3775_007166-T1
GF00005817	CHIFNET10NJ071_011129-T1	DBVPG3775_007170-T1
GF00005818	CHIFNET10NJ071_010963-T1	DBVPG3775_007218-T1
GF00005819	CHIFNET10NJ071_011410-T1	DBVPG3775_007271-T1
GF00005820	CHIFNET10NJ071_011414-T1	DBVPG3775_007275-T1
GF00005821	CHIFNET10NJ071_002237-T1	DBVPG3775_007323-T1
GF00005822	CHIFNET10NJ071_002238-T1	DBVPG3775_007325-T1
GF00005823	CHIFNET10NJ071_002894-T1	DBVPG3775_007348-T1
GF00005824	CHIFNET10NJ071_012709-T1	DBVPG3775_007353-T1
GF00005825	CHIFNET10NJ071_012717-T1	DBVPG3775_007361-T1
GF00005826	CHIFNET10NJ071_012615-T1	DBVPG3775_007384-T1
GF00005827	CHIFNET10NJ071_006681-T1	DBVPG3775_007403-T1
GF00005828	CHIFNET10NJ071_013560-T1	DBVPG3775_007420-T1
GF00005829	CHIFNET10NJ071_011482-T1	DBVPG3775_007456-T1
GF00005830	CHIFNET10NJ071_011481-T1	DBVPG3775_007457-T1
GF00005831	CHIFNET10NJ071_011480-T1	DBVPG3775_007458-T1
GF00005832	CHIFNET10NJ071_011478-T1	DBVPG3775_007460-T1
GF00005833	CHIFNET10NJ071_011476-T1	DBVPG3775_007462-T1
GF00005834	CHIFNET10NJ071_006553-T1	DBVPG3775_007466-T1
GF00005835	CHIFNET10NJ071_007494-T1	DBVPG3775_007481-T1
GF00005836	CHIFNET10NJ071_007505-T1	DBVPG3775_007523-T1
GF00005837	CHIFNET10NJ071_014557-T1	DBVPG3775_007527-T1
GF00005838	CHIFNET10NJ071_014604-T1	DBVPG3775_007529-T1
GF00005839	CHIFNET10NJ071_014490-T1	DBVPG3775_007557-T1
GF00005840	CHIFNET10NJ071_014561-T1	DBVPG3775_007560-T1
GF00005841	CHIFNET10NJ071_009896-T1	DBVPG3775_007572-T1
GF00005842	CHIFNET10NJ071_014559-T1	DBVPG3775_007585-T1
GF00005843	CHIFNET10NJ071_014687-T1	DBVPG3775_007592-T1
GF00005844	CHIFNET10NJ071_000376-T1	
GF00005845	CHIFNET10NJ071_008041-T1	
GF00005846	CHIFNET10NJ071_001393-T1	
GF00005847	CHIFNET10NJ071_008892-T1	
GF00005848	CHIFNET10NJ071_014568-T1	
GF00005849		DBVPG3775_006657-T1
GF00005850		DBVPG3775_006237-T1
GF00005851	CHIFNET10NJ071_008859-T1	
GF00005852		DBVPG3775_007177-T1
GF00005853	CHIFNET10NJ071_006074-T1	
GF00005854		DBVPG3775_005543-T1
GF00005855		DBVPG3775_001572-T1
GF00005856	CHIFNET10NJ071_014731-T1	
GF00005857	CHIFNET10NJ071_007539-T1	
GF00005858		DBVPG3775_007394-T1
GF00005859		DBVPG3775_005616-T1
GF00005860		DBVPG3775_007565-T1
GF00005861		DBVPG3775_006781-T1
GF00005862	CHIFNET10NJ071_006774-T1	
GF00005863	CHIFNET10NJ071_011773-T1	
GF00005864	CHIFNET10NJ071_014309-T1	
GF00005865	CHIFNET10NJ071_008393-T1	
GF00005866	CHIFNET10NJ071_014649-T1	
GF00005867	CHIFNET10NJ071_006318-T1	
GF00005868	CHIFNET10NJ071_014752-T1	
GF00005869	CHIFNET10NJ071_004481-T1	
GF00005870		DBVPG3775_005542-T1
GF00005871		DBVPG3775_004825-T1
GF00005872	CHIFNET10NJ071_014565-T1	
GF00005873	CHIFNET10NJ071_013880-T1	
GF00005874		DBVPG3775_007564-T1
GF00005875	CHIFNET10NJ071_014715-T1	
GF00005876		DBVPG3775_004664-T1
GF00005877		DBVPG3775_001268-T1
GF00005878		DBVPG3775_006570-T1
GF00005879		DBVPG3775_005803-T1
GF00005880		DBVPG3775_000148-T1
GF00005881	CHIFNET10NJ071_000815-T1	
GF00005882	CHIFNET10NJ071_005724-T1	
GF00005883		DBVPG3775_001328-T1
GF00005884	CHIFNET10NJ071_012891-T1	
GF00005885		DBVPG3775_006574-T1
GF00005886	CHIFNET10NJ071_002988-T1	
GF00005887		DBVPG3775_005763-T1
GF00005888		DBVPG3775_002331-T1
GF00005889		DBVPG3775_004910-T1
GF00005890	CHIFNET10NJ071_014688-T1	
GF00005891	CHIFNET10NJ071_014237-T1	
GF00005892	CHIFNET10NJ071_014092-T1	
GF00005893		DBVPG3775_004981-T1
GF00005894	CHIFNET10NJ071_012409-T1	
GF00005895		DBVPG3775_000209-T1
GF00005896		DBVPG3775_001150-T1
GF00005897		DBVPG3775_004336-T1
GF00005898	CHIFNET10NJ071_014418-T1	
GF00005899		DBVPG3775_000809-T1
GF00005900	CHIFNET10NJ071_014555-T1	
GF00005901	CHIFNET10NJ071_007695-T1	
GF00005902		DBVPG3775_006869-T1
GF00005903		DBVPG3775_000540-T1
GF00005904	CHIFNET10NJ071_005493-T1	
GF00005905		DBVPG3775_000210-T1
GF00005906	CHIFNET10NJ071_014556-T1	
GF00005907	CHIFNET10NJ071_000520-T1	
GF00005908		DBVPG3775_006881-T1
GF00005909	CHIFNET10NJ071_012069-T1	
GF00005910		DBVPG3775_006863-T1
GF00005911	CHIFNET10NJ071_005921-T1	
GF00005912	CHIFNET10NJ071_010858-T1	
GF00005913		DBVPG3775_004954-T1
GF00005914		DBVPG3775_001257-T1
GF00005915		DBVPG3775_003940-T1
GF00005916	CHIFNET10NJ071_001489-T1	
GF00005917	CHIFNET10NJ071_008010-T1	
GF00005918	CHIFNET10NJ071_005905-T1	
GF00005919		DBVPG3775_005764-T1
GF00005920	CHIFNET10NJ071_000671-T1	
GF00005921	CHIFNET10NJ071_002199-T1	
GF00005922		DBVPG3775_005525-T1
GF00005923	CHIFNET10NJ071_012264-T1	
GF00005924		DBVPG3775_006724-T1
GF00005925		DBVPG3775_005646-T1
GF00005926		DBVPG3775_007463-T1
GF00005927	CHIFNET10NJ071_012144-T1	
GF00005928		DBVPG3775_004238-T1
GF00005929	CHIFNET10NJ071_009271-T1	
GF00005930	CHIFNET10NJ071_012252-T1	
GF00005931		DBVPG3775_004987-T1
GF00005932	CHIFNET10NJ071_014638-T1	
GF00005933	CHIFNET10NJ071_014310-T1	
GF00005934		DBVPG3775_002041-T1
GF00005935	CHIFNET10NJ071_014238-T1	
GF00005936	CHIFNET10NJ071_014723-T1	
GF00005937	CHIFNET10NJ071_010248-T1	
GF00005938	CHIFNET10NJ071_011947-T1	
GF00005939		DBVPG3775_006885-T1
GF00005940		DBVPG3775_005765-T1
GF00005941		DBVPG3775_004912-T1
GF00005942		DBVPG3775_007528-T1
GF00005943	CHIFNET10NJ071_014749-T1	
GF00005944	CHIFNET10NJ071_004369-T1	
GF00005945	CHIFNET10NJ071_014232-T1	
GF00005946	CHIFNET10NJ071_012070-T1	
GF00005947	CHIFNET10NJ071_001096-T1	
GF00005948		DBVPG3775_006201-T1
GF00005949	CHIFNET10NJ071_014694-T1	
GF00005950		DBVPG3775_001253-T1
GF00005951	CHIFNET10NJ071_001434-T1	
GF00005952	CHIFNET10NJ071_006843-T1	
GF00005953	CHIFNET10NJ071_005186-T1	
GF00005954	CHIFNET10NJ071_012084-T1	
GF00005955		DBVPG3775_001259-T1
GF00005956	CHIFNET10NJ071_014719-T1	
GF00005957	CHIFNET10NJ071_004335-T1	
GF00005958		DBVPG3775_003188-T1
GF00005959	CHIFNET10NJ071_006904-T1	
GF00005960		DBVPG3775_000206-T1
GF00005961		DBVPG3775_005456-T1
GF00005962	CHIFNET10NJ071_014465-T1	
GF00005963	CHIFNET10NJ071_007593-T1	
GF00005964	CHIFNET10NJ071_010718-T1	
GF00005965		DBVPG3775_004781-T1
GF00005966		DBVPG3775_007526-T1
GF00005967	CHIFNET10NJ071_009269-T1	
GF00005968	CHIFNET10NJ071_014308-T1	
GF00005969		DBVPG3775_001267-T1
GF00005970		DBVPG3775_004911-T1
GF00005971	CHIFNET10NJ071_008336-T1	
GF00005972		DBVPG3775_003462-T1
GF00005973	CHIFNET10NJ071_007868-T1	
GF00005974	CHIFNET10NJ071_002714-T1	
GF00005975	CHIFNET10NJ071_007234-T1	
GF00005976		DBVPG3775_006119-T1
GF00005977	CHIFNET10NJ071_004333-T1	
GF00005978		DBVPG3775_006231-T1
GF00005979		DBVPG3775_005537-T1
GF00005980		DBVPG3775_003119-T1
GF00005981	CHIFNET10NJ071_014741-T1	
GF00005982	CHIFNET10NJ071_009270-T1	
GF00005983	CHIFNET10NJ071_007382-T1	
GF00005984		DBVPG3775_004906-T1
GF00005985		DBVPG3775_000536-T1
GF00005986	CHIFNET10NJ071_011729-T1	
GF00005987	CHIFNET10NJ071_009684-T1	
GF00005988	CHIFNET10NJ071_004412-T1	
GF00005989	CHIFNET10NJ071_012383-T1	
GF00005990		DBVPG3775_000371-T1
GF00005991		DBVPG3775_003420-T1
GF00005992	CHIFNET10NJ071_005130-T1	
GF00005993	CHIFNET10NJ071_003117-T1	
GF00005994		DBVPG3775_002040-T1
GF00005995	CHIFNET10NJ071_006231-T1	
GF00005996	CHIFNET10NJ071_003963-T1	
GF00005997	CHIFNET10NJ071_005099-T1	
GF00005998	CHIFNET10NJ071_012572-T1	
GF00005999		DBVPG3775_000503-T1
GF00006000	CHIFNET10NJ071_012419-T1	
GF00006001		DBVPG3775_004973-T1
GF00006002		DBVPG3775_001096-T1
GF00006003	CHIFNET10NJ071_014716-T1	
GF00006004		DBVPG3775_005535-T1
GF00006005		DBVPG3775_001520-T1
GF00006006		DBVPG3775_007324-T1
GF00006007		DBVPG3775_004986-T1
GF00006008	CHIFNET10NJ071_002079-T1	
GF00006009		DBVPG3775_004243-T1
GF00006010	CHIFNET10NJ071_008050-T1	
GF00006011		DBVPG3775_006651-T1
GF00006012	CHIFNET10NJ071_008381-T1	
GF00006013		DBVPG3775_006565-T1
GF00006014	CHIFNET10NJ071_014745-T1	
GF00006015	CHIFNET10NJ071_001009-T1	
GF00006016	CHIFNET10NJ071_014522-T1	
GF00006017		DBVPG3775_001263-T1
GF00006018	CHIFNET10NJ071_010754-T1	
GF00006019	CHIFNET10NJ071_012068-T1	
GF00006020	CHIFNET10NJ071_002071-T1	
GF00006021	CHIFNET10NJ071_014594-T1	
GF00006022	CHIFNET10NJ071_014736-T1	
GF00006023	CHIFNET10NJ071_009593-T1	
GF00006024	CHIFNET10NJ071_010300-T1	
GF00006025		DBVPG3775_005539-T1
GF00006026		DBVPG3775_004907-T1
GF00006027	CHIFNET10NJ071_003257-T1	
GF00006028		DBVPG3775_006024-T1
GF00006029		DBVPG3775_006234-T1
GF00006030		DBVPG3775_001525-T1
GF00006031		DBVPG3775_000602-T1
GF00006032	CHIFNET10NJ071_002452-T1	
GF00006033	CHIFNET10NJ071_001490-T1	
GF00006034	CHIFNET10NJ071_003648-T1	
GF00006035		DBVPG3775_000278-T1
GF00006036	CHIFNET10NJ071_014502-T1	
GF00006037	CHIFNET10NJ071_013922-T1	
GF00006038		DBVPG3775_001261-T1
GF00006039		DBVPG3775_006230-T1
GF00006040	CHIFNET10NJ071_013564-T1	
GF00006041	CHIFNET10NJ071_009936-T1	
GF00006042		DBVPG3775_004964-T1
GF00006043	CHIFNET10NJ071_005304-T1	
GF00006044		DBVPG3775_002903-T1
GF00006045		DBVPG3775_006566-T1
GF00006046		DBVPG3775_006750-T1
GF00006047		DBVPG3775_005536-T1
GF00006048		DBVPG3775_001265-T1
GF00006049		DBVPG3775_004733-T1
GF00006050		DBVPG3775_007314-T1
GF00006051		DBVPG3775_000096-T1
GF00006052		DBVPG3775_007586-T1
GF00006053	CHIFNET10NJ071_004176-T1	
GF00006054	CHIFNET10NJ071_008858-T1	
GF00006055	CHIFNET10NJ071_014701-T1	
GF00006056		DBVPG3775_005984-T1
GF00006057	CHIFNET10NJ071_002093-T1	
GF00006058	CHIFNET10NJ071_007288-T1	
GF00006059	CHIFNET10NJ071_011821-T1	
GF00006060		DBVPG3775_005538-T1
GF00006061		DBVPG3775_006572-T1
GF00006062	CHIFNET10NJ071_001316-T1	
GF00006063	CHIFNET10NJ071_014748-T1	
GF00006064		DBVPG3775_004343-T1
GF00006065		DBVPG3775_006569-T1
GF00006066	CHIFNET10NJ071_012599-T1	
GF00006067	CHIFNET10NJ071_011744-T1	
GF00006068		DBVPG3775_001262-T1
GF00006069		DBVPG3775_004709-T1
GF00006070	CHIFNET10NJ071_011328-T1	
GF00006071	CHIFNET10NJ071_014231-T1	
GF00006072		DBVPG3775_001258-T1
GF00006073		DBVPG3775_005977-T1
GF00006074		DBVPG3775_006903-T1
GF00006075	CHIFNET10NJ071_014074-T1	
GF00006076		DBVPG3775_004246-T1
GF00006077		DBVPG3775_007094-T1
GF00006078		DBVPG3775_004947-T1
GF00006079	CHIFNET10NJ071_004332-T1	
GF00006080	CHIFNET10NJ071_014717-T1	
GF00006081	CHIFNET10NJ071_014647-T1	
GF00006082	CHIFNET10NJ071_002001-T1	
GF00006083	CHIFNET10NJ071_008040-T1	
GF00006084	CHIFNET10NJ071_014704-T1	
GF00006085	CHIFNET10NJ071_005902-T1	
GF00006086	CHIFNET10NJ071_013675-T1	
GF00006087	CHIFNET10NJ071_005917-T1	
GF00006088	CHIFNET10NJ071_008011-T1	
GF00006089	CHIFNET10NJ071_002242-T1	
GF00006090	CHIFNET10NJ071_010361-T1	
GF00006091	CHIFNET10NJ071_008031-T1	
GF00006092	CHIFNET10NJ071_011684-T1	
GF00006093	CHIFNET10NJ071_014664-T1	
GF00006094	CHIFNET10NJ071_004334-T1	
GF00006095		DBVPG3775_006625-T1
GF00006096		DBVPG3775_002047-T1
GF00006097	CHIFNET10NJ071_014711-T1	
GF00006098		DBVPG3775_005725-T1
GF00006099		DBVPG3775_000037-T1
GF00006100		DBVPG3775_006929-T1
GF00006101		DBVPG3775_001756-T1
GF00006102		DBVPG3775_002325-T1
GF00006103	CHIFNET10NJ071_002000-T1	
GF00006104	CHIFNET10NJ071_014729-T1	
GF00006105		DBVPG3775_007576-T1
GF00006106	CHIFNET10NJ071_014355-T1	
GF00006107		DBVPG3775_004908-T1
GF00006108		DBVPG3775_006571-T1
GF00006109	CHIFNET10NJ071_014517-T1	
GF00006110		DBVPG3775_006575-T1
GF00006111		DBVPG3775_005300-T1
GF00006112	CHIFNET10NJ071_014742-T1	
GF00006113		DBVPG3775_007587-T1
GF00006114	CHIFNET10NJ071_007363-T1	
GF00006115		DBVPG3775_007507-T1
GF00006116		DBVPG3775_004352-T1
GF00006117	CHIFNET10NJ071_014750-T1	
GF00006118	CHIFNET10NJ071_003550-T1	
GF00006119		DBVPG3775_001831-T1
GF00006120	CHIFNET10NJ071_014732-T1	
GF00006121	CHIFNET10NJ071_006901-T1	
GF00006122		DBVPG3775_006773-T1
GF00006123	CHIFNET10NJ071_012073-T1	
GF00006124		DBVPG3775_007505-T1
GF00006125	CHIFNET10NJ071_013471-T1	
GF00006126	CHIFNET10NJ071_014393-T1	
GF00006127		DBVPG3775_006337-T1
GF00006128		DBVPG3775_006653-T1
GF00006129	CHIFNET10NJ071_005007-T1	
GF00006130		DBVPG3775_006338-T1
GF00006131		DBVPG3775_003455-T1
GF00006132	CHIFNET10NJ071_007967-T1	
GF00006133	CHIFNET10NJ071_007235-T1	
GF00006134		DBVPG3775_000204-T1
GF00006135	CHIFNET10NJ071_007323-T1	
GF00006136	CHIFNET10NJ071_005916-T1	
GF00006137		DBVPG3775_005778-T1
GF00006138		DBVPG3775_007289-T1
GF00006139		DBVPG3775_002192-T1
GF00006140	CHIFNET10NJ071_014582-T1	
GF00006141	CHIFNET10NJ071_012744-T1	
GF00006142	CHIFNET10NJ071_007204-T1	
GF00006143	CHIFNET10NJ071_002064-T1	
GF00006144	CHIFNET10NJ071_004692-T1	
GF00006145		DBVPG3775_004969-T1
GF00006146	CHIFNET10NJ071_002228-T1	
GF00006147		DBVPG3775_006023-T1
GF00006148	CHIFNET10NJ071_002067-T1	
GF00006149	CHIFNET10NJ071_013114-T1	
GF00006150	CHIFNET10NJ071_014744-T1	
GF00006151	CHIFNET10NJ071_000977-T1	
GF00006152	CHIFNET10NJ071_012420-T1	
GF00006153		DBVPG3775_001252-T1
GF00006154	CHIFNET10NJ071_004734-T1	
GF00006155		DBVPG3775_004351-T1
GF00006156	CHIFNET10NJ071_001712-T1	
GF00006157	CHIFNET10NJ071_008840-T1	
GF00006158	CHIFNET10NJ071_012574-T1	
GF00006159	CHIFNET10NJ071_008421-T1	
GF00006160		DBVPG3775_004576-T1
GF00006161	CHIFNET10NJ071_005395-T1	
GF00006162	CHIFNET10NJ071_008119-T1	
GF00006163		DBVPG3775_002432-T1
GF00006164		DBVPG3775_005296-T1
GF00006165		DBVPG3775_000473-T1
GF00006166	CHIFNET10NJ071_009700-T1	
GF00006167	CHIFNET10NJ071_007124-T1	
GF00006168	CHIFNET10NJ071_014629-T1	
GF00006169		DBVPG3775_007601-T1
GF00006170	CHIFNET10NJ071_012570-T1	
GF00006171	CHIFNET10NJ071_006317-T1	
GF00006172		DBVPG3775_006780-T1
GF00006173	CHIFNET10NJ071_006540-T1	
GF00006174	CHIFNET10NJ071_003043-T1	
GF00006175	CHIFNET10NJ071_014743-T1	
GF00006176	CHIFNET10NJ071_012571-T1	
GF00006177	CHIFNET10NJ071_003219-T1	
GF00006178	CHIFNET10NJ071_003668-T1	
GF00006179		DBVPG3775_001260-T1
GF00006180		DBVPG3775_006833-T1
GF00006181		DBVPG3775_000205-T1
GF00006182	CHIFNET10NJ071_009747-T1	
GF00006183	CHIFNET10NJ071_002108-T1	
GF00006184		DBVPG3775_006650-T1
GF00006185		DBVPG3775_001243-T1
GF00006186	CHIFNET10NJ071_002524-T1	
GF00006187	CHIFNET10NJ071_014189-T1	
GF00006188	CHIFNET10NJ071_008983-T1	
GF00006189		DBVPG3775_006779-T1
GF00006190	CHIFNET10NJ071_000772-T1	
GF00006191		DBVPG3775_000203-T1
GF00006192		DBVPG3775_005528-T1
GF00006193		DBVPG3775_007192-T1
GF00006194	CHIFNET10NJ071_001011-T1	
GF00006195		DBVPG3775_005198-T1
GF00006196	CHIFNET10NJ071_014692-T1	
GF00006197	CHIFNET10NJ071_008337-T1	
GF00006198	CHIFNET10NJ071_006189-T1	
GF00006199		DBVPG3775_006189-T1
GF00006200		DBVPG3775_001254-T1
GF00006201		DBVPG3775_000734-T1
GF00006202	CHIFNET10NJ071_010857-T1	
GF00006203		DBVPG3775_004541-T1
GF00006204		DBVPG3775_007583-T1
GF00006205	CHIFNET10NJ071_014730-T1	
GF00006206	CHIFNET10NJ071_008030-T1	
GF00006207		DBVPG3775_001753-T1
GF00006208		DBVPG3775_006079-T1
GF00006209	CHIFNET10NJ071_013321-T1	
GF00006210		DBVPG3775_005293-T1
GF00006211	CHIFNET10NJ071_014684-T1	
GF00006212	CHIFNET10NJ071_008557-T1	
GF00006213	CHIFNET10NJ071_011185-T1	
GF00006214	CHIFNET10NJ071_014178-T1	
GF00006215	CHIFNET10NJ071_000440-T1	
GF00006216		DBVPG3775_005195-T1
GF00006217		DBVPG3775_002048-T1
