	Rhodotorula_mucilaginosa_TFCN_152A-1.cds.fa	Rhodotorula_mucilaginosa_DBVPG_3775.cds.fa
GF00000001	TFCN152A1_002234-T1	DBVPG3775_001425-T1
GF00000002	TFCN152A1_005987-T1	DBVPG3775_004132-T1
GF00000003	TFCN152A1_005816-T1	DBVPG3775_001973-T1
GF00000004	TFCN152A1_009196-T1	DBVPG3775_005716-T1
GF00000005	TFCN152A1_002386-T1	DBVPG3775_002963-T1
GF00000006	TFCN152A1_009319-T1	DBVPG3775_006827-T1
GF00000007	TFCN152A1_004174-T1	DBVPG3775_002003-T1
GF00000008	TFCN152A1_003144-T1	DBVPG3775_006246-T1
GF00000009	TFCN152A1_002201-T1	DBVPG3775_006573-T1
GF00000010	TFCN152A1_002357-T1	DBVPG3775_005585-T1
GF00000011	TFCN152A1_009755-T1	DBVPG3775_003581-T1
GF00000012	TFCN152A1_012565-T1	DBVPG3775_000220-T1
GF00000013	TFCN152A1_012059-T1	DBVPG3775_000780-T1
GF00000014	TFCN152A1_008122-T1	DBVPG3775_000902-T1
GF00000015	TFCN152A1_003290-T1	DBVPG3775_000926-T1
GF00000016	TFCN152A1_002298-T1	DBVPG3775_001370-T1
GF00000017	TFCN152A1_010913-T1	DBVPG3775_004041-T1
GF00000018	TFCN152A1_011797-T1	DBVPG3775_003249-T1
GF00000019	TFCN152A1_009219-T1	DBVPG3775_002916-T1
GF00000020	TFCN152A1_003445-T1	DBVPG3775_003781-T1
GF00000021	TFCN152A1_003293-T1	DBVPG3775_001426-T1
GF00000022	TFCN152A1_006728-T1	DBVPG3775_006220-T1
GF00000023	TFCN152A1_009252-T1	DBVPG3775_005206-T1
GF00000024	TFCN152A1_004634-T1	DBVPG3775_006565-T1
GF00000025	TFCN152A1_008902-T1	DBVPG3775_006961-T1
GF00000026	TFCN152A1_002878-T1	DBVPG3775_001688-T1
GF00000027	TFCN152A1_006773-T1	DBVPG3775_007326-T1
GF00000028	TFCN152A1_004445-T1	DBVPG3775_002812-T1
GF00000029	TFCN152A1_010509-T1	DBVPG3775_004856-T1
GF00000030	TFCN152A1_006818-T1	DBVPG3775_004622-T1
GF00000031	TFCN152A1_010975-T1	DBVPG3775_005960-T1
GF00000032	TFCN152A1_000917-T1	DBVPG3775_004138-T1
GF00000033	TFCN152A1_009158-T1	DBVPG3775_000606-T1
GF00000034	TFCN152A1_004746-T1	DBVPG3775_003794-T1
GF00000035	TFCN152A1_007505-T1	DBVPG3775_005693-T1
GF00000036	TFCN152A1_003628-T1	DBVPG3775_000357-T1
GF00000037	TFCN152A1_009866-T1	DBVPG3775_002328-T1
GF00000038	TFCN152A1_005661-T1	DBVPG3775_002211-T1
GF00000039	TFCN152A1_010691-T1	DBVPG3775_000924-T1
GF00000040	TFCN152A1_008098-T1	DBVPG3775_003313-T1
GF00000041	TFCN152A1_007845-T1	DBVPG3775_003326-T1
GF00000042	TFCN152A1_002235-T1	DBVPG3775_007022-T1
GF00000043	TFCN152A1_004313-T1	DBVPG3775_001418-T1
GF00000044	TFCN152A1_002351-T1	DBVPG3775_005578-T1
GF00000045	TFCN152A1_005730-T1	DBVPG3775_004721-T1
GF00000046	TFCN152A1_010046-T1	DBVPG3775_001897-T1
GF00000047	TFCN152A1_008607-T1	DBVPG3775_001088-T1
GF00000048	TFCN152A1_011678-T1	DBVPG3775_004632-T1
GF00000049	TFCN152A1_008994-T1	DBVPG3775_004141-T1
GF00000050	TFCN152A1_006196-T1	DBVPG3775_004521-T1
GF00000051	TFCN152A1_006217-T1	DBVPG3775_001251-T1
GF00000052	TFCN152A1_010473-T1	DBVPG3775_000170-T1
GF00000053	TFCN152A1_003046-T1	DBVPG3775_002218-T1
GF00000054	TFCN152A1_001641-T1	DBVPG3775_000466-T1
GF00000055	TFCN152A1_005562-T1	DBVPG3775_006911-T1
GF00000056	TFCN152A1_004211-T1	DBVPG3775_001451-T1
GF00000057	TFCN152A1_007551-T1	DBVPG3775_001834-T1
GF00000058	TFCN152A1_007346-T1	DBVPG3775_007132-T1
GF00000059	TFCN152A1_004801-T1	DBVPG3775_000387-T1
GF00000060	TFCN152A1_007646-T1	DBVPG3775_002941-T1
GF00000061	TFCN152A1_002075-T1	DBVPG3775_005752-T1
GF00000062	TFCN152A1_002193-T1	DBVPG3775_003881-T1
GF00000063	TFCN152A1_002380-T1	DBVPG3775_002046-T1
GF00000064	TFCN152A1_010872-T1	DBVPG3775_003172-T1
GF00000065	TFCN152A1_010127-T1	DBVPG3775_006345-T1
GF00000066	TFCN152A1_011154-T1	DBVPG3775_000993-T1
GF00000067	TFCN152A1_003543-T1	DBVPG3775_007226-T1
GF00000068	TFCN152A1_008957-T1	DBVPG3775_003261-T1
GF00000069	TFCN152A1_000014-T1	DBVPG3775_001065-T1
GF00000070	TFCN152A1_008170-T1	DBVPG3775_006241-T1
GF00000071	TFCN152A1_000290-T1	DBVPG3775_003328-T1
GF00000072	TFCN152A1_000598-T1	DBVPG3775_003730-T1
GF00000073	TFCN152A1_008582-T1	DBVPG3775_000946-T1
GF00000074	TFCN152A1_004968-T1	DBVPG3775_002706-T1
GF00000075	TFCN152A1_006745-T1	DBVPG3775_000026-T1
GF00000076	TFCN152A1_001425-T1	DBVPG3775_003162-T1
GF00000077	TFCN152A1_002957-T1	DBVPG3775_000191-T1
GF00000078	TFCN152A1_003017-T1	DBVPG3775_000257-T1
GF00000079	TFCN152A1_004764-T1	DBVPG3775_005736-T1
GF00000080	TFCN152A1_001344-T1	DBVPG3775_005080-T1
GF00000081	TFCN152A1_005731-T1	DBVPG3775_004768-T1
GF00000082	TFCN152A1_000267-T1	DBVPG3775_004308-T1
GF00000083	TFCN152A1_000304-T1	DBVPG3775_001962-T1
GF00000084	TFCN152A1_012112-T1	DBVPG3775_006818-T1
GF00000085	TFCN152A1_003529-T1	DBVPG3775_000842-T1
GF00000086	TFCN152A1_001285-T1	DBVPG3775_001025-T1
GF00000087	TFCN152A1_001427-T1	DBVPG3775_006416-T1
GF00000088	TFCN152A1_004827-T1	DBVPG3775_000916-T1
GF00000089	TFCN152A1_006153-T1	DBVPG3775_007270-T1
GF00000090	TFCN152A1_010611-T1	DBVPG3775_004805-T1
GF00000091	TFCN152A1_010935-T1	DBVPG3775_003742-T1
GF00000092	TFCN152A1_000680-T1	DBVPG3775_003785-T1
GF00000093	TFCN152A1_000653-T1	DBVPG3775_003792-T1
GF00000094	TFCN152A1_000193-T1	DBVPG3775_004080-T1
GF00000095	TFCN152A1_006739-T1	DBVPG3775_004335-T1
GF00000096	TFCN152A1_001693-T1	DBVPG3775_000527-T1
GF00000097	TFCN152A1_007717-T1	DBVPG3775_002257-T1
GF00000098	TFCN152A1_009211-T1	DBVPG3775_003520-T1
GF00000099	TFCN152A1_003480-T1	DBVPG3775_000792-T1
GF00000100	TFCN152A1_005497-T1	DBVPG3775_003686-T1
GF00000101	TFCN152A1_010592-T1	DBVPG3775_002526-T1
GF00000102	TFCN152A1_004476-T1	DBVPG3775_002226-T1
GF00000103	TFCN152A1_010856-T1	DBVPG3775_005324-T1
GF00000104	TFCN152A1_010385-T1	DBVPG3775_002579-T1
GF00000105	TFCN152A1_005621-T1	DBVPG3775_002159-T1
GF00000106	TFCN152A1_004293-T1	DBVPG3775_004880-T1
GF00000107	TFCN152A1_001303-T1	DBVPG3775_005603-T1
GF00000108	TFCN152A1_011254-T1	DBVPG3775_004520-T1
GF00000109	TFCN152A1_009875-T1	DBVPG3775_002338-T1
GF00000110	TFCN152A1_004302-T1	DBVPG3775_001404-T1
GF00000111	TFCN152A1_004535-T1	DBVPG3775_007249-T1
GF00000112	TFCN152A1_000042-T1	DBVPG3775_005081-T1
GF00000113	TFCN152A1_000235-T1	DBVPG3775_004340-T1
GF00000114	TFCN152A1_000320-T1	DBVPG3775_001104-T1
GF00000115	TFCN152A1_010736-T1	DBVPG3775_006977-T1
GF00000116	TFCN152A1_000429-T1	DBVPG3775_001230-T1
GF00000117	TFCN152A1_010614-T1	DBVPG3775_001255-T1
GF00000118	TFCN152A1_007610-T1	DBVPG3775_006485-T1
GF00000119	TFCN152A1_004618-T1	DBVPG3775_006584-T1
GF00000120	TFCN152A1_001064-T1	DBVPG3775_001020-T1
GF00000121	TFCN152A1_001087-T1	DBVPG3775_001902-T1
GF00000122	TFCN152A1_011430-T1	DBVPG3775_000721-T1
GF00000123	TFCN152A1_008912-T1	DBVPG3775_006948-T1
GF00000124	TFCN152A1_004595-T1	DBVPG3775_003544-T1
GF00000125	TFCN152A1_002088-T1	DBVPG3775_005157-T1
GF00000126	TFCN152A1_010117-T1	DBVPG3775_006357-T1
GF00000127	TFCN152A1_007453-T1	DBVPG3775_004386-T1
GF00000128	TFCN152A1_002884-T1	DBVPG3775_001677-T1
GF00000129	TFCN152A1_003028-T1	DBVPG3775_000270-T1
GF00000130	TFCN152A1_009179-T1	DBVPG3775_005690-T1
GF00000131	TFCN152A1_005042-T1	DBVPG3775_005751-T1
GF00000132	TFCN152A1_003957-T1	DBVPG3775_006210-T1
GF00000133	TFCN152A1_006860-T1	DBVPG3775_004760-T1
GF00000134	TFCN152A1_011739-T1	DBVPG3775_004502-T1
GF00000135	TFCN152A1_004782-T1	DBVPG3775_005753-T1
GF00000136	TFCN152A1_008451-T1	DBVPG3775_002575-T1
GF00000137	TFCN152A1_005093-T1	DBVPG3775_003607-T1
GF00000138	TFCN152A1_011445-T1	DBVPG3775_000368-T1
GF00000139	TFCN152A1_008777-T1	DBVPG3775_004097-T1
GF00000140	TFCN152A1_007520-T1	DBVPG3775_006016-T1
GF00000141	TFCN152A1_002837-T1	DBVPG3775_006420-T1
GF00000142	TFCN152A1_003875-T1	DBVPG3775_001728-T1
GF00000143	TFCN152A1_000762-T1	DBVPG3775_003741-T1
GF00000144	TFCN152A1_001922-T1	DBVPG3775_005295-T1
GF00000145	TFCN152A1_001323-T1	DBVPG3775_000818-T1
GF00000146	TFCN152A1_001748-T1	DBVPG3775_000082-T1
GF00000147	TFCN152A1_002879-T1	DBVPG3775_001671-T1
GF00000148	TFCN152A1_000955-T1	DBVPG3775_004181-T1
GF00000149	TFCN152A1_005599-T1	DBVPG3775_007379-T1
GF00000150	TFCN152A1_004936-T1	DBVPG3775_002435-T1
GF00000151	TFCN152A1_005704-T1	DBVPG3775_003877-T1
GF00000152	TFCN152A1_006896-T1	DBVPG3775_004717-T1
GF00000153	TFCN152A1_001757-T1	DBVPG3775_000091-T1
GF00000154	TFCN152A1_001809-T1	DBVPG3775_000153-T1
GF00000155	TFCN152A1_001827-T1	DBVPG3775_000176-T1
GF00000156	TFCN152A1_006684-T1	DBVPG3775_005884-T1
GF00000157	TFCN152A1_002295-T1	DBVPG3775_001376-T1
GF00000158	TFCN152A1_007985-T1	DBVPG3775_001367-T1
GF00000159	TFCN152A1_003594-T1	DBVPG3775_000399-T1
GF00000160	TFCN152A1_004368-T1	DBVPG3775_001479-T1
GF00000161	TFCN152A1_006202-T1	DBVPG3775_004515-T1
GF00000162	TFCN152A1_012086-T1	DBVPG3775_002326-T1
GF00000163	TFCN152A1_008433-T1	DBVPG3775_002592-T1
GF00000164	TFCN152A1_012846-T1	DBVPG3775_003273-T1
GF00000165	TFCN152A1_000041-T1	DBVPG3775_002336-T1
GF00000166	TFCN152A1_000065-T1	DBVPG3775_005109-T1
GF00000167	TFCN152A1_002488-T1	DBVPG3775_006031-T1
GF00000168	TFCN152A1_007819-T1	DBVPG3775_000439-T1
GF00000169	TFCN152A1_008622-T1	DBVPG3775_004556-T1
GF00000170	TFCN152A1_002217-T1	DBVPG3775_002965-T1
GF00000171	TFCN152A1_000717-T1	DBVPG3775_001266-T1
GF00000172	TFCN152A1_003474-T1	DBVPG3775_004424-T1
GF00000173	TFCN152A1_000474-T1	DBVPG3775_001292-T1
GF00000174	TFCN152A1_005824-T1	DBVPG3775_004989-T1
GF00000175	TFCN152A1_006663-T1	DBVPG3775_007483-T1
GF00000176	TFCN152A1_000633-T1	DBVPG3775_003767-T1
GF00000177	TFCN152A1_000556-T1	DBVPG3775_005038-T1
GF00000178	TFCN152A1_012037-T1	DBVPG3775_001993-T1
GF00000179	TFCN152A1_000668-T1	DBVPG3775_001329-T1
GF00000180	TFCN152A1_000922-T1	DBVPG3775_004731-T1
GF00000181	TFCN152A1_012014-T1	DBVPG3775_007442-T1
GF00000182	TFCN152A1_013150-T1	DBVPG3775_007575-T1
GF00000183	TFCN152A1_011262-T1	DBVPG3775_003861-T1
GF00000184	TFCN152A1_001073-T1	DBVPG3775_000179-T1
GF00000185	TFCN152A1_009658-T1	DBVPG3775_006673-T1
GF00000186	TFCN152A1_001167-T1	DBVPG3775_003496-T1
GF00000187	TFCN152A1_002036-T1	DBVPG3775_006388-T1
GF00000188	TFCN152A1_011225-T1	DBVPG3775_007423-T1
GF00000189	TFCN152A1_005850-T1	DBVPG3775_000814-T1
GF00000190	TFCN152A1_002160-T1	DBVPG3775_006439-T1
GF00000191	TFCN152A1_004453-T1	DBVPG3775_005546-T1
GF00000192	TFCN152A1_004345-T1	DBVPG3775_001452-T1
GF00000193	TFCN152A1_009026-T1	DBVPG3775_006576-T1
GF00000194	TFCN152A1_011886-T1	DBVPG3775_006806-T1
GF00000195	TFCN152A1_008005-T1	DBVPG3775_001341-T1
GF00000196	TFCN152A1_002324-T1	DBVPG3775_005668-T1
GF00000197	TFCN152A1_012901-T1	DBVPG3775_006454-T1
GF00000198	TFCN152A1_006257-T1	DBVPG3775_006993-T1
GF00000199	TFCN152A1_007438-T1	DBVPG3775_004402-T1
GF00000200	TFCN152A1_007705-T1	DBVPG3775_002271-T1
GF00000201	TFCN152A1_012933-T1	DBVPG3775_003643-T1
GF00000202	TFCN152A1_006891-T1	DBVPG3775_004722-T1
GF00000203	TFCN152A1_013000-T1	DBVPG3775_007093-T1
GF00000204	TFCN152A1_005217-T1	DBVPG3775_001961-T1
GF00000205	TFCN152A1_007349-T1	DBVPG3775_004681-T1
GF00000206	TFCN152A1_007686-T1	DBVPG3775_002291-T1
GF00000207	TFCN152A1_009816-T1	DBVPG3775_000632-T1
GF00000208	TFCN152A1_010876-T1	DBVPG3775_007241-T1
GF00000209	TFCN152A1_011650-T1	DBVPG3775_003229-T1
GF00000210	TFCN152A1_011993-T1	DBVPG3775_001832-T1
GF00000211	TFCN152A1_010979-T1	DBVPG3775_006133-T1
GF00000212	TFCN152A1_005779-T1	DBVPG3775_006611-T1
GF00000213	TFCN152A1_009482-T1	DBVPG3775_001529-T1
GF00000214	TFCN152A1_009932-T1	DBVPG3775_003255-T1
GF00000215	TFCN152A1_010018-T1	DBVPG3775_004253-T1
GF00000216	TFCN152A1_008028-T1	DBVPG3775_003051-T1
GF00000217	TFCN152A1_001499-T1	DBVPG3775_003066-T1
GF00000218	TFCN152A1_001475-T1	DBVPG3775_003072-T1
GF00000219	TFCN152A1_000097-T1	DBVPG3775_002196-T1
GF00000220	TFCN152A1_007498-T1	DBVPG3775_005987-T1
GF00000221	TFCN152A1_000292-T1	DBVPG3775_004275-T1
GF00000222	TFCN152A1_000301-T1	DBVPG3775_001081-T1
GF00000223	TFCN152A1_004653-T1	DBVPG3775_002532-T1
GF00000224	TFCN152A1_000332-T1	DBVPG3775_005847-T1
GF00000225	TFCN152A1_000340-T1	DBVPG3775_006076-T1
GF00000226	TFCN152A1_000341-T1	DBVPG3775_000953-T1
GF00000227	TFCN152A1_003701-T1	DBVPG3775_005023-T1
GF00000228	TFCN152A1_007483-T1	DBVPG3775_005970-T1
GF00000229	TFCN152A1_000595-T1	DBVPG3775_003726-T1
GF00000230	TFCN152A1_009543-T1	DBVPG3775_006686-T1
GF00000231	TFCN152A1_008700-T1	DBVPG3775_004118-T1
GF00000232	TFCN152A1_007788-T1	DBVPG3775_000475-T1
GF00000233	TFCN152A1_004043-T1	DBVPG3775_001045-T1
GF00000234	TFCN152A1_007019-T1	DBVPG3775_001056-T1
GF00000235	TFCN152A1_007841-T1	DBVPG3775_003537-T1
GF00000236	TFCN152A1_007827-T1	DBVPG3775_006548-T1
GF00000237	TFCN152A1_012440-T1	DBVPG3775_007427-T1
GF00000238	TFCN152A1_009946-T1	DBVPG3775_003466-T1
GF00000239	TFCN152A1_008636-T1	DBVPG3775_003841-T1
GF00000240	TFCN152A1_003213-T1	DBVPG3775_003677-T1
GF00000241	TFCN152A1_001280-T1	DBVPG3775_000757-T1
GF00000242	TFCN152A1_005103-T1	DBVPG3775_002822-T1
GF00000243	TFCN152A1_002185-T1	DBVPG3775_003007-T1
GF00000244	TFCN152A1_008881-T1	DBVPG3775_005938-T1
GF00000245	TFCN152A1_002749-T1	DBVPG3775_006965-T1
GF00000246	TFCN152A1_011296-T1	DBVPG3775_000562-T1
GF00000247	TFCN152A1_003439-T1	DBVPG3775_004461-T1
GF00000248	TFCN152A1_003389-T1	DBVPG3775_003302-T1
GF00000249	TFCN152A1_007625-T1	DBVPG3775_006501-T1
GF00000250	TFCN152A1_009255-T1	DBVPG3775_004376-T1
GF00000251	TFCN152A1_007978-T1	DBVPG3775_001380-T1
GF00000252	TFCN152A1_011910-T1	DBVPG3775_001743-T1
GF00000253	TFCN152A1_006232-T1	DBVPG3775_007547-T1
GF00000254	TFCN152A1_002918-T1	DBVPG3775_001718-T1
GF00000255	TFCN152A1_006584-T1	DBVPG3775_001719-T1
GF00000256	TFCN152A1_003027-T1	DBVPG3775_000268-T1
GF00000257	TFCN152A1_006296-T1	DBVPG3775_002736-T1
GF00000258	TFCN152A1_008996-T1	DBVPG3775_003422-T1
GF00000259	TFCN152A1_011059-T1	DBVPG3775_000966-T1
GF00000260	TFCN152A1_008572-T1	DBVPG3775_003407-T1
GF00000261	TFCN152A1_003984-T1	DBVPG3775_006176-T1
GF00000262	TFCN152A1_011662-T1	DBVPG3775_007208-T1
GF00000263	TFCN152A1_007366-T1	DBVPG3775_004659-T1
GF00000264	TFCN152A1_011529-T1	DBVPG3775_007167-T1
GF00000265	TFCN152A1_009316-T1	DBVPG3775_003865-T1
GF00000266	TFCN152A1_007709-T1	DBVPG3775_002266-T1
GF00000267	TFCN152A1_006462-T1	DBVPG3775_002838-T1
GF00000268	TFCN152A1_004361-T1	DBVPG3775_002690-T1
GF00000269	TFCN152A1_004954-T1	DBVPG3775_000591-T1
GF00000270	TFCN152A1_011595-T1	DBVPG3775_005534-T1
GF00000271	TFCN152A1_006402-T1	DBVPG3775_005533-T1
GF00000272	TFCN152A1_008134-T1	DBVPG3775_001991-T1
GF00000273	TFCN152A1_007696-T1	DBVPG3775_002280-T1
GF00000274	TFCN152A1_012693-T1	DBVPG3775_000695-T1
GF00000275	TFCN152A1_006881-T1	DBVPG3775_004735-T1
GF00000276	TFCN152A1_005708-T1	DBVPG3775_004738-T1
GF00000277	TFCN152A1_005904-T1	DBVPG3775_000571-T1
GF00000278	TFCN152A1_013100-T1	DBVPG3775_005876-T1
GF00000279	TFCN152A1_008128-T1	DBVPG3775_002624-T1
GF00000280	TFCN152A1_006304-T1	DBVPG3775_002745-T1
GF00000281	TFCN152A1_006512-T1	DBVPG3775_002523-T1
GF00000282	TFCN152A1_010683-T1	DBVPG3775_001549-T1
GF00000283	TFCN152A1_008066-T1	DBVPG3775_003282-T1
GF00000284	TFCN152A1_008139-T1	DBVPG3775_002610-T1
GF00000285	TFCN152A1_008792-T1	DBVPG3775_000730-T1
GF00000286	TFCN152A1_011968-T1	DBVPG3775_006749-T1
GF00000287	TFCN152A1_012649-T1	DBVPG3775_000703-T1
GF00000288	TFCN152A1_000095-T1	DBVPG3775_005145-T1
GF00000289	TFCN152A1_006777-T1	DBVPG3775_007318-T1
GF00000290	TFCN152A1_000273-T1	
GF00000291	TFCN152A1_000321-T1	DBVPG3775_001105-T1
GF00000292	TFCN152A1_009476-T1	DBVPG3775_003315-T1
GF00000293	TFCN152A1_000394-T1	DBVPG3775_001191-T1
GF00000294	TFCN152A1_005257-T1	DBVPG3775_002006-T1
GF00000295	TFCN152A1_003754-T1	DBVPG3775_004960-T1
GF00000296	TFCN152A1_012516-T1	DBVPG3775_002869-T1
GF00000297	TFCN152A1_000577-T1	DBVPG3775_005791-T1
GF00000298	TFCN152A1_010449-T1	DBVPG3775_003709-T1
GF00000299	TFCN152A1_000614-T1	DBVPG3775_003746-T1
GF00000300	TFCN152A1_004734-T1	DBVPG3775_000759-T1
GF00000301	TFCN152A1_004741-T1	DBVPG3775_003789-T1
GF00000302	TFCN152A1_006346-T1	DBVPG3775_001795-T1
GF00000303	TFCN152A1_000887-T1	DBVPG3775_007059-T1
GF00000304	TFCN152A1_007025-T1	DBVPG3775_001049-T1
GF00000305	TFCN152A1_007860-T1	DBVPG3775_005857-T1
GF00000306	TFCN152A1_001123-T1	DBVPG3775_003223-T1
GF00000307	TFCN152A1_006396-T1	DBVPG3775_003362-T1
GF00000308	TFCN152A1_012063-T1	DBVPG3775_000775-T1
GF00000309	TFCN152A1_002684-T1	DBVPG3775_002402-T1
GF00000310	TFCN152A1_001402-T1	DBVPG3775_003179-T1
GF00000311	TFCN152A1_012712-T1	DBVPG3775_006278-T1
GF00000312	TFCN152A1_001428-T1	DBVPG3775_006418-T1
GF00000313	TFCN152A1_006608-T1	DBVPG3775_006263-T1
GF00000314	TFCN152A1_011337-T1	DBVPG3775_000433-T1
GF00000315	TFCN152A1_012108-T1	DBVPG3775_002488-T1
GF00000316	TFCN152A1_004962-T1	DBVPG3775_007574-T1
GF00000317	TFCN152A1_008623-T1	DBVPG3775_004558-T1
GF00000318	TFCN152A1_001803-T1	DBVPG3775_000144-T1
GF00000319	TFCN152A1_001859-T1	DBVPG3775_005472-T1
GF00000320	TFCN152A1_001907-T1	DBVPG3775_005278-T1
GF00000321	TFCN152A1_009294-T1	DBVPG3775_003965-T1
GF00000322	TFCN152A1_009469-T1	DBVPG3775_003306-T1
GF00000323	TFCN152A1_006110-T1	DBVPG3775_001760-T1
GF00000324	TFCN152A1_011109-T1	DBVPG3775_004828-T1
GF00000325	TFCN152A1_007631-T1	DBVPG3775_002925-T1
GF00000326	TFCN152A1_011454-T1	DBVPG3775_002917-T1
GF00000327	TFCN152A1_011476-T1	DBVPG3775_000027-T1
GF00000328	TFCN152A1_002333-T1	DBVPG3775_005555-T1
GF00000329	TFCN152A1_010411-T1	DBVPG3775_000831-T1
GF00000330	TFCN152A1_003067-T1	DBVPG3775_003820-T1
GF00000331	TFCN152A1_010033-T1	DBVPG3775_004878-T1
GF00000332	TFCN152A1_007408-T1	DBVPG3775_003589-T1
GF00000333	TFCN152A1_010657-T1	DBVPG3775_003646-T1
GF00000334	TFCN152A1_006829-T1	DBVPG3775_004672-T1
GF00000335	TFCN152A1_005286-T1	DBVPG3775_004421-T1
GF00000336	TFCN152A1_003613-T1	DBVPG3775_000376-T1
GF00000337	TFCN152A1_005636-T1	DBVPG3775_002180-T1
GF00000338	TFCN152A1_008439-T1	DBVPG3775_002585-T1
GF00000339	TFCN152A1_005088-T1	DBVPG3775_002840-T1
GF00000340	TFCN152A1_010281-T1	DBVPG3775_005383-T1
GF00000341	TFCN152A1_005804-T1	DBVPG3775_007522-T1
GF00000342	TFCN152A1_006306-T1	DBVPG3775_002751-T1
GF00000343	TFCN152A1_006309-T1	DBVPG3775_002756-T1
GF00000344	TFCN152A1_004569-T1	DBVPG3775_003215-T1
GF00000345	TFCN152A1_004592-T1	DBVPG3775_003187-T1
GF00000346	TFCN152A1_004646-T1	DBVPG3775_003045-T1
GF00000347	TFCN152A1_004905-T1	DBVPG3775_000649-T1
GF00000348	TFCN152A1_011111-T1	DBVPG3775_002256-T1
GF00000349	TFCN152A1_006137-T1	DBVPG3775_005643-T1
GF00000350	TFCN152A1_007519-T1	DBVPG3775_006014-T1
GF00000351	TFCN152A1_006413-T1	DBVPG3775_003343-T1
GF00000352	TFCN152A1_006543-T1	DBVPG3775_006519-T1
GF00000353	TFCN152A1_006574-T1	DBVPG3775_006942-T1
GF00000354	TFCN152A1_007454-T1	DBVPG3775_004384-T1
GF00000355	TFCN152A1_008141-T1	DBVPG3775_002606-T1
GF00000356	TFCN152A1_012914-T1	DBVPG3775_006856-T1
GF00000357	TFCN152A1_010318-T1	DBVPG3775_000733-T1
GF00000358	TFCN152A1_012490-T1	DBVPG3775_006896-T1
GF00000359	TFCN152A1_010617-T1	DBVPG3775_004813-T1
GF00000360	TFCN152A1_013056-T1	DBVPG3775_007561-T1
GF00000361	TFCN152A1_000015-T1	DBVPG3775_005051-T1
GF00000362	TFCN152A1_001508-T1	DBVPG3775_005054-T1
GF00000363	TFCN152A1_000029-T1	DBVPG3775_005065-T1
GF00000364	TFCN152A1_000055-T1	DBVPG3775_005098-T1
GF00000365	TFCN152A1_000071-T1	DBVPG3775_000263-T1
GF00000366	TFCN152A1_001568-T1	DBVPG3775_005122-T1
GF00000367	TFCN152A1_001575-T1	DBVPG3775_005129-T1
GF00000368	TFCN152A1_007224-T1	DBVPG3775_003902-T1
GF00000369	TFCN152A1_008834-T1	DBVPG3775_003992-T1
GF00000370	TFCN152A1_000119-T1	DBVPG3775_003996-T1
GF00000371	TFCN152A1_000127-T1	DBVPG3775_004294-T1
GF00000372	TFCN152A1_000142-T1	DBVPG3775_004019-T1
GF00000373	TFCN152A1_009183-T1	DBVPG3775_005696-T1
GF00000374	TFCN152A1_000150-T1	DBVPG3775_004029-T1
GF00000375	TFCN152A1_006244-T1	DBVPG3775_007010-T1
GF00000376	TFCN152A1_005183-T1	DBVPG3775_002667-T1
GF00000377	TFCN152A1_000214-T1	DBVPG3775_005842-T1
GF00000378	TFCN152A1_008111-T1	DBVPG3775_003327-T1
GF00000379	TFCN152A1_012413-T1	DBVPG3775_001584-T1
GF00000380	TFCN152A1_000260-T1	DBVPG3775_004311-T1
GF00000381	TFCN152A1_001306-T1	DBVPG3775_000790-T1
GF00000382	TFCN152A1_006946-T1	DBVPG3775_004306-T1
GF00000383	TFCN152A1_010990-T1	DBVPG3775_006147-T1
GF00000384	TFCN152A1_008049-T1	DBVPG3775_000208-T1
GF00000385	TFCN152A1_008349-T1	DBVPG3775_005491-T1
GF00000386	TFCN152A1_002903-T1	DBVPG3775_001117-T1
GF00000387	TFCN152A1_007936-T1	DBVPG3775_005426-T1
GF00000388	TFCN152A1_000832-T1	DBVPG3775_001140-T1
GF00000389	TFCN152A1_005227-T1	DBVPG3775_001972-T1
GF00000390	TFCN152A1_012944-T1	DBVPG3775_004888-T1
GF00000391	TFCN152A1_011736-T1	DBVPG3775_007359-T1
GF00000392	TFCN152A1_005626-T1	DBVPG3775_002165-T1
GF00000393	TFCN152A1_000804-T1	DBVPG3775_001172-T1
GF00000394	TFCN152A1_008701-T1	DBVPG3775_004116-T1
GF00000395	TFCN152A1_000737-T1	DBVPG3775_001241-T1
GF00000396	TFCN152A1_000454-T1	DBVPG3775_001264-T1
GF00000397	TFCN152A1_002479-T1	DBVPG3775_006039-T1
GF00000398	TFCN152A1_000692-T1	DBVPG3775_001296-T1
GF00000399	TFCN152A1_001780-T1	DBVPG3775_000120-T1
GF00000400	TFCN152A1_000691-T1	DBVPG3775_001297-T1
GF00000401	TFCN152A1_003749-T1	DBVPG3775_004968-T1
GF00000402	TFCN152A1_000515-T1	DBVPG3775_005638-T1
GF00000403	TFCN152A1_002504-T1	DBVPG3775_007162-T1
GF00000404	TFCN152A1_003724-T1	DBVPG3775_004998-T1
GF00000405	TFCN152A1_010291-T1	DBVPG3775_005648-T1
GF00000406	TFCN152A1_003683-T1	DBVPG3775_002930-T1
GF00000407	TFCN152A1_000564-T1	DBVPG3775_003688-T1
GF00000408	TFCN152A1_012903-T1	DBVPG3775_002595-T1
GF00000409	TFCN152A1_000883-T1	DBVPG3775_007063-T1
GF00000410	TFCN152A1_000579-T1	DBVPG3775_003708-T1
GF00000411	TFCN152A1_004710-T1	DBVPG3775_003755-T1
GF00000412	TFCN152A1_002857-T1	DBVPG3775_001644-T1
GF00000413	TFCN152A1_002346-T1	DBVPG3775_005572-T1
GF00000414	TFCN152A1_006705-T1	DBVPG3775_007079-T1
GF00000415	TFCN152A1_004975-T1	DBVPG3775_002694-T1
GF00000416	TFCN152A1_011508-T1	DBVPG3775_007056-T1
GF00000417	TFCN152A1_011720-T1	DBVPG3775_003267-T1
GF00000418	TFCN152A1_006071-T1	DBVPG3775_001806-T1
GF00000419	TFCN152A1_004112-T1	DBVPG3775_004167-T1
GF00000420	TFCN152A1_000932-T1	DBVPG3775_004155-T1
GF00000421	TFCN152A1_005900-T1	DBVPG3775_000577-T1
GF00000422	TFCN152A1_010694-T1	DBVPG3775_006802-T1
GF00000423	TFCN152A1_012380-T1	DBVPG3775_004702-T1
GF00000424	TFCN152A1_003838-T1	DBVPG3775_002156-T1
GF00000425	TFCN152A1_004058-T1	DBVPG3775_004230-T1
GF00000426	TFCN152A1_004774-T1	DBVPG3775_005745-T1
GF00000427	TFCN152A1_005404-T1	DBVPG3775_001059-T1
GF00000428	TFCN152A1_002072-T1	DBVPG3775_007135-T1
GF00000429	TFCN152A1_001046-T1	DBVPG3775_007388-T1
GF00000430	TFCN152A1_001063-T1	DBVPG3775_007371-T1
GF00000431	TFCN152A1_001080-T1	DBVPG3775_005820-T1
GF00000432	TFCN152A1_003152-T1	DBVPG3775_007101-T1
GF00000433	TFCN152A1_001112-T1	DBVPG3775_005855-T1
GF00000434	TFCN152A1_001113-T1	DBVPG3775_005856-T1
GF00000435	TFCN152A1_004507-T1	DBVPG3775_002677-T1
GF00000436	TFCN152A1_005752-T1	DBVPG3775_005873-T1
GF00000437	TFCN152A1_001162-T1	DBVPG3775_003503-T1
GF00000438	TFCN152A1_001191-T1	DBVPG3775_003471-T1
GF00000439	TFCN152A1_001212-T1	DBVPG3775_002427-T1
GF00000440	TFCN152A1_010243-T1	DBVPG3775_002086-T1
GF00000441	TFCN152A1_007482-T1	DBVPG3775_005969-T1
GF00000442	TFCN152A1_009724-T1	DBVPG3775_000003-T1
GF00000443	TFCN152A1_001435-T1	DBVPG3775_006968-T1
GF00000444	TFCN152A1_005950-T1	DBVPG3775_005888-T1
GF00000445	TFCN152A1_011121-T1	DBVPG3775_007425-T1
GF00000446	TFCN152A1_005975-T1	DBVPG3775_005915-T1
GF00000447	TFCN152A1_008491-T1	DBVPG3775_002621-T1
GF00000448	TFCN152A1_001296-T1	DBVPG3775_000778-T1
GF00000449	TFCN152A1_001380-T1	DBVPG3775_003156-T1
GF00000450	TFCN152A1_008384-T1	DBVPG3775_001413-T1
GF00000451	TFCN152A1_005276-T1	DBVPG3775_004409-T1
GF00000452	TFCN152A1_011718-T1	DBVPG3775_006643-T1
GF00000453	TFCN152A1_001449-T1	DBVPG3775_006947-T1
GF00000454	TFCN152A1_008914-T1	DBVPG3775_006946-T1
GF00000455	TFCN152A1_011790-T1	DBVPG3775_006582-T1
GF00000456	TFCN152A1_005837-T1	DBVPG3775_001949-T1
GF00000457	TFCN152A1_001481-T1	DBVPG3775_003065-T1
GF00000458	TFCN152A1_005105-T1	DBVPG3775_005544-T1
GF00000459	TFCN152A1_001626-T1	DBVPG3775_000449-T1
GF00000460	TFCN152A1_012276-T1	DBVPG3775_001887-T1
GF00000461	TFCN152A1_001592-T1	DBVPG3775_001885-T1
GF00000462	TFCN152A1_008878-T1	DBVPG3775_005932-T1
GF00000463	TFCN152A1_007808-T1	DBVPG3775_000451-T1
GF00000464	TFCN152A1_001670-T1	DBVPG3775_000500-T1
GF00000465	TFCN152A1_005933-T1	DBVPG3775_000508-T1
GF00000466	TFCN152A1_001682-T1	DBVPG3775_000514-T1
GF00000467	TFCN152A1_011474-T1	DBVPG3775_000028-T1
GF00000468	TFCN152A1_011449-T1	DBVPG3775_002071-T1
GF00000469	TFCN152A1_006015-T1	DBVPG3775_000084-T1
GF00000470	TFCN152A1_001759-T1	DBVPG3775_000094-T1
GF00000471	TFCN152A1_001767-T1	DBVPG3775_000105-T1
GF00000472	TFCN152A1_011263-T1	DBVPG3775_004254-T1
GF00000473	TFCN152A1_007413-T1	DBVPG3775_003596-T1
GF00000474	TFCN152A1_001848-T1	DBVPG3775_007454-T1
GF00000475	TFCN152A1_007172-T1	DBVPG3775_003968-T1
GF00000476	TFCN152A1_006271-T1	DBVPG3775_006976-T1
GF00000477	TFCN152A1_010114-T1	DBVPG3775_006362-T1
GF00000478	TFCN152A1_006001-T1	DBVPG3775_005945-T1
GF00000479	TFCN152A1_001898-T1	DBVPG3775_005270-T1
GF00000480	TFCN152A1_010135-T1	DBVPG3775_000692-T1
GF00000481	TFCN152A1_001936-T1	DBVPG3775_005310-T1
GF00000482	TFCN152A1_007682-T1	DBVPG3775_002296-T1
GF00000483	TFCN152A1_001940-T1	DBVPG3775_005314-T1
GF00000484	TFCN152A1_001943-T1	DBVPG3775_006786-T1
GF00000485	TFCN152A1_003441-T1	DBVPG3775_004459-T1
GF00000486	TFCN152A1_001949-T1	DBVPG3775_005323-T1
GF00000487	TFCN152A1_010852-T1	DBVPG3775_005328-T1
GF00000488	TFCN152A1_001972-T1	DBVPG3775_006924-T1
GF00000489	TFCN152A1_006511-T1	DBVPG3775_002521-T1
GF00000490	TFCN152A1_002597-T1	DBVPG3775_005215-T1
GF00000491	TFCN152A1_009491-T1	DBVPG3775_007398-T1
GF00000492	TFCN152A1_009299-T1	DBVPG3775_006397-T1
GF00000493	TFCN152A1_002542-T1	DBVPG3775_005154-T1
GF00000494	TFCN152A1_007218-T1	DBVPG3775_003895-T1
GF00000495	TFCN152A1_013146-T1	DBVPG3775_007577-T1
GF00000496	TFCN152A1_009304-T1	DBVPG3775_006121-T1
GF00000497	TFCN152A1_009735-T1	DBVPG3775_003559-T1
GF00000498	TFCN152A1_005460-T1	DBVPG3775_002992-T1
GF00000499	TFCN152A1_008369-T1	DBVPG3775_002978-T1
GF00000500	TFCN152A1_008947-T1	DBVPG3775_002037-T1
GF00000501	TFCN152A1_007675-T1	DBVPG3775_002974-T1
GF00000502	TFCN152A1_010595-T1	DBVPG3775_002530-T1
GF00000503	TFCN152A1_002393-T1	DBVPG3775_005626-T1
GF00000504	TFCN152A1_002282-T1	DBVPG3775_002893-T1
GF00000505	TFCN152A1_011480-T1	DBVPG3775_000019-T1
GF00000506	TFCN152A1_007586-T1	DBVPG3775_006459-T1
GF00000507	TFCN152A1_002389-T1	DBVPG3775_005621-T1
GF00000508	TFCN152A1_002400-T1	DBVPG3775_005633-T1
GF00000509	TFCN152A1_002420-T1	DBVPG3775_006371-T1
GF00000510	TFCN152A1_010840-T1	DBVPG3775_002451-T1
GF00000511	TFCN152A1_010835-T1	DBVPG3775_002458-T1
GF00000512	TFCN152A1_006863-T1	DBVPG3775_004756-T1
GF00000513	TFCN152A1_012647-T1	DBVPG3775_000701-T1
GF00000514	TFCN152A1_002777-T1	DBVPG3775_006988-T1
GF00000515	TFCN152A1_002795-T1	DBVPG3775_002569-T1
GF00000516	TFCN152A1_002807-T1	DBVPG3775_006453-T1
GF00000517	TFCN152A1_011990-T1	DBVPG3775_001828-T1
GF00000518	TFCN152A1_004862-T1	DBVPG3775_000878-T1
GF00000519	TFCN152A1_011710-T1	DBVPG3775_006021-T1
GF00000520	TFCN152A1_003920-T1	DBVPG3775_006809-T1
GF00000521	TFCN152A1_003907-T1	DBVPG3775_001692-T1
GF00000522	TFCN152A1_003889-T1	DBVPG3775_001708-T1
GF00000523	TFCN152A1_011911-T1	DBVPG3775_001742-T1
GF00000524	TFCN152A1_003433-T1	DBVPG3775_004469-T1
GF00000525	TFCN152A1_003164-T1	DBVPG3775_006738-T1
GF00000526	TFCN152A1_003596-T1	DBVPG3775_000395-T1
GF00000527	TFCN152A1_008524-T1	DBVPG3775_005531-T1
GF00000528	TFCN152A1_003639-T1	DBVPG3775_000346-T1
GF00000529	TFCN152A1_008025-T1	DBVPG3775_000234-T1
GF00000530	TFCN152A1_003012-T1	DBVPG3775_000249-T1
GF00000531	TFCN152A1_003038-T1	DBVPG3775_000282-T1
GF00000532	TFCN152A1_005366-T1	DBVPG3775_002145-T1
GF00000533	TFCN152A1_003811-T1	DBVPG3775_006283-T1
GF00000534	TFCN152A1_004669-T1	DBVPG3775_003018-T1
GF00000535	TFCN152A1_010947-T1	DBVPG3775_003633-T1
GF00000536	TFCN152A1_011165-T1	DBVPG3775_003224-T1
GF00000537	TFCN152A1_005711-T1	DBVPG3775_004741-T1
GF00000538	TFCN152A1_003793-T1	DBVPG3775_002216-T1
GF00000539	TFCN152A1_003359-T1	DBVPG3775_000900-T1
GF00000540	TFCN152A1_004237-T1	DBVPG3775_007395-T1
GF00000541	TFCN152A1_012638-T1	DBVPG3775_000675-T1
GF00000542	TFCN152A1_010744-T1	DBVPG3775_005702-T1
GF00000543	TFCN152A1_003398-T1	DBVPG3775_005703-T1
GF00000544	TFCN152A1_008629-T1	DBVPG3775_004566-T1
GF00000545	TFCN152A1_003451-T1	DBVPG3775_004449-T1
GF00000546	TFCN152A1_012472-T1	DBVPG3775_002056-T1
GF00000547	TFCN152A1_009579-T1	DBVPG3775_000400-T1
GF00000548	TFCN152A1_003621-T1	DBVPG3775_000365-T1
GF00000549	TFCN152A1_003640-T1	DBVPG3775_000345-T1
GF00000550	TFCN152A1_005848-T1	DBVPG3775_001936-T1
GF00000551	TFCN152A1_012645-T1	DBVPG3775_000699-T1
GF00000552	TFCN152A1_005674-T1	DBVPG3775_002224-T1
GF00000553	TFCN152A1_011180-T1	DBVPG3775_006509-T1
GF00000554	TFCN152A1_004021-T1	DBVPG3775_007188-T1
GF00000555	TFCN152A1_009348-T1	DBVPG3775_005967-T1
GF00000556	TFCN152A1_004156-T1	DBVPG3775_005411-T1
GF00000557	TFCN152A1_010573-T1	DBVPG3775_004575-T1
GF00000558	TFCN152A1_004190-T1	DBVPG3775_005355-T1
GF00000559	TFCN152A1_004202-T1	DBVPG3775_006493-T1
GF00000560	TFCN152A1_008649-T1	DBVPG3775_007410-T1
GF00000561	TFCN152A1_004233-T1	DBVPG3775_007400-T1
GF00000562	TFCN152A1_004251-T1	DBVPG3775_004931-T1
GF00000563	TFCN152A1_004259-T1	DBVPG3775_004923-T1
GF00000564	TFCN152A1_004281-T1	DBVPG3775_004896-T1
GF00000565	TFCN152A1_012945-T1	DBVPG3775_004887-T1
GF00000566	TFCN152A1_004315-T1	DBVPG3775_007433-T1
GF00000567	TFCN152A1_011341-T1	DBVPG3775_002543-T1
GF00000568	TFCN152A1_013008-T1	DBVPG3775_003236-T1
GF00000569	TFCN152A1_006400-T1	DBVPG3775_003358-T1
GF00000570	TFCN152A1_011639-T1	DBVPG3775_003218-T1
GF00000571	TFCN152A1_006184-T1	DBVPG3775_006555-T1
GF00000572	TFCN152A1_005430-T1	DBVPG3775_003027-T1
GF00000573	TFCN152A1_005434-T1	DBVPG3775_003964-T1
GF00000574	TFCN152A1_009900-T1	DBVPG3775_002484-T1
GF00000575	TFCN152A1_009807-T1	DBVPG3775_000620-T1
GF00000576	TFCN152A1_007390-T1	DBVPG3775_003569-T1
GF00000577	TFCN152A1_005881-T1	DBVPG3775_000594-T1
GF00000578	TFCN152A1_005893-T1	DBVPG3775_000585-T1
GF00000579	TFCN152A1_004971-T1	DBVPG3775_002700-T1
GF00000580	TFCN152A1_004984-T1	DBVPG3775_002683-T1
GF00000581	TFCN152A1_004991-T1	DBVPG3775_002672-T1
GF00000582	TFCN152A1_011079-T1	DBVPG3775_007364-T1
GF00000583	TFCN152A1_012035-T1	DBVPG3775_001995-T1
GF00000584	TFCN152A1_006067-T1	DBVPG3775_001811-T1
GF00000585	TFCN152A1_005282-T1	DBVPG3775_004417-T1
GF00000586	TFCN152A1_005742-T1	DBVPG3775_004784-T1
GF00000587	TFCN152A1_005491-T1	DBVPG3775_002301-T1
GF00000588	TFCN152A1_012376-T1	DBVPG3775_006116-T1
GF00000589	TFCN152A1_011049-T1	DBVPG3775_004779-T1
GF00000590	TFCN152A1_010604-T1	DBVPG3775_004797-T1
GF00000591	TFCN152A1_012564-T1	DBVPG3775_003599-T1
GF00000592	TFCN152A1_006362-T1	DBVPG3775_001813-T1
GF00000593	TFCN152A1_006161-T1	DBVPG3775_007265-T1
GF00000594	TFCN152A1_008466-T1	DBVPG3775_002557-T1
GF00000595	TFCN152A1_008941-T1	DBVPG3775_002031-T1
GF00000596	TFCN152A1_008707-T1	DBVPG3775_002716-T1
GF00000597	TFCN152A1_006385-T1	DBVPG3775_003375-T1
GF00000598	TFCN152A1_006539-T1	DBVPG3775_006525-T1
GF00000599	TFCN152A1_008161-T1	DBVPG3775_006253-T1
GF00000600	TFCN152A1_008158-T1	DBVPG3775_006257-T1
GF00000601	TFCN152A1_006612-T1	DBVPG3775_006269-T1
GF00000602	TFCN152A1_011679-T1	DBVPG3775_004633-T1
GF00000603	TFCN152A1_009138-T1	DBVPG3775_004602-T1
GF00000604	TFCN152A1_007188-T1	DBVPG3775_003952-T1
GF00000605	TFCN152A1_007973-T1	DBVPG3775_001623-T1
GF00000606	TFCN152A1_009347-T1	DBVPG3775_005966-T1
GF00000607	TFCN152A1_009363-T1	DBVPG3775_005986-T1
GF00000608	TFCN152A1_009474-T1	DBVPG3775_003312-T1
GF00000609	TFCN152A1_008459-T1	DBVPG3775_001855-T1
GF00000610	TFCN152A1_010678-T1	DBVPG3775_001554-T1
GF00000611	TFCN152A1_011212-T1	DBVPG3775_006814-T1
GF00000612	TFCN152A1_008955-T1	DBVPG3775_003257-T1
GF00000613	TFCN152A1_008191-T1	DBVPG3775_001602-T1
GF00000614	TFCN152A1_013128-T1	DBVPG3775_000693-T1
GF00000615	TFCN152A1_008298-T1	DBVPG3775_006810-T1
GF00000616	TFCN152A1_011881-T1	DBVPG3775_006812-T1
GF00000617	TFCN152A1_008415-T1	DBVPG3775_006842-T1
GF00000618	TFCN152A1_008650-T1	DBVPG3775_003856-T1
GF00000619	TFCN152A1_011267-T1	DBVPG3775_003868-T1
GF00000620	TFCN152A1_008948-T1	DBVPG3775_002028-T1
GF00000621	TFCN152A1_008963-T1	DBVPG3775_003268-T1
GF00000622	TFCN152A1_010502-T1	DBVPG3775_004865-T1
GF00000623	TFCN152A1_009902-T1	DBVPG3775_002486-T1
GF00000624	TFCN152A1_010516-T1	DBVPG3775_004847-T1
GF00000625	TFCN152A1_010653-T1	DBVPG3775_002095-T1
GF00000626	TFCN152A1_011964-T1	DBVPG3775_006753-T1
GF00000627	TFCN152A1_012232-T1	DBVPG3775_007293-T1
GF00000628	TFCN152A1_012476-T1	DBVPG3775_003391-T1
GF00000629	TFCN152A1_001507-T1	DBVPG3775_005052-T1
GF00000630	TFCN152A1_006588-T1	DBVPG3775_006236-T1
GF00000631	TFCN152A1_002619-T1	DBVPG3775_005238-T1
GF00000632	TFCN152A1_000038-T1	DBVPG3775_005075-T1
GF00000633	TFCN152A1_001535-T1	DBVPG3775_005084-T1
GF00000634	TFCN152A1_001537-T1	DBVPG3775_005087-T1
GF00000635	TFCN152A1_001540-T1	DBVPG3775_005091-T1
GF00000636	TFCN152A1_001543-T1	DBVPG3775_005096-T1
GF00000637	TFCN152A1_000069-T1	DBVPG3775_005113-T1
GF00000638	TFCN152A1_000079-T1	DBVPG3775_005124-T1
GF00000639	TFCN152A1_000087-T1	DBVPG3775_005134-T1
GF00000640	TFCN152A1_000099-T1	DBVPG3775_005143-T1
GF00000641	TFCN152A1_000114-T1	DBVPG3775_003987-T1
GF00000642	TFCN152A1_010907-T1	DBVPG3775_004034-T1
GF00000643	TFCN152A1_001376-T1	DBVPG3775_003151-T1
GF00000644	TFCN152A1_000187-T1	DBVPG3775_004072-T1
GF00000645	TFCN152A1_012196-T1	DBVPG3775_003143-T1
GF00000646	TFCN152A1_000199-T1	DBVPG3775_004086-T1
GF00000647	TFCN152A1_007101-T1	DBVPG3775_004100-T1
GF00000648	TFCN152A1_006906-T1	DBVPG3775_004112-T1
GF00000649	TFCN152A1_010942-T1	DBVPG3775_003386-T1
GF00000650	TFCN152A1_006923-T1	DBVPG3775_004331-T1
GF00000651	TFCN152A1_006928-T1	DBVPG3775_004325-T1
GF00000652	TFCN152A1_010213-T1	DBVPG3775_004273-T1
GF00000653	TFCN152A1_000819-T1	DBVPG3775_001154-T1
GF00000654	TFCN152A1_000410-T1	DBVPG3775_001208-T1
GF00000655	TFCN152A1_000411-T1	DBVPG3775_001211-T1
GF00000656	TFCN152A1_011851-T1	DBVPG3775_001393-T1
GF00000657	TFCN152A1_006806-T1	DBVPG3775_004608-T1
GF00000658	TFCN152A1_000432-T1	DBVPG3775_001235-T1
GF00000659	TFCN152A1_000735-T1	DBVPG3775_001244-T1
GF00000660	TFCN152A1_000683-T1	DBVPG3775_001306-T1
GF00000661	TFCN152A1_000494-T1	DBVPG3775_004971-T1
GF00000662	TFCN152A1_000499-T1	DBVPG3775_004975-T1
GF00000663	TFCN152A1_003741-T1	DBVPG3775_004977-T1
GF00000664	TFCN152A1_001962-T1	DBVPG3775_006913-T1
GF00000665	TFCN152A1_000561-T1	DBVPG3775_005043-T1
GF00000666	TFCN152A1_000574-T1	DBVPG3775_003703-T1
GF00000667	TFCN152A1_004709-T1	DBVPG3775_003753-T1
GF00000668	TFCN152A1_011375-T1	DBVPG3775_003886-T1
GF00000669	TFCN152A1_003794-T1	DBVPG3775_005476-T1
GF00000670	TFCN152A1_000645-T1	DBVPG3775_003783-T1
GF00000671	TFCN152A1_000664-T1	DBVPG3775_001334-T1
GF00000672	TFCN152A1_011412-T1	DBVPG3775_001321-T1
GF00000673	TFCN152A1_003762-T1	DBVPG3775_004951-T1
GF00000674	TFCN152A1_011516-T1	DBVPG3775_007064-T1
GF00000675	TFCN152A1_002159-T1	DBVPG3775_005231-T1
GF00000676	TFCN152A1_000941-T1	DBVPG3775_004164-T1
GF00000677	TFCN152A1_004108-T1	DBVPG3775_004172-T1
GF00000678	TFCN152A1_000952-T1	DBVPG3775_004176-T1
GF00000679	TFCN152A1_004096-T1	DBVPG3775_004187-T1
GF00000680	TFCN152A1_000964-T1	DBVPG3775_004195-T1
GF00000681	TFCN152A1_000967-T1	DBVPG3775_004199-T1
GF00000682	TFCN152A1_004020-T1	DBVPG3775_007189-T1
GF00000683	TFCN152A1_001039-T1	DBVPG3775_001073-T1
GF00000684	TFCN152A1_005608-T1	DBVPG3775_007390-T1
GF00000685	TFCN152A1_008594-T1	DBVPG3775_000934-T1
GF00000686	TFCN152A1_007515-T1	DBVPG3775_006009-T1
GF00000687	TFCN152A1_009296-T1	DBVPG3775_006110-T1
GF00000688	TFCN152A1_009115-T1	DBVPG3775_006742-T1
GF00000689	TFCN152A1_001098-T1	DBVPG3775_005841-T1
GF00000690	TFCN152A1_007863-T1	DBVPG3775_005853-T1
GF00000691	TFCN152A1_006074-T1	DBVPG3775_001803-T1
GF00000692	TFCN152A1_001138-T1	DBVPG3775_003530-T1
GF00000693	TFCN152A1_001139-T1	DBVPG3775_003528-T1
GF00000694	TFCN152A1_001200-T1	DBVPG3775_002443-T1
GF00000695	TFCN152A1_002713-T1	DBVPG3775_002439-T1
GF00000696	TFCN152A1_004864-T1	DBVPG3775_000876-T1
GF00000697	TFCN152A1_001214-T1	DBVPG3775_002425-T1
GF00000698	TFCN152A1_002695-T1	DBVPG3775_002419-T1
GF00000699	TFCN152A1_002680-T1	DBVPG3775_002398-T1
GF00000700	TFCN152A1_008556-T1	DBVPG3775_002379-T1
GF00000701	TFCN152A1_002658-T1	DBVPG3775_002372-T1
GF00000702	TFCN152A1_001275-T1	DBVPG3775_000752-T1
GF00000703	TFCN152A1_004520-T1	DBVPG3775_003125-T1
GF00000704	TFCN152A1_012191-T1	DBVPG3775_003149-T1
GF00000705	TFCN152A1_001429-T1	DBVPG3775_006974-T1
GF00000706	TFCN152A1_010259-T1	DBVPG3775_005359-T1
GF00000707	TFCN152A1_008899-T1	DBVPG3775_006967-T1
GF00000708	TFCN152A1_001470-T1	DBVPG3775_003077-T1
GF00000709	TFCN152A1_001623-T1	DBVPG3775_000445-T1
GF00000710	TFCN152A1_007811-T1	DBVPG3775_000447-T1
GF00000711	TFCN152A1_007796-T1	DBVPG3775_000465-T1
GF00000712	TFCN152A1_001706-T1	DBVPG3775_000543-T1
GF00000713	TFCN152A1_001709-T1	DBVPG3775_000546-T1
GF00000714	TFCN152A1_006056-T1	DBVPG3775_000038-T1
GF00000715	TFCN152A1_001723-T1	DBVPG3775_000051-T1
GF00000716	TFCN152A1_006037-T1	DBVPG3775_000058-T1
GF00000717	TFCN152A1_001732-T1	DBVPG3775_000060-T1
GF00000718	TFCN152A1_006022-T1	DBVPG3775_000077-T1
GF00000719	TFCN152A1_006012-T1	DBVPG3775_000088-T1
GF00000720	TFCN152A1_001770-T1	DBVPG3775_000109-T1
GF00000721	TFCN152A1_008753-T1	DBVPG3775_000128-T1
GF00000722	TFCN152A1_006673-T1	DBVPG3775_007520-T1
GF00000723	TFCN152A1_001819-T1	DBVPG3775_000164-T1
GF00000724	TFCN152A1_005146-T1	DBVPG3775_005499-T1
GF00000725	TFCN152A1_008320-T1	DBVPG3775_005462-T1
GF00000726	TFCN152A1_012870-T1	DBVPG3775_001521-T1
GF00000727	TFCN152A1_004632-T1	DBVPG3775_006568-T1
GF00000728	TFCN152A1_008602-T1	DBVPG3775_004533-T1
GF00000729	TFCN152A1_005566-T1	DBVPG3775_006906-T1
GF00000730	TFCN152A1_002904-T1	DBVPG3775_001699-T1
GF00000731	TFCN152A1_002589-T1	DBVPG3775_001546-T1
GF00000732	TFCN152A1_002011-T1	DBVPG3775_006069-T1
GF00000733	TFCN152A1_002053-T1	DBVPG3775_007157-T1
GF00000734	TFCN152A1_006613-T1	DBVPG3775_006271-T1
GF00000735	TFCN152A1_002090-T1	DBVPG3775_005159-T1
GF00000736	TFCN152A1_002059-T1	DBVPG3775_005158-T1
GF00000737	TFCN152A1_002523-T1	DBVPG3775_007140-T1
GF00000738	TFCN152A1_002069-T1	DBVPG3775_007138-T1
GF00000739	TFCN152A1_002816-T1	DBVPG3775_006444-T1
GF00000740	TFCN152A1_002536-T1	DBVPG3775_007126-T1
GF00000741	TFCN152A1_007080-T1	DBVPG3775_000288-T1
GF00000742	TFCN152A1_002561-T1	DBVPG3775_005173-T1
GF00000743	TFCN152A1_002132-T1	DBVPG3775_005202-T1
GF00000744	TFCN152A1_002596-T1	DBVPG3775_005213-T1
GF00000745	TFCN152A1_002626-T1	DBVPG3775_005247-T1
GF00000746	TFCN152A1_005452-T1	DBVPG3775_003003-T1
GF00000747	TFCN152A1_007459-T1	DBVPG3775_004377-T1
GF00000748	TFCN152A1_007651-T1	DBVPG3775_002947-T1
GF00000749	TFCN152A1_004446-T1	DBVPG3775_002813-T1
GF00000750	TFCN152A1_007989-T1	DBVPG3775_001361-T1
GF00000751	TFCN152A1_002342-T1	DBVPG3775_005566-T1
GF00000752	TFCN152A1_010115-T1	DBVPG3775_006360-T1
GF00000753	TFCN152A1_006246-T1	DBVPG3775_007008-T1
GF00000754	TFCN152A1_006252-T1	DBVPG3775_007001-T1
GF00000755	TFCN152A1_006264-T1	DBVPG3775_006985-T1
GF00000756	TFCN152A1_006268-T1	DBVPG3775_006979-T1
GF00000757	TFCN152A1_012432-T1	DBVPG3775_007469-T1
GF00000758	TFCN152A1_009445-T1	DBVPG3775_006442-T1
GF00000759	TFCN152A1_003945-T1	DBVPG3775_001641-T1
GF00000760	TFCN152A1_011308-T1	DBVPG3775_007038-T1
GF00000761	TFCN152A1_002864-T1	DBVPG3775_001652-T1
GF00000762	TFCN152A1_002882-T1	DBVPG3775_001675-T1
GF00000763	TFCN152A1_002910-T1	DBVPG3775_001706-T1
GF00000764	TFCN152A1_002925-T1	DBVPG3775_001726-T1
GF00000765	TFCN152A1_002951-T1	DBVPG3775_000185-T1
GF00000766	TFCN152A1_003045-T1	DBVPG3775_000290-T1
GF00000767	TFCN152A1_003085-T1	DBVPG3775_006333-T1
GF00000768	TFCN152A1_003090-T1	DBVPG3775_006325-T1
GF00000769	TFCN152A1_003122-T1	DBVPG3775_006291-T1
GF00000770	TFCN152A1_003165-T1	DBVPG3775_006737-T1
GF00000771	TFCN152A1_003184-T1	DBVPG3775_006714-T1
GF00000772	TFCN152A1_009088-T1	DBVPG3775_006710-T1
GF00000773	TFCN152A1_009329-T1	DBVPG3775_004668-T1
GF00000774	TFCN152A1_003278-T1	DBVPG3775_000992-T1
GF00000775	TFCN152A1_004834-T1	DBVPG3775_000908-T1
GF00000776	TFCN152A1_003342-T1	DBVPG3775_000919-T1
GF00000777	TFCN152A1_003363-T1	DBVPG3775_000896-T1
GF00000778	TFCN152A1_009169-T1	DBVPG3775_005671-T1
GF00000779	TFCN152A1_009185-T1	DBVPG3775_005699-T1
GF00000780	TFCN152A1_003414-T1	DBVPG3775_005721-T1
GF00000781	TFCN152A1_005331-T1	DBVPG3775_004477-T1
GF00000782	TFCN152A1_005330-T1	DBVPG3775_004475-T1
GF00000783	TFCN152A1_005329-T1	DBVPG3775_004474-T1
GF00000784	TFCN152A1_010412-T1	DBVPG3775_000832-T1
GF00000785	TFCN152A1_004880-T1	DBVPG3775_000860-T1
GF00000786	TFCN152A1_003679-T1	DBVPG3775_000303-T1
GF00000787	TFCN152A1_003868-T1	DBVPG3775_002125-T1
GF00000788	TFCN152A1_009997-T1	DBVPG3775_006151-T1
GF00000789	TFCN152A1_004026-T1	DBVPG3775_007182-T1
GF00000790	TFCN152A1_012620-T1	DBVPG3775_005397-T1
GF00000791	TFCN152A1_004236-T1	DBVPG3775_007397-T1
GF00000792	TFCN152A1_004291-T1	DBVPG3775_004882-T1
GF00000793	TFCN152A1_008380-T1	DBVPG3775_001408-T1
GF00000794	TFCN152A1_012965-T1	DBVPG3775_006662-T1
GF00000795	TFCN152A1_005775-T1	DBVPG3775_006616-T1
GF00000796	TFCN152A1_004366-T1	DBVPG3775_001476-T1
GF00000797	TFCN152A1_004408-T1	DBVPG3775_002770-T1
GF00000798	TFCN152A1_012144-T1	DBVPG3775_002773-T1
GF00000799	TFCN152A1_012142-T1	DBVPG3775_002776-T1
GF00000800	TFCN152A1_004415-T1	DBVPG3775_002779-T1
GF00000801	TFCN152A1_004428-T1	DBVPG3775_002794-T1
GF00000802	TFCN152A1_004432-T1	DBVPG3775_002798-T1
GF00000803	TFCN152A1_006425-T1	DBVPG3775_002799-T1
GF00000804	TFCN152A1_004451-T1	DBVPG3775_002819-T1
GF00000805	TFCN152A1_010873-T1	DBVPG3775_007236-T1
GF00000806	TFCN152A1_004562-T1	DBVPG3775_003203-T1
GF00000807	TFCN152A1_004564-T1	DBVPG3775_003207-T1
GF00000808	TFCN152A1_009430-T1	DBVPG3775_003195-T1
GF00000809	TFCN152A1_004637-T1	DBVPG3775_006560-T1
GF00000810	TFCN152A1_004643-T1	DBVPG3775_006552-T1
GF00000811	TFCN152A1_005427-T1	DBVPG3775_003030-T1
GF00000812	TFCN152A1_007304-T1	DBVPG3775_001628-T1
GF00000813	TFCN152A1_005020-T1	DBVPG3775_005728-T1
GF00000814	TFCN152A1_004794-T1	DBVPG3775_005771-T1
GF00000815	TFCN152A1_004786-T1	DBVPG3775_005759-T1
GF00000816	TFCN152A1_004901-T1	DBVPG3775_000653-T1
GF00000817	TFCN152A1_004917-T1	DBVPG3775_000635-T1
GF00000818	TFCN152A1_009810-T1	DBVPG3775_000625-T1
GF00000819	TFCN152A1_004944-T1	DBVPG3775_000605-T1
GF00000820	TFCN152A1_011067-T1	DBVPG3775_007462-T1
GF00000821	TFCN152A1_004980-T1	DBVPG3775_002688-T1
GF00000822	TFCN152A1_005075-T1	DBVPG3775_002854-T1
GF00000823	TFCN152A1_008514-T1	DBVPG3775_005541-T1
GF00000824	TFCN152A1_005232-T1	DBVPG3775_001978-T1
GF00000825	TFCN152A1_013084-T1	DBVPG3775_007566-T1
GF00000826	TFCN152A1_007685-T1	DBVPG3775_002293-T1
GF00000827	TFCN152A1_005512-T1	DBVPG3775_002278-T1
GF00000828	TFCN152A1_005533-T1	DBVPG3775_002255-T1
GF00000829	TFCN152A1_007727-T1	DBVPG3775_002246-T1
GF00000830	TFCN152A1_007163-T1	DBVPG3775_006639-T1
GF00000831	TFCN152A1_005854-T1	DBVPG3775_001929-T1
GF00000832	TFCN152A1_005861-T1	DBVPG3775_001920-T1
GF00000833	TFCN152A1_008858-T1	DBVPG3775_005911-T1
GF00000834	TFCN152A1_008871-T1	DBVPG3775_005924-T1
GF00000835	TFCN152A1_006060-T1	DBVPG3775_001821-T1
GF00000836	TFCN152A1_012861-T1	DBVPG3775_001762-T1
GF00000837	TFCN152A1_012859-T1	DBVPG3775_001757-T1
GF00000838	TFCN152A1_006125-T1	DBVPG3775_005656-T1
GF00000839	TFCN152A1_006145-T1	DBVPG3775_007285-T1
GF00000840	TFCN152A1_006194-T1	DBVPG3775_004526-T1
GF00000841	TFCN152A1_011172-T1	DBVPG3775_004488-T1
GF00000842	TFCN152A1_011725-T1	DBVPG3775_006651-T1
GF00000843	TFCN152A1_006280-T1	DBVPG3775_002719-T1
GF00000844	TFCN152A1_006305-T1	DBVPG3775_002749-T1
GF00000845	TFCN152A1_009834-T1	DBVPG3775_003353-T1
GF00000846	TFCN152A1_006490-T1	DBVPG3775_002498-T1
GF00000847	TFCN152A1_006554-T1	DBVPG3775_006508-T1
GF00000848	TFCN152A1_008919-T1	DBVPG3775_006939-T1
GF00000849	TFCN152A1_009732-T1	DBVPG3775_000012-T1
GF00000850	TFCN152A1_007262-T1	DBVPG3775_003936-T1
GF00000851	TFCN152A1_010793-T1	DBVPG3775_003906-T1
GF00000852	TFCN152A1_007287-T1	DBVPG3775_005442-T1
GF00000853	TFCN152A1_007954-T1	DBVPG3775_005446-T1
GF00000854	TFCN152A1_009739-T1	DBVPG3775_003563-T1
GF00000855	TFCN152A1_007386-T1	DBVPG3775_003565-T1
GF00000856	TFCN152A1_007411-T1	DBVPG3775_003593-T1
GF00000857	TFCN152A1_007412-T1	DBVPG3775_003594-T1
GF00000858	TFCN152A1_007445-T1	DBVPG3775_004394-T1
GF00000859	TFCN152A1_007455-T1	DBVPG3775_004381-T1
GF00000860	TFCN152A1_007476-T1	DBVPG3775_004355-T1
GF00000861	TFCN152A1_009357-T1	DBVPG3775_005978-T1
GF00000862	TFCN152A1_007509-T1	DBVPG3775_006000-T1
GF00000863	TFCN152A1_007514-T1	DBVPG3775_006006-T1
GF00000864	TFCN152A1_012003-T1	DBVPG3775_001839-T1
GF00000865	TFCN152A1_012823-T1	DBVPG3775_006471-T1
GF00000866	TFCN152A1_011134-T1	DBVPG3775_001495-T1
GF00000867	TFCN152A1_012854-T1	DBVPG3775_000556-T1
GF00000868	TFCN152A1_010535-T1	DBVPG3775_001606-T1
GF00000869	TFCN152A1_008508-T1	DBVPG3775_002640-T1
GF00000870	TFCN152A1_008135-T1	DBVPG3775_002615-T1
GF00000871	TFCN152A1_008145-T1	DBVPG3775_002599-T1
GF00000872	TFCN152A1_011451-T1	DBVPG3775_002074-T1
GF00000873	TFCN152A1_008213-T1	DBVPG3775_001580-T1
GF00000874	TFCN152A1_008217-T1	DBVPG3775_001574-T1
GF00000875	TFCN152A1_008257-T1	DBVPG3775_007344-T1
GF00000876	TFCN152A1_012260-T1	DBVPG3775_007339-T1
GF00000877	TFCN152A1_008310-T1	DBVPG3775_001035-T1
GF00000878	TFCN152A1_008370-T1	DBVPG3775_001395-T1
GF00000879	TFCN152A1_011846-T1	DBVPG3775_001399-T1
GF00000880	TFCN152A1_008409-T1	DBVPG3775_006834-T1
GF00000881	TFCN152A1_011269-T1	DBVPG3775_003871-T1
GF00000882	TFCN152A1_008668-T1	DBVPG3775_003875-T1
GF00000883	TFCN152A1_008936-T1	DBVPG3775_002025-T1
GF00000884	TFCN152A1_011117-T1	DBVPG3775_007421-T1
GF00000885	TFCN152A1_009003-T1	DBVPG3775_003430-T1
GF00000886	TFCN152A1_010718-T1	DBVPG3775_003436-T1
GF00000887	TFCN152A1_012026-T1	DBVPG3775_006092-T1
GF00000888	TFCN152A1_009287-T1	DBVPG3775_006095-T1
GF00000889	TFCN152A1_010971-T1	DBVPG3775_006124-T1
GF00000890	TFCN152A1_009315-T1	DBVPG3775_006894-T1
GF00000891	TFCN152A1_011712-T1	DBVPG3775_006665-T1
GF00000892	TFCN152A1_011627-T1	DBVPG3775_007021-T1
GF00000893	TFCN152A1_011393-T1	DBVPG3775_002346-T1
GF00000894	TFCN152A1_011391-T1	DBVPG3775_002348-T1
GF00000895	TFCN152A1_010144-T1	DBVPG3775_000682-T1
GF00000896	TFCN152A1_010357-T1	DBVPG3775_000674-T1
GF00000897	TFCN152A1_010619-T1	DBVPG3775_004817-T1
GF00000898	TFCN152A1_011103-T1	DBVPG3775_004821-T1
GF00000899	TFCN152A1_011766-T1	DBVPG3775_002106-T1
GF00000900	TFCN152A1_011661-T1	DBVPG3775_007205-T1
GF00000901	TFCN152A1_011436-T1	DBVPG3775_005339-T1
GF00000902	TFCN152A1_012935-T1	DBVPG3775_006645-T1
GF00000903	TFCN152A1_012240-T1	DBVPG3775_007303-T1
GF00000904	TFCN152A1_012930-T1	DBVPG3775_007305-T1
GF00000905	TFCN152A1_012493-T1	DBVPG3775_006817-T1
GF00000906	TFCN152A1_013023-T1	DBVPG3775_007354-T1
GF00000907	TFCN152A1_012740-T1	DBVPG3775_003458-T1
GF00000908	TFCN152A1_001493-T1	DBVPG3775_003053-T1
GF00000909	TFCN152A1_001498-T1	DBVPG3775_007570-T1
GF00000910	TFCN152A1_001542-T1	DBVPG3775_005094-T1
GF00000911	TFCN152A1_000062-T1	DBVPG3775_005106-T1
GF00000912	TFCN152A1_008562-T1	DBVPG3775_000968-T1
GF00000913	TFCN152A1_010698-T1	DBVPG3775_006798-T1
GF00000914	TFCN152A1_008825-T1	DBVPG3775_003982-T1
GF00000915	TFCN152A1_008848-T1	DBVPG3775_004009-T1
GF00000916	TFCN152A1_007239-T1	DBVPG3775_004036-T1
GF00000917	TFCN152A1_010912-T1	DBVPG3775_004039-T1
GF00000918	TFCN152A1_007110-T1	DBVPG3775_004089-T1
GF00000919	TFCN152A1_007132-T1	DBVPG3775_004065-T1
GF00000920	TFCN152A1_000182-T1	DBVPG3775_004067-T1
GF00000921	TFCN152A1_000218-T1	
GF00000922	TFCN152A1_006908-T1	DBVPG3775_004347-T1
GF00000923	TFCN152A1_000236-T1	DBVPG3775_004338-T1
GF00000924	TFCN152A1_006927-T1	DBVPG3775_004326-T1
GF00000925	TFCN152A1_007000-T1	DBVPG3775_001077-T1
GF00000926	TFCN152A1_006995-T1	DBVPG3775_001082-T1
GF00000927	TFCN152A1_007268-T1	DBVPG3775_005424-T1
GF00000928	TFCN152A1_000339-T1	DBVPG3775_001126-T1
GF00000929	TFCN152A1_009765-T1	DBVPG3775_001483-T1
GF00000930	TFCN152A1_000344-T1	DBVPG3775_001135-T1
GF00000931	TFCN152A1_000442-T1	DBVPG3775_001248-T1
GF00000932	TFCN152A1_000452-T1	DBVPG3775_001261-T1
GF00000933	TFCN152A1_000453-T1	DBVPG3775_001263-T1
GF00000934	TFCN152A1_000467-T1	DBVPG3775_001280-T1
GF00000935	TFCN152A1_000491-T1	DBVPG3775_004958-T1
GF00000936	TFCN152A1_000512-T1	DBVPG3775_005016-T1
GF00000937	TFCN152A1_003695-T1	DBVPG3775_005028-T1
GF00000938	TFCN152A1_000571-T1	DBVPG3775_003697-T1
GF00000939	TFCN152A1_007417-T1	DBVPG3775_003601-T1
GF00000940	TFCN152A1_006366-T1	DBVPG3775_001818-T1
GF00000941	TFCN152A1_011870-T1	DBVPG3775_003762-T1
GF00000942	TFCN152A1_004720-T1	DBVPG3775_002723-T1
GF00000943	TFCN152A1_000660-T1	DBVPG3775_003800-T1
GF00000944	TFCN152A1_004753-T1	DBVPG3775_003802-T1
GF00000945	TFCN152A1_011408-T1	DBVPG3775_001313-T1
GF00000946	TFCN152A1_003462-T1	DBVPG3775_004436-T1
GF00000947	TFCN152A1_000902-T1	DBVPG3775_004119-T1
GF00000948	TFCN152A1_000910-T1	DBVPG3775_004128-T1
GF00000949	TFCN152A1_000931-T1	DBVPG3775_004154-T1
GF00000950	TFCN152A1_004121-T1	DBVPG3775_004157-T1
GF00000951	TFCN152A1_004101-T1	DBVPG3775_004179-T1
GF00000952	TFCN152A1_000973-T1	DBVPG3775_004207-T1
GF00000953	TFCN152A1_004063-T1	DBVPG3775_004224-T1
GF00000954	TFCN152A1_004060-T1	DBVPG3775_004227-T1
GF00000955	TFCN152A1_001006-T1	DBVPG3775_001036-T1
GF00000956	TFCN152A1_001029-T1	DBVPG3775_001060-T1
GF00000957	TFCN152A1_007002-T1	DBVPG3775_001075-T1
GF00000958	TFCN152A1_001052-T1	DBVPG3775_007383-T1
GF00000959	TFCN152A1_001076-T1	DBVPG3775_005816-T1
GF00000960	TFCN152A1_012207-T1	DBVPG3775_005830-T1
GF00000961	TFCN152A1_001092-T1	DBVPG3775_005833-T1
GF00000962	TFCN152A1_001126-T1	DBVPG3775_005869-T1
GF00000963	TFCN152A1_001130-T1	DBVPG3775_005874-T1
GF00000964	TFCN152A1_004838-T1	DBVPG3775_000904-T1
GF00000965	TFCN152A1_001147-T1	DBVPG3775_003519-T1
GF00000966	TFCN152A1_001155-T1	DBVPG3775_003511-T1
GF00000967	TFCN152A1_011167-T1	DBVPG3775_000980-T1
GF00000968	TFCN152A1_009964-T1	DBVPG3775_003483-T1
GF00000969	TFCN152A1_009950-T1	DBVPG3775_003470-T1
GF00000970	TFCN152A1_002693-T1	DBVPG3775_002416-T1
GF00000971	TFCN152A1_002663-T1	DBVPG3775_002377-T1
GF00000972	TFCN152A1_001288-T1	DBVPG3775_000767-T1
GF00000973	TFCN152A1_001305-T1	DBVPG3775_000788-T1
GF00000974	TFCN152A1_001319-T1	DBVPG3775_000803-T1
GF00000975	TFCN152A1_001336-T1	DBVPG3775_003104-T1
GF00000976	TFCN152A1_001348-T1	DBVPG3775_003122-T1
GF00000977	TFCN152A1_004530-T1	DBVPG3775_003136-T1
GF00000978	TFCN152A1_002850-T1	DBVPG3775_006406-T1
GF00000979	TFCN152A1_011901-T1	DBVPG3775_001998-T1
GF00000980	TFCN152A1_001593-T1	DBVPG3775_007537-T1
GF00000981	TFCN152A1_001599-T1	DBVPG3775_000418-T1
GF00000982	TFCN152A1_001629-T1	DBVPG3775_000452-T1
GF00000983	TFCN152A1_013039-T1	DBVPG3775_007558-T1
GF00000984	TFCN152A1_005915-T1	DBVPG3775_000484-T1
GF00000985	TFCN152A1_001669-T1	DBVPG3775_000499-T1
GF00000986	TFCN152A1_005936-T1	DBVPG3775_000511-T1
GF00000987	TFCN152A1_006046-T1	DBVPG3775_000048-T1
GF00000988	TFCN152A1_001733-T1	DBVPG3775_000064-T1
GF00000989	TFCN152A1_012475-T1	DBVPG3775_003390-T1
GF00000990	TFCN152A1_001760-T1	DBVPG3775_000095-T1
GF00000991	TFCN152A1_001764-T1	DBVPG3775_000101-T1
GF00000992	TFCN152A1_010492-T1	DBVPG3775_000149-T1
GF00000993	TFCN152A1_001821-T1	DBVPG3775_000168-T1
GF00000994	TFCN152A1_002002-T1	DBVPG3775_006047-T1
GF00000995	TFCN152A1_009066-T1	DBVPG3775_005273-T1
GF00000996	TFCN152A1_009067-T1	DBVPG3775_005275-T1
GF00000997	TFCN152A1_001915-T1	DBVPG3775_005287-T1
GF00000998	TFCN152A1_001965-T1	DBVPG3775_006917-T1
GF00000999	TFCN152A1_002519-T1	DBVPG3775_003034-T1
GF00001000	TFCN152A1_005186-T1	DBVPG3775_002663-T1
GF00001001	TFCN152A1_002550-T1	DBVPG3775_005162-T1
GF00001002	TFCN152A1_002120-T1	DBVPG3775_006259-T1
GF00001003	TFCN152A1_002177-T1	DBVPG3775_005250-T1
GF00001004	TFCN152A1_002178-T1	DBVPG3775_005252-T1
GF00001005	TFCN152A1_002192-T1	DBVPG3775_003000-T1
GF00001006	TFCN152A1_004028-T1	DBVPG3775_007179-T1
GF00001007	TFCN152A1_002206-T1	DBVPG3775_002979-T1
GF00001008	TFCN152A1_011069-T1	DBVPG3775_007458-T1
GF00001009	TFCN152A1_006849-T1	DBVPG3775_004772-T1
GF00001010	TFCN152A1_007648-T1	DBVPG3775_002943-T1
GF00001011	TFCN152A1_005803-T1	DBVPG3775_007524-T1
GF00001012	TFCN152A1_002255-T1	DBVPG3775_002922-T1
GF00001013	TFCN152A1_009210-T1	DBVPG3775_002907-T1
GF00001014	TFCN152A1_002276-T1	DBVPG3775_002900-T1
GF00001015	TFCN152A1_011240-T1	DBVPG3775_002894-T1
GF00001016	TFCN152A1_007987-T1	DBVPG3775_001363-T1
GF00001017	TFCN152A1_008001-T1	DBVPG3775_001348-T1
GF00001018	TFCN152A1_002334-T1	DBVPG3775_005558-T1
GF00001019	TFCN152A1_002339-T1	DBVPG3775_005563-T1
GF00001020	TFCN152A1_002343-T1	DBVPG3775_005568-T1
GF00001021	TFCN152A1_007251-T1	DBVPG3775_003925-T1
GF00001022	TFCN152A1_002383-T1	DBVPG3775_005613-T1
GF00001023	TFCN152A1_010122-T1	DBVPG3775_006352-T1
GF00001024	TFCN152A1_002415-T1	DBVPG3775_006364-T1
GF00001025	TFCN152A1_002729-T1	DBVPG3775_002456-T1
GF00001026	TFCN152A1_008616-T1	DBVPG3775_004549-T1
GF00001027	TFCN152A1_002754-T1	DBVPG3775_007011-T1
GF00001028	TFCN152A1_002802-T1	DBVPG3775_007465-T1
GF00001029	TFCN152A1_002804-T1	DBVPG3775_006456-T1
GF00001030	TFCN152A1_002811-T1	DBVPG3775_006449-T1
GF00001031	TFCN152A1_003937-T1	DBVPG3775_001650-T1
GF00001032	TFCN152A1_002869-T1	DBVPG3775_001659-T1
GF00001033	TFCN152A1_002885-T1	DBVPG3775_001678-T1
GF00001034	TFCN152A1_002967-T1	DBVPG3775_000203-T1
GF00001035	TFCN152A1_011201-T1	DBVPG3775_000254-T1
GF00001036	TFCN152A1_003048-T1	DBVPG3775_000296-T1
GF00001037	TFCN152A1_003052-T1	DBVPG3775_000301-T1
GF00001038	TFCN152A1_007069-T1	DBVPG3775_000302-T1
GF00001039	TFCN152A1_003054-T1	DBVPG3775_003805-T1
GF00001040	TFCN152A1_003059-T1	DBVPG3775_003811-T1
GF00001041	TFCN152A1_009694-T1	DBVPG3775_003817-T1
GF00001042	TFCN152A1_003089-T1	DBVPG3775_006327-T1
GF00001043	TFCN152A1_003134-T1	DBVPG3775_007123-T1
GF00001044	TFCN152A1_009101-T1	DBVPG3775_006725-T1
GF00001045	TFCN152A1_007909-T1	DBVPG3775_003680-T1
GF00001046	TFCN152A1_003218-T1	DBVPG3775_003671-T1
GF00001047	TFCN152A1_003226-T1	DBVPG3775_003663-T1
GF00001048	TFCN152A1_007883-T1	DBVPG3775_003652-T1
GF00001049	TFCN152A1_007884-T1	DBVPG3775_003650-T1
GF00001050	TFCN152A1_005529-T1	DBVPG3775_002259-T1
GF00001051	TFCN152A1_003348-T1	DBVPG3775_000925-T1
GF00001052	TFCN152A1_010030-T1	DBVPG3775_004873-T1
GF00001053	TFCN152A1_003412-T1	DBVPG3775_005719-T1
GF00001054	TFCN152A1_003468-T1	DBVPG3775_004430-T1
GF00001055	TFCN152A1_010415-T1	DBVPG3775_000836-T1
GF00001056	TFCN152A1_010424-T1	DBVPG3775_000845-T1
GF00001057	TFCN152A1_003620-T1	DBVPG3775_000366-T1
GF00001058	TFCN152A1_003638-T1	DBVPG3775_000347-T1
GF00001059	TFCN152A1_003650-T1	DBVPG3775_000334-T1
GF00001060	TFCN152A1_003656-T1	DBVPG3775_000327-T1
GF00001061	TFCN152A1_012893-T1	DBVPG3775_004946-T1
GF00001062	TFCN152A1_005546-T1	DBVPG3775_002241-T1
GF00001063	TFCN152A1_005548-T1	DBVPG3775_002239-T1
GF00001064	TFCN152A1_003802-T1	DBVPG3775_002202-T1
GF00001065	TFCN152A1_005644-T1	DBVPG3775_002194-T1
GF00001066	TFCN152A1_003826-T1	DBVPG3775_002170-T1
GF00001067	TFCN152A1_003828-T1	DBVPG3775_002167-T1
GF00001068	TFCN152A1_003847-T1	DBVPG3775_002147-T1
GF00001069	TFCN152A1_003857-T1	DBVPG3775_002137-T1
GF00001070	TFCN152A1_006707-T1	DBVPG3775_006192-T1
GF00001071	TFCN152A1_003997-T1	DBVPG3775_006162-T1
GF00001072	TFCN152A1_011280-T1	DBVPG3775_000581-T1
GF00001073	TFCN152A1_010004-T1	DBVPG3775_006158-T1
GF00001074	TFCN152A1_004029-T1	DBVPG3775_007178-T1
GF00001075	TFCN152A1_004155-T1	DBVPG3775_005410-T1
GF00001076	TFCN152A1_007614-T1	DBVPG3775_006489-T1
GF00001077	TFCN152A1_004336-T1	DBVPG3775_001443-T1
GF00001078	TFCN152A1_009506-T1	DBVPG3775_007414-T1
GF00001079	TFCN152A1_004255-T1	DBVPG3775_004927-T1
GF00001080	TFCN152A1_011114-T1	DBVPG3775_006594-T1
GF00001081	TFCN152A1_009393-T1	DBVPG3775_004915-T1
GF00001082	TFCN152A1_009405-T1	DBVPG3775_004901-T1
GF00001083	TFCN152A1_009414-T1	DBVPG3775_004890-T1
GF00001084	TFCN152A1_005135-T1	DBVPG3775_005511-T1
GF00001085	TFCN152A1_004325-T1	DBVPG3775_001431-T1
GF00001086	TFCN152A1_004326-T1	DBVPG3775_001432-T1
GF00001087	TFCN152A1_012178-T1	DBVPG3775_001433-T1
GF00001088	TFCN152A1_009780-T1	DBVPG3775_001466-T1
GF00001089	TFCN152A1_004407-T1	DBVPG3775_002766-T1
GF00001090	TFCN152A1_011871-T1	DBVPG3775_001535-T1
GF00001091	TFCN152A1_004989-T1	DBVPG3775_002675-T1
GF00001092	TFCN152A1_004941-T1	DBVPG3775_000608-T1
GF00001093	TFCN152A1_004963-T1	DBVPG3775_004504-T1
GF00001094	TFCN152A1_005190-T1	DBVPG3775_002658-T1
GF00001095	TFCN152A1_009620-T1	DBVPG3775_007024-T1
GF00001096	TFCN152A1_005450-T1	DBVPG3775_002652-T1
GF00001097	TFCN152A1_005832-T1	DBVPG3775_001955-T1
GF00001098	TFCN152A1_005230-T1	DBVPG3775_001976-T1
GF00001099	TFCN152A1_005263-T1	DBVPG3775_002014-T1
GF00001100	TFCN152A1_008932-T1	DBVPG3775_002022-T1
GF00001101	TFCN152A1_007680-T1	DBVPG3775_002298-T1
GF00001102	TFCN152A1_006873-T1	DBVPG3775_004743-T1
GF00001103	TFCN152A1_005736-T1	DBVPG3775_004774-T1
GF00001104	TFCN152A1_011050-T1	DBVPG3775_004783-T1
GF00001105	TFCN152A1_011057-T1	DBVPG3775_004792-T1
GF00001106	TFCN152A1_011829-T1	DBVPG3775_001948-T1
GF00001107	TFCN152A1_005860-T1	DBVPG3775_001923-T1
GF00001108	TFCN152A1_005943-T1	DBVPG3775_005882-T1
GF00001109	TFCN152A1_011543-T1	DBVPG3775_005899-T1
GF00001110	TFCN152A1_005969-T1	DBVPG3775_005908-T1
GF00001111	TFCN152A1_006075-T1	DBVPG3775_001800-T1
GF00001112	TFCN152A1_006081-T1	DBVPG3775_001792-T1
GF00001113	TFCN152A1_006138-T1	DBVPG3775_005641-T1
GF00001114	TFCN152A1_006150-T1	DBVPG3775_007280-T1
GF00001115	TFCN152A1_006160-T1	DBVPG3775_007267-T1
GF00001116	TFCN152A1_010763-T1	DBVPG3775_007261-T1
GF00001117	TFCN152A1_008617-T1	DBVPG3775_004550-T1
GF00001118	TFCN152A1_006208-T1	DBVPG3775_004506-T1
GF00001119	TFCN152A1_006391-T1	DBVPG3775_003367-T1
GF00001120	TFCN152A1_009907-T1	DBVPG3775_002492-T1
GF00001121	TFCN152A1_006487-T1	DBVPG3775_002494-T1
GF00001122	TFCN152A1_006489-T1	DBVPG3775_002497-T1
GF00001123	TFCN152A1_006548-T1	DBVPG3775_006515-T1
GF00001124	TFCN152A1_011176-T1	DBVPG3775_004484-T1
GF00001125	TFCN152A1_008918-T1	DBVPG3775_006940-T1
GF00001126	TFCN152A1_006607-T1	DBVPG3775_006260-T1
GF00001127	TFCN152A1_011693-T1	DBVPG3775_004647-T1
GF00001128	TFCN152A1_009124-T1	DBVPG3775_007543-T1
GF00001129	TFCN152A1_011482-T1	DBVPG3775_000017-T1
GF00001130	TFCN152A1_009722-T1	DBVPG3775_000001-T1
GF00001131	TFCN152A1_008813-T1	DBVPG3775_000706-T1
GF00001132	TFCN152A1_006791-T1	DBVPG3775_007599-T1
GF00001133	TFCN152A1_009131-T1	DBVPG3775_004595-T1
GF00001134	TFCN152A1_006815-T1	DBVPG3775_004619-T1
GF00001135	TFCN152A1_007342-T1	DBVPG3775_004690-T1
GF00001136	TFCN152A1_007221-T1	DBVPG3775_003899-T1
GF00001137	TFCN152A1_007226-T1	DBVPG3775_003904-T1
GF00001138	TFCN152A1_007968-T1	DBVPG3775_001630-T1
GF00001139	TFCN152A1_007313-T1	DBVPG3775_001618-T1
GF00001140	TFCN152A1_010534-T1	DBVPG3775_001607-T1
GF00001141	TFCN152A1_007336-T1	DBVPG3775_004697-T1
GF00001142	TFCN152A1_007409-T1	DBVPG3775_003590-T1
GF00001143	TFCN152A1_007512-T1	DBVPG3775_006004-T1
GF00001144	TFCN152A1_007595-T1	DBVPG3775_006469-T1
GF00001145	TFCN152A1_007747-T1	DBVPG3775_001544-T1
GF00001146	TFCN152A1_007750-T1	DBVPG3775_001541-T1
GF00001147	TFCN152A1_011144-T1	DBVPG3775_001507-T1
GF00001148	TFCN152A1_009457-T1	DBVPG3775_003294-T1
GF00001149	TFCN152A1_009484-T1	DBVPG3775_003324-T1
GF00001150	TFCN152A1_012245-T1	DBVPG3775_001564-T1
GF00001151	TFCN152A1_013220-T1	DBVPG3775_006901-T1
GF00001152	TFCN152A1_008267-T1	DBVPG3775_007332-T1
GF00001153	TFCN152A1_010700-T1	DBVPG3775_006796-T1
GF00001154	TFCN152A1_008360-T1	DBVPG3775_001382-T1
GF00001155	TFCN152A1_012113-T1	DBVPG3775_006819-T1
GF00001156	TFCN152A1_011349-T1	DBVPG3775_002551-T1
GF00001157	TFCN152A1_008638-T1	DBVPG3775_003844-T1
GF00001158	TFCN152A1_008642-T1	DBVPG3775_003848-T1
GF00001159	TFCN152A1_010764-T1	DBVPG3775_007228-T1
GF00001160	TFCN152A1_008731-T1	DBVPG3775_006877-T1
GF00001161	TFCN152A1_010312-T1	DBVPG3775_000741-T1
GF00001162	TFCN152A1_008795-T1	DBVPG3775_000726-T1
GF00001163	TFCN152A1_010332-T1	DBVPG3775_000715-T1
GF00001164	TFCN152A1_012585-T1	DBVPG3775_004603-T1
GF00001165	TFCN152A1_009291-T1	DBVPG3775_006102-T1
GF00001166	TFCN152A1_009295-T1	DBVPG3775_006108-T1
GF00001167	TFCN152A1_010974-T1	DBVPG3775_006127-T1
GF00001168	TFCN152A1_009536-T1	DBVPG3775_005954-T1
GF00001169	TFCN152A1_009653-T1	DBVPG3775_006678-T1
GF00001170	TFCN152A1_011631-T1	DBVPG3775_007015-T1
GF00001171	TFCN152A1_011632-T1	DBVPG3775_007014-T1
GF00001172	TFCN152A1_012082-T1	DBVPG3775_002330-T1
GF00001173	TFCN152A1_011402-T1	DBVPG3775_002335-T1
GF00001174	TFCN152A1_009898-T1	DBVPG3775_002482-T1
GF00001175	TFCN152A1_010512-T1	DBVPG3775_004852-T1
GF00001176	TFCN152A1_012675-T1	DBVPG3775_002054-T1
GF00001177	TFCN152A1_010364-T1	DBVPG3775_000666-T1
GF00001178	TFCN152A1_010216-T1	DBVPG3775_004269-T1
GF00001179	TFCN152A1_010217-T1	DBVPG3775_004268-T1
GF00001180	TFCN152A1_010248-T1	DBVPG3775_002091-T1
GF00001181	TFCN152A1_012400-T1	DBVPG3775_004585-T1
GF00001182	TFCN152A1_010572-T1	DBVPG3775_004577-T1
GF00001183	TFCN152A1_011102-T1	DBVPG3775_004819-T1
GF00001184	TFCN152A1_010667-T1	DBVPG3775_002112-T1
GF00001185	TFCN152A1_010888-T1	DBVPG3775_007256-T1
GF00001186	TFCN152A1_011118-T1	DBVPG3775_007422-T1
GF00001187	TFCN152A1_011124-T1	DBVPG3775_007428-T1
GF00001188	TFCN152A1_012517-T1	DBVPG3775_002866-T1
GF00001189	TFCN152A1_011755-T1	DBVPG3775_002865-T1
GF00001190	TFCN152A1_012236-T1	DBVPG3775_007297-T1
GF00001191	TFCN152A1_012829-T1	DBVPG3775_007291-T1
GF00001192	TFCN152A1_012807-T1	DBVPG3775_007500-T1
GF00001193	TFCN152A1_012599-T1	DBVPG3775_006544-T1
GF00001194	TFCN152A1_011338-T1	DBVPG3775_002540-T1
GF00001195	TFCN152A1_008684-T1	DBVPG3775_000421-T1
GF00001196	TFCN152A1_012531-T1	DBVPG3775_004831-T1
GF00001197	TFCN152A1_005023-T1	DBVPG3775_006084-T1
GF00001198	TFCN152A1_000002-T1	DBVPG3775_003052-T1
GF00001199	TFCN152A1_000006-T1	DBVPG3775_003050-T1
GF00001200	TFCN152A1_000007-T1	DBVPG3775_003049-T1
GF00001201	TFCN152A1_001500-T1	DBVPG3775_005045-T1
GF00001202	TFCN152A1_001501-T1	DBVPG3775_005046-T1
GF00001203	TFCN152A1_001502-T1	DBVPG3775_005047-T1
GF00001204	TFCN152A1_000013-T1	DBVPG3775_005048-T1
GF00001205	TFCN152A1_005859-T1	DBVPG3775_001924-T1
GF00001206	TFCN152A1_003839-T1	DBVPG3775_002155-T1
GF00001207	TFCN152A1_012779-T1	DBVPG3775_003245-T1
GF00001208	TFCN152A1_001510-T1	DBVPG3775_005056-T1
GF00001209	TFCN152A1_001511-T1	DBVPG3775_005057-T1
GF00001210	TFCN152A1_000022-T1	DBVPG3775_005058-T1
GF00001211	TFCN152A1_000023-T1	DBVPG3775_005059-T1
GF00001212	TFCN152A1_000024-T1	DBVPG3775_005060-T1
GF00001213	TFCN152A1_000025-T1	DBVPG3775_005061-T1
GF00001214	TFCN152A1_000026-T1	DBVPG3775_005062-T1
GF00001215	TFCN152A1_000027-T1	DBVPG3775_005063-T1
GF00001216	TFCN152A1_001518-T1	DBVPG3775_005064-T1
GF00001217	TFCN152A1_000030-T1	DBVPG3775_005066-T1
GF00001218	TFCN152A1_001521-T1	DBVPG3775_005067-T1
GF00001219	TFCN152A1_000032-T1	DBVPG3775_005068-T1
GF00001220	TFCN152A1_001524-T1	DBVPG3775_005072-T1
GF00001221	TFCN152A1_001525-T1	DBVPG3775_005073-T1
GF00001222	TFCN152A1_000039-T1	DBVPG3775_005076-T1
GF00001223	TFCN152A1_001529-T1	DBVPG3775_005077-T1
GF00001224	TFCN152A1_000047-T1	DBVPG3775_005088-T1
GF00001225	TFCN152A1_000048-T1	DBVPG3775_005089-T1
GF00001226	TFCN152A1_001541-T1	DBVPG3775_005092-T1
GF00001227	TFCN152A1_006953-T1	DBVPG3775_004299-T1
GF00001228	TFCN152A1_001546-T1	DBVPG3775_005099-T1
GF00001229	TFCN152A1_001547-T1	DBVPG3775_005100-T1
GF00001230	TFCN152A1_001549-T1	DBVPG3775_005102-T1
GF00001231	TFCN152A1_001550-T1	DBVPG3775_005103-T1
GF00001232	TFCN152A1_001551-T1	DBVPG3775_005104-T1
GF00001233	TFCN152A1_001553-T1	DBVPG3775_005107-T1
GF00001234	TFCN152A1_001554-T1	DBVPG3775_005108-T1
GF00001235	TFCN152A1_000066-T1	DBVPG3775_005110-T1
GF00001236	TFCN152A1_001557-T1	DBVPG3775_005111-T1
GF00001237	TFCN152A1_003014-T1	DBVPG3775_000252-T1
GF00001238	TFCN152A1_001563-T1	DBVPG3775_005117-T1
GF00001239	TFCN152A1_000073-T1	DBVPG3775_005118-T1
GF00001240	TFCN152A1_001565-T1	DBVPG3775_005119-T1
GF00001241	TFCN152A1_001566-T1	DBVPG3775_005120-T1
GF00001242	TFCN152A1_000076-T1	DBVPG3775_005121-T1
GF00001243	TFCN152A1_001572-T1	DBVPG3775_005126-T1
GF00001244	TFCN152A1_000081-T1	DBVPG3775_005127-T1
GF00001245	TFCN152A1_001574-T1	DBVPG3775_005128-T1
GF00001246	TFCN152A1_000084-T1	DBVPG3775_005130-T1
GF00001247	TFCN152A1_001577-T1	DBVPG3775_005131-T1
GF00001248	TFCN152A1_000086-T1	DBVPG3775_005132-T1
GF00001249	TFCN152A1_000089-T1	DBVPG3775_005136-T1
GF00001250	TFCN152A1_000090-T1	DBVPG3775_005137-T1
GF00001251	TFCN152A1_001584-T1	DBVPG3775_005138-T1
GF00001252	TFCN152A1_000092-T1	DBVPG3775_005139-T1
GF00001253	TFCN152A1_001586-T1	DBVPG3775_005140-T1
GF00001254	TFCN152A1_000094-T1	DBVPG3775_005142-T1
GF00001255	TFCN152A1_008817-T1	DBVPG3775_003973-T1
GF00001256	TFCN152A1_008818-T1	DBVPG3775_003974-T1
GF00001257	TFCN152A1_000103-T1	DBVPG3775_003975-T1
GF00001258	TFCN152A1_008820-T1	DBVPG3775_003976-T1
GF00001259	TFCN152A1_008821-T1	DBVPG3775_003977-T1
GF00001260	TFCN152A1_008822-T1	DBVPG3775_003978-T1
GF00001261	TFCN152A1_000107-T1	DBVPG3775_003979-T1
GF00001262	TFCN152A1_008826-T1	DBVPG3775_003983-T1
GF00001263	TFCN152A1_008827-T1	DBVPG3775_003984-T1
GF00001264	TFCN152A1_000112-T1	DBVPG3775_003985-T1
GF00001265	TFCN152A1_000113-T1	DBVPG3775_003986-T1
GF00001266	TFCN152A1_000115-T1	DBVPG3775_003989-T1
GF00001267	TFCN152A1_000116-T1	DBVPG3775_003990-T1
GF00001268	TFCN152A1_000120-T1	DBVPG3775_003998-T1
GF00001269	TFCN152A1_008838-T1	DBVPG3775_003999-T1
GF00001270	TFCN152A1_000122-T1	DBVPG3775_004000-T1
GF00001271	TFCN152A1_000123-T1	DBVPG3775_004001-T1
GF00001272	TFCN152A1_000125-T1	DBVPG3775_004003-T1
GF00001273	TFCN152A1_000126-T1	DBVPG3775_004004-T1
GF00001274	TFCN152A1_008845-T1	DBVPG3775_004006-T1
GF00001275	TFCN152A1_008846-T1	DBVPG3775_004007-T1
GF00001276	TFCN152A1_008849-T1	DBVPG3775_004010-T1
GF00001277	TFCN152A1_008850-T1	DBVPG3775_004011-T1
GF00001278	TFCN152A1_008851-T1	DBVPG3775_004012-T1
GF00001279	TFCN152A1_000136-T1	DBVPG3775_004013-T1
GF00001280	TFCN152A1_000137-T1	DBVPG3775_004014-T1
GF00001281	TFCN152A1_008854-T1	DBVPG3775_004015-T1
GF00001282	TFCN152A1_000140-T1	DBVPG3775_004017-T1
GF00001283	TFCN152A1_000141-T1	DBVPG3775_004018-T1
GF00001284	TFCN152A1_010895-T1	DBVPG3775_004022-T1
GF00001285	TFCN152A1_000144-T1	DBVPG3775_004023-T1
GF00001286	TFCN152A1_000145-T1	DBVPG3775_004024-T1
GF00001287	TFCN152A1_010899-T1	DBVPG3775_004026-T1
GF00001288	TFCN152A1_000148-T1	DBVPG3775_004027-T1
GF00001289	TFCN152A1_000149-T1	DBVPG3775_004028-T1
GF00001290	TFCN152A1_000151-T1	DBVPG3775_004030-T1
GF00001291	TFCN152A1_000153-T1	DBVPG3775_004032-T1
GF00001292	TFCN152A1_010906-T1	DBVPG3775_004033-T1
GF00001293	TFCN152A1_002258-T1	DBVPG3775_002919-T1
GF00001294	TFCN152A1_010911-T1	DBVPG3775_004038-T1
GF00001295	TFCN152A1_010915-T1	DBVPG3775_004043-T1
GF00001296	TFCN152A1_010916-T1	DBVPG3775_004044-T1
GF00001297	TFCN152A1_010917-T1	DBVPG3775_004045-T1
GF00001298	TFCN152A1_000165-T1	DBVPG3775_004046-T1
GF00001299	TFCN152A1_007149-T1	DBVPG3775_004047-T1
GF00001300	TFCN152A1_000167-T1	DBVPG3775_004048-T1
GF00001301	TFCN152A1_007147-T1	DBVPG3775_004049-T1
GF00001302	TFCN152A1_000169-T1	DBVPG3775_004050-T1
GF00001303	TFCN152A1_001077-T1	DBVPG3775_005817-T1
GF00001304	TFCN152A1_007144-T1	DBVPG3775_004052-T1
GF00001305	TFCN152A1_000172-T1	DBVPG3775_004054-T1
GF00001306	TFCN152A1_000173-T1	DBVPG3775_004056-T1
GF00001307	TFCN152A1_007138-T1	DBVPG3775_004058-T1
GF00001308	TFCN152A1_000176-T1	DBVPG3775_004059-T1
GF00001309	TFCN152A1_007135-T1	DBVPG3775_004061-T1
GF00001310	TFCN152A1_000179-T1	DBVPG3775_004062-T1
GF00001311	TFCN152A1_007133-T1	DBVPG3775_004063-T1
GF00001312	TFCN152A1_007130-T1	DBVPG3775_004068-T1
GF00001313	TFCN152A1_007129-T1	DBVPG3775_004069-T1
GF00001314	TFCN152A1_007128-T1	DBVPG3775_004070-T1
GF00001315	TFCN152A1_000186-T1	DBVPG3775_004071-T1
GF00001316	TFCN152A1_007124-T1	DBVPG3775_004075-T1
GF00001317	TFCN152A1_007123-T1	DBVPG3775_004076-T1
GF00001318	TFCN152A1_000190-T1	DBVPG3775_004077-T1
GF00001319	TFCN152A1_007121-T1	DBVPG3775_004078-T1
GF00001320	TFCN152A1_007120-T1	DBVPG3775_004079-T1
GF00001321	TFCN152A1_000194-T1	DBVPG3775_004081-T1
GF00001322	TFCN152A1_007117-T1	DBVPG3775_004082-T1
GF00001323	TFCN152A1_000196-T1	DBVPG3775_004083-T1
GF00001324	TFCN152A1_000197-T1	DBVPG3775_004084-T1
GF00001325	TFCN152A1_000916-T1	DBVPG3775_004137-T1
GF00001326	TFCN152A1_007111-T1	DBVPG3775_004088-T1
GF00001327	TFCN152A1_000202-T1	DBVPG3775_004091-T1
GF00001328	TFCN152A1_000203-T1	DBVPG3775_004092-T1
GF00001329	TFCN152A1_007107-T1	DBVPG3775_004093-T1
GF00001330	TFCN152A1_000205-T1	DBVPG3775_004094-T1
GF00001331	TFCN152A1_007105-T1	DBVPG3775_004095-T1
GF00001332	TFCN152A1_000207-T1	DBVPG3775_004096-T1
GF00001333	TFCN152A1_000209-T1	DBVPG3775_004098-T1
GF00001334	TFCN152A1_000212-T1	DBVPG3775_004101-T1
GF00001335	TFCN152A1_000213-T1	DBVPG3775_004102-T1
GF00001336	TFCN152A1_007097-T1	DBVPG3775_004104-T1
GF00001337	TFCN152A1_000216-T1	DBVPG3775_004105-T1
GF00001338	TFCN152A1_000217-T1	DBVPG3775_004106-T1
GF00001339	TFCN152A1_004116-T1	DBVPG3775_004162-T1
GF00001340	TFCN152A1_007093-T1	DBVPG3775_004109-T1
GF00001341	TFCN152A1_000223-T1	DBVPG3775_004110-T1
GF00001342	TFCN152A1_000224-T1	DBVPG3775_004111-T1
GF00001343	TFCN152A1_006907-T1	DBVPG3775_004349-T1
GF00001344	TFCN152A1_000230-T1	DBVPG3775_004345-T1
GF00001345	TFCN152A1_006910-T1	DBVPG3775_004344-T1
GF00001346	TFCN152A1_000232-T1	DBVPG3775_004343-T1
GF00001347	TFCN152A1_006913-T1	DBVPG3775_004341-T1
GF00001348	TFCN152A1_000237-T1	DBVPG3775_004337-T1
GF00001349	TFCN152A1_006920-T1	DBVPG3775_004334-T1
GF00001350	TFCN152A1_000242-T1	DBVPG3775_004330-T1
GF00001351	TFCN152A1_003986-T1	DBVPG3775_006175-T1
GF00001352	TFCN152A1_006926-T1	DBVPG3775_004328-T1
GF00001353	TFCN152A1_000248-T1	DBVPG3775_004322-T1
GF00001354	TFCN152A1_000249-T1	DBVPG3775_004321-T1
GF00001355	TFCN152A1_006935-T1	DBVPG3775_004317-T1
GF00001356	TFCN152A1_006936-T1	DBVPG3775_004316-T1
GF00001357	TFCN152A1_000255-T1	DBVPG3775_004315-T1
GF00001358	TFCN152A1_000256-T1	DBVPG3775_004314-T1
GF00001359	TFCN152A1_006939-T1	DBVPG3775_004313-T1
GF00001360	TFCN152A1_006940-T1	DBVPG3775_004312-T1
GF00001361	TFCN152A1_006948-T1	DBVPG3775_004304-T1
GF00001362	TFCN152A1_006949-T1	DBVPG3775_004303-T1
GF00001363	TFCN152A1_000265-T1	DBVPG3775_004302-T1
GF00001364	TFCN152A1_006951-T1	DBVPG3775_004301-T1
GF00001365	TFCN152A1_000269-T1	DBVPG3775_004297-T1
GF00001366	TFCN152A1_006955-T1	DBVPG3775_004296-T1
GF00001367	TFCN152A1_000271-T1	DBVPG3775_004295-T1
GF00001368	TFCN152A1_000276-T1	DBVPG3775_004292-T1
GF00001369	TFCN152A1_000277-T1	DBVPG3775_004291-T1
GF00001370	TFCN152A1_000278-T1	DBVPG3775_004290-T1
GF00001371	TFCN152A1_010200-T1	DBVPG3775_004286-T1
GF00001372	TFCN152A1_000284-T1	DBVPG3775_004284-T1
GF00001373	TFCN152A1_010203-T1	DBVPG3775_004283-T1
GF00001374	TFCN152A1_010204-T1	DBVPG3775_004282-T1
GF00001375	TFCN152A1_000287-T1	DBVPG3775_004281-T1
GF00001376	TFCN152A1_010206-T1	DBVPG3775_004280-T1
GF00001377	TFCN152A1_010208-T1	DBVPG3775_004278-T1
GF00001378	TFCN152A1_010131-T1	DBVPG3775_006341-T1
GF00001379	TFCN152A1_010210-T1	DBVPG3775_004276-T1
GF00001380	TFCN152A1_010212-T1	DBVPG3775_004274-T1
GF00001381	TFCN152A1_000296-T1	DBVPG3775_004271-T1
GF00001382	TFCN152A1_000297-T1	DBVPG3775_004270-T1
GF00001383	TFCN152A1_006999-T1	DBVPG3775_001078-T1
GF00001384	TFCN152A1_000300-T1	DBVPG3775_001079-T1
GF00001385	TFCN152A1_003607-T1	DBVPG3775_000384-T1
GF00001386	TFCN152A1_000308-T1	DBVPG3775_001091-T1
GF00001387	TFCN152A1_000310-T1	DBVPG3775_001093-T1
GF00001388	TFCN152A1_009471-T1	DBVPG3775_003308-T1
GF00001389	TFCN152A1_003554-T1	DBVPG3775_000866-T1
GF00001390	TFCN152A1_002624-T1	DBVPG3775_005243-T1
GF00001391	TFCN152A1_000312-T1	DBVPG3775_001095-T1
GF00001392	TFCN152A1_006980-T1	DBVPG3775_001098-T1
GF00001393	TFCN152A1_006979-T1	DBVPG3775_001099-T1
GF00001394	TFCN152A1_006978-T1	DBVPG3775_001100-T1
GF00001395	TFCN152A1_000318-T1	DBVPG3775_001102-T1
GF00001396	TFCN152A1_000319-T1	DBVPG3775_001103-T1
GF00001397	TFCN152A1_003685-T1	DBVPG3775_005039-T1
GF00001398	TFCN152A1_006970-T1	DBVPG3775_001108-T1
GF00001399	TFCN152A1_006969-T1	DBVPG3775_001109-T1
GF00001400	TFCN152A1_006968-T1	DBVPG3775_001110-T1
GF00001401	TFCN152A1_000325-T1	DBVPG3775_001111-T1
GF00001402	TFCN152A1_000328-T1	DBVPG3775_001114-T1
GF00001403	TFCN152A1_000329-T1	DBVPG3775_001115-T1
GF00001404	TFCN152A1_000850-T1	DBVPG3775_001120-T1
GF00001405	TFCN152A1_000849-T1	DBVPG3775_001121-T1
GF00001406	TFCN152A1_000846-T1	DBVPG3775_001124-T1
GF00001407	TFCN152A1_000338-T1	DBVPG3775_001125-T1
GF00001408	TFCN152A1_000839-T1	DBVPG3775_001132-T1
GF00001409	TFCN152A1_000343-T1	DBVPG3775_001133-T1
GF00001410	TFCN152A1_000346-T1	DBVPG3775_001137-T1
GF00001411	TFCN152A1_000347-T1	DBVPG3775_001138-T1
GF00001412	TFCN152A1_000348-T1	DBVPG3775_001139-T1
GF00001413	TFCN152A1_000830-T1	DBVPG3775_001142-T1
GF00001414	TFCN152A1_000351-T1	DBVPG3775_001143-T1
GF00001415	TFCN152A1_000828-T1	DBVPG3775_001144-T1
GF00001416	TFCN152A1_000827-T1	DBVPG3775_001145-T1
GF00001417	TFCN152A1_000354-T1	DBVPG3775_001146-T1
GF00001418	TFCN152A1_000355-T1	DBVPG3775_001147-T1
GF00001419	TFCN152A1_000357-T1	DBVPG3775_001149-T1
GF00001420	TFCN152A1_000822-T1	DBVPG3775_001151-T1
GF00001421	TFCN152A1_000359-T1	DBVPG3775_001152-T1
GF00001422	TFCN152A1_000360-T1	DBVPG3775_001153-T1
GF00001423	TFCN152A1_000818-T1	DBVPG3775_001156-T1
GF00001424	TFCN152A1_000817-T1	DBVPG3775_001157-T1
GF00001425	TFCN152A1_000816-T1	DBVPG3775_001158-T1
GF00001426	TFCN152A1_000366-T1	DBVPG3775_001159-T1
GF00001427	TFCN152A1_000814-T1	DBVPG3775_001160-T1
GF00001428	TFCN152A1_000813-T1	DBVPG3775_001162-T1
GF00001429	TFCN152A1_000812-T1	DBVPG3775_001163-T1
GF00001430	TFCN152A1_000811-T1	DBVPG3775_001164-T1
GF00001431	TFCN152A1_000810-T1	DBVPG3775_001165-T1
GF00001432	TFCN152A1_000809-T1	DBVPG3775_001166-T1
GF00001433	TFCN152A1_000807-T1	DBVPG3775_001168-T1
GF00001434	TFCN152A1_000377-T1	DBVPG3775_001171-T1
GF00001435	TFCN152A1_000802-T1	DBVPG3775_001174-T1
GF00001436	TFCN152A1_000801-T1	DBVPG3775_001175-T1
GF00001437	TFCN152A1_000382-T1	DBVPG3775_001176-T1
GF00001438	TFCN152A1_000798-T1	DBVPG3775_001178-T1
GF00001439	TFCN152A1_000384-T1	DBVPG3775_001179-T1
GF00001440	TFCN152A1_000796-T1	DBVPG3775_001180-T1
GF00001441	TFCN152A1_000386-T1	DBVPG3775_001181-T1
GF00001442	TFCN152A1_000387-T1	DBVPG3775_001182-T1
GF00001443	TFCN152A1_000388-T1	DBVPG3775_001183-T1
GF00001444	TFCN152A1_000389-T1	DBVPG3775_001184-T1
GF00001445	TFCN152A1_000390-T1	DBVPG3775_001185-T1
GF00001446	TFCN152A1_000391-T1	DBVPG3775_001186-T1
GF00001447	TFCN152A1_000789-T1	DBVPG3775_001187-T1
GF00001448	TFCN152A1_000787-T1	DBVPG3775_001190-T1
GF00001449	TFCN152A1_000785-T1	DBVPG3775_001193-T1
GF00001450	TFCN152A1_000396-T1	DBVPG3775_001194-T1
GF00001451	TFCN152A1_000783-T1	DBVPG3775_001195-T1
GF00001452	TFCN152A1_000398-T1	DBVPG3775_001196-T1
GF00001453	TFCN152A1_000781-T1	DBVPG3775_001197-T1
GF00001454	TFCN152A1_000400-T1	DBVPG3775_001198-T1
GF00001455	TFCN152A1_000779-T1	DBVPG3775_001199-T1
GF00001456	TFCN152A1_000778-T1	DBVPG3775_001200-T1
GF00001457	TFCN152A1_000776-T1	DBVPG3775_001202-T1
GF00001458	TFCN152A1_000406-T1	DBVPG3775_001204-T1
GF00001459	TFCN152A1_000407-T1	DBVPG3775_001205-T1
GF00001460	TFCN152A1_000408-T1	DBVPG3775_001206-T1
GF00001461	TFCN152A1_000409-T1	DBVPG3775_001207-T1
GF00001462	TFCN152A1_000412-T1	DBVPG3775_001212-T1
GF00001463	TFCN152A1_000415-T1	DBVPG3775_001217-T1
GF00001464	TFCN152A1_000760-T1	DBVPG3775_001218-T1
GF00001465	TFCN152A1_000759-T1	DBVPG3775_001219-T1
GF00001466	TFCN152A1_000418-T1	DBVPG3775_001220-T1
GF00001467	TFCN152A1_000757-T1	DBVPG3775_001221-T1
GF00001468	TFCN152A1_000420-T1	DBVPG3775_001222-T1
GF00001469	TFCN152A1_000755-T1	DBVPG3775_001223-T1
GF00001470	TFCN152A1_000422-T1	DBVPG3775_001224-T1
GF00001471	TFCN152A1_000423-T1	DBVPG3775_001225-T1
GF00001472	TFCN152A1_000752-T1	DBVPG3775_001226-T1
GF00001473	TFCN152A1_000751-T1	DBVPG3775_001227-T1
GF00001474	TFCN152A1_000426-T1	DBVPG3775_001228-T1
GF00001475	TFCN152A1_000427-T1	DBVPG3775_001229-T1
GF00001476	TFCN152A1_000745-T1	DBVPG3775_001233-T1
GF00001477	TFCN152A1_000744-T1	DBVPG3775_001234-T1
GF00001478	TFCN152A1_000740-T1	DBVPG3775_001238-T1
GF00001479	TFCN152A1_000739-T1	DBVPG3775_001239-T1
GF00001480	TFCN152A1_000738-T1	DBVPG3775_001240-T1
GF00001481	TFCN152A1_000437-T1	DBVPG3775_001242-T1
GF00001482	TFCN152A1_000440-T1	DBVPG3775_001246-T1
GF00001483	TFCN152A1_000441-T1	DBVPG3775_001247-T1
GF00001484	TFCN152A1_000443-T1	DBVPG3775_001250-T1
GF00001485	TFCN152A1_007276-T1	DBVPG3775_005433-T1
GF00001486	TFCN152A1_000729-T1	DBVPG3775_001252-T1
GF00001487	TFCN152A1_000445-T1	DBVPG3775_001253-T1
GF00001488	TFCN152A1_000446-T1	DBVPG3775_001254-T1
GF00001489	TFCN152A1_000725-T1	DBVPG3775_001256-T1
GF00001490	TFCN152A1_000449-T1	DBVPG3775_001257-T1
GF00001491	TFCN152A1_000723-T1	DBVPG3775_001258-T1
GF00001492	TFCN152A1_000722-T1	DBVPG3775_001259-T1
GF00001493	TFCN152A1_000718-T1	DBVPG3775_001265-T1
GF00001494	TFCN152A1_000716-T1	DBVPG3775_001267-T1
GF00001495	TFCN152A1_000715-T1	DBVPG3775_001268-T1
GF00001496	TFCN152A1_000714-T1	DBVPG3775_001269-T1
GF00001497	TFCN152A1_000713-T1	DBVPG3775_001271-T1
GF00001498	TFCN152A1_000461-T1	DBVPG3775_001272-T1
GF00001499	TFCN152A1_000462-T1	DBVPG3775_001273-T1
GF00001500	TFCN152A1_000463-T1	DBVPG3775_001274-T1
GF00001501	TFCN152A1_000708-T1	DBVPG3775_001276-T1
GF00001502	TFCN152A1_000707-T1	DBVPG3775_001277-T1
GF00001503	TFCN152A1_005629-T1	DBVPG3775_002169-T1
GF00001504	TFCN152A1_000706-T1	DBVPG3775_001278-T1
GF00001505	TFCN152A1_000468-T1	DBVPG3775_001281-T1
GF00001506	TFCN152A1_000703-T1	DBVPG3775_001282-T1
GF00001507	TFCN152A1_000701-T1	DBVPG3775_001284-T1
GF00001508	TFCN152A1_000473-T1	DBVPG3775_001289-T1
GF00001509	TFCN152A1_000475-T1	DBVPG3775_001294-T1
GF00001510	TFCN152A1_000693-T1	DBVPG3775_001295-T1
GF00001511	TFCN152A1_000689-T1	DBVPG3775_001299-T1
GF00001512	TFCN152A1_000688-T1	DBVPG3775_001300-T1
GF00001513	TFCN152A1_000686-T1	DBVPG3775_001302-T1
GF00001514	TFCN152A1_000483-T1	DBVPG3775_001303-T1
GF00001515	TFCN152A1_003761-T1	DBVPG3775_004952-T1
GF00001516	TFCN152A1_003760-T1	DBVPG3775_004953-T1
GF00001517	TFCN152A1_003758-T1	DBVPG3775_004955-T1
GF00001518	TFCN152A1_003756-T1	DBVPG3775_004957-T1
GF00001519	TFCN152A1_000492-T1	DBVPG3775_004967-T1
GF00001520	TFCN152A1_003747-T1	DBVPG3775_004973-T1
GF00001521	TFCN152A1_000497-T1	DBVPG3775_004974-T1
GF00001522	TFCN152A1_000500-T1	DBVPG3775_004976-T1
GF00001523	TFCN152A1_008366-T1	DBVPG3775_001388-T1
GF00001524	TFCN152A1_000503-T1	DBVPG3775_004980-T1
GF00001525	TFCN152A1_000506-T1	DBVPG3775_004983-T1
GF00001526	TFCN152A1_003737-T1	DBVPG3775_004984-T1
GF00001527	TFCN152A1_000508-T1	DBVPG3775_004985-T1
GF00001528	TFCN152A1_003734-T1	DBVPG3775_004988-T1
GF00001529	TFCN152A1_006656-T1	DBVPG3775_006598-T1
GF00001530	TFCN152A1_000511-T1	DBVPG3775_004990-T1
GF00001531	TFCN152A1_003711-T1	DBVPG3775_005012-T1
GF00001532	TFCN152A1_003712-T1	DBVPG3775_005011-T1
GF00001533	TFCN152A1_003713-T1	DBVPG3775_005010-T1
GF00001534	TFCN152A1_000519-T1	DBVPG3775_005009-T1
GF00001535	TFCN152A1_003715-T1	DBVPG3775_005008-T1
GF00001536	TFCN152A1_000521-T1	DBVPG3775_005007-T1
GF00001537	TFCN152A1_003718-T1	DBVPG3775_005005-T1
GF00001538	TFCN152A1_003719-T1	DBVPG3775_005004-T1
GF00001539	TFCN152A1_003720-T1	DBVPG3775_005003-T1
GF00001540	TFCN152A1_000527-T1	DBVPG3775_004999-T1
GF00001541	TFCN152A1_000529-T1	DBVPG3775_004997-T1
GF00001542	TFCN152A1_003726-T1	DBVPG3775_004996-T1
GF00001543	TFCN152A1_000531-T1	DBVPG3775_004995-T1
GF00001544	TFCN152A1_000532-T1	DBVPG3775_004994-T1
GF00001545	TFCN152A1_000533-T1	DBVPG3775_004993-T1
GF00001546	TFCN152A1_000534-T1	DBVPG3775_004992-T1
GF00001547	TFCN152A1_003731-T1	DBVPG3775_004991-T1
GF00001548	TFCN152A1_000536-T1	DBVPG3775_005017-T1
GF00001549	TFCN152A1_003704-T1	DBVPG3775_005018-T1
GF00001550	TFCN152A1_000538-T1	DBVPG3775_005019-T1
GF00001551	TFCN152A1_003702-T1	DBVPG3775_005021-T1
GF00001552	TFCN152A1_002148-T1	DBVPG3775_005219-T1
GF00001553	TFCN152A1_000543-T1	DBVPG3775_005024-T1
GF00001554	TFCN152A1_000544-T1	DBVPG3775_005025-T1
GF00001555	TFCN152A1_000546-T1	DBVPG3775_005027-T1
GF00001556	TFCN152A1_003694-T1	DBVPG3775_005030-T1
GF00001557	TFCN152A1_003693-T1	DBVPG3775_005031-T1
GF00001558	TFCN152A1_000550-T1	DBVPG3775_005032-T1
GF00001559	TFCN152A1_000551-T1	DBVPG3775_005033-T1
GF00001560	TFCN152A1_003304-T1	DBVPG3775_000962-T1
GF00001561	TFCN152A1_000553-T1	DBVPG3775_005035-T1
GF00001562	TFCN152A1_000554-T1	DBVPG3775_005036-T1
GF00001563	TFCN152A1_003687-T1	DBVPG3775_005037-T1
GF00001564	TFCN152A1_003684-T1	DBVPG3775_005040-T1
GF00001565	TFCN152A1_000560-T1	DBVPG3775_005042-T1
GF00001566	TFCN152A1_000563-T1	DBVPG3775_003687-T1
GF00001567	TFCN152A1_010432-T1	DBVPG3775_003689-T1
GF00001568	TFCN152A1_000566-T1	DBVPG3775_003692-T1
GF00001569	TFCN152A1_000567-T1	DBVPG3775_003693-T1
GF00001570	TFCN152A1_000568-T1	DBVPG3775_003694-T1
GF00001571	TFCN152A1_010438-T1	DBVPG3775_003695-T1
GF00001572	TFCN152A1_000572-T1	DBVPG3775_003700-T1
GF00001573	TFCN152A1_000573-T1	DBVPG3775_003701-T1
GF00001574	TFCN152A1_010445-T1	DBVPG3775_003705-T1
GF00001575	TFCN152A1_000581-T1	DBVPG3775_003710-T1
GF00001576	TFCN152A1_010452-T1	DBVPG3775_003712-T1
GF00001577	TFCN152A1_010453-T1	DBVPG3775_003713-T1
GF00001578	TFCN152A1_000585-T1	DBVPG3775_003714-T1
GF00001579	TFCN152A1_000586-T1	DBVPG3775_003715-T1
GF00001580	TFCN152A1_000587-T1	DBVPG3775_003716-T1
GF00001581	TFCN152A1_010459-T1	DBVPG3775_003719-T1
GF00001582	TFCN152A1_010460-T1	DBVPG3775_003720-T1
GF00001583	TFCN152A1_000591-T1	DBVPG3775_003721-T1
GF00001584	TFCN152A1_004678-T1	DBVPG3775_003722-T1
GF00001585	TFCN152A1_004679-T1	DBVPG3775_003723-T1
GF00001586	TFCN152A1_004683-T1	DBVPG3775_003727-T1
GF00001587	TFCN152A1_000597-T1	DBVPG3775_003728-T1
GF00001588	TFCN152A1_000599-T1	DBVPG3775_003731-T1
GF00001589	TFCN152A1_000601-T1	DBVPG3775_003733-T1
GF00001590	TFCN152A1_000602-T1	DBVPG3775_003734-T1
GF00001591	TFCN152A1_004691-T1	DBVPG3775_003735-T1
GF00001592	TFCN152A1_004692-T1	DBVPG3775_003736-T1
GF00001593	TFCN152A1_004693-T1	DBVPG3775_003737-T1
GF00001594	TFCN152A1_004696-T1	DBVPG3775_003740-T1
GF00001595	TFCN152A1_012554-T1	DBVPG3775_006794-T1
GF00001596	TFCN152A1_004701-T1	DBVPG3775_003745-T1
GF00001597	TFCN152A1_004704-T1	DBVPG3775_003748-T1
GF00001598	TFCN152A1_000616-T1	DBVPG3775_003749-T1
GF00001599	TFCN152A1_000617-T1	DBVPG3775_003750-T1
GF00001600	TFCN152A1_000618-T1	DBVPG3775_003751-T1
GF00001601	TFCN152A1_000619-T1	DBVPG3775_003752-T1
GF00001602	TFCN152A1_000623-T1	DBVPG3775_003756-T1
GF00001603	TFCN152A1_000624-T1	DBVPG3775_003757-T1
GF00001604	TFCN152A1_000625-T1	DBVPG3775_003758-T1
GF00001605	TFCN152A1_004714-T1	DBVPG3775_003760-T1
GF00001606	TFCN152A1_004715-T1	DBVPG3775_003761-T1
GF00001607	TFCN152A1_004717-T1	DBVPG3775_003763-T1
GF00001608	TFCN152A1_004718-T1	DBVPG3775_003764-T1
GF00001609	TFCN152A1_004719-T1	DBVPG3775_003765-T1
GF00001610	TFCN152A1_004723-T1	DBVPG3775_003769-T1
GF00001611	TFCN152A1_004725-T1	DBVPG3775_003771-T1
GF00001612	TFCN152A1_004726-T1	DBVPG3775_003772-T1
GF00001613	TFCN152A1_004728-T1	DBVPG3775_003774-T1
GF00001614	TFCN152A1_000641-T1	DBVPG3775_003777-T1
GF00001615	TFCN152A1_004732-T1	DBVPG3775_003778-T1
GF00001616	TFCN152A1_009859-T1	DBVPG3775_002321-T1
GF00001617	TFCN152A1_004738-T1	DBVPG3775_003786-T1
GF00001618	TFCN152A1_000648-T1	DBVPG3775_003787-T1
GF00001619	TFCN152A1_004740-T1	DBVPG3775_003788-T1
GF00001620	TFCN152A1_003582-T1	DBVPG3775_000411-T1
GF00001621	TFCN152A1_004745-T1	DBVPG3775_003793-T1
GF00001622	TFCN152A1_000656-T1	DBVPG3775_003796-T1
GF00001623	TFCN152A1_000657-T1	DBVPG3775_003797-T1
GF00001624	TFCN152A1_004750-T1	DBVPG3775_003798-T1
GF00001625	TFCN152A1_000659-T1	DBVPG3775_003799-T1
GF00001626	TFCN152A1_000662-T1	DBVPG3775_003804-T1
GF00001627	TFCN152A1_011425-T1	DBVPG3775_001335-T1
GF00001628	TFCN152A1_000665-T1	DBVPG3775_001332-T1
GF00001629	TFCN152A1_011421-T1	DBVPG3775_001331-T1
GF00001630	TFCN152A1_000667-T1	DBVPG3775_001330-T1
GF00001631	TFCN152A1_000669-T1	DBVPG3775_001327-T1
GF00001632	TFCN152A1_000670-T1	DBVPG3775_001326-T1
GF00001633	TFCN152A1_000671-T1	DBVPG3775_001325-T1
GF00001634	TFCN152A1_011415-T1	DBVPG3775_001324-T1
GF00001635	TFCN152A1_000673-T1	DBVPG3775_001323-T1
GF00001636	TFCN152A1_000676-T1	DBVPG3775_001318-T1
GF00001637	TFCN152A1_000677-T1	DBVPG3775_001317-T1
GF00001638	TFCN152A1_011409-T1	DBVPG3775_001316-T1
GF00001639	TFCN152A1_011405-T1	DBVPG3775_001309-T1
GF00001640	TFCN152A1_011404-T1	DBVPG3775_001308-T1
GF00001641	TFCN152A1_012220-T1	DBVPG3775_002542-T1
GF00001642	TFCN152A1_000855-T1	DBVPG3775_007091-T1
GF00001643	TFCN152A1_000856-T1	DBVPG3775_007090-T1
GF00001644	TFCN152A1_000858-T1	DBVPG3775_007088-T1
GF00001645	TFCN152A1_000859-T1	DBVPG3775_007087-T1
GF00001646	TFCN152A1_006699-T1	DBVPG3775_007085-T1
GF00001647	TFCN152A1_000862-T1	DBVPG3775_007084-T1
GF00001648	TFCN152A1_006702-T1	DBVPG3775_007082-T1
GF00001649	TFCN152A1_000865-T1	DBVPG3775_007081-T1
GF00001650	TFCN152A1_000866-T1	DBVPG3775_007080-T1
GF00001651	TFCN152A1_000869-T1	DBVPG3775_007077-T1
GF00001652	TFCN152A1_011527-T1	DBVPG3775_007076-T1
GF00001653	TFCN152A1_000871-T1	DBVPG3775_007075-T1
GF00001654	TFCN152A1_000873-T1	DBVPG3775_007073-T1
GF00001655	TFCN152A1_011523-T1	DBVPG3775_007072-T1
GF00001656	TFCN152A1_000875-T1	DBVPG3775_007071-T1
GF00001657	TFCN152A1_000876-T1	DBVPG3775_007070-T1
GF00001658	TFCN152A1_000877-T1	DBVPG3775_007069-T1
GF00001659	TFCN152A1_000879-T1	DBVPG3775_007067-T1
GF00001660	TFCN152A1_000880-T1	DBVPG3775_007066-T1
GF00001661	TFCN152A1_000884-T1	DBVPG3775_007062-T1
GF00001662	TFCN152A1_011513-T1	DBVPG3775_007061-T1
GF00001663	TFCN152A1_000886-T1	DBVPG3775_007060-T1
GF00001664	TFCN152A1_000888-T1	DBVPG3775_007058-T1
GF00001665	TFCN152A1_000889-T1	DBVPG3775_007057-T1
GF00001666	TFCN152A1_000891-T1	DBVPG3775_007055-T1
GF00001667	TFCN152A1_011506-T1	DBVPG3775_007054-T1
GF00001668	TFCN152A1_000893-T1	DBVPG3775_007053-T1
GF00001669	TFCN152A1_000894-T1	DBVPG3775_007052-T1
GF00001670	TFCN152A1_011503-T1	DBVPG3775_007051-T1
GF00001671	TFCN152A1_008702-T1	DBVPG3775_004115-T1
GF00001672	TFCN152A1_000903-T1	DBVPG3775_004121-T1
GF00001673	TFCN152A1_000905-T1	DBVPG3775_004123-T1
GF00001674	TFCN152A1_008695-T1	DBVPG3775_004124-T1
GF00001675	TFCN152A1_008694-T1	DBVPG3775_004125-T1
GF00001676	TFCN152A1_005483-T1	DBVPG3775_002306-T1
GF00001677	TFCN152A1_000908-T1	DBVPG3775_004126-T1
GF00001678	TFCN152A1_008689-T1	DBVPG3775_004129-T1
GF00001679	TFCN152A1_008688-T1	DBVPG3775_004130-T1
GF00001680	TFCN152A1_008687-T1	DBVPG3775_004131-T1
GF00001681	TFCN152A1_002277-T1	DBVPG3775_002899-T1
GF00001682	TFCN152A1_000920-T1	DBVPG3775_004142-T1
GF00001683	TFCN152A1_008677-T1	DBVPG3775_004143-T1
GF00001684	TFCN152A1_000923-T1	DBVPG3775_004146-T1
GF00001685	TFCN152A1_000924-T1	DBVPG3775_004147-T1
GF00001686	TFCN152A1_004128-T1	DBVPG3775_004151-T1
GF00001687	TFCN152A1_000929-T1	DBVPG3775_004152-T1
GF00001688	TFCN152A1_000935-T1	DBVPG3775_004158-T1
GF00001689	TFCN152A1_000936-T1	DBVPG3775_004159-T1
GF00001690	TFCN152A1_000937-T1	DBVPG3775_004160-T1
GF00001691	TFCN152A1_004117-T1	DBVPG3775_004161-T1
GF00001692	TFCN152A1_004113-T1	DBVPG3775_004166-T1
GF00001693	TFCN152A1_004111-T1	DBVPG3775_004168-T1
GF00001694	TFCN152A1_004110-T1	DBVPG3775_004169-T1
GF00001695	TFCN152A1_000946-T1	DBVPG3775_004170-T1
GF00001696	TFCN152A1_000949-T1	DBVPG3775_004173-T1
GF00001697	TFCN152A1_000950-T1	DBVPG3775_004174-T1
GF00001698	TFCN152A1_004105-T1	DBVPG3775_004175-T1
GF00001699	TFCN152A1_000953-T1	DBVPG3775_004178-T1
GF00001700	TFCN152A1_004095-T1	DBVPG3775_004189-T1
GF00001701	TFCN152A1_000960-T1	DBVPG3775_004190-T1
GF00001702	TFCN152A1_000961-T1	DBVPG3775_004191-T1
GF00001703	TFCN152A1_000962-T1	DBVPG3775_004192-T1
GF00001704	TFCN152A1_000965-T1	DBVPG3775_004197-T1
GF00001705	TFCN152A1_004086-T1	DBVPG3775_004198-T1
GF00001706	TFCN152A1_000968-T1	DBVPG3775_004201-T1
GF00001707	TFCN152A1_004081-T1	DBVPG3775_004203-T1
GF00001708	TFCN152A1_004080-T1	DBVPG3775_004204-T1
GF00001709	TFCN152A1_004079-T1	DBVPG3775_004205-T1
GF00001710	TFCN152A1_000974-T1	DBVPG3775_004208-T1
GF00001711	TFCN152A1_000979-T1	DBVPG3775_004209-T1
GF00001712	TFCN152A1_007075-T1	DBVPG3775_000294-T1
GF00001713	TFCN152A1_000984-T1	DBVPG3775_004214-T1
GF00001714	TFCN152A1_000985-T1	DBVPG3775_004215-T1
GF00001715	TFCN152A1_000986-T1	DBVPG3775_004216-T1
GF00001716	TFCN152A1_000987-T1	DBVPG3775_004217-T1
GF00001717	TFCN152A1_004068-T1	DBVPG3775_004218-T1
GF00001718	TFCN152A1_000989-T1	DBVPG3775_004219-T1
GF00001719	TFCN152A1_000990-T1	DBVPG3775_004220-T1
GF00001720	TFCN152A1_004065-T1	DBVPG3775_004221-T1
GF00001721	TFCN152A1_004064-T1	DBVPG3775_004222-T1
GF00001722	TFCN152A1_000994-T1	DBVPG3775_004225-T1
GF00001723	TFCN152A1_000995-T1	DBVPG3775_004226-T1
GF00001724	TFCN152A1_000997-T1	DBVPG3775_004229-T1
GF00001725	TFCN152A1_000999-T1	DBVPG3775_004231-T1
GF00001726	TFCN152A1_001001-T1	DBVPG3775_004233-T1
GF00001727	TFCN152A1_004054-T1	DBVPG3775_004234-T1
GF00001728	TFCN152A1_001003-T1	DBVPG3775_004235-T1
GF00001729	TFCN152A1_001004-T1	DBVPG3775_004236-T1
GF00001730	TFCN152A1_004051-T1	DBVPG3775_004237-T1
GF00001731	TFCN152A1_004049-T1	DBVPG3775_001038-T1
GF00001732	TFCN152A1_004048-T1	DBVPG3775_001039-T1
GF00001733	TFCN152A1_004607-T1	DBVPG3775_003167-T1
GF00001734	TFCN152A1_004047-T1	DBVPG3775_001040-T1
GF00001735	TFCN152A1_004045-T1	DBVPG3775_001042-T1
GF00001736	TFCN152A1_001014-T1	DBVPG3775_001046-T1
GF00001737	TFCN152A1_001015-T1	DBVPG3775_001047-T1
GF00001738	TFCN152A1_001020-T1	DBVPG3775_001051-T1
GF00001739	TFCN152A1_007021-T1	DBVPG3775_001052-T1
GF00001740	TFCN152A1_007018-T1	DBVPG3775_001057-T1
GF00001741	TFCN152A1_007014-T1	DBVPG3775_001062-T1
GF00001742	TFCN152A1_001031-T1	DBVPG3775_001064-T1
GF00001743	TFCN152A1_001034-T1	DBVPG3775_001067-T1
GF00001744	TFCN152A1_001035-T1	DBVPG3775_001068-T1
GF00001745	TFCN152A1_001036-T1	DBVPG3775_001069-T1
GF00001746	TFCN152A1_001037-T1	DBVPG3775_001070-T1
GF00001747	TFCN152A1_007005-T1	DBVPG3775_001071-T1
GF00001748	TFCN152A1_001041-T1	DBVPG3775_001076-T1
GF00001749	TFCN152A1_005609-T1	DBVPG3775_007392-T1
GF00001750	TFCN152A1_001049-T1	DBVPG3775_007387-T1
GF00001751	TFCN152A1_001050-T1	DBVPG3775_007386-T1
GF00001752	TFCN152A1_005604-T1	DBVPG3775_007385-T1
GF00001753	TFCN152A1_001053-T1	DBVPG3775_007382-T1
GF00001754	TFCN152A1_001054-T1	DBVPG3775_007381-T1
GF00001755	TFCN152A1_001055-T1	DBVPG3775_007380-T1
GF00001756	TFCN152A1_001060-T1	DBVPG3775_007374-T1
GF00001757	TFCN152A1_001061-T1	DBVPG3775_007373-T1
GF00001758	TFCN152A1_001062-T1	DBVPG3775_007372-T1
GF00001759	TFCN152A1_005590-T1	DBVPG3775_005804-T1
GF00001760	TFCN152A1_001066-T1	DBVPG3775_005805-T1
GF00001761	TFCN152A1_001067-T1	DBVPG3775_005806-T1
GF00001762	TFCN152A1_005585-T1	DBVPG3775_005810-T1
GF00001763	TFCN152A1_005584-T1	DBVPG3775_005811-T1
GF00001764	TFCN152A1_005581-T1	DBVPG3775_005814-T1
GF00001765	TFCN152A1_001078-T1	DBVPG3775_005818-T1
GF00001766	TFCN152A1_005575-T1	DBVPG3775_005819-T1
GF00001767	TFCN152A1_005573-T1	DBVPG3775_005821-T1
GF00001768	TFCN152A1_005572-T1	DBVPG3775_005822-T1
GF00001769	TFCN152A1_001083-T1	DBVPG3775_005823-T1
GF00001770	TFCN152A1_005570-T1	DBVPG3775_005824-T1
GF00001771	TFCN152A1_012208-T1	DBVPG3775_005829-T1
GF00001772	TFCN152A1_001090-T1	DBVPG3775_005831-T1
GF00001773	TFCN152A1_001091-T1	DBVPG3775_005832-T1
GF00001774	TFCN152A1_001093-T1	DBVPG3775_005835-T1
GF00001775	TFCN152A1_011669-T1	DBVPG3775_005836-T1
GF00001776	TFCN152A1_001095-T1	DBVPG3775_005837-T1
GF00001777	TFCN152A1_011671-T1	DBVPG3775_005838-T1
GF00001778	TFCN152A1_011672-T1	DBVPG3775_005839-T1
GF00001779	TFCN152A1_007871-T1	DBVPG3775_005844-T1
GF00001780	TFCN152A1_001103-T1	DBVPG3775_005846-T1
GF00001781	TFCN152A1_001106-T1	DBVPG3775_005849-T1
GF00001782	TFCN152A1_001108-T1	DBVPG3775_005851-T1
GF00001783	TFCN152A1_007864-T1	DBVPG3775_005852-T1
GF00001784	TFCN152A1_007859-T1	DBVPG3775_005858-T1
GF00001785	TFCN152A1_001116-T1	DBVPG3775_005859-T1
GF00001786	TFCN152A1_007857-T1	DBVPG3775_005860-T1
GF00001787	TFCN152A1_007856-T1	DBVPG3775_005861-T1
GF00001788	TFCN152A1_001119-T1	DBVPG3775_005862-T1
GF00001789	TFCN152A1_007854-T1	DBVPG3775_005863-T1
GF00001790	TFCN152A1_007853-T1	DBVPG3775_005864-T1
GF00001791	TFCN152A1_001122-T1	DBVPG3775_005865-T1
GF00001792	TFCN152A1_001125-T1	DBVPG3775_005868-T1
GF00001793	TFCN152A1_010550-T1	DBVPG3775_001591-T1
GF00001794	TFCN152A1_007842-T1	DBVPG3775_003538-T1
GF00001795	TFCN152A1_007840-T1	DBVPG3775_003535-T1
GF00001796	TFCN152A1_007839-T1	DBVPG3775_003534-T1
GF00001797	TFCN152A1_001136-T1	DBVPG3775_003533-T1
GF00001798	TFCN152A1_001137-T1	DBVPG3775_003532-T1
GF00001799	TFCN152A1_007830-T1	DBVPG3775_003526-T1
GF00001800	TFCN152A1_001141-T1	DBVPG3775_003525-T1
GF00001801	TFCN152A1_001145-T1	DBVPG3775_003521-T1
GF00001802	TFCN152A1_007357-T1	DBVPG3775_004673-T1
GF00001803	TFCN152A1_001148-T1	DBVPG3775_003518-T1
GF00001804	TFCN152A1_001149-T1	DBVPG3775_003517-T1
GF00001805	TFCN152A1_012665-T1	DBVPG3775_003516-T1
GF00001806	TFCN152A1_012664-T1	DBVPG3775_003515-T1
GF00001807	TFCN152A1_001152-T1	DBVPG3775_003514-T1
GF00001808	TFCN152A1_008381-T1	DBVPG3775_001409-T1
GF00001809	TFCN152A1_001153-T1	DBVPG3775_003513-T1
GF00001810	TFCN152A1_010725-T1	DBVPG3775_003509-T1
GF00001811	TFCN152A1_010726-T1	DBVPG3775_003508-T1
GF00001812	TFCN152A1_010727-T1	DBVPG3775_003507-T1
GF00001813	TFCN152A1_001159-T1	DBVPG3775_003506-T1
GF00001814	TFCN152A1_001160-T1	DBVPG3775_003505-T1
GF00001815	TFCN152A1_001161-T1	DBVPG3775_003504-T1
GF00001816	TFCN152A1_010733-T1	DBVPG3775_003500-T1
GF00001817	TFCN152A1_001164-T1	DBVPG3775_003499-T1
GF00001818	TFCN152A1_001165-T1	DBVPG3775_003498-T1
GF00001819	TFCN152A1_001168-T1	DBVPG3775_003495-T1
GF00001820	TFCN152A1_001169-T1	DBVPG3775_003494-T1
GF00001821	TFCN152A1_010740-T1	DBVPG3775_003493-T1
GF00001822	TFCN152A1_001171-T1	DBVPG3775_003492-T1
GF00001823	TFCN152A1_001173-T1	DBVPG3775_003490-T1
GF00001824	TFCN152A1_001177-T1	DBVPG3775_003486-T1
GF00001825	TFCN152A1_001178-T1	DBVPG3775_003485-T1
GF00001826	TFCN152A1_001180-T1	DBVPG3775_003482-T1
GF00001827	TFCN152A1_001182-T1	DBVPG3775_003480-T1
GF00001828	TFCN152A1_001184-T1	DBVPG3775_003478-T1
GF00001829	TFCN152A1_001185-T1	DBVPG3775_003477-T1
GF00001830	TFCN152A1_001186-T1	DBVPG3775_003476-T1
GF00001831	TFCN152A1_009956-T1	DBVPG3775_003475-T1
GF00001832	TFCN152A1_001188-T1	DBVPG3775_003474-T1
GF00001833	TFCN152A1_009954-T1	DBVPG3775_003473-T1
GF00001834	TFCN152A1_001190-T1	DBVPG3775_003472-T1
GF00001835	TFCN152A1_001193-T1	DBVPG3775_003469-T1
GF00001836	TFCN152A1_009948-T1	DBVPG3775_003468-T1
GF00001837	TFCN152A1_001195-T1	DBVPG3775_003467-T1
GF00001838	TFCN152A1_001201-T1	DBVPG3775_002441-T1
GF00001839	TFCN152A1_001204-T1	DBVPG3775_002437-T1
GF00001840	TFCN152A1_003346-T1	DBVPG3775_000923-T1
GF00001841	TFCN152A1_003563-T1	DBVPG3775_000877-T1
GF00001842	TFCN152A1_001205-T1	DBVPG3775_002436-T1
GF00001843	TFCN152A1_001207-T1	DBVPG3775_002434-T1
GF00001844	TFCN152A1_001208-T1	DBVPG3775_002433-T1
GF00001845	TFCN152A1_001210-T1	DBVPG3775_002431-T1
GF00001846	TFCN152A1_001211-T1	DBVPG3775_002429-T1
GF00001847	TFCN152A1_001213-T1	DBVPG3775_002426-T1
GF00001848	TFCN152A1_002699-T1	DBVPG3775_002423-T1
GF00001849	TFCN152A1_001216-T1	DBVPG3775_002422-T1
GF00001850	TFCN152A1_002697-T1	DBVPG3775_002421-T1
GF00001851	TFCN152A1_002694-T1	DBVPG3775_002417-T1
GF00001852	TFCN152A1_001223-T1	DBVPG3775_002414-T1
GF00001853	TFCN152A1_002688-T1	DBVPG3775_002408-T1
GF00001854	TFCN152A1_001228-T1	DBVPG3775_002407-T1
GF00001855	TFCN152A1_001232-T1	DBVPG3775_002401-T1
GF00001856	TFCN152A1_001233-T1	DBVPG3775_002400-T1
GF00001857	TFCN152A1_001234-T1	DBVPG3775_002399-T1
GF00001858	TFCN152A1_002679-T1	DBVPG3775_002396-T1
GF00001859	TFCN152A1_002678-T1	DBVPG3775_002395-T1
GF00001860	TFCN152A1_002674-T1	DBVPG3775_002391-T1
GF00001861	TFCN152A1_001242-T1	DBVPG3775_002390-T1
GF00001862	TFCN152A1_001243-T1	DBVPG3775_002389-T1
GF00001863	TFCN152A1_002670-T1	DBVPG3775_002387-T1
GF00001864	TFCN152A1_001246-T1	DBVPG3775_002383-T1
GF00001865	TFCN152A1_002667-T1	DBVPG3775_002381-T1
GF00001866	TFCN152A1_002666-T1	DBVPG3775_002380-T1
GF00001867	TFCN152A1_002664-T1	DBVPG3775_002378-T1
GF00001868	TFCN152A1_002662-T1	DBVPG3775_002376-T1
GF00001869	TFCN152A1_001255-T1	DBVPG3775_002375-T1
GF00001870	TFCN152A1_002660-T1	DBVPG3775_002374-T1
GF00001871	TFCN152A1_001260-T1	DBVPG3775_002370-T1
GF00001872	TFCN152A1_001263-T1	DBVPG3775_002367-T1
GF00001873	TFCN152A1_001264-T1	DBVPG3775_002366-T1
GF00001874	TFCN152A1_001265-T1	DBVPG3775_002365-T1
GF00001875	TFCN152A1_002650-T1	DBVPG3775_002363-T1
GF00001876	TFCN152A1_001268-T1	DBVPG3775_002362-T1
GF00001877	TFCN152A1_002647-T1	DBVPG3775_000747-T1
GF00001878	TFCN152A1_001272-T1	DBVPG3775_000748-T1
GF00001879	TFCN152A1_002645-T1	DBVPG3775_000749-T1
GF00001880	TFCN152A1_001274-T1	DBVPG3775_000750-T1
GF00001881	TFCN152A1_001278-T1	DBVPG3775_000755-T1
GF00001882	TFCN152A1_002638-T1	DBVPG3775_000756-T1
GF00001883	TFCN152A1_001283-T1	DBVPG3775_000761-T1
GF00001884	TFCN152A1_001284-T1	DBVPG3775_000762-T1
GF00001885	TFCN152A1_001286-T1	DBVPG3775_000765-T1
GF00001886	TFCN152A1_012724-T1	DBVPG3775_000766-T1
GF00001887	TFCN152A1_001289-T1	DBVPG3775_000769-T1
GF00001888	TFCN152A1_012721-T1	DBVPG3775_000771-T1
GF00001889	TFCN152A1_012720-T1	DBVPG3775_000772-T1
GF00001890	TFCN152A1_009537-T1	DBVPG3775_005952-T1
GF00001891	TFCN152A1_012060-T1	DBVPG3775_000779-T1
GF00001892	TFCN152A1_012058-T1	DBVPG3775_000781-T1
GF00001893	TFCN152A1_001301-T1	DBVPG3775_000783-T1
GF00001894	TFCN152A1_001302-T1	DBVPG3775_000784-T1
GF00001895	TFCN152A1_001304-T1	DBVPG3775_000787-T1
GF00001896	TFCN152A1_001307-T1	DBVPG3775_000791-T1
GF00001897	TFCN152A1_011682-T1	DBVPG3775_004636-T1
GF00001898	TFCN152A1_003482-T1	DBVPG3775_000794-T1
GF00001899	TFCN152A1_001311-T1	DBVPG3775_000795-T1
GF00001900	TFCN152A1_001312-T1	DBVPG3775_000796-T1
GF00001901	TFCN152A1_003485-T1	DBVPG3775_000797-T1
GF00001902	TFCN152A1_003486-T1	DBVPG3775_000798-T1
GF00001903	TFCN152A1_001315-T1	DBVPG3775_000799-T1
GF00001904	TFCN152A1_001316-T1	DBVPG3775_000800-T1
GF00001905	TFCN152A1_001318-T1	DBVPG3775_000802-T1
GF00001906	TFCN152A1_003495-T1	DBVPG3775_000804-T1
GF00001907	TFCN152A1_001322-T1	DBVPG3775_000806-T1
GF00001908	TFCN152A1_003499-T1	DBVPG3775_000810-T1
GF00001909	TFCN152A1_001326-T1	DBVPG3775_000812-T1
GF00001910	TFCN152A1_001327-T1	DBVPG3775_000813-T1
GF00001911	TFCN152A1_004498-T1	DBVPG3775_003097-T1
GF00001912	TFCN152A1_001331-T1	DBVPG3775_003098-T1
GF00001913	TFCN152A1_001333-T1	DBVPG3775_003101-T1
GF00001914	TFCN152A1_001334-T1	DBVPG3775_003102-T1
GF00001915	TFCN152A1_001335-T1	DBVPG3775_003103-T1
GF00001916	TFCN152A1_001337-T1	DBVPG3775_003106-T1
GF00001917	TFCN152A1_004508-T1	DBVPG3775_003109-T1
GF00001918	TFCN152A1_001340-T1	DBVPG3775_003110-T1
GF00001919	TFCN152A1_001341-T1	DBVPG3775_003111-T1
GF00001920	TFCN152A1_004514-T1	DBVPG3775_003117-T1
GF00001921	TFCN152A1_001346-T1	DBVPG3775_003118-T1
GF00001922	TFCN152A1_004516-T1	DBVPG3775_003120-T1
GF00001923	TFCN152A1_004518-T1	DBVPG3775_003123-T1
GF00001924	TFCN152A1_001350-T1	DBVPG3775_003124-T1
GF00001925	TFCN152A1_004521-T1	DBVPG3775_003127-T1
GF00001926	TFCN152A1_001354-T1	DBVPG3775_003128-T1
GF00001927	TFCN152A1_001355-T1	DBVPG3775_003129-T1
GF00001928	TFCN152A1_001356-T1	DBVPG3775_003130-T1
GF00001929	TFCN152A1_001357-T1	DBVPG3775_003131-T1
GF00001930	TFCN152A1_001358-T1	DBVPG3775_003132-T1
GF00001931	TFCN152A1_001361-T1	DBVPG3775_003135-T1
GF00001932	TFCN152A1_004532-T1	DBVPG3775_003139-T1
GF00001933	TFCN152A1_001365-T1	DBVPG3775_003140-T1
GF00001934	TFCN152A1_001366-T1	DBVPG3775_003141-T1
GF00001935	TFCN152A1_012195-T1	DBVPG3775_003144-T1
GF00001936	TFCN152A1_001370-T1	DBVPG3775_003145-T1
GF00001937	TFCN152A1_012193-T1	DBVPG3775_003146-T1
GF00001938	TFCN152A1_001373-T1	DBVPG3775_003148-T1
GF00001939	TFCN152A1_001375-T1	DBVPG3775_003150-T1
GF00001940	TFCN152A1_001378-T1	DBVPG3775_003154-T1
GF00001941	TFCN152A1_012185-T1	DBVPG3775_003155-T1
GF00001942	TFCN152A1_001381-T1	DBVPG3775_003157-T1
GF00001943	TFCN152A1_012182-T1	DBVPG3775_003159-T1
GF00001944	TFCN152A1_012181-T1	DBVPG3775_003160-T1
GF00001945	TFCN152A1_012571-T1	DBVPG3775_000373-T1
GF00001946	TFCN152A1_001387-T1	DBVPG3775_003164-T1
GF00001947	TFCN152A1_004609-T1	DBVPG3775_003165-T1
GF00001948	TFCN152A1_001389-T1	DBVPG3775_003166-T1
GF00001949	TFCN152A1_007216-T1	DBVPG3775_003893-T1
GF00001950	TFCN152A1_001391-T1	DBVPG3775_003168-T1
GF00001951	TFCN152A1_001392-T1	DBVPG3775_003169-T1
GF00001952	TFCN152A1_001394-T1	DBVPG3775_003171-T1
GF00001953	TFCN152A1_004601-T1	DBVPG3775_003173-T1
GF00001954	TFCN152A1_001397-T1	DBVPG3775_003174-T1
GF00001955	TFCN152A1_001398-T1	DBVPG3775_003175-T1
GF00001956	TFCN152A1_001401-T1	DBVPG3775_003178-T1
GF00001957	TFCN152A1_001403-T1	DBVPG3775_006436-T1
GF00001958	TFCN152A1_002824-T1	DBVPG3775_006435-T1
GF00001959	TFCN152A1_001405-T1	DBVPG3775_006434-T1
GF00001960	TFCN152A1_001406-T1	DBVPG3775_006433-T1
GF00001961	TFCN152A1_001407-T1	DBVPG3775_006432-T1
GF00001962	TFCN152A1_001408-T1	DBVPG3775_006431-T1
GF00001963	TFCN152A1_001411-T1	DBVPG3775_006428-T1
GF00001964	TFCN152A1_001414-T1	DBVPG3775_006422-T1
GF00001965	TFCN152A1_001419-T1	DBVPG3775_006407-T1
GF00001966	TFCN152A1_002848-T1	DBVPG3775_006408-T1
GF00001967	TFCN152A1_001421-T1	DBVPG3775_006409-T1
GF00001968	TFCN152A1_002846-T1	DBVPG3775_006410-T1
GF00001969	TFCN152A1_001424-T1	DBVPG3775_006412-T1
GF00001970	TFCN152A1_002842-T1	DBVPG3775_006414-T1
GF00001971	TFCN152A1_011724-T1	DBVPG3775_006652-T1
GF00001972	TFCN152A1_008893-T1	DBVPG3775_006973-T1
GF00001973	TFCN152A1_008895-T1	DBVPG3775_006971-T1
GF00001974	TFCN152A1_008896-T1	DBVPG3775_006970-T1
GF00001975	TFCN152A1_001434-T1	DBVPG3775_006969-T1
GF00001976	TFCN152A1_003897-T1	DBVPG3775_001700-T1
GF00001977	TFCN152A1_008908-T1	DBVPG3775_006952-T1
GF00001978	TFCN152A1_001445-T1	DBVPG3775_006951-T1
GF00001979	TFCN152A1_001446-T1	DBVPG3775_006950-T1
GF00001980	TFCN152A1_001447-T1	DBVPG3775_006949-T1
GF00001981	TFCN152A1_004494-T1	DBVPG3775_003094-T1
GF00001982	TFCN152A1_004493-T1	DBVPG3775_003093-T1
GF00001983	TFCN152A1_001456-T1	DBVPG3775_003092-T1
GF00001984	TFCN152A1_004491-T1	DBVPG3775_003091-T1
GF00001985	TFCN152A1_004490-T1	DBVPG3775_003089-T1
GF00001986	TFCN152A1_004489-T1	DBVPG3775_003088-T1
GF00001987	TFCN152A1_004487-T1	DBVPG3775_003086-T1
GF00001988	TFCN152A1_001463-T1	DBVPG3775_003085-T1
GF00001989	TFCN152A1_001465-T1	DBVPG3775_003083-T1
GF00001990	TFCN152A1_001466-T1	DBVPG3775_003082-T1
GF00001991	TFCN152A1_007899-T1	DBVPG3775_003668-T1
GF00001992	TFCN152A1_003200-T1	DBVPG3775_006696-T1
GF00001993	TFCN152A1_004481-T1	DBVPG3775_003080-T1
GF00001994	TFCN152A1_001469-T1	DBVPG3775_003079-T1
GF00001995	TFCN152A1_008305-T1	DBVPG3775_007436-T1
GF00001996	TFCN152A1_004475-T1	DBVPG3775_003074-T1
GF00001997	TFCN152A1_004473-T1	DBVPG3775_003073-T1
GF00001998	TFCN152A1_004470-T1	DBVPG3775_003070-T1
GF00001999	TFCN152A1_004469-T1	DBVPG3775_003069-T1
GF00002000	TFCN152A1_004468-T1	DBVPG3775_003068-T1
GF00002001	TFCN152A1_001479-T1	DBVPG3775_003067-T1
GF00002002	TFCN152A1_010041-T1	DBVPG3775_001891-T1
GF00002003	TFCN152A1_001483-T1	DBVPG3775_003063-T1
GF00002004	TFCN152A1_001485-T1	DBVPG3775_003061-T1
GF00002005	TFCN152A1_004461-T1	DBVPG3775_003060-T1
GF00002006	TFCN152A1_001487-T1	DBVPG3775_003059-T1
GF00002007	TFCN152A1_004459-T1	DBVPG3775_003058-T1
GF00002008	TFCN152A1_001489-T1	DBVPG3775_003057-T1
GF00002009	TFCN152A1_001490-T1	DBVPG3775_003056-T1
GF00002010	TFCN152A1_004456-T1	DBVPG3775_003055-T1
GF00002011	TFCN152A1_004455-T1	DBVPG3775_003054-T1
GF00002012	TFCN152A1_003103-T1	DBVPG3775_006311-T1
GF00002013	TFCN152A1_006475-T1	DBVPG3775_002852-T1
GF00002014	TFCN152A1_001591-T1	DBVPG3775_001886-T1
GF00002015	TFCN152A1_011320-T1	DBVPG3775_007536-T1
GF00002016	TFCN152A1_001595-T1	DBVPG3775_007535-T1
GF00002017	TFCN152A1_001596-T1	DBVPG3775_007534-T1
GF00002018	TFCN152A1_001597-T1	DBVPG3775_007533-T1
GF00002019	TFCN152A1_011326-T1	DBVPG3775_000419-T1
GF00002020	TFCN152A1_011327-T1	DBVPG3775_000422-T1
GF00002021	TFCN152A1_001602-T1	DBVPG3775_000423-T1
GF00002022	TFCN152A1_008942-T1	DBVPG3775_002032-T1
GF00002023	TFCN152A1_001603-T1	DBVPG3775_000424-T1
GF00002024	TFCN152A1_001604-T1	DBVPG3775_000425-T1
GF00002025	TFCN152A1_011331-T1	DBVPG3775_000426-T1
GF00002026	TFCN152A1_011332-T1	DBVPG3775_000427-T1
GF00002027	TFCN152A1_001607-T1	DBVPG3775_000428-T1
GF00002028	TFCN152A1_001609-T1	DBVPG3775_000430-T1
GF00002029	TFCN152A1_011336-T1	DBVPG3775_000431-T1
GF00002030	TFCN152A1_013147-T1	DBVPG3775_000434-T1
GF00002031	TFCN152A1_001613-T1	DBVPG3775_000435-T1
GF00002032	TFCN152A1_001615-T1	DBVPG3775_000437-T1
GF00002033	TFCN152A1_001616-T1	DBVPG3775_000438-T1
GF00002034	TFCN152A1_012648-T1	DBVPG3775_000702-T1
GF00002035	TFCN152A1_001620-T1	DBVPG3775_000442-T1
GF00002036	TFCN152A1_001621-T1	DBVPG3775_000443-T1
GF00002037	TFCN152A1_007809-T1	DBVPG3775_000450-T1
GF00002038	TFCN152A1_007805-T1	DBVPG3775_000453-T1
GF00002039	TFCN152A1_007804-T1	DBVPG3775_000454-T1
GF00002040	TFCN152A1_001632-T1	DBVPG3775_000455-T1
GF00002041	TFCN152A1_001633-T1	DBVPG3775_000456-T1
GF00002042	TFCN152A1_007800-T1	DBVPG3775_000457-T1
GF00002043	TFCN152A1_001635-T1	DBVPG3775_000458-T1
GF00002044	TFCN152A1_001638-T1	DBVPG3775_000463-T1
GF00002045	TFCN152A1_007794-T1	DBVPG3775_000468-T1
GF00002046	TFCN152A1_001643-T1	DBVPG3775_000469-T1
GF00002047	TFCN152A1_001644-T1	DBVPG3775_000470-T1
GF00002048	TFCN152A1_001645-T1	DBVPG3775_000471-T1
GF00002049	TFCN152A1_001646-T1	DBVPG3775_000472-T1
GF00002050	TFCN152A1_007789-T1	DBVPG3775_000474-T1
GF00002051	TFCN152A1_007787-T1	DBVPG3775_000476-T1
GF00002052	TFCN152A1_008442-T1	DBVPG3775_002583-T1
GF00002053	TFCN152A1_007786-T1	DBVPG3775_000477-T1
GF00002054	TFCN152A1_005916-T1	DBVPG3775_000485-T1
GF00002055	TFCN152A1_001660-T1	DBVPG3775_000486-T1
GF00002056	TFCN152A1_001661-T1	DBVPG3775_000489-T1
GF00002057	TFCN152A1_001662-T1	DBVPG3775_000490-T1
GF00002058	TFCN152A1_001663-T1	DBVPG3775_000491-T1
GF00002059	TFCN152A1_001667-T1	DBVPG3775_000497-T1
GF00002060	TFCN152A1_005923-T1	DBVPG3775_000498-T1
GF00002061	TFCN152A1_001671-T1	DBVPG3775_000501-T1
GF00002062	TFCN152A1_001673-T1	DBVPG3775_000504-T1
GF00002063	TFCN152A1_001674-T1	DBVPG3775_000505-T1
GF00002064	TFCN152A1_001675-T1	DBVPG3775_000506-T1
GF00002065	TFCN152A1_001678-T1	DBVPG3775_000509-T1
GF00002066	TFCN152A1_001679-T1	DBVPG3775_000510-T1
GF00002067	TFCN152A1_004289-T1	DBVPG3775_004885-T1
GF00002068	TFCN152A1_006052-T1	DBVPG3775_000040-T1
GF00002069	TFCN152A1_007065-T1	DBVPG3775_000306-T1
GF00002070	TFCN152A1_006051-T1	DBVPG3775_000041-T1
GF00002071	TFCN152A1_001716-T1	DBVPG3775_000042-T1
GF00002072	TFCN152A1_001717-T1	DBVPG3775_000043-T1
GF00002073	TFCN152A1_001720-T1	DBVPG3775_000046-T1
GF00002074	TFCN152A1_001725-T1	DBVPG3775_000053-T1
GF00002075	TFCN152A1_001727-T1	DBVPG3775_000055-T1
GF00002076	TFCN152A1_006038-T1	DBVPG3775_000056-T1
GF00002077	TFCN152A1_011692-T1	DBVPG3775_004646-T1
GF00002078	TFCN152A1_011158-T1	DBVPG3775_000989-T1
GF00002079	TFCN152A1_012543-T1	DBVPG3775_006782-T1
GF00002080	TFCN152A1_006851-T1	DBVPG3775_004770-T1
GF00002081	TFCN152A1_006030-T1	DBVPG3775_000066-T1
GF00002082	TFCN152A1_001735-T1	DBVPG3775_000067-T1
GF00002083	TFCN152A1_001737-T1	DBVPG3775_000069-T1
GF00002084	TFCN152A1_001739-T1	DBVPG3775_000072-T1
GF00002085	TFCN152A1_006024-T1	DBVPG3775_000074-T1
GF00002086	TFCN152A1_001742-T1	DBVPG3775_000075-T1
GF00002087	TFCN152A1_001745-T1	DBVPG3775_000078-T1
GF00002088	TFCN152A1_001747-T1	DBVPG3775_000080-T1
GF00002089	TFCN152A1_008935-T1	DBVPG3775_002024-T1
GF00002090	TFCN152A1_001749-T1	DBVPG3775_000083-T1
GF00002091	TFCN152A1_006014-T1	DBVPG3775_000085-T1
GF00002092	TFCN152A1_006013-T1	DBVPG3775_000086-T1
GF00002093	TFCN152A1_006011-T1	DBVPG3775_000089-T1
GF00002094	TFCN152A1_006010-T1	DBVPG3775_000090-T1
GF00002095	TFCN152A1_001758-T1	DBVPG3775_000093-T1
GF00002096	TFCN152A1_001761-T1	DBVPG3775_000098-T1
GF00002097	TFCN152A1_002000-T1	DBVPG3775_006045-T1
GF00002098	TFCN152A1_001762-T1	DBVPG3775_000099-T1
GF00002099	TFCN152A1_001763-T1	DBVPG3775_000100-T1
GF00002100	TFCN152A1_001766-T1	DBVPG3775_000104-T1
GF00002101	TFCN152A1_011377-T1	DBVPG3775_003884-T1
GF00002102	TFCN152A1_001768-T1	DBVPG3775_000106-T1
GF00002103	TFCN152A1_001769-T1	DBVPG3775_000107-T1
GF00002104	TFCN152A1_008769-T1	DBVPG3775_000112-T1
GF00002105	TFCN152A1_001773-T1	DBVPG3775_000113-T1
GF00002106	TFCN152A1_011542-T1	DBVPG3775_005897-T1
GF00002107	TFCN152A1_001775-T1	DBVPG3775_000115-T1
GF00002108	TFCN152A1_001776-T1	DBVPG3775_000116-T1
GF00002109	TFCN152A1_001777-T1	DBVPG3775_000117-T1
GF00002110	TFCN152A1_001778-T1	DBVPG3775_000118-T1
GF00002111	TFCN152A1_001779-T1	DBVPG3775_000119-T1
GF00002112	TFCN152A1_008760-T1	DBVPG3775_000121-T1
GF00002113	TFCN152A1_001783-T1	DBVPG3775_000123-T1
GF00002114	TFCN152A1_008757-T1	DBVPG3775_000124-T1
GF00002115	TFCN152A1_001785-T1	DBVPG3775_000125-T1
GF00002116	TFCN152A1_008755-T1	DBVPG3775_000126-T1
GF00002117	TFCN152A1_008754-T1	DBVPG3775_000127-T1
GF00002118	TFCN152A1_001791-T1	DBVPG3775_000132-T1
GF00002119	TFCN152A1_001792-T1	DBVPG3775_000133-T1
GF00002120	TFCN152A1_001793-T1	DBVPG3775_000134-T1
GF00002121	TFCN152A1_008749-T1	DBVPG3775_000135-T1
GF00002122	TFCN152A1_001795-T1	DBVPG3775_000136-T1
GF00002123	TFCN152A1_008747-T1	DBVPG3775_000137-T1
GF00002124	TFCN152A1_001797-T1	DBVPG3775_000138-T1
GF00002125	TFCN152A1_001798-T1	DBVPG3775_000139-T1
GF00002126	TFCN152A1_001801-T1	DBVPG3775_000142-T1
GF00002127	TFCN152A1_013140-T1	DBVPG3775_000147-T1
GF00002128	TFCN152A1_001805-T1	DBVPG3775_000148-T1
GF00002129	TFCN152A1_001807-T1	DBVPG3775_000151-T1
GF00002130	TFCN152A1_001808-T1	DBVPG3775_000152-T1
GF00002131	TFCN152A1_001810-T1	DBVPG3775_000154-T1
GF00002132	TFCN152A1_001811-T1	DBVPG3775_000155-T1
GF00002133	TFCN152A1_006764-T1	DBVPG3775_000008-T1
GF00002134	TFCN152A1_010486-T1	DBVPG3775_000156-T1
GF00002135	TFCN152A1_001813-T1	DBVPG3775_000157-T1
GF00002136	TFCN152A1_001814-T1	DBVPG3775_000158-T1
GF00002137	TFCN152A1_001815-T1	DBVPG3775_000159-T1
GF00002138	TFCN152A1_010482-T1	DBVPG3775_000160-T1
GF00002139	TFCN152A1_001817-T1	DBVPG3775_000161-T1
GF00002140	TFCN152A1_001818-T1	DBVPG3775_000162-T1
GF00002141	TFCN152A1_010477-T1	DBVPG3775_000165-T1
GF00002142	TFCN152A1_010472-T1	DBVPG3775_000171-T1
GF00002143	TFCN152A1_010471-T1	DBVPG3775_000172-T1
GF00002144	TFCN152A1_010470-T1	DBVPG3775_000173-T1
GF00002145	TFCN152A1_004551-T1	DBVPG3775_003231-T1
GF00002146	TFCN152A1_010468-T1	DBVPG3775_000177-T1
GF00002147	TFCN152A1_001829-T1	DBVPG3775_000178-T1
GF00002148	TFCN152A1_010464-T1	DBVPG3775_000180-T1
GF00002149	TFCN152A1_001832-T1	DBVPG3775_000181-T1
GF00002150	TFCN152A1_001833-T1	DBVPG3775_000182-T1
GF00002151	TFCN152A1_001834-T1	DBVPG3775_000183-T1
GF00002152	TFCN152A1_001836-T1	DBVPG3775_005498-T1
GF00002153	TFCN152A1_008355-T1	DBVPG3775_005497-T1
GF00002154	TFCN152A1_008354-T1	DBVPG3775_005496-T1
GF00002155	TFCN152A1_008353-T1	DBVPG3775_005495-T1
GF00002156	TFCN152A1_001840-T1	DBVPG3775_005493-T1
GF00002157	TFCN152A1_001841-T1	DBVPG3775_005492-T1
GF00002158	TFCN152A1_001844-T1	DBVPG3775_005489-T1
GF00002159	TFCN152A1_001845-T1	DBVPG3775_005488-T1
GF00002160	TFCN152A1_001846-T1	DBVPG3775_005487-T1
GF00002161	TFCN152A1_008344-T1	DBVPG3775_005486-T1
GF00002162	TFCN152A1_005830-T1	DBVPG3775_001957-T1
GF00002163	TFCN152A1_001849-T1	DBVPG3775_005484-T1
GF00002164	TFCN152A1_001851-T1	DBVPG3775_005482-T1
GF00002165	TFCN152A1_008339-T1	DBVPG3775_005481-T1
GF00002166	TFCN152A1_001854-T1	DBVPG3775_005479-T1
GF00002167	TFCN152A1_001860-T1	DBVPG3775_005471-T1
GF00002168	TFCN152A1_001861-T1	DBVPG3775_005470-T1
GF00002169	TFCN152A1_001862-T1	DBVPG3775_005469-T1
GF00002170	TFCN152A1_001863-T1	DBVPG3775_005468-T1
GF00002171	TFCN152A1_008325-T1	DBVPG3775_005467-T1
GF00002172	TFCN152A1_001866-T1	DBVPG3775_005465-T1
GF00002173	TFCN152A1_001867-T1	DBVPG3775_005464-T1
GF00002174	TFCN152A1_008321-T1	DBVPG3775_005463-T1
GF00002175	TFCN152A1_008319-T1	DBVPG3775_005460-T1
GF00002176	TFCN152A1_001872-T1	DBVPG3775_005459-T1
GF00002177	TFCN152A1_008317-T1	DBVPG3775_005458-T1
GF00002178	TFCN152A1_001884-T1	DBVPG3775_005453-T1
GF00002179	TFCN152A1_001885-T1	DBVPG3775_005452-T1
GF00002180	TFCN152A1_001886-T1	DBVPG3775_005257-T1
GF00002181	TFCN152A1_009080-T1	DBVPG3775_005259-T1
GF00002182	TFCN152A1_009079-T1	DBVPG3775_005260-T1
GF00002183	TFCN152A1_001890-T1	DBVPG3775_005261-T1
GF00002184	TFCN152A1_001891-T1	DBVPG3775_005262-T1
GF00002185	TFCN152A1_001892-T1	DBVPG3775_005263-T1
GF00002186	TFCN152A1_001893-T1	DBVPG3775_005264-T1
GF00002187	TFCN152A1_009074-T1	DBVPG3775_005265-T1
GF00002188	TFCN152A1_009061-T1	DBVPG3775_005267-T1
GF00002189	TFCN152A1_009062-T1	DBVPG3775_005268-T1
GF00002190	TFCN152A1_001899-T1	DBVPG3775_005272-T1
GF00002191	TFCN152A1_001903-T1	DBVPG3775_005276-T1
GF00002192	TFCN152A1_001904-T1	DBVPG3775_005277-T1
GF00002193	TFCN152A1_009073-T1	DBVPG3775_005279-T1
GF00002194	TFCN152A1_001909-T1	DBVPG3775_005280-T1
GF00002195	TFCN152A1_009058-T1	DBVPG3775_005281-T1
GF00002196	TFCN152A1_009057-T1	DBVPG3775_005282-T1
GF00002197	TFCN152A1_001912-T1	DBVPG3775_005283-T1
GF00002198	TFCN152A1_001913-T1	DBVPG3775_005284-T1
GF00002199	TFCN152A1_001914-T1	DBVPG3775_005285-T1
GF00002200	TFCN152A1_001916-T1	DBVPG3775_005288-T1
GF00002201	TFCN152A1_001918-T1	DBVPG3775_005290-T1
GF00002202	TFCN152A1_009049-T1	DBVPG3775_005291-T1
GF00002203	TFCN152A1_001920-T1	DBVPG3775_005292-T1
GF00002204	TFCN152A1_001923-T1	DBVPG3775_005297-T1
GF00002205	TFCN152A1_001924-T1	DBVPG3775_005298-T1
GF00002206	TFCN152A1_001925-T1	DBVPG3775_005299-T1
GF00002207	TFCN152A1_012274-T1	DBVPG3775_005301-T1
GF00002208	TFCN152A1_001928-T1	DBVPG3775_005302-T1
GF00002209	TFCN152A1_001930-T1	DBVPG3775_005304-T1
GF00002210	TFCN152A1_012278-T1	DBVPG3775_005305-T1
GF00002211	TFCN152A1_007919-T1	DBVPG3775_006697-T1
GF00002212	TFCN152A1_001934-T1	DBVPG3775_005308-T1
GF00002213	TFCN152A1_001935-T1	DBVPG3775_005309-T1
GF00002214	TFCN152A1_001937-T1	DBVPG3775_005311-T1
GF00002215	TFCN152A1_001938-T1	DBVPG3775_005312-T1
GF00002216	TFCN152A1_001945-T1	DBVPG3775_005319-T1
GF00002217	TFCN152A1_001946-T1	DBVPG3775_005320-T1
GF00002218	TFCN152A1_001948-T1	DBVPG3775_005322-T1
GF00002219	TFCN152A1_001951-T1	DBVPG3775_005325-T1
GF00002220	TFCN152A1_001952-T1	DBVPG3775_005326-T1
GF00002221	TFCN152A1_001958-T1	DBVPG3775_006907-T1
GF00002222	TFCN152A1_001959-T1	DBVPG3775_006908-T1
GF00002223	TFCN152A1_001963-T1	DBVPG3775_006914-T1
GF00002224	TFCN152A1_005558-T1	DBVPG3775_006915-T1
GF00002225	TFCN152A1_001967-T1	DBVPG3775_006919-T1
GF00002226	TFCN152A1_005555-T1	DBVPG3775_006920-T1
GF00002227	TFCN152A1_001969-T1	DBVPG3775_006921-T1
GF00002228	TFCN152A1_005553-T1	DBVPG3775_006922-T1
GF00002229	TFCN152A1_001971-T1	DBVPG3775_006923-T1
GF00002230	TFCN152A1_002501-T1	DBVPG3775_006926-T1
GF00002231	TFCN152A1_002500-T1	DBVPG3775_006927-T1
GF00002232	TFCN152A1_001977-T1	DBVPG3775_006930-T1
GF00002233	TFCN152A1_001980-T1	DBVPG3775_006025-T1
GF00002234	TFCN152A1_002493-T1	DBVPG3775_006026-T1
GF00002235	TFCN152A1_002491-T1	DBVPG3775_006028-T1
GF00002236	TFCN152A1_002490-T1	DBVPG3775_006029-T1
GF00002237	TFCN152A1_010850-T1	DBVPG3775_005332-T1
GF00002238	TFCN152A1_001987-T1	DBVPG3775_006032-T1
GF00002239	TFCN152A1_001988-T1	DBVPG3775_006033-T1
GF00002240	TFCN152A1_002484-T1	DBVPG3775_006035-T1
GF00002241	TFCN152A1_002483-T1	DBVPG3775_006036-T1
GF00002242	TFCN152A1_001992-T1	DBVPG3775_006037-T1
GF00002243	TFCN152A1_001995-T1	DBVPG3775_006040-T1
GF00002244	TFCN152A1_001996-T1	DBVPG3775_006041-T1
GF00002245	TFCN152A1_001998-T1	DBVPG3775_006043-T1
GF00002246	TFCN152A1_001999-T1	DBVPG3775_006044-T1
GF00002247	TFCN152A1_002003-T1	DBVPG3775_006048-T1
GF00002248	TFCN152A1_002469-T1	DBVPG3775_006049-T1
GF00002249	TFCN152A1_002006-T1	DBVPG3775_006064-T1
GF00002250	TFCN152A1_002007-T1	DBVPG3775_006065-T1
GF00002251	TFCN152A1_002464-T1	DBVPG3775_006066-T1
GF00002252	TFCN152A1_002463-T1	DBVPG3775_006067-T1
GF00002253	TFCN152A1_002010-T1	DBVPG3775_006068-T1
GF00002254	TFCN152A1_002459-T1	DBVPG3775_006071-T1
GF00002255	TFCN152A1_002013-T1	DBVPG3775_006072-T1
GF00002256	TFCN152A1_002457-T1	DBVPG3775_006073-T1
GF00002257	TFCN152A1_002015-T1	DBVPG3775_006074-T1
GF00002258	TFCN152A1_002455-T1	DBVPG3775_006075-T1
GF00002259	TFCN152A1_002453-T1	DBVPG3775_006077-T1
GF00002260	TFCN152A1_002452-T1	DBVPG3775_006078-T1
GF00002261	TFCN152A1_002451-T1	DBVPG3775_006081-T1
GF00002262	TFCN152A1_002450-T1	DBVPG3775_006401-T1
GF00002263	TFCN152A1_002025-T1	DBVPG3775_006399-T1
GF00002264	TFCN152A1_008945-T1	DBVPG3775_002035-T1
GF00002265	TFCN152A1_002026-T1	DBVPG3775_006398-T1
GF00002266	TFCN152A1_002445-T1	DBVPG3775_006396-T1
GF00002267	TFCN152A1_002029-T1	DBVPG3775_006395-T1
GF00002268	TFCN152A1_002030-T1	DBVPG3775_006394-T1
GF00002269	TFCN152A1_002442-T1	DBVPG3775_006393-T1
GF00002270	TFCN152A1_002441-T1	DBVPG3775_006392-T1
GF00002271	TFCN152A1_002033-T1	DBVPG3775_006391-T1
GF00002272	TFCN152A1_002034-T1	DBVPG3775_006390-T1
GF00002273	TFCN152A1_002035-T1	DBVPG3775_006389-T1
GF00002274	TFCN152A1_002436-T1	DBVPG3775_006387-T1
GF00002275	TFCN152A1_002038-T1	DBVPG3775_006386-T1
GF00002276	TFCN152A1_002434-T1	DBVPG3775_006385-T1
GF00002277	TFCN152A1_002040-T1	DBVPG3775_006384-T1
GF00002278	TFCN152A1_002041-T1	DBVPG3775_006383-T1
GF00002279	TFCN152A1_002042-T1	DBVPG3775_006382-T1
GF00002280	TFCN152A1_002043-T1	DBVPG3775_006381-T1
GF00002281	TFCN152A1_002044-T1	DBVPG3775_006380-T1
GF00002282	TFCN152A1_002045-T1	DBVPG3775_006379-T1
GF00002283	TFCN152A1_002427-T1	DBVPG3775_006378-T1
GF00002284	TFCN152A1_002047-T1	DBVPG3775_007164-T1
GF00002285	TFCN152A1_002505-T1	DBVPG3775_007161-T1
GF00002286	TFCN152A1_002050-T1	DBVPG3775_007160-T1
GF00002287	TFCN152A1_002511-T1	DBVPG3775_007155-T1
GF00002288	TFCN152A1_002512-T1	DBVPG3775_007154-T1
GF00002289	TFCN152A1_002056-T1	DBVPG3775_007153-T1
GF00002290	TFCN152A1_002062-T1	DBVPG3775_007147-T1
GF00002291	TFCN152A1_002064-T1	DBVPG3775_007145-T1
GF00002292	TFCN152A1_002066-T1	DBVPG3775_007142-T1
GF00002293	TFCN152A1_002070-T1	DBVPG3775_007137-T1
GF00002294	TFCN152A1_002527-T1	DBVPG3775_007136-T1
GF00002295	TFCN152A1_002073-T1	DBVPG3775_007134-T1
GF00002296	TFCN152A1_002074-T1	DBVPG3775_007133-T1
GF00002297	TFCN152A1_002077-T1	DBVPG3775_007128-T1
GF00002298	TFCN152A1_002078-T1	DBVPG3775_007127-T1
GF00002299	TFCN152A1_002537-T1	DBVPG3775_005147-T1
GF00002300	TFCN152A1_002082-T1	DBVPG3775_005148-T1
GF00002301	TFCN152A1_002083-T1	DBVPG3775_005149-T1
GF00002302	TFCN152A1_002084-T1	DBVPG3775_005151-T1
GF00002303	TFCN152A1_002091-T1	DBVPG3775_005160-T1
GF00002304	TFCN152A1_002092-T1	DBVPG3775_005161-T1
GF00002305	TFCN152A1_002096-T1	DBVPG3775_005164-T1
GF00002306	TFCN152A1_002097-T1	DBVPG3775_005165-T1
GF00002307	TFCN152A1_002555-T1	DBVPG3775_005167-T1
GF00002308	TFCN152A1_002100-T1	DBVPG3775_005168-T1
GF00002309	TFCN152A1_002101-T1	DBVPG3775_005169-T1
GF00002310	TFCN152A1_002102-T1	DBVPG3775_005170-T1
GF00002311	TFCN152A1_002560-T1	DBVPG3775_005172-T1
GF00002312	TFCN152A1_002110-T1	DBVPG3775_005179-T1
GF00002313	TFCN152A1_002111-T1	DBVPG3775_005180-T1
GF00002314	TFCN152A1_002567-T1	DBVPG3775_005181-T1
GF00002315	TFCN152A1_002113-T1	DBVPG3775_005182-T1
GF00002316	TFCN152A1_002114-T1	DBVPG3775_005183-T1
GF00002317	TFCN152A1_002115-T1	DBVPG3775_005184-T1
GF00002318	TFCN152A1_002116-T1	DBVPG3775_005185-T1
GF00002319	TFCN152A1_002572-T1	DBVPG3775_005186-T1
GF00002320	TFCN152A1_002573-T1	DBVPG3775_005187-T1
GF00002321	TFCN152A1_002119-T1	DBVPG3775_005188-T1
GF00002322	TFCN152A1_002575-T1	DBVPG3775_005189-T1
GF00002323	TFCN152A1_002122-T1	DBVPG3775_005190-T1
GF00002324	TFCN152A1_002123-T1	DBVPG3775_005191-T1
GF00002325	TFCN152A1_002125-T1	DBVPG3775_005193-T1
GF00002326	TFCN152A1_002582-T1	DBVPG3775_005197-T1
GF00002327	TFCN152A1_002130-T1	DBVPG3775_005199-T1
GF00002328	TFCN152A1_002131-T1	DBVPG3775_005200-T1
GF00002329	TFCN152A1_002133-T1	DBVPG3775_005204-T1
GF00002330	TFCN152A1_002136-T1	DBVPG3775_005207-T1
GF00002331	TFCN152A1_002591-T1	DBVPG3775_005208-T1
GF00002332	TFCN152A1_002138-T1	DBVPG3775_005209-T1
GF00002333	TFCN152A1_002593-T1	DBVPG3775_005210-T1
GF00002334	TFCN152A1_002594-T1	DBVPG3775_005211-T1
GF00002335	TFCN152A1_002595-T1	DBVPG3775_005212-T1
GF00002336	TFCN152A1_002145-T1	DBVPG3775_005216-T1
GF00002337	TFCN152A1_002146-T1	DBVPG3775_005217-T1
GF00002338	TFCN152A1_002600-T1	DBVPG3775_005218-T1
GF00002339	TFCN152A1_002603-T1	DBVPG3775_005221-T1
GF00002340	TFCN152A1_002150-T1	DBVPG3775_005222-T1
GF00002341	TFCN152A1_002605-T1	DBVPG3775_005223-T1
GF00002342	TFCN152A1_002152-T1	DBVPG3775_005224-T1
GF00002343	TFCN152A1_002153-T1	DBVPG3775_005225-T1
GF00002344	TFCN152A1_002609-T1	DBVPG3775_005226-T1
GF00002345	TFCN152A1_002163-T1	DBVPG3775_005236-T1
GF00002346	TFCN152A1_002166-T1	DBVPG3775_005239-T1
GF00002347	TFCN152A1_002621-T1	DBVPG3775_005240-T1
GF00002348	TFCN152A1_002168-T1	DBVPG3775_005241-T1
GF00002349	TFCN152A1_002169-T1	DBVPG3775_005242-T1
GF00002350	TFCN152A1_002172-T1	DBVPG3775_005245-T1
GF00002351	TFCN152A1_002176-T1	DBVPG3775_005249-T1
GF00002352	TFCN152A1_002179-T1	DBVPG3775_005253-T1
GF00002353	TFCN152A1_012921-T1	DBVPG3775_005255-T1
GF00002354	TFCN152A1_005445-T1	DBVPG3775_003009-T1
GF00002355	TFCN152A1_002186-T1	DBVPG3775_003006-T1
GF00002356	TFCN152A1_005451-T1	DBVPG3775_003004-T1
GF00002357	TFCN152A1_009037-T1	DBVPG3775_006562-T1
GF00002358	TFCN152A1_002194-T1	DBVPG3775_002996-T1
GF00002359	TFCN152A1_002197-T1	DBVPG3775_002993-T1
GF00002360	TFCN152A1_002202-T1	DBVPG3775_002984-T1
GF00002361	TFCN152A1_002203-T1	DBVPG3775_002983-T1
GF00002362	TFCN152A1_005468-T1	DBVPG3775_002982-T1
GF00002363	TFCN152A1_002205-T1	DBVPG3775_002981-T1
GF00002364	TFCN152A1_002209-T1	DBVPG3775_002976-T1
GF00002365	TFCN152A1_007676-T1	DBVPG3775_002975-T1
GF00002366	TFCN152A1_002213-T1	DBVPG3775_002971-T1
GF00002367	TFCN152A1_007673-T1	DBVPG3775_002970-T1
GF00002368	TFCN152A1_002215-T1	DBVPG3775_002969-T1
GF00002369	TFCN152A1_007670-T1	DBVPG3775_002967-T1
GF00002370	TFCN152A1_002218-T1	DBVPG3775_002964-T1
GF00002371	TFCN152A1_002220-T1	DBVPG3775_002962-T1
GF00002372	TFCN152A1_007665-T1	DBVPG3775_002961-T1
GF00002373	TFCN152A1_007664-T1	DBVPG3775_002960-T1
GF00002374	TFCN152A1_007663-T1	DBVPG3775_002959-T1
GF00002375	TFCN152A1_002224-T1	DBVPG3775_002958-T1
GF00002376	TFCN152A1_007661-T1	DBVPG3775_002957-T1
GF00002377	TFCN152A1_002226-T1	DBVPG3775_002956-T1
GF00002378	TFCN152A1_007659-T1	DBVPG3775_002955-T1
GF00002379	TFCN152A1_007658-T1	DBVPG3775_002954-T1
GF00002380	TFCN152A1_007657-T1	DBVPG3775_002953-T1
GF00002381	TFCN152A1_002230-T1	DBVPG3775_002952-T1
GF00002382	TFCN152A1_002232-T1	DBVPG3775_002950-T1
GF00002383	TFCN152A1_002233-T1	DBVPG3775_002949-T1
GF00002384	TFCN152A1_002238-T1	DBVPG3775_002940-T1
GF00002385	TFCN152A1_002239-T1	DBVPG3775_002939-T1
GF00002386	TFCN152A1_007643-T1	DBVPG3775_002938-T1
GF00002387	TFCN152A1_007638-T1	DBVPG3775_002933-T1
GF00002388	TFCN152A1_007637-T1	DBVPG3775_002931-T1
GF00002389	TFCN152A1_002248-T1	DBVPG3775_002929-T1
GF00002390	TFCN152A1_002249-T1	DBVPG3775_002928-T1
GF00002391	TFCN152A1_002250-T1	DBVPG3775_002927-T1
GF00002392	TFCN152A1_007632-T1	DBVPG3775_002926-T1
GF00002393	TFCN152A1_002253-T1	DBVPG3775_002924-T1
GF00002394	TFCN152A1_009224-T1	DBVPG3775_002921-T1
GF00002395	TFCN152A1_002257-T1	DBVPG3775_002920-T1
GF00002396	TFCN152A1_006126-T1	DBVPG3775_005655-T1
GF00002397	TFCN152A1_002259-T1	DBVPG3775_002918-T1
GF00002398	TFCN152A1_002262-T1	DBVPG3775_002915-T1
GF00002399	TFCN152A1_002264-T1	DBVPG3775_002913-T1
GF00002400	TFCN152A1_002265-T1	DBVPG3775_002912-T1
GF00002401	TFCN152A1_002266-T1	DBVPG3775_002911-T1
GF00002402	TFCN152A1_002267-T1	DBVPG3775_002910-T1
GF00002403	TFCN152A1_002268-T1	DBVPG3775_002909-T1
GF00002404	TFCN152A1_002272-T1	DBVPG3775_002906-T1
GF00002405	TFCN152A1_002273-T1	DBVPG3775_002905-T1
GF00002406	TFCN152A1_009206-T1	DBVPG3775_002902-T1
GF00002407	TFCN152A1_009202-T1	DBVPG3775_002897-T1
GF00002408	TFCN152A1_009201-T1	DBVPG3775_002896-T1
GF00002409	TFCN152A1_002280-T1	DBVPG3775_002895-T1
GF00002410	TFCN152A1_007334-T1	DBVPG3775_004699-T1
GF00002411	TFCN152A1_002285-T1	DBVPG3775_002888-T1
GF00002412	TFCN152A1_011233-T1	DBVPG3775_002887-T1
GF00002413	TFCN152A1_002287-T1	DBVPG3775_002886-T1
GF00002414	TFCN152A1_002288-T1	DBVPG3775_002885-T1
GF00002415	TFCN152A1_002289-T1	DBVPG3775_002884-T1
GF00002416	TFCN152A1_011229-T1	DBVPG3775_002883-T1
GF00002417	TFCN152A1_011228-T1	DBVPG3775_002882-T1
GF00002418	TFCN152A1_002296-T1	DBVPG3775_001375-T1
GF00002419	TFCN152A1_007982-T1	DBVPG3775_001373-T1
GF00002420	TFCN152A1_002303-T1	DBVPG3775_001362-T1
GF00002421	TFCN152A1_002306-T1	DBVPG3775_001359-T1
GF00002422	TFCN152A1_007991-T1	DBVPG3775_001358-T1
GF00002423	TFCN152A1_002308-T1	DBVPG3775_001357-T1
GF00002424	TFCN152A1_002310-T1	DBVPG3775_001355-T1
GF00002425	TFCN152A1_007995-T1	DBVPG3775_001354-T1
GF00002426	TFCN152A1_002312-T1	DBVPG3775_001353-T1
GF00002427	TFCN152A1_002313-T1	DBVPG3775_001352-T1
GF00002428	TFCN152A1_007998-T1	DBVPG3775_001351-T1
GF00002429	TFCN152A1_007999-T1	DBVPG3775_001350-T1
GF00002430	TFCN152A1_002316-T1	DBVPG3775_001349-T1
GF00002431	TFCN152A1_002319-T1	DBVPG3775_001344-T1
GF00002432	TFCN152A1_008003-T1	DBVPG3775_001343-T1
GF00002433	TFCN152A1_002321-T1	DBVPG3775_001342-T1
GF00002434	TFCN152A1_002327-T1	DBVPG3775_005549-T1
GF00002435	TFCN152A1_002329-T1	DBVPG3775_005551-T1
GF00002436	TFCN152A1_002330-T1	DBVPG3775_005552-T1
GF00002437	TFCN152A1_002331-T1	DBVPG3775_005553-T1
GF00002438	TFCN152A1_008013-T1	DBVPG3775_005554-T1
GF00002439	TFCN152A1_008016-T1	DBVPG3775_005559-T1
GF00002440	TFCN152A1_002336-T1	DBVPG3775_005560-T1
GF00002441	TFCN152A1_008018-T1	DBVPG3775_005561-T1
GF00002442	TFCN152A1_002338-T1	DBVPG3775_005562-T1
GF00002443	TFCN152A1_012341-T1	DBVPG3775_005570-T1
GF00002444	TFCN152A1_002359-T1	DBVPG3775_005588-T1
GF00002445	TFCN152A1_002360-T1	DBVPG3775_005589-T1
GF00002446	TFCN152A1_002361-T1	DBVPG3775_005590-T1
GF00002447	TFCN152A1_012706-T1	DBVPG3775_005591-T1
GF00002448	TFCN152A1_002363-T1	DBVPG3775_005592-T1
GF00002449	TFCN152A1_012708-T1	DBVPG3775_005593-T1
GF00002450	TFCN152A1_002365-T1	DBVPG3775_005594-T1
GF00002451	TFCN152A1_012320-T1	DBVPG3775_005600-T1
GF00002452	TFCN152A1_012319-T1	DBVPG3775_005601-T1
GF00002453	TFCN152A1_002376-T1	DBVPG3775_005605-T1
GF00002454	TFCN152A1_002377-T1	DBVPG3775_005606-T1
GF00002455	TFCN152A1_002378-T1	DBVPG3775_005607-T1
GF00002456	TFCN152A1_012312-T1	DBVPG3775_005608-T1
GF00002457	TFCN152A1_002381-T1	DBVPG3775_005610-T1
GF00002458	TFCN152A1_002382-T1	DBVPG3775_005611-T1
GF00002459	TFCN152A1_002384-T1	DBVPG3775_005614-T1
GF00002460	TFCN152A1_008231-T1	DBVPG3775_005615-T1
GF00002461	TFCN152A1_008234-T1	DBVPG3775_005619-T1
GF00002462	TFCN152A1_002388-T1	DBVPG3775_005620-T1
GF00002463	TFCN152A1_008237-T1	DBVPG3775_005622-T1
GF00002464	TFCN152A1_008238-T1	DBVPG3775_005623-T1
GF00002465	TFCN152A1_002392-T1	DBVPG3775_005624-T1
GF00002466	TFCN152A1_008241-T1	DBVPG3775_005627-T1
GF00002467	TFCN152A1_008244-T1	DBVPG3775_005630-T1
GF00002468	TFCN152A1_008245-T1	DBVPG3775_005631-T1
GF00002469	TFCN152A1_002401-T1	DBVPG3775_005634-T1
GF00002470	TFCN152A1_002404-T1	DBVPG3775_006353-T1
GF00002471	TFCN152A1_002406-T1	DBVPG3775_006355-T1
GF00002472	TFCN152A1_002410-T1	DBVPG3775_006359-T1
GF00002473	TFCN152A1_012365-T1	DBVPG3775_006100-T1
GF00002474	TFCN152A1_002414-T1	DBVPG3775_006363-T1
GF00002475	TFCN152A1_002416-T1	DBVPG3775_006366-T1
GF00002476	TFCN152A1_010110-T1	DBVPG3775_006367-T1
GF00002477	TFCN152A1_002418-T1	DBVPG3775_006368-T1
GF00002478	TFCN152A1_002419-T1	DBVPG3775_006369-T1
GF00002479	TFCN152A1_002422-T1	DBVPG3775_006372-T1
GF00002480	TFCN152A1_010104-T1	DBVPG3775_006373-T1
GF00002481	TFCN152A1_007434-T1	DBVPG3775_004406-T1
GF00002482	TFCN152A1_013121-T1	DBVPG3775_003288-T1
GF00002483	TFCN152A1_010844-T1	DBVPG3775_002447-T1
GF00002484	TFCN152A1_010843-T1	DBVPG3775_002448-T1
GF00002485	TFCN152A1_010842-T1	DBVPG3775_002449-T1
GF00002486	TFCN152A1_002723-T1	DBVPG3775_002450-T1
GF00002487	TFCN152A1_009333-T1	DBVPG3775_006874-T1
GF00002488	TFCN152A1_002726-T1	DBVPG3775_002453-T1
GF00002489	TFCN152A1_002727-T1	DBVPG3775_002454-T1
GF00002490	TFCN152A1_010837-T1	DBVPG3775_002455-T1
GF00002491	TFCN152A1_010834-T1	DBVPG3775_002459-T1
GF00002492	TFCN152A1_002732-T1	DBVPG3775_002460-T1
GF00002493	TFCN152A1_002733-T1	DBVPG3775_002461-T1
GF00002494	TFCN152A1_002734-T1	DBVPG3775_002462-T1
GF00002495	TFCN152A1_002735-T1	DBVPG3775_002463-T1
GF00002496	TFCN152A1_002736-T1	DBVPG3775_002464-T1
GF00002497	TFCN152A1_002737-T1	DBVPG3775_002465-T1
GF00002498	TFCN152A1_002738-T1	DBVPG3775_002466-T1
GF00002499	TFCN152A1_010826-T1	DBVPG3775_002467-T1
GF00002500	TFCN152A1_002741-T1	DBVPG3775_002469-T1
GF00002501	TFCN152A1_002742-T1	DBVPG3775_002470-T1
GF00002502	TFCN152A1_002743-T1	DBVPG3775_002471-T1
GF00002503	TFCN152A1_002747-T1	DBVPG3775_007516-T1
GF00002504	TFCN152A1_002748-T1	DBVPG3775_007515-T1
GF00002505	TFCN152A1_002750-T1	DBVPG3775_007512-T1
GF00002506	TFCN152A1_006241-T1	DBVPG3775_007509-T1
GF00002507	TFCN152A1_006242-T1	DBVPG3775_007508-T1
GF00002508	TFCN152A1_002756-T1	DBVPG3775_007009-T1
GF00002509	TFCN152A1_003086-T1	DBVPG3775_006331-T1
GF00002510	TFCN152A1_006247-T1	DBVPG3775_007006-T1
GF00002511	TFCN152A1_002760-T1	DBVPG3775_007005-T1
GF00002512	TFCN152A1_006250-T1	DBVPG3775_007003-T1
GF00002513	TFCN152A1_006251-T1	DBVPG3775_007002-T1
GF00002514	TFCN152A1_006253-T1	DBVPG3775_006999-T1
GF00002515	TFCN152A1_002768-T1	DBVPG3775_006997-T1
GF00002516	TFCN152A1_002769-T1	DBVPG3775_006996-T1
GF00002517	TFCN152A1_006383-T1	DBVPG3775_003378-T1
GF00002518	TFCN152A1_002774-T1	DBVPG3775_006991-T1
GF00002519	TFCN152A1_002775-T1	DBVPG3775_006990-T1
GF00002520	TFCN152A1_006260-T1	DBVPG3775_006989-T1
GF00002521	TFCN152A1_006262-T1	DBVPG3775_006987-T1
GF00002522	TFCN152A1_006263-T1	DBVPG3775_006986-T1
GF00002523	TFCN152A1_002782-T1	DBVPG3775_006983-T1
GF00002524	TFCN152A1_002784-T1	DBVPG3775_006981-T1
GF00002525	TFCN152A1_002787-T1	DBVPG3775_006978-T1
GF00002526	TFCN152A1_002791-T1	DBVPG3775_007477-T1
GF00002527	TFCN152A1_002792-T1	DBVPG3775_007476-T1
GF00002528	TFCN152A1_012426-T1	DBVPG3775_007475-T1
GF00002529	TFCN152A1_002794-T1	DBVPG3775_007474-T1
GF00002530	TFCN152A1_002796-T1	DBVPG3775_007472-T1
GF00002531	TFCN152A1_012430-T1	DBVPG3775_007471-T1
GF00002532	TFCN152A1_002801-T1	DBVPG3775_007467-T1
GF00002533	TFCN152A1_012435-T1	DBVPG3775_007464-T1
GF00002534	TFCN152A1_002809-T1	DBVPG3775_006451-T1
GF00002535	TFCN152A1_012897-T1	DBVPG3775_006450-T1
GF00002536	TFCN152A1_009451-T1	DBVPG3775_006448-T1
GF00002537	TFCN152A1_002813-T1	DBVPG3775_006447-T1
GF00002538	TFCN152A1_009449-T1	DBVPG3775_006446-T1
GF00002539	TFCN152A1_002815-T1	DBVPG3775_006445-T1
GF00002540	TFCN152A1_002819-T1	DBVPG3775_006440-T1
GF00002541	TFCN152A1_002853-T1	DBVPG3775_001639-T1
GF00002542	TFCN152A1_002858-T1	DBVPG3775_001645-T1
GF00002543	TFCN152A1_002859-T1	DBVPG3775_001646-T1
GF00002544	TFCN152A1_002860-T1	DBVPG3775_001647-T1
GF00002545	TFCN152A1_002861-T1	DBVPG3775_001648-T1
GF00002546	TFCN152A1_002862-T1	DBVPG3775_001649-T1
GF00002547	TFCN152A1_007533-T1	DBVPG3775_001830-T1
GF00002548	TFCN152A1_008127-T1	DBVPG3775_002626-T1
GF00002549	TFCN152A1_006320-T1	DBVPG3775_001767-T1
GF00002550	TFCN152A1_002865-T1	DBVPG3775_001654-T1
GF00002551	TFCN152A1_002866-T1	DBVPG3775_001655-T1
GF00002552	TFCN152A1_002867-T1	DBVPG3775_001656-T1
GF00002553	TFCN152A1_004771-T1	DBVPG3775_005742-T1
GF00002554	TFCN152A1_002870-T1	DBVPG3775_001660-T1
GF00002555	TFCN152A1_002873-T1	DBVPG3775_001663-T1
GF00002556	TFCN152A1_002874-T1	DBVPG3775_001664-T1
GF00002557	TFCN152A1_002875-T1	DBVPG3775_001665-T1
GF00002558	TFCN152A1_002880-T1	DBVPG3775_001672-T1
GF00002559	TFCN152A1_002886-T1	DBVPG3775_001680-T1
GF00002560	TFCN152A1_002887-T1	DBVPG3775_001681-T1
GF00002561	TFCN152A1_002888-T1	DBVPG3775_001682-T1
GF00002562	TFCN152A1_002889-T1	DBVPG3775_001683-T1
GF00002563	TFCN152A1_003911-T1	DBVPG3775_001684-T1
GF00002564	TFCN152A1_002894-T1	DBVPG3775_001689-T1
GF00002565	TFCN152A1_002898-T1	DBVPG3775_001693-T1
GF00002566	TFCN152A1_002899-T1	DBVPG3775_001694-T1
GF00002567	TFCN152A1_003902-T1	DBVPG3775_001695-T1
GF00002568	TFCN152A1_003901-T1	DBVPG3775_001696-T1
GF00002569	TFCN152A1_002902-T1	DBVPG3775_001697-T1
GF00002570	TFCN152A1_002906-T1	DBVPG3775_001701-T1
GF00002571	TFCN152A1_002907-T1	DBVPG3775_001702-T1
GF00002572	TFCN152A1_002908-T1	DBVPG3775_001703-T1
GF00002573	TFCN152A1_003893-T1	DBVPG3775_001704-T1
GF00002574	TFCN152A1_003890-T1	DBVPG3775_001707-T1
GF00002575	TFCN152A1_002914-T1	DBVPG3775_001711-T1
GF00002576	TFCN152A1_002915-T1	DBVPG3775_001712-T1
GF00002577	TFCN152A1_002916-T1	DBVPG3775_001713-T1
GF00002578	TFCN152A1_002922-T1	DBVPG3775_001721-T1
GF00002579	TFCN152A1_003878-T1	DBVPG3775_001724-T1
GF00002580	TFCN152A1_002929-T1	DBVPG3775_001730-T1
GF00002581	TFCN152A1_003873-T1	DBVPG3775_001731-T1
GF00002582	TFCN152A1_002931-T1	DBVPG3775_001732-T1
GF00002583	TFCN152A1_002932-T1	DBVPG3775_001733-T1
GF00002584	TFCN152A1_002934-T1	DBVPG3775_001735-T1
GF00002585	TFCN152A1_002935-T1	DBVPG3775_001736-T1
GF00002586	TFCN152A1_002936-T1	DBVPG3775_001737-T1
GF00002587	TFCN152A1_011913-T1	DBVPG3775_001738-T1
GF00002588	TFCN152A1_011912-T1	DBVPG3775_001739-T1
GF00002589	TFCN152A1_002943-T1	DBVPG3775_001745-T1
GF00002590	TFCN152A1_002944-T1	DBVPG3775_001746-T1
GF00002591	TFCN152A1_011905-T1	DBVPG3775_001749-T1
GF00002592	TFCN152A1_011904-T1	DBVPG3775_001750-T1
GF00002593	TFCN152A1_002950-T1	DBVPG3775_000184-T1
GF00002594	TFCN152A1_008062-T1	DBVPG3775_000187-T1
GF00002595	TFCN152A1_008061-T1	DBVPG3775_000188-T1
GF00002596	TFCN152A1_008060-T1	DBVPG3775_000189-T1
GF00002597	TFCN152A1_002961-T1	DBVPG3775_000197-T1
GF00002598	TFCN152A1_002962-T1	DBVPG3775_000198-T1
GF00002599	TFCN152A1_002963-T1	DBVPG3775_000199-T1
GF00002600	TFCN152A1_002964-T1	DBVPG3775_000200-T1
GF00002601	TFCN152A1_002965-T1	DBVPG3775_000201-T1
GF00002602	TFCN152A1_008051-T1	DBVPG3775_000205-T1
GF00002603	TFCN152A1_008048-T1	DBVPG3775_000209-T1
GF00002604	TFCN152A1_002972-T1	DBVPG3775_000210-T1
GF00002605	TFCN152A1_008046-T1	DBVPG3775_000212-T1
GF00002606	TFCN152A1_002975-T1	DBVPG3775_000213-T1
GF00002607	TFCN152A1_002977-T1	DBVPG3775_000214-T1
GF00002608	TFCN152A1_002980-T1	DBVPG3775_000217-T1
GF00002609	TFCN152A1_002981-T1	DBVPG3775_000218-T1
GF00002610	TFCN152A1_008036-T1	DBVPG3775_000221-T1
GF00002611	TFCN152A1_002985-T1	DBVPG3775_000222-T1
GF00002612	TFCN152A1_002986-T1	DBVPG3775_000223-T1
GF00002613	TFCN152A1_008033-T1	DBVPG3775_000224-T1
GF00002614	TFCN152A1_002988-T1	DBVPG3775_000225-T1
GF00002615	TFCN152A1_008029-T1	DBVPG3775_000229-T1
GF00002616	TFCN152A1_002995-T1	DBVPG3775_000232-T1
GF00002617	TFCN152A1_008024-T1	DBVPG3775_000235-T1
GF00002618	TFCN152A1_002999-T1	DBVPG3775_000236-T1
GF00002619	TFCN152A1_003000-T1	DBVPG3775_000237-T1
GF00002620	TFCN152A1_003002-T1	DBVPG3775_000239-T1
GF00002621	TFCN152A1_012684-T1	DBVPG3775_000240-T1
GF00002622	TFCN152A1_012683-T1	DBVPG3775_000241-T1
GF00002623	TFCN152A1_012682-T1	DBVPG3775_000242-T1
GF00002624	TFCN152A1_003006-T1	DBVPG3775_000243-T1
GF00002625	TFCN152A1_012680-T1	DBVPG3775_000244-T1
GF00002626	TFCN152A1_003008-T1	DBVPG3775_000245-T1
GF00002627	TFCN152A1_003009-T1	DBVPG3775_000246-T1
GF00002628	TFCN152A1_011205-T1	DBVPG3775_000247-T1
GF00002629	TFCN152A1_003013-T1	DBVPG3775_000251-T1
GF00002630	TFCN152A1_011200-T1	DBVPG3775_000255-T1
GF00002631	TFCN152A1_009786-T1	DBVPG3775_001459-T1
GF00002632	TFCN152A1_003430-T1	DBVPG3775_004472-T1
GF00002633	TFCN152A1_003018-T1	DBVPG3775_000259-T1
GF00002634	TFCN152A1_011196-T1	DBVPG3775_000260-T1
GF00002635	TFCN152A1_003020-T1	DBVPG3775_000261-T1
GF00002636	TFCN152A1_003021-T1	DBVPG3775_000262-T1
GF00002637	TFCN152A1_003023-T1	DBVPG3775_000264-T1
GF00002638	TFCN152A1_011191-T1	DBVPG3775_000265-T1
GF00002639	TFCN152A1_003025-T1	DBVPG3775_000266-T1
GF00002640	TFCN152A1_003026-T1	DBVPG3775_000267-T1
GF00002641	TFCN152A1_008076-T1	DBVPG3775_003291-T1
GF00002642	TFCN152A1_006625-T1	DBVPG3775_004662-T1
GF00002643	TFCN152A1_007092-T1	DBVPG3775_000272-T1
GF00002644	TFCN152A1_003030-T1	DBVPG3775_000273-T1
GF00002645	TFCN152A1_003031-T1	DBVPG3775_000274-T1
GF00002646	TFCN152A1_003032-T1	DBVPG3775_000275-T1
GF00002647	TFCN152A1_003033-T1	DBVPG3775_000276-T1
GF00002648	TFCN152A1_003034-T1	DBVPG3775_000277-T1
GF00002649	TFCN152A1_003035-T1	DBVPG3775_000279-T1
GF00002650	TFCN152A1_003036-T1	DBVPG3775_000280-T1
GF00002651	TFCN152A1_007083-T1	DBVPG3775_000284-T1
GF00002652	TFCN152A1_003040-T1	DBVPG3775_000285-T1
GF00002653	TFCN152A1_003041-T1	DBVPG3775_000286-T1
GF00002654	TFCN152A1_003044-T1	DBVPG3775_000289-T1
GF00002655	TFCN152A1_003049-T1	DBVPG3775_000297-T1
GF00002656	TFCN152A1_003145-T1	DBVPG3775_007110-T1
GF00002657	TFCN152A1_003051-T1	DBVPG3775_000299-T1
GF00002658	TFCN152A1_003055-T1	DBVPG3775_003806-T1
GF00002659	TFCN152A1_009703-T1	DBVPG3775_003807-T1
GF00002660	TFCN152A1_003057-T1	DBVPG3775_003808-T1
GF00002661	TFCN152A1_003058-T1	DBVPG3775_003809-T1
GF00002662	TFCN152A1_003060-T1	DBVPG3775_003812-T1
GF00002663	TFCN152A1_003061-T1	DBVPG3775_003813-T1
GF00002664	TFCN152A1_009697-T1	DBVPG3775_003814-T1
GF00002665	TFCN152A1_003063-T1	DBVPG3775_003815-T1
GF00002666	TFCN152A1_009695-T1	DBVPG3775_003816-T1
GF00002667	TFCN152A1_003068-T1	DBVPG3775_003824-T1
GF00002668	TFCN152A1_003069-T1	DBVPG3775_003825-T1
GF00002669	TFCN152A1_005371-T1	DBVPG3775_003827-T1
GF00002670	TFCN152A1_005370-T1	DBVPG3775_003828-T1
GF00002671	TFCN152A1_003073-T1	DBVPG3775_003829-T1
GF00002672	TFCN152A1_005368-T1	DBVPG3775_003830-T1
GF00002673	TFCN152A1_005367-T1	DBVPG3775_003831-T1
GF00002674	TFCN152A1_005365-T1	DBVPG3775_003833-T1
GF00002675	TFCN152A1_003078-T1	DBVPG3775_003834-T1
GF00002676	TFCN152A1_003079-T1	DBVPG3775_003835-T1
GF00002677	TFCN152A1_003080-T1	DBVPG3775_003836-T1
GF00002678	TFCN152A1_005361-T1	DBVPG3775_003837-T1
GF00002679	TFCN152A1_003082-T1	DBVPG3775_006336-T1
GF00002680	TFCN152A1_003084-T1	DBVPG3775_006334-T1
GF00002681	TFCN152A1_003087-T1	DBVPG3775_006330-T1
GF00002682	TFCN152A1_003088-T1	DBVPG3775_006329-T1
GF00002683	TFCN152A1_005349-T1	DBVPG3775_006323-T1
GF00002684	TFCN152A1_003094-T1	DBVPG3775_006322-T1
GF00002685	TFCN152A1_005347-T1	DBVPG3775_006321-T1
GF00002686	TFCN152A1_003096-T1	DBVPG3775_006320-T1
GF00002687	TFCN152A1_003097-T1	DBVPG3775_006319-T1
GF00002688	TFCN152A1_003098-T1	DBVPG3775_006318-T1
GF00002689	TFCN152A1_003100-T1	DBVPG3775_006315-T1
GF00002690	TFCN152A1_013090-T1	DBVPG3775_006310-T1
GF00002691	TFCN152A1_009668-T1	DBVPG3775_006308-T1
GF00002692	TFCN152A1_003107-T1	DBVPG3775_006306-T1
GF00002693	TFCN152A1_003108-T1	DBVPG3775_006305-T1
GF00002694	TFCN152A1_003110-T1	DBVPG3775_006303-T1
GF00002695	TFCN152A1_009673-T1	DBVPG3775_006302-T1
GF00002696	TFCN152A1_003112-T1	DBVPG3775_006301-T1
GF00002697	TFCN152A1_003113-T1	DBVPG3775_006300-T1
GF00002698	TFCN152A1_003114-T1	DBVPG3775_006299-T1
GF00002699	TFCN152A1_003115-T1	DBVPG3775_006298-T1
GF00002700	TFCN152A1_003116-T1	DBVPG3775_006297-T1
GF00002701	TFCN152A1_003117-T1	DBVPG3775_006296-T1
GF00002702	TFCN152A1_009680-T1	DBVPG3775_006295-T1
GF00002703	TFCN152A1_003119-T1	DBVPG3775_006294-T1
GF00002704	TFCN152A1_003120-T1	DBVPG3775_006293-T1
GF00002705	TFCN152A1_003121-T1	DBVPG3775_006292-T1
GF00002706	TFCN152A1_003126-T1	DBVPG3775_006285-T1
GF00002707	TFCN152A1_009688-T1	DBVPG3775_006284-T1
GF00002708	TFCN152A1_009690-T1	DBVPG3775_006282-T1
GF00002709	TFCN152A1_003130-T1	DBVPG3775_006281-T1
GF00002710	TFCN152A1_003133-T1	DBVPG3775_007124-T1
GF00002711	TFCN152A1_005381-T1	DBVPG3775_007121-T1
GF00002712	TFCN152A1_003136-T1	DBVPG3775_007120-T1
GF00002713	TFCN152A1_003138-T1	DBVPG3775_007118-T1
GF00002714	TFCN152A1_003139-T1	DBVPG3775_007117-T1
GF00002715	TFCN152A1_005386-T1	DBVPG3775_007116-T1
GF00002716	TFCN152A1_005387-T1	DBVPG3775_007115-T1
GF00002717	TFCN152A1_003142-T1	DBVPG3775_007114-T1
GF00002718	TFCN152A1_003143-T1	DBVPG3775_007113-T1
GF00002719	TFCN152A1_003146-T1	DBVPG3775_007109-T1
GF00002720	TFCN152A1_003147-T1	DBVPG3775_007108-T1
GF00002721	TFCN152A1_003148-T1	DBVPG3775_007107-T1
GF00002722	TFCN152A1_005396-T1	DBVPG3775_007106-T1
GF00002723	TFCN152A1_005398-T1	DBVPG3775_007104-T1
GF00002724	TFCN152A1_003154-T1	DBVPG3775_007100-T1
GF00002725	TFCN152A1_005402-T1	DBVPG3775_007099-T1
GF00002726	TFCN152A1_008118-T1	DBVPG3775_002637-T1
GF00002727	TFCN152A1_003156-T1	DBVPG3775_007098-T1
GF00002728	TFCN152A1_003159-T1	DBVPG3775_007095-T1
GF00002729	TFCN152A1_003162-T1	DBVPG3775_006740-T1
GF00002730	TFCN152A1_009110-T1	DBVPG3775_006734-T1
GF00002731	TFCN152A1_009109-T1	DBVPG3775_006733-T1
GF00002732	TFCN152A1_009108-T1	DBVPG3775_006732-T1
GF00002733	TFCN152A1_003169-T1	DBVPG3775_006731-T1
GF00002734	TFCN152A1_009106-T1	DBVPG3775_006730-T1
GF00002735	TFCN152A1_009105-T1	DBVPG3775_006729-T1
GF00002736	TFCN152A1_009104-T1	DBVPG3775_006728-T1
GF00002737	TFCN152A1_003173-T1	DBVPG3775_006727-T1
GF00002738	TFCN152A1_003176-T1	DBVPG3775_006723-T1
GF00002739	TFCN152A1_003177-T1	DBVPG3775_006722-T1
GF00002740	TFCN152A1_003178-T1	DBVPG3775_006721-T1
GF00002741	TFCN152A1_003179-T1	DBVPG3775_006720-T1
GF00002742	TFCN152A1_009096-T1	DBVPG3775_006719-T1
GF00002743	TFCN152A1_003181-T1	DBVPG3775_006718-T1
GF00002744	TFCN152A1_003182-T1	DBVPG3775_006717-T1
GF00002745	TFCN152A1_009093-T1	DBVPG3775_006716-T1
GF00002746	TFCN152A1_009090-T1	DBVPG3775_006713-T1
GF00002747	TFCN152A1_009089-T1	DBVPG3775_006712-T1
GF00002748	TFCN152A1_003190-T1	DBVPG3775_006708-T1
GF00002749	TFCN152A1_003191-T1	DBVPG3775_006707-T1
GF00002750	TFCN152A1_003192-T1	DBVPG3775_006706-T1
GF00002751	TFCN152A1_003193-T1	DBVPG3775_006705-T1
GF00002752	TFCN152A1_007924-T1	DBVPG3775_006704-T1
GF00002753	TFCN152A1_007923-T1	DBVPG3775_006703-T1
GF00002754	TFCN152A1_007922-T1	DBVPG3775_006702-T1
GF00002755	TFCN152A1_007917-T1	DBVPG3775_006695-T1
GF00002756	TFCN152A1_007912-T1	DBVPG3775_003683-T1
GF00002757	TFCN152A1_003207-T1	DBVPG3775_003682-T1
GF00002758	TFCN152A1_003211-T1	DBVPG3775_003679-T1
GF00002759	TFCN152A1_003212-T1	DBVPG3775_003678-T1
GF00002760	TFCN152A1_003217-T1	DBVPG3775_003673-T1
GF00002761	TFCN152A1_003219-T1	DBVPG3775_003670-T1
GF00002762	TFCN152A1_003220-T1	DBVPG3775_003669-T1
GF00002763	TFCN152A1_007898-T1	DBVPG3775_003667-T1
GF00002764	TFCN152A1_007897-T1	DBVPG3775_003666-T1
GF00002765	TFCN152A1_003224-T1	DBVPG3775_003665-T1
GF00002766	TFCN152A1_007893-T1	DBVPG3775_003661-T1
GF00002767	TFCN152A1_003228-T1	DBVPG3775_003660-T1
GF00002768	TFCN152A1_003229-T1	DBVPG3775_003659-T1
GF00002769	TFCN152A1_003230-T1	DBVPG3775_003658-T1
GF00002770	TFCN152A1_007888-T1	DBVPG3775_003656-T1
GF00002771	TFCN152A1_007886-T1	DBVPG3775_003654-T1
GF00002772	TFCN152A1_007881-T1	DBVPG3775_003648-T1
GF00002773	TFCN152A1_003239-T1	DBVPG3775_003647-T1
GF00002774	TFCN152A1_003248-T1	DBVPG3775_003637-T1
GF00002775	TFCN152A1_003249-T1	DBVPG3775_003636-T1
GF00002776	TFCN152A1_003252-T1	DBVPG3775_003631-T1
GF00002777	TFCN152A1_010950-T1	DBVPG3775_003630-T1
GF00002778	TFCN152A1_003254-T1	DBVPG3775_003629-T1
GF00002779	TFCN152A1_010952-T1	DBVPG3775_003628-T1
GF00002780	TFCN152A1_010953-T1	DBVPG3775_003627-T1
GF00002781	TFCN152A1_003257-T1	DBVPG3775_003626-T1
GF00002782	TFCN152A1_003258-T1	DBVPG3775_003625-T1
GF00002783	TFCN152A1_003259-T1	DBVPG3775_003624-T1
GF00002784	TFCN152A1_003260-T1	DBVPG3775_003623-T1
GF00002785	TFCN152A1_003261-T1	DBVPG3775_003622-T1
GF00002786	TFCN152A1_003262-T1	DBVPG3775_003621-T1
GF00002787	TFCN152A1_003263-T1	DBVPG3775_003620-T1
GF00002788	TFCN152A1_003264-T1	DBVPG3775_003619-T1
GF00002789	TFCN152A1_003265-T1	DBVPG3775_003618-T1
GF00002790	TFCN152A1_010963-T1	DBVPG3775_003617-T1
GF00002791	TFCN152A1_003268-T1	DBVPG3775_003614-T1
GF00002792	TFCN152A1_003271-T1	DBVPG3775_000998-T1
GF00002793	TFCN152A1_003272-T1	DBVPG3775_000997-T1
GF00002794	TFCN152A1_003273-T1	DBVPG3775_000996-T1
GF00002795	TFCN152A1_011163-T1	DBVPG3775_000984-T1
GF00002796	TFCN152A1_003280-T1	DBVPG3775_000985-T1
GF00002797	TFCN152A1_003281-T1	DBVPG3775_000986-T1
GF00002798	TFCN152A1_011160-T1	DBVPG3775_000987-T1
GF00002799	TFCN152A1_003283-T1	DBVPG3775_000988-T1
GF00002800	TFCN152A1_003291-T1	DBVPG3775_000979-T1
GF00002801	TFCN152A1_008557-T1	DBVPG3775_000974-T1
GF00002802	TFCN152A1_008558-T1	DBVPG3775_000973-T1
GF00002803	TFCN152A1_008559-T1	DBVPG3775_000972-T1
GF00002804	TFCN152A1_008563-T1	DBVPG3775_000967-T1
GF00002805	TFCN152A1_012782-T1	DBVPG3775_003242-T1
GF00002806	TFCN152A1_008567-T1	DBVPG3775_000963-T1
GF00002807	TFCN152A1_003305-T1	DBVPG3775_000961-T1
GF00002808	TFCN152A1_006674-T1	DBVPG3775_007519-T1
GF00002809	TFCN152A1_008574-T1	DBVPG3775_000955-T1
GF00002810	TFCN152A1_008576-T1	DBVPG3775_000952-T1
GF00002811	TFCN152A1_003314-T1	DBVPG3775_000951-T1
GF00002812	TFCN152A1_008578-T1	DBVPG3775_000950-T1
GF00002813	TFCN152A1_003317-T1	DBVPG3775_000948-T1
GF00002814	TFCN152A1_008581-T1	DBVPG3775_000947-T1
GF00002815	TFCN152A1_003321-T1	DBVPG3775_000945-T1
GF00002816	TFCN152A1_008584-T1	DBVPG3775_000944-T1
GF00002817	TFCN152A1_003323-T1	DBVPG3775_000943-T1
GF00002818	TFCN152A1_008586-T1	DBVPG3775_000942-T1
GF00002819	TFCN152A1_008587-T1	DBVPG3775_000941-T1
GF00002820	TFCN152A1_003326-T1	DBVPG3775_000940-T1
GF00002821	TFCN152A1_008589-T1	DBVPG3775_000939-T1
GF00002822	TFCN152A1_008590-T1	DBVPG3775_000938-T1
GF00002823	TFCN152A1_008591-T1	DBVPG3775_000937-T1
GF00002824	TFCN152A1_008592-T1	DBVPG3775_000936-T1
GF00002825	TFCN152A1_003331-T1	DBVPG3775_000935-T1
GF00002826	TFCN152A1_003334-T1	DBVPG3775_000910-T1
GF00002827	TFCN152A1_003335-T1	DBVPG3775_000911-T1
GF00002828	TFCN152A1_003338-T1	DBVPG3775_000914-T1
GF00002829	TFCN152A1_003341-T1	DBVPG3775_000917-T1
GF00002830	TFCN152A1_003343-T1	DBVPG3775_000920-T1
GF00002831	TFCN152A1_004822-T1	DBVPG3775_000921-T1
GF00002832	TFCN152A1_004816-T1	DBVPG3775_000927-T1
GF00002833	TFCN152A1_004815-T1	DBVPG3775_000928-T1
GF00002834	TFCN152A1_004814-T1	DBVPG3775_000929-T1
GF00002835	TFCN152A1_003353-T1	DBVPG3775_000930-T1
GF00002836	TFCN152A1_004812-T1	DBVPG3775_000931-T1
GF00002837	TFCN152A1_003355-T1	DBVPG3775_000906-T1
GF00002838	TFCN152A1_004839-T1	DBVPG3775_000901-T1
GF00002839	TFCN152A1_004843-T1	DBVPG3775_000897-T1
GF00002840	TFCN152A1_004846-T1	DBVPG3775_000894-T1
GF00002841	TFCN152A1_003365-T1	DBVPG3775_000893-T1
GF00002842	TFCN152A1_009168-T1	DBVPG3775_005673-T1
GF00002843	TFCN152A1_003372-T1	DBVPG3775_005675-T1
GF00002844	TFCN152A1_003373-T1	DBVPG3775_005676-T1
GF00002845	TFCN152A1_003378-T1	DBVPG3775_005681-T1
GF00002846	TFCN152A1_003379-T1	DBVPG3775_005682-T1
GF00002847	TFCN152A1_003380-T1	DBVPG3775_005683-T1
GF00002848	TFCN152A1_003381-T1	DBVPG3775_005684-T1
GF00002849	TFCN152A1_009174-T1	DBVPG3775_005685-T1
GF00002850	TFCN152A1_009175-T1	DBVPG3775_005686-T1
GF00002851	TFCN152A1_003384-T1	DBVPG3775_005687-T1
GF00002852	TFCN152A1_003385-T1	DBVPG3775_005688-T1
GF00002853	TFCN152A1_003390-T1	DBVPG3775_005694-T1
GF00002854	TFCN152A1_009184-T1	DBVPG3775_005698-T1
GF00002855	TFCN152A1_003399-T1	DBVPG3775_005704-T1
GF00002856	TFCN152A1_009190-T1	DBVPG3775_005705-T1
GF00002857	TFCN152A1_003401-T1	DBVPG3775_005706-T1
GF00002858	TFCN152A1_003402-T1	DBVPG3775_005707-T1
GF00002859	TFCN152A1_009193-T1	DBVPG3775_005708-T1
GF00002860	TFCN152A1_009194-T1	DBVPG3775_005709-T1
GF00002861	TFCN152A1_009198-T1	DBVPG3775_005718-T1
GF00002862	TFCN152A1_005340-T1	DBVPG3775_005722-T1
GF00002863	TFCN152A1_005339-T1	DBVPG3775_005723-T1
GF00002864	TFCN152A1_003418-T1	DBVPG3775_005724-T1
GF00002865	TFCN152A1_005337-T1	DBVPG3775_005726-T1
GF00002866	TFCN152A1_003420-T1	DBVPG3775_005727-T1
GF00002867	TFCN152A1_005335-T1	DBVPG3775_004481-T1
GF00002868	TFCN152A1_003422-T1	DBVPG3775_004480-T1
GF00002869	TFCN152A1_005332-T1	DBVPG3775_004478-T1
GF00002870	TFCN152A1_003431-T1	DBVPG3775_004471-T1
GF00002871	TFCN152A1_005326-T1	DBVPG3775_004470-T1
GF00002872	TFCN152A1_003434-T1	DBVPG3775_004468-T1
GF00002873	TFCN152A1_005323-T1	DBVPG3775_004467-T1
GF00002874	TFCN152A1_005322-T1	DBVPG3775_004465-T1
GF00002875	TFCN152A1_003437-T1	DBVPG3775_004464-T1
GF00002876	TFCN152A1_003438-T1	DBVPG3775_004463-T1
GF00002877	TFCN152A1_003440-T1	DBVPG3775_004460-T1
GF00002878	TFCN152A1_005315-T1	DBVPG3775_004458-T1
GF00002879	TFCN152A1_003443-T1	DBVPG3775_004457-T1
GF00002880	TFCN152A1_003444-T1	DBVPG3775_004456-T1
GF00002881	TFCN152A1_003446-T1	DBVPG3775_004454-T1
GF00002882	TFCN152A1_005302-T1	DBVPG3775_004451-T1
GF00002883	TFCN152A1_005305-T1	DBVPG3775_004448-T1
GF00002884	TFCN152A1_005306-T1	DBVPG3775_004447-T1
GF00002885	TFCN152A1_005307-T1	DBVPG3775_004446-T1
GF00002886	TFCN152A1_005308-T1	DBVPG3775_004445-T1
GF00002887	TFCN152A1_003457-T1	DBVPG3775_004443-T1
GF00002888	TFCN152A1_005310-T1	DBVPG3775_004442-T1
GF00002889	TFCN152A1_005300-T1	DBVPG3775_004437-T1
GF00002890	TFCN152A1_003463-T1	DBVPG3775_004434-T1
GF00002891	TFCN152A1_005297-T1	DBVPG3775_004433-T1
GF00002892	TFCN152A1_003465-T1	DBVPG3775_004432-T1
GF00002893	TFCN152A1_005295-T1	DBVPG3775_004431-T1
GF00002894	TFCN152A1_003469-T1	DBVPG3775_004429-T1
GF00002895	TFCN152A1_003470-T1	DBVPG3775_004428-T1
GF00002896	TFCN152A1_005290-T1	DBVPG3775_004426-T1
GF00002897	TFCN152A1_003504-T1	DBVPG3775_000815-T1
GF00002898	TFCN152A1_003506-T1	DBVPG3775_000817-T1
GF00002899	TFCN152A1_010401-T1	DBVPG3775_000821-T1
GF00002900	TFCN152A1_010402-T1	DBVPG3775_000822-T1
GF00002901	TFCN152A1_003979-T1	DBVPG3775_006183-T1
GF00002902	TFCN152A1_003511-T1	DBVPG3775_000823-T1
GF00002903	TFCN152A1_010404-T1	DBVPG3775_000824-T1
GF00002904	TFCN152A1_003513-T1	DBVPG3775_000825-T1
GF00002905	TFCN152A1_010407-T1	DBVPG3775_000827-T1
GF00002906	TFCN152A1_010408-T1	DBVPG3775_000828-T1
GF00002907	TFCN152A1_010409-T1	DBVPG3775_000829-T1
GF00002908	TFCN152A1_003518-T1	DBVPG3775_000830-T1
GF00002909	TFCN152A1_003521-T1	DBVPG3775_000833-T1
GF00002910	TFCN152A1_010414-T1	DBVPG3775_000834-T1
GF00002911	TFCN152A1_010416-T1	DBVPG3775_000837-T1
GF00002912	TFCN152A1_003525-T1	DBVPG3775_000838-T1
GF00002913	TFCN152A1_010418-T1	DBVPG3775_000839-T1
GF00002914	TFCN152A1_010419-T1	DBVPG3775_000840-T1
GF00002915	TFCN152A1_010420-T1	DBVPG3775_000841-T1
GF00002916	TFCN152A1_003530-T1	DBVPG3775_000843-T1
GF00002917	TFCN152A1_010423-T1	DBVPG3775_000844-T1
GF00002918	TFCN152A1_003534-T1	DBVPG3775_000846-T1
GF00002919	TFCN152A1_003535-T1	DBVPG3775_000847-T1
GF00002920	TFCN152A1_010427-T1	DBVPG3775_000848-T1
GF00002921	TFCN152A1_003538-T1	DBVPG3775_000850-T1
GF00002922	TFCN152A1_004888-T1	DBVPG3775_000851-T1
GF00002923	TFCN152A1_003540-T1	DBVPG3775_000852-T1
GF00002924	TFCN152A1_003541-T1	DBVPG3775_000853-T1
GF00002925	TFCN152A1_004885-T1	DBVPG3775_000854-T1
GF00002926	TFCN152A1_003544-T1	DBVPG3775_000856-T1
GF00002927	TFCN152A1_004882-T1	DBVPG3775_000857-T1
GF00002928	TFCN152A1_008706-T1	DBVPG3775_007223-T1
GF00002929	TFCN152A1_004879-T1	DBVPG3775_000861-T1
GF00002930	TFCN152A1_003550-T1	DBVPG3775_000862-T1
GF00002931	TFCN152A1_003551-T1	DBVPG3775_000863-T1
GF00002932	TFCN152A1_004876-T1	DBVPG3775_000864-T1
GF00002933	TFCN152A1_003553-T1	DBVPG3775_000865-T1
GF00002934	TFCN152A1_003555-T1	DBVPG3775_000868-T1
GF00002935	TFCN152A1_003556-T1	DBVPG3775_000869-T1
GF00002936	TFCN152A1_003557-T1	DBVPG3775_000870-T1
GF00002937	TFCN152A1_004869-T1	DBVPG3775_000871-T1
GF00002938	TFCN152A1_003560-T1	DBVPG3775_000873-T1
GF00002939	TFCN152A1_003561-T1	DBVPG3775_000874-T1
GF00002940	TFCN152A1_003562-T1	DBVPG3775_000875-T1
GF00002941	TFCN152A1_004861-T1	DBVPG3775_000879-T1
GF00002942	TFCN152A1_003566-T1	DBVPG3775_000880-T1
GF00002943	TFCN152A1_004858-T1	DBVPG3775_000882-T1
GF00002944	TFCN152A1_003569-T1	DBVPG3775_000883-T1
GF00002945	TFCN152A1_004856-T1	DBVPG3775_000884-T1
GF00002946	TFCN152A1_004855-T1	DBVPG3775_000885-T1
GF00002947	TFCN152A1_003572-T1	DBVPG3775_000887-T1
GF00002948	TFCN152A1_003573-T1	DBVPG3775_000888-T1
GF00002949	TFCN152A1_003574-T1	DBVPG3775_000889-T1
GF00002950	TFCN152A1_004850-T1	DBVPG3775_000890-T1
GF00002951	TFCN152A1_003578-T1	DBVPG3775_000415-T1
GF00002952	TFCN152A1_009592-T1	DBVPG3775_000413-T1
GF00002953	TFCN152A1_003581-T1	DBVPG3775_000412-T1
GF00002954	TFCN152A1_009589-T1	DBVPG3775_000410-T1
GF00002955	TFCN152A1_003584-T1	DBVPG3775_000409-T1
GF00002956	TFCN152A1_003585-T1	DBVPG3775_000408-T1
GF00002957	TFCN152A1_009586-T1	DBVPG3775_000407-T1
GF00002958	TFCN152A1_003588-T1	DBVPG3775_000405-T1
GF00002959	TFCN152A1_009583-T1	DBVPG3775_000404-T1
GF00002960	TFCN152A1_009582-T1	DBVPG3775_000403-T1
GF00002961	TFCN152A1_003591-T1	DBVPG3775_000402-T1
GF00002962	TFCN152A1_003592-T1	DBVPG3775_000401-T1
GF00002963	TFCN152A1_003595-T1	DBVPG3775_000396-T1
GF00002964	TFCN152A1_003597-T1	DBVPG3775_000394-T1
GF00002965	TFCN152A1_012162-T1	DBVPG3775_000393-T1
GF00002966	TFCN152A1_003599-T1	DBVPG3775_000392-T1
GF00002967	TFCN152A1_012160-T1	DBVPG3775_000391-T1
GF00002968	TFCN152A1_003601-T1	DBVPG3775_000390-T1
GF00002969	TFCN152A1_003602-T1	DBVPG3775_000389-T1
GF00002970	TFCN152A1_012156-T1	DBVPG3775_000386-T1
GF00002971	TFCN152A1_003606-T1	DBVPG3775_000385-T1
GF00002972	TFCN152A1_003608-T1	DBVPG3775_000383-T1
GF00002973	TFCN152A1_003609-T1	DBVPG3775_000382-T1
GF00002974	TFCN152A1_003610-T1	DBVPG3775_000381-T1
GF00002975	TFCN152A1_003611-T1	DBVPG3775_000380-T1
GF00002976	TFCN152A1_003616-T1	DBVPG3775_000372-T1
GF00002977	TFCN152A1_012569-T1	DBVPG3775_000370-T1
GF00002978	TFCN152A1_003622-T1	DBVPG3775_000363-T1
GF00002979	TFCN152A1_003623-T1	DBVPG3775_000362-T1
GF00002980	TFCN152A1_009567-T1	DBVPG3775_000359-T1
GF00002981	TFCN152A1_003627-T1	DBVPG3775_000358-T1
GF00002982	TFCN152A1_009570-T1	DBVPG3775_000356-T1
GF00002983	TFCN152A1_009571-T1	DBVPG3775_000355-T1
GF00002984	TFCN152A1_003632-T1	DBVPG3775_000353-T1
GF00002985	TFCN152A1_003633-T1	DBVPG3775_000352-T1
GF00002986	TFCN152A1_012166-T1	DBVPG3775_000349-T1
GF00002987	TFCN152A1_003637-T1	DBVPG3775_000348-T1
GF00002988	TFCN152A1_003643-T1	DBVPG3775_000342-T1
GF00002989	TFCN152A1_003644-T1	DBVPG3775_000341-T1
GF00002990	TFCN152A1_003645-T1	DBVPG3775_000340-T1
GF00002991	TFCN152A1_007035-T1	DBVPG3775_000338-T1
GF00002992	TFCN152A1_003648-T1	DBVPG3775_000337-T1
GF00002993	TFCN152A1_003649-T1	DBVPG3775_000336-T1
GF00002994	TFCN152A1_007040-T1	DBVPG3775_000332-T1
GF00002995	TFCN152A1_003653-T1	DBVPG3775_000331-T1
GF00002996	TFCN152A1_003654-T1	DBVPG3775_000330-T1
GF00002997	TFCN152A1_003655-T1	DBVPG3775_000329-T1
GF00002998	TFCN152A1_007045-T1	DBVPG3775_000326-T1
GF00002999	TFCN152A1_003658-T1	DBVPG3775_000325-T1
GF00003000	TFCN152A1_003659-T1	DBVPG3775_000324-T1
GF00003001	TFCN152A1_007048-T1	DBVPG3775_000323-T1
GF00003002	TFCN152A1_003661-T1	DBVPG3775_000322-T1
GF00003003	TFCN152A1_003662-T1	DBVPG3775_000321-T1
GF00003004	TFCN152A1_007051-T1	DBVPG3775_000320-T1
GF00003005	TFCN152A1_003664-T1	DBVPG3775_000319-T1
GF00003006	TFCN152A1_003665-T1	DBVPG3775_000318-T1
GF00003007	TFCN152A1_003667-T1	DBVPG3775_000316-T1
GF00003008	TFCN152A1_003669-T1	DBVPG3775_000314-T1
GF00003009	TFCN152A1_003670-T1	DBVPG3775_000313-T1
GF00003010	TFCN152A1_007060-T1	DBVPG3775_000311-T1
GF00003011	TFCN152A1_003674-T1	DBVPG3775_000309-T1
GF00003012	TFCN152A1_007063-T1	DBVPG3775_000308-T1
GF00003013	TFCN152A1_003676-T1	DBVPG3775_000307-T1
GF00003014	TFCN152A1_003678-T1	DBVPG3775_000305-T1
GF00003015	TFCN152A1_012895-T1	DBVPG3775_004949-T1
GF00003016	TFCN152A1_003766-T1	DBVPG3775_004948-T1
GF00003017	TFCN152A1_003768-T1	DBVPG3775_004945-T1
GF00003018	TFCN152A1_003772-T1	DBVPG3775_002237-T1
GF00003019	TFCN152A1_003774-T1	DBVPG3775_002235-T1
GF00003020	TFCN152A1_003775-T1	DBVPG3775_002233-T1
GF00003021	TFCN152A1_003776-T1	DBVPG3775_002232-T1
GF00003022	TFCN152A1_003777-T1	DBVPG3775_002231-T1
GF00003023	TFCN152A1_003780-T1	DBVPG3775_002228-T1
GF00003024	TFCN152A1_005676-T1	DBVPG3775_002227-T1
GF00003025	TFCN152A1_005673-T1	DBVPG3775_002223-T1
GF00003026	TFCN152A1_005672-T1	DBVPG3775_002222-T1
GF00003027	TFCN152A1_005671-T1	DBVPG3775_002221-T1
GF00003028	TFCN152A1_003792-T1	DBVPG3775_002217-T1
GF00003029	TFCN152A1_003795-T1	DBVPG3775_002214-T1
GF00003030	TFCN152A1_003796-T1	DBVPG3775_002213-T1
GF00003031	TFCN152A1_003800-T1	DBVPG3775_002204-T1
GF00003032	TFCN152A1_003801-T1	DBVPG3775_002203-T1
GF00003033	TFCN152A1_003803-T1	DBVPG3775_002201-T1
GF00003034	TFCN152A1_003804-T1	DBVPG3775_002200-T1
GF00003035	TFCN152A1_005648-T1	DBVPG3775_002199-T1
GF00003036	TFCN152A1_003806-T1	DBVPG3775_002198-T1
GF00003037	TFCN152A1_005646-T1	DBVPG3775_002197-T1
GF00003038	TFCN152A1_003813-T1	DBVPG3775_002187-T1
GF00003039	TFCN152A1_003814-T1	DBVPG3775_002186-T1
GF00003040	TFCN152A1_003815-T1	DBVPG3775_002184-T1
GF00003041	TFCN152A1_005638-T1	DBVPG3775_002183-T1
GF00003042	TFCN152A1_003817-T1	DBVPG3775_002182-T1
GF00003043	TFCN152A1_003822-T1	DBVPG3775_002175-T1
GF00003044	TFCN152A1_003824-T1	DBVPG3775_002173-T1
GF00003045	TFCN152A1_003825-T1	DBVPG3775_002172-T1
GF00003046	TFCN152A1_005627-T1	DBVPG3775_002166-T1
GF00003047	TFCN152A1_003831-T1	DBVPG3775_002164-T1
GF00003048	TFCN152A1_005624-T1	DBVPG3775_002163-T1
GF00003049	TFCN152A1_003834-T1	DBVPG3775_002161-T1
GF00003050	TFCN152A1_005617-T1	DBVPG3775_002154-T1
GF00003051	TFCN152A1_003841-T1	DBVPG3775_002153-T1
GF00003052	TFCN152A1_003842-T1	DBVPG3775_002152-T1
GF00003053	TFCN152A1_005614-T1	DBVPG3775_002151-T1
GF00003054	TFCN152A1_003844-T1	DBVPG3775_002150-T1
GF00003055	TFCN152A1_003845-T1	DBVPG3775_002149-T1
GF00003056	TFCN152A1_003846-T1	DBVPG3775_002148-T1
GF00003057	TFCN152A1_003851-T1	DBVPG3775_002143-T1
GF00003058	TFCN152A1_003852-T1	DBVPG3775_002142-T1
GF00003059	TFCN152A1_003853-T1	DBVPG3775_002141-T1
GF00003060	TFCN152A1_003855-T1	DBVPG3775_002139-T1
GF00003061	TFCN152A1_003859-T1	DBVPG3775_002134-T1
GF00003062	TFCN152A1_003860-T1	DBVPG3775_002133-T1
GF00003063	TFCN152A1_012078-T1	DBVPG3775_002132-T1
GF00003064	TFCN152A1_003862-T1	DBVPG3775_002131-T1
GF00003065	TFCN152A1_003863-T1	DBVPG3775_002130-T1
GF00003066	TFCN152A1_003867-T1	DBVPG3775_002126-T1
GF00003067	TFCN152A1_003869-T1	DBVPG3775_002123-T1
GF00003068	TFCN152A1_003870-T1	DBVPG3775_002122-T1
GF00003069	TFCN152A1_005413-T1	DBVPG3775_002121-T1
GF00003070	TFCN152A1_006729-T1	DBVPG3775_006222-T1
GF00003071	TFCN152A1_006726-T1	DBVPG3775_006215-T1
GF00003072	TFCN152A1_003954-T1	DBVPG3775_006213-T1
GF00003073	TFCN152A1_003961-T1	DBVPG3775_006205-T1
GF00003074	TFCN152A1_006716-T1	DBVPG3775_006203-T1
GF00003075	TFCN152A1_006715-T1	DBVPG3775_006202-T1
GF00003076	TFCN152A1_003965-T1	DBVPG3775_006199-T1
GF00003077	TFCN152A1_003966-T1	DBVPG3775_006198-T1
GF00003078	TFCN152A1_006712-T1	DBVPG3775_006197-T1
GF00003079	TFCN152A1_003968-T1	DBVPG3775_006196-T1
GF00003080	TFCN152A1_003969-T1	DBVPG3775_006195-T1
GF00003081	TFCN152A1_006709-T1	DBVPG3775_006194-T1
GF00003082	TFCN152A1_003971-T1	DBVPG3775_006193-T1
GF00003083	TFCN152A1_006706-T1	DBVPG3775_006190-T1
GF00003084	TFCN152A1_003975-T1	DBVPG3775_006187-T1
GF00003085	TFCN152A1_003976-T1	DBVPG3775_006186-T1
GF00003086	TFCN152A1_011568-T1	DBVPG3775_006185-T1
GF00003087	TFCN152A1_003978-T1	DBVPG3775_006184-T1
GF00003088	TFCN152A1_003981-T1	DBVPG3775_006181-T1
GF00003089	TFCN152A1_003982-T1	DBVPG3775_006180-T1
GF00003090	TFCN152A1_003983-T1	DBVPG3775_006179-T1
GF00003091	TFCN152A1_003987-T1	DBVPG3775_006173-T1
GF00003092	TFCN152A1_003988-T1	DBVPG3775_006172-T1
GF00003093	TFCN152A1_003989-T1	DBVPG3775_006171-T1
GF00003094	TFCN152A1_011553-T1	DBVPG3775_006169-T1
GF00003095	TFCN152A1_003992-T1	DBVPG3775_006168-T1
GF00003096	TFCN152A1_003993-T1	DBVPG3775_006167-T1
GF00003097	TFCN152A1_003994-T1	DBVPG3775_006165-T1
GF00003098	TFCN152A1_003995-T1	DBVPG3775_006164-T1
GF00003099	TFCN152A1_003996-T1	DBVPG3775_006163-T1
GF00003100	TFCN152A1_010006-T1	DBVPG3775_006160-T1
GF00003101	TFCN152A1_010005-T1	DBVPG3775_006159-T1
GF00003102	TFCN152A1_004002-T1	DBVPG3775_006157-T1
GF00003103	TFCN152A1_004003-T1	DBVPG3775_006156-T1
GF00003104	TFCN152A1_004004-T1	DBVPG3775_006155-T1
GF00003105	TFCN152A1_004005-T1	DBVPG3775_006154-T1
GF00003106	TFCN152A1_004006-T1	DBVPG3775_006153-T1
GF00003107	TFCN152A1_004007-T1	DBVPG3775_006152-T1
GF00003108	TFCN152A1_009996-T1	DBVPG3775_006149-T1
GF00003109	TFCN152A1_004011-T1	DBVPG3775_006148-T1
GF00003110	TFCN152A1_009994-T1	DBVPG3775_007198-T1
GF00003111	TFCN152A1_004013-T1	DBVPG3775_007197-T1
GF00003112	TFCN152A1_004014-T1	DBVPG3775_007196-T1
GF00003113	TFCN152A1_004015-T1	DBVPG3775_007195-T1
GF00003114	TFCN152A1_004016-T1	DBVPG3775_007194-T1
GF00003115	TFCN152A1_009989-T1	DBVPG3775_007193-T1
GF00003116	TFCN152A1_009988-T1	DBVPG3775_007191-T1
GF00003117	TFCN152A1_009987-T1	DBVPG3775_007190-T1
GF00003118	TFCN152A1_004022-T1	DBVPG3775_007187-T1
GF00003119	TFCN152A1_009983-T1	DBVPG3775_007186-T1
GF00003120	TFCN152A1_004024-T1	DBVPG3775_007185-T1
GF00003121	TFCN152A1_009981-T1	DBVPG3775_007184-T1
GF00003122	TFCN152A1_011539-T1	DBVPG3775_007181-T1
GF00003123	TFCN152A1_004030-T1	DBVPG3775_007176-T1
GF00003124	TFCN152A1_004031-T1	DBVPG3775_007175-T1
GF00003125	TFCN152A1_004033-T1	DBVPG3775_007173-T1
GF00003126	TFCN152A1_011532-T1	DBVPG3775_007172-T1
GF00003127	TFCN152A1_004035-T1	DBVPG3775_007171-T1
GF00003128	TFCN152A1_004131-T1	DBVPG3775_005416-T1
GF00003129	TFCN152A1_007926-T1	DBVPG3775_005415-T1
GF00003130	TFCN152A1_012628-T1	DBVPG3775_005388-T1
GF00003131	TFCN152A1_012627-T1	DBVPG3775_005389-T1
GF00003132	TFCN152A1_012626-T1	DBVPG3775_005390-T1
GF00003133	TFCN152A1_012623-T1	DBVPG3775_005393-T1
GF00003134	TFCN152A1_012622-T1	DBVPG3775_005394-T1
GF00003135	TFCN152A1_012621-T1	DBVPG3775_005395-T1
GF00003136	TFCN152A1_012619-T1	DBVPG3775_005398-T1
GF00003137	TFCN152A1_004147-T1	DBVPG3775_005401-T1
GF00003138	TFCN152A1_004148-T1	DBVPG3775_005402-T1
GF00003139	TFCN152A1_012519-T1	DBVPG3775_005403-T1
GF00003140	TFCN152A1_004150-T1	DBVPG3775_005404-T1
GF00003141	TFCN152A1_004151-T1	DBVPG3775_005405-T1
GF00003142	TFCN152A1_012522-T1	DBVPG3775_005406-T1
GF00003143	TFCN152A1_012524-T1	DBVPG3775_005408-T1
GF00003144	TFCN152A1_004157-T1	DBVPG3775_005412-T1
GF00003145	TFCN152A1_012528-T1	DBVPG3775_005413-T1
GF00003146	TFCN152A1_004161-T1	DBVPG3775_005386-T1
GF00003147	TFCN152A1_004162-T1	DBVPG3775_005385-T1
GF00003148	TFCN152A1_004163-T1	DBVPG3775_005384-T1
GF00003149	TFCN152A1_004166-T1	DBVPG3775_005380-T1
GF00003150	TFCN152A1_004168-T1	DBVPG3775_005378-T1
GF00003151	TFCN152A1_010275-T1	DBVPG3775_005376-T1
GF00003152	TFCN152A1_004170-T1	DBVPG3775_005375-T1
GF00003153	TFCN152A1_010272-T1	DBVPG3775_005373-T1
GF00003154	TFCN152A1_010268-T1	DBVPG3775_005369-T1
GF00003155	TFCN152A1_004176-T1	DBVPG3775_005368-T1
GF00003156	TFCN152A1_010266-T1	DBVPG3775_005367-T1
GF00003157	TFCN152A1_004179-T1	DBVPG3775_005366-T1
GF00003158	TFCN152A1_004180-T1	DBVPG3775_005365-T1
GF00003159	TFCN152A1_004181-T1	DBVPG3775_005364-T1
GF00003160	TFCN152A1_010262-T1	DBVPG3775_005363-T1
GF00003161	TFCN152A1_010260-T1	DBVPG3775_005361-T1
GF00003162	TFCN152A1_010257-T1	DBVPG3775_005357-T1
GF00003163	TFCN152A1_010256-T1	DBVPG3775_005356-T1
GF00003164	TFCN152A1_007627-T1	DBVPG3775_006505-T1
GF00003165	TFCN152A1_004192-T1	DBVPG3775_006504-T1
GF00003166	TFCN152A1_007622-T1	DBVPG3775_006498-T1
GF00003167	TFCN152A1_004198-T1	DBVPG3775_006497-T1
GF00003168	TFCN152A1_007620-T1	DBVPG3775_006496-T1
GF00003169	TFCN152A1_004200-T1	DBVPG3775_006495-T1
GF00003170	TFCN152A1_007618-T1	DBVPG3775_006494-T1
GF00003171	TFCN152A1_007616-T1	DBVPG3775_006492-T1
GF00003172	TFCN152A1_004204-T1	DBVPG3775_006491-T1
GF00003173	TFCN152A1_004207-T1	DBVPG3775_006487-T1
GF00003174	TFCN152A1_007611-T1	DBVPG3775_006486-T1
GF00003175	TFCN152A1_004342-T1	DBVPG3775_001449-T1
GF00003176	TFCN152A1_004215-T1	DBVPG3775_001447-T1
GF00003177	TFCN152A1_004216-T1	DBVPG3775_001446-T1
GF00003178	TFCN152A1_004217-T1	DBVPG3775_001445-T1
GF00003179	TFCN152A1_004218-T1	DBVPG3775_001444-T1
GF00003180	TFCN152A1_004221-T1	DBVPG3775_007413-T1
GF00003181	TFCN152A1_009504-T1	DBVPG3775_007412-T1
GF00003182	TFCN152A1_009503-T1	DBVPG3775_007411-T1
GF00003183	TFCN152A1_004225-T1	DBVPG3775_007409-T1
GF00003184	TFCN152A1_004227-T1	DBVPG3775_007407-T1
GF00003185	TFCN152A1_009498-T1	DBVPG3775_007406-T1
GF00003186	TFCN152A1_004229-T1	DBVPG3775_007405-T1
GF00003187	TFCN152A1_009496-T1	DBVPG3775_007404-T1
GF00003188	TFCN152A1_009494-T1	DBVPG3775_007401-T1
GF00003189	TFCN152A1_004234-T1	DBVPG3775_007399-T1
GF00003190	TFCN152A1_004239-T1	DBVPG3775_004944-T1
GF00003191	TFCN152A1_009510-T1	DBVPG3775_004943-T1
GF00003192	TFCN152A1_004241-T1	DBVPG3775_004942-T1
GF00003193	TFCN152A1_004242-T1	DBVPG3775_004941-T1
GF00003194	TFCN152A1_004244-T1	DBVPG3775_004939-T1
GF00003195	TFCN152A1_009515-T1	DBVPG3775_004938-T1
GF00003196	TFCN152A1_004246-T1	DBVPG3775_004937-T1
GF00003197	TFCN152A1_009517-T1	DBVPG3775_004936-T1
GF00003198	TFCN152A1_004249-T1	DBVPG3775_004933-T1
GF00003199	TFCN152A1_004252-T1	DBVPG3775_004930-T1
GF00003200	TFCN152A1_004253-T1	DBVPG3775_004929-T1
GF00003201	TFCN152A1_009525-T1	DBVPG3775_004928-T1
GF00003202	TFCN152A1_009383-T1	DBVPG3775_004926-T1
GF00003203	TFCN152A1_004257-T1	DBVPG3775_004925-T1
GF00003204	TFCN152A1_004258-T1	DBVPG3775_004924-T1
GF00003205	TFCN152A1_004260-T1	DBVPG3775_004920-T1
GF00003206	TFCN152A1_009389-T1	DBVPG3775_004919-T1
GF00003207	TFCN152A1_004262-T1	DBVPG3775_004918-T1
GF00003208	TFCN152A1_009391-T1	DBVPG3775_004917-T1
GF00003209	TFCN152A1_004267-T1	DBVPG3775_004912-T1
GF00003210	TFCN152A1_009396-T1	DBVPG3775_004911-T1
GF00003211	TFCN152A1_004269-T1	DBVPG3775_004910-T1
GF00003212	TFCN152A1_004270-T1	DBVPG3775_004909-T1
GF00003213	TFCN152A1_009399-T1	DBVPG3775_004908-T1
GF00003214	TFCN152A1_004272-T1	DBVPG3775_004907-T1
GF00003215	TFCN152A1_009401-T1	DBVPG3775_004906-T1
GF00003216	TFCN152A1_004274-T1	DBVPG3775_004905-T1
GF00003217	TFCN152A1_009406-T1	DBVPG3775_004900-T1
GF00003218	TFCN152A1_004280-T1	DBVPG3775_004899-T1
GF00003219	TFCN152A1_010660-T1	DBVPG3775_002104-T1
GF00003220	TFCN152A1_010036-T1	DBVPG3775_004881-T1
GF00003221	TFCN152A1_004295-T1	DBVPG3775_004875-T1
GF00003222	TFCN152A1_004296-T1	DBVPG3775_004874-T1
GF00003223	TFCN152A1_004299-T1	DBVPG3775_001401-T1
GF00003224	TFCN152A1_008376-T1	DBVPG3775_001402-T1
GF00003225	TFCN152A1_004303-T1	DBVPG3775_001406-T1
GF00003226	TFCN152A1_008382-T1	DBVPG3775_001410-T1
GF00003227	TFCN152A1_008383-T1	DBVPG3775_001411-T1
GF00003228	TFCN152A1_011874-T1	DBVPG3775_006142-T1
GF00003229	TFCN152A1_004311-T1	DBVPG3775_001415-T1
GF00003230	TFCN152A1_004316-T1	DBVPG3775_001421-T1
GF00003231	TFCN152A1_004317-T1	DBVPG3775_001422-T1
GF00003232	TFCN152A1_008392-T1	DBVPG3775_001423-T1
GF00003233	TFCN152A1_004319-T1	DBVPG3775_001424-T1
GF00003234	TFCN152A1_004323-T1	DBVPG3775_001428-T1
GF00003235	TFCN152A1_008398-T1	DBVPG3775_001429-T1
GF00003236	TFCN152A1_004328-T1	DBVPG3775_001435-T1
GF00003237	TFCN152A1_012176-T1	DBVPG3775_001436-T1
GF00003238	TFCN152A1_012175-T1	DBVPG3775_001437-T1
GF00003239	TFCN152A1_004331-T1	DBVPG3775_001438-T1
GF00003240	TFCN152A1_004332-T1	DBVPG3775_001439-T1
GF00003241	TFCN152A1_004334-T1	DBVPG3775_001441-T1
GF00003242	TFCN152A1_004335-T1	DBVPG3775_001442-T1
GF00003243	TFCN152A1_004346-T1	DBVPG3775_001453-T1
GF00003244	TFCN152A1_004347-T1	DBVPG3775_001454-T1
GF00003245	TFCN152A1_004348-T1	DBVPG3775_001455-T1
GF00003246	TFCN152A1_004349-T1	DBVPG3775_001456-T1
GF00003247	TFCN152A1_004350-T1	DBVPG3775_001457-T1
GF00003248	TFCN152A1_004351-T1	DBVPG3775_001458-T1
GF00003249	TFCN152A1_009785-T1	DBVPG3775_001460-T1
GF00003250	TFCN152A1_009784-T1	DBVPG3775_001461-T1
GF00003251	TFCN152A1_004355-T1	DBVPG3775_001462-T1
GF00003252	TFCN152A1_009782-T1	DBVPG3775_001463-T1
GF00003253	TFCN152A1_004359-T1	DBVPG3775_001467-T1
GF00003254	TFCN152A1_009778-T1	DBVPG3775_001468-T1
GF00003255	TFCN152A1_009773-T1	DBVPG3775_001473-T1
GF00003256	TFCN152A1_009772-T1	DBVPG3775_001474-T1
GF00003257	TFCN152A1_009768-T1	DBVPG3775_001481-T1
GF00003258	TFCN152A1_004374-T1	DBVPG3775_001484-T1
GF00003259	TFCN152A1_009763-T1	DBVPG3775_001485-T1
GF00003260	TFCN152A1_004376-T1	DBVPG3775_001486-T1
GF00003261	TFCN152A1_011129-T1	DBVPG3775_001487-T1
GF00003262	TFCN152A1_007778-T1	DBVPG3775_001496-T1
GF00003263	TFCN152A1_006292-T1	DBVPG3775_002731-T1
GF00003264	TFCN152A1_006293-T1	DBVPG3775_002733-T1
GF00003265	TFCN152A1_004389-T1	DBVPG3775_002734-T1
GF00003266	TFCN152A1_004390-T1	DBVPG3775_002735-T1
GF00003267	TFCN152A1_004392-T1	DBVPG3775_002737-T1
GF00003268	TFCN152A1_004394-T1	DBVPG3775_002739-T1
GF00003269	TFCN152A1_006300-T1	DBVPG3775_002740-T1
GF00003270	TFCN152A1_004396-T1	DBVPG3775_002741-T1
GF00003271	TFCN152A1_006311-T1	DBVPG3775_002758-T1
GF00003272	TFCN152A1_004400-T1	DBVPG3775_002759-T1
GF00003273	TFCN152A1_004401-T1	DBVPG3775_002760-T1
GF00003274	TFCN152A1_004402-T1	DBVPG3775_002761-T1
GF00003275	TFCN152A1_004403-T1	DBVPG3775_002762-T1
GF00003276	TFCN152A1_006316-T1	DBVPG3775_002763-T1
GF00003277	TFCN152A1_006317-T1	DBVPG3775_002764-T1
GF00003278	TFCN152A1_006318-T1	DBVPG3775_002765-T1
GF00003279	TFCN152A1_012145-T1	DBVPG3775_002771-T1
GF00003280	TFCN152A1_012143-T1	DBVPG3775_002774-T1
GF00003281	TFCN152A1_012139-T1	DBVPG3775_002780-T1
GF00003282	TFCN152A1_004417-T1	DBVPG3775_002781-T1
GF00003283	TFCN152A1_004421-T1	DBVPG3775_002784-T1
GF00003284	TFCN152A1_004422-T1	DBVPG3775_002785-T1
GF00003285	TFCN152A1_004423-T1	DBVPG3775_002786-T1
GF00003286	TFCN152A1_012653-T1	DBVPG3775_002788-T1
GF00003287	TFCN152A1_004426-T1	DBVPG3775_002791-T1
GF00003288	TFCN152A1_012978-T1	DBVPG3775_002792-T1
GF00003289	TFCN152A1_012981-T1	DBVPG3775_002795-T1
GF00003290	TFCN152A1_004430-T1	DBVPG3775_002796-T1
GF00003291	TFCN152A1_012983-T1	DBVPG3775_002797-T1
GF00003292	TFCN152A1_006426-T1	DBVPG3775_002800-T1
GF00003293	TFCN152A1_006427-T1	DBVPG3775_002803-T1
GF00003294	TFCN152A1_006428-T1	DBVPG3775_002804-T1
GF00003295	TFCN152A1_006429-T1	DBVPG3775_002805-T1
GF00003296	TFCN152A1_004439-T1	DBVPG3775_002806-T1
GF00003297	TFCN152A1_006432-T1	DBVPG3775_002808-T1
GF00003298	TFCN152A1_006433-T1	DBVPG3775_002809-T1
GF00003299	TFCN152A1_006434-T1	DBVPG3775_002810-T1
GF00003300	TFCN152A1_004447-T1	DBVPG3775_002815-T1
GF00003301	TFCN152A1_006440-T1	DBVPG3775_002816-T1
GF00003302	TFCN152A1_004449-T1	DBVPG3775_002817-T1
GF00003303	TFCN152A1_004450-T1	DBVPG3775_002818-T1
GF00003304	TFCN152A1_004536-T1	DBVPG3775_007248-T1
GF00003305	TFCN152A1_004538-T1	DBVPG3775_007246-T1
GF00003306	TFCN152A1_010871-T1	DBVPG3775_007232-T1
GF00003307	TFCN152A1_004544-T1	DBVPG3775_007231-T1
GF00003308	TFCN152A1_004545-T1	DBVPG3775_007230-T1
GF00003309	TFCN152A1_004547-T1	DBVPG3775_003235-T1
GF00003310	TFCN152A1_013006-T1	DBVPG3775_003234-T1
GF00003311	TFCN152A1_011654-T1	DBVPG3775_003233-T1
GF00003312	TFCN152A1_011653-T1	DBVPG3775_003232-T1
GF00003313	TFCN152A1_004553-T1	DBVPG3775_003228-T1
GF00003314	TFCN152A1_011648-T1	DBVPG3775_003227-T1
GF00003315	TFCN152A1_011647-T1	DBVPG3775_003226-T1
GF00003316	TFCN152A1_011646-T1	DBVPG3775_003225-T1
GF00003317	TFCN152A1_004559-T1	DBVPG3775_003222-T1
GF00003318	TFCN152A1_004578-T1	DBVPG3775_003202-T1
GF00003319	TFCN152A1_004563-T1	DBVPG3775_003205-T1
GF00003320	TFCN152A1_004565-T1	DBVPG3775_003208-T1
GF00003321	TFCN152A1_004566-T1	DBVPG3775_003211-T1
GF00003322	TFCN152A1_004567-T1	DBVPG3775_003212-T1
GF00003323	TFCN152A1_009416-T1	DBVPG3775_003213-T1
GF00003324	TFCN152A1_004571-T1	DBVPG3775_003216-T1
GF00003325	TFCN152A1_011640-T1	DBVPG3775_003219-T1
GF00003326	TFCN152A1_011641-T1	DBVPG3775_003220-T1
GF00003327	TFCN152A1_011642-T1	DBVPG3775_003221-T1
GF00003328	TFCN152A1_004579-T1	DBVPG3775_003201-T1
GF00003329	TFCN152A1_004580-T1	DBVPG3775_003200-T1
GF00003330	TFCN152A1_009427-T1	DBVPG3775_003199-T1
GF00003331	TFCN152A1_004583-T1	DBVPG3775_003197-T1
GF00003332	TFCN152A1_004586-T1	DBVPG3775_003194-T1
GF00003333	TFCN152A1_009432-T1	DBVPG3775_003193-T1
GF00003334	TFCN152A1_009433-T1	DBVPG3775_003192-T1
GF00003335	TFCN152A1_009434-T1	DBVPG3775_003191-T1
GF00003336	TFCN152A1_009435-T1	DBVPG3775_003190-T1
GF00003337	TFCN152A1_009436-T1	DBVPG3775_003189-T1
GF00003338	TFCN152A1_004594-T1	DBVPG3775_003184-T1
GF00003339	TFCN152A1_004615-T1	DBVPG3775_006587-T1
GF00003340	TFCN152A1_004616-T1	DBVPG3775_006586-T1
GF00003341	TFCN152A1_011789-T1	DBVPG3775_006583-T1
GF00003342	TFCN152A1_004622-T1	DBVPG3775_006579-T1
GF00003343	TFCN152A1_004628-T1	DBVPG3775_006572-T1
GF00003344	TFCN152A1_004629-T1	DBVPG3775_006571-T1
GF00003345	TFCN152A1_009030-T1	DBVPG3775_006570-T1
GF00003346	TFCN152A1_004631-T1	DBVPG3775_006569-T1
GF00003347	TFCN152A1_004633-T1	DBVPG3775_006566-T1
GF00003348	TFCN152A1_004638-T1	DBVPG3775_006558-T1
GF00003349	TFCN152A1_004641-T1	DBVPG3775_006554-T1
GF00003350	TFCN152A1_004642-T1	DBVPG3775_006553-T1
GF00003351	TFCN152A1_004645-T1	DBVPG3775_003047-T1
GF00003352	TFCN152A1_010351-T1	DBVPG3775_000680-T1
GF00003353	TFCN152A1_004647-T1	DBVPG3775_003043-T1
GF00003354	TFCN152A1_005419-T1	DBVPG3775_003042-T1
GF00003355	TFCN152A1_004649-T1	DBVPG3775_003041-T1
GF00003356	TFCN152A1_004652-T1	DBVPG3775_003036-T1
GF00003357	TFCN152A1_004654-T1	DBVPG3775_003033-T1
GF00003358	TFCN152A1_004655-T1	DBVPG3775_003032-T1
GF00003359	TFCN152A1_005428-T1	DBVPG3775_003029-T1
GF00003360	TFCN152A1_004659-T1	DBVPG3775_003028-T1
GF00003361	TFCN152A1_005431-T1	DBVPG3775_003026-T1
GF00003362	TFCN152A1_005432-T1	DBVPG3775_003025-T1
GF00003363	TFCN152A1_004665-T1	DBVPG3775_003022-T1
GF00003364	TFCN152A1_004666-T1	DBVPG3775_003021-T1
GF00003365	TFCN152A1_004670-T1	DBVPG3775_003017-T1
GF00003366	TFCN152A1_004673-T1	DBVPG3775_003014-T1
GF00003367	TFCN152A1_004674-T1	DBVPG3775_003013-T1
GF00003368	TFCN152A1_004675-T1	DBVPG3775_003012-T1
GF00003369	TFCN152A1_004759-T1	DBVPG3775_005730-T1
GF00003370	TFCN152A1_005025-T1	DBVPG3775_005731-T1
GF00003371	TFCN152A1_004761-T1	DBVPG3775_005732-T1
GF00003372	TFCN152A1_004762-T1	DBVPG3775_005733-T1
GF00003373	TFCN152A1_004763-T1	DBVPG3775_005734-T1
GF00003374	TFCN152A1_004766-T1	DBVPG3775_005737-T1
GF00003375	TFCN152A1_005031-T1	DBVPG3775_005738-T1
GF00003376	TFCN152A1_004769-T1	DBVPG3775_005739-T1
GF00003377	TFCN152A1_004770-T1	DBVPG3775_005740-T1
GF00003378	TFCN152A1_005036-T1	DBVPG3775_005744-T1
GF00003379	TFCN152A1_005038-T1	DBVPG3775_005746-T1
GF00003380	TFCN152A1_005039-T1	DBVPG3775_005747-T1
GF00003381	TFCN152A1_004777-T1	DBVPG3775_005748-T1
GF00003382	TFCN152A1_005041-T1	DBVPG3775_005749-T1
GF00003383	TFCN152A1_004787-T1	DBVPG3775_005761-T1
GF00003384	TFCN152A1_004788-T1	DBVPG3775_005762-T1
GF00003385	TFCN152A1_004789-T1	DBVPG3775_005766-T1
GF00003386	TFCN152A1_004790-T1	DBVPG3775_005767-T1
GF00003387	TFCN152A1_004791-T1	DBVPG3775_005768-T1
GF00003388	TFCN152A1_005055-T1	DBVPG3775_005773-T1
GF00003389	TFCN152A1_005056-T1	DBVPG3775_005774-T1
GF00003390	TFCN152A1_004798-T1	DBVPG3775_005775-T1
GF00003391	TFCN152A1_004799-T1	DBVPG3775_005776-T1
GF00003392	TFCN152A1_004800-T1	DBVPG3775_005777-T1
GF00003393	TFCN152A1_004803-T1	DBVPG3775_005783-T1
GF00003394	TFCN152A1_004805-T1	DBVPG3775_005785-T1
GF00003395	TFCN152A1_005064-T1	DBVPG3775_005786-T1
GF00003396	TFCN152A1_004807-T1	DBVPG3775_005787-T1
GF00003397	TFCN152A1_007588-T1	DBVPG3775_006462-T1
GF00003398	TFCN152A1_005068-T1	DBVPG3775_005789-T1
GF00003399	TFCN152A1_004810-T1	DBVPG3775_005801-T1
GF00003400	TFCN152A1_004891-T1	DBVPG3775_000663-T1
GF00003401	TFCN152A1_004892-T1	DBVPG3775_000662-T1
GF00003402	TFCN152A1_010155-T1	DBVPG3775_000660-T1
GF00003403	TFCN152A1_004896-T1	DBVPG3775_000658-T1
GF00003404	TFCN152A1_004897-T1	DBVPG3775_000657-T1
GF00003405	TFCN152A1_012635-T1	DBVPG3775_000654-T1
GF00003406	TFCN152A1_012633-T1	DBVPG3775_000652-T1
GF00003407	TFCN152A1_004903-T1	DBVPG3775_000651-T1
GF00003408	TFCN152A1_004904-T1	DBVPG3775_000650-T1
GF00003409	TFCN152A1_004906-T1	DBVPG3775_000645-T1
GF00003410	TFCN152A1_004909-T1	DBVPG3775_000648-T1
GF00003411	TFCN152A1_004911-T1	DBVPG3775_000643-T1
GF00003412	TFCN152A1_009824-T1	DBVPG3775_000642-T1
GF00003413	TFCN152A1_004913-T1	DBVPG3775_000641-T1
GF00003414	TFCN152A1_009822-T1	DBVPG3775_000640-T1
GF00003415	TFCN152A1_004915-T1	DBVPG3775_000638-T1
GF00003416	TFCN152A1_009815-T1	DBVPG3775_000631-T1
GF00003417	TFCN152A1_004922-T1	DBVPG3775_000630-T1
GF00003418	TFCN152A1_004923-T1	DBVPG3775_000629-T1
GF00003419	TFCN152A1_004924-T1	DBVPG3775_000628-T1
GF00003420	TFCN152A1_004928-T1	DBVPG3775_000624-T1
GF00003421	TFCN152A1_009808-T1	DBVPG3775_000623-T1
GF00003422	TFCN152A1_009805-T1	DBVPG3775_000618-T1
GF00003423	TFCN152A1_004934-T1	DBVPG3775_000617-T1
GF00003424	TFCN152A1_004938-T1	DBVPG3775_000612-T1
GF00003425	TFCN152A1_009799-T1	DBVPG3775_000611-T1
GF00003426	TFCN152A1_009798-T1	DBVPG3775_000610-T1
GF00003427	TFCN152A1_009796-T1	DBVPG3775_000607-T1
GF00003428	TFCN152A1_005875-T1	DBVPG3775_000600-T1
GF00003429	TFCN152A1_004948-T1	DBVPG3775_000598-T1
GF00003430	TFCN152A1_004949-T1	DBVPG3775_000597-T1
GF00003431	TFCN152A1_004950-T1	DBVPG3775_000596-T1
GF00003432	TFCN152A1_004951-T1	DBVPG3775_000595-T1
GF00003433	TFCN152A1_004953-T1	DBVPG3775_000593-T1
GF00003434	TFCN152A1_010063-T1	DBVPG3775_001915-T1
GF00003435	TFCN152A1_004955-T1	DBVPG3775_000590-T1
GF00003436	TFCN152A1_005890-T1	DBVPG3775_000588-T1
GF00003437	TFCN152A1_004958-T1	DBVPG3775_000587-T1
GF00003438	TFCN152A1_005892-T1	DBVPG3775_000586-T1
GF00003439	TFCN152A1_005148-T1	DBVPG3775_002709-T1
GF00003440	TFCN152A1_005149-T1	DBVPG3775_002708-T1
GF00003441	TFCN152A1_005153-T1	DBVPG3775_002703-T1
GF00003442	TFCN152A1_004970-T1	DBVPG3775_002702-T1
GF00003443	TFCN152A1_004972-T1	DBVPG3775_002698-T1
GF00003444	TFCN152A1_005158-T1	DBVPG3775_002696-T1
GF00003445	TFCN152A1_004974-T1	DBVPG3775_002695-T1
GF00003446	TFCN152A1_005161-T1	DBVPG3775_002693-T1
GF00003447	TFCN152A1_005162-T1	DBVPG3775_002692-T1
GF00003448	TFCN152A1_005163-T1	DBVPG3775_002691-T1
GF00003449	TFCN152A1_004981-T1	DBVPG3775_002687-T1
GF00003450	TFCN152A1_005168-T1	DBVPG3775_002686-T1
GF00003451	TFCN152A1_005169-T1	DBVPG3775_002685-T1
GF00003452	TFCN152A1_005172-T1	DBVPG3775_002681-T1
GF00003453	TFCN152A1_004986-T1	DBVPG3775_002680-T1
GF00003454	TFCN152A1_004987-T1	DBVPG3775_002679-T1
GF00003455	TFCN152A1_004990-T1	DBVPG3775_002674-T1
GF00003456	TFCN152A1_004992-T1	DBVPG3775_002671-T1
GF00003457	TFCN152A1_004993-T1	DBVPG3775_002670-T1
GF00003458	TFCN152A1_004994-T1	DBVPG3775_002669-T1
GF00003459	TFCN152A1_005182-T1	DBVPG3775_002668-T1
GF00003460	TFCN152A1_005185-T1	DBVPG3775_002664-T1
GF00003461	TFCN152A1_005000-T1	DBVPG3775_002661-T1
GF00003462	TFCN152A1_005188-T1	DBVPG3775_002660-T1
GF00003463	TFCN152A1_005189-T1	DBVPG3775_002659-T1
GF00003464	TFCN152A1_005005-T1	DBVPG3775_002657-T1
GF00003465	TFCN152A1_005192-T1	DBVPG3775_002656-T1
GF00003466	TFCN152A1_005194-T1	DBVPG3775_002654-T1
GF00003467	TFCN152A1_005009-T1	DBVPG3775_002653-T1
GF00003468	TFCN152A1_005197-T1	DBVPG3775_002651-T1
GF00003469	TFCN152A1_005198-T1	DBVPG3775_002650-T1
GF00003470	TFCN152A1_005199-T1	DBVPG3775_002649-T1
GF00003471	TFCN152A1_005014-T1	DBVPG3775_002648-T1
GF00003472	TFCN152A1_005015-T1	DBVPG3775_002647-T1
GF00003473	TFCN152A1_005016-T1	DBVPG3775_002646-T1
GF00003474	TFCN152A1_005017-T1	DBVPG3775_002645-T1
GF00003475	TFCN152A1_005018-T1	DBVPG3775_002644-T1
GF00003476	TFCN152A1_005073-T1	DBVPG3775_002857-T1
GF00003477	TFCN152A1_005074-T1	DBVPG3775_002856-T1
GF00003478	TFCN152A1_005076-T1	DBVPG3775_002853-T1
GF00003479	TFCN152A1_005078-T1	DBVPG3775_002850-T1
GF00003480	TFCN152A1_006472-T1	DBVPG3775_002849-T1
GF00003481	TFCN152A1_006471-T1	DBVPG3775_002848-T1
GF00003482	TFCN152A1_005081-T1	DBVPG3775_002847-T1
GF00003483	TFCN152A1_005082-T1	DBVPG3775_002846-T1
GF00003484	TFCN152A1_006468-T1	DBVPG3775_002845-T1
GF00003485	TFCN152A1_006467-T1	DBVPG3775_002844-T1
GF00003486	TFCN152A1_006466-T1	DBVPG3775_002843-T1
GF00003487	TFCN152A1_006465-T1	DBVPG3775_002842-T1
GF00003488	TFCN152A1_005087-T1	DBVPG3775_002841-T1
GF00003489	TFCN152A1_006461-T1	DBVPG3775_002837-T1
GF00003490	TFCN152A1_005092-T1	DBVPG3775_002836-T1
GF00003491	TFCN152A1_006455-T1	DBVPG3775_002831-T1
GF00003492	TFCN152A1_006454-T1	DBVPG3775_002830-T1
GF00003493	TFCN152A1_005098-T1	DBVPG3775_002829-T1
GF00003494	TFCN152A1_005099-T1	DBVPG3775_002828-T1
GF00003495	TFCN152A1_005100-T1	DBVPG3775_002827-T1
GF00003496	TFCN152A1_006450-T1	DBVPG3775_002825-T1
GF00003497	TFCN152A1_006449-T1	DBVPG3775_002824-T1
GF00003498	TFCN152A1_005106-T1	DBVPG3775_005542-T1
GF00003499	TFCN152A1_008516-T1	DBVPG3775_005539-T1
GF00003500	TFCN152A1_005110-T1	DBVPG3775_005538-T1
GF00003501	TFCN152A1_008518-T1	DBVPG3775_005537-T1
GF00003502	TFCN152A1_005112-T1	DBVPG3775_005536-T1
GF00003503	TFCN152A1_005113-T1	DBVPG3775_005535-T1
GF00003504	TFCN152A1_005116-T1	DBVPG3775_005532-T1
GF00003505	TFCN152A1_008525-T1	DBVPG3775_005530-T1
GF00003506	TFCN152A1_005120-T1	DBVPG3775_005527-T1
GF00003507	TFCN152A1_008528-T1	DBVPG3775_005526-T1
GF00003508	TFCN152A1_005122-T1	DBVPG3775_005524-T1
GF00003509	TFCN152A1_005123-T1	DBVPG3775_005523-T1
GF00003510	TFCN152A1_005124-T1	DBVPG3775_005522-T1
GF00003511	TFCN152A1_008533-T1	DBVPG3775_005520-T1
GF00003512	TFCN152A1_005127-T1	DBVPG3775_005519-T1
GF00003513	TFCN152A1_005128-T1	DBVPG3775_005517-T1
GF00003514	TFCN152A1_005129-T1	DBVPG3775_005516-T1
GF00003515	TFCN152A1_005130-T1	DBVPG3775_005515-T1
GF00003516	TFCN152A1_005131-T1	DBVPG3775_005514-T1
GF00003517	TFCN152A1_008540-T1	DBVPG3775_005513-T1
GF00003518	TFCN152A1_008541-T1	DBVPG3775_005512-T1
GF00003519	TFCN152A1_008544-T1	DBVPG3775_005509-T1
GF00003520	TFCN152A1_005137-T1	DBVPG3775_005508-T1
GF00003521	TFCN152A1_005138-T1	DBVPG3775_005507-T1
GF00003522	TFCN152A1_005141-T1	DBVPG3775_005504-T1
GF00003523	TFCN152A1_008550-T1	DBVPG3775_005503-T1
GF00003524	TFCN152A1_005143-T1	DBVPG3775_005502-T1
GF00003525	TFCN152A1_005144-T1	DBVPG3775_005501-T1
GF00003526	TFCN152A1_008553-T1	DBVPG3775_005500-T1
GF00003527	TFCN152A1_005836-T1	DBVPG3775_001950-T1
GF00003528	TFCN152A1_005208-T1	DBVPG3775_001951-T1
GF00003529	TFCN152A1_005209-T1	DBVPG3775_001952-T1
GF00003530	TFCN152A1_005210-T1	DBVPG3775_001953-T1
GF00003531	TFCN152A1_005831-T1	DBVPG3775_001956-T1
GF00003532	TFCN152A1_005214-T1	DBVPG3775_001958-T1
GF00003533	TFCN152A1_005215-T1	DBVPG3775_001959-T1
GF00003534	TFCN152A1_005216-T1	DBVPG3775_001960-T1
GF00003535	TFCN152A1_005221-T1	DBVPG3775_001965-T1
GF00003536	TFCN152A1_005223-T1	DBVPG3775_001967-T1
GF00003537	TFCN152A1_005225-T1	DBVPG3775_001970-T1
GF00003538	TFCN152A1_005226-T1	DBVPG3775_001971-T1
GF00003539	TFCN152A1_005228-T1	DBVPG3775_001974-T1
GF00003540	TFCN152A1_005229-T1	DBVPG3775_001975-T1
GF00003541	TFCN152A1_005811-T1	DBVPG3775_001977-T1
GF00003542	TFCN152A1_005234-T1	DBVPG3775_001981-T1
GF00003543	TFCN152A1_012046-T1	DBVPG3775_001984-T1
GF00003544	TFCN152A1_005238-T1	DBVPG3775_001985-T1
GF00003545	TFCN152A1_005240-T1	DBVPG3775_001987-T1
GF00003546	TFCN152A1_005241-T1	DBVPG3775_001988-T1
GF00003547	TFCN152A1_005243-T1	DBVPG3775_001990-T1
GF00003548	TFCN152A1_005245-T1	DBVPG3775_001992-T1
GF00003549	TFCN152A1_005247-T1	DBVPG3775_001994-T1
GF00003550	TFCN152A1_005249-T1	DBVPG3775_001997-T1
GF00003551	TFCN152A1_007193-T1	DBVPG3775_003947-T1
GF00003552	TFCN152A1_005252-T1	DBVPG3775_002001-T1
GF00003553	TFCN152A1_005256-T1	DBVPG3775_002005-T1
GF00003554	TFCN152A1_011890-T1	DBVPG3775_002011-T1
GF00003555	TFCN152A1_011889-T1	DBVPG3775_002012-T1
GF00003556	TFCN152A1_005262-T1	DBVPG3775_002013-T1
GF00003557	TFCN152A1_005266-T1	DBVPG3775_002019-T1
GF00003558	TFCN152A1_005268-T1	DBVPG3775_002021-T1
GF00003559	TFCN152A1_007436-T1	DBVPG3775_004404-T1
GF00003560	TFCN152A1_005272-T1	DBVPG3775_004405-T1
GF00003561	TFCN152A1_005274-T1	DBVPG3775_004407-T1
GF00003562	TFCN152A1_007432-T1	DBVPG3775_004408-T1
GF00003563	TFCN152A1_007430-T1	DBVPG3775_004410-T1
GF00003564	TFCN152A1_007429-T1	DBVPG3775_004411-T1
GF00003565	TFCN152A1_005279-T1	DBVPG3775_004412-T1
GF00003566	TFCN152A1_007427-T1	DBVPG3775_004413-T1
GF00003567	TFCN152A1_005281-T1	DBVPG3775_004414-T1
GF00003568	TFCN152A1_005283-T1	DBVPG3775_004418-T1
GF00003569	TFCN152A1_005475-T1	DBVPG3775_002315-T1
GF00003570	TFCN152A1_012322-T1	DBVPG3775_002314-T1
GF00003571	TFCN152A1_005479-T1	DBVPG3775_002310-T1
GF00003572	TFCN152A1_005484-T1	DBVPG3775_002305-T1
GF00003573	TFCN152A1_005486-T1	DBVPG3775_002303-T1
GF00003574	TFCN152A1_009244-T1	DBVPG3775_004357-T1
GF00003575	TFCN152A1_005492-T1	DBVPG3775_002300-T1
GF00003576	TFCN152A1_005501-T1	DBVPG3775_002290-T1
GF00003577	TFCN152A1_005502-T1	DBVPG3775_002289-T1
GF00003578	TFCN152A1_005503-T1	DBVPG3775_002288-T1
GF00003579	TFCN152A1_005504-T1	DBVPG3775_002287-T1
GF00003580	TFCN152A1_007692-T1	DBVPG3775_002285-T1
GF00003581	TFCN152A1_007694-T1	DBVPG3775_002283-T1
GF00003582	TFCN152A1_005511-T1	DBVPG3775_002279-T1
GF00003583	TFCN152A1_007701-T1	DBVPG3775_002275-T1
GF00003584	TFCN152A1_005515-T1	DBVPG3775_002274-T1
GF00003585	TFCN152A1_005516-T1	DBVPG3775_002273-T1
GF00003586	TFCN152A1_007704-T1	DBVPG3775_002272-T1
GF00003587	TFCN152A1_005520-T1	DBVPG3775_002269-T1
GF00003588	TFCN152A1_005521-T1	DBVPG3775_002268-T1
GF00003589	TFCN152A1_007710-T1	DBVPG3775_002265-T1
GF00003590	TFCN152A1_007711-T1	DBVPG3775_002264-T1
GF00003591	TFCN152A1_007712-T1	DBVPG3775_002263-T1
GF00003592	TFCN152A1_005527-T1	DBVPG3775_002262-T1
GF00003593	TFCN152A1_007714-T1	DBVPG3775_002261-T1
GF00003594	TFCN152A1_005530-T1	DBVPG3775_002258-T1
GF00003595	TFCN152A1_007721-T1	DBVPG3775_002253-T1
GF00003596	TFCN152A1_005535-T1	DBVPG3775_002252-T1
GF00003597	TFCN152A1_007723-T1	DBVPG3775_002251-T1
GF00003598	TFCN152A1_007724-T1	DBVPG3775_002250-T1
GF00003599	TFCN152A1_005538-T1	DBVPG3775_002249-T1
GF00003600	TFCN152A1_007726-T1	DBVPG3775_002248-T1
GF00003601	TFCN152A1_007728-T1	DBVPG3775_002245-T1
GF00003602	TFCN152A1_005543-T1	DBVPG3775_002244-T1
GF00003603	TFCN152A1_005544-T1	DBVPG3775_002243-T1
GF00003604	TFCN152A1_006903-T1	DBVPG3775_004710-T1
GF00003605	TFCN152A1_005688-T1	DBVPG3775_004713-T1
GF00003606	TFCN152A1_005689-T1	DBVPG3775_004714-T1
GF00003607	TFCN152A1_005690-T1	DBVPG3775_004715-T1
GF00003608	TFCN152A1_005691-T1	DBVPG3775_004716-T1
GF00003609	TFCN152A1_005693-T1	DBVPG3775_004719-T1
GF00003610	TFCN152A1_006893-T1	DBVPG3775_004720-T1
GF00003611	TFCN152A1_006890-T1	DBVPG3775_004723-T1
GF00003612	TFCN152A1_005698-T1	DBVPG3775_004724-T1
GF00003613	TFCN152A1_005700-T1	DBVPG3775_004727-T1
GF00003614	TFCN152A1_006876-T1	DBVPG3775_004740-T1
GF00003615	TFCN152A1_006874-T1	DBVPG3775_004742-T1
GF00003616	TFCN152A1_005714-T1	DBVPG3775_004745-T1
GF00003617	TFCN152A1_005716-T1	DBVPG3775_004747-T1
GF00003618	TFCN152A1_005717-T1	DBVPG3775_004748-T1
GF00003619	TFCN152A1_006868-T1	DBVPG3775_004749-T1
GF00003620	TFCN152A1_005719-T1	DBVPG3775_004750-T1
GF00003621	TFCN152A1_005724-T1	DBVPG3775_004758-T1
GF00003622	TFCN152A1_005727-T1	DBVPG3775_004762-T1
GF00003623	TFCN152A1_005729-T1	DBVPG3775_004764-T1
GF00003624	TFCN152A1_006852-T1	DBVPG3775_004769-T1
GF00003625	TFCN152A1_005734-T1	DBVPG3775_004771-T1
GF00003626	TFCN152A1_005737-T1	DBVPG3775_004775-T1
GF00003627	TFCN152A1_005738-T1	DBVPG3775_004776-T1
GF00003628	TFCN152A1_005739-T1	DBVPG3775_004778-T1
GF00003629	TFCN152A1_011053-T1	DBVPG3775_004787-T1
GF00003630	TFCN152A1_005745-T1	DBVPG3775_004789-T1
GF00003631	TFCN152A1_005746-T1	DBVPG3775_004790-T1
GF00003632	TFCN152A1_005748-T1	DBVPG3775_004793-T1
GF00003633	TFCN152A1_005753-T1	DBVPG3775_006641-T1
GF00003634	TFCN152A1_007164-T1	DBVPG3775_006640-T1
GF00003635	TFCN152A1_005757-T1	DBVPG3775_006637-T1
GF00003636	TFCN152A1_005758-T1	DBVPG3775_006636-T1
GF00003637	TFCN152A1_007160-T1	DBVPG3775_006635-T1
GF00003638	TFCN152A1_005760-T1	DBVPG3775_006634-T1
GF00003639	TFCN152A1_005761-T1	DBVPG3775_006633-T1
GF00003640	TFCN152A1_007157-T1	DBVPG3775_006632-T1
GF00003641	TFCN152A1_005763-T1	DBVPG3775_006631-T1
GF00003642	TFCN152A1_007155-T1	DBVPG3775_006630-T1
GF00003643	TFCN152A1_005765-T1	DBVPG3775_006628-T1
GF00003644	TFCN152A1_007153-T1	DBVPG3775_006627-T1
GF00003645	TFCN152A1_005769-T1	DBVPG3775_006623-T1
GF00003646	TFCN152A1_012135-T1	DBVPG3775_006622-T1
GF00003647	TFCN152A1_012134-T1	DBVPG3775_006621-T1
GF00003648	TFCN152A1_012133-T1	DBVPG3775_006620-T1
GF00003649	TFCN152A1_005776-T1	DBVPG3775_006614-T1
GF00003650	TFCN152A1_005777-T1	DBVPG3775_006613-T1
GF00003651	TFCN152A1_005778-T1	DBVPG3775_006612-T1
GF00003652	TFCN152A1_005780-T1	DBVPG3775_006608-T1
GF00003653	TFCN152A1_006826-T1	DBVPG3775_006607-T1
GF00003654	TFCN152A1_006825-T1	DBVPG3775_006606-T1
GF00003655	TFCN152A1_005784-T1	DBVPG3775_006603-T1
GF00003656	TFCN152A1_005785-T1	DBVPG3775_006602-T1
GF00003657	TFCN152A1_005787-T1	DBVPG3775_006599-T1
GF00003658	TFCN152A1_005789-T1	DBVPG3775_006597-T1
GF00003659	TFCN152A1_005790-T1	DBVPG3775_006596-T1
GF00003660	TFCN152A1_005791-T1	DBVPG3775_006595-T1
GF00003661	TFCN152A1_005792-T1	DBVPG3775_007479-T1
GF00003662	TFCN152A1_006661-T1	DBVPG3775_007480-T1
GF00003663	TFCN152A1_006662-T1	DBVPG3775_007482-T1
GF00003664	TFCN152A1_006664-T1	DBVPG3775_007484-T1
GF00003665	TFCN152A1_005797-T1	DBVPG3775_007485-T1
GF00003666	TFCN152A1_005798-T1	DBVPG3775_007486-T1
GF00003667	TFCN152A1_006667-T1	DBVPG3775_007487-T1
GF00003668	TFCN152A1_005800-T1	DBVPG3775_007488-T1
GF00003669	TFCN152A1_006670-T1	DBVPG3775_007490-T1
GF00003670	TFCN152A1_005839-T1	DBVPG3775_001946-T1
GF00003671	TFCN152A1_005841-T1	DBVPG3775_001944-T1
GF00003672	TFCN152A1_005842-T1	DBVPG3775_001942-T1
GF00003673	TFCN152A1_011834-T1	DBVPG3775_001941-T1
GF00003674	TFCN152A1_005844-T1	DBVPG3775_001940-T1
GF00003675	TFCN152A1_005846-T1	DBVPG3775_001938-T1
GF00003676	TFCN152A1_005847-T1	DBVPG3775_001937-T1
GF00003677	TFCN152A1_011840-T1	DBVPG3775_001935-T1
GF00003678	TFCN152A1_011842-T1	DBVPG3775_001933-T1
GF00003679	TFCN152A1_005852-T1	DBVPG3775_001932-T1
GF00003680	TFCN152A1_011844-T1	DBVPG3775_001931-T1
GF00003681	TFCN152A1_005855-T1	DBVPG3775_001928-T1
GF00003682	TFCN152A1_005856-T1	DBVPG3775_001927-T1
GF00003683	TFCN152A1_005857-T1	DBVPG3775_001926-T1
GF00003684	TFCN152A1_005858-T1	DBVPG3775_001925-T1
GF00003685	TFCN152A1_010067-T1	DBVPG3775_001919-T1
GF00003686	TFCN152A1_005864-T1	DBVPG3775_001917-T1
GF00003687	TFCN152A1_010064-T1	DBVPG3775_001916-T1
GF00003688	TFCN152A1_005867-T1	DBVPG3775_001914-T1
GF00003689	TFCN152A1_010061-T1	DBVPG3775_001913-T1
GF00003690	TFCN152A1_010060-T1	DBVPG3775_001912-T1
GF00003691	TFCN152A1_010059-T1	DBVPG3775_001911-T1
GF00003692	TFCN152A1_010058-T1	DBVPG3775_001910-T1
GF00003693	TFCN152A1_010057-T1	DBVPG3775_001909-T1
GF00003694	TFCN152A1_005873-T1	DBVPG3775_001908-T1
GF00003695	TFCN152A1_005895-T1	DBVPG3775_000583-T1
GF00003696	TFCN152A1_005897-T1	DBVPG3775_000580-T1
GF00003697	TFCN152A1_005898-T1	DBVPG3775_000579-T1
GF00003698	TFCN152A1_005901-T1	DBVPG3775_000576-T1
GF00003699	TFCN152A1_011286-T1	DBVPG3775_000575-T1
GF00003700	TFCN152A1_005905-T1	DBVPG3775_000569-T1
GF00003701	TFCN152A1_005906-T1	DBVPG3775_000568-T1
GF00003702	TFCN152A1_005907-T1	DBVPG3775_000567-T1
GF00003703	TFCN152A1_005908-T1	DBVPG3775_000566-T1
GF00003704	TFCN152A1_011293-T1	DBVPG3775_000565-T1
GF00003705	TFCN152A1_005911-T1	DBVPG3775_000563-T1
GF00003706	TFCN152A1_006688-T1	DBVPG3775_005879-T1
GF00003707	TFCN152A1_005942-T1	DBVPG3775_005880-T1
GF00003708	TFCN152A1_006682-T1	DBVPG3775_005886-T1
GF00003709	TFCN152A1_005951-T1	DBVPG3775_005889-T1
GF00003710	TFCN152A1_009975-T1	DBVPG3775_005891-T1
GF00003711	TFCN152A1_009976-T1	DBVPG3775_005892-T1
GF00003712	TFCN152A1_005955-T1	DBVPG3775_005893-T1
GF00003713	TFCN152A1_005957-T1	DBVPG3775_005895-T1
GF00003714	TFCN152A1_009980-T1	DBVPG3775_005896-T1
GF00003715	TFCN152A1_011544-T1	DBVPG3775_005900-T1
GF00003716	TFCN152A1_005962-T1	DBVPG3775_005901-T1
GF00003717	TFCN152A1_011547-T1	DBVPG3775_005903-T1
GF00003718	TFCN152A1_005966-T1	DBVPG3775_005905-T1
GF00003719	TFCN152A1_005967-T1	DBVPG3775_005906-T1
GF00003720	TFCN152A1_005968-T1	DBVPG3775_005907-T1
GF00003721	TFCN152A1_008857-T1	DBVPG3775_005909-T1
GF00003722	TFCN152A1_008859-T1	DBVPG3775_005912-T1
GF00003723	TFCN152A1_008860-T1	DBVPG3775_005913-T1
GF00003724	TFCN152A1_005976-T1	DBVPG3775_005916-T1
GF00003725	TFCN152A1_008865-T1	DBVPG3775_005917-T1
GF00003726	TFCN152A1_008866-T1	DBVPG3775_005918-T1
GF00003727	TFCN152A1_008867-T1	DBVPG3775_005919-T1
GF00003728	TFCN152A1_008868-T1	DBVPG3775_005920-T1
GF00003729	TFCN152A1_005981-T1	DBVPG3775_005921-T1
GF00003730	TFCN152A1_005982-T1	DBVPG3775_005922-T1
GF00003731	TFCN152A1_005984-T1	DBVPG3775_005926-T1
GF00003732	TFCN152A1_005985-T1	DBVPG3775_005927-T1
GF00003733	TFCN152A1_005986-T1	DBVPG3775_005928-T1
GF00003734	TFCN152A1_005988-T1	DBVPG3775_005931-T1
GF00003735	TFCN152A1_009014-T1	DBVPG3775_003441-T1
GF00003736	TFCN152A1_005990-T1	DBVPG3775_005933-T1
GF00003737	TFCN152A1_008882-T1	DBVPG3775_005940-T1
GF00003738	TFCN152A1_008883-T1	DBVPG3775_005941-T1
GF00003739	TFCN152A1_008885-T1	DBVPG3775_005943-T1
GF00003740	TFCN152A1_006000-T1	DBVPG3775_005944-T1
GF00003741	TFCN152A1_006002-T1	DBVPG3775_005946-T1
GF00003742	TFCN152A1_006003-T1	DBVPG3775_005947-T1
GF00003743	TFCN152A1_008890-T1	DBVPG3775_005948-T1
GF00003744	TFCN152A1_008891-T1	DBVPG3775_005949-T1
GF00003745	TFCN152A1_010178-T1	DBVPG3775_003961-T1
GF00003746	TFCN152A1_006058-T1	DBVPG3775_001823-T1
GF00003747	TFCN152A1_006367-T1	DBVPG3775_001819-T1
GF00003748	TFCN152A1_006064-T1	DBVPG3775_001815-T1
GF00003749	TFCN152A1_006358-T1	DBVPG3775_001809-T1
GF00003750	TFCN152A1_006069-T1	DBVPG3775_001808-T1
GF00003751	TFCN152A1_006356-T1	DBVPG3775_001807-T1
GF00003752	TFCN152A1_006354-T1	DBVPG3775_001805-T1
GF00003753	TFCN152A1_010169-T1	DBVPG3775_003970-T1
GF00003754	TFCN152A1_006345-T1	DBVPG3775_001794-T1
GF00003755	TFCN152A1_006082-T1	DBVPG3775_001791-T1
GF00003756	TFCN152A1_006083-T1	DBVPG3775_001790-T1
GF00003757	TFCN152A1_006084-T1	DBVPG3775_001789-T1
GF00003758	TFCN152A1_006085-T1	DBVPG3775_001788-T1
GF00003759	TFCN152A1_006086-T1	DBVPG3775_001787-T1
GF00003760	TFCN152A1_006087-T1	DBVPG3775_001786-T1
GF00003761	TFCN152A1_006089-T1	DBVPG3775_001782-T1
GF00003762	TFCN152A1_006334-T1	DBVPG3775_001781-T1
GF00003763	TFCN152A1_006091-T1	DBVPG3775_001780-T1
GF00003764	TFCN152A1_006092-T1	DBVPG3775_001779-T1
GF00003765	TFCN152A1_006093-T1	DBVPG3775_001778-T1
GF00003766	TFCN152A1_006094-T1	DBVPG3775_001777-T1
GF00003767	TFCN152A1_006329-T1	DBVPG3775_001776-T1
GF00003768	TFCN152A1_006328-T1	DBVPG3775_001775-T1
GF00003769	TFCN152A1_006097-T1	DBVPG3775_001774-T1
GF00003770	TFCN152A1_006098-T1	DBVPG3775_001773-T1
GF00003771	TFCN152A1_006325-T1	DBVPG3775_001772-T1
GF00003772	TFCN152A1_006324-T1	DBVPG3775_001771-T1
GF00003773	TFCN152A1_006101-T1	DBVPG3775_001770-T1
GF00003774	TFCN152A1_006322-T1	DBVPG3775_001769-T1
GF00003775	TFCN152A1_006103-T1	DBVPG3775_001768-T1
GF00003776	TFCN152A1_006105-T1	DBVPG3775_001766-T1
GF00003777	TFCN152A1_006107-T1	DBVPG3775_001763-T1
GF00003778	TFCN152A1_010306-T1	DBVPG3775_005663-T1
GF00003779	TFCN152A1_006118-T1	DBVPG3775_005662-T1
GF00003780	TFCN152A1_010303-T1	DBVPG3775_005660-T1
GF00003781	TFCN152A1_010302-T1	DBVPG3775_005659-T1
GF00003782	TFCN152A1_006122-T1	DBVPG3775_005658-T1
GF00003783	TFCN152A1_010300-T1	DBVPG3775_005657-T1
GF00003784	TFCN152A1_010296-T1	DBVPG3775_005654-T1
GF00003785	TFCN152A1_010295-T1	DBVPG3775_005653-T1
GF00003786	TFCN152A1_010293-T1	DBVPG3775_005651-T1
GF00003787	TFCN152A1_010292-T1	DBVPG3775_005650-T1
GF00003788	TFCN152A1_010290-T1	DBVPG3775_005647-T1
GF00003789	TFCN152A1_006139-T1	DBVPG3775_005640-T1
GF00003790	TFCN152A1_006140-T1	DBVPG3775_005639-T1
GF00003791	TFCN152A1_006142-T1	DBVPG3775_005637-T1
GF00003792	TFCN152A1_010751-T1	DBVPG3775_007283-T1
GF00003793	TFCN152A1_006148-T1	DBVPG3775_007282-T1
GF00003794	TFCN152A1_006149-T1	DBVPG3775_007281-T1
GF00003795	TFCN152A1_006151-T1	DBVPG3775_007278-T1
GF00003796	TFCN152A1_010757-T1	DBVPG3775_007268-T1
GF00003797	TFCN152A1_006164-T1	DBVPG3775_007263-T1
GF00003798	TFCN152A1_006165-T1	DBVPG3775_007262-T1
GF00003799	TFCN152A1_006167-T1	DBVPG3775_004555-T1
GF00003800	TFCN152A1_008620-T1	DBVPG3775_004554-T1
GF00003801	TFCN152A1_008618-T1	DBVPG3775_004552-T1
GF00003802	TFCN152A1_006173-T1	DBVPG3775_004548-T1
GF00003803	TFCN152A1_006174-T1	DBVPG3775_004547-T1
GF00003804	TFCN152A1_008612-T1	DBVPG3775_004546-T1
GF00003805	TFCN152A1_008609-T1	DBVPG3775_004543-T1
GF00003806	TFCN152A1_006179-T1	DBVPG3775_004542-T1
GF00003807	TFCN152A1_006183-T1	DBVPG3775_004537-T1
GF00003808	TFCN152A1_006188-T1	DBVPG3775_004532-T1
GF00003809	TFCN152A1_006189-T1	DBVPG3775_004531-T1
GF00003810	TFCN152A1_006190-T1	DBVPG3775_004530-T1
GF00003811	TFCN152A1_006191-T1	DBVPG3775_004529-T1
GF00003812	TFCN152A1_006192-T1	DBVPG3775_004528-T1
GF00003813	TFCN152A1_006193-T1	DBVPG3775_004527-T1
GF00003814	TFCN152A1_011257-T1	DBVPG3775_004523-T1
GF00003815	TFCN152A1_006200-T1	DBVPG3775_004517-T1
GF00003816	TFCN152A1_006201-T1	DBVPG3775_004516-T1
GF00003817	TFCN152A1_006204-T1	DBVPG3775_004511-T1
GF00003818	TFCN152A1_006206-T1	DBVPG3775_004509-T1
GF00003819	TFCN152A1_006207-T1	DBVPG3775_004508-T1
GF00003820	TFCN152A1_006571-T1	DBVPG3775_004503-T1
GF00003821	TFCN152A1_006213-T1	DBVPG3775_004501-T1
GF00003822	TFCN152A1_006214-T1	DBVPG3775_004500-T1
GF00003823	TFCN152A1_006567-T1	DBVPG3775_004499-T1
GF00003824	TFCN152A1_006566-T1	DBVPG3775_004498-T1
GF00003825	TFCN152A1_006563-T1	DBVPG3775_004493-T1
GF00003826	TFCN152A1_006562-T1	DBVPG3775_004491-T1
GF00003827	TFCN152A1_006561-T1	DBVPG3775_004490-T1
GF00003828	TFCN152A1_006222-T1	DBVPG3775_004489-T1
GF00003829	TFCN152A1_011723-T1	DBVPG3775_006653-T1
GF00003830	TFCN152A1_011719-T1	DBVPG3775_006657-T1
GF00003831	TFCN152A1_006273-T1	DBVPG3775_002711-T1
GF00003832	TFCN152A1_011501-T1	DBVPG3775_002712-T1
GF00003833	TFCN152A1_011500-T1	DBVPG3775_002713-T1
GF00003834	TFCN152A1_011499-T1	DBVPG3775_002714-T1
GF00003835	TFCN152A1_006277-T1	DBVPG3775_002715-T1
GF00003836	TFCN152A1_006279-T1	DBVPG3775_002717-T1
GF00003837	TFCN152A1_011492-T1	DBVPG3775_002721-T1
GF00003838	TFCN152A1_006283-T1	DBVPG3775_002722-T1
GF00003839	TFCN152A1_011490-T1	DBVPG3775_002725-T1
GF00003840	TFCN152A1_011489-T1	DBVPG3775_002726-T1
GF00003841	TFCN152A1_006289-T1	DBVPG3775_002728-T1
GF00003842	TFCN152A1_006290-T1	DBVPG3775_002729-T1
GF00003843	TFCN152A1_006372-T1	DBVPG3775_001824-T1
GF00003844	TFCN152A1_006376-T1	DBVPG3775_003385-T1
GF00003845	TFCN152A1_010940-T1	DBVPG3775_003384-T1
GF00003846	TFCN152A1_010938-T1	DBVPG3775_003382-T1
GF00003847	TFCN152A1_006380-T1	DBVPG3775_003381-T1
GF00003848	TFCN152A1_006381-T1	DBVPG3775_003380-T1
GF00003849	TFCN152A1_010932-T1	DBVPG3775_003376-T1
GF00003850	TFCN152A1_006386-T1	DBVPG3775_003374-T1
GF00003851	TFCN152A1_010929-T1	DBVPG3775_003372-T1
GF00003852	TFCN152A1_006389-T1	DBVPG3775_003370-T1
GF00003853	TFCN152A1_006390-T1	DBVPG3775_003369-T1
GF00003854	TFCN152A1_010924-T1	DBVPG3775_003366-T1
GF00003855	TFCN152A1_010922-T1	DBVPG3775_003364-T1
GF00003856	TFCN152A1_006395-T1	DBVPG3775_003363-T1
GF00003857	TFCN152A1_009827-T1	DBVPG3775_003361-T1
GF00003858	TFCN152A1_009828-T1	DBVPG3775_003360-T1
GF00003859	TFCN152A1_006399-T1	DBVPG3775_003359-T1
GF00003860	TFCN152A1_006401-T1	DBVPG3775_003357-T1
GF00003861	TFCN152A1_009835-T1	DBVPG3775_003352-T1
GF00003862	TFCN152A1_006406-T1	DBVPG3775_003351-T1
GF00003863	TFCN152A1_009837-T1	DBVPG3775_003350-T1
GF00003864	TFCN152A1_006408-T1	DBVPG3775_003349-T1
GF00003865	TFCN152A1_006409-T1	DBVPG3775_003348-T1
GF00003866	TFCN152A1_006410-T1	DBVPG3775_003347-T1
GF00003867	TFCN152A1_006423-T1	DBVPG3775_003342-T1
GF00003868	TFCN152A1_006415-T1	DBVPG3775_003332-T1
GF00003869	TFCN152A1_009853-T1	DBVPG3775_003333-T1
GF00003870	TFCN152A1_006417-T1	DBVPG3775_003334-T1
GF00003871	TFCN152A1_009850-T1	DBVPG3775_003336-T1
GF00003872	TFCN152A1_009849-T1	DBVPG3775_003337-T1
GF00003873	TFCN152A1_009848-T1	DBVPG3775_003338-T1
GF00003874	TFCN152A1_009847-T1	DBVPG3775_003339-T1
GF00003875	TFCN152A1_009908-T1	DBVPG3775_002493-T1
GF00003876	TFCN152A1_006488-T1	DBVPG3775_002495-T1
GF00003877	TFCN152A1_006491-T1	DBVPG3775_002500-T1
GF00003878	TFCN152A1_006492-T1	DBVPG3775_002501-T1
GF00003879	TFCN152A1_012459-T1	DBVPG3775_002504-T1
GF00003880	TFCN152A1_006495-T1	DBVPG3775_002505-T1
GF00003881	TFCN152A1_012456-T1	DBVPG3775_002508-T1
GF00003882	TFCN152A1_006499-T1	DBVPG3775_002510-T1
GF00003883	TFCN152A1_006500-T1	DBVPG3775_002511-T1
GF00003884	TFCN152A1_006501-T1	DBVPG3775_002512-T1
GF00003885	TFCN152A1_010579-T1	DBVPG3775_002513-T1
GF00003886	TFCN152A1_010580-T1	DBVPG3775_002514-T1
GF00003887	TFCN152A1_010581-T1	DBVPG3775_002515-T1
GF00003888	TFCN152A1_006507-T1	DBVPG3775_002518-T1
GF00003889	TFCN152A1_010585-T1	DBVPG3775_002519-T1
GF00003890	TFCN152A1_006510-T1	DBVPG3775_002520-T1
GF00003891	TFCN152A1_010591-T1	DBVPG3775_002525-T1
GF00003892	TFCN152A1_010593-T1	DBVPG3775_002528-T1
GF00003893	TFCN152A1_006518-T1	DBVPG3775_002529-T1
GF00003894	TFCN152A1_010596-T1	DBVPG3775_002531-T1
GF00003895	TFCN152A1_006523-T1	DBVPG3775_002534-T1
GF00003896	TFCN152A1_010600-T1	DBVPG3775_002536-T1
GF00003897	TFCN152A1_006525-T1	DBVPG3775_002537-T1
GF00003898	TFCN152A1_010602-T1	DBVPG3775_002538-T1
GF00003899	TFCN152A1_006527-T1	DBVPG3775_002539-T1
GF00003900	TFCN152A1_006530-T1	DBVPG3775_006537-T1
GF00003901	TFCN152A1_010646-T1	DBVPG3775_006536-T1
GF00003902	TFCN152A1_006532-T1	DBVPG3775_006535-T1
GF00003903	TFCN152A1_010644-T1	DBVPG3775_006534-T1
GF00003904	TFCN152A1_006534-T1	DBVPG3775_006533-T1
GF00003905	TFCN152A1_006535-T1	DBVPG3775_006532-T1
GF00003906	TFCN152A1_006538-T1	DBVPG3775_006527-T1
GF00003907	TFCN152A1_010634-T1	DBVPG3775_006523-T1
GF00003908	TFCN152A1_010633-T1	DBVPG3775_006522-T1
GF00003909	TFCN152A1_010628-T1	DBVPG3775_006517-T1
GF00003910	TFCN152A1_010627-T1	DBVPG3775_006516-T1
GF00003911	TFCN152A1_006549-T1	DBVPG3775_006513-T1
GF00003912	TFCN152A1_006550-T1	DBVPG3775_006512-T1
GF00003913	TFCN152A1_011182-T1	DBVPG3775_006511-T1
GF00003914	TFCN152A1_006552-T1	DBVPG3775_006510-T1
GF00003915	TFCN152A1_006555-T1	DBVPG3775_004482-T1
GF00003916	TFCN152A1_006557-T1	DBVPG3775_004485-T1
GF00003917	TFCN152A1_006558-T1	DBVPG3775_004487-T1
GF00003918	TFCN152A1_006579-T1	DBVPG3775_006936-T1
GF00003919	TFCN152A1_008923-T1	DBVPG3775_006934-T1
GF00003920	TFCN152A1_006582-T1	DBVPG3775_006933-T1
GF00003921	TFCN152A1_008182-T1	DBVPG3775_006229-T1
GF00003922	TFCN152A1_006586-T1	DBVPG3775_006232-T1
GF00003923	TFCN152A1_006587-T1	DBVPG3775_006233-T1
GF00003924	TFCN152A1_008173-T1	DBVPG3775_006238-T1
GF00003925	TFCN152A1_008172-T1	DBVPG3775_006239-T1
GF00003926	TFCN152A1_006592-T1	DBVPG3775_006240-T1
GF00003927	TFCN152A1_006595-T1	DBVPG3775_006245-T1
GF00003928	TFCN152A1_006597-T1	DBVPG3775_006247-T1
GF00003929	TFCN152A1_006599-T1	DBVPG3775_006251-T1
GF00003930	TFCN152A1_006601-T1	DBVPG3775_006254-T1
GF00003931	TFCN152A1_008156-T1	DBVPG3775_006258-T1
GF00003932	TFCN152A1_008149-T1	DBVPG3775_006268-T1
GF00003933	TFCN152A1_006614-T1	DBVPG3775_006272-T1
GF00003934	TFCN152A1_012716-T1	DBVPG3775_006273-T1
GF00003935	TFCN152A1_012715-T1	DBVPG3775_006274-T1
GF00003936	TFCN152A1_012714-T1	DBVPG3775_006275-T1
GF00003937	TFCN152A1_006620-T1	DBVPG3775_006279-T1
GF00003938	TFCN152A1_006624-T1	DBVPG3775_004663-T1
GF00003939	TFCN152A1_007365-T1	DBVPG3775_004661-T1
GF00003940	TFCN152A1_007367-T1	DBVPG3775_004658-T1
GF00003941	TFCN152A1_007368-T1	DBVPG3775_004657-T1
GF00003942	TFCN152A1_006631-T1	DBVPG3775_004656-T1
GF00003943	TFCN152A1_007370-T1	DBVPG3775_004655-T1
GF00003944	TFCN152A1_006633-T1	DBVPG3775_004654-T1
GF00003945	TFCN152A1_006634-T1	DBVPG3775_004653-T1
GF00003946	TFCN152A1_007373-T1	DBVPG3775_004652-T1
GF00003947	TFCN152A1_006637-T1	DBVPG3775_004650-T1
GF00003948	TFCN152A1_006638-T1	DBVPG3775_004649-T1
GF00003949	TFCN152A1_006642-T1	DBVPG3775_004645-T1
GF00003950	TFCN152A1_011690-T1	DBVPG3775_004644-T1
GF00003951	TFCN152A1_011689-T1	DBVPG3775_004643-T1
GF00003952	TFCN152A1_006646-T1	DBVPG3775_004641-T1
GF00003953	TFCN152A1_011686-T1	DBVPG3775_004640-T1
GF00003954	TFCN152A1_006648-T1	DBVPG3775_004639-T1
GF00003955	TFCN152A1_011684-T1	DBVPG3775_004638-T1
GF00003956	TFCN152A1_011680-T1	DBVPG3775_004634-T1
GF00003957	TFCN152A1_009121-T1	DBVPG3775_007553-T1
GF00003958	TFCN152A1_006678-T1	DBVPG3775_007552-T1
GF00003959	TFCN152A1_006736-T1	DBVPG3775_005951-T1
GF00003960	TFCN152A1_006737-T1	DBVPG3775_000036-T1
GF00003961	TFCN152A1_006740-T1	DBVPG3775_000031-T1
GF00003962	TFCN152A1_006741-T1	DBVPG3775_000030-T1
GF00003963	TFCN152A1_006742-T1	DBVPG3775_000029-T1
GF00003964	TFCN152A1_011477-T1	DBVPG3775_000023-T1
GF00003965	TFCN152A1_011478-T1	DBVPG3775_000022-T1
GF00003966	TFCN152A1_006750-T1	DBVPG3775_000021-T1
GF00003967	TFCN152A1_006753-T1	DBVPG3775_000018-T1
GF00003968	TFCN152A1_006756-T1	DBVPG3775_000016-T1
GF00003969	TFCN152A1_011484-T1	DBVPG3775_000015-T1
GF00003970	TFCN152A1_011485-T1	DBVPG3775_000014-T1
GF00003971	TFCN152A1_006763-T1	DBVPG3775_000009-T1
GF00003972	TFCN152A1_006765-T1	DBVPG3775_000007-T1
GF00003973	TFCN152A1_006766-T1	DBVPG3775_000006-T1
GF00003974	TFCN152A1_009726-T1	DBVPG3775_000005-T1
GF00003975	TFCN152A1_006768-T1	DBVPG3775_000004-T1
GF00003976	TFCN152A1_009723-T1	DBVPG3775_000002-T1
GF00003977	TFCN152A1_006774-T1	DBVPG3775_007323-T1
GF00003978	TFCN152A1_009719-T1	DBVPG3775_007322-T1
GF00003979	TFCN152A1_006776-T1	DBVPG3775_007321-T1
GF00003980	TFCN152A1_006778-T1	DBVPG3775_007317-T1
GF00003981	TFCN152A1_006779-T1	DBVPG3775_007316-T1
GF00003982	TFCN152A1_009712-T1	DBVPG3775_007315-T1
GF00003983	TFCN152A1_009711-T1	DBVPG3775_007313-T1
GF00003984	TFCN152A1_009710-T1	DBVPG3775_007312-T1
GF00003985	TFCN152A1_006784-T1	DBVPG3775_007310-T1
GF00003986	TFCN152A1_006786-T1	DBVPG3775_007308-T1
GF00003987	TFCN152A1_009125-T1	DBVPG3775_007542-T1
GF00003988	TFCN152A1_006788-T1	DBVPG3775_007541-T1
GF00003989	TFCN152A1_006789-T1	DBVPG3775_007540-T1
GF00003990	TFCN152A1_009130-T1	DBVPG3775_004594-T1
GF00003991	TFCN152A1_006795-T1	DBVPG3775_004596-T1
GF00003992	TFCN152A1_006796-T1	DBVPG3775_004597-T1
GF00003993	TFCN152A1_006797-T1	DBVPG3775_004598-T1
GF00003994	TFCN152A1_009136-T1	DBVPG3775_004600-T1
GF00003995	TFCN152A1_009137-T1	DBVPG3775_004601-T1
GF00003996	TFCN152A1_006802-T1	DBVPG3775_004604-T1
GF00003997	TFCN152A1_006803-T1	DBVPG3775_004605-T1
GF00003998	TFCN152A1_009142-T1	DBVPG3775_004606-T1
GF00003999	TFCN152A1_006805-T1	DBVPG3775_004607-T1
GF00004000	TFCN152A1_006807-T1	DBVPG3775_004610-T1
GF00004001	TFCN152A1_006808-T1	DBVPG3775_004611-T1
GF00004002	TFCN152A1_009148-T1	DBVPG3775_004612-T1
GF00004003	TFCN152A1_009149-T1	DBVPG3775_004613-T1
GF00004004	TFCN152A1_009150-T1	DBVPG3775_004614-T1
GF00004005	TFCN152A1_009151-T1	DBVPG3775_004615-T1
GF00004006	TFCN152A1_006813-T1	DBVPG3775_004616-T1
GF00004007	TFCN152A1_006814-T1	DBVPG3775_004617-T1
GF00004008	TFCN152A1_006816-T1	DBVPG3775_004620-T1
GF00004009	TFCN152A1_006817-T1	DBVPG3775_004621-T1
GF00004010	TFCN152A1_007355-T1	DBVPG3775_004675-T1
GF00004011	TFCN152A1_006832-T1	DBVPG3775_004676-T1
GF00004012	TFCN152A1_006833-T1	DBVPG3775_004677-T1
GF00004013	TFCN152A1_006835-T1	DBVPG3775_004679-T1
GF00004014	TFCN152A1_007350-T1	DBVPG3775_004680-T1
GF00004015	TFCN152A1_006839-T1	DBVPG3775_004683-T1
GF00004016	TFCN152A1_006840-T1	DBVPG3775_004684-T1
GF00004017	TFCN152A1_007345-T1	DBVPG3775_004687-T1
GF00004018	TFCN152A1_006843-T1	DBVPG3775_004688-T1
GF00004019	TFCN152A1_006844-T1	DBVPG3775_004689-T1
GF00004020	TFCN152A1_007168-T1	DBVPG3775_003972-T1
GF00004021	TFCN152A1_007169-T1	DBVPG3775_003971-T1
GF00004022	TFCN152A1_007173-T1	DBVPG3775_003967-T1
GF00004023	TFCN152A1_010173-T1	DBVPG3775_003966-T1
GF00004024	TFCN152A1_010176-T1	DBVPG3775_003963-T1
GF00004025	TFCN152A1_007178-T1	DBVPG3775_003962-T1
GF00004026	TFCN152A1_007180-T1	DBVPG3775_003960-T1
GF00004027	TFCN152A1_010180-T1	DBVPG3775_003959-T1
GF00004028	TFCN152A1_007182-T1	DBVPG3775_003958-T1
GF00004029	TFCN152A1_010182-T1	DBVPG3775_003957-T1
GF00004030	TFCN152A1_007184-T1	DBVPG3775_003956-T1
GF00004031	TFCN152A1_007185-T1	DBVPG3775_003955-T1
GF00004032	TFCN152A1_007186-T1	DBVPG3775_003954-T1
GF00004033	TFCN152A1_010186-T1	DBVPG3775_003953-T1
GF00004034	TFCN152A1_010188-T1	DBVPG3775_003951-T1
GF00004035	TFCN152A1_007190-T1	DBVPG3775_003950-T1
GF00004036	TFCN152A1_007194-T1	DBVPG3775_003946-T1
GF00004037	TFCN152A1_007195-T1	DBVPG3775_003945-T1
GF00004038	TFCN152A1_007196-T1	DBVPG3775_003944-T1
GF00004039	TFCN152A1_007197-T1	DBVPG3775_003943-T1
GF00004040	TFCN152A1_007263-T1	DBVPG3775_003938-T1
GF00004041	TFCN152A1_011381-T1	DBVPG3775_003880-T1
GF00004042	TFCN152A1_007205-T1	DBVPG3775_003882-T1
GF00004043	TFCN152A1_007208-T1	DBVPG3775_003885-T1
GF00004044	TFCN152A1_007210-T1	DBVPG3775_003887-T1
GF00004045	TFCN152A1_007211-T1	DBVPG3775_003888-T1
GF00004046	TFCN152A1_011371-T1	DBVPG3775_003890-T1
GF00004047	TFCN152A1_007215-T1	DBVPG3775_003892-T1
GF00004048	TFCN152A1_007217-T1	DBVPG3775_003894-T1
GF00004049	TFCN152A1_007219-T1	DBVPG3775_003896-T1
GF00004050	TFCN152A1_011364-T1	DBVPG3775_003897-T1
GF00004051	TFCN152A1_007223-T1	DBVPG3775_003901-T1
GF00004052	TFCN152A1_011359-T1	DBVPG3775_003903-T1
GF00004053	TFCN152A1_007229-T1	DBVPG3775_003907-T1
GF00004054	TFCN152A1_007230-T1	DBVPG3775_003908-T1
GF00004055	TFCN152A1_007231-T1	DBVPG3775_003909-T1
GF00004056	TFCN152A1_007233-T1	DBVPG3775_003911-T1
GF00004057	TFCN152A1_007234-T1	DBVPG3775_003912-T1
GF00004058	TFCN152A1_007235-T1	DBVPG3775_003913-T1
GF00004059	TFCN152A1_010801-T1	DBVPG3775_003914-T1
GF00004060	TFCN152A1_007242-T1	DBVPG3775_003915-T1
GF00004061	TFCN152A1_007243-T1	DBVPG3775_003916-T1
GF00004062	TFCN152A1_010805-T1	DBVPG3775_003918-T1
GF00004063	TFCN152A1_010806-T1	DBVPG3775_003919-T1
GF00004064	TFCN152A1_007247-T1	DBVPG3775_003920-T1
GF00004065	TFCN152A1_007248-T1	DBVPG3775_003921-T1
GF00004066	TFCN152A1_007249-T1	DBVPG3775_003922-T1
GF00004067	TFCN152A1_010810-T1	DBVPG3775_003923-T1
GF00004068	TFCN152A1_010813-T1	DBVPG3775_003926-T1
GF00004069	TFCN152A1_007253-T1	DBVPG3775_003927-T1
GF00004070	TFCN152A1_010817-T1	DBVPG3775_003930-T1
GF00004071	TFCN152A1_007257-T1	DBVPG3775_003931-T1
GF00004072	TFCN152A1_010819-T1	DBVPG3775_003932-T1
GF00004073	TFCN152A1_010820-T1	DBVPG3775_003933-T1
GF00004074	TFCN152A1_007260-T1	DBVPG3775_003934-T1
GF00004075	TFCN152A1_007932-T1	DBVPG3775_005421-T1
GF00004076	TFCN152A1_007266-T1	DBVPG3775_005422-T1
GF00004077	TFCN152A1_007934-T1	DBVPG3775_005423-T1
GF00004078	TFCN152A1_007270-T1	DBVPG3775_005427-T1
GF00004079	TFCN152A1_007938-T1	DBVPG3775_005428-T1
GF00004080	TFCN152A1_007272-T1	DBVPG3775_005429-T1
GF00004081	TFCN152A1_007940-T1	DBVPG3775_005430-T1
GF00004082	TFCN152A1_007277-T1	DBVPG3775_005434-T1
GF00004083	TFCN152A1_007282-T1	DBVPG3775_005437-T1
GF00004084	TFCN152A1_007948-T1	DBVPG3775_005438-T1
GF00004085	TFCN152A1_007284-T1	DBVPG3775_005439-T1
GF00004086	TFCN152A1_007285-T1	DBVPG3775_005440-T1
GF00004087	TFCN152A1_007290-T1	DBVPG3775_005447-T1
GF00004088	TFCN152A1_007291-T1	DBVPG3775_005448-T1
GF00004089	TFCN152A1_007958-T1	DBVPG3775_005450-T1
GF00004090	TFCN152A1_007959-T1	DBVPG3775_005451-T1
GF00004091	TFCN152A1_007295-T1	DBVPG3775_001638-T1
GF00004092	TFCN152A1_007961-T1	DBVPG3775_001637-T1
GF00004093	TFCN152A1_007962-T1	DBVPG3775_001636-T1
GF00004094	TFCN152A1_007963-T1	DBVPG3775_001635-T1
GF00004095	TFCN152A1_007299-T1	DBVPG3775_001634-T1
GF00004096	TFCN152A1_007300-T1	DBVPG3775_001633-T1
GF00004097	TFCN152A1_007301-T1	DBVPG3775_001632-T1
GF00004098	TFCN152A1_007302-T1	DBVPG3775_001631-T1
GF00004099	TFCN152A1_007305-T1	DBVPG3775_001626-T1
GF00004100	TFCN152A1_007306-T1	DBVPG3775_001625-T1
GF00004101	TFCN152A1_007974-T1	DBVPG3775_001621-T1
GF00004102	TFCN152A1_007310-T1	DBVPG3775_001620-T1
GF00004103	TFCN152A1_007976-T1	DBVPG3775_001619-T1
GF00004104	TFCN152A1_010524-T1	DBVPG3775_001617-T1
GF00004105	TFCN152A1_010526-T1	DBVPG3775_001615-T1
GF00004106	TFCN152A1_007317-T1	DBVPG3775_001614-T1
GF00004107	TFCN152A1_007318-T1	DBVPG3775_001613-T1
GF00004108	TFCN152A1_007319-T1	DBVPG3775_001612-T1
GF00004109	TFCN152A1_007322-T1	DBVPG3775_001609-T1
GF00004110	TFCN152A1_007323-T1	DBVPG3775_001608-T1
GF00004111	TFCN152A1_007325-T1	DBVPG3775_004708-T1
GF00004112	TFCN152A1_007326-T1	DBVPG3775_004707-T1
GF00004113	TFCN152A1_013015-T1	DBVPG3775_004706-T1
GF00004114	TFCN152A1_013014-T1	DBVPG3775_004705-T1
GF00004115	TFCN152A1_007329-T1	DBVPG3775_004704-T1
GF00004116	TFCN152A1_007330-T1	DBVPG3775_004703-T1
GF00004117	TFCN152A1_007332-T1	DBVPG3775_004701-T1
GF00004118	TFCN152A1_012382-T1	DBVPG3775_004700-T1
GF00004119	TFCN152A1_012384-T1	DBVPG3775_004698-T1
GF00004120	TFCN152A1_012386-T1	DBVPG3775_004695-T1
GF00004121	TFCN152A1_007339-T1	DBVPG3775_004693-T1
GF00004122	TFCN152A1_012389-T1	DBVPG3775_004692-T1
GF00004123	TFCN152A1_012390-T1	DBVPG3775_004691-T1
GF00004124	TFCN152A1_007359-T1	DBVPG3775_004671-T1
GF00004125	TFCN152A1_007360-T1	DBVPG3775_004670-T1
GF00004126	TFCN152A1_009733-T1	DBVPG3775_003557-T1
GF00004127	TFCN152A1_009734-T1	DBVPG3775_003558-T1
GF00004128	TFCN152A1_009736-T1	DBVPG3775_003560-T1
GF00004129	TFCN152A1_007381-T1	DBVPG3775_003561-T1
GF00004130	TFCN152A1_009738-T1	DBVPG3775_003562-T1
GF00004131	TFCN152A1_007387-T1	DBVPG3775_003566-T1
GF00004132	TFCN152A1_007388-T1	DBVPG3775_003567-T1
GF00004133	TFCN152A1_009746-T1	DBVPG3775_003570-T1
GF00004134	TFCN152A1_007392-T1	DBVPG3775_003571-T1
GF00004135	TFCN152A1_009748-T1	DBVPG3775_003572-T1
GF00004136	TFCN152A1_007394-T1	DBVPG3775_003573-T1
GF00004137	TFCN152A1_009750-T1	DBVPG3775_003574-T1
GF00004138	TFCN152A1_009751-T1	DBVPG3775_003575-T1
GF00004139	TFCN152A1_007398-T1	DBVPG3775_003579-T1
GF00004140	TFCN152A1_009754-T1	DBVPG3775_003580-T1
GF00004141	TFCN152A1_007404-T1	DBVPG3775_003585-T1
GF00004142	TFCN152A1_007405-T1	DBVPG3775_003586-T1
GF00004143	TFCN152A1_007406-T1	DBVPG3775_003587-T1
GF00004144	TFCN152A1_007407-T1	DBVPG3775_003588-T1
GF00004145	TFCN152A1_007410-T1	DBVPG3775_003591-T1
GF00004146	TFCN152A1_007414-T1	DBVPG3775_003597-T1
GF00004147	TFCN152A1_012563-T1	DBVPG3775_003598-T1
GF00004148	TFCN152A1_007418-T1	DBVPG3775_003603-T1
GF00004149	TFCN152A1_007419-T1	DBVPG3775_003604-T1
GF00004150	TFCN152A1_012589-T1	DBVPG3775_003605-T1
GF00004151	TFCN152A1_012591-T1	DBVPG3775_003608-T1
GF00004152	TFCN152A1_007439-T1	DBVPG3775_004401-T1
GF00004153	TFCN152A1_009275-T1	DBVPG3775_004400-T1
GF00004154	TFCN152A1_007446-T1	DBVPG3775_004393-T1
GF00004155	TFCN152A1_007456-T1	DBVPG3775_004380-T1
GF00004156	TFCN152A1_009257-T1	DBVPG3775_004379-T1
GF00004157	TFCN152A1_007458-T1	DBVPG3775_004378-T1
GF00004158	TFCN152A1_007463-T1	DBVPG3775_004372-T1
GF00004159	TFCN152A1_009253-T1	DBVPG3775_004371-T1
GF00004160	TFCN152A1_009250-T1	DBVPG3775_004363-T1
GF00004161	TFCN152A1_007469-T1	DBVPG3775_004362-T1
GF00004162	TFCN152A1_009248-T1	DBVPG3775_004361-T1
GF00004163	TFCN152A1_007471-T1	DBVPG3775_004360-T1
GF00004164	TFCN152A1_007472-T1	DBVPG3775_004359-T1
GF00004165	TFCN152A1_009243-T1	DBVPG3775_004356-T1
GF00004166	TFCN152A1_007477-T1	DBVPG3775_004353-T1
GF00004167	TFCN152A1_007484-T1	DBVPG3775_005971-T1
GF00004168	TFCN152A1_009353-T1	DBVPG3775_005972-T1
GF00004169	TFCN152A1_009354-T1	DBVPG3775_005973-T1
GF00004170	TFCN152A1_009355-T1	DBVPG3775_005974-T1
GF00004171	TFCN152A1_007488-T1	DBVPG3775_005975-T1
GF00004172	TFCN152A1_009358-T1	DBVPG3775_005979-T1
GF00004173	TFCN152A1_009359-T1	DBVPG3775_005980-T1
GF00004174	TFCN152A1_007494-T1	DBVPG3775_005982-T1
GF00004175	TFCN152A1_009362-T1	DBVPG3775_005983-T1
GF00004176	TFCN152A1_007499-T1	DBVPG3775_005989-T1
GF00004177	TFCN152A1_009369-T1	DBVPG3775_005991-T1
GF00004178	TFCN152A1_007502-T1	DBVPG3775_005992-T1
GF00004179	TFCN152A1_007503-T1	DBVPG3775_005993-T1
GF00004180	TFCN152A1_009372-T1	DBVPG3775_005994-T1
GF00004181	TFCN152A1_007506-T1	DBVPG3775_005997-T1
GF00004182	TFCN152A1_007507-T1	DBVPG3775_005998-T1
GF00004183	TFCN152A1_009376-T1	DBVPG3775_005999-T1
GF00004184	TFCN152A1_009379-T1	DBVPG3775_006002-T1
GF00004185	TFCN152A1_007511-T1	DBVPG3775_006003-T1
GF00004186	TFCN152A1_007513-T1	DBVPG3775_006005-T1
GF00004187	TFCN152A1_011700-T1	DBVPG3775_006010-T1
GF00004188	TFCN152A1_011701-T1	DBVPG3775_006011-T1
GF00004189	TFCN152A1_007518-T1	DBVPG3775_006012-T1
GF00004190	TFCN152A1_007521-T1	DBVPG3775_006017-T1
GF00004191	TFCN152A1_007522-T1	DBVPG3775_006018-T1
GF00004192	TFCN152A1_011708-T1	DBVPG3775_006019-T1
GF00004193	TFCN152A1_011709-T1	DBVPG3775_006020-T1
GF00004194	TFCN152A1_007526-T1	DBVPG3775_006022-T1
GF00004195	TFCN152A1_007532-T1	DBVPG3775_001829-T1
GF00004196	TFCN152A1_007535-T1	DBVPG3775_001833-T1
GF00004197	TFCN152A1_012002-T1	DBVPG3775_001840-T1
GF00004198	TFCN152A1_007541-T1	DBVPG3775_001841-T1
GF00004199	TFCN152A1_007542-T1	DBVPG3775_001842-T1
GF00004200	TFCN152A1_011998-T1	DBVPG3775_001844-T1
GF00004201	TFCN152A1_007548-T1	DBVPG3775_001848-T1
GF00004202	TFCN152A1_007549-T1	DBVPG3775_001849-T1
GF00004203	TFCN152A1_011590-T1	DBVPG3775_001850-T1
GF00004204	TFCN152A1_011586-T1	DBVPG3775_001856-T1
GF00004205	TFCN152A1_011585-T1	DBVPG3775_001857-T1
GF00004206	TFCN152A1_007557-T1	DBVPG3775_001858-T1
GF00004207	TFCN152A1_007558-T1	DBVPG3775_001859-T1
GF00004208	TFCN152A1_007559-T1	DBVPG3775_001861-T1
GF00004209	TFCN152A1_007560-T1	DBVPG3775_001862-T1
GF00004210	TFCN152A1_007561-T1	DBVPG3775_001863-T1
GF00004211	TFCN152A1_007562-T1	DBVPG3775_001864-T1
GF00004212	TFCN152A1_011578-T1	DBVPG3775_001865-T1
GF00004213	TFCN152A1_007565-T1	DBVPG3775_001867-T1
GF00004214	TFCN152A1_007566-T1	DBVPG3775_001868-T1
GF00004215	TFCN152A1_007567-T1	DBVPG3775_001869-T1
GF00004216	TFCN152A1_007568-T1	DBVPG3775_001870-T1
GF00004217	TFCN152A1_007569-T1	DBVPG3775_001871-T1
GF00004218	TFCN152A1_007572-T1	DBVPG3775_001874-T1
GF00004219	TFCN152A1_011217-T1	DBVPG3775_001875-T1
GF00004220	TFCN152A1_007574-T1	DBVPG3775_001876-T1
GF00004221	TFCN152A1_007575-T1	DBVPG3775_001877-T1
GF00004222	TFCN152A1_007576-T1	DBVPG3775_001878-T1
GF00004223	TFCN152A1_011213-T1	DBVPG3775_001879-T1
GF00004224	TFCN152A1_007580-T1	DBVPG3775_001882-T1
GF00004225	TFCN152A1_007581-T1	DBVPG3775_001883-T1
GF00004226	TFCN152A1_007582-T1	DBVPG3775_001884-T1
GF00004227	TFCN152A1_007584-T1	DBVPG3775_006457-T1
GF00004228	TFCN152A1_012604-T1	DBVPG3775_006458-T1
GF00004229	TFCN152A1_007587-T1	DBVPG3775_006460-T1
GF00004230	TFCN152A1_012609-T1	DBVPG3775_006463-T1
GF00004231	TFCN152A1_007590-T1	DBVPG3775_006464-T1
GF00004232	TFCN152A1_007591-T1	DBVPG3775_006465-T1
GF00004233	TFCN152A1_007592-T1	DBVPG3775_006466-T1
GF00004234	TFCN152A1_007593-T1	DBVPG3775_006467-T1
GF00004235	TFCN152A1_007594-T1	DBVPG3775_006468-T1
GF00004236	TFCN152A1_007599-T1	DBVPG3775_006473-T1
GF00004237	TFCN152A1_007600-T1	DBVPG3775_006474-T1
GF00004238	TFCN152A1_012819-T1	DBVPG3775_006475-T1
GF00004239	TFCN152A1_007603-T1	DBVPG3775_006477-T1
GF00004240	TFCN152A1_012939-T1	DBVPG3775_006478-T1
GF00004241	TFCN152A1_012938-T1	DBVPG3775_006479-T1
GF00004242	TFCN152A1_007606-T1	DBVPG3775_006480-T1
GF00004243	TFCN152A1_007607-T1	DBVPG3775_006481-T1
GF00004244	TFCN152A1_007608-T1	DBVPG3775_006482-T1
GF00004245	TFCN152A1_009794-T1	DBVPG3775_006483-T1
GF00004246	TFCN152A1_010674-T1	DBVPG3775_001559-T1
GF00004247	TFCN152A1_007735-T1	DBVPG3775_001557-T1
GF00004248	TFCN152A1_010677-T1	DBVPG3775_001555-T1
GF00004249	TFCN152A1_007740-T1	DBVPG3775_001552-T1
GF00004250	TFCN152A1_007741-T1	DBVPG3775_001551-T1
GF00004251	TFCN152A1_007745-T1	DBVPG3775_001547-T1
GF00004252	TFCN152A1_010688-T1	DBVPG3775_001543-T1
GF00004253	TFCN152A1_010689-T1	DBVPG3775_001542-T1
GF00004254	TFCN152A1_007756-T1	DBVPG3775_001519-T1
GF00004255	TFCN152A1_007759-T1	DBVPG3775_001516-T1
GF00004256	TFCN152A1_007760-T1	DBVPG3775_001515-T1
GF00004257	TFCN152A1_012864-T1	DBVPG3775_001514-T1
GF00004258	TFCN152A1_011148-T1	DBVPG3775_001512-T1
GF00004259	TFCN152A1_007764-T1	DBVPG3775_001511-T1
GF00004260	TFCN152A1_007765-T1	DBVPG3775_001510-T1
GF00004261	TFCN152A1_007771-T1	DBVPG3775_001503-T1
GF00004262	TFCN152A1_007773-T1	DBVPG3775_001501-T1
GF00004263	TFCN152A1_007774-T1	DBVPG3775_001500-T1
GF00004264	TFCN152A1_011137-T1	DBVPG3775_001499-T1
GF00004265	TFCN152A1_007776-T1	DBVPG3775_001498-T1
GF00004266	TFCN152A1_011135-T1	DBVPG3775_001497-T1
GF00004267	TFCN152A1_007784-T1	DBVPG3775_000557-T1
GF00004268	TFCN152A1_007929-T1	DBVPG3775_005418-T1
GF00004269	TFCN152A1_007930-T1	DBVPG3775_005419-T1
GF00004270	TFCN152A1_007931-T1	DBVPG3775_005420-T1
GF00004271	TFCN152A1_008977-T1	DBVPG3775_003284-T1
GF00004272	TFCN152A1_008979-T1	DBVPG3775_003285-T1
GF00004273	TFCN152A1_008071-T1	DBVPG3775_003286-T1
GF00004274	TFCN152A1_013120-T1	DBVPG3775_003287-T1
GF00004275	TFCN152A1_008075-T1	DBVPG3775_003290-T1
GF00004276	TFCN152A1_008077-T1	DBVPG3775_003292-T1
GF00004277	TFCN152A1_009458-T1	DBVPG3775_003295-T1
GF00004278	TFCN152A1_008080-T1	DBVPG3775_003296-T1
GF00004279	TFCN152A1_008082-T1	DBVPG3775_003298-T1
GF00004280	TFCN152A1_008084-T1	DBVPG3775_003300-T1
GF00004281	TFCN152A1_008085-T1	DBVPG3775_003301-T1
GF00004282	TFCN152A1_008087-T1	DBVPG3775_003303-T1
GF00004283	TFCN152A1_008088-T1	DBVPG3775_003304-T1
GF00004284	TFCN152A1_009470-T1	DBVPG3775_003307-T1
GF00004285	TFCN152A1_009472-T1	DBVPG3775_003310-T1
GF00004286	TFCN152A1_008096-T1	DBVPG3775_003311-T1
GF00004287	TFCN152A1_009477-T1	DBVPG3775_003316-T1
GF00004288	TFCN152A1_009478-T1	DBVPG3775_003317-T1
GF00004289	TFCN152A1_008103-T1	DBVPG3775_003318-T1
GF00004290	TFCN152A1_009480-T1	DBVPG3775_003319-T1
GF00004291	TFCN152A1_009481-T1	DBVPG3775_003320-T1
GF00004292	TFCN152A1_008108-T1	DBVPG3775_003323-T1
GF00004293	TFCN152A1_008113-T1	DBVPG3775_002642-T1
GF00004294	TFCN152A1_008116-T1	DBVPG3775_002639-T1
GF00004295	TFCN152A1_008506-T1	DBVPG3775_002638-T1
GF00004296	TFCN152A1_008504-T1	DBVPG3775_002636-T1
GF00004297	TFCN152A1_008120-T1	DBVPG3775_002635-T1
GF00004298	TFCN152A1_008502-T1	DBVPG3775_002634-T1
GF00004299	TFCN152A1_008499-T1	DBVPG3775_002630-T1
GF00004300	TFCN152A1_008498-T1	DBVPG3775_002629-T1
GF00004301	TFCN152A1_008125-T1	DBVPG3775_002628-T1
GF00004302	TFCN152A1_008496-T1	DBVPG3775_002627-T1
GF00004303	TFCN152A1_008490-T1	DBVPG3775_002620-T1
GF00004304	TFCN152A1_008489-T1	DBVPG3775_002619-T1
GF00004305	TFCN152A1_008136-T1	DBVPG3775_002613-T1
GF00004306	TFCN152A1_008482-T1	DBVPG3775_002612-T1
GF00004307	TFCN152A1_008138-T1	DBVPG3775_002611-T1
GF00004308	TFCN152A1_008479-T1	DBVPG3775_002607-T1
GF00004309	TFCN152A1_008142-T1	DBVPG3775_002603-T1
GF00004310	TFCN152A1_008474-T1	DBVPG3775_002602-T1
GF00004311	TFCN152A1_010537-T1	DBVPG3775_001604-T1
GF00004312	TFCN152A1_010540-T1	DBVPG3775_001601-T1
GF00004313	TFCN152A1_008193-T1	DBVPG3775_001600-T1
GF00004314	TFCN152A1_008194-T1	DBVPG3775_001599-T1
GF00004315	TFCN152A1_008195-T1	DBVPG3775_001598-T1
GF00004316	TFCN152A1_008197-T1	DBVPG3775_001596-T1
GF00004317	TFCN152A1_008199-T1	DBVPG3775_001594-T1
GF00004318	TFCN152A1_008200-T1	DBVPG3775_001593-T1
GF00004319	TFCN152A1_010549-T1	DBVPG3775_001592-T1
GF00004320	TFCN152A1_010551-T1	DBVPG3775_001590-T1
GF00004321	TFCN152A1_012409-T1	DBVPG3775_001588-T1
GF00004322	TFCN152A1_008206-T1	DBVPG3775_001587-T1
GF00004323	TFCN152A1_012414-T1	DBVPG3775_001583-T1
GF00004324	TFCN152A1_008211-T1	DBVPG3775_001582-T1
GF00004325	TFCN152A1_008212-T1	DBVPG3775_001581-T1
GF00004326	TFCN152A1_012419-T1	DBVPG3775_001578-T1
GF00004327	TFCN152A1_012420-T1	DBVPG3775_001577-T1
GF00004328	TFCN152A1_012422-T1	DBVPG3775_001575-T1
GF00004329	TFCN152A1_012251-T1	DBVPG3775_001571-T1
GF00004330	TFCN152A1_012250-T1	DBVPG3775_001570-T1
GF00004331	TFCN152A1_008220-T1	DBVPG3775_001569-T1
GF00004332	TFCN152A1_008221-T1	DBVPG3775_001568-T1
GF00004333	TFCN152A1_012247-T1	DBVPG3775_001567-T1
GF00004334	TFCN152A1_008223-T1	DBVPG3775_001566-T1
GF00004335	TFCN152A1_008225-T1	DBVPG3775_001563-T1
GF00004336	TFCN152A1_008226-T1	DBVPG3775_001562-T1
GF00004337	TFCN152A1_012242-T1	DBVPG3775_001561-T1
GF00004338	TFCN152A1_008228-T1	DBVPG3775_001560-T1
GF00004339	TFCN152A1_008255-T1	DBVPG3775_007345-T1
GF00004340	TFCN152A1_008259-T1	DBVPG3775_007340-T1
GF00004341	TFCN152A1_008263-T1	DBVPG3775_007336-T1
GF00004342	TFCN152A1_012257-T1	DBVPG3775_007335-T1
GF00004343	TFCN152A1_012256-T1	DBVPG3775_007334-T1
GF00004344	TFCN152A1_012960-T1	DBVPG3775_007330-T1
GF00004345	TFCN152A1_012962-T1	DBVPG3775_007328-T1
GF00004346	TFCN152A1_008274-T1	DBVPG3775_006797-T1
GF00004347	TFCN152A1_008278-T1	DBVPG3775_006800-T1
GF00004348	TFCN152A1_008279-T1	DBVPG3775_006801-T1
GF00004349	TFCN152A1_008281-T1	DBVPG3775_006803-T1
GF00004350	TFCN152A1_008282-T1	DBVPG3775_006804-T1
GF00004351	TFCN152A1_011885-T1	DBVPG3775_006807-T1
GF00004352	TFCN152A1_008291-T1	DBVPG3775_006813-T1
GF00004353	TFCN152A1_008293-T1	DBVPG3775_007449-T1
GF00004354	TFCN152A1_008294-T1	DBVPG3775_007448-T1
GF00004355	TFCN152A1_008295-T1	DBVPG3775_007447-T1
GF00004356	TFCN152A1_012018-T1	DBVPG3775_007446-T1
GF00004357	TFCN152A1_008297-T1	DBVPG3775_007445-T1
GF00004358	TFCN152A1_008299-T1	DBVPG3775_007443-T1
GF00004359	TFCN152A1_012013-T1	DBVPG3775_007441-T1
GF00004360	TFCN152A1_012012-T1	DBVPG3775_007440-T1
GF00004361	TFCN152A1_012011-T1	DBVPG3775_007439-T1
GF00004362	TFCN152A1_008304-T1	DBVPG3775_007437-T1
GF00004363	TFCN152A1_012007-T1	DBVPG3775_007435-T1
GF00004364	TFCN152A1_008307-T1	DBVPG3775_007434-T1
GF00004365	TFCN152A1_011861-T1	DBVPG3775_001383-T1
GF00004366	TFCN152A1_011860-T1	DBVPG3775_001384-T1
GF00004367	TFCN152A1_008364-T1	DBVPG3775_001386-T1
GF00004368	TFCN152A1_011857-T1	DBVPG3775_001387-T1
GF00004369	TFCN152A1_008367-T1	DBVPG3775_001389-T1
GF00004370	TFCN152A1_008371-T1	DBVPG3775_001396-T1
GF00004371	TFCN152A1_011847-T1	DBVPG3775_001397-T1
GF00004372	TFCN152A1_012114-T1	DBVPG3775_006820-T1
GF00004373	TFCN152A1_012117-T1	DBVPG3775_006823-T1
GF00004374	TFCN152A1_012118-T1	DBVPG3775_006824-T1
GF00004375	TFCN152A1_008408-T1	DBVPG3775_006832-T1
GF00004376	TFCN152A1_008411-T1	DBVPG3775_006838-T1
GF00004377	TFCN152A1_008412-T1	DBVPG3775_006839-T1
GF00004378	TFCN152A1_008413-T1	DBVPG3775_006840-T1
GF00004379	TFCN152A1_008418-T1	DBVPG3775_006845-T1
GF00004380	TFCN152A1_008419-T1	DBVPG3775_006846-T1
GF00004381	TFCN152A1_008420-T1	DBVPG3775_006847-T1
GF00004382	TFCN152A1_008421-T1	DBVPG3775_006849-T1
GF00004383	TFCN152A1_008423-T1	DBVPG3775_006851-T1
GF00004384	TFCN152A1_012506-T1	DBVPG3775_007493-T1
GF00004385	TFCN152A1_008431-T1	DBVPG3775_007494-T1
GF00004386	TFCN152A1_008432-T1	DBVPG3775_007495-T1
GF00004387	TFCN152A1_012905-T1	DBVPG3775_002593-T1
GF00004388	TFCN152A1_012904-T1	DBVPG3775_002594-T1
GF00004389	TFCN152A1_008437-T1	DBVPG3775_002589-T1
GF00004390	TFCN152A1_010393-T1	DBVPG3775_002588-T1
GF00004391	TFCN152A1_010390-T1	DBVPG3775_002584-T1
GF00004392	TFCN152A1_008443-T1	DBVPG3775_002582-T1
GF00004393	TFCN152A1_010387-T1	DBVPG3775_002581-T1
GF00004394	TFCN152A1_010386-T1	DBVPG3775_002580-T1
GF00004395	TFCN152A1_010384-T1	DBVPG3775_002578-T1
GF00004396	TFCN152A1_008450-T1	DBVPG3775_002576-T1
GF00004397	TFCN152A1_010378-T1	DBVPG3775_002572-T1
GF00004398	TFCN152A1_008453-T1	DBVPG3775_002570-T1
GF00004399	TFCN152A1_008455-T1	DBVPG3775_002568-T1
GF00004400	TFCN152A1_010374-T1	DBVPG3775_002567-T1
GF00004401	TFCN152A1_010373-T1	DBVPG3775_002566-T1
GF00004402	TFCN152A1_008458-T1	DBVPG3775_002565-T1
GF00004403	TFCN152A1_010370-T1	DBVPG3775_002563-T1
GF00004404	TFCN152A1_008462-T1	DBVPG3775_002561-T1
GF00004405	TFCN152A1_010367-T1	DBVPG3775_002560-T1
GF00004406	TFCN152A1_008464-T1	DBVPG3775_002559-T1
GF00004407	TFCN152A1_008467-T1	DBVPG3775_002556-T1
GF00004408	TFCN152A1_008468-T1	DBVPG3775_002555-T1
GF00004409	TFCN152A1_008469-T1	DBVPG3775_002554-T1
GF00004410	TFCN152A1_008471-T1	DBVPG3775_002552-T1
GF00004411	TFCN152A1_012285-T1	DBVPG3775_006744-T1
GF00004412	TFCN152A1_008624-T1	DBVPG3775_004561-T1
GF00004413	TFCN152A1_011943-T1	DBVPG3775_004562-T1
GF00004414	TFCN152A1_011940-T1	DBVPG3775_004565-T1
GF00004415	TFCN152A1_008630-T1	DBVPG3775_004567-T1
GF00004416	TFCN152A1_011937-T1	DBVPG3775_004568-T1
GF00004417	TFCN152A1_008632-T1	DBVPG3775_004569-T1
GF00004418	TFCN152A1_011935-T1	DBVPG3775_004570-T1
GF00004419	TFCN152A1_008637-T1	DBVPG3775_003842-T1
GF00004420	TFCN152A1_008640-T1	DBVPG3775_003846-T1
GF00004421	TFCN152A1_008641-T1	DBVPG3775_003847-T1
GF00004422	TFCN152A1_012768-T1	DBVPG3775_003849-T1
GF00004423	TFCN152A1_008644-T1	DBVPG3775_003850-T1
GF00004424	TFCN152A1_008646-T1	DBVPG3775_003852-T1
GF00004425	TFCN152A1_012773-T1	DBVPG3775_003854-T1
GF00004426	TFCN152A1_012776-T1	DBVPG3775_003857-T1
GF00004427	TFCN152A1_008652-T1	DBVPG3775_003858-T1
GF00004428	TFCN152A1_011260-T1	DBVPG3775_003859-T1
GF00004429	TFCN152A1_011261-T1	DBVPG3775_003860-T1
GF00004430	TFCN152A1_011265-T1	DBVPG3775_003864-T1
GF00004431	TFCN152A1_008662-T1	DBVPG3775_003869-T1
GF00004432	TFCN152A1_008665-T1	DBVPG3775_003872-T1
GF00004433	TFCN152A1_008666-T1	DBVPG3775_003873-T1
GF00004434	TFCN152A1_008667-T1	DBVPG3775_003874-T1
GF00004435	TFCN152A1_008670-T1	DBVPG3775_003878-T1
GF00004436	TFCN152A1_011277-T1	DBVPG3775_003879-T1
GF00004437	TFCN152A1_010769-T1	DBVPG3775_007222-T1
GF00004438	TFCN152A1_010766-T1	DBVPG3775_007225-T1
GF00004439	TFCN152A1_008716-T1	DBVPG3775_006855-T1
GF00004440	TFCN152A1_008719-T1	DBVPG3775_006860-T1
GF00004441	TFCN152A1_009344-T1	DBVPG3775_006861-T1
GF00004442	TFCN152A1_008722-T1	DBVPG3775_006867-T1
GF00004443	TFCN152A1_008723-T1	DBVPG3775_006868-T1
GF00004444	TFCN152A1_008724-T1	DBVPG3775_006870-T1
GF00004445	TFCN152A1_008725-T1	DBVPG3775_006871-T1
GF00004446	TFCN152A1_008727-T1	DBVPG3775_006873-T1
GF00004447	TFCN152A1_008729-T1	DBVPG3775_006875-T1
GF00004448	TFCN152A1_008730-T1	DBVPG3775_006876-T1
GF00004449	TFCN152A1_008732-T1	DBVPG3775_006882-T1
GF00004450	TFCN152A1_008733-T1	DBVPG3775_006883-T1
GF00004451	TFCN152A1_008734-T1	DBVPG3775_006884-T1
GF00004452	TFCN152A1_009317-T1	DBVPG3775_006891-T1
GF00004453	TFCN152A1_013003-T1	DBVPG3775_000745-T1
GF00004454	TFCN152A1_013002-T1	DBVPG3775_000744-T1
GF00004455	TFCN152A1_013001-T1	DBVPG3775_000743-T1
GF00004456	TFCN152A1_008782-T1	DBVPG3775_000742-T1
GF00004457	TFCN152A1_008784-T1	DBVPG3775_000739-T1
GF00004458	TFCN152A1_010315-T1	DBVPG3775_000737-T1
GF00004459	TFCN152A1_008787-T1	DBVPG3775_000736-T1
GF00004460	TFCN152A1_010319-T1	DBVPG3775_000732-T1
GF00004461	TFCN152A1_010322-T1	DBVPG3775_000727-T1
GF00004462	TFCN152A1_008796-T1	DBVPG3775_000724-T1
GF00004463	TFCN152A1_010325-T1	DBVPG3775_000723-T1
GF00004464	TFCN152A1_008798-T1	DBVPG3775_000722-T1
GF00004465	TFCN152A1_010328-T1	DBVPG3775_000720-T1
GF00004466	TFCN152A1_010330-T1	DBVPG3775_000717-T1
GF00004467	TFCN152A1_008807-T1	DBVPG3775_000712-T1
GF00004468	TFCN152A1_010335-T1	DBVPG3775_000711-T1
GF00004469	TFCN152A1_008809-T1	DBVPG3775_000710-T1
GF00004470	TFCN152A1_008811-T1	DBVPG3775_000708-T1
GF00004471	TFCN152A1_008812-T1	DBVPG3775_000707-T1
GF00004472	TFCN152A1_013025-T1	DBVPG3775_000705-T1
GF00004473	TFCN152A1_010095-T1	DBVPG3775_002027-T1
GF00004474	TFCN152A1_008939-T1	DBVPG3775_002029-T1
GF00004475	TFCN152A1_008940-T1	DBVPG3775_002030-T1
GF00004476	TFCN152A1_010089-T1	DBVPG3775_002033-T1
GF00004477	TFCN152A1_010088-T1	DBVPG3775_002034-T1
GF00004478	TFCN152A1_008950-T1	DBVPG3775_002041-T1
GF00004479	TFCN152A1_009931-T1	DBVPG3775_003256-T1
GF00004480	TFCN152A1_009926-T1	DBVPG3775_003262-T1
GF00004481	TFCN152A1_008959-T1	DBVPG3775_003264-T1
GF00004482	TFCN152A1_008960-T1	DBVPG3775_003265-T1
GF00004483	TFCN152A1_008961-T1	DBVPG3775_003266-T1
GF00004484	TFCN152A1_009917-T1	DBVPG3775_003270-T1
GF00004485	TFCN152A1_008967-T1	DBVPG3775_003271-T1
GF00004486	TFCN152A1_012845-T1	DBVPG3775_003272-T1
GF00004487	TFCN152A1_012849-T1	DBVPG3775_003279-T1
GF00004488	TFCN152A1_008974-T1	DBVPG3775_003281-T1
GF00004489	TFCN152A1_008982-T1	DBVPG3775_003405-T1
GF00004490	TFCN152A1_012791-T1	DBVPG3775_003406-T1
GF00004491	TFCN152A1_008985-T1	DBVPG3775_003408-T1
GF00004492	TFCN152A1_012795-T1	DBVPG3775_003410-T1
GF00004493	TFCN152A1_012797-T1	DBVPG3775_003412-T1
GF00004494	TFCN152A1_008990-T1	DBVPG3775_003413-T1
GF00004495	TFCN152A1_011975-T1	DBVPG3775_003414-T1
GF00004496	TFCN152A1_008992-T1	DBVPG3775_003415-T1
GF00004497	TFCN152A1_011977-T1	DBVPG3775_003419-T1
GF00004498	TFCN152A1_008997-T1	DBVPG3775_003423-T1
GF00004499	TFCN152A1_008998-T1	DBVPG3775_003424-T1
GF00004500	TFCN152A1_011983-T1	DBVPG3775_003425-T1
GF00004501	TFCN152A1_009000-T1	DBVPG3775_003426-T1
GF00004502	TFCN152A1_009001-T1	DBVPG3775_003427-T1
GF00004503	TFCN152A1_009002-T1	DBVPG3775_003428-T1
GF00004504	TFCN152A1_009004-T1	DBVPG3775_003431-T1
GF00004505	TFCN152A1_009005-T1	DBVPG3775_003432-T1
GF00004506	TFCN152A1_009006-T1	DBVPG3775_003433-T1
GF00004507	TFCN152A1_009007-T1	DBVPG3775_003434-T1
GF00004508	TFCN152A1_010719-T1	DBVPG3775_003437-T1
GF00004509	TFCN152A1_010720-T1	DBVPG3775_003438-T1
GF00004510	TFCN152A1_009013-T1	DBVPG3775_003440-T1
GF00004511	TFCN152A1_009015-T1	DBVPG3775_003442-T1
GF00004512	TFCN152A1_009017-T1	DBVPG3775_003444-T1
GF00004513	TFCN152A1_009018-T1	DBVPG3775_003445-T1
GF00004514	TFCN152A1_009116-T1	DBVPG3775_001889-T1
GF00004515	TFCN152A1_010040-T1	DBVPG3775_001890-T1
GF00004516	TFCN152A1_010042-T1	DBVPG3775_001892-T1
GF00004517	TFCN152A1_010044-T1	DBVPG3775_001894-T1
GF00004518	TFCN152A1_009228-T1	DBVPG3775_001895-T1
GF00004519	TFCN152A1_009231-T1	DBVPG3775_001898-T1
GF00004520	TFCN152A1_009232-T1	DBVPG3775_001899-T1
GF00004521	TFCN152A1_010049-T1	DBVPG3775_001900-T1
GF00004522	TFCN152A1_009234-T1	DBVPG3775_001901-T1
GF00004523	TFCN152A1_010054-T1	DBVPG3775_001906-T1
GF00004524	TFCN152A1_009279-T1	DBVPG3775_006087-T1
GF00004525	TFCN152A1_009280-T1	DBVPG3775_006088-T1
GF00004526	TFCN152A1_012028-T1	DBVPG3775_006090-T1
GF00004527	TFCN152A1_009283-T1	DBVPG3775_006091-T1
GF00004528	TFCN152A1_009286-T1	DBVPG3775_006094-T1
GF00004529	TFCN152A1_009288-T1	DBVPG3775_006097-T1
GF00004530	TFCN152A1_012364-T1	DBVPG3775_006099-T1
GF00004531	TFCN152A1_009293-T1	DBVPG3775_006104-T1
GF00004532	TFCN152A1_009297-T1	DBVPG3775_006112-T1
GF00004533	TFCN152A1_009298-T1	DBVPG3775_006113-T1
GF00004534	TFCN152A1_009301-T1	DBVPG3775_006117-T1
GF00004535	TFCN152A1_009302-T1	DBVPG3775_006118-T1
GF00004536	TFCN152A1_009303-T1	DBVPG3775_006120-T1
GF00004537	TFCN152A1_010970-T1	DBVPG3775_006122-T1
GF00004538	TFCN152A1_009308-T1	DBVPG3775_006125-T1
GF00004539	TFCN152A1_010973-T1	DBVPG3775_006126-T1
GF00004540	TFCN152A1_009311-T1	DBVPG3775_006900-T1
GF00004541	TFCN152A1_009312-T1	DBVPG3775_006899-T1
GF00004542	TFCN152A1_009508-T1	DBVPG3775_007416-T1
GF00004543	TFCN152A1_009632-T1	DBVPG3775_005961-T1
GF00004544	TFCN152A1_009635-T1	DBVPG3775_005958-T1
GF00004545	TFCN152A1_009637-T1	DBVPG3775_005956-T1
GF00004546	TFCN152A1_009638-T1	DBVPG3775_005955-T1
GF00004547	TFCN152A1_009539-T1	DBVPG3775_006690-T1
GF00004548	TFCN152A1_009540-T1	DBVPG3775_006689-T1
GF00004549	TFCN152A1_009541-T1	DBVPG3775_006688-T1
GF00004550	TFCN152A1_009645-T1	DBVPG3775_006687-T1
GF00004551	TFCN152A1_009544-T1	DBVPG3775_006683-T1
GF00004552	TFCN152A1_009650-T1	DBVPG3775_006682-T1
GF00004553	TFCN152A1_009546-T1	DBVPG3775_006681-T1
GF00004554	TFCN152A1_009547-T1	DBVPG3775_006680-T1
GF00004555	TFCN152A1_009655-T1	DBVPG3775_006676-T1
GF00004556	TFCN152A1_009551-T1	DBVPG3775_006675-T1
GF00004557	TFCN152A1_009657-T1	DBVPG3775_006674-T1
GF00004558	TFCN152A1_009554-T1	DBVPG3775_006672-T1
GF00004559	TFCN152A1_009660-T1	DBVPG3775_006671-T1
GF00004560	TFCN152A1_009663-T1	DBVPG3775_006668-T1
GF00004561	TFCN152A1_009560-T1	DBVPG3775_006666-T1
GF00004562	TFCN152A1_011302-T1	DBVPG3775_007046-T1
GF00004563	TFCN152A1_011303-T1	DBVPG3775_007045-T1
GF00004564	TFCN152A1_009603-T1	DBVPG3775_007044-T1
GF00004565	TFCN152A1_009604-T1	DBVPG3775_007043-T1
GF00004566	TFCN152A1_009605-T1	DBVPG3775_007040-T1
GF00004567	TFCN152A1_009608-T1	DBVPG3775_007037-T1
GF00004568	TFCN152A1_009609-T1	DBVPG3775_007036-T1
GF00004569	TFCN152A1_011311-T1	DBVPG3775_007035-T1
GF00004570	TFCN152A1_009613-T1	DBVPG3775_007032-T1
GF00004571	TFCN152A1_009614-T1	DBVPG3775_007031-T1
GF00004572	TFCN152A1_009615-T1	DBVPG3775_007030-T1
GF00004573	TFCN152A1_009616-T1	DBVPG3775_007029-T1
GF00004574	TFCN152A1_009617-T1	DBVPG3775_007028-T1
GF00004575	TFCN152A1_011623-T1	DBVPG3775_007026-T1
GF00004576	TFCN152A1_009625-T1	DBVPG3775_007019-T1
GF00004577	TFCN152A1_011630-T1	DBVPG3775_007017-T1
GF00004578	TFCN152A1_009857-T1	DBVPG3775_002319-T1
GF00004579	TFCN152A1_009858-T1	DBVPG3775_002320-T1
GF00004580	TFCN152A1_009860-T1	DBVPG3775_002322-T1
GF00004581	TFCN152A1_012088-T1	DBVPG3775_002323-T1
GF00004582	TFCN152A1_009862-T1	DBVPG3775_002324-T1
GF00004583	TFCN152A1_009867-T1	DBVPG3775_002329-T1
GF00004584	TFCN152A1_009874-T1	DBVPG3775_002337-T1
GF00004585	TFCN152A1_011399-T1	DBVPG3775_002339-T1
GF00004586	TFCN152A1_009877-T1	DBVPG3775_002340-T1
GF00004587	TFCN152A1_011397-T1	DBVPG3775_002341-T1
GF00004588	TFCN152A1_011396-T1	DBVPG3775_002342-T1
GF00004589	TFCN152A1_011395-T1	DBVPG3775_002343-T1
GF00004590	TFCN152A1_011394-T1	DBVPG3775_002344-T1
GF00004591	TFCN152A1_011392-T1	DBVPG3775_002347-T1
GF00004592	TFCN152A1_009887-T1	DBVPG3775_002350-T1
GF00004593	TFCN152A1_009888-T1	DBVPG3775_002351-T1
GF00004594	TFCN152A1_012093-T1	DBVPG3775_002472-T1
GF00004595	TFCN152A1_009890-T1	DBVPG3775_002473-T1
GF00004596	TFCN152A1_009891-T1	DBVPG3775_002474-T1
GF00004597	TFCN152A1_009892-T1	DBVPG3775_002475-T1
GF00004598	TFCN152A1_012097-T1	DBVPG3775_002476-T1
GF00004599	TFCN152A1_009894-T1	DBVPG3775_002477-T1
GF00004600	TFCN152A1_012099-T1	DBVPG3775_002478-T1
GF00004601	TFCN152A1_009896-T1	DBVPG3775_002479-T1
GF00004602	TFCN152A1_012101-T1	DBVPG3775_002480-T1
GF00004603	TFCN152A1_009901-T1	DBVPG3775_002485-T1
GF00004604	TFCN152A1_009933-T1	DBVPG3775_003253-T1
GF00004605	TFCN152A1_009937-T1	DBVPG3775_003250-T1
GF00004606	TFCN152A1_010515-T1	DBVPG3775_004848-T1
GF00004607	TFCN152A1_010010-T1	DBVPG3775_004849-T1
GF00004608	TFCN152A1_010513-T1	DBVPG3775_004850-T1
GF00004609	TFCN152A1_010510-T1	DBVPG3775_004855-T1
GF00004610	TFCN152A1_010016-T1	DBVPG3775_004857-T1
GF00004611	TFCN152A1_010017-T1	DBVPG3775_004858-T1
GF00004612	TFCN152A1_010504-T1	DBVPG3775_004862-T1
GF00004613	TFCN152A1_010020-T1	DBVPG3775_004863-T1
GF00004614	TFCN152A1_010023-T1	DBVPG3775_004866-T1
GF00004615	TFCN152A1_010024-T1	DBVPG3775_004867-T1
GF00004616	TFCN152A1_010498-T1	DBVPG3775_004869-T1
GF00004617	TFCN152A1_010027-T1	DBVPG3775_004870-T1
GF00004618	TFCN152A1_010028-T1	DBVPG3775_004871-T1
GF00004619	TFCN152A1_010078-T1	DBVPG3775_002053-T1
GF00004620	TFCN152A1_010079-T1	DBVPG3775_002052-T1
GF00004621	TFCN152A1_010123-T1	DBVPG3775_006351-T1
GF00004622	TFCN152A1_010124-T1	DBVPG3775_006350-T1
GF00004623	TFCN152A1_010125-T1	DBVPG3775_006348-T1
GF00004624	TFCN152A1_012762-T1	DBVPG3775_006346-T1
GF00004625	TFCN152A1_012760-T1	DBVPG3775_006344-T1
GF00004626	TFCN152A1_010129-T1	DBVPG3775_006343-T1
GF00004627	TFCN152A1_010130-T1	DBVPG3775_006342-T1
GF00004628	TFCN152A1_013045-T1	DBVPG3775_006340-T1
GF00004629	TFCN152A1_010342-T1	DBVPG3775_000691-T1
GF00004630	TFCN152A1_010137-T1	DBVPG3775_000690-T1
GF00004631	TFCN152A1_010139-T1	DBVPG3775_000688-T1
GF00004632	TFCN152A1_010345-T1	DBVPG3775_000687-T1
GF00004633	TFCN152A1_010346-T1	DBVPG3775_000686-T1
GF00004634	TFCN152A1_010348-T1	DBVPG3775_000684-T1
GF00004635	TFCN152A1_010145-T1	DBVPG3775_000681-T1
GF00004636	TFCN152A1_010147-T1	DBVPG3775_000679-T1
GF00004637	TFCN152A1_010148-T1	DBVPG3775_000678-T1
GF00004638	TFCN152A1_010365-T1	DBVPG3775_000665-T1
GF00004639	TFCN152A1_010362-T1	DBVPG3775_000669-T1
GF00004640	TFCN152A1_010361-T1	DBVPG3775_000670-T1
GF00004641	TFCN152A1_010165-T1	DBVPG3775_000671-T1
GF00004642	TFCN152A1_010166-T1	DBVPG3775_000672-T1
GF00004643	TFCN152A1_013042-T1	DBVPG3775_004266-T1
GF00004644	TFCN152A1_010220-T1	DBVPG3775_004265-T1
GF00004645	TFCN152A1_013010-T1	DBVPG3775_004264-T1
GF00004646	TFCN152A1_010222-T1	DBVPG3775_004263-T1
GF00004647	TFCN152A1_012463-T1	DBVPG3775_002065-T1
GF00004648	TFCN152A1_010229-T1	DBVPG3775_002066-T1
GF00004649	TFCN152A1_010231-T1	DBVPG3775_002068-T1
GF00004650	TFCN152A1_011447-T1	DBVPG3775_002069-T1
GF00004651	TFCN152A1_010234-T1	DBVPG3775_002072-T1
GF00004652	TFCN152A1_011452-T1	DBVPG3775_002075-T1
GF00004653	TFCN152A1_010236-T1	DBVPG3775_002076-T1
GF00004654	TFCN152A1_010238-T1	DBVPG3775_002079-T1
GF00004655	TFCN152A1_010239-T1	DBVPG3775_002080-T1
GF00004656	TFCN152A1_010240-T1	DBVPG3775_002081-T1
GF00004657	TFCN152A1_010241-T1	DBVPG3775_002082-T1
GF00004658	TFCN152A1_011462-T1	DBVPG3775_002087-T1
GF00004659	TFCN152A1_010245-T1	DBVPG3775_002088-T1
GF00004660	TFCN152A1_011464-T1	DBVPG3775_002089-T1
GF00004661	TFCN152A1_010249-T1	DBVPG3775_002092-T1
GF00004662	TFCN152A1_010250-T1	DBVPG3775_002093-T1
GF00004663	TFCN152A1_010253-T1	DBVPG3775_002097-T1
GF00004664	TFCN152A1_010339-T1	DBVPG3775_000694-T1
GF00004665	TFCN152A1_013087-T1	DBVPG3775_004846-T1
GF00004666	TFCN152A1_010518-T1	DBVPG3775_004845-T1
GF00004667	TFCN152A1_010558-T1	DBVPG3775_004592-T1
GF00004668	TFCN152A1_010559-T1	DBVPG3775_004591-T1
GF00004669	TFCN152A1_010561-T1	DBVPG3775_004589-T1
GF00004670	TFCN152A1_010562-T1	DBVPG3775_004588-T1
GF00004671	TFCN152A1_012401-T1	DBVPG3775_004587-T1
GF00004672	TFCN152A1_010565-T1	DBVPG3775_004584-T1
GF00004673	TFCN152A1_012398-T1	DBVPG3775_004583-T1
GF00004674	TFCN152A1_012396-T1	DBVPG3775_004581-T1
GF00004675	TFCN152A1_010569-T1	DBVPG3775_004580-T1
GF00004676	TFCN152A1_012394-T1	DBVPG3775_004579-T1
GF00004677	TFCN152A1_012393-T1	DBVPG3775_004578-T1
GF00004678	TFCN152A1_010574-T1	DBVPG3775_004574-T1
GF00004679	TFCN152A1_010575-T1	DBVPG3775_004573-T1
GF00004680	TFCN152A1_011062-T1	DBVPG3775_004798-T1
GF00004681	TFCN152A1_010607-T1	DBVPG3775_004800-T1
GF00004682	TFCN152A1_011066-T1	DBVPG3775_004802-T1
GF00004683	TFCN152A1_010612-T1	DBVPG3775_004806-T1
GF00004684	TFCN152A1_010613-T1	DBVPG3775_004807-T1
GF00004685	TFCN152A1_010616-T1	DBVPG3775_004811-T1
GF00004686	TFCN152A1_010618-T1	DBVPG3775_004815-T1
GF00004687	TFCN152A1_010625-T1	DBVPG3775_004823-T1
GF00004688	TFCN152A1_010655-T1	DBVPG3775_002098-T1
GF00004689	TFCN152A1_010656-T1	DBVPG3775_002099-T1
GF00004690	TFCN152A1_010659-T1	DBVPG3775_002103-T1
GF00004691	TFCN152A1_011767-T1	DBVPG3775_002105-T1
GF00004692	TFCN152A1_010664-T1	DBVPG3775_002108-T1
GF00004693	TFCN152A1_010665-T1	DBVPG3775_002109-T1
GF00004694	TFCN152A1_012957-T1	DBVPG3775_002114-T1
GF00004695	TFCN152A1_010669-T1	DBVPG3775_002115-T1
GF00004696	TFCN152A1_012955-T1	DBVPG3775_002116-T1
GF00004697	TFCN152A1_012954-T1	DBVPG3775_002117-T1
GF00004698	TFCN152A1_010673-T1	DBVPG3775_002119-T1
GF00004699	TFCN152A1_010703-T1	DBVPG3775_006793-T1
GF00004700	TFCN152A1_010704-T1	DBVPG3775_006792-T1
GF00004701	TFCN152A1_010705-T1	DBVPG3775_006791-T1
GF00004702	TFCN152A1_012550-T1	DBVPG3775_006789-T1
GF00004703	TFCN152A1_012548-T1	DBVPG3775_006787-T1
GF00004704	TFCN152A1_012546-T1	DBVPG3775_006785-T1
GF00004705	TFCN152A1_012544-T1	DBVPG3775_006783-T1
GF00004706	TFCN152A1_010771-T1	DBVPG3775_007220-T1
GF00004707	TFCN152A1_010772-T1	DBVPG3775_007219-T1
GF00004708	TFCN152A1_010774-T1	DBVPG3775_007216-T1
GF00004709	TFCN152A1_012202-T1	DBVPG3775_007215-T1
GF00004710	TFCN152A1_010776-T1	DBVPG3775_007214-T1
GF00004711	TFCN152A1_010777-T1	DBVPG3775_007213-T1
GF00004712	TFCN152A1_012205-T1	DBVPG3775_007212-T1
GF00004713	TFCN152A1_010779-T1	DBVPG3775_007211-T1
GF00004714	TFCN152A1_010780-T1	DBVPG3775_007210-T1
GF00004715	TFCN152A1_010781-T1	DBVPG3775_007209-T1
GF00004716	TFCN152A1_010786-T1	DBVPG3775_007204-T1
GF00004717	TFCN152A1_010787-T1	DBVPG3775_007203-T1
GF00004718	TFCN152A1_010788-T1	DBVPG3775_007202-T1
GF00004719	TFCN152A1_011657-T1	DBVPG3775_007201-T1
GF00004720	TFCN152A1_011617-T1	DBVPG3775_001003-T1
GF00004721	TFCN152A1_011438-T1	DBVPG3775_005337-T1
GF00004722	TFCN152A1_011439-T1	DBVPG3775_005336-T1
GF00004723	TFCN152A1_010849-T1	DBVPG3775_005333-T1
GF00004724	TFCN152A1_011443-T1	DBVPG3775_005331-T1
GF00004725	TFCN152A1_010883-T1	DBVPG3775_007251-T1
GF00004726	TFCN152A1_010884-T1	DBVPG3775_007252-T1
GF00004727	TFCN152A1_012579-T1	DBVPG3775_007253-T1
GF00004728	TFCN152A1_010886-T1	DBVPG3775_007254-T1
GF00004729	TFCN152A1_010887-T1	DBVPG3775_007255-T1
GF00004730	TFCN152A1_010889-T1	DBVPG3775_007257-T1
GF00004731	TFCN152A1_012574-T1	DBVPG3775_007258-T1
GF00004732	TFCN152A1_010967-T1	DBVPG3775_003611-T1
GF00004733	TFCN152A1_012592-T1	DBVPG3775_003610-T1
GF00004734	TFCN152A1_011865-T1	DBVPG3775_006131-T1
GF00004735	TFCN152A1_011866-T1	DBVPG3775_006132-T1
GF00004736	TFCN152A1_010981-T1	DBVPG3775_006137-T1
GF00004737	TFCN152A1_011869-T1	DBVPG3775_006138-T1
GF00004738	TFCN152A1_010985-T1	DBVPG3775_006141-T1
GF00004739	TFCN152A1_010987-T1	DBVPG3775_006144-T1
GF00004740	TFCN152A1_011876-T1	DBVPG3775_006145-T1
GF00004741	TFCN152A1_010989-T1	DBVPG3775_006146-T1
GF00004742	TFCN152A1_010991-T1	DBVPG3775_006778-T1
GF00004743	TFCN152A1_010992-T1	DBVPG3775_006776-T1
GF00004744	TFCN152A1_012448-T1	DBVPG3775_006775-T1
GF00004745	TFCN152A1_012449-T1	DBVPG3775_006772-T1
GF00004746	TFCN152A1_010996-T1	DBVPG3775_006771-T1
GF00004747	TFCN152A1_012451-T1	DBVPG3775_006770-T1
GF00004748	TFCN152A1_012452-T1	DBVPG3775_006769-T1
GF00004749	TFCN152A1_012453-T1	DBVPG3775_006768-T1
GF00004750	TFCN152A1_012223-T1	DBVPG3775_006765-T1
GF00004751	TFCN152A1_011003-T1	DBVPG3775_006764-T1
GF00004752	TFCN152A1_011005-T1	DBVPG3775_006761-T1
GF00004753	TFCN152A1_011006-T1	DBVPG3775_006760-T1
GF00004754	TFCN152A1_011007-T1	DBVPG3775_006759-T1
GF00004755	TFCN152A1_011029-T1	DBVPG3775_004258-T1
GF00004756	TFCN152A1_011030-T1	DBVPG3775_004257-T1
GF00004757	TFCN152A1_011032-T1	DBVPG3775_004256-T1
GF00004758	TFCN152A1_011600-T1	DBVPG3775_004255-T1
GF00004759	TFCN152A1_011036-T1	DBVPG3775_004251-T1
GF00004760	TFCN152A1_011597-T1	DBVPG3775_004252-T1
GF00004761	TFCN152A1_011594-T1	DBVPG3775_004247-T1
GF00004762	TFCN152A1_011041-T1	DBVPG3775_004245-T1
GF00004763	TFCN152A1_012752-T1	DBVPG3775_004244-T1
GF00004764	TFCN152A1_012754-T1	DBVPG3775_004241-T1
GF00004765	TFCN152A1_011045-T1	DBVPG3775_004240-T1
GF00004766	TFCN152A1_011046-T1	DBVPG3775_004239-T1
GF00004767	TFCN152A1_011068-T1	DBVPG3775_007460-T1
GF00004768	TFCN152A1_011070-T1	DBVPG3775_007457-T1
GF00004769	TFCN152A1_012813-T1	DBVPG3775_007456-T1
GF00004770	TFCN152A1_011074-T1	DBVPG3775_007453-T1
GF00004771	TFCN152A1_011734-T1	DBVPG3775_007450-T1
GF00004772	TFCN152A1_011082-T1	DBVPG3775_007361-T1
GF00004773	TFCN152A1_011085-T1	DBVPG3775_007358-T1
GF00004774	TFCN152A1_011106-T1	DBVPG3775_004824-T1
GF00004775	TFCN152A1_012968-T1	DBVPG3775_004826-T1
GF00004776	TFCN152A1_012969-T1	DBVPG3775_004827-T1
GF00004777	TFCN152A1_011110-T1	DBVPG3775_006589-T1
GF00004778	TFCN152A1_011780-T1	DBVPG3775_006592-T1
GF00004779	TFCN152A1_011113-T1	DBVPG3775_006593-T1
GF00004780	TFCN152A1_012441-T1	DBVPG3775_007426-T1
GF00004781	TFCN152A1_012438-T1	DBVPG3775_007430-T1
GF00004782	TFCN152A1_012437-T1	DBVPG3775_007431-T1
GF00004783	TFCN152A1_011127-T1	DBVPG3775_007432-T1
GF00004784	TFCN152A1_012221-T1	DBVPG3775_002541-T1
GF00004785	TFCN152A1_011342-T1	DBVPG3775_002544-T1
GF00004786	TFCN152A1_012217-T1	DBVPG3775_002545-T1
GF00004787	TFCN152A1_011344-T1	DBVPG3775_002546-T1
GF00004788	TFCN152A1_012975-T1	DBVPG3775_002353-T1
GF00004789	TFCN152A1_012360-T1	DBVPG3775_005350-T1
GF00004790	TFCN152A1_011428-T1	DBVPG3775_005349-T1
GF00004791	TFCN152A1_012358-T1	DBVPG3775_005348-T1
GF00004792	TFCN152A1_011431-T1	DBVPG3775_005345-T1
GF00004793	TFCN152A1_011432-T1	DBVPG3775_005344-T1
GF00004794	TFCN152A1_011433-T1	DBVPG3775_005343-T1
GF00004795	TFCN152A1_011434-T1	DBVPG3775_005342-T1
GF00004796	TFCN152A1_011437-T1	DBVPG3775_005338-T1
GF00004797	TFCN152A1_011933-T1	DBVPG3775_001015-T1
GF00004798	TFCN152A1_011606-T1	DBVPG3775_001014-T1
GF00004799	TFCN152A1_011607-T1	DBVPG3775_001013-T1
GF00004800	TFCN152A1_011608-T1	DBVPG3775_001012-T1
GF00004801	TFCN152A1_011609-T1	DBVPG3775_001011-T1
GF00004802	TFCN152A1_011610-T1	DBVPG3775_001010-T1
GF00004803	TFCN152A1_011611-T1	DBVPG3775_001009-T1
GF00004804	TFCN152A1_011926-T1	DBVPG3775_001008-T1
GF00004805	TFCN152A1_011615-T1	DBVPG3775_001005-T1
GF00004806	TFCN152A1_011922-T1	DBVPG3775_001004-T1
GF00004807	TFCN152A1_011920-T1	DBVPG3775_001002-T1
GF00004808	TFCN152A1_011619-T1	DBVPG3775_001001-T1
GF00004809	TFCN152A1_011633-T1	DBVPG3775_007013-T1
GF00004810	TFCN152A1_013066-T1	DBVPG3775_007012-T1
GF00004811	TFCN152A1_011713-T1	DBVPG3775_006664-T1
GF00004812	TFCN152A1_012964-T1	DBVPG3775_006663-T1
GF00004813	TFCN152A1_012966-T1	DBVPG3775_006661-T1
GF00004814	TFCN152A1_011744-T1	DBVPG3775_007357-T1
GF00004815	TFCN152A1_012509-T1	DBVPG3775_002876-T1
GF00004816	TFCN152A1_012510-T1	DBVPG3775_002875-T1
GF00004817	TFCN152A1_012511-T1	DBVPG3775_002874-T1
GF00004818	TFCN152A1_012512-T1	DBVPG3775_002873-T1
GF00004819	TFCN152A1_011749-T1	DBVPG3775_002872-T1
GF00004820	TFCN152A1_011750-T1	DBVPG3775_002871-T1
GF00004821	TFCN152A1_011751-T1	DBVPG3775_002870-T1
GF00004822	TFCN152A1_012884-T1	DBVPG3775_002864-T1
GF00004823	TFCN152A1_011757-T1	DBVPG3775_002863-T1
GF00004824	TFCN152A1_011758-T1	DBVPG3775_002862-T1
GF00004825	TFCN152A1_012881-T1	DBVPG3775_002861-T1
GF00004826	TFCN152A1_011760-T1	DBVPG3775_002860-T1
GF00004827	TFCN152A1_011801-T1	DBVPG3775_003243-T1
GF00004828	TFCN152A1_011803-T1	DBVPG3775_003241-T1
GF00004829	TFCN152A1_011804-T1	DBVPG3775_003240-T1
GF00004830	TFCN152A1_012785-T1	DBVPG3775_003239-T1
GF00004831	TFCN152A1_011806-T1	DBVPG3775_003238-T1
GF00004832	TFCN152A1_011820-T1	DBVPG3775_001024-T1
GF00004833	TFCN152A1_011821-T1	DBVPG3775_001023-T1
GF00004834	TFCN152A1_011822-T1	DBVPG3775_001022-T1
GF00004835	TFCN152A1_011823-T1	DBVPG3775_001021-T1
GF00004836	TFCN152A1_012841-T1	DBVPG3775_001019-T1
GF00004837	TFCN152A1_012843-T1	DBVPG3775_001017-T1
GF00004838	TFCN152A1_012844-T1	DBVPG3775_001016-T1
GF00004839	TFCN152A1_011949-T1	DBVPG3775_007299-T1
GF00004840	TFCN152A1_011950-T1	DBVPG3775_007300-T1
GF00004841	TFCN152A1_012239-T1	DBVPG3775_007301-T1
GF00004842	TFCN152A1_011957-T1	DBVPG3775_007307-T1
GF00004843	TFCN152A1_011958-T1	DBVPG3775_007259-T1
GF00004844	TFCN152A1_012927-T1	DBVPG3775_007260-T1
GF00004845	TFCN152A1_012295-T1	DBVPG3775_006756-T1
GF00004846	TFCN152A1_012294-T1	DBVPG3775_006755-T1
GF00004847	TFCN152A1_012293-T1	DBVPG3775_006754-T1
GF00004848	TFCN152A1_012290-T1	DBVPG3775_006751-T1
GF00004849	TFCN152A1_012287-T1	DBVPG3775_006747-T1
GF00004850	TFCN152A1_012284-T1	DBVPG3775_006743-T1
GF00004851	TFCN152A1_012231-T1	DBVPG3775_007292-T1
GF00004852	TFCN152A1_012833-T1	DBVPG3775_007295-T1
GF00004853	TFCN152A1_012235-T1	DBVPG3775_007296-T1
GF00004854	TFCN152A1_012466-T1	DBVPG3775_002062-T1
GF00004855	TFCN152A1_012670-T1	DBVPG3775_002059-T1
GF00004856	TFCN152A1_012470-T1	DBVPG3775_002058-T1
GF00004857	TFCN152A1_012471-T1	DBVPG3775_002057-T1
GF00004858	TFCN152A1_012473-T1	DBVPG3775_002055-T1
GF00004859	TFCN152A1_012908-T1	DBVPG3775_003394-T1
GF00004860	TFCN152A1_012478-T1	DBVPG3775_003395-T1
GF00004861	TFCN152A1_012480-T1	DBVPG3775_003397-T1
GF00004862	TFCN152A1_012912-T1	DBVPG3775_003398-T1
GF00004863	TFCN152A1_012482-T1	DBVPG3775_003399-T1
GF00004864	TFCN152A1_012483-T1	DBVPG3775_003400-T1
GF00004865	TFCN152A1_012484-T1	DBVPG3775_003401-T1
GF00004866	TFCN152A1_012485-T1	DBVPG3775_003402-T1
GF00004867	TFCN152A1_012495-T1	DBVPG3775_007504-T1
GF00004868	TFCN152A1_013005-T1	DBVPG3775_007503-T1
GF00004869	TFCN152A1_012498-T1	DBVPG3775_007502-T1
GF00004870	TFCN152A1_012500-T1	DBVPG3775_007499-T1
GF00004871	TFCN152A1_012501-T1	DBVPG3775_007498-T1
GF00004872	TFCN152A1_012502-T1	DBVPG3775_007497-T1
GF00004873	TFCN152A1_012503-T1	DBVPG3775_007496-T1
GF00004874	TFCN152A1_012735-T1	DBVPG3775_004834-T1
GF00004875	TFCN152A1_012535-T1	DBVPG3775_004835-T1
GF00004876	TFCN152A1_012536-T1	DBVPG3775_004836-T1
GF00004877	TFCN152A1_012732-T1	DBVPG3775_004837-T1
GF00004878	TFCN152A1_012731-T1	DBVPG3775_004838-T1
GF00004879	TFCN152A1_012730-T1	DBVPG3775_004839-T1
GF00004880	TFCN152A1_012540-T1	DBVPG3775_004840-T1
GF00004881	TFCN152A1_012541-T1	DBVPG3775_004841-T1
GF00004882	TFCN152A1_012596-T1	DBVPG3775_006549-T1
GF00004883	TFCN152A1_012801-T1	DBVPG3775_006547-T1
GF00004884	TFCN152A1_012601-T1	DBVPG3775_006542-T1
GF00004885	TFCN152A1_012694-T1	DBVPG3775_000696-T1
GF00004886	TFCN152A1_012643-T1	DBVPG3775_000697-T1
GF00004887	TFCN152A1_012646-T1	DBVPG3775_000700-T1
GF00004888	TFCN152A1_012650-T1	DBVPG3775_000704-T1
GF00004889	TFCN152A1_012825-T1	DBVPG3775_007286-T1
GF00004890	TFCN152A1_012826-T1	DBVPG3775_007287-T1
GF00004891	TFCN152A1_012827-T1	DBVPG3775_007288-T1
GF00004892	TFCN152A1_012828-T1	DBVPG3775_007290-T1
GF00004893	TFCN152A1_012858-T1	DBVPG3775_001754-T1
GF00004894	TFCN152A1_013020-T1	DBVPG3775_003387-T1
GF00004895	TFCN152A1_013021-T1	DBVPG3775_003388-T1
GF00004896	TFCN152A1_013022-T1	DBVPG3775_003389-T1
GF00004897	TFCN152A1_013037-T1	DBVPG3775_007563-T1
GF00004898	TFCN152A1_013074-T1	DBVPG3775_007555-T1
GF00004899	TFCN152A1_001665-T1	DBVPG3775_000494-T1
GF00004900	TFCN152A1_001686-T1	DBVPG3775_000518-T1
GF00004901	TFCN152A1_001689-T1	DBVPG3775_000523-T1
GF00004902	TFCN152A1_003812-T1	DBVPG3775_002188-T1
GF00004903	TFCN152A1_004435-T1	DBVPG3775_002801-T1
GF00004904	TFCN152A1_008635-T1	DBVPG3775_003839-T1
GF00004905	TFCN152A1_003752-T1	DBVPG3775_004965-T1
GF00004906	TFCN152A1_005992-T1	DBVPG3775_005935-T1
GF00004907	TFCN152A1_002468-T1	DBVPG3775_006051-T1
GF00004908	TFCN152A1_002021-T1	DBVPG3775_006082-T1
GF00004909	TFCN152A1_013148-T1	DBVPG3775_006083-T1
GF00004910	TFCN152A1_010980-T1	DBVPG3775_006135-T1
GF00004911	TFCN152A1_001989-T1	DBVPG3775_006402-T1
GF00004912	TFCN152A1_011306-T1	DBVPG3775_007042-T1
GF00004913	TFCN152A1_010877-T1	DBVPG3775_007244-T1
GF00004914	TFCN152A1_000003-T1	
GF00004915	TFCN152A1_000487-T1	
GF00004916	TFCN152A1_000513-T1	
GF00004917	TFCN152A1_004090-T1	DBVPG3775_004194-T1
GF00004918	TFCN152A1_010474-T1	DBVPG3775_000169-T1
GF00004919	TFCN152A1_001881-T1	
GF00004920	TFCN152A1_002191-T1	DBVPG3775_003001-T1
GF00004921	TFCN152A1_002283-T1	DBVPG3775_002891-T1
GF00004922	TFCN152A1_002976-T1	
GF00004923	TFCN152A1_003339-T1	
GF00004924	TFCN152A1_004370-T1	
GF00004925	TFCN152A1_004381-T1	DBVPG3775_001491-T1
GF00004926	TFCN152A1_012148-T1	DBVPG3775_002768-T1
GF00004927	TFCN152A1_004474-T1	
GF00004928	TFCN152A1_004964-T1	
GF00004929	TFCN152A1_006055-T1	
GF00004930	TFCN152A1_012109-T1	DBVPG3775_006815-T1
GF00004931	TFCN152A1_009851-T1	DBVPG3775_003335-T1
GF00004932	TFCN152A1_006734-T1	
GF00004933	TFCN152A1_006732-T1	
GF00004934	TFCN152A1_009267-T1	
GF00004935	TFCN152A1_007450-T1	DBVPG3775_004390-T1
GF00004936	TFCN152A1_007767-T1	DBVPG3775_001508-T1
GF00004937	TFCN152A1_008068-T1	
GF00004938	TFCN152A1_011009-T1	DBVPG3775_006831-T1
GF00004939	TFCN152A1_008993-T1	DBVPG3775_003416-T1
GF00004940	TFCN152A1_013070-T1	
GF00004941	TFCN152A1_012689-T1	DBVPG3775_004576-T1
GF00004942	TFCN152A1_011717-T1	DBVPG3775_006660-T1
GF00004943	TFCN152A1_013058-T1	DBVPG3775_007596-T1
GF00004944	TFCN152A1_013179-T1	
GF00004945	TFCN152A1_013246-T1	
GF00004946	TFCN152A1_006762-T1	DBVPG3775_000010-T1
GF00004947	TFCN152A1_001718-T1	DBVPG3775_000044-T1
GF00004948	TFCN152A1_006033-T1	DBVPG3775_000062-T1
GF00004949	TFCN152A1_006032-T1	DBVPG3775_000063-T1
GF00004950	TFCN152A1_001790-T1	DBVPG3775_000130-T1
GF00004951	TFCN152A1_010476-T1	DBVPG3775_000166-T1
GF00004952	TFCN152A1_002973-T1	DBVPG3775_000211-T1
GF00004953	TFCN152A1_003037-T1	DBVPG3775_000281-T1
GF00004954	TFCN152A1_003618-T1	DBVPG3775_000369-T1
GF00004955	TFCN152A1_003492-T1	DBVPG3775_000420-T1
GF00004956	TFCN152A1_001652-T1	DBVPG3775_000479-T1
GF00004957	TFCN152A1_001653-T1	DBVPG3775_000480-T1
GF00004958	TFCN152A1_001654-T1	DBVPG3775_000481-T1
GF00004959	TFCN152A1_001655-T1	DBVPG3775_000482-T1
GF00004960	TFCN152A1_001664-T1	DBVPG3775_000493-T1
GF00004961	TFCN152A1_001666-T1	DBVPG3775_000496-T1
GF00004962	TFCN152A1_001683-T1	DBVPG3775_000515-T1
GF00004963	TFCN152A1_001684-T1	DBVPG3775_000516-T1
GF00004964	TFCN152A1_001685-T1	DBVPG3775_000517-T1
GF00004965	TFCN152A1_001687-T1	DBVPG3775_000520-T1
GF00004966	TFCN152A1_001688-T1	DBVPG3775_000521-T1
GF00004967	TFCN152A1_001690-T1	DBVPG3775_000524-T1
GF00004968	TFCN152A1_001691-T1	DBVPG3775_000525-T1
GF00004969	TFCN152A1_001692-T1	DBVPG3775_000526-T1
GF00004970	TFCN152A1_001694-T1	DBVPG3775_000529-T1
GF00004971	TFCN152A1_001695-T1	DBVPG3775_000530-T1
GF00004972	TFCN152A1_001696-T1	DBVPG3775_000531-T1
GF00004973	TFCN152A1_001697-T1	DBVPG3775_000532-T1
GF00004974	TFCN152A1_001698-T1	DBVPG3775_000533-T1
GF00004975	TFCN152A1_001699-T1	DBVPG3775_000534-T1
GF00004976	TFCN152A1_001701-T1	DBVPG3775_000537-T1
GF00004977	TFCN152A1_001702-T1	DBVPG3775_000538-T1
GF00004978	TFCN152A1_001703-T1	DBVPG3775_000539-T1
GF00004979	TFCN152A1_001704-T1	DBVPG3775_000541-T1
GF00004980	TFCN152A1_001705-T1	DBVPG3775_000542-T1
GF00004981	TFCN152A1_001707-T1	DBVPG3775_000544-T1
GF00004982	TFCN152A1_001708-T1	DBVPG3775_000545-T1
GF00004983	TFCN152A1_001710-T1	DBVPG3775_000547-T1
GF00004984	TFCN152A1_001711-T1	DBVPG3775_000548-T1
GF00004985	TFCN152A1_001712-T1	DBVPG3775_000549-T1
GF00004986	TFCN152A1_013180-T1	DBVPG3775_000551-T1
GF00004987	TFCN152A1_012856-T1	DBVPG3775_000552-T1
GF00004988	TFCN152A1_011297-T1	DBVPG3775_000560-T1
GF00004989	TFCN152A1_009820-T1	DBVPG3775_000637-T1
GF00004990	TFCN152A1_010138-T1	DBVPG3775_000689-T1
GF00004991	TFCN152A1_008801-T1	DBVPG3775_000719-T1
GF00004992	TFCN152A1_010399-T1	DBVPG3775_000819-T1
GF00004993	TFCN152A1_004854-T1	DBVPG3775_000886-T1
GF00004994	TFCN152A1_004848-T1	DBVPG3775_000892-T1
GF00004995	TFCN152A1_004837-T1	DBVPG3775_000905-T1
GF00004996	TFCN152A1_011818-T1	DBVPG3775_001026-T1
GF00004997	TFCN152A1_011816-T1	DBVPG3775_001028-T1
GF00004998	TFCN152A1_011815-T1	DBVPG3775_001029-T1
GF00004999	TFCN152A1_011814-T1	DBVPG3775_001030-T1
GF00005000	TFCN152A1_011813-T1	DBVPG3775_001031-T1
GF00005001	TFCN152A1_011812-T1	DBVPG3775_001032-T1
GF00005002	TFCN152A1_011811-T1	DBVPG3775_001033-T1
GF00005003	TFCN152A1_004044-T1	DBVPG3775_001043-T1
GF00005004	TFCN152A1_007013-T1	DBVPG3775_001063-T1
GF00005005	TFCN152A1_006994-T1	DBVPG3775_001084-T1
GF00005006	TFCN152A1_000831-T1	DBVPG3775_001141-T1
GF00005007	TFCN152A1_000376-T1	DBVPG3775_001170-T1
GF00005008	TFCN152A1_000799-T1	DBVPG3775_001177-T1
GF00005009	TFCN152A1_000788-T1	DBVPG3775_001188-T1
GF00005010	TFCN152A1_000741-T1	DBVPG3775_001237-T1
GF00005011	TFCN152A1_000709-T1	DBVPG3775_001275-T1
GF00005012	TFCN152A1_000687-T1	DBVPG3775_001301-T1
GF00005013	TFCN152A1_000684-T1	DBVPG3775_001304-T1
GF00005014	TFCN152A1_002318-T1	DBVPG3775_001345-T1
GF00005015	TFCN152A1_011853-T1	DBVPG3775_001391-T1
GF00005016	TFCN152A1_004298-T1	DBVPG3775_001400-T1
GF00005017	TFCN152A1_004343-T1	DBVPG3775_001450-T1
GF00005018	TFCN152A1_004367-T1	DBVPG3775_001478-T1
GF00005019	TFCN152A1_004382-T1	DBVPG3775_001492-T1
GF00005020	TFCN152A1_004384-T1	DBVPG3775_001493-T1
GF00005021	TFCN152A1_007734-T1	DBVPG3775_001558-T1
GF00005022	TFCN152A1_010536-T1	DBVPG3775_001605-T1
GF00005023	TFCN152A1_002917-T1	DBVPG3775_001714-T1
GF00005024	TFCN152A1_006337-T1	DBVPG3775_001784-T1
GF00005025	TFCN152A1_007579-T1	DBVPG3775_001881-T1
GF00005026	TFCN152A1_005236-T1	DBVPG3775_001983-T1
GF00005027	TFCN152A1_011903-T1	DBVPG3775_001996-T1
GF00005028	TFCN152A1_012467-T1	DBVPG3775_002061-T1
GF00005029	TFCN152A1_011448-T1	DBVPG3775_002070-T1
GF00005030	TFCN152A1_003864-T1	DBVPG3775_002129-T1
GF00005031	TFCN152A1_003848-T1	DBVPG3775_002146-T1
GF00005032	TFCN152A1_003821-T1	DBVPG3775_002176-T1
GF00005033	TFCN152A1_005657-T1	DBVPG3775_002208-T1
GF00005034	TFCN152A1_005683-T1	DBVPG3775_002234-T1
GF00005035	TFCN152A1_007691-T1	DBVPG3775_002286-T1
GF00005036	TFCN152A1_009869-T1	DBVPG3775_002331-T1
GF00005037	TFCN152A1_009870-T1	DBVPG3775_002332-T1
GF00005038	TFCN152A1_011386-T1	DBVPG3775_002354-T1
GF00005039	TFCN152A1_007850-T1	DBVPG3775_002385-T1
GF00005040	TFCN152A1_007849-T1	DBVPG3775_002386-T1
GF00005041	TFCN152A1_002676-T1	DBVPG3775_002393-T1
GF00005042	TFCN152A1_001225-T1	DBVPG3775_002411-T1
GF00005043	TFCN152A1_002705-T1	DBVPG3775_002430-T1
GF00005044	TFCN152A1_002718-T1	DBVPG3775_002445-T1
GF00005045	TFCN152A1_012455-T1	DBVPG3775_002509-T1
GF00005046	TFCN152A1_010369-T1	DBVPG3775_002562-T1
GF00005047	TFCN152A1_006284-T1	DBVPG3775_002724-T1
GF00005048	TFCN152A1_006288-T1	DBVPG3775_002727-T1
GF00005049	TFCN152A1_004387-T1	DBVPG3775_002732-T1
GF00005050	TFCN152A1_012149-T1	DBVPG3775_002767-T1
GF00005051	TFCN152A1_012652-T1	DBVPG3775_002790-T1
GF00005052	TFCN152A1_011224-T1	DBVPG3775_002877-T1
GF00005053	TFCN152A1_007671-T1	DBVPG3775_002968-T1
GF00005054	TFCN152A1_005462-T1	DBVPG3775_002990-T1
GF00005055	TFCN152A1_004676-T1	DBVPG3775_003010-T1
GF00005056	TFCN152A1_004671-T1	DBVPG3775_003016-T1
GF00005057	TFCN152A1_001484-T1	DBVPG3775_003062-T1
GF00005058	TFCN152A1_001382-T1	DBVPG3775_003158-T1
GF00005059	TFCN152A1_009423-T1	DBVPG3775_003204-T1
GF00005060	TFCN152A1_011792-T1	DBVPG3775_003254-T1
GF00005061	TFCN152A1_012847-T1	DBVPG3775_003276-T1
GF00005062	TFCN152A1_010933-T1	DBVPG3775_003377-T1
GF00005063	TFCN152A1_009016-T1	DBVPG3775_003443-T1
GF00005064	TFCN152A1_012750-T1	DBVPG3775_003446-T1
GF00005065	TFCN152A1_012749-T1	DBVPG3775_003447-T1
GF00005066	TFCN152A1_012748-T1	DBVPG3775_003448-T1
GF00005067	TFCN152A1_012746-T1	DBVPG3775_003449-T1
GF00005068	TFCN152A1_012745-T1	DBVPG3775_003450-T1
GF00005069	TFCN152A1_012742-T1	DBVPG3775_003455-T1
GF00005070	TFCN152A1_012741-T1	DBVPG3775_003457-T1
GF00005071	TFCN152A1_007836-T1	DBVPG3775_003531-T1
GF00005072	TFCN152A1_010554-T1	DBVPG3775_003541-T1
GF00005073	TFCN152A1_010553-T1	DBVPG3775_003543-T1
GF00005074	TFCN152A1_012297-T1	DBVPG3775_003545-T1
GF00005075	TFCN152A1_012298-T1	DBVPG3775_003546-T1
GF00005076	TFCN152A1_012299-T1	DBVPG3775_003547-T1
GF00005077	TFCN152A1_012300-T1	DBVPG3775_003548-T1
GF00005078	TFCN152A1_012301-T1	DBVPG3775_003549-T1
GF00005079	TFCN152A1_012302-T1	DBVPG3775_003550-T1
GF00005080	TFCN152A1_012303-T1	DBVPG3775_003551-T1
GF00005081	TFCN152A1_012304-T1	DBVPG3775_003552-T1
GF00005082	TFCN152A1_012305-T1	DBVPG3775_003553-T1
GF00005083	TFCN152A1_012306-T1	DBVPG3775_003554-T1
GF00005084	TFCN152A1_012307-T1	DBVPG3775_003555-T1
GF00005085	TFCN152A1_012308-T1	DBVPG3775_003556-T1
GF00005086	TFCN152A1_003245-T1	DBVPG3775_003640-T1
GF00005087	TFCN152A1_007877-T1	DBVPG3775_003644-T1
GF00005088	TFCN152A1_010433-T1	DBVPG3775_003690-T1
GF00005089	TFCN152A1_010434-T1	DBVPG3775_003691-T1
GF00005090	TFCN152A1_004727-T1	DBVPG3775_003773-T1
GF00005091	TFCN152A1_004729-T1	DBVPG3775_003775-T1
GF00005092	TFCN152A1_004747-T1	DBVPG3775_003795-T1
GF00005093	TFCN152A1_004754-T1	DBVPG3775_003803-T1
GF00005094	TFCN152A1_010197-T1	DBVPG3775_003942-T1
GF00005095	TFCN152A1_007143-T1	DBVPG3775_004053-T1
GF00005096	TFCN152A1_004097-T1	DBVPG3775_004186-T1
GF00005097	TFCN152A1_011604-T1	DBVPG3775_004259-T1
GF00005098	TFCN152A1_010224-T1	DBVPG3775_004261-T1
GF00005099	TFCN152A1_010223-T1	DBVPG3775_004262-T1
GF00005100	TFCN152A1_010207-T1	DBVPG3775_004279-T1
GF00005101	TFCN152A1_010201-T1	DBVPG3775_004285-T1
GF00005102	TFCN152A1_006947-T1	DBVPG3775_004305-T1
GF00005103	TFCN152A1_006942-T1	DBVPG3775_004310-T1
GF00005104	TFCN152A1_006929-T1	DBVPG3775_004323-T1
GF00005105	TFCN152A1_006918-T1	DBVPG3775_004336-T1
GF00005106	TFCN152A1_005284-T1	DBVPG3775_004419-T1
GF00005107	TFCN152A1_005285-T1	DBVPG3775_004420-T1
GF00005108	TFCN152A1_003456-T1	DBVPG3775_004444-T1
GF00005109	TFCN152A1_011174-T1	DBVPG3775_004486-T1
GF00005110	TFCN152A1_012407-T1	DBVPG3775_004593-T1
GF00005111	TFCN152A1_009159-T1	DBVPG3775_004625-T1
GF00005112	TFCN152A1_011675-T1	DBVPG3775_004628-T1
GF00005113	TFCN152A1_011676-T1	DBVPG3775_004629-T1
GF00005114	TFCN152A1_006639-T1	DBVPG3775_004648-T1
GF00005115	TFCN152A1_006623-T1	DBVPG3775_004664-T1
GF00005116	TFCN152A1_007356-T1	DBVPG3775_004674-T1
GF00005117	TFCN152A1_006895-T1	DBVPG3775_004718-T1
GF00005118	TFCN152A1_005699-T1	DBVPG3775_004726-T1
GF00005119	TFCN152A1_006854-T1	DBVPG3775_004767-T1
GF00005120	TFCN152A1_011052-T1	DBVPG3775_004785-T1
GF00005121	TFCN152A1_010013-T1	DBVPG3775_004853-T1
GF00005122	TFCN152A1_009410-T1	DBVPG3775_004894-T1
GF00005123	TFCN152A1_009519-T1	DBVPG3775_004934-T1
GF00005124	TFCN152A1_003751-T1	DBVPG3775_004966-T1
GF00005125	TFCN152A1_003735-T1	DBVPG3775_004986-T1
GF00005126	TFCN152A1_001587-T1	DBVPG3775_005141-T1
GF00005127	TFCN152A1_002540-T1	DBVPG3775_005150-T1
GF00005128	TFCN152A1_002564-T1	DBVPG3775_005178-T1
GF00005129	TFCN152A1_002129-T1	DBVPG3775_005198-T1
GF00005130	TFCN152A1_012270-T1	DBVPG3775_005296-T1
GF00005131	TFCN152A1_001942-T1	DBVPG3775_005316-T1
GF00005132	TFCN152A1_012362-T1	DBVPG3775_005352-T1
GF00005133	TFCN152A1_012363-T1	DBVPG3775_005353-T1
GF00005134	TFCN152A1_010276-T1	DBVPG3775_005377-T1
GF00005135	TFCN152A1_001883-T1	DBVPG3775_005454-T1
GF00005136	TFCN152A1_008352-T1	DBVPG3775_005494-T1
GF00005137	TFCN152A1_008535-T1	DBVPG3775_005518-T1
GF00005138	TFCN152A1_002354-T1	DBVPG3775_005582-T1
GF00005139	TFCN152A1_006135-T1	DBVPG3775_005646-T1
GF00005140	TFCN152A1_009178-T1	DBVPG3775_005689-T1
GF00005141	TFCN152A1_001069-T1	DBVPG3775_005808-T1
GF00005142	TFCN152A1_001105-T1	DBVPG3775_005848-T1
GF00005143	TFCN152A1_005940-T1	DBVPG3775_005878-T1
GF00005144	TFCN152A1_005965-T1	DBVPG3775_005904-T1
GF00005145	TFCN152A1_005993-T1	DBVPG3775_005937-T1
GF00005146	TFCN152A1_013215-T1	DBVPG3775_005950-T1
GF00005147	TFCN152A1_012374-T1	DBVPG3775_006114-T1
GF00005148	TFCN152A1_010976-T1	DBVPG3775_006130-T1
GF00005149	TFCN152A1_003974-T1	DBVPG3775_006188-T1
GF00005150	TFCN152A1_003962-T1	DBVPG3775_006204-T1
GF00005151	TFCN152A1_003956-T1	DBVPG3775_006211-T1
GF00005152	TFCN152A1_006730-T1	DBVPG3775_006223-T1
GF00005153	TFCN152A1_003124-T1	DBVPG3775_006287-T1
GF00005154	TFCN152A1_003105-T1	DBVPG3775_006309-T1
GF00005155	TFCN152A1_003102-T1	DBVPG3775_006313-T1
GF00005156	TFCN152A1_003101-T1	DBVPG3775_006314-T1
GF00005157	TFCN152A1_007882-T1	DBVPG3775_006338-T1
GF00005158	TFCN152A1_012600-T1	DBVPG3775_006543-T1
GF00005159	TFCN152A1_004636-T1	DBVPG3775_006561-T1
GF00005160	TFCN152A1_004626-T1	DBVPG3775_006574-T1
GF00005161	TFCN152A1_011783-T1	DBVPG3775_006588-T1
GF00005162	TFCN152A1_012932-T1	DBVPG3775_006650-T1
GF00005163	TFCN152A1_009647-T1	DBVPG3775_006685-T1
GF00005164	TFCN152A1_010994-T1	DBVPG3775_006774-T1
GF00005165	TFCN152A1_013050-T1	DBVPG3775_006902-T1
GF00005166	TFCN152A1_001966-T1	DBVPG3775_006918-T1
GF00005167	TFCN152A1_002076-T1	DBVPG3775_007129-T1
GF00005168	TFCN152A1_004039-T1	DBVPG3775_007166-T1
GF00005169	TFCN152A1_011952-T1	DBVPG3775_007302-T1
GF00005170	TFCN152A1_012918-T1	DBVPG3775_007356-T1
GF00005171	TFCN152A1_011116-T1	DBVPG3775_007419-T1
GF00005172	TFCN152A1_012010-T1	DBVPG3775_007438-T1
GF00005173	TFCN152A1_012989-T1	DBVPG3775_007527-T1
GF00005174	TFCN152A1_013122-T1	DBVPG3775_007529-T1
GF00005175	TFCN152A1_013130-T1	DBVPG3775_007560-T1
GF00005176		DBVPG3775_000909-T1
GF00005177		DBVPG3775_004725-T1
GF00005178		DBVPG3775_006347-T1
GF00005179		DBVPG3775_000488-T1
GF00005180	TFCN152A1_011222-T1	
GF00005181	TFCN152A1_002496-T1	
GF00005182	TFCN152A1_013233-T1	
GF00005183		DBVPG3775_005616-T1
GF00005184	TFCN152A1_013166-T1	
GF00005185		DBVPG3775_006337-T1
GF00005186	TFCN152A1_010511-T1	
GF00005187	TFCN152A1_011031-T1	
GF00005188		DBVPG3775_002047-T1
GF00005189		DBVPG3775_007481-T1
GF00005190		DBVPG3775_007586-T1
GF00005191		DBVPG3775_000473-T1
GF00005192		DBVPG3775_007403-T1
GF00005193	TFCN152A1_012583-T1	
GF00005194		DBVPG3775_001520-T1
GF00005195	TFCN152A1_013160-T1	
GF00005196		DBVPG3775_000536-T1
GF00005197		DBVPG3775_002590-T1
GF00005198		DBVPG3775_006808-T1
GF00005199		DBVPG3775_004073-T1
GF00005200		DBVPG3775_002384-T1
GF00005201		DBVPG3775_001572-T1
GF00005202		DBVPG3775_005763-T1
GF00005203	TFCN152A1_013185-T1	
GF00005204	TFCN152A1_005379-T1	
GF00005205		DBVPG3775_003314-T1
GF00005206	TFCN152A1_010556-T1	
GF00005207		DBVPG3775_001525-T1
GF00005208		DBVPG3775_002192-T1
GF00005209	TFCN152A1_005047-T1	
GF00005210		DBVPG3775_001785-T1
GF00005211		DBVPG3775_000561-T1
GF00005212		DBVPG3775_001888-T1
GF00005213	TFCN152A1_013214-T1	
GF00005214		DBVPG3775_000206-T1
GF00005215	TFCN152A1_013254-T1	
GF00005216		DBVPG3775_006201-T1
GF00005217		DBVPG3775_007526-T1
GF00005218	TFCN152A1_000976-T1	
GF00005219		DBVPG3775_006779-T1
GF00005220		DBVPG3775_005002-T1
GF00005221		DBVPG3775_004494-T1
GF00005222		DBVPG3775_001096-T1
GF00005223		DBVPG3775_007564-T1
GF00005224	TFCN152A1_013206-T1	
GF00005225	TFCN152A1_013144-T1	
GF00005226		DBVPG3775_006200-T1
GF00005227	TFCN152A1_013241-T1	
GF00005228	TFCN152A1_013249-T1	
GF00005229	TFCN152A1_003765-T1	
GF00005230		DBVPG3775_003759-T1
GF00005231	TFCN152A1_008710-T1	
GF00005232	TFCN152A1_006231-T1	
GF00005233	TFCN152A1_013237-T1	
GF00005234		DBVPG3775_000097-T1
GF00005235		DBVPG3775_005764-T1
GF00005236		DBVPG3775_006059-T1
GF00005237	TFCN152A1_009327-T1	
GF00005238		DBVPG3775_006063-T1
GF00005239		DBVPG3775_001524-T1
GF00005240		DBVPG3775_004352-T1
GF00005241	TFCN152A1_013218-T1	
GF00005242	TFCN152A1_006162-T1	
GF00005243		DBVPG3775_000639-T1
GF00005244		DBVPG3775_003609-T1
GF00005245		DBVPG3775_004987-T1
GF00005246		DBVPG3775_004438-T1
GF00005247		DBVPG3775_005765-T1
GF00005248		DBVPG3775_006956-T1
GF00005249		DBVPG3775_006757-T1
GF00005250	TFCN152A1_005490-T1	
GF00005251	TFCN152A1_004496-T1	
GF00005252		DBVPG3775_006773-T1
GF00005253		DBVPG3775_002403-T1
GF00005254		DBVPG3775_002355-T1
GF00005255		DBVPG3775_000734-T1
GF00005256	TFCN152A1_012738-T1	
GF00005257		DBVPG3775_005797-T1
GF00005258	TFCN152A1_011978-T1	
GF00005259		DBVPG3775_005670-T1
GF00005260	TFCN152A1_000219-T1	
GF00005261		DBVPG3775_001523-T1
GF00005262	TFCN152A1_013157-T1	
GF00005263		DBVPG3775_006136-T1
GF00005264		DBVPG3775_007314-T1
GF00005265		DBVPG3775_007507-T1
GF00005266		DBVPG3775_004557-T1
GF00005267		DBVPG3775_002903-T1
GF00005268		DBVPG3775_000718-T1
GF00005269	TFCN152A1_003764-T1	
GF00005270		DBVPG3775_006746-T1
GF00005271		DBVPG3775_006055-T1
GF00005272		DBVPG3775_006837-T1
GF00005273		DBVPG3775_002697-T1
GF00005274		DBVPG3775_006054-T1
GF00005275		DBVPG3775_006781-T1
GF00005276	TFCN152A1_008965-T1	
GF00005277		DBVPG3775_002775-T1
GF00005278		DBVPG3775_001270-T1
GF00005279		DBVPG3775_005525-T1
GF00005280	TFCN152A1_010632-T1	
GF00005281		DBVPG3775_004981-T1
GF00005282		DBVPG3775_004524-T1
GF00005283		DBVPG3775_007348-T1
GF00005284		DBVPG3775_004854-T1
GF00005285		DBVPG3775_004902-T1
GF00005286	TFCN152A1_011784-T1	
GF00005287	TFCN152A1_011966-T1	
GF00005288		DBVPG3775_006863-T1
GF00005289	TFCN152A1_005894-T1	
GF00005290		DBVPG3775_007505-T1
GF00005291	TFCN152A1_006054-T1	
GF00005292	TFCN152A1_013118-T1	
GF00005293	TFCN152A1_008711-T1	
GF00005294		DBVPG3775_004351-T1
GF00005295		DBVPG3775_004825-T1
GF00005296		DBVPG3775_002185-T1
GF00005297		DBVPG3775_003456-T1
GF00005298	TFCN152A1_004419-T1	
GF00005299		DBVPG3775_006061-T1
GF00005300		DBVPG3775_002597-T1
GF00005301		DBVPG3775_001755-T1
GF00005302	TFCN152A1_001926-T1	
GF00005303		DBVPG3775_006307-T1
GF00005304		DBVPG3775_004979-T1
GF00005305		DBVPG3775_000283-T1
GF00005306		DBVPG3775_007601-T1
GF00005307		DBVPG3775_006189-T1
GF00005308	TFCN152A1_004614-T1	
GF00005309		DBVPG3775_006053-T1
GF00005310		DBVPG3775_004466-T1
GF00005311		DBVPG3775_005800-T1
GF00005312	TFCN152A1_001877-T1	
GF00005313		DBVPG3775_005300-T1
GF00005314		DBVPG3775_002428-T1
GF00005315		DBVPG3775_000096-T1
GF00005316	TFCN152A1_008712-T1	
GF00005317		DBVPG3775_007289-T1
GF00005318	TFCN152A1_008461-T1	
GF00005319		DBVPG3775_002535-T1
GF00005320		DBVPG3775_006848-T1
GF00005321		DBVPG3775_005543-T1
GF00005322		DBVPG3775_002622-T1
GF00005323	TFCN152A1_004130-T1	
GF00005324	TFCN152A1_013049-T1	
GF00005325		DBVPG3775_002050-T1
GF00005326		DBVPG3775_005445-T1
GF00005327	TFCN152A1_013223-T1	
GF00005328	TFCN152A1_011221-T1	
GF00005329		DBVPG3775_002060-T1
GF00005330		DBVPG3775_001328-T1
GF00005331		DBVPG3775_003940-T1
GF00005332		DBVPG3775_000954-T1
GF00005333		DBVPG3775_006060-T1
GF00005334		DBVPG3775_006056-T1
GF00005335	TFCN152A1_010918-T1	
GF00005336		DBVPG3775_007050-T1
GF00005337	TFCN152A1_005569-T1	
GF00005338		DBVPG3775_007576-T1
GF00005339	TFCN152A1_000504-T1	
GF00005340	TFCN152A1_008250-T1	
GF00005341	TFCN152A1_004768-T1	
GF00005342	TFCN152A1_005071-T1	
GF00005343		DBVPG3775_005794-T1
GF00005344		DBVPG3775_007170-T1
GF00005345		DBVPG3775_005725-T1
GF00005346		DBVPG3775_005826-T1
GF00005347	TFCN152A1_013173-T1	
GF00005348		DBVPG3775_001753-T1
GF00005349	TFCN152A1_013193-T1	
GF00005350		DBVPG3775_002102-T1
GF00005351		DBVPG3775_000809-T1
GF00005352	TFCN152A1_010519-T1	
GF00005353		DBVPG3775_003997-T1
GF00005354	TFCN152A1_013071-T1	
GF00005355		DBVPG3775_001346-T1
GF00005356		DBVPG3775_000377-T1
GF00005357		DBVPG3775_004559-T1
GF00005358		DBVPG3775_007572-T1
GF00005359	TFCN152A1_008283-T1	
GF00005360		DBVPG3775_002325-T1
GF00005361		DBVPG3775_006777-T1
GF00005362		DBVPG3775_003373-T1
GF00005363	TFCN152A1_006163-T1	
GF00005364	TFCN152A1_005643-T1	
GF00005365		DBVPG3775_007587-T1
GF00005366		DBVPG3775_003465-T1
GF00005367		DBVPG3775_005195-T1
GF00005368		DBVPG3775_004541-T1
GF00005369		DBVPG3775_002110-T1
GF00005370		DBVPG3775_006780-T1
GF00005371		DBVPG3775_002048-T1
GF00005372		DBVPG3775_006230-T1
GF00005373		DBVPG3775_006024-T1
GF00005374		DBVPG3775_003632-T1
GF00005375	TFCN152A1_013124-T1	
GF00005376		DBVPG3775_002432-T1
GF00005377		DBVPG3775_006058-T1
GF00005378		DBVPG3775_007298-T1
GF00005379	TFCN152A1_013239-T1	
GF00005380	TFCN152A1_000096-T1	
GF00005381	TFCN152A1_013174-T1	
GF00005382		DBVPG3775_002789-T1
GF00005383	TFCN152A1_013212-T1	
GF00005384		DBVPG3775_003454-T1
GF00005385		DBVPG3775_006079-T1
GF00005386		DBVPG3775_006052-T1
GF00005387		DBVPG3775_001243-T1
GF00005388		DBVPG3775_006526-T1
GF00005389	TFCN152A1_010329-T1	
GF00005390		DBVPG3775_006625-T1
GF00005391		DBVPG3775_001161-T1
GF00005392		DBVPG3775_006280-T1
GF00005393	TFCN152A1_013195-T1	
GF00005394		DBVPG3775_003699-T1
GF00005395		DBVPG3775_000503-T1
GF00005396		DBVPG3775_002673-T1
GF00005397		DBVPG3775_007585-T1
GF00005398		DBVPG3775_005015-T1
GF00005399	TFCN152A1_010254-T1	
GF00005400		DBVPG3775_001540-T1
GF00005401	TFCN152A1_001880-T1	
GF00005402		DBVPG3775_002051-T1
GF00005403		DBVPG3775_004898-T1
GF00005404	TFCN152A1_008273-T1	
GF00005405		DBVPG3775_003542-T1
GF00005406	TFCN152A1_013119-T1	
GF00005407		DBVPG3775_005528-T1
GF00005408		DBVPG3775_005625-T1
GF00005409	TFCN152A1_003319-T1	
GF00005410	TFCN152A1_005022-T1	
GF00005411		DBVPG3775_006869-T1
GF00005412		DBVPG3775_001310-T1
GF00005413		DBVPG3775_003188-T1
GF00005414		DBVPG3775_000037-T1
GF00005415	TFCN152A1_009940-T1	
GF00005416		DBVPG3775_004709-T1
GF00005417	TFCN152A1_000975-T1	
GF00005418		DBVPG3775_006502-T1
GF00005419		DBVPG3775_006057-T1
GF00005420		DBVPG3775_004954-T1
GF00005421		DBVPG3775_006750-T1
GF00005422		DBVPG3775_003038-T1
GF00005423		DBVPG3775_000770-T1
GF00005424	TFCN152A1_012852-T1	
GF00005425	TFCN152A1_006572-T1	
GF00005426	TFCN152A1_009024-T1	
GF00005427		DBVPG3775_007324-T1
GF00005428		DBVPG3775_003011-T1
GF00005429	TFCN152A1_013211-T1	
GF00005430		DBVPG3775_001286-T1
GF00005431	TFCN152A1_006057-T1	
GF00005432		DBVPG3775_006629-T1
GF00005433	TFCN152A1_002482-T1	
GF00005434		DBVPG3775_001530-T1
GF00005435	TFCN152A1_013242-T1	
GF00005436	TFCN152A1_013229-T1	
GF00005437		DBVPG3775_007583-T1
GF00005438		DBVPG3775_004243-T1
GF00005439		DBVPG3775_001285-T1
GF00005440		DBVPG3775_001943-T1
GF00005441		DBVPG3775_006034-T1
GF00005442		DBVPG3775_006119-T1
GF00005443	TFCN152A1_001085-T1	
GF00005444		DBVPG3775_006546-T1
GF00005445	TFCN152A1_000496-T1	
GF00005446		DBVPG3775_001831-T1
GF00005447		DBVPG3775_000603-T1
GF00005448		DBVPG3775_005581-T1
GF00005449		DBVPG3775_000397-T1
GF00005450		DBVPG3775_004786-T1
GF00005451		DBVPG3775_006098-T1
GF00005452	TFCN152A1_010746-T1	
GF00005453	TFCN152A1_009346-T1	
GF00005454	TFCN152A1_012659-T1	
GF00005455	TFCN152A1_013057-T1	
GF00005456	TFCN152A1_000220-T1	
GF00005457		DBVPG3775_002826-T1
GF00005458	TFCN152A1_010745-T1	
GF00005459	TFCN152A1_013217-T1	
GF00005460	TFCN152A1_010557-T1	
GF00005461		DBVPG3775_007528-T1
GF00005462		DBVPG3775_001527-T1
GF00005463		DBVPG3775_001860-T1
GF00005464		DBVPG3775_007218-T1
GF00005465	TFCN152A1_006441-T1	
GF00005466		DBVPG3775_002571-T1
GF00005467		DBVPG3775_001287-T1
GF00005468		DBVPG3775_005793-T1
GF00005469		DBVPG3775_002932-T1
GF00005470		DBVPG3775_006234-T1
GF00005471	TFCN152A1_013240-T1	
GF00005472		DBVPG3775_002966-T1
GF00005473		DBVPG3775_000602-T1
GF00005474		DBVPG3775_003780-T1
GF00005475	TFCN152A1_012805-T1	
GF00005476	TFCN152A1_013142-T1	
GF00005477		DBVPG3775_003578-T1
GF00005478		DBVPG3775_000131-T1
GF00005479		DBVPG3775_006166-T1
GF00005480		DBVPG3775_004969-T1
GF00005481		DBVPG3775_003420-T1
GF00005482		DBVPG3775_006023-T1
GF00005483	TFCN152A1_010919-T1	
GF00005484		DBVPG3775_001528-T1
GF00005485		DBVPG3775_001531-T1
GF00005486	TFCN152A1_001826-T1	
GF00005487	TFCN152A1_013245-T1	
GF00005488		DBVPG3775_003119-T1
GF00005489		DBVPG3775_000573-T1
GF00005490		DBVPG3775_006143-T1
GF00005491	TFCN152A1_013097-T1	
GF00005492	TFCN152A1_007237-T1	
GF00005493		DBVPG3775_006790-T1
GF00005494		DBVPG3775_004761-T1
GF00005495		DBVPG3775_001905-T1
GF00005496		DBVPG3775_005293-T1
GF00005497	TFCN152A1_008966-T1	
GF00005498		DBVPG3775_004144-T1
GF00005499		DBVPG3775_003462-T1
GF00005500		DBVPG3775_006929-T1
GF00005501		DBVPG3775_005798-T1
GF00005502	TFCN152A1_007238-T1	
GF00005503		DBVPG3775_001189-T1
GF00005504		DBVPG3775_003577-T1
GF00005505		DBVPG3775_004495-T1
GF00005506		DBVPG3775_000278-T1
GF00005507	TFCN152A1_006770-T1	
GF00005508	TFCN152A1_008309-T1	
GF00005509	TFCN152A1_010360-T1	
GF00005510		DBVPG3775_001532-T1
GF00005511		DBVPG3775_004238-T1
GF00005512	TFCN152A1_012804-T1	
GF00005513		DBVPG3775_004370-T1
GF00005514	TFCN152A1_013225-T1	
GF00005515		DBVPG3775_000492-T1
GF00005516		DBVPG3775_006312-T1
GF00005517	TFCN152A1_010948-T1	
GF00005518	TFCN152A1_012497-T1	
GF00005519		DBVPG3775_001315-T1
GF00005520	TFCN152A1_003696-T1	
GF00005521		DBVPG3775_007192-T1
GF00005522		DBVPG3775_007094-T1
GF00005523	TFCN152A1_013019-T1	
GF00005524	TFCN152A1_011864-T1	
GF00005525		DBVPG3775_001150-T1
GF00005526	TFCN152A1_008802-T1	
GF00005527		DBVPG3775_007565-T1
GF00005528		DBVPG3775_005201-T1
GF00005529	TFCN152A1_006508-T1	
GF00005530		DBVPG3775_000540-T1
GF00005531	TFCN152A1_013219-T1	
GF00005532		DBVPG3775_005803-T1
GF00005533		DBVPG3775_001526-T1
GF00005534		DBVPG3775_002889-T1
GF00005535		DBVPG3775_000371-T1
GF00005536	TFCN152A1_004301-T1	
GF00005537		DBVPG3775_005799-T1
GF00005538		DBVPG3775_004728-T1
GF00005539	TFCN152A1_004383-T1	
GF00005540		DBVPG3775_007463-T1
GF00005541		DBVPG3775_004246-T1
GF00005542	TFCN152A1_012468-T1	
GF00005543	TFCN152A1_006286-T1	
GF00005544		DBVPG3775_006833-T1
GF00005545	TFCN152A1_002487-T1	
GF00005546		DBVPG3775_006885-T1
GF00005547	TFCN152A1_008448-T1	
GF00005548		DBVPG3775_007144-T1
GF00005549		DBVPG3775_005977-T1
GF00005550	TFCN152A1_011008-T1	
GF00005551	TFCN152A1_009664-T1	
GF00005552		DBVPG3775_006540-T1
GF00005553		DBVPG3775_007394-T1
GF00005554		DBVPG3775_002073-T1
GF00005555	TFCN152A1_003493-T1	
GF00005556	TFCN152A1_001209-T1	
GF00005557		DBVPG3775_005984-T1
GF00005558		DBVPG3775_001756-T1
GF00005559		DBVPG3775_006231-T1
GF00005560	TFCN152A1_000004-T1	
GF00005561		DBVPG3775_005456-T1
GF00005562		DBVPG3775_000604-T1
GF00005563	TFCN152A1_006733-T1	
GF00005564		DBVPG3775_005790-T1
GF00005565	TFCN152A1_008251-T1	
GF00005566	TFCN152A1_005024-T1	
GF00005567		DBVPG3775_004669-T1
GF00005568		DBVPG3775_006237-T1
